timestamp,minute_start,session_id,open,high,low,close,volume
2025-07-01 00:14:59.968000+00:00,2025-07-01 00:00:00+00:00,continuous,107087.3,107314.3,107036.7,107277.5,81780130.90000027
2025-07-01 00:29:59.540000+00:00,2025-07-01 00:15:00+00:00,continuous,107277.5,107408.2,107095.1,107111.4,177011185.81250036
2025-07-01 00:44:59.753000+00:00,2025-07-01 00:30:00+00:00,continuous,107111.4,107250.0,106972.9,107240.2,85324826.94309989
2025-07-01 00:59:59.421000+00:00,2025-07-01 00:45:00+00:00,continuous,107240.2,107342.9,107233.0,107327.8,33444970.881699976
2025-07-01 01:14:59.691000+00:00,2025-07-01 01:00:00+00:00,continuous,107327.9,107450.0,107239.8,107432.4,89462231.90010032
2025-07-01 01:29:58.493000+00:00,2025-07-01 01:15:00+00:00,continuous,107432.4,107499.9,107331.3,107359.9,48905352.28000011
2025-07-01 01:44:59.979000+00:00,2025-07-01 01:30:00+00:00,continuous,107360.0,107473.1,107253.4,107278.6,39050677.09170013
2025-07-01 01:59:59.746000+00:00,2025-07-01 01:45:00+00:00,continuous,107278.7,107336.5,107119.2,107171.8,55672782.84020011
2025-07-01 02:14:59.785000+00:00,2025-07-01 02:00:00+00:00,continuous,107171.7,107266.2,107128.8,107233.0,43414163.57740004
2025-07-01 02:29:59.469000+00:00,2025-07-01 02:15:00+00:00,continuous,107232.9,107290.0,107175.2,107281.6,32077762.978399966
2025-07-01 02:44:59.953000+00:00,2025-07-01 02:30:00+00:00,continuous,107281.6,107365.8,107198.8,107220.5,55951926.95099998
2025-07-01 02:59:59.471000+00:00,2025-07-01 02:45:00+00:00,continuous,107220.6,107220.6,107038.4,107050.1,60657102.83820001
2025-07-01 03:14:59.490000+00:00,2025-07-01 03:00:00+00:00,continuous,107050.0,107120.6,107028.0,107059.1,65745700.980299905
2025-07-01 03:29:59.461000+00:00,2025-07-01 03:15:00+00:00,continuous,107059.0,107172.4,107022.0,107169.0,66655264.15509991
2025-07-01 03:44:59.968000+00:00,2025-07-01 03:30:00+00:00,continuous,107168.9,107169.0,107105.2,107105.7,29456952.63480003
2025-07-01 03:59:59.469000+00:00,2025-07-01 03:45:00+00:00,continuous,107105.6,107176.1,107058.2,107149.4,35538969.58490008
2025-07-01 04:14:59.184000+00:00,2025-07-01 04:00:00+00:00,continuous,107149.4,107164.5,107133.9,107144.5,27820836.08580013
2025-07-01 04:29:59.763000+00:00,2025-07-01 04:15:00+00:00,continuous,107144.5,107144.5,107025.0,107035.7,69162211.56809965
2025-07-01 04:44:59.850000+00:00,2025-07-01 04:30:00+00:00,continuous,107035.6,107059.0,107000.0,107000.0,48629712.73360016
2025-07-01 04:59:59.470000+00:00,2025-07-01 04:45:00+00:00,continuous,107000.1,107000.1,106809.3,106836.3,193559774.20859984
2025-07-01 05:14:59.876000+00:00,2025-07-01 05:00:00+00:00,continuous,106836.3,106890.2,106711.4,106745.7,145103139.34279957
2025-07-01 05:29:59.933000+00:00,2025-07-01 05:15:00+00:00,continuous,106745.7,106800.0,106691.1,106703.1,109866452.54750006
2025-07-01 05:44:59.733000+00:00,2025-07-01 05:30:00+00:00,continuous,106703.1,106860.4,106691.0,106790.3,93399041.17510043
2025-07-01 05:59:59.818000+00:00,2025-07-01 05:45:00+00:00,continuous,106790.3,106920.6,106727.1,106891.1,80046482.87560016
2025-07-01 06:14:59.908000+00:00,2025-07-01 06:00:00+00:00,continuous,106891.0,106891.1,106688.0,106730.8,98666679.12469922
2025-07-01 06:29:59.508000+00:00,2025-07-01 06:15:00+00:00,continuous,106730.7,106816.3,106705.8,106720.1,51172665.80190008
2025-07-01 06:44:59.651000+00:00,2025-07-01 06:30:00+00:00,continuous,106720.0,106788.0,106707.4,106777.1,52579324.63000005
2025-07-01 06:59:59.533000+00:00,2025-07-01 06:45:00+00:00,continuous,106777.0,106851.5,106767.7,106844.7,70099990.87910014
2025-07-01 07:14:59.805000+00:00,2025-07-01 07:00:00+00:00,continuous,106844.6,106968.2,106844.6,106874.5,90385296.61529991
2025-07-01 07:29:59.879000+00:00,2025-07-01 07:15:00+00:00,continuous,106874.4,106898.5,106557.4,106858.2,250815397.61870003
2025-07-01 07:44:59.719000+00:00,2025-07-01 07:30:00+00:00,continuous,106858.2,106988.5,106837.8,106900.0,131821346.18209992
2025-07-01 07:59:59.974000+00:00,2025-07-01 07:45:00+00:00,continuous,106899.9,107146.3,106869.6,107134.9,185462936.5778007
2025-07-01 08:14:59.778000+00:00,2025-07-01 08:00:00+00:00,continuous,107134.8,107139.1,106851.6,106860.0,107630341.06269994
2025-07-01 08:29:59.846000+00:00,2025-07-01 08:15:00+00:00,continuous,106859.9,106913.1,106850.1,106872.3,50766716.18189987
2025-07-01 08:44:59.814000+00:00,2025-07-01 08:30:00+00:00,continuous,106872.4,106902.4,106688.0,106697.0,69578751.65070005
2025-07-01 08:59:59.960000+00:00,2025-07-01 08:45:00+00:00,continuous,106697.0,106722.0,106631.2,106666.0,67203395.62250002
2025-07-01 09:14:59.806000+00:00,2025-07-01 09:00:00+00:00,continuous,106666.1,106749.9,106623.9,106658.3,80284875.5225
2025-07-01 09:29:59.960000+00:00,2025-07-01 09:15:00+00:00,continuous,106658.3,106674.0,106538.1,106640.6,107965724.75259998
2025-07-01 09:44:59.977000+00:00,2025-07-01 09:30:00+00:00,continuous,106640.6,106640.6,106452.8,106469.4,163499177.9114009
2025-07-01 09:59:59.930000+00:00,2025-07-01 09:45:00+00:00,continuous,106469.5,106554.6,106444.0,106502.5,82751709.43899992
2025-07-01 10:14:59.588000+00:00,2025-07-01 10:00:00+00:00,continuous,106502.5,106588.4,106452.5,106452.5,86866359.54330038
2025-07-01 10:29:59.963000+00:00,2025-07-01 10:15:00+00:00,continuous,106452.5,106512.8,106417.0,106417.0,73268576.65359996
2025-07-01 10:44:59.274000+00:00,2025-07-01 10:30:00+00:00,continuous,106416.9,106451.4,106300.3,106326.1,176884182.9301006
2025-07-01 10:59:59.925000+00:00,2025-07-01 10:45:00+00:00,continuous,106326.0,106450.0,106222.0,106438.5,248941308.03909934
2025-07-01 11:14:59.965000+00:00,2025-07-01 11:00:00+00:00,continuous,106438.5,106543.9,106278.7,106278.7,139317782.0282002
2025-07-01 11:29:59.421000+00:00,2025-07-01 11:15:00+00:00,continuous,106278.7,106460.0,106261.0,106446.2,94421745.50290021
2025-07-01 11:44:59.175000+00:00,2025-07-01 11:30:00+00:00,continuous,106446.1,106584.2,106446.1,106495.1,108398297.75720012
2025-07-01 11:59:59.790000+00:00,2025-07-01 11:45:00+00:00,continuous,106495.0,106560.0,106457.0,106556.8,49661605.70979996
2025-07-01 12:14:58.844000+00:00,2025-07-01 12:00:00+00:00,continuous,106556.8,106656.5,106503.3,106523.1,97819232.43260005
2025-07-01 12:29:59.834000+00:00,2025-07-01 12:15:00+00:00,continuous,106523.2,106523.2,106308.0,106358.2,113363678.12009943
2025-07-01 12:44:59.551000+00:00,2025-07-01 12:30:00+00:00,continuous,106358.1,106451.2,106340.7,106365.1,80966724.70259947
2025-07-01 12:59:59.780000+00:00,2025-07-01 12:45:00+00:00,continuous,106365.2,106440.4,106325.3,106367.3,52536558.95130008
2025-07-01 13:14:59.411000+00:00,2025-07-01 13:00:00+00:00,continuous,106367.4,106507.6,106312.4,106431.2,77948526.7048
2025-07-01 13:29:59.925000+00:00,2025-07-01 13:15:00+00:00,continuous,106431.2,106588.0,106416.5,106584.7,104522421.77230054
2025-07-01 13:44:59.988000+00:00,2025-07-01 13:30:00+00:00,continuous,106584.7,106831.4,106233.5,106370.1,371713826.03910047
2025-07-01 13:59:59.747000+00:00,2025-07-01 13:45:00+00:00,continuous,106370.2,106823.1,106341.1,106766.0,250458250.66520038
2025-07-01 14:14:59.628000+00:00,2025-07-01 14:00:00+00:00,continuous,106766.0,107096.7,106710.8,107072.0,369056240.00769806
2025-07-01 14:29:59.886000+00:00,2025-07-01 14:15:00+00:00,continuous,107071.9,107140.7,106407.4,106487.0,394940249.12120014
2025-07-01 14:44:59.995000+00:00,2025-07-01 14:30:00+00:00,continuous,106486.9,106650.0,105907.1,105986.1,766186687.4932985
2025-07-01 14:59:59.899000+00:00,2025-07-01 14:45:00+00:00,continuous,105986.0,105991.3,105643.5,105862.6,1029525287.6295128
2025-07-01 15:14:59.994000+00:00,2025-07-01 15:00:00+00:00,continuous,105862.5,106054.3,105578.0,105619.6,476655334.8103975
2025-07-01 15:29:59.939000+00:00,2025-07-01 15:15:00+00:00,continuous,105619.5,105933.4,105603.9,105925.0,220444878.7164001
2025-07-01 15:44:59.556000+00:00,2025-07-01 15:30:00+00:00,continuous,105925.0,106162.0,105803.0,105904.6,309185081.38189965
2025-07-01 15:59:59.863000+00:00,2025-07-01 15:45:00+00:00,continuous,105904.6,105985.0,105850.0,105908.3,94927015.54259972
2025-07-01 16:14:59.986000+00:00,2025-07-01 16:00:00+00:00,continuous,105908.3,106233.0,105780.9,106196.9,178971307.25300094
2025-07-01 16:29:59.954000+00:00,2025-07-01 16:15:00+00:00,continuous,106197.0,106222.0,106001.9,106157.1,107057980.2227996
2025-07-01 16:44:59.843000+00:00,2025-07-01 16:30:00+00:00,continuous,106157.0,106158.6,106037.2,106109.6,72884691.03819963
2025-07-01 16:59:59.735000+00:00,2025-07-01 16:45:00+00:00,continuous,106109.7,106134.9,105905.6,106041.1,122342181.5900999
2025-07-01 17:14:59.596000+00:00,2025-07-01 17:00:00+00:00,continuous,106041.2,106188.8,105850.0,106095.1,122853563.93319954
2025-07-01 17:29:59.789000+00:00,2025-07-01 17:15:00+00:00,continuous,106095.2,106240.0,106073.9,106157.3,81616700.33830003
2025-07-01 17:44:59.657000+00:00,2025-07-01 17:30:00+00:00,continuous,106157.3,106234.7,106029.5,106197.9,47292720.41730005
2025-07-01 17:59:59.919000+00:00,2025-07-01 17:45:00+00:00,continuous,106197.8,106248.6,106093.0,106200.2,56208761.4390001
2025-07-01 18:14:59.470000+00:00,2025-07-01 18:00:00+00:00,continuous,106200.2,106220.0,106080.0,106098.3,53105812.65230021
2025-07-01 18:29:59.921000+00:00,2025-07-01 18:15:00+00:00,continuous,106098.3,106098.4,105744.5,105800.4,234036886.6859995
2025-07-01 18:44:59.742000+00:00,2025-07-01 18:30:00+00:00,continuous,105800.3,105878.7,105750.4,105824.4,89988331.63740015
2025-07-01 18:59:59.884000+00:00,2025-07-01 18:45:00+00:00,continuous,105824.4,105854.7,105628.6,105692.4,121874218.2688996
2025-07-01 19:14:59.873000+00:00,2025-07-01 19:00:00+00:00,continuous,105692.4,105692.4,105398.7,105605.6,476825634.4144024
2025-07-01 19:29:59.676000+00:00,2025-07-01 19:15:00+00:00,continuous,105605.6,105757.3,105529.3,105688.3,94580180.03390002
2025-07-01 19:44:59.989000+00:00,2025-07-01 19:30:00+00:00,continuous,105688.3,105720.8,105333.0,105401.4,330624343.8205026
2025-07-01 19:59:59.940000+00:00,2025-07-01 19:45:00+00:00,continuous,105401.4,105568.2,105333.0,105340.1,107927760.74080005
2025-07-01 20:14:59.462000+00:00,2025-07-01 20:00:00+00:00,continuous,105340.1,105505.2,105182.6,105399.5,307458343.7669002
2025-07-01 20:29:59.618000+00:00,2025-07-01 20:15:00+00:00,continuous,105399.4,105587.7,105399.4,105587.1,75629122.63090001
2025-07-01 20:44:59.928000+00:00,2025-07-01 20:30:00+00:00,continuous,105587.7,105718.0,105587.6,105690.9,66093121.94279972
2025-07-01 20:59:59.472000+00:00,2025-07-01 20:45:00+00:00,continuous,105690.9,105946.3,105686.6,105860.1,117335697.64319977
2025-07-01 21:14:59.680000+00:00,2025-07-01 21:00:00+00:00,continuous,105860.0,105860.1,105689.5,105839.7,64076845.091000356
2025-07-01 21:29:59.757000+00:00,2025-07-01 21:15:00+00:00,continuous,105839.6,106066.1,105812.4,105930.9,95290370.25029981
2025-07-01 21:44:59.789000+00:00,2025-07-01 21:30:00+00:00,continuous,105930.9,105930.9,105771.7,105784.5,56352657.259500146
2025-07-01 21:59:59.871000+00:00,2025-07-01 21:45:00+00:00,continuous,105784.5,105786.8,105686.1,105732.7,32591598.10769988
2025-07-01 22:14:59.523000+00:00,2025-07-01 22:00:00+00:00,continuous,105732.6,105866.6,105672.7,105776.9,56399434.594599955
2025-07-01 22:29:59.191000+00:00,2025-07-01 22:15:00+00:00,continuous,105776.9,105815.0,105669.6,105670.0,32191896.975499973
2025-07-01 22:44:59.723000+00:00,2025-07-01 22:30:00+00:00,continuous,105670.0,105784.9,105571.5,105745.1,54534819.85939965
2025-07-01 22:59:59.705000+00:00,2025-07-01 22:45:00+00:00,continuous,105745.1,105770.0,105550.5,105575.0,38096351.78129997
2025-07-01 23:14:59.889000+00:00,2025-07-01 23:00:00+00:00,continuous,105575.0,105575.0,105304.5,105328.1,111144760.41170007
2025-07-01 23:29:59.990000+00:00,2025-07-01 23:15:00+00:00,continuous,105328.1,105488.4,105325.6,105455.0,64622426.92620017
2025-07-01 23:44:59.993000+00:00,2025-07-01 23:30:00+00:00,continuous,105455.1,105500.0,105390.4,105494.3,56799419.86460018
2025-07-01 23:59:59.704000+00:00,2025-07-01 23:45:00+00:00,continuous,105494.4,105658.8,105485.6,105637.9,55125187.82759983
2025-07-02 00:14:59.131000+00:00,2025-07-02 00:00:00+00:00,continuous,105637.9,105699.0,105550.6,105683.2,95026613.14190052
2025-07-02 00:29:59.996000+00:00,2025-07-02 00:15:00+00:00,continuous,105683.3,105738.0,105553.1,105578.3,67131485.75730006
2025-07-02 00:44:59.690000+00:00,2025-07-02 00:30:00+00:00,continuous,105578.4,105636.1,105508.3,105550.7,58356978.92249993
2025-07-02 00:59:59.557000+00:00,2025-07-02 00:45:00+00:00,continuous,105550.7,105550.7,105321.0,105336.2,134778825.97189957
2025-07-02 01:14:59.952000+00:00,2025-07-02 01:00:00+00:00,continuous,105336.1,105404.7,105324.5,105377.9,74140303.22799988
2025-07-02 01:29:59.776000+00:00,2025-07-02 01:15:00+00:00,continuous,105377.8,105589.5,105010.0,105576.4,290738760.418599
2025-07-02 01:44:59.943000+00:00,2025-07-02 01:30:00+00:00,continuous,105576.4,105731.6,105528.1,105724.3,107118187.77349985
2025-07-02 01:59:59.656000+00:00,2025-07-02 01:45:00+00:00,continuous,105724.2,105751.0,105601.8,105668.1,77157985.97260016
2025-07-02 02:14:59.896000+00:00,2025-07-02 02:00:00+00:00,continuous,105668.0,105744.0,105536.8,105545.7,58574010.12960025
2025-07-02 02:29:59.153000+00:00,2025-07-02 02:15:00+00:00,continuous,105545.6,105673.9,105478.4,105671.7,56772149.94479984
2025-07-02 02:44:59.470000+00:00,2025-07-02 02:30:00+00:00,continuous,105671.7,105673.9,105556.6,105657.4,40400484.79330005
2025-07-02 02:59:59.899000+00:00,2025-07-02 02:45:00+00:00,continuous,105657.4,105874.9,105641.0,105865.9,113880081.58389911
2025-07-02 03:14:59.811000+00:00,2025-07-02 03:00:00+00:00,continuous,105865.9,106045.3,105812.9,106012.1,173882551.30980015
2025-07-02 03:29:59.540000+00:00,2025-07-02 03:15:00+00:00,continuous,106012.1,106131.1,105950.0,106065.5,124283743.52609986
2025-07-02 03:44:59.974000+00:00,2025-07-02 03:30:00+00:00,continuous,106065.5,106164.5,106026.5,106120.0,82612678.44630031
2025-07-02 03:59:59.333000+00:00,2025-07-02 03:45:00+00:00,continuous,106119.9,106165.1,106058.0,106140.0,52062676.72930011
2025-07-02 04:14:59.772000+00:00,2025-07-02 04:00:00+00:00,continuous,106140.0,106179.1,106084.8,106157.0,66350840.11319985
2025-07-02 04:29:59.749000+00:00,2025-07-02 04:15:00+00:00,continuous,106157.0,106181.8,106074.2,106172.7,67401622.14339997
2025-07-02 04:44:59.938000+00:00,2025-07-02 04:30:00+00:00,continuous,106172.7,106220.0,106094.4,106204.2,58282968.685499884
2025-07-02 04:59:59.948000+00:00,2025-07-02 04:45:00+00:00,continuous,106204.2,106344.0,106144.5,106344.0,123108013.36180009
2025-07-02 05:14:59.591000+00:00,2025-07-02 05:00:00+00:00,continuous,106344.0,106344.0,106245.4,106266.7,74014524.80930015
2025-07-02 05:29:59.582000+00:00,2025-07-02 05:15:00+00:00,continuous,106266.8,106499.9,106266.8,106407.8,212121208.36669976
2025-07-02 05:44:59.839000+00:00,2025-07-02 05:30:00+00:00,continuous,106407.8,106573.8,106386.8,106529.9,145426379.54810065
2025-07-02 05:59:59.814000+00:00,2025-07-02 05:45:00+00:00,continuous,106529.9,106623.3,106527.3,106584.3,136634969.3237997
2025-07-02 06:14:59.860000+00:00,2025-07-02 06:00:00+00:00,continuous,106584.3,106760.1,106580.2,106708.9,210151540.721499
2025-07-02 06:29:59.655000+00:00,2025-07-02 06:15:00+00:00,continuous,106709.0,106795.7,106630.7,106685.5,147272401.7113001
2025-07-02 06:44:59.962000+00:00,2025-07-02 06:30:00+00:00,continuous,106685.5,106929.2,106685.5,106872.6,211574114.4458008
2025-07-02 06:59:59.976000+00:00,2025-07-02 06:45:00+00:00,continuous,106872.5,106965.0,106822.3,106964.4,140925356.1884992
2025-07-02 07:14:59.794000+00:00,2025-07-02 07:00:00+00:00,continuous,106964.5,106964.5,106857.9,106857.9,153896806.74039975
2025-07-02 07:29:59.708000+00:00,2025-07-02 07:15:00+00:00,continuous,106857.9,106893.0,106778.9,106817.3,164103079.56339943
2025-07-02 07:44:59.849000+00:00,2025-07-02 07:30:00+00:00,continuous,106817.3,107106.0,106815.6,107030.9,238815378.36880213
2025-07-02 07:59:59.869000+00:00,2025-07-02 07:45:00+00:00,continuous,107031.0,107144.4,107014.8,107026.0,133129387.12609956
2025-07-02 08:14:59.758000+00:00,2025-07-02 08:00:00+00:00,continuous,107026.1,107390.0,107026.1,107335.3,429119815.5694013
2025-07-02 08:29:59.932000+00:00,2025-07-02 08:15:00+00:00,continuous,107335.3,107635.0,107317.8,107596.4,408234101.6256973
2025-07-02 08:44:59.989000+00:00,2025-07-02 08:30:00+00:00,continuous,107596.3,107717.0,107500.0,107612.6,301590644.28029966
2025-07-02 08:59:59.896000+00:00,2025-07-02 08:45:00+00:00,continuous,107612.7,107700.8,107411.5,107691.6,387893711.15930146
2025-07-02 09:14:59.871000+00:00,2025-07-02 09:00:00+00:00,continuous,107691.5,107755.3,107532.5,107564.7,309708313.07189935
2025-07-02 09:29:59.888000+00:00,2025-07-02 09:15:00+00:00,continuous,107564.7,107650.0,107446.4,107490.5,182143019.96790025
2025-07-02 09:44:59.850000+00:00,2025-07-02 09:30:00+00:00,continuous,107490.5,107600.0,107476.1,107596.4,108250594.64289978
2025-07-02 09:59:59.789000+00:00,2025-07-02 09:45:00+00:00,continuous,107596.3,107654.4,107561.7,107591.4,77344284.14860032
2025-07-02 10:14:59.949000+00:00,2025-07-02 10:00:00+00:00,continuous,107591.4,107659.0,107562.8,107633.4,89680034.48949976
2025-07-02 10:29:59.757000+00:00,2025-07-02 10:15:00+00:00,continuous,107633.4,107750.0,107619.2,107698.7,99240565.99699987
2025-07-02 10:44:59.544000+00:00,2025-07-02 10:30:00+00:00,continuous,107698.7,107758.3,107674.5,107755.3,90060952.7221006
2025-07-02 10:59:59.969000+00:00,2025-07-02 10:45:00+00:00,continuous,107755.4,107799.9,107692.1,107784.8,107327682.55049989
2025-07-02 11:14:59.949000+00:00,2025-07-02 11:00:00+00:00,continuous,107784.8,107784.9,107709.9,107750.2,90233713.9381009
2025-07-02 11:29:59.451000+00:00,2025-07-02 11:15:00+00:00,continuous,107750.2,107750.2,107680.3,107690.9,78865454.33969946
2025-07-02 11:44:59.785000+00:00,2025-07-02 11:30:00+00:00,continuous,107690.8,107700.0,107457.4,107481.6,226229765.03369865
2025-07-02 11:59:59.996000+00:00,2025-07-02 11:45:00+00:00,continuous,107481.7,107481.7,107288.0,107439.6,250570442.84619915
2025-07-02 12:14:59.782000+00:00,2025-07-02 12:00:00+00:00,continuous,107439.7,107449.9,107311.3,107360.3,118762680.0347004
2025-07-02 12:29:59.821000+00:00,2025-07-02 12:15:00+00:00,continuous,107360.2,107360.3,107152.3,107270.9,215803507.74309963
2025-07-02 12:44:59.916000+00:00,2025-07-02 12:30:00+00:00,continuous,107270.8,107296.8,107132.3,107180.7,120331597.59069979
2025-07-02 12:59:59.617000+00:00,2025-07-02 12:45:00+00:00,continuous,107180.6,107387.2,107180.6,107333.1,130524511.31140086
2025-07-02 13:14:59.995000+00:00,2025-07-02 13:00:00+00:00,continuous,107333.1,107624.0,107227.3,107616.2,255846258.19260073
2025-07-02 13:29:59.732000+00:00,2025-07-02 13:15:00+00:00,continuous,107616.3,107629.6,107430.4,107502.2,130206864.78810014
2025-07-02 13:44:59.995000+00:00,2025-07-02 13:30:00+00:00,continuous,107502.2,107766.4,107335.6,107713.4,213370484.82209894
2025-07-02 13:59:59.977000+00:00,2025-07-02 13:45:00+00:00,continuous,107713.4,107950.0,107528.8,107724.0,429031165.6982002
2025-07-02 14:14:59.993000+00:00,2025-07-02 14:00:00+00:00,continuous,107724.1,107966.1,107678.2,107932.8,351763317.86920184
2025-07-02 14:29:59.922000+00:00,2025-07-02 14:15:00+00:00,continuous,107932.7,108011.7,107590.0,107781.9,467767689.7219017
2025-07-02 14:44:59.985000+00:00,2025-07-02 14:30:00+00:00,continuous,107781.8,108000.0,107680.0,107731.6,192994135.97870013
2025-07-02 14:59:59.962000+00:00,2025-07-02 14:45:00+00:00,continuous,107731.5,108127.1,107728.0,108096.5,357983911.3255029
2025-07-02 15:14:59.888000+00:00,2025-07-02 15:00:00+00:00,continuous,108096.4,108479.0,108061.9,108311.7,733630212.2940967
2025-07-02 15:29:59.938000+00:00,2025-07-02 15:15:00+00:00,continuous,108311.6,108478.8,108161.6,108223.9,293558074.94750047
2025-07-02 15:44:59.780000+00:00,2025-07-02 15:30:00+00:00,continuous,108223.9,108430.0,108132.0,108411.6,202207334.1343993
2025-07-02 15:59:59.867000+00:00,2025-07-02 15:45:00+00:00,continuous,108411.7,108754.6,108379.8,108695.3,419541931.5222023
2025-07-02 16:14:59.962000+00:00,2025-07-02 16:00:00+00:00,continuous,108695.4,109620.0,108603.9,109381.8,1848227225.1122074
2025-07-02 16:29:59.987000+00:00,2025-07-02 16:15:00+00:00,continuous,109381.8,109550.0,109067.9,109148.7,676152184.8451976
2025-07-02 16:44:59.837000+00:00,2025-07-02 16:30:00+00:00,continuous,109148.8,109510.6,109084.9,109450.9,397422129.0046992
2025-07-02 16:59:59.971000+00:00,2025-07-02 16:45:00+00:00,continuous,109451.0,109594.7,109255.5,109366.9,296684792.3408006
2025-07-02 17:14:59.854000+00:00,2025-07-02 17:00:00+00:00,continuous,109367.0,109567.0,109252.0,109378.6,368856830.2556008
2025-07-02 17:29:59.961000+00:00,2025-07-02 17:15:00+00:00,continuous,109378.6,109690.4,109312.7,109338.3,355101591.7324983
2025-07-02 17:44:59.905000+00:00,2025-07-02 17:30:00+00:00,continuous,109338.4,109368.7,108862.0,109075.6,496897557.64810085
2025-07-02 17:59:59.923000+00:00,2025-07-02 17:45:00+00:00,continuous,109075.6,109147.6,108779.7,109082.7,287701413.4057999
2025-07-02 18:14:59.598000+00:00,2025-07-02 18:00:00+00:00,continuous,109082.7,109190.6,108940.7,109072.3,181997268.4347006
2025-07-02 18:29:59.682000+00:00,2025-07-02 18:15:00+00:00,continuous,109072.2,109348.0,109066.4,109304.1,122590541.67660053
2025-07-02 18:44:59.892000+00:00,2025-07-02 18:30:00+00:00,continuous,109304.1,109358.0,109208.6,109309.5,68511484.5152999
2025-07-02 18:59:59.481000+00:00,2025-07-02 18:45:00+00:00,continuous,109309.4,109488.0,109277.2,109487.9,86059474.88419993
2025-07-02 19:14:59.643000+00:00,2025-07-02 19:00:00+00:00,continuous,109488.0,109524.0,109214.2,109343.0,154315276.59089935
2025-07-02 19:29:59.645000+00:00,2025-07-02 19:15:00+00:00,continuous,109343.0,109534.0,109280.0,109491.6,106722663.34280011
2025-07-02 19:44:59.608000+00:00,2025-07-02 19:30:00+00:00,continuous,109491.5,109501.3,109339.3,109378.2,83659678.5991999
2025-07-02 19:59:59.926000+00:00,2025-07-02 19:45:00+00:00,continuous,109378.1,109645.4,109232.8,109621.9,201261728.24499992
2025-07-02 20:14:59.712000+00:00,2025-07-02 20:00:00+00:00,continuous,109621.8,109621.9,109306.7,109393.5,103844162.70519982
2025-07-02 20:29:59.844000+00:00,2025-07-02 20:15:00+00:00,continuous,109393.5,109455.3,109162.8,109412.8,181962098.88970035
2025-07-02 20:44:59.827000+00:00,2025-07-02 20:30:00+00:00,continuous,109412.8,109427.3,109313.6,109321.2,47188627.267699815
2025-07-02 20:59:59.834000+00:00,2025-07-02 20:45:00+00:00,continuous,109321.1,109321.2,109082.7,109092.6,101464389.60139988
2025-07-02 21:14:59.547000+00:00,2025-07-02 21:00:00+00:00,continuous,109092.6,109207.2,109088.5,109162.7,75193849.97990023
2025-07-02 21:29:59.895000+00:00,2025-07-02 21:15:00+00:00,continuous,109162.8,109314.7,109154.6,109181.6,83437717.911
2025-07-02 21:44:59.724000+00:00,2025-07-02 21:30:00+00:00,continuous,109181.7,109300.2,109177.5,109200.0,103708365.17929997
2025-07-02 21:59:59.930000+00:00,2025-07-02 21:45:00+00:00,continuous,109199.9,109500.0,109199.9,109402.4,141766252.11719912
2025-07-02 22:14:59.858000+00:00,2025-07-02 22:00:00+00:00,continuous,109402.4,109470.1,109171.5,109234.8,112503104.47499911
2025-07-02 22:29:59.406000+00:00,2025-07-02 22:15:00+00:00,continuous,109234.9,109257.1,109165.0,109227.5,41027922.45590015
2025-07-02 22:44:59.762000+00:00,2025-07-02 22:30:00+00:00,continuous,109227.3,109373.0,109103.1,109138.4,98896109.99380039
2025-07-02 22:59:59.625000+00:00,2025-07-02 22:45:00+00:00,continuous,109138.4,109138.4,109054.3,109095.6,68668366.60529996
2025-07-02 23:14:59.923000+00:00,2025-07-02 23:00:00+00:00,continuous,109095.6,109133.4,109032.2,109078.3,67779632.64509994
2025-07-02 23:29:59.574000+00:00,2025-07-02 23:15:00+00:00,continuous,109078.4,109085.8,108900.0,108922.0,128232302.37519956
2025-07-02 23:44:59.972000+00:00,2025-07-02 23:30:00+00:00,continuous,108922.1,108959.3,108682.5,108689.9,240400580.91149846
2025-07-02 23:59:59.851000+00:00,2025-07-02 23:45:00+00:00,continuous,108689.8,108820.9,108689.8,108800.0,90785234.99470018
2025-07-03 00:14:59.959000+00:00,2025-07-03 00:00:00+00:00,continuous,108800.0,108949.8,108795.7,108859.6,148404039.9748994
2025-07-03 00:29:59.902000+00:00,2025-07-03 00:15:00+00:00,continuous,108859.5,108904.0,108671.0,108834.1,114884134.97480057
2025-07-03 00:44:59.924000+00:00,2025-07-03 00:30:00+00:00,continuous,108834.2,109071.4,108720.0,109071.0,112255080.97800024
2025-07-03 00:59:59.750000+00:00,2025-07-03 00:45:00+00:00,continuous,109071.1,109075.1,108850.0,108884.9,65495618.045699984
2025-07-03 01:14:59.096000+00:00,2025-07-03 01:00:00+00:00,continuous,108884.9,108934.1,108760.1,108889.8,58419099.36420014
2025-07-03 01:29:59.864000+00:00,2025-07-03 01:15:00+00:00,continuous,108889.9,109074.5,108886.3,109018.7,86425463.24160065
2025-07-03 01:44:59.957000+00:00,2025-07-03 01:30:00+00:00,continuous,109018.7,109073.4,108930.6,108948.5,57075981.37609974
2025-07-03 01:59:59.748000+00:00,2025-07-03 01:45:00+00:00,continuous,108948.6,109012.0,108935.1,108935.1,33531289.44420003
2025-07-03 02:14:59.663000+00:00,2025-07-03 02:00:00+00:00,continuous,108935.1,108935.2,108750.0,108783.0,95298784.41850024
2025-07-03 02:29:59.988000+00:00,2025-07-03 02:15:00+00:00,continuous,108783.0,108783.0,108517.6,108563.4,170179699.78169915
2025-07-03 02:44:59.893000+00:00,2025-07-03 02:30:00+00:00,continuous,108563.5,108604.0,108509.0,108515.1,80758671.44849987
2025-07-03 02:59:59.962000+00:00,2025-07-03 02:45:00+00:00,continuous,108515.1,108706.8,108480.6,108676.6,118290219.0063001
2025-07-03 03:14:59.191000+00:00,2025-07-03 03:00:00+00:00,continuous,108676.7,108720.5,108609.4,108623.1,48225439.8177002
2025-07-03 03:29:59.470000+00:00,2025-07-03 03:15:00+00:00,continuous,108623.1,108751.2,108575.3,108687.0,69170960.05400015
2025-07-03 03:44:59.929000+00:00,2025-07-03 03:30:00+00:00,continuous,108687.0,108777.0,108666.0,108744.5,72544084.86460018
2025-07-03 03:59:59.446000+00:00,2025-07-03 03:45:00+00:00,continuous,108744.5,108744.5,108575.0,108594.8,67911659.2345001
2025-07-03 04:14:59.668000+00:00,2025-07-03 04:00:00+00:00,continuous,108594.8,108770.7,108509.1,108764.9,101506582.39199974
2025-07-03 04:29:59.975000+00:00,2025-07-03 04:15:00+00:00,continuous,108764.9,108948.0,108764.8,108896.5,117672138.83710009
2025-07-03 04:44:59.850000+00:00,2025-07-03 04:30:00+00:00,continuous,108896.5,108940.4,108834.5,108838.8,68947190.10410018
2025-07-03 04:59:59.869000+00:00,2025-07-03 04:45:00+00:00,continuous,108838.8,108866.0,108701.2,108738.5,96942515.3712002
2025-07-03 05:14:59.936000+00:00,2025-07-03 05:00:00+00:00,continuous,108738.5,109229.4,108738.5,109036.5,260418449.53020108
2025-07-03 05:29:59.962000+00:00,2025-07-03 05:15:00+00:00,continuous,109036.6,109159.7,109027.1,109061.6,94567764.58680056
2025-07-03 05:44:59.833000+00:00,2025-07-03 05:30:00+00:00,continuous,109061.7,109288.0,109060.0,109199.0,207824878.31680003
2025-07-03 05:59:59.641000+00:00,2025-07-03 05:45:00+00:00,continuous,109199.0,109315.9,109147.2,109290.4,117682422.68800037
2025-07-03 06:14:59.637000+00:00,2025-07-03 06:00:00+00:00,continuous,109290.4,109378.0,109200.0,109214.6,111287082.50459991
2025-07-03 06:29:59.969000+00:00,2025-07-03 06:15:00+00:00,continuous,109214.6,109410.1,109214.6,109410.0,114668494.52149974
2025-07-03 06:44:59.758000+00:00,2025-07-03 06:30:00+00:00,continuous,109410.1,109410.1,109285.7,109394.8,62919555.963600054
2025-07-03 06:59:59.957000+00:00,2025-07-03 06:45:00+00:00,continuous,109394.8,109516.3,109373.6,109419.9,129498275.00989977
2025-07-03 07:14:59.964000+00:00,2025-07-03 07:00:00+00:00,continuous,109419.9,109420.0,109156.7,109163.4,115246847.86680023
2025-07-03 07:29:59.611000+00:00,2025-07-03 07:15:00+00:00,continuous,109163.4,109224.1,109092.4,109186.1,109328474.0983999
2025-07-03 07:44:59.633000+00:00,2025-07-03 07:30:00+00:00,continuous,109186.1,109383.8,109175.8,109255.0,91630956.60240044
2025-07-03 07:59:59.787000+00:00,2025-07-03 07:45:00+00:00,continuous,109255.0,109290.1,109232.5,109235.0,33483408.95640008
2025-07-03 08:14:59.845000+00:00,2025-07-03 08:00:00+00:00,continuous,109234.9,109473.0,109234.9,109352.7,117038937.6478997
2025-07-03 08:29:59.881000+00:00,2025-07-03 08:15:00+00:00,continuous,109352.6,109500.0,109341.6,109497.7,86684282.1062002
2025-07-03 08:44:59.469000+00:00,2025-07-03 08:30:00+00:00,continuous,109497.7,109530.2,109405.5,109475.8,114579036.81819998
2025-07-03 08:59:59.579000+00:00,2025-07-03 08:45:00+00:00,continuous,109475.8,109475.9,109323.0,109325.2,82919137.4432997
2025-07-03 09:14:59.966000+00:00,2025-07-03 09:00:00+00:00,continuous,109325.1,109628.6,109325.1,109585.6,143111499.15550017
2025-07-03 09:29:59.988000+00:00,2025-07-03 09:15:00+00:00,continuous,109585.7,109965.2,109573.1,109940.3,607711303.6039026
2025-07-03 09:44:59.924000+00:00,2025-07-03 09:30:00+00:00,continuous,109940.3,110265.1,109764.4,110217.1,634121454.3859057
2025-07-03 09:59:59.924000+00:00,2025-07-03 09:45:00+00:00,continuous,110217.2,110229.7,109843.6,109894.7,284597013.45679563
2025-07-03 10:14:59.027000+00:00,2025-07-03 10:00:00+00:00,continuous,109894.6,109965.6,109758.5,109902.0,140263745.3045993
2025-07-03 10:29:59.839000+00:00,2025-07-03 10:15:00+00:00,continuous,109902.0,109902.1,109558.2,109697.4,198695631.1783002
2025-07-03 10:44:59.961000+00:00,2025-07-03 10:30:00+00:00,continuous,109697.4,109781.0,109646.5,109735.3,83255887.61299992
2025-07-03 10:59:59.653000+00:00,2025-07-03 10:45:00+00:00,continuous,109735.3,109832.1,109631.2,109794.7,74210081.18919925
2025-07-03 11:14:59.264000+00:00,2025-07-03 11:00:00+00:00,continuous,109794.7,109799.8,109591.5,109607.5,71437266.16290015
2025-07-03 11:29:59.740000+00:00,2025-07-03 11:15:00+00:00,continuous,109607.4,109688.6,109588.0,109588.0,67103744.71519981
2025-07-03 11:44:59.921000+00:00,2025-07-03 11:30:00+00:00,continuous,109588.0,109680.2,109538.4,109617.2,105943869.13799971
2025-07-03 11:59:59.554000+00:00,2025-07-03 11:45:00+00:00,continuous,109617.1,109654.7,109543.0,109551.0,45001464.02819987
2025-07-03 12:14:59.974000+00:00,2025-07-03 12:00:00+00:00,continuous,109551.1,109595.0,109420.0,109524.1,192545429.2293002
2025-07-03 12:29:59.657000+00:00,2025-07-03 12:15:00+00:00,continuous,109524.0,109585.8,109510.2,109580.8,83196959.67389971
2025-07-03 12:44:59.980000+00:00,2025-07-03 12:30:00+00:00,continuous,109580.8,109920.0,108756.0,108908.9,1184010454.2921956
2025-07-03 12:59:59.816000+00:00,2025-07-03 12:45:00+00:00,continuous,108908.9,109158.6,108706.0,109119.9,420212845.5183007
2025-07-03 13:14:59.905000+00:00,2025-07-03 13:00:00+00:00,continuous,109120.0,109333.3,109071.9,109280.2,277051151.2873008
2025-07-03 13:29:59.991000+00:00,2025-07-03 13:15:00+00:00,continuous,109280.2,109333.3,109160.4,109262.6,122121892.489399
2025-07-03 13:44:59.939000+00:00,2025-07-03 13:30:00+00:00,continuous,109262.5,110071.4,109257.0,110035.0,802689749.9308039
2025-07-03 13:59:59.895000+00:00,2025-07-03 13:45:00+00:00,continuous,110035.0,110484.0,109839.0,110220.3,1027339779.6413078
2025-07-03 14:14:59.920000+00:00,2025-07-03 14:00:00+00:00,continuous,110220.3,110450.0,109846.2,109903.9,575970484.5421966
2025-07-03 14:29:59.876000+00:00,2025-07-03 14:15:00+00:00,continuous,109904.0,110318.5,109787.2,109850.0,357493962.61859655
2025-07-03 14:44:59.179000+00:00,2025-07-03 14:30:00+00:00,continuous,109850.0,109898.3,109546.7,109813.0,379720862.6204996
2025-07-03 14:59:59.874000+00:00,2025-07-03 14:45:00+00:00,continuous,109812.9,109822.8,109501.1,109670.0,209477270.3389008
2025-07-03 15:14:59.933000+00:00,2025-07-03 15:00:00+00:00,continuous,109669.9,109792.9,109280.4,109417.0,313084895.8159014
2025-07-03 15:29:59.567000+00:00,2025-07-03 15:15:00+00:00,continuous,109417.1,109617.1,109244.9,109508.9,202347994.3228996
2025-07-03 15:44:59.996000+00:00,2025-07-03 15:30:00+00:00,continuous,109508.9,109580.0,109049.4,109237.6,296886023.6929
2025-07-03 15:59:59.752000+00:00,2025-07-03 15:45:00+00:00,continuous,109237.6,109265.2,109043.9,109089.8,182598957.75470114
2025-07-03 16:14:59.692000+00:00,2025-07-03 16:00:00+00:00,continuous,109089.9,109320.0,108966.0,109285.2,287404016.5941996
2025-07-03 16:29:59.728000+00:00,2025-07-03 16:15:00+00:00,continuous,109285.2,109285.2,109033.2,109127.3,162740443.16069886
2025-07-03 16:44:59.926000+00:00,2025-07-03 16:30:00+00:00,continuous,109127.4,109356.0,109100.0,109322.7,132024675.42369986
2025-07-03 16:59:59.961000+00:00,2025-07-03 16:45:00+00:00,continuous,109322.7,109639.9,109125.0,109236.6,334267859.37240154
2025-07-03 17:14:59.996000+00:00,2025-07-03 17:00:00+00:00,continuous,109236.7,109525.1,109220.0,109525.1,117842901.88380048
2025-07-03 17:29:59.581000+00:00,2025-07-03 17:15:00+00:00,continuous,109525.1,109614.7,109366.8,109402.8,103367446.34779988
2025-07-03 17:44:59.580000+00:00,2025-07-03 17:30:00+00:00,continuous,109402.9,109517.6,109402.9,109502.4,44409920.90060033
2025-07-03 17:59:59.397000+00:00,2025-07-03 17:45:00+00:00,continuous,109502.5,109587.0,109483.5,109504.8,55549289.52760011
2025-07-03 18:14:59.647000+00:00,2025-07-03 18:00:00+00:00,continuous,109504.8,109688.8,109268.1,109427.9,126574199.30320077
2025-07-03 18:29:59.853000+00:00,2025-07-03 18:15:00+00:00,continuous,109428.0,109573.0,109287.1,109572.9,80235064.72710034
2025-07-03 18:44:59.675000+00:00,2025-07-03 18:30:00+00:00,continuous,109573.0,109611.2,109425.8,109558.0,94044471.46029922
2025-07-03 18:59:59.892000+00:00,2025-07-03 18:45:00+00:00,continuous,109558.0,109637.9,109488.8,109637.8,44574430.998100124
2025-07-03 19:14:59.759000+00:00,2025-07-03 19:00:00+00:00,continuous,109637.8,109825.0,109581.5,109749.8,157665680.02110034
2025-07-03 19:29:59.948000+00:00,2025-07-03 19:15:00+00:00,continuous,109749.8,109865.9,109709.5,109824.9,74783963.71959977
2025-07-03 19:44:59.547000+00:00,2025-07-03 19:30:00+00:00,continuous,109824.9,109825.0,109620.8,109771.3,63969281.72389957
2025-07-03 19:59:59.701000+00:00,2025-07-03 19:45:00+00:00,continuous,109771.3,109771.3,109628.0,109743.9,50789718.2912001
2025-07-03 20:14:59.643000+00:00,2025-07-03 20:00:00+00:00,continuous,109743.8,109854.2,109743.8,109766.2,58181064.21459997
2025-07-03 20:29:59.531000+00:00,2025-07-03 20:15:00+00:00,continuous,109766.2,109864.8,109711.2,109825.7,45814602.0350996
2025-07-03 20:44:59.377000+00:00,2025-07-03 20:30:00+00:00,continuous,109825.7,109873.8,109782.5,109859.2,35637935.37820014
2025-07-03 20:59:59.983000+00:00,2025-07-03 20:45:00+00:00,continuous,109859.1,109909.9,109792.9,109902.8,63833842.0126998
2025-07-03 21:14:59.533000+00:00,2025-07-03 21:00:00+00:00,continuous,109902.8,109963.1,109677.6,109729.2,113206636.10300054
2025-07-03 21:29:59.907000+00:00,2025-07-03 21:15:00+00:00,continuous,109729.2,109829.0,109640.6,109726.0,65700701.96739986
2025-07-03 21:44:59.903000+00:00,2025-07-03 21:30:00+00:00,continuous,109725.9,109754.3,109631.3,109745.6,82486285.36239977
2025-07-03 21:59:59.472000+00:00,2025-07-03 21:45:00+00:00,continuous,109745.6,109793.5,109691.1,109744.9,26376899.90940002
2025-07-03 22:14:59.853000+00:00,2025-07-03 22:00:00+00:00,continuous,109745.0,109828.8,109640.0,109642.1,48621238.580499455
2025-07-03 22:29:59.440000+00:00,2025-07-03 22:15:00+00:00,continuous,109642.0,109696.0,109610.0,109639.2,52665108.30429977
2025-07-03 22:44:59.928000+00:00,2025-07-03 22:30:00+00:00,continuous,109639.2,109742.2,109635.5,109674.2,30680950.332100097
2025-07-03 22:59:59.326000+00:00,2025-07-03 22:45:00+00:00,continuous,109674.1,109681.4,109597.6,109656.0,45101517.71489988
2025-07-03 23:14:59.555000+00:00,2025-07-03 23:00:00+00:00,continuous,109656.0,109777.7,109590.8,109613.1,62543491.82379962
2025-07-03 23:29:59.558000+00:00,2025-07-03 23:15:00+00:00,continuous,109613.1,109613.1,109488.8,109560.3,57040356.141499974
2025-07-03 23:44:59.576000+00:00,2025-07-03 23:30:00+00:00,continuous,109560.2,109576.0,109497.7,109527.0,31114476.110999987
2025-07-03 23:59:59.122000+00:00,2025-07-03 23:45:00+00:00,continuous,109526.9,109574.8,109516.2,109545.2,26944813.562299892
2025-07-04 00:14:59.887000+00:00,2025-07-04 00:00:00+00:00,continuous,109545.1,109588.0,109500.1,109578.1,56789633.994799726
2025-07-04 00:29:59.312000+00:00,2025-07-04 00:15:00+00:00,continuous,109578.1,109578.1,109396.9,109443.5,77132272.55119945
2025-07-04 00:44:59.785000+00:00,2025-07-04 00:30:00+00:00,continuous,109443.6,109662.5,109443.5,109612.8,50718139.37010017
2025-07-04 00:59:59.744000+00:00,2025-07-04 00:45:00+00:00,continuous,109612.8,109665.6,109318.4,109422.5,70563301.28110017
2025-07-04 01:14:59.998000+00:00,2025-07-04 01:00:00+00:00,continuous,109422.4,109563.8,109393.4,109516.0,79016463.02880009
2025-07-04 01:29:59.886000+00:00,2025-07-04 01:15:00+00:00,continuous,109516.0,109732.3,109513.0,109591.9,73781570.91549999
2025-07-04 01:44:59.648000+00:00,2025-07-04 01:30:00+00:00,continuous,109591.9,109668.6,109465.2,109476.8,60941630.275900066
2025-07-04 01:59:59.555000+00:00,2025-07-04 01:45:00+00:00,continuous,109476.9,109508.0,109450.1,109455.0,48243580.49869997
2025-07-04 02:14:59.388000+00:00,2025-07-04 02:00:00+00:00,continuous,109455.0,109455.1,109337.8,109375.2,69198212.46630026
2025-07-04 02:29:59.788000+00:00,2025-07-04 02:15:00+00:00,continuous,109375.2,109390.0,109236.0,109300.7,67788309.27360009
2025-07-04 02:44:59.976000+00:00,2025-07-04 02:30:00+00:00,continuous,109300.8,109316.0,109069.8,109074.2,171635953.71509948
2025-07-04 02:59:59.455000+00:00,2025-07-04 02:45:00+00:00,continuous,109074.3,109218.5,109050.0,109138.0,95659613.90280052
2025-07-04 03:14:59.571000+00:00,2025-07-04 03:00:00+00:00,continuous,109138.0,109215.7,109069.0,109162.6,101424491.7171
2025-07-04 03:29:59.979000+00:00,2025-07-04 03:15:00+00:00,continuous,109162.7,109340.1,109151.6,109309.9,72318262.19830006
2025-07-04 03:44:59.947000+00:00,2025-07-04 03:30:00+00:00,continuous,109310.0,109323.6,109189.8,109255.4,42523016.145799935
2025-07-04 03:59:59.803000+00:00,2025-07-04 03:45:00+00:00,continuous,109255.3,109255.4,109180.0,109195.6,27814656.395299952
2025-07-04 04:14:59.415000+00:00,2025-07-04 04:00:00+00:00,continuous,109195.7,109254.7,109188.4,109223.4,42684605.30600009
2025-07-04 04:29:59.728000+00:00,2025-07-04 04:15:00+00:00,continuous,109223.3,109283.2,109137.4,109163.8,43670946.48640017
2025-07-04 04:44:59.608000+00:00,2025-07-04 04:30:00+00:00,continuous,109163.9,109171.2,109003.0,109023.1,109527881.0145002
2025-07-04 04:59:59.563000+00:00,2025-07-04 04:45:00+00:00,continuous,109023.1,109025.0,108904.6,108938.2,157465988.40370068
2025-07-04 05:14:59.398000+00:00,2025-07-04 05:00:00+00:00,continuous,108938.2,109119.9,108905.3,109066.9,122900374.53560033
2025-07-04 05:29:59.888000+00:00,2025-07-04 05:15:00+00:00,continuous,109067.0,109120.0,108900.1,109062.5,99966474.34830022
2025-07-04 05:44:59.722000+00:00,2025-07-04 05:30:00+00:00,continuous,109062.6,109170.4,109062.5,109078.1,101278916.28060047
2025-07-04 05:59:59.946000+00:00,2025-07-04 05:45:00+00:00,continuous,109078.0,109092.5,108866.0,108958.5,115161708.62769999
2025-07-04 06:14:59.787000+00:00,2025-07-04 06:00:00+00:00,continuous,108958.5,108985.6,108749.1,108763.2,168344023.60820067
2025-07-04 06:29:59.765000+00:00,2025-07-04 06:15:00+00:00,continuous,108763.1,108898.2,108749.4,108866.5,88027866.90919998
2025-07-04 06:44:59.984000+00:00,2025-07-04 06:30:00+00:00,continuous,108866.5,108943.0,108863.2,108882.3,51186135.13609975
2025-07-04 06:59:59.948000+00:00,2025-07-04 06:45:00+00:00,continuous,108882.3,108985.7,108869.0,108982.6,50443514.37600015
2025-07-04 07:14:59.153000+00:00,2025-07-04 07:00:00+00:00,continuous,108982.6,109105.6,108808.3,108833.3,114249861.27689964
2025-07-04 07:29:59.877000+00:00,2025-07-04 07:15:00+00:00,continuous,108833.2,108876.9,108702.1,108703.4,136747689.4007
2025-07-04 07:44:59.704000+00:00,2025-07-04 07:30:00+00:00,continuous,108703.5,108890.0,108703.4,108814.8,105776993.68699975
2025-07-04 07:59:59.865000+00:00,2025-07-04 07:45:00+00:00,continuous,108814.8,108831.2,108661.0,108661.0,177138731.21870095
2025-07-04 08:14:59.979000+00:00,2025-07-04 08:00:00+00:00,continuous,108661.1,108696.7,108527.0,108528.0,246647363.86530042
2025-07-04 08:29:59.782000+00:00,2025-07-04 08:15:00+00:00,continuous,108528.1,108777.0,108456.4,108750.5,276366600.3252003
2025-07-04 08:44:59.913000+00:00,2025-07-04 08:30:00+00:00,continuous,108750.5,108845.3,108665.8,108825.0,203007519.51009956
2025-07-04 08:59:59.306000+00:00,2025-07-04 08:45:00+00:00,continuous,108824.9,108825.0,108690.7,108710.0,63259033.34740028
2025-07-04 09:14:59.969000+00:00,2025-07-04 09:00:00+00:00,continuous,108710.0,108857.1,108710.0,108848.0,79802558.76599994
2025-07-04 09:29:59.775000+00:00,2025-07-04 09:15:00+00:00,continuous,108847.9,109011.2,108781.5,108987.0,223735239.19139948
2025-07-04 09:44:59.877000+00:00,2025-07-04 09:30:00+00:00,continuous,108987.0,109022.7,108891.2,109000.1,138152424.12209943
2025-07-04 09:59:59.855000+00:00,2025-07-04 09:45:00+00:00,continuous,109000.0,109000.1,108858.8,108946.7,69337990.91880018
2025-07-04 10:14:59.898000+00:00,2025-07-04 10:00:00+00:00,continuous,108946.6,109018.6,108931.2,108938.0,66439985.9821998
2025-07-04 10:29:59.967000+00:00,2025-07-04 10:15:00+00:00,continuous,108938.0,108957.7,108851.2,108899.7,47013026.563200116
2025-07-04 10:44:59.959000+00:00,2025-07-04 10:30:00+00:00,continuous,108899.7,109000.0,108810.0,108870.5,75677226.00599971
2025-07-04 10:59:59.998000+00:00,2025-07-04 10:45:00+00:00,continuous,108870.5,108906.7,108808.0,108849.1,43220372.91050035
2025-07-04 11:14:59.927000+00:00,2025-07-04 11:00:00+00:00,continuous,108849.1,109017.8,108849.1,108943.8,92744541.56360045
2025-07-04 11:29:59.879000+00:00,2025-07-04 11:15:00+00:00,continuous,108943.7,109071.1,108885.4,109044.2,70194515.01540002
2025-07-04 11:44:59.186000+00:00,2025-07-04 11:30:00+00:00,continuous,109044.1,109057.9,108941.4,108994.3,51406719.21910019
2025-07-04 11:59:59.752000+00:00,2025-07-04 11:45:00+00:00,continuous,108994.3,109004.6,108800.0,108842.3,62986404.79829992
2025-07-04 12:14:59.954000+00:00,2025-07-04 12:00:00+00:00,continuous,108842.2,108929.3,108808.9,108851.1,61854258.910199754
2025-07-04 12:29:59.898000+00:00,2025-07-04 12:15:00+00:00,continuous,108851.0,108875.4,108752.8,108811.6,96452805.71530034
2025-07-04 12:44:59.812000+00:00,2025-07-04 12:30:00+00:00,continuous,108811.5,108811.6,108688.0,108689.7,69767015.35919994
2025-07-04 12:59:59.939000+00:00,2025-07-04 12:45:00+00:00,continuous,108689.7,108732.7,108561.1,108684.7,147779618.96110058
2025-07-04 13:14:59.914000+00:00,2025-07-04 13:00:00+00:00,continuous,108684.6,108810.7,108574.5,108574.5,109709835.77970026
2025-07-04 13:29:59.481000+00:00,2025-07-04 13:15:00+00:00,continuous,108574.6,108647.7,108500.0,108546.6,137808532.9966002
2025-07-04 13:44:59.989000+00:00,2025-07-04 13:30:00+00:00,continuous,108546.6,108570.0,108260.3,108325.0,516901147.71999896
2025-07-04 13:59:59.924000+00:00,2025-07-04 13:45:00+00:00,continuous,108324.7,108342.0,107911.0,107918.7,937435046.5796916
2025-07-04 14:14:59.917000+00:00,2025-07-04 14:00:00+00:00,continuous,107918.7,108016.7,107518.1,107689.1,901125892.7867051
2025-07-04 14:29:59.886000+00:00,2025-07-04 14:15:00+00:00,continuous,107689.0,108066.0,107436.0,107986.1,863045460.9979932
2025-07-04 14:44:59.787000+00:00,2025-07-04 14:30:00+00:00,continuous,107986.0,107995.2,107703.5,107919.1,300525817.1949987
2025-07-04 14:59:59.762000+00:00,2025-07-04 14:45:00+00:00,continuous,107919.1,107919.2,107693.0,107762.5,212554597.59689856
2025-07-04 15:14:59.927000+00:00,2025-07-04 15:00:00+00:00,continuous,107762.6,107854.9,107572.6,107694.5,271495836.0922996
2025-07-04 15:29:59.657000+00:00,2025-07-04 15:15:00+00:00,continuous,107694.6,107900.0,107589.1,107814.9,293348056.20909977
2025-07-04 15:44:59.989000+00:00,2025-07-04 15:30:00+00:00,continuous,107814.8,107828.0,107594.5,107700.7,193153947.94939885
2025-07-04 15:59:59.996000+00:00,2025-07-04 15:45:00+00:00,continuous,107700.6,107745.9,107526.8,107534.7,176748109.6103996
2025-07-04 16:14:59.972000+00:00,2025-07-04 16:00:00+00:00,continuous,107534.6,107691.0,107400.0,107409.4,472188649.87669927
2025-07-04 16:29:59.800000+00:00,2025-07-04 16:15:00+00:00,continuous,107409.5,107588.1,107291.2,107483.5,452496984.14819854
2025-07-04 16:44:58.916000+00:00,2025-07-04 16:30:00+00:00,continuous,107483.4,107705.1,107365.3,107552.0,228445636.59990072
2025-07-04 16:59:59.677000+00:00,2025-07-04 16:45:00+00:00,continuous,107552.0,107678.0,107488.1,107593.2,156304939.9477993
2025-07-04 17:14:59.518000+00:00,2025-07-04 17:00:00+00:00,continuous,107593.2,107868.6,107581.7,107676.7,256920546.21590075
2025-07-04 17:29:59.825000+00:00,2025-07-04 17:15:00+00:00,continuous,107676.8,107813.8,107676.7,107706.5,153241930.73219997
2025-07-04 17:44:59.469000+00:00,2025-07-04 17:30:00+00:00,continuous,107706.5,107863.6,107655.8,107791.1,153874734.40440023
2025-07-04 17:59:59.977000+00:00,2025-07-04 17:45:00+00:00,continuous,107791.0,107841.0,107745.5,107824.2,92247679.65309992
2025-07-04 18:14:59.982000+00:00,2025-07-04 18:00:00+00:00,continuous,107824.9,107831.2,107734.8,107744.0,87743721.70349993
2025-07-04 18:29:59.727000+00:00,2025-07-04 18:15:00+00:00,continuous,107744.1,107751.2,107574.0,107594.8,108147436.06370017
2025-07-04 18:44:59.689000+00:00,2025-07-04 18:30:00+00:00,continuous,107594.7,107708.6,107594.7,107665.2,75308060.52949996
2025-07-04 18:59:59.892000+00:00,2025-07-04 18:45:00+00:00,continuous,107665.1,107755.0,107450.0,107450.0,201250717.9910005
2025-07-04 19:14:59.731000+00:00,2025-07-04 19:00:00+00:00,continuous,107450.1,107544.6,107268.0,107512.1,267974913.92520258
2025-07-04 19:29:59.862000+00:00,2025-07-04 19:15:00+00:00,continuous,107512.2,107607.5,107200.0,107237.2,190462366.01379967
2025-07-04 19:44:59.756000+00:00,2025-07-04 19:30:00+00:00,continuous,107237.2,107445.7,107225.4,107440.5,79684063.87460022
2025-07-04 19:59:59.900000+00:00,2025-07-04 19:45:00+00:00,continuous,107440.7,107481.6,107411.3,107429.6,66588306.08999983
2025-07-04 20:14:59.893000+00:00,2025-07-04 20:00:00+00:00,continuous,107429.6,107593.4,107385.9,107582.5,79900412.0548003
2025-07-04 20:29:59.992000+00:00,2025-07-04 20:15:00+00:00,continuous,107582.4,107732.8,107562.5,107694.3,140578270.20539916
2025-07-04 20:44:59.739000+00:00,2025-07-04 20:30:00+00:00,continuous,107694.3,107760.0,107659.8,107719.6,49139229.24219973
2025-07-04 20:59:59.864000+00:00,2025-07-04 20:45:00+00:00,continuous,107719.6,107719.7,107635.5,107635.6,47046136.53150005
2025-07-04 21:14:59.812000+00:00,2025-07-04 21:00:00+00:00,continuous,107635.6,107706.0,107635.5,107667.3,42661890.86749993
2025-07-04 21:29:59.729000+00:00,2025-07-04 21:15:00+00:00,continuous,107667.3,107777.0,107667.3,107775.8,65437968.73849991
2025-07-04 21:44:59.819000+00:00,2025-07-04 21:30:00+00:00,continuous,107775.8,107826.0,107690.1,107804.5,106490590.30259992
2025-07-04 21:59:59.632000+00:00,2025-07-04 21:45:00+00:00,continuous,107804.5,107897.7,107800.0,107859.5,101900914.90729946
2025-07-04 22:14:59.921000+00:00,2025-07-04 22:00:00+00:00,continuous,107859.5,108040.3,107830.7,107986.1,117592685.69599994
2025-07-04 22:29:59.631000+00:00,2025-07-04 22:15:00+00:00,continuous,107986.1,108123.0,107942.0,108074.2,155837495.57460085
2025-07-04 22:44:59.993000+00:00,2025-07-04 22:30:00+00:00,continuous,108074.2,108229.0,108074.1,108157.8,157147592.33600035
2025-07-04 22:59:59.626000+00:00,2025-07-04 22:45:00+00:00,continuous,108157.7,108200.0,108102.8,108197.9,59891748.59000009
2025-07-04 23:14:59.928000+00:00,2025-07-04 23:00:00+00:00,continuous,108197.9,108197.9,108027.6,108050.3,48961598.11560006
2025-07-04 23:29:59.834000+00:00,2025-07-04 23:15:00+00:00,continuous,108050.2,108081.0,107987.0,108049.9,43509125.13890016
2025-07-04 23:44:59.592000+00:00,2025-07-04 23:30:00+00:00,continuous,108049.9,108074.7,107884.5,107941.0,69956393.50489996
2025-07-04 23:59:59.470000+00:00,2025-07-04 23:45:00+00:00,continuous,107941.0,108000.0,107923.4,107935.4,37671874.77510007
2025-07-05 00:14:59.737000+00:00,2025-07-05 00:00:00+00:00,continuous,107935.3,107973.1,107883.1,107973.1,81665914.6552003
2025-07-05 00:29:59.627000+00:00,2025-07-05 00:15:00+00:00,continuous,107973.1,108086.0,107945.3,108026.2,50845525.05169987
2025-07-05 00:44:59.826000+00:00,2025-07-05 00:30:00+00:00,continuous,108026.1,108167.8,108000.0,108140.3,41887944.25739985
2025-07-05 00:59:59.851000+00:00,2025-07-05 00:45:00+00:00,continuous,108140.2,108178.5,108060.0,108133.2,45883691.26819959
2025-07-05 01:14:59.775000+00:00,2025-07-05 01:00:00+00:00,continuous,108133.1,108133.2,108010.4,108021.8,36142197.721899316
2025-07-05 01:29:59.956000+00:00,2025-07-05 01:15:00+00:00,continuous,108021.8,108021.9,107831.1,107879.4,74499975.2689999
2025-07-05 01:44:59.625000+00:00,2025-07-05 01:30:00+00:00,continuous,107879.5,107958.5,107843.5,107939.8,38526313.0262001
2025-07-05 01:59:59.614000+00:00,2025-07-05 01:45:00+00:00,continuous,107939.7,107939.8,107885.2,107939.8,17933776.73120005
2025-07-05 02:14:59.823000+00:00,2025-07-05 02:00:00+00:00,continuous,107939.7,107939.8,107742.8,107838.7,75518189.19939946
2025-07-05 02:29:59.958000+00:00,2025-07-05 02:15:00+00:00,continuous,107838.7,107900.0,107754.8,107754.9,36726713.10979991
2025-07-05 02:44:59.920000+00:00,2025-07-05 02:30:00+00:00,continuous,107754.9,107913.0,107688.3,107913.0,62898117.89969995
2025-07-05 02:59:59.912000+00:00,2025-07-05 02:45:00+00:00,continuous,107913.0,108045.5,107907.5,108018.6,57619305.38559984
2025-07-05 03:14:59.954000+00:00,2025-07-05 03:00:00+00:00,continuous,108018.6,108181.8,108018.5,108061.0,90619126.57450047
2025-07-05 03:29:59.933000+00:00,2025-07-05 03:15:00+00:00,continuous,108060.9,108199.9,108060.8,108199.9,58205784.781100184
2025-07-05 03:44:59.547000+00:00,2025-07-05 03:30:00+00:00,continuous,108199.9,108218.0,108066.6,108066.6,61164336.86239989
2025-07-05 03:59:59.685000+00:00,2025-07-05 03:45:00+00:00,continuous,108066.6,108135.9,108066.6,108093.5,24756102.967299964
2025-07-05 04:14:59.268000+00:00,2025-07-05 04:00:00+00:00,continuous,108093.4,108113.4,107976.2,108042.7,89729648.55229966
2025-07-05 04:29:59.880000+00:00,2025-07-05 04:15:00+00:00,continuous,108042.8,108350.3,108007.2,108328.3,122058458.02369985
2025-07-05 04:44:59.791000+00:00,2025-07-05 04:30:00+00:00,continuous,108328.4,108368.1,108174.3,108174.4,78690594.58569996
2025-07-05 04:59:59.942000+00:00,2025-07-05 04:45:00+00:00,continuous,108174.4,108181.9,108077.8,108077.8,28089660.605900005
2025-07-05 05:14:59.992000+00:00,2025-07-05 05:00:00+00:00,continuous,108077.8,108089.4,107981.2,108074.0,54327596.350100175
2025-07-05 05:29:59.476000+00:00,2025-07-05 05:15:00+00:00,continuous,108073.9,108088.6,108000.0,108071.7,38648146.85889984
2025-07-05 05:44:59.357000+00:00,2025-07-05 05:30:00+00:00,continuous,108071.7,108071.7,107954.5,108019.4,28125861.326200113
2025-07-05 05:59:58.760000+00:00,2025-07-05 05:45:00+00:00,continuous,108019.4,108125.0,108019.3,108082.5,27692520.24179995
2025-07-05 06:14:59.678000+00:00,2025-07-05 06:00:00+00:00,continuous,108082.6,108116.2,108010.7,108060.7,35161604.59609999
2025-07-05 06:29:59.103000+00:00,2025-07-05 06:15:00+00:00,continuous,108060.8,108200.0,108050.9,108167.2,51275725.49690009
2025-07-05 06:44:59.580000+00:00,2025-07-05 06:30:00+00:00,continuous,108167.3,108250.0,108143.8,108154.5,65274078.17279989
2025-07-05 06:59:59.440000+00:00,2025-07-05 06:45:00+00:00,continuous,108154.5,108249.9,108154.5,108228.0,33017786.832900025
2025-07-05 07:14:59.926000+00:00,2025-07-05 07:00:00+00:00,continuous,108228.1,108228.1,108090.6,108103.5,37508603.35330019
2025-07-05 07:29:59.565000+00:00,2025-07-05 07:15:00+00:00,continuous,108103.4,108110.3,108039.7,108093.8,47478438.12509993
2025-07-05 07:44:59.281000+00:00,2025-07-05 07:30:00+00:00,continuous,108093.9,108093.9,107985.2,107997.5,34625111.21199997
2025-07-05 07:59:59.776000+00:00,2025-07-05 07:45:00+00:00,continuous,107997.5,108000.9,107946.1,108000.9,47060195.5119999
2025-07-05 08:14:59.912000+00:00,2025-07-05 08:00:00+00:00,continuous,108000.8,108066.2,107947.1,108066.2,47415146.339699455
2025-07-05 08:29:59.727000+00:00,2025-07-05 08:15:00+00:00,continuous,108066.1,108074.0,107992.1,107999.2,21832283.605300117
2025-07-05 08:44:59.954000+00:00,2025-07-05 08:30:00+00:00,continuous,107999.3,107999.3,107874.5,107910.0,64928053.17039953
2025-07-05 08:59:59.237000+00:00,2025-07-05 08:45:00+00:00,continuous,107910.0,107980.0,107875.3,107974.4,34315124.20699989
2025-07-05 09:14:59.865000+00:00,2025-07-05 09:00:00+00:00,continuous,107974.5,107974.6,107845.8,107889.3,53761172.74859982
2025-07-05 09:29:59.457000+00:00,2025-07-05 09:15:00+00:00,continuous,107889.2,107889.3,107828.1,107881.5,57178543.31389993
2025-07-05 09:44:59.968000+00:00,2025-07-05 09:30:00+00:00,continuous,107881.4,107935.2,107843.8,107908.8,35283078.50869988
2025-07-05 09:59:59.879000+00:00,2025-07-05 09:45:00+00:00,continuous,107908.8,108087.8,107908.7,108033.6,53387423.118500106
2025-07-05 10:14:59.351000+00:00,2025-07-05 10:00:00+00:00,continuous,108033.5,108075.0,108010.0,108028.1,39780526.0311999
2025-07-05 10:29:59.489000+00:00,2025-07-05 10:15:00+00:00,continuous,108028.1,108093.2,108009.0,108087.1,32844653.781599816
2025-07-05 10:44:59.803000+00:00,2025-07-05 10:30:00+00:00,continuous,108087.1,108170.1,108086.0,108101.6,56910588.246800065
2025-07-05 10:59:59.235000+00:00,2025-07-05 10:45:00+00:00,continuous,108101.6,108139.9,108036.6,108036.7,32383120.42109991
2025-07-05 11:14:59.523000+00:00,2025-07-05 11:00:00+00:00,continuous,108036.7,108097.2,108036.6,108074.3,22282837.885000058
2025-07-05 11:29:59.706000+00:00,2025-07-05 11:15:00+00:00,continuous,108074.3,108135.1,108072.5,108111.6,26952748.154000085
2025-07-05 11:44:59.545000+00:00,2025-07-05 11:30:00+00:00,continuous,108111.7,108175.0,108111.7,108164.2,26347116.645700138
2025-07-05 11:59:59.908000+00:00,2025-07-05 11:45:00+00:00,continuous,108164.3,108164.3,108059.1,108059.1,30722154.679500032
2025-07-05 12:14:59.493000+00:00,2025-07-05 12:00:00+00:00,continuous,108059.2,108064.2,107934.4,107993.0,72123129.71340017
2025-07-05 12:29:59.990000+00:00,2025-07-05 12:15:00+00:00,continuous,107992.9,108019.9,107941.0,107961.7,38775005.35909995
2025-07-05 12:44:59.812000+00:00,2025-07-05 12:30:00+00:00,continuous,107961.6,108031.9,107908.8,108027.9,47073311.229500346
2025-07-05 12:59:59.862000+00:00,2025-07-05 12:45:00+00:00,continuous,108027.9,108110.8,108023.9,108106.1,32651173.985899944
2025-07-05 13:14:59.505000+00:00,2025-07-05 13:00:00+00:00,continuous,108106.0,108144.3,108073.2,108083.6,36022902.581199974
2025-07-05 13:29:59.214000+00:00,2025-07-05 13:15:00+00:00,continuous,108083.7,108194.4,108073.9,108156.8,37106399.70850019
2025-07-05 13:44:59.921000+00:00,2025-07-05 13:30:00+00:00,continuous,108156.8,108156.9,108055.9,108131.1,22460405.01880006
2025-07-05 13:59:59.531000+00:00,2025-07-05 13:45:00+00:00,continuous,108131.0,108131.1,108060.8,108077.5,20661422.140700012
2025-07-05 14:14:58.940000+00:00,2025-07-05 14:00:00+00:00,continuous,108077.5,108148.1,108043.1,108112.5,33134471.199399963
2025-07-05 14:29:59.882000+00:00,2025-07-05 14:15:00+00:00,continuous,108112.5,108180.0,108103.5,108140.1,30498805.25880004
2025-07-05 14:44:59.440000+00:00,2025-07-05 14:30:00+00:00,continuous,108140.1,108158.0,108080.6,108116.2,28917112.665500004
2025-07-05 14:59:59.814000+00:00,2025-07-05 14:45:00+00:00,continuous,108116.1,108150.0,108089.2,108150.0,23436857.627000052
2025-07-05 15:14:59.505000+00:00,2025-07-05 15:00:00+00:00,continuous,108149.9,108150.0,108121.7,108121.7,16119815.039299946
2025-07-05 15:29:59.637000+00:00,2025-07-05 15:15:00+00:00,continuous,108121.7,108121.8,108059.2,108059.3,36273040.864699975
2025-07-05 15:44:59.569000+00:00,2025-07-05 15:30:00+00:00,continuous,108059.3,108082.0,108023.4,108023.7,28646557.882699955
2025-07-05 15:59:59.550000+00:00,2025-07-05 15:45:00+00:00,continuous,108023.6,108037.9,107992.1,108012.7,46172312.56750011
2025-07-05 16:14:59.475000+00:00,2025-07-05 16:00:00+00:00,continuous,108012.6,108053.0,107952.2,107998.5,51179983.63650001
2025-07-05 16:29:59.995000+00:00,2025-07-05 16:15:00+00:00,continuous,107998.5,108046.9,107905.1,107911.7,60388483.373600505
2025-07-05 16:44:59.873000+00:00,2025-07-05 16:30:00+00:00,continuous,107911.6,107937.6,107809.2,107897.7,113014582.33019987
2025-07-05 16:59:59.719000+00:00,2025-07-05 16:45:00+00:00,continuous,107897.7,108070.0,107846.9,108059.3,75828021.24239968
2025-07-05 17:14:59.803000+00:00,2025-07-05 17:00:00+00:00,continuous,108059.4,108130.7,107958.6,107970.8,53702406.66450047
2025-07-05 17:29:59.681000+00:00,2025-07-05 17:15:00+00:00,continuous,107970.8,108000.0,107884.3,107960.0,40665730.66489977
2025-07-05 17:44:58.722000+00:00,2025-07-05 17:30:00+00:00,continuous,107960.0,108046.8,107922.2,108024.3,29269544.806900024
2025-07-05 17:59:59.927000+00:00,2025-07-05 17:45:00+00:00,continuous,108024.2,108046.7,107978.0,108044.8,19588974.447900057
2025-07-05 18:14:59.972000+00:00,2025-07-05 18:00:00+00:00,continuous,108044.9,108056.3,107950.1,107970.1,23425131.378299985
2025-07-05 18:29:58.938000+00:00,2025-07-05 18:15:00+00:00,continuous,107970.2,108000.0,107911.9,107928.9,29614870.638200022
2025-07-05 18:44:59.966000+00:00,2025-07-05 18:30:00+00:00,continuous,107928.9,107979.5,107911.2,107966.2,23825662.465900123
2025-07-05 18:59:59.860000+00:00,2025-07-05 18:45:00+00:00,continuous,107966.1,107984.7,107930.0,107942.2,17140907.336399987
2025-07-05 19:14:59.520000+00:00,2025-07-05 19:00:00+00:00,continuous,107942.2,107955.1,107900.0,107900.2,20849535.089199934
2025-07-05 19:29:59.847000+00:00,2025-07-05 19:15:00+00:00,continuous,107900.3,107999.6,107900.2,107999.6,25276866.219900064
2025-07-05 19:44:58.839000+00:00,2025-07-05 19:30:00+00:00,continuous,107999.5,108091.4,107987.7,108070.3,40843772.07310012
2025-07-05 19:59:59.031000+00:00,2025-07-05 19:45:00+00:00,continuous,108070.2,108124.9,108070.2,108092.1,40187157.49749987
2025-07-05 20:14:59.963000+00:00,2025-07-05 20:00:00+00:00,continuous,108092.2,108115.5,107970.3,107985.0,75710050.44649985
2025-07-05 20:29:59.320000+00:00,2025-07-05 20:15:00+00:00,continuous,107985.0,108022.1,107930.1,107930.2,21331332.41739999
2025-07-05 20:44:59.492000+00:00,2025-07-05 20:30:00+00:00,continuous,107930.2,108033.2,107930.1,108008.3,14130652.833799947
2025-07-05 20:59:59.045000+00:00,2025-07-05 20:45:00+00:00,continuous,108008.4,108079.0,108008.3,108036.6,17606928.59240008
2025-07-05 21:14:59.118000+00:00,2025-07-05 21:00:00+00:00,continuous,108036.6,108092.7,108011.5,108011.6,39438606.78279986
2025-07-05 21:29:58.541000+00:00,2025-07-05 21:15:00+00:00,continuous,108011.5,108084.1,108006.1,108037.5,21295024.989700038
2025-07-05 21:44:59.576000+00:00,2025-07-05 21:30:00+00:00,continuous,108037.5,108092.4,108003.5,108049.9,26749740.26479991
2025-07-05 21:59:58.970000+00:00,2025-07-05 21:45:00+00:00,continuous,108049.9,108097.8,108014.4,108028.8,18739127.195799984
2025-07-05 22:14:59.878000+00:00,2025-07-05 22:00:00+00:00,continuous,108028.7,108092.5,107997.7,108059.1,26543126.374500025
2025-07-05 22:29:59.547000+00:00,2025-07-05 22:15:00+00:00,continuous,108059.2,108093.7,108040.0,108079.9,14486430.807200061
2025-07-05 22:44:59.229000+00:00,2025-07-05 22:30:00+00:00,continuous,108080.0,108150.0,108036.8,108120.9,27430062.52600003
2025-07-05 22:59:59.490000+00:00,2025-07-05 22:45:00+00:00,continuous,108120.9,108149.9,108114.8,108131.3,21615585.759799883
2025-07-05 23:14:59.836000+00:00,2025-07-05 23:00:00+00:00,continuous,108131.3,108183.8,108131.3,108177.4,39143344.29520014
2025-07-05 23:29:59.954000+00:00,2025-07-05 23:15:00+00:00,continuous,108177.4,108177.5,108118.7,108158.9,25735200.5334001
2025-07-05 23:44:59.679000+00:00,2025-07-05 23:30:00+00:00,continuous,108158.8,108170.0,108121.3,108168.0,27647280.22049995
2025-07-05 23:59:59.573000+00:00,2025-07-05 23:45:00+00:00,continuous,108168.0,108168.0,108125.9,108153.4,18195799.955900084
2025-07-06 00:14:59.544000+00:00,2025-07-06 00:00:00+00:00,continuous,108153.4,108195.0,108059.3,108077.2,52456654.1171
2025-07-06 00:29:58.492000+00:00,2025-07-06 00:15:00+00:00,continuous,108077.1,108160.0,108064.9,108155.4,24426192.94170006
2025-07-06 00:44:59.831000+00:00,2025-07-06 00:30:00+00:00,continuous,108155.4,108195.4,108106.0,108195.4,38172968.91710001
2025-07-06 00:59:59.796000+00:00,2025-07-06 00:45:00+00:00,continuous,108195.4,108195.4,108129.6,108159.1,23635471.71030007
2025-07-06 01:14:56.448000+00:00,2025-07-06 01:00:00+00:00,continuous,108159.1,108159.2,108105.2,108108.2,17584519.154700063
2025-07-06 01:29:59.840000+00:00,2025-07-06 01:15:00+00:00,continuous,108108.2,108108.3,108031.9,108031.9,25333719.43369999
2025-07-06 01:44:58.406000+00:00,2025-07-06 01:30:00+00:00,continuous,108032.0,108103.9,108027.0,108073.7,24963617.60240005
2025-07-06 01:59:59.907000+00:00,2025-07-06 01:45:00+00:00,continuous,108073.7,108155.4,108073.6,108155.4,27655246.400700003
2025-07-06 02:14:59.400000+00:00,2025-07-06 02:00:00+00:00,continuous,108155.3,108190.7,108127.7,108184.9,31835196.20059984
2025-07-06 02:29:59.655000+00:00,2025-07-06 02:15:00+00:00,continuous,108185.0,108211.0,108068.8,108093.1,61483967.41720009
2025-07-06 02:44:59.730000+00:00,2025-07-06 02:30:00+00:00,continuous,108093.1,108093.1,108048.3,108080.9,17739239.809799988
2025-07-06 02:59:59.442000+00:00,2025-07-06 02:45:00+00:00,continuous,108080.9,108104.1,108000.0,108000.1,20584506.681299996
2025-07-06 03:14:59.369000+00:00,2025-07-06 03:00:00+00:00,continuous,108000.0,108051.5,107979.0,108048.4,37454314.89909979
2025-07-06 03:29:59.559000+00:00,2025-07-06 03:15:00+00:00,continuous,108048.4,108051.5,107974.5,107989.6,26392425.079499945
2025-07-06 03:44:59.500000+00:00,2025-07-06 03:30:00+00:00,continuous,107989.5,108013.1,107968.1,108013.1,17835332.604300085
2025-07-06 03:59:59.397000+00:00,2025-07-06 03:45:00+00:00,continuous,108013.0,108019.1,107972.6,107996.3,24719919.775100034
2025-07-06 04:14:59.903000+00:00,2025-07-06 04:00:00+00:00,continuous,107996.2,108056.5,107996.2,108048.7,24695814.312000073
2025-07-06 04:29:59.622000+00:00,2025-07-06 04:15:00+00:00,continuous,108048.7,108048.8,107950.0,107950.1,24167353.259699855
2025-07-06 04:44:59.538000+00:00,2025-07-06 04:30:00+00:00,continuous,107950.1,107960.5,107901.0,107959.2,36256775.536000066
2025-07-06 04:59:59.783000+00:00,2025-07-06 04:45:00+00:00,continuous,107959.2,107959.2,107936.0,107936.1,13656953.87930003
2025-07-06 05:14:58.559000+00:00,2025-07-06 05:00:00+00:00,continuous,107936.1,107936.1,107905.1,107924.0,21532393.271100074
2025-07-06 05:29:59.712000+00:00,2025-07-06 05:15:00+00:00,continuous,107924.0,107967.9,107921.0,107963.4,19267147.234300047
2025-07-06 05:44:59.566000+00:00,2025-07-06 05:30:00+00:00,continuous,107963.3,107976.0,107938.1,107947.0,21198625.84539998
2025-07-06 05:59:59.790000+00:00,2025-07-06 05:45:00+00:00,continuous,107947.0,107964.3,107941.7,107941.7,16383211.556800053
2025-07-06 06:14:59.778000+00:00,2025-07-06 06:00:00+00:00,continuous,107941.8,108034.6,107916.5,108034.6,30992611.066499893
2025-07-06 06:29:59.215000+00:00,2025-07-06 06:15:00+00:00,continuous,108034.6,108180.0,108034.5,108068.4,81729036.61579987
2025-07-06 06:44:58.394000+00:00,2025-07-06 06:30:00+00:00,continuous,108068.5,108100.0,108003.1,108099.9,29386935.612099804
2025-07-06 06:59:59.083000+00:00,2025-07-06 06:45:00+00:00,continuous,108099.9,108100.0,108070.0,108072.9,16453606.027499957
2025-07-06 07:14:59.246000+00:00,2025-07-06 07:00:00+00:00,continuous,108072.9,108100.0,108068.9,108093.6,22007787.262200113
2025-07-06 07:29:59.012000+00:00,2025-07-06 07:15:00+00:00,continuous,108093.6,108149.6,108054.4,108078.1,28203642.93190007
2025-07-06 07:44:59.073000+00:00,2025-07-06 07:30:00+00:00,continuous,108078.2,108078.2,108002.8,108013.0,17908708.826900017
2025-07-06 07:59:59.565000+00:00,2025-07-06 07:45:00+00:00,continuous,108012.9,108013.7,107991.3,107991.3,20073918.96919991
2025-07-06 08:14:59.749000+00:00,2025-07-06 08:00:00+00:00,continuous,107991.4,108014.8,107966.7,107976.6,45230304.91119985
2025-07-06 08:29:59.992000+00:00,2025-07-06 08:15:00+00:00,continuous,107976.6,107976.7,107912.9,107923.8,52440367.40810019
2025-07-06 08:44:59.800000+00:00,2025-07-06 08:30:00+00:00,continuous,107923.8,107977.0,107922.3,107964.7,30198200.035399992
2025-07-06 08:59:59.898000+00:00,2025-07-06 08:45:00+00:00,continuous,107964.7,107986.5,107953.1,107953.2,21583170.477499854
2025-07-06 09:14:57.284000+00:00,2025-07-06 09:00:00+00:00,continuous,107953.2,108022.9,107942.4,108007.0,27928630.538400102
2025-07-06 09:29:59.642000+00:00,2025-07-06 09:15:00+00:00,continuous,108007.1,108007.1,107959.1,107960.1,12379753.048400039
2025-07-06 09:44:58.857000+00:00,2025-07-06 09:30:00+00:00,continuous,107960.0,107971.0,107960.0,107967.3,13754526.758399952
2025-07-06 09:59:59.685000+00:00,2025-07-06 09:45:00+00:00,continuous,107967.3,107967.3,107762.0,107792.1,251607648.32959974
2025-07-06 10:14:59.505000+00:00,2025-07-06 10:00:00+00:00,continuous,107792.0,107877.3,107743.4,107862.8,110835796.78620116
2025-07-06 10:29:59.568000+00:00,2025-07-06 10:15:00+00:00,continuous,107862.8,107910.6,107856.5,107903.6,32393676.78879985
2025-07-06 10:44:59.065000+00:00,2025-07-06 10:30:00+00:00,continuous,107903.7,108087.2,107903.7,107982.5,113134657.83319962
2025-07-06 10:59:59.542000+00:00,2025-07-06 10:45:00+00:00,continuous,107982.6,107982.6,107919.5,107936.0,16805042.861900017
2025-07-06 11:14:57.719000+00:00,2025-07-06 11:00:00+00:00,continuous,107936.0,107964.7,107903.7,107917.3,29020660.69219995
2025-07-06 11:29:59.815000+00:00,2025-07-06 11:15:00+00:00,continuous,107917.4,107952.0,107903.2,107947.1,13061084.371899955
2025-07-06 11:44:59.040000+00:00,2025-07-06 11:30:00+00:00,continuous,107947.2,107997.2,107947.1,107989.3,19962022.02849993
2025-07-06 11:59:59.877000+00:00,2025-07-06 11:45:00+00:00,continuous,107989.2,108042.2,107989.2,108017.3,29438744.31389997
2025-07-06 12:14:59.835000+00:00,2025-07-06 12:00:00+00:00,continuous,108017.3,108050.0,107984.7,108009.4,36591055.338500045
2025-07-06 12:29:59.769000+00:00,2025-07-06 12:15:00+00:00,continuous,108009.3,108050.0,107997.2,108038.4,22445996.576800123
2025-07-06 12:44:59.796000+00:00,2025-07-06 12:30:00+00:00,continuous,108038.4,108152.2,108038.4,108120.7,109984342.12829983
2025-07-06 12:59:59.906000+00:00,2025-07-06 12:45:00+00:00,continuous,108120.7,108200.0,108120.7,108193.1,83381710.55739972
2025-07-06 13:14:59.710000+00:00,2025-07-06 13:00:00+00:00,continuous,108193.1,108193.1,108140.0,108179.5,53833324.27059958
2025-07-06 13:29:59.943000+00:00,2025-07-06 13:15:00+00:00,continuous,108179.5,108437.7,108175.4,108418.4,203976212.67270103
2025-07-06 13:44:59.997000+00:00,2025-07-06 13:30:00+00:00,continuous,108418.4,108658.0,108414.3,108641.0,512895616.4358017
2025-07-06 13:59:59.973000+00:00,2025-07-06 13:45:00+00:00,continuous,108640.9,109079.1,108639.9,108713.2,697475696.2316968
2025-07-06 14:14:59.754000+00:00,2025-07-06 14:00:00+00:00,continuous,108713.1,108840.0,108652.3,108746.2,188632908.35159972
2025-07-06 14:29:59.470000+00:00,2025-07-06 14:15:00+00:00,continuous,108746.2,108878.9,108726.3,108850.0,131663595.21940006
2025-07-06 14:44:59.913000+00:00,2025-07-06 14:30:00+00:00,continuous,108850.0,108997.5,108550.0,108685.0,234442538.67899933
2025-07-06 14:59:59.985000+00:00,2025-07-06 14:45:00+00:00,continuous,108685.0,108897.6,108580.9,108878.1,143388628.60840055
2025-07-06 15:14:59.374000+00:00,2025-07-06 15:00:00+00:00,continuous,108878.0,108933.9,108788.9,108850.1,129725269.2975999
2025-07-06 15:29:59.599000+00:00,2025-07-06 15:15:00+00:00,continuous,108850.1,108850.2,108670.0,108766.6,99413517.54520012
2025-07-06 15:44:59.323000+00:00,2025-07-06 15:30:00+00:00,continuous,108766.6,108807.2,108609.1,108703.5,62332582.52680024
2025-07-06 15:59:59.877000+00:00,2025-07-06 15:45:00+00:00,continuous,108703.4,108859.2,108642.1,108856.8,67825971.30369994
2025-07-06 16:14:59.653000+00:00,2025-07-06 16:00:00+00:00,continuous,108856.8,108899.7,108662.7,108689.9,103935295.88699958
2025-07-06 16:29:59.912000+00:00,2025-07-06 16:15:00+00:00,continuous,108690.0,108812.3,108689.9,108759.7,34246487.60629987
2025-07-06 16:44:59.182000+00:00,2025-07-06 16:30:00+00:00,continuous,108759.6,108763.3,108646.0,108680.4,61273089.580399685
2025-07-06 16:59:59.881000+00:00,2025-07-06 16:45:00+00:00,continuous,108680.3,108816.0,108652.8,108790.8,42707769.7307001
2025-07-06 17:14:59.960000+00:00,2025-07-06 17:00:00+00:00,continuous,108790.8,108790.9,108662.7,108712.0,70532207.47689986
2025-07-06 17:29:59.714000+00:00,2025-07-06 17:15:00+00:00,continuous,108712.1,108815.4,108699.9,108815.4,33247544.758899964
2025-07-06 17:44:59.574000+00:00,2025-07-06 17:30:00+00:00,continuous,108815.4,108908.4,108815.3,108896.7,54720480.98859974
2025-07-06 17:59:59.854000+00:00,2025-07-06 17:45:00+00:00,continuous,108896.7,108917.0,108802.0,108865.1,44916250.14999946
2025-07-06 18:14:59.815000+00:00,2025-07-06 18:00:00+00:00,continuous,108865.0,108878.9,108687.9,108731.5,61404048.559400134
2025-07-06 18:29:59.961000+00:00,2025-07-06 18:15:00+00:00,continuous,108731.5,108769.5,108431.9,108505.9,141509290.41439986
2025-07-06 18:44:59.887000+00:00,2025-07-06 18:30:00+00:00,continuous,108505.8,108576.2,108333.3,108361.4,141868392.0673999
2025-07-06 18:59:59.975000+00:00,2025-07-06 18:45:00+00:00,continuous,108361.4,108424.4,108209.6,108424.0,170500363.10849988
2025-07-06 19:14:59.917000+00:00,2025-07-06 19:00:00+00:00,continuous,108424.0,108583.0,108418.4,108500.0,83632835.54540092
2025-07-06 19:29:59.908000+00:00,2025-07-06 19:15:00+00:00,continuous,108500.1,108510.8,108408.6,108413.2,44163014.32499973
2025-07-06 19:44:56.631000+00:00,2025-07-06 19:30:00+00:00,continuous,108413.2,108470.3,108267.7,108314.1,50346050.969500005
2025-07-06 19:59:59.631000+00:00,2025-07-06 19:45:00+00:00,continuous,108314.0,108493.8,108244.1,108493.8,47755904.18979972
2025-07-06 20:14:59.694000+00:00,2025-07-06 20:00:00+00:00,continuous,108493.8,108774.3,108477.9,108739.6,105455084.4140007
2025-07-06 20:29:59.543000+00:00,2025-07-06 20:15:00+00:00,continuous,108739.5,108798.3,108648.7,108648.7,49624214.71980014
2025-07-06 20:44:59.661000+00:00,2025-07-06 20:30:00+00:00,continuous,108648.7,108721.7,108648.7,108700.0,24207925.995200124
2025-07-06 20:59:59.499000+00:00,2025-07-06 20:45:00+00:00,continuous,108700.0,108785.0,108606.1,108606.1,51015229.55700012
2025-07-06 21:14:59.980000+00:00,2025-07-06 21:00:00+00:00,continuous,108606.2,108889.8,108600.0,108866.2,59951235.29300014
2025-07-06 21:29:59.968000+00:00,2025-07-06 21:15:00+00:00,continuous,108866.2,109300.0,108860.7,109251.5,326701908.2540992
2025-07-06 21:44:59.983000+00:00,2025-07-06 21:30:00+00:00,continuous,109251.5,109684.7,109156.1,109392.9,601712062.5780947
2025-07-06 21:59:59.858000+00:00,2025-07-06 21:45:00+00:00,continuous,109392.9,109398.0,108980.1,109161.8,185853956.07080057
2025-07-06 22:14:59.791000+00:00,2025-07-06 22:00:00+00:00,continuous,109161.8,109486.4,109148.3,109337.9,193488669.20329955
2025-07-06 22:29:59.999000+00:00,2025-07-06 22:15:00+00:00,continuous,109338.0,109460.0,109250.0,109401.8,114683204.51480015
2025-07-06 22:44:59.640000+00:00,2025-07-06 22:30:00+00:00,continuous,109401.8,109410.9,109211.8,109285.7,65859830.143100075
2025-07-06 22:59:59.949000+00:00,2025-07-06 22:45:00+00:00,continuous,109285.8,109325.6,109165.6,109184.8,61449073.05440004
2025-07-06 23:14:59.794000+00:00,2025-07-06 23:00:00+00:00,continuous,109184.7,109197.2,108955.5,109184.5,174476342.38429973
2025-07-06 23:29:59.781000+00:00,2025-07-06 23:15:00+00:00,continuous,109184.5,109184.5,108988.5,109005.2,51654720.87070001
2025-07-06 23:44:59.619000+00:00,2025-07-06 23:30:00+00:00,continuous,109005.1,109109.5,108921.9,109109.5,65376247.51049999
2025-07-06 23:59:59.951000+00:00,2025-07-06 23:45:00+00:00,continuous,109109.4,109240.0,109075.2,109145.8,51846524.13679998
2025-07-07 00:14:59.922000+00:00,2025-07-07 00:00:00+00:00,continuous,109145.8,109218.6,109040.0,109218.5,97322709.97800002
2025-07-07 00:29:59.849000+00:00,2025-07-07 00:15:00+00:00,continuous,109218.6,109239.0,108930.0,108953.4,89769057.28310017
2025-07-07 00:44:59.950000+00:00,2025-07-07 00:30:00+00:00,continuous,108953.3,108993.7,108777.0,108794.6,128649724.14390004
2025-07-07 00:59:59.781000+00:00,2025-07-07 00:45:00+00:00,continuous,108794.6,108879.9,108742.0,108778.6,64559478.64309998
2025-07-07 01:14:59.407000+00:00,2025-07-07 01:00:00+00:00,continuous,108778.7,108781.4,108622.6,108713.5,112478755.71310028
2025-07-07 01:29:59.698000+00:00,2025-07-07 01:15:00+00:00,continuous,108713.4,108899.6,108672.4,108866.6,99808076.4357995
2025-07-07 01:44:59.781000+00:00,2025-07-07 01:30:00+00:00,continuous,108866.6,109050.0,108861.2,108987.9,87735270.30889967
2025-07-07 01:59:59.771000+00:00,2025-07-07 01:45:00+00:00,continuous,108987.9,109050.0,108910.2,108966.0,59011303.51970009
2025-07-07 02:14:59.923000+00:00,2025-07-07 02:00:00+00:00,continuous,108966.1,109476.8,108966.0,109407.1,283868474.07260025
2025-07-07 02:29:59.971000+00:00,2025-07-07 02:15:00+00:00,continuous,109407.2,109470.6,109366.9,109400.0,143647084.67950022
2025-07-07 02:44:59.905000+00:00,2025-07-07 02:30:00+00:00,continuous,109400.0,109430.1,109278.2,109430.1,94336247.58250003
2025-07-07 02:59:59.734000+00:00,2025-07-07 02:45:00+00:00,continuous,109430.1,109430.1,109308.0,109308.1,59178500.61649988
2025-07-07 03:14:59.560000+00:00,2025-07-07 03:00:00+00:00,continuous,109308.1,109418.0,109308.1,109353.9,59061443.037099786
2025-07-07 03:29:59.995000+00:00,2025-07-07 03:15:00+00:00,continuous,109353.9,109667.3,109353.9,109578.9,160757452.43430042
2025-07-07 03:44:59.690000+00:00,2025-07-07 03:30:00+00:00,continuous,109578.9,109579.0,109460.6,109493.8,73190610.92769994
2025-07-07 03:59:59.935000+00:00,2025-07-07 03:45:00+00:00,continuous,109493.7,109495.7,109318.1,109348.9,94485540.90250033
2025-07-07 04:14:59.626000+00:00,2025-07-07 04:00:00+00:00,continuous,109349.0,109409.7,109250.0,109286.0,74496971.12279995
2025-07-07 04:29:59.541000+00:00,2025-07-07 04:15:00+00:00,continuous,109286.1,109323.4,109155.0,109182.9,75778247.57679982
2025-07-07 04:44:59.819000+00:00,2025-07-07 04:30:00+00:00,continuous,109182.9,109199.3,109081.6,109090.0,70731718.82300007
2025-07-07 04:59:59.470000+00:00,2025-07-07 04:45:00+00:00,continuous,109090.0,109153.8,109063.2,109063.2,52134824.45259997
2025-07-07 05:14:59.545000+00:00,2025-07-07 05:00:00+00:00,continuous,109063.2,109149.1,109063.2,109099.9,63480337.340899855
2025-07-07 05:29:59.827000+00:00,2025-07-07 05:15:00+00:00,continuous,109100.0,109157.9,109070.0,109070.0,48033236.62679975
2025-07-07 05:44:58.839000+00:00,2025-07-07 05:30:00+00:00,continuous,109070.0,109160.0,108993.5,109100.5,91196800.18419999
2025-07-07 05:59:58.403000+00:00,2025-07-07 05:45:00+00:00,continuous,109100.4,109105.7,108968.0,109027.8,70184827.76710004
2025-07-07 06:14:59.075000+00:00,2025-07-07 06:00:00+00:00,continuous,109027.8,109125.0,108955.0,109084.1,73710900.93959983
2025-07-07 06:29:59.197000+00:00,2025-07-07 06:15:00+00:00,continuous,109084.1,109125.0,109077.9,109090.4,33457120.885700006
2025-07-07 06:44:59.946000+00:00,2025-07-07 06:30:00+00:00,continuous,109090.4,109090.5,108774.3,108774.3,124413119.65440047
2025-07-07 06:59:59.960000+00:00,2025-07-07 06:45:00+00:00,continuous,108774.3,108839.5,108714.0,108733.1,110676624.96780038
2025-07-07 07:14:59.580000+00:00,2025-07-07 07:00:00+00:00,continuous,108733.1,108849.7,108611.0,108828.3,149726633.75590056
2025-07-07 07:29:59.994000+00:00,2025-07-07 07:15:00+00:00,continuous,108828.4,108915.5,108792.8,108866.9,81398087.86870007
2025-07-07 07:44:59.741000+00:00,2025-07-07 07:30:00+00:00,continuous,108866.9,108925.0,108800.0,108887.0,62881067.09660006
2025-07-07 07:59:59.754000+00:00,2025-07-07 07:45:00+00:00,continuous,108887.0,109016.3,108886.9,109016.3,71514361.95120014
2025-07-07 08:14:59.727000+00:00,2025-07-07 08:00:00+00:00,continuous,109016.3,109024.3,108853.3,108853.3,86911548.44730066
2025-07-07 08:29:59.496000+00:00,2025-07-07 08:15:00+00:00,continuous,108853.3,108890.0,108814.6,108827.0,62337394.356799796
2025-07-07 08:44:59.598000+00:00,2025-07-07 08:30:00+00:00,continuous,108827.0,109041.2,108801.0,108979.8,86116661.7798999
2025-07-07 08:59:59.241000+00:00,2025-07-07 08:45:00+00:00,continuous,108979.8,109021.6,108883.9,108961.4,58323221.073800094
2025-07-07 09:14:59.964000+00:00,2025-07-07 09:00:00+00:00,continuous,108961.3,108961.4,108780.0,108845.7,82222244.04250002
2025-07-07 09:29:59.713000+00:00,2025-07-07 09:15:00+00:00,continuous,108845.6,108845.7,108700.1,108801.1,77911930.71830012
2025-07-07 09:44:59.823000+00:00,2025-07-07 09:30:00+00:00,continuous,108801.1,108870.9,108758.9,108860.8,44903942.7191998
2025-07-07 09:59:59.956000+00:00,2025-07-07 09:45:00+00:00,continuous,108860.9,108860.9,108724.4,108797.3,59583262.45450034
2025-07-07 10:14:59.584000+00:00,2025-07-07 10:00:00+00:00,continuous,108797.3,108810.1,108662.3,108794.8,127044496.67649934
2025-07-07 10:29:59.870000+00:00,2025-07-07 10:15:00+00:00,continuous,108794.8,108859.8,108688.5,108688.6,129317900.13720116
2025-07-07 10:44:59.827000+00:00,2025-07-07 10:30:00+00:00,continuous,108688.5,108759.1,108668.8,108699.2,90660354.27869973
2025-07-07 10:59:59.510000+00:00,2025-07-07 10:45:00+00:00,continuous,108699.3,108740.9,108620.3,108635.3,72764154.83450001
2025-07-07 11:14:59.951000+00:00,2025-07-07 11:00:00+00:00,continuous,108635.4,108696.0,108620.0,108665.6,62194434.27790027
2025-07-07 11:29:59.938000+00:00,2025-07-07 11:15:00+00:00,continuous,108665.5,108773.3,108525.0,108700.1,141635585.72660047
2025-07-07 11:44:59.749000+00:00,2025-07-07 11:30:00+00:00,continuous,108700.1,108743.5,108600.0,108702.4,69840247.21530026
2025-07-07 11:59:59.788000+00:00,2025-07-07 11:45:00+00:00,continuous,108702.4,108713.3,108582.8,108599.9,53890386.94659972
2025-07-07 12:14:59.655000+00:00,2025-07-07 12:00:00+00:00,continuous,108599.8,108599.9,108450.0,108477.1,134360554.28779998
2025-07-07 12:29:59.934000+00:00,2025-07-07 12:15:00+00:00,continuous,108477.2,108477.2,108352.0,108386.5,201471149.25480008
2025-07-07 12:44:59.813000+00:00,2025-07-07 12:30:00+00:00,continuous,108386.6,108505.6,108377.6,108451.6,129513929.46459976
2025-07-07 12:59:59.871000+00:00,2025-07-07 12:45:00+00:00,continuous,108451.6,108516.4,108265.1,108300.3,193967892.98419905
2025-07-07 13:14:59.921000+00:00,2025-07-07 13:00:00+00:00,continuous,108300.3,108370.7,108166.2,108233.6,149680825.86510122
2025-07-07 13:29:59.991000+00:00,2025-07-07 13:15:00+00:00,continuous,108233.6,108398.0,107968.0,108376.6,392864186.80029577
2025-07-07 13:44:59.902000+00:00,2025-07-07 13:30:00+00:00,continuous,108376.6,108480.0,107963.3,108110.9,373096868.0685979
2025-07-07 13:59:59.988000+00:00,2025-07-07 13:45:00+00:00,continuous,108110.9,108537.9,107967.6,108478.6,307374691.92549944
2025-07-07 14:14:59.917000+00:00,2025-07-07 14:00:00+00:00,continuous,108478.5,108612.2,108050.8,108092.9,322185525.5592991
2025-07-07 14:29:59.942000+00:00,2025-07-07 14:15:00+00:00,continuous,108092.8,108260.0,108021.8,108099.5,212066378.77680126
2025-07-07 14:44:59.918000+00:00,2025-07-07 14:30:00+00:00,continuous,108099.5,108169.7,107903.2,108136.7,242081123.72749916
2025-07-07 14:59:59.989000+00:00,2025-07-07 14:45:00+00:00,continuous,108136.8,108337.8,108081.0,108158.1,116201660.36270016
2025-07-07 15:14:59.864000+00:00,2025-07-07 15:00:00+00:00,continuous,108158.5,108419.6,108158.5,108381.5,135699796.29899952
2025-07-07 15:29:59.906000+00:00,2025-07-07 15:15:00+00:00,continuous,108381.4,108538.8,108200.0,108488.1,126178949.24210039
2025-07-07 15:44:59.841000+00:00,2025-07-07 15:30:00+00:00,continuous,108488.0,108574.7,108345.3,108417.3,123991628.182
2025-07-07 15:59:59.909000+00:00,2025-07-07 15:45:00+00:00,continuous,108417.3,108480.3,108221.8,108249.0,126661623.13550006
2025-07-07 16:14:59.878000+00:00,2025-07-07 16:00:00+00:00,continuous,108248.9,108354.9,108205.0,108231.3,95892366.43359987
2025-07-07 16:29:59.791000+00:00,2025-07-07 16:15:00+00:00,continuous,108231.4,108460.8,107820.0,108112.3,523375082.1416038
2025-07-07 16:44:59.930000+00:00,2025-07-07 16:30:00+00:00,continuous,108112.3,108308.6,108059.1,108224.4,138420825.49199942
2025-07-07 16:59:59.925000+00:00,2025-07-07 16:45:00+00:00,continuous,108224.3,108266.4,107850.0,107932.6,186913135.73819908
2025-07-07 17:14:59.877000+00:00,2025-07-07 17:00:00+00:00,continuous,107932.6,108005.8,107750.0,107984.2,381156255.32730067
2025-07-07 17:29:59.863000+00:00,2025-07-07 17:15:00+00:00,continuous,107984.2,108082.9,107937.8,108082.8,90153428.15829976
2025-07-07 17:44:59.997000+00:00,2025-07-07 17:30:00+00:00,continuous,108082.8,108312.5,107872.4,107941.1,257962998.77230126
2025-07-07 17:59:59.734000+00:00,2025-07-07 17:45:00+00:00,continuous,107941.1,108029.2,107850.0,107900.0,79060627.41459982
2025-07-07 18:14:59.484000+00:00,2025-07-07 18:00:00+00:00,continuous,107900.0,108064.5,107869.4,108008.4,75431560.20269985
2025-07-07 18:29:59.991000+00:00,2025-07-07 18:15:00+00:00,continuous,108008.5,108019.0,107500.0,107505.6,380151111.0367003
2025-07-07 18:44:59.932000+00:00,2025-07-07 18:30:00+00:00,continuous,107505.6,107785.2,107456.0,107700.0,240701746.33800068
2025-07-07 18:59:59.577000+00:00,2025-07-07 18:45:00+00:00,continuous,107700.1,107985.0,107700.0,107976.1,143864048.4362004
2025-07-07 19:14:59.959000+00:00,2025-07-07 19:00:00+00:00,continuous,107976.1,108160.0,107949.0,108121.6,203918255.28449926
2025-07-07 19:29:59.494000+00:00,2025-07-07 19:15:00+00:00,continuous,108121.6,108265.0,108121.6,108145.0,109919042.59719998
2025-07-07 19:44:59.911000+00:00,2025-07-07 19:30:00+00:00,continuous,108145.0,108220.0,108060.3,108060.4,82345592.63569996
2025-07-07 19:59:59.739000+00:00,2025-07-07 19:45:00+00:00,continuous,108060.3,108115.6,107963.0,107999.9,93471127.9378997
2025-07-07 20:14:59.686000+00:00,2025-07-07 20:00:00+00:00,continuous,107999.9,107999.9,107805.6,107938.1,107616446.50460012
2025-07-07 20:29:59.730000+00:00,2025-07-07 20:15:00+00:00,continuous,107938.0,108064.5,107835.6,107985.0,61258373.101699986
2025-07-07 20:44:59.767000+00:00,2025-07-07 20:30:00+00:00,continuous,107985.0,108100.0,107940.0,107940.1,66713627.891999975
2025-07-07 20:59:59.917000+00:00,2025-07-07 20:45:00+00:00,continuous,107940.1,107940.1,107806.9,107815.7,56833459.904700264
2025-07-07 21:14:59.908000+00:00,2025-07-07 21:00:00+00:00,continuous,107815.8,107928.7,107810.0,107906.0,34798304.965000026
2025-07-07 21:29:59.486000+00:00,2025-07-07 21:15:00+00:00,continuous,107906.0,107909.6,107728.5,107740.2,88270602.0386
2025-07-07 21:44:59.803000+00:00,2025-07-07 21:30:00+00:00,continuous,107740.2,108080.0,107740.2,107991.3,98886591.81680007
2025-07-07 21:59:59.975000+00:00,2025-07-07 21:45:00+00:00,continuous,107991.3,108164.8,107991.2,108116.2,50821824.3327
2025-07-07 22:14:59.323000+00:00,2025-07-07 22:00:00+00:00,continuous,108116.1,108135.1,107913.2,107992.4,54137340.87650003
2025-07-07 22:29:59.593000+00:00,2025-07-07 22:15:00+00:00,continuous,107992.3,108050.8,107933.3,107935.0,33836452.7728
2025-07-07 22:44:59.582000+00:00,2025-07-07 22:30:00+00:00,continuous,107935.1,108041.8,107924.4,108038.8,27018239.788500004
2025-07-07 22:59:56.914000+00:00,2025-07-07 22:45:00+00:00,continuous,108038.9,108038.9,107957.5,107965.9,28653814.56240009
2025-07-07 23:14:58.664000+00:00,2025-07-07 23:00:00+00:00,continuous,107965.8,108182.6,107965.8,108149.9,71482948.77830018
2025-07-07 23:29:59.469000+00:00,2025-07-07 23:15:00+00:00,continuous,108149.9,108164.9,108114.0,108128.9,28518561.11500007
2025-07-07 23:44:59.438000+00:00,2025-07-07 23:30:00+00:00,continuous,108128.8,108236.6,108119.2,108149.9,47133420.33300003
2025-07-07 23:59:59.596000+00:00,2025-07-07 23:45:00+00:00,continuous,108149.8,108250.1,108149.8,108203.9,43198815.87689997
2025-07-08 00:14:59.762000+00:00,2025-07-08 00:00:00+00:00,continuous,108203.9,108243.7,108141.3,108227.8,87824295.02079956
2025-07-08 00:29:59.907000+00:00,2025-07-08 00:15:00+00:00,continuous,108227.7,108381.3,108136.1,108381.3,106491352.83240005
2025-07-08 00:44:59.628000+00:00,2025-07-08 00:30:00+00:00,continuous,108381.3,108475.0,108250.3,108469.5,97901684.79260035
2025-07-08 00:59:58.904000+00:00,2025-07-08 00:45:00+00:00,continuous,108469.5,108475.0,108139.0,108240.2,146740207.71689987
2025-07-08 01:14:59.995000+00:00,2025-07-08 01:00:00+00:00,continuous,108240.2,108240.3,108069.3,108109.0,61552533.00270018
2025-07-08 01:29:59.493000+00:00,2025-07-08 01:15:00+00:00,continuous,108109.0,108109.1,107938.3,107994.1,88452171.62279987
2025-07-08 01:44:59.248000+00:00,2025-07-08 01:30:00+00:00,continuous,107994.0,108075.6,107807.1,107821.2,147527345.00359973
2025-07-08 01:59:59.911000+00:00,2025-07-08 01:45:00+00:00,continuous,107821.2,107858.9,107621.4,107650.0,152745435.1207995
2025-07-08 02:14:59.959000+00:00,2025-07-08 02:00:00+00:00,continuous,107650.1,107739.7,107470.0,107599.9,226009086.7913002
2025-07-08 02:29:59.873000+00:00,2025-07-08 02:15:00+00:00,continuous,107600.0,107900.3,107400.0,107871.0,309108452.5294015
2025-07-08 02:44:59.407000+00:00,2025-07-08 02:30:00+00:00,continuous,107871.0,107900.0,107645.5,107688.4,146790485.09929976
2025-07-08 02:59:59.971000+00:00,2025-07-08 02:45:00+00:00,continuous,107688.4,107741.0,107504.4,107736.8,116798886.11029996
2025-07-08 03:14:59.819000+00:00,2025-07-08 03:00:00+00:00,continuous,107736.7,107780.8,107644.7,107740.8,59821241.62039999
2025-07-08 03:29:59.841000+00:00,2025-07-08 03:15:00+00:00,continuous,107740.8,107874.5,107710.0,107854.8,54578399.43470002
2025-07-08 03:44:59.211000+00:00,2025-07-08 03:30:00+00:00,continuous,107854.9,107971.3,107828.9,107904.7,89478874.44710024
2025-07-08 03:59:59.814000+00:00,2025-07-08 03:45:00+00:00,continuous,107904.7,107904.8,107815.3,107852.6,48240620.24399995
2025-07-08 04:14:59.941000+00:00,2025-07-08 04:00:00+00:00,continuous,107852.5,107852.6,107750.7,107775.0,53647971.62209996
2025-07-08 04:29:59.899000+00:00,2025-07-08 04:15:00+00:00,continuous,107775.1,107814.2,107696.5,107814.2,38072030.25899985
2025-07-08 04:44:59.907000+00:00,2025-07-08 04:30:00+00:00,continuous,107814.1,107951.7,107814.1,107940.3,60728219.10049994
2025-07-08 04:59:59.017000+00:00,2025-07-08 04:45:00+00:00,continuous,107940.3,107986.0,107901.8,107986.0,46791726.9265997
2025-07-08 05:14:59.499000+00:00,2025-07-08 05:00:00+00:00,continuous,107985.9,108000.0,107935.0,107971.8,41822226.31739989
2025-07-08 05:29:59.797000+00:00,2025-07-08 05:15:00+00:00,continuous,107971.7,108058.2,107957.9,108050.1,47798529.53760041
2025-07-08 05:44:59.953000+00:00,2025-07-08 05:30:00+00:00,continuous,108050.0,108090.0,107963.7,108081.0,55903075.539300166
2025-07-08 05:59:59.457000+00:00,2025-07-08 05:45:00+00:00,continuous,108080.9,108180.0,108080.9,108159.1,91317275.32609965
2025-07-08 06:14:58.991000+00:00,2025-07-08 06:00:00+00:00,continuous,108159.2,108246.6,108130.5,108193.9,90869230.43680015
2025-07-08 06:29:59.156000+00:00,2025-07-08 06:15:00+00:00,continuous,108193.9,108205.6,108079.1,108135.9,59126007.047400214
2025-07-08 06:44:59.894000+00:00,2025-07-08 06:30:00+00:00,continuous,108135.9,108270.5,108135.9,108257.8,68550413.84250021
2025-07-08 06:59:59.652000+00:00,2025-07-08 06:45:00+00:00,continuous,108257.9,108336.5,108171.3,108240.2,111693305.95680039
2025-07-08 07:14:59.471000+00:00,2025-07-08 07:00:00+00:00,continuous,108240.2,108276.8,108169.9,108173.8,39508522.92339989
2025-07-08 07:29:59.562000+00:00,2025-07-08 07:15:00+00:00,continuous,108173.7,108347.1,108162.6,108301.1,94497484.50860037
2025-07-08 07:44:59.979000+00:00,2025-07-08 07:30:00+00:00,continuous,108301.2,108374.8,108268.8,108360.3,63744618.08489999
2025-07-08 07:59:59.937000+00:00,2025-07-08 07:45:00+00:00,continuous,108360.3,108445.8,108342.1,108440.7,137917018.58770025
2025-07-08 08:14:59.783000+00:00,2025-07-08 08:00:00+00:00,continuous,108440.7,108479.2,108385.6,108419.1,104021565.06550002
2025-07-08 08:29:59.849000+00:00,2025-07-08 08:15:00+00:00,continuous,108419.1,108434.7,108320.2,108341.7,81907970.20690021
2025-07-08 08:44:59.961000+00:00,2025-07-08 08:30:00+00:00,continuous,108341.7,108353.8,108226.3,108226.4,110080558.51570038
2025-07-08 08:59:59.765000+00:00,2025-07-08 08:45:00+00:00,continuous,108226.4,108300.0,108203.5,108208.0,49658197.73029997
2025-07-08 09:14:59.536000+00:00,2025-07-08 09:00:00+00:00,continuous,108208.1,108300.0,108172.4,108294.1,59849665.74110001
2025-07-08 09:29:59.801000+00:00,2025-07-08 09:15:00+00:00,continuous,108294.0,108346.3,108231.1,108346.2,51530348.48840016
2025-07-08 09:44:59.894000+00:00,2025-07-08 09:30:00+00:00,continuous,108346.3,108448.1,108346.2,108448.0,55118666.69870011
2025-07-08 09:59:59.925000+00:00,2025-07-08 09:45:00+00:00,continuous,108448.0,108448.1,108386.7,108405.7,52858150.18749977
2025-07-08 10:14:59.756000+00:00,2025-07-08 10:00:00+00:00,continuous,108405.7,108466.0,108359.8,108460.1,45969103.372399874
2025-07-08 10:29:59.787000+00:00,2025-07-08 10:15:00+00:00,continuous,108460.1,108638.6,108460.0,108468.6,254998785.55230018
2025-07-08 10:44:59.964000+00:00,2025-07-08 10:30:00+00:00,continuous,108468.5,108870.9,108457.6,108830.1,289986542.86649996
2025-07-08 10:59:59.959000+00:00,2025-07-08 10:45:00+00:00,continuous,108830.2,108835.0,108745.1,108779.9,109274719.32140045
2025-07-08 11:14:59.828000+00:00,2025-07-08 11:00:00+00:00,continuous,108780.0,108964.1,108780.0,108897.7,198011377.30460107
2025-07-08 11:29:59.899000+00:00,2025-07-08 11:15:00+00:00,continuous,108897.7,108935.2,108818.0,108850.1,82456643.69429989
2025-07-08 11:44:59.629000+00:00,2025-07-08 11:30:00+00:00,continuous,108850.0,108899.9,108787.9,108839.5,80296351.92850024
2025-07-08 11:59:59.847000+00:00,2025-07-08 11:45:00+00:00,continuous,108839.4,108859.6,108700.4,108713.1,105481025.97720098
2025-07-08 12:14:59.703000+00:00,2025-07-08 12:00:00+00:00,continuous,108713.2,108777.6,108713.1,108760.7,57278578.28620011
2025-07-08 12:29:59.764000+00:00,2025-07-08 12:15:00+00:00,continuous,108760.8,108760.8,108640.8,108647.9,82290933.05270031
2025-07-08 12:44:59.526000+00:00,2025-07-08 12:30:00+00:00,continuous,108647.9,108773.0,108647.9,108734.5,75699094.1324999
2025-07-08 12:59:59.926000+00:00,2025-07-08 12:45:00+00:00,continuous,108734.5,108903.4,108734.4,108903.2,98644056.29379955
2025-07-08 13:14:59.518000+00:00,2025-07-08 13:00:00+00:00,continuous,108903.3,108903.4,108771.3,108786.6,68148366.51920007
2025-07-08 13:29:59.789000+00:00,2025-07-08 13:15:00+00:00,continuous,108786.5,108837.3,108742.3,108837.3,44365888.677299865
2025-07-08 13:44:59.996000+00:00,2025-07-08 13:30:00+00:00,continuous,108837.2,108985.0,108585.0,108984.4,250829429.27869955
2025-07-08 13:59:59.920000+00:00,2025-07-08 13:45:00+00:00,continuous,108984.5,109180.0,108827.0,108977.6,430448414.7566002
2025-07-08 14:14:59.979000+00:00,2025-07-08 14:00:00+00:00,continuous,108977.5,109029.6,108460.9,108566.3,374083666.47660035
2025-07-08 14:29:59.917000+00:00,2025-07-08 14:15:00+00:00,continuous,108566.2,108671.9,108326.0,108469.8,253975176.24870142
2025-07-08 14:44:59.815000+00:00,2025-07-08 14:30:00+00:00,continuous,108469.8,108765.0,108434.7,108700.0,166604082.22800028
2025-07-08 14:59:59.963000+00:00,2025-07-08 14:45:00+00:00,continuous,108700.0,108705.0,108191.4,108336.8,279932177.38620085
2025-07-08 15:14:59.526000+00:00,2025-07-08 15:00:00+00:00,continuous,108336.7,108479.9,108272.8,108396.5,102944781.61340028
2025-07-08 15:29:59.977000+00:00,2025-07-08 15:15:00+00:00,continuous,108396.5,108487.0,108181.8,108222.6,120883196.19109996
2025-07-08 15:44:59.918000+00:00,2025-07-08 15:30:00+00:00,continuous,108222.7,108337.3,108151.0,108272.1,98355378.12050019
2025-07-08 15:59:59.733000+00:00,2025-07-08 15:45:00+00:00,continuous,108272.1,108353.1,108167.5,108217.0,118435999.88730037
2025-07-08 16:14:59.822000+00:00,2025-07-08 16:00:00+00:00,continuous,108217.0,108299.0,108068.0,108103.2,143108692.5870994
2025-07-08 16:29:59.350000+00:00,2025-07-08 16:15:00+00:00,continuous,108103.3,108499.0,108041.0,108399.9,199742006.76949978
2025-07-08 16:44:59.781000+00:00,2025-07-08 16:30:00+00:00,continuous,108399.9,108492.3,108124.2,108310.2,199489201.57620043
2025-07-08 16:59:59.927000+00:00,2025-07-08 16:45:00+00:00,continuous,108310.2,108411.6,108250.0,108391.6,77621377.71000001
2025-07-08 17:14:59.930000+00:00,2025-07-08 17:00:00+00:00,continuous,108391.7,108847.8,108387.9,108713.4,302931126.8589012
2025-07-08 17:29:59.966000+00:00,2025-07-08 17:15:00+00:00,continuous,108713.4,109015.4,108642.2,108831.5,347912068.720198
2025-07-08 17:44:59.883000+00:00,2025-07-08 17:30:00+00:00,continuous,108831.5,108908.6,108652.6,108730.0,124390153.91810052
2025-07-08 17:59:59.981000+00:00,2025-07-08 17:45:00+00:00,continuous,108730.1,109053.2,108730.0,108946.1,190573785.8392997
2025-07-08 18:14:59.905000+00:00,2025-07-08 18:00:00+00:00,continuous,108946.0,109067.0,108852.4,109067.0,146507592.34540015
2025-07-08 18:29:59.750000+00:00,2025-07-08 18:15:00+00:00,continuous,109066.9,109084.3,108888.6,109006.5,95977607.86069953
2025-07-08 18:44:59.915000+00:00,2025-07-08 18:30:00+00:00,continuous,109006.4,109065.0,108903.0,108971.8,93312845.66740023
2025-07-08 18:59:59.947000+00:00,2025-07-08 18:45:00+00:00,continuous,108971.8,109115.4,108912.4,109111.5,71174541.54199982
2025-07-08 19:14:59.777000+00:00,2025-07-08 19:00:00+00:00,continuous,109111.6,109111.6,108905.0,108914.6,75324009.70460011
2025-07-08 19:29:59.804000+00:00,2025-07-08 19:15:00+00:00,continuous,108914.6,109010.5,108900.1,108900.1,43570153.15849999
2025-07-08 19:44:59.428000+00:00,2025-07-08 19:30:00+00:00,continuous,108900.0,108914.4,108709.7,108743.0,87946236.48500036
2025-07-08 19:59:59.863000+00:00,2025-07-08 19:45:00+00:00,continuous,108743.0,108818.4,108677.9,108723.6,69452682.51469989
2025-07-08 20:14:59.606000+00:00,2025-07-08 20:00:00+00:00,continuous,108723.6,108732.5,108662.9,108663.4,38019848.967799954
2025-07-08 20:29:59.276000+00:00,2025-07-08 20:15:00+00:00,continuous,108663.4,108900.0,108631.3,108847.8,48119180.78920022
2025-07-08 20:44:58.685000+00:00,2025-07-08 20:30:00+00:00,continuous,108847.9,108850.0,108724.9,108728.0,24827577.323600143
2025-07-08 20:59:59.880000+00:00,2025-07-08 20:45:00+00:00,continuous,108727.9,108728.0,108578.0,108578.0,41814490.10200004
2025-07-08 21:14:59.576000+00:00,2025-07-08 21:00:00+00:00,continuous,108578.1,108732.1,108578.0,108700.5,39423678.84520017
2025-07-08 21:29:59.354000+00:00,2025-07-08 21:15:00+00:00,continuous,108700.6,108700.6,108570.1,108692.6,43043715.41109989
2025-07-08 21:44:59.801000+00:00,2025-07-08 21:30:00+00:00,continuous,108692.7,108906.2,108671.9,108851.9,93975180.04729968
2025-07-08 21:59:59.687000+00:00,2025-07-08 21:45:00+00:00,continuous,108851.9,108928.0,108782.3,108847.1,62407168.48049993
2025-07-08 22:14:59.273000+00:00,2025-07-08 22:00:00+00:00,continuous,108847.1,108922.7,108749.8,108794.0,40980971.84410027
2025-07-08 22:29:59.659000+00:00,2025-07-08 22:15:00+00:00,continuous,108794.1,108834.4,108780.0,108830.2,21539909.82500002
2025-07-08 22:44:59.560000+00:00,2025-07-08 22:30:00+00:00,continuous,108830.1,108883.0,108806.6,108850.0,32199540.837200023
2025-07-08 22:59:59.507000+00:00,2025-07-08 22:45:00+00:00,continuous,108850.1,108876.5,108829.6,108861.1,18792032.89079999
2025-07-08 23:14:59.929000+00:00,2025-07-08 23:00:00+00:00,continuous,108861.2,108909.8,108809.2,108872.2,45955284.98890004
2025-07-08 23:29:59.938000+00:00,2025-07-08 23:15:00+00:00,continuous,108872.2,108920.0,108763.6,108795.8,42660980.35519982
2025-07-08 23:44:59.885000+00:00,2025-07-08 23:30:00+00:00,continuous,108795.9,108924.9,108795.9,108881.1,34476507.21230007
2025-07-08 23:59:59.023000+00:00,2025-07-08 23:45:00+00:00,continuous,108881.0,108896.3,108847.1,108873.1,26591914.86760014
2025-07-09 00:14:59.863000+00:00,2025-07-09 00:00:00+00:00,continuous,108873.2,108897.3,108743.3,108777.4,60630611.04439984
2025-07-09 00:29:59.359000+00:00,2025-07-09 00:15:00+00:00,continuous,108777.4,108827.5,108707.4,108746.0,47200223.77639995
2025-07-09 00:44:59.995000+00:00,2025-07-09 00:30:00+00:00,continuous,108746.1,108841.7,108728.0,108833.4,37214733.38209993
2025-07-09 00:59:59.864000+00:00,2025-07-09 00:45:00+00:00,continuous,108833.4,108913.9,108805.0,108890.0,34161778.07290013
2025-07-09 01:14:59.680000+00:00,2025-07-09 01:00:00+00:00,continuous,108890.0,109107.4,108869.1,109054.4,197450831.56799975
2025-07-09 01:29:59.845000+00:00,2025-07-09 01:15:00+00:00,continuous,109054.4,109054.4,108706.0,108734.0,144442399.02489984
2025-07-09 01:44:58.090000+00:00,2025-07-09 01:30:00+00:00,continuous,108734.0,108756.9,108671.7,108684.3,79515581.64930001
2025-07-09 01:59:59.394000+00:00,2025-07-09 01:45:00+00:00,continuous,108684.3,108747.3,108666.0,108730.1,62181266.3863998
2025-07-09 02:14:59.988000+00:00,2025-07-09 02:00:00+00:00,continuous,108730.0,108799.0,108705.5,108787.3,49373052.63130004
2025-07-09 02:29:59.795000+00:00,2025-07-09 02:15:00+00:00,continuous,108787.4,108787.4,108653.3,108673.2,35927853.34560004
2025-07-09 02:44:59.768000+00:00,2025-07-09 02:30:00+00:00,continuous,108673.3,108717.6,108615.0,108660.0,51844880.83719995
2025-07-09 02:59:59.946000+00:00,2025-07-09 02:45:00+00:00,continuous,108660.0,108660.1,108548.4,108577.6,72116308.29330018
2025-07-09 03:14:59.968000+00:00,2025-07-09 03:00:00+00:00,continuous,108577.5,108633.0,108411.2,108411.4,121410882.9813001
2025-07-09 03:29:59.828000+00:00,2025-07-09 03:15:00+00:00,continuous,108411.3,108412.8,108353.0,108412.7,111842381.88970011
2025-07-09 03:44:59.708000+00:00,2025-07-09 03:30:00+00:00,continuous,108412.7,108412.7,108338.0,108346.6,61905248.736900024
2025-07-09 03:59:59.973000+00:00,2025-07-09 03:45:00+00:00,continuous,108346.6,108353.2,108284.2,108311.9,93752642.34839971
2025-07-09 04:14:59.996000+00:00,2025-07-09 04:00:00+00:00,continuous,108311.9,108420.0,108291.4,108291.4,84661844.51950032
2025-07-09 04:29:58.942000+00:00,2025-07-09 04:15:00+00:00,continuous,108291.4,108359.4,108273.5,108353.3,58814561.095799975
2025-07-09 04:44:59.862000+00:00,2025-07-09 04:30:00+00:00,continuous,108353.3,108496.8,108353.2,108442.9,118314937.1737002
2025-07-09 04:59:59.948000+00:00,2025-07-09 04:45:00+00:00,continuous,108442.8,108522.0,108414.4,108500.0,52534762.18010003
2025-07-09 05:14:59.762000+00:00,2025-07-09 05:00:00+00:00,continuous,108500.0,108581.8,108472.4,108506.2,69831928.0365001
2025-07-09 05:29:59.695000+00:00,2025-07-09 05:15:00+00:00,continuous,108506.2,108537.0,108428.7,108450.0,37875220.80779994
2025-07-09 05:44:59.702000+00:00,2025-07-09 05:30:00+00:00,continuous,108450.1,108900.0,108439.3,108825.5,214724448.10249943
2025-07-09 05:59:59.874000+00:00,2025-07-09 05:45:00+00:00,continuous,108825.5,108863.4,108635.0,108729.1,123126210.81910037
2025-07-09 06:14:59.557000+00:00,2025-07-09 06:00:00+00:00,continuous,108729.0,108773.8,108626.0,108671.6,88274917.26630035
2025-07-09 06:29:59.438000+00:00,2025-07-09 06:15:00+00:00,continuous,108671.6,108750.0,108656.5,108668.7,28124860.131900102
2025-07-09 06:44:59.468000+00:00,2025-07-09 06:30:00+00:00,continuous,108668.8,108714.0,108620.1,108654.3,36349453.171099946
2025-07-09 06:59:59.545000+00:00,2025-07-09 06:45:00+00:00,continuous,108654.4,108813.4,108649.7,108789.0,39911573.60490019
2025-07-09 07:14:59.970000+00:00,2025-07-09 07:00:00+00:00,continuous,108789.0,108829.0,108712.4,108712.5,40501177.929199934
2025-07-09 07:29:59.907000+00:00,2025-07-09 07:15:00+00:00,continuous,108712.4,108770.9,108700.0,108736.9,31171227.753099952
2025-07-09 07:44:59.910000+00:00,2025-07-09 07:30:00+00:00,continuous,108736.9,108740.3,108622.1,108629.5,28602242.213300046
2025-07-09 07:59:59.779000+00:00,2025-07-09 07:45:00+00:00,continuous,108629.6,108690.6,108626.7,108674.8,33062838.86849998
2025-07-09 08:14:59.557000+00:00,2025-07-09 08:00:00+00:00,continuous,108674.7,108730.0,108633.9,108715.9,52923943.04829989
2025-07-09 08:29:59.911000+00:00,2025-07-09 08:15:00+00:00,continuous,108715.9,108799.0,108702.3,108765.7,43587919.914799795
2025-07-09 08:44:59.851000+00:00,2025-07-09 08:30:00+00:00,continuous,108765.7,108780.0,108691.4,108732.3,38268946.60230007
2025-07-09 08:59:59.585000+00:00,2025-07-09 08:45:00+00:00,continuous,108732.3,108732.3,108601.0,108612.2,55761077.222199924
2025-07-09 09:14:59.853000+00:00,2025-07-09 09:00:00+00:00,continuous,108612.3,108631.6,108510.0,108510.0,78870543.91339965
2025-07-09 09:29:59.501000+00:00,2025-07-09 09:15:00+00:00,continuous,108510.1,108588.3,108510.0,108555.8,43962474.6565
2025-07-09 09:44:59.835000+00:00,2025-07-09 09:30:00+00:00,continuous,108555.8,108653.6,108537.4,108645.9,34078573.65639982
2025-07-09 09:59:59.631000+00:00,2025-07-09 09:45:00+00:00,continuous,108645.9,108737.3,108635.8,108703.6,51664754.88799983
2025-07-09 10:14:59.533000+00:00,2025-07-09 10:00:00+00:00,continuous,108703.6,108763.3,108654.2,108751.8,38963910.52340021
2025-07-09 10:29:59.792000+00:00,2025-07-09 10:15:00+00:00,continuous,108751.8,108792.3,108738.8,108740.0,29897956.106499992
2025-07-09 10:44:59.693000+00:00,2025-07-09 10:30:00+00:00,continuous,108740.1,108831.6,108740.0,108831.6,46576777.45539999
2025-07-09 10:59:59.993000+00:00,2025-07-09 10:45:00+00:00,continuous,108831.6,108850.1,108745.5,108850.1,51329477.276399985
2025-07-09 11:14:59.535000+00:00,2025-07-09 11:00:00+00:00,continuous,108850.1,108958.9,108850.0,108954.8,97675984.55270042
2025-07-09 11:29:59.878000+00:00,2025-07-09 11:15:00+00:00,continuous,108954.7,109032.2,108954.7,108986.7,134034494.3243007
2025-07-09 11:44:59.858000+00:00,2025-07-09 11:30:00+00:00,continuous,108986.8,109050.0,108868.9,109007.9,144605470.26359951
2025-07-09 11:59:59.845000+00:00,2025-07-09 11:45:00+00:00,continuous,109008.0,109074.0,108980.2,109008.3,96418198.51640007
2025-07-09 12:14:59.996000+00:00,2025-07-09 12:00:00+00:00,continuous,109008.3,109389.0,108929.1,109350.0,425539551.1862004
2025-07-09 12:29:59.925000+00:00,2025-07-09 12:15:00+00:00,continuous,109350.2,109463.4,109330.9,109453.1,304938433.6151973
2025-07-09 12:44:59.979000+00:00,2025-07-09 12:30:00+00:00,continuous,109453.1,109472.0,109371.3,109424.3,159051455.30659968
2025-07-09 12:59:59.776000+00:00,2025-07-09 12:45:00+00:00,continuous,109424.3,109434.5,109227.5,109286.7,199561237.72240084
2025-07-09 13:14:59.916000+00:00,2025-07-09 13:00:00+00:00,continuous,109286.6,109738.5,109276.1,109664.0,555658162.9756019
2025-07-09 13:29:59.942000+00:00,2025-07-09 13:15:00+00:00,continuous,109664.0,109684.8,109506.3,109537.3,204953735.33299983
2025-07-09 13:44:59.997000+00:00,2025-07-09 13:30:00+00:00,continuous,109537.4,109677.4,109317.0,109412.4,270367284.45250076
2025-07-09 13:59:59.939000+00:00,2025-07-09 13:45:00+00:00,continuous,109412.3,109536.0,109072.2,109136.9,420785444.06409615
2025-07-09 14:14:59.909000+00:00,2025-07-09 14:00:00+00:00,continuous,109136.8,109298.7,109075.0,109222.8,195980317.36520025
2025-07-09 14:29:59.983000+00:00,2025-07-09 14:15:00+00:00,continuous,109222.7,109429.9,108864.0,108864.1,319944746.84220034
2025-07-09 14:44:59.915000+00:00,2025-07-09 14:30:00+00:00,continuous,108864.1,108864.1,108429.0,108659.6,777939176.2084973
2025-07-09 14:59:59.990000+00:00,2025-07-09 14:45:00+00:00,continuous,108659.7,108989.7,108546.2,108840.0,384650854.3846986
2025-07-09 15:14:59.984000+00:00,2025-07-09 15:00:00+00:00,continuous,108840.1,109175.3,108762.6,108763.7,334977127.45679724
2025-07-09 15:29:59.866000+00:00,2025-07-09 15:15:00+00:00,continuous,108763.6,109020.2,108763.6,108930.0,115698710.77169985
2025-07-09 15:44:59.951000+00:00,2025-07-09 15:30:00+00:00,continuous,108929.9,108990.0,108749.1,108811.3,89000339.55699968
2025-07-09 15:59:59.669000+00:00,2025-07-09 15:45:00+00:00,continuous,108810.3,109070.0,108809.9,109020.0,68902961.58249985
2025-07-09 16:14:59.770000+00:00,2025-07-09 16:00:00+00:00,continuous,109019.9,109155.0,108975.9,109082.2,102915239.05500032
2025-07-09 16:29:59.958000+00:00,2025-07-09 16:15:00+00:00,continuous,109082.2,109236.4,109049.9,109150.0,92432272.81289993
2025-07-09 16:44:59.451000+00:00,2025-07-09 16:30:00+00:00,continuous,109149.9,109299.1,109149.9,109248.8,116915757.73090011
2025-07-09 16:59:59.864000+00:00,2025-07-09 16:45:00+00:00,continuous,109248.8,109430.0,109238.0,109350.0,129082441.4809995
2025-07-09 17:14:59.731000+00:00,2025-07-09 17:00:00+00:00,continuous,109350.0,109413.8,109199.0,109206.7,121231502.33630015
2025-07-09 17:29:59.919000+00:00,2025-07-09 17:15:00+00:00,continuous,109206.7,109215.3,109013.9,109074.3,128306075.30229978
2025-07-09 17:44:59.563000+00:00,2025-07-09 17:30:00+00:00,continuous,109074.2,109173.4,108979.6,109111.1,96591231.51670048
2025-07-09 17:59:59.961000+00:00,2025-07-09 17:45:00+00:00,continuous,109111.0,109143.8,109032.0,109108.4,48977708.52379986
2025-07-09 18:14:59.963000+00:00,2025-07-09 18:00:00+00:00,continuous,109108.4,109526.0,109084.4,109419.9,267203746.48110002
2025-07-09 18:29:59.825000+00:00,2025-07-09 18:15:00+00:00,continuous,109420.0,109537.0,109336.0,109495.6,140704983.5097004
2025-07-09 18:44:59.773000+00:00,2025-07-09 18:30:00+00:00,continuous,109495.5,109505.1,109319.7,109346.7,106898234.73169985
2025-07-09 18:59:59.328000+00:00,2025-07-09 18:45:00+00:00,continuous,109346.8,109497.0,109337.2,109485.6,53684963.46899976
2025-07-09 19:14:59.358000+00:00,2025-07-09 19:00:00+00:00,continuous,109485.6,109623.6,109446.0,109623.5,113658100.56739976
2025-07-09 19:29:59.840000+00:00,2025-07-09 19:15:00+00:00,continuous,109623.6,110320.0,109623.5,110315.5,820508424.4182078
2025-07-09 19:44:59.969000+00:00,2025-07-09 19:30:00+00:00,continuous,110315.5,111413.1,110200.6,111354.7,2383096294.3692236
2025-07-09 19:59:59.940000+00:00,2025-07-09 19:45:00+00:00,continuous,111354.8,112036.8,111184.0,111718.8,1452005515.2132237
2025-07-09 20:14:59.992000+00:00,2025-07-09 20:00:00+00:00,continuous,111718.9,111931.5,111098.0,111297.3,1168212563.0381
2025-07-09 20:29:59.630000+00:00,2025-07-09 20:15:00+00:00,continuous,111297.0,111337.0,110888.0,110970.6,364574359.04719865
2025-07-09 20:44:59.873000+00:00,2025-07-09 20:30:00+00:00,continuous,110970.7,111065.5,110771.2,110976.2,350842374.85609984
2025-07-09 20:59:59.980000+00:00,2025-07-09 20:45:00+00:00,continuous,110976.2,110979.1,110508.0,110675.8,284077608.70499957
2025-07-09 21:14:59.870000+00:00,2025-07-09 21:00:00+00:00,continuous,110675.8,111140.3,110627.2,110991.1,336196653.25039935
2025-07-09 21:29:59.957000+00:00,2025-07-09 21:15:00+00:00,continuous,110991.1,111239.0,110951.9,111187.1,214784583.66380125
2025-07-09 21:44:59.579000+00:00,2025-07-09 21:30:00+00:00,continuous,111187.2,111187.2,110840.1,111013.9,163131602.9144997
2025-07-09 21:59:59.883000+00:00,2025-07-09 21:45:00+00:00,continuous,111014.0,111111.0,110785.7,110785.8,162394298.73470017
2025-07-09 22:14:59.751000+00:00,2025-07-09 22:00:00+00:00,continuous,110785.7,111265.1,110781.9,111253.9,169652325.87880015
2025-07-09 22:29:59.854000+00:00,2025-07-09 22:15:00+00:00,continuous,111253.9,111296.7,111031.5,111040.0,121803729.48310009
2025-07-09 22:44:59.995000+00:00,2025-07-09 22:30:00+00:00,continuous,111039.9,111280.1,111039.9,111267.1,103200522.93589996
2025-07-09 22:59:59.895000+00:00,2025-07-09 22:45:00+00:00,continuous,111266.0,111378.3,111251.0,111327.9,155243226.0219001
2025-07-09 23:14:59.932000+00:00,2025-07-09 23:00:00+00:00,continuous,111328.0,111418.0,111200.0,111288.5,127858619.17259999
2025-07-09 23:29:59.818000+00:00,2025-07-09 23:15:00+00:00,continuous,111288.5,111483.6,111288.5,111360.2,149924429.38930014
2025-07-09 23:44:59.737000+00:00,2025-07-09 23:30:00+00:00,continuous,111360.2,111482.0,111300.0,111316.8,96108113.92080034
2025-07-09 23:59:59.818000+00:00,2025-07-09 23:45:00+00:00,continuous,111316.8,111374.7,111178.9,111199.9,102377724.17830062
2025-07-10 00:14:59.950000+00:00,2025-07-10 00:00:00+00:00,continuous,111199.8,111286.9,111163.3,111227.7,102775024.73099929
2025-07-10 00:29:59.890000+00:00,2025-07-10 00:15:00+00:00,continuous,111227.7,111264.8,111100.0,111100.0,74257023.2715003
2025-07-10 00:44:59.931000+00:00,2025-07-10 00:30:00+00:00,continuous,111100.0,111171.1,110960.0,110991.8,109746251.81200084
2025-07-10 00:59:59.938000+00:00,2025-07-10 00:45:00+00:00,continuous,110991.9,111065.5,110863.2,110868.6,95244937.63629995
2025-07-10 01:14:59.705000+00:00,2025-07-10 01:00:00+00:00,continuous,110868.7,110970.4,110834.6,110962.0,86245145.25320028
2025-07-10 01:29:59.276000+00:00,2025-07-10 01:15:00+00:00,continuous,110961.9,111129.0,110961.9,111066.7,73475151.66339982
2025-07-10 01:44:59.645000+00:00,2025-07-10 01:30:00+00:00,continuous,111066.6,111169.9,111057.3,111149.9,83952276.1857999
2025-07-10 01:59:59.881000+00:00,2025-07-10 01:45:00+00:00,continuous,111150.0,111320.2,111110.2,111148.3,106304072.32889989
2025-07-10 02:14:59.788000+00:00,2025-07-10 02:00:00+00:00,continuous,111148.3,111379.9,111148.3,111316.7,91716291.50540037
2025-07-10 02:29:59.990000+00:00,2025-07-10 02:15:00+00:00,continuous,111316.7,111548.3,111249.4,111249.4,225452569.9412011
2025-07-10 02:44:59.888000+00:00,2025-07-10 02:30:00+00:00,continuous,111249.5,111327.0,111109.8,111137.3,77048987.05359975
2025-07-10 02:59:59.732000+00:00,2025-07-10 02:45:00+00:00,continuous,111137.3,111203.5,111088.0,111178.4,68832231.22759973
2025-07-10 03:14:59.996000+00:00,2025-07-10 03:00:00+00:00,continuous,111178.4,111183.3,111086.7,111086.7,58406454.57690022
2025-07-10 03:29:59.877000+00:00,2025-07-10 03:15:00+00:00,continuous,111086.8,111175.2,111008.6,111008.7,83965336.61369969
2025-07-10 03:44:59.758000+00:00,2025-07-10 03:30:00+00:00,continuous,111008.6,111038.7,110937.5,110978.9,60909759.31489955
2025-07-10 03:59:59.891000+00:00,2025-07-10 03:45:00+00:00,continuous,110979.0,111037.0,110960.0,111028.2,53521928.92400019
2025-07-10 04:14:59.466000+00:00,2025-07-10 04:00:00+00:00,continuous,111028.3,111028.3,110905.3,110905.3,55294057.08169993
2025-07-10 04:29:59.843000+00:00,2025-07-10 04:15:00+00:00,continuous,110905.3,111027.3,110905.3,111007.2,41328335.85190006
2025-07-10 04:44:59.834000+00:00,2025-07-10 04:30:00+00:00,continuous,111007.1,111111.0,111007.1,111109.0,72251769.1941001
2025-07-10 04:59:59.573000+00:00,2025-07-10 04:45:00+00:00,continuous,111108.9,111146.1,111036.8,111106.9,71468170.55580038
2025-07-10 05:14:59.953000+00:00,2025-07-10 05:00:00+00:00,continuous,111106.9,111123.2,110928.0,110941.2,80661890.58579959
2025-07-10 05:29:59.941000+00:00,2025-07-10 05:15:00+00:00,continuous,110941.1,110968.5,110894.2,110954.3,66124289.12160037
2025-07-10 05:44:59.892000+00:00,2025-07-10 05:30:00+00:00,continuous,110954.3,110954.4,110903.1,110906.9,37134134.229100086
2025-07-10 05:59:59.937000+00:00,2025-07-10 05:45:00+00:00,continuous,110907.0,111127.6,110903.4,111058.4,94161887.55039985
2025-07-10 06:14:59.587000+00:00,2025-07-10 06:00:00+00:00,continuous,111058.4,111151.0,111050.4,111113.5,55932089.3684
2025-07-10 06:29:59.862000+00:00,2025-07-10 06:15:00+00:00,continuous,111113.6,111270.0,111096.0,111225.3,97034294.2796004
2025-07-10 06:44:59.873000+00:00,2025-07-10 06:30:00+00:00,continuous,111225.4,111242.9,111093.6,111093.7,52946964.68699995
2025-07-10 06:59:59.819000+00:00,2025-07-10 06:45:00+00:00,continuous,111093.6,111231.0,111093.6,111184.7,38594426.37530001
2025-07-10 07:14:59.896000+00:00,2025-07-10 07:00:00+00:00,continuous,111184.7,111399.7,111167.0,111346.0,134610047.47899973
2025-07-10 07:29:59.367000+00:00,2025-07-10 07:15:00+00:00,continuous,111346.0,111382.2,111256.9,111322.9,85738594.94129921
2025-07-10 07:44:59.824000+00:00,2025-07-10 07:30:00+00:00,continuous,111322.8,111336.5,111161.2,111215.9,104706642.45200059
2025-07-10 07:59:59.919000+00:00,2025-07-10 07:45:00+00:00,continuous,111216.0,111241.1,111085.7,111186.1,79270614.34569986
2025-07-10 08:14:59.792000+00:00,2025-07-10 08:00:00+00:00,continuous,111186.2,111186.2,111082.6,111083.4,78076967.78639948
2025-07-10 08:29:59.797000+00:00,2025-07-10 08:15:00+00:00,continuous,111083.3,111248.1,111083.3,111221.8,60727936.4115006
2025-07-10 08:44:59.751000+00:00,2025-07-10 08:30:00+00:00,continuous,111222.0,111370.3,111222.0,111359.5,78292750.2938002
2025-07-10 08:59:59.637000+00:00,2025-07-10 08:45:00+00:00,continuous,111359.5,111359.5,111162.4,111185.2,76125402.6324004
2025-07-10 09:14:59.851000+00:00,2025-07-10 09:00:00+00:00,continuous,111185.2,111215.2,111091.9,111124.4,70105513.26960008
2025-07-10 09:29:59.758000+00:00,2025-07-10 09:15:00+00:00,continuous,111124.3,111173.2,111066.6,111088.0,61577505.39819958
2025-07-10 09:44:59.338000+00:00,2025-07-10 09:30:00+00:00,continuous,111087.9,111139.5,111029.9,111040.9,69908633.20820028
2025-07-10 09:59:59.990000+00:00,2025-07-10 09:45:00+00:00,continuous,111040.9,111064.4,110970.5,110997.8,63135035.01029992
2025-07-10 10:14:59.991000+00:00,2025-07-10 10:00:00+00:00,continuous,110997.8,111059.7,110950.0,110950.1,80354918.54000024
2025-07-10 10:29:59.903000+00:00,2025-07-10 10:15:00+00:00,continuous,110950.1,111017.9,110950.0,110967.5,114262629.96030004
2025-07-10 10:44:59.997000+00:00,2025-07-10 10:30:00+00:00,continuous,110967.5,111018.4,110850.8,110900.7,161973046.39739984
2025-07-10 10:59:59.882000+00:00,2025-07-10 10:45:00+00:00,continuous,110900.8,111056.1,110800.0,111036.8,191487342.0157
2025-07-10 11:14:59.969000+00:00,2025-07-10 11:00:00+00:00,continuous,111036.7,111137.9,110968.0,111035.9,106514239.47149995
2025-07-10 11:29:59.636000+00:00,2025-07-10 11:15:00+00:00,continuous,111036.0,111130.3,110999.0,111111.2,72720309.44330056
2025-07-10 11:44:59.545000+00:00,2025-07-10 11:30:00+00:00,continuous,111111.2,111111.2,110980.4,111037.4,34199567.93600001
2025-07-10 11:59:59.880000+00:00,2025-07-10 11:45:00+00:00,continuous,111037.5,111047.9,110915.4,110972.2,53852982.350500055
2025-07-10 12:14:59.795000+00:00,2025-07-10 12:00:00+00:00,continuous,110972.1,110972.2,110755.8,110760.2,207922151.3397995
2025-07-10 12:29:59.905000+00:00,2025-07-10 12:15:00+00:00,continuous,110760.1,110910.2,110693.8,110865.4,139930341.59530005
2025-07-10 12:44:59.970000+00:00,2025-07-10 12:30:00+00:00,continuous,110865.4,110884.2,110769.2,110782.7,55221465.57780072
2025-07-10 12:59:59.445000+00:00,2025-07-10 12:45:00+00:00,continuous,110782.6,110822.4,110708.6,110809.0,87826344.6549004
2025-07-10 13:14:59.429000+00:00,2025-07-10 13:00:00+00:00,continuous,110808.9,110926.7,110767.0,110838.2,97716412.37880045
2025-07-10 13:29:59.978000+00:00,2025-07-10 13:15:00+00:00,continuous,110838.2,110987.0,110828.6,110986.9,111021488.85010016
2025-07-10 13:44:59.952000+00:00,2025-07-10 13:30:00+00:00,continuous,110987.0,110988.0,110432.2,110759.5,403331727.59920067
2025-07-10 13:59:59.879000+00:00,2025-07-10 13:45:00+00:00,continuous,110760.0,110950.0,110553.3,110750.0,351780315.1773007
2025-07-10 14:14:59.953000+00:00,2025-07-10 14:00:00+00:00,continuous,110750.0,111088.0,110579.3,111050.7,321865235.2499984
2025-07-10 14:29:59.858000+00:00,2025-07-10 14:15:00+00:00,continuous,111050.8,111273.2,110652.9,110817.2,480422665.5998997
2025-07-10 14:44:59.818000+00:00,2025-07-10 14:30:00+00:00,continuous,110817.2,111163.6,110771.3,111014.3,220734843.03169942
2025-07-10 14:59:59.929000+00:00,2025-07-10 14:45:00+00:00,continuous,111014.2,111200.0,110930.0,111195.0,133645581.51810013
2025-07-10 15:14:59.761000+00:00,2025-07-10 15:00:00+00:00,continuous,111195.1,111250.0,110912.7,110945.2,150469354.33400005
2025-07-10 15:29:59.918000+00:00,2025-07-10 15:15:00+00:00,continuous,110945.2,111319.8,110945.2,111277.4,195725025.43010125
2025-07-10 15:44:59.998000+00:00,2025-07-10 15:30:00+00:00,continuous,111277.5,111363.5,111045.4,111137.4,193509870.56109977
2025-07-10 15:59:59.933000+00:00,2025-07-10 15:45:00+00:00,continuous,111137.5,111362.7,111093.1,111350.0,119582174.85790037
2025-07-10 16:14:59.997000+00:00,2025-07-10 16:00:00+00:00,continuous,111350.2,111445.0,111267.7,111409.5,250624902.50110087
2025-07-10 16:29:59.990000+00:00,2025-07-10 16:15:00+00:00,continuous,111409.4,112510.0,111409.4,112345.3,1643105591.9188936
2025-07-10 16:44:59.900000+00:00,2025-07-10 16:30:00+00:00,continuous,112345.3,112666.0,112345.3,112585.9,909960858.1200994
2025-07-10 16:59:59.844000+00:00,2025-07-10 16:45:00+00:00,continuous,112586.0,112616.0,112341.9,112596.3,520651597.7329021
2025-07-10 17:14:59.966000+00:00,2025-07-10 17:00:00+00:00,continuous,112596.4,113430.7,112510.7,113396.2,1265191591.2780979
2025-07-10 17:29:59.993000+00:00,2025-07-10 17:15:00+00:00,continuous,113396.3,113414.6,113110.7,113405.2,515829834.8200973
2025-07-10 17:44:59.718000+00:00,2025-07-10 17:30:00+00:00,continuous,113405.3,113724.1,113363.2,113579.4,649229798.7037002
2025-07-10 17:59:59.954000+00:00,2025-07-10 17:45:00+00:00,continuous,113579.5,113760.0,113406.0,113682.2,464971212.7227012
2025-07-10 18:14:59.891000+00:00,2025-07-10 18:00:00+00:00,continuous,113682.3,113708.1,113243.2,113312.0,471895896.45969826
2025-07-10 18:29:59.989000+00:00,2025-07-10 18:15:00+00:00,continuous,113312.0,113600.1,113064.5,113149.2,510996866.91079986
2025-07-10 18:44:59.668000+00:00,2025-07-10 18:30:00+00:00,continuous,113149.3,113280.2,112990.0,113032.4,382971947.9423005
2025-07-10 18:59:59.885000+00:00,2025-07-10 18:45:00+00:00,continuous,113032.4,113415.8,112953.2,113381.3,190573518.1202003
2025-07-10 19:14:59.978000+00:00,2025-07-10 19:00:00+00:00,continuous,113381.3,113645.9,113381.3,113599.9,335580583.5105985
2025-07-10 19:29:59.966000+00:00,2025-07-10 19:15:00+00:00,continuous,113599.9,113618.5,113284.1,113284.2,295205470.4033004
2025-07-10 19:44:59.754000+00:00,2025-07-10 19:30:00+00:00,continuous,113284.1,113284.2,113059.3,113210.8,284315161.4226998
2025-07-10 19:59:59.831000+00:00,2025-07-10 19:45:00+00:00,continuous,113210.7,113355.2,113031.3,113246.1,194655377.03709948
2025-07-10 20:14:59.581000+00:00,2025-07-10 20:00:00+00:00,continuous,113246.1,113460.1,113208.4,113388.7,139739322.49829993
2025-07-10 20:29:59.145000+00:00,2025-07-10 20:15:00+00:00,continuous,113388.8,113449.6,113315.1,113378.3,73133368.55649972
2025-07-10 20:44:59.826000+00:00,2025-07-10 20:30:00+00:00,continuous,113378.3,113526.6,113308.6,113526.6,124765297.22489966
2025-07-10 20:59:59.921000+00:00,2025-07-10 20:45:00+00:00,continuous,113526.6,113530.4,113367.5,113426.0,92799510.56820007
2025-07-10 21:14:59.890000+00:00,2025-07-10 21:00:00+00:00,continuous,113426.0,113680.0,113320.7,113622.7,217681854.7805005
2025-07-10 21:29:59.915000+00:00,2025-07-10 21:15:00+00:00,continuous,113622.7,117500.0,113556.2,115690.1,4386216802.426218
2025-07-10 21:44:59.942000+00:00,2025-07-10 21:30:00+00:00,continuous,115690.1,116800.0,115662.5,116273.0,1144620070.2792237
2025-07-10 21:59:59.944000+00:00,2025-07-10 21:45:00+00:00,continuous,116272.9,116698.2,115917.1,116459.4,714489034.0597017
2025-07-10 22:14:59.937000+00:00,2025-07-10 22:00:00+00:00,continuous,116459.5,116473.7,115938.6,116065.6,663463726.107001
2025-07-10 22:29:59.990000+00:00,2025-07-10 22:15:00+00:00,continuous,116065.6,116244.6,115837.2,115878.4,376410925.78690064
2025-07-10 22:44:59.963000+00:00,2025-07-10 22:30:00+00:00,continuous,115878.4,115941.3,115750.0,115924.6,309252592.0298994
2025-07-10 22:59:59.965000+00:00,2025-07-10 22:45:00+00:00,continuous,115924.7,116172.5,115890.2,115983.6,331445814.8196983
2025-07-10 23:14:59.982000+00:00,2025-07-10 23:00:00+00:00,continuous,115983.7,116074.3,115859.8,115969.9,233317862.40099955
2025-07-10 23:29:59.842000+00:00,2025-07-10 23:15:00+00:00,continuous,115970.0,115981.0,115742.8,115745.9,218163210.07819873
2025-07-10 23:44:59.830000+00:00,2025-07-10 23:30:00+00:00,continuous,115745.8,115778.7,115618.3,115745.1,274571173.82009774
2025-07-10 23:59:59.979000+00:00,2025-07-10 23:45:00+00:00,continuous,115745.1,115979.2,115694.9,115979.2,124742667.2290998
2025-07-11 00:14:59.863000+00:00,2025-07-11 00:00:00+00:00,continuous,115979.2,116051.0,115835.5,115844.7,184520757.15379995
2025-07-11 00:29:59.968000+00:00,2025-07-11 00:15:00+00:00,continuous,115844.6,115857.0,115186.7,115462.9,439365355.9137005
2025-07-11 00:44:59.816000+00:00,2025-07-11 00:30:00+00:00,continuous,115463.0,115701.5,115275.3,115418.2,175210140.21760023
2025-07-11 00:59:59.912000+00:00,2025-07-11 00:45:00+00:00,continuous,115418.2,115700.0,115378.2,115544.9,194125187.2208997
2025-07-11 01:14:59.940000+00:00,2025-07-11 01:00:00+00:00,continuous,115544.9,115633.8,115467.0,115615.5,136698178.68369982
2025-07-11 01:29:59.903000+00:00,2025-07-11 01:15:00+00:00,continuous,115615.6,115939.4,115615.6,115908.3,136851977.48670053
2025-07-11 01:44:59.895000+00:00,2025-07-11 01:30:00+00:00,continuous,115908.2,115964.6,115838.3,115962.5,92006348.97489938
2025-07-11 01:59:59.276000+00:00,2025-07-11 01:45:00+00:00,continuous,115962.4,116039.4,115828.9,115934.7,110157641.26590018
2025-07-11 02:14:59.935000+00:00,2025-07-11 02:00:00+00:00,continuous,115934.7,115956.8,115670.0,115940.0,124862991.03990056
2025-07-11 02:29:59.939000+00:00,2025-07-11 02:15:00+00:00,continuous,115939.9,116273.5,115939.9,116241.5,252334664.04430014
2025-07-11 02:44:59.938000+00:00,2025-07-11 02:30:00+00:00,continuous,116241.6,116537.0,116204.0,116459.3,403314797.7008023
2025-07-11 02:59:59.811000+00:00,2025-07-11 02:45:00+00:00,continuous,116459.2,116754.3,116411.2,116614.7,347180961.98759675
2025-07-11 03:14:59.892000+00:00,2025-07-11 03:00:00+00:00,continuous,116614.7,116614.7,116383.1,116430.0,256309293.1039985
2025-07-11 03:29:59.243000+00:00,2025-07-11 03:15:00+00:00,continuous,116430.0,116550.0,116322.0,116467.6,158894729.72100064
2025-07-11 03:44:59.730000+00:00,2025-07-11 03:30:00+00:00,continuous,116467.7,116538.4,116370.0,116538.4,91831019.38949981
2025-07-11 03:59:59.998000+00:00,2025-07-11 03:45:00+00:00,continuous,116538.4,116945.8,116538.4,116839.5,370125651.24830145
2025-07-11 04:14:59.931000+00:00,2025-07-11 04:00:00+00:00,continuous,116839.4,116839.5,116528.2,116582.3,186788485.8957014
2025-07-11 04:29:59.963000+00:00,2025-07-11 04:15:00+00:00,continuous,116582.4,116618.6,116473.9,116513.5,92111849.7064998
2025-07-11 04:44:59.675000+00:00,2025-07-11 04:30:00+00:00,continuous,116513.4,116620.0,116429.2,116600.0,111882846.88810007
2025-07-11 04:59:59.886000+00:00,2025-07-11 04:45:00+00:00,continuous,116599.9,116886.2,116573.6,116858.6,236601954.14920005
2025-07-11 05:14:59.997000+00:00,2025-07-11 05:00:00+00:00,continuous,116858.5,117331.7,116858.5,117159.3,546831685.1225016
2025-07-11 05:29:59.889000+00:00,2025-07-11 05:15:00+00:00,continuous,117159.2,117445.0,117062.7,117440.4,415357647.8341958
2025-07-11 05:44:59.949000+00:00,2025-07-11 05:30:00+00:00,continuous,117440.3,118102.3,117374.4,117926.7,1003853552.1875021
2025-07-11 05:59:59.999000+00:00,2025-07-11 05:45:00+00:00,continuous,117926.4,118395.9,117730.1,117819.8,1135995182.4458995
2025-07-11 06:14:59.927000+00:00,2025-07-11 06:00:00+00:00,continuous,117819.7,118365.0,117767.1,117993.7,595228389.8183972
2025-07-11 06:29:59.909000+00:00,2025-07-11 06:15:00+00:00,continuous,117993.6,118294.3,117891.2,118096.5,218373280.7611994
2025-07-11 06:44:59.980000+00:00,2025-07-11 06:30:00+00:00,continuous,118096.5,118140.0,117854.8,117936.3,280144243.9998019
2025-07-11 06:59:59.967000+00:00,2025-07-11 06:45:00+00:00,continuous,117936.4,117957.5,117570.8,117626.8,511388493.15160346
2025-07-11 07:14:59.880000+00:00,2025-07-11 07:00:00+00:00,continuous,117626.9,117628.7,117431.1,117443.7,385478776.28569794
2025-07-11 07:29:59.916000+00:00,2025-07-11 07:15:00+00:00,continuous,117443.7,117877.0,117442.8,117857.2,381183475.62810016
2025-07-11 07:44:59.913000+00:00,2025-07-11 07:30:00+00:00,continuous,117857.1,118089.0,117733.8,117931.5,312251943.27950156
2025-07-11 07:59:59.839000+00:00,2025-07-11 07:45:00+00:00,continuous,117931.4,117970.6,117499.0,117522.7,310877662.76419777
2025-07-11 08:14:59.792000+00:00,2025-07-11 08:00:00+00:00,continuous,117522.7,117797.0,117522.7,117762.7,257016509.89459956
2025-07-11 08:29:59.541000+00:00,2025-07-11 08:15:00+00:00,continuous,117762.7,117959.6,117720.4,117944.3,149991507.14630035
2025-07-11 08:44:59.494000+00:00,2025-07-11 08:30:00+00:00,continuous,117944.3,118118.0,117788.2,117978.8,221123246.92240122
2025-07-11 08:59:59.951000+00:00,2025-07-11 08:45:00+00:00,continuous,117978.9,118050.0,117902.1,117950.0,125214527.96850018
2025-07-11 09:14:59.891000+00:00,2025-07-11 09:00:00+00:00,continuous,117950.0,118016.9,117861.0,118008.0,128763198.0878003
2025-07-11 09:29:59.933000+00:00,2025-07-11 09:15:00+00:00,continuous,118007.9,118211.0,118007.9,118138.6,178518143.51270247
2025-07-11 09:44:59.922000+00:00,2025-07-11 09:30:00+00:00,continuous,118138.6,118882.8,118100.0,118567.9,804448082.0862966
2025-07-11 09:59:59.997000+00:00,2025-07-11 09:45:00+00:00,continuous,118568.0,118728.5,118371.0,118452.5,278434429.96730024
2025-07-11 10:14:59.966000+00:00,2025-07-11 10:00:00+00:00,continuous,118452.5,118452.5,118100.0,118121.1,318668120.02119744
2025-07-11 10:29:59.970000+00:00,2025-07-11 10:15:00+00:00,continuous,118121.0,118333.8,118053.0,118227.7,253236598.80009997
2025-07-11 10:44:59.968000+00:00,2025-07-11 10:30:00+00:00,continuous,118227.7,118300.1,118010.0,118067.3,120498163.2879005
2025-07-11 10:59:59.999000+00:00,2025-07-11 10:45:00+00:00,continuous,118067.2,118159.9,117918.0,117960.8,122174378.26230006
2025-07-11 11:14:59.899000+00:00,2025-07-11 11:00:00+00:00,continuous,117960.9,118090.6,117658.8,117710.8,224124832.99239922
2025-07-11 11:29:59.868000+00:00,2025-07-11 11:15:00+00:00,continuous,117710.7,117733.3,117581.3,117670.7,190261528.86569956
2025-07-11 11:44:59.962000+00:00,2025-07-11 11:30:00+00:00,continuous,117670.8,117814.6,117670.7,117750.1,148061467.05519894
2025-07-11 11:59:59.981000+00:00,2025-07-11 11:45:00+00:00,continuous,117750.1,117936.0,117670.6,117790.1,126105017.04870084
2025-07-11 12:14:59.919000+00:00,2025-07-11 12:00:00+00:00,continuous,117790.0,118226.0,117790.0,118200.0,228914657.4842991
2025-07-11 12:29:59.960000+00:00,2025-07-11 12:15:00+00:00,continuous,118200.0,118200.1,117700.0,117708.5,155589415.5944
2025-07-11 12:44:59.980000+00:00,2025-07-11 12:30:00+00:00,continuous,117708.5,117865.0,117701.5,117736.8,108118013.95389998
2025-07-11 12:59:59.810000+00:00,2025-07-11 12:45:00+00:00,continuous,117736.8,117892.2,117684.6,117838.2,144851245.47200054
2025-07-11 13:14:59.916000+00:00,2025-07-11 13:00:00+00:00,continuous,117838.1,118011.5,117650.0,117765.3,228264073.22720006
2025-07-11 13:29:59.514000+00:00,2025-07-11 13:15:00+00:00,continuous,117765.4,117834.3,117562.9,117618.1,178404792.93820027
2025-07-11 13:44:59.954000+00:00,2025-07-11 13:30:00+00:00,continuous,117618.0,117786.9,117255.0,117415.3,644462820.3584092
2025-07-11 13:59:59.947000+00:00,2025-07-11 13:45:00+00:00,continuous,117415.2,118191.9,117289.0,117967.1,473403305.32730246
2025-07-11 14:14:59.985000+00:00,2025-07-11 14:00:00+00:00,continuous,117967.0,118160.0,117748.2,117921.5,294690949.23880273
2025-07-11 14:29:59.479000+00:00,2025-07-11 14:15:00+00:00,continuous,117921.4,118050.0,117651.6,117910.0,249567372.81900018
2025-07-11 14:44:59.740000+00:00,2025-07-11 14:30:00+00:00,continuous,117910.0,118150.8,117800.7,118005.9,217142319.7569006
2025-07-11 14:59:59.987000+00:00,2025-07-11 14:45:00+00:00,continuous,118005.7,118013.9,117361.2,117847.9,401926862.5878996
2025-07-11 15:14:59.861000+00:00,2025-07-11 15:00:00+00:00,continuous,117847.9,117950.0,117540.3,117624.9,247709633.6816995
2025-07-11 15:29:59.805000+00:00,2025-07-11 15:15:00+00:00,continuous,117624.9,117968.7,117582.2,117755.8,178229712.59859896
2025-07-11 15:44:59.538000+00:00,2025-07-11 15:30:00+00:00,continuous,117755.8,117755.9,117375.0,117410.3,257950646.06119952
2025-07-11 15:59:59.899000+00:00,2025-07-11 15:45:00+00:00,continuous,117410.4,117464.5,116725.1,116910.3,910619462.6694989
2025-07-11 16:14:59.999000+00:00,2025-07-11 16:00:00+00:00,continuous,116910.3,117161.6,116611.1,116856.4,614518716.2598008
2025-07-11 16:29:59.886000+00:00,2025-07-11 16:15:00+00:00,continuous,116856.5,117296.3,116640.5,117296.3,307508988.1717983
2025-07-11 16:44:59.877000+00:00,2025-07-11 16:30:00+00:00,continuous,117296.2,117434.1,117207.2,117303.7,213685433.59179938
2025-07-11 16:59:59.905000+00:00,2025-07-11 16:45:00+00:00,continuous,117303.8,117454.0,117096.4,117403.1,148253945.0354995
2025-07-11 17:14:59.988000+00:00,2025-07-11 17:00:00+00:00,continuous,117403.0,117750.0,117350.0,117486.2,296280994.1077011
2025-07-11 17:29:59.790000+00:00,2025-07-11 17:15:00+00:00,continuous,117486.1,117666.9,117354.0,117514.2,168548396.4740001
2025-07-11 17:44:59.483000+00:00,2025-07-11 17:30:00+00:00,continuous,117514.2,117565.3,117234.0,117386.5,125691695.99010006
2025-07-11 17:59:59.541000+00:00,2025-07-11 17:45:00+00:00,continuous,117386.4,117679.9,117379.6,117625.1,95912129.39640039
2025-07-11 18:14:59.819000+00:00,2025-07-11 18:00:00+00:00,continuous,117625.1,117735.4,117480.0,117560.6,103381054.88890068
2025-07-11 18:29:59.869000+00:00,2025-07-11 18:15:00+00:00,continuous,117560.7,117656.2,117290.5,117328.0,96479271.4966006
2025-07-11 18:44:59.856000+00:00,2025-07-11 18:30:00+00:00,continuous,117328.0,117615.4,117293.2,117611.9,87678111.30950016
2025-07-11 18:59:59.757000+00:00,2025-07-11 18:45:00+00:00,continuous,117611.9,117700.0,117473.4,117692.8,72377548.16980007
2025-07-11 19:14:59.992000+00:00,2025-07-11 19:00:00+00:00,continuous,117692.8,117727.9,117401.2,117727.8,100380430.40990032
2025-07-11 19:29:59.497000+00:00,2025-07-11 19:15:00+00:00,continuous,117727.8,118128.0,117708.5,117877.5,326385745.6124025
2025-07-11 19:44:59.497000+00:00,2025-07-11 19:30:00+00:00,continuous,117877.6,117940.1,117750.0,117809.7,93467807.74079964
2025-07-11 19:59:59.876000+00:00,2025-07-11 19:45:00+00:00,continuous,117809.8,118106.4,117769.8,118072.7,158424470.73910046
2025-07-11 20:14:59.173000+00:00,2025-07-11 20:00:00+00:00,continuous,118072.7,118072.7,117813.3,117919.2,129959503.7127004
2025-07-11 20:29:59.792000+00:00,2025-07-11 20:15:00+00:00,continuous,117919.2,118021.8,117812.5,117899.9,68312636.29729964
2025-07-11 20:44:59.907000+00:00,2025-07-11 20:30:00+00:00,continuous,117900.0,117911.5,117721.8,117778.7,89722438.05839986
2025-07-11 20:59:59.923000+00:00,2025-07-11 20:45:00+00:00,continuous,117778.6,117849.7,117615.3,117619.5,105173003.6148999
2025-07-11 21:14:58.682000+00:00,2025-07-11 21:00:00+00:00,continuous,117619.5,117712.3,117516.0,117621.4,104344665.72500078
2025-07-11 21:29:59.998000+00:00,2025-07-11 21:15:00+00:00,continuous,117621.3,117868.0,117572.7,117825.6,92769007.43099976
2025-07-11 21:44:59.916000+00:00,2025-07-11 21:30:00+00:00,continuous,117825.7,117825.7,117431.2,117449.2,143325882.80249977
2025-07-11 21:59:59.983000+00:00,2025-07-11 21:45:00+00:00,continuous,117448.9,117647.2,117434.3,117585.8,60785040.08719965
2025-07-11 22:14:59.883000+00:00,2025-07-11 22:00:00+00:00,continuous,117585.8,117619.6,117469.6,117469.7,65335842.61100012
2025-07-11 22:29:59.759000+00:00,2025-07-11 22:15:00+00:00,continuous,117469.7,117537.7,117157.0,117242.0,191863127.365401
2025-07-11 22:44:59.882000+00:00,2025-07-11 22:30:00+00:00,continuous,117241.1,117643.0,117130.0,117389.2,281631698.96759814
2025-07-11 22:59:59.120000+00:00,2025-07-11 22:45:00+00:00,continuous,117389.2,117599.0,117338.9,117591.5,108804946.13029964
2025-07-11 23:14:59.823000+00:00,2025-07-11 23:00:00+00:00,continuous,117591.5,117646.9,117531.0,117643.9,84866587.65160073
2025-07-11 23:29:59.725000+00:00,2025-07-11 23:15:00+00:00,continuous,117644.0,117644.0,117533.7,117584.5,61346491.94430024
2025-07-11 23:44:59.670000+00:00,2025-07-11 23:30:00+00:00,continuous,117584.5,117639.6,117475.0,117555.7,54523862.99529997
2025-07-11 23:59:59.852000+00:00,2025-07-11 23:45:00+00:00,continuous,117555.8,117616.1,117410.0,117500.0,51923863.236699745
2025-07-12 00:14:59.955000+00:00,2025-07-12 00:00:00+00:00,continuous,117500.0,117625.0,117431.2,117515.2,56318569.94969996
2025-07-12 00:29:59.575000+00:00,2025-07-12 00:15:00+00:00,continuous,117515.1,117526.2,117438.8,117481.5,47701953.51550016
2025-07-12 00:44:59.912000+00:00,2025-07-12 00:30:00+00:00,continuous,117481.5,117481.6,117055.0,117204.6,174017131.5044996
2025-07-12 00:59:59.360000+00:00,2025-07-12 00:45:00+00:00,continuous,117204.5,117383.2,117167.3,117379.4,60061868.093000755
2025-07-12 01:14:59.761000+00:00,2025-07-12 01:00:00+00:00,continuous,117379.4,117662.0,117379.3,117579.3,96985192.42029954
2025-07-12 01:29:59.498000+00:00,2025-07-12 01:15:00+00:00,continuous,117579.2,117658.3,117548.3,117658.2,56464641.513300166
2025-07-12 01:44:59.702000+00:00,2025-07-12 01:30:00+00:00,continuous,117658.3,117658.3,117520.0,117574.8,39570100.40299999
2025-07-12 01:59:59.841000+00:00,2025-07-12 01:45:00+00:00,continuous,117574.9,117653.7,117555.1,117618.6,40812623.50679989
2025-07-12 02:14:59.755000+00:00,2025-07-12 02:00:00+00:00,continuous,117618.6,117717.0,117573.9,117637.9,81004613.41480017
2025-07-12 02:29:59.515000+00:00,2025-07-12 02:15:00+00:00,continuous,117637.9,117780.0,117604.8,117699.0,57639872.29270008
2025-07-12 02:44:59.496000+00:00,2025-07-12 02:30:00+00:00,continuous,117699.1,117727.8,117636.1,117637.1,39064099.13759992
2025-07-12 02:59:59.385000+00:00,2025-07-12 02:45:00+00:00,continuous,117637.2,117650.0,117526.0,117565.0,44143065.83260003
2025-07-12 03:14:59.510000+00:00,2025-07-12 03:00:00+00:00,continuous,117565.0,117765.6,117560.9,117749.2,53411595.8354002
2025-07-12 03:29:59.896000+00:00,2025-07-12 03:15:00+00:00,continuous,117749.2,117818.6,117716.3,117784.3,55698633.91090037
2025-07-12 03:44:59.625000+00:00,2025-07-12 03:30:00+00:00,continuous,117784.4,117811.0,117668.5,117668.6,36023805.3434001
2025-07-12 03:59:59.595000+00:00,2025-07-12 03:45:00+00:00,continuous,117668.5,117733.9,117601.1,117730.0,55973801.22420006
2025-07-12 04:14:59.926000+00:00,2025-07-12 04:00:00+00:00,continuous,117730.0,117845.6,117700.0,117774.9,54451150.32740006
2025-07-12 04:29:59.851000+00:00,2025-07-12 04:15:00+00:00,continuous,117774.9,117820.0,117663.0,117820.0,37015635.46930006
2025-07-12 04:44:59.724000+00:00,2025-07-12 04:30:00+00:00,continuous,117820.0,117820.0,117640.0,117684.5,35653585.97309994
2025-07-12 04:59:59.857000+00:00,2025-07-12 04:45:00+00:00,continuous,117684.5,117684.6,117527.6,117609.7,71536698.13749994
2025-07-12 05:14:59.945000+00:00,2025-07-12 05:00:00+00:00,continuous,117609.7,117639.6,117472.9,117485.7,72890589.0799003
2025-07-12 05:29:59.541000+00:00,2025-07-12 05:15:00+00:00,continuous,117485.6,117579.7,117454.9,117571.6,35931005.10530017
2025-07-12 05:44:59.247000+00:00,2025-07-12 05:30:00+00:00,continuous,117571.6,117646.6,117506.5,117587.1,36872275.72590005
2025-07-12 05:59:59.478000+00:00,2025-07-12 05:45:00+00:00,continuous,117587.1,117677.0,117564.4,117640.4,38272295.36669999
2025-07-12 06:14:59.992000+00:00,2025-07-12 06:00:00+00:00,continuous,117640.3,117739.9,117613.5,117675.9,65037955.434400395
2025-07-12 06:29:59.776000+00:00,2025-07-12 06:15:00+00:00,continuous,117675.8,117931.4,117660.0,117853.0,88029480.21840021
2025-07-12 06:44:59.747000+00:00,2025-07-12 06:30:00+00:00,continuous,117853.1,117943.8,117780.0,117906.7,118660925.80110021
2025-07-12 06:59:59.997000+00:00,2025-07-12 06:45:00+00:00,continuous,117906.7,117931.4,117791.2,117791.3,50892853.354799815
2025-07-12 07:14:59.886000+00:00,2025-07-12 07:00:00+00:00,continuous,117791.2,118036.7,117777.3,117915.5,133514430.64800017
2025-07-12 07:29:59.670000+00:00,2025-07-12 07:15:00+00:00,continuous,117915.5,118000.0,117854.8,117891.6,77129376.29040022
2025-07-12 07:44:59.690000+00:00,2025-07-12 07:30:00+00:00,continuous,117891.6,117891.6,117666.0,117678.0,100631587.1916996
2025-07-12 07:59:59.142000+00:00,2025-07-12 07:45:00+00:00,continuous,117677.9,117689.7,117579.9,117689.7,135821479.6266004
2025-07-12 08:14:59.815000+00:00,2025-07-12 08:00:00+00:00,continuous,117689.6,117800.0,117689.6,117791.9,53709483.73709991
2025-07-12 08:29:59.355000+00:00,2025-07-12 08:15:00+00:00,continuous,117792.0,117838.8,117775.0,117811.4,38943268.92459955
2025-07-12 08:44:59.797000+00:00,2025-07-12 08:30:00+00:00,continuous,117811.4,117813.6,117730.6,117776.9,44885831.984800205
2025-07-12 08:59:59.575000+00:00,2025-07-12 08:45:00+00:00,continuous,117776.9,117900.0,117673.4,117871.2,57390446.6755001
2025-07-12 09:14:58.964000+00:00,2025-07-12 09:00:00+00:00,continuous,117871.3,117893.0,117823.1,117829.5,41259887.896000035
2025-07-12 09:29:59.419000+00:00,2025-07-12 09:15:00+00:00,continuous,117829.4,118000.0,117829.3,117929.6,119348733.7893002
2025-07-12 09:44:59.794000+00:00,2025-07-12 09:30:00+00:00,continuous,117929.6,118011.8,117852.9,118011.8,75022039.13069995
2025-07-12 09:59:59.832000+00:00,2025-07-12 09:45:00+00:00,continuous,118011.8,118176.9,117969.3,118119.8,200297086.12229976
2025-07-12 10:14:59.882000+00:00,2025-07-12 10:00:00+00:00,continuous,118119.8,118119.9,117835.5,117944.0,109121969.50110081
2025-07-12 10:29:59.813000+00:00,2025-07-12 10:15:00+00:00,continuous,117944.0,118057.0,117934.3,118030.5,71026288.12569994
2025-07-12 10:44:59.474000+00:00,2025-07-12 10:30:00+00:00,continuous,118030.4,118100.5,117999.2,118034.9,45854836.445099756
2025-07-12 10:59:59.544000+00:00,2025-07-12 10:45:00+00:00,continuous,118034.9,118100.0,117946.8,118022.4,48135136.270399645
2025-07-12 11:14:59.832000+00:00,2025-07-12 11:00:00+00:00,continuous,118022.5,118064.7,117873.8,117901.2,67568898.66659957
2025-07-12 11:29:59.934000+00:00,2025-07-12 11:15:00+00:00,continuous,117901.1,118012.7,117859.1,117950.5,45290820.515799694
2025-07-12 11:44:59.787000+00:00,2025-07-12 11:30:00+00:00,continuous,117950.4,117992.3,117579.8,117643.7,168566851.01630002
2025-07-12 11:59:59.846000+00:00,2025-07-12 11:45:00+00:00,continuous,117643.8,117777.2,117643.7,117773.6,69835633.99559987
2025-07-12 12:14:59.773000+00:00,2025-07-12 12:00:00+00:00,continuous,117773.5,117819.8,117673.8,117743.4,51298645.052499965
2025-07-12 12:29:59.512000+00:00,2025-07-12 12:15:00+00:00,continuous,117743.4,117743.4,117603.9,117623.4,95716715.44170019
2025-07-12 12:44:59.965000+00:00,2025-07-12 12:30:00+00:00,continuous,117623.3,117700.3,117385.0,117450.0,265377910.6263001
2025-07-12 12:59:59.724000+00:00,2025-07-12 12:45:00+00:00,continuous,117450.0,117510.0,117220.4,117493.9,287212460.1637993
2025-07-12 13:14:59.655000+00:00,2025-07-12 13:00:00+00:00,continuous,117493.9,117536.1,117337.2,117441.7,160884502.62179995
2025-07-12 13:29:59.916000+00:00,2025-07-12 13:15:00+00:00,continuous,117441.7,117441.7,117256.4,117265.8,109254564.18420042
2025-07-12 13:44:59.855000+00:00,2025-07-12 13:30:00+00:00,continuous,117265.7,117447.6,117188.0,117332.2,112937898.95460014
2025-07-12 13:59:59.553000+00:00,2025-07-12 13:45:00+00:00,continuous,117332.2,117476.2,117215.2,117476.1,106716765.82530034
2025-07-12 14:14:59.536000+00:00,2025-07-12 14:00:00+00:00,continuous,117476.1,117718.1,117369.0,117579.7,163239852.58829984
2025-07-12 14:29:59.807000+00:00,2025-07-12 14:15:00+00:00,continuous,117579.7,117688.0,117495.9,117626.8,88316725.5932014
2025-07-12 14:44:59.983000+00:00,2025-07-12 14:30:00+00:00,continuous,117626.7,117626.7,117347.2,117427.0,95981835.44770022
2025-07-12 14:59:59.510000+00:00,2025-07-12 14:45:00+00:00,continuous,117426.9,117427.0,117270.0,117350.0,65217144.16310006
2025-07-12 15:14:59.595000+00:00,2025-07-12 15:00:00+00:00,continuous,117350.0,117374.1,117246.0,117374.1,76299988.393
2025-07-12 15:29:59.998000+00:00,2025-07-12 15:15:00+00:00,continuous,117374.1,117424.2,117102.5,117280.1,187121124.11859953
2025-07-12 15:44:59.881000+00:00,2025-07-12 15:30:00+00:00,continuous,117280.1,117400.0,116909.0,116949.1,319413509.82240105
2025-07-12 15:59:59.752000+00:00,2025-07-12 15:45:00+00:00,continuous,116949.1,117126.8,116862.4,117075.6,225050895.1673998
2025-07-12 16:14:59.880000+00:00,2025-07-12 16:00:00+00:00,continuous,117075.6,117260.0,117012.0,117240.5,134846235.1081994
2025-07-12 16:29:59.542000+00:00,2025-07-12 16:15:00+00:00,continuous,117240.4,117337.2,117213.3,117263.8,76741591.47580002
2025-07-12 16:44:59.999000+00:00,2025-07-12 16:30:00+00:00,continuous,117263.8,117372.7,117210.0,117244.5,70940487.96940012
2025-07-12 16:59:59.830000+00:00,2025-07-12 16:45:00+00:00,continuous,117244.4,117303.1,117106.5,117160.6,56148979.47290008
2025-07-12 17:14:59.553000+00:00,2025-07-12 17:00:00+00:00,continuous,117160.6,117310.3,117144.3,117248.5,57440438.1551998
2025-07-12 17:29:59.915000+00:00,2025-07-12 17:15:00+00:00,continuous,117248.5,117424.2,117248.5,117419.9,106206082.25780013
2025-07-12 17:44:59.752000+00:00,2025-07-12 17:30:00+00:00,continuous,117419.9,117518.9,117360.0,117437.0,87231235.94960006
2025-07-12 17:59:59.783000+00:00,2025-07-12 17:45:00+00:00,continuous,117437.1,117478.9,117366.6,117438.6,43551832.585299775
2025-07-12 18:14:59.718000+00:00,2025-07-12 18:00:00+00:00,continuous,117438.5,117467.2,117399.7,117433.7,34848709.085200004
2025-07-12 18:29:59.590000+00:00,2025-07-12 18:15:00+00:00,continuous,117433.6,117439.9,117357.3,117391.4,29051793.30309991
2025-07-12 18:44:59.626000+00:00,2025-07-12 18:30:00+00:00,continuous,117391.4,117459.5,117345.4,117345.4,37197087.04190002
2025-07-12 18:59:59.583000+00:00,2025-07-12 18:45:00+00:00,continuous,117345.5,117474.5,117338.9,117460.1,39746790.89210011
2025-07-12 19:14:59.767000+00:00,2025-07-12 19:00:00+00:00,continuous,117460.1,117578.5,117438.6,117559.4,62207483.10159984
2025-07-12 19:29:59.837000+00:00,2025-07-12 19:15:00+00:00,continuous,117559.5,117609.4,117411.6,117411.6,52952889.18410013
2025-07-12 19:44:59.986000+00:00,2025-07-12 19:30:00+00:00,continuous,117411.6,117575.4,117411.6,117569.2,44669959.75269983
2025-07-12 19:59:59.609000+00:00,2025-07-12 19:45:00+00:00,continuous,117569.2,117598.0,117490.3,117525.7,24286239.73919993
2025-07-12 20:14:59.915000+00:00,2025-07-12 20:00:00+00:00,continuous,117525.7,117525.7,117411.6,117413.8,37721122.4314003
2025-07-12 20:29:59.396000+00:00,2025-07-12 20:15:00+00:00,continuous,117413.7,117440.1,117378.6,117399.1,25379035.949899986
2025-07-12 20:44:59.537000+00:00,2025-07-12 20:30:00+00:00,continuous,117399.1,117399.1,117292.8,117306.5,37609905.124199964
2025-07-12 20:59:59.619000+00:00,2025-07-12 20:45:00+00:00,continuous,117306.5,117332.4,116975.6,116975.7,103029062.08499983
2025-07-12 21:14:59.710000+00:00,2025-07-12 21:00:00+00:00,continuous,116975.6,117254.3,116960.0,117106.7,90118631.8307005
2025-07-12 21:29:59.821000+00:00,2025-07-12 21:15:00+00:00,continuous,117106.8,117309.3,117106.7,117271.0,36979429.7285002
2025-07-12 21:44:59.804000+00:00,2025-07-12 21:30:00+00:00,continuous,117271.0,117527.8,117251.1,117527.8,59633711.4495002
2025-07-12 21:59:59.802000+00:00,2025-07-12 21:45:00+00:00,continuous,117527.7,117527.8,117347.1,117455.5,25600379.59650012
2025-07-12 22:14:59.853000+00:00,2025-07-12 22:00:00+00:00,continuous,117455.6,117527.4,117386.4,117435.3,61851015.71070011
2025-07-12 22:29:59.604000+00:00,2025-07-12 22:15:00+00:00,continuous,117435.4,117437.9,117270.0,117428.4,34584186.416000076
2025-07-12 22:44:59.215000+00:00,2025-07-12 22:30:00+00:00,continuous,117428.4,117491.1,117348.1,117373.3,31924549.700899962
2025-07-12 22:59:59.471000+00:00,2025-07-12 22:45:00+00:00,continuous,117373.3,117376.2,117301.7,117349.8,22510823.326999977
2025-07-12 23:14:59.662000+00:00,2025-07-12 23:00:00+00:00,continuous,117349.9,117378.6,117174.0,117222.8,42457684.143100075
2025-07-12 23:29:59.915000+00:00,2025-07-12 23:15:00+00:00,continuous,117222.8,117331.7,117222.7,117254.1,22281584.751399897
2025-07-12 23:44:59.694000+00:00,2025-07-12 23:30:00+00:00,continuous,117254.1,117287.4,117206.6,117220.1,23577518.079900008
2025-07-12 23:59:59.984000+00:00,2025-07-12 23:45:00+00:00,continuous,117220.2,117435.8,117220.1,117389.3,61782848.642800696
2025-07-13 00:14:59.885000+00:00,2025-07-13 00:00:00+00:00,continuous,117389.4,117424.6,117247.4,117284.9,51421425.03950005
2025-07-13 00:29:59.816000+00:00,2025-07-13 00:15:00+00:00,continuous,117284.9,117378.6,117212.6,117349.6,43440227.66940006
2025-07-13 00:44:59.586000+00:00,2025-07-13 00:30:00+00:00,continuous,117349.6,117410.2,117222.1,117410.2,32462578.11899997
2025-07-13 00:59:59.969000+00:00,2025-07-13 00:45:00+00:00,continuous,117410.2,117410.2,117272.9,117273.0,33071787.802099973
2025-07-13 01:14:59.623000+00:00,2025-07-13 01:00:00+00:00,continuous,117272.9,117375.8,117254.6,117300.1,31588103.11770003
2025-07-13 01:29:59.855000+00:00,2025-07-13 01:15:00+00:00,continuous,117300.1,117385.7,117164.3,117353.6,102123583.58060019
2025-07-13 01:44:59.864000+00:00,2025-07-13 01:30:00+00:00,continuous,117353.7,117510.0,117334.2,117507.4,58070566.09720011
2025-07-13 01:59:59.795000+00:00,2025-07-13 01:45:00+00:00,continuous,117507.4,117635.4,117494.1,117510.8,95807045.13760017
2025-07-13 02:14:59.287000+00:00,2025-07-13 02:00:00+00:00,continuous,117510.8,117510.8,117431.0,117431.1,37419753.80949986
2025-07-13 02:29:59.737000+00:00,2025-07-13 02:15:00+00:00,continuous,117431.0,117431.1,117360.1,117387.6,40034682.634199984
2025-07-13 02:44:59.527000+00:00,2025-07-13 02:30:00+00:00,continuous,117387.6,117477.6,117359.4,117466.9,25467817.69770004
2025-07-13 02:59:59.920000+00:00,2025-07-13 02:45:00+00:00,continuous,117467.0,117794.7,117466.9,117573.9,109093736.01019925
2025-07-13 03:14:59.846000+00:00,2025-07-13 03:00:00+00:00,continuous,117574.0,117650.0,117557.3,117561.9,36619933.35950005
2025-07-13 03:29:59.730000+00:00,2025-07-13 03:15:00+00:00,continuous,117561.9,117739.8,117557.4,117722.0,47493123.95150017
2025-07-13 03:44:59.855000+00:00,2025-07-13 03:30:00+00:00,continuous,117721.9,117791.0,117700.0,117700.0,61950177.16089999
2025-07-13 03:59:59.985000+00:00,2025-07-13 03:45:00+00:00,continuous,117700.0,117752.2,117627.9,117711.5,37364120.02139992
2025-07-13 04:14:59.991000+00:00,2025-07-13 04:00:00+00:00,continuous,117711.6,117736.7,117639.7,117708.1,33019361.82030003
2025-07-13 04:29:59.576000+00:00,2025-07-13 04:15:00+00:00,continuous,117708.0,117781.0,117680.1,117732.2,37409875.832599774
2025-07-13 04:44:59.737000+00:00,2025-07-13 04:30:00+00:00,continuous,117732.2,117835.0,117726.3,117784.9,60882428.0483003
2025-07-13 04:59:59.109000+00:00,2025-07-13 04:45:00+00:00,continuous,117784.8,117850.0,117781.8,117842.8,50822388.36240009
2025-07-13 05:14:59.322000+00:00,2025-07-13 05:00:00+00:00,continuous,117842.8,117860.0,117809.9,117820.5,65593696.41089999
2025-07-13 05:29:59.474000+00:00,2025-07-13 05:15:00+00:00,continuous,117820.4,117820.5,117733.7,117790.0,36958431.13099951
2025-07-13 05:44:59.620000+00:00,2025-07-13 05:30:00+00:00,continuous,117790.0,117858.0,117683.1,117720.1,48370766.00119969
2025-07-13 05:59:59.981000+00:00,2025-07-13 05:45:00+00:00,continuous,117720.2,117727.5,117643.1,117714.9,62963931.17689965
2025-07-13 06:14:59.544000+00:00,2025-07-13 06:00:00+00:00,continuous,117714.9,117750.0,117690.1,117739.0,30872120.56940014
2025-07-13 06:29:59.861000+00:00,2025-07-13 06:15:00+00:00,continuous,117739.0,117817.7,117718.9,117808.3,30277378.0300001
2025-07-13 06:44:59.995000+00:00,2025-07-13 06:30:00+00:00,continuous,117808.4,117942.0,117808.3,117925.2,90048305.28809988
2025-07-13 06:59:59.744000+00:00,2025-07-13 06:45:00+00:00,continuous,117925.1,117925.2,117833.0,117839.8,41199374.80429972
2025-07-13 07:14:59.932000+00:00,2025-07-13 07:00:00+00:00,continuous,117839.9,117874.9,117797.8,117843.0,40366822.145799875
2025-07-13 07:29:59.338000+00:00,2025-07-13 07:15:00+00:00,continuous,117843.1,117955.0,117843.0,117947.4,57851425.615099885
2025-07-13 07:44:58.835000+00:00,2025-07-13 07:30:00+00:00,continuous,117947.5,118040.8,117902.2,117909.4,106815486.06530046
2025-07-13 07:59:59.920000+00:00,2025-07-13 07:45:00+00:00,continuous,117909.3,117950.0,117851.0,117950.0,67910014.51560007
2025-07-13 08:14:59.983000+00:00,2025-07-13 08:00:00+00:00,continuous,117950.0,117975.4,117870.2,117902.8,46053412.98250037
2025-07-13 08:29:59.119000+00:00,2025-07-13 08:15:00+00:00,continuous,117902.7,117902.8,117769.2,117795.9,42658609.951300584
2025-07-13 08:44:59.408000+00:00,2025-07-13 08:30:00+00:00,continuous,117795.9,117795.9,117750.1,117750.2,27742204.422700003
2025-07-13 08:59:59.997000+00:00,2025-07-13 08:45:00+00:00,continuous,117750.1,117862.1,117710.0,117855.5,39845143.84289986
2025-07-13 09:14:59.857000+00:00,2025-07-13 09:00:00+00:00,continuous,117855.4,117870.3,117833.6,117841.0,26294647.26029985
2025-07-13 09:29:59.686000+00:00,2025-07-13 09:15:00+00:00,continuous,117840.9,117841.0,117750.4,117817.9,39670818.07430016
2025-07-13 09:44:59.787000+00:00,2025-07-13 09:30:00+00:00,continuous,117817.9,117818.0,117641.3,117754.3,67400439.89469989
2025-07-13 09:59:59.962000+00:00,2025-07-13 09:45:00+00:00,continuous,117754.4,117766.2,117700.0,117700.1,50578222.77800028
2025-07-13 10:14:59.947000+00:00,2025-07-13 10:00:00+00:00,continuous,117700.0,117818.5,117700.0,117801.7,39482148.365200154
2025-07-13 10:29:59.831000+00:00,2025-07-13 10:15:00+00:00,continuous,117801.8,117801.8,117745.4,117759.0,24926648.238599766
2025-07-13 10:44:59.840000+00:00,2025-07-13 10:30:00+00:00,continuous,117758.9,117759.0,117706.6,117737.6,19158237.95030012
2025-07-13 10:59:59.848000+00:00,2025-07-13 10:45:00+00:00,continuous,117737.6,117748.7,117692.6,117715.9,28247690.087799914
2025-07-13 11:14:59.455000+00:00,2025-07-13 11:00:00+00:00,continuous,117716.0,117861.9,117715.9,117861.9,42275414.547100335
2025-07-13 11:29:59.834000+00:00,2025-07-13 11:15:00+00:00,continuous,117861.9,118053.6,117825.3,118024.1,130066562.1205993
2025-07-13 11:44:59.987000+00:00,2025-07-13 11:30:00+00:00,continuous,118024.0,118024.1,117899.7,117960.0,70563803.27339955
2025-07-13 11:59:59.915000+00:00,2025-07-13 11:45:00+00:00,continuous,117960.1,118058.3,117922.7,118036.1,50941731.13969985
2025-07-13 12:14:59.881000+00:00,2025-07-13 12:00:00+00:00,continuous,118036.0,118106.5,117933.4,117986.8,92196175.1033006
2025-07-13 12:29:59.973000+00:00,2025-07-13 12:15:00+00:00,continuous,117986.9,118161.6,117986.8,118150.8,101627121.63050033
2025-07-13 12:44:59.528000+00:00,2025-07-13 12:30:00+00:00,continuous,118150.8,118150.8,118015.5,118099.9,86304628.74609978
2025-07-13 12:59:59.963000+00:00,2025-07-13 12:45:00+00:00,continuous,118099.9,118658.5,118032.0,118382.1,558698717.4376962
2025-07-13 13:14:59.923000+00:00,2025-07-13 13:00:00+00:00,continuous,118382.1,118552.0,118094.1,118120.8,278491373.3586993
2025-07-13 13:29:59.811000+00:00,2025-07-13 13:15:00+00:00,continuous,118120.8,118293.2,118118.8,118247.4,123182309.63020001
2025-07-13 13:44:59.989000+00:00,2025-07-13 13:30:00+00:00,continuous,118247.4,118620.0,118247.4,118549.9,249210621.80099928
2025-07-13 13:59:59.893000+00:00,2025-07-13 13:45:00+00:00,continuous,118549.9,118722.2,118418.5,118550.0,241889528.91919905
2025-07-13 14:14:59.994000+00:00,2025-07-13 14:00:00+00:00,continuous,118550.0,118609.0,118404.6,118575.1,140177432.79630056
2025-07-13 14:29:59.968000+00:00,2025-07-13 14:15:00+00:00,continuous,118575.1,119655.0,118575.1,119120.1,1292894331.6608999
2025-07-13 14:44:59.946000+00:00,2025-07-13 14:30:00+00:00,continuous,119120.0,119137.1,118672.0,118700.0,378557625.4209021
2025-07-13 14:59:59.977000+00:00,2025-07-13 14:45:00+00:00,continuous,118699.9,118822.6,118300.0,118713.3,419295099.9504011
2025-07-13 15:14:59.912000+00:00,2025-07-13 15:00:00+00:00,continuous,118713.3,119079.0,118603.5,118938.3,290970875.5044991
2025-07-13 15:29:59.994000+00:00,2025-07-13 15:15:00+00:00,continuous,118938.3,118961.6,118762.0,118842.6,113779753.44159958
2025-07-13 15:44:59.997000+00:00,2025-07-13 15:30:00+00:00,continuous,118842.5,118842.5,118488.0,118533.4,164363421.55279985
2025-07-13 15:59:59.780000+00:00,2025-07-13 15:45:00+00:00,continuous,118532.8,118724.0,118472.3,118610.6,99962771.02159923
2025-07-13 16:14:59.998000+00:00,2025-07-13 16:00:00+00:00,continuous,118610.6,118837.5,118581.6,118719.7,127631007.19079962
2025-07-13 16:29:59.924000+00:00,2025-07-13 16:15:00+00:00,continuous,118719.8,118943.3,118681.4,118765.0,163964672.60989913
2025-07-13 16:44:59.652000+00:00,2025-07-13 16:30:00+00:00,continuous,118765.0,118829.7,118639.0,118794.6,62821012.735899985
2025-07-13 16:59:59.949000+00:00,2025-07-13 16:45:00+00:00,continuous,118794.6,118817.8,118457.8,118466.1,137959172.10500032
2025-07-13 17:14:59.931000+00:00,2025-07-13 17:00:00+00:00,continuous,118466.0,118609.4,118325.4,118565.5,171194855.17280182
2025-07-13 17:29:59.950000+00:00,2025-07-13 17:15:00+00:00,continuous,118565.6,118681.3,118501.1,118607.9,71631161.28120019
2025-07-13 17:44:59.793000+00:00,2025-07-13 17:30:00+00:00,continuous,118607.9,118725.6,118607.9,118690.9,42706491.62299995
2025-07-13 17:59:59.985000+00:00,2025-07-13 17:45:00+00:00,continuous,118690.9,118795.3,118612.6,118640.4,81224519.49300006
2025-07-13 18:14:59.285000+00:00,2025-07-13 18:00:00+00:00,continuous,118640.3,118766.6,118524.0,118725.6,75858337.34560032
2025-07-13 18:29:59.689000+00:00,2025-07-13 18:15:00+00:00,continuous,118725.6,119018.0,118704.0,118977.1,121162954.60840055
2025-07-13 18:44:59.881000+00:00,2025-07-13 18:30:00+00:00,continuous,118977.1,118977.1,118807.3,118840.3,74799167.76739946
2025-07-13 18:59:59.880000+00:00,2025-07-13 18:45:00+00:00,continuous,118840.3,118987.7,118762.3,118940.1,48609544.62140009
2025-07-13 19:14:59.945000+00:00,2025-07-13 19:00:00+00:00,continuous,118940.2,119048.0,118902.4,119022.0,69683707.77170011
2025-07-13 19:29:59.903000+00:00,2025-07-13 19:15:00+00:00,continuous,119022.0,119283.4,118990.0,119204.2,176700410.03950027
2025-07-13 19:44:59.721000+00:00,2025-07-13 19:30:00+00:00,continuous,119204.1,119454.9,118956.9,119033.9,242756781.28810042
2025-07-13 19:59:59.876000+00:00,2025-07-13 19:45:00+00:00,continuous,119033.9,119200.0,118855.4,118923.0,108661578.4278006
2025-07-13 20:14:59.473000+00:00,2025-07-13 20:00:00+00:00,continuous,118922.9,118935.6,118771.2,118914.0,121116407.58630006
2025-07-13 20:29:59.417000+00:00,2025-07-13 20:15:00+00:00,continuous,118913.9,119248.1,118913.9,119232.1,73770261.50759993
2025-07-13 20:44:59.828000+00:00,2025-07-13 20:30:00+00:00,continuous,119232.0,119333.0,119012.6,119012.6,73073035.60560009
2025-07-13 20:59:59.530000+00:00,2025-07-13 20:45:00+00:00,continuous,119012.7,119134.1,118955.7,119028.7,53868692.21510022
2025-07-13 21:14:59.964000+00:00,2025-07-13 21:00:00+00:00,continuous,119028.7,119028.8,118811.2,118846.6,60791824.376500234
2025-07-13 21:29:59.929000+00:00,2025-07-13 21:15:00+00:00,continuous,118846.7,118961.6,118832.2,118895.8,50201717.58459997
2025-07-13 21:44:59.964000+00:00,2025-07-13 21:30:00+00:00,continuous,118895.9,118904.0,118411.8,118651.8,240622466.55759987
2025-07-13 21:59:59.564000+00:00,2025-07-13 21:45:00+00:00,continuous,118651.7,118815.8,118484.2,118593.1,112427264.7557005
2025-07-13 22:14:59.620000+00:00,2025-07-13 22:00:00+00:00,continuous,118593.0,118600.3,118197.7,118351.8,230307670.51669857
2025-07-13 22:29:59.574000+00:00,2025-07-13 22:15:00+00:00,continuous,118351.8,118467.4,118233.5,118369.7,122916246.73349988
2025-07-13 22:44:59.626000+00:00,2025-07-13 22:30:00+00:00,continuous,118369.7,118731.1,118369.6,118712.7,127119824.37030017
2025-07-13 22:59:59.991000+00:00,2025-07-13 22:45:00+00:00,continuous,118712.8,118734.5,118462.5,118462.5,58062957.91100003
2025-07-13 23:14:59.260000+00:00,2025-07-13 23:00:00+00:00,continuous,118462.4,118597.6,118324.6,118517.3,119564251.68259987
2025-07-13 23:29:59.885000+00:00,2025-07-13 23:15:00+00:00,continuous,118517.3,118720.5,118513.6,118606.3,98039881.01399973
2025-07-13 23:44:59.879000+00:00,2025-07-13 23:30:00+00:00,continuous,118606.4,118749.0,118603.5,118648.6,50768274.70029991
2025-07-13 23:59:59.518000+00:00,2025-07-13 23:45:00+00:00,continuous,118648.6,119166.0,118638.1,119038.3,218206860.48259932
2025-07-14 00:14:59.690000+00:00,2025-07-14 00:00:00+00:00,continuous,119038.3,119103.0,118871.6,119102.9,92292361.21590011
2025-07-14 00:29:59.999000+00:00,2025-07-14 00:15:00+00:00,continuous,119103.0,119450.0,118956.1,119137.2,242744886.41039893
2025-07-14 00:44:59.884000+00:00,2025-07-14 00:30:00+00:00,continuous,119137.0,119377.1,119015.9,119333.8,126137695.2022003
2025-07-14 00:59:59.671000+00:00,2025-07-14 00:45:00+00:00,continuous,119333.8,119383.3,119011.8,119030.6,124805949.42850026
2025-07-14 01:14:59.896000+00:00,2025-07-14 01:00:00+00:00,continuous,119030.6,119142.0,118905.3,118936.2,118400229.98660022
2025-07-14 01:29:59.685000+00:00,2025-07-14 01:15:00+00:00,continuous,118936.3,119005.1,118880.0,118886.9,81223052.59250027
2025-07-14 01:44:59.739000+00:00,2025-07-14 01:30:00+00:00,continuous,118886.9,119204.5,118862.6,119134.8,92475211.66870001
2025-07-14 01:59:59.901000+00:00,2025-07-14 01:45:00+00:00,continuous,119134.9,119136.4,118961.6,119052.2,50469434.7424999
2025-07-14 02:14:59.560000+00:00,2025-07-14 02:00:00+00:00,continuous,119052.2,119154.8,118930.0,119134.9,78612929.16799967
2025-07-14 02:29:59.979000+00:00,2025-07-14 02:15:00+00:00,continuous,119134.8,119895.9,119064.2,119795.1,703194344.8053936
2025-07-14 02:44:59.962000+00:00,2025-07-14 02:30:00+00:00,continuous,119795.2,119928.3,119606.9,119725.6,261400803.2935998
2025-07-14 02:59:59.859000+00:00,2025-07-14 02:45:00+00:00,continuous,119725.6,120000.0,119450.4,119626.4,432326111.1802953
2025-07-14 03:14:59.911000+00:00,2025-07-14 03:00:00+00:00,continuous,119626.4,119907.0,119558.2,119832.9,212506045.45040008
2025-07-14 03:29:59.989000+00:00,2025-07-14 03:15:00+00:00,continuous,119833.0,119937.0,119742.3,119880.9,153120983.75460148
2025-07-14 03:44:59.943000+00:00,2025-07-14 03:30:00+00:00,continuous,119880.9,121800.0,119775.4,121149.9,1758395914.043011
2025-07-14 03:59:59.832000+00:00,2025-07-14 03:45:00+00:00,continuous,121149.8,121199.7,120627.3,120733.2,677771386.2247941
2025-07-14 04:14:59.927000+00:00,2025-07-14 04:00:00+00:00,continuous,120733.2,120846.1,120515.9,120794.6,306943155.63329846
2025-07-14 04:29:59.933000+00:00,2025-07-14 04:15:00+00:00,continuous,120794.5,121071.3,120794.5,120923.0,299577765.21799946
2025-07-14 04:44:59.878000+00:00,2025-07-14 04:30:00+00:00,continuous,120923.0,121250.0,120818.6,121199.2,313134583.05330044
2025-07-14 04:59:59.883000+00:00,2025-07-14 04:45:00+00:00,continuous,121199.3,121418.2,121128.1,121370.0,258667077.18779913
2025-07-14 05:14:59.976000+00:00,2025-07-14 05:00:00+00:00,continuous,121370.0,121446.7,121113.3,121446.7,227971666.39009953
2025-07-14 05:29:59.906000+00:00,2025-07-14 05:15:00+00:00,continuous,121446.6,122814.9,121333.0,122307.9,1771475259.1700804
2025-07-14 05:44:59.934000+00:00,2025-07-14 05:30:00+00:00,continuous,122307.9,122454.9,122094.1,122288.7,472482977.75060236
2025-07-14 05:59:59.878000+00:00,2025-07-14 05:45:00+00:00,continuous,122288.7,122496.6,121877.0,122447.4,743389825.7908942
2025-07-14 06:14:59.994000+00:00,2025-07-14 06:00:00+00:00,continuous,122447.4,122457.0,122000.0,122123.1,379748930.3633013
2025-07-14 06:29:59.533000+00:00,2025-07-14 06:15:00+00:00,continuous,122123.1,122436.6,122089.8,122413.8,219855628.51799923
2025-07-14 06:44:59.591000+00:00,2025-07-14 06:30:00+00:00,continuous,122413.9,122413.9,122077.0,122133.7,165768243.7689016
2025-07-14 06:59:59.944000+00:00,2025-07-14 06:45:00+00:00,continuous,122133.8,122173.0,122044.3,122124.0,128516048.15170056
2025-07-14 07:14:59.792000+00:00,2025-07-14 07:00:00+00:00,continuous,122124.1,122436.9,122087.7,122210.0,233609310.93920127
2025-07-14 07:29:59.995000+00:00,2025-07-14 07:15:00+00:00,continuous,122210.0,122444.0,122196.4,122290.6,132290768.43159978
2025-07-14 07:44:59.986000+00:00,2025-07-14 07:30:00+00:00,continuous,122290.5,123300.0,122290.5,122858.1,902121911.8727978
2025-07-14 07:59:59.928000+00:00,2025-07-14 07:45:00+00:00,continuous,122858.0,122966.7,122649.2,122731.0,266617883.96149844
2025-07-14 08:14:59.889000+00:00,2025-07-14 08:00:00+00:00,continuous,122731.1,122772.7,122327.7,122385.1,267951025.05580038
2025-07-14 08:29:59.839000+00:00,2025-07-14 08:15:00+00:00,continuous,122385.1,122516.6,122275.6,122424.5,146229110.40489924
2025-07-14 08:44:59.959000+00:00,2025-07-14 08:30:00+00:00,continuous,122424.5,122664.9,122424.4,122641.0,150342575.63369933
2025-07-14 08:59:59.541000+00:00,2025-07-14 08:45:00+00:00,continuous,122641.0,122692.3,122495.3,122560.1,171337897.9758991
2025-07-14 09:14:59.955000+00:00,2025-07-14 09:00:00+00:00,continuous,122560.0,122566.0,122185.0,122246.8,159745791.78290036
2025-07-14 09:29:59.892000+00:00,2025-07-14 09:15:00+00:00,continuous,122246.8,122288.0,121879.0,122000.0,379622282.22030103
2025-07-14 09:44:59.745000+00:00,2025-07-14 09:30:00+00:00,continuous,122000.0,122218.8,121840.0,121988.2,223015672.2871986
2025-07-14 09:59:59.967000+00:00,2025-07-14 09:45:00+00:00,continuous,121988.3,122204.7,121908.5,121979.9,240339246.78240085
2025-07-14 10:14:59.865000+00:00,2025-07-14 10:00:00+00:00,continuous,121980.0,121980.9,121620.7,121796.1,287149681.6704996
2025-07-14 10:29:59.891000+00:00,2025-07-14 10:15:00+00:00,continuous,121796.1,122000.0,121744.0,121924.7,167720147.39309943
2025-07-14 10:44:59.927000+00:00,2025-07-14 10:30:00+00:00,continuous,121924.7,122149.8,121861.7,122054.7,234125190.11300042
2025-07-14 10:59:59.548000+00:00,2025-07-14 10:45:00+00:00,continuous,122054.7,122091.1,121905.5,121911.8,80187597.8624999
2025-07-14 11:14:59.970000+00:00,2025-07-14 11:00:00+00:00,continuous,121911.8,121911.8,121689.0,121689.1,104890287.78729978
2025-07-14 11:29:59.784000+00:00,2025-07-14 11:15:00+00:00,continuous,121689.1,121734.2,121360.5,121538.3,308967504.14140195
2025-07-14 11:44:59.959000+00:00,2025-07-14 11:30:00+00:00,continuous,121538.4,121671.9,121357.0,121601.8,184598848.8329005
2025-07-14 11:59:59.688000+00:00,2025-07-14 11:45:00+00:00,continuous,121601.8,121694.1,121474.1,121474.5,114013576.25269958
2025-07-14 12:14:59.874000+00:00,2025-07-14 12:00:00+00:00,continuous,121474.5,121873.3,121410.0,121800.0,224781703.03520045
2025-07-14 12:29:59.859000+00:00,2025-07-14 12:15:00+00:00,continuous,121800.1,121883.9,121670.2,121792.9,151438635.61039972
2025-07-14 12:44:59.901000+00:00,2025-07-14 12:30:00+00:00,continuous,121792.9,121917.8,121655.4,121850.9,162652252.8460999
2025-07-14 12:59:59.717000+00:00,2025-07-14 12:45:00+00:00,continuous,121850.9,121911.6,121780.9,121894.2,101135576.38969973
2025-07-14 13:14:59.947000+00:00,2025-07-14 13:00:00+00:00,continuous,121894.2,121939.8,121760.4,121865.0,129313613.19939978
2025-07-14 13:29:59.998000+00:00,2025-07-14 13:15:00+00:00,continuous,121865.1,121874.4,121562.0,121680.9,131270085.96459982
2025-07-14 13:44:59.969000+00:00,2025-07-14 13:30:00+00:00,continuous,121680.9,121844.0,121150.0,121790.5,657439338.7438012
2025-07-14 13:59:59.893000+00:00,2025-07-14 13:45:00+00:00,continuous,121790.5,122113.9,121538.4,121679.2,488184082.7323985
2025-07-14 14:14:59.899000+00:00,2025-07-14 14:00:00+00:00,continuous,121679.3,121880.8,121485.5,121758.0,217188242.7857009
2025-07-14 14:29:59.887000+00:00,2025-07-14 14:15:00+00:00,continuous,121758.1,121970.9,121100.0,121455.0,442517713.0460984
2025-07-14 14:44:59.891000+00:00,2025-07-14 14:30:00+00:00,continuous,121455.0,121479.3,120706.1,120929.8,766250524.5987004
2025-07-14 14:59:59.959000+00:00,2025-07-14 14:45:00+00:00,continuous,120929.8,121200.0,120612.4,121160.0,445342089.53550357
2025-07-14 15:14:59.791000+00:00,2025-07-14 15:00:00+00:00,continuous,121160.0,121173.2,120445.1,120711.9,367465890.4929974
2025-07-14 15:29:59.976000+00:00,2025-07-14 15:15:00+00:00,continuous,120711.8,120740.5,120315.1,120381.9,459641908.8721998
2025-07-14 15:44:59.843000+00:00,2025-07-14 15:30:00+00:00,continuous,120381.8,120395.0,120058.9,120122.6,419756619.41229844
2025-07-14 15:59:59.990000+00:00,2025-07-14 15:45:00+00:00,continuous,120122.6,120137.8,119590.9,119863.1,960849569.7767018
2025-07-14 16:14:59.957000+00:00,2025-07-14 16:00:00+00:00,continuous,119863.0,119900.0,119341.2,119413.7,482713939.718602
2025-07-14 16:29:59.961000+00:00,2025-07-14 16:15:00+00:00,continuous,119413.6,120060.0,119200.0,120026.5,818929187.4889884
2025-07-14 16:44:59.605000+00:00,2025-07-14 16:30:00+00:00,continuous,120026.4,120026.5,119708.2,119797.1,262698791.32660034
2025-07-14 16:59:59.897000+00:00,2025-07-14 16:45:00+00:00,continuous,119797.2,120299.0,119671.9,120260.9,376223936.9263994
2025-07-14 17:14:59.990000+00:00,2025-07-14 17:00:00+00:00,continuous,120261.0,120510.9,120183.0,120465.2,305522756.17679924
2025-07-14 17:29:59.783000+00:00,2025-07-14 17:15:00+00:00,continuous,120465.3,120465.3,120024.3,120137.9,235370741.75839826
2025-07-14 17:44:59.674000+00:00,2025-07-14 17:30:00+00:00,continuous,120137.8,120241.8,119818.0,119914.8,192840460.06969962
2025-07-14 17:59:59.817000+00:00,2025-07-14 17:45:00+00:00,continuous,119914.8,120015.0,119750.0,119885.2,147025952.97929987
2025-07-14 18:14:59.743000+00:00,2025-07-14 18:00:00+00:00,continuous,119885.2,120084.9,119711.0,119782.6,113973957.9541
2025-07-14 18:29:59.723000+00:00,2025-07-14 18:15:00+00:00,continuous,119782.6,120160.0,119771.0,120100.1,125374451.74680007
2025-07-14 18:44:59.908000+00:00,2025-07-14 18:30:00+00:00,continuous,120100.0,120166.0,119826.0,119864.8,96410633.06320004
2025-07-14 18:59:59.608000+00:00,2025-07-14 18:45:00+00:00,continuous,119864.8,119864.9,119595.0,119605.6,134228917.01219946
2025-07-14 19:14:59.658000+00:00,2025-07-14 19:00:00+00:00,continuous,119605.4,120076.9,119564.2,119775.9,148391906.42550027
2025-07-14 19:29:59.470000+00:00,2025-07-14 19:15:00+00:00,continuous,119775.9,119866.8,119651.3,119756.3,83290664.2979001
2025-07-14 19:44:59.702000+00:00,2025-07-14 19:30:00+00:00,continuous,119756.3,120066.5,119682.7,119794.6,167103199.06919974
2025-07-14 19:59:59.514000+00:00,2025-07-14 19:45:00+00:00,continuous,119794.6,120036.7,119649.9,119920.0,139303406.78620017
2025-07-14 20:14:59.384000+00:00,2025-07-14 20:00:00+00:00,continuous,119920.3,119920.3,119608.1,119720.0,118284679.20640007
2025-07-14 20:29:59.846000+00:00,2025-07-14 20:15:00+00:00,continuous,119719.9,119982.2,119505.0,119968.2,122739877.39550038
2025-07-14 20:44:59.845000+00:00,2025-07-14 20:30:00+00:00,continuous,119968.3,120200.2,119913.4,120200.2,200714847.64560083
2025-07-14 20:59:59.974000+00:00,2025-07-14 20:45:00+00:00,continuous,120200.2,120430.0,120125.7,120130.1,305092036.7023991
2025-07-14 21:14:59.867000+00:00,2025-07-14 21:00:00+00:00,continuous,120130.0,120167.5,119812.8,119812.9,128175638.86079966
2025-07-14 21:29:59.389000+00:00,2025-07-14 21:15:00+00:00,continuous,119812.9,120105.3,119798.4,119955.3,84575011.42419986
2025-07-14 21:44:59.819000+00:00,2025-07-14 21:30:00+00:00,continuous,119955.3,120075.5,119913.0,119964.0,55445040.970999815
2025-07-14 21:59:59.855000+00:00,2025-07-14 21:45:00+00:00,continuous,119964.1,120230.6,119964.1,120000.1,49550366.22490012
2025-07-14 22:14:59.907000+00:00,2025-07-14 22:00:00+00:00,continuous,120000.1,120247.6,119889.2,120176.0,114448305.80089979
2025-07-14 22:29:59.446000+00:00,2025-07-14 22:15:00+00:00,continuous,120176.0,120292.6,120070.5,120252.0,65826265.720300086
2025-07-14 22:44:59.287000+00:00,2025-07-14 22:30:00+00:00,continuous,120252.0,120266.9,119996.4,120114.9,61266897.410500236
2025-07-14 22:59:59.942000+00:00,2025-07-14 22:45:00+00:00,continuous,120114.8,120132.4,119997.0,120014.6,37062327.12479999
2025-07-14 23:14:59.879000+00:00,2025-07-14 23:00:00+00:00,continuous,120014.6,120028.1,119850.0,119929.6,47579405.581399925
2025-07-14 23:29:59.327000+00:00,2025-07-14 23:15:00+00:00,continuous,119929.6,119929.6,119750.0,119781.9,59377174.79570002
2025-07-14 23:44:59.999000+00:00,2025-07-14 23:30:00+00:00,continuous,119781.9,119946.0,119772.5,119808.9,60131623.75139978
2025-07-14 23:59:59.812000+00:00,2025-07-14 23:45:00+00:00,continuous,119809.0,119842.7,119735.6,119816.5,91229151.82519995
2025-07-15 00:14:59.880000+00:00,2025-07-15 00:00:00+00:00,continuous,119816.5,119832.0,119587.2,119592.0,95792399.13589983
2025-07-15 00:29:59.734000+00:00,2025-07-15 00:15:00+00:00,continuous,119592.1,119919.4,119526.0,119858.2,95469470.33039998
2025-07-15 00:44:59.930000+00:00,2025-07-15 00:30:00+00:00,continuous,119858.2,119858.2,119000.0,119374.4,393300973.816501
2025-07-15 00:59:59.773000+00:00,2025-07-15 00:45:00+00:00,continuous,119374.3,119550.0,119270.5,119458.4,136828189.7329991
2025-07-15 01:14:59.875000+00:00,2025-07-15 01:00:00+00:00,continuous,119458.4,119497.8,119116.0,119174.7,194717479.5085017
2025-07-15 01:29:59.996000+00:00,2025-07-15 01:15:00+00:00,continuous,119174.8,119362.8,118720.0,119015.6,544991015.9387996
2025-07-15 01:44:59.902000+00:00,2025-07-15 01:30:00+00:00,continuous,119015.6,119449.9,118975.5,119247.4,272658159.24270064
2025-07-15 01:59:59.910000+00:00,2025-07-15 01:45:00+00:00,continuous,119247.3,119409.6,118376.5,118491.3,455571318.98910105
2025-07-15 02:14:59.986000+00:00,2025-07-15 02:00:00+00:00,continuous,118491.4,118873.2,118194.2,118276.9,529712998.49749583
2025-07-15 02:29:59.996000+00:00,2025-07-15 02:15:00+00:00,continuous,118276.8,118320.0,117833.0,117932.6,653608974.0201949
2025-07-15 02:44:59.896000+00:00,2025-07-15 02:30:00+00:00,continuous,117932.6,118313.6,117888.4,118262.8,354448716.81250024
2025-07-15 02:59:59.940000+00:00,2025-07-15 02:45:00+00:00,continuous,118262.7,118455.0,118200.0,118251.9,276827340.81359977
2025-07-15 03:14:59.879000+00:00,2025-07-15 03:00:00+00:00,continuous,118251.8,118251.8,117250.0,117620.5,935307925.9631902
2025-07-15 03:29:59.871000+00:00,2025-07-15 03:15:00+00:00,continuous,117620.5,117620.5,117090.0,117508.4,707055536.6104999
2025-07-15 03:44:59.941000+00:00,2025-07-15 03:30:00+00:00,continuous,117508.3,117511.5,116870.0,117313.2,839456690.4679949
2025-07-15 03:59:59.650000+00:00,2025-07-15 03:45:00+00:00,continuous,117313.3,117580.0,117175.3,117209.2,379321623.4085979
2025-07-15 04:14:59.956000+00:00,2025-07-15 04:00:00+00:00,continuous,117209.2,117281.7,116227.0,117012.4,1048714668.9999939
2025-07-15 04:29:59.908000+00:00,2025-07-15 04:15:00+00:00,continuous,117012.3,117483.5,117012.0,117301.8,496003005.2817985
2025-07-15 04:44:59.833000+00:00,2025-07-15 04:30:00+00:00,continuous,117301.8,117530.7,116961.0,117490.0,348663356.9342
2025-07-15 04:59:59.973000+00:00,2025-07-15 04:45:00+00:00,continuous,117490.0,117508.7,117320.0,117481.8,191382292.39339998
2025-07-15 05:14:59.706000+00:00,2025-07-15 05:00:00+00:00,continuous,117481.7,117761.3,117456.7,117649.8,281390402.94739956
2025-07-15 05:29:59.544000+00:00,2025-07-15 05:15:00+00:00,continuous,117649.9,117649.9,117379.2,117523.8,168319221.56429976
2025-07-15 05:44:59.958000+00:00,2025-07-15 05:30:00+00:00,continuous,117523.9,117537.2,116972.0,117137.0,314996984.73889816
2025-07-15 05:59:59.973000+00:00,2025-07-15 05:45:00+00:00,continuous,117137.0,117472.4,117084.2,117325.3,147537907.5129997
2025-07-15 06:14:59.857000+00:00,2025-07-15 06:00:00+00:00,continuous,117325.2,117325.3,116800.0,117124.5,409187228.6232005
2025-07-15 06:29:59.833000+00:00,2025-07-15 06:15:00+00:00,continuous,117124.4,117166.0,116931.0,117027.0,99405418.5910996
2025-07-15 06:44:59.872000+00:00,2025-07-15 06:30:00+00:00,continuous,117027.1,117111.0,116724.6,116995.4,309615117.9051019
2025-07-15 06:59:59.715000+00:00,2025-07-15 06:45:00+00:00,continuous,116995.5,117069.8,116818.0,117051.0,206628714.09289953
2025-07-15 07:14:59.992000+00:00,2025-07-15 07:00:00+00:00,continuous,117051.0,117264.0,116863.4,117002.6,191698571.70879975
2025-07-15 07:29:59.969000+00:00,2025-07-15 07:15:00+00:00,continuous,117002.6,117077.4,116945.3,116955.6,112807814.82159945
2025-07-15 07:44:59.940000+00:00,2025-07-15 07:30:00+00:00,continuous,116955.5,116955.6,116601.2,116731.8,251682049.43809995
2025-07-15 07:59:59.893000+00:00,2025-07-15 07:45:00+00:00,continuous,116731.8,116950.0,116371.0,116777.1,523440933.43969667
2025-07-15 08:14:59.728000+00:00,2025-07-15 08:00:00+00:00,continuous,116777.1,116870.4,116666.2,116785.0,166532671.4408005
2025-07-15 08:29:59.972000+00:00,2025-07-15 08:15:00+00:00,continuous,116784.9,116859.5,116300.0,116830.4,309662712.95090103
2025-07-15 08:44:59.910000+00:00,2025-07-15 08:30:00+00:00,continuous,116830.5,116871.0,116700.0,116823.0,131624979.61720005
2025-07-15 08:59:59.908000+00:00,2025-07-15 08:45:00+00:00,continuous,116823.1,116844.0,116721.0,116766.5,114847292.31650011
2025-07-15 09:14:59.972000+00:00,2025-07-15 09:00:00+00:00,continuous,116766.6,117141.6,116754.7,117119.2,240373213.7352981
2025-07-15 09:29:59.995000+00:00,2025-07-15 09:15:00+00:00,continuous,117119.1,117229.9,116867.4,116950.4,167037521.60470027
2025-07-15 09:44:59.964000+00:00,2025-07-15 09:30:00+00:00,continuous,116950.5,117068.8,116826.6,116834.3,100356520.33030012
2025-07-15 09:59:59.992000+00:00,2025-07-15 09:45:00+00:00,continuous,116834.4,116931.0,116684.3,116764.9,106780385.37599978
2025-07-15 10:14:59.679000+00:00,2025-07-15 10:00:00+00:00,continuous,116765.0,116840.9,116728.1,116728.2,80825872.75830044
2025-07-15 10:29:59.289000+00:00,2025-07-15 10:15:00+00:00,continuous,116728.2,117091.0,116728.1,117023.0,157127937.84539974
2025-07-15 10:44:59.930000+00:00,2025-07-15 10:30:00+00:00,continuous,117023.0,117184.8,116923.0,117165.0,119615173.81969993
2025-07-15 10:59:58.889000+00:00,2025-07-15 10:45:00+00:00,continuous,117165.0,117222.2,117036.1,117055.0,106733639.26900117
2025-07-15 11:14:59.966000+00:00,2025-07-15 11:00:00+00:00,continuous,117055.0,117099.3,116777.0,116801.7,125907747.93900001
2025-07-15 11:29:59.944000+00:00,2025-07-15 11:15:00+00:00,continuous,116801.7,116801.7,116331.7,116474.1,414683200.2087993
2025-07-15 11:44:59.845000+00:00,2025-07-15 11:30:00+00:00,continuous,116474.2,116713.9,116435.2,116686.8,154086484.8498993
2025-07-15 11:59:59.969000+00:00,2025-07-15 11:45:00+00:00,continuous,116686.8,117180.0,116660.5,117110.4,229431889.1979989
2025-07-15 12:14:59.792000+00:00,2025-07-15 12:00:00+00:00,continuous,117110.5,117334.6,117001.0,117077.4,301961478.58700126
2025-07-15 12:29:59.866000+00:00,2025-07-15 12:15:00+00:00,continuous,117077.3,117135.9,116843.7,116899.8,173306035.03040045
2025-07-15 12:44:59.990000+00:00,2025-07-15 12:30:00+00:00,continuous,116899.9,117458.6,116388.0,116508.3,903846534.0435988
2025-07-15 12:59:59.752000+00:00,2025-07-15 12:45:00+00:00,continuous,116508.2,117276.0,116508.2,117193.1,430430607.7232973
2025-07-15 13:14:59.959000+00:00,2025-07-15 13:00:00+00:00,continuous,117193.0,118141.8,117132.6,118029.8,747532041.4785037
2025-07-15 13:29:59.961000+00:00,2025-07-15 13:15:00+00:00,continuous,118029.7,118080.0,117533.4,117679.6,391132525.14909786
2025-07-15 13:44:59.996000+00:00,2025-07-15 13:30:00+00:00,continuous,117679.6,118499.8,117511.0,118267.9,777831612.6730015
2025-07-15 13:59:59.976000+00:00,2025-07-15 13:45:00+00:00,continuous,118268.0,118395.1,117841.1,118067.7,489399531.7130992
2025-07-15 14:14:59.959000+00:00,2025-07-15 14:00:00+00:00,continuous,118067.8,118439.2,117957.0,118363.7,301711311.9371981
2025-07-15 14:29:59.917000+00:00,2025-07-15 14:15:00+00:00,continuous,118363.7,118363.7,117541.8,117541.8,426361496.0073027
2025-07-15 14:44:59.955000+00:00,2025-07-15 14:30:00+00:00,continuous,117541.8,117623.7,116694.0,116960.1,749573623.3386977
2025-07-15 14:59:59.818000+00:00,2025-07-15 14:45:00+00:00,continuous,116960.1,116960.1,115678.1,115979.6,1733731571.797923
2025-07-15 15:14:59.971000+00:00,2025-07-15 15:00:00+00:00,continuous,115979.6,116357.9,115750.1,116118.5,749264683.1943002
2025-07-15 15:29:59.960000+00:00,2025-07-15 15:15:00+00:00,continuous,116118.5,116359.0,115830.0,116243.0,457804041.8709006
2025-07-15 15:44:59.934000+00:00,2025-07-15 15:30:00+00:00,continuous,116243.0,116512.9,116116.1,116262.7,286252123.7926997
2025-07-15 15:59:59.833000+00:00,2025-07-15 15:45:00+00:00,continuous,116262.7,116752.9,116259.8,116393.0,398212484.94710094
2025-07-15 16:14:59.993000+00:00,2025-07-15 16:00:00+00:00,continuous,116393.1,117169.8,116360.9,116901.9,782022275.5990975
2025-07-15 16:29:59.825000+00:00,2025-07-15 16:15:00+00:00,continuous,116901.8,117038.0,116662.2,116869.1,305745949.73659945
2025-07-15 16:44:59.927000+00:00,2025-07-15 16:30:00+00:00,continuous,116869.1,117727.4,116869.1,117676.4,536386354.52189726
2025-07-15 16:59:59.541000+00:00,2025-07-15 16:45:00+00:00,continuous,117676.4,117723.1,117050.0,117195.9,434001138.746199
2025-07-15 17:14:59.324000+00:00,2025-07-15 17:00:00+00:00,continuous,117195.9,117401.3,117125.0,117269.8,200061347.78760004
2025-07-15 17:29:59.673000+00:00,2025-07-15 17:15:00+00:00,continuous,117269.7,117537.0,117214.6,117510.2,146331591.36429974
2025-07-15 17:44:59.948000+00:00,2025-07-15 17:30:00+00:00,continuous,117510.1,117511.3,117228.0,117492.7,122097033.28250034
2025-07-15 17:59:59.993000+00:00,2025-07-15 17:45:00+00:00,continuous,117492.7,117577.1,117375.9,117415.6,152382629.88039964
2025-07-15 18:14:59.973000+00:00,2025-07-15 18:00:00+00:00,continuous,117415.5,117436.3,117142.9,117168.8,275425443.1773009
2025-07-15 18:29:59.930000+00:00,2025-07-15 18:15:00+00:00,continuous,117168.9,117339.2,116809.8,116846.6,449348374.0072002
2025-07-15 18:44:59.912000+00:00,2025-07-15 18:30:00+00:00,continuous,116846.7,116884.6,116050.0,116400.3,796106138.6147099
2025-07-15 18:59:59.930000+00:00,2025-07-15 18:45:00+00:00,continuous,116400.4,116923.8,116326.9,116723.3,345065381.5938011
2025-07-15 19:14:59.898000+00:00,2025-07-15 19:00:00+00:00,continuous,116723.2,117230.7,116644.9,117067.3,246461652.114898
2025-07-15 19:29:59.834000+00:00,2025-07-15 19:15:00+00:00,continuous,117067.2,117157.8,116770.0,116848.7,166079667.83140016
2025-07-15 19:44:59.564000+00:00,2025-07-15 19:30:00+00:00,continuous,116848.8,116918.1,116485.0,116506.4,168769934.8416008
2025-07-15 19:59:59.686000+00:00,2025-07-15 19:45:00+00:00,continuous,116506.5,116599.5,116300.0,116428.9,214582399.16370165
2025-07-15 20:14:59.996000+00:00,2025-07-15 20:00:00+00:00,continuous,116428.8,116654.9,116400.0,116595.1,122540969.39749983
2025-07-15 20:29:59.946000+00:00,2025-07-15 20:15:00+00:00,continuous,116595.2,116715.9,116189.0,116528.5,265024905.42869848
2025-07-15 20:44:59.977000+00:00,2025-07-15 20:30:00+00:00,continuous,116528.5,116655.0,116384.6,116574.0,72725532.20339997
2025-07-15 20:59:59.928000+00:00,2025-07-15 20:45:00+00:00,continuous,116574.1,116623.2,116409.9,116410.0,64278638.486999996
2025-07-15 21:14:59.875000+00:00,2025-07-15 21:00:00+00:00,continuous,116410.0,116957.1,116339.8,116948.2,148026011.40020037
2025-07-15 21:29:59.941000+00:00,2025-07-15 21:15:00+00:00,continuous,116948.3,117147.2,116849.0,117133.6,189068498.15309933
2025-07-15 21:44:59.940000+00:00,2025-07-15 21:30:00+00:00,continuous,117133.6,117610.6,117037.2,117487.9,266976208.02020046
2025-07-15 21:59:59.943000+00:00,2025-07-15 21:45:00+00:00,continuous,117488.0,117550.3,117330.2,117542.4,102680585.99110039
2025-07-15 22:14:59.855000+00:00,2025-07-15 22:00:00+00:00,continuous,117542.4,117589.1,117258.0,117450.1,147322535.20520085
2025-07-15 22:29:59.509000+00:00,2025-07-15 22:15:00+00:00,continuous,117450.1,117565.9,117428.5,117499.9,61471218.21910013
2025-07-15 22:44:59.654000+00:00,2025-07-15 22:30:00+00:00,continuous,117499.9,117781.7,117235.5,117698.3,195896574.50100037
2025-07-15 22:59:59.891000+00:00,2025-07-15 22:45:00+00:00,continuous,117698.3,117849.0,117617.8,117807.7,153736504.19369972
2025-07-15 23:14:59.922000+00:00,2025-07-15 23:00:00+00:00,continuous,117807.7,117965.6,117718.0,117812.2,250023261.80110067
2025-07-15 23:29:59.758000+00:00,2025-07-15 23:15:00+00:00,continuous,117812.2,117838.0,117512.9,117573.9,124942996.65890054
2025-07-15 23:44:59.590000+00:00,2025-07-15 23:30:00+00:00,continuous,117573.9,117785.3,117479.1,117785.2,75731938.27610014
2025-07-15 23:59:59.784000+00:00,2025-07-15 23:45:00+00:00,continuous,117785.3,117785.3,117608.4,117738.5,64764753.92380007
2025-07-16 00:14:59.899000+00:00,2025-07-16 00:00:00+00:00,continuous,117738.6,117766.0,117409.4,117432.2,148061276.9918989
2025-07-16 00:29:59.345000+00:00,2025-07-16 00:15:00+00:00,continuous,117432.1,117676.4,117411.6,117573.8,80782099.84599985
2025-07-16 00:44:59.818000+00:00,2025-07-16 00:30:00+00:00,continuous,117573.8,117930.0,117573.8,117915.7,113583403.4546998
2025-07-16 00:59:59.099000+00:00,2025-07-16 00:45:00+00:00,continuous,117915.8,118193.6,117876.9,118114.5,288717862.46020156
2025-07-16 01:14:59.811000+00:00,2025-07-16 01:00:00+00:00,continuous,118114.5,118208.6,117894.0,117894.0,169317650.50269884
2025-07-16 01:29:59.716000+00:00,2025-07-16 01:15:00+00:00,continuous,117894.1,117934.1,117636.9,117664.6,102682741.29719989
2025-07-16 01:44:59.958000+00:00,2025-07-16 01:30:00+00:00,continuous,117664.6,117799.8,117575.2,117658.9,104995667.44040033
2025-07-16 01:59:59.685000+00:00,2025-07-16 01:45:00+00:00,continuous,117659.0,117799.5,117603.2,117726.7,76766821.18199986
2025-07-16 02:14:59.566000+00:00,2025-07-16 02:00:00+00:00,continuous,117726.7,117768.9,117420.9,117520.3,107396517.85189995
2025-07-16 02:29:59.968000+00:00,2025-07-16 02:15:00+00:00,continuous,117520.2,117556.7,117242.6,117368.7,216077287.19400063
2025-07-16 02:44:59.722000+00:00,2025-07-16 02:30:00+00:00,continuous,117368.6,117382.5,117017.1,117124.2,209776299.10039958
2025-07-16 02:59:59.565000+00:00,2025-07-16 02:45:00+00:00,continuous,117124.2,117341.2,117119.6,117335.1,80357726.29090032
2025-07-16 03:14:59.535000+00:00,2025-07-16 03:00:00+00:00,continuous,117335.0,117516.1,117223.7,117253.6,99232661.52180023
2025-07-16 03:29:59.969000+00:00,2025-07-16 03:15:00+00:00,continuous,117253.5,117534.6,117253.5,117370.9,83421619.75959985
2025-07-16 03:44:59.848000+00:00,2025-07-16 03:30:00+00:00,continuous,117370.8,117487.3,117358.3,117470.0,69601201.35670006
2025-07-16 03:59:59.964000+00:00,2025-07-16 03:45:00+00:00,continuous,117469.9,117518.4,117382.6,117477.6,49300738.87290001
2025-07-16 04:14:59.904000+00:00,2025-07-16 04:00:00+00:00,continuous,117477.7,117507.6,117252.2,117275.8,82909349.51730008
2025-07-16 04:29:59.732000+00:00,2025-07-16 04:15:00+00:00,continuous,117275.9,117528.5,117269.2,117528.3,65399114.49740002
2025-07-16 04:44:59.740000+00:00,2025-07-16 04:30:00+00:00,continuous,117528.3,117699.9,117470.1,117551.3,94107734.67209981
2025-07-16 04:59:59.684000+00:00,2025-07-16 04:45:00+00:00,continuous,117551.4,117641.1,117507.3,117601.5,44399982.67600004
2025-07-16 05:14:59.688000+00:00,2025-07-16 05:00:00+00:00,continuous,117601.5,118020.0,117601.5,117980.8,325036510.5190019
2025-07-16 05:29:59.883000+00:00,2025-07-16 05:15:00+00:00,continuous,117980.9,118000.0,117726.1,117842.3,127925048.63839924
2025-07-16 05:44:59.892000+00:00,2025-07-16 05:30:00+00:00,continuous,117842.3,118000.0,117833.2,117954.6,70773206.6198
2025-07-16 05:59:59.963000+00:00,2025-07-16 05:45:00+00:00,continuous,117954.6,117990.4,117761.7,117858.5,67310119.10320029
2025-07-16 06:14:59.892000+00:00,2025-07-16 06:00:00+00:00,continuous,117858.5,117910.2,117737.5,117743.4,68787314.94339986
2025-07-16 06:29:59.823000+00:00,2025-07-16 06:15:00+00:00,continuous,117743.4,118074.0,117743.3,118049.7,92863210.43649969
2025-07-16 06:44:59.951000+00:00,2025-07-16 06:30:00+00:00,continuous,118049.8,118282.7,117976.9,118252.8,155056278.69940105
2025-07-16 06:59:59.965000+00:00,2025-07-16 06:45:00+00:00,continuous,118252.9,118277.5,118193.2,118260.8,78130343.4064003
2025-07-16 07:14:59.642000+00:00,2025-07-16 07:00:00+00:00,continuous,118260.8,118281.8,118033.9,118057.7,134475283.1564005
2025-07-16 07:29:59.649000+00:00,2025-07-16 07:15:00+00:00,continuous,118057.7,118265.7,118017.2,118236.0,118094225.15340023
2025-07-16 07:44:59.897000+00:00,2025-07-16 07:30:00+00:00,continuous,118235.9,118297.1,118155.0,118155.1,92293709.0309001
2025-07-16 07:59:59.864000+00:00,2025-07-16 07:45:00+00:00,continuous,118155.2,118218.4,118076.8,118181.2,100523316.27819987
2025-07-16 08:14:59.227000+00:00,2025-07-16 08:00:00+00:00,continuous,118181.2,118259.8,118113.6,118166.7,92066899.21699978
2025-07-16 08:29:59.986000+00:00,2025-07-16 08:15:00+00:00,continuous,118166.6,118252.0,118128.0,118230.3,64579459.9802998
2025-07-16 08:44:59.955000+00:00,2025-07-16 08:30:00+00:00,continuous,118230.2,118785.0,118230.2,118779.8,491070933.9702976
2025-07-16 08:59:59.793000+00:00,2025-07-16 08:45:00+00:00,continuous,118779.7,118779.8,118661.1,118697.7,122456041.92769948
2025-07-16 09:14:59.994000+00:00,2025-07-16 09:00:00+00:00,continuous,118697.7,119078.7,118688.9,118991.7,347021530.79710287
2025-07-16 09:29:59.951000+00:00,2025-07-16 09:15:00+00:00,continuous,118991.8,119204.0,118911.2,119142.3,257642197.49509808
2025-07-16 09:44:59.887000+00:00,2025-07-16 09:30:00+00:00,continuous,119142.2,119199.6,118725.8,118831.1,278897952.5615005
2025-07-16 09:59:59.923000+00:00,2025-07-16 09:45:00+00:00,continuous,118831.1,119199.7,118726.6,119188.9,233060824.42760062
2025-07-16 10:14:59.957000+00:00,2025-07-16 10:00:00+00:00,continuous,119188.9,119263.0,119094.9,119187.9,128039392.25620022
2025-07-16 10:29:59.822000+00:00,2025-07-16 10:15:00+00:00,continuous,119187.8,119299.9,119094.5,119140.1,117475945.77569988
2025-07-16 10:44:59.855000+00:00,2025-07-16 10:30:00+00:00,continuous,119140.1,119160.0,118784.2,118797.3,251470720.04419824
2025-07-16 10:59:59.585000+00:00,2025-07-16 10:45:00+00:00,continuous,118797.3,118910.2,118715.3,118716.9,137364792.61379942
2025-07-16 11:14:59.872000+00:00,2025-07-16 11:00:00+00:00,continuous,118716.9,118898.2,118621.8,118861.6,215707060.17270082
2025-07-16 11:29:59.813000+00:00,2025-07-16 11:15:00+00:00,continuous,118861.6,118894.9,118757.3,118882.9,65669534.04790019
2025-07-16 11:44:59.729000+00:00,2025-07-16 11:30:00+00:00,continuous,118882.8,118892.6,118787.9,118886.5,65628206.734699845
2025-07-16 11:59:59.573000+00:00,2025-07-16 11:45:00+00:00,continuous,118886.4,118892.1,118690.0,118755.1,80744075.56569998
2025-07-16 12:14:59.989000+00:00,2025-07-16 12:00:00+00:00,continuous,118755.1,118869.4,118678.2,118806.6,75852215.01299998
2025-07-16 12:29:59.797000+00:00,2025-07-16 12:15:00+00:00,continuous,118806.7,118881.5,118754.0,118869.6,71842044.05159965
2025-07-16 12:44:59.691000+00:00,2025-07-16 12:30:00+00:00,continuous,118869.6,119055.0,118557.0,118932.3,324819748.1911013
2025-07-16 12:59:59.935000+00:00,2025-07-16 12:45:00+00:00,continuous,118932.2,118978.7,118572.9,118579.3,134949270.95670024
2025-07-16 13:14:59.668000+00:00,2025-07-16 13:00:00+00:00,continuous,118579.2,118722.4,118384.6,118662.5,396824310.4852989
2025-07-16 13:29:59.752000+00:00,2025-07-16 13:15:00+00:00,continuous,118662.5,118810.3,118662.5,118782.9,186364039.56530148
2025-07-16 13:44:59.778000+00:00,2025-07-16 13:30:00+00:00,continuous,118782.9,118907.8,118217.3,118324.0,378162832.2639023
2025-07-16 13:59:59.929000+00:00,2025-07-16 13:45:00+00:00,continuous,118324.0,118725.3,118156.0,118651.3,407809786.9672019
2025-07-16 14:14:59.820000+00:00,2025-07-16 14:00:00+00:00,continuous,118651.2,118768.9,118213.0,118250.1,289681363.6752
2025-07-16 14:29:59.850000+00:00,2025-07-16 14:15:00+00:00,continuous,118250.0,118457.4,118156.0,118443.9,168047298.39340097
2025-07-16 14:44:59.863000+00:00,2025-07-16 14:30:00+00:00,continuous,118443.9,118611.9,118243.2,118608.8,279303492.6382004
2025-07-16 14:59:59.893000+00:00,2025-07-16 14:45:00+00:00,continuous,118608.8,119230.0,118579.1,119019.8,539335965.3732038
2025-07-16 15:14:59.923000+00:00,2025-07-16 15:00:00+00:00,continuous,119019.9,119786.7,118951.8,119121.1,876061042.2502011
2025-07-16 15:29:59.808000+00:00,2025-07-16 15:15:00+00:00,continuous,119121.2,119484.7,118677.2,119443.0,842133903.1855903
2025-07-16 15:44:59.892000+00:00,2025-07-16 15:30:00+00:00,continuous,119442.9,119458.6,118243.3,118999.0,710762506.1276028
2025-07-16 15:59:59.938000+00:00,2025-07-16 15:45:00+00:00,continuous,118999.0,119393.7,118834.3,119056.0,612190481.4764992
2025-07-16 16:14:59.910000+00:00,2025-07-16 16:00:00+00:00,continuous,119055.9,119072.5,118430.3,118734.5,410294065.4380996
2025-07-16 16:29:59.874000+00:00,2025-07-16 16:15:00+00:00,continuous,118734.4,119215.7,118700.0,119122.0,230129240.39579976
2025-07-16 16:44:59.988000+00:00,2025-07-16 16:30:00+00:00,continuous,119121.9,119293.5,118964.4,119041.1,148967066.1115995
2025-07-16 16:59:59.671000+00:00,2025-07-16 16:45:00+00:00,continuous,119041.2,119280.9,118931.4,119250.0,105617436.87050004
2025-07-16 17:14:59.459000+00:00,2025-07-16 17:00:00+00:00,continuous,119249.9,119380.6,119150.0,119167.1,124600898.91140078
2025-07-16 17:29:59.958000+00:00,2025-07-16 17:15:00+00:00,continuous,119167.1,119676.2,119162.0,119598.9,319261268.483898
2025-07-16 17:44:59.793000+00:00,2025-07-16 17:30:00+00:00,continuous,119598.8,119649.9,119218.7,119266.0,155017274.25739917
2025-07-16 17:59:59.702000+00:00,2025-07-16 17:45:00+00:00,continuous,119266.0,119461.2,118924.1,119039.4,191388876.10339963
2025-07-16 18:14:59.938000+00:00,2025-07-16 18:00:00+00:00,continuous,119039.4,119479.0,118836.0,119292.7,207316101.3174994
2025-07-16 18:29:59.528000+00:00,2025-07-16 18:15:00+00:00,continuous,119292.7,119364.8,119059.1,119136.2,86729233.52260008
2025-07-16 18:44:59.886000+00:00,2025-07-16 18:30:00+00:00,continuous,119136.2,119688.8,119136.1,119688.7,287036474.7135995
2025-07-16 18:59:59.892000+00:00,2025-07-16 18:45:00+00:00,continuous,119688.7,119888.0,119404.2,119471.0,255285097.79019952
2025-07-16 19:14:59.921000+00:00,2025-07-16 19:00:00+00:00,continuous,119471.0,119600.0,119115.4,119185.1,188448872.99560055
2025-07-16 19:29:59.863000+00:00,2025-07-16 19:15:00+00:00,continuous,119185.0,119339.4,119080.8,119142.5,165173299.27149984
2025-07-16 19:44:59.922000+00:00,2025-07-16 19:30:00+00:00,continuous,119142.5,119142.5,118780.0,118870.1,199868479.45539862
2025-07-16 19:59:59.951000+00:00,2025-07-16 19:45:00+00:00,continuous,118870.0,119278.2,118850.0,119186.7,151137236.2245991
2025-07-16 20:14:59.173000+00:00,2025-07-16 20:00:00+00:00,continuous,119186.7,119268.5,118891.2,119235.0,158505389.4727007
2025-07-16 20:29:59.973000+00:00,2025-07-16 20:15:00+00:00,continuous,119235.0,119565.4,119157.5,119565.3,123652780.62410024
2025-07-16 20:44:59.840000+00:00,2025-07-16 20:30:00+00:00,continuous,119565.3,119914.9,119456.6,119898.9,213958673.4806997
2025-07-16 20:59:59.996000+00:00,2025-07-16 20:45:00+00:00,continuous,119898.9,119911.5,119523.0,119886.2,209579307.68480018
2025-07-16 21:14:59.862000+00:00,2025-07-16 21:00:00+00:00,continuous,119886.2,120100.0,119792.0,119863.9,344526756.7579012
2025-07-16 21:29:59.961000+00:00,2025-07-16 21:15:00+00:00,continuous,119863.9,119910.4,119683.6,119908.5,142554546.84080043
2025-07-16 21:44:59.849000+00:00,2025-07-16 21:30:00+00:00,continuous,119908.4,119915.0,119333.6,119350.0,238532664.2392004
2025-07-16 21:59:59.879000+00:00,2025-07-16 21:45:00+00:00,continuous,119350.0,119485.0,119150.6,119254.7,166905437.3254998
2025-07-16 22:14:59.895000+00:00,2025-07-16 22:00:00+00:00,continuous,119254.7,119403.9,119154.6,119292.9,176335517.93750024
2025-07-16 22:29:59.737000+00:00,2025-07-16 22:15:00+00:00,continuous,119292.8,119466.6,119144.6,119172.7,116344340.1596995
2025-07-16 22:44:59.571000+00:00,2025-07-16 22:30:00+00:00,continuous,119172.6,119235.0,118820.0,118988.5,189351376.3563005
2025-07-16 22:59:59.791000+00:00,2025-07-16 22:45:00+00:00,continuous,118988.6,118994.2,118557.0,118624.8,184740310.12620005
2025-07-16 23:14:59.748000+00:00,2025-07-16 23:00:00+00:00,continuous,118624.8,118656.8,118477.6,118559.3,111744878.50629948
2025-07-16 23:29:59.841000+00:00,2025-07-16 23:15:00+00:00,continuous,118559.2,118647.0,118359.4,118615.4,165146473.03549924
2025-07-16 23:44:59.949000+00:00,2025-07-16 23:30:00+00:00,continuous,118615.4,118803.8,118572.0,118799.8,103348812.89550047
2025-07-16 23:59:59.932000+00:00,2025-07-16 23:45:00+00:00,continuous,118799.8,118799.8,118535.1,118590.7,70530925.28339995
2025-07-17 00:14:59.876000+00:00,2025-07-17 00:00:00+00:00,continuous,118590.6,118819.4,118582.3,118741.3,88607211.76490034
2025-07-17 00:29:59.936000+00:00,2025-07-17 00:15:00+00:00,continuous,118741.3,118949.9,118741.3,118834.7,106667172.63940024
2025-07-17 00:44:59.920000+00:00,2025-07-17 00:30:00+00:00,continuous,118834.7,119113.6,118792.3,119100.0,77416399.46999983
2025-07-17 00:59:59.841000+00:00,2025-07-17 00:45:00+00:00,continuous,119100.0,119151.3,118861.0,118861.2,126364411.2922997
2025-07-17 01:14:59.740000+00:00,2025-07-17 01:00:00+00:00,continuous,118861.2,119052.3,118852.1,119029.3,63175199.770200156
2025-07-17 01:29:59.548000+00:00,2025-07-17 01:15:00+00:00,continuous,119029.5,119029.5,118529.1,118650.8,136664799.3445996
2025-07-17 01:44:59.887000+00:00,2025-07-17 01:30:00+00:00,continuous,118650.8,118690.2,118000.2,118256.9,477755181.5423991
2025-07-17 01:59:59.719000+00:00,2025-07-17 01:45:00+00:00,continuous,118256.4,118259.4,117663.6,118115.0,692570382.4084107
2025-07-17 02:14:59.871000+00:00,2025-07-17 02:00:00+00:00,continuous,118115.0,118418.1,117980.2,118351.3,207002959.15200084
2025-07-17 02:29:59.827000+00:00,2025-07-17 02:15:00+00:00,continuous,118351.3,118497.8,118290.3,118380.0,133527937.16319974
2025-07-17 02:44:59.588000+00:00,2025-07-17 02:30:00+00:00,continuous,118379.9,118441.9,118194.2,118304.8,101166411.62649979
2025-07-17 02:59:59.892000+00:00,2025-07-17 02:45:00+00:00,continuous,118304.8,118345.4,118015.6,118302.0,114832732.02480057
2025-07-17 03:14:59.778000+00:00,2025-07-17 03:00:00+00:00,continuous,118302.0,118335.2,117978.7,117978.7,84331617.94659983
2025-07-17 03:29:59.832000+00:00,2025-07-17 03:15:00+00:00,continuous,117978.7,118033.2,117816.0,117845.8,176418772.34080023
2025-07-17 03:44:59.813000+00:00,2025-07-17 03:30:00+00:00,continuous,117845.7,118014.0,117700.0,117868.8,201262776.6833001
2025-07-17 03:59:59.867000+00:00,2025-07-17 03:45:00+00:00,continuous,117868.8,118121.9,117868.7,118090.9,90638186.66560026
2025-07-17 04:14:59.982000+00:00,2025-07-17 04:00:00+00:00,continuous,118090.8,118268.6,117923.0,118239.4,103091424.69530028
2025-07-17 04:29:59.357000+00:00,2025-07-17 04:15:00+00:00,continuous,118239.4,118288.8,118156.7,118239.5,58053879.25320006
2025-07-17 04:44:59.543000+00:00,2025-07-17 04:30:00+00:00,continuous,118239.6,118422.7,118239.5,118334.5,99606768.54579976
2025-07-17 04:59:59.854000+00:00,2025-07-17 04:45:00+00:00,continuous,118334.5,118466.0,118291.8,118465.9,77199566.2887
2025-07-17 05:14:59.927000+00:00,2025-07-17 05:00:00+00:00,continuous,118465.9,118466.0,118222.0,118263.8,63293553.805100046
2025-07-17 05:29:59.758000+00:00,2025-07-17 05:15:00+00:00,continuous,118263.8,118383.6,118252.2,118377.9,42292298.745500006
2025-07-17 05:44:59.965000+00:00,2025-07-17 05:30:00+00:00,continuous,118377.9,118548.6,118182.9,118532.1,105220686.01539983
2025-07-17 05:59:59.955000+00:00,2025-07-17 05:45:00+00:00,continuous,118532.1,118620.0,118463.0,118550.0,83847396.5086998
2025-07-17 06:14:59.618000+00:00,2025-07-17 06:00:00+00:00,continuous,118550.0,118743.6,118431.0,118471.0,108814579.35289952
2025-07-17 06:29:59.737000+00:00,2025-07-17 06:15:00+00:00,continuous,118471.0,118763.4,118307.6,118630.1,166110353.4945998
2025-07-17 06:44:59.520000+00:00,2025-07-17 06:30:00+00:00,continuous,118630.1,118652.5,118337.0,118407.8,116501637.36709987
2025-07-17 06:59:59.760000+00:00,2025-07-17 06:45:00+00:00,continuous,118407.8,118449.7,118323.2,118439.3,86471376.02849993
2025-07-17 07:14:59.964000+00:00,2025-07-17 07:00:00+00:00,continuous,118439.3,118448.8,117900.4,118038.6,289012774.4386004
2025-07-17 07:29:59.943000+00:00,2025-07-17 07:15:00+00:00,continuous,118038.6,118090.5,117810.4,117907.4,150004810.69040006
2025-07-17 07:44:59.814000+00:00,2025-07-17 07:30:00+00:00,continuous,117907.4,118548.0,117907.3,118531.0,247937390.37589905
2025-07-17 07:59:59.956000+00:00,2025-07-17 07:45:00+00:00,continuous,118531.0,118531.0,118275.6,118293.9,76344004.07460016
2025-07-17 08:14:59.924000+00:00,2025-07-17 08:00:00+00:00,continuous,118293.8,118321.7,118065.7,118115.4,111363273.06429966
2025-07-17 08:29:59.842000+00:00,2025-07-17 08:15:00+00:00,continuous,118115.4,118250.0,118087.8,118236.2,77470902.88829991
2025-07-17 08:44:59.988000+00:00,2025-07-17 08:30:00+00:00,continuous,118236.2,118398.7,118106.0,118378.9,171664618.39389992
2025-07-17 08:59:59.669000+00:00,2025-07-17 08:45:00+00:00,continuous,118379.0,118408.2,118213.3,118313.6,72391530.38699992
2025-07-17 09:14:59.394000+00:00,2025-07-17 09:00:00+00:00,continuous,118313.6,118614.1,118221.8,118540.0,147891955.01569957
2025-07-17 09:29:59.972000+00:00,2025-07-17 09:15:00+00:00,continuous,118540.0,119183.1,118465.6,119133.5,368370968.429698
2025-07-17 09:44:59.919000+00:00,2025-07-17 09:30:00+00:00,continuous,119133.5,119216.4,118860.6,118978.7,197871063.7786003
2025-07-17 09:59:59.978000+00:00,2025-07-17 09:45:00+00:00,continuous,118978.6,119004.8,118758.6,118758.6,115519861.91179986
2025-07-17 10:14:58.645000+00:00,2025-07-17 10:00:00+00:00,continuous,118758.6,118867.9,118546.6,118615.3,146651552.8102011
2025-07-17 10:29:59.309000+00:00,2025-07-17 10:15:00+00:00,continuous,118615.3,118650.0,118518.3,118550.2,92262563.57149962
2025-07-17 10:44:59.957000+00:00,2025-07-17 10:30:00+00:00,continuous,118550.1,118550.2,118277.9,118277.9,133716670.34419991
2025-07-17 10:59:59.872000+00:00,2025-07-17 10:45:00+00:00,continuous,118277.9,118454.9,118210.0,118331.2,173183909.14450005
2025-07-17 11:14:59.870000+00:00,2025-07-17 11:00:00+00:00,continuous,118331.2,118389.9,118135.9,118223.0,156320657.8060018
2025-07-17 11:29:59.760000+00:00,2025-07-17 11:15:00+00:00,continuous,118222.9,118282.1,118128.1,118157.9,109078095.91459994
2025-07-17 11:44:59.735000+00:00,2025-07-17 11:30:00+00:00,continuous,118157.8,118194.3,118100.1,118144.7,86505568.88659947
2025-07-17 11:59:59.993000+00:00,2025-07-17 11:45:00+00:00,continuous,118144.6,118157.6,117915.2,117968.9,153116923.44769895
2025-07-17 12:14:59.674000+00:00,2025-07-17 12:00:00+00:00,continuous,117968.8,118076.1,117732.7,117803.5,234946008.42749885
2025-07-17 12:29:59.992000+00:00,2025-07-17 12:15:00+00:00,continuous,117803.4,117846.2,117416.1,117465.0,304542526.6810995
2025-07-17 12:44:59.850000+00:00,2025-07-17 12:30:00+00:00,continuous,117464.9,117974.5,117412.8,117974.4,477331465.25539505
2025-07-17 12:59:59.820000+00:00,2025-07-17 12:45:00+00:00,continuous,117974.5,118180.1,117853.3,117853.3,228691324.74069965
2025-07-17 13:14:59.887000+00:00,2025-07-17 13:00:00+00:00,continuous,117853.3,118016.8,117698.9,117834.6,188344431.08000067
2025-07-17 13:29:59.959000+00:00,2025-07-17 13:15:00+00:00,continuous,117834.6,117919.2,117639.0,117889.9,109276451.39619927
2025-07-17 13:44:59.898000+00:00,2025-07-17 13:30:00+00:00,continuous,117890.0,118027.5,117555.6,117637.1,278417800.16829854
2025-07-17 13:59:59.940000+00:00,2025-07-17 13:45:00+00:00,continuous,117637.1,118443.0,117514.8,118261.6,473347452.791198
2025-07-17 14:14:59.454000+00:00,2025-07-17 14:00:00+00:00,continuous,118261.2,118500.0,118110.5,118461.5,267641365.99319834
2025-07-17 14:29:59.959000+00:00,2025-07-17 14:15:00+00:00,continuous,118461.4,118714.8,118287.3,118714.8,289192261.86179966
2025-07-17 14:44:59.807000+00:00,2025-07-17 14:30:00+00:00,continuous,118714.7,118837.9,118481.7,118549.5,239014748.35139966
2025-07-17 14:59:59.990000+00:00,2025-07-17 14:45:00+00:00,continuous,118549.4,118811.1,118549.4,118752.9,118187115.61000013
2025-07-17 15:14:59.790000+00:00,2025-07-17 15:00:00+00:00,continuous,118752.9,118880.0,118415.7,118423.4,203384763.71570045
2025-07-17 15:29:59.972000+00:00,2025-07-17 15:15:00+00:00,continuous,118423.4,118658.6,118315.8,118508.8,151389122.59949946
2025-07-17 15:44:59.878000+00:00,2025-07-17 15:30:00+00:00,continuous,118508.8,119100.0,118508.8,119087.5,219579289.0052
2025-07-17 15:59:59.800000+00:00,2025-07-17 15:45:00+00:00,continuous,119087.4,119087.5,118757.3,118875.0,173679131.71779913
2025-07-17 16:14:59.552000+00:00,2025-07-17 16:00:00+00:00,continuous,118875.0,118952.2,118487.1,118656.7,172304122.56949884
2025-07-17 16:29:59.781000+00:00,2025-07-17 16:15:00+00:00,continuous,118656.7,118761.1,118500.0,118550.4,114673597.22070068
2025-07-17 16:44:59.911000+00:00,2025-07-17 16:30:00+00:00,continuous,118550.4,118610.0,118293.6,118447.8,219026004.92529923
2025-07-17 16:59:59.998000+00:00,2025-07-17 16:45:00+00:00,continuous,118447.8,118566.2,118356.1,118550.3,80955889.7245997
2025-07-17 17:14:59.879000+00:00,2025-07-17 17:00:00+00:00,continuous,118550.3,118954.9,118524.5,118903.9,142790322.17910048
2025-07-17 17:29:59.652000+00:00,2025-07-17 17:15:00+00:00,continuous,118904.0,118932.1,118619.2,118694.3,110216596.1168999
2025-07-17 17:44:59.817000+00:00,2025-07-17 17:30:00+00:00,continuous,118694.3,118772.9,118482.9,118656.3,58684269.44739997
2025-07-17 17:59:59.989000+00:00,2025-07-17 17:45:00+00:00,continuous,118656.3,119346.9,118593.9,119255.3,334492334.29279983
2025-07-17 18:14:59.936000+00:00,2025-07-17 18:00:00+00:00,continuous,119255.4,119394.3,119186.3,119206.2,172155155.04609957
2025-07-17 18:29:59.932000+00:00,2025-07-17 18:15:00+00:00,continuous,119206.3,119767.4,119206.2,119687.4,415857080.5856018
2025-07-17 18:44:59.527000+00:00,2025-07-17 18:30:00+00:00,continuous,119687.3,119787.7,119629.9,119672.9,207836172.16719937
2025-07-17 18:59:59.831000+00:00,2025-07-17 18:45:00+00:00,continuous,119672.9,119713.6,119474.2,119582.5,121839465.19459967
2025-07-17 19:14:59.901000+00:00,2025-07-17 19:00:00+00:00,continuous,119582.4,119879.1,119582.4,119798.7,168313622.4886998
2025-07-17 19:29:59.987000+00:00,2025-07-17 19:15:00+00:00,continuous,119798.7,119864.0,119631.2,119650.0,97914300.89260006
2025-07-17 19:44:59.871000+00:00,2025-07-17 19:30:00+00:00,continuous,119650.0,119678.0,119446.1,119489.4,119955579.11909969
2025-07-17 19:59:59.939000+00:00,2025-07-17 19:45:00+00:00,continuous,119489.4,119490.0,118800.0,118948.8,331607196.4614001
2025-07-17 20:14:59.962000+00:00,2025-07-17 20:00:00+00:00,continuous,118948.9,118999.1,118343.2,118761.2,440725969.7469985
2025-07-17 20:29:59.351000+00:00,2025-07-17 20:15:00+00:00,continuous,118761.2,119119.3,118586.4,119003.6,209784209.41740063
2025-07-17 20:44:59.802000+00:00,2025-07-17 20:30:00+00:00,continuous,119003.7,119390.0,118999.7,119221.4,150585295.50049976
2025-07-17 20:59:59.991000+00:00,2025-07-17 20:45:00+00:00,continuous,119221.5,119440.8,119076.9,119428.8,154015709.7892
2025-07-17 21:14:59.960000+00:00,2025-07-17 21:00:00+00:00,continuous,119428.9,120145.9,119410.5,120094.9,920546355.7094954
2025-07-17 21:29:59.987000+00:00,2025-07-17 21:15:00+00:00,continuous,120095.0,120951.5,120094.9,120900.1,1132973457.3457975
2025-07-17 21:44:59.832000+00:00,2025-07-17 21:30:00+00:00,continuous,120900.0,120930.8,120033.4,120615.2,799413179.0620024
2025-07-17 21:59:59.941000+00:00,2025-07-17 21:45:00+00:00,continuous,120615.2,120752.1,120177.0,120254.8,169276061.73640087
2025-07-17 22:14:59.966000+00:00,2025-07-17 22:00:00+00:00,continuous,120254.8,120450.0,120112.5,120432.4,207934585.86429912
2025-07-17 22:29:59.485000+00:00,2025-07-17 22:15:00+00:00,continuous,120432.4,120706.1,120041.7,120077.6,244176927.29640105
2025-07-17 22:44:59.984000+00:00,2025-07-17 22:30:00+00:00,continuous,120077.6,120272.5,120077.4,120162.0,113055057.31159984
2025-07-17 22:59:59.636000+00:00,2025-07-17 22:45:00+00:00,continuous,120162.1,120336.4,119451.3,119767.8,389367099.70219874
2025-07-17 23:14:59.803000+00:00,2025-07-17 23:00:00+00:00,continuous,119767.8,119878.4,119569.8,119711.0,168466959.35039926
2025-07-17 23:29:59.328000+00:00,2025-07-17 23:15:00+00:00,continuous,119711.1,119883.3,119428.4,119608.0,239022699.20859873
2025-07-17 23:44:59.579000+00:00,2025-07-17 23:30:00+00:00,continuous,119608.0,119665.6,119250.0,119360.1,129573029.30189994
2025-07-17 23:59:59.938000+00:00,2025-07-17 23:45:00+00:00,continuous,119360.1,119470.5,119155.0,119176.6,168986037.4906997
2025-07-18 00:14:59.857000+00:00,2025-07-18 00:00:00+00:00,continuous,119176.5,119370.0,119003.8,119037.6,143806645.2068001
2025-07-18 00:29:59.988000+00:00,2025-07-18 00:15:00+00:00,continuous,119037.6,119592.1,119037.5,119482.0,159849041.0340999
2025-07-18 00:44:59.802000+00:00,2025-07-18 00:30:00+00:00,continuous,119481.9,119749.8,119478.0,119731.5,184361445.98980033
2025-07-18 00:59:59.803000+00:00,2025-07-18 00:45:00+00:00,continuous,119731.5,119785.1,119500.0,119735.8,161002862.57859978
2025-07-18 01:14:59.944000+00:00,2025-07-18 01:00:00+00:00,continuous,119735.9,120485.8,119636.0,120259.7,406580808.9038001
2025-07-18 01:29:59.745000+00:00,2025-07-18 01:15:00+00:00,continuous,120259.8,120441.9,120010.4,120167.8,270686158.8407017
2025-07-18 01:44:59.682000+00:00,2025-07-18 01:30:00+00:00,continuous,120167.8,120799.0,120032.3,120374.5,376693595.4901011
2025-07-18 01:59:59.896000+00:00,2025-07-18 01:45:00+00:00,continuous,120374.5,120473.2,120250.0,120346.1,102569924.05669972
2025-07-18 02:14:59.925000+00:00,2025-07-18 02:00:00+00:00,continuous,120346.1,120362.5,119911.2,120100.0,188050224.5579004
2025-07-18 02:29:59.903000+00:00,2025-07-18 02:15:00+00:00,continuous,120100.0,120314.8,119862.0,120215.5,142336093.16129994
2025-07-18 02:44:59.662000+00:00,2025-07-18 02:30:00+00:00,continuous,120215.5,120400.0,120114.4,120272.7,105267706.40759972
2025-07-18 02:59:59.647000+00:00,2025-07-18 02:45:00+00:00,continuous,120272.7,120276.0,120053.2,120075.2,74929650.35910073
2025-07-18 03:14:59.624000+00:00,2025-07-18 03:00:00+00:00,continuous,120075.3,120149.9,119926.0,120084.6,116872746.86410004
2025-07-18 03:29:59.491000+00:00,2025-07-18 03:15:00+00:00,continuous,120084.7,120216.7,119974.0,120046.8,97108619.88470006
2025-07-18 03:44:59.765000+00:00,2025-07-18 03:30:00+00:00,continuous,120046.8,120324.0,119986.7,120324.0,90642308.35500029
2025-07-18 03:59:59.997000+00:00,2025-07-18 03:45:00+00:00,continuous,120324.0,120492.2,120160.0,120212.8,106310108.06810069
2025-07-18 04:14:59.570000+00:00,2025-07-18 04:00:00+00:00,continuous,120212.8,120221.4,119726.5,119873.9,165696268.4125993
2025-07-18 04:29:59.844000+00:00,2025-07-18 04:15:00+00:00,continuous,119874.0,120076.9,119818.0,120076.9,77951531.56400023
2025-07-18 04:44:59.892000+00:00,2025-07-18 04:30:00+00:00,continuous,120076.8,120312.1,120070.8,120262.1,107596019.80030058
2025-07-18 04:59:59.991000+00:00,2025-07-18 04:45:00+00:00,continuous,120262.1,120478.9,120262.0,120387.8,93425606.61879988
2025-07-18 05:14:59.882000+00:00,2025-07-18 05:00:00+00:00,continuous,120387.8,120628.6,120165.3,120545.3,279312354.0695
2025-07-18 05:29:59.995000+00:00,2025-07-18 05:15:00+00:00,continuous,120545.3,120609.4,120366.0,120537.1,130010172.3606999
2025-07-18 05:44:59.875000+00:00,2025-07-18 05:30:00+00:00,continuous,120537.0,120545.0,120264.5,120267.6,92582628.89690055
2025-07-18 05:59:59.997000+00:00,2025-07-18 05:45:00+00:00,continuous,120267.7,120626.2,120267.6,120588.3,155730563.720299
2025-07-18 06:14:59.747000+00:00,2025-07-18 06:00:00+00:00,continuous,120588.3,120846.1,120289.5,120419.7,283423272.6315988
2025-07-18 06:29:59.745000+00:00,2025-07-18 06:15:00+00:00,continuous,120419.7,120419.8,120153.8,120153.9,94508962.49439992
2025-07-18 06:44:59.835000+00:00,2025-07-18 06:30:00+00:00,continuous,120153.8,120296.0,120076.9,120265.6,101367192.1987001
2025-07-18 06:59:59.974000+00:00,2025-07-18 06:45:00+00:00,continuous,120265.6,120463.2,120231.6,120238.5,77586541.1672994
2025-07-18 07:14:59.847000+00:00,2025-07-18 07:00:00+00:00,continuous,120238.6,120375.7,119999.9,120081.3,112147103.0269002
2025-07-18 07:29:59.848000+00:00,2025-07-18 07:15:00+00:00,continuous,120081.3,120081.4,119625.4,119666.6,255500780.0988997
2025-07-18 07:44:59.932000+00:00,2025-07-18 07:30:00+00:00,continuous,119666.5,119867.7,119641.6,119852.8,184152873.74029997
2025-07-18 07:59:59.959000+00:00,2025-07-18 07:45:00+00:00,continuous,119852.8,119852.9,119300.0,119356.6,403311804.9625992
2025-07-18 08:14:59.816000+00:00,2025-07-18 08:00:00+00:00,continuous,119356.5,119483.2,119230.7,119260.2,293644335.92129964
2025-07-18 08:29:59.601000+00:00,2025-07-18 08:15:00+00:00,continuous,119260.2,119425.9,119076.9,119130.2,224792370.21490037
2025-07-18 08:44:59.869000+00:00,2025-07-18 08:30:00+00:00,continuous,119130.1,119130.1,118384.6,118460.9,659494927.7086022
2025-07-18 08:59:59.967000+00:00,2025-07-18 08:45:00+00:00,continuous,118460.9,118731.2,118412.5,118637.3,270616878.0193997
2025-07-18 09:14:59.712000+00:00,2025-07-18 09:00:00+00:00,continuous,118637.3,118904.0,118450.0,118842.5,245044276.6868004
2025-07-18 09:29:59.954000+00:00,2025-07-18 09:15:00+00:00,continuous,118842.5,118847.4,118550.0,118649.7,257872330.2267006
2025-07-18 09:44:59.667000+00:00,2025-07-18 09:30:00+00:00,continuous,118649.6,118909.7,118640.0,118813.1,110066143.35960037
2025-07-18 09:59:59.699000+00:00,2025-07-18 09:45:00+00:00,continuous,118813.1,119000.0,118808.3,118885.0,205429902.58959964
2025-07-18 10:14:59.947000+00:00,2025-07-18 10:00:00+00:00,continuous,118885.0,118939.0,118660.0,118680.9,112143666.5808996
2025-07-18 10:29:59.807000+00:00,2025-07-18 10:15:00+00:00,continuous,118680.8,118899.8,118503.4,118796.7,168622147.2262013
2025-07-18 10:44:59.901000+00:00,2025-07-18 10:30:00+00:00,continuous,118796.7,118929.5,118750.2,118929.5,102827792.22299862
2025-07-18 10:59:59.870000+00:00,2025-07-18 10:45:00+00:00,continuous,118929.5,119266.0,118888.5,119240.1,200662652.81169978
2025-07-18 11:14:59.542000+00:00,2025-07-18 11:00:00+00:00,continuous,119240.2,119292.0,118980.6,118980.8,104812853.02209999
2025-07-18 11:29:59.870000+00:00,2025-07-18 11:15:00+00:00,continuous,118980.8,119039.7,118775.1,118890.3,91499533.8615997
2025-07-18 11:44:59.965000+00:00,2025-07-18 11:30:00+00:00,continuous,118890.3,119129.8,118786.9,119104.0,115675078.13559985
2025-07-18 11:59:59.835000+00:00,2025-07-18 11:45:00+00:00,continuous,119104.1,119194.5,119035.4,119175.5,51827732.21609993
2025-07-18 12:14:59.974000+00:00,2025-07-18 12:00:00+00:00,continuous,119175.5,119316.8,119175.5,119304.8,103002295.06510012
2025-07-18 12:29:59.784000+00:00,2025-07-18 12:15:00+00:00,continuous,119304.7,119336.8,119126.2,119202.4,78517696.62730023
2025-07-18 12:44:59.923000+00:00,2025-07-18 12:30:00+00:00,continuous,119202.5,119498.7,119202.5,119412.0,136806153.97799975
2025-07-18 12:59:59.788000+00:00,2025-07-18 12:45:00+00:00,continuous,119411.9,119519.8,119360.2,119428.5,101014634.84000018
2025-07-18 13:14:59.906000+00:00,2025-07-18 13:00:00+00:00,continuous,119428.6,119440.4,118859.0,118859.0,466994471.5566036
2025-07-18 13:29:59.743000+00:00,2025-07-18 13:15:00+00:00,continuous,118859.0,118911.6,118636.4,118790.9,221562521.5995002
2025-07-18 13:44:59.850000+00:00,2025-07-18 13:30:00+00:00,continuous,118790.8,118888.0,118500.0,118650.1,414455534.52179855
2025-07-18 13:59:59.595000+00:00,2025-07-18 13:45:00+00:00,continuous,118650.0,118857.1,118600.0,118766.8,166521875.64769977
2025-07-18 14:14:59.914000+00:00,2025-07-18 14:00:00+00:00,continuous,118766.9,119250.0,118689.6,118971.0,274836865.3328998
2025-07-18 14:29:59.970000+00:00,2025-07-18 14:15:00+00:00,continuous,118970.9,119036.5,117730.0,117931.1,1151298862.8064048
2025-07-18 14:44:59.970000+00:00,2025-07-18 14:30:00+00:00,continuous,117930.7,118091.1,117230.7,117749.8,822058964.561097
2025-07-18 14:59:59.791000+00:00,2025-07-18 14:45:00+00:00,continuous,117749.9,118389.6,117731.9,118123.8,553766160.2318988
2025-07-18 15:14:59.998000+00:00,2025-07-18 15:00:00+00:00,continuous,118123.9,118255.3,117723.8,117730.6,263376460.1318978
2025-07-18 15:29:59.963000+00:00,2025-07-18 15:15:00+00:00,continuous,117730.5,117922.0,117453.1,117740.3,336288731.3548024
2025-07-18 15:44:59.941000+00:00,2025-07-18 15:30:00+00:00,continuous,117740.4,117930.2,117430.0,117632.0,244303593.11649963
2025-07-18 15:59:59.935000+00:00,2025-07-18 15:45:00+00:00,continuous,117632.1,118011.9,117484.0,117830.0,169599338.44410095
2025-07-18 16:14:59.945000+00:00,2025-07-18 16:00:00+00:00,continuous,117830.1,118053.5,117664.1,117664.1,173444333.7578991
2025-07-18 16:29:59.994000+00:00,2025-07-18 16:15:00+00:00,continuous,117664.0,117813.9,117518.2,117590.5,153096485.26540035
2025-07-18 16:44:59.998000+00:00,2025-07-18 16:30:00+00:00,continuous,117590.4,118008.0,117460.0,117900.0,197654815.1298997
2025-07-18 16:59:59.964000+00:00,2025-07-18 16:45:00+00:00,continuous,117900.0,117917.1,117483.7,117543.5,151868905.88879988
2025-07-18 17:14:59.244000+00:00,2025-07-18 17:00:00+00:00,continuous,117543.5,117651.1,117328.6,117567.7,310868722.3647011
2025-07-18 17:29:59.976000+00:00,2025-07-18 17:15:00+00:00,continuous,117567.7,117983.8,117542.5,117904.9,139476286.08360073
2025-07-18 17:44:59.845000+00:00,2025-07-18 17:30:00+00:00,continuous,117904.9,117950.0,117553.3,117591.5,97354066.76989968
2025-07-18 17:59:59.865000+00:00,2025-07-18 17:45:00+00:00,continuous,117591.6,117699.7,117420.7,117580.0,117096510.5478999
2025-07-18 18:14:59.921000+00:00,2025-07-18 18:00:00+00:00,continuous,117580.0,117600.7,117331.6,117386.9,105812734.45690095
2025-07-18 18:29:59.741000+00:00,2025-07-18 18:15:00+00:00,continuous,117386.8,117673.2,117318.1,117673.2,92273182.57849982
2025-07-18 18:44:59.930000+00:00,2025-07-18 18:30:00+00:00,continuous,117673.2,117716.3,117510.8,117545.3,62471484.18540014
2025-07-18 18:59:59.913000+00:00,2025-07-18 18:45:00+00:00,continuous,117545.2,117615.3,117204.5,117297.9,130120531.95000002
2025-07-18 19:14:59.849000+00:00,2025-07-18 19:00:00+00:00,continuous,117297.9,117395.9,117109.4,117339.1,344792710.4390991
2025-07-18 19:29:59.920000+00:00,2025-07-18 19:15:00+00:00,continuous,117339.1,117866.0,117339.1,117779.4,203662581.93280032
2025-07-18 19:44:59.716000+00:00,2025-07-18 19:30:00+00:00,continuous,117779.4,117779.5,117402.0,117475.9,86064748.07020023
2025-07-18 19:59:59.955000+00:00,2025-07-18 19:45:00+00:00,continuous,117475.8,117486.9,117286.2,117361.6,96744304.29349932
2025-07-18 20:14:59.575000+00:00,2025-07-18 20:00:00+00:00,continuous,117361.7,117399.2,117102.7,117160.1,183143568.34499994
2025-07-18 20:29:59.912000+00:00,2025-07-18 20:15:00+00:00,continuous,117160.1,117251.7,116886.0,116980.2,321948812.8420011
2025-07-18 20:44:59.952000+00:00,2025-07-18 20:30:00+00:00,continuous,116980.2,117054.7,116788.9,116994.0,579059614.9011017
2025-07-18 20:59:59.551000+00:00,2025-07-18 20:45:00+00:00,continuous,116994.0,117532.3,116984.2,117370.1,363005554.9298012
2025-07-18 21:14:59.834000+00:00,2025-07-18 21:00:00+00:00,continuous,117370.0,117837.2,117330.0,117816.8,139153813.94440004
2025-07-18 21:29:59.827000+00:00,2025-07-18 21:15:00+00:00,continuous,117816.8,117855.8,117654.5,117708.1,150901180.1371006
2025-07-18 21:44:59.567000+00:00,2025-07-18 21:30:00+00:00,continuous,117708.1,117832.5,117708.1,117786.8,64078995.87990022
2025-07-18 21:59:59.531000+00:00,2025-07-18 21:45:00+00:00,continuous,117786.8,117860.5,117542.3,117648.3,74594932.9758
2025-07-18 22:14:59.502000+00:00,2025-07-18 22:00:00+00:00,continuous,117648.3,117662.2,117379.6,117587.1,119452152.43640028
2025-07-18 22:29:59.904000+00:00,2025-07-18 22:15:00+00:00,continuous,117587.2,117957.7,117571.5,117862.6,177230570.00620028
2025-07-18 22:44:59.953000+00:00,2025-07-18 22:30:00+00:00,continuous,117862.5,117907.2,117754.7,117755.1,68501049.27590017
2025-07-18 22:59:59.658000+00:00,2025-07-18 22:45:00+00:00,continuous,117755.1,117800.0,117568.9,117663.0,85830681.8241998
2025-07-18 23:14:59.686000+00:00,2025-07-18 23:00:00+00:00,continuous,117662.9,117688.2,117433.6,117645.2,89407027.6522999
2025-07-18 23:29:59.916000+00:00,2025-07-18 23:15:00+00:00,continuous,117645.2,117860.0,117617.3,117808.5,105944363.80340017
2025-07-18 23:44:59.981000+00:00,2025-07-18 23:30:00+00:00,continuous,117808.5,117886.0,117769.3,117840.0,56431351.15480024
2025-07-18 23:59:59.718000+00:00,2025-07-18 23:45:00+00:00,continuous,117840.0,118000.0,117804.5,117896.4,148360626.28949994
2025-07-19 00:14:59.690000+00:00,2025-07-19 00:00:00+00:00,continuous,117896.5,117920.0,117804.1,117907.9,78191130.37210052
2025-07-19 00:29:59.574000+00:00,2025-07-19 00:15:00+00:00,continuous,117907.9,117940.0,117851.2,117940.0,45558773.47170018
2025-07-19 00:44:59.916000+00:00,2025-07-19 00:30:00+00:00,continuous,117940.0,118013.7,117820.6,117884.1,82340230.49659953
2025-07-19 00:59:59.631000+00:00,2025-07-19 00:45:00+00:00,continuous,117884.3,117916.1,117682.6,117713.0,62251339.28560004
2025-07-19 01:14:59.955000+00:00,2025-07-19 01:00:00+00:00,continuous,117713.1,117885.0,117588.0,117885.0,77971044.7919004
2025-07-19 01:29:59.670000+00:00,2025-07-19 01:15:00+00:00,continuous,117885.0,117988.0,117848.4,117961.1,67735757.89159976
2025-07-19 01:44:59.855000+00:00,2025-07-19 01:30:00+00:00,continuous,117961.1,118060.0,117894.4,118000.1,55404464.63000005
2025-07-19 01:59:59.209000+00:00,2025-07-19 01:45:00+00:00,continuous,118000.0,118094.6,117935.9,118010.0,80241698.16269958
2025-07-19 02:14:59.692000+00:00,2025-07-19 02:00:00+00:00,continuous,118010.0,118065.0,117886.4,118009.0,61475895.87059973
2025-07-19 02:29:59.696000+00:00,2025-07-19 02:15:00+00:00,continuous,118008.9,118065.0,117933.3,117957.7,63736905.37089998
2025-07-19 02:44:59.728000+00:00,2025-07-19 02:30:00+00:00,continuous,117957.6,118205.5,117957.6,118119.1,115995153.62070009
2025-07-19 02:59:59.914000+00:00,2025-07-19 02:45:00+00:00,continuous,118119.2,118275.0,118104.7,118176.7,89994557.31099932
2025-07-19 03:14:59.546000+00:00,2025-07-19 03:00:00+00:00,continuous,118176.7,118190.0,118088.0,118184.1,49883725.35940031
2025-07-19 03:29:59.702000+00:00,2025-07-19 03:15:00+00:00,continuous,118184.1,118286.4,118160.3,118224.3,66079731.21949972
2025-07-19 03:44:59.940000+00:00,2025-07-19 03:30:00+00:00,continuous,118224.4,118340.7,118187.8,118265.1,99682937.2203999
2025-07-19 03:59:59.566000+00:00,2025-07-19 03:45:00+00:00,continuous,118265.0,118312.3,118160.4,118295.2,65400891.84759996
2025-07-19 04:14:59.996000+00:00,2025-07-19 04:00:00+00:00,continuous,118295.3,118337.5,118206.4,118319.2,67802030.83050013
2025-07-19 04:29:59.676000+00:00,2025-07-19 04:15:00+00:00,continuous,118319.1,118333.4,118171.4,118171.4,62682544.344799854
2025-07-19 04:44:59.292000+00:00,2025-07-19 04:30:00+00:00,continuous,118171.5,118300.0,118130.4,118137.5,45922617.0756998
2025-07-19 04:59:59.124000+00:00,2025-07-19 04:45:00+00:00,continuous,118137.5,118170.0,118063.4,118104.3,49206421.84019978
2025-07-19 05:14:59.823000+00:00,2025-07-19 05:00:00+00:00,continuous,118104.3,118155.0,118013.2,118051.1,38302829.42800027
2025-07-19 05:29:59.732000+00:00,2025-07-19 05:15:00+00:00,continuous,118051.1,118115.0,118020.0,118107.1,31636165.7926
2025-07-19 05:44:59.551000+00:00,2025-07-19 05:30:00+00:00,continuous,118107.2,118256.9,118086.2,118253.3,49264676.63180004
2025-07-19 05:59:59.772000+00:00,2025-07-19 05:45:00+00:00,continuous,118253.4,118264.0,118158.8,118174.0,48331143.63560005
2025-07-19 06:14:59.736000+00:00,2025-07-19 06:00:00+00:00,continuous,118173.9,118244.1,118152.0,118179.1,42907001.47549972
2025-07-19 06:29:59.706000+00:00,2025-07-19 06:15:00+00:00,continuous,118179.1,118179.2,118034.8,118034.8,48777805.92059992
2025-07-19 06:44:59.887000+00:00,2025-07-19 06:30:00+00:00,continuous,118034.8,118131.2,118034.8,118071.2,35796248.99749987
2025-07-19 06:59:59.961000+00:00,2025-07-19 06:45:00+00:00,continuous,118071.1,118147.8,118071.1,118136.9,19107929.250399947
2025-07-19 07:14:59.207000+00:00,2025-07-19 07:00:00+00:00,continuous,118136.9,118229.7,118136.8,118225.1,34158220.792200275
2025-07-19 07:29:59.782000+00:00,2025-07-19 07:15:00+00:00,continuous,118225.1,118300.0,118218.1,118244.9,32655348.49130009
2025-07-19 07:44:59.962000+00:00,2025-07-19 07:30:00+00:00,continuous,118245.0,118252.2,118137.5,118138.1,32842013.879300017
2025-07-19 07:59:59.550000+00:00,2025-07-19 07:45:00+00:00,continuous,118138.2,118178.4,118117.5,118135.0,34145883.56010016
2025-07-19 08:14:59.652000+00:00,2025-07-19 08:00:00+00:00,continuous,118134.9,118239.4,118036.1,118036.2,52189590.87359996
2025-07-19 08:29:59.775000+00:00,2025-07-19 08:15:00+00:00,continuous,118036.2,118098.5,118024.0,118063.9,80505002.6310999
2025-07-19 08:44:59.568000+00:00,2025-07-19 08:30:00+00:00,continuous,118064.0,118064.0,117904.0,118063.2,72300131.40189987
2025-07-19 08:59:59.920000+00:00,2025-07-19 08:45:00+00:00,continuous,118063.1,118140.0,117965.9,118057.2,61771333.84810005
2025-07-19 09:14:59.932000+00:00,2025-07-19 09:00:00+00:00,continuous,118057.2,118145.3,118033.9,118100.1,39805403.969100036
2025-07-19 09:29:59.701000+00:00,2025-07-19 09:15:00+00:00,continuous,118100.0,118212.3,118095.8,118172.7,29796304.60360006
2025-07-19 09:44:59.319000+00:00,2025-07-19 09:30:00+00:00,continuous,118172.6,118277.5,118155.5,118277.5,50362515.08279961
2025-07-19 09:59:58.700000+00:00,2025-07-19 09:45:00+00:00,continuous,118277.4,118300.0,118158.3,118205.1,45811319.42249988
2025-07-19 10:14:59.820000+00:00,2025-07-19 10:00:00+00:00,continuous,118205.1,118247.0,118142.2,118196.0,34424072.11589999
2025-07-19 10:29:59.683000+00:00,2025-07-19 10:15:00+00:00,continuous,118196.0,118299.9,118195.9,118299.9,34295791.44520009
2025-07-19 10:44:59.678000+00:00,2025-07-19 10:30:00+00:00,continuous,118299.8,118449.9,118280.0,118406.5,74919104.55789971
2025-07-19 10:59:59.863000+00:00,2025-07-19 10:45:00+00:00,continuous,118406.4,118428.9,118311.8,118410.5,51361767.3843998
2025-07-19 11:14:59.925000+00:00,2025-07-19 11:00:00+00:00,continuous,118410.6,118456.0,118262.5,118270.2,63660758.015400015
2025-07-19 11:29:59.974000+00:00,2025-07-19 11:15:00+00:00,continuous,118270.1,118436.6,118120.2,118436.5,94726590.96059957
2025-07-19 11:44:59.209000+00:00,2025-07-19 11:30:00+00:00,continuous,118436.6,118436.6,118333.7,118396.7,56639411.424800165
2025-07-19 11:59:59.890000+00:00,2025-07-19 11:45:00+00:00,continuous,118396.8,118402.8,118262.0,118300.0,42644700.541099906
2025-07-19 12:14:59.737000+00:00,2025-07-19 12:00:00+00:00,continuous,118300.0,118301.4,118113.9,118166.4,65964917.198699936
2025-07-19 12:29:59.760000+00:00,2025-07-19 12:15:00+00:00,continuous,118166.3,118288.0,118069.4,118175.5,61342513.80349955
2025-07-19 12:44:59.254000+00:00,2025-07-19 12:30:00+00:00,continuous,118175.4,118232.7,118100.0,118112.6,54659447.346700065
2025-07-19 12:59:59.877000+00:00,2025-07-19 12:45:00+00:00,continuous,118112.5,118223.5,118070.5,118218.1,33074026.8080001
2025-07-19 13:14:59.900000+00:00,2025-07-19 13:00:00+00:00,continuous,118218.1,118258.7,118117.3,118220.0,38830965.519099884
2025-07-19 13:29:59.908000+00:00,2025-07-19 13:15:00+00:00,continuous,118220.0,118256.1,118174.2,118253.9,28299719.087299883
2025-07-19 13:44:59.743000+00:00,2025-07-19 13:30:00+00:00,continuous,118253.9,118299.0,118197.4,118242.7,30314259.14290009
2025-07-19 13:59:59.519000+00:00,2025-07-19 13:45:00+00:00,continuous,118242.7,118242.7,118050.0,118167.0,55598225.76409996
2025-07-19 14:14:59.967000+00:00,2025-07-19 14:00:00+00:00,continuous,118167.0,118203.0,118000.0,118019.2,64769692.146800004
2025-07-19 14:29:59.994000+00:00,2025-07-19 14:15:00+00:00,continuous,118019.3,118149.3,117799.9,117860.2,193594391.38760054
2025-07-19 14:44:59.611000+00:00,2025-07-19 14:30:00+00:00,continuous,117860.1,117976.4,117632.0,117789.6,254472777.32949874
2025-07-19 14:59:59.820000+00:00,2025-07-19 14:45:00+00:00,continuous,117789.9,117878.8,117615.3,117657.4,124162410.77560106
2025-07-19 15:14:59.818000+00:00,2025-07-19 15:00:00+00:00,continuous,117657.4,117944.6,117637.5,117890.0,100290158.45890029
2025-07-19 15:29:59.917000+00:00,2025-07-19 15:15:00+00:00,continuous,117889.9,118176.1,117889.9,118169.2,130664611.06010062
2025-07-19 15:44:59.886000+00:00,2025-07-19 15:30:00+00:00,continuous,118169.2,118221.7,118071.3,118191.7,76988617.51059948
2025-07-19 15:59:59.610000+00:00,2025-07-19 15:45:00+00:00,continuous,118191.7,118191.7,118000.0,118025.6,53003020.51360025
2025-07-19 16:14:59.770000+00:00,2025-07-19 16:00:00+00:00,continuous,118025.6,118025.7,117825.1,117869.5,88410492.93639992
2025-07-19 16:29:59.756000+00:00,2025-07-19 16:15:00+00:00,continuous,117869.5,118149.8,117826.9,118096.1,93412472.39980002
2025-07-19 16:44:59.467000+00:00,2025-07-19 16:30:00+00:00,continuous,118096.2,118143.7,117988.0,118058.2,53165588.00129979
2025-07-19 16:59:59.777000+00:00,2025-07-19 16:45:00+00:00,continuous,118058.2,118125.6,117925.8,117958.1,37609091.97430006
2025-07-19 17:14:59.602000+00:00,2025-07-19 17:00:00+00:00,continuous,117958.1,117971.3,117856.6,117867.0,48305169.60980027
2025-07-19 17:29:59.510000+00:00,2025-07-19 17:15:00+00:00,continuous,117867.1,117906.9,117781.1,117807.0,54909942.27959985
2025-07-19 17:44:59.985000+00:00,2025-07-19 17:30:00+00:00,continuous,117807.0,117852.5,117711.6,117785.5,74688293.37289986
2025-07-19 17:59:59.548000+00:00,2025-07-19 17:45:00+00:00,continuous,117785.5,117836.1,117703.2,117786.5,44063230.448399864
2025-07-19 18:14:59.304000+00:00,2025-07-19 18:00:00+00:00,continuous,117786.4,117928.6,117728.6,117913.6,40218957.47449992
2025-07-19 18:29:59.752000+00:00,2025-07-19 18:15:00+00:00,continuous,117913.7,117975.3,117824.4,117901.1,47933648.11769978
2025-07-19 18:44:58.596000+00:00,2025-07-19 18:30:00+00:00,continuous,117901.1,118018.1,117901.1,117926.2,46736297.877299786
2025-07-19 18:59:59.888000+00:00,2025-07-19 18:45:00+00:00,continuous,117926.3,117976.3,117818.0,117841.2,33523451.012600116
2025-07-19 19:14:59.987000+00:00,2025-07-19 19:00:00+00:00,continuous,117841.1,117900.3,117562.1,117710.8,124792751.8634003
2025-07-19 19:29:59.533000+00:00,2025-07-19 19:15:00+00:00,continuous,117710.8,117837.1,117702.5,117835.6,42411855.26620015
2025-07-19 19:44:59.969000+00:00,2025-07-19 19:30:00+00:00,continuous,117835.7,118124.9,117835.6,118095.9,65950391.314599976
2025-07-19 19:59:59.246000+00:00,2025-07-19 19:45:00+00:00,continuous,118096.0,118096.0,117946.8,117978.3,82441449.94209999
2025-07-19 20:14:59.502000+00:00,2025-07-19 20:00:00+00:00,continuous,117978.4,118125.7,117929.2,117984.8,49935045.81779985
2025-07-19 20:29:59.727000+00:00,2025-07-19 20:15:00+00:00,continuous,117984.9,117984.9,117873.9,117977.2,23758466.857700076
2025-07-19 20:44:59.884000+00:00,2025-07-19 20:30:00+00:00,continuous,117977.2,117980.5,117918.8,117953.4,26216175.25640008
2025-07-19 20:59:59.979000+00:00,2025-07-19 20:45:00+00:00,continuous,117953.4,118054.4,117666.8,117682.3,62027985.22540001
2025-07-19 21:14:59.831000+00:00,2025-07-19 21:00:00+00:00,continuous,117682.2,117809.0,117500.0,117572.8,151789275.19860035
2025-07-19 21:29:59.895000+00:00,2025-07-19 21:15:00+00:00,continuous,117572.8,117670.1,117245.9,117662.3,309578087.82040167
2025-07-19 21:44:59.881000+00:00,2025-07-19 21:30:00+00:00,continuous,117662.4,117681.9,117384.6,117445.6,132075365.54350005
2025-07-19 21:59:58.953000+00:00,2025-07-19 21:45:00+00:00,continuous,117445.6,117716.0,117445.5,117666.1,63749800.604199804
2025-07-19 22:14:59.978000+00:00,2025-07-19 22:00:00+00:00,continuous,117666.0,117750.0,117491.3,117733.9,68646738.49749966
2025-07-19 22:29:59.612000+00:00,2025-07-19 22:15:00+00:00,continuous,117734.0,117779.9,117661.2,117675.2,70935682.42660023
2025-07-19 22:44:58.468000+00:00,2025-07-19 22:30:00+00:00,continuous,117675.2,117816.6,117662.0,117802.0,31707247.366399962
2025-07-19 22:59:59.861000+00:00,2025-07-19 22:45:00+00:00,continuous,117802.0,117825.4,117737.7,117758.1,25771357.690499965
2025-07-19 23:14:59.498000+00:00,2025-07-19 23:00:00+00:00,continuous,117758.1,117915.8,117706.9,117881.0,41207011.949699834
2025-07-19 23:29:59.495000+00:00,2025-07-19 23:15:00+00:00,continuous,117881.1,117881.1,117704.2,117758.8,25669023.35869997
2025-07-19 23:44:59.773000+00:00,2025-07-19 23:30:00+00:00,continuous,117758.8,117906.1,117758.8,117767.3,24864152.431800015
2025-07-19 23:59:59.698000+00:00,2025-07-19 23:45:00+00:00,continuous,117767.2,117858.7,117756.5,117814.4,23754511.78900001
2025-07-20 00:14:59.848000+00:00,2025-07-20 00:00:00+00:00,continuous,117814.3,117846.7,117666.0,117673.3,35983021.98130005
2025-07-20 00:29:59.746000+00:00,2025-07-20 00:15:00+00:00,continuous,117673.4,117774.9,117620.6,117620.6,29914041.053400025
2025-07-20 00:44:59.953000+00:00,2025-07-20 00:30:00+00:00,continuous,117620.6,117772.1,117618.0,117646.6,43550066.760599844
2025-07-20 00:59:59.686000+00:00,2025-07-20 00:45:00+00:00,continuous,117646.5,117974.5,117646.5,117912.5,48437756.37420007
2025-07-20 01:14:59.578000+00:00,2025-07-20 01:00:00+00:00,continuous,117912.5,118054.5,117855.5,117960.2,85839386.9863993
2025-07-20 01:29:59.834000+00:00,2025-07-20 01:15:00+00:00,continuous,117960.2,118119.6,117951.1,117956.2,74907344.17969999
2025-07-20 01:44:59.858000+00:00,2025-07-20 01:30:00+00:00,continuous,117956.2,118035.6,117916.5,117974.5,38204589.13619987
2025-07-20 01:59:59.519000+00:00,2025-07-20 01:45:00+00:00,continuous,117974.4,118015.5,117875.1,117908.8,30895114.552299965
2025-07-20 02:14:59.677000+00:00,2025-07-20 02:00:00+00:00,continuous,117908.9,117925.9,117785.8,117870.6,44590004.04440001
2025-07-20 02:29:59.671000+00:00,2025-07-20 02:15:00+00:00,continuous,117870.5,117900.0,117769.2,117769.3,29125153.126199935
2025-07-20 02:44:59.674000+00:00,2025-07-20 02:30:00+00:00,continuous,117769.2,117892.0,117741.4,117858.4,23290049.50200006
2025-07-20 02:59:59.794000+00:00,2025-07-20 02:45:00+00:00,continuous,117858.3,117990.0,117841.6,117957.8,58175119.98470022
2025-07-20 03:14:59.585000+00:00,2025-07-20 03:00:00+00:00,continuous,117957.8,118085.2,117957.7,117969.4,36989044.15160032
2025-07-20 03:29:58.831000+00:00,2025-07-20 03:15:00+00:00,continuous,117969.4,117985.1,117714.2,117880.1,89700853.06359878
2025-07-20 03:44:59.513000+00:00,2025-07-20 03:30:00+00:00,continuous,117880.0,118158.7,117878.0,117967.2,186837706.00680092
2025-07-20 03:59:59.836000+00:00,2025-07-20 03:45:00+00:00,continuous,117967.1,117967.2,117893.5,117934.1,38299976.09439985
2025-07-20 04:14:59.556000+00:00,2025-07-20 04:00:00+00:00,continuous,117934.2,117955.9,117870.0,117895.7,42473113.23059991
2025-07-20 04:29:59.598000+00:00,2025-07-20 04:15:00+00:00,continuous,117895.8,118057.7,117856.7,118038.7,51133063.65349979
2025-07-20 04:44:59.278000+00:00,2025-07-20 04:30:00+00:00,continuous,118038.6,118099.8,117896.9,117907.6,46160644.616299875
2025-07-20 04:59:59.741000+00:00,2025-07-20 04:45:00+00:00,continuous,117907.6,117967.0,117900.4,117917.8,21015115.854000196
2025-07-20 05:14:59.832000+00:00,2025-07-20 05:00:00+00:00,continuous,117917.9,117951.7,117818.7,117854.3,28272756.793799832
2025-07-20 05:29:59.236000+00:00,2025-07-20 05:15:00+00:00,continuous,117854.4,117869.8,117769.0,117795.7,28838815.778899997
2025-07-20 05:44:59.995000+00:00,2025-07-20 05:30:00+00:00,continuous,117795.7,117889.9,117787.0,117869.3,46358795.83530018
2025-07-20 05:59:59.626000+00:00,2025-07-20 05:45:00+00:00,continuous,117869.3,117898.0,117813.2,117822.7,27392712.398199905
2025-07-20 06:14:59.272000+00:00,2025-07-20 06:00:00+00:00,continuous,117822.7,117822.7,117748.3,117748.3,25134113.30239994
2025-07-20 06:29:59.626000+00:00,2025-07-20 06:15:00+00:00,continuous,117748.4,117842.5,117736.3,117795.8,32542725.958200112
2025-07-20 06:44:59.588000+00:00,2025-07-20 06:30:00+00:00,continuous,117795.7,117820.5,117776.8,117820.5,21057947.314000037
2025-07-20 06:59:59.863000+00:00,2025-07-20 06:45:00+00:00,continuous,117820.4,117859.9,117797.2,117797.2,17831329.612299938
2025-07-20 07:14:59.626000+00:00,2025-07-20 07:00:00+00:00,continuous,117797.3,117855.0,117797.2,117831.7,21206883.23840018
2025-07-20 07:29:59.878000+00:00,2025-07-20 07:15:00+00:00,continuous,117831.7,118039.0,117831.6,118039.0,55303056.791100174
2025-07-20 07:44:59.914000+00:00,2025-07-20 07:30:00+00:00,continuous,118038.9,118200.0,117987.6,118199.9,114171441.56880005
2025-07-20 07:59:59.364000+00:00,2025-07-20 07:45:00+00:00,continuous,118200.0,118214.0,117969.4,117984.3,99193904.22160047
2025-07-20 08:14:59.948000+00:00,2025-07-20 08:00:00+00:00,continuous,117984.3,118230.7,117984.3,118230.1,107876957.5833998
2025-07-20 08:29:59.653000+00:00,2025-07-20 08:15:00+00:00,continuous,118230.0,118230.1,118093.6,118146.3,53411742.630200095
2025-07-20 08:44:59.915000+00:00,2025-07-20 08:30:00+00:00,continuous,118146.3,118235.0,118092.3,118144.9,63715814.49399991
2025-07-20 08:59:59.628000+00:00,2025-07-20 08:45:00+00:00,continuous,118144.9,118220.4,118099.8,118136.5,72671944.16160046
2025-07-20 09:14:59.970000+00:00,2025-07-20 09:00:00+00:00,continuous,118136.4,118261.6,117982.6,117982.6,116040599.32440008
2025-07-20 09:29:59.976000+00:00,2025-07-20 09:15:00+00:00,continuous,117982.6,118147.8,117978.6,117983.2,68194853.49830003
2025-07-20 09:44:59.805000+00:00,2025-07-20 09:30:00+00:00,continuous,117983.2,118096.5,117983.2,118060.1,36913795.459299944
2025-07-20 09:59:59.907000+00:00,2025-07-20 09:45:00+00:00,continuous,118060.2,118082.1,117853.0,117891.5,75592051.54129983
2025-07-20 10:14:59.594000+00:00,2025-07-20 10:00:00+00:00,continuous,117891.5,117981.7,117872.9,117921.4,50004310.96669998
2025-07-20 10:29:59.758000+00:00,2025-07-20 10:15:00+00:00,continuous,117921.5,117979.4,117900.0,117941.9,35753291.96360016
2025-07-20 10:44:59.992000+00:00,2025-07-20 10:30:00+00:00,continuous,117941.9,117986.2,117928.1,117952.1,40728744.974199876
2025-07-20 10:59:59.483000+00:00,2025-07-20 10:45:00+00:00,continuous,117952.1,117952.1,117849.8,117880.0,58231712.01319971
2025-07-20 11:14:59.232000+00:00,2025-07-20 11:00:00+00:00,continuous,117879.9,117934.8,117840.2,117888.9,50041761.81589962
2025-07-20 11:29:59.938000+00:00,2025-07-20 11:15:00+00:00,continuous,117888.8,117979.6,117819.5,117846.5,66668359.113999754
2025-07-20 11:44:59.720000+00:00,2025-07-20 11:30:00+00:00,continuous,117846.5,117899.8,117801.9,117892.8,43066156.44150039
2025-07-20 11:59:59.587000+00:00,2025-07-20 11:45:00+00:00,continuous,117892.8,118075.5,117801.0,117869.2,138546206.83410004
2025-07-20 12:14:59.852000+00:00,2025-07-20 12:00:00+00:00,continuous,117869.2,117966.6,117701.1,117883.3,129045690.67839983
2025-07-20 12:29:59.932000+00:00,2025-07-20 12:15:00+00:00,continuous,117883.4,118025.8,117788.2,117810.1,137395921.31940013
2025-07-20 12:44:59.877000+00:00,2025-07-20 12:30:00+00:00,continuous,117810.0,117892.3,117769.3,117840.8,109231945.13559976
2025-07-20 12:59:59.702000+00:00,2025-07-20 12:45:00+00:00,continuous,117840.8,118157.8,117800.0,118055.4,114774281.89019965
2025-07-20 13:14:59.757000+00:00,2025-07-20 13:00:00+00:00,continuous,118055.5,118180.8,118055.4,118098.4,92742710.74740043
2025-07-20 13:29:59.730000+00:00,2025-07-20 13:15:00+00:00,continuous,118098.4,118140.0,118053.2,118093.2,59361255.62779982
2025-07-20 13:44:59.956000+00:00,2025-07-20 13:30:00+00:00,continuous,118093.2,118133.0,118055.1,118098.9,54495448.03439982
2025-07-20 13:59:59.956000+00:00,2025-07-20 13:45:00+00:00,continuous,118098.8,118383.0,118085.6,118378.7,114994327.23410015
2025-07-20 14:14:59.966000+00:00,2025-07-20 14:00:00+00:00,continuous,118378.8,118750.0,118251.2,118530.4,491688188.84650075
2025-07-20 14:29:59.697000+00:00,2025-07-20 14:15:00+00:00,continuous,118530.4,118794.0,118430.7,118627.4,192874255.28590024
2025-07-20 14:44:59.906000+00:00,2025-07-20 14:30:00+00:00,continuous,118627.3,118780.6,118502.9,118563.9,93659101.39310083
2025-07-20 14:59:59.716000+00:00,2025-07-20 14:45:00+00:00,continuous,118564.0,118591.4,118355.0,118433.0,92577312.78079961
2025-07-20 15:14:59.929000+00:00,2025-07-20 15:00:00+00:00,continuous,118433.0,118640.0,118329.9,118640.0,85142704.91619992
2025-07-20 15:29:59.721000+00:00,2025-07-20 15:15:00+00:00,continuous,118639.9,118696.4,118500.0,118696.4,61304029.688900106
2025-07-20 15:44:59.934000+00:00,2025-07-20 15:30:00+00:00,continuous,118696.4,118758.6,118547.0,118574.5,88141115.4595001
2025-07-20 15:59:59.910000+00:00,2025-07-20 15:45:00+00:00,continuous,118574.5,118764.2,118553.6,118669.3,112370061.88019985
2025-07-20 16:14:59.873000+00:00,2025-07-20 16:00:00+00:00,continuous,118669.4,118856.6,118522.3,118601.2,197133959.1747004
2025-07-20 16:29:59.377000+00:00,2025-07-20 16:15:00+00:00,continuous,118601.1,118651.6,118450.0,118645.2,108759785.88850017
2025-07-20 16:44:59.191000+00:00,2025-07-20 16:30:00+00:00,continuous,118645.1,118818.0,118596.0,118724.3,89458504.5573
2025-07-20 16:59:59.918000+00:00,2025-07-20 16:45:00+00:00,continuous,118724.3,118730.3,118491.4,118543.8,61104205.85830032
2025-07-20 17:14:59.543000+00:00,2025-07-20 17:00:00+00:00,continuous,118543.7,118543.8,118156.7,118320.4,279292590.75860023
2025-07-20 17:29:59.838000+00:00,2025-07-20 17:15:00+00:00,continuous,118320.5,118430.0,118222.9,118320.3,61813204.32870019
2025-07-20 17:44:59.876000+00:00,2025-07-20 17:30:00+00:00,continuous,118320.4,118431.6,118030.5,118209.7,91611918.65560012
2025-07-20 17:59:59.889000+00:00,2025-07-20 17:45:00+00:00,continuous,118209.6,118209.7,117912.8,118003.4,165197325.98039994
2025-07-20 18:14:59.991000+00:00,2025-07-20 18:00:00+00:00,continuous,118003.4,118208.9,118003.4,118178.4,95387082.90860005
2025-07-20 18:29:59.737000+00:00,2025-07-20 18:15:00+00:00,continuous,118178.3,118205.0,118056.7,118181.0,58543243.79989991
2025-07-20 18:44:59.710000+00:00,2025-07-20 18:30:00+00:00,continuous,118180.9,118235.1,118068.7,118210.0,82320668.3273006
2025-07-20 18:59:59.118000+00:00,2025-07-20 18:45:00+00:00,continuous,118210.0,118421.0,118209.9,118329.1,117961826.00160033
2025-07-20 19:14:59.532000+00:00,2025-07-20 19:00:00+00:00,continuous,118329.2,118538.4,118329.1,118494.0,76207128.24110048
2025-07-20 19:29:59.827000+00:00,2025-07-20 19:15:00+00:00,continuous,118494.1,118549.4,118405.7,118526.8,47645437.51350019
2025-07-20 19:44:59.687000+00:00,2025-07-20 19:30:00+00:00,continuous,118526.7,118526.8,118328.8,118328.8,41275349.94280021
2025-07-20 19:59:59.931000+00:00,2025-07-20 19:45:00+00:00,continuous,118328.8,118363.0,118130.9,118131.2,40935480.80039996
2025-07-20 20:14:59.840000+00:00,2025-07-20 20:00:00+00:00,continuous,118131.2,118157.9,117822.4,118031.8,254198275.6065989
2025-07-20 20:29:59.988000+00:00,2025-07-20 20:15:00+00:00,continuous,118031.8,118198.3,117968.2,118057.5,63952180.74529993
2025-07-20 20:44:58.079000+00:00,2025-07-20 20:30:00+00:00,continuous,118057.5,118153.8,118040.0,118153.8,34895354.09040006
2025-07-20 20:59:59.734000+00:00,2025-07-20 20:45:00+00:00,continuous,118153.8,118245.3,118057.7,118062.4,36694916.86569995
2025-07-20 21:14:59.643000+00:00,2025-07-20 21:00:00+00:00,continuous,118062.4,118062.5,117800.0,117994.4,147817370.81459996
2025-07-20 21:29:59.935000+00:00,2025-07-20 21:15:00+00:00,continuous,117994.4,118097.7,117801.8,118065.9,96325419.51629996
2025-07-20 21:44:59.858000+00:00,2025-07-20 21:30:00+00:00,continuous,118065.9,118139.2,117888.1,117988.8,60669781.09269985
2025-07-20 21:59:59.757000+00:00,2025-07-20 21:45:00+00:00,continuous,117988.8,118036.3,117982.8,117982.9,19773445.247899946
2025-07-20 22:14:59.954000+00:00,2025-07-20 22:00:00+00:00,continuous,117982.8,118029.9,116800.0,116875.1,867748623.2012923
2025-07-20 22:29:59.973000+00:00,2025-07-20 22:15:00+00:00,continuous,116875.0,117265.5,116370.1,117230.0,966553097.2695034
2025-07-20 22:44:59.813000+00:00,2025-07-20 22:30:00+00:00,continuous,117229.9,117592.7,117069.8,117569.7,229353736.42030162
2025-07-20 22:59:59.926000+00:00,2025-07-20 22:45:00+00:00,continuous,117569.6,117631.3,117370.2,117438.6,199589588.60550004
2025-07-20 23:14:59.939000+00:00,2025-07-20 23:00:00+00:00,continuous,117438.5,117529.9,117188.1,117334.9,158167859.4446018
2025-07-20 23:29:59.983000+00:00,2025-07-20 23:15:00+00:00,continuous,117334.8,117376.0,117142.1,117183.3,75154914.25740029
2025-07-20 23:44:59.772000+00:00,2025-07-20 23:30:00+00:00,continuous,117183.3,117350.0,116907.3,117197.1,140815911.9721005
2025-07-20 23:59:59.970000+00:00,2025-07-20 23:45:00+00:00,continuous,117197.0,117287.9,117094.0,117216.0,63721258.478100084
2025-07-21 00:14:59.897000+00:00,2025-07-21 00:00:00+00:00,continuous,117216.1,117255.7,116807.7,116819.1,194495022.37199995
2025-07-21 00:29:59.886000+00:00,2025-07-21 00:15:00+00:00,continuous,116819.0,116960.0,116454.1,116869.6,303759892.0351995
2025-07-21 00:44:59.664000+00:00,2025-07-21 00:30:00+00:00,continuous,116869.5,117166.6,116692.3,116978.8,144508878.78719953
2025-07-21 00:59:59.912000+00:00,2025-07-21 00:45:00+00:00,continuous,116978.7,117333.1,116837.7,117323.6,157267497.70839986
2025-07-21 01:14:59.846000+00:00,2025-07-21 01:00:00+00:00,continuous,117323.6,117410.9,117111.0,117125.2,109636563.14890057
2025-07-21 01:29:59.686000+00:00,2025-07-21 01:15:00+00:00,continuous,117125.1,117223.0,117000.0,117090.7,79463439.14289992
2025-07-21 01:44:59.277000+00:00,2025-07-21 01:30:00+00:00,continuous,117090.6,117195.7,116732.5,116922.9,136742630.4250001
2025-07-21 01:59:59.756000+00:00,2025-07-21 01:45:00+00:00,continuous,116922.9,117287.7,116871.2,117262.9,100834723.94480026
2025-07-21 02:14:59.976000+00:00,2025-07-21 02:00:00+00:00,continuous,117262.8,117989.1,117262.8,117880.1,317350417.49350125
2025-07-21 02:29:59.350000+00:00,2025-07-21 02:15:00+00:00,continuous,117880.2,118063.0,117660.0,118000.0,153075492.7925001
2025-07-21 02:44:59.995000+00:00,2025-07-21 02:30:00+00:00,continuous,118000.0,118011.1,117784.7,117819.9,89434216.47810014
2025-07-21 02:59:59.840000+00:00,2025-07-21 02:45:00+00:00,continuous,117819.8,118175.4,117728.5,118156.0,129868083.54259977
2025-07-21 03:14:59.652000+00:00,2025-07-21 03:00:00+00:00,continuous,118156.0,118491.5,118096.6,118400.0,289964471.2037995
2025-07-21 03:29:59.874000+00:00,2025-07-21 03:15:00+00:00,continuous,118399.9,118528.0,118315.4,118460.4,128636613.65690014
2025-07-21 03:44:59.675000+00:00,2025-07-21 03:30:00+00:00,continuous,118460.4,118585.0,118346.8,118392.6,109847706.18709955
2025-07-21 03:59:59.818000+00:00,2025-07-21 03:45:00+00:00,continuous,118392.6,118392.6,118210.2,118374.8,100689335.91399968
2025-07-21 04:14:59.985000+00:00,2025-07-21 04:00:00+00:00,continuous,118374.8,118384.6,118265.3,118339.1,78222249.33559991
2025-07-21 04:29:59.985000+00:00,2025-07-21 04:15:00+00:00,continuous,118339.0,118617.9,118232.9,118412.5,130938709.6592005
2025-07-21 04:44:59.769000+00:00,2025-07-21 04:30:00+00:00,continuous,118412.4,118605.8,118403.7,118534.2,69191181.68440008
2025-07-21 04:59:59.246000+00:00,2025-07-21 04:45:00+00:00,continuous,118534.2,118534.2,118286.6,118306.7,69588344.31989999
2025-07-21 05:14:59.473000+00:00,2025-07-21 05:00:00+00:00,continuous,118306.7,118350.1,118212.0,118335.1,84049132.85680006
2025-07-21 05:29:59.569000+00:00,2025-07-21 05:15:00+00:00,continuous,118335.1,118336.8,118144.0,118179.7,71971355.34299994
2025-07-21 05:44:59.900000+00:00,2025-07-21 05:30:00+00:00,continuous,118179.7,118320.0,118179.6,118285.9,49253093.06889988
2025-07-21 05:59:59.539000+00:00,2025-07-21 05:45:00+00:00,continuous,118285.9,118398.2,118249.9,118397.9,61214041.47710009
2025-07-21 06:14:59.450000+00:00,2025-07-21 06:00:00+00:00,continuous,118397.8,118397.9,118250.4,118337.3,51911776.99289994
2025-07-21 06:29:59.912000+00:00,2025-07-21 06:15:00+00:00,continuous,118337.3,118916.3,118331.9,118831.2,386662801.06260043
2025-07-21 06:44:59.948000+00:00,2025-07-21 06:30:00+00:00,continuous,118831.3,119246.8,118831.2,118959.1,433390440.2056986
2025-07-21 06:59:59.983000+00:00,2025-07-21 06:45:00+00:00,continuous,118959.0,119192.9,118892.3,119158.6,129087036.21090057
2025-07-21 07:14:59.926000+00:00,2025-07-21 07:00:00+00:00,continuous,119158.5,119414.7,119140.0,119349.9,282270070.7930992
2025-07-21 07:29:59.976000+00:00,2025-07-21 07:15:00+00:00,continuous,119349.9,119627.2,119301.1,119605.7,303671503.1236
2025-07-21 07:44:59.955000+00:00,2025-07-21 07:30:00+00:00,continuous,119605.6,119720.6,119261.8,119266.7,267103721.21879968
2025-07-21 07:59:59.945000+00:00,2025-07-21 07:45:00+00:00,continuous,119266.8,119417.5,119261.8,119352.2,124197648.88279997
2025-07-21 08:14:59.756000+00:00,2025-07-21 08:00:00+00:00,continuous,119352.3,119496.2,119314.1,119362.3,135005293.1583
2025-07-21 08:29:59.983000+00:00,2025-07-21 08:15:00+00:00,continuous,119362.2,119393.5,119169.6,119239.9,140502668.71439973
2025-07-21 08:44:59.749000+00:00,2025-07-21 08:30:00+00:00,continuous,119240.0,119333.0,118752.3,118969.6,386921634.8208988
2025-07-21 08:59:59.877000+00:00,2025-07-21 08:45:00+00:00,continuous,118969.6,119082.5,118801.0,118990.2,155576056.90900007
2025-07-21 09:14:59.992000+00:00,2025-07-21 09:00:00+00:00,continuous,118990.3,119080.8,118875.9,118906.0,101374809.8478
2025-07-21 09:29:59.992000+00:00,2025-07-21 09:15:00+00:00,continuous,118906.1,118938.1,118743.3,118770.0,97478893.65570006
2025-07-21 09:44:59.902000+00:00,2025-07-21 09:30:00+00:00,continuous,118770.1,118820.4,118511.8,118611.3,157829009.81640008
2025-07-21 09:59:59.945000+00:00,2025-07-21 09:45:00+00:00,continuous,118611.3,118721.5,118537.1,118680.1,98095082.89359939
2025-07-21 10:14:59.937000+00:00,2025-07-21 10:00:00+00:00,continuous,118680.0,118800.4,118600.0,118770.7,109933997.02559984
2025-07-21 10:29:59.805000+00:00,2025-07-21 10:15:00+00:00,continuous,118770.7,118770.7,118466.4,118499.5,92047619.62960047
2025-07-21 10:44:59.796000+00:00,2025-07-21 10:30:00+00:00,continuous,118499.5,118568.6,118313.6,118488.0,162494629.41169983
2025-07-21 10:59:59.905000+00:00,2025-07-21 10:45:00+00:00,continuous,118488.0,118590.1,118488.0,118553.9,116463582.15649953
2025-07-21 11:14:59.728000+00:00,2025-07-21 11:00:00+00:00,continuous,118553.9,118725.7,118541.1,118600.1,97148121.7557997
2025-07-21 11:29:59.753000+00:00,2025-07-21 11:15:00+00:00,continuous,118600.0,118775.1,118500.0,118601.0,100610690.91399895
2025-07-21 11:44:59.476000+00:00,2025-07-21 11:30:00+00:00,continuous,118601.1,118628.2,118325.4,118348.2,89661250.86889996
2025-07-21 11:59:59.905000+00:00,2025-07-21 11:45:00+00:00,continuous,118348.2,118403.7,118035.0,118045.0,224663485.59790036
2025-07-21 12:14:59.879000+00:00,2025-07-21 12:00:00+00:00,continuous,118044.9,118190.0,117726.7,118189.4,557859300.005896
2025-07-21 12:29:59.954000+00:00,2025-07-21 12:15:00+00:00,continuous,118189.5,118567.3,118147.7,118419.3,272545875.6500003
2025-07-21 12:44:59.997000+00:00,2025-07-21 12:30:00+00:00,continuous,118419.3,118507.8,118088.0,118171.2,265567707.52080023
2025-07-21 12:59:59.854000+00:00,2025-07-21 12:45:00+00:00,continuous,118171.4,118297.5,118088.3,118140.3,78924044.28009994
2025-07-21 13:14:59.937000+00:00,2025-07-21 13:00:00+00:00,continuous,118140.3,118171.2,117850.5,117937.4,195549991.39380038
2025-07-21 13:29:59.994000+00:00,2025-07-21 13:15:00+00:00,continuous,117937.4,118292.0,117937.3,118264.7,158413442.1363
2025-07-21 13:44:59.912000+00:00,2025-07-21 13:30:00+00:00,continuous,118264.6,118663.9,118212.5,118590.1,270097608.51459986
2025-07-21 13:59:59.851000+00:00,2025-07-21 13:45:00+00:00,continuous,118590.1,119075.0,118590.1,118805.9,537028607.0663979
2025-07-21 14:14:59.881000+00:00,2025-07-21 14:00:00+00:00,continuous,118805.8,118923.0,118389.0,118622.0,252340970.3835008
2025-07-21 14:29:59.911000+00:00,2025-07-21 14:15:00+00:00,continuous,118622.1,119086.1,118596.5,118885.0,298386866.0718012
2025-07-21 14:44:59.869000+00:00,2025-07-21 14:30:00+00:00,continuous,118885.0,119027.4,118692.3,119011.8,136333160.99960032
2025-07-21 14:59:59.691000+00:00,2025-07-21 14:45:00+00:00,continuous,119011.8,119200.0,118740.4,118794.3,207596860.6097995
2025-07-21 15:14:59.985000+00:00,2025-07-21 15:00:00+00:00,continuous,118794.4,118938.3,118623.6,118738.0,158725964.4097987
2025-07-21 15:29:59.600000+00:00,2025-07-21 15:15:00+00:00,continuous,118737.9,119111.8,118669.2,118675.0,183874548.00709954
2025-07-21 15:44:59.775000+00:00,2025-07-21 15:30:00+00:00,continuous,118675.1,118710.0,118284.0,118402.5,205416893.8601
2025-07-21 15:59:59.916000+00:00,2025-07-21 15:45:00+00:00,continuous,118402.5,118555.0,118209.5,118304.1,179136866.21460018
2025-07-21 16:14:59.778000+00:00,2025-07-21 16:00:00+00:00,continuous,118304.2,118381.0,117899.0,117957.0,389455939.3323011
2025-07-21 16:29:59.957000+00:00,2025-07-21 16:15:00+00:00,continuous,117957.0,117965.8,117437.9,117888.0,678707018.3464961
2025-07-21 16:44:59.850000+00:00,2025-07-21 16:30:00+00:00,continuous,117888.1,118090.6,117762.8,117823.1,161201262.80510074
2025-07-21 16:59:59.918000+00:00,2025-07-21 16:45:00+00:00,continuous,117823.1,117885.4,117640.5,117726.7,126135786.30740003
2025-07-21 17:14:59.851000+00:00,2025-07-21 17:00:00+00:00,continuous,117726.3,118080.3,117700.0,117888.5,160698523.62599942
2025-07-21 17:29:59.985000+00:00,2025-07-21 17:15:00+00:00,continuous,117888.4,117944.2,117459.8,117525.0,208458893.04109958
2025-07-21 17:44:59.975000+00:00,2025-07-21 17:30:00+00:00,continuous,117527.2,117686.9,117333.0,117375.0,261079707.60660025
2025-07-21 17:59:59.555000+00:00,2025-07-21 17:45:00+00:00,continuous,117374.9,117870.2,117283.0,117815.3,164779115.55830055
2025-07-21 18:14:59.075000+00:00,2025-07-21 18:00:00+00:00,continuous,117815.2,117919.0,117803.3,117908.0,103455027.82860008
2025-07-21 18:29:59.707000+00:00,2025-07-21 18:15:00+00:00,continuous,117908.0,118197.0,117846.1,117952.9,182753549.3585003
2025-07-21 18:44:59.900000+00:00,2025-07-21 18:30:00+00:00,continuous,117952.9,117973.5,117400.7,117432.9,169572618.6120002
2025-07-21 18:59:59.635000+00:00,2025-07-21 18:45:00+00:00,continuous,117432.9,117432.9,117033.0,117116.3,333461481.0592993
2025-07-21 19:14:59.302000+00:00,2025-07-21 19:00:00+00:00,continuous,117116.4,117400.0,116933.0,117391.2,219412216.9889985
2025-07-21 19:29:59.793000+00:00,2025-07-21 19:15:00+00:00,continuous,117391.2,117485.7,116947.4,117043.5,117310952.7250005
2025-07-21 19:44:59.823000+00:00,2025-07-21 19:30:00+00:00,continuous,117044.0,117044.0,116600.0,116800.0,449061595.51350236
2025-07-21 19:59:59.929000+00:00,2025-07-21 19:45:00+00:00,continuous,116800.1,116859.3,116614.3,116724.7,223548876.25110048
2025-07-21 20:14:59.700000+00:00,2025-07-21 20:00:00+00:00,continuous,116724.7,116942.2,116566.9,116881.4,193309799.16299945
2025-07-21 20:29:59.961000+00:00,2025-07-21 20:15:00+00:00,continuous,116881.3,117079.3,116855.7,117029.1,130601349.89880015
2025-07-21 20:44:59.989000+00:00,2025-07-21 20:30:00+00:00,continuous,117029.0,117168.7,116876.4,117109.5,133694820.88459945
2025-07-21 20:59:59.769000+00:00,2025-07-21 20:45:00+00:00,continuous,117109.5,117227.1,116860.8,116889.7,112406234.16239998
2025-07-21 21:14:59.971000+00:00,2025-07-21 21:00:00+00:00,continuous,116889.6,117172.0,116824.4,116906.9,79485068.24559988
2025-07-21 21:29:59.974000+00:00,2025-07-21 21:15:00+00:00,continuous,116906.9,117200.0,116906.8,117185.8,55278530.7658
2025-07-21 21:44:59.999000+00:00,2025-07-21 21:30:00+00:00,continuous,117185.8,117338.7,117069.0,117333.4,63106196.43550005
2025-07-21 21:59:59.843000+00:00,2025-07-21 21:45:00+00:00,continuous,117333.4,117333.4,117109.6,117171.7,58186342.69670001
2025-07-21 22:14:59.418000+00:00,2025-07-21 22:00:00+00:00,continuous,117171.8,117285.5,117061.0,117279.9,92431660.92030017
2025-07-21 22:29:59.720000+00:00,2025-07-21 22:15:00+00:00,continuous,117279.8,117373.6,117155.8,117365.9,70138633.48349968
2025-07-21 22:44:59.823000+00:00,2025-07-21 22:30:00+00:00,continuous,117365.9,117596.6,117365.8,117575.1,110921405.62149991
2025-07-21 22:59:59.545000+00:00,2025-07-21 22:45:00+00:00,continuous,117575.1,117582.6,117307.6,117307.6,78305983.5139998
2025-07-21 23:14:59.730000+00:00,2025-07-21 23:00:00+00:00,continuous,117307.7,117333.6,117127.1,117237.1,62499809.443799675
2025-07-21 23:29:59.826000+00:00,2025-07-21 23:15:00+00:00,continuous,117237.0,117315.9,117062.6,117314.0,93742710.50079973
2025-07-21 23:44:59.839000+00:00,2025-07-21 23:30:00+00:00,continuous,117314.0,117471.0,117259.4,117280.5,75717439.50669974
2025-07-21 23:59:59.670000+00:00,2025-07-21 23:45:00+00:00,continuous,117280.6,117427.8,117239.8,117330.2,37121145.864100166
2025-07-22 00:14:58.758000+00:00,2025-07-22 00:00:00+00:00,continuous,117330.2,117361.6,117209.9,117287.9,53060154.20600022
2025-07-22 00:29:59.649000+00:00,2025-07-22 00:15:00+00:00,continuous,117287.9,117474.7,117287.9,117474.7,65870593.977899775
2025-07-22 00:44:59.540000+00:00,2025-07-22 00:30:00+00:00,continuous,117474.6,117475.1,116968.2,117026.4,191756868.8906995
2025-07-22 00:59:59.809000+00:00,2025-07-22 00:45:00+00:00,continuous,117026.5,117279.4,117026.5,117073.1,66352870.97160001
2025-07-22 01:14:59.895000+00:00,2025-07-22 01:00:00+00:00,continuous,117073.2,117091.3,116800.1,116810.2,164655424.87520087
2025-07-22 01:29:59.966000+00:00,2025-07-22 01:15:00+00:00,continuous,116810.3,117199.9,115865.0,117199.8,1007913118.5174012
2025-07-22 01:44:59.952000+00:00,2025-07-22 01:30:00+00:00,continuous,117199.8,117818.2,117075.2,117615.7,562069082.5325981
2025-07-22 01:59:59.921000+00:00,2025-07-22 01:45:00+00:00,continuous,117615.7,117947.1,117571.3,117700.0,268356013.24339998
2025-07-22 02:14:59.778000+00:00,2025-07-22 02:00:00+00:00,continuous,117700.1,117777.9,117380.5,117463.0,183075471.92110124
2025-07-22 02:29:59.747000+00:00,2025-07-22 02:15:00+00:00,continuous,117463.1,117679.7,117364.1,117507.4,92717705.60249972
2025-07-22 02:44:59.875000+00:00,2025-07-22 02:30:00+00:00,continuous,117507.4,117639.0,117233.5,117239.1,118626644.6207997
2025-07-22 02:59:59.976000+00:00,2025-07-22 02:45:00+00:00,continuous,117239.1,117284.9,116914.4,116980.0,186779678.97279862
2025-07-22 03:14:59.912000+00:00,2025-07-22 03:00:00+00:00,continuous,116980.0,117208.4,116911.3,116977.4,111142298.31769998
2025-07-22 03:29:59.996000+00:00,2025-07-22 03:15:00+00:00,continuous,116977.4,117116.8,116643.0,117090.1,244064497.46149883
2025-07-22 03:44:59.980000+00:00,2025-07-22 03:30:00+00:00,continuous,117090.0,117250.3,116745.5,116873.0,214746144.85129857
2025-07-22 03:59:59.884000+00:00,2025-07-22 03:45:00+00:00,continuous,116873.0,117181.6,116797.1,117177.0,110844804.30890045
2025-07-22 04:14:59.322000+00:00,2025-07-22 04:00:00+00:00,continuous,117176.9,117240.0,117030.5,117082.5,66574053.65699965
2025-07-22 04:29:59.884000+00:00,2025-07-22 04:15:00+00:00,continuous,117082.5,117130.1,116804.1,116941.6,110282411.00959972
2025-07-22 04:44:59.981000+00:00,2025-07-22 04:30:00+00:00,continuous,116941.6,117325.0,116800.0,116820.1,134845952.9408995
2025-07-22 04:59:59.779000+00:00,2025-07-22 04:45:00+00:00,continuous,116820.2,116900.0,116487.0,116500.0,245100042.50959897
2025-07-22 05:14:59.956000+00:00,2025-07-22 05:00:00+00:00,continuous,116500.1,117206.0,116484.2,117168.9,281465210.59370154
2025-07-22 05:29:58.780000+00:00,2025-07-22 05:15:00+00:00,continuous,117168.9,117318.0,117069.8,117123.0,134379427.14859992
2025-07-22 05:44:59.587000+00:00,2025-07-22 05:30:00+00:00,continuous,117122.9,117297.0,117011.9,117050.0,98650139.31859998
2025-07-22 05:59:59.971000+00:00,2025-07-22 05:45:00+00:00,continuous,117050.0,117294.8,116886.1,117289.3,121848102.6962001
2025-07-22 06:14:59.684000+00:00,2025-07-22 06:00:00+00:00,continuous,117289.5,117548.6,117222.6,117516.2,179881317.2118
2025-07-22 06:29:59.955000+00:00,2025-07-22 06:15:00+00:00,continuous,117516.2,117697.6,117387.2,117680.4,143783591.67449987
2025-07-22 06:44:59.901000+00:00,2025-07-22 06:30:00+00:00,continuous,117680.3,117727.0,117503.8,117508.4,122266363.63280018
2025-07-22 06:59:59.822000+00:00,2025-07-22 06:45:00+00:00,continuous,117508.5,117799.9,117445.0,117799.7,117516973.34900063
2025-07-22 07:14:59.960000+00:00,2025-07-22 07:00:00+00:00,continuous,117799.7,118250.0,117720.8,118244.2,365834151.04389924
2025-07-22 07:29:59.913000+00:00,2025-07-22 07:15:00+00:00,continuous,118244.2,118554.9,118177.6,118530.0,400292842.1983997
2025-07-22 07:44:59.856000+00:00,2025-07-22 07:30:00+00:00,continuous,118529.9,118548.9,118070.6,118149.9,282102851.14750063
2025-07-22 07:59:59.979000+00:00,2025-07-22 07:45:00+00:00,continuous,118149.9,118184.4,117779.4,117959.5,207700991.5796004
2025-07-22 08:14:59.538000+00:00,2025-07-22 08:00:00+00:00,continuous,117959.4,117959.4,117501.6,117657.5,297592982.8617004
2025-07-22 08:29:59.817000+00:00,2025-07-22 08:15:00+00:00,continuous,117657.5,117955.0,117441.5,117684.6,220223010.25190064
2025-07-22 08:44:59.802000+00:00,2025-07-22 08:30:00+00:00,continuous,117684.5,118183.6,117659.1,118068.5,167230928.20659953
2025-07-22 08:59:59.994000+00:00,2025-07-22 08:45:00+00:00,continuous,118068.4,118330.6,117991.8,118257.9,142163635.90400058
2025-07-22 09:14:59.331000+00:00,2025-07-22 09:00:00+00:00,continuous,118257.9,118258.0,117983.0,118000.0,130052286.43770035
2025-07-22 09:29:59.582000+00:00,2025-07-22 09:15:00+00:00,continuous,118000.0,118222.0,117837.7,118166.6,135881117.49209931
2025-07-22 09:44:59.762000+00:00,2025-07-22 09:30:00+00:00,continuous,118166.7,118546.0,118166.6,118495.6,192160591.76020062
2025-07-22 09:59:59.539000+00:00,2025-07-22 09:45:00+00:00,continuous,118495.6,118638.0,118352.6,118356.3,210856436.0938994
2025-07-22 10:14:59.629000+00:00,2025-07-22 10:00:00+00:00,continuous,118356.3,118493.8,118251.5,118405.6,118902195.10610023
2025-07-22 10:29:59.858000+00:00,2025-07-22 10:15:00+00:00,continuous,118405.7,118510.0,118325.9,118504.9,117558261.94009966
2025-07-22 10:44:59.965000+00:00,2025-07-22 10:30:00+00:00,continuous,118505.0,118724.9,118504.9,118690.2,270535818.6067994
2025-07-22 10:59:59.967000+00:00,2025-07-22 10:45:00+00:00,continuous,118690.3,118945.8,118667.7,118945.6,338259692.35970217
2025-07-22 11:14:59.930000+00:00,2025-07-22 11:00:00+00:00,continuous,118945.6,119097.4,118766.0,118902.0,334296563.5002
2025-07-22 11:29:59.940000+00:00,2025-07-22 11:15:00+00:00,continuous,118902.0,119050.0,118902.0,119049.4,133807255.317699
2025-07-22 11:44:59.890000+00:00,2025-07-22 11:30:00+00:00,continuous,119049.4,119068.2,118861.4,119051.7,195234063.3000008
2025-07-22 11:59:59.794000+00:00,2025-07-22 11:45:00+00:00,continuous,119051.6,119199.9,119040.8,119142.2,181380026.4453021
2025-07-22 12:14:59.652000+00:00,2025-07-22 12:00:00+00:00,continuous,119142.2,119331.1,119071.0,119250.9,268789349.72629917
2025-07-22 12:29:59.904000+00:00,2025-07-22 12:15:00+00:00,continuous,119251.0,119256.2,119160.9,119215.1,112324006.07579985
2025-07-22 12:44:59.753000+00:00,2025-07-22 12:30:00+00:00,continuous,119215.2,119400.4,119019.2,119358.7,244290044.88349864
2025-07-22 12:59:59.838000+00:00,2025-07-22 12:45:00+00:00,continuous,119358.6,119422.6,119227.4,119280.6,185734669.92160097
2025-07-22 13:14:59.993000+00:00,2025-07-22 13:00:00+00:00,continuous,119280.6,119475.2,119194.6,119340.0,342446273.18670076
2025-07-22 13:29:59.971000+00:00,2025-07-22 13:15:00+00:00,continuous,119339.9,119339.9,119076.8,119190.8,201539669.73069897
2025-07-22 13:44:59.971000+00:00,2025-07-22 13:30:00+00:00,continuous,119190.8,119582.3,118799.4,119455.8,704457951.6180041
2025-07-22 13:59:59.964000+00:00,2025-07-22 13:45:00+00:00,continuous,119455.7,119455.8,117996.1,118135.1,1128920724.9974012
2025-07-22 14:14:59.999000+00:00,2025-07-22 14:00:00+00:00,continuous,118135.2,118460.0,117522.0,118390.6,1062756789.4604889
2025-07-22 14:29:59.981000+00:00,2025-07-22 14:15:00+00:00,continuous,118390.5,118557.2,118121.2,118425.4,361341753.89839786
2025-07-22 14:44:59.917000+00:00,2025-07-22 14:30:00+00:00,continuous,118425.3,118777.0,118274.7,118731.4,258212576.42680037
2025-07-22 14:59:59.993000+00:00,2025-07-22 14:45:00+00:00,continuous,118731.4,119113.7,118550.0,119043.8,368616601.9741008
2025-07-22 15:14:59.678000+00:00,2025-07-22 15:00:00+00:00,continuous,119043.9,119175.0,118953.2,119169.7,332786570.70080155
2025-07-22 15:29:59.955000+00:00,2025-07-22 15:15:00+00:00,continuous,119169.7,119169.7,118783.3,118870.4,211007948.8214005
2025-07-22 15:44:59.941000+00:00,2025-07-22 15:30:00+00:00,continuous,118870.4,119172.0,118670.0,118873.4,252417767.65959886
2025-07-22 15:59:59.889000+00:00,2025-07-22 15:45:00+00:00,continuous,118873.4,119052.4,118837.0,118899.8,102351583.58430041
2025-07-22 16:14:59.572000+00:00,2025-07-22 16:00:00+00:00,continuous,118899.8,119249.0,118723.7,119210.0,229840738.1031012
2025-07-22 16:29:59.501000+00:00,2025-07-22 16:15:00+00:00,continuous,119209.9,119376.0,118911.7,119031.6,234214954.01180157
2025-07-22 16:44:59.768000+00:00,2025-07-22 16:30:00+00:00,continuous,119031.5,119120.0,118698.9,118886.8,150569785.19170028
2025-07-22 16:59:59.871000+00:00,2025-07-22 16:45:00+00:00,continuous,118886.8,118886.8,118600.0,118663.8,141494404.9119999
2025-07-22 17:14:59.536000+00:00,2025-07-22 17:00:00+00:00,continuous,118663.8,118812.1,118377.0,118509.0,242511605.1450997
2025-07-22 17:29:59.749000+00:00,2025-07-22 17:15:00+00:00,continuous,118508.9,118739.7,118494.8,118706.0,126076083.18209985
2025-07-22 17:44:59.394000+00:00,2025-07-22 17:30:00+00:00,continuous,118706.0,119200.0,118665.2,119109.4,233601704.82960054
2025-07-22 17:59:59.758000+00:00,2025-07-22 17:45:00+00:00,continuous,119109.4,119219.5,119039.4,119196.0,151265580.63220015
2025-07-22 18:14:59.626000+00:00,2025-07-22 18:00:00+00:00,continuous,119196.0,119425.0,119050.5,119293.2,222464017.87140062
2025-07-22 18:29:59.782000+00:00,2025-07-22 18:15:00+00:00,continuous,119293.3,119528.0,119103.2,119399.7,556597826.7201008
2025-07-22 18:44:59.727000+00:00,2025-07-22 18:30:00+00:00,continuous,119399.6,119446.7,119163.9,119173.5,132966951.30609988
2025-07-22 18:59:59.917000+00:00,2025-07-22 18:45:00+00:00,continuous,119173.5,120300.1,119173.5,119768.0,1073448573.8788968
2025-07-22 19:14:59.775000+00:00,2025-07-22 19:00:00+00:00,continuous,119768.0,119945.5,119601.3,119864.6,305766586.4958977
2025-07-22 19:29:59.693000+00:00,2025-07-22 19:15:00+00:00,continuous,119864.5,119868.0,119384.6,119661.1,235647767.47349924
2025-07-22 19:44:59.905000+00:00,2025-07-22 19:30:00+00:00,continuous,119661.0,119661.1,119256.0,119339.6,158370086.3801001
2025-07-22 19:59:59.950000+00:00,2025-07-22 19:45:00+00:00,continuous,119339.7,119450.1,119102.8,119286.5,194175388.15550017
2025-07-22 20:14:59.920000+00:00,2025-07-22 20:00:00+00:00,continuous,119286.6,119737.1,119207.5,119672.1,257874320.3548001
2025-07-22 20:29:59.922000+00:00,2025-07-22 20:15:00+00:00,continuous,119672.0,119856.2,119521.3,119800.3,93487276.6809998
2025-07-22 20:44:59.866000+00:00,2025-07-22 20:30:00+00:00,continuous,119800.4,119870.1,119567.2,119686.9,139447465.4519008
2025-07-22 20:59:59.549000+00:00,2025-07-22 20:45:00+00:00,continuous,119687.0,119935.0,119670.0,119723.2,78162485.1301001
2025-07-22 21:14:59.287000+00:00,2025-07-22 21:00:00+00:00,continuous,119723.2,119794.7,119569.8,119569.8,77668075.64490013
2025-07-22 21:29:59.676000+00:00,2025-07-22 21:15:00+00:00,continuous,119569.8,119643.7,119526.0,119526.0,71312351.64070018
2025-07-22 21:44:59.338000+00:00,2025-07-22 21:30:00+00:00,continuous,119526.1,119561.4,119450.0,119489.5,66911060.253399976
2025-07-22 21:59:59.887000+00:00,2025-07-22 21:45:00+00:00,continuous,119489.6,119585.7,119424.3,119424.3,32975450.07499995
2025-07-22 22:14:59.993000+00:00,2025-07-22 22:00:00+00:00,continuous,119424.3,119767.9,119414.8,119654.9,90818351.37580056
2025-07-22 22:29:58.734000+00:00,2025-07-22 22:15:00+00:00,continuous,119654.9,119930.8,119622.2,119843.5,88472524.44170018
2025-07-22 22:44:59.981000+00:00,2025-07-22 22:30:00+00:00,continuous,119843.6,120059.1,119823.8,119999.9,157432791.09889978
2025-07-22 22:59:59.676000+00:00,2025-07-22 22:45:00+00:00,continuous,120000.0,120014.0,119800.0,119857.5,96454516.59670042
2025-07-22 23:14:59.910000+00:00,2025-07-22 23:00:00+00:00,continuous,119857.6,120235.0,119831.7,120228.3,143504119.61459985
2025-07-22 23:29:59.604000+00:00,2025-07-22 23:15:00+00:00,continuous,120228.2,120264.8,120134.0,120145.0,135504596.85020077
2025-07-22 23:44:59.933000+00:00,2025-07-22 23:30:00+00:00,continuous,120144.9,120145.0,119886.3,120021.1,141567317.81460026
2025-07-22 23:59:59.424000+00:00,2025-07-22 23:45:00+00:00,continuous,120021.2,120111.0,119851.0,119993.7,92593534.01189998
2025-07-23 00:14:59.713000+00:00,2025-07-23 00:00:00+00:00,continuous,119993.7,120000.5,119792.7,119792.7,101897807.37549971
2025-07-23 00:29:59.894000+00:00,2025-07-23 00:15:00+00:00,continuous,119792.7,120146.5,119636.7,119681.3,201446029.4191011
2025-07-23 00:44:59.275000+00:00,2025-07-23 00:30:00+00:00,continuous,119681.3,119999.0,119681.3,119857.4,125105653.36049989
2025-07-23 00:59:59.760000+00:00,2025-07-23 00:45:00+00:00,continuous,119857.4,119905.0,119530.2,119587.6,90097620.09809978
2025-07-23 01:14:59.884000+00:00,2025-07-23 01:00:00+00:00,continuous,119587.5,119617.8,119424.6,119424.7,154408231.88799962
2025-07-23 01:29:59.866000+00:00,2025-07-23 01:15:00+00:00,continuous,119424.6,119679.7,119424.6,119516.1,94455833.17479967
2025-07-23 01:44:59.849000+00:00,2025-07-23 01:30:00+00:00,continuous,119516.1,119684.6,119470.0,119592.0,55172920.523100056
2025-07-23 01:59:59.795000+00:00,2025-07-23 01:45:00+00:00,continuous,119592.0,119721.6,119493.4,119521.7,85740408.32299979
2025-07-23 02:14:59.935000+00:00,2025-07-23 02:00:00+00:00,continuous,119521.8,119566.9,119151.7,119151.7,410459358.85789967
2025-07-23 02:29:59.745000+00:00,2025-07-23 02:15:00+00:00,continuous,119151.8,119408.0,119142.0,119339.7,87460386.20049989
2025-07-23 02:44:59.975000+00:00,2025-07-23 02:30:00+00:00,continuous,119339.7,119391.0,119019.0,119019.0,138318610.88749993
2025-07-23 02:59:59.962000+00:00,2025-07-23 02:45:00+00:00,continuous,119019.1,119168.3,118981.2,119096.7,152797523.70020017
2025-07-23 03:14:59.879000+00:00,2025-07-23 03:00:00+00:00,continuous,119096.6,119112.2,118922.0,118982.0,146605180.5775002
2025-07-23 03:29:59.765000+00:00,2025-07-23 03:15:00+00:00,continuous,118982.0,119016.6,118832.0,118948.4,105191707.17740028
2025-07-23 03:44:59.478000+00:00,2025-07-23 03:30:00+00:00,continuous,118948.3,118970.9,118769.2,118769.3,100747658.99049982
2025-07-23 03:59:59.864000+00:00,2025-07-23 03:45:00+00:00,continuous,118769.2,118769.3,118522.0,118620.8,176763857.5673004
2025-07-23 04:14:59.996000+00:00,2025-07-23 04:00:00+00:00,continuous,118620.7,118745.5,118570.0,118700.1,133245665.4587999
2025-07-23 04:29:59.754000+00:00,2025-07-23 04:15:00+00:00,continuous,118700.1,118916.3,118625.0,118820.1,153879864.90899995
2025-07-23 04:44:59.516000+00:00,2025-07-23 04:30:00+00:00,continuous,118820.1,118860.0,118755.0,118783.3,72215296.15019985
2025-07-23 04:59:59.997000+00:00,2025-07-23 04:45:00+00:00,continuous,118783.3,118976.8,118713.6,118976.7,82591473.65869983
2025-07-23 05:14:59.571000+00:00,2025-07-23 05:00:00+00:00,continuous,118976.8,118997.7,118755.0,118875.5,107846790.95790018
2025-07-23 05:29:59.161000+00:00,2025-07-23 05:15:00+00:00,continuous,118875.6,118917.0,118722.2,118743.0,57806704.39250017
2025-07-23 05:44:59.950000+00:00,2025-07-23 05:30:00+00:00,continuous,118743.1,118826.0,118643.4,118643.4,73401866.47089982
2025-07-23 05:59:59.208000+00:00,2025-07-23 05:45:00+00:00,continuous,118643.4,118740.8,118584.0,118618.6,90704103.04260011
2025-07-23 06:14:59.928000+00:00,2025-07-23 06:00:00+00:00,continuous,118618.7,118700.0,118519.7,118523.8,75213324.58180042
2025-07-23 06:29:59.833000+00:00,2025-07-23 06:15:00+00:00,continuous,118523.8,118580.5,118400.1,118576.5,137752264.66460046
2025-07-23 06:44:59.991000+00:00,2025-07-23 06:30:00+00:00,continuous,118576.6,118679.5,118407.8,118407.9,126498637.92409994
2025-07-23 06:59:59.243000+00:00,2025-07-23 06:45:00+00:00,continuous,118407.8,118470.4,118347.0,118400.1,128968766.77830006
2025-07-23 07:14:59.841000+00:00,2025-07-23 07:00:00+00:00,continuous,118400.1,118524.0,118320.0,118464.4,200573413.9024998
2025-07-23 07:29:59.865000+00:00,2025-07-23 07:15:00+00:00,continuous,118464.3,118580.4,118433.3,118514.4,90173217.73440017
2025-07-23 07:44:59.772000+00:00,2025-07-23 07:30:00+00:00,continuous,118514.5,118557.0,118380.0,118428.1,80458206.13279961
2025-07-23 07:59:59.794000+00:00,2025-07-23 07:45:00+00:00,continuous,118428.0,118462.5,118236.1,118327.0,134835732.57029992
2025-07-23 08:14:59.959000+00:00,2025-07-23 08:00:00+00:00,continuous,118326.9,118532.9,118200.0,118525.2,190601141.92800057
2025-07-23 08:29:59.594000+00:00,2025-07-23 08:15:00+00:00,continuous,118525.2,118530.0,118284.5,118336.3,98103461.22770002
2025-07-23 08:44:59.943000+00:00,2025-07-23 08:30:00+00:00,continuous,118336.4,118372.0,118207.6,118270.1,82950031.27379951
2025-07-23 08:59:59.971000+00:00,2025-07-23 08:45:00+00:00,continuous,118270.1,118423.9,118233.3,118390.0,59947800.672699966
2025-07-23 09:14:59.799000+00:00,2025-07-23 09:00:00+00:00,continuous,118389.9,118446.8,118153.8,118238.5,147274518.97809955
2025-07-23 09:29:59.840000+00:00,2025-07-23 09:15:00+00:00,continuous,118238.5,118238.5,117943.2,117948.1,257333927.84169906
2025-07-23 09:44:59.952000+00:00,2025-07-23 09:30:00+00:00,continuous,117948.1,118148.6,117867.5,118044.8,251492371.49280083
2025-07-23 09:59:59.987000+00:00,2025-07-23 09:45:00+00:00,continuous,118044.7,118144.0,118002.0,118002.0,85557266.38730025
2025-07-23 10:14:59.793000+00:00,2025-07-23 10:00:00+00:00,continuous,118002.1,118096.4,117789.2,117805.7,290578554.9724018
2025-07-23 10:29:59.823000+00:00,2025-07-23 10:15:00+00:00,continuous,117805.6,118254.6,117805.6,118229.1,225620307.5593989
2025-07-23 10:44:59.653000+00:00,2025-07-23 10:30:00+00:00,continuous,118229.0,118291.1,118145.1,118240.9,135111601.0135003
2025-07-23 10:59:59.933000+00:00,2025-07-23 10:45:00+00:00,continuous,118240.9,118360.2,118240.8,118331.1,102080545.07169937
2025-07-23 11:14:59.899000+00:00,2025-07-23 11:00:00+00:00,continuous,118331.0,118417.0,118119.6,118119.7,121087655.89239997
2025-07-23 11:29:59.762000+00:00,2025-07-23 11:15:00+00:00,continuous,118119.6,118586.3,118119.6,118554.5,205208402.23269936
2025-07-23 11:44:59.568000+00:00,2025-07-23 11:30:00+00:00,continuous,118554.5,118567.0,118470.3,118524.8,118624816.2292005
2025-07-23 11:59:59.802000+00:00,2025-07-23 11:45:00+00:00,continuous,118524.8,118547.1,118442.3,118484.8,53397957.55679964
2025-07-23 12:14:59.781000+00:00,2025-07-23 12:00:00+00:00,continuous,118484.7,118615.3,118380.0,118614.7,105381698.72289984
2025-07-23 12:29:59.892000+00:00,2025-07-23 12:15:00+00:00,continuous,118614.6,118614.7,118401.2,118507.2,105157391.72799927
2025-07-23 12:44:59.603000+00:00,2025-07-23 12:30:00+00:00,continuous,118507.3,118562.5,118142.0,118211.3,160738564.5303994
2025-07-23 12:59:59.736000+00:00,2025-07-23 12:45:00+00:00,continuous,118211.2,118329.5,117750.0,117932.6,544995568.1637994
2025-07-23 13:14:59.537000+00:00,2025-07-23 13:00:00+00:00,continuous,117932.6,118162.6,117821.5,118077.0,263195421.83060047
2025-07-23 13:29:59.927000+00:00,2025-07-23 13:15:00+00:00,continuous,118077.1,118091.8,117750.0,118030.0,249189969.30579922
2025-07-23 13:44:59.989000+00:00,2025-07-23 13:30:00+00:00,continuous,118030.1,118030.1,117557.9,117562.5,563199727.3320005
2025-07-23 13:59:59.961000+00:00,2025-07-23 13:45:00+00:00,continuous,117562.4,117688.9,117259.7,117336.7,716233775.690802
2025-07-23 14:14:59.813000+00:00,2025-07-23 14:00:00+00:00,continuous,117336.8,117893.0,117262.1,117650.2,355479465.3820991
2025-07-23 14:29:59.914000+00:00,2025-07-23 14:15:00+00:00,continuous,117650.1,118050.0,117645.7,117954.0,255279556.6370997
2025-07-23 14:44:59.998000+00:00,2025-07-23 14:30:00+00:00,continuous,117953.4,118000.1,117755.1,117867.8,183203751.6404004
2025-07-23 14:59:59.903000+00:00,2025-07-23 14:45:00+00:00,continuous,117867.9,118173.9,117749.6,118170.0,168611042.34900028
2025-07-23 15:14:59.928000+00:00,2025-07-23 15:00:00+00:00,continuous,118170.0,118226.0,117780.0,117780.0,178857960.2029009
2025-07-23 15:29:59.807000+00:00,2025-07-23 15:15:00+00:00,continuous,117780.0,118065.0,117768.0,118030.4,136818626.36119995
2025-07-23 15:44:59.999000+00:00,2025-07-23 15:30:00+00:00,continuous,118030.4,118230.7,117992.0,118230.5,109916331.73360059
2025-07-23 15:59:59.342000+00:00,2025-07-23 15:45:00+00:00,continuous,118230.6,118687.1,118075.0,118531.0,336651979.00500035
2025-07-23 16:14:59.796000+00:00,2025-07-23 16:00:00+00:00,continuous,118530.9,118530.9,117791.2,117847.6,296132870.6656016
2025-07-23 16:29:59.973000+00:00,2025-07-23 16:15:00+00:00,continuous,117847.7,118007.9,117590.9,117821.6,256822119.83600113
2025-07-23 16:44:59.892000+00:00,2025-07-23 16:30:00+00:00,continuous,117821.6,117821.6,117500.0,117736.4,186344465.3180993
2025-07-23 16:59:59.947000+00:00,2025-07-23 16:45:00+00:00,continuous,117736.4,117869.3,117534.0,117671.2,129972820.71010034
2025-07-23 17:14:59.893000+00:00,2025-07-23 17:00:00+00:00,continuous,117671.3,117872.6,117420.8,117510.1,184939804.23670146
2025-07-23 17:29:59.908000+00:00,2025-07-23 17:15:00+00:00,continuous,117510.0,117800.0,117250.0,117596.8,303342808.4043016
2025-07-23 17:44:59.888000+00:00,2025-07-23 17:30:00+00:00,continuous,117596.8,117888.0,117380.0,117814.6,204949827.25600022
2025-07-23 17:59:59.903000+00:00,2025-07-23 17:45:00+00:00,continuous,117814.5,118085.0,117622.4,118078.9,192695805.269599
2025-07-23 18:14:59.500000+00:00,2025-07-23 18:00:00+00:00,continuous,118078.9,118222.7,117934.8,118069.6,218413818.1600003
2025-07-23 18:29:59.778000+00:00,2025-07-23 18:15:00+00:00,continuous,118069.6,118250.0,117964.0,118126.8,97190255.29160011
2025-07-23 18:44:59.815000+00:00,2025-07-23 18:30:00+00:00,continuous,118126.8,118291.2,118061.1,118138.3,99362460.75249988
2025-07-23 18:59:59.703000+00:00,2025-07-23 18:45:00+00:00,continuous,118138.3,118346.1,118138.3,118334.8,98009310.70079981
2025-07-23 19:14:59.983000+00:00,2025-07-23 19:00:00+00:00,continuous,118334.7,118398.0,118253.2,118304.7,111769552.40250011
2025-07-23 19:29:59.774000+00:00,2025-07-23 19:15:00+00:00,continuous,118304.8,118409.1,118162.8,118300.0,78449241.86449942
2025-07-23 19:44:59.923000+00:00,2025-07-23 19:30:00+00:00,continuous,118300.1,118325.3,118155.6,118220.0,100098507.92999975
2025-07-23 19:59:59.830000+00:00,2025-07-23 19:45:00+00:00,continuous,118220.0,118427.4,118219.9,118344.4,103742850.30629988
2025-07-23 20:14:59.323000+00:00,2025-07-23 20:00:00+00:00,continuous,118344.4,118445.1,118234.1,118424.3,116764671.82550009
2025-07-23 20:29:59.865000+00:00,2025-07-23 20:15:00+00:00,continuous,118424.3,118424.4,117930.4,117982.3,190007561.0210006
2025-07-23 20:44:59.774000+00:00,2025-07-23 20:30:00+00:00,continuous,117982.3,118035.5,117507.4,117844.8,323136637.90270054
2025-07-23 20:59:59.732000+00:00,2025-07-23 20:45:00+00:00,continuous,117844.7,118017.6,117736.8,117858.2,168046514.18779975
2025-07-23 21:14:59.841000+00:00,2025-07-23 21:00:00+00:00,continuous,117858.3,118074.3,117844.0,118000.1,99144631.25359952
2025-07-23 21:29:59.963000+00:00,2025-07-23 21:15:00+00:00,continuous,118000.1,118021.7,117340.0,117514.3,247386908.11889914
2025-07-23 21:44:59.468000+00:00,2025-07-23 21:30:00+00:00,continuous,117514.3,117910.2,117319.0,117793.1,193766567.43580055
2025-07-23 21:59:59.673000+00:00,2025-07-23 21:45:00+00:00,continuous,117793.1,118144.0,117793.1,118144.0,111014027.25550073
2025-07-23 22:14:59.755000+00:00,2025-07-23 22:00:00+00:00,continuous,118143.9,118276.2,117893.3,118246.5,118510760.1397003
2025-07-23 22:29:59.826000+00:00,2025-07-23 22:15:00+00:00,continuous,118246.5,118600.0,118168.7,118566.1,357077354.30310154
2025-07-23 22:44:59.541000+00:00,2025-07-23 22:30:00+00:00,continuous,118566.1,118599.4,118476.2,118548.1,117360215.68930024
2025-07-23 22:59:59.954000+00:00,2025-07-23 22:45:00+00:00,continuous,118548.2,118588.9,118450.0,118537.9,78088984.48219976
2025-07-23 23:14:59.879000+00:00,2025-07-23 23:00:00+00:00,continuous,118537.8,118676.2,118526.0,118654.3,124379338.5437005
2025-07-23 23:29:59.996000+00:00,2025-07-23 23:15:00+00:00,continuous,118654.4,118662.0,118463.8,118591.5,128716070.10889985
2025-07-23 23:44:59.512000+00:00,2025-07-23 23:30:00+00:00,continuous,118591.6,118600.0,118373.2,118522.6,96394011.7414002
2025-07-23 23:59:59.957000+00:00,2025-07-23 23:45:00+00:00,continuous,118522.6,118725.3,118432.6,118713.5,237143914.20000026
2025-07-24 00:14:59.843000+00:00,2025-07-24 00:00:00+00:00,continuous,118713.4,118760.0,118529.5,118702.5,185488457.1234993
2025-07-24 00:29:59.930000+00:00,2025-07-24 00:15:00+00:00,continuous,118702.6,119067.0,118622.4,118991.5,343266373.8583005
2025-07-24 00:44:59.863000+00:00,2025-07-24 00:30:00+00:00,continuous,118991.6,119102.4,118857.1,119014.2,166567699.76749977
2025-07-24 00:59:59.695000+00:00,2025-07-24 00:45:00+00:00,continuous,119014.2,119071.5,118871.5,119024.0,74189895.45539965
2025-07-24 01:14:59.852000+00:00,2025-07-24 01:00:00+00:00,continuous,119024.0,119030.5,118802.3,118827.6,81256255.85749975
2025-07-24 01:29:59.996000+00:00,2025-07-24 01:15:00+00:00,continuous,118827.7,119000.2,118827.6,118931.7,112721241.98800002
2025-07-24 01:44:59.272000+00:00,2025-07-24 01:30:00+00:00,continuous,118931.7,119013.8,118753.1,118960.1,83746785.3896998
2025-07-24 01:59:59.727000+00:00,2025-07-24 01:45:00+00:00,continuous,118960.2,119076.4,118925.3,119060.3,50574221.36980033
2025-07-24 02:14:59.773000+00:00,2025-07-24 02:00:00+00:00,continuous,119060.2,119060.3,118856.0,118909.3,81195686.3111001
2025-07-24 02:29:59.993000+00:00,2025-07-24 02:15:00+00:00,continuous,118909.3,118909.3,118763.7,118824.6,82209632.22859964
2025-07-24 02:44:59.931000+00:00,2025-07-24 02:30:00+00:00,continuous,118824.6,119026.6,118824.6,119001.6,72944829.01329999
2025-07-24 02:59:59.816000+00:00,2025-07-24 02:45:00+00:00,continuous,119001.6,119046.5,118876.0,118930.2,53543397.611499906
2025-07-24 03:14:59.872000+00:00,2025-07-24 03:00:00+00:00,continuous,118930.2,118996.7,118867.0,118975.9,74751433.48539972
2025-07-24 03:29:59.783000+00:00,2025-07-24 03:15:00+00:00,continuous,118975.9,119240.0,118975.8,119237.3,187320202.1688017
2025-07-24 03:44:59.983000+00:00,2025-07-24 03:30:00+00:00,continuous,119237.2,119265.4,118879.9,118880.0,343759014.34570265
2025-07-24 03:59:59.918000+00:00,2025-07-24 03:45:00+00:00,continuous,118879.9,118889.1,118425.3,118451.5,312510995.5182003
2025-07-24 04:14:59.899000+00:00,2025-07-24 04:00:00+00:00,continuous,118451.6,118542.5,118129.9,118537.7,295493679.46649975
2025-07-24 04:29:59.887000+00:00,2025-07-24 04:15:00+00:00,continuous,118537.6,118537.7,118193.6,118251.0,82499566.30109997
2025-07-24 04:44:59.931000+00:00,2025-07-24 04:30:00+00:00,continuous,118250.9,118294.8,117807.7,117845.4,258094793.41459993
2025-07-24 04:59:59.706000+00:00,2025-07-24 04:45:00+00:00,continuous,117845.5,118000.0,117792.8,117905.6,190228635.65439996
2025-07-24 05:14:59.982000+00:00,2025-07-24 05:00:00+00:00,continuous,117905.7,117934.1,117571.6,117571.6,220221236.94990155
2025-07-24 05:29:59.904000+00:00,2025-07-24 05:15:00+00:00,continuous,117571.6,117768.7,117455.0,117552.9,289143392.0504011
2025-07-24 05:44:59.213000+00:00,2025-07-24 05:30:00+00:00,continuous,117552.9,117853.3,117506.0,117850.0,191706838.5100999
2025-07-24 05:59:59.974000+00:00,2025-07-24 05:45:00+00:00,continuous,117849.9,117853.3,117448.9,117556.7,250051098.0893999
2025-07-24 06:14:59.848000+00:00,2025-07-24 06:00:00+00:00,continuous,117556.6,117786.4,117531.7,117699.8,191761713.52870077
2025-07-24 06:29:59.638000+00:00,2025-07-24 06:15:00+00:00,continuous,117699.8,117815.4,117437.1,117761.1,185315325.8051006
2025-07-24 06:44:59.975000+00:00,2025-07-24 06:30:00+00:00,continuous,117761.2,117820.7,117400.0,117400.0,206518119.62910005
2025-07-24 06:59:59.749000+00:00,2025-07-24 06:45:00+00:00,continuous,117400.1,117562.0,117336.6,117418.3,371216636.6870989
2025-07-24 07:14:59.944000+00:00,2025-07-24 07:00:00+00:00,continuous,117418.3,117969.0,117050.2,117968.9,586351692.8172979
2025-07-24 07:29:59.834000+00:00,2025-07-24 07:15:00+00:00,continuous,117969.0,118122.0,117837.9,118081.3,233334960.41470057
2025-07-24 07:44:59.982000+00:00,2025-07-24 07:30:00+00:00,continuous,118081.3,118228.6,117880.8,118228.1,145739309.42190012
2025-07-24 07:59:59.882000+00:00,2025-07-24 07:45:00+00:00,continuous,118228.0,118450.0,118058.4,118368.0,217380712.08229992
2025-07-24 08:14:59.683000+00:00,2025-07-24 08:00:00+00:00,continuous,118368.1,118780.0,118179.2,118689.1,356654990.2569008
2025-07-24 08:29:59.925000+00:00,2025-07-24 08:15:00+00:00,continuous,118689.0,118689.1,118464.8,118586.0,189623498.7212003
2025-07-24 08:44:59.540000+00:00,2025-07-24 08:30:00+00:00,continuous,118586.0,118745.9,118519.9,118600.0,124499438.28879997
2025-07-24 08:59:59.944000+00:00,2025-07-24 08:45:00+00:00,continuous,118600.0,118769.2,118599.9,118748.3,106657704.15070115
2025-07-24 09:14:59.906000+00:00,2025-07-24 09:00:00+00:00,continuous,118748.4,118789.3,118582.0,118625.9,96501113.26209919
2025-07-24 09:29:59.634000+00:00,2025-07-24 09:15:00+00:00,continuous,118625.8,118685.5,118439.3,118578.0,138005412.6259998
2025-07-24 09:44:59.973000+00:00,2025-07-24 09:30:00+00:00,continuous,118578.0,118640.3,118367.7,118538.0,194405765.35059968
2025-07-24 09:59:59.518000+00:00,2025-07-24 09:45:00+00:00,continuous,118539.7,118539.8,118205.9,118460.2,160554459.82809967
2025-07-24 10:14:59.980000+00:00,2025-07-24 10:00:00+00:00,continuous,118460.2,118614.7,118265.2,118312.4,145998728.57520086
2025-07-24 10:29:59.969000+00:00,2025-07-24 10:15:00+00:00,continuous,118312.4,118355.7,118088.9,118089.0,144879225.17389876
2025-07-24 10:44:59.906000+00:00,2025-07-24 10:30:00+00:00,continuous,118089.0,118113.2,117923.0,118093.1,157646876.92369992
2025-07-24 10:59:59.921000+00:00,2025-07-24 10:45:00+00:00,continuous,118093.2,118376.1,118048.2,118350.0,180971262.2335994
2025-07-24 11:14:59.927000+00:00,2025-07-24 11:00:00+00:00,continuous,118349.9,118700.0,118267.7,118641.2,242327361.30819967
2025-07-24 11:29:59.999000+00:00,2025-07-24 11:15:00+00:00,continuous,118641.1,118714.2,118560.6,118579.5,168764671.7411014
2025-07-24 11:44:59.537000+00:00,2025-07-24 11:30:00+00:00,continuous,118579.6,118616.3,118538.4,118600.0,58186067.13470035
2025-07-24 11:59:59.895000+00:00,2025-07-24 11:45:00+00:00,continuous,118600.0,118700.0,118558.0,118558.0,119438443.79730046
2025-07-24 12:14:59.687000+00:00,2025-07-24 12:00:00+00:00,continuous,118558.0,118700.0,118467.9,118546.3,109043004.13659959
2025-07-24 12:29:59.947000+00:00,2025-07-24 12:15:00+00:00,continuous,118546.2,118553.3,118271.2,118533.3,174870108.34759963
2025-07-24 12:44:58.894000+00:00,2025-07-24 12:30:00+00:00,continuous,118533.3,118561.7,118283.6,118300.7,117866380.53589995
2025-07-24 12:59:59.394000+00:00,2025-07-24 12:45:00+00:00,continuous,118300.7,118534.1,118236.0,118479.5,101107951.51349999
2025-07-24 13:14:59.854000+00:00,2025-07-24 13:00:00+00:00,continuous,118479.4,118642.5,118414.9,118577.3,87065715.31169999
2025-07-24 13:29:59.742000+00:00,2025-07-24 13:15:00+00:00,continuous,118577.3,118675.2,118577.3,118631.7,79411380.8578999
2025-07-24 13:44:59.959000+00:00,2025-07-24 13:30:00+00:00,continuous,118631.7,118666.0,118368.4,118554.3,156595104.67749923
2025-07-24 13:59:59.897000+00:00,2025-07-24 13:45:00+00:00,continuous,118554.3,118671.3,118156.0,118171.2,165969068.30629885
2025-07-24 14:14:59.890000+00:00,2025-07-24 14:00:00+00:00,continuous,118171.2,118447.2,117773.1,117934.1,455880758.3858037
2025-07-24 14:29:59.581000+00:00,2025-07-24 14:15:00+00:00,continuous,117934.0,118214.8,117840.7,118095.9,248287823.333801
2025-07-24 14:44:59.981000+00:00,2025-07-24 14:30:00+00:00,continuous,118095.8,118662.9,118087.3,118570.3,340884908.5009001
2025-07-24 14:59:59.949000+00:00,2025-07-24 14:45:00+00:00,continuous,118570.3,119124.9,118566.9,119021.5,446085373.0517991
2025-07-24 15:14:59.958000+00:00,2025-07-24 15:00:00+00:00,continuous,119021.5,119469.9,119000.0,119239.8,609165296.1191978
2025-07-24 15:29:59.905000+00:00,2025-07-24 15:15:00+00:00,continuous,119239.8,119239.9,118850.0,118971.3,365346696.8343014
2025-07-24 15:44:59.836000+00:00,2025-07-24 15:30:00+00:00,continuous,118971.2,119000.0,118572.7,118817.8,435376666.6319974
2025-07-24 15:59:59.816000+00:00,2025-07-24 15:45:00+00:00,continuous,118817.9,119085.7,118804.4,119074.1,147299381.46259916
2025-07-24 16:14:59.849000+00:00,2025-07-24 16:00:00+00:00,continuous,119074.1,119187.3,118781.0,118854.7,212524958.44749972
2025-07-24 16:29:59.998000+00:00,2025-07-24 16:15:00+00:00,continuous,118854.7,118945.0,118617.7,118640.8,190473348.52599895
2025-07-24 16:44:59.927000+00:00,2025-07-24 16:30:00+00:00,continuous,118640.9,118789.2,118315.6,118350.1,294937740.41749907
2025-07-24 16:59:59.448000+00:00,2025-07-24 16:45:00+00:00,continuous,118350.0,118600.1,118306.0,118498.0,130382025.95099916
2025-07-24 17:14:59.745000+00:00,2025-07-24 17:00:00+00:00,continuous,118498.0,118939.3,118446.3,118843.8,145272599.7676001
2025-07-24 17:29:59.886000+00:00,2025-07-24 17:15:00+00:00,continuous,118843.7,119123.4,118748.6,118969.4,150107314.46699977
2025-07-24 17:44:59.541000+00:00,2025-07-24 17:30:00+00:00,continuous,118969.4,119194.9,118969.4,119161.0,96807268.13109995
2025-07-24 17:59:59.945000+00:00,2025-07-24 17:45:00+00:00,continuous,119161.0,119286.0,119059.3,119093.2,153210494.77170056
2025-07-24 18:14:59.569000+00:00,2025-07-24 18:00:00+00:00,continuous,119093.1,119376.9,118964.1,119270.6,213030549.71960038
2025-07-24 18:29:59.984000+00:00,2025-07-24 18:15:00+00:00,continuous,119270.6,119310.9,119130.0,119266.0,75766512.60210021
2025-07-24 18:44:59.620000+00:00,2025-07-24 18:30:00+00:00,continuous,119266.0,119300.0,118923.2,118980.0,116342480.56200013
2025-07-24 18:59:59.002000+00:00,2025-07-24 18:45:00+00:00,continuous,118980.0,119071.7,118923.1,119004.0,64247128.37439982
2025-07-24 19:14:59.936000+00:00,2025-07-24 19:00:00+00:00,continuous,119004.0,119314.7,118995.5,119294.0,157763801.3675994
2025-07-24 19:29:59.544000+00:00,2025-07-24 19:15:00+00:00,continuous,119294.0,119302.7,119002.4,119120.4,89409901.80959998
2025-07-24 19:44:59.947000+00:00,2025-07-24 19:30:00+00:00,continuous,119120.4,119134.0,118894.0,118946.0,94304732.1750001
2025-07-24 19:59:59.769000+00:00,2025-07-24 19:45:00+00:00,continuous,118946.1,119096.4,118850.1,118902.0,102843404.70420013
2025-07-24 20:14:59.977000+00:00,2025-07-24 20:00:00+00:00,continuous,118902.0,118953.9,118763.3,118823.9,113867648.28800002
2025-07-24 20:29:59.875000+00:00,2025-07-24 20:15:00+00:00,continuous,118823.9,118884.5,118744.4,118859.9,46820450.764
2025-07-24 20:44:59.475000+00:00,2025-07-24 20:30:00+00:00,continuous,118859.8,118869.1,118707.5,118746.4,59421771.73450023
2025-07-24 20:59:59.476000+00:00,2025-07-24 20:45:00+00:00,continuous,118746.4,118814.3,118672.0,118677.9,48370171.47420008
2025-07-24 21:14:59.565000+00:00,2025-07-24 21:00:00+00:00,continuous,118678.0,118749.8,118547.2,118547.3,64425966.681499675
2025-07-24 21:29:59.651000+00:00,2025-07-24 21:15:00+00:00,continuous,118547.2,118625.4,118500.0,118500.2,64430734.91139992
2025-07-24 21:44:59.537000+00:00,2025-07-24 21:30:00+00:00,continuous,118500.1,118589.3,118436.1,118567.6,61683162.34160014
2025-07-24 21:59:59.925000+00:00,2025-07-24 21:45:00+00:00,continuous,118567.6,118590.6,118485.4,118485.4,23606640.730299924
2025-07-24 22:14:59.851000+00:00,2025-07-24 22:00:00+00:00,continuous,118485.4,118588.3,118391.7,118391.8,88177693.98640025
2025-07-24 22:29:59.683000+00:00,2025-07-24 22:15:00+00:00,continuous,118391.7,118538.4,118323.1,118420.4,82626878.67350025
2025-07-24 22:44:59.052000+00:00,2025-07-24 22:30:00+00:00,continuous,118420.4,118420.4,118324.8,118368.9,48664449.52449973
2025-07-24 22:59:59.864000+00:00,2025-07-24 22:45:00+00:00,continuous,118368.8,118368.9,118124.8,118225.2,105933685.16179918
2025-07-24 23:14:59.755000+00:00,2025-07-24 23:00:00+00:00,continuous,118225.3,118412.6,118126.8,118291.8,97060155.3752007
2025-07-24 23:29:59.728000+00:00,2025-07-24 23:15:00+00:00,continuous,118291.8,118400.0,118140.0,118180.4,85140245.47350006
2025-07-24 23:44:59.897000+00:00,2025-07-24 23:30:00+00:00,continuous,118180.4,118356.0,118112.0,118260.9,79594581.3713997
2025-07-24 23:59:59.881000+00:00,2025-07-24 23:45:00+00:00,continuous,118260.8,118332.5,118173.4,118294.3,68592138.48810016
2025-07-25 00:14:59.989000+00:00,2025-07-25 00:00:00+00:00,continuous,118294.4,118410.8,117972.0,118110.1,199912386.06839857
2025-07-25 00:29:59.997000+00:00,2025-07-25 00:15:00+00:00,continuous,118110.2,118138.5,117885.4,117902.3,250634273.97550094
2025-07-25 00:44:59.994000+00:00,2025-07-25 00:30:00+00:00,continuous,117902.4,117950.7,117600.0,117739.8,414176081.3476015
2025-07-25 00:59:59.875000+00:00,2025-07-25 00:45:00+00:00,continuous,117739.8,117785.4,117607.2,117620.0,144575444.762201
2025-07-25 01:14:59.946000+00:00,2025-07-25 01:00:00+00:00,continuous,117620.1,117780.1,117518.0,117518.1,239456165.29850096
2025-07-25 01:29:59.824000+00:00,2025-07-25 01:15:00+00:00,continuous,117518.0,117526.8,117275.8,117405.5,494275216.39029896
2025-07-25 01:44:59.903000+00:00,2025-07-25 01:30:00+00:00,continuous,117405.6,117713.4,117308.8,117422.0,269228094.9488011
2025-07-25 01:59:59.970000+00:00,2025-07-25 01:45:00+00:00,continuous,117422.0,117472.4,117189.9,117334.7,460114218.3875974
2025-07-25 02:14:59.989000+00:00,2025-07-25 02:00:00+00:00,continuous,117334.6,117359.4,117080.0,117175.5,436932556.2947021
2025-07-25 02:29:59.910000+00:00,2025-07-25 02:15:00+00:00,continuous,117175.4,117234.7,117075.4,117091.7,222940098.56129837
2025-07-25 02:44:59.952000+00:00,2025-07-25 02:30:00+00:00,continuous,117091.6,117125.5,116550.0,116590.0,779116721.081301
2025-07-25 02:59:59.978000+00:00,2025-07-25 02:45:00+00:00,continuous,116590.1,116748.7,116300.0,116300.0,877776349.5323089
2025-07-25 03:14:59.975000+00:00,2025-07-25 03:00:00+00:00,continuous,116300.0,116393.0,115796.0,116185.2,1073078941.7842
2025-07-25 03:29:59.802000+00:00,2025-07-25 03:15:00+00:00,continuous,116185.1,116249.9,115780.9,115982.8,497670502.8218979
2025-07-25 03:44:59.882000+00:00,2025-07-25 03:30:00+00:00,continuous,115982.8,115982.9,115304.4,115367.4,967110603.1096883
2025-07-25 03:59:59.983000+00:00,2025-07-25 03:45:00+00:00,continuous,115367.4,115665.0,115300.0,115384.6,542112950.0797
2025-07-25 04:14:59.970000+00:00,2025-07-25 04:00:00+00:00,continuous,115384.7,115545.5,115123.5,115190.4,571099519.0434974
2025-07-25 04:29:59.687000+00:00,2025-07-25 04:15:00+00:00,continuous,115190.4,115368.6,115080.0,115305.2,330666444.87040025
2025-07-25 04:44:59.751000+00:00,2025-07-25 04:30:00+00:00,continuous,115305.1,115916.5,115296.4,115659.2,717992565.4676976
2025-07-25 04:59:59.906000+00:00,2025-07-25 04:45:00+00:00,continuous,115659.2,116100.0,115659.2,116043.6,503788418.2195993
2025-07-25 05:14:59.976000+00:00,2025-07-25 05:00:00+00:00,continuous,116043.5,116045.1,115222.2,115300.1,587475285.0928974
2025-07-25 05:29:59.999000+00:00,2025-07-25 05:15:00+00:00,continuous,115300.0,115755.0,115266.0,115556.9,288182821.2245993
2025-07-25 05:44:59.664000+00:00,2025-07-25 05:30:00+00:00,continuous,115556.8,115628.9,115432.9,115585.6,216310078.01109976
2025-07-25 05:59:59.775000+00:00,2025-07-25 05:45:00+00:00,continuous,115585.6,115600.0,115366.1,115481.2,166067195.8507992
2025-07-25 06:14:59.782000+00:00,2025-07-25 06:00:00+00:00,continuous,115481.2,115481.8,115224.8,115358.4,168739732.66960037
2025-07-25 06:29:59.784000+00:00,2025-07-25 06:15:00+00:00,continuous,115358.3,115433.3,115200.0,115267.4,152251588.3772999
2025-07-25 06:44:59.842000+00:00,2025-07-25 06:30:00+00:00,continuous,115267.5,115448.7,115160.0,115362.5,221015462.60070026
2025-07-25 06:59:59.944000+00:00,2025-07-25 06:45:00+00:00,continuous,115362.4,115418.9,115243.0,115255.3,154723339.66480032
2025-07-25 07:14:59.982000+00:00,2025-07-25 07:00:00+00:00,continuous,115255.3,115550.0,115000.0,115479.9,686864007.1010034
2025-07-25 07:29:59.984000+00:00,2025-07-25 07:15:00+00:00,continuous,115479.9,115927.8,115400.0,115515.6,485507349.87750024
2025-07-25 07:44:59.718000+00:00,2025-07-25 07:30:00+00:00,continuous,115515.5,115568.0,115120.2,115140.1,308995821.85690075
2025-07-25 07:59:59.973000+00:00,2025-07-25 07:45:00+00:00,continuous,115140.1,115382.3,114667.3,115288.8,1194322211.3060873
2025-07-25 08:14:59.985000+00:00,2025-07-25 08:00:00+00:00,continuous,115288.9,115647.7,115233.0,115641.0,615820826.5928986
2025-07-25 08:29:59.976000+00:00,2025-07-25 08:15:00+00:00,continuous,115641.0,115956.8,115479.2,115702.1,377060377.54350156
2025-07-25 08:44:59.928000+00:00,2025-07-25 08:30:00+00:00,continuous,115702.2,115731.4,115120.0,115120.7,491819203.0245018
2025-07-25 08:59:59.963000+00:00,2025-07-25 08:45:00+00:00,continuous,115120.6,115564.9,115005.0,115194.6,671648511.2605046
2025-07-25 09:14:59.611000+00:00,2025-07-25 09:00:00+00:00,continuous,115194.6,115336.0,115000.0,115326.6,369916512.3717002
2025-07-25 09:29:59.993000+00:00,2025-07-25 09:15:00+00:00,continuous,115326.5,115801.8,115153.8,115787.9,354176691.20919776
2025-07-25 09:44:59.878000+00:00,2025-07-25 09:30:00+00:00,continuous,115787.9,115882.7,115555.5,115555.5,258346234.93170023
2025-07-25 09:59:59.926000+00:00,2025-07-25 09:45:00+00:00,continuous,115555.5,116051.0,115458.6,116025.3,251545237.08759865
2025-07-25 10:14:59.874000+00:00,2025-07-25 10:00:00+00:00,continuous,116025.3,116320.5,115958.9,116200.0,423425890.1885028
2025-07-25 10:29:59.942000+00:00,2025-07-25 10:15:00+00:00,continuous,116200.0,116266.0,116037.2,116088.2,171456826.69930068
2025-07-25 10:44:59.953000+00:00,2025-07-25 10:30:00+00:00,continuous,116088.2,116388.0,116088.2,116379.9,150414705.6999
2025-07-25 10:59:59.998000+00:00,2025-07-25 10:45:00+00:00,continuous,116380.0,116485.0,116217.8,116277.5,186808627.09099868
2025-07-25 11:14:59.842000+00:00,2025-07-25 11:00:00+00:00,continuous,116277.6,116600.0,116277.6,116446.4,208042272.5092995
2025-07-25 11:29:59.996000+00:00,2025-07-25 11:15:00+00:00,continuous,116446.4,116754.0,116446.3,116666.1,203438252.5258001
2025-07-25 11:44:59.505000+00:00,2025-07-25 11:30:00+00:00,continuous,116666.1,116759.6,116444.4,116500.0,230132798.05730006
2025-07-25 11:59:59.862000+00:00,2025-07-25 11:45:00+00:00,continuous,116500.0,116615.3,116444.1,116504.6,211172964.21579975
2025-07-25 12:14:59.912000+00:00,2025-07-25 12:00:00+00:00,continuous,116504.6,116629.0,116257.3,116486.4,221309990.5029012
2025-07-25 12:29:59.771000+00:00,2025-07-25 12:15:00+00:00,continuous,116486.4,116573.9,116182.8,116227.4,193382448.78719944
2025-07-25 12:44:59.983000+00:00,2025-07-25 12:30:00+00:00,continuous,116227.4,116402.3,115918.4,116386.8,619353456.0162996
2025-07-25 12:59:59.994000+00:00,2025-07-25 12:45:00+00:00,continuous,116386.7,116439.7,115965.3,116079.6,188833843.86080095
2025-07-25 13:14:59.794000+00:00,2025-07-25 13:00:00+00:00,continuous,116079.7,116112.0,115888.9,116050.1,199730494.95629922
2025-07-25 13:29:59.851000+00:00,2025-07-25 13:15:00+00:00,continuous,116050.1,116065.2,115949.0,116060.1,303569043.06659824
2025-07-25 13:44:59.865000+00:00,2025-07-25 13:30:00+00:00,continuous,116060.1,116578.2,115526.2,115628.4,714488865.7488023
2025-07-25 13:59:59.701000+00:00,2025-07-25 13:45:00+00:00,continuous,115628.5,116212.7,115628.4,116195.5,343847334.3267972
2025-07-25 14:14:59.938000+00:00,2025-07-25 14:00:00+00:00,continuous,116195.5,116267.9,115550.0,115569.5,287454536.4098048
2025-07-25 14:29:59.858000+00:00,2025-07-25 14:15:00+00:00,continuous,115569.6,115720.0,115300.0,115565.0,397668254.4777024
2025-07-25 14:44:59.942000+00:00,2025-07-25 14:30:00+00:00,continuous,115565.1,115646.1,115067.3,115070.0,455040328.8149009
2025-07-25 14:59:59.796000+00:00,2025-07-25 14:45:00+00:00,continuous,115069.9,115300.0,114846.1,114934.4,527034215.3904015
2025-07-25 15:14:59.668000+00:00,2025-07-25 15:00:00+00:00,continuous,114934.5,115419.0,114874.0,115324.3,360559786.05730075
2025-07-25 15:29:59.413000+00:00,2025-07-25 15:15:00+00:00,continuous,115324.2,115650.0,115200.0,115495.0,264883683.65459904
2025-07-25 15:44:59.674000+00:00,2025-07-25 15:30:00+00:00,continuous,115495.0,115600.0,115209.5,115305.4,226074439.1527996
2025-07-25 15:59:59.895000+00:00,2025-07-25 15:45:00+00:00,continuous,115305.5,115824.5,115300.1,115687.4,226855564.53100058
2025-07-25 16:14:59.809000+00:00,2025-07-25 16:00:00+00:00,continuous,115687.4,115899.9,115620.0,115827.0,190341544.43880013
2025-07-25 16:29:59.779000+00:00,2025-07-25 16:15:00+00:00,continuous,115827.0,115893.7,115413.1,115754.0,191351475.09520024
2025-07-25 16:44:59.888000+00:00,2025-07-25 16:30:00+00:00,continuous,115754.1,115916.0,115524.2,115877.2,190465531.42240068
2025-07-25 16:59:59.832000+00:00,2025-07-25 16:45:00+00:00,continuous,115877.2,116160.7,115840.9,116143.4,191374291.66459987
2025-07-25 17:14:59.902000+00:00,2025-07-25 17:00:00+00:00,continuous,116143.5,116317.7,116101.7,116240.4,168181819.87270054
2025-07-25 17:29:59.822000+00:00,2025-07-25 17:15:00+00:00,continuous,116240.2,116265.1,115896.7,116076.9,178234096.37649944
2025-07-25 17:44:59.559000+00:00,2025-07-25 17:30:00+00:00,continuous,116076.9,116199.0,115831.4,116188.8,157133874.99449855
2025-07-25 17:59:59.629000+00:00,2025-07-25 17:45:00+00:00,continuous,116188.8,116191.8,116002.0,116002.0,91397682.7484005
2025-07-25 18:14:59.977000+00:00,2025-07-25 18:00:00+00:00,continuous,116002.0,116399.9,116002.0,116365.5,140197804.4498999
2025-07-25 18:29:59.409000+00:00,2025-07-25 18:15:00+00:00,continuous,116365.5,116489.0,116258.3,116368.0,152310516.61339998
2025-07-25 18:44:59.673000+00:00,2025-07-25 18:30:00+00:00,continuous,116368.1,116469.8,116292.5,116460.5,68625339.1896001
2025-07-25 18:59:59.758000+00:00,2025-07-25 18:45:00+00:00,continuous,116460.5,116540.0,116385.4,116456.0,86501466.6488001
2025-07-25 19:14:59.825000+00:00,2025-07-25 19:00:00+00:00,continuous,116455.9,116628.1,116372.2,116628.1,122893540.35209887
2025-07-25 19:29:59.867000+00:00,2025-07-25 19:15:00+00:00,continuous,116628.1,116737.1,116530.0,116582.8,169816245.22980002
2025-07-25 19:44:59.505000+00:00,2025-07-25 19:30:00+00:00,continuous,116582.8,116989.9,116582.8,116953.2,239314682.82220122
2025-07-25 19:59:59.935000+00:00,2025-07-25 19:45:00+00:00,continuous,116953.2,116976.6,116582.3,116649.6,226218902.09769928
2025-07-25 20:14:59.822000+00:00,2025-07-25 20:00:00+00:00,continuous,116649.6,116802.8,116530.0,116570.6,126949237.78200002
2025-07-25 20:29:59.400000+00:00,2025-07-25 20:15:00+00:00,continuous,116570.7,116735.5,116570.6,116697.6,77151735.7373996
2025-07-25 20:44:59.700000+00:00,2025-07-25 20:30:00+00:00,continuous,116697.6,117230.7,116692.6,117218.5,493675179.8957011
2025-07-25 20:59:59.663000+00:00,2025-07-25 20:45:00+00:00,continuous,117218.5,117300.0,116950.0,117011.2,310197602.25969917
2025-07-25 21:14:59.670000+00:00,2025-07-25 21:00:00+00:00,continuous,117011.2,117289.2,117006.4,117263.9,168675881.98519954
2025-07-25 21:29:59.599000+00:00,2025-07-25 21:15:00+00:00,continuous,117263.8,117359.3,117166.4,117231.2,207991191.6566998
2025-07-25 21:44:59.359000+00:00,2025-07-25 21:30:00+00:00,continuous,117231.2,117236.6,116914.0,117022.1,155392637.13150027
2025-07-25 21:59:59.672000+00:00,2025-07-25 21:45:00+00:00,continuous,117022.2,117219.2,117022.1,117183.3,94630693.43269993
2025-07-25 22:14:59.531000+00:00,2025-07-25 22:00:00+00:00,continuous,117183.3,117233.0,117132.4,117153.3,61220441.67519983
2025-07-25 22:29:59.256000+00:00,2025-07-25 22:15:00+00:00,continuous,117153.2,117221.9,117083.0,117220.0,72819978.85520016
2025-07-25 22:44:58.751000+00:00,2025-07-25 22:30:00+00:00,continuous,117220.0,117333.0,117186.4,117309.7,71184261.70339972
2025-07-25 22:59:59.544000+00:00,2025-07-25 22:45:00+00:00,continuous,117309.7,117309.7,117176.8,117250.0,66513206.58310003
2025-07-25 23:14:59.924000+00:00,2025-07-25 23:00:00+00:00,continuous,117250.0,117305.7,117150.9,117187.5,70134102.9629001
2025-07-25 23:29:59.758000+00:00,2025-07-25 23:15:00+00:00,continuous,117187.5,117340.7,117187.4,117276.5,66348109.49400035
2025-07-25 23:44:59.904000+00:00,2025-07-25 23:30:00+00:00,continuous,117276.4,117585.0,117276.4,117500.0,189234508.66199958
2025-07-25 23:59:59.565000+00:00,2025-07-25 23:45:00+00:00,continuous,117500.0,117615.3,117500.0,117583.5,92040947.65709975
2025-07-26 00:14:59.950000+00:00,2025-07-26 00:00:00+00:00,continuous,117583.4,117583.5,117300.0,117385.2,207884000.63719988
2025-07-26 00:29:59.803000+00:00,2025-07-26 00:15:00+00:00,continuous,117385.1,117525.0,117359.3,117525.0,71795586.15179992
2025-07-26 00:44:59.931000+00:00,2025-07-26 00:30:00+00:00,continuous,117525.0,117585.1,117429.5,117438.8,76741629.32060026
2025-07-26 00:59:59.896000+00:00,2025-07-26 00:45:00+00:00,continuous,117438.8,117473.2,117308.9,117473.2,65826793.59780019
2025-07-26 01:14:59.269000+00:00,2025-07-26 01:00:00+00:00,continuous,117473.2,117528.0,117419.4,117528.0,51639476.630999796
2025-07-26 01:29:59.825000+00:00,2025-07-26 01:15:00+00:00,continuous,117528.0,117538.3,117351.0,117372.7,55024356.17400011
2025-07-26 01:44:59.960000+00:00,2025-07-26 01:30:00+00:00,continuous,117372.8,117415.4,117225.0,117225.1,102273385.2726
2025-07-26 01:59:59.349000+00:00,2025-07-26 01:45:00+00:00,continuous,117225.2,117319.0,117114.2,117143.8,136856645.95639983
2025-07-26 02:14:59.795000+00:00,2025-07-26 02:00:00+00:00,continuous,117143.8,117289.5,117143.8,117289.4,69850997.87299977
2025-07-26 02:29:59.976000+00:00,2025-07-26 02:15:00+00:00,continuous,117289.3,117568.3,117289.3,117568.3,119873139.7929999
2025-07-26 02:44:59.758000+00:00,2025-07-26 02:30:00+00:00,continuous,117568.2,117740.6,117441.8,117443.4,161733226.58889997
2025-07-26 02:59:59.899000+00:00,2025-07-26 02:45:00+00:00,continuous,117443.3,117582.6,117443.3,117443.8,46960751.65440008
2025-07-26 03:14:59.774000+00:00,2025-07-26 03:00:00+00:00,continuous,117443.7,117580.0,117443.0,117549.9,44245394.91620031
2025-07-26 03:29:59.944000+00:00,2025-07-26 03:15:00+00:00,continuous,117549.9,117567.2,117421.9,117422.0,64625750.843699984
2025-07-26 03:44:59.935000+00:00,2025-07-26 03:30:00+00:00,continuous,117422.0,117542.7,117422.0,117472.4,38082203.55339993
2025-07-26 03:59:59.973000+00:00,2025-07-26 03:45:00+00:00,continuous,117472.5,117550.0,117455.7,117455.8,42653865.02820004
2025-07-26 04:14:58.583000+00:00,2025-07-26 04:00:00+00:00,continuous,117455.8,117515.3,117384.8,117515.2,51565178.902399726
2025-07-26 04:29:59.885000+00:00,2025-07-26 04:15:00+00:00,continuous,117515.2,117515.2,117421.4,117449.9,38833456.90960016
2025-07-26 04:44:59.791000+00:00,2025-07-26 04:30:00+00:00,continuous,117450.0,117491.7,117433.8,117450.1,27097412.40499998
2025-07-26 04:59:59.717000+00:00,2025-07-26 04:45:00+00:00,continuous,117450.2,117469.1,117368.9,117469.0,54207461.57800001
2025-07-26 05:14:59.420000+00:00,2025-07-26 05:00:00+00:00,continuous,117469.0,117473.5,117390.7,117395.0,35716282.9307999
2025-07-26 05:29:59.953000+00:00,2025-07-26 05:15:00+00:00,continuous,117395.0,117515.9,117393.9,117515.9,30422190.530100107
2025-07-26 05:44:59.975000+00:00,2025-07-26 05:30:00+00:00,continuous,117515.9,117515.9,117451.0,117451.1,31382813.19690014
2025-07-26 05:59:59.551000+00:00,2025-07-26 05:45:00+00:00,continuous,117451.0,117451.1,117402.1,117415.1,28109171.067000072
2025-07-26 06:14:59.516000+00:00,2025-07-26 06:00:00+00:00,continuous,117415.1,117430.4,117325.6,117325.6,54918745.3190997
2025-07-26 06:29:59.820000+00:00,2025-07-26 06:15:00+00:00,continuous,117325.6,117334.8,117288.9,117321.3,60978918.01349924
2025-07-26 06:44:59.295000+00:00,2025-07-26 06:30:00+00:00,continuous,117321.2,117406.6,117316.5,117377.9,94995449.93310054
2025-07-26 06:59:59.998000+00:00,2025-07-26 06:45:00+00:00,continuous,117377.8,117377.9,117308.9,117309.0,28762346.683099847
2025-07-26 07:14:59.928000+00:00,2025-07-26 07:00:00+00:00,continuous,117309.0,117323.6,117288.9,117310.9,42587280.297300205
2025-07-26 07:29:59.538000+00:00,2025-07-26 07:15:00+00:00,continuous,117310.8,117357.0,117310.8,117324.5,25334237.61469998
2025-07-26 07:44:59.927000+00:00,2025-07-26 07:30:00+00:00,continuous,117324.6,117341.2,117288.9,117333.3,46637248.64129997
2025-07-26 07:59:59.941000+00:00,2025-07-26 07:45:00+00:00,continuous,117333.4,117347.1,117288.0,117288.1,49225102.60320016
2025-07-26 08:14:59.680000+00:00,2025-07-26 08:00:00+00:00,continuous,117288.0,117316.2,117288.0,117315.1,28400442.37469965
2025-07-26 08:29:59.928000+00:00,2025-07-26 08:15:00+00:00,continuous,117315.1,117471.1,117315.0,117471.1,69956703.17710002
2025-07-26 08:44:59.416000+00:00,2025-07-26 08:30:00+00:00,continuous,117471.1,117490.5,117425.0,117460.2,41940631.31339964
2025-07-26 08:59:59.631000+00:00,2025-07-26 08:45:00+00:00,continuous,117460.3,117600.3,117460.0,117530.1,117948434.61610043
2025-07-26 09:14:59.586000+00:00,2025-07-26 09:00:00+00:00,continuous,117530.1,117594.2,117477.3,117524.2,52431516.59169995
2025-07-26 09:29:59.578000+00:00,2025-07-26 09:15:00+00:00,continuous,117524.3,117540.5,117435.2,117435.2,46680179.17090003
2025-07-26 09:44:59.853000+00:00,2025-07-26 09:30:00+00:00,continuous,117435.2,117492.5,117418.9,117492.3,34285169.93109994
2025-07-26 09:59:59.897000+00:00,2025-07-26 09:45:00+00:00,continuous,117492.3,117547.5,117492.3,117547.4,26508741.790600006
2025-07-26 10:14:59.927000+00:00,2025-07-26 10:00:00+00:00,continuous,117547.4,117611.4,117503.8,117603.1,54148115.82519983
2025-07-26 10:29:59.564000+00:00,2025-07-26 10:15:00+00:00,continuous,117603.1,117759.7,117597.0,117744.2,116283210.46480003
2025-07-26 10:44:59.989000+00:00,2025-07-26 10:30:00+00:00,continuous,117744.2,118229.7,117739.7,118178.3,809836931.7381971
2025-07-26 10:59:59.842000+00:00,2025-07-26 10:45:00+00:00,continuous,118178.2,118190.0,117923.4,117954.3,198005521.52360052
2025-07-26 11:14:59.900000+00:00,2025-07-26 11:00:00+00:00,continuous,117954.4,118043.9,117932.5,118020.8,101956798.34570031
2025-07-26 11:29:59.397000+00:00,2025-07-26 11:15:00+00:00,continuous,118020.7,118059.5,117855.5,117922.3,93342336.90059993
2025-07-26 11:44:59.702000+00:00,2025-07-26 11:30:00+00:00,continuous,117922.3,117989.2,117790.2,117799.9,103157646.18610045
2025-07-26 11:59:59.881000+00:00,2025-07-26 11:45:00+00:00,continuous,117799.9,117847.1,117758.0,117758.0,55788433.165800326
2025-07-26 12:14:59.609000+00:00,2025-07-26 12:00:00+00:00,continuous,117758.1,117812.0,117755.0,117796.4,78716887.47709972
2025-07-26 12:29:59.978000+00:00,2025-07-26 12:15:00+00:00,continuous,117796.4,117980.0,117796.4,117928.7,80278119.55100055
2025-07-26 12:44:59.941000+00:00,2025-07-26 12:30:00+00:00,continuous,117928.7,117950.0,117867.4,117919.3,40029669.07639996
2025-07-26 12:59:59.617000+00:00,2025-07-26 12:45:00+00:00,continuous,117919.3,117936.7,117884.9,117885.0,22966399.09479991
2025-07-26 13:14:59.696000+00:00,2025-07-26 13:00:00+00:00,continuous,117885.0,118133.9,117820.6,118100.0,130578386.8628003
2025-07-26 13:29:58.824000+00:00,2025-07-26 13:15:00+00:00,continuous,118100.0,118200.0,118038.3,118057.3,126920819.00019988
2025-07-26 13:44:59.953000+00:00,2025-07-26 13:30:00+00:00,continuous,118057.3,118211.8,118057.2,118194.9,59648435.1743997
2025-07-26 13:59:59.988000+00:00,2025-07-26 13:45:00+00:00,continuous,118194.8,118194.9,118088.0,118099.4,49608831.09539966
2025-07-26 14:14:59.496000+00:00,2025-07-26 14:00:00+00:00,continuous,118099.4,118200.0,118071.5,118113.0,89151673.76150016
2025-07-26 14:29:59.790000+00:00,2025-07-26 14:15:00+00:00,continuous,118112.9,118164.0,117973.0,117987.3,58259517.28759996
2025-07-26 14:44:59.895000+00:00,2025-07-26 14:30:00+00:00,continuous,117987.4,118112.1,117923.0,118081.4,101611197.4754
2025-07-26 14:59:59.973000+00:00,2025-07-26 14:45:00+00:00,continuous,118081.5,118136.3,118027.6,118030.2,57140622.83940024
2025-07-26 15:14:59.935000+00:00,2025-07-26 15:00:00+00:00,continuous,118030.1,118111.8,117896.0,117910.0,71262993.95029998
2025-07-26 15:29:59.974000+00:00,2025-07-26 15:15:00+00:00,continuous,117910.0,117931.7,117801.0,117863.3,121621808.80970004
2025-07-26 15:44:59.901000+00:00,2025-07-26 15:30:00+00:00,continuous,117863.4,117930.2,117842.1,117900.6,42985026.184700094
2025-07-26 15:59:59.608000+00:00,2025-07-26 15:45:00+00:00,continuous,117900.6,118148.9,117900.5,118111.1,88786027.8618
2025-07-26 16:14:59.716000+00:00,2025-07-26 16:00:00+00:00,continuous,118111.1,118178.6,117982.3,118052.7,86625654.99860017
2025-07-26 16:29:59.910000+00:00,2025-07-26 16:15:00+00:00,continuous,118052.7,118162.6,118052.6,118151.2,49382015.73410001
2025-07-26 16:44:59.902000+00:00,2025-07-26 16:30:00+00:00,continuous,118151.2,118200.0,118039.1,118049.5,65213155.36650034
2025-07-26 16:59:59.153000+00:00,2025-07-26 16:45:00+00:00,continuous,118049.5,118079.2,118000.0,118055.0,34126041.86549994
2025-07-26 17:14:59.750000+00:00,2025-07-26 17:00:00+00:00,continuous,118055.1,118078.8,117992.3,118012.7,33565323.11980007
2025-07-26 17:29:59.521000+00:00,2025-07-26 17:15:00+00:00,continuous,118012.8,118066.9,118012.7,118036.7,21748175.483100053
2025-07-26 17:44:59.960000+00:00,2025-07-26 17:30:00+00:00,continuous,118036.7,118047.8,117960.8,117960.8,32359401.02959997
2025-07-26 17:59:59.783000+00:00,2025-07-26 17:45:00+00:00,continuous,117960.8,118022.1,117960.8,118009.4,21008779.54819997
2025-07-26 18:14:58.565000+00:00,2025-07-26 18:00:00+00:00,continuous,118009.4,118052.4,118009.3,118035.6,30974447.6559
2025-07-26 18:29:59.569000+00:00,2025-07-26 18:15:00+00:00,continuous,118035.6,118040.0,117917.7,118029.5,41864574.37450023
2025-07-26 18:44:59.682000+00:00,2025-07-26 18:30:00+00:00,continuous,118029.5,118050.0,117982.6,118013.0,80334486.88839991
2025-07-26 18:59:59.757000+00:00,2025-07-26 18:45:00+00:00,continuous,118012.9,118086.2,118012.9,118063.9,28906489.83290006
2025-07-26 19:14:59.842000+00:00,2025-07-26 19:00:00+00:00,continuous,118063.8,118082.9,118022.8,118053.5,26557450.596499972
2025-07-26 19:29:59.881000+00:00,2025-07-26 19:15:00+00:00,continuous,118053.5,118078.3,118029.3,118074.9,18749841.352199886
2025-07-26 19:44:59.813000+00:00,2025-07-26 19:30:00+00:00,continuous,118074.9,118150.5,118057.6,118150.4,30796072.63880023
2025-07-26 19:59:59.793000+00:00,2025-07-26 19:45:00+00:00,continuous,118150.4,118300.0,118150.4,118209.0,111046718.69449916
2025-07-26 20:14:59.813000+00:00,2025-07-26 20:00:00+00:00,continuous,118209.1,118209.1,118085.6,118085.7,36599601.15499995
2025-07-26 20:29:59.206000+00:00,2025-07-26 20:15:00+00:00,continuous,118085.6,118085.7,117898.5,117916.5,116570577.07460007
2025-07-26 20:44:59.863000+00:00,2025-07-26 20:30:00+00:00,continuous,117916.5,117967.8,117846.1,117961.7,55368883.7261998
2025-07-26 20:59:59.809000+00:00,2025-07-26 20:45:00+00:00,continuous,117961.7,118013.1,117872.1,117919.2,58747600.62630021
2025-07-26 21:14:59.835000+00:00,2025-07-26 21:00:00+00:00,continuous,117919.2,117969.2,117852.0,117857.7,33836572.509800114
2025-07-26 21:29:59.539000+00:00,2025-07-26 21:15:00+00:00,continuous,117857.8,117930.9,117857.7,117912.5,25194572.93450022
2025-07-26 21:44:59.861000+00:00,2025-07-26 21:30:00+00:00,continuous,117912.5,117971.7,117861.0,117929.8,31161292.077600144
2025-07-26 21:59:59.757000+00:00,2025-07-26 21:45:00+00:00,continuous,117929.9,118052.3,117929.8,118013.2,28005975.72370001
2025-07-26 22:14:59.757000+00:00,2025-07-26 22:00:00+00:00,continuous,118013.2,118119.2,117972.3,118064.1,53932736.52230029
2025-07-26 22:29:59.546000+00:00,2025-07-26 22:15:00+00:00,continuous,118064.1,118289.3,118035.0,118040.0,98715852.62080002
2025-07-26 22:44:59.830000+00:00,2025-07-26 22:30:00+00:00,continuous,118040.0,118093.8,117950.0,118062.4,59087984.281600066
2025-07-26 22:59:59.993000+00:00,2025-07-26 22:45:00+00:00,continuous,118062.4,118083.2,117974.8,117974.9,31049474.667200025
2025-07-26 23:14:59.757000+00:00,2025-07-26 23:00:00+00:00,continuous,117974.9,118018.3,117939.2,117957.6,26544954.93999993
2025-07-26 23:29:59.981000+00:00,2025-07-26 23:15:00+00:00,continuous,117957.6,118004.1,117875.0,117894.8,63917789.13530011
2025-07-26 23:44:59.758000+00:00,2025-07-26 23:30:00+00:00,continuous,117894.9,117932.6,117858.0,117879.0,44136729.89370007
2025-07-26 23:59:59.945000+00:00,2025-07-26 23:45:00+00:00,continuous,117878.9,117889.3,117854.0,117889.2,36134672.1162999
2025-07-27 00:14:59.524000+00:00,2025-07-27 00:00:00+00:00,continuous,117889.3,117926.0,117800.8,117869.9,84479557.7309002
2025-07-27 00:29:59.716000+00:00,2025-07-27 00:15:00+00:00,continuous,117869.9,117944.0,117820.4,117822.5,30217722.09720018
2025-07-27 00:44:59.664000+00:00,2025-07-27 00:30:00+00:00,continuous,117822.4,117888.1,117801.7,117840.3,30435553.143899918
2025-07-27 00:59:59.757000+00:00,2025-07-27 00:45:00+00:00,continuous,117840.4,117931.7,117808.1,117927.2,30718344.70930005
2025-07-27 01:14:59.734000+00:00,2025-07-27 01:00:00+00:00,continuous,117927.2,118123.9,117888.0,118065.7,45966035.72490014
2025-07-27 01:29:59.523000+00:00,2025-07-27 01:15:00+00:00,continuous,118065.8,118135.9,118065.7,118117.9,37342761.994100176
2025-07-27 01:44:59.994000+00:00,2025-07-27 01:30:00+00:00,continuous,118117.9,118180.5,118107.6,118113.1,32914203.274500016
2025-07-27 01:59:59.803000+00:00,2025-07-27 01:45:00+00:00,continuous,118113.0,118113.1,118029.3,118063.6,28401395.0542999
2025-07-27 02:14:59.685000+00:00,2025-07-27 02:00:00+00:00,continuous,118063.7,118173.4,117980.3,118158.6,34747249.615900025
2025-07-27 02:29:59.758000+00:00,2025-07-27 02:15:00+00:00,continuous,118158.6,118246.1,118112.0,118124.4,53228380.315400206
2025-07-27 02:44:59.910000+00:00,2025-07-27 02:30:00+00:00,continuous,118124.3,118200.0,118124.3,118171.4,21592299.496299963
2025-07-27 02:59:59.758000+00:00,2025-07-27 02:45:00+00:00,continuous,118171.3,118356.0,118083.5,118302.8,118582431.7099006
2025-07-27 03:14:59.757000+00:00,2025-07-27 03:00:00+00:00,continuous,118302.8,118311.9,118060.1,118090.8,112962362.97380085
2025-07-27 03:29:59.660000+00:00,2025-07-27 03:15:00+00:00,continuous,118090.8,118176.1,118070.8,118176.1,31869484.256999932
2025-07-27 03:44:58.010000+00:00,2025-07-27 03:30:00+00:00,continuous,118176.1,118250.0,118176.0,118215.7,24032687.01180002
2025-07-27 03:59:59.544000+00:00,2025-07-27 03:45:00+00:00,continuous,118215.7,118215.7,118156.0,118162.0,22002635.43460009
2025-07-27 04:14:59.862000+00:00,2025-07-27 04:00:00+00:00,continuous,118161.9,118238.8,118114.0,118161.7,27453452.84049996
2025-07-27 04:29:59.757000+00:00,2025-07-27 04:15:00+00:00,continuous,118161.8,118250.0,118161.7,118239.2,29022746.143800072
2025-07-27 04:44:59.456000+00:00,2025-07-27 04:30:00+00:00,continuous,118239.1,118240.4,118186.6,118198.7,35379596.58559996
2025-07-27 04:59:59.828000+00:00,2025-07-27 04:45:00+00:00,continuous,118198.8,118205.3,118144.6,118199.9,24883254.090800066
2025-07-27 05:14:59.145000+00:00,2025-07-27 05:00:00+00:00,continuous,118199.9,118221.2,118139.0,118173.6,25767003.258700084
2025-07-27 05:29:59.198000+00:00,2025-07-27 05:15:00+00:00,continuous,118173.6,118275.0,118139.1,118243.6,60619667.10199988
2025-07-27 05:44:58.578000+00:00,2025-07-27 05:30:00+00:00,continuous,118243.5,118286.3,118210.2,118253.1,44075731.49830002
2025-07-27 05:59:59.442000+00:00,2025-07-27 05:45:00+00:00,continuous,118253.2,118258.3,118176.2,118258.2,32429648.95999988
2025-07-27 06:14:59.744000+00:00,2025-07-27 06:00:00+00:00,continuous,118258.3,118294.1,118176.3,118255.1,38024923.33439975
2025-07-27 06:29:59.362000+00:00,2025-07-27 06:15:00+00:00,continuous,118255.1,118291.8,118246.4,118251.7,22557704.867999777
2025-07-27 06:44:59.505000+00:00,2025-07-27 06:30:00+00:00,continuous,118251.6,118340.0,118251.6,118323.6,43490522.92350039
2025-07-27 06:59:59.637000+00:00,2025-07-27 06:45:00+00:00,continuous,118323.6,118432.1,118212.3,118240.1,102362188.51819961
2025-07-27 07:14:59.957000+00:00,2025-07-27 07:00:00+00:00,continuous,118240.1,118240.1,118077.4,118086.0,79905774.6430999
2025-07-27 07:29:59.790000+00:00,2025-07-27 07:15:00+00:00,continuous,118086.1,118172.3,118086.1,118107.8,29682517.537600085
2025-07-27 07:44:59.584000+00:00,2025-07-27 07:30:00+00:00,continuous,118107.8,118162.4,118090.0,118148.6,50601144.39019958
2025-07-27 07:59:59.690000+00:00,2025-07-27 07:45:00+00:00,continuous,118148.5,118148.6,118041.6,118083.6,59352359.018599644
2025-07-27 08:14:59.520000+00:00,2025-07-27 08:00:00+00:00,continuous,118083.5,118116.6,117984.9,118074.6,112048849.00270002
2025-07-27 08:29:59.642000+00:00,2025-07-27 08:15:00+00:00,continuous,118074.6,118074.6,117944.7,117988.6,70690937.64240013
2025-07-27 08:44:59.831000+00:00,2025-07-27 08:30:00+00:00,continuous,117988.6,118025.0,117928.5,118025.0,62665062.50149993
2025-07-27 08:59:59.809000+00:00,2025-07-27 08:45:00+00:00,continuous,118025.0,118038.7,117923.0,117923.0,36026118.07550012
2025-07-27 09:14:59.292000+00:00,2025-07-27 09:00:00+00:00,continuous,117923.0,117978.6,117841.0,117925.7,82118742.59180035
2025-07-27 09:29:59.704000+00:00,2025-07-27 09:15:00+00:00,continuous,117925.7,117925.7,117846.1,117864.0,53512055.25619993
2025-07-27 09:44:59.998000+00:00,2025-07-27 09:30:00+00:00,continuous,117864.1,117925.7,117822.2,117862.7,55408983.71370002
2025-07-27 09:59:59.552000+00:00,2025-07-27 09:45:00+00:00,continuous,117862.7,117913.7,117825.6,117913.7,37243175.64149995
2025-07-27 10:14:58.791000+00:00,2025-07-27 10:00:00+00:00,continuous,117913.6,118079.0,117913.6,118076.7,64388312.398000844
2025-07-27 10:29:58.934000+00:00,2025-07-27 10:15:00+00:00,continuous,118076.7,118186.0,118076.7,118121.2,65478222.46980003
2025-07-27 10:44:59.637000+00:00,2025-07-27 10:30:00+00:00,continuous,118121.1,118238.7,118090.4,118179.3,85265340.22160026
2025-07-27 10:59:59.975000+00:00,2025-07-27 10:45:00+00:00,continuous,118179.2,118273.8,118146.8,118155.9,96885103.87409994
2025-07-27 11:14:59.347000+00:00,2025-07-27 11:00:00+00:00,continuous,118155.9,118243.6,118155.8,118219.7,54746132.63939989
2025-07-27 11:29:59.553000+00:00,2025-07-27 11:15:00+00:00,continuous,118219.6,118219.7,118141.1,118168.0,58409676.81579994
2025-07-27 11:44:59.527000+00:00,2025-07-27 11:30:00+00:00,continuous,118168.0,118215.9,118078.2,118120.1,43461133.02189997
2025-07-27 11:59:59.856000+00:00,2025-07-27 11:45:00+00:00,continuous,118120.1,118120.2,118022.0,118053.4,38620567.90439976
2025-07-27 12:14:59.187000+00:00,2025-07-27 12:00:00+00:00,continuous,118053.3,118093.9,118020.0,118063.0,33920903.802800015
2025-07-27 12:29:59.896000+00:00,2025-07-27 12:15:00+00:00,continuous,118063.1,118067.7,117929.5,117954.8,53226689.98060014
2025-07-27 12:44:59.667000+00:00,2025-07-27 12:30:00+00:00,continuous,117954.8,117992.5,117850.0,117866.8,125404717.86810043
2025-07-27 12:59:59.980000+00:00,2025-07-27 12:45:00+00:00,continuous,117866.8,118088.0,117866.7,118065.6,65673228.02819975
2025-07-27 13:14:59.928000+00:00,2025-07-27 13:00:00+00:00,continuous,118065.3,118173.9,118051.2,118158.6,69367235.62920019
2025-07-27 13:29:59.652000+00:00,2025-07-27 13:15:00+00:00,continuous,118158.5,118197.0,118088.6,118159.3,45937410.553400174
2025-07-27 13:44:59.815000+00:00,2025-07-27 13:30:00+00:00,continuous,118159.3,118169.2,118052.8,118105.0,37371974.51279993
2025-07-27 13:59:59.628000+00:00,2025-07-27 13:45:00+00:00,continuous,118105.0,118194.3,118099.6,118182.3,47784908.64329971
2025-07-27 14:14:59.826000+00:00,2025-07-27 14:00:00+00:00,continuous,118182.3,118319.2,118116.4,118283.9,105639709.40800042
2025-07-27 14:29:59.941000+00:00,2025-07-27 14:15:00+00:00,continuous,118284.0,118430.0,118283.9,118402.5,199724774.35320097
2025-07-27 14:44:59.684000+00:00,2025-07-27 14:30:00+00:00,continuous,118402.4,118452.0,118237.5,118279.6,147407013.5668998
2025-07-27 14:59:59.231000+00:00,2025-07-27 14:45:00+00:00,continuous,118279.6,118488.0,118146.7,118414.8,198425932.3969994
2025-07-27 15:14:59.975000+00:00,2025-07-27 15:00:00+00:00,continuous,118414.8,118566.7,118220.3,118347.5,207267205.36720148
2025-07-27 15:29:59.954000+00:00,2025-07-27 15:15:00+00:00,continuous,118347.2,118557.3,118290.0,118454.9,144868360.362001
2025-07-27 15:44:59.990000+00:00,2025-07-27 15:30:00+00:00,continuous,118454.8,118454.9,118244.6,118440.5,76971094.2444997
2025-07-27 15:59:59.977000+00:00,2025-07-27 15:45:00+00:00,continuous,118440.5,118583.2,118380.1,118580.8,106827264.6864995
2025-07-27 16:14:59.885000+00:00,2025-07-27 16:00:00+00:00,continuous,118580.9,119163.0,118580.8,119156.5,688943817.1204004
2025-07-27 16:29:59.779000+00:00,2025-07-27 16:15:00+00:00,continuous,119156.5,119391.5,119080.3,119365.9,523672136.94450057
2025-07-27 16:44:59.872000+00:00,2025-07-27 16:30:00+00:00,continuous,119365.9,119550.0,119288.0,119313.9,631843558.3127986
2025-07-27 16:59:59.959000+00:00,2025-07-27 16:45:00+00:00,continuous,119313.9,119438.4,118942.0,119081.3,333348941.57430017
2025-07-27 17:14:59.991000+00:00,2025-07-27 17:00:00+00:00,continuous,119081.4,119201.1,118955.1,119037.9,161160165.57290056
2025-07-27 17:29:59.950000+00:00,2025-07-27 17:15:00+00:00,continuous,119037.9,119213.0,118840.0,119190.0,169615071.22649953
2025-07-27 17:44:59.860000+00:00,2025-07-27 17:30:00+00:00,continuous,119190.1,119327.1,118977.2,119087.7,164101583.79120088
2025-07-27 17:59:59.992000+00:00,2025-07-27 17:45:00+00:00,continuous,119087.7,119230.7,119086.9,119184.4,70795961.86369962
2025-07-27 18:14:59.859000+00:00,2025-07-27 18:00:00+00:00,continuous,119184.3,119378.8,119155.8,119280.0,100906839.63420014
2025-07-27 18:29:59.773000+00:00,2025-07-27 18:15:00+00:00,continuous,119279.9,119281.8,119108.9,119232.6,79123133.52869977
2025-07-27 18:44:59.541000+00:00,2025-07-27 18:30:00+00:00,continuous,119232.6,119232.7,118986.3,119066.7,81699873.95459896
2025-07-27 18:59:59.951000+00:00,2025-07-27 18:45:00+00:00,continuous,119066.6,119079.8,118880.2,119008.1,71723673.10700038
2025-07-27 19:14:59.800000+00:00,2025-07-27 19:00:00+00:00,continuous,119008.0,119008.1,118875.1,118952.3,51521988.3617003
2025-07-27 19:29:59.658000+00:00,2025-07-27 19:15:00+00:00,continuous,118952.3,118989.4,118880.0,118937.6,47032244.811600186
2025-07-27 19:44:59.500000+00:00,2025-07-27 19:30:00+00:00,continuous,118937.6,119076.9,118931.7,118980.0,33276511.13079994
2025-07-27 19:59:59.323000+00:00,2025-07-27 19:45:00+00:00,continuous,118980.1,119023.4,118904.0,118953.3,28170862.68080009
2025-07-27 20:14:59.782000+00:00,2025-07-27 20:00:00+00:00,continuous,118953.3,119175.1,118928.1,119069.5,57328655.43779971
2025-07-27 20:29:59.578000+00:00,2025-07-27 20:15:00+00:00,continuous,119069.5,119162.9,118918.8,118983.5,42046523.35049992
2025-07-27 20:44:58.616000+00:00,2025-07-27 20:30:00+00:00,continuous,118983.5,118983.6,118830.0,118872.8,70054544.02019967
2025-07-27 20:59:59.345000+00:00,2025-07-27 20:45:00+00:00,continuous,118872.9,118947.2,118709.9,118739.9,106571815.85150039
2025-07-27 21:14:57.863000+00:00,2025-07-27 21:00:00+00:00,continuous,118740.0,118856.8,118736.9,118737.0,57052853.75570022
2025-07-27 21:29:59.732000+00:00,2025-07-27 21:15:00+00:00,continuous,118736.9,119045.0,118709.2,119030.1,88107179.00959997
2025-07-27 21:44:59.849000+00:00,2025-07-27 21:30:00+00:00,continuous,119030.1,119091.5,118935.3,119091.5,55535335.74010002
2025-07-27 21:59:59.707000+00:00,2025-07-27 21:45:00+00:00,continuous,119091.4,119268.0,119063.8,119257.3,60557282.45139992
2025-07-27 22:14:59.763000+00:00,2025-07-27 22:00:00+00:00,continuous,119257.3,119747.0,119210.0,119694.8,423278837.7341991
2025-07-27 22:29:59.949000+00:00,2025-07-27 22:15:00+00:00,continuous,119694.9,119747.2,119550.0,119664.0,124514455.28639965
2025-07-27 22:44:59.889000+00:00,2025-07-27 22:30:00+00:00,continuous,119664.0,119766.0,119664.0,119766.0,85630025.83229963
2025-07-27 22:59:59.958000+00:00,2025-07-27 22:45:00+00:00,continuous,119766.0,119766.0,119485.2,119486.6,120842983.52939959
2025-07-27 23:14:59.711000+00:00,2025-07-27 23:00:00+00:00,continuous,119486.6,119537.3,119138.2,119227.0,157842163.7103002
2025-07-27 23:29:59.955000+00:00,2025-07-27 23:15:00+00:00,continuous,119226.9,119511.7,119226.9,119424.0,103638686.797
2025-07-27 23:44:59.708000+00:00,2025-07-27 23:30:00+00:00,continuous,119424.1,119453.5,119335.0,119360.1,48762742.51769997
2025-07-27 23:59:59.830000+00:00,2025-07-27 23:45:00+00:00,continuous,119360.0,119438.1,119321.5,119423.4,55182231.68179993
2025-07-28 00:14:59.994000+00:00,2025-07-28 00:00:00+00:00,continuous,119423.5,119470.7,119332.6,119455.3,80837379.87950009
2025-07-28 00:29:59.988000+00:00,2025-07-28 00:15:00+00:00,continuous,119455.7,119692.3,119411.5,119639.5,141127900.6029
2025-07-28 00:44:59.848000+00:00,2025-07-28 00:30:00+00:00,continuous,119639.4,119641.9,119240.4,119240.7,107591365.59700008
2025-07-28 00:59:59.588000+00:00,2025-07-28 00:45:00+00:00,continuous,119240.6,119378.8,119122.2,119228.8,102141504.70960039
2025-07-28 01:14:59.595000+00:00,2025-07-28 01:00:00+00:00,continuous,119228.9,119338.4,119058.9,119217.7,123963762.28639977
2025-07-28 01:29:59.728000+00:00,2025-07-28 01:15:00+00:00,continuous,119217.8,119485.2,119164.9,119375.1,116016393.60859948
2025-07-28 01:44:59.387000+00:00,2025-07-28 01:30:00+00:00,continuous,119375.1,119375.1,119048.6,119063.0,82996883.30880088
2025-07-28 01:59:59.734000+00:00,2025-07-28 01:45:00+00:00,continuous,119063.0,119118.3,118949.9,119031.6,129952682.65589973
2025-07-28 02:14:59.955000+00:00,2025-07-28 02:00:00+00:00,continuous,119031.6,119238.0,119010.1,119202.2,72459077.97759983
2025-07-28 02:29:59.794000+00:00,2025-07-28 02:15:00+00:00,continuous,119202.3,119534.7,119202.2,119469.9,94309678.92589986
2025-07-28 02:44:59.511000+00:00,2025-07-28 02:30:00+00:00,continuous,119470.0,119812.0,119454.5,119600.0,343956658.7283008
2025-07-28 02:59:59.914000+00:00,2025-07-28 02:45:00+00:00,continuous,119600.0,119632.4,119366.0,119432.6,91750184.86550036
2025-07-28 03:14:59.697000+00:00,2025-07-28 03:00:00+00:00,continuous,119432.7,119525.2,119300.0,119350.0,61981899.44100008
2025-07-28 03:29:59.961000+00:00,2025-07-28 03:15:00+00:00,continuous,119350.0,119468.8,119252.4,119259.7,77003644.3208001
2025-07-28 03:44:59.825000+00:00,2025-07-28 03:30:00+00:00,continuous,119259.6,119348.5,119213.3,119213.9,65092127.45150022
2025-07-28 03:59:59.902000+00:00,2025-07-28 03:45:00+00:00,continuous,119213.9,119298.0,119208.0,119269.7,49091403.1837002
2025-07-28 04:14:59.814000+00:00,2025-07-28 04:00:00+00:00,continuous,119269.6,119413.6,119240.9,119240.9,80247400.94920011
2025-07-28 04:29:59.962000+00:00,2025-07-28 04:15:00+00:00,continuous,119240.9,119240.9,119115.9,119139.0,53600931.02709985
2025-07-28 04:44:59.967000+00:00,2025-07-28 04:30:00+00:00,continuous,119139.1,119300.0,119111.8,119266.4,51643494.52679969
2025-07-28 04:59:59.656000+00:00,2025-07-28 04:45:00+00:00,continuous,119266.4,119337.3,119180.0,119200.0,77429184.45649976
2025-07-28 05:14:59.924000+00:00,2025-07-28 05:00:00+00:00,continuous,119200.0,119293.0,119127.6,119261.5,69707821.1158999
2025-07-28 05:29:59.918000+00:00,2025-07-28 05:15:00+00:00,continuous,119262.0,119439.2,119262.0,119355.0,112312010.01730062
2025-07-28 05:44:59.502000+00:00,2025-07-28 05:30:00+00:00,continuous,119355.1,119497.0,119241.6,119485.6,76071846.58169971
2025-07-28 05:59:59.968000+00:00,2025-07-28 05:45:00+00:00,continuous,119485.5,119692.0,119361.7,119517.1,123197193.29130057
2025-07-28 06:14:59.965000+00:00,2025-07-28 06:00:00+00:00,continuous,119517.1,119600.0,119490.0,119567.3,66542738.38590025
2025-07-28 06:29:59.861000+00:00,2025-07-28 06:15:00+00:00,continuous,119567.4,119591.2,119458.9,119480.0,80279061.22860034
2025-07-28 06:44:59.582000+00:00,2025-07-28 06:30:00+00:00,continuous,119480.0,119480.1,119422.1,119463.3,37671185.64290011
2025-07-28 06:59:59.002000+00:00,2025-07-28 06:45:00+00:00,continuous,119463.3,119478.1,119435.5,119444.9,29412549.284599904
2025-07-28 07:14:59.807000+00:00,2025-07-28 07:00:00+00:00,continuous,119444.9,119445.0,118845.0,118867.9,301830320.8787003
2025-07-28 07:29:59.983000+00:00,2025-07-28 07:15:00+00:00,continuous,118868.0,119112.0,118791.1,119035.1,221676758.34779945
2025-07-28 07:44:59.924000+00:00,2025-07-28 07:30:00+00:00,continuous,119034.5,119034.6,118742.0,118877.8,170051070.04390007
2025-07-28 07:59:59.447000+00:00,2025-07-28 07:45:00+00:00,continuous,118877.8,118936.6,118855.7,118873.2,41580175.7483998
2025-07-28 08:14:59.893000+00:00,2025-07-28 08:00:00+00:00,continuous,118873.1,119028.5,118789.3,118898.4,87320801.7130006
2025-07-28 08:29:59.865000+00:00,2025-07-28 08:15:00+00:00,continuous,118898.3,119071.0,118825.0,119002.9,62853572.807599805
2025-07-28 08:44:59.854000+00:00,2025-07-28 08:30:00+00:00,continuous,119002.8,119020.7,118744.1,118855.8,133606963.5824002
2025-07-28 08:59:59.853000+00:00,2025-07-28 08:45:00+00:00,continuous,118855.7,119091.2,118837.9,119053.5,143674003.78939977
2025-07-28 09:14:59.564000+00:00,2025-07-28 09:00:00+00:00,continuous,119053.5,119053.6,118888.3,118900.3,61581392.221100084
2025-07-28 09:29:59.832000+00:00,2025-07-28 09:15:00+00:00,continuous,118900.4,118990.0,118804.0,118821.8,61971932.7641999
2025-07-28 09:44:59.904000+00:00,2025-07-28 09:30:00+00:00,continuous,118821.8,118844.1,118668.6,118720.1,96299187.06419985
2025-07-28 09:59:59.844000+00:00,2025-07-28 09:45:00+00:00,continuous,118720.1,119010.9,118720.1,118920.9,66448806.13969997
2025-07-28 10:14:59.759000+00:00,2025-07-28 10:00:00+00:00,continuous,118920.9,118933.8,118758.1,118758.1,46360992.91820014
2025-07-28 10:29:59.759000+00:00,2025-07-28 10:15:00+00:00,continuous,118758.1,118959.1,118758.1,118921.1,32359090.39129995
2025-07-28 10:44:59.999000+00:00,2025-07-28 10:30:00+00:00,continuous,118921.2,118921.2,118610.0,118651.4,100209317.0759999
2025-07-28 10:59:59.866000+00:00,2025-07-28 10:45:00+00:00,continuous,118651.5,118794.5,118625.4,118757.2,95955413.96450019
2025-07-28 11:14:59.759000+00:00,2025-07-28 11:00:00+00:00,continuous,118757.3,118855.6,118640.4,118668.8,68013332.81890011
2025-07-28 11:29:59.957000+00:00,2025-07-28 11:15:00+00:00,continuous,118668.9,118707.8,118523.1,118548.8,191159733.99500012
2025-07-28 11:44:59.671000+00:00,2025-07-28 11:30:00+00:00,continuous,118548.7,118769.2,118471.3,118693.4,176664154.19270188
2025-07-28 11:59:59.928000+00:00,2025-07-28 11:45:00+00:00,continuous,118693.4,118824.0,118693.4,118813.3,69467960.26880024
2025-07-28 12:14:59.989000+00:00,2025-07-28 12:00:00+00:00,continuous,118813.4,119036.0,118764.0,118887.5,182316745.30819994
2025-07-28 12:29:59.621000+00:00,2025-07-28 12:15:00+00:00,continuous,118887.6,119085.0,118820.0,118910.6,145541288.96180052
2025-07-28 12:44:59.933000+00:00,2025-07-28 12:30:00+00:00,continuous,118910.7,118986.1,118828.8,118958.1,79581826.35949999
2025-07-28 12:59:59.897000+00:00,2025-07-28 12:45:00+00:00,continuous,118958.1,118991.5,118773.3,118828.6,104647558.24030022
2025-07-28 13:14:59.511000+00:00,2025-07-28 13:00:00+00:00,continuous,118828.7,118848.4,118657.4,118657.5,83086599.19379988
2025-07-28 13:29:59.991000+00:00,2025-07-28 13:15:00+00:00,continuous,118657.4,118731.7,118400.1,118579.9,293497716.38769597
2025-07-28 13:44:59.974000+00:00,2025-07-28 13:30:00+00:00,continuous,118579.9,119065.2,118276.8,118638.9,636060505.5260966
2025-07-28 13:59:59.765000+00:00,2025-07-28 13:45:00+00:00,continuous,118639.0,118757.6,118210.0,118412.0,382081621.5882025
2025-07-28 14:14:59.973000+00:00,2025-07-28 14:00:00+00:00,continuous,118411.9,118666.0,118277.7,118458.8,178605574.82799995
2025-07-28 14:29:59.819000+00:00,2025-07-28 14:15:00+00:00,continuous,118458.9,118493.3,117994.0,118060.7,511296218.81190306
2025-07-28 14:44:59.815000+00:00,2025-07-28 14:30:00+00:00,continuous,118060.8,118255.6,117900.0,118240.5,333455241.4004008
2025-07-28 14:59:59.913000+00:00,2025-07-28 14:45:00+00:00,continuous,118240.5,118260.0,117902.3,117968.3,155724404.2922999
2025-07-28 15:14:59.983000+00:00,2025-07-28 15:00:00+00:00,continuous,117968.3,118180.0,117900.0,118165.2,210343299.02940035
2025-07-28 15:29:59.830000+00:00,2025-07-28 15:15:00+00:00,continuous,118165.2,118402.4,118121.2,118402.4,311050177.6328997
2025-07-28 15:44:59.904000+00:00,2025-07-28 15:30:00+00:00,continuous,118402.4,118487.4,118160.0,118219.6,170315520.0957999
2025-07-28 15:59:59.855000+00:00,2025-07-28 15:45:00+00:00,continuous,118219.6,118379.9,118098.4,118152.8,186654290.33699992
2025-07-28 16:14:59.434000+00:00,2025-07-28 16:00:00+00:00,continuous,118152.9,118158.3,117987.4,118052.2,142106841.00270003
2025-07-28 16:29:59.877000+00:00,2025-07-28 16:15:00+00:00,continuous,118052.2,118300.0,118000.0,118274.9,109351179.69020033
2025-07-28 16:44:59.552000+00:00,2025-07-28 16:30:00+00:00,continuous,118274.9,118357.7,118144.9,118302.2,100266785.46280012
2025-07-28 16:59:59.856000+00:00,2025-07-28 16:45:00+00:00,continuous,118302.2,118363.0,117983.9,117991.5,93974377.18860021
2025-07-28 17:14:59.568000+00:00,2025-07-28 17:00:00+00:00,continuous,117991.6,118022.7,117819.0,117825.3,201718682.18509984
2025-07-28 17:29:59.884000+00:00,2025-07-28 17:15:00+00:00,continuous,117825.3,118006.1,117612.0,118006.1,396770299.3248975
2025-07-28 17:44:59.572000+00:00,2025-07-28 17:30:00+00:00,continuous,118006.1,118100.0,117778.5,117841.6,104747273.73210038
2025-07-28 17:59:59.858000+00:00,2025-07-28 17:45:00+00:00,continuous,117841.5,117847.9,117634.5,117650.0,134862965.50770056
2025-07-28 18:14:59.797000+00:00,2025-07-28 18:00:00+00:00,continuous,117649.9,117777.0,117471.0,117765.5,328568332.4129026
2025-07-28 18:29:59.859000+00:00,2025-07-28 18:15:00+00:00,continuous,117765.6,117800.0,117459.4,117539.5,127348949.46299955
2025-07-28 18:44:59.808000+00:00,2025-07-28 18:30:00+00:00,continuous,117539.5,117766.6,117388.0,117724.0,159390711.4407993
2025-07-28 18:59:59.854000+00:00,2025-07-28 18:45:00+00:00,continuous,117724.0,117846.1,117625.0,117760.4,90911239.93099928
2025-07-28 19:14:59.911000+00:00,2025-07-28 19:00:00+00:00,continuous,117760.4,118174.0,117751.2,118124.9,214010168.89349994
2025-07-28 19:29:59.585000+00:00,2025-07-28 19:15:00+00:00,continuous,118124.9,118279.0,118066.7,118075.4,124151975.76910038
2025-07-28 19:44:59.862000+00:00,2025-07-28 19:30:00+00:00,continuous,118075.4,118082.9,117654.7,117662.5,142457073.4140002
2025-07-28 19:59:59.752000+00:00,2025-07-28 19:45:00+00:00,continuous,117662.5,118082.7,117523.2,118050.0,158427170.56330127
2025-07-28 20:14:59.970000+00:00,2025-07-28 20:00:00+00:00,continuous,118050.0,118150.1,117716.7,117741.2,117089532.52889968
2025-07-28 20:29:59.847000+00:00,2025-07-28 20:15:00+00:00,continuous,117741.2,117853.4,117483.0,117483.0,86894270.01759994
2025-07-28 20:44:59.673000+00:00,2025-07-28 20:30:00+00:00,continuous,117483.0,117971.7,117466.1,117818.4,110766597.91740029
2025-07-28 20:59:59.366000+00:00,2025-07-28 20:45:00+00:00,continuous,117818.4,118064.4,117797.0,118017.7,70149853.48459983
2025-07-28 21:14:59.514000+00:00,2025-07-28 21:00:00+00:00,continuous,118017.7,118163.0,117923.0,118029.5,58838007.0748002
2025-07-28 21:29:59.592000+00:00,2025-07-28 21:15:00+00:00,continuous,118029.6,118148.9,117934.8,118071.4,42092343.43790015
2025-07-28 21:44:59.861000+00:00,2025-07-28 21:30:00+00:00,continuous,118071.4,118329.8,117996.5,118325.2,88445505.12080008
2025-07-28 21:59:59.926000+00:00,2025-07-28 21:45:00+00:00,continuous,118325.2,118325.3,117927.9,118081.5,74109972.61490023
2025-07-28 22:14:59.863000+00:00,2025-07-28 22:00:00+00:00,continuous,118081.6,118235.9,118043.3,118082.3,94147344.77639984
2025-07-28 22:29:59.718000+00:00,2025-07-28 22:15:00+00:00,continuous,118082.3,118192.8,117978.2,118111.2,54826526.84310016
2025-07-28 22:44:59.616000+00:00,2025-07-28 22:30:00+00:00,continuous,118111.1,118150.0,117745.1,117836.8,131237698.01969993
2025-07-28 22:59:59.516000+00:00,2025-07-28 22:45:00+00:00,continuous,117836.9,117967.9,117728.1,117843.0,86823795.65649976
2025-07-28 23:14:59.622000+00:00,2025-07-28 23:00:00+00:00,continuous,117842.9,118011.9,117788.0,117924.1,44420340.52769997
2025-07-28 23:29:59.955000+00:00,2025-07-28 23:15:00+00:00,continuous,117924.0,118153.8,117924.0,117954.0,55191008.146400005
2025-07-28 23:44:59.926000+00:00,2025-07-28 23:30:00+00:00,continuous,117954.1,118120.0,117928.9,117996.1,42841717.98059991
2025-07-28 23:59:59.947000+00:00,2025-07-28 23:45:00+00:00,continuous,117996.0,118122.9,117793.0,118041.4,67917831.89109996
2025-07-29 00:14:59.790000+00:00,2025-07-29 00:00:00+00:00,continuous,118041.5,118260.8,117919.2,118259.4,98411707.77959955
2025-07-29 00:29:59.890000+00:00,2025-07-29 00:15:00+00:00,continuous,118259.4,118433.4,118200.0,118206.2,158722196.28289917
2025-07-29 00:44:59.733000+00:00,2025-07-29 00:30:00+00:00,continuous,118206.1,118245.5,117500.0,117670.0,326058687.74210125
2025-07-29 00:59:59.796000+00:00,2025-07-29 00:45:00+00:00,continuous,117669.9,117945.0,117615.0,117945.0,81196540.81619984
2025-07-29 01:14:59.954000+00:00,2025-07-29 01:00:00+00:00,continuous,117944.9,118088.5,117823.2,118047.7,58907336.59560009
2025-07-29 01:29:59.988000+00:00,2025-07-29 01:15:00+00:00,continuous,118047.6,118205.3,118030.8,118177.1,52327962.59510015
2025-07-29 01:44:59.502000+00:00,2025-07-29 01:30:00+00:00,continuous,118177.2,118224.0,118102.3,118113.6,46695823.235999666
2025-07-29 01:59:59.704000+00:00,2025-07-29 01:45:00+00:00,continuous,118113.6,118120.5,117736.7,117738.6,57777216.48689993
2025-07-29 02:14:59.533000+00:00,2025-07-29 02:00:00+00:00,continuous,117738.6,117923.0,117719.6,117867.3,85409001.44299942
2025-07-29 02:29:59.089000+00:00,2025-07-29 02:15:00+00:00,continuous,117867.2,117877.8,117406.3,117866.4,218755230.03289923
2025-07-29 02:44:59.810000+00:00,2025-07-29 02:30:00+00:00,continuous,117866.4,117956.7,117720.7,117929.5,73444504.87810004
2025-07-29 02:59:59.930000+00:00,2025-07-29 02:45:00+00:00,continuous,117929.4,118068.7,117809.6,118065.6,79063652.88290037
2025-07-29 03:14:58.816000+00:00,2025-07-29 03:00:00+00:00,continuous,118065.6,118415.0,118065.6,118371.3,190220979.9503994
2025-07-29 03:29:59.841000+00:00,2025-07-29 03:15:00+00:00,continuous,118371.3,118373.2,118217.0,118295.8,98961268.2071001
2025-07-29 03:44:59.907000+00:00,2025-07-29 03:30:00+00:00,continuous,118295.8,118471.6,118222.6,118471.5,78921135.14110017
2025-07-29 03:59:59.867000+00:00,2025-07-29 03:45:00+00:00,continuous,118471.5,118777.0,118450.0,118745.6,284733904.6875009
2025-07-29 04:14:59.478000+00:00,2025-07-29 04:00:00+00:00,continuous,118745.6,118785.0,118631.1,118739.1,114959383.42739885
2025-07-29 04:29:59.283000+00:00,2025-07-29 04:15:00+00:00,continuous,118739.0,118739.1,118524.1,118619.1,72155130.64770015
2025-07-29 04:44:59.865000+00:00,2025-07-29 04:30:00+00:00,continuous,118619.1,118650.0,118465.0,118477.9,75895258.93989994
2025-07-29 04:59:59.831000+00:00,2025-07-29 04:45:00+00:00,continuous,118478.0,118538.1,118377.1,118491.3,102996979.31230043
2025-07-29 05:14:59.905000+00:00,2025-07-29 05:00:00+00:00,continuous,118491.3,118720.0,118491.2,118630.6,61078307.948699735
2025-07-29 05:29:58.689000+00:00,2025-07-29 05:15:00+00:00,continuous,118630.5,118631.1,118502.3,118615.4,34254484.85009997
2025-07-29 05:44:59.512000+00:00,2025-07-29 05:30:00+00:00,continuous,118615.4,118709.6,118559.8,118709.5,43216040.78160005
2025-07-29 05:59:59.753000+00:00,2025-07-29 05:45:00+00:00,continuous,118709.6,118837.0,118708.9,118766.0,98243257.38010027
2025-07-29 06:14:59.947000+00:00,2025-07-29 06:00:00+00:00,continuous,118766.0,118838.9,118685.3,118838.9,65239214.77619974
2025-07-29 06:29:59.850000+00:00,2025-07-29 06:15:00+00:00,continuous,118838.8,119032.4,118827.8,118888.6,182674340.8377993
2025-07-29 06:44:59.967000+00:00,2025-07-29 06:30:00+00:00,continuous,118888.7,118966.0,118824.6,118949.7,91854865.91710036
2025-07-29 06:59:59.833000+00:00,2025-07-29 06:45:00+00:00,continuous,118949.6,118954.8,118720.0,118720.1,96076813.82690029
2025-07-29 07:14:59.537000+00:00,2025-07-29 07:00:00+00:00,continuous,118720.0,118901.3,118720.0,118799.9,57120441.378499866
2025-07-29 07:29:59.782000+00:00,2025-07-29 07:15:00+00:00,continuous,118799.9,118847.1,118739.9,118774.0,51445181.95859979
2025-07-29 07:44:59.754000+00:00,2025-07-29 07:30:00+00:00,continuous,118774.1,118950.3,118714.8,118950.0,87040976.62060021
2025-07-29 07:59:59.930000+00:00,2025-07-29 07:45:00+00:00,continuous,118950.0,119258.7,118760.5,118856.2,363078924.28060436
2025-07-29 08:14:59.883000+00:00,2025-07-29 08:00:00+00:00,continuous,118856.2,118978.5,118790.9,118961.7,96186322.55720003
2025-07-29 08:29:59.928000+00:00,2025-07-29 08:15:00+00:00,continuous,118961.7,119019.6,118720.5,118763.4,104528805.29879992
2025-07-29 08:44:59.899000+00:00,2025-07-29 08:30:00+00:00,continuous,118763.3,118950.6,118755.5,118945.3,83836472.46179956
2025-07-29 08:59:59.776000+00:00,2025-07-29 08:45:00+00:00,continuous,118945.3,118991.6,118769.2,118887.8,65032298.95990011
2025-07-29 09:14:59.981000+00:00,2025-07-29 09:00:00+00:00,continuous,118887.8,118964.8,118792.6,118793.1,67912481.03790003
2025-07-29 09:29:59.967000+00:00,2025-07-29 09:15:00+00:00,continuous,118793.2,118922.5,118722.0,118890.9,65568432.39789975
2025-07-29 09:44:59.922000+00:00,2025-07-29 09:30:00+00:00,continuous,118890.8,118890.8,118750.0,118887.9,38631619.29689993
2025-07-29 09:59:59.943000+00:00,2025-07-29 09:45:00+00:00,continuous,118888.0,118888.0,118722.0,118750.0,48383198.43000032
2025-07-29 10:14:59.937000+00:00,2025-07-29 10:00:00+00:00,continuous,118749.9,118792.0,118519.0,118565.0,175063263.88450128
2025-07-29 10:29:59.826000+00:00,2025-07-29 10:15:00+00:00,continuous,118565.0,118677.6,118506.4,118634.8,79936184.96079986
2025-07-29 10:44:59.717000+00:00,2025-07-29 10:30:00+00:00,continuous,118634.8,118742.0,118455.1,118459.1,85715149.25170003
2025-07-29 10:59:59.912000+00:00,2025-07-29 10:45:00+00:00,continuous,118459.1,118500.0,118254.8,118274.2,210137681.45
2025-07-29 11:14:59.900000+00:00,2025-07-29 11:00:00+00:00,continuous,118274.3,118383.2,118119.1,118383.1,190332460.62469944
2025-07-29 11:29:59.555000+00:00,2025-07-29 11:15:00+00:00,continuous,118383.2,118483.8,118323.0,118460.6,75600102.3356001
2025-07-29 11:44:59.558000+00:00,2025-07-29 11:30:00+00:00,continuous,118460.5,118489.0,118303.6,118405.1,70040272.7506003
2025-07-29 11:59:59.979000+00:00,2025-07-29 11:45:00+00:00,continuous,118405.1,118565.0,118350.0,118560.0,57698055.97280015
2025-07-29 12:14:59.525000+00:00,2025-07-29 12:00:00+00:00,continuous,118559.9,118663.6,118407.1,118444.6,110533326.54610041
2025-07-29 12:29:59.997000+00:00,2025-07-29 12:15:00+00:00,continuous,118444.6,119032.4,118444.6,118908.1,401551142.9618976
2025-07-29 12:44:59.906000+00:00,2025-07-29 12:30:00+00:00,continuous,118908.2,119050.0,118756.8,119009.9,188858837.34469935
2025-07-29 12:59:59.974000+00:00,2025-07-29 12:45:00+00:00,continuous,119009.9,119010.0,118791.7,118863.1,90110665.7155999
2025-07-29 13:14:59.608000+00:00,2025-07-29 13:00:00+00:00,continuous,118863.1,118900.2,118725.5,118836.4,73120627.85740003
2025-07-29 13:29:59.829000+00:00,2025-07-29 13:15:00+00:00,continuous,118836.4,118921.3,118777.4,118902.3,65786281.43070007
2025-07-29 13:44:59.430000+00:00,2025-07-29 13:30:00+00:00,continuous,118902.2,119000.0,118615.3,118796.9,191045783.2201982
2025-07-29 13:59:59.999000+00:00,2025-07-29 13:45:00+00:00,continuous,118797.0,118867.0,118489.0,118589.9,174725870.96300003
2025-07-29 14:14:59.926000+00:00,2025-07-29 14:00:00+00:00,continuous,118590.0,118607.9,117901.1,118116.1,645610694.0083073
2025-07-29 14:29:59.904000+00:00,2025-07-29 14:15:00+00:00,continuous,118116.1,118336.2,118080.0,118237.4,174140786.9699003
2025-07-29 14:44:59.760000+00:00,2025-07-29 14:30:00+00:00,continuous,118237.3,118269.2,118011.0,118213.1,139027633.15889946
2025-07-29 14:59:59.929000+00:00,2025-07-29 14:45:00+00:00,continuous,118213.0,118274.2,117650.0,117781.7,345766134.4953996
2025-07-29 15:14:59.874000+00:00,2025-07-29 15:00:00+00:00,continuous,117781.6,117923.3,117601.1,117729.0,279280665.6804998
2025-07-29 15:29:59.879000+00:00,2025-07-29 15:15:00+00:00,continuous,117729.0,117788.3,117470.0,117489.9,307115568.0859002
2025-07-29 15:44:59.884000+00:00,2025-07-29 15:30:00+00:00,continuous,117489.9,117588.0,117218.7,117393.8,542434573.0183986
2025-07-29 15:59:59.852000+00:00,2025-07-29 15:45:00+00:00,continuous,117393.6,117600.7,117300.0,117345.7,313012468.4239987
2025-07-29 16:14:59.979000+00:00,2025-07-29 16:00:00+00:00,continuous,117345.7,117470.2,117284.6,117395.7,316094930.30659795
2025-07-29 16:29:59.874000+00:00,2025-07-29 16:15:00+00:00,continuous,117395.6,117535.1,117251.0,117302.4,268303814.19279993
2025-07-29 16:44:59.950000+00:00,2025-07-29 16:30:00+00:00,continuous,117302.3,117430.0,116923.0,117430.0,536750126.5734058
2025-07-29 16:59:59.969000+00:00,2025-07-29 16:45:00+00:00,continuous,117430.0,117730.0,117401.2,117710.9,412728027.1100005
2025-07-29 17:14:59.992000+00:00,2025-07-29 17:00:00+00:00,continuous,117711.3,117870.4,117594.0,117860.0,180731112.8991986
2025-07-29 17:29:59.483000+00:00,2025-07-29 17:15:00+00:00,continuous,117860.0,117936.7,117681.1,117875.7,142857070.9415998
2025-07-29 17:44:59.863000+00:00,2025-07-29 17:30:00+00:00,continuous,117875.7,118019.3,117629.4,117629.9,186160813.7738992
2025-07-29 17:59:59.781000+00:00,2025-07-29 17:45:00+00:00,continuous,117629.9,117818.1,117629.9,117723.5,64161514.34630001
2025-07-29 18:14:59.938000+00:00,2025-07-29 18:00:00+00:00,continuous,117723.5,117782.4,117461.8,117557.8,111210695.5624007
2025-07-29 18:29:59.904000+00:00,2025-07-29 18:15:00+00:00,continuous,117557.8,117687.7,117437.5,117687.7,70915278.47939985
2025-07-29 18:44:58.185000+00:00,2025-07-29 18:30:00+00:00,continuous,117687.6,117773.9,117616.1,117648.9,61322425.13280004
2025-07-29 18:59:59.504000+00:00,2025-07-29 18:45:00+00:00,continuous,117649.0,117751.3,117467.7,117573.0,65227084.60030008
2025-07-29 19:14:59.579000+00:00,2025-07-29 19:00:00+00:00,continuous,117572.9,117746.6,117503.9,117746.6,72819962.49450015
2025-07-29 19:29:59.846000+00:00,2025-07-29 19:15:00+00:00,continuous,117746.6,117998.8,117358.2,117414.7,206578809.80220008
2025-07-29 19:44:59.995000+00:00,2025-07-29 19:30:00+00:00,continuous,117414.8,117555.6,117385.0,117515.2,80067671.97479956
2025-07-29 19:59:59.577000+00:00,2025-07-29 19:45:00+00:00,continuous,117515.4,117631.5,117475.0,117484.9,67051520.43900031
2025-07-29 20:14:59.969000+00:00,2025-07-29 20:00:00+00:00,continuous,117485.5,117591.4,117053.5,117185.8,353723649.49340034
2025-07-29 20:29:59.886000+00:00,2025-07-29 20:15:00+00:00,continuous,117185.7,117840.9,117125.5,117509.0,276385206.3712011
2025-07-29 20:44:59.685000+00:00,2025-07-29 20:30:00+00:00,continuous,117509.0,117540.0,117044.1,117170.4,182790390.21560007
2025-07-29 20:59:59.974000+00:00,2025-07-29 20:45:00+00:00,continuous,117170.5,117478.9,117085.8,117478.9,83981864.07670006
2025-07-29 21:14:59.956000+00:00,2025-07-29 21:00:00+00:00,continuous,117478.8,117512.3,117240.1,117385.3,93800457.16539998
2025-07-29 21:29:59.772000+00:00,2025-07-29 21:15:00+00:00,continuous,117385.3,117385.3,117141.3,117302.2,80256702.8916003
2025-07-29 21:44:59.570000+00:00,2025-07-29 21:30:00+00:00,continuous,117302.1,117330.2,117210.0,117220.1,36625857.13610007
2025-07-29 21:59:59.710000+00:00,2025-07-29 21:45:00+00:00,continuous,117220.1,117663.6,117220.1,117555.1,55914505.669299975
2025-07-29 22:14:57.727000+00:00,2025-07-29 22:00:00+00:00,continuous,117555.1,117703.4,117403.1,117417.3,102773180.00379963
2025-07-29 22:29:59.760000+00:00,2025-07-29 22:15:00+00:00,continuous,117417.3,117689.5,117417.3,117686.1,48619553.78900007
2025-07-29 22:44:59.736000+00:00,2025-07-29 22:30:00+00:00,continuous,117686.2,117747.0,117651.4,117701.6,55485203.07659982
2025-07-29 22:59:59.960000+00:00,2025-07-29 22:45:00+00:00,continuous,117701.7,117822.0,117701.6,117801.5,48373282.66099976
2025-07-29 23:14:58.983000+00:00,2025-07-29 23:00:00+00:00,continuous,117801.4,117857.4,117746.4,117789.7,55936760.392199986
2025-07-29 23:29:59.512000+00:00,2025-07-29 23:15:00+00:00,continuous,117789.7,117888.0,117780.0,117887.9,39843125.873000085
2025-07-29 23:44:59.846000+00:00,2025-07-29 23:30:00+00:00,continuous,117887.9,117951.0,117717.0,117717.0,49978466.47470023
2025-07-29 23:59:59.531000+00:00,2025-07-29 23:45:00+00:00,continuous,117717.0,117905.4,117670.2,117897.0,54025647.049699984
2025-07-30 00:14:59.229000+00:00,2025-07-30 00:00:00+00:00,continuous,117897.1,117924.0,117743.7,117910.1,53468535.17210001
2025-07-30 00:29:59.765000+00:00,2025-07-30 00:15:00+00:00,continuous,117910.1,117958.3,117661.6,117661.6,79249013.70879984
2025-07-30 00:44:59.572000+00:00,2025-07-30 00:30:00+00:00,continuous,117661.6,117732.1,117500.0,117571.8,119097825.55850044
2025-07-30 00:59:59.808000+00:00,2025-07-30 00:45:00+00:00,continuous,117571.8,117723.2,117485.1,117699.9,68569372.42579982
2025-07-30 01:14:59.049000+00:00,2025-07-30 01:00:00+00:00,continuous,117699.9,117747.3,117625.1,117718.7,34955873.68389994
2025-07-30 01:29:59.722000+00:00,2025-07-30 01:15:00+00:00,continuous,117718.8,117733.2,117363.0,117535.6,110400324.57390006
2025-07-30 01:44:59.774000+00:00,2025-07-30 01:30:00+00:00,continuous,117535.6,117856.0,117492.1,117837.2,58914455.38049973
2025-07-30 01:59:59.222000+00:00,2025-07-30 01:45:00+00:00,continuous,117837.2,117983.0,117784.1,117805.1,90103787.1493997
2025-07-30 02:14:59.953000+00:00,2025-07-30 02:00:00+00:00,continuous,117805.2,118079.8,117739.7,118058.0,82855995.00719978
2025-07-30 02:29:59.735000+00:00,2025-07-30 02:15:00+00:00,continuous,118058.0,118087.3,117850.7,117908.3,94847319.03320007
2025-07-30 02:44:59.709000+00:00,2025-07-30 02:30:00+00:00,continuous,117908.3,118085.6,117826.1,118015.7,79385726.1625997
2025-07-30 02:59:59.895000+00:00,2025-07-30 02:45:00+00:00,continuous,118015.7,118061.8,117950.0,117979.9,46876565.43259995
2025-07-30 03:14:59.497000+00:00,2025-07-30 03:00:00+00:00,continuous,117979.9,118000.0,117859.1,117960.4,51503088.42029974
2025-07-30 03:29:59.643000+00:00,2025-07-30 03:15:00+00:00,continuous,117960.3,118050.0,117862.8,118050.0,42564044.19100002
2025-07-30 03:44:59.773000+00:00,2025-07-30 03:30:00+00:00,continuous,118049.9,118130.0,118031.0,118119.9,73877556.31430022
2025-07-30 03:59:59.519000+00:00,2025-07-30 03:45:00+00:00,continuous,118120.0,118210.0,118001.6,118106.5,74015972.26460004
2025-07-30 04:14:59.567000+00:00,2025-07-30 04:00:00+00:00,continuous,118106.5,118230.7,118106.5,118174.8,89858248.80879934
2025-07-30 04:29:59.569000+00:00,2025-07-30 04:15:00+00:00,continuous,118174.9,118200.0,118110.0,118124.8,43309844.41229961
2025-07-30 04:44:59.832000+00:00,2025-07-30 04:30:00+00:00,continuous,118124.8,118124.8,117906.0,117994.5,80202575.00719945
2025-07-30 04:59:59.626000+00:00,2025-07-30 04:45:00+00:00,continuous,117994.5,117995.2,117917.7,117949.9,38301605.933100015
2025-07-30 05:14:59.869000+00:00,2025-07-30 05:00:00+00:00,continuous,117950.0,118034.8,117660.0,117665.9,93984498.60410038
2025-07-30 05:29:59.234000+00:00,2025-07-30 05:15:00+00:00,continuous,117666.0,117943.6,117616.1,117938.3,96735423.41519985
2025-07-30 05:44:59.723000+00:00,2025-07-30 05:30:00+00:00,continuous,117938.2,117948.8,117850.0,117886.3,38774278.287299916
2025-07-30 05:59:59.891000+00:00,2025-07-30 05:45:00+00:00,continuous,117886.4,117998.4,117809.8,117948.2,35247577.197899885
2025-07-30 06:14:59.558000+00:00,2025-07-30 06:00:00+00:00,continuous,117948.2,118075.0,117948.1,118021.5,56331010.00049991
2025-07-30 06:29:59.516000+00:00,2025-07-30 06:15:00+00:00,continuous,118021.5,118167.0,118011.4,118158.0,65606014.90900001
2025-07-30 06:44:59.396000+00:00,2025-07-30 06:30:00+00:00,continuous,118158.0,118261.4,118063.5,118241.7,100608521.70469987
2025-07-30 06:59:59.832000+00:00,2025-07-30 06:45:00+00:00,continuous,118241.7,118296.9,118175.7,118237.4,75083569.22889993
2025-07-30 07:14:59.947000+00:00,2025-07-30 07:00:00+00:00,continuous,118237.3,118384.6,118147.5,118168.1,136015155.48419955
2025-07-30 07:29:59.895000+00:00,2025-07-30 07:15:00+00:00,continuous,118168.2,118315.5,118147.1,118310.3,55075290.37390037
2025-07-30 07:44:59.546000+00:00,2025-07-30 07:30:00+00:00,continuous,118310.3,118330.7,118122.5,118200.3,98413093.69789997
2025-07-30 07:59:59.902000+00:00,2025-07-30 07:45:00+00:00,continuous,118200.4,118200.4,118076.9,118083.1,47394628.71469998
2025-07-30 08:14:59.199000+00:00,2025-07-30 08:00:00+00:00,continuous,118083.2,118230.7,117974.8,117975.7,75519977.20489986
2025-07-30 08:29:59.991000+00:00,2025-07-30 08:15:00+00:00,continuous,117975.7,118119.4,117918.0,118119.4,78092883.89430033
2025-07-30 08:44:59.904000+00:00,2025-07-30 08:30:00+00:00,continuous,118119.3,118328.2,118041.5,118319.9,63854518.691299826
2025-07-30 08:59:59.529000+00:00,2025-07-30 08:45:00+00:00,continuous,118319.9,118451.3,118316.3,118324.7,122470291.76379967
2025-07-30 09:14:59.780000+00:00,2025-07-30 09:00:00+00:00,continuous,118324.7,118392.3,118185.0,118220.9,101702201.32379997
2025-07-30 09:29:59.729000+00:00,2025-07-30 09:15:00+00:00,continuous,118220.8,118266.8,118113.7,118120.1,56149376.109499864
2025-07-30 09:44:59.577000+00:00,2025-07-30 09:30:00+00:00,continuous,118120.1,118127.0,117950.0,118000.1,118868845.5001006
2025-07-30 09:59:59.527000+00:00,2025-07-30 09:45:00+00:00,continuous,118000.0,118174.1,117998.7,118126.4,51485187.034399964
2025-07-30 10:14:59.621000+00:00,2025-07-30 10:00:00+00:00,continuous,118126.4,118314.7,118126.3,118288.2,67212325.1292001
2025-07-30 10:29:59.718000+00:00,2025-07-30 10:15:00+00:00,continuous,118288.2,118297.7,118159.2,118284.8,69298038.50409998
2025-07-30 10:44:59.889000+00:00,2025-07-30 10:30:00+00:00,continuous,118284.8,118393.9,118237.5,118331.2,94416375.22409989
2025-07-30 10:59:59.804000+00:00,2025-07-30 10:45:00+00:00,continuous,118331.2,118380.0,117896.2,117983.9,157994125.08689988
2025-07-30 11:14:59.903000+00:00,2025-07-30 11:00:00+00:00,continuous,117983.9,118150.1,117937.7,118042.0,73567661.40130027
2025-07-30 11:29:59.908000+00:00,2025-07-30 11:15:00+00:00,continuous,118042.0,118056.9,117746.4,117781.1,190112267.51940024
2025-07-30 11:44:59.664000+00:00,2025-07-30 11:30:00+00:00,continuous,117781.1,117952.5,117755.1,117755.1,94922837.71460068
2025-07-30 11:59:59.742000+00:00,2025-07-30 11:45:00+00:00,continuous,117755.0,117813.0,117291.6,117526.7,460351115.8008995
2025-07-30 12:14:59.958000+00:00,2025-07-30 12:00:00+00:00,continuous,117526.6,117600.0,117300.6,117432.9,150671323.1070004
2025-07-30 12:29:59.569000+00:00,2025-07-30 12:15:00+00:00,continuous,117432.9,117800.0,117310.0,117694.2,208707079.64639997
2025-07-30 12:44:59.799000+00:00,2025-07-30 12:30:00+00:00,continuous,117694.2,117877.0,117500.0,117528.7,208325439.23289952
2025-07-30 12:59:59.845000+00:00,2025-07-30 12:45:00+00:00,continuous,117528.7,117816.6,117514.6,117680.2,85447339.2588002
2025-07-30 13:14:59.741000+00:00,2025-07-30 13:00:00+00:00,continuous,117680.2,117825.3,117366.0,117494.0,177060356.62520048
2025-07-30 13:29:59.333000+00:00,2025-07-30 13:15:00+00:00,continuous,117493.9,117769.2,117400.7,117457.3,204435474.2120008
2025-07-30 13:44:59.777000+00:00,2025-07-30 13:30:00+00:00,continuous,117457.3,117773.9,117370.0,117600.4,172627961.99879974
2025-07-30 13:59:59.593000+00:00,2025-07-30 13:45:00+00:00,continuous,117600.3,117769.2,117420.1,117624.5,153855120.5745004
2025-07-30 14:14:59.888000+00:00,2025-07-30 14:00:00+00:00,continuous,117624.6,117838.4,117550.4,117794.6,131064211.96040042
2025-07-30 14:29:59.831000+00:00,2025-07-30 14:15:00+00:00,continuous,117794.6,117974.2,117670.9,117690.0,175260992.27799922
2025-07-30 14:44:59.900000+00:00,2025-07-30 14:30:00+00:00,continuous,117690.0,118156.4,117689.9,118057.4,231237372.22200033
2025-07-30 14:59:59.882000+00:00,2025-07-30 14:45:00+00:00,continuous,118057.4,118692.3,118007.4,118678.5,576868727.6968032
2025-07-30 15:14:59.924000+00:00,2025-07-30 15:00:00+00:00,continuous,118678.4,118763.5,118263.6,118318.2,420542625.490999
2025-07-30 15:29:59.998000+00:00,2025-07-30 15:15:00+00:00,continuous,118318.2,118415.6,118050.1,118118.9,172323638.0756002
2025-07-30 15:44:59.924000+00:00,2025-07-30 15:30:00+00:00,continuous,118119.0,118188.3,118013.8,118064.7,124142689.43250039
2025-07-30 15:59:59.835000+00:00,2025-07-30 15:45:00+00:00,continuous,118064.5,118160.6,117777.0,117950.0,210957547.31500039
2025-07-30 16:14:59.998000+00:00,2025-07-30 16:00:00+00:00,continuous,117949.9,117967.6,117584.2,117771.1,228936884.3214998
2025-07-30 16:29:59.971000+00:00,2025-07-30 16:15:00+00:00,continuous,117771.1,117974.7,117717.6,117762.9,132254606.05410028
2025-07-30 16:44:59.863000+00:00,2025-07-30 16:30:00+00:00,continuous,117761.3,117840.2,117656.2,117734.7,67112822.36360022
2025-07-30 16:59:59.984000+00:00,2025-07-30 16:45:00+00:00,continuous,117734.6,117789.0,117629.1,117697.0,61365789.27139998
2025-07-30 17:14:59.780000+00:00,2025-07-30 17:00:00+00:00,continuous,117697.1,117838.8,117655.2,117715.0,81896693.28299995
2025-07-30 17:29:59.917000+00:00,2025-07-30 17:15:00+00:00,continuous,117715.0,117909.9,117680.0,117757.2,78504283.40230024
2025-07-30 17:44:57.291000+00:00,2025-07-30 17:30:00+00:00,continuous,117757.2,117826.5,117686.3,117769.4,47314546.24070008
2025-07-30 17:59:59.280000+00:00,2025-07-30 17:45:00+00:00,continuous,117769.5,117769.5,117592.6,117748.1,78824476.6481999
2025-07-30 18:14:59.914000+00:00,2025-07-30 18:00:00+00:00,continuous,117748.1,117995.4,117300.0,117615.4,408631056.07410276
2025-07-30 18:29:59.509000+00:00,2025-07-30 18:15:00+00:00,continuous,117615.4,117831.2,117461.5,117701.9,156544423.70120052
2025-07-30 18:44:59.909000+00:00,2025-07-30 18:30:00+00:00,continuous,117702.0,117787.7,117208.0,117378.1,318943677.94959986
2025-07-30 18:59:59.995000+00:00,2025-07-30 18:45:00+00:00,continuous,117378.1,117447.8,116444.0,116477.0,953247082.2232037
2025-07-30 19:14:59.915000+00:00,2025-07-30 19:00:00+00:00,continuous,116476.9,116514.1,115700.0,116224.9,1464562119.0024183
2025-07-30 19:29:59.944000+00:00,2025-07-30 19:15:00+00:00,continuous,116225.0,116400.0,116089.6,116394.5,397823011.0763031
2025-07-30 19:44:59.996000+00:00,2025-07-30 19:30:00+00:00,continuous,116394.4,116733.2,116182.4,116701.0,467958158.4873992
2025-07-30 19:59:59.958000+00:00,2025-07-30 19:45:00+00:00,continuous,116701.0,117083.7,116582.4,116865.2,455388123.3161971
2025-07-30 20:14:59.851000+00:00,2025-07-30 20:00:00+00:00,continuous,116865.3,117274.9,116829.8,117235.4,290360007.81170076
2025-07-30 20:29:59.942000+00:00,2025-07-30 20:15:00+00:00,continuous,117235.4,117273.1,117027.4,117047.5,150003415.5498004
2025-07-30 20:44:59.685000+00:00,2025-07-30 20:30:00+00:00,continuous,117047.5,117158.1,116928.9,116987.8,121288031.63539986
2025-07-30 20:59:59.866000+00:00,2025-07-30 20:45:00+00:00,continuous,116987.8,117143.5,116888.0,117138.9,110932089.14559996
2025-07-30 21:14:59.998000+00:00,2025-07-30 21:00:00+00:00,continuous,117139.0,117194.4,117041.3,117053.5,60926497.26890047
2025-07-30 21:29:59.196000+00:00,2025-07-30 21:15:00+00:00,continuous,117053.7,117149.7,116942.4,116942.4,54283021.31150001
2025-07-30 21:44:59.429000+00:00,2025-07-30 21:30:00+00:00,continuous,116942.5,117059.4,116900.4,117008.3,63351901.52859985
2025-07-30 21:59:59.976000+00:00,2025-07-30 21:45:00+00:00,continuous,117008.4,117293.6,117008.3,117280.0,78216306.01609974
2025-07-30 22:14:59.131000+00:00,2025-07-30 22:00:00+00:00,continuous,117279.9,117384.6,117188.9,117289.2,125584225.17579998
2025-07-30 22:29:58.629000+00:00,2025-07-30 22:15:00+00:00,continuous,117289.3,117386.6,117200.7,117254.8,64890156.09720012
2025-07-30 22:44:59.915000+00:00,2025-07-30 22:30:00+00:00,continuous,117254.8,117399.9,117224.5,117399.9,75201360.2243998
2025-07-30 22:59:59.464000+00:00,2025-07-30 22:45:00+00:00,continuous,117399.9,117440.0,117330.2,117431.2,47266507.352999926
2025-07-30 23:14:59.792000+00:00,2025-07-30 23:00:00+00:00,continuous,117431.1,117530.0,117400.0,117492.6,99658167.28160064
2025-07-30 23:29:59.999000+00:00,2025-07-30 23:15:00+00:00,continuous,117492.5,117517.0,117447.8,117516.9,47405528.35589981
2025-07-30 23:44:59.823000+00:00,2025-07-30 23:30:00+00:00,continuous,117516.9,117685.7,117516.9,117685.6,138061008.84499928
2025-07-30 23:59:59.599000+00:00,2025-07-30 23:45:00+00:00,continuous,117685.6,117866.4,117685.6,117771.0,153954583.09939933
2025-07-31 00:14:59.494000+00:00,2025-07-31 00:00:00+00:00,continuous,117771.1,117881.8,117713.5,117841.1,107452100.44720034
2025-07-31 00:29:59.963000+00:00,2025-07-31 00:15:00+00:00,continuous,117841.2,118034.2,117822.4,118014.9,131475936.21790022
2025-07-31 00:44:59.717000+00:00,2025-07-31 00:30:00+00:00,continuous,118014.9,118312.5,117985.9,118299.1,273941267.2356
2025-07-31 00:59:59.772000+00:00,2025-07-31 00:45:00+00:00,continuous,118299.2,118512.6,118224.8,118368.5,415179369.5161983
2025-07-31 01:14:59.953000+00:00,2025-07-31 01:00:00+00:00,continuous,118368.6,118420.2,118264.3,118398.9,113631464.45450017
2025-07-31 01:29:59.958000+00:00,2025-07-31 01:15:00+00:00,continuous,118398.9,118408.2,118102.1,118273.2,126936728.08599997
2025-07-31 01:44:58.934000+00:00,2025-07-31 01:30:00+00:00,continuous,118273.2,118306.2,118163.0,118206.3,66461649.50020008
2025-07-31 01:59:59.987000+00:00,2025-07-31 01:45:00+00:00,continuous,118206.3,118216.9,117950.0,118025.2,121787144.01709981
2025-07-31 02:14:59.743000+00:00,2025-07-31 02:00:00+00:00,continuous,118025.1,118222.0,117931.2,118193.1,101950269.58350012
2025-07-31 02:29:59.902000+00:00,2025-07-31 02:15:00+00:00,continuous,118192.9,118230.0,118117.2,118145.6,54614694.98150001
2025-07-31 02:44:59.633000+00:00,2025-07-31 02:30:00+00:00,continuous,118145.6,118395.7,118145.6,118395.7,115554062.80579959
2025-07-31 02:59:59.253000+00:00,2025-07-31 02:45:00+00:00,continuous,118395.7,118451.9,118289.2,118392.9,130400660.42360003
2025-07-31 03:14:59.510000+00:00,2025-07-31 03:00:00+00:00,continuous,118392.8,118444.0,118324.8,118359.1,66079050.344200015
2025-07-31 03:29:59.722000+00:00,2025-07-31 03:15:00+00:00,continuous,118359.2,118397.6,118323.4,118397.5,54810851.34470031
2025-07-31 03:44:59.967000+00:00,2025-07-31 03:30:00+00:00,continuous,118397.5,118429.0,118331.7,118429.0,58447701.25029999
2025-07-31 03:59:59.913000+00:00,2025-07-31 03:45:00+00:00,continuous,118428.9,118590.0,118389.8,118429.0,186447296.3705992
2025-07-31 04:14:59.927000+00:00,2025-07-31 04:00:00+00:00,continuous,118429.0,118450.4,118392.8,118416.2,42900789.73059984
2025-07-31 04:29:59.927000+00:00,2025-07-31 04:15:00+00:00,continuous,118416.1,118416.2,118308.0,118342.2,72154727.1229002
2025-07-31 04:44:59.716000+00:00,2025-07-31 04:30:00+00:00,continuous,118342.1,118522.5,118328.3,118417.3,119902017.9499003
2025-07-31 04:59:59.968000+00:00,2025-07-31 04:45:00+00:00,continuous,118417.3,118508.3,118417.2,118472.3,59213686.93149974
2025-07-31 05:14:59.755000+00:00,2025-07-31 05:00:00+00:00,continuous,118472.3,118504.6,118322.1,118322.1,70053774.61469977
2025-07-31 05:29:57.842000+00:00,2025-07-31 05:15:00+00:00,continuous,118322.1,118405.7,118301.9,118350.0,54954918.81119988
2025-07-31 05:44:59.174000+00:00,2025-07-31 05:30:00+00:00,continuous,118350.0,118392.8,118316.5,118316.5,33099903.7843
2025-07-31 05:59:59.953000+00:00,2025-07-31 05:45:00+00:00,continuous,118316.6,118358.9,118287.3,118320.0,60280381.116899826
2025-07-31 06:14:59.704000+00:00,2025-07-31 06:00:00+00:00,continuous,118320.0,118366.5,118238.7,118250.5,54183631.56119975
2025-07-31 06:29:59.685000+00:00,2025-07-31 06:15:00+00:00,continuous,118250.5,118387.6,118250.5,118387.5,35804864.702400096
2025-07-31 06:44:59.994000+00:00,2025-07-31 06:30:00+00:00,continuous,118387.5,118552.8,118351.9,118534.1,75350468.19559985
2025-07-31 06:59:59.663000+00:00,2025-07-31 06:45:00+00:00,continuous,118534.0,118706.1,118534.0,118653.4,140264376.87719986
2025-07-31 07:14:59.521000+00:00,2025-07-31 07:00:00+00:00,continuous,118653.4,118711.3,118562.1,118695.2,137975084.00309926
2025-07-31 07:29:59.779000+00:00,2025-07-31 07:15:00+00:00,continuous,118695.3,118910.0,118685.4,118782.0,274845481.9314012
2025-07-31 07:44:59.534000+00:00,2025-07-31 07:30:00+00:00,continuous,118782.0,118782.1,118590.5,118603.9,134497837.1472005
2025-07-31 07:59:59.563000+00:00,2025-07-31 07:45:00+00:00,continuous,118603.9,118680.9,118593.3,118624.1,77701886.81680003
2025-07-31 08:14:59.335000+00:00,2025-07-31 08:00:00+00:00,continuous,118624.0,118679.1,118570.4,118587.1,61903374.9087003
2025-07-31 08:29:59.937000+00:00,2025-07-31 08:15:00+00:00,continuous,118587.1,118626.8,118546.4,118589.9,62874055.526899934
2025-07-31 08:44:59.739000+00:00,2025-07-31 08:30:00+00:00,continuous,118589.9,118728.0,118550.0,118727.9,55261345.70629995
2025-07-31 08:59:59.552000+00:00,2025-07-31 08:45:00+00:00,continuous,118727.9,118728.0,118520.2,118550.8,59687935.75449985
2025-07-31 09:14:59.416000+00:00,2025-07-31 09:00:00+00:00,continuous,118550.7,118550.8,118458.0,118482.4,76610692.39910007
2025-07-31 09:29:59.884000+00:00,2025-07-31 09:15:00+00:00,continuous,118482.4,118500.0,118423.0,118500.0,51932097.67330004
2025-07-31 09:44:59.402000+00:00,2025-07-31 09:30:00+00:00,continuous,118500.0,118531.9,118466.0,118498.0,60953524.0953
2025-07-31 09:59:59.723000+00:00,2025-07-31 09:45:00+00:00,continuous,118498.1,118580.0,118490.0,118562.4,34425887.56160004
2025-07-31 10:14:59.799000+00:00,2025-07-31 10:00:00+00:00,continuous,118562.4,118700.1,118502.9,118523.1,103052601.17499967
2025-07-31 10:29:59.774000+00:00,2025-07-31 10:15:00+00:00,continuous,118523.1,118541.0,118405.0,118438.3,57039170.56940017
2025-07-31 10:44:59.684000+00:00,2025-07-31 10:30:00+00:00,continuous,118438.3,118506.9,118390.1,118506.9,52798755.23279984
2025-07-31 10:59:59.854000+00:00,2025-07-31 10:45:00+00:00,continuous,118506.9,118590.5,118465.4,118474.0,47422194.916799724
2025-07-31 11:14:59.796000+00:00,2025-07-31 11:00:00+00:00,continuous,118473.9,118526.3,118428.8,118496.4,61915937.63199977
2025-07-31 11:29:59.717000+00:00,2025-07-31 11:15:00+00:00,continuous,118496.5,118498.2,118363.3,118384.8,70253732.81820059
2025-07-31 11:44:59.923000+00:00,2025-07-31 11:30:00+00:00,continuous,118384.8,118450.0,118302.0,118326.8,74834147.96390043
2025-07-31 11:59:59.394000+00:00,2025-07-31 11:45:00+00:00,continuous,118326.8,118349.9,118246.8,118330.9,89305619.58269985
2025-07-31 12:14:59.678000+00:00,2025-07-31 12:00:00+00:00,continuous,118330.9,118455.2,118301.0,118390.0,76922802.58599974
2025-07-31 12:29:59.836000+00:00,2025-07-31 12:15:00+00:00,continuous,118390.1,118500.0,118300.0,118494.8,91276709.54030009
2025-07-31 12:44:59.548000+00:00,2025-07-31 12:30:00+00:00,continuous,118494.8,118494.8,118252.7,118369.5,112109172.57169992
2025-07-31 12:59:59.994000+00:00,2025-07-31 12:45:00+00:00,continuous,118369.5,118606.6,118315.3,118580.0,141258739.2145997
2025-07-31 13:14:59.953000+00:00,2025-07-31 13:00:00+00:00,continuous,118580.1,118587.7,118230.7,118230.7,124120567.95110014
2025-07-31 13:29:59.505000+00:00,2025-07-31 13:15:00+00:00,continuous,118230.8,118322.1,118063.9,118106.1,284707949.820699
2025-07-31 13:44:59.815000+00:00,2025-07-31 13:30:00+00:00,continuous,118106.1,118554.8,117783.3,118282.8,508269294.5486983
2025-07-31 13:59:59.982000+00:00,2025-07-31 13:45:00+00:00,continuous,118282.9,118684.4,118226.4,118506.2,347012151.38370156
2025-07-31 14:14:59.852000+00:00,2025-07-31 14:00:00+00:00,continuous,118506.1,118602.1,118207.1,118275.8,191763386.26420012
2025-07-31 14:29:59.928000+00:00,2025-07-31 14:15:00+00:00,continuous,118275.8,118324.2,117867.3,117924.1,381660844.47089934
2025-07-31 14:44:59.996000+00:00,2025-07-31 14:30:00+00:00,continuous,117924.1,118181.5,117850.0,117996.7,237433194.87889996
2025-07-31 14:59:59.898000+00:00,2025-07-31 14:45:00+00:00,continuous,117996.8,118142.1,117855.5,117871.9,149985125.48329923
2025-07-31 15:14:59.754000+00:00,2025-07-31 15:00:00+00:00,continuous,117871.8,118152.8,117835.5,117981.9,136499894.53219995
2025-07-31 15:29:59.865000+00:00,2025-07-31 15:15:00+00:00,continuous,117981.9,118150.0,117873.2,117997.8,136533203.353301
2025-07-31 15:44:59.867000+00:00,2025-07-31 15:30:00+00:00,continuous,117997.9,118295.4,117997.8,118244.7,170101202.17599928
2025-07-31 15:59:59.781000+00:00,2025-07-31 15:45:00+00:00,continuous,118244.7,118309.6,118067.5,118259.3,85368940.99029984
2025-07-31 16:14:59.854000+00:00,2025-07-31 16:00:00+00:00,continuous,118259.4,118391.2,118191.0,118300.4,118955940.56819943
2025-07-31 16:29:59.749000+00:00,2025-07-31 16:15:00+00:00,continuous,118300.4,118494.6,118300.4,118494.6,107353390.49109992
2025-07-31 16:44:59.909000+00:00,2025-07-31 16:30:00+00:00,continuous,118494.6,118850.0,118494.5,118567.5,459328292.8485982
2025-07-31 16:59:59.783000+00:00,2025-07-31 16:45:00+00:00,continuous,118567.5,118616.2,118357.3,118492.0,124195237.94609997
2025-07-31 17:14:59.896000+00:00,2025-07-31 17:00:00+00:00,continuous,118492.0,118521.8,118146.9,118236.4,141220380.24819937
2025-07-31 17:29:59.754000+00:00,2025-07-31 17:15:00+00:00,continuous,118236.3,118343.3,117670.0,117822.4,366742805.3119007
2025-07-31 17:44:59.705000+00:00,2025-07-31 17:30:00+00:00,continuous,117822.5,118124.1,117732.9,118045.4,183013844.6813006
2025-07-31 17:59:59.954000+00:00,2025-07-31 17:45:00+00:00,continuous,118045.4,118187.3,117650.0,117712.1,260757482.12080133
2025-07-31 18:14:59.982000+00:00,2025-07-31 18:00:00+00:00,continuous,117712.2,117762.7,117355.2,117488.0,386332036.6566997
2025-07-31 18:29:59.736000+00:00,2025-07-31 18:15:00+00:00,continuous,117488.1,117883.0,117350.0,117883.0,218073308.3574008
2025-07-31 18:44:59.736000+00:00,2025-07-31 18:30:00+00:00,continuous,117883.0,117984.9,117741.9,117781.1,151631209.4983007
2025-07-31 18:59:59.655000+00:00,2025-07-31 18:45:00+00:00,continuous,117781.0,117903.2,117540.7,117600.0,122061937.32189964
2025-07-31 19:14:59.872000+00:00,2025-07-31 19:00:00+00:00,continuous,117600.1,117711.7,117100.0,117245.4,364810478.90549976
2025-07-31 19:29:59.785000+00:00,2025-07-31 19:15:00+00:00,continuous,117245.4,117304.4,117057.6,117096.1,374337748.8517981
2025-07-31 19:44:59.881000+00:00,2025-07-31 19:30:00+00:00,continuous,117096.1,117136.7,116800.0,116897.5,381002344.3126003
2025-07-31 19:59:59.952000+00:00,2025-07-31 19:45:00+00:00,continuous,116897.5,116948.6,116691.1,116718.9,313746008.47520113
2025-07-31 20:14:59.940000+00:00,2025-07-31 20:00:00+00:00,continuous,116718.9,116927.8,116500.0,116574.1,398145219.99440235
2025-07-31 20:29:59.965000+00:00,2025-07-31 20:15:00+00:00,continuous,116574.1,116780.9,116415.0,116695.5,300460086.26320183
2025-07-31 20:44:59.829000+00:00,2025-07-31 20:30:00+00:00,continuous,116695.6,116870.0,116383.3,116506.0,276119384.95219797
2025-07-31 20:59:59.922000+00:00,2025-07-31 20:45:00+00:00,continuous,116506.1,116574.3,116380.0,116450.0,195784324.60339984
2025-07-31 21:14:59.735000+00:00,2025-07-31 21:00:00+00:00,continuous,116450.1,116692.3,116414.0,116489.8,183972003.70230058
2025-07-31 21:29:59.719000+00:00,2025-07-31 21:15:00+00:00,continuous,116489.7,116724.5,116456.0,116724.5,141145548.10629943
2025-07-31 21:44:59.804000+00:00,2025-07-31 21:30:00+00:00,continuous,116724.4,116846.1,116576.7,116674.8,121985639.00550056
2025-07-31 21:59:59.913000+00:00,2025-07-31 21:45:00+00:00,continuous,116674.7,116719.9,116157.1,116479.0,308309185.69540155
2025-07-31 22:14:59.735000+00:00,2025-07-31 22:00:00+00:00,continuous,116478.9,116479.0,116030.8,116240.8,259200491.87380028
2025-07-31 22:29:59.997000+00:00,2025-07-31 22:15:00+00:00,continuous,116240.8,116339.1,116050.0,116224.4,179087753.00980067
2025-07-31 22:44:59.878000+00:00,2025-07-31 22:30:00+00:00,continuous,116224.3,116242.8,116014.0,116154.7,159997292.38550004
2025-07-31 22:59:59.868000+00:00,2025-07-31 22:45:00+00:00,continuous,116154.7,116218.9,115934.8,115934.9,231181381.34300107
2025-07-31 23:14:59.664000+00:00,2025-07-31 23:00:00+00:00,continuous,115934.9,116307.6,115868.6,116290.3,338535340.125399
2025-07-31 23:29:59.995000+00:00,2025-07-31 23:15:00+00:00,continuous,116290.2,116290.3,115980.0,115980.6,114078792.42060001
2025-07-31 23:44:59.404000+00:00,2025-07-31 23:30:00+00:00,continuous,115980.6,115983.6,115373.9,115693.0,633682916.1436033
