timestamp,minute_start,session_id,open,high,low,close,volume
2025-03-01 00:14:59.833000+00:00,2025-03-01 00:00:00+00:00,continuous,84299.6,84487.4,84206.9,84487.3,61343911.65390008
2025-03-01 00:29:59.961000+00:00,2025-03-01 00:15:00+00:00,continuous,84487.4,84588.4,84222.9,84231.0,74897218.82540028
2025-03-01 00:44:59.836000+00:00,2025-03-01 00:30:00+00:00,continuous,84230.9,84249.2,84000.0,84127.4,97064770.1270997
2025-03-01 00:59:59.844000+00:00,2025-03-01 00:45:00+00:00,continuous,84127.4,84158.5,83779.0,83817.1,112125513.65339997
2025-03-01 01:14:59.926000+00:00,2025-03-01 01:00:00+00:00,continuous,83817.1,84030.9,83815.8,83958.8,70517705.2976999
2025-03-01 01:29:59.739000+00:00,2025-03-01 01:15:00+00:00,continuous,83959.0,84083.1,83804.9,83939.3,69187317.41369979
2025-03-01 01:44:59.949000+00:00,2025-03-01 01:30:00+00:00,continuous,83939.3,84490.5,83860.0,84490.5,151333677.9028011
2025-03-01 01:59:59.909000+00:00,2025-03-01 01:45:00+00:00,continuous,84490.5,84839.0,84365.4,84615.1,260166754.68989903
2025-03-01 02:14:59.904000+00:00,2025-03-01 02:00:00+00:00,continuous,84615.1,84735.8,84312.6,84648.7,175711103.8071994
2025-03-01 02:29:59.925000+00:00,2025-03-01 02:15:00+00:00,continuous,84648.8,85036.0,84508.0,85034.8,271590500.10169876
2025-03-01 02:44:59.942000+00:00,2025-03-01 02:30:00+00:00,continuous,85034.9,85454.0,84906.7,85445.5,473276785.02650344
2025-03-01 02:59:59.956000+00:00,2025-03-01 02:45:00+00:00,continuous,85445.5,85638.0,85151.5,85187.5,348522299.71839976
2025-03-01 03:14:59.922000+00:00,2025-03-01 03:00:00+00:00,continuous,85187.4,85318.6,84929.6,84974.1,160161440.1016995
2025-03-01 03:29:59.991000+00:00,2025-03-01 03:15:00+00:00,continuous,84974.0,85034.6,84900.1,84964.5,92519928.48409997
2025-03-01 03:44:59.876000+00:00,2025-03-01 03:30:00+00:00,continuous,84964.6,85462.5,84937.5,85151.5,164267846.8508998
2025-03-01 03:59:59.988000+00:00,2025-03-01 03:45:00+00:00,continuous,85151.5,85400.0,85075.0,85279.3,89140305.0487
2025-03-01 04:14:59.944000+00:00,2025-03-01 04:00:00+00:00,continuous,85279.1,85891.8,85256.4,85844.3,357638108.8033017
2025-03-01 04:29:59.976000+00:00,2025-03-01 04:15:00+00:00,continuous,85844.2,85941.0,85750.0,85919.9,196699799.00819862
2025-03-01 04:44:59.764000+00:00,2025-03-01 04:30:00+00:00,continuous,85919.8,86516.5,85850.0,86499.9,569959190.9052935
2025-03-01 04:59:59.921000+00:00,2025-03-01 04:45:00+00:00,continuous,86500.0,86506.1,85953.8,86130.0,280026127.19019955
2025-03-01 05:14:59.860000+00:00,2025-03-01 05:00:00+00:00,continuous,86130.0,86215.0,85845.5,85856.7,170510431.30390078
2025-03-01 05:29:59.844000+00:00,2025-03-01 05:15:00+00:00,continuous,85856.8,85949.9,85650.0,85781.7,175833374.8812991
2025-03-01 05:44:59.513000+00:00,2025-03-01 05:30:00+00:00,continuous,85781.7,85860.0,85670.7,85693.2,84783192.00490044
2025-03-01 05:59:59.999000+00:00,2025-03-01 05:45:00+00:00,continuous,85693.1,85704.0,85527.8,85545.1,106659221.62290049
2025-03-01 06:14:59.904000+00:00,2025-03-01 06:00:00+00:00,continuous,85546.6,85619.0,85358.0,85400.0,180623770.13359988
2025-03-01 06:29:59.955000+00:00,2025-03-01 06:15:00+00:00,continuous,85400.0,85431.9,85160.0,85220.0,222991615.93429986
2025-03-01 06:44:59.639000+00:00,2025-03-01 06:30:00+00:00,continuous,85220.1,85247.5,84777.0,85010.8,364309262.74719584
2025-03-01 06:59:59.964000+00:00,2025-03-01 06:45:00+00:00,continuous,85010.7,85054.3,84912.8,85023.9,106763115.82160014
2025-03-01 07:14:59.810000+00:00,2025-03-01 07:00:00+00:00,continuous,85023.8,85023.9,84895.0,84936.1,150453014.84250024
2025-03-01 07:29:59.961000+00:00,2025-03-01 07:15:00+00:00,continuous,84936.2,85010.0,84904.7,84960.0,102763240.13489915
2025-03-01 07:44:59.748000+00:00,2025-03-01 07:30:00+00:00,continuous,84960.0,84971.4,84710.1,84795.4,155663397.40039966
2025-03-01 07:59:59.998000+00:00,2025-03-01 07:45:00+00:00,continuous,84795.4,84892.0,84698.8,84707.3,132234204.83360069
2025-03-01 08:14:59.844000+00:00,2025-03-01 08:00:00+00:00,continuous,84707.2,84989.0,84707.2,84977.5,167410963.96809953
2025-03-01 08:29:59.836000+00:00,2025-03-01 08:15:00+00:00,continuous,84977.5,85264.3,84977.4,85149.8,158455851.22550008
2025-03-01 08:44:59.960000+00:00,2025-03-01 08:30:00+00:00,continuous,85149.8,85288.4,85023.5,85053.9,84356569.04600024
2025-03-01 08:59:59.974000+00:00,2025-03-01 08:45:00+00:00,continuous,85054.0,85290.0,84976.1,85260.0,68124987.75960034
2025-03-01 09:14:59.896000+00:00,2025-03-01 09:00:00+00:00,continuous,85260.1,85395.6,85200.0,85304.2,86684432.34670034
2025-03-01 09:29:59.855000+00:00,2025-03-01 09:15:00+00:00,continuous,85304.3,85452.4,85295.0,85405.1,113614143.86600019
2025-03-01 09:44:59.975000+00:00,2025-03-01 09:30:00+00:00,continuous,85405.5,85429.7,85135.9,85151.9,96075759.4447
2025-03-01 09:59:59.956000+00:00,2025-03-01 09:45:00+00:00,continuous,85151.9,85359.3,85070.8,85334.9,84082861.48779961
2025-03-01 10:14:59.482000+00:00,2025-03-01 10:00:00+00:00,continuous,85335.0,85395.0,85022.9,85170.3,101683950.06659992
2025-03-01 10:29:59.590000+00:00,2025-03-01 10:15:00+00:00,continuous,85170.2,85310.0,84836.7,85254.2,183813143.29109943
2025-03-01 10:44:59.873000+00:00,2025-03-01 10:30:00+00:00,continuous,85254.1,85254.2,84930.1,85014.9,80158536.8936999
2025-03-01 10:59:59.978000+00:00,2025-03-01 10:45:00+00:00,continuous,85015.0,85062.3,84750.0,84848.5,210248823.56040052
2025-03-01 11:14:59.988000+00:00,2025-03-01 11:00:00+00:00,continuous,84848.6,84924.9,84470.0,84480.9,313143070.6174989
2025-03-01 11:29:59.918000+00:00,2025-03-01 11:15:00+00:00,continuous,84481.3,84570.0,84343.0,84426.8,261303583.23579887
2025-03-01 11:44:59.902000+00:00,2025-03-01 11:30:00+00:00,continuous,84426.9,84647.5,84370.6,84630.1,154093142.62069964
2025-03-01 11:59:59.942000+00:00,2025-03-01 11:45:00+00:00,continuous,84630.0,84638.0,84555.6,84593.6,52109898.14699972
2025-03-01 12:14:59.573000+00:00,2025-03-01 12:00:00+00:00,continuous,84593.6,84634.7,84500.0,84541.7,69474152.31680013
2025-03-01 12:29:59.887000+00:00,2025-03-01 12:15:00+00:00,continuous,84541.6,84787.6,84450.0,84450.0,130829075.89569964
2025-03-01 12:44:59.819000+00:00,2025-03-01 12:30:00+00:00,continuous,84450.0,84686.0,84422.5,84646.0,76781670.2688999
2025-03-01 12:59:59.986000+00:00,2025-03-01 12:45:00+00:00,continuous,84646.0,84908.5,84639.7,84712.9,136987714.9273992
2025-03-01 13:14:59.906000+00:00,2025-03-01 13:00:00+00:00,continuous,84712.8,84900.0,84526.6,84546.7,92378050.94499959
2025-03-01 13:29:59.900000+00:00,2025-03-01 13:15:00+00:00,continuous,84546.8,84611.3,84285.0,84404.4,184911867.3645001
2025-03-01 13:44:59.794000+00:00,2025-03-01 13:30:00+00:00,continuous,84404.4,84573.9,84317.0,84456.6,92046527.7448997
2025-03-01 13:59:59.287000+00:00,2025-03-01 13:45:00+00:00,continuous,84456.6,84546.9,84325.0,84484.9,93143266.59210037
2025-03-01 14:14:59.975000+00:00,2025-03-01 14:00:00+00:00,continuous,84484.9,84808.5,84434.0,84582.4,112804954.15049982
2025-03-01 14:29:59.718000+00:00,2025-03-01 14:15:00+00:00,continuous,84582.4,84705.0,84416.1,84509.8,71583600.58949998
2025-03-01 14:44:59.512000+00:00,2025-03-01 14:30:00+00:00,continuous,84509.9,84667.8,84374.4,84556.6,65741532.12679979
2025-03-01 14:59:59.839000+00:00,2025-03-01 14:45:00+00:00,continuous,84556.6,84710.7,84467.7,84667.5,75159747.23619926
2025-03-01 15:14:59.966000+00:00,2025-03-01 15:00:00+00:00,continuous,84667.5,84883.6,84562.3,84695.3,91810368.0295995
2025-03-01 15:29:59.751000+00:00,2025-03-01 15:15:00+00:00,continuous,84695.2,84815.1,84541.0,84772.2,82618960.6215001
2025-03-01 15:44:59.795000+00:00,2025-03-01 15:30:00+00:00,continuous,84772.1,84794.3,84505.7,84603.0,66774887.18889959
2025-03-01 15:59:59.981000+00:00,2025-03-01 15:45:00+00:00,continuous,84603.0,84779.0,84572.0,84755.1,55396729.000199944
2025-03-01 16:14:59.997000+00:00,2025-03-01 16:00:00+00:00,continuous,84755.0,84918.5,84652.0,84899.6,102179253.2157002
2025-03-01 16:29:59.544000+00:00,2025-03-01 16:15:00+00:00,continuous,84899.5,85070.6,84868.3,85016.1,131561511.07470056
2025-03-01 16:44:59.994000+00:00,2025-03-01 16:30:00+00:00,continuous,85016.1,85167.0,84860.0,84955.7,117508956.14050026
2025-03-01 16:59:59.998000+00:00,2025-03-01 16:45:00+00:00,continuous,84955.7,85235.0,84874.6,85222.1,108463336.59240018
2025-03-01 17:14:59.575000+00:00,2025-03-01 17:00:00+00:00,continuous,85222.0,85222.1,84900.8,84996.3,83253102.93590048
2025-03-01 17:29:59.689000+00:00,2025-03-01 17:15:00+00:00,continuous,84996.2,85190.0,84926.3,84991.0,85899060.14379992
2025-03-01 17:44:59.659000+00:00,2025-03-01 17:30:00+00:00,continuous,84991.0,85213.7,84948.5,85202.0,63135319.30110019
2025-03-01 17:59:59.720000+00:00,2025-03-01 17:45:00+00:00,continuous,85202.0,85344.1,85148.0,85165.8,131573871.16389982
2025-03-01 18:14:59.778000+00:00,2025-03-01 18:00:00+00:00,continuous,85165.9,85283.7,85035.1,85086.0,75260263.89479992
2025-03-01 18:29:59.870000+00:00,2025-03-01 18:15:00+00:00,continuous,85086.0,85150.0,85023.1,85088.1,53829060.44640003
2025-03-01 18:44:59.715000+00:00,2025-03-01 18:30:00+00:00,continuous,85088.1,85245.5,85079.0,85202.3,45148975.77050025
2025-03-01 18:59:59.933000+00:00,2025-03-01 18:45:00+00:00,continuous,85202.4,85294.5,85108.7,85286.1,88267454.17450033
2025-03-01 19:14:59.810000+00:00,2025-03-01 19:00:00+00:00,continuous,85286.2,85326.6,85180.4,85249.8,90464985.72650017
2025-03-01 19:29:59.918000+00:00,2025-03-01 19:15:00+00:00,continuous,85249.8,85328.6,85180.2,85292.3,35389359.49420003
2025-03-01 19:44:59.936000+00:00,2025-03-01 19:30:00+00:00,continuous,85292.3,85613.4,85161.0,85312.6,181385384.2567007
2025-03-01 19:59:59.953000+00:00,2025-03-01 19:45:00+00:00,continuous,85312.5,85469.1,85290.5,85431.2,48534581.20020008
2025-03-01 20:14:59.828000+00:00,2025-03-01 20:00:00+00:00,continuous,85431.1,85463.8,85324.8,85376.7,54451568.564200126
2025-03-01 20:29:59.595000+00:00,2025-03-01 20:15:00+00:00,continuous,85376.6,85556.8,85290.1,85454.5,65961512.20039978
2025-03-01 20:44:59.974000+00:00,2025-03-01 20:30:00+00:00,continuous,85454.4,85517.5,85412.4,85467.5,22387042.042400096
2025-03-01 20:59:59.246000+00:00,2025-03-01 20:45:00+00:00,continuous,85467.4,85533.2,85415.0,85489.1,30987350.578899954
2025-03-01 21:14:59.404000+00:00,2025-03-01 21:00:00+00:00,continuous,85489.9,85535.0,85293.6,85310.0,61240126.26889995
2025-03-01 21:29:58.683000+00:00,2025-03-01 21:15:00+00:00,continuous,85310.1,85520.0,85239.6,85519.9,51328835.37519994
2025-03-01 21:44:59.987000+00:00,2025-03-01 21:30:00+00:00,continuous,85519.9,85720.3,85496.8,85566.0,97592643.2834998
2025-03-01 21:59:59.965000+00:00,2025-03-01 21:45:00+00:00,continuous,85566.0,86130.0,85565.9,86028.8,209744747.8763006
2025-03-01 22:14:59.940000+00:00,2025-03-01 22:00:00+00:00,continuous,86028.9,86169.1,85842.2,85954.3,148512637.19399935
2025-03-01 22:29:59.823000+00:00,2025-03-01 22:15:00+00:00,continuous,85954.3,85972.6,85694.1,85882.1,110525233.41639967
2025-03-01 22:44:59.929000+00:00,2025-03-01 22:30:00+00:00,continuous,85882.1,86021.3,85615.3,85986.1,71461300.36039959
2025-03-01 22:59:59.639000+00:00,2025-03-01 22:45:00+00:00,continuous,85986.1,86219.7,85916.2,86064.4,79050863.70719975
2025-03-01 23:14:59.750000+00:00,2025-03-01 23:00:00+00:00,continuous,86064.5,86157.0,85761.0,85867.7,109177150.6668007
2025-03-01 23:29:59.123000+00:00,2025-03-01 23:15:00+00:00,continuous,85867.7,85867.7,85631.0,85638.6,105544430.36619994
2025-03-01 23:44:59.372000+00:00,2025-03-01 23:30:00+00:00,continuous,85638.5,85844.2,85638.5,85767.6,49616234.47420003
2025-03-01 23:59:59.968000+00:00,2025-03-01 23:45:00+00:00,continuous,85767.7,86059.8,85752.0,86007.7,62911299.228800096
2025-03-02 00:14:59.985000+00:00,2025-03-02 00:00:00+00:00,continuous,86007.7,86240.7,85913.1,85972.6,155267546.4279004
2025-03-02 00:29:59.746000+00:00,2025-03-02 00:15:00+00:00,continuous,85972.5,86043.3,85753.0,85909.3,91331956.20159951
2025-03-02 00:44:59.917000+00:00,2025-03-02 00:30:00+00:00,continuous,85909.3,86239.7,85875.1,86160.0,88013182.23450036
2025-03-02 00:59:59.940000+00:00,2025-03-02 00:45:00+00:00,continuous,86160.0,86284.8,85928.0,85975.1,105990814.50229926
2025-03-02 01:14:59.923000+00:00,2025-03-02 01:00:00+00:00,continuous,85975.1,86284.6,85968.4,86275.0,73804362.97519945
2025-03-02 01:29:59.869000+00:00,2025-03-02 01:15:00+00:00,continuous,86275.1,86300.0,86108.0,86139.0,88631913.17029999
2025-03-02 01:44:59.638000+00:00,2025-03-02 01:30:00+00:00,continuous,86139.0,86293.0,85928.0,86140.1,84545853.4458004
2025-03-02 01:59:59.790000+00:00,2025-03-02 01:45:00+00:00,continuous,86140.0,86300.0,86038.1,86299.9,55522178.7886004
2025-03-02 02:14:59.879000+00:00,2025-03-02 02:00:00+00:00,continuous,86299.9,86449.9,86194.2,86199.0,141033372.99300006
2025-03-02 02:29:59.936000+00:00,2025-03-02 02:15:00+00:00,continuous,86199.0,86331.2,85880.3,85954.7,131388268.19029927
2025-03-02 02:44:59.695000+00:00,2025-03-02 02:30:00+00:00,continuous,85954.8,85954.8,85633.5,85763.9,184617628.97220027
2025-03-02 02:59:59.987000+00:00,2025-03-02 02:45:00+00:00,continuous,85763.9,85854.0,85571.8,85733.4,106129143.38860005
2025-03-02 03:14:59.404000+00:00,2025-03-02 03:00:00+00:00,continuous,85733.4,85980.0,85733.4,85935.1,85492480.46580006
2025-03-02 03:29:59.879000+00:00,2025-03-02 03:15:00+00:00,continuous,85935.1,85976.2,85720.0,85898.2,46036124.02350001
2025-03-02 03:44:59.948000+00:00,2025-03-02 03:30:00+00:00,continuous,85898.2,85905.2,85766.0,85891.7,43894230.58200012
2025-03-02 03:59:59.748000+00:00,2025-03-02 03:45:00+00:00,continuous,85891.8,86176.3,85806.6,85811.9,112239598.52850005
2025-03-02 04:14:59.782000+00:00,2025-03-02 04:00:00+00:00,continuous,85812.0,85830.1,85639.4,85720.7,93436804.70120014
2025-03-02 04:29:59.957000+00:00,2025-03-02 04:15:00+00:00,continuous,85720.7,85725.5,85506.9,85666.9,77792971.75510031
2025-03-02 04:44:59.754000+00:00,2025-03-02 04:30:00+00:00,continuous,85666.8,85752.1,85490.0,85745.8,72789829.60929996
2025-03-02 04:59:59.872000+00:00,2025-03-02 04:45:00+00:00,continuous,85745.9,85816.0,85638.6,85699.2,52756441.39259977
2025-03-02 05:14:59.822000+00:00,2025-03-02 05:00:00+00:00,continuous,85699.2,85897.7,85625.1,85897.7,40514848.70709992
2025-03-02 05:29:59.872000+00:00,2025-03-02 05:15:00+00:00,continuous,85897.6,85950.8,85803.1,85905.6,59627948.806100175
2025-03-02 05:44:59.791000+00:00,2025-03-02 05:30:00+00:00,continuous,85905.6,86007.8,85823.7,85865.0,53874949.73280014
2025-03-02 05:59:59.872000+00:00,2025-03-02 05:45:00+00:00,continuous,85864.9,85920.0,85801.5,85910.1,30663537.745499972
2025-03-02 06:14:59.592000+00:00,2025-03-02 06:00:00+00:00,continuous,85910.1,86127.5,85910.1,85957.2,63101918.17799978
2025-03-02 06:29:59.898000+00:00,2025-03-02 06:15:00+00:00,continuous,85957.1,86339.4,85870.0,86325.1,118068550.79639955
2025-03-02 06:44:59.814000+00:00,2025-03-02 06:30:00+00:00,continuous,86325.1,86336.0,86188.7,86293.2,100609047.65059948
2025-03-02 06:59:59.929000+00:00,2025-03-02 06:45:00+00:00,continuous,86293.2,86515.0,86193.7,86228.4,190103878.33629936
2025-03-02 07:14:59.781000+00:00,2025-03-02 07:00:00+00:00,continuous,86228.4,86310.0,86103.7,86124.9,77143552.58410014
2025-03-02 07:29:59.604000+00:00,2025-03-02 07:15:00+00:00,continuous,86124.9,86219.0,86035.0,86201.1,54447425.49160009
2025-03-02 07:44:59.906000+00:00,2025-03-02 07:30:00+00:00,continuous,86201.1,86309.0,86150.0,86262.7,60352420.08709998
2025-03-02 07:59:59.918000+00:00,2025-03-02 07:45:00+00:00,continuous,86262.6,86300.0,86136.1,86191.4,47050497.11839995
2025-03-02 08:14:59.775000+00:00,2025-03-02 08:00:00+00:00,continuous,86191.4,86219.5,85681.5,85705.6,380847503.7824994
2025-03-02 08:29:59.919000+00:00,2025-03-02 08:15:00+00:00,continuous,85705.5,85838.3,85650.0,85695.5,137281092.00529954
2025-03-02 08:44:59.880000+00:00,2025-03-02 08:30:00+00:00,continuous,85695.6,85810.7,85694.0,85803.1,47686279.19650016
2025-03-02 08:59:59.856000+00:00,2025-03-02 08:45:00+00:00,continuous,85803.1,85897.4,85644.6,85693.6,90520289.35899983
2025-03-02 09:14:59.771000+00:00,2025-03-02 09:00:00+00:00,continuous,85693.6,85831.3,85605.0,85807.8,80265304.17890039
2025-03-02 09:29:59.774000+00:00,2025-03-02 09:15:00+00:00,continuous,85807.7,85876.3,85764.8,85811.7,53601804.93349996
2025-03-02 09:44:59.728000+00:00,2025-03-02 09:30:00+00:00,continuous,85811.8,86033.4,85811.7,86000.3,116091991.82329918
2025-03-02 09:59:59.879000+00:00,2025-03-02 09:45:00+00:00,continuous,86000.3,86072.9,85844.8,85844.9,75967960.83409989
2025-03-02 10:14:59.042000+00:00,2025-03-02 10:00:00+00:00,continuous,85845.0,85900.0,85746.2,85800.0,63663533.69849974
2025-03-02 10:29:59.758000+00:00,2025-03-02 10:15:00+00:00,continuous,85799.9,85855.8,85732.0,85770.0,44628482.52079998
2025-03-02 10:44:59.901000+00:00,2025-03-02 10:30:00+00:00,continuous,85770.1,85930.2,85770.1,85828.3,54132707.2181999
2025-03-02 10:59:59.650000+00:00,2025-03-02 10:45:00+00:00,continuous,85828.3,85957.6,85815.4,85950.0,31815363.869400047
2025-03-02 11:14:59.529000+00:00,2025-03-02 11:00:00+00:00,continuous,85949.9,86026.3,85900.0,85990.1,58576955.78499988
2025-03-02 11:29:59.996000+00:00,2025-03-02 11:15:00+00:00,continuous,85990.1,86063.0,85907.3,86040.1,60508523.72169989
2025-03-02 11:44:59.811000+00:00,2025-03-02 11:30:00+00:00,continuous,86040.0,86175.6,86005.6,86098.1,101324585.65489957
2025-03-02 11:59:59.877000+00:00,2025-03-02 11:45:00+00:00,continuous,86098.1,86130.0,86001.1,86047.0,37042273.127600014
2025-03-02 12:14:59.929000+00:00,2025-03-02 12:00:00+00:00,continuous,86047.1,86055.7,85762.8,85762.9,78785668.99290004
2025-03-02 12:29:59.871000+00:00,2025-03-02 12:15:00+00:00,continuous,85762.8,85874.9,85689.2,85774.0,83136053.07289995
2025-03-02 12:44:59.877000+00:00,2025-03-02 12:30:00+00:00,continuous,85773.9,85832.9,85755.9,85806.8,42111888.369200036
2025-03-02 12:59:58.988000+00:00,2025-03-02 12:45:00+00:00,continuous,85806.7,85970.0,85757.9,85943.1,52267656.99320016
2025-03-02 13:14:59.028000+00:00,2025-03-02 13:00:00+00:00,continuous,85943.2,85948.0,85828.4,85868.8,32515538.25069986
2025-03-02 13:29:59.975000+00:00,2025-03-02 13:15:00+00:00,continuous,85868.8,85868.8,85559.5,85664.9,167492524.30360034
2025-03-02 13:44:59.842000+00:00,2025-03-02 13:30:00+00:00,continuous,85664.9,85719.8,85500.0,85630.2,109285848.74489988
2025-03-02 13:59:59.834000+00:00,2025-03-02 13:45:00+00:00,continuous,85630.2,85679.2,85438.4,85677.5,89056290.69269982
2025-03-02 14:14:59.559000+00:00,2025-03-02 14:00:00+00:00,continuous,85677.4,85871.5,85480.0,85539.5,121907108.01760039
2025-03-02 14:29:59.957000+00:00,2025-03-02 14:15:00+00:00,continuous,85539.6,85548.6,85031.3,85380.0,422625572.60500187
2025-03-02 14:44:59.750000+00:00,2025-03-02 14:30:00+00:00,continuous,85380.1,85595.2,85082.2,85249.1,201871397.25659984
2025-03-02 14:59:59.919000+00:00,2025-03-02 14:45:00+00:00,continuous,85249.9,85293.5,85015.0,85076.3,233450328.39739993
2025-03-02 15:14:59.950000+00:00,2025-03-02 15:00:00+00:00,continuous,85076.4,85321.5,85030.1,85154.9,166624695.5526985
2025-03-02 15:29:59.956000+00:00,2025-03-02 15:15:00+00:00,continuous,85154.9,87288.0,85111.0,86376.8,1095401610.5380976
2025-03-02 15:44:59.994000+00:00,2025-03-02 15:30:00+00:00,continuous,86376.7,88644.0,86287.4,88031.4,2368385456.6440578
2025-03-02 15:59:59.990000+00:00,2025-03-02 15:45:00+00:00,continuous,88031.3,88194.0,86821.6,87390.1,1208040361.8176908
2025-03-02 16:14:59.986000+00:00,2025-03-02 16:00:00+00:00,continuous,87390.2,88131.7,87236.0,88112.6,805031322.3113943
2025-03-02 16:29:59.913000+00:00,2025-03-02 16:15:00+00:00,continuous,88112.6,89500.0,88105.8,88928.0,1630610828.105201
2025-03-02 16:44:59.957000+00:00,2025-03-02 16:30:00+00:00,continuous,88928.0,91800.0,88826.2,91531.8,2819452019.76763
2025-03-02 16:59:59.930000+00:00,2025-03-02 16:45:00+00:00,continuous,91532.0,91943.9,90600.0,91165.4,1456908670.4549866
2025-03-02 17:14:59.997000+00:00,2025-03-02 17:00:00+00:00,continuous,91165.5,91869.4,90601.3,91583.7,1317738431.1807253
2025-03-02 17:29:59.990000+00:00,2025-03-02 17:15:00+00:00,continuous,91583.6,92887.9,91572.6,92643.9,1429469208.4118989
2025-03-02 17:44:59.998000+00:00,2025-03-02 17:30:00+00:00,continuous,92644.0,94530.0,92624.0,94529.8,2367799803.0140114
2025-03-02 17:59:59.964000+00:00,2025-03-02 17:45:00+00:00,continuous,94529.4,94971.0,93561.5,94039.9,1862161653.1258175
2025-03-02 18:14:59.962000+00:00,2025-03-02 18:00:00+00:00,continuous,94039.8,94365.3,93316.0,93371.5,852168097.8098001
2025-03-02 18:29:59.904000+00:00,2025-03-02 18:15:00+00:00,continuous,93374.5,94070.6,93138.9,93452.6,683563770.2140954
2025-03-02 18:44:59.917000+00:00,2025-03-02 18:30:00+00:00,continuous,93452.6,93474.9,92306.3,92592.4,1027320268.8274934
2025-03-02 18:59:59.930000+00:00,2025-03-02 18:45:00+00:00,continuous,92592.5,92962.8,92453.9,92750.4,472592752.24109596
2025-03-02 19:14:59.835000+00:00,2025-03-02 19:00:00+00:00,continuous,92750.4,93035.0,92561.0,92832.1,249583289.5020991
2025-03-02 19:29:59.589000+00:00,2025-03-02 19:15:00+00:00,continuous,92832.1,93276.6,92815.0,93091.5,275539327.25220037
2025-03-02 19:44:59.872000+00:00,2025-03-02 19:30:00+00:00,continuous,93091.4,93390.0,93044.6,93255.0,194111570.53969952
2025-03-02 19:59:59.957000+00:00,2025-03-02 19:45:00+00:00,continuous,93255.1,93500.0,93248.0,93467.3,274440289.04980034
2025-03-02 20:14:59.950000+00:00,2025-03-02 20:00:00+00:00,continuous,93467.2,93965.9,93444.9,93926.9,594573224.8145994
2025-03-02 20:29:59.966000+00:00,2025-03-02 20:15:00+00:00,continuous,93926.8,94149.2,93630.0,93980.0,379714918.1280017
2025-03-02 20:44:59.987000+00:00,2025-03-02 20:30:00+00:00,continuous,93979.9,94200.0,93550.1,94001.2,375654907.7568012
2025-03-02 20:59:59.995000+00:00,2025-03-02 20:45:00+00:00,continuous,94001.3,94397.0,93909.6,94270.0,232137253.45150042
2025-03-02 21:14:59.926000+00:00,2025-03-02 21:00:00+00:00,continuous,94270.0,94371.8,93823.9,93978.0,273730900.3806995
2025-03-02 21:29:59.959000+00:00,2025-03-02 21:15:00+00:00,continuous,93977.5,94254.0,93850.0,93867.5,190756086.46309996
2025-03-02 21:44:59.935000+00:00,2025-03-02 21:30:00+00:00,continuous,93867.6,94019.6,93618.2,93920.4,228197908.14859867
2025-03-02 21:59:59.960000+00:00,2025-03-02 21:45:00+00:00,continuous,93920.4,94283.7,93659.9,94245.1,142652657.01600012
2025-03-02 22:14:59.982000+00:00,2025-03-02 22:00:00+00:00,continuous,94245.0,94419.5,93850.1,94220.1,275968160.6478013
2025-03-02 22:29:59.559000+00:00,2025-03-02 22:15:00+00:00,continuous,94220.0,94391.2,94070.0,94300.0,161824852.0189997
2025-03-02 22:44:59.873000+00:00,2025-03-02 22:30:00+00:00,continuous,94300.0,94300.0,93975.0,94245.3,135083264.4185995
2025-03-02 22:59:59.900000+00:00,2025-03-02 22:45:00+00:00,continuous,94245.3,94724.4,94181.8,94185.2,219214014.44100085
2025-03-02 23:14:59.907000+00:00,2025-03-02 23:00:00+00:00,continuous,94185.2,94800.0,94183.4,94424.7,412117845.0316937
2025-03-02 23:29:59.406000+00:00,2025-03-02 23:15:00+00:00,continuous,94424.6,94787.0,94060.4,94156.8,424933210.4816978
2025-03-02 23:44:59.864000+00:00,2025-03-02 23:30:00+00:00,continuous,94156.8,94582.1,93802.1,94303.9,306983283.3207015
2025-03-02 23:59:59.958000+00:00,2025-03-02 23:45:00+00:00,continuous,94303.9,94463.4,93975.7,94222.8,178163499.54419968
2025-03-03 00:14:59.970000+00:00,2025-03-03 00:00:00+00:00,continuous,94222.0,94373.4,93588.0,93615.0,365894104.0154987
2025-03-03 00:29:59.871000+00:00,2025-03-03 00:15:00+00:00,continuous,93615.1,93863.7,93544.3,93808.8,204251257.3402995
2025-03-03 00:44:59.762000+00:00,2025-03-03 00:30:00+00:00,continuous,93808.7,93877.2,93301.8,93664.3,258456324.3798007
2025-03-03 00:59:59.824000+00:00,2025-03-03 00:45:00+00:00,continuous,93664.2,93785.7,93247.6,93270.8,133867422.14169934
2025-03-03 01:14:59.971000+00:00,2025-03-03 01:00:00+00:00,continuous,93270.8,93379.1,92800.0,92821.0,344493777.9020001
2025-03-03 01:29:59.819000+00:00,2025-03-03 01:15:00+00:00,continuous,92821.0,93173.9,92610.8,93025.7,378465066.66689974
2025-03-03 01:44:59.959000+00:00,2025-03-03 01:30:00+00:00,continuous,93025.7,93115.5,92666.3,92927.4,201240081.98700067
2025-03-03 01:59:59.940000+00:00,2025-03-03 01:45:00+00:00,continuous,92927.4,93179.1,92714.6,93037.1,140931466.93300065
2025-03-03 02:14:59.757000+00:00,2025-03-03 02:00:00+00:00,continuous,93037.0,93137.5,92760.0,92900.0,135190111.86210057
2025-03-03 02:29:59.896000+00:00,2025-03-03 02:15:00+00:00,continuous,92900.0,92985.2,92380.1,92397.4,224594663.0528997
2025-03-03 02:44:58.751000+00:00,2025-03-03 02:30:00+00:00,continuous,92397.4,93200.0,92395.0,93031.4,235862070.92560092
2025-03-03 02:59:59.778000+00:00,2025-03-03 02:45:00+00:00,continuous,93031.4,93391.7,93013.2,93255.6,177140038.31149942
2025-03-03 03:14:59.895000+00:00,2025-03-03 03:00:00+00:00,continuous,93255.6,93380.0,92767.7,92838.9,168738629.5898013
2025-03-03 03:29:59.792000+00:00,2025-03-03 03:15:00+00:00,continuous,92838.8,92904.6,92399.9,92665.5,311801624.16950184
2025-03-03 03:44:59.920000+00:00,2025-03-03 03:30:00+00:00,continuous,92665.4,92800.0,92478.0,92510.8,121948241.16240007
2025-03-03 03:59:59.946000+00:00,2025-03-03 03:45:00+00:00,continuous,92510.9,92880.2,92483.9,92660.0,81930873.50669964
2025-03-03 04:14:59.976000+00:00,2025-03-03 04:00:00+00:00,continuous,92660.0,92773.3,92558.1,92645.2,68978277.81559995
2025-03-03 04:29:59.125000+00:00,2025-03-03 04:15:00+00:00,continuous,92645.0,92870.0,92544.0,92665.5,112070976.7797999
2025-03-03 04:44:59.782000+00:00,2025-03-03 04:30:00+00:00,continuous,92665.5,92754.5,92550.0,92754.5,54405741.708999716
2025-03-03 04:59:59.116000+00:00,2025-03-03 04:45:00+00:00,continuous,92754.5,92897.0,92680.7,92820.9,101361421.88530016
2025-03-03 05:14:59.440000+00:00,2025-03-03 05:00:00+00:00,continuous,92820.8,93074.8,92773.5,92945.3,107655514.64679976
2025-03-03 05:29:59.959000+00:00,2025-03-03 05:15:00+00:00,continuous,92945.3,93048.8,92810.4,92930.1,114864404.51049992
2025-03-03 05:44:59.996000+00:00,2025-03-03 05:30:00+00:00,continuous,92930.0,93244.3,92877.2,93214.9,176944022.54440004
2025-03-03 05:59:59.997000+00:00,2025-03-03 05:45:00+00:00,continuous,93214.3,93304.9,93136.7,93290.8,187861289.37240067
2025-03-03 06:14:59.391000+00:00,2025-03-03 06:00:00+00:00,continuous,93290.9,93290.9,92871.4,92935.8,114260530.27449971
2025-03-03 06:29:59.918000+00:00,2025-03-03 06:15:00+00:00,continuous,92935.7,92981.0,92716.9,92790.8,91298774.99610002
2025-03-03 06:44:59.962000+00:00,2025-03-03 06:30:00+00:00,continuous,92790.7,92792.4,91955.0,91957.2,552566866.6335002
2025-03-03 06:59:59.974000+00:00,2025-03-03 06:45:00+00:00,continuous,91957.3,92272.6,91305.0,91608.1,814675445.4376979
2025-03-03 07:14:59.882000+00:00,2025-03-03 07:00:00+00:00,continuous,91608.0,92096.7,91150.0,91826.4,560655717.9093019
2025-03-03 07:29:59.807000+00:00,2025-03-03 07:15:00+00:00,continuous,91826.5,92050.0,91590.8,91927.1,246323277.83679882
2025-03-03 07:44:59.928000+00:00,2025-03-03 07:30:00+00:00,continuous,91927.2,92234.1,91825.9,92099.9,203004203.62689987
2025-03-03 07:59:59.972000+00:00,2025-03-03 07:45:00+00:00,continuous,92100.0,92520.1,92087.7,92318.0,196400516.067199
2025-03-03 08:14:59.856000+00:00,2025-03-03 08:00:00+00:00,continuous,92318.0,92350.0,92125.0,92149.9,129853155.20439945
2025-03-03 08:29:59.973000+00:00,2025-03-03 08:15:00+00:00,continuous,92149.9,92200.3,91582.1,91910.9,226818303.7572984
2025-03-03 08:44:59.914000+00:00,2025-03-03 08:30:00+00:00,continuous,91910.8,92157.3,91680.5,91958.3,192113392.37569904
2025-03-03 08:59:59.934000+00:00,2025-03-03 08:45:00+00:00,continuous,91958.4,91981.4,91100.0,91440.6,382975939.6679042
2025-03-03 09:14:59.966000+00:00,2025-03-03 09:00:00+00:00,continuous,91440.5,91843.0,91150.0,91605.0,328087664.17540085
2025-03-03 09:29:59.998000+00:00,2025-03-03 09:15:00+00:00,continuous,91605.0,91912.5,91222.0,91844.6,282171920.12230086
2025-03-03 09:44:59.899000+00:00,2025-03-03 09:30:00+00:00,continuous,91843.6,92032.2,91688.8,91907.2,264737821.5044018
2025-03-03 09:59:59.869000+00:00,2025-03-03 09:45:00+00:00,continuous,91907.2,92008.3,91734.8,91808.1,112828986.88040036
2025-03-03 10:14:59.948000+00:00,2025-03-03 10:00:00+00:00,continuous,91808.0,91940.0,91501.0,91559.3,162218559.48160046
2025-03-03 10:29:59.905000+00:00,2025-03-03 10:15:00+00:00,continuous,91559.3,92165.0,91530.6,91995.1,179691800.05749902
2025-03-03 10:44:59.806000+00:00,2025-03-03 10:30:00+00:00,continuous,91995.1,92470.9,91940.0,92318.1,221697411.9044994
2025-03-03 10:59:59.992000+00:00,2025-03-03 10:45:00+00:00,continuous,92318.5,92541.5,92182.8,92505.0,140325604.67470038
2025-03-03 11:14:59.984000+00:00,2025-03-03 11:00:00+00:00,continuous,92504.9,92888.0,92361.6,92675.1,335908233.13900226
2025-03-03 11:29:59.699000+00:00,2025-03-03 11:15:00+00:00,continuous,92675.1,92799.8,92412.8,92679.1,213033151.73559767
2025-03-03 11:44:59.925000+00:00,2025-03-03 11:30:00+00:00,continuous,92679.1,92739.3,92400.0,92546.5,118631112.63229999
2025-03-03 11:59:59.953000+00:00,2025-03-03 11:45:00+00:00,continuous,92546.5,92700.0,92473.7,92700.0,122845712.55829985
2025-03-03 12:14:59.722000+00:00,2025-03-03 12:00:00+00:00,continuous,92699.9,93216.7,92672.1,93112.6,400411770.0546977
2025-03-03 12:29:59.927000+00:00,2025-03-03 12:15:00+00:00,continuous,93112.6,93173.1,92800.1,92801.8,170637384.20670044
2025-03-03 12:44:59.857000+00:00,2025-03-03 12:30:00+00:00,continuous,92801.7,93098.0,92590.3,92977.2,309976276.7730036
2025-03-03 12:59:59.887000+00:00,2025-03-03 12:45:00+00:00,continuous,92977.2,93126.6,92890.0,92985.2,109947902.35090017
2025-03-03 13:14:59.964000+00:00,2025-03-03 13:00:00+00:00,continuous,92985.2,93244.3,92850.0,92879.9,194603623.0619006
2025-03-03 13:29:59.061000+00:00,2025-03-03 13:15:00+00:00,continuous,92879.9,93170.6,92833.0,92979.6,106248100.43210006
2025-03-03 13:44:59.933000+00:00,2025-03-03 13:30:00+00:00,continuous,92979.6,93657.1,92959.7,93595.8,317271057.98399854
2025-03-03 13:59:59.982000+00:00,2025-03-03 13:45:00+00:00,continuous,93595.8,93646.9,93154.0,93530.1,250063891.74589851
2025-03-03 14:14:59.964000+00:00,2025-03-03 14:00:00+00:00,continuous,93530.0,93666.0,93290.9,93594.5,196817254.6593986
2025-03-03 14:29:59.873000+00:00,2025-03-03 14:15:00+00:00,continuous,93594.5,93598.5,92718.0,93129.9,481329608.83740264
2025-03-03 14:44:59.963000+00:00,2025-03-03 14:30:00+00:00,continuous,93132.6,93249.0,90700.0,91328.3,1621447086.4087691
2025-03-03 14:59:59.998000+00:00,2025-03-03 14:45:00+00:00,continuous,91327.5,91535.5,89130.6,89238.6,2270742694.1877947
2025-03-03 15:14:59.989000+00:00,2025-03-03 15:00:00+00:00,continuous,89239.9,90593.1,89100.0,90398.0,1826700924.0208325
2025-03-03 15:29:59.981000+00:00,2025-03-03 15:15:00+00:00,continuous,90397.9,91278.3,89856.5,91053.4,1268228217.9102924
2025-03-03 15:44:59.967000+00:00,2025-03-03 15:30:00+00:00,continuous,91053.2,91222.0,90304.0,90672.4,574087846.7686955
2025-03-03 15:59:59.961000+00:00,2025-03-03 15:45:00+00:00,continuous,90672.3,90780.8,89915.8,90009.5,414182293.6825946
2025-03-03 16:14:59.942000+00:00,2025-03-03 16:00:00+00:00,continuous,90009.4,90335.0,89655.0,89974.1,548882860.4504002
2025-03-03 16:29:59.948000+00:00,2025-03-03 16:15:00+00:00,continuous,89974.1,90725.3,89797.3,90239.3,506481626.1499987
2025-03-03 16:44:59.965000+00:00,2025-03-03 16:30:00+00:00,continuous,90239.3,90354.8,89815.0,90019.3,285713009.538899
2025-03-03 16:59:59.975000+00:00,2025-03-03 16:45:00+00:00,continuous,90019.4,90377.0,89936.0,90113.4,213512698.13600037
2025-03-03 17:14:59.957000+00:00,2025-03-03 17:00:00+00:00,continuous,90113.5,90427.5,89862.2,90135.4,366275175.8103032
2025-03-03 17:29:59.776000+00:00,2025-03-03 17:15:00+00:00,continuous,90136.0,90498.9,89961.8,90291.1,181077008.6159976
2025-03-03 17:44:59.979000+00:00,2025-03-03 17:30:00+00:00,continuous,90291.1,90959.1,90253.6,90872.2,380860895.21379936
2025-03-03 17:59:59.920000+00:00,2025-03-03 17:45:00+00:00,continuous,90872.0,90879.3,90000.0,90257.5,270798265.54670185
2025-03-03 18:14:59.926000+00:00,2025-03-03 18:00:00+00:00,continuous,90258.0,90409.3,89200.0,89340.1,721646299.8825086
2025-03-03 18:29:59.939000+00:00,2025-03-03 18:15:00+00:00,continuous,89340.2,89561.2,87358.0,87714.1,1721570530.314622
2025-03-03 18:44:59.966000+00:00,2025-03-03 18:30:00+00:00,continuous,87714.2,88133.5,86877.0,87253.2,1456661330.0011117
2025-03-03 18:59:59.978000+00:00,2025-03-03 18:45:00+00:00,continuous,87253.3,87846.2,86700.0,87095.8,1108486517.3797863
2025-03-03 19:14:59.976000+00:00,2025-03-03 19:00:00+00:00,continuous,87100.0,87688.0,86820.3,87038.7,577096755.574199
2025-03-03 19:29:59.939000+00:00,2025-03-03 19:15:00+00:00,continuous,87039.3,87150.0,86515.3,87002.0,533535487.0214973
2025-03-03 19:44:59.914000+00:00,2025-03-03 19:30:00+00:00,continuous,87004.3,87455.6,86650.4,86884.6,472553128.6040033
2025-03-03 19:59:59.954000+00:00,2025-03-03 19:45:00+00:00,continuous,86884.6,87045.0,85495.5,85552.0,1433931970.3817098
2025-03-03 20:14:59.998000+00:00,2025-03-03 20:00:00+00:00,continuous,85552.2,86121.5,85258.0,85708.4,1058028169.7568843
2025-03-03 20:29:59.874000+00:00,2025-03-03 20:15:00+00:00,continuous,85708.5,86380.9,85624.7,85770.1,766870763.7328986
2025-03-03 20:44:59.996000+00:00,2025-03-03 20:30:00+00:00,continuous,85770.4,86210.6,85150.0,85371.6,614313443.7114019
2025-03-03 20:59:59.854000+00:00,2025-03-03 20:45:00+00:00,continuous,85370.8,86046.2,85363.5,86032.1,509685456.1383955
2025-03-03 21:14:59.971000+00:00,2025-03-03 21:00:00+00:00,continuous,86032.0,86381.4,85942.9,86345.2,445196847.39839613
2025-03-03 21:29:59.998000+00:00,2025-03-03 21:15:00+00:00,continuous,86345.3,86551.8,86004.8,86020.9,390226710.5344974
2025-03-03 21:44:59.931000+00:00,2025-03-03 21:30:00+00:00,continuous,86021.0,86460.0,86004.3,86201.3,270886704.114399
2025-03-03 21:59:59.931000+00:00,2025-03-03 21:45:00+00:00,continuous,86201.4,86205.0,85029.0,85324.8,565020384.9549032
2025-03-03 22:14:59.977000+00:00,2025-03-03 22:00:00+00:00,continuous,85324.7,86330.9,85253.9,86073.8,481120594.50239646
2025-03-03 22:29:59.939000+00:00,2025-03-03 22:15:00+00:00,continuous,86073.9,86539.7,85969.1,86350.1,344221309.05800176
2025-03-03 22:44:59.998000+00:00,2025-03-03 22:30:00+00:00,continuous,86350.1,86432.5,86075.3,86316.8,219060135.9424995
2025-03-03 22:59:59.927000+00:00,2025-03-03 22:45:00+00:00,continuous,86316.8,86999.9,86245.5,86593.3,412419780.40060073
2025-03-03 23:14:59.982000+00:00,2025-03-03 23:00:00+00:00,continuous,86593.2,86609.5,85955.0,86281.4,382443438.28990376
2025-03-03 23:29:59.864000+00:00,2025-03-03 23:15:00+00:00,continuous,86281.5,86770.2,86072.3,86462.7,250964092.91480038
2025-03-03 23:44:59.711000+00:00,2025-03-03 23:30:00+00:00,continuous,86462.6,86660.0,86257.7,86544.3,260907499.84959993
2025-03-03 23:59:59.995000+00:00,2025-03-03 23:45:00+00:00,continuous,86544.4,86544.4,85957.5,86192.7,242432031.10069722
2025-03-04 00:14:59.698000+00:00,2025-03-04 00:00:00+00:00,continuous,86193.3,86508.8,85824.0,86192.0,387954474.0099973
2025-03-04 00:29:59.781000+00:00,2025-03-04 00:15:00+00:00,continuous,86192.1,86773.5,86152.9,86395.4,436586751.4316996
2025-03-04 00:44:59.850000+00:00,2025-03-04 00:30:00+00:00,continuous,86395.3,86496.6,85888.0,85982.5,309315860.3333991
2025-03-04 00:59:59.893000+00:00,2025-03-04 00:45:00+00:00,continuous,85982.5,86290.6,85862.3,86008.2,266572300.30180046
2025-03-04 01:14:59.970000+00:00,2025-03-04 01:00:00+00:00,continuous,86007.6,86173.3,85505.9,85719.9,411052532.0188016
2025-03-04 01:29:59.773000+00:00,2025-03-04 01:15:00+00:00,continuous,85719.9,85949.6,85269.3,85680.1,368078339.7428017
2025-03-04 01:44:59.994000+00:00,2025-03-04 01:30:00+00:00,continuous,85680.0,85849.0,83369.7,83528.7,1578840407.335072
2025-03-04 01:59:59.954000+00:00,2025-03-04 01:45:00+00:00,continuous,83528.8,83800.0,82602.2,83353.9,1520041639.9360855
2025-03-04 02:14:59.998000+00:00,2025-03-04 02:00:00+00:00,continuous,83354.2,83800.0,82420.0,83735.7,1010614834.8548934
2025-03-04 02:29:59.980000+00:00,2025-03-04 02:15:00+00:00,continuous,83735.8,83743.4,82811.0,83175.9,769451413.6303989
2025-03-04 02:44:59.926000+00:00,2025-03-04 02:30:00+00:00,continuous,83175.9,83897.0,83103.0,83431.2,467576018.72909796
2025-03-04 02:59:59.953000+00:00,2025-03-04 02:45:00+00:00,continuous,83431.1,84372.8,83374.2,83878.9,426731476.98329884
2025-03-04 03:14:59.815000+00:00,2025-03-04 03:00:00+00:00,continuous,83878.9,84415.5,83703.4,83765.6,395223769.1195981
2025-03-04 03:29:59.966000+00:00,2025-03-04 03:15:00+00:00,continuous,83765.7,84226.1,83636.3,83981.1,169892021.5022994
2025-03-04 03:44:59.948000+00:00,2025-03-04 03:30:00+00:00,continuous,83981.9,84199.7,83645.4,83788.8,167892940.30850095
2025-03-04 03:59:59.961000+00:00,2025-03-04 03:45:00+00:00,continuous,83790.7,84381.3,83550.1,83929.0,251065287.56999937
2025-03-04 04:14:59.971000+00:00,2025-03-04 04:00:00+00:00,continuous,83928.9,84000.0,83584.2,83837.4,194759667.67790025
2025-03-04 04:29:59.351000+00:00,2025-03-04 04:15:00+00:00,continuous,83837.5,83982.7,83630.2,83747.4,138775291.81739995
2025-03-04 04:44:59.906000+00:00,2025-03-04 04:30:00+00:00,continuous,83747.4,83834.4,83426.8,83775.0,138939522.21949953
2025-03-04 04:59:59.811000+00:00,2025-03-04 04:45:00+00:00,continuous,83774.9,83782.7,83262.6,83371.6,132303185.50590073
2025-03-04 05:14:59.986000+00:00,2025-03-04 05:00:00+00:00,continuous,83371.6,84566.0,83312.1,83787.5,488361872.6759995
2025-03-04 05:29:59.790000+00:00,2025-03-04 05:15:00+00:00,continuous,83785.8,84228.0,83642.2,84152.4,196760745.92040357
2025-03-04 05:44:59.863000+00:00,2025-03-04 05:30:00+00:00,continuous,84152.5,84332.3,83930.1,84100.0,153010869.8852997
2025-03-04 05:59:59.088000+00:00,2025-03-04 05:45:00+00:00,continuous,84100.0,84280.0,84000.0,84231.0,86805659.59669973
2025-03-04 06:14:59.812000+00:00,2025-03-04 06:00:00+00:00,continuous,84231.1,84367.6,83950.5,84000.1,126565264.67350018
2025-03-04 06:29:59.980000+00:00,2025-03-04 06:15:00+00:00,continuous,84000.1,84287.3,83821.4,84192.5,148878923.44660085
2025-03-04 06:44:59.785000+00:00,2025-03-04 06:30:00+00:00,continuous,84192.5,84292.3,83550.0,83680.6,173704513.51440036
2025-03-04 06:59:59.989000+00:00,2025-03-04 06:45:00+00:00,continuous,83680.7,83860.7,83540.3,83827.8,86841953.79649997
2025-03-04 07:14:59.897000+00:00,2025-03-04 07:00:00+00:00,continuous,83828.5,83975.7,83410.9,83413.6,149353416.3444001
2025-03-04 07:29:59.657000+00:00,2025-03-04 07:15:00+00:00,continuous,83413.6,83674.7,83309.3,83462.7,135847442.25649998
2025-03-04 07:44:59.891000+00:00,2025-03-04 07:30:00+00:00,continuous,83462.8,83805.0,83370.1,83432.8,115164594.53020039
2025-03-04 07:59:59.928000+00:00,2025-03-04 07:45:00+00:00,continuous,83432.7,83531.7,83100.3,83159.4,227561608.73510045
2025-03-04 08:14:59.928000+00:00,2025-03-04 08:00:00+00:00,continuous,83159.4,83376.0,83000.1,83244.1,250637130.51140144
2025-03-04 08:29:59.764000+00:00,2025-03-04 08:15:00+00:00,continuous,83244.0,83872.2,83150.0,83567.9,178954183.54059997
2025-03-04 08:44:59.980000+00:00,2025-03-04 08:30:00+00:00,continuous,83567.9,83874.5,83524.0,83667.6,187623475.58440062
2025-03-04 08:59:59.432000+00:00,2025-03-04 08:45:00+00:00,continuous,83667.6,83907.6,83350.0,83859.6,128899356.73290041
2025-03-04 09:14:59.673000+00:00,2025-03-04 09:00:00+00:00,continuous,83859.7,84150.0,83657.1,84003.5,160270402.1934003
2025-03-04 09:29:59.868000+00:00,2025-03-04 09:15:00+00:00,continuous,84003.6,84033.7,83589.6,83822.0,123731625.3237996
2025-03-04 09:44:59.879000+00:00,2025-03-04 09:30:00+00:00,continuous,83821.5,84102.8,83682.7,84069.5,103380901.61959988
2025-03-04 09:59:59.910000+00:00,2025-03-04 09:45:00+00:00,continuous,84069.4,84133.0,83678.4,83702.3,85804096.91249985
2025-03-04 10:14:59.694000+00:00,2025-03-04 10:00:00+00:00,continuous,83702.3,83794.3,83531.1,83640.1,118036855.40249959
2025-03-04 10:29:59.873000+00:00,2025-03-04 10:15:00+00:00,continuous,83640.0,83739.1,83446.4,83594.5,113226733.99269992
2025-03-04 10:44:59.892000+00:00,2025-03-04 10:30:00+00:00,continuous,83590.5,83999.9,83562.8,83807.1,130296127.80210008
2025-03-04 10:59:59.356000+00:00,2025-03-04 10:45:00+00:00,continuous,83807.1,84024.8,83772.8,83925.7,96494667.95739971
2025-03-04 11:14:59.921000+00:00,2025-03-04 11:00:00+00:00,continuous,83925.8,84359.5,83794.1,83993.8,239841239.4976981
2025-03-04 11:29:59.893000+00:00,2025-03-04 11:15:00+00:00,continuous,83993.9,84015.4,83644.0,83991.5,144363368.01269984
2025-03-04 11:44:59.841000+00:00,2025-03-04 11:30:00+00:00,continuous,83991.4,84034.9,83767.1,83902.4,88608217.54709974
2025-03-04 11:59:59.914000+00:00,2025-03-04 11:45:00+00:00,continuous,83902.4,84098.4,83774.5,83890.1,77005318.3574003
2025-03-04 12:14:59.921000+00:00,2025-03-04 12:00:00+00:00,continuous,83890.1,83890.2,83500.0,83607.5,155105042.78650025
2025-03-04 12:29:59.932000+00:00,2025-03-04 12:15:00+00:00,continuous,83607.6,83626.8,83222.0,83325.4,187851244.02730036
2025-03-04 12:44:59.993000+00:00,2025-03-04 12:30:00+00:00,continuous,83325.4,83813.6,83222.0,83797.6,175100504.25950077
2025-03-04 12:59:59.950000+00:00,2025-03-04 12:45:00+00:00,continuous,83797.5,83934.6,83566.6,83725.4,157384562.5772993
2025-03-04 13:14:59.975000+00:00,2025-03-04 13:00:00+00:00,continuous,83725.4,83726.1,83136.0,83224.9,250784705.64790177
2025-03-04 13:29:59.957000+00:00,2025-03-04 13:15:00+00:00,continuous,83224.1,83400.0,82500.0,82516.2,625894072.758401
2025-03-04 13:44:59.912000+00:00,2025-03-04 13:30:00+00:00,continuous,82516.1,83496.6,82201.0,83205.9,679243425.520395
2025-03-04 13:59:59.979000+00:00,2025-03-04 13:45:00+00:00,continuous,83205.9,83447.6,82602.5,82782.4,472865140.3532987
2025-03-04 14:14:59.852000+00:00,2025-03-04 14:00:00+00:00,continuous,82782.5,83375.1,82620.0,83067.1,398782003.055997
2025-03-04 14:29:59.658000+00:00,2025-03-04 14:15:00+00:00,continuous,83067.2,83185.2,82508.7,82751.4,334711191.61649936
2025-03-04 14:44:59.987000+00:00,2025-03-04 14:30:00+00:00,continuous,82751.9,84934.9,82023.9,84036.1,2490537728.8413715
2025-03-04 14:59:59.999000+00:00,2025-03-04 14:45:00+00:00,continuous,84038.0,84775.5,83001.9,83157.1,1110203903.688907
2025-03-04 15:14:59.892000+00:00,2025-03-04 15:00:00+00:00,continuous,83157.0,83337.2,82475.3,82725.0,914434617.1084919
2025-03-04 15:29:59.991000+00:00,2025-03-04 15:15:00+00:00,continuous,82724.9,82800.0,81200.0,82311.4,1066319538.2034085
2025-03-04 15:44:59.991000+00:00,2025-03-04 15:30:00+00:00,continuous,82311.6,83272.4,82113.6,82784.8,580631888.9628975
2025-03-04 15:59:59.945000+00:00,2025-03-04 15:45:00+00:00,continuous,82784.9,83110.6,82571.3,82945.0,285889437.0435005
2025-03-04 16:14:59.948000+00:00,2025-03-04 16:00:00+00:00,continuous,82945.0,83096.6,82292.5,82869.6,309714773.528598
2025-03-04 16:29:59.955000+00:00,2025-03-04 16:15:00+00:00,continuous,82868.9,83064.4,82083.7,82206.0,302732100.9505016
2025-03-04 16:44:59.936000+00:00,2025-03-04 16:30:00+00:00,continuous,82205.0,82874.2,81911.1,82860.0,418374801.3345041
2025-03-04 16:59:59.996000+00:00,2025-03-04 16:45:00+00:00,continuous,82860.1,83766.3,82739.5,83507.4,519598118.82370085
2025-03-04 17:14:59.972000+00:00,2025-03-04 17:00:00+00:00,continuous,83507.5,83880.0,83358.8,83819.3,326439755.0531001
2025-03-04 17:29:59.977000+00:00,2025-03-04 17:15:00+00:00,continuous,83819.3,84774.0,83752.7,84685.5,571022042.0597025
2025-03-04 17:44:59.956000+00:00,2025-03-04 17:30:00+00:00,continuous,84685.6,85370.6,84321.4,85166.0,692221629.8031999
2025-03-04 17:59:59.979000+00:00,2025-03-04 17:45:00+00:00,continuous,85165.9,85478.3,84964.7,85389.3,365237224.39630264
2025-03-04 18:14:59.944000+00:00,2025-03-04 18:00:00+00:00,continuous,85389.4,85957.2,85147.4,85911.7,401940262.6958022
2025-03-04 18:29:59.924000+00:00,2025-03-04 18:15:00+00:00,continuous,85911.6,85944.8,85209.9,85330.0,342212047.5960978
2025-03-04 18:44:59.955000+00:00,2025-03-04 18:30:00+00:00,continuous,85330.0,85864.0,85100.0,85763.2,245397285.32340023
2025-03-04 18:59:59.824000+00:00,2025-03-04 18:45:00+00:00,continuous,85763.2,86874.2,85686.3,86708.9,590979531.7946036
2025-03-04 19:14:59.986000+00:00,2025-03-04 19:00:00+00:00,continuous,86708.9,88053.8,86434.0,88048.9,1176947769.1922996
2025-03-04 19:29:59.993000+00:00,2025-03-04 19:15:00+00:00,continuous,88049.0,88488.0,87694.8,87708.0,900519561.2277988
2025-03-04 19:44:59.937000+00:00,2025-03-04 19:30:00+00:00,continuous,87707.8,88055.4,87570.2,87973.4,387728239.0683837
2025-03-04 19:59:59.849000+00:00,2025-03-04 19:45:00+00:00,continuous,87973.4,88355.0,87756.9,88165.3,273562638.04790086
2025-03-04 20:14:59.592000+00:00,2025-03-04 20:00:00+00:00,continuous,88165.3,88271.8,87786.0,88220.1,287658492.8442017
2025-03-04 20:29:59.990000+00:00,2025-03-04 20:15:00+00:00,continuous,88220.0,88800.0,88113.1,88351.8,491048909.5921063
2025-03-04 20:44:59.600000+00:00,2025-03-04 20:30:00+00:00,continuous,88351.7,88426.9,87766.7,87929.0,428134639.26090175
2025-03-04 20:59:59.959000+00:00,2025-03-04 20:45:00+00:00,continuous,87929.0,88066.1,86670.0,86798.8,957239173.165212
2025-03-04 21:14:59.572000+00:00,2025-03-04 21:00:00+00:00,continuous,86798.9,87356.7,86544.0,87093.2,536339567.6486963
2025-03-04 21:29:59.890000+00:00,2025-03-04 21:15:00+00:00,continuous,87093.2,88931.0,87037.8,88717.7,790069457.6547959
2025-03-04 21:44:59.946000+00:00,2025-03-04 21:30:00+00:00,continuous,88717.8,88750.9,87608.1,87914.9,540870771.7119118
2025-03-04 21:59:59.865000+00:00,2025-03-04 21:45:00+00:00,continuous,87914.9,87981.2,87269.2,87494.9,218501342.72159845
2025-03-04 22:14:58.886000+00:00,2025-03-04 22:00:00+00:00,continuous,87494.9,87770.3,87378.6,87556.1,129860474.98370108
2025-03-04 22:29:59.900000+00:00,2025-03-04 22:15:00+00:00,continuous,87556.2,87846.9,87458.9,87681.9,108413326.2040002
2025-03-04 22:44:59.785000+00:00,2025-03-04 22:30:00+00:00,continuous,87682.0,87927.8,87680.8,87818.2,84330169.70280026
2025-03-04 22:59:59.797000+00:00,2025-03-04 22:45:00+00:00,continuous,87818.3,87820.9,87400.0,87455.2,80732000.5558999
2025-03-04 23:14:59.777000+00:00,2025-03-04 23:00:00+00:00,continuous,87455.2,87717.8,87381.0,87620.2,93893952.37929946
2025-03-04 23:29:59.918000+00:00,2025-03-04 23:15:00+00:00,continuous,87620.1,87644.4,87060.2,87367.5,152889402.13949642
2025-03-04 23:44:59.642000+00:00,2025-03-04 23:30:00+00:00,continuous,87367.5,87462.7,87259.5,87373.5,65991272.178299926
2025-03-04 23:59:59.960000+00:00,2025-03-04 23:45:00+00:00,continuous,87373.4,87373.5,87148.6,87245.9,56940081.88650008
2025-03-05 00:14:59.919000+00:00,2025-03-05 00:00:00+00:00,continuous,87245.9,87249.7,86983.0,87111.4,144028439.22040126
2025-03-05 00:29:59.998000+00:00,2025-03-05 00:15:00+00:00,continuous,87111.4,87149.0,86719.6,87024.0,156372800.87689897
2025-03-05 00:44:59.746000+00:00,2025-03-05 00:30:00+00:00,continuous,87022.5,87137.7,86328.0,86561.8,217662226.81079775
2025-03-05 00:59:59.821000+00:00,2025-03-05 00:45:00+00:00,continuous,86561.7,86817.5,86386.8,86767.2,145223797.13770077
2025-03-05 01:14:59.672000+00:00,2025-03-05 01:00:00+00:00,continuous,86767.1,86910.9,86560.9,86799.8,118974936.02240014
2025-03-05 01:29:59.986000+00:00,2025-03-05 01:15:00+00:00,continuous,86799.8,87397.3,86767.5,87225.6,220611168.09459883
2025-03-05 01:44:59.554000+00:00,2025-03-05 01:30:00+00:00,continuous,87225.7,87573.6,86978.8,87447.5,263247231.44710073
2025-03-05 01:59:59.976000+00:00,2025-03-05 01:45:00+00:00,continuous,87447.5,87755.5,87316.1,87581.9,160709441.04710048
2025-03-05 02:14:59.586000+00:00,2025-03-05 02:00:00+00:00,continuous,87582.1,87638.2,87110.0,87248.2,148902014.60619888
2025-03-05 02:29:59.632000+00:00,2025-03-05 02:15:00+00:00,continuous,87248.2,87600.0,87023.7,87271.3,199931643.36410156
2025-03-05 02:44:59.920000+00:00,2025-03-05 02:30:00+00:00,continuous,87271.2,87548.0,86990.0,87443.9,153540869.15590066
2025-03-05 02:59:59.982000+00:00,2025-03-05 02:45:00+00:00,continuous,87444.0,87846.3,87322.4,87420.0,268410206.67399874
2025-03-05 03:14:59.535000+00:00,2025-03-05 03:00:00+00:00,continuous,87419.9,87760.0,87260.0,87679.3,149834234.64179817
2025-03-05 03:29:59.692000+00:00,2025-03-05 03:15:00+00:00,continuous,87679.3,87850.0,87558.0,87636.5,95713454.26199953
2025-03-05 03:44:59.854000+00:00,2025-03-05 03:30:00+00:00,continuous,87636.6,87810.6,87370.0,87370.1,103950764.48390053
2025-03-05 03:59:59.988000+00:00,2025-03-05 03:45:00+00:00,continuous,87370.0,87578.1,86708.0,86813.6,224072250.288499
2025-03-05 04:14:59.924000+00:00,2025-03-05 04:00:00+00:00,continuous,86813.7,87155.3,86694.0,87028.4,237395500.85860124
2025-03-05 04:29:59.959000+00:00,2025-03-05 04:15:00+00:00,continuous,87028.4,87365.2,86972.0,86978.8,169614275.84700182
2025-03-05 04:44:59.769000+00:00,2025-03-05 04:30:00+00:00,continuous,86978.7,87041.4,86847.3,86972.3,90301029.96910042
2025-03-05 04:59:59.982000+00:00,2025-03-05 04:45:00+00:00,continuous,86972.2,87050.2,86850.0,86893.8,55430030.09599999
2025-03-05 05:14:59.926000+00:00,2025-03-05 05:00:00+00:00,continuous,86894.0,87160.1,86818.0,87075.0,70471252.51549968
2025-03-05 05:29:59.956000+00:00,2025-03-05 05:15:00+00:00,continuous,87075.1,87080.5,86850.0,86929.3,42623394.78730014
2025-03-05 05:44:58.963000+00:00,2025-03-05 05:30:00+00:00,continuous,86928.6,87116.8,86895.0,86927.7,70073824.29590003
2025-03-05 05:59:59.671000+00:00,2025-03-05 05:45:00+00:00,continuous,86927.7,87212.8,86927.5,87103.0,53218646.47070013
2025-03-05 06:14:59.905000+00:00,2025-03-05 06:00:00+00:00,continuous,87103.1,87175.0,86957.6,86993.9,84288545.28320006
2025-03-05 06:29:59.589000+00:00,2025-03-05 06:15:00+00:00,continuous,86993.9,87173.7,86950.0,87070.4,41541623.26749984
2025-03-05 06:44:59.647000+00:00,2025-03-05 06:30:00+00:00,continuous,87070.4,87419.4,87062.1,87393.2,83199666.36219998
2025-03-05 06:59:59.989000+00:00,2025-03-05 06:45:00+00:00,continuous,87393.2,87550.0,87307.8,87448.9,82486626.48380023
2025-03-05 07:14:59.872000+00:00,2025-03-05 07:00:00+00:00,continuous,87448.1,87688.0,87426.1,87455.0,104428649.67100006
2025-03-05 07:29:59.913000+00:00,2025-03-05 07:15:00+00:00,continuous,87454.9,87495.8,87310.9,87495.8,46284437.33309987
2025-03-05 07:44:59.335000+00:00,2025-03-05 07:30:00+00:00,continuous,87495.7,87537.8,87309.0,87493.7,75890963.28659995
2025-03-05 07:59:59.927000+00:00,2025-03-05 07:45:00+00:00,continuous,87493.7,87645.0,87365.3,87573.9,78502457.44460037
2025-03-05 08:14:59.712000+00:00,2025-03-05 08:00:00+00:00,continuous,87574.0,87699.0,87549.0,87685.9,90000759.73050044
2025-03-05 08:29:59.468000+00:00,2025-03-05 08:15:00+00:00,continuous,87685.9,87800.0,87599.9,87732.9,96903058.59630173
2025-03-05 08:44:59.018000+00:00,2025-03-05 08:30:00+00:00,continuous,87733.0,87861.5,87623.2,87829.9,100027630.88380049
2025-03-05 08:59:59.554000+00:00,2025-03-05 08:45:00+00:00,continuous,87830.0,87880.0,87612.7,87713.1,80960336.6151006
2025-03-05 09:14:59.986000+00:00,2025-03-05 09:00:00+00:00,continuous,87713.1,88372.4,87624.3,88201.2,249067353.00129977
2025-03-05 09:29:59.686000+00:00,2025-03-05 09:15:00+00:00,continuous,88201.3,88651.6,88100.0,88565.5,274269124.2223007
2025-03-05 09:44:59.940000+00:00,2025-03-05 09:30:00+00:00,continuous,88565.4,88773.3,88288.9,88505.0,257312054.91020152
2025-03-05 09:59:59.840000+00:00,2025-03-05 09:45:00+00:00,continuous,88505.0,88563.5,88294.8,88423.4,102990612.05559954
2025-03-05 10:14:59.355000+00:00,2025-03-05 10:00:00+00:00,continuous,88423.4,88668.5,88310.0,88400.4,156510134.34670085
2025-03-05 10:29:59.940000+00:00,2025-03-05 10:15:00+00:00,continuous,88400.4,89586.0,88400.3,89561.1,632677981.2349032
2025-03-05 10:44:59.977000+00:00,2025-03-05 10:30:00+00:00,continuous,89561.2,90625.0,89498.3,89937.7,1094233552.131687
2025-03-05 10:59:59.906000+00:00,2025-03-05 10:45:00+00:00,continuous,89937.8,90090.0,89540.1,89880.3,468726638.50240135
2025-03-05 11:14:59.949000+00:00,2025-03-05 11:00:00+00:00,continuous,89880.4,90000.0,89616.5,89861.4,216752765.48480034
2025-03-05 11:29:59.958000+00:00,2025-03-05 11:15:00+00:00,continuous,89861.5,90020.5,89590.0,89648.7,241064377.0691975
2025-03-05 11:44:59.800000+00:00,2025-03-05 11:30:00+00:00,continuous,89648.7,89841.8,89518.0,89802.2,181325731.76500013
2025-03-05 11:59:59.873000+00:00,2025-03-05 11:45:00+00:00,continuous,89802.3,90087.5,89560.4,89777.6,303534428.0259039
2025-03-05 12:14:59.949000+00:00,2025-03-05 12:00:00+00:00,continuous,89777.6,90489.0,89773.9,90192.2,374629696.08580095
2025-03-05 12:29:59.975000+00:00,2025-03-05 12:15:00+00:00,continuous,90192.3,90723.0,90072.4,90338.3,398211506.55319995
2025-03-05 12:44:59.783000+00:00,2025-03-05 12:30:00+00:00,continuous,90338.2,90897.1,90338.2,90574.5,514324720.1620974
2025-03-05 12:59:59.899000+00:00,2025-03-05 12:45:00+00:00,continuous,90574.5,90646.6,90155.1,90320.2,270091708.23229945
2025-03-05 13:14:59.960000+00:00,2025-03-05 13:00:00+00:00,continuous,90320.3,90565.2,89687.4,89687.4,595761410.2983038
2025-03-05 13:29:59.948000+00:00,2025-03-05 13:15:00+00:00,continuous,89687.7,89916.8,89349.4,89746.1,597045679.400408
2025-03-05 13:44:59.963000+00:00,2025-03-05 13:30:00+00:00,continuous,89745.1,89986.4,89080.1,89096.0,425342431.82040066
2025-03-05 13:59:59.806000+00:00,2025-03-05 13:45:00+00:00,continuous,89096.1,89738.0,89084.6,89422.5,466105092.5165022
2025-03-05 14:14:59.997000+00:00,2025-03-05 14:00:00+00:00,continuous,89422.5,89750.0,89312.5,89733.9,206279321.37929907
2025-03-05 14:29:59.878000+00:00,2025-03-05 14:15:00+00:00,continuous,89734.0,89796.3,89260.0,89691.9,207657619.27879855
2025-03-05 14:44:59.982000+00:00,2025-03-05 14:30:00+00:00,continuous,89691.8,89777.0,88340.0,89308.6,1210224531.651499
2025-03-05 14:59:59.959000+00:00,2025-03-05 14:45:00+00:00,continuous,89308.7,89368.0,88100.0,88477.3,933417626.3076938
2025-03-05 15:14:59.939000+00:00,2025-03-05 15:00:00+00:00,continuous,88477.5,89500.1,88477.5,88612.1,867405990.4964118
2025-03-05 15:29:59.848000+00:00,2025-03-05 15:15:00+00:00,continuous,88612.1,88719.6,87890.0,88053.3,606227224.2495992
2025-03-05 15:44:59.748000+00:00,2025-03-05 15:30:00+00:00,continuous,88053.2,88777.0,87978.7,88559.8,431296862.3332022
2025-03-05 15:59:59.803000+00:00,2025-03-05 15:45:00+00:00,continuous,88559.7,88711.1,88135.7,88312.6,283845866.7016017
2025-03-05 16:14:59.862000+00:00,2025-03-05 16:00:00+00:00,continuous,88312.5,88400.0,87580.7,87890.1,444165081.81660277
2025-03-05 16:29:59.938000+00:00,2025-03-05 16:15:00+00:00,continuous,87890.1,88239.7,87558.0,87892.1,435350581.01329565
2025-03-05 16:44:59.814000+00:00,2025-03-05 16:30:00+00:00,continuous,87892.0,88283.6,87602.1,88067.1,268483180.4987091
2025-03-05 16:59:59.970000+00:00,2025-03-05 16:45:00+00:00,continuous,88067.5,89228.2,87930.0,88878.2,564769195.0511106
2025-03-05 17:14:59.888000+00:00,2025-03-05 17:00:00+00:00,continuous,88878.0,89320.4,88733.9,89078.7,398409952.69099754
2025-03-05 17:29:59.934000+00:00,2025-03-05 17:15:00+00:00,continuous,89078.6,90064.7,89050.0,89999.5,482780336.65200675
2025-03-05 17:44:59.771000+00:00,2025-03-05 17:30:00+00:00,continuous,89999.6,90444.0,89509.0,89699.9,586823560.3625004
2025-03-05 17:59:59.859000+00:00,2025-03-05 17:45:00+00:00,continuous,89700.0,89995.8,89267.8,89650.2,408225917.00110257
2025-03-05 18:14:59.946000+00:00,2025-03-05 18:00:00+00:00,continuous,89650.2,89903.1,88830.0,89219.2,640496371.5685953
2025-03-05 18:29:59.872000+00:00,2025-03-05 18:15:00+00:00,continuous,89220.0,89437.4,88987.1,89365.5,241960129.1483988
2025-03-05 18:44:59.831000+00:00,2025-03-05 18:30:00+00:00,continuous,89365.5,89369.5,88934.3,89025.1,182804399.9303995
2025-03-05 18:59:59.989000+00:00,2025-03-05 18:45:00+00:00,continuous,89025.5,89753.7,88978.5,89669.8,271507508.7021998
2025-03-05 19:14:59.972000+00:00,2025-03-05 19:00:00+00:00,continuous,89669.9,90119.4,89568.1,89858.4,255378226.30189887
2025-03-05 19:29:59.945000+00:00,2025-03-05 19:15:00+00:00,continuous,89858.3,90050.1,89512.1,89709.9,209929855.44429907
2025-03-05 19:44:59.988000+00:00,2025-03-05 19:30:00+00:00,continuous,89709.9,89862.0,89430.0,89827.5,142010078.38050115
2025-03-05 19:59:59.619000+00:00,2025-03-05 19:45:00+00:00,continuous,89827.7,89950.0,89689.2,89711.2,127285856.0809999
2025-03-05 20:14:59.882000+00:00,2025-03-05 20:00:00+00:00,continuous,89711.2,90233.7,89702.9,90050.6,161945801.0268012
2025-03-05 20:29:59.960000+00:00,2025-03-05 20:15:00+00:00,continuous,90050.7,90071.9,89626.3,89968.9,177305385.6049999
2025-03-05 20:44:59.953000+00:00,2025-03-05 20:30:00+00:00,continuous,89968.6,90320.0,89862.0,90319.9,171952204.33320025
2025-03-05 20:59:59.793000+00:00,2025-03-05 20:45:00+00:00,continuous,90320.0,90520.5,90180.0,90448.6,215807566.4368005
2025-03-05 21:14:59.573000+00:00,2025-03-05 21:00:00+00:00,continuous,90448.6,90655.0,90058.2,90264.7,190792743.94439873
2025-03-05 21:29:59.951000+00:00,2025-03-05 21:15:00+00:00,continuous,90265.0,90389.3,89880.0,90227.1,164157650.46819994
2025-03-05 21:44:59.871000+00:00,2025-03-05 21:30:00+00:00,continuous,90226.9,90233.8,89902.4,90119.3,85792150.58340028
2025-03-05 21:59:59.889000+00:00,2025-03-05 21:45:00+00:00,continuous,90119.2,90450.0,89978.3,90317.0,99742244.44960004
2025-03-05 22:14:59.939000+00:00,2025-03-05 22:00:00+00:00,continuous,90317.1,90425.0,90131.6,90229.1,109351271.36010028
2025-03-05 22:29:59.811000+00:00,2025-03-05 22:15:00+00:00,continuous,90229.2,90310.8,89979.1,89987.9,88492835.29769984
2025-03-05 22:44:58.803000+00:00,2025-03-05 22:30:00+00:00,continuous,89987.9,90272.0,89981.4,90216.5,49524241.31280023
2025-03-05 22:59:59.991000+00:00,2025-03-05 22:45:00+00:00,continuous,90216.4,90509.0,90213.9,90404.2,64909258.441800095
2025-03-05 23:14:59.951000+00:00,2025-03-05 23:00:00+00:00,continuous,90404.2,90550.0,90284.5,90323.9,95967920.31770033
2025-03-05 23:29:59.801000+00:00,2025-03-05 23:15:00+00:00,continuous,90323.8,90581.6,90256.3,90490.1,73366567.66000019
2025-03-05 23:44:59.990000+00:00,2025-03-05 23:30:00+00:00,continuous,90490.2,90850.0,90490.2,90806.4,132372172.48159944
2025-03-05 23:59:59.765000+00:00,2025-03-05 23:45:00+00:00,continuous,90806.5,91000.0,90500.9,90566.1,193757344.14820036
2025-03-06 00:14:59.633000+00:00,2025-03-06 00:00:00+00:00,continuous,90566.1,90774.4,90428.8,90459.8,173042391.50120038
2025-03-06 00:29:59.815000+00:00,2025-03-06 00:15:00+00:00,continuous,90459.8,90633.1,90170.0,90330.0,135656269.68359947
2025-03-06 00:44:59.814000+00:00,2025-03-06 00:30:00+00:00,continuous,90330.0,90409.1,90033.6,90093.6,152673603.5959014
2025-03-06 00:59:59.419000+00:00,2025-03-06 00:45:00+00:00,continuous,90093.6,90188.0,89955.0,90020.7,116077370.29250027
2025-03-06 01:14:59.957000+00:00,2025-03-06 01:00:00+00:00,continuous,90020.7,90388.9,90014.0,90388.9,118195259.32129996
2025-03-06 01:29:59.751000+00:00,2025-03-06 01:15:00+00:00,continuous,90389.0,90494.0,90135.0,90289.6,97769130.5983008
2025-03-06 01:44:59.982000+00:00,2025-03-06 01:30:00+00:00,continuous,90289.6,90674.8,90110.2,90647.5,86584039.8901997
2025-03-06 01:59:59.912000+00:00,2025-03-06 01:45:00+00:00,continuous,90647.5,91874.9,90625.2,91003.6,912037997.7322934
2025-03-06 02:14:59.983000+00:00,2025-03-06 02:00:00+00:00,continuous,91003.6,91793.4,90990.2,91575.0,382610318.3160983
2025-03-06 02:29:59.902000+00:00,2025-03-06 02:15:00+00:00,continuous,91575.0,91647.0,91096.0,91248.9,166313789.17070058
2025-03-06 02:44:59.592000+00:00,2025-03-06 02:30:00+00:00,continuous,91248.8,91333.4,90936.0,91295.2,142371501.98410064
2025-03-06 02:59:59.954000+00:00,2025-03-06 02:45:00+00:00,continuous,91295.2,91979.1,91290.4,91776.0,341304321.6987985
2025-03-06 03:14:58.946000+00:00,2025-03-06 03:00:00+00:00,continuous,91775.9,91988.0,91516.3,91626.6,224072491.83100018
2025-03-06 03:29:59.948000+00:00,2025-03-06 03:15:00+00:00,continuous,91626.8,91791.0,91504.3,91592.5,109661422.4274004
2025-03-06 03:44:59.744000+00:00,2025-03-06 03:30:00+00:00,continuous,91592.4,91636.5,91395.0,91508.5,119226392.97760002
2025-03-06 03:59:59.958000+00:00,2025-03-06 03:45:00+00:00,continuous,91508.9,91582.5,91351.7,91563.2,108873722.39240062
2025-03-06 04:14:59.986000+00:00,2025-03-06 04:00:00+00:00,continuous,91563.2,91845.0,91503.8,91751.0,118900239.14600004
2025-03-06 04:29:59.800000+00:00,2025-03-06 04:15:00+00:00,continuous,91750.9,91751.0,91465.0,91545.9,65541768.96709987
2025-03-06 04:44:59.938000+00:00,2025-03-06 04:30:00+00:00,continuous,91545.9,92293.3,91534.5,92084.0,315623774.13089854
2025-03-06 04:59:59.649000+00:00,2025-03-06 04:45:00+00:00,continuous,92083.9,92400.0,91968.8,92232.0,255871312.15749928
2025-03-06 05:14:59.962000+00:00,2025-03-06 05:00:00+00:00,continuous,92232.1,92371.0,92070.0,92099.0,145868241.9875002
2025-03-06 05:29:59.813000+00:00,2025-03-06 05:15:00+00:00,continuous,92099.4,92470.6,92099.4,92366.5,151578403.54959786
2025-03-06 05:44:59.959000+00:00,2025-03-06 05:30:00+00:00,continuous,92366.4,92561.4,92306.4,92491.8,148985136.28890038
2025-03-06 05:59:59.912000+00:00,2025-03-06 05:45:00+00:00,continuous,92491.8,92780.3,92450.0,92708.0,309757186.40540123
2025-03-06 06:14:59.909000+00:00,2025-03-06 06:00:00+00:00,continuous,92708.0,92738.9,92283.1,92339.7,256122577.49809772
2025-03-06 06:29:59.906000+00:00,2025-03-06 06:15:00+00:00,continuous,92339.9,92370.7,92050.0,92167.8,205134195.1006008
2025-03-06 06:44:59.809000+00:00,2025-03-06 06:30:00+00:00,continuous,92167.7,92167.8,91771.0,91850.0,213579636.11660108
2025-03-06 06:59:59.699000+00:00,2025-03-06 06:45:00+00:00,continuous,91850.0,92026.0,91750.0,91877.0,147653928.98320013
2025-03-06 07:14:59.990000+00:00,2025-03-06 07:00:00+00:00,continuous,91877.0,91962.0,91575.0,91676.4,174279500.27169985
2025-03-06 07:29:59.927000+00:00,2025-03-06 07:15:00+00:00,continuous,91676.5,91785.9,91584.2,91636.7,123123187.59990007
2025-03-06 07:44:59.995000+00:00,2025-03-06 07:30:00+00:00,continuous,91636.7,91778.8,91456.7,91520.0,128715412.34369998
2025-03-06 07:59:59.966000+00:00,2025-03-06 07:45:00+00:00,continuous,91520.0,91571.5,91222.0,91311.3,205426935.3572985
2025-03-06 08:14:59.947000+00:00,2025-03-06 08:00:00+00:00,continuous,91311.4,91430.9,91119.0,91364.5,181343614.92059913
2025-03-06 08:29:59.923000+00:00,2025-03-06 08:15:00+00:00,continuous,91364.4,91529.3,91332.4,91497.6,145430525.98969883
2025-03-06 08:44:59.840000+00:00,2025-03-06 08:30:00+00:00,continuous,91497.5,91553.0,91335.9,91364.6,101840616.3917001
2025-03-06 08:59:59.883000+00:00,2025-03-06 08:45:00+00:00,continuous,91364.6,91392.7,91069.6,91119.2,149696743.8389984
2025-03-06 09:14:59.778000+00:00,2025-03-06 09:00:00+00:00,continuous,91119.2,91143.5,90654.8,90797.0,318244189.8507972
2025-03-06 09:29:59.867000+00:00,2025-03-06 09:15:00+00:00,continuous,90797.0,90999.9,90590.0,90687.4,150601380.48050022
2025-03-06 09:44:59.664000+00:00,2025-03-06 09:30:00+00:00,continuous,90687.4,90871.3,90572.4,90861.3,138980380.15149862
2025-03-06 09:59:59.898000+00:00,2025-03-06 09:45:00+00:00,continuous,90861.4,90930.3,90591.0,90716.0,106723727.8937999
2025-03-06 10:14:59.800000+00:00,2025-03-06 10:00:00+00:00,continuous,90716.1,90973.0,90575.4,90957.1,166625109.46599942
2025-03-06 10:29:59.965000+00:00,2025-03-06 10:15:00+00:00,continuous,90957.1,91642.3,90900.0,91616.4,483890071.72190386
2025-03-06 10:44:59.620000+00:00,2025-03-06 10:30:00+00:00,continuous,91616.5,91616.5,91164.2,91216.2,231217932.61410254
2025-03-06 10:59:59.803000+00:00,2025-03-06 10:45:00+00:00,continuous,91216.2,91350.0,91172.3,91249.9,104784338.73479992
2025-03-06 11:14:59.935000+00:00,2025-03-06 11:00:00+00:00,continuous,91250.0,91299.9,90953.1,91181.8,192031774.46570003
2025-03-06 11:29:59.866000+00:00,2025-03-06 11:15:00+00:00,continuous,91181.9,91418.9,91181.9,91394.9,86280029.00290018
2025-03-06 11:44:59.951000+00:00,2025-03-06 11:30:00+00:00,continuous,91395.0,91563.0,91200.0,91381.5,171030712.7392998
2025-03-06 11:59:59.680000+00:00,2025-03-06 11:45:00+00:00,continuous,91381.5,91450.0,91275.0,91319.2,67116627.80579996
2025-03-06 12:14:59.854000+00:00,2025-03-06 12:00:00+00:00,continuous,91319.2,91369.6,90874.0,91004.5,179415013.01910025
2025-03-06 12:29:59.900000+00:00,2025-03-06 12:15:00+00:00,continuous,91004.4,91004.4,90549.0,90811.0,327164345.97359896
2025-03-06 12:44:59.824000+00:00,2025-03-06 12:30:00+00:00,continuous,90810.3,90900.0,90162.9,90369.9,389366289.45750386
2025-03-06 12:59:59.971000+00:00,2025-03-06 12:45:00+00:00,continuous,90370.0,90441.4,89800.0,90062.7,502906914.24839854
2025-03-06 13:14:59.912000+00:00,2025-03-06 13:00:00+00:00,continuous,90061.6,90376.7,90004.1,90261.6,226517569.18620056
2025-03-06 13:29:59.661000+00:00,2025-03-06 13:15:00+00:00,continuous,90261.5,90415.1,89914.5,90034.0,326226917.6876002
2025-03-06 13:44:59.837000+00:00,2025-03-06 13:30:00+00:00,continuous,90034.1,90445.5,90001.6,90031.1,359160575.70320654
2025-03-06 13:59:59.964000+00:00,2025-03-06 13:45:00+00:00,continuous,90031.1,90166.8,89432.9,89539.0,370758648.6300989
2025-03-06 14:14:59.927000+00:00,2025-03-06 14:00:00+00:00,continuous,89539.0,89773.0,89370.0,89565.2,345689876.5657963
2025-03-06 14:29:59.825000+00:00,2025-03-06 14:15:00+00:00,continuous,89565.3,89955.2,89480.0,89904.4,246590349.63359818
2025-03-06 14:44:59.991000+00:00,2025-03-06 14:30:00+00:00,continuous,89904.4,90350.0,89070.0,89257.0,1051262705.407516
2025-03-06 14:59:59.877000+00:00,2025-03-06 14:45:00+00:00,continuous,89257.1,90350.0,89172.0,89770.4,631223189.7156082
2025-03-06 15:14:59.953000+00:00,2025-03-06 15:00:00+00:00,continuous,89770.4,91085.3,89585.4,90593.9,928950424.8385047
2025-03-06 15:29:59.866000+00:00,2025-03-06 15:15:00+00:00,continuous,90593.4,91344.8,90411.7,90843.5,613597418.1680979
2025-03-06 15:44:59.895000+00:00,2025-03-06 15:30:00+00:00,continuous,90842.6,91420.0,90561.5,91130.5,361704693.81830126
2025-03-06 15:59:59.971000+00:00,2025-03-06 15:45:00+00:00,continuous,91130.4,91227.0,90585.8,90777.9,338501282.69649804
2025-03-06 16:14:59.994000+00:00,2025-03-06 16:00:00+00:00,continuous,90777.9,91025.7,90621.6,90717.0,222525995.95009843
2025-03-06 16:29:59.993000+00:00,2025-03-06 16:15:00+00:00,continuous,90716.9,90770.8,89903.8,90255.2,497687451.0404986
2025-03-06 16:44:59.886000+00:00,2025-03-06 16:30:00+00:00,continuous,90254.9,90574.2,90011.6,90131.1,402433661.08829033
2025-03-06 16:59:59.871000+00:00,2025-03-06 16:45:00+00:00,continuous,90131.1,90400.0,89152.0,89279.9,616440768.7841018
2025-03-06 17:14:59.949000+00:00,2025-03-06 17:00:00+00:00,continuous,89279.9,89312.0,88468.4,88658.4,1036647768.1725038
2025-03-06 17:29:59.961000+00:00,2025-03-06 17:15:00+00:00,continuous,88658.5,88919.9,88313.1,88703.3,372169975.8809048
2025-03-06 17:44:59.942000+00:00,2025-03-06 17:30:00+00:00,continuous,88703.8,88953.7,88203.0,88440.0,448772100.69820327
2025-03-06 17:59:59.975000+00:00,2025-03-06 17:45:00+00:00,continuous,88440.0,88731.5,87951.6,88585.0,488971009.8166992
2025-03-06 18:14:59.806000+00:00,2025-03-06 18:00:00+00:00,continuous,88584.9,88797.5,88368.0,88612.0,277447794.02209973
2025-03-06 18:29:59.643000+00:00,2025-03-06 18:15:00+00:00,continuous,88611.9,88927.1,88403.9,88447.5,319175194.8424987
2025-03-06 18:44:59.853000+00:00,2025-03-06 18:30:00+00:00,continuous,88448.2,88700.0,88094.9,88281.2,244344505.07270315
2025-03-06 18:59:59.708000+00:00,2025-03-06 18:45:00+00:00,continuous,88280.1,88546.6,88206.5,88374.1,199184386.95520002
2025-03-06 19:14:59.957000+00:00,2025-03-06 19:00:00+00:00,continuous,88373.2,88426.6,88006.9,88266.3,186731144.4951026
2025-03-06 19:29:59.761000+00:00,2025-03-06 19:15:00+00:00,continuous,88266.3,88323.0,88005.0,88063.3,161078763.51580355
2025-03-06 19:44:59.922000+00:00,2025-03-06 19:30:00+00:00,continuous,88063.3,88628.1,87790.5,88440.0,385307142.06299657
2025-03-06 19:59:59.847000+00:00,2025-03-06 19:45:00+00:00,continuous,88439.9,89347.6,88431.0,88488.5,709899793.9151883
2025-03-06 20:14:59.733000+00:00,2025-03-06 20:00:00+00:00,continuous,88488.5,89187.3,88428.8,89162.0,308580071.8409042
2025-03-06 20:29:59.985000+00:00,2025-03-06 20:15:00+00:00,continuous,89162.0,89349.9,88770.0,88964.5,290461253.20329773
2025-03-06 20:44:59.951000+00:00,2025-03-06 20:30:00+00:00,continuous,88964.6,89266.5,88643.8,88661.8,226987482.38850105
2025-03-06 20:59:59.996000+00:00,2025-03-06 20:45:00+00:00,continuous,88661.2,89209.9,88622.7,88998.0,193247150.9425995
2025-03-06 21:14:59.990000+00:00,2025-03-06 21:00:00+00:00,continuous,88999.9,89817.3,88908.9,89635.1,300666622.23939896
2025-03-06 21:29:59.638000+00:00,2025-03-06 21:15:00+00:00,continuous,89635.0,89793.8,89288.0,89288.1,258925607.3753008
2025-03-06 21:44:59.981000+00:00,2025-03-06 21:30:00+00:00,continuous,89288.2,89350.0,88987.1,89200.5,167932033.29679877
2025-03-06 21:59:59.981000+00:00,2025-03-06 21:45:00+00:00,continuous,89200.6,89969.4,89091.0,89824.9,259350126.79469997
2025-03-06 22:14:59.902000+00:00,2025-03-06 22:00:00+00:00,continuous,89872.6,90748.0,89845.3,90378.3,1096028154.8955004
2025-03-06 22:29:59.653000+00:00,2025-03-06 22:15:00+00:00,continuous,90378.3,90405.0,89446.6,89785.5,370071914.04240227
2025-03-06 22:44:59.801000+00:00,2025-03-06 22:30:00+00:00,continuous,89785.4,90400.0,89580.2,90328.4,189864622.4633998
2025-03-06 22:59:59.963000+00:00,2025-03-06 22:45:00+00:00,continuous,90328.4,90677.6,90216.6,90266.0,158174967.1794012
2025-03-06 23:14:59.254000+00:00,2025-03-06 23:00:00+00:00,continuous,90266.0,90431.4,90038.6,90230.4,210421200.89020023
2025-03-06 23:29:59.509000+00:00,2025-03-06 23:15:00+00:00,continuous,90230.5,90531.4,90230.5,90306.1,108263162.13800041
2025-03-06 23:44:59.921000+00:00,2025-03-06 23:30:00+00:00,continuous,90306.1,90497.8,90226.0,90262.4,88466725.33800048
2025-03-06 23:59:59.854000+00:00,2025-03-06 23:45:00+00:00,continuous,90262.4,90297.5,89850.7,89887.8,206866392.7464989
2025-03-07 00:14:59.943000+00:00,2025-03-07 00:00:00+00:00,continuous,89887.9,91257.7,89815.9,90165.1,801752455.3501939
2025-03-07 00:29:59.965000+00:00,2025-03-07 00:15:00+00:00,continuous,90165.2,90376.8,86513.7,86995.1,2867546854.557617
2025-03-07 00:44:59.981000+00:00,2025-03-07 00:30:00+00:00,continuous,86995.0,87229.9,85541.5,85887.6,1312781824.9988844
2025-03-07 00:59:59.984000+00:00,2025-03-07 00:45:00+00:00,continuous,85883.0,85887.9,84600.0,85477.9,1244792637.2965763
2025-03-07 01:14:59.969000+00:00,2025-03-07 01:00:00+00:00,continuous,85477.8,86499.0,85142.4,86450.7,914730703.4084
2025-03-07 01:29:59.370000+00:00,2025-03-07 01:15:00+00:00,continuous,86450.6,87552.7,86323.1,87064.4,860489896.1465895
2025-03-07 01:44:59.999000+00:00,2025-03-07 01:30:00+00:00,continuous,87064.3,88952.0,86775.0,88678.0,922722113.4773073
2025-03-07 01:59:59.977000+00:00,2025-03-07 01:45:00+00:00,continuous,88679.9,88701.9,87731.9,88210.0,608132255.2591956
2025-03-07 02:14:59.926000+00:00,2025-03-07 02:00:00+00:00,continuous,88209.9,88418.9,87835.0,87969.3,213543571.4818998
2025-03-07 02:29:59.778000+00:00,2025-03-07 02:15:00+00:00,continuous,87969.3,88096.4,87316.1,87490.0,429432587.6176023
2025-03-07 02:44:59.983000+00:00,2025-03-07 02:30:00+00:00,continuous,87489.9,88193.0,87380.0,87806.0,294283022.23079735
2025-03-07 02:59:59.890000+00:00,2025-03-07 02:45:00+00:00,continuous,87805.9,87923.1,87206.8,87206.8,396132125.01649505
2025-03-07 03:14:59.590000+00:00,2025-03-07 03:00:00+00:00,continuous,87206.8,87660.0,87122.5,87532.2,209192142.8780991
2025-03-07 03:29:59.897000+00:00,2025-03-07 03:15:00+00:00,continuous,87532.1,87603.5,87269.5,87531.2,87661103.97990033
2025-03-07 03:44:59.960000+00:00,2025-03-07 03:30:00+00:00,continuous,87531.1,87579.0,86931.0,87130.6,198747294.1829031
2025-03-07 03:59:59.606000+00:00,2025-03-07 03:45:00+00:00,continuous,87130.6,87138.4,86728.5,86958.5,211852789.88619825
2025-03-07 04:14:59.951000+00:00,2025-03-07 04:00:00+00:00,continuous,86958.4,87232.3,86809.2,87179.8,170727164.63769963
2025-03-07 04:29:59.887000+00:00,2025-03-07 04:15:00+00:00,continuous,87180.0,87547.3,87090.2,87476.7,185683778.9729007
2025-03-07 04:44:59.727000+00:00,2025-03-07 04:30:00+00:00,continuous,87476.7,87815.1,87372.1,87650.8,187019702.76590145
2025-03-07 04:59:59.952000+00:00,2025-03-07 04:45:00+00:00,continuous,87650.9,87837.4,87510.0,87594.2,103599395.05050011
2025-03-07 05:14:59.255000+00:00,2025-03-07 05:00:00+00:00,continuous,87594.2,87982.4,87534.9,87803.6,115477856.0568011
2025-03-07 05:29:59.939000+00:00,2025-03-07 05:15:00+00:00,continuous,87803.6,88330.0,87803.5,88180.7,220212599.63120082
2025-03-07 05:44:59.974000+00:00,2025-03-07 05:30:00+00:00,continuous,88180.6,88330.9,88013.5,88325.7,123533935.59249975
2025-03-07 05:59:59.692000+00:00,2025-03-07 05:45:00+00:00,continuous,88325.6,88400.0,88078.5,88173.0,136831767.0354992
2025-03-07 06:14:59.975000+00:00,2025-03-07 06:00:00+00:00,continuous,88173.1,88190.0,87930.9,88045.0,117530085.3262
2025-03-07 06:29:59.889000+00:00,2025-03-07 06:15:00+00:00,continuous,88045.1,88155.1,87903.7,87979.4,87979620.68530045
2025-03-07 06:44:59.858000+00:00,2025-03-07 06:30:00+00:00,continuous,87979.5,88048.0,87763.8,87842.4,120540141.94450043
2025-03-07 06:59:59.854000+00:00,2025-03-07 06:45:00+00:00,continuous,87842.4,88309.6,87842.4,88166.3,131082336.43190052
2025-03-07 07:14:59.960000+00:00,2025-03-07 07:00:00+00:00,continuous,88166.3,88569.9,88050.0,88491.8,243521713.0413982
2025-03-07 07:29:59.659000+00:00,2025-03-07 07:15:00+00:00,continuous,88491.7,88536.0,88367.9,88404.8,110891324.01489975
2025-03-07 07:44:59.201000+00:00,2025-03-07 07:30:00+00:00,continuous,88404.9,88443.9,88083.9,88173.3,146944253.8353994
2025-03-07 07:59:59.683000+00:00,2025-03-07 07:45:00+00:00,continuous,88173.3,88323.1,88135.7,88308.8,108553515.67250043
2025-03-07 08:14:59.541000+00:00,2025-03-07 08:00:00+00:00,continuous,88308.8,88383.5,87932.0,88145.0,174088621.39559916
2025-03-07 08:29:59.908000+00:00,2025-03-07 08:15:00+00:00,continuous,88145.0,88177.1,87951.0,88103.6,65082897.8889001
2025-03-07 08:44:59.996000+00:00,2025-03-07 08:30:00+00:00,continuous,88103.6,88140.0,87973.6,88128.4,75653038.08440019
2025-03-07 08:59:59.998000+00:00,2025-03-07 08:45:00+00:00,continuous,88128.1,88439.0,88027.2,88310.0,160596323.5191009
2025-03-07 09:14:59.950000+00:00,2025-03-07 09:00:00+00:00,continuous,88309.7,88629.9,88304.6,88617.4,128142974.5345996
2025-03-07 09:29:59.996000+00:00,2025-03-07 09:15:00+00:00,continuous,88617.3,89242.7,88455.0,89234.2,408050544.23189896
2025-03-07 09:44:59.970000+00:00,2025-03-07 09:30:00+00:00,continuous,89234.3,89666.0,88860.0,88885.8,420958548.76019824
2025-03-07 09:59:59.787000+00:00,2025-03-07 09:45:00+00:00,continuous,88885.8,89152.0,88836.0,88888.7,152352145.51400006
2025-03-07 10:14:59.999000+00:00,2025-03-07 10:00:00+00:00,continuous,88888.7,88988.0,88691.7,88893.4,135107720.1682006
2025-03-07 10:29:59.925000+00:00,2025-03-07 10:15:00+00:00,continuous,88893.5,89095.4,88769.6,88992.1,91240793.423
2025-03-07 10:44:59.951000+00:00,2025-03-07 10:30:00+00:00,continuous,88992.1,89218.1,88951.1,89071.8,87899504.56689985
2025-03-07 10:59:59.873000+00:00,2025-03-07 10:45:00+00:00,continuous,89071.9,89233.0,89063.1,89202.0,86770674.74869987
2025-03-07 11:14:59.997000+00:00,2025-03-07 11:00:00+00:00,continuous,89202.1,89404.8,88971.9,89100.4,152424169.92139924
2025-03-07 11:29:59.944000+00:00,2025-03-07 11:15:00+00:00,continuous,89100.5,89316.0,89033.1,89045.1,83854276.12659971
2025-03-07 11:44:59.699000+00:00,2025-03-07 11:30:00+00:00,continuous,89045.2,89050.0,88914.3,88975.4,112866665.11430025
2025-03-07 11:59:59.967000+00:00,2025-03-07 11:45:00+00:00,continuous,88975.5,89030.1,88784.6,88928.8,93930724.78889993
2025-03-07 12:14:59.739000+00:00,2025-03-07 12:00:00+00:00,continuous,88928.9,89221.5,88785.8,89160.0,226060850.18089908
2025-03-07 12:29:59.843000+00:00,2025-03-07 12:15:00+00:00,continuous,89160.0,89174.8,88915.1,89135.5,211885240.12820077
2025-03-07 12:44:59.972000+00:00,2025-03-07 12:30:00+00:00,continuous,89135.4,89293.9,88272.0,88426.4,474686359.3138009
2025-03-07 12:59:59.881000+00:00,2025-03-07 12:45:00+00:00,continuous,88426.5,89091.4,88426.4,89001.9,320418413.91420156
2025-03-07 13:14:59.881000+00:00,2025-03-07 13:00:00+00:00,continuous,89001.8,89818.3,88934.5,89410.0,395092905.59869677
2025-03-07 13:29:59.879000+00:00,2025-03-07 13:15:00+00:00,continuous,89410.0,89492.1,89041.4,89373.4,285512987.95649797
2025-03-07 13:44:59.884000+00:00,2025-03-07 13:30:00+00:00,continuous,89373.4,90300.0,89000.0,90051.4,1123489332.3144
2025-03-07 13:59:59.933000+00:00,2025-03-07 13:45:00+00:00,continuous,90051.4,90130.5,88972.9,89104.8,399348937.9373964
2025-03-07 14:14:59.872000+00:00,2025-03-07 14:00:00+00:00,continuous,89105.1,89767.5,89093.5,89358.4,360461225.95969343
2025-03-07 14:29:59.919000+00:00,2025-03-07 14:15:00+00:00,continuous,89358.3,89687.5,88737.4,89093.2,335406302.28509283
2025-03-07 14:44:59.990000+00:00,2025-03-07 14:30:00+00:00,continuous,89093.2,90300.0,88602.2,89939.0,844258340.5537153
2025-03-07 14:59:59.998000+00:00,2025-03-07 14:45:00+00:00,continuous,89938.2,91107.9,89870.7,90411.7,1291236923.190296
2025-03-07 15:14:59.935000+00:00,2025-03-07 15:00:00+00:00,continuous,90411.6,90754.1,89901.0,89987.5,568677709.3229965
2025-03-07 15:29:59.969000+00:00,2025-03-07 15:15:00+00:00,continuous,89987.3,90002.6,89013.4,89179.4,735217931.8017007
2025-03-07 15:44:59.897000+00:00,2025-03-07 15:30:00+00:00,continuous,89179.9,89183.2,87979.0,88482.6,1080519622.3923032
2025-03-07 15:59:59.921000+00:00,2025-03-07 15:45:00+00:00,continuous,88482.7,89250.0,88004.2,88424.9,829532146.331509
2025-03-07 16:14:59.863000+00:00,2025-03-07 16:00:00+00:00,continuous,88425.0,88952.6,88111.0,88649.8,524754030.2424019
2025-03-07 16:29:59.984000+00:00,2025-03-07 16:15:00+00:00,continuous,88650.0,88700.0,87235.2,87447.2,873698573.7656053
2025-03-07 16:44:59.947000+00:00,2025-03-07 16:30:00+00:00,continuous,87447.3,87638.8,86918.0,87268.2,545095782.3150016
2025-03-07 16:59:59.982000+00:00,2025-03-07 16:45:00+00:00,continuous,87268.1,87446.7,86600.0,87220.0,639333167.9446031
2025-03-07 17:14:59.912000+00:00,2025-03-07 17:00:00+00:00,continuous,87220.1,87547.3,86701.0,86931.0,574032290.1883003
2025-03-07 17:29:59.898000+00:00,2025-03-07 17:15:00+00:00,continuous,86930.9,87383.3,86530.0,87328.5,449781404.76899767
2025-03-07 17:44:59.912000+00:00,2025-03-07 17:30:00+00:00,continuous,87328.4,87957.8,86968.0,87943.9,643670530.7127899
2025-03-07 17:59:59.998000+00:00,2025-03-07 17:45:00+00:00,continuous,87944.0,88600.0,87236.7,87652.5,785719112.9572022
2025-03-07 18:14:59.995000+00:00,2025-03-07 18:00:00+00:00,continuous,87654.5,88506.0,87449.4,88211.0,628069251.6568949
2025-03-07 18:29:59.948000+00:00,2025-03-07 18:15:00+00:00,continuous,88213.2,88340.0,87634.7,88109.6,315955794.30100465
2025-03-07 18:44:59.990000+00:00,2025-03-07 18:30:00+00:00,continuous,88109.6,88520.8,87946.6,88286.7,246877761.14860427
2025-03-07 18:59:59.871000+00:00,2025-03-07 18:45:00+00:00,continuous,88286.7,88990.0,88172.1,88560.7,332898010.33149916
2025-03-07 19:14:59.917000+00:00,2025-03-07 19:00:00+00:00,continuous,88560.7,88878.1,88141.7,88411.9,367665124.21500283
2025-03-07 19:29:59.885000+00:00,2025-03-07 19:15:00+00:00,continuous,88411.8,88720.4,88200.0,88246.9,185274733.55239606
2025-03-07 19:44:59.978000+00:00,2025-03-07 19:30:00+00:00,continuous,88246.9,88466.6,87728.0,87854.3,195381208.70029864
2025-03-07 19:59:59.992000+00:00,2025-03-07 19:45:00+00:00,continuous,87854.8,87895.9,87300.0,87787.2,333294388.08459866
2025-03-07 20:14:59.833000+00:00,2025-03-07 20:00:00+00:00,continuous,87787.3,88244.5,87685.6,87784.8,219882305.64390054
2025-03-07 20:29:59.840000+00:00,2025-03-07 20:15:00+00:00,continuous,87784.8,87902.2,87335.6,87471.1,222897572.28320083
2025-03-07 20:44:59.731000+00:00,2025-03-07 20:30:00+00:00,continuous,87471.1,87799.0,86855.1,87625.9,396291639.63190305
2025-03-07 20:59:59.990000+00:00,2025-03-07 20:45:00+00:00,continuous,87625.9,88494.3,86465.3,86949.9,1122293659.3367107
2025-03-07 21:14:59.974000+00:00,2025-03-07 21:00:00+00:00,continuous,86947.5,87341.9,85555.0,86304.1,1668736991.3050275
2025-03-07 21:29:59.711000+00:00,2025-03-07 21:15:00+00:00,continuous,86304.0,87209.9,86202.8,87139.1,429751571.4346981
2025-03-07 21:44:59.921000+00:00,2025-03-07 21:30:00+00:00,continuous,87139.1,87163.9,86148.3,86249.9,356367048.58500046
2025-03-07 21:59:59.956000+00:00,2025-03-07 21:45:00+00:00,continuous,86249.8,86593.5,85663.5,86261.7,430296924.15100265
2025-03-07 22:14:59.872000+00:00,2025-03-07 22:00:00+00:00,continuous,86260.0,86449.1,85564.5,85858.0,322010478.6405949
2025-03-07 22:29:59.908000+00:00,2025-03-07 22:15:00+00:00,continuous,85858.0,86135.9,85608.7,86024.3,187314492.94649968
2025-03-07 22:44:59.910000+00:00,2025-03-07 22:30:00+00:00,continuous,86024.3,86776.8,85877.3,86776.7,239024658.81900066
2025-03-07 22:59:59.978000+00:00,2025-03-07 22:45:00+00:00,continuous,86776.7,86799.9,86393.4,86700.0,136045370.4550001
2025-03-07 23:14:59.842000+00:00,2025-03-07 23:00:00+00:00,continuous,86700.1,86700.1,85919.9,85954.9,239114609.77350146
2025-03-07 23:29:59.812000+00:00,2025-03-07 23:15:00+00:00,continuous,85954.9,86555.9,85954.9,86543.3,163072684.19299987
2025-03-07 23:44:59.900000+00:00,2025-03-07 23:30:00+00:00,continuous,86543.2,86649.2,86296.4,86642.6,102220436.58139971
2025-03-07 23:59:59.959000+00:00,2025-03-07 23:45:00+00:00,continuous,86642.6,86800.4,86485.8,86753.8,113609251.20040001
2025-03-08 00:14:59.961000+00:00,2025-03-08 00:00:00+00:00,continuous,86753.8,86753.8,86503.5,86585.0,164752148.77119926
2025-03-08 00:29:59.866000+00:00,2025-03-08 00:15:00+00:00,continuous,86585.0,86760.0,86483.6,86644.5,95902320.3177006
2025-03-08 00:44:59.773000+00:00,2025-03-08 00:30:00+00:00,continuous,86644.5,86762.4,86540.2,86762.3,64023642.043500006
2025-03-08 00:59:59.897000+00:00,2025-03-08 00:45:00+00:00,continuous,86762.3,86876.5,86676.9,86681.6,82496074.37550032
2025-03-08 01:14:59.913000+00:00,2025-03-08 01:00:00+00:00,continuous,86681.7,86739.1,86201.0,86250.1,142171053.09700003
2025-03-08 01:29:59.864000+00:00,2025-03-08 01:15:00+00:00,continuous,86250.0,86379.1,86000.0,86039.4,147698894.00540045
2025-03-08 01:44:59.910000+00:00,2025-03-08 01:30:00+00:00,continuous,86039.4,86063.2,85108.0,85597.9,654439619.5953976
2025-03-08 01:59:59.980000+00:00,2025-03-08 01:45:00+00:00,continuous,85597.9,86066.8,85593.1,86066.8,201858062.52549794
2025-03-08 02:14:59.766000+00:00,2025-03-08 02:00:00+00:00,continuous,86066.8,86300.9,85983.2,86224.7,156726696.82320052
2025-03-08 02:29:59.990000+00:00,2025-03-08 02:15:00+00:00,continuous,86224.6,86285.9,85931.0,85947.7,94866897.12299986
2025-03-08 02:44:59.886000+00:00,2025-03-08 02:30:00+00:00,continuous,85947.7,86220.0,85898.5,86122.0,62216288.41899976
2025-03-08 02:59:59.948000+00:00,2025-03-08 02:45:00+00:00,continuous,86122.0,86222.0,85931.0,86134.4,110162223.49940008
2025-03-08 03:14:59.978000+00:00,2025-03-08 03:00:00+00:00,continuous,86134.4,86143.1,85571.3,85611.7,115872088.98599999
2025-03-08 03:29:59.764000+00:00,2025-03-08 03:15:00+00:00,continuous,85611.8,85867.4,85405.5,85719.7,137186795.62719905
2025-03-08 03:44:59.309000+00:00,2025-03-08 03:30:00+00:00,continuous,85719.8,85992.2,85719.7,85948.3,60615229.12590033
2025-03-08 03:59:59.950000+00:00,2025-03-08 03:45:00+00:00,continuous,85948.3,86038.0,85875.3,85880.0,44919520.08859994
2025-03-08 04:14:59.709000+00:00,2025-03-08 04:00:00+00:00,continuous,85880.0,86010.0,85607.7,85965.0,95504858.08010012
2025-03-08 04:29:59.778000+00:00,2025-03-08 04:15:00+00:00,continuous,85965.1,86242.9,85797.6,86144.9,129190231.85350007
2025-03-08 04:44:59.792000+00:00,2025-03-08 04:30:00+00:00,continuous,86144.9,86464.0,86144.8,86384.9,131677001.63359973
2025-03-08 04:59:59.798000+00:00,2025-03-08 04:45:00+00:00,continuous,86384.8,86459.7,86289.9,86398.3,59757069.42999995
2025-03-08 05:14:59.625000+00:00,2025-03-08 05:00:00+00:00,continuous,86398.2,86416.4,86252.8,86252.8,46789953.47649997
2025-03-08 05:29:59.688000+00:00,2025-03-08 05:15:00+00:00,continuous,86252.8,86256.6,86145.1,86184.1,43404184.60070002
2025-03-08 05:44:59.861000+00:00,2025-03-08 05:30:00+00:00,continuous,86184.0,86184.1,85963.6,86086.0,72067494.89900044
2025-03-08 05:59:59.728000+00:00,2025-03-08 05:45:00+00:00,continuous,86086.0,86244.3,86056.0,86240.0,46585514.143900014
2025-03-08 06:14:59.862000+00:00,2025-03-08 06:00:00+00:00,continuous,86240.0,86545.4,86224.3,86486.9,135586635.35940102
2025-03-08 06:29:59.942000+00:00,2025-03-08 06:15:00+00:00,continuous,86486.8,86622.9,86365.6,86587.8,69477324.1896998
2025-03-08 06:44:59.934000+00:00,2025-03-08 06:30:00+00:00,continuous,86587.7,86611.0,86258.8,86374.3,113864928.34490022
2025-03-08 06:59:59.672000+00:00,2025-03-08 06:45:00+00:00,continuous,86374.0,86443.7,86238.8,86434.3,53053419.63369995
2025-03-08 07:14:59.725000+00:00,2025-03-08 07:00:00+00:00,continuous,86434.3,86500.0,86383.1,86403.3,46511187.176199704
2025-03-08 07:29:59.904000+00:00,2025-03-08 07:15:00+00:00,continuous,86403.2,86477.8,86323.9,86327.4,35462400.75380012
2025-03-08 07:44:59.663000+00:00,2025-03-08 07:30:00+00:00,continuous,86327.5,86445.4,86234.8,86435.3,60116710.78679982
2025-03-08 07:59:59.310000+00:00,2025-03-08 07:45:00+00:00,continuous,86435.2,86439.6,86068.1,86159.2,111986210.06689984
2025-03-08 08:14:59.659000+00:00,2025-03-08 08:00:00+00:00,continuous,86159.2,86282.0,86012.1,86012.1,88541661.15719965
2025-03-08 08:29:59.629000+00:00,2025-03-08 08:15:00+00:00,continuous,86012.1,86136.3,86001.1,86136.3,64877501.0060998
2025-03-08 08:44:59.208000+00:00,2025-03-08 08:30:00+00:00,continuous,86136.4,86213.2,86080.3,86102.1,50278995.410699934
2025-03-08 08:59:59.908000+00:00,2025-03-08 08:45:00+00:00,continuous,86102.2,86181.8,86003.6,86027.5,45645433.92410001
2025-03-08 09:14:59.818000+00:00,2025-03-08 09:00:00+00:00,continuous,86027.5,86250.0,86027.4,86180.0,49079789.975900054
2025-03-08 09:29:59.771000+00:00,2025-03-08 09:15:00+00:00,continuous,86179.9,86422.0,86172.7,86306.5,78158735.31119965
2025-03-08 09:44:59.708000+00:00,2025-03-08 09:30:00+00:00,continuous,86306.5,86410.1,86020.5,86044.1,64693992.516200125
2025-03-08 09:59:59.948000+00:00,2025-03-08 09:45:00+00:00,continuous,86044.1,86125.8,85800.0,85907.5,147781236.85849997
2025-03-08 10:14:59.921000+00:00,2025-03-08 10:00:00+00:00,continuous,85907.5,86074.4,85905.9,85960.0,68046340.07490005
2025-03-08 10:29:59.772000+00:00,2025-03-08 10:15:00+00:00,continuous,85960.0,86180.8,85943.6,86180.7,50754136.36440002
2025-03-08 10:44:58.679000+00:00,2025-03-08 10:30:00+00:00,continuous,86180.8,86222.0,86090.0,86173.8,54842426.06580005
2025-03-08 10:59:59.906000+00:00,2025-03-08 10:45:00+00:00,continuous,86173.9,86199.0,86037.2,86085.5,26461768.777599964
2025-03-08 11:14:59.952000+00:00,2025-03-08 11:00:00+00:00,continuous,86085.5,86092.4,85761.4,85829.2,89170291.56210007
2025-03-08 11:29:59.694000+00:00,2025-03-08 11:15:00+00:00,continuous,85829.3,85923.7,85720.0,85911.9,79234965.86700037
2025-03-08 11:44:59.930000+00:00,2025-03-08 11:30:00+00:00,continuous,85912.0,85945.0,85730.1,85859.5,61963864.29009993
2025-03-08 11:59:59.915000+00:00,2025-03-08 11:45:00+00:00,continuous,85859.5,85936.3,85742.1,85923.9,48351905.497600034
2025-03-08 12:14:59.787000+00:00,2025-03-08 12:00:00+00:00,continuous,85923.9,86037.2,85774.8,85968.4,98471033.62109992
2025-03-08 12:29:59.506000+00:00,2025-03-08 12:15:00+00:00,continuous,85968.3,86222.0,85913.8,86164.2,109705187.44769993
2025-03-08 12:44:59.907000+00:00,2025-03-08 12:30:00+00:00,continuous,86164.1,86390.0,86052.2,86283.1,142171894.00940037
2025-03-08 12:59:59.975000+00:00,2025-03-08 12:45:00+00:00,continuous,86283.1,86300.0,86136.4,86166.0,49563657.48240016
2025-03-08 13:14:59.779000+00:00,2025-03-08 13:00:00+00:00,continuous,86166.1,86266.7,86111.1,86119.3,50287855.46840019
2025-03-08 13:29:59.821000+00:00,2025-03-08 13:15:00+00:00,continuous,86119.3,86481.8,86080.0,86317.4,94016394.9916998
2025-03-08 13:44:59.911000+00:00,2025-03-08 13:30:00+00:00,continuous,86317.5,86496.0,86196.6,86295.1,120830331.49380067
2025-03-08 13:59:59.820000+00:00,2025-03-08 13:45:00+00:00,continuous,86295.1,86388.0,86190.4,86276.3,74085462.54019968
2025-03-08 14:14:59.544000+00:00,2025-03-08 14:00:00+00:00,continuous,86276.2,86450.0,86215.0,86346.9,73056413.51220019
2025-03-08 14:29:59.994000+00:00,2025-03-08 14:15:00+00:00,continuous,86347.0,86436.0,86218.2,86428.1,82144317.0790001
2025-03-08 14:44:59.626000+00:00,2025-03-08 14:30:00+00:00,continuous,86428.1,86587.0,86336.0,86488.6,85722648.69440007
2025-03-08 14:59:59.956000+00:00,2025-03-08 14:45:00+00:00,continuous,86488.6,86488.7,86161.7,86323.4,96005302.43970007
2025-03-08 15:14:59.245000+00:00,2025-03-08 15:00:00+00:00,continuous,86323.3,86350.0,86160.3,86349.9,60645268.63090003
2025-03-08 15:29:59.591000+00:00,2025-03-08 15:15:00+00:00,continuous,86349.9,86513.0,86323.2,86513.0,50279015.98600016
2025-03-08 15:44:59.943000+00:00,2025-03-08 15:30:00+00:00,continuous,86512.9,86580.1,86380.0,86460.0,56393962.473899975
2025-03-08 15:59:59.425000+00:00,2025-03-08 15:45:00+00:00,continuous,86460.1,86513.9,86322.9,86360.0,36286460.20150003
2025-03-08 16:14:59.379000+00:00,2025-03-08 16:00:00+00:00,continuous,86360.0,86408.0,86213.2,86355.6,53475856.25119978
2025-03-08 16:29:59.956000+00:00,2025-03-08 16:15:00+00:00,continuous,86355.6,86355.6,85813.5,85886.6,239510464.68240002
2025-03-08 16:44:59.370000+00:00,2025-03-08 16:30:00+00:00,continuous,85886.5,86085.1,85778.8,86061.4,101826465.01050034
2025-03-08 16:59:59.895000+00:00,2025-03-08 16:45:00+00:00,continuous,86061.4,86202.0,85942.4,86102.0,90622611.95170058
2025-03-08 17:14:59.948000+00:00,2025-03-08 17:00:00+00:00,continuous,86102.0,86117.0,85668.5,85740.0,242466154.4918991
2025-03-08 17:29:59.992000+00:00,2025-03-08 17:15:00+00:00,continuous,85739.9,86013.9,85605.5,85879.6,205167056.28419778
2025-03-08 17:44:59.993000+00:00,2025-03-08 17:30:00+00:00,continuous,85878.4,86000.0,85785.3,85970.5,86214525.00250024
2025-03-08 17:59:59.977000+00:00,2025-03-08 17:45:00+00:00,continuous,85970.6,86000.0,85872.1,85900.0,65591546.42849987
2025-03-08 18:14:59.996000+00:00,2025-03-08 18:00:00+00:00,continuous,85899.9,86038.2,85822.7,86018.3,72257438.76410034
2025-03-08 18:29:58.471000+00:00,2025-03-08 18:15:00+00:00,continuous,86017.5,86037.5,85914.5,85980.7,30476696.40850005
2025-03-08 18:44:59.985000+00:00,2025-03-08 18:30:00+00:00,continuous,85980.7,86029.1,85924.8,85989.7,33092588.566000104
2025-03-08 18:59:59.427000+00:00,2025-03-08 18:45:00+00:00,continuous,85989.6,86043.7,85968.0,86005.7,28481240.756500058
2025-03-08 19:14:59.801000+00:00,2025-03-08 19:00:00+00:00,continuous,86005.8,86044.3,85744.0,85913.1,56107941.371900074
2025-03-08 19:29:59.954000+00:00,2025-03-08 19:15:00+00:00,continuous,85913.0,86310.0,85800.6,86279.9,117325899.74880041
2025-03-08 19:44:59.903000+00:00,2025-03-08 19:30:00+00:00,continuous,86279.8,86459.0,86246.5,86325.6,95252501.5651
2025-03-08 19:59:59.914000+00:00,2025-03-08 19:45:00+00:00,continuous,86325.6,86420.0,86163.0,86190.5,82434996.14310011
2025-03-08 20:14:59.678000+00:00,2025-03-08 20:00:00+00:00,continuous,86190.5,86325.0,86164.5,86272.8,34861719.46890003
2025-03-08 20:29:58.410000+00:00,2025-03-08 20:15:00+00:00,continuous,86272.8,86294.8,86140.0,86170.1,36653804.81039995
2025-03-08 20:44:59.603000+00:00,2025-03-08 20:30:00+00:00,continuous,86170.2,86266.9,86163.2,86256.6,28238111.227600057
2025-03-08 20:59:59.249000+00:00,2025-03-08 20:45:00+00:00,continuous,86256.5,86292.1,86210.9,86239.7,25231115.75479996
2025-03-08 21:14:58.842000+00:00,2025-03-08 21:00:00+00:00,continuous,86239.8,86361.3,86217.4,86315.7,31533568.238199897
2025-03-08 21:29:59.849000+00:00,2025-03-08 21:15:00+00:00,continuous,86315.8,86458.3,86315.7,86458.3,28333248.003700044
2025-03-08 21:44:59.397000+00:00,2025-03-08 21:30:00+00:00,continuous,86458.2,86458.8,86261.9,86264.5,53744437.172900066
2025-03-08 21:59:58.520000+00:00,2025-03-08 21:45:00+00:00,continuous,86264.5,86319.9,86141.4,86182.0,42369935.45349999
2025-03-08 22:14:59.309000+00:00,2025-03-08 22:00:00+00:00,continuous,86182.0,86200.0,85926.3,85946.4,68300086.68470007
2025-03-08 22:29:59.912000+00:00,2025-03-08 22:15:00+00:00,continuous,85946.5,86000.0,85800.0,85986.6,69048470.07480027
2025-03-08 22:44:59.923000+00:00,2025-03-08 22:30:00+00:00,continuous,85986.2,86139.8,85958.3,86072.2,80517257.50610022
2025-03-08 22:59:59.962000+00:00,2025-03-08 22:45:00+00:00,continuous,86072.2,86329.0,86014.5,86295.7,48688981.83000006
2025-03-08 23:14:59.284000+00:00,2025-03-08 23:00:00+00:00,continuous,86295.7,86360.0,86135.1,86326.4,71657888.46249989
2025-03-08 23:29:59.780000+00:00,2025-03-08 23:15:00+00:00,continuous,86326.4,86326.4,86185.5,86232.0,29083802.50779991
2025-03-08 23:44:59.817000+00:00,2025-03-08 23:30:00+00:00,continuous,86231.9,86280.0,86016.6,86093.0,50338729.4289
2025-03-08 23:59:59.727000+00:00,2025-03-08 23:45:00+00:00,continuous,86093.0,86184.9,86018.1,86184.7,40883695.16799997
2025-03-09 00:14:59.751000+00:00,2025-03-09 00:00:00+00:00,continuous,86184.7,86278.3,86072.4,86278.2,86230569.25189997
2025-03-09 00:29:59.811000+00:00,2025-03-09 00:15:00+00:00,continuous,86278.2,86368.6,86174.3,86351.9,74850673.86300008
2025-03-09 00:44:59.566000+00:00,2025-03-09 00:30:00+00:00,continuous,86352.0,86429.2,86262.0,86264.4,70623988.27980003
2025-03-09 00:59:59.259000+00:00,2025-03-09 00:45:00+00:00,continuous,86264.3,86423.9,86264.3,86379.5,54954076.89950008
2025-03-09 01:14:59.955000+00:00,2025-03-09 01:00:00+00:00,continuous,86379.5,86470.6,86303.9,86383.8,66729935.435000055
2025-03-09 01:29:59.197000+00:00,2025-03-09 01:15:00+00:00,continuous,86383.9,86422.4,86241.6,86249.3,38030193.54030003
2025-03-09 01:44:59.381000+00:00,2025-03-09 01:30:00+00:00,continuous,86249.3,86291.8,86101.8,86199.2,46235638.04679977
2025-03-09 01:59:59.260000+00:00,2025-03-09 01:45:00+00:00,continuous,86199.2,86264.0,86050.0,86146.3,67049040.1086003
2025-03-09 02:14:59.966000+00:00,2025-03-09 02:00:00+00:00,continuous,86146.3,86217.3,86055.1,86107.2,46100997.89800019
2025-03-09 02:29:59.859000+00:00,2025-03-09 02:15:00+00:00,continuous,86107.2,86229.3,86060.0,86160.1,38664326.496800095
2025-03-09 02:44:59.361000+00:00,2025-03-09 02:30:00+00:00,continuous,86160.1,86233.1,86092.1,86092.1,34950787.35679992
2025-03-09 02:59:59.258000+00:00,2025-03-09 02:45:00+00:00,continuous,86092.1,86092.2,85948.4,85954.0,84222794.61960027
2025-03-09 03:14:59.459000+00:00,2025-03-09 03:00:00+00:00,continuous,85954.0,86137.5,85902.0,85996.4,115764551.65369958
2025-03-09 03:29:59.582000+00:00,2025-03-09 03:15:00+00:00,continuous,85996.3,86125.0,85966.6,86042.8,32988803.88600018
2025-03-09 03:44:59.766000+00:00,2025-03-09 03:30:00+00:00,continuous,86042.8,86149.1,86042.7,86131.3,24845880.810900055
2025-03-09 03:59:59.468000+00:00,2025-03-09 03:45:00+00:00,continuous,86131.2,86186.0,86056.0,86077.1,36802914.99049994
2025-03-09 04:14:59.910000+00:00,2025-03-09 04:00:00+00:00,continuous,86077.1,86083.7,85956.6,85980.6,31159546.048999913
2025-03-09 04:29:59.998000+00:00,2025-03-09 04:15:00+00:00,continuous,85980.6,86030.2,85901.8,86024.8,51865403.878599845
2025-03-09 04:44:59.104000+00:00,2025-03-09 04:30:00+00:00,continuous,86024.9,86059.1,85943.0,85972.0,29148623.50240012
2025-03-09 04:59:59.970000+00:00,2025-03-09 04:45:00+00:00,continuous,85972.0,86090.2,85943.0,86015.6,21732533.38559992
2025-03-09 05:14:59.960000+00:00,2025-03-09 05:00:00+00:00,continuous,86015.6,86042.2,85941.0,85945.0,23209424.66889999
2025-03-09 05:29:59.990000+00:00,2025-03-09 05:15:00+00:00,continuous,85945.1,86125.0,85937.0,86066.2,49737809.77980007
2025-03-09 05:44:59.977000+00:00,2025-03-09 05:30:00+00:00,continuous,86066.3,86112.7,85972.0,86043.5,35760448.74410001
2025-03-09 05:59:59.553000+00:00,2025-03-09 05:45:00+00:00,continuous,86043.5,86059.0,85961.9,85988.1,26496209.960199997
2025-03-09 06:14:59.925000+00:00,2025-03-09 06:00:00+00:00,continuous,85988.0,85990.7,85780.6,85820.0,115511709.48819953
2025-03-09 06:29:59.173000+00:00,2025-03-09 06:15:00+00:00,continuous,85820.1,85917.8,85753.3,85903.6,52388189.82779997
2025-03-09 06:44:59.892000+00:00,2025-03-09 06:30:00+00:00,continuous,85903.6,85981.0,85853.7,85961.0,47601456.827499844
2025-03-09 06:59:59.955000+00:00,2025-03-09 06:45:00+00:00,continuous,85961.0,86000.0,85827.8,85864.6,34289880.0357
2025-03-09 07:14:59.491000+00:00,2025-03-09 07:00:00+00:00,continuous,85864.5,85978.5,85799.8,85937.3,32778099.012199968
2025-03-09 07:29:59.817000+00:00,2025-03-09 07:15:00+00:00,continuous,85937.5,86075.0,85894.7,86072.0,64986502.94189994
2025-03-09 07:44:59.602000+00:00,2025-03-09 07:30:00+00:00,continuous,86072.0,86128.3,85930.8,85978.3,79753055.72090004
2025-03-09 07:59:59.518000+00:00,2025-03-09 07:45:00+00:00,continuous,85978.2,85980.5,85867.5,85968.9,52137498.51350009
2025-03-09 08:14:59.502000+00:00,2025-03-09 08:00:00+00:00,continuous,85968.8,86092.8,85882.2,85899.9,86364727.8203999
2025-03-09 08:29:58.362000+00:00,2025-03-09 08:15:00+00:00,continuous,85900.0,85980.0,85860.0,85874.7,27720253.315000013
2025-03-09 08:44:59.916000+00:00,2025-03-09 08:30:00+00:00,continuous,85874.6,85986.2,85788.0,85788.0,63502040.39770007
2025-03-09 08:59:59.687000+00:00,2025-03-09 08:45:00+00:00,continuous,85788.0,85870.1,85725.6,85753.0,55937866.415700175
2025-03-09 09:14:59.953000+00:00,2025-03-09 09:00:00+00:00,continuous,85753.0,85785.5,85625.0,85760.9,108546500.97550072
2025-03-09 09:29:59.898000+00:00,2025-03-09 09:15:00+00:00,continuous,85761.2,85852.0,85700.1,85772.3,94348058.6015001
2025-03-09 09:44:59.931000+00:00,2025-03-09 09:30:00+00:00,continuous,85772.3,85828.6,85722.2,85808.5,34049528.985300176
2025-03-09 09:59:59.832000+00:00,2025-03-09 09:45:00+00:00,continuous,85808.4,85808.5,85333.1,85533.0,230927462.50950217
2025-03-09 10:14:59.685000+00:00,2025-03-09 10:00:00+00:00,continuous,85532.9,85588.6,85318.0,85441.1,163936203.03869984
2025-03-09 10:29:59.897000+00:00,2025-03-09 10:15:00+00:00,continuous,85441.0,85508.8,85089.4,85229.7,252377600.6931995
2025-03-09 10:44:59.986000+00:00,2025-03-09 10:30:00+00:00,continuous,85229.8,85236.8,84971.0,85125.5,238274633.73230022
2025-03-09 10:59:59.986000+00:00,2025-03-09 10:45:00+00:00,continuous,85125.5,85125.5,84666.0,84816.7,465663073.0321984
2025-03-09 11:14:59.999000+00:00,2025-03-09 11:00:00+00:00,continuous,84816.8,85019.1,84760.0,84823.3,197651718.09690025
2025-03-09 11:29:59.415000+00:00,2025-03-09 11:15:00+00:00,continuous,84823.3,84889.0,84601.3,84792.6,187706213.48750037
2025-03-09 11:44:59.977000+00:00,2025-03-09 11:30:00+00:00,continuous,84792.6,84912.7,84710.1,84899.2,99916897.43969966
2025-03-09 11:59:59.989000+00:00,2025-03-09 11:45:00+00:00,continuous,84899.3,85071.0,84851.4,84990.1,138441232.1283992
2025-03-09 12:14:59.892000+00:00,2025-03-09 12:00:00+00:00,continuous,84990.0,85028.1,84142.6,84386.1,562736496.1605974
2025-03-09 12:29:59.891000+00:00,2025-03-09 12:15:00+00:00,continuous,84386.0,84669.3,84386.0,84581.0,211790027.25879973
2025-03-09 12:44:59.873000+00:00,2025-03-09 12:30:00+00:00,continuous,84581.0,84775.5,84365.7,84680.0,179793112.11549845
2025-03-09 12:59:59.808000+00:00,2025-03-09 12:45:00+00:00,continuous,84680.1,84704.0,84480.2,84577.0,69768587.40670027
2025-03-09 13:14:59.941000+00:00,2025-03-09 13:00:00+00:00,continuous,84576.9,84669.9,84380.8,84402.9,95014146.4746001
2025-03-09 13:29:59.975000+00:00,2025-03-09 13:15:00+00:00,continuous,84402.9,84529.9,84250.0,84527.5,140899097.85039967
2025-03-09 13:44:59.948000+00:00,2025-03-09 13:30:00+00:00,continuous,84527.4,84527.4,84200.0,84235.0,132861658.6117001
2025-03-09 13:59:59.987000+00:00,2025-03-09 13:45:00+00:00,continuous,84234.9,84266.6,83394.1,83425.9,745890213.4250968
2025-03-09 14:14:59.981000+00:00,2025-03-09 14:00:00+00:00,continuous,83427.8,83688.0,83051.0,83085.7,697198320.1882958
2025-03-09 14:29:59.901000+00:00,2025-03-09 14:15:00+00:00,continuous,83085.6,83490.0,82952.6,83307.2,387934465.2944044
2025-03-09 14:44:59.874000+00:00,2025-03-09 14:30:00+00:00,continuous,83307.3,83782.4,83260.1,83365.8,349931106.3944999
2025-03-09 14:59:59.785000+00:00,2025-03-09 14:45:00+00:00,continuous,83365.7,83629.5,83230.1,83562.9,169225993.0038996
2025-03-09 15:14:59.800000+00:00,2025-03-09 15:00:00+00:00,continuous,83563.0,83730.0,83488.7,83708.2,141057503.3500009
2025-03-09 15:29:59.882000+00:00,2025-03-09 15:15:00+00:00,continuous,83708.2,83717.3,83333.0,83456.3,206703128.05230153
2025-03-09 15:44:59.833000+00:00,2025-03-09 15:30:00+00:00,continuous,83456.2,83569.0,83169.6,83288.8,141955448.7262003
2025-03-09 15:59:59.964000+00:00,2025-03-09 15:45:00+00:00,continuous,83288.8,83319.4,82619.3,83030.5,527857146.1103017
2025-03-09 16:14:59.970000+00:00,2025-03-09 16:00:00+00:00,continuous,83030.4,83513.1,82574.3,83482.6,499815123.40100205
2025-03-09 16:29:59.925000+00:00,2025-03-09 16:15:00+00:00,continuous,83482.5,83727.8,83038.3,83215.0,350553400.6750013
2025-03-09 16:44:59.913000+00:00,2025-03-09 16:30:00+00:00,continuous,83215.0,83250.0,82422.6,82868.1,500437126.2721994
2025-03-09 16:59:59.579000+00:00,2025-03-09 16:45:00+00:00,continuous,82868.1,82891.5,82280.7,82451.5,320276923.1052986
2025-03-09 17:14:59.996000+00:00,2025-03-09 17:00:00+00:00,continuous,82451.6,82839.2,82280.7,82747.6,302479205.86260146
2025-03-09 17:29:59.891000+00:00,2025-03-09 17:15:00+00:00,continuous,82747.5,82914.3,82176.9,82411.4,360811513.2459965
2025-03-09 17:44:59.994000+00:00,2025-03-09 17:30:00+00:00,continuous,82410.5,82587.2,82192.0,82280.1,177007797.17759997
2025-03-09 17:59:59.925000+00:00,2025-03-09 17:45:00+00:00,continuous,82280.8,82717.5,82179.1,82324.3,216536396.09690046
2025-03-09 18:14:59.967000+00:00,2025-03-09 18:00:00+00:00,continuous,82324.4,82847.6,82223.6,82491.2,237675087.51779833
2025-03-09 18:29:59.970000+00:00,2025-03-09 18:15:00+00:00,continuous,82491.3,83300.0,82268.4,82952.6,377475402.59819996
2025-03-09 18:44:59.958000+00:00,2025-03-09 18:30:00+00:00,continuous,82952.5,83292.8,82649.6,82897.8,327404863.73109996
2025-03-09 18:59:59.581000+00:00,2025-03-09 18:45:00+00:00,continuous,82897.9,82993.6,82369.0,82637.5,188850738.1526994
2025-03-09 19:14:59.990000+00:00,2025-03-09 19:00:00+00:00,continuous,82637.5,82802.7,82300.0,82413.4,210561638.5666994
2025-03-09 19:29:59.842000+00:00,2025-03-09 19:15:00+00:00,continuous,82413.4,82837.1,82322.0,82662.5,171683551.84640005
2025-03-09 19:44:59.734000+00:00,2025-03-09 19:30:00+00:00,continuous,82662.4,82950.6,82610.6,82733.1,121496195.68180041
2025-03-09 19:59:59.422000+00:00,2025-03-09 19:45:00+00:00,continuous,82733.0,82800.0,82500.0,82604.9,101144355.8792004
2025-03-09 20:14:59.932000+00:00,2025-03-09 20:00:00+00:00,continuous,82605.0,83136.5,82565.7,83135.0,162739836.9410991
2025-03-09 20:29:59.908000+00:00,2025-03-09 20:15:00+00:00,continuous,83134.9,83304.2,82852.1,83116.9,164341289.87160048
2025-03-09 20:44:59.797000+00:00,2025-03-09 20:30:00+00:00,continuous,83116.8,83515.0,83100.0,83302.7,207481927.2365003
2025-03-09 20:59:59.528000+00:00,2025-03-09 20:45:00+00:00,continuous,83302.7,83302.7,82879.0,83042.9,130015902.42880036
2025-03-09 21:14:59.834000+00:00,2025-03-09 21:00:00+00:00,continuous,83042.8,83055.0,82525.7,82535.9,117153148.90700014
2025-03-09 21:29:59.860000+00:00,2025-03-09 21:15:00+00:00,continuous,82535.9,82605.9,81762.5,81991.3,488357486.8423033
2025-03-09 21:44:59.497000+00:00,2025-03-09 21:30:00+00:00,continuous,81991.2,82197.5,81901.1,82144.0,149880370.8582
2025-03-09 21:59:59.840000+00:00,2025-03-09 21:45:00+00:00,continuous,82144.1,82313.7,81471.3,81820.5,285390508.86549973
2025-03-09 22:14:59.891000+00:00,2025-03-09 22:00:00+00:00,continuous,81820.6,82044.9,81350.0,81530.5,305524767.38160133
2025-03-09 22:29:59.972000+00:00,2025-03-09 22:15:00+00:00,continuous,81530.5,81838.0,81114.6,81322.3,288842339.74439865
2025-03-09 22:44:59.855000+00:00,2025-03-09 22:30:00+00:00,continuous,81323.5,81420.0,80850.0,81081.1,434978687.12289625
2025-03-09 22:59:59.916000+00:00,2025-03-09 22:45:00+00:00,continuous,81081.0,81225.7,80000.0,80319.2,773768516.367503
2025-03-09 23:14:59.875000+00:00,2025-03-09 23:00:00+00:00,continuous,80319.1,80860.0,79933.4,80538.7,849941869.8066103
2025-03-09 23:29:59.801000+00:00,2025-03-09 23:15:00+00:00,continuous,80535.3,81024.3,80453.1,80560.3,304736198.21769524
2025-03-09 23:44:59.824000+00:00,2025-03-09 23:30:00+00:00,continuous,80560.3,80946.4,80447.8,80600.0,163030674.4988018
2025-03-09 23:59:59.980000+00:00,2025-03-09 23:45:00+00:00,continuous,80600.0,80785.0,80280.0,80688.8,275179334.3394997
2025-03-10 00:14:59.993000+00:00,2025-03-10 00:00:00+00:00,continuous,80690.7,81391.8,80636.4,80870.8,496786259.7024128
2025-03-10 00:29:59.942000+00:00,2025-03-10 00:15:00+00:00,continuous,80870.9,80884.2,80358.0,80523.0,288715837.97849905
2025-03-10 00:44:59.990000+00:00,2025-03-10 00:30:00+00:00,continuous,80523.0,80988.0,80001.0,80754.1,402906852.5156024
2025-03-10 00:59:59.827000+00:00,2025-03-10 00:45:00+00:00,continuous,80754.2,81468.9,80714.2,81242.0,402448369.2168999
2025-03-10 01:14:59.856000+00:00,2025-03-10 01:00:00+00:00,continuous,81242.0,81842.7,81115.8,81231.2,404549246.99900085
2025-03-10 01:29:59.978000+00:00,2025-03-10 01:15:00+00:00,continuous,81231.1,81363.6,80757.6,81252.8,214369476.0055005
2025-03-10 01:44:59.987000+00:00,2025-03-10 01:30:00+00:00,continuous,81252.7,81700.0,81249.3,81642.0,201775648.34779972
2025-03-10 01:59:59.691000+00:00,2025-03-10 01:45:00+00:00,continuous,81641.9,81849.6,81492.9,81715.3,151576897.75910076
2025-03-10 02:14:59.975000+00:00,2025-03-10 02:00:00+00:00,continuous,81715.3,82044.3,81475.1,81900.9,192255595.198501
2025-03-10 02:29:59.786000+00:00,2025-03-10 02:15:00+00:00,continuous,81900.9,82530.0,81874.4,82102.0,382941704.0000994
2025-03-10 02:44:59.894000+00:00,2025-03-10 02:30:00+00:00,continuous,82102.1,82694.2,82063.4,82376.4,241539911.4486003
2025-03-10 02:59:59.662000+00:00,2025-03-10 02:45:00+00:00,continuous,82376.4,82526.0,82064.9,82159.4,231076999.16969708
2025-03-10 03:14:59.910000+00:00,2025-03-10 03:00:00+00:00,continuous,82159.4,82282.3,81838.1,81878.3,199720506.67490163
2025-03-10 03:29:59.983000+00:00,2025-03-10 03:15:00+00:00,continuous,81878.3,82000.0,81747.0,81782.8,127192380.71880068
2025-03-10 03:44:59.951000+00:00,2025-03-10 03:30:00+00:00,continuous,81782.8,82288.6,81754.1,82189.1,157193899.02640063
2025-03-10 03:59:59.243000+00:00,2025-03-10 03:45:00+00:00,continuous,82189.2,82300.0,81967.4,82000.1,95570484.36250003
2025-03-10 04:14:59.873000+00:00,2025-03-10 04:00:00+00:00,continuous,82000.1,82389.0,81950.1,82262.7,133072113.23150009
2025-03-10 04:29:59.993000+00:00,2025-03-10 04:15:00+00:00,continuous,82262.7,82497.4,82204.3,82444.6,87170198.2155998
2025-03-10 04:44:59.914000+00:00,2025-03-10 04:30:00+00:00,continuous,82444.7,82533.0,82280.5,82306.0,102953588.7597001
2025-03-10 04:59:59.953000+00:00,2025-03-10 04:45:00+00:00,continuous,82306.0,82615.1,82240.3,82585.8,75671913.31650008
2025-03-10 05:14:59.897000+00:00,2025-03-10 05:00:00+00:00,continuous,82585.9,82761.0,82401.1,82401.5,152219639.83690023
2025-03-10 05:29:59.857000+00:00,2025-03-10 05:15:00+00:00,continuous,82401.4,82623.0,82401.4,82514.4,61957328.223700106
2025-03-10 05:44:59.892000+00:00,2025-03-10 05:30:00+00:00,continuous,82514.4,82540.0,82167.8,82208.4,86928269.9910003
2025-03-10 05:59:59.701000+00:00,2025-03-10 05:45:00+00:00,continuous,82208.4,82318.2,82088.0,82277.5,84925222.81640013
2025-03-10 06:14:59.760000+00:00,2025-03-10 06:00:00+00:00,continuous,82277.6,82317.0,82055.5,82112.3,78020535.86229959
2025-03-10 06:29:59.873000+00:00,2025-03-10 06:15:00+00:00,continuous,82112.3,82387.5,82100.0,82123.6,67427202.66740027
2025-03-10 06:44:59.940000+00:00,2025-03-10 06:30:00+00:00,continuous,82123.6,82201.6,81947.0,82103.8,100793386.37669966
2025-03-10 06:59:59.472000+00:00,2025-03-10 06:45:00+00:00,continuous,82103.8,82348.4,82055.7,82297.4,70040756.56919968
2025-03-10 07:14:59.999000+00:00,2025-03-10 07:00:00+00:00,continuous,82297.5,82661.7,82212.0,82263.2,141155339.17470014
2025-03-10 07:29:59.984000+00:00,2025-03-10 07:15:00+00:00,continuous,82264.0,82445.2,82061.6,82077.1,94098035.39149998
2025-03-10 07:44:59.898000+00:00,2025-03-10 07:30:00+00:00,continuous,82077.0,82302.9,82004.3,82216.8,88155062.1727995
2025-03-10 07:59:59.997000+00:00,2025-03-10 07:45:00+00:00,continuous,82216.8,82350.5,82152.0,82277.6,70104121.5947002
2025-03-10 08:14:59.920000+00:00,2025-03-10 08:00:00+00:00,continuous,82277.7,82355.8,81965.0,82106.8,154744341.3786
2025-03-10 08:29:59.980000+00:00,2025-03-10 08:15:00+00:00,continuous,82106.8,82150.0,81701.8,82002.5,288035227.5698013
2025-03-10 08:44:59.738000+00:00,2025-03-10 08:30:00+00:00,continuous,82002.5,82032.0,81229.9,81429.6,418033732.808805
2025-03-10 08:59:59.945000+00:00,2025-03-10 08:45:00+00:00,continuous,81429.2,81639.7,81110.0,81309.9,265911401.25850067
2025-03-10 09:14:59.875000+00:00,2025-03-10 09:00:00+00:00,continuous,81309.8,81921.0,81292.5,81909.1,218925916.70339924
2025-03-10 09:29:59.993000+00:00,2025-03-10 09:15:00+00:00,continuous,81909.1,84031.5,81890.0,83185.3,1673391002.4440017
2025-03-10 09:44:59.881000+00:00,2025-03-10 09:30:00+00:00,continuous,83185.2,83319.6,82422.4,82716.9,591782832.5523032
2025-03-10 09:59:59.866000+00:00,2025-03-10 09:45:00+00:00,continuous,82716.9,82911.0,82080.0,82461.8,386859851.8900964
2025-03-10 10:14:59.832000+00:00,2025-03-10 10:00:00+00:00,continuous,82461.8,82644.8,82132.6,82185.0,216879547.94700074
2025-03-10 10:29:59.980000+00:00,2025-03-10 10:15:00+00:00,continuous,82184.9,82366.0,81580.9,81821.6,321647825.99930006
2025-03-10 10:44:59.868000+00:00,2025-03-10 10:30:00+00:00,continuous,81821.6,82136.8,81745.5,81899.9,253158351.08660218
2025-03-10 10:59:59.899000+00:00,2025-03-10 10:45:00+00:00,continuous,81899.9,82319.8,81825.9,82239.5,195679694.17510137
2025-03-10 11:14:59.726000+00:00,2025-03-10 11:00:00+00:00,continuous,82239.5,82427.1,82078.1,82133.2,166446744.65650007
2025-03-10 11:29:59.810000+00:00,2025-03-10 11:15:00+00:00,continuous,82133.2,82555.0,82020.0,82554.9,172065803.10320094
2025-03-10 11:44:59.995000+00:00,2025-03-10 11:30:00+00:00,continuous,82554.9,82627.5,82364.1,82479.3,159366513.25430065
2025-03-10 11:59:59.976000+00:00,2025-03-10 11:45:00+00:00,continuous,82479.2,83752.7,82434.3,83540.2,808204922.9247135
2025-03-10 12:14:59.720000+00:00,2025-03-10 12:00:00+00:00,continuous,83540.3,83728.2,83016.7,83124.1,668538758.5240936
2025-03-10 12:29:59.886000+00:00,2025-03-10 12:15:00+00:00,continuous,83124.1,83443.0,82700.1,82786.7,434015825.1184989
2025-03-10 12:44:59.973000+00:00,2025-03-10 12:30:00+00:00,continuous,82786.7,83189.5,82586.1,83098.7,302470484.37229717
2025-03-10 12:59:59.991000+00:00,2025-03-10 12:45:00+00:00,continuous,83098.7,83416.3,82916.8,83208.0,192819344.6974015
2025-03-10 13:14:59.776000+00:00,2025-03-10 13:00:00+00:00,continuous,83208.0,83274.6,82686.4,82942.6,212378112.8662993
2025-03-10 13:29:59.832000+00:00,2025-03-10 13:15:00+00:00,continuous,82942.5,83009.9,82432.1,82624.2,245302489.4825002
2025-03-10 13:44:59.886000+00:00,2025-03-10 13:30:00+00:00,continuous,82624.3,82852.2,82055.0,82662.1,695164828.3588065
2025-03-10 13:59:59.975000+00:00,2025-03-10 13:45:00+00:00,continuous,82660.0,82795.5,81383.2,81505.0,773630601.8569036
2025-03-10 14:14:59.988000+00:00,2025-03-10 14:00:00+00:00,continuous,81501.6,81501.6,80131.3,80131.3,1111157241.3487759
2025-03-10 14:29:59.976000+00:00,2025-03-10 14:15:00+00:00,continuous,80131.4,80535.0,79291.9,79845.9,1697582696.5918741
2025-03-10 14:44:59.949000+00:00,2025-03-10 14:30:00+00:00,continuous,79846.0,80305.6,79500.0,79687.4,827793355.069797
2025-03-10 14:59:59.966000+00:00,2025-03-10 14:45:00+00:00,continuous,79687.3,80005.0,79142.8,79813.7,763316707.9123926
2025-03-10 15:14:59.971000+00:00,2025-03-10 15:00:00+00:00,continuous,79813.7,80297.2,79533.6,80208.4,693805585.1051985
2025-03-10 15:29:59.983000+00:00,2025-03-10 15:15:00+00:00,continuous,80208.5,80485.3,79860.0,80235.8,361986305.13259906
2025-03-10 15:44:59.977000+00:00,2025-03-10 15:30:00+00:00,continuous,80235.9,81092.4,80147.2,80275.0,675200597.0503997
2025-03-10 15:59:59.998000+00:00,2025-03-10 15:45:00+00:00,continuous,80275.5,80700.0,79959.8,80009.7,441496001.42879915
2025-03-10 16:14:59.941000+00:00,2025-03-10 16:00:00+00:00,continuous,80008.4,80217.6,79611.3,79987.5,413023622.88419986
2025-03-10 16:29:59.735000+00:00,2025-03-10 16:15:00+00:00,continuous,79987.8,80000.0,79265.5,79576.8,432058201.26169974
2025-03-10 16:44:59.959000+00:00,2025-03-10 16:30:00+00:00,continuous,79576.7,79799.7,79155.0,79317.0,404455508.9822995
2025-03-10 16:59:59.990000+00:00,2025-03-10 16:45:00+00:00,continuous,79316.9,79484.0,78925.3,78981.3,487657573.36850476
2025-03-10 17:14:59.909000+00:00,2025-03-10 17:00:00+00:00,continuous,78981.4,79095.1,78324.0,78560.0,900230390.4695915
2025-03-10 17:29:59.903000+00:00,2025-03-10 17:15:00+00:00,continuous,78560.0,79301.4,78530.4,79030.7,601608966.3431011
2025-03-10 17:44:59.928000+00:00,2025-03-10 17:30:00+00:00,continuous,79030.7,79097.4,78388.9,78594.8,415905523.2214985
2025-03-10 17:59:59.950000+00:00,2025-03-10 17:45:00+00:00,continuous,78594.8,78816.2,78163.0,78420.5,584054629.4777039
2025-03-10 18:14:59.907000+00:00,2025-03-10 18:00:00+00:00,continuous,78420.4,79124.7,78061.2,78781.5,577555901.362798
2025-03-10 18:29:59.938000+00:00,2025-03-10 18:15:00+00:00,continuous,78781.6,78952.3,78206.2,78469.7,309673322.8701002
2025-03-10 18:44:59.990000+00:00,2025-03-10 18:30:00+00:00,continuous,78469.7,78702.8,78128.5,78544.4,326283996.97019833
2025-03-10 18:59:59.986000+00:00,2025-03-10 18:45:00+00:00,continuous,78544.7,78553.6,77445.0,77620.7,765644711.0443847
2025-03-10 19:14:59.956000+00:00,2025-03-10 19:00:00+00:00,continuous,77620.6,78151.4,77410.1,77978.1,590516978.408404
2025-03-10 19:29:59.943000+00:00,2025-03-10 19:15:00+00:00,continuous,77978.1,78902.4,77960.2,78558.6,602377376.3829962
2025-03-10 19:44:59.899000+00:00,2025-03-10 19:30:00+00:00,continuous,78558.7,79485.2,78552.5,78712.0,620149071.1085993
2025-03-10 19:59:59.982000+00:00,2025-03-10 19:45:00+00:00,continuous,78712.0,79229.9,78659.0,79037.1,346695097.8151023
2025-03-10 20:14:59.905000+00:00,2025-03-10 20:00:00+00:00,continuous,79035.3,79100.0,78610.8,78900.3,238513336.94489947
2025-03-10 20:29:59.881000+00:00,2025-03-10 20:15:00+00:00,continuous,78900.3,79085.9,78682.5,79031.0,99417827.46619953
2025-03-10 20:44:59.337000+00:00,2025-03-10 20:30:00+00:00,continuous,79030.9,79154.3,78654.6,78719.0,171183316.35069978
2025-03-10 20:59:59.904000+00:00,2025-03-10 20:45:00+00:00,continuous,78719.0,79697.2,78363.6,79270.3,714111739.1233982
2025-03-10 21:14:59.961000+00:00,2025-03-10 21:00:00+00:00,continuous,79270.3,79626.3,78921.6,79608.1,337437210.0229988
2025-03-10 21:29:59.890000+00:00,2025-03-10 21:15:00+00:00,continuous,79608.0,79608.1,79172.6,79528.2,136880156.56280032
2025-03-10 21:44:59.862000+00:00,2025-03-10 21:30:00+00:00,continuous,79528.2,79844.4,79400.1,79584.3,162599633.98600024
2025-03-10 21:59:59.891000+00:00,2025-03-10 21:45:00+00:00,continuous,79584.3,79636.0,79340.0,79528.0,109212886.57850054
2025-03-10 22:14:59.725000+00:00,2025-03-10 22:00:00+00:00,continuous,79528.0,79820.0,79250.1,79400.1,149863889.6245008
2025-03-10 22:29:59.662000+00:00,2025-03-10 22:15:00+00:00,continuous,79400.0,79412.5,79152.7,79269.3,101988727.61779949
2025-03-10 22:44:59.889000+00:00,2025-03-10 22:30:00+00:00,continuous,79268.9,79412.4,79169.4,79175.9,77925821.31339982
2025-03-10 22:59:59.968000+00:00,2025-03-10 22:45:00+00:00,continuous,79175.8,79690.0,79171.0,79460.3,133312825.85839915
2025-03-10 23:14:59.813000+00:00,2025-03-10 23:00:00+00:00,continuous,79464.0,79673.4,79343.6,79364.4,126488659.19330047
2025-03-10 23:29:59.618000+00:00,2025-03-10 23:15:00+00:00,continuous,79364.4,79408.9,78942.7,79175.1,179601276.6366003
2025-03-10 23:44:59.888000+00:00,2025-03-10 23:30:00+00:00,continuous,79175.1,79353.5,79019.5,79200.2,97783224.53620005
2025-03-10 23:59:59.929000+00:00,2025-03-10 23:45:00+00:00,continuous,79200.2,79200.2,78463.9,78567.8,294672947.4445019
2025-03-11 00:14:59.649000+00:00,2025-03-11 00:00:00+00:00,continuous,78567.8,79208.4,78567.8,78736.9,250735686.5965986
2025-03-11 00:29:59.986000+00:00,2025-03-11 00:15:00+00:00,continuous,78735.1,78744.9,77236.2,77266.8,771797199.3895987
2025-03-11 00:44:59.945000+00:00,2025-03-11 00:30:00+00:00,continuous,77266.9,77500.0,76738.4,76788.6,1020567758.7765127
2025-03-11 00:59:59.871000+00:00,2025-03-11 00:45:00+00:00,continuous,76788.5,77700.0,76560.0,77630.7,818985862.9232937
2025-03-11 01:14:59.891000+00:00,2025-03-11 01:00:00+00:00,continuous,77630.6,77699.9,76765.5,77087.1,421410769.4134089
2025-03-11 01:29:59.939000+00:00,2025-03-11 01:15:00+00:00,continuous,77087.1,77789.0,76951.9,77715.2,301135937.3331975
2025-03-11 01:44:59.952000+00:00,2025-03-11 01:30:00+00:00,continuous,77715.2,78906.2,77695.0,78906.1,590401504.8331951
2025-03-11 01:59:59.943000+00:00,2025-03-11 01:45:00+00:00,continuous,78906.2,79095.9,78541.0,79084.2,362541928.7299024
2025-03-11 02:14:59.919000+00:00,2025-03-11 02:00:00+00:00,continuous,79084.1,79460.1,78891.4,79285.3,352518065.91220134
2025-03-11 02:29:59.973000+00:00,2025-03-11 02:15:00+00:00,continuous,79285.3,79621.2,79112.5,79242.0,247793453.75060153
2025-03-11 02:44:59.952000+00:00,2025-03-11 02:30:00+00:00,continuous,79241.9,79285.0,79018.3,79109.1,244986948.23589942
2025-03-11 02:59:59.685000+00:00,2025-03-11 02:45:00+00:00,continuous,79109.2,79494.1,79057.9,79314.9,145839984.62339884
2025-03-11 03:14:59.911000+00:00,2025-03-11 03:00:00+00:00,continuous,79314.9,79888.0,79240.0,79608.3,258743928.16759992
2025-03-11 03:29:59.960000+00:00,2025-03-11 03:15:00+00:00,continuous,79608.3,79668.4,79346.5,79377.1,140403872.25350124
2025-03-11 03:44:59.823000+00:00,2025-03-11 03:30:00+00:00,continuous,79378.6,79676.9,79327.1,79537.1,96856992.7603008
2025-03-11 03:59:59.872000+00:00,2025-03-11 03:45:00+00:00,continuous,79537.2,79666.0,79421.2,79486.6,84073755.82190038
2025-03-11 04:14:59.668000+00:00,2025-03-11 04:00:00+00:00,continuous,79486.7,79825.8,79411.2,79757.6,142701654.2773996
2025-03-11 04:29:59.797000+00:00,2025-03-11 04:15:00+00:00,continuous,79757.5,80234.0,79740.0,80051.0,373893182.24509823
2025-03-11 04:44:59.613000+00:00,2025-03-11 04:30:00+00:00,continuous,80050.9,80209.9,79718.3,79904.8,288677688.2421021
2025-03-11 04:59:59.914000+00:00,2025-03-11 04:45:00+00:00,continuous,79904.7,79923.6,79680.7,79719.4,166152168.82959977
2025-03-11 05:14:59.928000+00:00,2025-03-11 05:00:00+00:00,continuous,79719.4,80287.6,79675.4,80136.0,276851225.52130014
2025-03-11 05:29:59.934000+00:00,2025-03-11 05:15:00+00:00,continuous,80136.1,80288.0,79868.7,80142.5,194890635.92049953
2025-03-11 05:44:59.986000+00:00,2025-03-11 05:30:00+00:00,continuous,80142.6,80250.0,80019.5,80138.0,117844993.62109968
2025-03-11 05:59:59.601000+00:00,2025-03-11 05:45:00+00:00,continuous,80138.0,80438.2,80088.0,80219.9,170779373.13179904
2025-03-11 06:14:59.948000+00:00,2025-03-11 06:00:00+00:00,continuous,80220.0,80512.3,80140.0,80377.8,136391994.91999993
2025-03-11 06:29:59.970000+00:00,2025-03-11 06:15:00+00:00,continuous,80377.6,80471.3,80206.3,80368.9,138420193.591801
2025-03-11 06:44:59.910000+00:00,2025-03-11 06:30:00+00:00,continuous,80369.0,80397.5,80167.7,80324.9,86414980.58640009
2025-03-11 06:59:59.678000+00:00,2025-03-11 06:45:00+00:00,continuous,80324.9,80350.0,80062.8,80062.8,116740681.95589969
2025-03-11 07:14:59.872000+00:00,2025-03-11 07:00:00+00:00,continuous,80062.9,80457.9,80050.1,80410.2,154439079.92509907
2025-03-11 07:29:59.849000+00:00,2025-03-11 07:15:00+00:00,continuous,80410.1,80585.5,80311.0,80409.5,132367382.41930021
2025-03-11 07:44:59.828000+00:00,2025-03-11 07:30:00+00:00,continuous,80409.4,80428.1,80222.3,80317.1,106600566.95249993
2025-03-11 07:59:59.224000+00:00,2025-03-11 07:45:00+00:00,continuous,80317.0,80456.5,80240.8,80386.0,94066449.4332004
2025-03-11 08:14:59.902000+00:00,2025-03-11 08:00:00+00:00,continuous,80386.0,80814.6,80291.0,80773.4,250357817.01379967
2025-03-11 08:29:59.872000+00:00,2025-03-11 08:15:00+00:00,continuous,80773.4,80950.0,80650.2,80887.9,231176970.64120084
2025-03-11 08:44:59.964000+00:00,2025-03-11 08:30:00+00:00,continuous,80887.9,80996.1,80816.4,80946.8,197500176.20320046
2025-03-11 08:59:59.892000+00:00,2025-03-11 08:45:00+00:00,continuous,80946.7,81478.2,80946.7,81083.8,458745218.1311983
2025-03-11 09:14:59.981000+00:00,2025-03-11 09:00:00+00:00,continuous,81083.7,81493.6,81074.6,81286.5,257949630.3354994
2025-03-11 09:29:59.986000+00:00,2025-03-11 09:15:00+00:00,continuous,81286.3,81663.5,81197.1,81651.1,223854807.52959964
2025-03-11 09:44:59.933000+00:00,2025-03-11 09:30:00+00:00,continuous,81651.1,81874.9,81423.0,81477.5,254080230.85860044
2025-03-11 09:59:59.841000+00:00,2025-03-11 09:45:00+00:00,continuous,81477.4,81594.1,81394.1,81419.9,136769713.05509934
2025-03-11 10:14:59.773000+00:00,2025-03-11 10:00:00+00:00,continuous,81419.9,81628.0,81233.0,81492.9,205211421.53239983
2025-03-11 10:29:59.852000+00:00,2025-03-11 10:15:00+00:00,continuous,81492.8,81765.0,81455.4,81673.1,125718679.87240054
2025-03-11 10:44:59.522000+00:00,2025-03-11 10:30:00+00:00,continuous,81673.1,81832.6,81580.2,81692.2,133372157.51739885
2025-03-11 10:59:59.964000+00:00,2025-03-11 10:45:00+00:00,continuous,81692.2,81782.1,81567.0,81762.3,89050862.57930037
2025-03-11 11:14:59.891000+00:00,2025-03-11 11:00:00+00:00,continuous,81762.1,81896.0,81356.8,81580.2,274512809.20789963
2025-03-11 11:29:59.939000+00:00,2025-03-11 11:15:00+00:00,continuous,81580.3,81820.3,81580.2,81786.5,156856900.42610046
2025-03-11 11:44:59.593000+00:00,2025-03-11 11:30:00+00:00,continuous,81786.4,82061.5,81666.0,81947.9,296872241.35259986
2025-03-11 11:59:59.825000+00:00,2025-03-11 11:45:00+00:00,continuous,81947.8,81958.5,81659.7,81684.6,93963619.97899988
2025-03-11 12:14:59.870000+00:00,2025-03-11 12:00:00+00:00,continuous,81684.5,81726.4,81263.7,81302.9,379484542.6719997
2025-03-11 12:29:59.707000+00:00,2025-03-11 12:15:00+00:00,continuous,81303.0,81877.0,81271.7,81679.2,300888786.8253989
2025-03-11 12:44:59.692000+00:00,2025-03-11 12:30:00+00:00,continuous,81679.2,81738.2,81337.9,81393.4,180081970.94009888
2025-03-11 12:59:59.800000+00:00,2025-03-11 12:45:00+00:00,continuous,81393.5,81450.0,81036.0,81201.5,388427457.3493995
2025-03-11 13:14:59.978000+00:00,2025-03-11 13:00:00+00:00,continuous,81201.6,81312.1,80497.1,80731.4,576852815.9418029
2025-03-11 13:29:59.995000+00:00,2025-03-11 13:15:00+00:00,continuous,80731.4,82240.0,80700.0,81411.0,909968989.5209025
2025-03-11 13:44:59.931000+00:00,2025-03-11 13:30:00+00:00,continuous,81410.1,81780.0,80799.2,81127.3,975555205.7690924
2025-03-11 13:59:59.943000+00:00,2025-03-11 13:45:00+00:00,continuous,81128.7,81528.8,80739.2,80864.1,604690441.5659034
2025-03-11 14:14:59.989000+00:00,2025-03-11 14:00:00+00:00,continuous,80864.1,81362.4,80036.0,80629.7,1632649313.0353115
2025-03-11 14:29:59.952000+00:00,2025-03-11 14:15:00+00:00,continuous,80629.6,80851.5,79822.0,79889.9,614906502.453688
2025-03-11 14:44:59.982000+00:00,2025-03-11 14:30:00+00:00,continuous,79888.2,80195.9,79026.2,79430.6,1185475374.5414078
2025-03-11 14:59:59.914000+00:00,2025-03-11 14:45:00+00:00,continuous,79429.0,80570.8,79240.0,79742.0,935239803.4732943
2025-03-11 15:14:59.901000+00:00,2025-03-11 15:00:00+00:00,continuous,79741.9,81249.6,79626.1,81180.9,1018280992.5747057
2025-03-11 15:29:59.991000+00:00,2025-03-11 15:15:00+00:00,continuous,81181.0,81494.7,80679.6,80840.1,772859357.2349037
2025-03-11 15:44:59.944000+00:00,2025-03-11 15:30:00+00:00,continuous,80840.0,81384.5,80762.6,81061.3,404626849.4470003
2025-03-11 15:59:59.962000+00:00,2025-03-11 15:45:00+00:00,continuous,81060.0,81650.0,80869.1,81190.7,400965466.5178028
2025-03-11 16:14:59.968000+00:00,2025-03-11 16:00:00+00:00,continuous,81190.7,81498.2,80600.0,80641.0,386237599.25429934
2025-03-11 16:29:59.967000+00:00,2025-03-11 16:15:00+00:00,continuous,80640.9,81553.6,80615.3,81451.6,458972814.21140575
2025-03-11 16:44:59.955000+00:00,2025-03-11 16:30:00+00:00,continuous,81452.2,81794.0,81353.1,81586.4,369993540.4667985
2025-03-11 16:59:59.932000+00:00,2025-03-11 16:45:00+00:00,continuous,81586.3,81888.0,81210.0,81349.9,355523803.6228985
2025-03-11 17:14:59.757000+00:00,2025-03-11 17:00:00+00:00,continuous,81350.0,81524.6,81079.7,81323.8,272959170.4831986
2025-03-11 17:29:59.942000+00:00,2025-03-11 17:15:00+00:00,continuous,81323.7,81670.4,80731.1,80843.4,323684841.06179994
2025-03-11 17:44:59.992000+00:00,2025-03-11 17:30:00+00:00,continuous,80843.3,81412.6,80706.0,81383.5,392364810.39580214
2025-03-11 17:59:59.861000+00:00,2025-03-11 17:45:00+00:00,continuous,81383.4,81704.7,81069.3,81272.7,332629488.929002
2025-03-11 18:14:59.917000+00:00,2025-03-11 18:00:00+00:00,continuous,81272.6,82443.1,81248.0,82399.9,663879212.5042039
2025-03-11 18:29:59.863000+00:00,2025-03-11 18:15:00+00:00,continuous,82399.4,82892.0,82033.8,82516.5,581135027.6937028
2025-03-11 18:44:59.965000+00:00,2025-03-11 18:30:00+00:00,continuous,82516.5,82883.6,82311.2,82857.4,287800308.7390999
2025-03-11 18:59:59.974000+00:00,2025-03-11 18:45:00+00:00,continuous,82857.5,83425.0,82804.6,83226.4,566888057.7371914
2025-03-11 19:14:59.848000+00:00,2025-03-11 19:00:00+00:00,continuous,83226.4,83600.0,82970.9,83039.9,478976260.8839003
2025-03-11 19:29:59.857000+00:00,2025-03-11 19:15:00+00:00,continuous,83039.9,83208.5,82812.0,83139.9,245212356.8871997
2025-03-11 19:44:59.984000+00:00,2025-03-11 19:30:00+00:00,continuous,83139.8,83446.3,83081.2,83302.6,205973625.70090178
2025-03-11 19:59:59.917000+00:00,2025-03-11 19:45:00+00:00,continuous,83302.6,83364.6,82904.2,83060.1,198019855.19229856
2025-03-11 20:14:59.982000+00:00,2025-03-11 20:00:00+00:00,continuous,83060.1,83130.1,82768.2,82802.6,191007375.0123999
2025-03-11 20:29:59.983000+00:00,2025-03-11 20:15:00+00:00,continuous,82802.6,82931.2,82562.5,82604.8,217389178.33459994
2025-03-11 20:44:59.859000+00:00,2025-03-11 20:30:00+00:00,continuous,82604.9,82970.0,82604.9,82881.6,216866716.48879978
2025-03-11 20:59:59.956000+00:00,2025-03-11 20:45:00+00:00,continuous,82881.6,83038.0,82734.6,82761.1,120117788.76649949
2025-03-11 21:14:59.871000+00:00,2025-03-11 21:00:00+00:00,continuous,82761.0,83135.1,82756.0,83011.7,110045860.12340043
2025-03-11 21:29:59.780000+00:00,2025-03-11 21:15:00+00:00,continuous,83011.8,83197.2,82925.0,83160.2,68419525.4483
2025-03-11 21:44:59.963000+00:00,2025-03-11 21:30:00+00:00,continuous,83160.2,83219.6,82904.3,82953.7,84746277.13429976
2025-03-11 21:59:59.974000+00:00,2025-03-11 21:45:00+00:00,continuous,82950.2,83176.1,82945.9,83063.7,48450797.40030008
2025-03-11 22:14:59.848000+00:00,2025-03-11 22:00:00+00:00,continuous,83063.6,83239.6,82981.1,83185.1,116382166.6526009
2025-03-11 22:29:59.849000+00:00,2025-03-11 22:15:00+00:00,continuous,83185.0,83261.7,83020.0,83120.4,80521660.4292001
2025-03-11 22:44:59.591000+00:00,2025-03-11 22:30:00+00:00,continuous,83120.4,83133.1,82926.3,83050.0,87779601.45639966
2025-03-11 22:59:59.346000+00:00,2025-03-11 22:45:00+00:00,continuous,83050.1,83194.9,82964.9,83096.7,52608950.02379979
2025-03-11 23:14:59.625000+00:00,2025-03-11 23:00:00+00:00,continuous,83096.8,83152.1,82700.1,82850.2,172079400.93110028
2025-03-11 23:29:59.972000+00:00,2025-03-11 23:15:00+00:00,continuous,82850.2,82861.2,82512.4,82629.3,180708885.74910018
2025-03-11 23:44:59.863000+00:00,2025-03-11 23:30:00+00:00,continuous,82629.2,82843.9,82528.2,82750.0,81980751.53569956
2025-03-11 23:59:59.407000+00:00,2025-03-11 23:45:00+00:00,continuous,82750.0,82896.0,82611.0,82896.0,74519739.33999985
2025-03-12 00:14:59.850000+00:00,2025-03-12 00:00:00+00:00,continuous,82896.0,82958.0,82643.2,82740.0,115704299.72389978
2025-03-12 00:29:59.536000+00:00,2025-03-12 00:15:00+00:00,continuous,82739.9,82926.8,82650.9,82817.8,85930246.05390029
2025-03-12 00:44:59.695000+00:00,2025-03-12 00:30:00+00:00,continuous,82817.9,83088.4,82626.0,82689.4,155066680.61940107
2025-03-12 00:59:59.686000+00:00,2025-03-12 00:45:00+00:00,continuous,82689.4,82773.9,82555.5,82721.5,107134682.07859994
2025-03-12 01:14:59.831000+00:00,2025-03-12 01:00:00+00:00,continuous,82721.6,83122.2,82705.8,82989.9,119841280.25420034
2025-03-12 01:29:59.792000+00:00,2025-03-12 01:15:00+00:00,continuous,82989.9,83190.6,82887.0,83029.9,132063962.1156003
2025-03-12 01:44:59.982000+00:00,2025-03-12 01:30:00+00:00,continuous,83029.9,83480.0,83006.2,83298.5,212361850.26970026
2025-03-12 01:59:59.855000+00:00,2025-03-12 01:45:00+00:00,continuous,83298.4,83741.8,83188.6,83264.4,332790856.78590065
2025-03-12 02:14:59.982000+00:00,2025-03-12 02:00:00+00:00,continuous,83264.5,83278.6,82706.7,83169.3,300724803.7649992
2025-03-12 02:29:59.916000+00:00,2025-03-12 02:15:00+00:00,continuous,83169.3,83180.0,82617.4,82664.9,190352156.32679978
2025-03-12 02:44:59.937000+00:00,2025-03-12 02:30:00+00:00,continuous,82664.9,82755.0,82167.4,82432.9,387149382.9830005
2025-03-12 02:59:59.967000+00:00,2025-03-12 02:45:00+00:00,continuous,82432.9,82497.3,82201.0,82391.2,189873626.2326997
2025-03-12 03:14:59.567000+00:00,2025-03-12 03:00:00+00:00,continuous,82392.6,82565.0,82246.5,82440.1,163950751.7666003
2025-03-12 03:29:59.987000+00:00,2025-03-12 03:15:00+00:00,continuous,82440.1,82447.0,82233.0,82320.1,131231094.92040057
2025-03-12 03:44:59.899000+00:00,2025-03-12 03:30:00+00:00,continuous,82320.9,82455.7,82073.5,82273.6,266217714.48850024
2025-03-12 03:59:59.909000+00:00,2025-03-12 03:45:00+00:00,continuous,82273.4,82323.9,82066.5,82098.2,89082690.69759987
2025-03-12 04:14:59.524000+00:00,2025-03-12 04:00:00+00:00,continuous,82098.3,82147.6,81750.0,82007.6,352507897.68009925
2025-03-12 04:29:59.567000+00:00,2025-03-12 04:15:00+00:00,continuous,82007.7,82037.0,81806.0,81858.7,118821454.58990002
2025-03-12 04:44:59.944000+00:00,2025-03-12 04:30:00+00:00,continuous,81858.7,81866.5,81601.1,81619.5,210128956.41630098
2025-03-12 04:59:59.783000+00:00,2025-03-12 04:45:00+00:00,continuous,81619.5,81819.3,81582.0,81776.6,160711151.0130007
2025-03-12 05:14:59.961000+00:00,2025-03-12 05:00:00+00:00,continuous,81776.6,81897.2,81562.1,81716.1,144092987.26650032
2025-03-12 05:29:59.925000+00:00,2025-03-12 05:15:00+00:00,continuous,81716.0,81810.6,81614.4,81780.1,77698775.22540012
2025-03-12 05:44:59.983000+00:00,2025-03-12 05:30:00+00:00,continuous,81780.0,81943.0,81750.0,81830.1,133074538.44430009
2025-03-12 05:59:59.929000+00:00,2025-03-12 05:45:00+00:00,continuous,81830.0,82013.8,81800.0,81950.0,107848474.67510054
2025-03-12 06:14:59.968000+00:00,2025-03-12 06:00:00+00:00,continuous,81950.1,81950.1,81447.6,81585.0,239426321.8851011
2025-03-12 06:29:59.565000+00:00,2025-03-12 06:15:00+00:00,continuous,81584.9,81723.7,81463.1,81652.8,102755290.06900053
2025-03-12 06:44:59.821000+00:00,2025-03-12 06:30:00+00:00,continuous,81652.9,81758.0,81580.8,81612.5,50042217.89000016
2025-03-12 06:59:59.821000+00:00,2025-03-12 06:45:00+00:00,continuous,81612.5,81641.8,81250.0,81380.1,209842930.51570064
2025-03-12 07:14:59.984000+00:00,2025-03-12 07:00:00+00:00,continuous,81380.0,81688.7,81285.5,81466.2,192111791.02080086
2025-03-12 07:29:59.892000+00:00,2025-03-12 07:15:00+00:00,continuous,81466.3,81837.2,81303.0,81658.9,172775398.6689
2025-03-12 07:44:59.835000+00:00,2025-03-12 07:30:00+00:00,continuous,81658.9,81870.4,81544.7,81860.0,191720397.62209922
2025-03-12 07:59:59.894000+00:00,2025-03-12 07:45:00+00:00,continuous,81859.9,82500.0,81765.1,82402.9,571250468.6653011
2025-03-12 08:14:59.935000+00:00,2025-03-12 08:00:00+00:00,continuous,82402.8,82799.0,82328.0,82673.0,382362959.4182014
2025-03-12 08:29:59.943000+00:00,2025-03-12 08:15:00+00:00,continuous,82673.0,82763.2,81980.0,82477.4,479294594.4415044
2025-03-12 08:44:59.885000+00:00,2025-03-12 08:30:00+00:00,continuous,82477.4,82666.0,82287.7,82640.3,183443159.31199974
2025-03-12 08:59:59.922000+00:00,2025-03-12 08:45:00+00:00,continuous,82640.3,82756.2,82536.4,82639.3,164168628.13519907
2025-03-12 09:14:59.725000+00:00,2025-03-12 09:00:00+00:00,continuous,82639.8,82887.4,82303.3,82525.6,293308348.2647017
2025-03-12 09:29:59.946000+00:00,2025-03-12 09:15:00+00:00,continuous,82525.5,82536.4,82207.3,82230.7,229405498.27960104
2025-03-12 09:44:59.549000+00:00,2025-03-12 09:30:00+00:00,continuous,82230.8,82513.6,82183.4,82463.8,118451555.35819978
2025-03-12 09:59:59.949000+00:00,2025-03-12 09:45:00+00:00,continuous,82463.8,82645.0,82406.4,82624.6,74617573.12680012
2025-03-12 10:14:59.838000+00:00,2025-03-12 10:00:00+00:00,continuous,82624.6,82733.0,82355.9,82488.1,92271783.10669996
2025-03-12 10:29:59.896000+00:00,2025-03-12 10:15:00+00:00,continuous,82488.0,82516.6,82125.1,82256.5,314822855.7613004
2025-03-12 10:44:59.833000+00:00,2025-03-12 10:30:00+00:00,continuous,82256.5,82278.4,82061.0,82258.0,157950661.90140006
2025-03-12 10:59:59.647000+00:00,2025-03-12 10:45:00+00:00,continuous,82258.0,82499.0,82258.0,82460.1,108045532.35460022
2025-03-12 11:14:59.989000+00:00,2025-03-12 11:00:00+00:00,continuous,82460.2,82637.3,82394.2,82558.4,116693518.54650024
2025-03-12 11:29:59.991000+00:00,2025-03-12 11:15:00+00:00,continuous,82557.6,82723.8,82470.0,82723.8,92579901.63910015
2025-03-12 11:44:59.795000+00:00,2025-03-12 11:30:00+00:00,continuous,82723.7,82942.4,82700.0,82803.5,186759531.73700175
2025-03-12 11:59:59.961000+00:00,2025-03-12 11:45:00+00:00,continuous,82803.6,83046.9,82720.5,82972.0,129896681.70909992
2025-03-12 12:14:59.562000+00:00,2025-03-12 12:00:00+00:00,continuous,82971.9,83259.5,82811.4,82904.8,325839633.04019886
2025-03-12 12:29:59.998000+00:00,2025-03-12 12:15:00+00:00,continuous,82904.7,83495.0,82902.4,83318.3,237600882.36609834
2025-03-12 12:44:59.982000+00:00,2025-03-12 12:30:00+00:00,continuous,83315.8,84487.0,83308.7,83591.1,1867931409.017128
2025-03-12 12:59:59.940000+00:00,2025-03-12 12:45:00+00:00,continuous,83591.1,84035.5,83371.0,84021.3,465753324.6270964
2025-03-12 13:14:59.984000+00:00,2025-03-12 13:00:00+00:00,continuous,84021.4,84175.9,83640.6,83806.6,343379276.11499804
2025-03-12 13:29:59.983000+00:00,2025-03-12 13:15:00+00:00,continuous,83806.7,83864.2,83240.0,83304.5,352736298.3365951
2025-03-12 13:44:59.883000+00:00,2025-03-12 13:30:00+00:00,continuous,83304.4,83752.5,83166.6,83444.7,590679407.7420979
2025-03-12 13:59:59.956000+00:00,2025-03-12 13:45:00+00:00,continuous,83444.8,83658.4,82302.2,82649.9,983191598.9773107
2025-03-12 14:14:59.987000+00:00,2025-03-12 14:00:00+00:00,continuous,82649.1,82882.6,82317.0,82434.9,555167866.0373952
2025-03-12 14:29:59.811000+00:00,2025-03-12 14:15:00+00:00,continuous,82435.0,82722.0,82134.2,82435.0,383402753.9568981
2025-03-12 14:44:59.994000+00:00,2025-03-12 14:30:00+00:00,continuous,82435.1,82599.9,81555.0,81658.5,745320463.5792911
2025-03-12 14:59:59.973000+00:00,2025-03-12 14:45:00+00:00,continuous,81658.4,81850.6,81500.5,81500.9,444391545.05020386
2025-03-12 15:14:59.941000+00:00,2025-03-12 15:00:00+00:00,continuous,81501.0,81568.7,80578.5,80900.1,1142065212.0497098
2025-03-12 15:29:59.875000+00:00,2025-03-12 15:15:00+00:00,continuous,80900.0,81376.1,80751.0,81210.1,714211038.7441967
2025-03-12 15:44:59.860000+00:00,2025-03-12 15:30:00+00:00,continuous,81210.1,81681.7,81200.1,81564.8,527533442.1108939
2025-03-12 15:59:59.901000+00:00,2025-03-12 15:45:00+00:00,continuous,81564.8,81974.4,81396.3,81688.1,455018224.77670044
2025-03-12 16:14:59.893000+00:00,2025-03-12 16:00:00+00:00,continuous,81688.0,82222.0,81575.6,82137.1,382579911.1189042
2025-03-12 16:29:59.844000+00:00,2025-03-12 16:15:00+00:00,continuous,82137.2,82247.9,81720.9,81808.6,334246300.9163977
2025-03-12 16:44:59.982000+00:00,2025-03-12 16:30:00+00:00,continuous,81808.5,82187.0,81606.0,81621.5,309726400.3378014
2025-03-12 16:59:59.975000+00:00,2025-03-12 16:45:00+00:00,continuous,81621.5,82074.8,81621.5,81922.0,301470352.17019916
2025-03-12 17:14:59.989000+00:00,2025-03-12 17:00:00+00:00,continuous,81922.1,82520.0,81852.6,82416.9,324875119.06370276
2025-03-12 17:29:59.617000+00:00,2025-03-12 17:15:00+00:00,continuous,82416.3,82851.0,82371.8,82722.4,331355872.4782986
2025-03-12 17:44:59.914000+00:00,2025-03-12 17:30:00+00:00,continuous,82722.3,82835.6,82383.8,82393.9,184038368.89889982
2025-03-12 17:59:59.997000+00:00,2025-03-12 17:45:00+00:00,continuous,82394.8,82500.0,81700.0,81811.8,427032206.2928978
2025-03-12 18:14:59.614000+00:00,2025-03-12 18:00:00+00:00,continuous,81811.7,82352.9,81669.0,82321.5,355022112.4497983
2025-03-12 18:29:59.872000+00:00,2025-03-12 18:15:00+00:00,continuous,82321.4,82672.4,82281.4,82488.0,308675130.7203983
2025-03-12 18:44:59.998000+00:00,2025-03-12 18:30:00+00:00,continuous,82488.1,82714.9,82303.8,82660.6,125860617.19019945
2025-03-12 18:59:59.117000+00:00,2025-03-12 18:45:00+00:00,continuous,82660.4,82766.0,82455.2,82589.9,151754834.40690002
2025-03-12 19:14:59.981000+00:00,2025-03-12 19:00:00+00:00,continuous,82589.9,82888.0,82438.0,82869.9,163256645.55910018
2025-03-12 19:29:59.861000+00:00,2025-03-12 19:15:00+00:00,continuous,82870.0,82998.0,82675.0,82721.0,232049465.35929966
2025-03-12 19:44:59.703000+00:00,2025-03-12 19:30:00+00:00,continuous,82721.0,82935.4,82450.0,82627.2,191394266.10449982
2025-03-12 19:59:59.996000+00:00,2025-03-12 19:45:00+00:00,continuous,82627.2,83127.4,82611.7,82877.3,249401839.30360022
2025-03-12 20:14:59.053000+00:00,2025-03-12 20:00:00+00:00,continuous,82874.5,82906.5,82662.0,82727.5,116161685.62979992
2025-03-12 20:29:59.951000+00:00,2025-03-12 20:15:00+00:00,continuous,82727.4,82922.8,82692.3,82822.4,73399850.35840003
2025-03-12 20:44:59.939000+00:00,2025-03-12 20:30:00+00:00,continuous,82822.5,83149.0,82822.4,83099.9,130034197.86390042
2025-03-12 20:59:59.300000+00:00,2025-03-12 20:45:00+00:00,continuous,83100.0,83142.4,82973.3,83073.7,94121941.8290001
2025-03-12 21:14:59.811000+00:00,2025-03-12 21:00:00+00:00,continuous,83073.8,83257.0,83073.7,83238.2,90805782.47690009
2025-03-12 21:29:59.296000+00:00,2025-03-12 21:15:00+00:00,continuous,83238.3,83282.6,83067.2,83104.9,46298898.86360007
2025-03-12 21:44:59.073000+00:00,2025-03-12 21:30:00+00:00,continuous,83105.0,83227.8,83008.6,83057.8,62252289.01979991
2025-03-12 21:59:59.592000+00:00,2025-03-12 21:45:00+00:00,continuous,83057.8,83113.0,82813.9,83049.1,82191576.61340015
2025-03-12 22:14:59.919000+00:00,2025-03-12 22:00:00+00:00,continuous,83049.1,83396.9,83041.1,83354.9,138193208.4614007
2025-03-12 22:29:59.915000+00:00,2025-03-12 22:15:00+00:00,continuous,83354.4,83538.3,83276.9,83451.0,169914266.24190032
2025-03-12 22:44:59.608000+00:00,2025-03-12 22:30:00+00:00,continuous,83451.0,83633.0,83376.1,83568.2,123576480.16220073
2025-03-12 22:59:59.922000+00:00,2025-03-12 22:45:00+00:00,continuous,83568.3,83649.0,83483.7,83608.1,73775232.6993996
2025-03-12 23:14:59.909000+00:00,2025-03-12 23:00:00+00:00,continuous,83608.1,83702.3,83466.0,83531.0,118641877.42779988
2025-03-12 23:29:59.993000+00:00,2025-03-12 23:15:00+00:00,continuous,83530.9,83555.0,83386.3,83408.2,100415347.72859986
2025-03-12 23:44:59.975000+00:00,2025-03-12 23:30:00+00:00,continuous,83407.6,83665.0,83366.6,83644.6,67489870.67689985
2025-03-12 23:59:59.991000+00:00,2025-03-12 23:45:00+00:00,continuous,83644.5,83849.0,83590.5,83640.7,124440833.7127007
2025-03-13 00:14:59.822000+00:00,2025-03-13 00:00:00+00:00,continuous,83640.6,83789.5,83558.0,83610.7,105231976.78089945
2025-03-13 00:29:59.708000+00:00,2025-03-13 00:15:00+00:00,continuous,83610.6,83978.0,83436.0,83670.1,200206461.20659968
2025-03-13 00:44:59.978000+00:00,2025-03-13 00:30:00+00:00,continuous,83670.0,83925.7,83568.6,83784.2,105112899.29580018
2025-03-13 00:59:59.919000+00:00,2025-03-13 00:45:00+00:00,continuous,83785.2,83803.0,83404.3,83412.4,118173608.34089954
2025-03-13 01:14:59.727000+00:00,2025-03-13 01:00:00+00:00,continuous,83412.4,83680.0,83267.1,83642.6,138725305.82319987
2025-03-13 01:29:59.640000+00:00,2025-03-13 01:15:00+00:00,continuous,83642.6,83760.7,83460.0,83595.3,86305595.7862002
2025-03-13 01:44:59.870000+00:00,2025-03-13 01:30:00+00:00,continuous,83595.4,83848.4,83595.3,83663.8,85231392.16360031
2025-03-13 01:59:59.964000+00:00,2025-03-13 01:45:00+00:00,continuous,83663.8,84199.3,83659.0,83880.8,264127103.14070052
2025-03-13 02:14:59.904000+00:00,2025-03-13 02:00:00+00:00,continuous,83880.7,84307.1,83828.5,84122.6,184998655.53999943
2025-03-13 02:29:59.964000+00:00,2025-03-13 02:15:00+00:00,continuous,84122.5,84122.5,83850.0,83917.1,108522888.65979984
2025-03-13 02:44:59.760000+00:00,2025-03-13 02:30:00+00:00,continuous,83917.0,84019.3,83777.0,83912.5,98100589.44849977
2025-03-13 02:59:59.988000+00:00,2025-03-13 02:45:00+00:00,continuous,83912.5,84033.0,83720.0,83746.7,63854813.50160027
2025-03-13 03:14:59.479000+00:00,2025-03-13 03:00:00+00:00,continuous,83746.8,83962.3,83690.9,83929.7,90284584.74919954
2025-03-13 03:29:59.705000+00:00,2025-03-13 03:15:00+00:00,continuous,83929.7,84159.2,83831.7,83849.9,116754416.86109973
2025-03-13 03:44:59.933000+00:00,2025-03-13 03:30:00+00:00,continuous,83850.0,83864.0,83547.1,83560.5,160877072.05660057
2025-03-13 03:59:59.882000+00:00,2025-03-13 03:45:00+00:00,continuous,83560.6,83666.0,83500.1,83537.1,84807667.20329973
2025-03-13 04:14:59.915000+00:00,2025-03-13 04:00:00+00:00,continuous,83537.2,83663.0,83471.5,83573.1,92708314.67429979
2025-03-13 04:29:59.973000+00:00,2025-03-13 04:15:00+00:00,continuous,83573.2,83661.2,83402.5,83420.0,100192554.58100048
2025-03-13 04:44:59.817000+00:00,2025-03-13 04:30:00+00:00,continuous,83419.9,83499.1,83222.0,83279.5,169571041.7010001
2025-03-13 04:59:59.834000+00:00,2025-03-13 04:45:00+00:00,continuous,83279.6,83432.2,83163.5,83256.6,91094310.04980007
2025-03-13 05:14:59.798000+00:00,2025-03-13 05:00:00+00:00,continuous,83256.6,83405.0,83228.5,83331.1,74999644.77740024
2025-03-13 05:29:59.891000+00:00,2025-03-13 05:15:00+00:00,continuous,83331.0,83505.8,83252.1,83411.2,90483305.76240009
2025-03-13 05:44:59.644000+00:00,2025-03-13 05:30:00+00:00,continuous,83411.3,83429.8,83040.0,83054.6,211360796.13280085
2025-03-13 05:59:59.844000+00:00,2025-03-13 05:45:00+00:00,continuous,83054.6,83208.3,83040.0,83121.5,156321528.80359966
2025-03-13 06:14:59.956000+00:00,2025-03-13 06:00:00+00:00,continuous,83121.4,83172.6,82912.1,82920.1,117545270.81070033
2025-03-13 06:29:59.993000+00:00,2025-03-13 06:15:00+00:00,continuous,82920.0,82994.6,82813.2,82988.5,170212513.85610023
2025-03-13 06:44:59.778000+00:00,2025-03-13 06:30:00+00:00,continuous,82988.4,83117.0,82934.7,83013.8,85217583.03559996
2025-03-13 06:59:59.902000+00:00,2025-03-13 06:45:00+00:00,continuous,83013.7,83289.9,83009.3,83250.0,149858362.39560005
2025-03-13 07:14:59.657000+00:00,2025-03-13 07:00:00+00:00,continuous,83250.0,83307.0,83104.6,83150.8,90105552.5056996
2025-03-13 07:29:59.715000+00:00,2025-03-13 07:15:00+00:00,continuous,83150.7,83545.9,83150.0,83387.1,161537371.76139992
2025-03-13 07:44:59.949000+00:00,2025-03-13 07:30:00+00:00,continuous,83387.1,83496.0,83161.7,83226.7,158227235.5307014
2025-03-13 07:59:59.853000+00:00,2025-03-13 07:45:00+00:00,continuous,83226.6,83305.5,83085.1,83118.5,97731724.34249969
2025-03-13 08:14:59.953000+00:00,2025-03-13 08:00:00+00:00,continuous,83118.6,83222.5,83060.0,83060.1,66650481.74890018
2025-03-13 08:29:59.758000+00:00,2025-03-13 08:15:00+00:00,continuous,83060.0,83088.6,82500.0,82618.5,399826119.13940114
2025-03-13 08:44:59.995000+00:00,2025-03-13 08:30:00+00:00,continuous,82618.4,82758.8,82350.0,82630.9,213598342.18670076
2025-03-13 08:59:59.997000+00:00,2025-03-13 08:45:00+00:00,continuous,82631.0,83033.4,82600.1,82934.1,184185948.45569873
2025-03-13 09:14:59.992000+00:00,2025-03-13 09:00:00+00:00,continuous,82932.5,83242.5,82931.9,83129.9,212022256.26059905
2025-03-13 09:29:59.943000+00:00,2025-03-13 09:15:00+00:00,continuous,83130.0,83454.9,83122.0,83200.0,266472731.79310122
2025-03-13 09:44:59.671000+00:00,2025-03-13 09:30:00+00:00,continuous,83200.0,83345.2,83166.3,83279.6,89528366.52810019
2025-03-13 09:59:59.848000+00:00,2025-03-13 09:45:00+00:00,continuous,83279.6,83494.6,83270.4,83399.4,129734922.18659955
2025-03-13 10:14:59.991000+00:00,2025-03-13 10:00:00+00:00,continuous,83399.4,83460.7,83214.7,83306.8,81071774.4101996
2025-03-13 10:29:59.993000+00:00,2025-03-13 10:15:00+00:00,continuous,83306.6,83346.6,83067.1,83263.6,106318291.9126
2025-03-13 10:44:59.710000+00:00,2025-03-13 10:30:00+00:00,continuous,83263.6,83365.3,83001.0,83051.0,118039622.5598002
2025-03-13 10:59:59.649000+00:00,2025-03-13 10:45:00+00:00,continuous,83051.0,83279.4,82960.3,83148.2,103545943.49269985
2025-03-13 11:14:59.873000+00:00,2025-03-13 11:00:00+00:00,continuous,83148.2,83194.3,82904.5,82932.3,135073153.2612
2025-03-13 11:29:59.773000+00:00,2025-03-13 11:15:00+00:00,continuous,82932.3,82934.9,82743.5,82830.7,131032095.78719975
2025-03-13 11:44:59.578000+00:00,2025-03-13 11:30:00+00:00,continuous,82830.8,82982.9,82709.1,82835.2,158580133.3732009
2025-03-13 11:59:59.802000+00:00,2025-03-13 11:45:00+00:00,continuous,82835.1,82960.3,82668.0,82939.5,140530797.35309935
2025-03-13 12:14:59.871000+00:00,2025-03-13 12:00:00+00:00,continuous,82939.3,82989.0,82716.5,82804.8,162195023.20320058
2025-03-13 12:29:59.901000+00:00,2025-03-13 12:15:00+00:00,continuous,82804.8,83290.0,82800.8,83232.0,230726218.71620163
2025-03-13 12:44:59.937000+00:00,2025-03-13 12:30:00+00:00,continuous,83232.0,84030.0,82615.0,82965.0,698405907.7996938
2025-03-13 12:59:59.960000+00:00,2025-03-13 12:45:00+00:00,continuous,82965.1,82965.1,82212.0,82469.4,649188080.0631957
2025-03-13 13:14:59.995000+00:00,2025-03-13 13:00:00+00:00,continuous,82469.3,82871.8,82419.9,82549.8,312335390.531101
2025-03-13 13:29:59.993000+00:00,2025-03-13 13:15:00+00:00,continuous,82549.9,82947.3,82502.0,82862.5,205707718.26639888
2025-03-13 13:44:59.968000+00:00,2025-03-13 13:30:00+00:00,continuous,82862.6,83114.2,82337.9,82345.3,543845777.7680045
2025-03-13 13:59:59.921000+00:00,2025-03-13 13:45:00+00:00,continuous,82345.2,82445.8,81556.0,81730.6,925151555.5988965
2025-03-13 14:14:59.898000+00:00,2025-03-13 14:00:00+00:00,continuous,81730.5,82075.0,81466.8,82002.5,670368587.8603929
2025-03-13 14:29:59.974000+00:00,2025-03-13 14:15:00+00:00,continuous,82002.5,82500.0,81800.1,81864.9,629504774.4827976
2025-03-13 14:44:59.999000+00:00,2025-03-13 14:30:00+00:00,continuous,81865.0,82180.0,81815.7,81991.4,214124690.5790993
2025-03-13 14:59:59.899000+00:00,2025-03-13 14:45:00+00:00,continuous,81991.7,82250.1,81818.1,81966.5,245138361.07349974
2025-03-13 15:14:59.912000+00:00,2025-03-13 15:00:00+00:00,continuous,81966.6,82141.6,81547.0,81615.8,439248422.0834041
2025-03-13 15:29:59.970000+00:00,2025-03-13 15:15:00+00:00,continuous,81615.9,81795.0,81355.3,81550.1,372216289.6160023
2025-03-13 15:44:59.953000+00:00,2025-03-13 15:30:00+00:00,continuous,81550.0,81550.0,80914.4,81385.0,709675433.0275012
2025-03-13 15:59:59.927000+00:00,2025-03-13 15:45:00+00:00,continuous,81385.1,81385.1,80960.0,81016.0,286605733.1458976
2025-03-13 16:14:59.824000+00:00,2025-03-13 16:00:00+00:00,continuous,81016.0,81178.0,80812.0,80919.9,408076522.08289886
2025-03-13 16:29:59.970000+00:00,2025-03-13 16:15:00+00:00,continuous,80920.0,81128.4,80812.3,80916.6,210895524.18880033
2025-03-13 16:44:59.773000+00:00,2025-03-13 16:30:00+00:00,continuous,80916.5,81243.8,80808.4,80988.0,247546052.0870984
2025-03-13 16:59:59.849000+00:00,2025-03-13 16:45:00+00:00,continuous,80988.0,80988.0,80621.2,80850.1,361109101.75300103
2025-03-13 17:14:59.730000+00:00,2025-03-13 17:00:00+00:00,continuous,80850.1,80871.6,80364.0,80556.0,352724681.4262012
2025-03-13 17:29:59.919000+00:00,2025-03-13 17:15:00+00:00,continuous,80556.0,80566.9,80176.1,80360.2,421830954.10030115
2025-03-13 17:44:59.925000+00:00,2025-03-13 17:30:00+00:00,continuous,80360.2,80524.8,80046.0,80115.2,370811518.3938986
2025-03-13 17:59:59.859000+00:00,2025-03-13 17:45:00+00:00,continuous,80115.1,80247.3,79903.4,80034.6,318566232.0221994
2025-03-13 18:14:59.913000+00:00,2025-03-13 18:00:00+00:00,continuous,80034.6,80747.7,79964.5,80687.9,515229013.3041946
2025-03-13 18:29:59.966000+00:00,2025-03-13 18:15:00+00:00,continuous,80687.8,80916.2,80459.5,80877.5,296769929.4756985
2025-03-13 18:44:59.894000+00:00,2025-03-13 18:30:00+00:00,continuous,80879.6,80927.3,80612.0,80721.1,237082449.25119987
2025-03-13 18:59:59.579000+00:00,2025-03-13 18:45:00+00:00,continuous,80721.1,80825.0,80515.4,80784.6,153075854.72559896
2025-03-13 19:14:59.782000+00:00,2025-03-13 19:00:00+00:00,continuous,80784.6,80999.0,80610.6,80716.6,152009288.74239948
2025-03-13 19:29:59.912000+00:00,2025-03-13 19:15:00+00:00,continuous,80716.6,80733.3,80387.9,80539.9,165195651.60380015
2025-03-13 19:44:59.732000+00:00,2025-03-13 19:30:00+00:00,continuous,80540.0,80645.5,80289.7,80328.0,193980676.84530076
2025-03-13 19:59:59.976000+00:00,2025-03-13 19:45:00+00:00,continuous,80328.1,80430.6,80109.0,80177.9,284144164.83689934
2025-03-13 20:14:59.942000+00:00,2025-03-13 20:00:00+00:00,continuous,80177.5,80578.0,80162.9,80394.2,143425771.1219997
2025-03-13 20:29:59.827000+00:00,2025-03-13 20:15:00+00:00,continuous,80394.3,80656.3,80394.2,80629.8,136890222.9459994
2025-03-13 20:44:59.762000+00:00,2025-03-13 20:30:00+00:00,continuous,80629.8,80700.0,80347.1,80347.1,113903455.37429953
2025-03-13 20:59:59.800000+00:00,2025-03-13 20:45:00+00:00,continuous,80347.2,80429.9,80250.6,80348.0,106227239.42969964
2025-03-13 21:14:59.943000+00:00,2025-03-13 21:00:00+00:00,continuous,80348.0,80552.9,80237.0,80420.0,141866745.96189997
2025-03-13 21:29:59.874000+00:00,2025-03-13 21:15:00+00:00,continuous,80420.1,80626.7,80363.9,80607.5,48447086.05189988
2025-03-13 21:44:59.993000+00:00,2025-03-13 21:30:00+00:00,continuous,80607.5,80781.7,80450.0,80744.1,82668514.6997999
2025-03-13 21:59:59.407000+00:00,2025-03-13 21:45:00+00:00,continuous,80744.1,80850.1,80632.6,80775.6,125029020.6437002
2025-03-13 22:14:59.893000+00:00,2025-03-13 22:00:00+00:00,continuous,80775.5,80980.0,80685.1,80906.5,132372587.62019998
2025-03-13 22:29:59.954000+00:00,2025-03-13 22:15:00+00:00,continuous,80906.5,81032.9,80792.1,81021.3,110151040.4093996
2025-03-13 22:44:59.902000+00:00,2025-03-13 22:30:00+00:00,continuous,81021.3,81133.3,80934.9,81102.3,128076279.47809981
2025-03-13 22:59:59.819000+00:00,2025-03-13 22:45:00+00:00,continuous,81102.2,81371.8,81097.8,81346.0,139651957.14439985
2025-03-13 23:14:59.996000+00:00,2025-03-13 23:00:00+00:00,continuous,81346.0,81450.5,81230.8,81312.5,144015544.56300002
2025-03-13 23:29:59.865000+00:00,2025-03-13 23:15:00+00:00,continuous,81312.5,81344.6,81049.3,81060.8,106491551.16249989
2025-03-13 23:44:59.884000+00:00,2025-03-13 23:30:00+00:00,continuous,81060.8,81170.4,81000.0,81036.1,74679918.33800007
2025-03-13 23:59:59.481000+00:00,2025-03-13 23:45:00+00:00,continuous,81035.8,81161.4,81035.8,81085.4,57005141.8092001
2025-03-14 00:14:59.997000+00:00,2025-03-14 00:00:00+00:00,continuous,81085.5,81098.0,80772.0,80978.2,195865974.63660058
2025-03-14 00:29:59.865000+00:00,2025-03-14 00:15:00+00:00,continuous,80978.3,81235.1,80861.7,81160.5,113778816.1418998
2025-03-14 00:44:59.918000+00:00,2025-03-14 00:30:00+00:00,continuous,81160.6,81511.7,81160.5,81496.7,152478321.396001
2025-03-14 00:59:59.908000+00:00,2025-03-14 00:45:00+00:00,continuous,81496.6,81651.0,81350.0,81458.0,187954140.22470126
2025-03-14 01:14:59.860000+00:00,2025-03-14 01:00:00+00:00,continuous,81458.0,81458.1,81136.8,81375.1,159454863.9815001
2025-03-14 01:29:59.857000+00:00,2025-03-14 01:15:00+00:00,continuous,81375.0,81432.7,81210.6,81388.3,52319925.988799885
2025-03-14 01:44:59.849000+00:00,2025-03-14 01:30:00+00:00,continuous,81388.3,81804.0,81388.3,81775.3,145838398.10759962
2025-03-14 01:59:59.869000+00:00,2025-03-14 01:45:00+00:00,continuous,81775.2,81840.9,81512.7,81558.5,93195415.26290023
2025-03-14 02:14:59.756000+00:00,2025-03-14 02:00:00+00:00,continuous,81558.4,81698.5,81545.0,81682.1,66477219.00980034
2025-03-14 02:29:59.891000+00:00,2025-03-14 02:15:00+00:00,continuous,81682.0,81933.0,81629.4,81827.2,120930703.4815003
2025-03-14 02:44:59.305000+00:00,2025-03-14 02:30:00+00:00,continuous,81827.3,81895.1,81644.0,81807.2,97741237.37530011
2025-03-14 02:59:59.925000+00:00,2025-03-14 02:45:00+00:00,continuous,81807.2,82249.0,81756.8,82195.7,388859084.33399904
2025-03-14 03:14:59.697000+00:00,2025-03-14 03:00:00+00:00,continuous,82195.7,82217.5,81934.0,82062.6,140627311.33809957
2025-03-14 03:29:59.696000+00:00,2025-03-14 03:15:00+00:00,continuous,82062.6,82157.1,81945.5,81977.4,71096078.03140038
2025-03-14 03:44:59.919000+00:00,2025-03-14 03:30:00+00:00,continuous,81977.4,81984.0,81782.1,81782.2,131899542.21520023
2025-03-14 03:59:59.697000+00:00,2025-03-14 03:45:00+00:00,continuous,81782.3,81867.1,81704.9,81861.5,94160100.77099977
2025-03-14 04:14:59.910000+00:00,2025-03-14 04:00:00+00:00,continuous,81861.5,81991.9,81840.1,81973.8,73630862.77729976
2025-03-14 04:29:59.954000+00:00,2025-03-14 04:15:00+00:00,continuous,81973.8,82004.2,81828.8,81972.8,67293415.85509993
2025-03-14 04:44:59.997000+00:00,2025-03-14 04:30:00+00:00,continuous,81972.8,82010.8,81800.7,81867.9,52656233.50240007
2025-03-14 04:59:59.590000+00:00,2025-03-14 04:45:00+00:00,continuous,81868.0,81969.3,81866.1,81912.7,35996685.74140007
2025-03-14 05:14:59.291000+00:00,2025-03-14 05:00:00+00:00,continuous,81912.8,81972.1,81773.6,81798.3,89818667.41969994
2025-03-14 05:29:59.958000+00:00,2025-03-14 05:15:00+00:00,continuous,81798.3,81965.1,81798.3,81947.4,56837693.09990003
2025-03-14 05:44:59.579000+00:00,2025-03-14 05:30:00+00:00,continuous,81947.4,82098.4,81897.1,82060.0,62785443.63050002
2025-03-14 05:59:59.687000+00:00,2025-03-14 05:45:00+00:00,continuous,82059.9,82187.2,81966.1,82112.7,60927584.70890004
2025-03-14 06:14:59.628000+00:00,2025-03-14 06:00:00+00:00,continuous,82112.8,82154.3,81993.0,82016.0,78693434.60370037
2025-03-14 06:29:59.958000+00:00,2025-03-14 06:15:00+00:00,continuous,82015.9,82030.1,81808.0,81811.9,63911058.51660005
2025-03-14 06:44:59.395000+00:00,2025-03-14 06:30:00+00:00,continuous,81811.9,81936.5,81730.9,81771.6,145667805.91579986
2025-03-14 06:59:59.833000+00:00,2025-03-14 06:45:00+00:00,continuous,81771.7,82013.1,81762.7,81996.1,90313202.27550004
2025-03-14 07:14:59.727000+00:00,2025-03-14 07:00:00+00:00,continuous,81996.0,82009.3,81853.8,81975.7,44983377.91359992
2025-03-14 07:29:59.747000+00:00,2025-03-14 07:15:00+00:00,continuous,81975.6,82063.0,81955.0,82032.9,54613718.6256997
2025-03-14 07:44:59.978000+00:00,2025-03-14 07:30:00+00:00,continuous,82032.9,82397.3,81957.8,82339.0,265624840.1912996
2025-03-14 07:59:59.986000+00:00,2025-03-14 07:45:00+00:00,continuous,82338.9,82425.0,82124.5,82124.5,184889446.11420122
2025-03-14 08:14:59.746000+00:00,2025-03-14 08:00:00+00:00,continuous,82124.6,82325.7,82121.2,82277.8,99185320.54360045
2025-03-14 08:29:59.907000+00:00,2025-03-14 08:15:00+00:00,continuous,82277.8,82555.0,82277.7,82429.3,202675299.92230248
2025-03-14 08:44:59.780000+00:00,2025-03-14 08:30:00+00:00,continuous,82429.3,82534.2,82284.2,82472.5,134267018.41119978
2025-03-14 08:59:59.959000+00:00,2025-03-14 08:45:00+00:00,continuous,82472.6,82617.8,82472.5,82562.3,142789688.23860052
2025-03-14 09:14:59.965000+00:00,2025-03-14 09:00:00+00:00,continuous,82562.4,82729.0,82532.3,82600.0,139413052.78690013
2025-03-14 09:29:59.772000+00:00,2025-03-14 09:15:00+00:00,continuous,82600.0,82900.0,82578.3,82849.9,180381139.2252
2025-03-14 09:44:59.982000+00:00,2025-03-14 09:30:00+00:00,continuous,82850.0,82886.2,82647.0,82839.0,231457658.1442
2025-03-14 09:59:59.610000+00:00,2025-03-14 09:45:00+00:00,continuous,82839.1,82851.7,82717.2,82735.1,83760488.3444995
2025-03-14 10:14:59.189000+00:00,2025-03-14 10:00:00+00:00,continuous,82735.2,82791.8,82619.0,82642.1,121459791.55570002
2025-03-14 10:29:59.967000+00:00,2025-03-14 10:15:00+00:00,continuous,82642.0,82977.8,82642.0,82927.1,218428436.19800097
2025-03-14 10:44:59.961000+00:00,2025-03-14 10:30:00+00:00,continuous,82927.2,83054.5,82827.2,82980.0,158724365.55450016
2025-03-14 10:59:59.859000+00:00,2025-03-14 10:45:00+00:00,continuous,82980.1,83250.0,82956.8,83000.0,286636298.61219996
2025-03-14 11:14:59.781000+00:00,2025-03-14 11:00:00+00:00,continuous,83000.0,83130.9,82962.1,83006.0,111864357.85549964
2025-03-14 11:29:59.793000+00:00,2025-03-14 11:15:00+00:00,continuous,83006.0,83183.0,82928.9,83177.5,138364914.27010074
2025-03-14 11:44:59.737000+00:00,2025-03-14 11:30:00+00:00,continuous,83177.6,83322.0,83105.0,83226.1,141529039.20720065
2025-03-14 11:59:59.987000+00:00,2025-03-14 11:45:00+00:00,continuous,83226.1,83330.0,83113.7,83202.8,110636681.69210036
2025-03-14 12:14:59.953000+00:00,2025-03-14 12:00:00+00:00,continuous,83202.9,83393.2,83005.8,83370.0,234602049.9180993
2025-03-14 12:29:59.940000+00:00,2025-03-14 12:15:00+00:00,continuous,83370.0,83444.0,83305.3,83354.9,224164967.9054007
2025-03-14 12:44:59.979000+00:00,2025-03-14 12:30:00+00:00,continuous,83354.9,83498.0,83215.9,83228.0,208791812.8292004
2025-03-14 12:59:59.658000+00:00,2025-03-14 12:45:00+00:00,continuous,83228.1,83394.4,83100.0,83380.0,140803415.57460022
2025-03-14 13:14:59.944000+00:00,2025-03-14 13:00:00+00:00,continuous,83380.0,83538.0,83338.8,83354.6,259522438.60279986
2025-03-14 13:29:59.859000+00:00,2025-03-14 13:15:00+00:00,continuous,83354.6,83455.2,83267.5,83290.3,135773605.5864002
2025-03-14 13:44:59.967000+00:00,2025-03-14 13:30:00+00:00,continuous,83290.3,83771.8,83000.0,83232.4,657778196.7123954
2025-03-14 13:59:59.924000+00:00,2025-03-14 13:45:00+00:00,continuous,83232.5,83856.0,83220.3,83558.4,533739375.62840176
2025-03-14 14:14:59.997000+00:00,2025-03-14 14:00:00+00:00,continuous,83558.5,83561.6,82712.1,82949.3,995666399.0236923
2025-03-14 14:29:59.984000+00:00,2025-03-14 14:15:00+00:00,continuous,82949.4,83025.0,82594.3,82757.1,653705803.5854967
2025-03-14 14:44:59.890000+00:00,2025-03-14 14:30:00+00:00,continuous,82756.1,83430.0,82720.8,83091.8,495782159.0936999
2025-03-14 14:59:59.916000+00:00,2025-03-14 14:45:00+00:00,continuous,83091.8,83496.1,82949.9,83495.9,381000956.6276992
2025-03-14 15:14:59.998000+00:00,2025-03-14 15:00:00+00:00,continuous,83496.0,84470.9,83495.9,84220.5,1050273136.449896
2025-03-14 15:29:59.972000+00:00,2025-03-14 15:15:00+00:00,continuous,84220.4,84950.2,84220.4,84899.8,844637122.1438072
2025-03-14 15:44:59.987000+00:00,2025-03-14 15:30:00+00:00,continuous,84900.0,85270.2,84855.7,85075.7,774828742.1933088
2025-03-14 15:59:59.780000+00:00,2025-03-14 15:45:00+00:00,continuous,85075.7,85103.9,84594.5,84692.2,576080603.5331975
2025-03-14 16:14:59.936000+00:00,2025-03-14 16:00:00+00:00,continuous,84692.1,84908.8,84450.1,84467.5,364703729.5931016
2025-03-14 16:29:59.894000+00:00,2025-03-14 16:15:00+00:00,continuous,84467.4,84785.0,84326.2,84367.6,357806703.04089886
2025-03-14 16:44:59.893000+00:00,2025-03-14 16:30:00+00:00,continuous,84367.5,84471.1,83908.3,84443.4,539696439.4950036
2025-03-14 16:59:59.954000+00:00,2025-03-14 16:45:00+00:00,continuous,84443.4,84823.2,84291.2,84738.4,340690618.5333002
2025-03-14 17:14:59.637000+00:00,2025-03-14 17:00:00+00:00,continuous,84738.3,84799.0,84438.1,84517.3,219750195.51920038
2025-03-14 17:29:59.950000+00:00,2025-03-14 17:15:00+00:00,continuous,84517.3,84636.3,84218.0,84345.6,166664588.00739905
2025-03-14 17:44:59.905000+00:00,2025-03-14 17:30:00+00:00,continuous,84345.4,84462.3,84160.8,84185.2,130270987.18339993
2025-03-14 17:59:59.915000+00:00,2025-03-14 17:45:00+00:00,continuous,84185.2,84379.0,84150.0,84320.0,128541841.85559991
2025-03-14 18:14:59.924000+00:00,2025-03-14 18:00:00+00:00,continuous,84319.9,84608.9,84316.8,84367.2,186547227.32539955
2025-03-14 18:29:59.943000+00:00,2025-03-14 18:15:00+00:00,continuous,84367.2,84400.0,84156.7,84258.4,151201216.05209997
2025-03-14 18:44:59.979000+00:00,2025-03-14 18:30:00+00:00,continuous,84258.4,84687.5,84236.8,84584.7,165817773.18629935
2025-03-14 18:59:59.554000+00:00,2025-03-14 18:45:00+00:00,continuous,84584.8,84602.9,84435.8,84530.1,100242606.33729967
2025-03-14 19:14:59.818000+00:00,2025-03-14 19:00:00+00:00,continuous,84530.1,84897.6,84439.6,84839.9,150290245.2447996
2025-03-14 19:29:59.640000+00:00,2025-03-14 19:15:00+00:00,continuous,84840.0,84856.2,84535.0,84587.4,144252083.69300023
2025-03-14 19:44:59.977000+00:00,2025-03-14 19:30:00+00:00,continuous,84587.3,84682.9,84484.4,84514.4,80422831.39859974
2025-03-14 19:59:59.967000+00:00,2025-03-14 19:45:00+00:00,continuous,84514.3,84584.1,84400.5,84508.1,160696041.56239942
2025-03-14 20:14:59.940000+00:00,2025-03-14 20:00:00+00:00,continuous,84504.8,84507.8,84159.6,84237.5,132246532.86190002
2025-03-14 20:29:59.754000+00:00,2025-03-14 20:15:00+00:00,continuous,84237.6,84273.6,83654.7,84005.9,469976555.81569654
2025-03-14 20:44:59.877000+00:00,2025-03-14 20:30:00+00:00,continuous,84005.9,84282.5,83944.7,84192.7,237231692.81739947
2025-03-14 20:59:59.978000+00:00,2025-03-14 20:45:00+00:00,continuous,84192.6,84192.7,84067.9,84084.0,93516320.53120014
2025-03-14 21:14:59.934000+00:00,2025-03-14 21:00:00+00:00,continuous,84083.9,84129.9,83902.9,83935.6,87205423.85649982
2025-03-14 21:29:59.864000+00:00,2025-03-14 21:15:00+00:00,continuous,83935.5,84259.0,83935.5,84185.0,109188894.14039999
2025-03-14 21:44:59.911000+00:00,2025-03-14 21:30:00+00:00,continuous,84185.0,84222.0,84083.1,84130.0,54469472.256400034
2025-03-14 21:59:59.696000+00:00,2025-03-14 21:45:00+00:00,continuous,84130.0,84206.0,84090.0,84159.9,39186754.84780007
2025-03-14 22:14:59.821000+00:00,2025-03-14 22:00:00+00:00,continuous,84159.9,84173.9,84054.7,84137.0,53749797.03930041
2025-03-14 22:29:59.995000+00:00,2025-03-14 22:15:00+00:00,continuous,84136.9,84402.0,84133.5,84280.2,125047330.12829977
2025-03-14 22:44:59.825000+00:00,2025-03-14 22:30:00+00:00,continuous,84280.2,84336.0,84216.0,84328.4,60629289.20949975
2025-03-14 22:59:59.548000+00:00,2025-03-14 22:45:00+00:00,continuous,84328.3,84464.3,84315.4,84390.7,66682412.32010006
2025-03-14 23:14:59.652000+00:00,2025-03-14 23:00:00+00:00,continuous,84390.8,84393.6,84200.0,84207.2,47924354.75810011
2025-03-14 23:29:59.871000+00:00,2025-03-14 23:15:00+00:00,continuous,84207.3,84242.1,84122.3,84219.4,38993836.79500021
2025-03-14 23:44:59.624000+00:00,2025-03-14 23:30:00+00:00,continuous,84219.3,84245.0,83950.0,83954.5,81950264.86769947
2025-03-14 23:59:59.741000+00:00,2025-03-14 23:45:00+00:00,continuous,83954.5,84061.4,83900.1,83939.8,84761183.57589993
2025-03-15 00:14:59.700000+00:00,2025-03-15 00:00:00+00:00,continuous,83939.9,84150.0,83915.4,84111.7,93913304.06009972
2025-03-15 00:29:59.606000+00:00,2025-03-15 00:15:00+00:00,continuous,84111.8,84181.6,84057.0,84181.6,46151716.20080013
2025-03-15 00:44:59.818000+00:00,2025-03-15 00:30:00+00:00,continuous,84181.6,84274.6,84153.3,84164.3,56495748.60979985
2025-03-15 00:59:59.648000+00:00,2025-03-15 00:45:00+00:00,continuous,84164.5,84306.9,84164.5,84246.0,51706606.16019992
2025-03-15 01:14:59.945000+00:00,2025-03-15 01:00:00+00:00,continuous,84246.1,84422.0,84237.7,84415.0,64445415.529199965
2025-03-15 01:29:59.453000+00:00,2025-03-15 01:15:00+00:00,continuous,84415.0,84545.4,84290.4,84301.4,85263363.59250012
2025-03-15 01:44:59.692000+00:00,2025-03-15 01:30:00+00:00,continuous,84301.4,84301.5,84053.4,84111.6,85400304.50019956
2025-03-15 01:59:59.592000+00:00,2025-03-15 01:45:00+00:00,continuous,84111.6,84318.3,84092.9,84304.5,52943098.120600104
2025-03-15 02:14:59.935000+00:00,2025-03-15 02:00:00+00:00,continuous,84304.5,84354.8,84110.4,84343.5,49488039.36080015
2025-03-15 02:29:59.009000+00:00,2025-03-15 02:15:00+00:00,continuous,84343.5,84343.6,84181.2,84250.2,47597716.26070002
2025-03-15 02:44:59.911000+00:00,2025-03-15 02:30:00+00:00,continuous,84250.2,84485.4,84195.0,84347.8,128108249.4254002
2025-03-15 02:59:59.745000+00:00,2025-03-15 02:45:00+00:00,continuous,84347.8,84589.7,84347.8,84505.4,134439867.41620007
2025-03-15 03:14:59.926000+00:00,2025-03-15 03:00:00+00:00,continuous,84505.4,84550.0,84406.5,84505.2,77698820.57490025
2025-03-15 03:29:59.735000+00:00,2025-03-15 03:15:00+00:00,continuous,84505.2,84624.2,84481.2,84596.3,74691301.11189967
2025-03-15 03:44:59.661000+00:00,2025-03-15 03:30:00+00:00,continuous,84596.4,84625.0,84360.4,84389.8,81341193.30779989
2025-03-15 03:59:59.904000+00:00,2025-03-15 03:45:00+00:00,continuous,84389.8,84473.9,84381.0,84439.9,48972417.585100055
2025-03-15 04:14:59.931000+00:00,2025-03-15 04:00:00+00:00,continuous,84440.0,84494.8,84326.0,84331.1,56396050.42620009
2025-03-15 04:29:59.678000+00:00,2025-03-15 04:15:00+00:00,continuous,84331.2,84370.0,84250.0,84351.1,52697843.753199995
2025-03-15 04:44:59.801000+00:00,2025-03-15 04:30:00+00:00,continuous,84351.2,84520.0,84289.9,84498.5,67485232.02510004
2025-03-15 04:59:59.843000+00:00,2025-03-15 04:45:00+00:00,continuous,84498.6,84498.6,84410.4,84413.1,36321540.58319979
2025-03-15 05:14:59.675000+00:00,2025-03-15 05:00:00+00:00,continuous,84413.1,84438.7,84304.1,84373.7,43373436.65810002
2025-03-15 05:29:56.638000+00:00,2025-03-15 05:15:00+00:00,continuous,84373.7,84373.7,84262.8,84285.2,47314045.35790008
2025-03-15 05:44:59.475000+00:00,2025-03-15 05:30:00+00:00,continuous,84285.2,84352.6,84258.0,84293.4,39345516.88040009
2025-03-15 05:59:59.640000+00:00,2025-03-15 05:45:00+00:00,continuous,84293.4,84322.7,84218.2,84218.3,39927595.17589996
2025-03-15 06:14:59.854000+00:00,2025-03-15 06:00:00+00:00,continuous,84218.2,84231.0,84128.0,84183.2,58141636.8516999
2025-03-15 06:29:59.428000+00:00,2025-03-15 06:15:00+00:00,continuous,84183.2,84268.8,84163.0,84219.1,35353399.2349998
2025-03-15 06:44:59.314000+00:00,2025-03-15 06:30:00+00:00,continuous,84219.0,84219.0,84136.5,84146.9,27365214.169299934
2025-03-15 06:59:59.817000+00:00,2025-03-15 06:45:00+00:00,continuous,84146.9,84195.8,84126.0,84145.4,36822121.14170005
2025-03-15 07:14:59.606000+00:00,2025-03-15 07:00:00+00:00,continuous,84145.4,84163.4,83953.1,84062.6,124428668.62239996
2025-03-15 07:29:59.754000+00:00,2025-03-15 07:15:00+00:00,continuous,84062.6,84062.6,83901.0,83919.9,99367260.71179976
2025-03-15 07:44:59.296000+00:00,2025-03-15 07:30:00+00:00,continuous,83920.0,84009.1,83752.9,83967.0,195428196.08399865
2025-03-15 07:59:59.721000+00:00,2025-03-15 07:45:00+00:00,continuous,83967.1,84046.3,83797.0,83797.0,125499787.35489973
2025-03-15 08:14:59.703000+00:00,2025-03-15 08:00:00+00:00,continuous,83797.1,83889.2,83717.5,83749.5,153787300.29459956
2025-03-15 08:29:59.947000+00:00,2025-03-15 08:15:00+00:00,continuous,83749.4,83853.4,83564.5,83785.8,219152980.8672974
2025-03-15 08:44:59.917000+00:00,2025-03-15 08:30:00+00:00,continuous,83785.7,83997.0,83739.7,83962.0,114781956.1984
2025-03-15 08:59:59.683000+00:00,2025-03-15 08:45:00+00:00,continuous,83962.1,83962.1,83834.4,83854.9,64778276.243599966
2025-03-15 09:14:59.741000+00:00,2025-03-15 09:00:00+00:00,continuous,83854.9,83854.9,83723.7,83785.0,83167161.29859987
2025-03-15 09:29:59.825000+00:00,2025-03-15 09:15:00+00:00,continuous,83785.0,83839.6,83664.1,83717.3,100212308.1155002
2025-03-15 09:44:59.504000+00:00,2025-03-15 09:30:00+00:00,continuous,83717.3,83937.7,83708.0,83860.4,60431203.498699926
2025-03-15 09:59:59.837000+00:00,2025-03-15 09:45:00+00:00,continuous,83860.4,83927.5,83850.0,83927.4,44654973.047299966
2025-03-15 10:14:59.957000+00:00,2025-03-15 10:00:00+00:00,continuous,83927.3,83951.3,83838.7,83838.7,70684972.53909992
2025-03-15 10:29:59.842000+00:00,2025-03-15 10:15:00+00:00,continuous,83838.7,83847.5,83620.0,83674.4,135967563.44660106
2025-03-15 10:44:59.899000+00:00,2025-03-15 10:30:00+00:00,continuous,83674.4,83824.8,83674.4,83786.1,54209483.01469995
2025-03-15 10:59:59.911000+00:00,2025-03-15 10:45:00+00:00,continuous,83786.2,83873.5,83767.9,83870.0,79319613.60059996
2025-03-15 11:14:59.193000+00:00,2025-03-15 11:00:00+00:00,continuous,83870.1,83966.6,83793.0,83877.1,98927665.0142997
2025-03-15 11:29:59.866000+00:00,2025-03-15 11:15:00+00:00,continuous,83877.1,83966.3,83829.3,83963.0,61814418.70440017
2025-03-15 11:44:59.823000+00:00,2025-03-15 11:30:00+00:00,continuous,83963.1,84088.9,83932.7,84050.1,121665231.99979955
2025-03-15 11:59:59.838000+00:00,2025-03-15 11:45:00+00:00,continuous,84050.0,84143.9,83999.0,84054.8,88339066.28969976
2025-03-15 12:14:59.883000+00:00,2025-03-15 12:00:00+00:00,continuous,84054.7,84124.9,83961.6,84106.4,117981557.99970002
2025-03-15 12:29:59.815000+00:00,2025-03-15 12:15:00+00:00,continuous,84106.4,84211.2,84091.4,84170.0,106619545.48790011
2025-03-15 12:44:59.920000+00:00,2025-03-15 12:30:00+00:00,continuous,84170.1,84200.0,84121.0,84164.9,60461681.97419999
2025-03-15 12:59:59.376000+00:00,2025-03-15 12:45:00+00:00,continuous,84165.0,84228.1,84067.3,84093.1,59850152.06210053
2025-03-15 13:14:59.830000+00:00,2025-03-15 13:00:00+00:00,continuous,84093.0,84265.0,84087.6,84247.1,75688450.88319972
2025-03-15 13:29:59.592000+00:00,2025-03-15 13:15:00+00:00,continuous,84247.0,84336.9,84205.0,84251.5,92050029.34979963
2025-03-15 13:44:59.157000+00:00,2025-03-15 13:30:00+00:00,continuous,84251.5,84442.0,84184.3,84409.2,170938764.17530036
2025-03-15 13:59:59.026000+00:00,2025-03-15 13:45:00+00:00,continuous,84408.9,84420.0,84316.3,84406.4,64040386.36840003
2025-03-15 14:14:59.875000+00:00,2025-03-15 14:00:00+00:00,continuous,84406.3,84406.3,84167.1,84312.8,115123157.35650049
2025-03-15 14:29:59.575000+00:00,2025-03-15 14:15:00+00:00,continuous,84312.7,84312.7,84095.3,84131.7,102412369.34360015
2025-03-15 14:44:59.999000+00:00,2025-03-15 14:30:00+00:00,continuous,84131.7,84188.0,84065.0,84174.6,80305734.38350022
2025-03-15 14:59:59.449000+00:00,2025-03-15 14:45:00+00:00,continuous,84174.6,84228.5,84084.0,84108.3,72043752.23739995
2025-03-15 15:14:59.877000+00:00,2025-03-15 15:00:00+00:00,continuous,84108.4,84317.6,84104.9,84288.9,69287475.90730019
2025-03-15 15:29:59.337000+00:00,2025-03-15 15:15:00+00:00,continuous,84289.0,84368.4,84250.0,84260.9,53649324.186999604
2025-03-15 15:44:59.685000+00:00,2025-03-15 15:30:00+00:00,continuous,84260.9,84328.0,84140.6,84300.8,77261471.75070007
2025-03-15 15:59:59.911000+00:00,2025-03-15 15:45:00+00:00,continuous,84300.8,84362.2,84256.8,84295.8,41696593.64190018
2025-03-15 16:14:59.582000+00:00,2025-03-15 16:00:00+00:00,continuous,84295.7,84371.2,84203.7,84265.1,69644944.69530013
2025-03-15 16:29:59.864000+00:00,2025-03-15 16:15:00+00:00,continuous,84265.2,84283.6,84150.0,84239.9,38966429.08930015
2025-03-15 16:44:59.960000+00:00,2025-03-15 16:30:00+00:00,continuous,84240.0,84425.3,84208.6,84345.5,83079698.95030001
2025-03-15 16:59:59.545000+00:00,2025-03-15 16:45:00+00:00,continuous,84345.6,84453.4,84284.5,84316.3,60768090.27890032
2025-03-15 17:14:59.690000+00:00,2025-03-15 17:00:00+00:00,continuous,84316.2,84369.0,84223.5,84361.6,57583754.091199875
2025-03-15 17:29:59.450000+00:00,2025-03-15 17:15:00+00:00,continuous,84361.7,84450.0,84308.9,84449.9,51713455.51910012
2025-03-15 17:44:59.675000+00:00,2025-03-15 17:30:00+00:00,continuous,84450.0,84450.0,84344.3,84388.6,56679372.94859983
2025-03-15 17:59:59.870000+00:00,2025-03-15 17:45:00+00:00,continuous,84388.7,84409.0,84318.9,84375.1,52731100.50019992
2025-03-15 18:14:59.227000+00:00,2025-03-15 18:00:00+00:00,continuous,84375.1,84430.3,84350.0,84416.2,39808775.63789984
2025-03-15 18:29:59.667000+00:00,2025-03-15 18:15:00+00:00,continuous,84416.2,84416.3,84265.6,84319.0,41601306.36420005
2025-03-15 18:44:59.862000+00:00,2025-03-15 18:30:00+00:00,continuous,84319.0,84339.0,84092.7,84151.9,74498237.34429982
2025-03-15 18:59:59.860000+00:00,2025-03-15 18:45:00+00:00,continuous,84151.9,84206.6,84104.0,84182.9,42798099.47280005
2025-03-15 19:14:59.808000+00:00,2025-03-15 19:00:00+00:00,continuous,84182.8,84182.8,84060.0,84168.5,48479144.9756
2025-03-15 19:29:59.981000+00:00,2025-03-15 19:15:00+00:00,continuous,84168.6,84210.9,84125.5,84186.0,31801395.982799966
2025-03-15 19:44:59.680000+00:00,2025-03-15 19:30:00+00:00,continuous,84185.9,84242.5,84140.1,84242.5,30677301.760000024
2025-03-15 19:59:59.068000+00:00,2025-03-15 19:45:00+00:00,continuous,84242.5,84287.3,84205.5,84261.2,38513074.396299995
2025-03-15 20:14:59.656000+00:00,2025-03-15 20:00:00+00:00,continuous,84261.2,84406.0,84261.1,84353.7,67643562.66790009
2025-03-15 20:29:58.469000+00:00,2025-03-15 20:15:00+00:00,continuous,84353.6,84388.1,84310.6,84377.7,24813925.148699943
2025-03-15 20:44:59.930000+00:00,2025-03-15 20:30:00+00:00,continuous,84377.6,84377.7,84306.9,84335.7,16616787.787899975
2025-03-15 20:59:59.007000+00:00,2025-03-15 20:45:00+00:00,continuous,84335.7,84387.5,84308.9,84345.0,26181185.613000084
2025-03-15 21:14:59.658000+00:00,2025-03-15 21:00:00+00:00,continuous,84345.0,84377.5,84226.8,84231.0,35946867.28750001
2025-03-15 21:29:59.927000+00:00,2025-03-15 21:15:00+00:00,continuous,84230.9,84338.7,84191.2,84338.7,28433469.368300047
2025-03-15 21:44:58.084000+00:00,2025-03-15 21:30:00+00:00,continuous,84338.7,84433.1,84332.7,84363.3,30548224.566
2025-03-15 21:59:59.007000+00:00,2025-03-15 21:45:00+00:00,continuous,84363.4,84411.0,84316.6,84342.0,20855465.3389
2025-03-15 22:14:59.690000+00:00,2025-03-15 22:00:00+00:00,continuous,84342.0,84389.5,84305.0,84317.3,23655504.825400025
2025-03-15 22:29:59.623000+00:00,2025-03-15 22:15:00+00:00,continuous,84317.3,84400.0,84310.0,84369.9,20836181.343900055
2025-03-15 22:44:59.876000+00:00,2025-03-15 22:30:00+00:00,continuous,84370.0,84406.9,84273.0,84280.0,26443967.725099977
2025-03-15 22:59:59.753000+00:00,2025-03-15 22:45:00+00:00,continuous,84279.9,84369.0,84279.9,84334.4,22662815.598800033
2025-03-15 23:14:59.805000+00:00,2025-03-15 23:00:00+00:00,continuous,84334.4,84352.5,84280.0,84300.1,17765258.2848
2025-03-15 23:29:59.584000+00:00,2025-03-15 23:15:00+00:00,continuous,84300.0,84328.6,84250.0,84261.0,23442012.09189994
2025-03-15 23:44:58.933000+00:00,2025-03-15 23:30:00+00:00,continuous,84261.0,84332.3,84230.0,84325.0,43730623.17940007
2025-03-15 23:59:59.461000+00:00,2025-03-15 23:45:00+00:00,continuous,84325.0,84366.0,84280.8,84302.9,27853120.04230007
2025-03-16 00:14:59.145000+00:00,2025-03-16 00:00:00+00:00,continuous,84303.0,84353.1,84217.3,84295.6,67515949.41310014
2025-03-16 00:29:59.846000+00:00,2025-03-16 00:15:00+00:00,continuous,84295.6,84297.8,84225.7,84230.3,24211946.41029999
2025-03-16 00:44:58.187000+00:00,2025-03-16 00:30:00+00:00,continuous,84230.3,84285.0,84182.5,84266.6,49320309.62920006
2025-03-16 00:59:59.627000+00:00,2025-03-16 00:45:00+00:00,continuous,84266.5,84268.5,84175.4,84214.0,33115129.70490003
2025-03-16 01:14:58.911000+00:00,2025-03-16 01:00:00+00:00,continuous,84214.0,84243.0,84115.6,84127.7,46961252.86840005
2025-03-16 01:29:59.804000+00:00,2025-03-16 01:15:00+00:00,continuous,84127.7,84204.2,84074.3,84141.1,39376278.57889998
2025-03-16 01:44:59.921000+00:00,2025-03-16 01:30:00+00:00,continuous,84141.0,84147.3,83775.0,83962.0,252832653.95959884
2025-03-16 01:59:59.994000+00:00,2025-03-16 01:45:00+00:00,continuous,83961.9,84012.7,83818.7,83828.5,70454699.61149995
2025-03-16 02:14:59.955000+00:00,2025-03-16 02:00:00+00:00,continuous,83828.4,83899.2,83691.3,83760.0,103744221.6291999
2025-03-16 02:29:59.747000+00:00,2025-03-16 02:15:00+00:00,continuous,83760.0,83910.5,83725.5,83908.1,72433858.69979991
2025-03-16 02:44:59.761000+00:00,2025-03-16 02:30:00+00:00,continuous,83908.1,84096.9,83875.0,83998.0,99228049.95180002
2025-03-16 02:59:59.260000+00:00,2025-03-16 02:45:00+00:00,continuous,83998.1,84019.0,83829.3,83921.9,67627054.50529979
2025-03-16 03:14:59.312000+00:00,2025-03-16 03:00:00+00:00,continuous,83921.9,84032.8,83850.0,83978.0,59289112.81849992
2025-03-16 03:29:59.959000+00:00,2025-03-16 03:15:00+00:00,continuous,83978.0,84084.0,83970.2,84074.8,32067069.815299984
2025-03-16 03:44:59.838000+00:00,2025-03-16 03:30:00+00:00,continuous,84074.9,84199.9,84050.4,84184.2,63819895.21499979
2025-03-16 03:59:59.770000+00:00,2025-03-16 03:45:00+00:00,continuous,84184.2,84357.1,84138.0,84295.9,93820625.1589002
2025-03-16 04:14:59.705000+00:00,2025-03-16 04:00:00+00:00,continuous,84296.0,84380.0,84241.1,84317.5,74490649.20040008
2025-03-16 04:29:59.752000+00:00,2025-03-16 04:15:00+00:00,continuous,84317.2,84382.2,84238.0,84248.9,48205457.22350003
2025-03-16 04:44:59.971000+00:00,2025-03-16 04:30:00+00:00,continuous,84248.9,84350.0,84200.1,84349.9,61380167.66039995
2025-03-16 04:59:59.757000+00:00,2025-03-16 04:45:00+00:00,continuous,84350.0,84380.0,84271.8,84365.8,46057921.81339999
2025-03-16 05:14:58.867000+00:00,2025-03-16 05:00:00+00:00,continuous,84365.8,84371.2,84268.7,84295.4,33418155.210600045
2025-03-16 05:29:59.767000+00:00,2025-03-16 05:15:00+00:00,continuous,84295.4,84375.0,84295.4,84370.8,28251116.517900012
2025-03-16 05:44:59.977000+00:00,2025-03-16 05:30:00+00:00,continuous,84370.7,84379.9,84287.1,84291.9,27786512.650000088
2025-03-16 05:59:59.461000+00:00,2025-03-16 05:45:00+00:00,continuous,84292.0,84358.8,84260.6,84350.3,30858577.405199975
2025-03-16 06:14:59.736000+00:00,2025-03-16 06:00:00+00:00,continuous,84350.2,84362.8,84295.5,84345.1,23704116.478899945
2025-03-16 06:29:59.880000+00:00,2025-03-16 06:15:00+00:00,continuous,84345.1,84351.1,84270.3,84280.1,20456432.851899955
2025-03-16 06:44:59.959000+00:00,2025-03-16 06:30:00+00:00,continuous,84280.0,84331.3,84225.1,84258.9,25614667.73619997
2025-03-16 06:59:59.886000+00:00,2025-03-16 06:45:00+00:00,continuous,84258.8,84258.9,84188.0,84188.0,56750016.11920011
2025-03-16 07:14:59.929000+00:00,2025-03-16 07:00:00+00:00,continuous,84188.0,84196.2,83924.4,84008.8,168662682.2681
2025-03-16 07:29:59.836000+00:00,2025-03-16 07:15:00+00:00,continuous,84008.9,84198.4,83965.6,84111.0,97401337.79370044
2025-03-16 07:44:59.666000+00:00,2025-03-16 07:30:00+00:00,continuous,84111.0,84340.0,84111.0,84313.4,99928149.73570001
2025-03-16 07:59:59.025000+00:00,2025-03-16 07:45:00+00:00,continuous,84313.3,84313.4,84199.8,84242.0,69723648.16040024
2025-03-16 08:14:59.991000+00:00,2025-03-16 08:00:00+00:00,continuous,84242.1,84300.0,84173.7,84240.7,43412948.28770007
2025-03-16 08:29:59.649000+00:00,2025-03-16 08:15:00+00:00,continuous,84240.6,84245.9,84117.6,84149.9,42365087.360299975
2025-03-16 08:44:59.681000+00:00,2025-03-16 08:30:00+00:00,continuous,84149.9,84263.9,84148.4,84188.0,36940786.383200064
2025-03-16 08:59:59.651000+00:00,2025-03-16 08:45:00+00:00,continuous,84188.0,84256.5,84182.6,84221.0,18637019.383600038
2025-03-16 09:14:59.217000+00:00,2025-03-16 09:00:00+00:00,continuous,84221.1,84237.5,84141.0,84171.4,23660931.347899914
2025-03-16 09:29:59.926000+00:00,2025-03-16 09:15:00+00:00,continuous,84171.4,84184.0,83902.1,83974.9,179943375.8230008
2025-03-16 09:44:59.945000+00:00,2025-03-16 09:30:00+00:00,continuous,83974.9,84024.9,83742.7,83781.3,197084079.28880015
2025-03-16 09:59:59.794000+00:00,2025-03-16 09:45:00+00:00,continuous,83781.4,83911.3,83767.2,83857.0,90348807.61550024
2025-03-16 10:14:59.656000+00:00,2025-03-16 10:00:00+00:00,continuous,83857.1,84016.8,83780.0,84000.5,149644257.23500007
2025-03-16 10:29:59.594000+00:00,2025-03-16 10:15:00+00:00,continuous,84000.5,84000.6,83600.0,83713.7,220969155.3545991
2025-03-16 10:44:59.837000+00:00,2025-03-16 10:30:00+00:00,continuous,83713.7,83768.3,83660.0,83768.3,67375642.73729981
2025-03-16 10:59:59.991000+00:00,2025-03-16 10:45:00+00:00,continuous,83768.3,83768.3,83618.0,83626.9,88858827.56650016
2025-03-16 11:14:59.926000+00:00,2025-03-16 11:00:00+00:00,continuous,83626.8,83655.0,83055.0,83207.8,563250756.6551986
2025-03-16 11:29:59.908000+00:00,2025-03-16 11:15:00+00:00,continuous,83207.8,83207.8,82660.0,82808.7,639109285.8961945
2025-03-16 11:44:59.961000+00:00,2025-03-16 11:30:00+00:00,continuous,82808.7,82808.7,82350.9,82484.4,466240500.0926
2025-03-16 11:59:59.955000+00:00,2025-03-16 11:45:00+00:00,continuous,82484.3,82610.1,82333.4,82367.9,317435401.6742006
2025-03-16 12:14:59.970000+00:00,2025-03-16 12:00:00+00:00,continuous,82369.4,82683.5,82354.8,82589.2,338319110.3937981
2025-03-16 12:29:59.917000+00:00,2025-03-16 12:15:00+00:00,continuous,82589.3,82890.0,82400.0,82835.5,272424802.64040005
2025-03-16 12:44:59.920000+00:00,2025-03-16 12:30:00+00:00,continuous,82835.4,82838.8,82557.4,82599.9,135527035.68339977
2025-03-16 12:59:59.785000+00:00,2025-03-16 12:45:00+00:00,continuous,82599.9,82793.6,82533.8,82711.6,135307382.63409963
2025-03-16 13:14:59.898000+00:00,2025-03-16 13:00:00+00:00,continuous,82711.7,83122.2,82684.0,82971.7,265360970.7263004
2025-03-16 13:29:59.973000+00:00,2025-03-16 13:15:00+00:00,continuous,82971.6,82995.1,82771.0,82919.2,154196572.09300014
2025-03-16 13:44:59.956000+00:00,2025-03-16 13:30:00+00:00,continuous,82919.1,83067.5,82625.2,82693.9,167783479.9640007
2025-03-16 13:59:59.941000+00:00,2025-03-16 13:45:00+00:00,continuous,82694.0,82746.1,82447.1,82561.1,201761876.59470093
2025-03-16 14:14:59.875000+00:00,2025-03-16 14:00:00+00:00,continuous,82561.0,82916.2,82537.3,82657.4,161900851.34650075
2025-03-16 14:29:59.842000+00:00,2025-03-16 14:15:00+00:00,continuous,82657.4,82880.0,82588.6,82846.0,80566921.81199993
2025-03-16 14:44:59.383000+00:00,2025-03-16 14:30:00+00:00,continuous,82846.0,82963.9,82660.1,82893.2,86896993.27280003
2025-03-16 14:59:59.958000+00:00,2025-03-16 14:45:00+00:00,continuous,82893.3,83391.6,82844.0,83334.2,326128356.7037989
2025-03-16 15:14:59.954000+00:00,2025-03-16 15:00:00+00:00,continuous,83334.2,83454.0,83111.1,83233.5,324503869.7428967
2025-03-16 15:29:59.673000+00:00,2025-03-16 15:15:00+00:00,continuous,83233.4,83253.2,83008.7,83067.5,104317644.75310008
2025-03-16 15:44:59.900000+00:00,2025-03-16 15:30:00+00:00,continuous,83067.5,83300.0,82923.1,83224.0,139010570.61710006
2025-03-16 15:59:59.808000+00:00,2025-03-16 15:45:00+00:00,continuous,83224.1,83409.9,83154.6,83280.0,92997577.44450037
2025-03-16 16:14:59.987000+00:00,2025-03-16 16:00:00+00:00,continuous,83280.0,85136.0,83246.8,84115.6,1371137271.2201927
2025-03-16 16:29:59.830000+00:00,2025-03-16 16:15:00+00:00,continuous,84116.1,84609.6,84000.7,84319.5,511147477.186203
2025-03-16 16:44:59.989000+00:00,2025-03-16 16:30:00+00:00,continuous,84319.5,84334.8,83736.7,84020.0,358686838.2662002
2025-03-16 16:59:59.968000+00:00,2025-03-16 16:45:00+00:00,continuous,84020.1,84141.0,83386.7,83594.9,332635431.76689875
2025-03-16 17:14:59.321000+00:00,2025-03-16 17:00:00+00:00,continuous,83594.8,84081.3,83588.6,83784.0,279473946.1291013
2025-03-16 17:29:59.972000+00:00,2025-03-16 17:15:00+00:00,continuous,83784.0,83892.9,83453.9,83559.0,121079345.92939992
2025-03-16 17:44:59.793000+00:00,2025-03-16 17:30:00+00:00,continuous,83558.9,83738.1,83435.1,83640.2,93723364.1215002
2025-03-16 17:59:59.769000+00:00,2025-03-16 17:45:00+00:00,continuous,83640.2,83964.8,83516.3,83869.7,96259141.78100039
2025-03-16 18:14:59.161000+00:00,2025-03-16 18:00:00+00:00,continuous,83869.8,84000.0,83671.0,83877.5,90377085.37070005
2025-03-16 18:29:59.783000+00:00,2025-03-16 18:15:00+00:00,continuous,83877.5,83987.0,83812.5,83984.6,42015845.61750002
2025-03-16 18:44:59.962000+00:00,2025-03-16 18:30:00+00:00,continuous,83984.6,84063.5,83703.2,83872.2,67355787.47770011
2025-03-16 18:59:59.375000+00:00,2025-03-16 18:45:00+00:00,continuous,83872.3,83872.3,83586.4,83660.9,115621077.88800007
2025-03-16 19:14:59.956000+00:00,2025-03-16 19:00:00+00:00,continuous,83660.8,83698.2,82870.3,83172.4,244661145.34090054
2025-03-16 19:29:59.858000+00:00,2025-03-16 19:15:00+00:00,continuous,83172.5,83263.9,82500.0,83156.7,401247107.56450015
2025-03-16 19:44:59.802000+00:00,2025-03-16 19:30:00+00:00,continuous,83156.7,83200.0,82840.8,83113.7,106670389.52760002
2025-03-16 19:59:59.376000+00:00,2025-03-16 19:45:00+00:00,continuous,83113.7,83190.0,82968.9,83064.3,67970987.45130002
2025-03-16 20:14:59.865000+00:00,2025-03-16 20:00:00+00:00,continuous,83064.3,83360.9,82972.3,83276.6,97631192.01529992
2025-03-16 20:29:59.890000+00:00,2025-03-16 20:15:00+00:00,continuous,83276.7,83424.4,82975.8,83026.2,146879055.87989983
2025-03-16 20:44:59.775000+00:00,2025-03-16 20:30:00+00:00,continuous,83025.6,83125.9,82950.0,83060.0,58551153.716600105
2025-03-16 20:59:59.686000+00:00,2025-03-16 20:45:00+00:00,continuous,83060.0,83181.7,82860.3,83178.5,73920046.48910016
2025-03-16 21:14:59.636000+00:00,2025-03-16 21:00:00+00:00,continuous,83178.4,83187.7,82875.9,82925.8,77668719.46880001
2025-03-16 21:29:59.267000+00:00,2025-03-16 21:15:00+00:00,continuous,82925.9,82937.5,82748.4,82923.2,99710406.08330004
2025-03-16 21:44:59.945000+00:00,2025-03-16 21:30:00+00:00,continuous,82923.2,82923.2,82700.0,82835.6,61533755.4658001
2025-03-16 21:59:59.654000+00:00,2025-03-16 21:45:00+00:00,continuous,82835.5,82835.6,82634.8,82728.9,46443858.91769995
2025-03-16 22:14:59.815000+00:00,2025-03-16 22:00:00+00:00,continuous,82728.8,82803.6,82139.0,82529.9,232762728.3868991
2025-03-16 22:29:59.660000+00:00,2025-03-16 22:15:00+00:00,continuous,82529.9,82575.0,82208.5,82410.6,178779702.00429922
2025-03-16 22:44:59.791000+00:00,2025-03-16 22:30:00+00:00,continuous,82410.6,82441.8,82128.5,82388.4,131681215.38750012
2025-03-16 22:59:59.969000+00:00,2025-03-16 22:45:00+00:00,continuous,82388.5,82401.9,82036.7,82050.1,148158329.20110038
2025-03-16 23:14:59.911000+00:00,2025-03-16 23:00:00+00:00,continuous,82050.1,82290.7,81925.6,82180.0,195511248.6606003
2025-03-16 23:29:59.871000+00:00,2025-03-16 23:15:00+00:00,continuous,82180.0,82434.7,82154.6,82396.6,157295788.2355005
2025-03-16 23:44:59.399000+00:00,2025-03-16 23:30:00+00:00,continuous,82396.7,82599.9,82315.6,82576.3,215315027.4266007
2025-03-16 23:59:59.795000+00:00,2025-03-16 23:45:00+00:00,continuous,82576.3,82600.0,82463.2,82541.6,117535834.8583994
2025-03-17 00:14:59.932000+00:00,2025-03-17 00:00:00+00:00,continuous,82541.6,82799.6,82483.9,82700.1,177105370.0044009
2025-03-17 00:29:59.883000+00:00,2025-03-17 00:15:00+00:00,continuous,82700.0,82871.7,82671.9,82850.1,103662965.35940063
2025-03-17 00:44:59.910000+00:00,2025-03-17 00:30:00+00:00,continuous,82850.0,82980.0,82766.4,82915.7,128185745.12439972
2025-03-17 00:59:59.824000+00:00,2025-03-17 00:45:00+00:00,continuous,82915.6,83125.7,82911.0,83023.9,144730935.7748004
2025-03-17 01:14:59.809000+00:00,2025-03-17 01:00:00+00:00,continuous,83023.9,83223.3,82790.4,82852.3,139679806.96939898
2025-03-17 01:29:59.116000+00:00,2025-03-17 01:15:00+00:00,continuous,82852.3,82991.2,82791.0,82919.2,84830503.05030006
2025-03-17 01:44:59.718000+00:00,2025-03-17 01:30:00+00:00,continuous,82919.2,83208.0,82919.2,83135.7,88900258.24730009
2025-03-17 01:59:59.629000+00:00,2025-03-17 01:45:00+00:00,continuous,83135.7,83361.1,83135.7,83199.7,136444374.1223998
2025-03-17 02:14:59.707000+00:00,2025-03-17 02:00:00+00:00,continuous,83199.7,83210.4,83000.0,83002.0,71153129.10580012
2025-03-17 02:29:59.852000+00:00,2025-03-17 02:15:00+00:00,continuous,83002.1,83255.7,82925.6,83233.7,99181505.75190017
2025-03-17 02:44:59.225000+00:00,2025-03-17 02:30:00+00:00,continuous,83233.6,83300.0,83138.4,83285.7,71332550.25970002
2025-03-17 02:59:58.843000+00:00,2025-03-17 02:45:00+00:00,continuous,83285.7,83340.7,83099.2,83173.4,78213354.96959941
2025-03-17 03:14:59.207000+00:00,2025-03-17 03:00:00+00:00,continuous,83173.5,83593.6,83173.5,83462.5,210608074.13799956
2025-03-17 03:29:59.861000+00:00,2025-03-17 03:15:00+00:00,continuous,83462.5,83571.4,83406.2,83440.7,93681868.18130048
2025-03-17 03:44:59.906000+00:00,2025-03-17 03:30:00+00:00,continuous,83440.8,83507.2,83350.0,83449.9,60448950.91820016
2025-03-17 03:59:59.892000+00:00,2025-03-17 03:45:00+00:00,continuous,83449.9,83696.6,83445.6,83641.0,109158661.30669978
2025-03-17 04:14:59.749000+00:00,2025-03-17 04:00:00+00:00,continuous,83641.1,83842.8,83634.7,83715.8,189786817.74659917
2025-03-17 04:29:59.545000+00:00,2025-03-17 04:15:00+00:00,continuous,83715.8,83791.5,83619.3,83685.2,84955261.92889982
2025-03-17 04:44:59.828000+00:00,2025-03-17 04:30:00+00:00,continuous,83685.1,83762.4,83562.5,83600.6,69738466.51600006
2025-03-17 04:59:59.915000+00:00,2025-03-17 04:45:00+00:00,continuous,83600.6,83646.1,83485.3,83589.6,100234773.64859983
2025-03-17 05:14:59.751000+00:00,2025-03-17 05:00:00+00:00,continuous,83589.5,83589.5,83150.0,83277.4,225209411.09539968
2025-03-17 05:29:59.957000+00:00,2025-03-17 05:15:00+00:00,continuous,83277.5,83328.0,83208.6,83276.0,98270486.9688997
2025-03-17 05:44:59.979000+00:00,2025-03-17 05:30:00+00:00,continuous,83276.0,83329.2,83116.6,83225.1,76771599.18679936
2025-03-17 05:59:59.848000+00:00,2025-03-17 05:45:00+00:00,continuous,83225.2,83260.9,83088.8,83088.9,71456540.91090041
2025-03-17 06:14:59.860000+00:00,2025-03-17 06:00:00+00:00,continuous,83088.8,83265.2,83088.8,83213.8,53418733.69090005
2025-03-17 06:29:59.825000+00:00,2025-03-17 06:15:00+00:00,continuous,83213.7,83250.3,82840.6,82868.5,151147513.18709993
2025-03-17 06:44:59.893000+00:00,2025-03-17 06:30:00+00:00,continuous,82868.6,83048.0,82630.8,83047.9,240153810.67969927
2025-03-17 06:59:59.995000+00:00,2025-03-17 06:45:00+00:00,continuous,83048.0,83250.1,83013.2,83185.8,166136093.0073995
2025-03-17 07:14:59.924000+00:00,2025-03-17 07:00:00+00:00,continuous,83186.7,83444.0,83172.4,83301.8,160803745.3838004
2025-03-17 07:29:59.205000+00:00,2025-03-17 07:15:00+00:00,continuous,83301.9,83419.1,83200.0,83340.2,70982574.0501002
2025-03-17 07:44:59.655000+00:00,2025-03-17 07:30:00+00:00,continuous,83340.2,83396.4,83283.4,83378.5,57730557.43600003
2025-03-17 07:59:59.938000+00:00,2025-03-17 07:45:00+00:00,continuous,83378.5,83599.7,83375.2,83525.2,180869786.77089936
2025-03-17 08:14:59.923000+00:00,2025-03-17 08:00:00+00:00,continuous,83525.3,83553.8,83284.0,83357.3,125752977.71830027
2025-03-17 08:29:59.805000+00:00,2025-03-17 08:15:00+00:00,continuous,83357.4,83528.8,83171.7,83511.3,100381650.21370013
2025-03-17 08:44:59.891000+00:00,2025-03-17 08:30:00+00:00,continuous,83511.2,83528.0,83386.4,83510.0,61009377.17829985
2025-03-17 08:59:59.321000+00:00,2025-03-17 08:45:00+00:00,continuous,83510.1,83692.2,83443.9,83500.1,99524040.85690075
2025-03-17 09:14:59.656000+00:00,2025-03-17 09:00:00+00:00,continuous,83500.0,83591.2,83393.4,83515.0,68261736.69329979
2025-03-17 09:29:59.933000+00:00,2025-03-17 09:15:00+00:00,continuous,83515.0,83749.9,83515.0,83717.9,134595021.2480998
2025-03-17 09:44:59.979000+00:00,2025-03-17 09:30:00+00:00,continuous,83717.9,83737.0,83564.3,83564.4,93737344.40880136
2025-03-17 09:59:59.662000+00:00,2025-03-17 09:45:00+00:00,continuous,83564.4,83666.1,83503.5,83620.0,81431000.62150045
2025-03-17 10:14:59.601000+00:00,2025-03-17 10:00:00+00:00,continuous,83620.0,83650.0,83321.3,83358.4,103295659.40439963
2025-03-17 10:29:59.490000+00:00,2025-03-17 10:15:00+00:00,continuous,83358.4,83490.0,83304.2,83433.7,73211658.93719953
2025-03-17 10:44:59.760000+00:00,2025-03-17 10:30:00+00:00,continuous,83433.7,83449.9,83261.4,83352.7,78146656.46509996
2025-03-17 10:59:59.792000+00:00,2025-03-17 10:45:00+00:00,continuous,83352.7,83418.7,83213.9,83299.7,64165045.22579996
2025-03-17 11:14:59.888000+00:00,2025-03-17 11:00:00+00:00,continuous,83299.6,83368.2,83172.1,83368.2,74298440.1166001
2025-03-17 11:29:59.900000+00:00,2025-03-17 11:15:00+00:00,continuous,83368.2,83608.4,83331.2,83505.4,133494346.61440077
2025-03-17 11:44:59.816000+00:00,2025-03-17 11:30:00+00:00,continuous,83505.4,83666.0,83501.0,83525.2,106306794.82699999
2025-03-17 11:59:59.765000+00:00,2025-03-17 11:45:00+00:00,continuous,83525.3,83571.8,83450.3,83475.0,106951459.8887997
2025-03-17 12:14:59.977000+00:00,2025-03-17 12:00:00+00:00,continuous,83475.0,84000.0,83226.0,83319.2,465747611.0745001
2025-03-17 12:29:59.715000+00:00,2025-03-17 12:15:00+00:00,continuous,83318.9,83318.9,82947.4,83155.4,323805453.7722993
2025-03-17 12:44:59.886000+00:00,2025-03-17 12:30:00+00:00,continuous,83156.6,84000.0,83092.0,83292.3,513551125.6983002
2025-03-17 12:59:59.895000+00:00,2025-03-17 12:45:00+00:00,continuous,83292.2,83379.2,82948.1,83009.1,236661044.0966013
2025-03-17 13:14:59.324000+00:00,2025-03-17 13:00:00+00:00,continuous,83009.1,83237.3,82801.0,83109.9,250364294.71789974
2025-03-17 13:29:59.990000+00:00,2025-03-17 13:15:00+00:00,continuous,83109.9,83200.0,82844.0,82904.3,113626938.28729996
2025-03-17 13:44:59.991000+00:00,2025-03-17 13:30:00+00:00,continuous,82905.1,83704.8,82757.1,83374.6,602556375.6023968
2025-03-17 13:59:59.786000+00:00,2025-03-17 13:45:00+00:00,continuous,83374.7,83458.2,82855.5,82971.4,355389885.7543979
2025-03-17 14:14:59.892000+00:00,2025-03-17 14:00:00+00:00,continuous,82971.4,82975.1,82384.0,82770.0,630406162.7709006
2025-03-17 14:29:59.702000+00:00,2025-03-17 14:15:00+00:00,continuous,82770.1,82928.5,82502.7,82727.8,289513492.1211004
2025-03-17 14:44:59.910000+00:00,2025-03-17 14:30:00+00:00,continuous,82727.8,83232.0,82655.1,83139.4,340513340.49669635
2025-03-17 14:59:59.952000+00:00,2025-03-17 14:45:00+00:00,continuous,83139.5,83336.9,82787.0,82873.1,295220492.8481022
2025-03-17 15:14:59.863000+00:00,2025-03-17 15:00:00+00:00,continuous,82873.1,83255.6,82663.8,83199.4,225970492.92779934
2025-03-17 15:29:59.901000+00:00,2025-03-17 15:15:00+00:00,continuous,83199.5,83562.0,83122.0,83306.6,300468454.5230017
2025-03-17 15:44:59.935000+00:00,2025-03-17 15:30:00+00:00,continuous,83306.6,83420.0,83110.5,83323.6,148536358.8380995
2025-03-17 15:59:59.993000+00:00,2025-03-17 15:45:00+00:00,continuous,83323.6,83675.0,83305.3,83499.0,250331015.3955012
2025-03-17 16:14:59.830000+00:00,2025-03-17 16:00:00+00:00,continuous,83499.1,83850.0,83400.0,83706.0,288709702.86019766
2025-03-17 16:29:59.831000+00:00,2025-03-17 16:15:00+00:00,continuous,83705.9,83800.4,83475.8,83593.8,159215825.2986007
2025-03-17 16:44:59.919000+00:00,2025-03-17 16:30:00+00:00,continuous,83593.8,83715.5,83165.6,83205.3,211783386.22919962
2025-03-17 16:59:59.483000+00:00,2025-03-17 16:45:00+00:00,continuous,83205.3,83471.0,83054.9,83408.0,322696736.62520087
2025-03-17 17:14:59.956000+00:00,2025-03-17 17:00:00+00:00,continuous,83408.1,83765.8,83319.8,83734.0,160559386.69399938
2025-03-17 17:29:59.572000+00:00,2025-03-17 17:15:00+00:00,continuous,83733.9,83971.6,83668.2,83892.2,182588493.15830103
2025-03-17 17:44:59.956000+00:00,2025-03-17 17:30:00+00:00,continuous,83892.2,84403.9,83785.9,84211.1,374400117.06460017
2025-03-17 17:59:59.993000+00:00,2025-03-17 17:45:00+00:00,continuous,84211.0,84314.0,84054.5,84164.5,180129159.7416998
2025-03-17 18:14:59.933000+00:00,2025-03-17 18:00:00+00:00,continuous,84164.4,84323.4,83951.2,84081.7,177384207.9971006
2025-03-17 18:29:59.979000+00:00,2025-03-17 18:15:00+00:00,continuous,84081.7,84197.4,83970.5,84081.0,123850193.10780019
2025-03-17 18:44:59.901000+00:00,2025-03-17 18:30:00+00:00,continuous,84081.0,84465.2,84040.9,84416.3,246533360.95330083
2025-03-17 18:59:59.648000+00:00,2025-03-17 18:45:00+00:00,continuous,84416.4,84563.3,84332.5,84462.0,255439370.25190055
2025-03-17 19:14:59.904000+00:00,2025-03-17 19:00:00+00:00,continuous,84462.0,84594.9,84343.8,84432.6,196239295.98799938
2025-03-17 19:29:59.544000+00:00,2025-03-17 19:15:00+00:00,continuous,84432.7,84470.0,84254.6,84366.7,121057652.18469967
2025-03-17 19:44:59.734000+00:00,2025-03-17 19:30:00+00:00,continuous,84366.5,84533.3,84320.0,84525.0,91306321.82439972
2025-03-17 19:59:59.885000+00:00,2025-03-17 19:45:00+00:00,continuous,84525.0,84727.1,84341.1,84436.2,203577642.09719944
2025-03-17 20:14:59.723000+00:00,2025-03-17 20:00:00+00:00,continuous,84436.2,84464.1,84156.6,84233.2,165484892.05780074
2025-03-17 20:29:59.844000+00:00,2025-03-17 20:15:00+00:00,continuous,84233.2,84300.0,83980.0,84090.0,144974833.47479975
2025-03-17 20:44:59.993000+00:00,2025-03-17 20:30:00+00:00,continuous,84090.1,84114.1,83839.0,83994.0,150123159.13249984
2025-03-17 20:59:59.746000+00:00,2025-03-17 20:45:00+00:00,continuous,83994.0,84136.1,83806.5,83923.4,142361099.96509942
2025-03-17 21:14:59.814000+00:00,2025-03-17 21:00:00+00:00,continuous,83923.5,84019.5,83902.6,84019.5,50894897.06509998
2025-03-17 21:29:59.832000+00:00,2025-03-17 21:15:00+00:00,continuous,84019.6,84227.3,83925.0,83925.0,108740645.21980014
2025-03-17 21:44:59.605000+00:00,2025-03-17 21:30:00+00:00,continuous,83925.0,84049.5,83837.8,83943.3,53725835.654099956
2025-03-17 21:59:59.901000+00:00,2025-03-17 21:45:00+00:00,continuous,83943.3,84170.7,83932.5,84033.3,58562829.49730017
2025-03-17 22:14:59.950000+00:00,2025-03-17 22:00:00+00:00,continuous,84033.2,84100.0,83951.7,84067.3,46864399.355599955
2025-03-17 22:29:59.946000+00:00,2025-03-17 22:15:00+00:00,continuous,84067.8,84160.0,84058.5,84144.6,37120222.27559987
2025-03-17 22:44:59.847000+00:00,2025-03-17 22:30:00+00:00,continuous,84144.7,84207.2,84090.7,84093.8,34920992.32419995
2025-03-17 22:59:59.792000+00:00,2025-03-17 22:45:00+00:00,continuous,84093.9,84100.0,84011.8,84011.8,29636715.985000044
2025-03-17 23:14:59.895000+00:00,2025-03-17 23:00:00+00:00,continuous,84011.9,84029.1,83916.7,83925.8,48501638.89989995
2025-03-17 23:29:59.908000+00:00,2025-03-17 23:15:00+00:00,continuous,83925.9,83968.8,83800.0,83800.0,59929987.15649999
2025-03-17 23:44:59.788000+00:00,2025-03-17 23:30:00+00:00,continuous,83800.1,84070.2,83700.0,84062.5,133682409.6935004
2025-03-17 23:59:59.932000+00:00,2025-03-17 23:45:00+00:00,continuous,84062.6,84097.4,83962.0,83962.9,40553988.5144001
2025-03-18 00:14:59.871000+00:00,2025-03-18 00:00:00+00:00,continuous,83963.0,83979.8,83828.5,83838.0,65208902.43420005
2025-03-18 00:29:59.595000+00:00,2025-03-18 00:15:00+00:00,continuous,83838.0,83942.8,83708.0,83708.1,55825628.24759999
2025-03-18 00:44:59.400000+00:00,2025-03-18 00:30:00+00:00,continuous,83708.1,83803.8,83669.6,83709.3,51957436.43000014
2025-03-18 00:59:58.672000+00:00,2025-03-18 00:45:00+00:00,continuous,83709.2,83791.6,83662.2,83752.6,52665085.29499993
2025-03-18 01:14:59.902000+00:00,2025-03-18 01:00:00+00:00,continuous,83752.5,83874.4,83541.4,83551.6,99687504.82560007
2025-03-18 01:29:59.899000+00:00,2025-03-18 01:15:00+00:00,continuous,83551.6,83551.6,83153.7,83306.6,384501469.7532022
2025-03-18 01:44:59.879000+00:00,2025-03-18 01:30:00+00:00,continuous,83306.6,83306.7,82979.3,83005.3,211555359.56829843
2025-03-18 01:59:59.944000+00:00,2025-03-18 01:45:00+00:00,continuous,83005.3,83167.6,82958.3,83127.2,146444785.21960026
2025-03-18 02:14:59.912000+00:00,2025-03-18 02:00:00+00:00,continuous,83127.2,83330.2,83036.4,83330.0,139669531.88899994
2025-03-18 02:29:59.429000+00:00,2025-03-18 02:15:00+00:00,continuous,83330.0,83460.0,83191.5,83407.8,136213433.9816999
2025-03-18 02:44:59.479000+00:00,2025-03-18 02:30:00+00:00,continuous,83407.8,83498.5,83300.0,83431.3,113862802.11930083
2025-03-18 02:59:59.764000+00:00,2025-03-18 02:45:00+00:00,continuous,83431.3,83500.0,83300.0,83325.3,81216323.90450008
2025-03-18 03:14:59.162000+00:00,2025-03-18 03:00:00+00:00,continuous,83325.3,83325.3,83113.7,83197.1,91806624.73189995
2025-03-18 03:29:59.861000+00:00,2025-03-18 03:15:00+00:00,continuous,83197.0,83266.5,83034.7,83048.2,94438657.59139994
2025-03-18 03:44:59.730000+00:00,2025-03-18 03:30:00+00:00,continuous,83048.3,83120.8,82913.6,83116.1,135012825.87590033
2025-03-18 03:59:59.797000+00:00,2025-03-18 03:45:00+00:00,continuous,83116.0,83190.8,83027.0,83107.6,57168761.5306997
2025-03-18 04:14:59.906000+00:00,2025-03-18 04:00:00+00:00,continuous,83107.6,83181.3,83050.0,83161.1,73080982.31970006
2025-03-18 04:29:59.727000+00:00,2025-03-18 04:15:00+00:00,continuous,83161.1,83178.1,83045.4,83142.6,47099209.09599993
2025-03-18 04:44:59.407000+00:00,2025-03-18 04:30:00+00:00,continuous,83142.5,83142.5,82920.0,82940.0,97348153.54650024
2025-03-18 04:59:59.656000+00:00,2025-03-18 04:45:00+00:00,continuous,82940.1,82994.4,82783.1,82958.4,149884163.22729975
2025-03-18 05:14:59.559000+00:00,2025-03-18 05:00:00+00:00,continuous,82958.4,83097.6,82944.0,82970.8,59848046.23610021
2025-03-18 05:29:59.814000+00:00,2025-03-18 05:15:00+00:00,continuous,82970.8,82976.1,82879.6,82976.0,55522631.60510023
2025-03-18 05:44:59.895000+00:00,2025-03-18 05:30:00+00:00,continuous,82976.1,83066.2,82860.2,83054.8,101231028.51140033
2025-03-18 05:59:59.963000+00:00,2025-03-18 05:45:00+00:00,continuous,83054.8,83055.1,82901.3,82983.8,52063304.36229982
2025-03-18 06:14:59.904000+00:00,2025-03-18 06:00:00+00:00,continuous,82983.8,82996.0,82707.6,82744.1,115407591.77450001
2025-03-18 06:29:59.669000+00:00,2025-03-18 06:15:00+00:00,continuous,82744.2,82821.8,82520.4,82658.9,190548844.1250988
2025-03-18 06:44:59.997000+00:00,2025-03-18 06:30:00+00:00,continuous,82658.9,82700.1,82267.0,82272.1,353688591.43819964
2025-03-18 06:59:59.928000+00:00,2025-03-18 06:45:00+00:00,continuous,82272.2,82481.1,82207.7,82407.0,201655612.36089832
2025-03-18 07:14:59.998000+00:00,2025-03-18 07:00:00+00:00,continuous,82407.1,83241.1,82316.4,82904.7,837921794.6540972
2025-03-18 07:29:59.939000+00:00,2025-03-18 07:15:00+00:00,continuous,82904.8,83190.0,82752.4,83088.1,219232265.1511992
2025-03-18 07:44:59.956000+00:00,2025-03-18 07:30:00+00:00,continuous,83088.2,83119.9,82920.6,83065.9,153855635.9248003
2025-03-18 07:59:59.885000+00:00,2025-03-18 07:45:00+00:00,continuous,83065.3,83159.2,83006.4,83124.8,84151318.2026002
2025-03-18 08:14:59.965000+00:00,2025-03-18 08:00:00+00:00,continuous,83124.7,83278.3,83050.0,83056.4,139013069.75810048
2025-03-18 08:29:59.795000+00:00,2025-03-18 08:15:00+00:00,continuous,83056.5,83235.3,83000.0,83195.2,92491059.12839979
2025-03-18 08:44:59.583000+00:00,2025-03-18 08:30:00+00:00,continuous,83195.2,83422.8,83180.7,83244.4,198279457.65539867
2025-03-18 08:59:59.631000+00:00,2025-03-18 08:45:00+00:00,continuous,83244.4,83323.3,83188.0,83247.4,53369306.85689993
2025-03-18 09:14:59.884000+00:00,2025-03-18 09:00:00+00:00,continuous,83247.5,83313.5,83188.0,83213.6,63887708.02019977
2025-03-18 09:29:59.442000+00:00,2025-03-18 09:15:00+00:00,continuous,83213.6,83227.5,83031.6,83077.4,106776209.44180009
2025-03-18 09:44:59.666000+00:00,2025-03-18 09:30:00+00:00,continuous,83077.5,83183.4,83052.1,83107.0,61750623.59019993
2025-03-18 09:59:59.990000+00:00,2025-03-18 09:45:00+00:00,continuous,83107.1,83134.9,82730.0,82813.0,220787139.55949932
2025-03-18 10:14:59.947000+00:00,2025-03-18 10:00:00+00:00,continuous,82812.9,82910.3,82706.8,82733.6,108550748.22189996
2025-03-18 10:29:59.917000+00:00,2025-03-18 10:15:00+00:00,continuous,82733.7,82745.8,82559.6,82723.5,192831228.1571991
2025-03-18 10:44:59.382000+00:00,2025-03-18 10:30:00+00:00,continuous,82723.5,82853.7,82602.7,82794.1,118118683.28030016
2025-03-18 10:59:59.662000+00:00,2025-03-18 10:45:00+00:00,continuous,82794.0,82798.8,82681.1,82781.1,62352321.173900045
2025-03-18 11:14:59.852000+00:00,2025-03-18 11:00:00+00:00,continuous,82781.1,82830.0,82606.3,82743.0,85680461.54220039
2025-03-18 11:29:59.903000+00:00,2025-03-18 11:15:00+00:00,continuous,82743.0,82746.7,82650.0,82659.1,47715882.25640017
2025-03-18 11:44:59.925000+00:00,2025-03-18 11:30:00+00:00,continuous,82659.1,82674.3,82510.0,82516.3,94048365.65819992
2025-03-18 11:59:59.648000+00:00,2025-03-18 11:45:00+00:00,continuous,82516.4,82620.0,82457.6,82550.0,116821698.38429993
2025-03-18 12:14:59.767000+00:00,2025-03-18 12:00:00+00:00,continuous,82550.1,82671.8,82460.8,82516.6,153139236.54599988
2025-03-18 12:29:59.636000+00:00,2025-03-18 12:15:00+00:00,continuous,82516.7,82791.3,82458.3,82561.3,126185853.33310008
2025-03-18 12:44:59.856000+00:00,2025-03-18 12:30:00+00:00,continuous,82561.3,82561.3,82370.0,82508.1,195642701.69910032
2025-03-18 12:59:59.911000+00:00,2025-03-18 12:45:00+00:00,continuous,82508.1,82520.0,82284.8,82367.9,129244929.88669953
2025-03-18 13:14:59.514000+00:00,2025-03-18 13:00:00+00:00,continuous,82368.0,82444.0,82272.5,82284.1,113180769.66429938
2025-03-18 13:29:59.718000+00:00,2025-03-18 13:15:00+00:00,continuous,82284.1,82422.3,82241.4,82343.1,162368264.10599935
2025-03-18 13:44:59.951000+00:00,2025-03-18 13:30:00+00:00,continuous,82343.2,82363.5,81336.7,81376.0,1174876472.210219
2025-03-18 13:59:59.987000+00:00,2025-03-18 13:45:00+00:00,continuous,81376.2,81542.2,81140.5,81330.4,617747358.992898
2025-03-18 14:14:59.829000+00:00,2025-03-18 14:00:00+00:00,continuous,81330.3,81555.0,81182.5,81236.2,415271603.3993999
2025-03-18 14:29:59.985000+00:00,2025-03-18 14:15:00+00:00,continuous,81236.3,81603.6,81113.5,81591.7,380230252.62279975
2025-03-18 14:44:59.928000+00:00,2025-03-18 14:30:00+00:00,continuous,81591.8,81935.2,81466.1,81653.3,429827811.06230307
2025-03-18 14:59:59.874000+00:00,2025-03-18 14:45:00+00:00,continuous,81653.6,81846.1,81500.0,81809.4,216610667.0687992
2025-03-18 15:14:59.948000+00:00,2025-03-18 15:00:00+00:00,continuous,81809.5,81822.4,81500.5,81727.8,194797145.10899988
2025-03-18 15:29:59.911000+00:00,2025-03-18 15:15:00+00:00,continuous,81727.9,81898.1,81557.1,81795.0,156751212.21239918
2025-03-18 15:44:59.891000+00:00,2025-03-18 15:30:00+00:00,continuous,81795.1,82162.0,81744.2,81826.0,291690525.5398994
2025-03-18 15:59:59.766000+00:00,2025-03-18 15:45:00+00:00,continuous,81826.0,81953.8,81500.0,81567.8,232088975.28690013
2025-03-18 16:14:59.917000+00:00,2025-03-18 16:00:00+00:00,continuous,81567.5,81800.0,81500.0,81800.0,239521728.6077995
2025-03-18 16:29:59.976000+00:00,2025-03-18 16:15:00+00:00,continuous,81799.9,82094.3,81624.1,82064.5,174130563.14810064
2025-03-18 16:44:59.971000+00:00,2025-03-18 16:30:00+00:00,continuous,82064.4,82117.8,81635.1,81662.0,205068670.09820107
2025-03-18 16:59:59.789000+00:00,2025-03-18 16:45:00+00:00,continuous,81661.9,81894.9,81511.2,81814.2,192953277.4018999
2025-03-18 17:14:59.845000+00:00,2025-03-18 17:00:00+00:00,continuous,81814.3,81947.7,81539.7,81700.0,145539278.8367002
2025-03-18 17:29:59.892000+00:00,2025-03-18 17:15:00+00:00,continuous,81700.0,81715.8,81500.0,81566.1,178268081.79870027
2025-03-18 17:44:59.939000+00:00,2025-03-18 17:30:00+00:00,continuous,81566.2,81827.8,81315.0,81650.0,267396714.23179916
2025-03-18 17:59:59.156000+00:00,2025-03-18 17:45:00+00:00,continuous,81650.1,81739.6,81286.8,81428.9,157095801.10259938
2025-03-18 18:14:59.960000+00:00,2025-03-18 18:00:00+00:00,continuous,81428.9,81489.5,81270.1,81380.1,111424362.0056998
2025-03-18 18:29:59.993000+00:00,2025-03-18 18:15:00+00:00,continuous,81380.0,81628.7,81301.9,81322.2,105497704.11090028
2025-03-18 18:44:59.642000+00:00,2025-03-18 18:30:00+00:00,continuous,81322.2,81608.6,81203.1,81571.1,109989502.26449995
2025-03-18 18:59:59.946000+00:00,2025-03-18 18:45:00+00:00,continuous,81571.0,81920.0,81567.4,81849.0,261305825.2525996
2025-03-18 19:14:59.953000+00:00,2025-03-18 19:00:00+00:00,continuous,81848.9,81942.1,81714.4,81889.2,89795325.01440053
2025-03-18 19:29:59.925000+00:00,2025-03-18 19:15:00+00:00,continuous,81889.3,82040.0,81813.0,81863.6,87643876.63919987
2025-03-18 19:44:59.546000+00:00,2025-03-18 19:30:00+00:00,continuous,81863.6,82070.9,81854.9,82007.5,83580457.68179968
2025-03-18 19:59:59.987000+00:00,2025-03-18 19:45:00+00:00,continuous,82007.5,82446.8,81928.4,82273.4,362924235.57809705
2025-03-18 20:14:59.976000+00:00,2025-03-18 20:00:00+00:00,continuous,82273.5,82319.0,82076.0,82076.0,138275000.1089995
2025-03-18 20:29:59.780000+00:00,2025-03-18 20:15:00+00:00,continuous,82076.1,82118.2,81964.8,81985.0,58571787.92070005
2025-03-18 20:44:59.567000+00:00,2025-03-18 20:30:00+00:00,continuous,81985.1,81995.9,81823.5,81900.1,72190252.7311001
2025-03-18 20:59:59.962000+00:00,2025-03-18 20:45:00+00:00,continuous,81900.1,82011.8,81846.2,82011.7,54658715.19289998
2025-03-18 21:14:59.985000+00:00,2025-03-18 21:00:00+00:00,continuous,82011.8,82143.9,81979.7,82143.9,52835201.66870002
2025-03-18 21:29:59.674000+00:00,2025-03-18 21:15:00+00:00,continuous,82143.9,82165.3,82024.6,82080.0,45510114.45249992
2025-03-18 21:44:59.931000+00:00,2025-03-18 21:30:00+00:00,continuous,82080.1,82082.0,81888.0,81960.1,66780590.99699979
2025-03-18 21:59:59.508000+00:00,2025-03-18 21:45:00+00:00,continuous,81960.1,82062.7,81943.8,82011.1,34790974.65830011
2025-03-18 22:14:59.656000+00:00,2025-03-18 22:00:00+00:00,continuous,82011.0,82317.8,81949.6,82225.5,109331994.79560007
2025-03-18 22:29:59.671000+00:00,2025-03-18 22:15:00+00:00,continuous,82225.6,82340.0,82154.1,82222.9,78615430.6224001
2025-03-18 22:44:59.564000+00:00,2025-03-18 22:30:00+00:00,continuous,82223.0,82321.8,82170.9,82244.0,56638170.81189992
2025-03-18 22:59:59.837000+00:00,2025-03-18 22:45:00+00:00,continuous,82244.0,82533.0,82243.9,82350.0,121534551.86300054
2025-03-18 23:14:59.995000+00:00,2025-03-18 23:00:00+00:00,continuous,82350.1,82573.0,82350.1,82543.6,92251257.66200012
2025-03-18 23:29:59.573000+00:00,2025-03-18 23:15:00+00:00,continuous,82543.6,82740.6,82532.6,82735.5,134011147.31639983
2025-03-18 23:44:59.751000+00:00,2025-03-18 23:30:00+00:00,continuous,82735.4,82739.4,82542.2,82612.5,121169777.61499965
2025-03-18 23:59:59.984000+00:00,2025-03-18 23:45:00+00:00,continuous,82612.5,82772.7,82585.0,82666.1,75762189.94939952
2025-03-19 00:14:59.398000+00:00,2025-03-19 00:00:00+00:00,continuous,82666.2,82743.5,82555.3,82687.6,80058049.89420025
2025-03-19 00:29:59.704000+00:00,2025-03-19 00:15:00+00:00,continuous,82687.7,82975.7,82674.5,82880.0,149770071.69689932
2025-03-19 00:44:59.708000+00:00,2025-03-19 00:30:00+00:00,continuous,82880.1,83179.7,82880.0,82940.8,248588744.51690072
2025-03-19 00:59:59.861000+00:00,2025-03-19 00:45:00+00:00,continuous,82940.8,83200.0,82940.8,83069.9,158646278.17989933
2025-03-19 01:14:59.716000+00:00,2025-03-19 01:00:00+00:00,continuous,83069.9,83125.9,82817.7,82828.1,132805819.0026004
2025-03-19 01:29:58.716000+00:00,2025-03-19 01:15:00+00:00,continuous,82828.1,82934.8,82753.1,82805.3,123361772.13039963
2025-03-19 01:44:59.628000+00:00,2025-03-19 01:30:00+00:00,continuous,82805.3,82928.9,82768.4,82852.1,63472524.734799676
2025-03-19 01:59:59.886000+00:00,2025-03-19 01:45:00+00:00,continuous,82852.1,83046.2,82545.3,82562.3,137024694.78579965
2025-03-19 02:14:59.622000+00:00,2025-03-19 02:00:00+00:00,continuous,82562.4,82813.6,82501.8,82710.0,128333176.89030063
2025-03-19 02:29:59.707000+00:00,2025-03-19 02:15:00+00:00,continuous,82710.0,82819.4,82600.2,82666.1,56937944.53660005
2025-03-19 02:44:59.532000+00:00,2025-03-19 02:30:00+00:00,continuous,82666.0,82849.4,82586.0,82782.7,62912443.08699972
2025-03-19 02:59:59.924000+00:00,2025-03-19 02:45:00+00:00,continuous,82782.7,82860.0,82700.0,82828.4,41376703.36930001
2025-03-19 03:14:59.551000+00:00,2025-03-19 03:00:00+00:00,continuous,82828.4,83010.3,82817.2,82906.3,87647610.26339953
2025-03-19 03:29:59.854000+00:00,2025-03-19 03:15:00+00:00,continuous,82906.3,82939.7,82708.0,82759.9,57837545.04669983
2025-03-19 03:44:59.735000+00:00,2025-03-19 03:30:00+00:00,continuous,82759.9,82951.6,82757.5,82887.5,53650076.53669983
2025-03-19 03:59:59.506000+00:00,2025-03-19 03:45:00+00:00,continuous,82887.5,83059.7,82810.9,83008.4,89410231.47769983
2025-03-19 04:14:59.659000+00:00,2025-03-19 04:00:00+00:00,continuous,83008.4,83052.5,82852.0,82881.2,84110250.49809971
2025-03-19 04:29:59.408000+00:00,2025-03-19 04:15:00+00:00,continuous,82881.2,82915.0,82785.9,82789.5,52430393.27540012
2025-03-19 04:44:59.274000+00:00,2025-03-19 04:30:00+00:00,continuous,82789.6,82969.6,82752.1,82936.1,67486951.55240022
2025-03-19 04:59:59.510000+00:00,2025-03-19 04:45:00+00:00,continuous,82936.2,83002.4,82881.8,82922.9,60917263.97220001
2025-03-19 05:14:59.922000+00:00,2025-03-19 05:00:00+00:00,continuous,82922.9,82988.0,82870.7,82873.8,50588785.74819999
2025-03-19 05:29:59.834000+00:00,2025-03-19 05:15:00+00:00,continuous,82873.9,83076.8,82873.8,82992.4,64151883.22390026
2025-03-19 05:44:59.578000+00:00,2025-03-19 05:30:00+00:00,continuous,82992.3,83246.0,82942.7,83112.6,157472792.0835995
2025-03-19 05:59:59.736000+00:00,2025-03-19 05:45:00+00:00,continuous,83112.5,83289.8,83104.0,83202.8,113883608.32120018
2025-03-19 06:14:58.718000+00:00,2025-03-19 06:00:00+00:00,continuous,83202.9,83277.3,83123.9,83252.9,69068550.03030016
2025-03-19 06:29:59.659000+00:00,2025-03-19 06:15:00+00:00,continuous,83252.9,83295.0,83146.1,83153.8,72933956.56069978
2025-03-19 06:44:59.404000+00:00,2025-03-19 06:30:00+00:00,continuous,83153.8,83240.0,83103.8,83138.3,82776706.15080003
2025-03-19 06:59:59.630000+00:00,2025-03-19 06:45:00+00:00,continuous,83138.3,83199.3,83079.0,83160.0,82496076.6681002
2025-03-19 07:14:59.995000+00:00,2025-03-19 07:00:00+00:00,continuous,83160.0,83168.0,82986.3,83101.9,141115356.3763996
2025-03-19 07:29:59.562000+00:00,2025-03-19 07:15:00+00:00,continuous,83102.0,83265.9,83097.1,83265.8,77401331.57070005
2025-03-19 07:44:59.767000+00:00,2025-03-19 07:30:00+00:00,continuous,83265.8,83329.9,83083.1,83143.6,117192447.17219946
2025-03-19 07:59:59.859000+00:00,2025-03-19 07:45:00+00:00,continuous,83143.7,83219.9,83094.0,83152.5,57357063.261099845
2025-03-19 08:14:59.952000+00:00,2025-03-19 08:00:00+00:00,continuous,83152.5,83376.9,83137.8,83325.1,133036068.5991004
2025-03-19 08:29:59.862000+00:00,2025-03-19 08:15:00+00:00,continuous,83325.1,83386.1,83254.8,83372.7,67801102.58960012
2025-03-19 08:44:59.643000+00:00,2025-03-19 08:30:00+00:00,continuous,83372.7,83455.9,83313.6,83368.4,111564042.64389955
2025-03-19 08:59:59.862000+00:00,2025-03-19 08:45:00+00:00,continuous,83368.3,83470.4,83350.0,83373.5,80283029.4921001
2025-03-19 09:14:59.973000+00:00,2025-03-19 09:00:00+00:00,continuous,83373.6,83472.3,83321.7,83396.2,51133912.334900014
2025-03-19 09:29:59.740000+00:00,2025-03-19 09:15:00+00:00,continuous,83396.3,83565.3,83396.2,83512.9,121114321.53119995
2025-03-19 09:44:59.971000+00:00,2025-03-19 09:30:00+00:00,continuous,83512.9,83571.4,83390.5,83390.5,90077897.95600012
2025-03-19 09:59:59.514000+00:00,2025-03-19 09:45:00+00:00,continuous,83390.5,83500.0,83344.0,83491.6,65682834.9353997
2025-03-19 10:14:59.937000+00:00,2025-03-19 10:00:00+00:00,continuous,83491.5,83639.8,83412.0,83449.1,118223559.78449985
2025-03-19 10:29:59.840000+00:00,2025-03-19 10:15:00+00:00,continuous,83449.7,83550.0,83449.7,83502.8,42287607.05650002
2025-03-19 10:44:59.674000+00:00,2025-03-19 10:30:00+00:00,continuous,83502.8,83800.0,83400.7,83528.1,321996236.86089885
2025-03-19 10:59:59.939000+00:00,2025-03-19 10:45:00+00:00,continuous,83528.1,83600.0,83424.0,83427.9,115841634.02989992
2025-03-19 11:14:59.676000+00:00,2025-03-19 11:00:00+00:00,continuous,83428.0,83712.9,83339.0,83643.7,230046091.25170022
2025-03-19 11:29:59.697000+00:00,2025-03-19 11:15:00+00:00,continuous,83643.7,83867.3,83548.4,83727.8,275801790.7808012
2025-03-19 11:44:59.905000+00:00,2025-03-19 11:30:00+00:00,continuous,83727.8,84088.2,83688.8,83964.5,431035079.56110126
2025-03-19 11:59:59.969000+00:00,2025-03-19 11:45:00+00:00,continuous,83964.5,83999.0,83740.3,83848.4,190778531.45480093
2025-03-19 12:14:59.789000+00:00,2025-03-19 12:00:00+00:00,continuous,83848.5,83900.0,83658.0,83724.9,150354884.5264
2025-03-19 12:29:59.472000+00:00,2025-03-19 12:15:00+00:00,continuous,83725.0,83814.3,83540.8,83616.9,155200993.62330115
2025-03-19 12:44:59.856000+00:00,2025-03-19 12:30:00+00:00,continuous,83616.8,83767.5,83455.6,83630.4,198987038.91339996
2025-03-19 12:59:59.929000+00:00,2025-03-19 12:45:00+00:00,continuous,83630.4,83741.3,83548.5,83705.2,105590445.63750008
2025-03-19 13:14:59.803000+00:00,2025-03-19 13:00:00+00:00,continuous,83705.2,83951.5,83650.7,83881.6,196197677.28419885
2025-03-19 13:29:59.889000+00:00,2025-03-19 13:15:00+00:00,continuous,83881.5,84325.2,83776.5,83900.8,488663364.73480123
2025-03-19 13:44:59.910000+00:00,2025-03-19 13:30:00+00:00,continuous,83900.8,83942.9,83588.0,83907.9,280374348.3089994
2025-03-19 13:59:59.850000+00:00,2025-03-19 13:45:00+00:00,continuous,83907.8,84288.0,83869.8,84050.1,404902697.4995998
2025-03-19 14:14:59.999000+00:00,2025-03-19 14:00:00+00:00,continuous,84050.0,84360.8,83970.4,84063.0,357581796.33219844
2025-03-19 14:29:59.891000+00:00,2025-03-19 14:15:00+00:00,continuous,84063.0,84300.8,83903.8,83913.0,199637312.31580114
2025-03-19 14:44:59.860000+00:00,2025-03-19 14:30:00+00:00,continuous,83913.1,84198.0,83830.0,84156.9,184398980.46949986
2025-03-19 14:59:59.902000+00:00,2025-03-19 14:45:00+00:00,continuous,84157.3,84295.6,84077.1,84267.4,129659162.53259997
2025-03-19 15:14:59.926000+00:00,2025-03-19 15:00:00+00:00,continuous,84267.4,84455.4,84170.5,84170.6,272087441.66629994
2025-03-19 15:29:59.793000+00:00,2025-03-19 15:15:00+00:00,continuous,84170.6,84295.6,84059.2,84276.5,179803000.52009898
2025-03-19 15:44:59.992000+00:00,2025-03-19 15:30:00+00:00,continuous,84276.5,84699.8,84233.1,84657.8,321280910.10690093
2025-03-19 15:59:59.845000+00:00,2025-03-19 15:45:00+00:00,continuous,84657.5,84855.0,84497.5,84693.3,392175339.9165985
2025-03-19 16:14:59.882000+00:00,2025-03-19 16:00:00+00:00,continuous,84693.3,84786.8,84450.0,84466.9,311060921.1129996
2025-03-19 16:29:59.933000+00:00,2025-03-19 16:15:00+00:00,continuous,84467.0,84758.4,84412.0,84618.9,202210551.08300024
2025-03-19 16:44:59.958000+00:00,2025-03-19 16:30:00+00:00,continuous,84618.8,84662.0,84388.0,84415.5,186941125.95449993
2025-03-19 16:59:59.684000+00:00,2025-03-19 16:45:00+00:00,continuous,84415.6,84600.0,84415.5,84526.8,126060067.10730025
2025-03-19 17:14:59.619000+00:00,2025-03-19 17:00:00+00:00,continuous,84526.9,84666.0,84450.2,84492.7,128839038.03869988
2025-03-19 17:29:59.834000+00:00,2025-03-19 17:15:00+00:00,continuous,84492.8,84630.0,84420.4,84420.4,126643891.6821997
2025-03-19 17:44:59.913000+00:00,2025-03-19 17:30:00+00:00,continuous,84420.4,84547.5,83882.0,83937.8,706587678.9560026
2025-03-19 17:59:59.993000+00:00,2025-03-19 17:45:00+00:00,continuous,83937.8,84212.1,83725.6,84188.0,442579484.2102027
2025-03-19 18:14:59.788000+00:00,2025-03-19 18:00:00+00:00,continuous,84188.3,85038.8,83500.0,84461.9,1592316621.7758365
2025-03-19 18:29:59.917000+00:00,2025-03-19 18:15:00+00:00,continuous,84461.9,84788.0,84122.0,84221.3,619184785.9080995
2025-03-19 18:44:59.870000+00:00,2025-03-19 18:30:00+00:00,continuous,84220.5,84680.6,84204.1,84538.1,372629677.1777989
2025-03-19 18:59:59.889000+00:00,2025-03-19 18:45:00+00:00,continuous,84538.1,85852.9,84394.4,85576.0,1570881835.2707934
2025-03-19 19:14:59.877000+00:00,2025-03-19 19:00:00+00:00,continuous,85576.1,85908.0,85265.0,85653.4,1054996364.6021026
2025-03-19 19:29:59.984000+00:00,2025-03-19 19:15:00+00:00,continuous,85653.4,85694.5,84877.6,84967.2,516540657.46899647
2025-03-19 19:44:59.980000+00:00,2025-03-19 19:30:00+00:00,continuous,84967.3,85432.0,84945.6,85417.0,392730698.49889797
2025-03-19 19:59:59.750000+00:00,2025-03-19 19:45:00+00:00,continuous,85416.9,85422.0,85088.4,85382.5,335774907.62999916
2025-03-19 20:14:59.974000+00:00,2025-03-19 20:00:00+00:00,continuous,85382.6,85769.1,85368.0,85552.2,294089548.4096006
2025-03-19 20:29:59.984000+00:00,2025-03-19 20:15:00+00:00,continuous,85552.1,85810.0,85552.1,85632.8,150216625.40030003
2025-03-19 20:44:59.935000+00:00,2025-03-19 20:30:00+00:00,continuous,85632.9,85660.6,85313.3,85339.4,111623032.25810023
2025-03-19 20:59:59.820000+00:00,2025-03-19 20:45:00+00:00,continuous,85339.3,85340.9,85163.9,85321.2,110537735.9412994
2025-03-19 21:14:59.812000+00:00,2025-03-19 21:00:00+00:00,continuous,85321.3,85518.7,85294.8,85512.1,90920898.21829991
2025-03-19 21:29:59.678000+00:00,2025-03-19 21:15:00+00:00,continuous,85512.2,85894.3,85503.5,85600.9,182925361.08829996
2025-03-19 21:44:59.966000+00:00,2025-03-19 21:30:00+00:00,continuous,85600.9,85800.0,85544.8,85545.1,78106179.26430012
2025-03-19 21:59:59.739000+00:00,2025-03-19 21:45:00+00:00,continuous,85545.0,85598.6,85441.4,85592.8,58747675.648299634
2025-03-19 22:14:59.693000+00:00,2025-03-19 22:00:00+00:00,continuous,85592.8,85837.5,85592.7,85828.0,108480082.74370024
2025-03-19 22:29:59.836000+00:00,2025-03-19 22:15:00+00:00,continuous,85827.9,85920.9,85684.6,85767.5,99094004.13800037
2025-03-19 22:44:59.929000+00:00,2025-03-19 22:30:00+00:00,continuous,85767.5,86430.0,85747.3,86310.1,414204222.07779926
2025-03-19 22:59:59.522000+00:00,2025-03-19 22:45:00+00:00,continuous,86310.1,86470.0,86051.4,86110.0,329396048.5820997
2025-03-19 23:14:59.927000+00:00,2025-03-19 23:00:00+00:00,continuous,86110.0,86370.8,86110.0,86288.5,134051732.85610063
2025-03-19 23:29:59.951000+00:00,2025-03-19 23:15:00+00:00,continuous,86288.6,86786.7,86140.0,86765.8,389901162.2616024
2025-03-19 23:44:59.971000+00:00,2025-03-19 23:30:00+00:00,continuous,86765.7,86990.0,86601.3,86843.6,293241067.22740024
2025-03-19 23:59:59.947000+00:00,2025-03-19 23:45:00+00:00,continuous,86843.7,86872.0,86668.6,86809.8,260071753.81100097
2025-03-20 00:14:59.932000+00:00,2025-03-20 00:00:00+00:00,continuous,86809.9,87500.0,86806.7,87226.9,816972960.3045063
2025-03-20 00:29:59.875000+00:00,2025-03-20 00:15:00+00:00,continuous,87227.0,87248.0,86684.8,86747.8,363181781.9087968
2025-03-20 00:44:59.910000+00:00,2025-03-20 00:30:00+00:00,continuous,86747.9,86839.0,86251.8,86266.1,422037089.22210133
2025-03-20 00:59:59.984000+00:00,2025-03-20 00:45:00+00:00,continuous,86266.0,86344.5,85900.0,85979.8,470665416.23440015
2025-03-20 01:14:59.986000+00:00,2025-03-20 01:00:00+00:00,continuous,85979.9,86314.0,85743.0,86251.6,422466222.2033057
2025-03-20 01:29:59.860000+00:00,2025-03-20 01:15:00+00:00,continuous,86251.7,86331.3,86162.3,86209.9,97467295.65470073
2025-03-20 01:44:59.937000+00:00,2025-03-20 01:30:00+00:00,continuous,86209.9,86234.7,85690.0,85722.5,323886995.5931965
2025-03-20 01:59:59.981000+00:00,2025-03-20 01:45:00+00:00,continuous,85722.4,85942.5,85722.4,85840.4,154004369.50750047
2025-03-20 02:14:59.800000+00:00,2025-03-20 02:00:00+00:00,continuous,85840.4,85884.0,85590.9,85704.1,224843466.8642996
2025-03-20 02:29:59.966000+00:00,2025-03-20 02:15:00+00:00,continuous,85704.0,85862.4,85580.6,85750.1,122661998.19430023
2025-03-20 02:44:59.914000+00:00,2025-03-20 02:30:00+00:00,continuous,85750.1,85990.0,85679.3,85970.8,155682542.2736996
2025-03-20 02:59:59.693000+00:00,2025-03-20 02:45:00+00:00,continuous,85970.8,86087.0,85902.2,86020.0,149370887.7253003
2025-03-20 03:14:59.890000+00:00,2025-03-20 03:00:00+00:00,continuous,86020.1,86086.0,85913.9,85928.4,70811056.41189973
2025-03-20 03:29:59.732000+00:00,2025-03-20 03:15:00+00:00,continuous,85928.5,86028.9,85830.3,85860.1,80238249.51239984
2025-03-20 03:44:59.736000+00:00,2025-03-20 03:30:00+00:00,continuous,85860.0,85947.3,85780.0,85942.2,55725639.048000045
2025-03-20 03:59:59.841000+00:00,2025-03-20 03:45:00+00:00,continuous,85942.1,85984.3,85780.0,85849.5,56133528.9401
2025-03-20 04:14:59.982000+00:00,2025-03-20 04:00:00+00:00,continuous,85849.6,85892.1,85755.1,85778.7,54796186.7875999
2025-03-20 04:29:59.904000+00:00,2025-03-20 04:15:00+00:00,continuous,85778.8,85819.8,85687.0,85714.6,68601302.68960007
2025-03-20 04:44:59.767000+00:00,2025-03-20 04:30:00+00:00,continuous,85714.6,85738.2,85480.0,85488.3,200676170.13820064
2025-03-20 04:59:59.827000+00:00,2025-03-20 04:45:00+00:00,continuous,85488.3,85652.7,85383.0,85640.6,153584126.9525002
2025-03-20 05:14:58.469000+00:00,2025-03-20 05:00:00+00:00,continuous,85640.5,85681.5,85558.0,85617.6,62591936.28299999
2025-03-20 05:29:59.748000+00:00,2025-03-20 05:15:00+00:00,continuous,85617.7,85623.0,85432.4,85442.0,77395801.2593999
2025-03-20 05:44:59.852000+00:00,2025-03-20 05:30:00+00:00,continuous,85442.1,85643.5,85430.0,85571.4,79525049.28840002
2025-03-20 05:59:59.883000+00:00,2025-03-20 05:45:00+00:00,continuous,85571.5,85806.7,85563.9,85785.0,130722731.11
2025-03-20 06:14:59.916000+00:00,2025-03-20 06:00:00+00:00,continuous,85784.9,85961.4,85732.2,85910.0,120236710.3183997
2025-03-20 06:29:59.995000+00:00,2025-03-20 06:15:00+00:00,continuous,85910.0,85972.3,85821.1,85821.1,90384998.57840042
2025-03-20 06:44:59.917000+00:00,2025-03-20 06:30:00+00:00,continuous,85821.0,85844.9,85580.0,85670.2,116056449.04949999
2025-03-20 06:59:59.738000+00:00,2025-03-20 06:45:00+00:00,continuous,85670.1,85769.8,85606.5,85714.8,71175015.36100012
2025-03-20 07:14:59.907000+00:00,2025-03-20 07:00:00+00:00,continuous,85714.8,85930.0,85646.8,85920.6,76968812.54030006
2025-03-20 07:29:59.454000+00:00,2025-03-20 07:15:00+00:00,continuous,85920.7,85927.4,85759.9,85805.9,48212783.59900005
2025-03-20 07:44:59.754000+00:00,2025-03-20 07:30:00+00:00,continuous,85806.0,85850.0,85731.8,85746.5,39672099.7291999
2025-03-20 07:59:59.962000+00:00,2025-03-20 07:45:00+00:00,continuous,85746.5,85850.0,85731.2,85764.7,75558384.84560013
2025-03-20 08:14:59.941000+00:00,2025-03-20 08:00:00+00:00,continuous,85764.7,85865.5,85660.1,85732.2,101487783.67020021
2025-03-20 08:29:59.941000+00:00,2025-03-20 08:15:00+00:00,continuous,85732.2,85950.0,85713.4,85897.5,112141339.59709963
2025-03-20 08:44:59.705000+00:00,2025-03-20 08:30:00+00:00,continuous,85897.6,86031.0,85820.9,86013.6,134484124.02790087
2025-03-20 08:59:59.933000+00:00,2025-03-20 08:45:00+00:00,continuous,86013.5,86285.8,86013.5,86193.4,323308533.31910187
2025-03-20 09:14:59.555000+00:00,2025-03-20 09:00:00+00:00,continuous,86193.5,86238.5,86071.2,86094.1,95692287.33669996
2025-03-20 09:29:59.842000+00:00,2025-03-20 09:15:00+00:00,continuous,86094.0,86094.0,85925.8,85925.8,92030247.61689997
2025-03-20 09:44:59.677000+00:00,2025-03-20 09:30:00+00:00,continuous,85925.8,86002.7,85858.3,85968.7,93512151.66809954
2025-03-20 09:59:59.762000+00:00,2025-03-20 09:45:00+00:00,continuous,85968.7,85968.7,85750.0,85832.6,101415748.16029958
2025-03-20 10:14:59.997000+00:00,2025-03-20 10:00:00+00:00,continuous,85832.5,85909.6,85500.0,85508.8,277556235.12159836
2025-03-20 10:29:59.920000+00:00,2025-03-20 10:15:00+00:00,continuous,85508.9,85522.8,84685.5,85197.0,1120910060.2597995
2025-03-20 10:44:59.983000+00:00,2025-03-20 10:30:00+00:00,continuous,85197.1,85424.9,85073.2,85265.7,305081346.57219994
2025-03-20 10:59:59.913000+00:00,2025-03-20 10:45:00+00:00,continuous,85265.6,85346.6,85120.7,85135.6,161734490.7718998
2025-03-20 11:14:59.846000+00:00,2025-03-20 11:00:00+00:00,continuous,85135.7,85284.8,85127.0,85216.7,125157078.0538994
2025-03-20 11:29:59.748000+00:00,2025-03-20 11:15:00+00:00,continuous,85216.8,85339.6,85169.5,85270.2,104690139.70140019
2025-03-20 11:44:59.826000+00:00,2025-03-20 11:30:00+00:00,continuous,85270.2,85479.9,85245.0,85468.0,163279235.9740016
2025-03-20 11:59:59.581000+00:00,2025-03-20 11:45:00+00:00,continuous,85468.1,85480.0,85367.3,85462.2,96526651.15070036
2025-03-20 12:14:58.986000+00:00,2025-03-20 12:00:00+00:00,continuous,85462.9,85471.2,85291.1,85367.9,99554053.44840005
2025-03-20 12:29:59.999000+00:00,2025-03-20 12:15:00+00:00,continuous,85368.0,85534.8,85317.6,85335.7,135705879.00680056
2025-03-20 12:44:59.825000+00:00,2025-03-20 12:30:00+00:00,continuous,85335.8,85420.0,85185.6,85266.4,147301946.08009994
2025-03-20 12:59:59.914000+00:00,2025-03-20 12:45:00+00:00,continuous,85266.5,85347.5,85147.2,85318.8,82620594.95729965
2025-03-20 13:14:59.856000+00:00,2025-03-20 13:00:00+00:00,continuous,85318.7,85328.2,85150.0,85269.8,85445271.06969984
2025-03-20 13:29:59.479000+00:00,2025-03-20 13:15:00+00:00,continuous,85269.8,85332.9,85033.8,85111.3,176954191.75579953
2025-03-20 13:44:59.985000+00:00,2025-03-20 13:30:00+00:00,continuous,85111.3,85733.0,85076.7,85575.1,391502349.360201
2025-03-20 13:59:59.972000+00:00,2025-03-20 13:45:00+00:00,continuous,85575.0,85836.6,85326.0,85470.1,344008415.5243016
2025-03-20 14:14:59.943000+00:00,2025-03-20 14:00:00+00:00,continuous,85470.0,86083.3,85428.9,85961.1,501384580.65699947
2025-03-20 14:29:59.999000+00:00,2025-03-20 14:15:00+00:00,continuous,85961.2,86490.0,85825.1,86299.9,613177600.7893041
2025-03-20 14:44:59.864000+00:00,2025-03-20 14:30:00+00:00,continuous,86299.9,86324.0,86015.8,86187.9,268746788.0033982
2025-03-20 14:59:59.980000+00:00,2025-03-20 14:45:00+00:00,continuous,86188.0,86259.0,85861.1,86123.7,204299294.1791992
2025-03-20 15:14:59.942000+00:00,2025-03-20 15:00:00+00:00,continuous,86123.6,86174.2,85218.0,85919.7,718267381.4957963
2025-03-20 15:29:59.739000+00:00,2025-03-20 15:15:00+00:00,continuous,85919.5,85942.9,85484.7,85647.5,291657662.33469784
2025-03-20 15:44:59.829000+00:00,2025-03-20 15:30:00+00:00,continuous,85647.6,85668.1,84775.0,85007.9,895209997.5890973
2025-03-20 15:59:59.993000+00:00,2025-03-20 15:45:00+00:00,continuous,85007.8,85244.1,84520.0,84642.1,658317574.807308
2025-03-20 16:14:59.912000+00:00,2025-03-20 16:00:00+00:00,continuous,84642.0,84846.1,84310.0,84421.6,530187398.29240376
2025-03-20 16:29:59.904000+00:00,2025-03-20 16:15:00+00:00,continuous,84421.7,84565.4,84023.1,84036.8,475107636.5607039
2025-03-20 16:44:59.911000+00:00,2025-03-20 16:30:00+00:00,continuous,84036.8,84206.0,83740.0,83870.1,742487027.0302074
2025-03-20 16:59:59.887000+00:00,2025-03-20 16:45:00+00:00,continuous,83870.1,83871.8,83613.6,83769.5,457774690.15750235
2025-03-20 17:14:59.809000+00:00,2025-03-20 17:00:00+00:00,continuous,83769.5,84173.5,83686.6,84123.4,471649759.5321934
2025-03-20 17:29:59.965000+00:00,2025-03-20 17:15:00+00:00,continuous,84123.5,84163.7,83704.2,83760.1,232353824.39120007
2025-03-20 17:44:59.907000+00:00,2025-03-20 17:30:00+00:00,continuous,83760.0,84330.9,83755.4,84312.6,290599207.79920036
2025-03-20 17:59:59.831000+00:00,2025-03-20 17:45:00+00:00,continuous,84312.5,84325.6,83831.9,84058.3,284147388.33229846
2025-03-20 18:14:59.877000+00:00,2025-03-20 18:00:00+00:00,continuous,84058.2,84227.3,83946.7,84193.9,211105442.6600013
2025-03-20 18:29:59.952000+00:00,2025-03-20 18:15:00+00:00,continuous,84194.0,84305.3,83925.7,83932.9,162205974.26290044
2025-03-20 18:44:59.876000+00:00,2025-03-20 18:30:00+00:00,continuous,83932.9,84214.0,83902.2,83966.0,135880410.16810068
2025-03-20 18:59:59.919000+00:00,2025-03-20 18:45:00+00:00,continuous,83966.0,84153.0,83930.0,84022.0,120849831.04160024
2025-03-20 19:14:59.368000+00:00,2025-03-20 19:00:00+00:00,continuous,84022.0,84114.3,83871.2,83957.6,106752818.88590018
2025-03-20 19:29:59.794000+00:00,2025-03-20 19:15:00+00:00,continuous,83957.6,84245.0,83946.2,84008.8,170386422.1534995
2025-03-20 19:44:59.935000+00:00,2025-03-20 19:30:00+00:00,continuous,84008.7,84325.0,83995.4,84314.7,145644509.41710037
2025-03-20 19:59:59.784000+00:00,2025-03-20 19:45:00+00:00,continuous,84314.8,84380.0,84081.8,84129.3,168216486.37939927
2025-03-20 20:14:59.739000+00:00,2025-03-20 20:00:00+00:00,continuous,84129.3,84275.1,84093.2,84218.6,84441570.54549983
2025-03-20 20:29:59.770000+00:00,2025-03-20 20:15:00+00:00,continuous,84218.6,84497.0,84200.0,84449.0,155380209.98409948
2025-03-20 20:44:59.814000+00:00,2025-03-20 20:30:00+00:00,continuous,84449.0,84542.7,84381.9,84498.3,78971320.16909967
2025-03-20 20:59:59.514000+00:00,2025-03-20 20:45:00+00:00,continuous,84498.3,84571.7,84450.0,84490.0,99457901.13779946
2025-03-20 21:14:59.807000+00:00,2025-03-20 21:00:00+00:00,continuous,84490.1,84582.8,84281.0,84295.9,105392433.46269992
2025-03-20 21:29:59.996000+00:00,2025-03-20 21:15:00+00:00,continuous,84296.0,84387.6,84205.6,84387.5,63003577.666599974
2025-03-20 21:44:59.806000+00:00,2025-03-20 21:30:00+00:00,continuous,84387.6,84536.5,84355.7,84444.3,67755234.33459994
2025-03-20 21:59:59.685000+00:00,2025-03-20 21:45:00+00:00,continuous,84444.3,84449.2,84252.7,84326.0,26176677.42499991
2025-03-20 22:14:59.989000+00:00,2025-03-20 22:00:00+00:00,continuous,84326.0,84467.4,84235.5,84263.0,41194674.68259993
2025-03-20 22:29:59.986000+00:00,2025-03-20 22:15:00+00:00,continuous,84262.9,84338.4,83942.6,83979.0,197425372.28590012
2025-03-20 22:44:59.906000+00:00,2025-03-20 22:30:00+00:00,continuous,83979.0,84122.0,83967.7,84085.1,91024672.56389983
2025-03-20 22:59:59.679000+00:00,2025-03-20 22:45:00+00:00,continuous,84085.0,84283.7,84052.4,84104.9,176212725.64240065
2025-03-20 23:14:59.870000+00:00,2025-03-20 23:00:00+00:00,continuous,84105.0,84122.0,83975.5,84000.2,71503792.6725
2025-03-20 23:29:59.816000+00:00,2025-03-20 23:15:00+00:00,continuous,84000.2,84015.5,83877.4,84007.0,96761594.6387006
2025-03-20 23:44:58.996000+00:00,2025-03-20 23:30:00+00:00,continuous,84007.1,84165.1,83976.7,84160.0,97927776.26630014
2025-03-20 23:59:59.915000+00:00,2025-03-20 23:45:00+00:00,continuous,84160.0,84318.9,84125.8,84183.6,78686169.85309972
2025-03-21 00:14:59.515000+00:00,2025-03-21 00:00:00+00:00,continuous,84183.6,84440.4,84140.0,84400.0,103424100.9246996
2025-03-21 00:29:59.984000+00:00,2025-03-21 00:15:00+00:00,continuous,84400.0,84405.1,84218.5,84236.0,70437877.52470069
2025-03-21 00:44:59.524000+00:00,2025-03-21 00:30:00+00:00,continuous,84236.0,84432.5,84205.8,84393.2,63297557.01270031
2025-03-21 00:59:59.727000+00:00,2025-03-21 00:45:00+00:00,continuous,84393.3,84499.0,84378.1,84468.8,77768264.9327003
2025-03-21 01:14:59.714000+00:00,2025-03-21 01:00:00+00:00,continuous,84468.8,84540.0,84415.3,84523.2,72973846.44229983
2025-03-21 01:29:59.892000+00:00,2025-03-21 01:15:00+00:00,continuous,84523.3,84547.3,84338.4,84345.1,67958436.5355
2025-03-21 01:44:59.965000+00:00,2025-03-21 01:30:00+00:00,continuous,84345.1,84538.8,84333.6,84519.4,69348095.33719988
2025-03-21 01:59:59.955000+00:00,2025-03-21 01:45:00+00:00,continuous,84519.5,84744.4,84467.2,84733.5,171558214.44599882
2025-03-21 02:14:59.807000+00:00,2025-03-21 02:00:00+00:00,continuous,84733.5,84813.6,84596.8,84605.1,105834461.2130005
2025-03-21 02:29:59.862000+00:00,2025-03-21 02:15:00+00:00,continuous,84605.0,84629.8,84475.6,84602.0,97451821.65460029
2025-03-21 02:44:59.650000+00:00,2025-03-21 02:30:00+00:00,continuous,84602.1,84619.7,84511.2,84521.2,44487912.57279978
2025-03-21 02:59:59.491000+00:00,2025-03-21 02:45:00+00:00,continuous,84521.2,84723.8,84493.0,84641.2,68496593.6905998
2025-03-21 03:14:58.977000+00:00,2025-03-21 03:00:00+00:00,continuous,84641.2,84689.0,84342.2,84389.1,89962168.3377003
2025-03-21 03:29:59.503000+00:00,2025-03-21 03:15:00+00:00,continuous,84389.1,84410.0,84220.2,84402.8,100810355.44770007
2025-03-21 03:44:59.540000+00:00,2025-03-21 03:30:00+00:00,continuous,84402.9,84442.6,84318.1,84411.3,66073333.242699966
2025-03-21 03:59:59.742000+00:00,2025-03-21 03:45:00+00:00,continuous,84411.2,84463.1,84389.8,84409.9,41448572.71080004
2025-03-21 04:14:58.587000+00:00,2025-03-21 04:00:00+00:00,continuous,84410.0,84609.7,84409.9,84577.2,76921025.11540015
2025-03-21 04:29:59.949000+00:00,2025-03-21 04:15:00+00:00,continuous,84577.2,84648.6,84513.7,84636.4,32831638.92410003
2025-03-21 04:44:59.066000+00:00,2025-03-21 04:30:00+00:00,continuous,84636.4,84738.5,84630.0,84692.6,59101444.55249991
2025-03-21 04:59:59.626000+00:00,2025-03-21 04:45:00+00:00,continuous,84692.5,84773.6,84599.4,84621.2,51966805.82909983
2025-03-21 05:14:59.664000+00:00,2025-03-21 05:00:00+00:00,continuous,84621.2,84633.8,84456.0,84494.1,64781005.953400336
2025-03-21 05:29:59.903000+00:00,2025-03-21 05:15:00+00:00,continuous,84494.1,84507.9,84390.0,84390.1,46867530.43840024
2025-03-21 05:44:58.960000+00:00,2025-03-21 05:30:00+00:00,continuous,84390.0,84493.2,84330.7,84365.2,48661443.15650007
2025-03-21 05:59:59.505000+00:00,2025-03-21 05:45:00+00:00,continuous,84365.2,84441.9,84300.0,84436.7,60227298.496399835
2025-03-21 06:14:59.525000+00:00,2025-03-21 06:00:00+00:00,continuous,84436.8,84445.1,84156.8,84199.8,209024071.8308019
2025-03-21 06:29:59.602000+00:00,2025-03-21 06:15:00+00:00,continuous,84199.9,84229.2,83984.4,84184.0,275002521.14999866
2025-03-21 06:44:59.233000+00:00,2025-03-21 06:30:00+00:00,continuous,84184.1,84250.0,84070.0,84180.4,99740936.65199989
2025-03-21 06:59:59.593000+00:00,2025-03-21 06:45:00+00:00,continuous,84180.3,84235.1,84061.1,84165.0,70340656.97520001
2025-03-21 07:14:59.986000+00:00,2025-03-21 07:00:00+00:00,continuous,84165.1,84232.3,84000.2,84115.9,88466139.0546998
2025-03-21 07:29:59.871000+00:00,2025-03-21 07:15:00+00:00,continuous,84115.9,84119.9,83900.0,84041.1,144128966.12039962
2025-03-21 07:44:59.926000+00:00,2025-03-21 07:30:00+00:00,continuous,84041.1,84041.1,83650.3,83755.5,233251501.2981009
2025-03-21 07:59:59.542000+00:00,2025-03-21 07:45:00+00:00,continuous,83755.5,83904.6,83697.1,83889.6,171557347.98629984
2025-03-21 08:14:59.596000+00:00,2025-03-21 08:00:00+00:00,continuous,83889.5,84120.0,83765.3,84075.7,148830314.5028002
2025-03-21 08:29:59.629000+00:00,2025-03-21 08:15:00+00:00,continuous,84075.6,84083.6,83765.6,83810.0,123051015.99130017
2025-03-21 08:44:59.946000+00:00,2025-03-21 08:30:00+00:00,continuous,83810.0,83960.0,83679.8,83826.5,191545247.77590042
2025-03-21 08:59:59.896000+00:00,2025-03-21 08:45:00+00:00,continuous,83826.5,84000.3,83775.8,83979.6,85873450.6927
2025-03-21 09:14:59.814000+00:00,2025-03-21 09:00:00+00:00,continuous,83979.6,83985.0,83743.6,83916.7,95207523.32820036
2025-03-21 09:29:59.699000+00:00,2025-03-21 09:15:00+00:00,continuous,83916.7,84158.8,83862.0,84091.8,166312141.8282994
2025-03-21 09:44:59.981000+00:00,2025-03-21 09:30:00+00:00,continuous,84091.9,84319.5,84052.9,84180.9,195628320.40899947
2025-03-21 09:59:59.809000+00:00,2025-03-21 09:45:00+00:00,continuous,84181.0,84212.4,84034.7,84095.3,78068757.11549972
2025-03-21 10:14:59.960000+00:00,2025-03-21 10:00:00+00:00,continuous,84095.3,84220.9,84081.6,84193.9,78001281.89929993
2025-03-21 10:29:59.800000+00:00,2025-03-21 10:15:00+00:00,continuous,84194.0,84258.0,83956.4,84006.4,122743730.75159976
2025-03-21 10:44:59.850000+00:00,2025-03-21 10:30:00+00:00,continuous,84006.4,84073.7,83851.1,84037.6,111140026.35440059
2025-03-21 10:59:59.421000+00:00,2025-03-21 10:45:00+00:00,continuous,84037.5,84160.7,84032.1,84115.5,52832288.50780001
2025-03-21 11:14:59.401000+00:00,2025-03-21 11:00:00+00:00,continuous,84115.0,84135.3,83980.0,84010.6,64085974.87370016
2025-03-21 11:29:59.868000+00:00,2025-03-21 11:15:00+00:00,continuous,84010.5,84064.6,83921.0,83921.0,43650215.68839999
2025-03-21 11:44:59.490000+00:00,2025-03-21 11:30:00+00:00,continuous,83921.0,84036.6,83900.0,84004.5,58151165.05499996
2025-03-21 11:59:59.489000+00:00,2025-03-21 11:45:00+00:00,continuous,84004.5,84105.6,83989.1,84006.0,46063236.873999774
2025-03-21 12:14:59.982000+00:00,2025-03-21 12:00:00+00:00,continuous,84005.9,84227.0,83974.9,84155.1,131266826.42929979
2025-03-21 12:29:59.974000+00:00,2025-03-21 12:15:00+00:00,continuous,84155.0,84344.4,84112.0,84225.7,129670761.22010003
2025-03-21 12:44:59.925000+00:00,2025-03-21 12:30:00+00:00,continuous,84225.7,84250.0,83622.6,83757.5,283651988.4605003
2025-03-21 12:59:59.905000+00:00,2025-03-21 12:45:00+00:00,continuous,83757.5,83869.4,83334.9,83428.6,562170955.1276997
2025-03-21 13:14:59.948000+00:00,2025-03-21 13:00:00+00:00,continuous,83428.7,83688.4,83345.2,83573.9,280010845.673198
2025-03-21 13:29:59.950000+00:00,2025-03-21 13:15:00+00:00,continuous,83574.0,83767.2,83476.0,83664.4,204928980.70299968
2025-03-21 13:44:59.882000+00:00,2025-03-21 13:30:00+00:00,continuous,83665.1,83840.0,83122.0,83747.1,635563549.0865988
2025-03-21 13:59:59.947000+00:00,2025-03-21 13:45:00+00:00,continuous,83747.1,84058.0,83667.1,83893.9,567323558.158797
2025-03-21 14:14:59.870000+00:00,2025-03-21 14:00:00+00:00,continuous,83894.0,83961.6,83450.1,83716.1,307365612.20690066
2025-03-21 14:29:59.863000+00:00,2025-03-21 14:15:00+00:00,continuous,83716.1,84259.8,83633.9,84046.4,338531415.39759994
2025-03-21 14:44:59.904000+00:00,2025-03-21 14:30:00+00:00,continuous,84046.4,84243.4,83905.0,84044.8,202521725.75039843
2025-03-21 14:59:59.881000+00:00,2025-03-21 14:45:00+00:00,continuous,84044.9,84214.3,83860.8,84200.1,134392226.19589964
2025-03-21 15:14:59.896000+00:00,2025-03-21 15:00:00+00:00,continuous,84200.0,84238.6,83770.0,83785.1,157847097.8144003
2025-03-21 15:29:59.992000+00:00,2025-03-21 15:15:00+00:00,continuous,83785.0,83895.9,83680.2,83707.3,132787100.41439946
2025-03-21 15:44:59.994000+00:00,2025-03-21 15:30:00+00:00,continuous,83707.4,83936.4,83530.6,83608.9,166993537.9494984
2025-03-21 15:59:59.839000+00:00,2025-03-21 15:45:00+00:00,continuous,83609.0,83745.0,83508.5,83525.9,127465463.0395003
2025-03-21 16:14:59.950000+00:00,2025-03-21 16:00:00+00:00,continuous,83525.9,83807.3,83333.0,83778.5,414432767.1565023
2025-03-21 16:29:59.793000+00:00,2025-03-21 16:15:00+00:00,continuous,83778.4,83997.7,83600.0,83895.4,270590261.0291008
2025-03-21 16:44:59.853000+00:00,2025-03-21 16:30:00+00:00,continuous,83895.5,84049.9,83742.7,83798.2,133910819.35229965
2025-03-21 16:59:59.604000+00:00,2025-03-21 16:45:00+00:00,continuous,83798.2,84119.6,83787.1,84066.9,96604610.51820023
2025-03-21 17:14:59.771000+00:00,2025-03-21 17:00:00+00:00,continuous,84066.9,84076.3,83825.0,83865.0,113838211.73769999
2025-03-21 17:29:59.110000+00:00,2025-03-21 17:15:00+00:00,continuous,83864.9,83949.4,83712.7,83756.4,73621512.82240003
2025-03-21 17:44:59.974000+00:00,2025-03-21 17:30:00+00:00,continuous,83756.4,84072.2,83670.0,84032.8,89748511.31420009
2025-03-21 17:59:59.643000+00:00,2025-03-21 17:45:00+00:00,continuous,84032.8,84116.9,83954.8,83976.8,110203518.2315991
2025-03-21 18:14:58.932000+00:00,2025-03-21 18:00:00+00:00,continuous,83976.8,84029.1,83856.5,83912.1,79046963.68940054
2025-03-21 18:29:59.900000+00:00,2025-03-21 18:15:00+00:00,continuous,83912.1,84113.3,83897.8,84082.2,55561983.58869982
2025-03-21 18:44:59.483000+00:00,2025-03-21 18:30:00+00:00,continuous,84082.2,84405.9,84080.6,84264.6,199282993.57939982
2025-03-21 18:59:59.948000+00:00,2025-03-21 18:45:00+00:00,continuous,84264.5,84278.7,84058.2,84070.3,86062309.04429981
2025-03-21 19:14:59.967000+00:00,2025-03-21 19:00:00+00:00,continuous,84070.4,84073.7,83926.7,84028.5,121684512.73770025
2025-03-21 19:29:59.971000+00:00,2025-03-21 19:15:00+00:00,continuous,84028.4,84167.2,83961.2,83975.6,90321593.87820016
2025-03-21 19:44:59.649000+00:00,2025-03-21 19:30:00+00:00,continuous,83975.6,84019.0,83760.1,83834.4,107650415.41140024
2025-03-21 19:59:59.711000+00:00,2025-03-21 19:45:00+00:00,continuous,83834.4,83990.0,83823.6,83925.0,74003616.54600006
2025-03-21 20:14:59.052000+00:00,2025-03-21 20:00:00+00:00,continuous,83925.0,83965.4,83778.0,83869.9,90766617.53470011
2025-03-21 20:29:59.480000+00:00,2025-03-21 20:15:00+00:00,continuous,83870.0,84056.8,83822.3,84050.6,52326218.69720005
2025-03-21 20:44:59.910000+00:00,2025-03-21 20:30:00+00:00,continuous,84050.5,84105.3,84028.5,84097.8,38294233.54389984
2025-03-21 20:59:59.588000+00:00,2025-03-21 20:45:00+00:00,continuous,84097.7,84199.0,84028.2,84170.7,42663280.74299992
2025-03-21 21:14:59.489000+00:00,2025-03-21 21:00:00+00:00,continuous,84170.7,84300.0,84129.4,84299.9,55365115.87420001
2025-03-21 21:29:59.918000+00:00,2025-03-21 21:15:00+00:00,continuous,84300.0,84406.0,84261.3,84311.7,107540117.16139993
2025-03-21 21:44:59.893000+00:00,2025-03-21 21:30:00+00:00,continuous,84311.7,84550.0,84311.7,84340.3,147679055.09510067
2025-03-21 21:59:59.691000+00:00,2025-03-21 21:45:00+00:00,continuous,84340.3,84372.2,84172.8,84356.3,65840485.545099735
2025-03-21 22:14:59.407000+00:00,2025-03-21 22:00:00+00:00,continuous,84356.2,84377.4,84204.4,84229.9,42814375.68050005
2025-03-21 22:29:58.836000+00:00,2025-03-21 22:15:00+00:00,continuous,84229.8,84352.8,84221.5,84232.7,25072086.168199994
2025-03-21 22:44:59.833000+00:00,2025-03-21 22:30:00+00:00,continuous,84232.7,84232.8,84080.1,84080.1,67082166.46560011
2025-03-21 22:59:59.720000+00:00,2025-03-21 22:45:00+00:00,continuous,84080.1,84168.4,84050.9,84129.7,55139794.65499988
2025-03-21 23:14:59.857000+00:00,2025-03-21 23:00:00+00:00,continuous,84129.6,84189.1,84049.4,84184.2,50021783.94959986
2025-03-21 23:29:59.045000+00:00,2025-03-21 23:15:00+00:00,continuous,84184.2,84184.2,84075.6,84093.0,19418806.785000008
2025-03-21 23:44:59.682000+00:00,2025-03-21 23:30:00+00:00,continuous,84093.0,84093.0,84035.0,84035.0,39476959.48939994
2025-03-21 23:59:59.841000+00:00,2025-03-21 23:45:00+00:00,continuous,84035.0,84059.5,84000.4,84050.3,44269336.722000115
2025-03-22 00:14:59.899000+00:00,2025-03-22 00:00:00+00:00,continuous,84050.3,84104.8,83995.6,84035.0,57403267.21600005
2025-03-22 00:29:58.820000+00:00,2025-03-22 00:15:00+00:00,continuous,84034.9,84204.1,84030.9,84186.0,39667386.643999964
2025-03-22 00:44:59.303000+00:00,2025-03-22 00:30:00+00:00,continuous,84185.9,84212.4,84120.0,84127.7,26703529.495000012
2025-03-22 00:59:59.688000+00:00,2025-03-22 00:45:00+00:00,continuous,84127.7,84189.5,84056.7,84153.9,23690386.533200104
2025-03-22 01:14:59.111000+00:00,2025-03-22 01:00:00+00:00,continuous,84153.9,84286.0,84153.9,84260.6,50294518.189699896
2025-03-22 01:29:58.281000+00:00,2025-03-22 01:15:00+00:00,continuous,84260.7,84268.6,84140.0,84140.1,30688973.945400022
2025-03-22 01:44:59.979000+00:00,2025-03-22 01:30:00+00:00,continuous,84140.1,84149.8,83940.2,83991.0,88041423.73629953
2025-03-22 01:59:59.478000+00:00,2025-03-22 01:45:00+00:00,continuous,83990.9,84055.1,83965.1,84024.2,40318869.00480007
2025-03-22 02:14:58.849000+00:00,2025-03-22 02:00:00+00:00,continuous,84024.2,84145.6,83965.6,84126.4,37185364.541899554
2025-03-22 02:29:58.119000+00:00,2025-03-22 02:15:00+00:00,continuous,84126.5,84167.8,84067.0,84135.7,52779330.45219979
2025-03-22 02:44:59.901000+00:00,2025-03-22 02:30:00+00:00,continuous,84135.8,84212.8,84135.7,84158.9,24650291.103800077
2025-03-22 02:59:58.032000+00:00,2025-03-22 02:45:00+00:00,continuous,84159.0,84196.0,84095.9,84138.4,23700244.817799896
2025-03-22 03:14:58.188000+00:00,2025-03-22 03:00:00+00:00,continuous,84138.3,84170.5,84083.9,84095.9,35308248.48510004
2025-03-22 03:29:58.254000+00:00,2025-03-22 03:15:00+00:00,continuous,84095.8,84234.7,84095.8,84199.9,36788865.791700035
2025-03-22 03:44:59.338000+00:00,2025-03-22 03:30:00+00:00,continuous,84199.9,84200.0,84166.7,84200.0,18806848.69999989
2025-03-22 03:59:59.762000+00:00,2025-03-22 03:45:00+00:00,continuous,84200.0,84253.0,84166.0,84214.1,49212939.43610019
2025-03-22 04:14:59.244000+00:00,2025-03-22 04:00:00+00:00,continuous,84214.1,84280.0,84159.7,84274.9,41597968.36650019
2025-03-22 04:29:59.956000+00:00,2025-03-22 04:15:00+00:00,continuous,84274.9,84316.8,84186.0,84200.1,34807557.30029996
2025-03-22 04:44:59.889000+00:00,2025-03-22 04:30:00+00:00,continuous,84200.0,84250.0,84200.0,84249.9,10695785.507399999
2025-03-22 04:59:59.918000+00:00,2025-03-22 04:45:00+00:00,continuous,84249.9,84350.2,84236.0,84318.9,30047850.975100048
2025-03-22 05:14:59.835000+00:00,2025-03-22 05:00:00+00:00,continuous,84319.0,84337.5,84288.6,84337.5,33061491.559299856
2025-03-22 05:29:59.418000+00:00,2025-03-22 05:15:00+00:00,continuous,84337.5,84389.0,84292.6,84299.9,41574131.59949992
2025-03-22 05:44:59.741000+00:00,2025-03-22 05:30:00+00:00,continuous,84300.0,84315.0,84172.0,84266.0,72137189.17340003
2025-03-22 05:59:59.946000+00:00,2025-03-22 05:45:00+00:00,continuous,84265.9,84300.4,84244.2,84281.0,23299322.70530001
2025-03-22 06:14:59.424000+00:00,2025-03-22 06:00:00+00:00,continuous,84281.3,84357.4,84278.0,84324.0,24087993.76070004
2025-03-22 06:29:59.045000+00:00,2025-03-22 06:15:00+00:00,continuous,84324.0,84339.9,84249.0,84249.1,23356137.136699967
2025-03-22 06:44:59.449000+00:00,2025-03-22 06:30:00+00:00,continuous,84249.1,84255.0,84110.6,84241.0,61461237.06590005
2025-03-22 06:59:59.745000+00:00,2025-03-22 06:45:00+00:00,continuous,84241.0,84308.4,84241.0,84280.8,23814631.077300012
2025-03-22 07:14:59.315000+00:00,2025-03-22 07:00:00+00:00,continuous,84280.8,84342.2,84280.8,84323.0,30078288.236400068
2025-03-22 07:29:59.109000+00:00,2025-03-22 07:15:00+00:00,continuous,84322.9,84322.9,84256.2,84261.1,23587058.7098999
2025-03-22 07:44:59.343000+00:00,2025-03-22 07:30:00+00:00,continuous,84261.1,84327.1,84261.1,84270.4,19905586.46070006
2025-03-22 07:59:59.684000+00:00,2025-03-22 07:45:00+00:00,continuous,84270.3,84270.4,84173.0,84235.4,45262799.44660011
2025-03-22 08:14:59.987000+00:00,2025-03-22 08:00:00+00:00,continuous,84235.4,84243.1,84187.0,84213.1,36348482.23989999
2025-03-22 08:29:59.982000+00:00,2025-03-22 08:15:00+00:00,continuous,84213.5,84227.5,84130.0,84160.1,33245987.831299968
2025-03-22 08:44:59.127000+00:00,2025-03-22 08:30:00+00:00,continuous,84160.2,84220.0,84073.7,84199.2,44010785.670100026
2025-03-22 08:59:59.394000+00:00,2025-03-22 08:45:00+00:00,continuous,84199.3,84199.3,84127.9,84175.1,21360109.70640012
2025-03-22 09:14:59.449000+00:00,2025-03-22 09:00:00+00:00,continuous,84175.1,84280.0,84175.1,84277.2,38005068.653199844
2025-03-22 09:29:57.880000+00:00,2025-03-22 09:15:00+00:00,continuous,84277.2,84367.1,84277.2,84295.4,68212878.52790028
2025-03-22 09:44:59.871000+00:00,2025-03-22 09:30:00+00:00,continuous,84295.5,84509.0,84295.4,84438.5,152972735.3650004
2025-03-22 09:59:59.806000+00:00,2025-03-22 09:45:00+00:00,continuous,84438.6,84479.7,84315.6,84315.7,73111355.84480011
2025-03-22 10:14:59.755000+00:00,2025-03-22 10:00:00+00:00,continuous,84315.8,84379.1,84314.1,84320.0,35522173.26559998
2025-03-22 10:29:59.988000+00:00,2025-03-22 10:15:00+00:00,continuous,84319.9,84385.0,84319.9,84340.2,28029370.30099996
2025-03-22 10:44:58.001000+00:00,2025-03-22 10:30:00+00:00,continuous,84340.3,84387.0,84306.2,84361.7,29282565.824099965
2025-03-22 10:59:59.587000+00:00,2025-03-22 10:45:00+00:00,continuous,84361.7,84400.0,84322.7,84375.8,36584458.34410004
2025-03-22 11:14:59.813000+00:00,2025-03-22 11:00:00+00:00,continuous,84375.8,84385.8,84226.0,84269.1,64210989.081399836
2025-03-22 11:29:57.930000+00:00,2025-03-22 11:15:00+00:00,continuous,84269.1,84295.0,84230.1,84294.9,29157412.88860002
2025-03-22 11:44:58.921000+00:00,2025-03-22 11:30:00+00:00,continuous,84295.0,84303.9,84201.8,84215.7,31100794.507800084
2025-03-22 11:59:59.928000+00:00,2025-03-22 11:45:00+00:00,continuous,84215.7,84220.3,84157.3,84190.8,50045459.372199915
2025-03-22 12:14:59.932000+00:00,2025-03-22 12:00:00+00:00,continuous,84190.8,84257.2,84159.7,84257.2,36843820.306000106
2025-03-22 12:29:59.069000+00:00,2025-03-22 12:15:00+00:00,continuous,84257.2,84257.2,84177.0,84177.1,23422481.668499984
2025-03-22 12:44:59.740000+00:00,2025-03-22 12:30:00+00:00,continuous,84177.0,84201.8,84141.0,84188.0,46835970.767000265
2025-03-22 12:59:59.584000+00:00,2025-03-22 12:45:00+00:00,continuous,84188.0,84218.3,84160.0,84194.4,23053775.650500037
2025-03-22 13:14:59.822000+00:00,2025-03-22 13:00:00+00:00,continuous,84194.4,84210.0,84141.6,84187.5,31171419.369000055
2025-03-22 13:29:59.931000+00:00,2025-03-22 13:15:00+00:00,continuous,84187.4,84201.4,84028.2,84056.0,74238367.84329984
2025-03-22 13:44:59.931000+00:00,2025-03-22 13:30:00+00:00,continuous,84056.0,84110.0,84010.0,84106.3,68556947.46869966
2025-03-22 13:59:59.968000+00:00,2025-03-22 13:45:00+00:00,continuous,84106.2,84150.0,84086.8,84140.0,35274383.11220005
2025-03-22 14:14:59.770000+00:00,2025-03-22 14:00:00+00:00,continuous,84140.1,84145.6,84077.8,84143.9,30585193.808699958
2025-03-22 14:29:59.092000+00:00,2025-03-22 14:15:00+00:00,continuous,84143.9,84175.5,84058.8,84087.5,32987948.092000056
2025-03-22 14:44:59.905000+00:00,2025-03-22 14:30:00+00:00,continuous,84087.5,84090.0,84019.0,84050.0,42968232.16220003
2025-03-22 14:59:59.151000+00:00,2025-03-22 14:45:00+00:00,continuous,84050.0,84050.0,83964.3,83970.6,98518420.64170003
2025-03-22 15:14:59.262000+00:00,2025-03-22 15:00:00+00:00,continuous,83970.6,84050.0,83932.0,84025.8,94973754.6684999
2025-03-22 15:29:59.869000+00:00,2025-03-22 15:15:00+00:00,continuous,84025.9,84025.9,83970.7,83977.2,40859406.89760003
2025-03-22 15:44:59.578000+00:00,2025-03-22 15:30:00+00:00,continuous,83977.3,84039.6,83945.2,84000.4,41468171.917199954
2025-03-22 15:59:59.708000+00:00,2025-03-22 15:45:00+00:00,continuous,84000.5,84104.8,84000.4,84073.5,32957675.697599914
2025-03-22 16:14:59.984000+00:00,2025-03-22 16:00:00+00:00,continuous,84073.4,84079.8,84021.1,84072.1,39533975.31850013
2025-03-22 16:29:58.896000+00:00,2025-03-22 16:15:00+00:00,continuous,84072.2,84112.3,84050.1,84099.6,32720681.70730003
2025-03-22 16:44:59.546000+00:00,2025-03-22 16:30:00+00:00,continuous,84099.6,84121.4,84054.7,84083.8,25104780.912300043
2025-03-22 16:59:59.286000+00:00,2025-03-22 16:45:00+00:00,continuous,84083.8,84130.0,84052.0,84097.9,39395411.90710001
2025-03-22 17:14:58.125000+00:00,2025-03-22 17:00:00+00:00,continuous,84097.9,84121.1,84084.2,84114.3,21605795.935599945
2025-03-22 17:29:58.774000+00:00,2025-03-22 17:15:00+00:00,continuous,84114.2,84162.6,84084.2,84144.1,51657217.858699895
2025-03-22 17:44:59.705000+00:00,2025-03-22 17:30:00+00:00,continuous,84144.0,84190.4,84114.4,84190.4,38656589.37650003
2025-03-22 17:59:59.456000+00:00,2025-03-22 17:45:00+00:00,continuous,84190.4,84231.4,84147.5,84201.8,46334016.9176001
2025-03-22 18:14:58.609000+00:00,2025-03-22 18:00:00+00:00,continuous,84201.8,84231.4,84165.5,84214.3,53116919.717700034
2025-03-22 18:29:59.771000+00:00,2025-03-22 18:15:00+00:00,continuous,84214.2,84292.0,84160.0,84160.0,49314422.94949989
2025-03-22 18:44:59.963000+00:00,2025-03-22 18:30:00+00:00,continuous,84160.0,84287.2,84155.5,84280.8,32154042.846099876
2025-03-22 18:59:59.514000+00:00,2025-03-22 18:45:00+00:00,continuous,84280.7,84291.4,84202.6,84205.7,23502182.16650006
2025-03-22 19:14:59.478000+00:00,2025-03-22 19:00:00+00:00,continuous,84205.6,84216.2,84165.5,84197.6,44397274.607299775
2025-03-22 19:29:59.292000+00:00,2025-03-22 19:15:00+00:00,continuous,84197.5,84205.5,84165.0,84180.2,12122265.825999992
2025-03-22 19:44:59.427000+00:00,2025-03-22 19:30:00+00:00,continuous,84180.3,84238.9,84165.9,84175.0,12979653.134400032
2025-03-22 19:59:59.188000+00:00,2025-03-22 19:45:00+00:00,continuous,84174.9,84177.4,84115.5,84134.6,20469041.927700076
2025-03-22 20:14:59.983000+00:00,2025-03-22 20:00:00+00:00,continuous,84134.5,84171.6,84115.6,84171.6,26057456.15810005
2025-03-22 20:29:57.827000+00:00,2025-03-22 20:15:00+00:00,continuous,84171.6,84171.6,84104.5,84127.2,19198778.743600033
2025-03-22 20:44:56.921000+00:00,2025-03-22 20:30:00+00:00,continuous,84127.2,84167.3,84112.3,84114.2,17186796.06299998
2025-03-22 20:59:59.754000+00:00,2025-03-22 20:45:00+00:00,continuous,84114.2,84120.6,83893.7,83895.9,143735028.82849982
2025-03-22 21:14:59.985000+00:00,2025-03-22 21:00:00+00:00,continuous,83895.9,84044.5,83782.4,84021.5,357543850.4370995
2025-03-22 21:29:59.464000+00:00,2025-03-22 21:15:00+00:00,continuous,84021.5,84083.8,83975.7,83996.3,52778155.58619974
2025-03-22 21:44:59.915000+00:00,2025-03-22 21:30:00+00:00,continuous,83996.2,84007.2,83926.0,83931.2,20338892.235299964
2025-03-22 21:59:59.752000+00:00,2025-03-22 21:45:00+00:00,continuous,83931.3,84020.1,83930.1,83977.7,28776292.594199996
2025-03-22 22:14:59.531000+00:00,2025-03-22 22:00:00+00:00,continuous,83977.6,84014.0,83933.3,84007.8,41920183.999800086
2025-03-22 22:29:59.982000+00:00,2025-03-22 22:15:00+00:00,continuous,84007.9,84035.0,83968.4,83968.4,24362512.866500083
2025-03-22 22:44:59.590000+00:00,2025-03-22 22:30:00+00:00,continuous,83968.4,83995.4,83950.0,83985.3,17191537.595400065
2025-03-22 22:59:58.199000+00:00,2025-03-22 22:45:00+00:00,continuous,83985.2,83985.2,83914.3,83919.2,14285335.398400092
2025-03-22 23:14:59.637000+00:00,2025-03-22 23:00:00+00:00,continuous,83919.2,83919.2,83800.0,83826.7,55015706.407899916
2025-03-22 23:29:59.927000+00:00,2025-03-22 23:15:00+00:00,continuous,83826.7,83899.8,83826.7,83864.1,30353279.65960001
2025-03-22 23:44:59.913000+00:00,2025-03-22 23:30:00+00:00,continuous,83864.2,83864.2,83589.5,83734.5,250492649.91719744
2025-03-22 23:59:59.717000+00:00,2025-03-22 23:45:00+00:00,continuous,83734.6,83809.2,83694.5,83804.9,49713317.05139987
2025-03-23 00:14:59.268000+00:00,2025-03-23 00:00:00+00:00,continuous,83804.9,83880.0,83761.2,83854.6,67086723.50630002
2025-03-23 00:29:59.154000+00:00,2025-03-23 00:15:00+00:00,continuous,83854.6,84004.5,83842.9,83927.2,57555073.789799914
2025-03-23 00:44:59.820000+00:00,2025-03-23 00:30:00+00:00,continuous,83927.3,84009.9,83910.3,83985.0,30790287.63539997
2025-03-23 00:59:59.901000+00:00,2025-03-23 00:45:00+00:00,continuous,83985.0,83985.1,83910.3,83959.8,19595285.416099966
2025-03-23 01:14:59.917000+00:00,2025-03-23 01:00:00+00:00,continuous,83959.8,84016.8,83928.0,83998.9,25962434.754199974
2025-03-23 01:29:59.787000+00:00,2025-03-23 01:15:00+00:00,continuous,83998.9,84095.0,83998.9,84073.1,54878400.16539988
2025-03-23 01:44:59.848000+00:00,2025-03-23 01:30:00+00:00,continuous,84073.0,84081.6,84010.2,84039.9,25747816.48169988
2025-03-23 01:59:58.644000+00:00,2025-03-23 01:45:00+00:00,continuous,84040.0,84054.4,83982.8,84023.2,24522966.96389998
2025-03-23 02:14:58.795000+00:00,2025-03-23 02:00:00+00:00,continuous,84023.3,84042.1,83942.8,83975.2,24477756.096900005
2025-03-23 02:29:59.544000+00:00,2025-03-23 02:15:00+00:00,continuous,83975.3,84075.0,83971.1,84070.2,23991566.562999953
2025-03-23 02:44:58.906000+00:00,2025-03-23 02:30:00+00:00,continuous,84070.2,84223.0,84066.4,84178.5,82278186.94739984
2025-03-23 02:59:59.612000+00:00,2025-03-23 02:45:00+00:00,continuous,84178.4,84241.5,84178.4,84191.4,49325650.90880001
2025-03-23 03:14:59.925000+00:00,2025-03-23 03:00:00+00:00,continuous,84191.4,84200.0,84089.9,84129.1,40860760.95749988
2025-03-23 03:29:59.807000+00:00,2025-03-23 03:15:00+00:00,continuous,84129.0,84195.6,84128.8,84133.6,20898244.159600094
2025-03-23 03:44:59.646000+00:00,2025-03-23 03:30:00+00:00,continuous,84133.5,84175.0,84111.3,84155.3,17496664.967500005
2025-03-23 03:59:59.954000+00:00,2025-03-23 03:45:00+00:00,continuous,84155.2,84207.6,84155.2,84195.1,28437581.52270026
2025-03-23 04:14:59.949000+00:00,2025-03-23 04:00:00+00:00,continuous,84195.2,84197.5,84026.7,84048.3,60372648.92400028
2025-03-23 04:29:59.009000+00:00,2025-03-23 04:15:00+00:00,continuous,84048.4,84073.6,84025.2,84058.9,28942424.158899993
2025-03-23 04:44:59.930000+00:00,2025-03-23 04:30:00+00:00,continuous,84058.9,84087.6,84031.0,84031.2,17041117.686899964
2025-03-23 04:59:58.973000+00:00,2025-03-23 04:45:00+00:00,continuous,84031.3,84065.0,84025.5,84065.0,21459995.616100002
2025-03-23 05:14:59.231000+00:00,2025-03-23 05:00:00+00:00,continuous,84064.9,84106.3,84064.9,84068.7,19955136.688899975
2025-03-23 05:29:59.611000+00:00,2025-03-23 05:15:00+00:00,continuous,84068.7,84094.5,84052.4,84082.9,21265035.590399966
2025-03-23 05:44:59.880000+00:00,2025-03-23 05:30:00+00:00,continuous,84082.9,84150.2,84082.8,84144.6,21418982.627800003
2025-03-23 05:59:58.722000+00:00,2025-03-23 05:45:00+00:00,continuous,84144.5,84200.0,84140.3,84182.8,39209188.50270006
2025-03-23 06:14:58.920000+00:00,2025-03-23 06:00:00+00:00,continuous,84182.8,84183.9,84151.1,84159.7,18198330.145200044
2025-03-23 06:29:59.201000+00:00,2025-03-23 06:15:00+00:00,continuous,84159.6,84224.6,84159.6,84200.0,27167324.900499973
2025-03-23 06:44:59.449000+00:00,2025-03-23 06:30:00+00:00,continuous,84200.0,84208.0,84178.1,84207.9,17421672.498499934
2025-03-23 06:59:59.686000+00:00,2025-03-23 06:45:00+00:00,continuous,84208.0,84249.6,84190.6,84190.6,27659918.3098
2025-03-23 07:14:59.781000+00:00,2025-03-23 07:00:00+00:00,continuous,84190.6,84190.6,84166.5,84183.4,15995055.742000043
2025-03-23 07:29:59.605000+00:00,2025-03-23 07:15:00+00:00,continuous,84183.4,84228.5,84183.3,84225.9,18703953.524499994
2025-03-23 07:44:57.754000+00:00,2025-03-23 07:30:00+00:00,continuous,84226.0,84273.0,84225.9,84273.0,37017153.876999654
2025-03-23 07:59:58.400000+00:00,2025-03-23 07:45:00+00:00,continuous,84272.9,84282.4,84221.0,84229.9,34443904.66579987
2025-03-23 08:14:59.909000+00:00,2025-03-23 08:00:00+00:00,continuous,84229.9,84270.1,84216.8,84249.9,33649933.02050013
2025-03-23 08:29:59.861000+00:00,2025-03-23 08:15:00+00:00,continuous,84249.8,84287.3,84247.8,84255.8,63677580.315100186
2025-03-23 08:44:59.881000+00:00,2025-03-23 08:30:00+00:00,continuous,84255.9,84314.3,84244.8,84289.9,76193531.83849992
2025-03-23 08:59:58.735000+00:00,2025-03-23 08:45:00+00:00,continuous,84289.9,84310.0,84262.6,84298.6,59235716.34849998
2025-03-23 09:14:57.997000+00:00,2025-03-23 09:00:00+00:00,continuous,84298.6,84324.1,84277.4,84277.4,39498772.840599924
2025-03-23 09:29:57.318000+00:00,2025-03-23 09:15:00+00:00,continuous,84277.4,84299.9,84250.1,84294.3,40495222.27649995
2025-03-23 09:44:59.309000+00:00,2025-03-23 09:30:00+00:00,continuous,84294.3,84307.8,84294.3,84297.9,24515291.845400278
2025-03-23 09:59:59.863000+00:00,2025-03-23 09:45:00+00:00,continuous,84297.9,84298.0,84275.6,84275.6,20022832.73969994
2025-03-23 10:14:59.998000+00:00,2025-03-23 10:00:00+00:00,continuous,84275.7,84278.4,84263.3,84271.7,23874830.911699988
2025-03-23 10:29:59.978000+00:00,2025-03-23 10:15:00+00:00,continuous,84271.7,84311.0,84271.7,84302.3,34843265.66719996
2025-03-23 10:44:59.960000+00:00,2025-03-23 10:30:00+00:00,continuous,84302.2,84472.9,84294.8,84470.8,105293898.57710007
2025-03-23 10:59:59.847000+00:00,2025-03-23 10:45:00+00:00,continuous,84470.8,84470.9,84394.1,84427.7,95486269.76129949
2025-03-23 11:14:59.933000+00:00,2025-03-23 11:00:00+00:00,continuous,84427.8,84837.2,84427.7,84650.0,403390685.54919827
2025-03-23 11:29:59.995000+00:00,2025-03-23 11:15:00+00:00,continuous,84650.0,85024.8,84643.0,84876.8,370165700.28170115
2025-03-23 11:44:59.942000+00:00,2025-03-23 11:30:00+00:00,continuous,84876.4,84884.2,84704.1,84744.0,147496597.54489967
2025-03-23 11:59:59.871000+00:00,2025-03-23 11:45:00+00:00,continuous,84743.9,84833.0,84553.6,84651.5,159318763.63790146
2025-03-23 12:14:59.903000+00:00,2025-03-23 12:00:00+00:00,continuous,84651.4,84721.9,84594.8,84607.1,78054676.84230004
2025-03-23 12:29:59.706000+00:00,2025-03-23 12:15:00+00:00,continuous,84607.2,84674.5,84529.0,84672.3,73114017.77119981
2025-03-23 12:44:59.693000+00:00,2025-03-23 12:30:00+00:00,continuous,84672.3,84788.0,84672.2,84695.0,66636734.8424999
2025-03-23 12:59:59.887000+00:00,2025-03-23 12:45:00+00:00,continuous,84695.0,84782.9,84664.3,84686.4,49105368.11549997
2025-03-23 13:14:59.910000+00:00,2025-03-23 13:00:00+00:00,continuous,84686.4,84717.0,84609.0,84709.8,65444380.2475998
2025-03-23 13:29:59.962000+00:00,2025-03-23 13:15:00+00:00,continuous,84710.0,84955.9,84709.9,84920.1,139492642.39999995
2025-03-23 13:44:59.950000+00:00,2025-03-23 13:30:00+00:00,continuous,84920.1,84999.9,84817.8,84817.8,113962307.98669955
2025-03-23 13:59:59.731000+00:00,2025-03-23 13:45:00+00:00,continuous,84817.8,85075.0,84811.6,85036.7,118149223.40259998
2025-03-23 14:14:59.995000+00:00,2025-03-23 14:00:00+00:00,continuous,85036.7,85186.4,84918.0,84996.9,211939770.69950038
2025-03-23 14:29:59.758000+00:00,2025-03-23 14:15:00+00:00,continuous,84996.9,85043.6,84821.0,84854.4,100931765.77480048
2025-03-23 14:44:59.206000+00:00,2025-03-23 14:30:00+00:00,continuous,84854.3,85075.1,84854.3,84958.0,78923020.64390051
2025-03-23 14:59:59.739000+00:00,2025-03-23 14:45:00+00:00,continuous,84957.9,85004.0,84835.0,84862.0,84944780.44419998
2025-03-23 15:14:59.794000+00:00,2025-03-23 15:00:00+00:00,continuous,84862.0,85020.0,84859.9,84996.4,76444520.7076001
2025-03-23 15:29:59.876000+00:00,2025-03-23 15:15:00+00:00,continuous,84996.5,85145.0,84959.8,85042.1,116933723.95759942
2025-03-23 15:44:59.459000+00:00,2025-03-23 15:30:00+00:00,continuous,85042.2,85231.7,84975.0,85103.2,156452513.35039943
2025-03-23 15:59:59.551000+00:00,2025-03-23 15:45:00+00:00,continuous,85103.1,85165.0,85088.0,85148.0,46616146.48480013
2025-03-23 16:14:59.997000+00:00,2025-03-23 16:00:00+00:00,continuous,85148.0,85311.0,85014.5,85271.1,116524457.7291998
2025-03-23 16:29:59.853000+00:00,2025-03-23 16:15:00+00:00,continuous,85271.1,85316.2,85178.0,85240.5,89934157.54909985
2025-03-23 16:44:59.530000+00:00,2025-03-23 16:30:00+00:00,continuous,85240.6,85266.7,84899.2,85061.2,217972441.78189886
2025-03-23 16:59:59.638000+00:00,2025-03-23 16:45:00+00:00,continuous,85061.3,85333.0,85061.3,85207.3,156044423.00170043
2025-03-23 17:14:59.314000+00:00,2025-03-23 17:00:00+00:00,continuous,85207.4,85333.0,85207.3,85246.3,109907862.1924999
2025-03-23 17:29:59.953000+00:00,2025-03-23 17:15:00+00:00,continuous,85246.2,85376.4,85200.0,85200.1,99653557.1332999
2025-03-23 17:44:59.812000+00:00,2025-03-23 17:30:00+00:00,continuous,85200.0,85215.6,84819.0,84897.5,290412085.2368993
2025-03-23 17:59:59.429000+00:00,2025-03-23 17:45:00+00:00,continuous,84897.6,85095.6,84897.6,84973.2,112960343.18260033
2025-03-23 18:14:59.832000+00:00,2025-03-23 18:00:00+00:00,continuous,84973.2,84988.9,84840.1,84894.5,70987261.19110002
2025-03-23 18:29:59.785000+00:00,2025-03-23 18:15:00+00:00,continuous,84894.6,84958.0,84756.0,84758.4,93549883.01780021
2025-03-23 18:44:58.873000+00:00,2025-03-23 18:30:00+00:00,continuous,84758.4,84925.0,84758.4,84910.5,56534741.0769
2025-03-23 18:59:59.759000+00:00,2025-03-23 18:45:00+00:00,continuous,84910.5,84999.9,84892.5,84933.8,57943075.240000285
2025-03-23 19:14:59.790000+00:00,2025-03-23 19:00:00+00:00,continuous,84933.9,85050.0,84854.1,85005.1,75618407.4334
2025-03-23 19:29:59.315000+00:00,2025-03-23 19:15:00+00:00,continuous,85005.2,85022.5,84932.9,84940.1,32955743.663600076
2025-03-23 19:44:59.510000+00:00,2025-03-23 19:30:00+00:00,continuous,84940.0,84994.0,84915.9,84959.3,20044155.987599965
2025-03-23 19:59:59.741000+00:00,2025-03-23 19:45:00+00:00,continuous,84959.2,84984.6,84938.3,84966.7,19821252.021599997
2025-03-23 20:14:59.485000+00:00,2025-03-23 20:00:00+00:00,continuous,84966.7,85136.4,84966.6,85079.6,86932258.14799984
2025-03-23 20:29:59.657000+00:00,2025-03-23 20:15:00+00:00,continuous,85079.6,85182.0,85070.6,85170.5,35668389.82430001
2025-03-23 20:44:59.882000+00:00,2025-03-23 20:30:00+00:00,continuous,85170.5,85230.0,85126.4,85174.4,57120068.195299886
2025-03-23 20:59:59.844000+00:00,2025-03-23 20:45:00+00:00,continuous,85174.4,85228.2,85055.0,85055.1,29928365.32519998
2025-03-23 21:14:59.261000+00:00,2025-03-23 21:00:00+00:00,continuous,85055.0,85055.0,84921.0,84921.0,50150252.88419984
2025-03-23 21:29:59.883000+00:00,2025-03-23 21:15:00+00:00,continuous,84921.0,84978.4,84868.9,84966.8,46735864.97970016
2025-03-23 21:44:59.608000+00:00,2025-03-23 21:30:00+00:00,continuous,84966.7,85029.5,84915.1,84915.1,25131898.738599982
2025-03-23 21:59:59.760000+00:00,2025-03-23 21:45:00+00:00,continuous,84915.2,85145.5,84912.8,85144.1,25789942.32939999
2025-03-23 22:14:59.886000+00:00,2025-03-23 22:00:00+00:00,continuous,85144.1,85354.3,85114.6,85352.1,197620107.21210068
2025-03-23 22:29:59.522000+00:00,2025-03-23 22:15:00+00:00,continuous,85352.1,85662.9,85340.8,85463.0,325628793.51189977
2025-03-23 22:44:59.984000+00:00,2025-03-23 22:30:00+00:00,continuous,85463.1,85548.9,85299.9,85301.3,85183451.66829966
2025-03-23 22:59:59.585000+00:00,2025-03-23 22:45:00+00:00,continuous,85301.4,85402.2,85228.1,85333.2,107372859.98530045
2025-03-23 23:14:59.192000+00:00,2025-03-23 23:00:00+00:00,continuous,85333.3,85526.4,85333.3,85470.2,64476939.22790001
2025-03-23 23:29:59.969000+00:00,2025-03-23 23:15:00+00:00,continuous,85470.2,85747.2,85470.2,85703.9,128917895.22089988
2025-03-23 23:44:59.790000+00:00,2025-03-23 23:30:00+00:00,continuous,85704.0,85827.3,85586.6,85639.2,157096977.35489976
2025-03-23 23:59:59.996000+00:00,2025-03-23 23:45:00+00:00,continuous,85639.2,86110.9,85620.2,86044.2,378157765.3390982
2025-03-24 00:14:59.890000+00:00,2025-03-24 00:00:00+00:00,continuous,86044.1,86050.9,85827.4,85940.1,253585753.7410994
2025-03-24 00:29:59.777000+00:00,2025-03-24 00:15:00+00:00,continuous,85940.1,86392.8,85940.1,86382.4,312321161.94960034
2025-03-24 00:44:59.852000+00:00,2025-03-24 00:30:00+00:00,continuous,86382.4,86619.9,86162.0,86215.0,442380050.66629934
2025-03-24 00:59:59.938000+00:00,2025-03-24 00:45:00+00:00,continuous,86215.1,86241.8,85933.5,85994.8,229601484.5806004
2025-03-24 01:14:59.704000+00:00,2025-03-24 01:00:00+00:00,continuous,85994.8,86010.9,85664.5,85767.9,227664612.50240025
2025-03-24 01:29:59.930000+00:00,2025-03-24 01:15:00+00:00,continuous,85767.9,85888.1,85575.9,85617.4,150567899.97460097
2025-03-24 01:44:59.751000+00:00,2025-03-24 01:30:00+00:00,continuous,85617.4,85723.0,85541.0,85580.0,98467799.95659971
2025-03-24 01:59:59.511000+00:00,2025-03-24 01:45:00+00:00,continuous,85580.0,85684.8,85478.3,85525.0,94083535.50579968
2025-03-24 02:14:59.730000+00:00,2025-03-24 02:00:00+00:00,continuous,85524.9,85729.2,85478.3,85671.1,102251757.47160019
2025-03-24 02:29:59.946000+00:00,2025-03-24 02:15:00+00:00,continuous,85671.2,85710.0,85557.0,85686.3,56047783.24740003
2025-03-24 02:44:59.896000+00:00,2025-03-24 02:30:00+00:00,continuous,85686.3,85785.1,85634.4,85714.9,59023545.7747
2025-03-24 02:59:59.956000+00:00,2025-03-24 02:45:00+00:00,continuous,85714.9,85926.5,85714.9,85836.4,164567701.72500068
2025-03-24 03:14:59.730000+00:00,2025-03-24 03:00:00+00:00,continuous,85836.4,86199.9,85835.9,86172.0,195631233.02010038
2025-03-24 03:29:59.910000+00:00,2025-03-24 03:15:00+00:00,continuous,86172.0,86498.0,86066.3,86342.4,304166500.9128994
2025-03-24 03:44:59.914000+00:00,2025-03-24 03:30:00+00:00,continuous,86342.5,86405.0,86190.6,86270.0,144341837.19539917
2025-03-24 03:59:59.951000+00:00,2025-03-24 03:45:00+00:00,continuous,86269.9,86556.5,86188.0,86502.6,144033151.83790028
2025-03-24 04:14:59.688000+00:00,2025-03-24 04:00:00+00:00,continuous,86502.6,86857.0,86502.5,86687.6,373526942.8170959
2025-03-24 04:29:59.782000+00:00,2025-03-24 04:15:00+00:00,continuous,86687.5,86785.0,86593.4,86674.4,132030282.19519983
2025-03-24 04:44:59.911000+00:00,2025-03-24 04:30:00+00:00,continuous,86674.4,86820.0,86611.0,86803.6,173088379.87710056
2025-03-24 04:59:59.793000+00:00,2025-03-24 04:45:00+00:00,continuous,86803.7,86917.7,86721.2,86794.9,157311871.46059966
2025-03-24 05:14:59.991000+00:00,2025-03-24 05:00:00+00:00,continuous,86795.0,86966.0,86794.9,86920.0,185780164.75130004
2025-03-24 05:29:59.834000+00:00,2025-03-24 05:15:00+00:00,continuous,86920.1,86999.0,86772.6,86843.9,158957020.62500012
2025-03-24 05:44:59.985000+00:00,2025-03-24 05:30:00+00:00,continuous,86844.0,86965.6,86793.1,86923.5,141126821.22630015
2025-03-24 05:59:59.707000+00:00,2025-03-24 05:45:00+00:00,continuous,86923.6,86962.5,86788.8,86860.3,93121193.06289968
2025-03-24 06:14:59.624000+00:00,2025-03-24 06:00:00+00:00,continuous,86860.4,87161.9,86860.3,87134.2,264980168.7371011
2025-03-24 06:29:59.950000+00:00,2025-03-24 06:15:00+00:00,continuous,87134.3,87277.5,86934.2,86969.0,211341908.78759918
2025-03-24 06:44:59.723000+00:00,2025-03-24 06:30:00+00:00,continuous,86969.1,86990.0,86851.5,86943.2,150897395.17009974
2025-03-24 06:59:59.950000+00:00,2025-03-24 06:45:00+00:00,continuous,86943.2,87120.0,86937.8,87071.3,83243015.36989953
2025-03-24 07:14:59.779000+00:00,2025-03-24 07:00:00+00:00,continuous,87071.4,87142.3,86685.4,86987.6,249708730.0790994
2025-03-24 07:29:59.871000+00:00,2025-03-24 07:15:00+00:00,continuous,86987.7,87070.3,86866.2,86877.1,86174139.52560005
2025-03-24 07:44:59.920000+00:00,2025-03-24 07:30:00+00:00,continuous,86877.2,86904.1,86703.3,86765.2,143538657.23490012
2025-03-24 07:59:59.768000+00:00,2025-03-24 07:45:00+00:00,continuous,86765.3,86949.0,86750.0,86827.6,122677199.79639964
2025-03-24 08:14:59.878000+00:00,2025-03-24 08:00:00+00:00,continuous,86827.5,87145.0,86808.0,87086.6,131520241.9279007
2025-03-24 08:29:59.888000+00:00,2025-03-24 08:15:00+00:00,continuous,87086.7,87380.0,87086.7,87354.4,214576365.56389964
2025-03-24 08:44:59.952000+00:00,2025-03-24 08:30:00+00:00,continuous,87354.4,87450.0,87192.9,87303.3,199683899.8910982
2025-03-24 08:59:59.975000+00:00,2025-03-24 08:45:00+00:00,continuous,87303.3,87475.5,87272.1,87368.5,168472460.58690044
2025-03-24 09:14:59.682000+00:00,2025-03-24 09:00:00+00:00,continuous,87368.5,87476.4,87178.0,87295.3,154819913.1058949
2025-03-24 09:29:59.785000+00:00,2025-03-24 09:15:00+00:00,continuous,87295.4,87342.6,87119.6,87217.1,116719490.46189807
2025-03-24 09:44:59.866000+00:00,2025-03-24 09:30:00+00:00,continuous,87217.1,87308.7,87204.8,87211.2,73700941.49699986
2025-03-24 09:59:59.647000+00:00,2025-03-24 09:45:00+00:00,continuous,87211.3,87294.0,87074.9,87111.4,97449562.59379958
2025-03-24 10:14:59.882000+00:00,2025-03-24 10:00:00+00:00,continuous,87111.3,87340.5,87076.0,87310.9,95718139.24299982
2025-03-24 10:29:59.591000+00:00,2025-03-24 10:15:00+00:00,continuous,87311.0,87379.9,87242.7,87379.8,62937087.59630022
2025-03-24 10:44:59.962000+00:00,2025-03-24 10:30:00+00:00,continuous,87379.9,87740.8,87379.8,87628.2,350175131.18429923
2025-03-24 10:59:59.526000+00:00,2025-03-24 10:45:00+00:00,continuous,87628.2,87898.9,87615.5,87747.5,238597711.73389944
2025-03-24 11:14:59.711000+00:00,2025-03-24 11:00:00+00:00,continuous,87747.4,87794.9,87591.3,87603.7,106552480.68610026
2025-03-24 11:29:59.997000+00:00,2025-03-24 11:15:00+00:00,continuous,87603.7,87619.2,87467.3,87497.0,138140131.63259947
2025-03-24 11:44:59.669000+00:00,2025-03-24 11:30:00+00:00,continuous,87496.9,87673.5,87465.0,87636.0,99653042.01250063
2025-03-24 11:59:59.992000+00:00,2025-03-24 11:45:00+00:00,continuous,87636.0,87750.0,87618.8,87643.5,71697367.69969995
2025-03-24 12:14:59.808000+00:00,2025-03-24 12:00:00+00:00,continuous,87643.6,87665.5,87309.8,87577.9,367839046.03110105
2025-03-24 12:29:59.971000+00:00,2025-03-24 12:15:00+00:00,continuous,87577.8,87586.7,87232.1,87298.1,192725182.43960118
2025-03-24 12:44:59.719000+00:00,2025-03-24 12:30:00+00:00,continuous,87298.2,87381.1,87231.0,87346.1,138550577.08189973
2025-03-24 12:59:59.811000+00:00,2025-03-24 12:45:00+00:00,continuous,87346.0,87423.2,87200.0,87286.4,138362117.8860995
2025-03-24 13:14:59.898000+00:00,2025-03-24 13:00:00+00:00,continuous,87286.5,87316.7,87100.0,87162.7,198437216.6482001
2025-03-24 13:29:59.985000+00:00,2025-03-24 13:15:00+00:00,continuous,87162.8,87280.0,87136.2,87238.1,102018761.04119934
2025-03-24 13:44:59.937000+00:00,2025-03-24 13:30:00+00:00,continuous,87238.2,87584.9,87159.6,87362.2,338751506.78610176
2025-03-24 13:59:59.820000+00:00,2025-03-24 13:45:00+00:00,continuous,87363.4,87668.7,87228.7,87652.3,264374154.2922969
2025-03-24 14:14:59.935000+00:00,2025-03-24 14:00:00+00:00,continuous,87652.4,88334.2,87588.0,88307.7,788078778.6012063
2025-03-24 14:29:59.939000+00:00,2025-03-24 14:15:00+00:00,continuous,88307.8,88752.0,88227.0,88270.8,828115989.8973898
2025-03-24 14:44:59.992000+00:00,2025-03-24 14:30:00+00:00,continuous,88270.9,88270.9,87824.0,88192.8,681555377.6637887
2025-03-24 14:59:59.990000+00:00,2025-03-24 14:45:00+00:00,continuous,88192.7,88247.7,87863.6,87920.9,240537960.14019692
2025-03-24 15:14:59.742000+00:00,2025-03-24 15:00:00+00:00,continuous,87921.0,88054.4,87619.7,87872.4,303511052.6661991
2025-03-24 15:29:59.920000+00:00,2025-03-24 15:15:00+00:00,continuous,87872.4,88325.2,87858.9,87951.8,245137445.13630244
2025-03-24 15:44:59.497000+00:00,2025-03-24 15:30:00+00:00,continuous,87951.8,88111.0,87830.0,88061.6,140154974.65060014
2025-03-24 15:59:59.850000+00:00,2025-03-24 15:45:00+00:00,continuous,88061.6,88298.8,87996.0,88283.6,172046440.65699884
2025-03-24 16:14:59.896000+00:00,2025-03-24 16:00:00+00:00,continuous,88283.7,88448.7,88230.5,88372.7,282187694.22929955
2025-03-24 16:29:59.903000+00:00,2025-03-24 16:15:00+00:00,continuous,88372.7,88372.8,87746.1,87800.0,362129551.9105031
2025-03-24 16:44:59.963000+00:00,2025-03-24 16:30:00+00:00,continuous,87800.0,88078.5,87630.0,87951.6,374841015.1383034
2025-03-24 16:59:59.866000+00:00,2025-03-24 16:45:00+00:00,continuous,87951.5,88053.9,87836.6,88007.6,112728020.32959871
2025-03-24 17:14:59.985000+00:00,2025-03-24 17:00:00+00:00,continuous,88007.5,88179.9,87888.0,88101.1,183587176.36610082
2025-03-24 17:29:59.922000+00:00,2025-03-24 17:15:00+00:00,continuous,88101.1,88378.6,88060.4,88366.7,129309198.55899993
2025-03-24 17:44:59.823000+00:00,2025-03-24 17:30:00+00:00,continuous,88366.6,88406.0,88173.7,88222.0,181756378.55739906
2025-03-24 17:59:59.859000+00:00,2025-03-24 17:45:00+00:00,continuous,88222.0,88441.9,88127.5,88413.2,163396168.29779923
2025-03-24 18:14:59.086000+00:00,2025-03-24 18:00:00+00:00,continuous,88413.3,88441.3,88220.0,88380.9,106728278.27360004
2025-03-24 18:29:59.743000+00:00,2025-03-24 18:15:00+00:00,continuous,88380.9,88435.5,88100.0,88213.7,137740127.23309958
2025-03-24 18:44:59.844000+00:00,2025-03-24 18:30:00+00:00,continuous,88213.7,88492.1,88077.0,88431.2,236235982.61540073
2025-03-24 18:59:59.931000+00:00,2025-03-24 18:45:00+00:00,continuous,88431.3,88480.8,88323.4,88401.3,144623856.15959975
2025-03-24 19:14:59.955000+00:00,2025-03-24 19:00:00+00:00,continuous,88401.3,88460.3,88190.1,88421.6,124697993.99649996
2025-03-24 19:29:59.787000+00:00,2025-03-24 19:15:00+00:00,continuous,88421.6,88422.6,88221.9,88302.6,124972087.07560003
2025-03-24 19:44:59.946000+00:00,2025-03-24 19:30:00+00:00,continuous,88302.5,88315.0,87925.0,87971.2,185764396.40829992
2025-03-24 19:59:59.917000+00:00,2025-03-24 19:45:00+00:00,continuous,87971.2,88317.4,87900.0,88162.3,197648765.28190053
2025-03-24 20:14:59.739000+00:00,2025-03-24 20:00:00+00:00,continuous,88162.3,88438.5,88059.5,88400.6,130966673.18600036
2025-03-24 20:29:56.544000+00:00,2025-03-24 20:15:00+00:00,continuous,88400.6,88431.1,88227.2,88307.3,72693034.00350006
2025-03-24 20:44:59.878000+00:00,2025-03-24 20:30:00+00:00,continuous,88307.2,88307.3,87863.8,87873.7,137390380.08389896
2025-03-24 20:59:59.751000+00:00,2025-03-24 20:45:00+00:00,continuous,87873.7,87966.0,87761.4,87797.3,151420671.51940063
2025-03-24 21:14:59.965000+00:00,2025-03-24 21:00:00+00:00,continuous,87797.3,87990.2,87770.0,87850.0,113398933.44450004
2025-03-24 21:29:59.741000+00:00,2025-03-24 21:15:00+00:00,continuous,87850.0,88223.7,87846.2,88159.9,120676951.80050007
2025-03-24 21:44:59.739000+00:00,2025-03-24 21:30:00+00:00,continuous,88160.0,88237.5,87872.4,88144.9,97730366.9494997
2025-03-24 21:59:59.998000+00:00,2025-03-24 21:45:00+00:00,continuous,88145.0,88149.8,88003.7,88069.7,51455756.0714998
2025-03-24 22:14:59.815000+00:00,2025-03-24 22:00:00+00:00,continuous,88069.7,88146.4,87702.7,87718.9,180665637.1630003
2025-03-24 22:29:59.846000+00:00,2025-03-24 22:15:00+00:00,continuous,87718.9,87721.9,87450.0,87549.1,256099154.1283023
2025-03-24 22:44:59.997000+00:00,2025-03-24 22:30:00+00:00,continuous,87549.1,87639.7,87472.0,87524.0,77585515.72069997
2025-03-24 22:59:59.905000+00:00,2025-03-24 22:45:00+00:00,continuous,87523.8,87523.8,87274.9,87411.5,240548049.81850094
2025-03-24 23:14:59.875000+00:00,2025-03-24 23:00:00+00:00,continuous,87411.5,87487.3,87241.6,87250.0,129074926.74090001
2025-03-24 23:29:59.923000+00:00,2025-03-24 23:15:00+00:00,continuous,87250.0,87254.2,87010.0,87159.6,192123555.97370064
2025-03-24 23:44:59.709000+00:00,2025-03-24 23:30:00+00:00,continuous,87159.7,87297.5,87150.5,87235.4,94819562.68740074
2025-03-24 23:59:59.915000+00:00,2025-03-24 23:45:00+00:00,continuous,87235.4,87498.0,87173.6,87463.4,170572378.452301
2025-03-25 00:14:59.846000+00:00,2025-03-25 00:00:00+00:00,continuous,87463.4,87466.5,87211.6,87293.9,139089613.42490032
2025-03-25 00:29:59.657000+00:00,2025-03-25 00:15:00+00:00,continuous,87293.9,87603.5,87218.6,87440.3,180765326.4365014
2025-03-25 00:44:59.422000+00:00,2025-03-25 00:30:00+00:00,continuous,87440.3,87614.0,87338.7,87528.9,122636879.87289964
2025-03-25 00:59:59.973000+00:00,2025-03-25 00:45:00+00:00,continuous,87528.8,87644.0,87467.5,87556.5,105676345.02209982
2025-03-25 01:14:59.747000+00:00,2025-03-25 01:00:00+00:00,continuous,87556.4,87556.4,87338.3,87343.4,83375986.56229995
2025-03-25 01:29:59.944000+00:00,2025-03-25 01:15:00+00:00,continuous,87343.4,87377.4,87000.0,87027.5,163207114.0829007
2025-03-25 01:44:59.999000+00:00,2025-03-25 01:30:00+00:00,continuous,87027.5,87084.0,86758.5,87084.0,339938523.98489696
2025-03-25 01:59:59.908000+00:00,2025-03-25 01:45:00+00:00,continuous,87083.9,87251.9,86952.9,87043.5,175677866.78240076
2025-03-25 02:14:59.974000+00:00,2025-03-25 02:00:00+00:00,continuous,87043.5,87050.0,86821.7,86916.3,98987272.74900027
2025-03-25 02:29:59.985000+00:00,2025-03-25 02:15:00+00:00,continuous,86916.4,87039.7,86868.0,87026.0,72665842.64870015
2025-03-25 02:44:59.984000+00:00,2025-03-25 02:30:00+00:00,continuous,87026.0,87026.0,86830.2,86890.5,72476008.63720022
2025-03-25 02:59:59.889000+00:00,2025-03-25 02:45:00+00:00,continuous,86890.4,86948.6,86777.0,86814.1,70185226.10709994
2025-03-25 03:14:59.557000+00:00,2025-03-25 03:00:00+00:00,continuous,86814.0,86955.0,86720.0,86832.1,86482596.50999951
2025-03-25 03:29:59.959000+00:00,2025-03-25 03:15:00+00:00,continuous,86832.1,86832.1,86548.9,86722.1,200971854.53450084
2025-03-25 03:44:59.873000+00:00,2025-03-25 03:30:00+00:00,continuous,86722.2,86795.5,86430.0,86448.2,203929979.00870067
2025-03-25 03:59:59.660000+00:00,2025-03-25 03:45:00+00:00,continuous,86448.3,86552.7,86278.5,86477.4,342089420.34479916
2025-03-25 04:14:59.778000+00:00,2025-03-25 04:00:00+00:00,continuous,86477.3,86637.1,86260.0,86578.0,197221465.0720991
2025-03-25 04:29:59.861000+00:00,2025-03-25 04:15:00+00:00,continuous,86578.0,86615.2,86403.8,86411.1,102303532.52300039
2025-03-25 04:44:59.927000+00:00,2025-03-25 04:30:00+00:00,continuous,86411.1,86493.3,86333.0,86454.4,70340298.1453002
2025-03-25 04:59:59.690000+00:00,2025-03-25 04:45:00+00:00,continuous,86454.3,86515.6,86365.5,86510.1,64475155.63819999
2025-03-25 05:14:59.975000+00:00,2025-03-25 05:00:00+00:00,continuous,86510.0,86510.0,86360.0,86383.8,78862642.8861996
2025-03-25 05:29:59.698000+00:00,2025-03-25 05:15:00+00:00,continuous,86383.7,86649.9,86360.0,86573.0,126276535.80870031
2025-03-25 05:44:59.553000+00:00,2025-03-25 05:30:00+00:00,continuous,86573.0,86698.2,86512.3,86638.4,129469577.0591
2025-03-25 05:59:59.551000+00:00,2025-03-25 05:45:00+00:00,continuous,86638.4,86740.0,86610.7,86610.7,104718493.40879995
2025-03-25 06:14:59.308000+00:00,2025-03-25 06:00:00+00:00,continuous,86610.8,86772.4,86550.5,86722.4,79939964.9713003
2025-03-25 06:29:59.946000+00:00,2025-03-25 06:15:00+00:00,continuous,86722.4,86739.8,86616.3,86730.0,51829958.62880003
2025-03-25 06:44:59.808000+00:00,2025-03-25 06:30:00+00:00,continuous,86730.1,86847.3,86566.3,86566.3,188981781.9820001
2025-03-25 06:59:59.635000+00:00,2025-03-25 06:45:00+00:00,continuous,86566.3,86626.8,86462.4,86499.3,169007651.25819984
2025-03-25 07:14:59.768000+00:00,2025-03-25 07:00:00+00:00,continuous,86499.9,86771.4,86460.8,86535.5,201657441.9267009
2025-03-25 07:29:59.545000+00:00,2025-03-25 07:15:00+00:00,continuous,86535.4,86599.7,86450.0,86510.5,74516390.09750006
2025-03-25 07:44:59.782000+00:00,2025-03-25 07:30:00+00:00,continuous,86510.5,86510.5,86280.7,86315.2,186429178.2290009
2025-03-25 07:59:59.256000+00:00,2025-03-25 07:45:00+00:00,continuous,86315.1,86461.4,86315.1,86404.4,94471886.87620042
2025-03-25 08:14:59.674000+00:00,2025-03-25 08:00:00+00:00,continuous,86404.5,86536.4,86390.0,86467.4,76445515.70400034
2025-03-25 08:29:59.949000+00:00,2025-03-25 08:15:00+00:00,continuous,86467.5,86644.7,86358.2,86569.0,99235621.67180029
2025-03-25 08:44:59.581000+00:00,2025-03-25 08:30:00+00:00,continuous,86569.1,86692.6,86555.8,86629.9,56783804.19970015
2025-03-25 08:59:59.891000+00:00,2025-03-25 08:45:00+00:00,continuous,86629.9,86727.1,86576.0,86675.0,58455880.94110006
2025-03-25 09:14:58.783000+00:00,2025-03-25 09:00:00+00:00,continuous,86675.0,86742.0,86595.8,86632.5,82498427.62589993
2025-03-25 09:29:59.931000+00:00,2025-03-25 09:15:00+00:00,continuous,86632.6,86877.7,86630.0,86832.8,119127896.88170025
2025-03-25 09:44:59.793000+00:00,2025-03-25 09:30:00+00:00,continuous,86832.7,87281.9,86810.1,87060.0,461491768.2204986
2025-03-25 09:59:59.795000+00:00,2025-03-25 09:45:00+00:00,continuous,87059.9,87322.0,87010.0,87172.5,197680443.44790074
2025-03-25 10:14:59.985000+00:00,2025-03-25 10:00:00+00:00,continuous,87172.5,87248.4,86972.0,87015.0,122631121.59029992
2025-03-25 10:29:59.892000+00:00,2025-03-25 10:15:00+00:00,continuous,87015.0,87084.0,86902.0,87040.1,120855360.01369956
2025-03-25 10:44:59.701000+00:00,2025-03-25 10:30:00+00:00,continuous,87040.1,87169.0,86988.0,87168.0,72061436.80919999
2025-03-25 10:59:59.720000+00:00,2025-03-25 10:45:00+00:00,continuous,87168.0,87168.0,87045.9,87085.7,49883243.13409988
2025-03-25 11:14:59.821000+00:00,2025-03-25 11:00:00+00:00,continuous,87085.6,87238.3,87003.9,87101.0,78135454.91790006
2025-03-25 11:29:59.950000+00:00,2025-03-25 11:15:00+00:00,continuous,87101.1,87339.0,87089.1,87284.6,88462094.70080069
2025-03-25 11:44:59.959000+00:00,2025-03-25 11:30:00+00:00,continuous,87284.6,87448.0,87217.7,87435.7,161465248.9114005
2025-03-25 11:59:59.911000+00:00,2025-03-25 11:45:00+00:00,continuous,87435.7,87437.0,87307.5,87323.3,80042459.24840012
2025-03-25 12:14:59.962000+00:00,2025-03-25 12:00:00+00:00,continuous,87323.4,87398.9,87135.0,87267.3,140475995.7465995
2025-03-25 12:29:59.962000+00:00,2025-03-25 12:15:00+00:00,continuous,87267.2,87283.0,87115.0,87179.8,87260483.1198998
2025-03-25 12:44:59.867000+00:00,2025-03-25 12:30:00+00:00,continuous,87179.9,87270.0,86839.2,87131.5,276798631.1163997
2025-03-25 12:59:59.871000+00:00,2025-03-25 12:45:00+00:00,continuous,87131.5,87179.0,86950.0,87044.0,84120880.92629963
2025-03-25 13:14:59.939000+00:00,2025-03-25 13:00:00+00:00,continuous,87044.0,87355.9,87013.4,87315.7,125289249.75630037
2025-03-25 13:29:59.937000+00:00,2025-03-25 13:15:00+00:00,continuous,87315.7,87681.4,87315.7,87638.9,352461069.2562987
2025-03-25 13:44:59.823000+00:00,2025-03-25 13:30:00+00:00,continuous,87638.8,88032.0,87149.2,87222.5,714125197.0359931
2025-03-25 13:59:59.881000+00:00,2025-03-25 13:45:00+00:00,continuous,87223.1,87633.0,86984.6,87547.0,410385636.47529966
2025-03-25 14:14:59.892000+00:00,2025-03-25 14:00:00+00:00,continuous,87547.1,87645.7,87280.0,87613.5,273489353.53210056
2025-03-25 14:29:59.743000+00:00,2025-03-25 14:15:00+00:00,continuous,87613.5,87859.5,87488.8,87656.1,255671857.34599832
2025-03-25 14:44:59.926000+00:00,2025-03-25 14:30:00+00:00,continuous,87656.1,88186.0,87550.0,88103.9,432086341.47459704
2025-03-25 14:59:59.690000+00:00,2025-03-25 14:45:00+00:00,continuous,88103.9,88151.6,87782.2,87962.3,257245510.32990262
2025-03-25 15:14:59.970000+00:00,2025-03-25 15:00:00+00:00,continuous,87962.2,88221.0,87910.9,87999.2,267032539.06190056
2025-03-25 15:29:59.346000+00:00,2025-03-25 15:15:00+00:00,continuous,87999.2,88041.7,87741.2,87916.7,141541786.8475997
2025-03-25 15:44:59.946000+00:00,2025-03-25 15:30:00+00:00,continuous,87916.7,88012.0,87667.1,87963.8,164322957.6469988
2025-03-25 15:59:59.934000+00:00,2025-03-25 15:45:00+00:00,continuous,87963.7,88000.1,87660.0,87723.0,185431255.2563008
2025-03-25 16:14:59.714000+00:00,2025-03-25 16:00:00+00:00,continuous,87723.0,87912.2,87640.7,87848.7,130989828.2711992
2025-03-25 16:29:59.033000+00:00,2025-03-25 16:15:00+00:00,continuous,87848.7,87926.0,87692.3,87775.2,109677810.82719916
2025-03-25 16:44:59.888000+00:00,2025-03-25 16:30:00+00:00,continuous,87775.2,87805.8,87582.2,87719.9,129102364.21979737
2025-03-25 16:59:59.928000+00:00,2025-03-25 16:45:00+00:00,continuous,87720.0,87825.4,87581.3,87747.5,105004077.90569922
2025-03-25 17:14:59.935000+00:00,2025-03-25 17:00:00+00:00,continuous,87747.6,88284.0,87747.6,88155.6,304813476.0713014
2025-03-25 17:29:59.688000+00:00,2025-03-25 17:15:00+00:00,continuous,88155.6,88210.0,87849.7,87877.8,167645888.59350052
2025-03-25 17:44:59.431000+00:00,2025-03-25 17:30:00+00:00,continuous,87877.7,88020.0,87860.0,87995.8,81059335.91729999
2025-03-25 17:59:59.818000+00:00,2025-03-25 17:45:00+00:00,continuous,87995.8,88040.0,87808.1,87885.1,101624869.94039942
2025-03-25 18:14:59.858000+00:00,2025-03-25 18:00:00+00:00,continuous,87885.0,88010.5,87808.6,87884.8,72239602.05670018
2025-03-25 18:29:58.800000+00:00,2025-03-25 18:15:00+00:00,continuous,87884.8,87910.3,87615.0,87744.5,99778487.75259966
2025-03-25 18:44:59.769000+00:00,2025-03-25 18:30:00+00:00,continuous,87744.5,87809.6,87532.3,87573.6,104804582.00589888
2025-03-25 18:59:59.472000+00:00,2025-03-25 18:45:00+00:00,continuous,87573.6,87801.1,87537.0,87771.5,125444393.22249971
2025-03-25 19:14:59.792000+00:00,2025-03-25 19:00:00+00:00,continuous,87771.5,88078.2,87762.3,87983.2,142353837.02139977
2025-03-25 19:29:59.962000+00:00,2025-03-25 19:15:00+00:00,continuous,87983.2,88043.0,87825.5,87862.4,98879596.33520022
2025-03-25 19:44:58.567000+00:00,2025-03-25 19:30:00+00:00,continuous,87862.3,87984.6,87774.4,87907.9,79941294.7595
2025-03-25 19:59:59.861000+00:00,2025-03-25 19:45:00+00:00,continuous,87908.0,88217.6,87900.0,88051.4,210097051.88819754
2025-03-25 20:14:59.916000+00:00,2025-03-25 20:00:00+00:00,continuous,88054.0,88500.0,87914.0,88342.3,576062243.6485934
2025-03-25 20:29:59.709000+00:00,2025-03-25 20:15:00+00:00,continuous,88342.4,88430.2,88111.5,88125.2,120680766.93650192
2025-03-25 20:44:59.488000+00:00,2025-03-25 20:30:00+00:00,continuous,88125.3,88145.8,87900.0,87947.9,142662478.98469988
2025-03-25 20:59:59.992000+00:00,2025-03-25 20:45:00+00:00,continuous,87948.0,88011.2,87740.0,87804.5,169155414.71140078
2025-03-25 21:14:59.943000+00:00,2025-03-25 21:00:00+00:00,continuous,87804.6,88150.0,87789.0,88081.6,120095424.89440054
2025-03-25 21:29:59.903000+00:00,2025-03-25 21:15:00+00:00,continuous,88081.6,88145.0,87900.0,87900.0,86241685.88230023
2025-03-25 21:44:59.244000+00:00,2025-03-25 21:30:00+00:00,continuous,87900.1,87959.3,87764.3,87782.0,78747500.43179964
2025-03-25 21:59:59.840000+00:00,2025-03-25 21:45:00+00:00,continuous,87782.0,87856.9,87651.2,87703.6,93213401.98029988
2025-03-25 22:14:59.825000+00:00,2025-03-25 22:00:00+00:00,continuous,87703.6,87755.9,87540.0,87672.5,130005228.54300012
2025-03-25 22:29:59.937000+00:00,2025-03-25 22:15:00+00:00,continuous,87672.5,87693.5,87192.0,87328.3,264691934.41010073
2025-03-25 22:44:59.571000+00:00,2025-03-25 22:30:00+00:00,continuous,87328.3,87555.0,87110.1,87539.9,306864136.9125011
2025-03-25 22:59:59.979000+00:00,2025-03-25 22:45:00+00:00,continuous,87540.0,87628.0,87391.0,87412.6,74024688.88860019
2025-03-25 23:14:59.904000+00:00,2025-03-25 23:00:00+00:00,continuous,87412.7,87464.8,87079.0,87203.6,224631795.25820044
2025-03-25 23:29:58.797000+00:00,2025-03-25 23:15:00+00:00,continuous,87203.7,87350.0,87184.1,87349.9,89850814.21909986
2025-03-25 23:44:59.687000+00:00,2025-03-25 23:30:00+00:00,continuous,87349.9,87417.6,87300.0,87378.0,49904712.00959991
2025-03-25 23:59:59.746000+00:00,2025-03-25 23:45:00+00:00,continuous,87378.0,87466.3,87283.3,87369.8,93873318.81089972
2025-03-26 00:14:59.823000+00:00,2025-03-26 00:00:00+00:00,continuous,87369.9,87476.7,87192.1,87262.0,105201943.83900002
2025-03-26 00:29:59.629000+00:00,2025-03-26 00:15:00+00:00,continuous,87262.1,87577.0,87260.0,87564.3,77123187.9141997
2025-03-26 00:44:59.449000+00:00,2025-03-26 00:30:00+00:00,continuous,87564.5,87727.0,87425.9,87705.3,127118592.93889944
2025-03-26 00:59:59.583000+00:00,2025-03-26 00:45:00+00:00,continuous,87705.3,87771.7,87579.9,87608.0,76845074.7791999
2025-03-26 01:14:59.868000+00:00,2025-03-26 01:00:00+00:00,continuous,87608.1,87693.0,87525.0,87671.3,52348171.16279985
2025-03-26 01:29:59.870000+00:00,2025-03-26 01:15:00+00:00,continuous,87671.4,87864.4,87625.0,87796.4,85964699.88310017
2025-03-26 01:44:59.839000+00:00,2025-03-26 01:30:00+00:00,continuous,87796.4,87807.8,87680.0,87750.0,77462474.55800033
2025-03-26 01:59:59.867000+00:00,2025-03-26 01:45:00+00:00,continuous,87750.1,87810.0,87702.0,87794.0,47910879.07460011
2025-03-26 02:14:59.977000+00:00,2025-03-26 02:00:00+00:00,continuous,87794.1,87794.1,87493.5,87501.9,112549710.12000026
2025-03-26 02:29:59.131000+00:00,2025-03-26 02:15:00+00:00,continuous,87501.9,87511.5,87400.0,87487.0,101646227.5951993
2025-03-26 02:44:59.766000+00:00,2025-03-26 02:30:00+00:00,continuous,87487.1,87523.7,87370.9,87394.6,96909461.72849984
2025-03-26 02:59:59.807000+00:00,2025-03-26 02:45:00+00:00,continuous,87394.7,87430.3,87258.1,87285.3,72999130.34459978
2025-03-26 03:14:59.518000+00:00,2025-03-26 03:00:00+00:00,continuous,87285.3,87366.0,87140.0,87140.5,126883746.85670136
2025-03-26 03:29:59.823000+00:00,2025-03-26 03:15:00+00:00,continuous,87140.4,87286.6,87080.0,87196.7,120398505.13609941
2025-03-26 03:44:59.777000+00:00,2025-03-26 03:30:00+00:00,continuous,87196.6,87196.7,87044.8,87076.1,91799276.74279961
2025-03-26 03:59:59.567000+00:00,2025-03-26 03:45:00+00:00,continuous,87076.1,87136.5,86980.0,87120.6,103517829.65679978
2025-03-26 04:14:59.938000+00:00,2025-03-26 04:00:00+00:00,continuous,87120.6,87258.3,87000.3,87241.0,133603584.78560093
2025-03-26 04:29:59.234000+00:00,2025-03-26 04:15:00+00:00,continuous,87241.0,87241.0,87075.6,87207.2,86732266.58960012
2025-03-26 04:44:59.459000+00:00,2025-03-26 04:30:00+00:00,continuous,87207.2,87415.6,87207.1,87361.3,140669635.8527008
2025-03-26 04:59:58.827000+00:00,2025-03-26 04:45:00+00:00,continuous,87361.4,87393.5,87169.8,87282.0,106146358.45420027
2025-03-26 05:14:59.943000+00:00,2025-03-26 05:00:00+00:00,continuous,87282.1,87282.1,87192.6,87217.5,46711481.94310011
2025-03-26 05:29:59.774000+00:00,2025-03-26 05:15:00+00:00,continuous,87217.6,87260.1,87181.6,87242.1,32428314.35999993
2025-03-26 05:44:59.986000+00:00,2025-03-26 05:30:00+00:00,continuous,87242.1,87600.0,87242.0,87550.4,160108420.17809916
2025-03-26 05:59:59.781000+00:00,2025-03-26 05:45:00+00:00,continuous,87550.3,87555.4,87418.0,87480.0,85572291.1156998
2025-03-26 06:14:59.803000+00:00,2025-03-26 06:00:00+00:00,continuous,87480.0,87555.3,87400.0,87514.2,59043124.42720021
2025-03-26 06:29:59.999000+00:00,2025-03-26 06:15:00+00:00,continuous,87514.3,87552.6,87434.6,87530.1,45166271.01229998
2025-03-26 06:44:59.495000+00:00,2025-03-26 06:30:00+00:00,continuous,87530.0,87730.0,87530.0,87724.8,116605167.42769964
2025-03-26 06:59:59.756000+00:00,2025-03-26 06:45:00+00:00,continuous,87724.9,87889.5,87680.0,87858.1,138997946.10029987
2025-03-26 07:14:59.409000+00:00,2025-03-26 07:00:00+00:00,continuous,87858.1,87915.6,87712.0,87809.9,119993559.28320011
2025-03-26 07:29:59.970000+00:00,2025-03-26 07:15:00+00:00,continuous,87809.8,88027.8,87745.7,87966.1,132902139.39290012
2025-03-26 07:44:59.886000+00:00,2025-03-26 07:30:00+00:00,continuous,87966.1,88270.2,87927.1,88167.8,429087131.4665955
2025-03-26 07:59:59.297000+00:00,2025-03-26 07:45:00+00:00,continuous,88167.9,88246.9,88096.0,88106.7,153543080.10050207
2025-03-26 08:14:59.436000+00:00,2025-03-26 08:00:00+00:00,continuous,88106.7,88170.6,87963.0,88003.1,137159664.98049986
2025-03-26 08:29:59.515000+00:00,2025-03-26 08:15:00+00:00,continuous,88003.1,88108.2,87955.8,87995.8,74560591.55529986
2025-03-26 08:44:59.732000+00:00,2025-03-26 08:30:00+00:00,continuous,87995.8,88050.6,87977.2,88008.1,73718842.91089988
2025-03-26 08:59:59.887000+00:00,2025-03-26 08:45:00+00:00,continuous,88008.1,88008.1,87845.2,87918.4,128864112.88730013
2025-03-26 09:14:59.804000+00:00,2025-03-26 09:00:00+00:00,continuous,87918.3,87967.0,87846.2,87850.0,62151109.132800095
2025-03-26 09:29:59.678000+00:00,2025-03-26 09:15:00+00:00,continuous,87850.1,87953.9,87781.8,87920.0,70234671.18709989
2025-03-26 09:44:59.659000+00:00,2025-03-26 09:30:00+00:00,continuous,87920.0,88023.3,87886.8,87934.7,62820596.136199996
2025-03-26 09:59:59.845000+00:00,2025-03-26 09:45:00+00:00,continuous,87934.7,87940.1,87841.2,87900.7,36277103.85720003
2025-03-26 10:14:59.350000+00:00,2025-03-26 10:00:00+00:00,continuous,87900.7,88001.3,87895.0,87982.1,51559788.6268002
2025-03-26 10:29:59.968000+00:00,2025-03-26 10:15:00+00:00,continuous,87982.0,88187.8,87982.0,88115.1,139507766.07300028
2025-03-26 10:44:59.949000+00:00,2025-03-26 10:30:00+00:00,continuous,88115.1,88235.0,88050.9,88061.1,94632484.98190063
2025-03-26 10:59:59.929000+00:00,2025-03-26 10:45:00+00:00,continuous,88061.1,88220.9,88061.1,88172.7,69306622.98239996
2025-03-26 11:14:59.847000+00:00,2025-03-26 11:00:00+00:00,continuous,88172.6,88205.7,88096.3,88189.6,53926603.310199976
2025-03-26 11:29:59.858000+00:00,2025-03-26 11:15:00+00:00,continuous,88189.6,88207.8,88082.0,88117.8,68194567.26559977
2025-03-26 11:44:59.836000+00:00,2025-03-26 11:30:00+00:00,continuous,88117.9,88155.0,87928.8,87950.9,151965326.58649978
2025-03-26 11:59:59.939000+00:00,2025-03-26 11:45:00+00:00,continuous,87950.8,88021.3,87880.8,87914.9,73642697.27170016
2025-03-26 12:14:59.771000+00:00,2025-03-26 12:00:00+00:00,continuous,87914.9,87975.0,87770.1,87922.2,111314449.44550036
2025-03-26 12:29:59.989000+00:00,2025-03-26 12:15:00+00:00,continuous,87922.3,87931.2,87634.2,87748.1,184811764.93190008
2025-03-26 12:44:59.925000+00:00,2025-03-26 12:30:00+00:00,continuous,87748.0,87787.9,87546.3,87651.8,207643978.04810086
2025-03-26 12:59:59.884000+00:00,2025-03-26 12:45:00+00:00,continuous,87651.8,87824.1,87571.6,87767.5,177952331.44730246
2025-03-26 13:14:59.867000+00:00,2025-03-26 13:00:00+00:00,continuous,87767.5,87767.5,87602.1,87621.8,92163110.44789994
2025-03-26 13:29:59.776000+00:00,2025-03-26 13:15:00+00:00,continuous,87621.9,87621.9,87417.3,87440.1,179840589.6461977
2025-03-26 13:44:59.962000+00:00,2025-03-26 13:30:00+00:00,continuous,87440.1,87838.0,87334.7,87750.0,430866069.84959686
2025-03-26 13:59:59.955000+00:00,2025-03-26 13:45:00+00:00,continuous,87750.1,87871.7,86620.0,86792.1,1027686632.8407947
2025-03-26 14:14:59.968000+00:00,2025-03-26 14:00:00+00:00,continuous,86792.0,87248.0,86681.6,86920.5,625907011.4164991
2025-03-26 14:29:59.946000+00:00,2025-03-26 14:15:00+00:00,continuous,86920.6,87023.4,86387.7,86646.1,747106108.561098
2025-03-26 14:44:59.834000+00:00,2025-03-26 14:30:00+00:00,continuous,86646.2,86780.0,86451.2,86522.0,431637665.2757001
2025-03-26 14:59:59.992000+00:00,2025-03-26 14:45:00+00:00,continuous,86522.1,86931.8,86406.6,86720.1,251474472.7655998
2025-03-26 15:14:59.802000+00:00,2025-03-26 15:00:00+00:00,continuous,86720.1,86958.0,86680.0,86812.1,252284098.85770047
2025-03-26 15:29:59.727000+00:00,2025-03-26 15:15:00+00:00,continuous,86812.1,86828.7,86502.6,86588.0,284271671.66490185
2025-03-26 15:44:59.978000+00:00,2025-03-26 15:30:00+00:00,continuous,86588.1,86873.9,86579.5,86797.8,115711539.64410001
2025-03-26 15:59:59.958000+00:00,2025-03-26 15:45:00+00:00,continuous,86797.7,86980.1,86563.0,86696.9,386118475.33389854
2025-03-26 16:14:59.895000+00:00,2025-03-26 16:00:00+00:00,continuous,86696.8,86803.5,86528.1,86703.9,154265958.89600104
2025-03-26 16:29:59.957000+00:00,2025-03-26 16:15:00+00:00,continuous,86703.9,86913.6,86557.1,86913.6,109775677.80849974
2025-03-26 16:44:59.973000+00:00,2025-03-26 16:30:00+00:00,continuous,86913.6,87032.6,86605.9,86650.1,172801185.18110037
2025-03-26 16:59:59.894000+00:00,2025-03-26 16:45:00+00:00,continuous,86650.0,86792.9,86326.0,86459.6,351328466.4157994
2025-03-26 17:14:59.953000+00:00,2025-03-26 17:00:00+00:00,continuous,86459.6,86740.0,86430.0,86685.0,159406435.5998989
2025-03-26 17:29:59.900000+00:00,2025-03-26 17:15:00+00:00,continuous,86685.0,86685.0,86428.1,86580.1,236875996.3043992
2025-03-26 17:44:59.803000+00:00,2025-03-26 17:30:00+00:00,continuous,86580.2,86798.3,86453.6,86640.7,189115860.46479937
2025-03-26 17:59:59.880000+00:00,2025-03-26 17:45:00+00:00,continuous,86640.6,86744.4,86453.0,86535.7,96401212.85299999
2025-03-26 18:14:59.476000+00:00,2025-03-26 18:00:00+00:00,continuous,86535.7,86720.3,86512.1,86636.3,95943935.9925003
2025-03-26 18:29:58.478000+00:00,2025-03-26 18:15:00+00:00,continuous,86636.3,86715.7,86534.9,86607.6,94907884.78540012
2025-03-26 18:44:59.651000+00:00,2025-03-26 18:30:00+00:00,continuous,86607.5,86714.8,86456.5,86457.3,79709032.22220014
2025-03-26 18:59:59.876000+00:00,2025-03-26 18:45:00+00:00,continuous,86457.3,86481.1,86106.1,86168.4,449465251.37249875
2025-03-26 19:14:59.985000+00:00,2025-03-26 19:00:00+00:00,continuous,86168.4,86322.0,85819.7,85885.8,441723222.1849021
2025-03-26 19:29:59.449000+00:00,2025-03-26 19:15:00+00:00,continuous,85885.7,86331.9,85816.3,86088.1,298208931.1013995
2025-03-26 19:44:59.996000+00:00,2025-03-26 19:30:00+00:00,continuous,86088.1,86475.9,86082.3,86449.9,173800942.4929003
2025-03-26 19:59:59.986000+00:00,2025-03-26 19:45:00+00:00,continuous,86449.8,86777.0,86445.0,86525.3,439308470.2646972
2025-03-26 20:14:59.701000+00:00,2025-03-26 20:00:00+00:00,continuous,86525.2,86972.7,86473.8,86877.9,446526079.9860991
2025-03-26 20:29:59.738000+00:00,2025-03-26 20:15:00+00:00,continuous,86877.9,87294.9,86806.9,87173.4,353513162.04660183
2025-03-26 20:44:59.947000+00:00,2025-03-26 20:30:00+00:00,continuous,87173.4,87360.0,87133.4,87242.6,234592050.7625005
2025-03-26 20:59:59.980000+00:00,2025-03-26 20:45:00+00:00,continuous,87242.6,87306.3,87053.9,87250.0,151159325.2632003
2025-03-26 21:14:59.982000+00:00,2025-03-26 21:00:00+00:00,continuous,87250.1,87275.2,87042.5,87170.3,110020194.14059973
2025-03-26 21:29:59.940000+00:00,2025-03-26 21:15:00+00:00,continuous,87170.3,87189.4,86923.2,87015.9,171006804.3173007
2025-03-26 21:44:59.779000+00:00,2025-03-26 21:30:00+00:00,continuous,87015.9,87040.5,86675.0,87040.5,141945905.92609975
2025-03-26 21:59:59.652000+00:00,2025-03-26 21:45:00+00:00,continuous,87040.5,87198.6,87017.1,87061.0,82480293.1587001
2025-03-26 22:14:59.725000+00:00,2025-03-26 22:00:00+00:00,continuous,87061.0,87107.5,86850.0,86892.8,120145723.26730026
2025-03-26 22:29:59.814000+00:00,2025-03-26 22:15:00+00:00,continuous,86892.7,86948.9,86703.1,86761.9,121936036.44709896
2025-03-26 22:44:59.110000+00:00,2025-03-26 22:30:00+00:00,continuous,86762.0,86937.2,86756.7,86851.0,72833112.53959996
2025-03-26 22:59:59.496000+00:00,2025-03-26 22:45:00+00:00,continuous,86850.9,86988.8,86773.2,86796.0,56903585.11860007
2025-03-26 23:14:59.498000+00:00,2025-03-26 23:00:00+00:00,continuous,86796.1,86864.8,86623.6,86651.0,122037968.6710996
2025-03-26 23:29:58.794000+00:00,2025-03-26 23:15:00+00:00,continuous,86651.0,86753.9,86511.8,86640.0,149721924.14059967
2025-03-26 23:44:59.948000+00:00,2025-03-26 23:30:00+00:00,continuous,86640.1,86860.4,86640.1,86816.8,109601051.58940004
2025-03-26 23:59:59.384000+00:00,2025-03-26 23:45:00+00:00,continuous,86816.8,86919.2,86762.1,86873.8,61419157.3447
2025-03-27 00:14:59.664000+00:00,2025-03-27 00:00:00+00:00,continuous,86873.9,86960.2,86814.9,86859.1,117003113.45870025
2025-03-27 00:29:59.628000+00:00,2025-03-27 00:15:00+00:00,continuous,86859.2,87092.5,86752.3,87088.8,98821210.14319979
2025-03-27 00:44:59.645000+00:00,2025-03-27 00:30:00+00:00,continuous,87088.8,87217.5,86999.7,87058.1,148553149.81390017
2025-03-27 00:59:59.831000+00:00,2025-03-27 00:45:00+00:00,continuous,87058.1,87269.8,87046.6,87239.0,137312101.49800035
2025-03-27 01:14:59.917000+00:00,2025-03-27 01:00:00+00:00,continuous,87239.0,87383.8,87186.3,87236.3,157699203.55390048
2025-03-27 01:29:59.925000+00:00,2025-03-27 01:15:00+00:00,continuous,87236.4,87349.9,87130.0,87307.1,81617611.89480014
2025-03-27 01:44:59.641000+00:00,2025-03-27 01:30:00+00:00,continuous,87307.0,87325.4,87132.2,87250.0,61462855.97809999
2025-03-27 01:59:59.742000+00:00,2025-03-27 01:45:00+00:00,continuous,87249.9,87472.1,87194.3,87334.8,125610195.58229959
2025-03-27 02:14:59.808000+00:00,2025-03-27 02:00:00+00:00,continuous,87334.7,87552.7,87287.1,87475.6,145314704.92380005
2025-03-27 02:29:59.976000+00:00,2025-03-27 02:15:00+00:00,continuous,87475.7,87649.9,87431.0,87548.8,123462081.61419976
2025-03-27 02:44:59.687000+00:00,2025-03-27 02:30:00+00:00,continuous,87548.7,87641.9,87466.1,87640.0,68536671.28070012
2025-03-27 02:59:59.690000+00:00,2025-03-27 02:45:00+00:00,continuous,87640.0,87722.4,87506.9,87530.0,114562146.30079982
2025-03-27 03:14:59.782000+00:00,2025-03-27 03:00:00+00:00,continuous,87530.1,87629.3,87433.3,87534.6,70738585.06739983
2025-03-27 03:29:59.907000+00:00,2025-03-27 03:15:00+00:00,continuous,87534.6,87537.4,87389.7,87512.6,66938204.85919984
2025-03-27 03:44:58.280000+00:00,2025-03-27 03:30:00+00:00,continuous,87512.7,87640.0,87500.0,87564.4,62940438.40069992
2025-03-27 03:59:59.764000+00:00,2025-03-27 03:45:00+00:00,continuous,87564.4,87644.8,87551.7,87631.1,48395522.285100035
2025-03-27 04:14:59.550000+00:00,2025-03-27 04:00:00+00:00,continuous,87631.2,87654.2,87394.0,87455.0,106313237.79480004
2025-03-27 04:29:59.455000+00:00,2025-03-27 04:15:00+00:00,continuous,87454.9,87564.2,87405.5,87540.7,54421203.56920009
2025-03-27 04:44:59.829000+00:00,2025-03-27 04:30:00+00:00,continuous,87540.7,87573.3,87370.0,87439.1,62584664.016899824
2025-03-27 04:59:58.139000+00:00,2025-03-27 04:45:00+00:00,continuous,87439.1,87497.0,87418.7,87482.4,30405449.220799748
2025-03-27 05:14:59.984000+00:00,2025-03-27 05:00:00+00:00,continuous,87482.5,87482.5,87386.7,87439.9,68249862.15750013
2025-03-27 05:29:59.647000+00:00,2025-03-27 05:15:00+00:00,continuous,87439.9,87474.5,87316.6,87407.5,58282256.12140006
2025-03-27 05:44:59.902000+00:00,2025-03-27 05:30:00+00:00,continuous,87407.5,87407.6,87313.1,87319.4,49553843.133399986
2025-03-27 05:59:59.669000+00:00,2025-03-27 05:45:00+00:00,continuous,87319.4,87363.3,87227.2,87277.7,87227546.60509999
2025-03-27 06:14:59.471000+00:00,2025-03-27 06:00:00+00:00,continuous,87277.7,87424.4,87250.3,87424.3,65896585.55559992
2025-03-27 06:29:59.746000+00:00,2025-03-27 06:15:00+00:00,continuous,87424.4,87491.2,87366.0,87452.4,68143498.35999992
2025-03-27 06:44:59.680000+00:00,2025-03-27 06:30:00+00:00,continuous,87452.4,87505.8,87375.0,87375.1,54205194.28300028
2025-03-27 06:59:59.916000+00:00,2025-03-27 06:45:00+00:00,continuous,87375.1,87387.4,87240.4,87312.3,50218998.86549999
2025-03-27 07:14:59.974000+00:00,2025-03-27 07:00:00+00:00,continuous,87312.4,87349.1,87210.0,87311.8,52023512.28840036
2025-03-27 07:29:59.841000+00:00,2025-03-27 07:15:00+00:00,continuous,87311.7,87364.3,87228.0,87293.0,35510449.81580002
2025-03-27 07:44:59.733000+00:00,2025-03-27 07:30:00+00:00,continuous,87293.0,87402.0,87234.4,87260.2,55480332.48169965
2025-03-27 07:59:59.738000+00:00,2025-03-27 07:45:00+00:00,continuous,87260.2,87365.7,87247.0,87363.2,32863923.714199994
2025-03-27 08:14:58.683000+00:00,2025-03-27 08:00:00+00:00,continuous,87363.1,87460.0,87220.0,87320.0,85756067.1504004
2025-03-27 08:29:59.858000+00:00,2025-03-27 08:15:00+00:00,continuous,87320.0,87427.6,87275.4,87370.0,40933512.47279995
2025-03-27 08:44:59.414000+00:00,2025-03-27 08:30:00+00:00,continuous,87369.9,87562.4,87369.9,87443.2,135922973.25529978
2025-03-27 08:59:59.839000+00:00,2025-03-27 08:45:00+00:00,continuous,87443.2,87449.5,87249.7,87396.1,92779145.23160031
2025-03-27 09:14:59.246000+00:00,2025-03-27 09:00:00+00:00,continuous,87396.2,87470.0,87360.3,87430.0,89603347.53199999
2025-03-27 09:29:59.835000+00:00,2025-03-27 09:15:00+00:00,continuous,87430.0,87480.0,87376.0,87410.8,57703183.689800024
2025-03-27 09:44:59.391000+00:00,2025-03-27 09:30:00+00:00,continuous,87410.8,87496.5,87377.1,87416.1,65100887.23469996
2025-03-27 09:59:59.199000+00:00,2025-03-27 09:45:00+00:00,continuous,87416.1,87470.0,87324.6,87369.3,97524879.2470995
2025-03-27 10:14:58.489000+00:00,2025-03-27 10:00:00+00:00,continuous,87369.4,87556.5,87355.3,87430.3,116344302.22769997
2025-03-27 10:29:59.437000+00:00,2025-03-27 10:15:00+00:00,continuous,87430.3,87492.8,87382.3,87459.3,47232531.432000235
2025-03-27 10:44:59.719000+00:00,2025-03-27 10:30:00+00:00,continuous,87459.3,87509.7,87370.7,87370.7,54638528.728099756
2025-03-27 10:59:59.914000+00:00,2025-03-27 10:45:00+00:00,continuous,87370.8,87370.8,87065.3,87146.5,200891970.070499
2025-03-27 11:14:59.941000+00:00,2025-03-27 11:00:00+00:00,continuous,87146.4,87274.2,87100.0,87131.0,75469815.72480032
2025-03-27 11:29:59.981000+00:00,2025-03-27 11:15:00+00:00,continuous,87131.0,87197.0,86862.8,86904.0,229305842.71840078
2025-03-27 11:44:59.893000+00:00,2025-03-27 11:30:00+00:00,continuous,86904.1,87053.1,86816.4,86865.6,192708447.25769928
2025-03-27 11:59:59.760000+00:00,2025-03-27 11:45:00+00:00,continuous,86865.6,86947.5,86741.5,86900.7,172480059.0620988
2025-03-27 12:14:59.969000+00:00,2025-03-27 12:00:00+00:00,continuous,86900.7,87000.9,86731.9,86963.5,217547703.99390024
2025-03-27 12:29:59.822000+00:00,2025-03-27 12:15:00+00:00,continuous,86963.5,87025.0,86850.8,86923.3,170346399.73319873
2025-03-27 12:44:59.966000+00:00,2025-03-27 12:30:00+00:00,continuous,86923.3,87081.4,86815.0,86853.3,196986150.9471005
2025-03-27 12:59:59.934000+00:00,2025-03-27 12:45:00+00:00,continuous,86853.3,86890.8,86678.7,86717.0,158976645.28689963
2025-03-27 13:14:59.989000+00:00,2025-03-27 13:00:00+00:00,continuous,86717.0,86820.0,86573.9,86604.1,159560031.3953003
2025-03-27 13:29:59.824000+00:00,2025-03-27 13:15:00+00:00,continuous,86604.0,86673.3,86120.0,86288.1,659996635.2852007
2025-03-27 13:44:59.938000+00:00,2025-03-27 13:30:00+00:00,continuous,86284.6,86466.5,85724.5,85967.1,1063817934.563113
2025-03-27 13:59:59.923000+00:00,2025-03-27 13:45:00+00:00,continuous,85967.1,86450.6,85855.6,86338.4,694021394.1593025
2025-03-27 14:14:59.980000+00:00,2025-03-27 14:00:00+00:00,continuous,86338.5,86723.6,86144.0,86402.3,678198772.6563088
2025-03-27 14:29:59.854000+00:00,2025-03-27 14:15:00+00:00,continuous,86402.4,86608.4,86325.0,86582.9,196233893.93459976
2025-03-27 14:44:59.979000+00:00,2025-03-27 14:30:00+00:00,continuous,86583.0,87164.5,86469.2,86996.2,594410166.280801
2025-03-27 14:59:59.909000+00:00,2025-03-27 14:45:00+00:00,continuous,86996.1,87267.6,86817.3,87240.0,386921146.1285987
2025-03-27 15:14:59.948000+00:00,2025-03-27 15:00:00+00:00,continuous,87240.0,87365.8,87069.3,87335.3,308484313.1291999
2025-03-27 15:29:59.945000+00:00,2025-03-27 15:15:00+00:00,continuous,87335.3,87528.0,87222.0,87222.1,379717020.2775999
2025-03-27 15:44:59.994000+00:00,2025-03-27 15:30:00+00:00,continuous,87222.1,87222.1,86806.1,86829.5,454806871.20129764
2025-03-27 15:59:59.963000+00:00,2025-03-27 15:45:00+00:00,continuous,86829.5,87046.3,86713.6,86931.2,357648096.11030084
2025-03-27 16:14:59.768000+00:00,2025-03-27 16:00:00+00:00,continuous,86931.2,87175.7,86867.4,87044.0,182074635.96180007
2025-03-27 16:29:59.992000+00:00,2025-03-27 16:15:00+00:00,continuous,87043.9,87235.5,86968.0,86971.2,125796545.83840048
2025-03-27 16:44:59.934000+00:00,2025-03-27 16:30:00+00:00,continuous,86971.1,87115.0,86930.8,87105.6,112335685.18979992
2025-03-27 16:59:59.809000+00:00,2025-03-27 16:45:00+00:00,continuous,87105.7,87129.3,86747.8,86792.1,235747267.8783993
2025-03-27 17:14:59.758000+00:00,2025-03-27 17:00:00+00:00,continuous,86792.1,86991.0,86791.0,86920.1,176829128.93569958
2025-03-27 17:29:59.855000+00:00,2025-03-27 17:15:00+00:00,continuous,86920.1,87031.8,86811.7,86821.5,106539255.96270011
2025-03-27 17:44:59.785000+00:00,2025-03-27 17:30:00+00:00,continuous,86821.5,86938.9,86738.0,86928.6,142311112.5016999
2025-03-27 17:59:59.476000+00:00,2025-03-27 17:45:00+00:00,continuous,86928.6,87113.3,86855.4,86855.4,141247782.668499
2025-03-27 18:14:59.802000+00:00,2025-03-27 18:00:00+00:00,continuous,86855.4,87094.9,86823.0,87080.0,79629270.04150017
2025-03-27 18:29:59.691000+00:00,2025-03-27 18:15:00+00:00,continuous,87080.0,87110.0,86910.0,87008.8,70266803.20089978
2025-03-27 18:44:59.789000+00:00,2025-03-27 18:30:00+00:00,continuous,87008.7,87342.1,86975.0,87290.5,160419608.35929978
2025-03-27 18:59:59.638000+00:00,2025-03-27 18:45:00+00:00,continuous,87290.4,87378.0,87157.1,87157.1,101818749.68140009
2025-03-27 19:14:59.839000+00:00,2025-03-27 19:00:00+00:00,continuous,87157.0,87315.0,87081.0,87305.1,89618218.51810043
2025-03-27 19:29:59.366000+00:00,2025-03-27 19:15:00+00:00,continuous,87305.2,87380.6,87207.6,87312.6,71556610.56520012
2025-03-27 19:44:58.511000+00:00,2025-03-27 19:30:00+00:00,continuous,87312.5,87355.0,87229.6,87260.1,71541489.31330001
2025-03-27 19:59:59.994000+00:00,2025-03-27 19:45:00+00:00,continuous,87260.1,87269.9,86974.2,87025.8,137857027.03909945
2025-03-27 20:14:59.972000+00:00,2025-03-27 20:00:00+00:00,continuous,87025.9,87051.7,86906.3,86915.4,76578999.39009978
2025-03-27 20:29:59.348000+00:00,2025-03-27 20:15:00+00:00,continuous,86915.5,87250.1,86892.0,87165.8,169219379.3841996
2025-03-27 20:44:59.728000+00:00,2025-03-27 20:30:00+00:00,continuous,87165.8,87277.6,87129.7,87273.9,60047866.684299774
2025-03-27 20:59:59.883000+00:00,2025-03-27 20:45:00+00:00,continuous,87273.9,87304.2,87205.7,87268.2,49304312.49299981
2025-03-27 21:14:59.740000+00:00,2025-03-27 21:00:00+00:00,continuous,87268.3,87314.2,87190.7,87244.1,40329923.272000104
2025-03-27 21:29:59.924000+00:00,2025-03-27 21:15:00+00:00,continuous,87244.2,87420.0,87232.0,87333.4,64667110.201900154
2025-03-27 21:44:59.938000+00:00,2025-03-27 21:30:00+00:00,continuous,87333.5,87695.9,87327.3,87585.5,274384216.78239906
2025-03-27 21:59:59.326000+00:00,2025-03-27 21:45:00+00:00,continuous,87585.6,87600.0,87432.0,87522.2,45715261.391800195
2025-03-27 22:14:58.545000+00:00,2025-03-27 22:00:00+00:00,continuous,87522.2,87560.0,87362.5,87367.9,58310450.51799966
2025-03-27 22:29:59.323000+00:00,2025-03-27 22:15:00+00:00,continuous,87367.9,87448.0,87310.7,87345.0,36347581.39170003
2025-03-27 22:44:59.547000+00:00,2025-03-27 22:30:00+00:00,continuous,87344.9,87386.6,87281.0,87306.1,41659695.765100084
2025-03-27 22:59:59.836000+00:00,2025-03-27 22:45:00+00:00,continuous,87306.1,87398.6,87269.7,87300.9,49685912.67510029
2025-03-27 23:14:59.897000+00:00,2025-03-27 23:00:00+00:00,continuous,87301.0,87326.2,87098.3,87150.1,90940457.84129997
2025-03-27 23:29:59.768000+00:00,2025-03-27 23:15:00+00:00,continuous,87150.0,87256.1,87137.0,87252.2,44795253.722399935
2025-03-27 23:44:59.870000+00:00,2025-03-27 23:30:00+00:00,continuous,87252.1,87303.6,87067.6,87107.0,65921063.97689991
2025-03-27 23:59:59.983000+00:00,2025-03-27 23:45:00+00:00,continuous,87107.0,87223.5,87080.5,87191.2,44234646.06690002
2025-03-28 00:14:59.590000+00:00,2025-03-28 00:00:00+00:00,continuous,87191.2,87209.3,86989.7,87029.0,87849647.82169996
2025-03-28 00:29:59.960000+00:00,2025-03-28 00:15:00+00:00,continuous,87029.0,87088.2,86921.4,86928.0,88211737.9028999
2025-03-28 00:44:59.929000+00:00,2025-03-28 00:30:00+00:00,continuous,86928.1,87175.2,86853.5,87175.2,155640758.80009902
2025-03-28 00:59:59.969000+00:00,2025-03-28 00:45:00+00:00,continuous,87175.2,87364.2,87107.1,87307.4,102710216.84850027
2025-03-28 01:14:59.971000+00:00,2025-03-28 01:00:00+00:00,continuous,87307.5,87334.9,87109.6,87112.3,98323938.85140024
2025-03-28 01:29:59.821000+00:00,2025-03-28 01:15:00+00:00,continuous,87112.3,87177.9,87067.6,87125.4,53916860.65490009
2025-03-28 01:44:59.802000+00:00,2025-03-28 01:30:00+00:00,continuous,87125.5,87470.0,87075.9,87465.3,152968579.9991995
2025-03-28 01:59:59.877000+00:00,2025-03-28 01:45:00+00:00,continuous,87465.2,87465.2,87167.1,87196.0,62814920.64230027
2025-03-28 02:14:59.834000+00:00,2025-03-28 02:00:00+00:00,continuous,87196.0,87275.9,87115.2,87191.1,51109136.63589998
2025-03-28 02:29:59.328000+00:00,2025-03-28 02:15:00+00:00,continuous,87191.0,87293.6,87191.0,87214.2,45241822.874099955
2025-03-28 02:44:59.687000+00:00,2025-03-28 02:30:00+00:00,continuous,87214.2,87214.2,87001.4,87049.9,115605712.79279968
2025-03-28 02:59:59.727000+00:00,2025-03-28 02:45:00+00:00,continuous,87049.9,87123.1,86912.1,86955.1,150643031.86800042
2025-03-28 03:14:59.923000+00:00,2025-03-28 03:00:00+00:00,continuous,86955.1,86979.5,86720.0,86820.2,179376579.58839917
2025-03-28 03:29:59.758000+00:00,2025-03-28 03:15:00+00:00,continuous,86820.2,86897.5,86705.9,86752.3,145540567.52739975
2025-03-28 03:44:59.776000+00:00,2025-03-28 03:30:00+00:00,continuous,86752.2,86843.0,86751.7,86797.7,116326660.5046994
2025-03-28 03:59:59.940000+00:00,2025-03-28 03:45:00+00:00,continuous,86797.6,86818.8,86694.5,86746.8,85658490.3174998
2025-03-28 04:14:59.850000+00:00,2025-03-28 04:00:00+00:00,continuous,86746.8,86792.8,86716.1,86733.1,49790512.9522001
2025-03-28 04:29:59.994000+00:00,2025-03-28 04:15:00+00:00,continuous,86733.0,86740.0,86625.1,86661.0,100292755.07509963
2025-03-28 04:44:59.970000+00:00,2025-03-28 04:30:00+00:00,continuous,86660.0,86660.0,86021.0,86201.1,555931944.7476015
2025-03-28 04:59:59.936000+00:00,2025-03-28 04:45:00+00:00,continuous,86201.0,86321.8,85891.9,86248.5,523230039.6372031
2025-03-28 05:14:59.877000+00:00,2025-03-28 05:00:00+00:00,continuous,86248.5,86248.5,85993.2,86032.2,231974211.78669867
2025-03-28 05:29:59.997000+00:00,2025-03-28 05:15:00+00:00,continuous,86032.2,86159.9,85906.7,85933.9,159262510.08010086
2025-03-28 05:44:59.999000+00:00,2025-03-28 05:30:00+00:00,continuous,85934.0,86022.5,85778.0,85861.1,254449806.8857995
2025-03-28 05:59:59.986000+00:00,2025-03-28 05:45:00+00:00,continuous,85861.0,86181.6,85777.0,86007.3,282060023.9706994
2025-03-28 06:14:59.400000+00:00,2025-03-28 06:00:00+00:00,continuous,86007.2,86217.4,85938.6,86175.8,183084108.4256011
2025-03-28 06:29:59.869000+00:00,2025-03-28 06:15:00+00:00,continuous,86175.8,86185.4,85873.6,85970.0,115422313.71280065
2025-03-28 06:44:59.777000+00:00,2025-03-28 06:30:00+00:00,continuous,85970.0,85986.6,85798.0,85814.4,186915228.49240044
2025-03-28 06:59:59.983000+00:00,2025-03-28 06:45:00+00:00,continuous,85814.5,85934.5,85612.2,85680.1,311282797.4036986
2025-03-28 07:14:59.827000+00:00,2025-03-28 07:00:00+00:00,continuous,85681.1,85851.5,85569.6,85676.9,203582003.19559917
2025-03-28 07:29:59.762000+00:00,2025-03-28 07:15:00+00:00,continuous,85677.0,85783.3,85529.6,85574.9,170102564.65429983
2025-03-28 07:44:59.994000+00:00,2025-03-28 07:30:00+00:00,continuous,85574.8,85598.8,85176.9,85221.4,679744301.8244997
2025-03-28 07:59:59.821000+00:00,2025-03-28 07:45:00+00:00,continuous,85221.5,85335.1,85121.1,85175.1,340624366.8524022
2025-03-28 08:14:59.954000+00:00,2025-03-28 08:00:00+00:00,continuous,85175.1,85409.5,85129.7,85252.6,294501571.01799977
2025-03-28 08:29:59.980000+00:00,2025-03-28 08:15:00+00:00,continuous,85252.5,85350.4,85030.8,85051.2,291184640.65600026
2025-03-28 08:44:59.999000+00:00,2025-03-28 08:30:00+00:00,continuous,85051.1,85180.5,85018.0,85138.3,201415460.0712007
2025-03-28 08:59:59.698000+00:00,2025-03-28 08:45:00+00:00,continuous,85138.4,85377.0,85130.0,85180.0,188221848.22839966
2025-03-28 09:14:59.949000+00:00,2025-03-28 09:00:00+00:00,continuous,85180.1,85218.3,85014.8,85024.5,187722037.06699958
2025-03-28 09:29:59.912000+00:00,2025-03-28 09:15:00+00:00,continuous,85024.4,85300.9,84962.7,85290.1,321763304.0314001
2025-03-28 09:44:59.954000+00:00,2025-03-28 09:30:00+00:00,continuous,85290.0,85388.5,85162.0,85179.7,156403827.9208995
2025-03-28 09:59:59.537000+00:00,2025-03-28 09:45:00+00:00,continuous,85179.6,85183.6,85024.9,85118.9,108104456.72140013
2025-03-28 10:14:59.973000+00:00,2025-03-28 10:00:00+00:00,continuous,85118.9,85220.0,84964.9,85139.2,192926253.44250035
2025-03-28 10:29:59.972000+00:00,2025-03-28 10:15:00+00:00,continuous,85139.3,85215.0,85058.4,85204.3,99121850.93090045
2025-03-28 10:44:59.324000+00:00,2025-03-28 10:30:00+00:00,continuous,85204.3,85204.3,85064.4,85091.5,58464203.409500025
2025-03-28 10:59:59.968000+00:00,2025-03-28 10:45:00+00:00,continuous,85091.6,85091.6,84850.0,84916.3,204762214.75560024
2025-03-28 11:14:59.991000+00:00,2025-03-28 11:00:00+00:00,continuous,84916.4,84997.0,84782.6,84787.6,190576209.00760034
2025-03-28 11:29:59.881000+00:00,2025-03-28 11:15:00+00:00,continuous,84787.5,85190.8,84767.0,85065.0,324924698.6154008
2025-03-28 11:44:59.219000+00:00,2025-03-28 11:30:00+00:00,continuous,85065.0,85177.8,84882.1,85020.1,132937277.26560022
2025-03-28 11:59:59.837000+00:00,2025-03-28 11:45:00+00:00,continuous,85020.2,85244.9,84970.0,85214.0,137730404.74900052
2025-03-28 12:14:59.822000+00:00,2025-03-28 12:00:00+00:00,continuous,85214.0,85246.9,85100.0,85134.9,95188091.9564
2025-03-28 12:29:59.993000+00:00,2025-03-28 12:15:00+00:00,continuous,85134.9,85404.9,85066.2,85338.2,201314567.64180094
2025-03-28 12:44:59.932000+00:00,2025-03-28 12:30:00+00:00,continuous,85338.1,85575.0,84844.4,85078.5,612833268.3434952
2025-03-28 12:59:59.898000+00:00,2025-03-28 12:45:00+00:00,continuous,85078.5,85210.9,84951.7,84997.5,177368944.08809915
2025-03-28 13:14:59.904000+00:00,2025-03-28 13:00:00+00:00,continuous,84997.5,85315.0,84929.4,85314.9,228955965.75240156
2025-03-28 13:29:59.905000+00:00,2025-03-28 13:15:00+00:00,continuous,85314.9,85509.0,85230.0,85294.6,334995613.8836988
2025-03-28 13:44:59.664000+00:00,2025-03-28 13:30:00+00:00,continuous,85294.6,85530.0,85082.0,85257.8,330951217.43790394
2025-03-28 13:59:59.818000+00:00,2025-03-28 13:45:00+00:00,continuous,85257.8,85279.0,84850.0,84959.9,321299727.4843963
2025-03-28 14:14:59.878000+00:00,2025-03-28 14:00:00+00:00,continuous,84960.0,85084.0,84299.0,84417.6,857676949.5053899
2025-03-28 14:29:59.937000+00:00,2025-03-28 14:15:00+00:00,continuous,84417.6,84621.6,84258.0,84332.8,475569004.5078015
2025-03-28 14:44:59.794000+00:00,2025-03-28 14:30:00+00:00,continuous,84332.8,84447.1,84148.1,84378.0,399793671.7488998
2025-03-28 14:59:59.942000+00:00,2025-03-28 14:45:00+00:00,continuous,84378.0,84390.5,84120.2,84133.9,290050424.6698025
2025-03-28 15:14:59.884000+00:00,2025-03-28 15:00:00+00:00,continuous,84134.0,84339.8,83915.6,84280.8,556172719.4653994
2025-03-28 15:29:59.981000+00:00,2025-03-28 15:15:00+00:00,continuous,84280.9,84366.9,84027.9,84212.0,214182793.24870166
2025-03-28 15:44:59.986000+00:00,2025-03-28 15:30:00+00:00,continuous,84212.0,84498.0,84160.0,84256.8,223930253.25720078
2025-03-28 15:59:59.971000+00:00,2025-03-28 15:45:00+00:00,continuous,84256.9,84368.6,84000.0,84011.1,317161261.72880167
2025-03-28 16:14:59.962000+00:00,2025-03-28 16:00:00+00:00,continuous,84011.0,84190.0,83850.8,83857.1,319801514.9499981
2025-03-28 16:29:59.989000+00:00,2025-03-28 16:15:00+00:00,continuous,83857.0,83999.0,83628.7,83895.1,461000502.6093972
2025-03-28 16:44:59.708000+00:00,2025-03-28 16:30:00+00:00,continuous,83895.0,84008.5,83818.5,83878.0,138280323.54440108
2025-03-28 16:59:59.990000+00:00,2025-03-28 16:45:00+00:00,continuous,83878.1,83925.0,83715.3,83756.7,157266270.77780038
2025-03-28 17:14:59.853000+00:00,2025-03-28 17:00:00+00:00,continuous,83756.3,83873.4,83531.7,83629.1,225698210.30999997
2025-03-28 17:29:59.925000+00:00,2025-03-28 17:15:00+00:00,continuous,83629.1,83930.0,83584.2,83726.1,191163762.3417984
2025-03-28 17:44:59.954000+00:00,2025-03-28 17:30:00+00:00,continuous,83726.1,83906.7,83633.9,83708.9,184332695.62359935
2025-03-28 17:59:59.970000+00:00,2025-03-28 17:45:00+00:00,continuous,83708.8,83978.0,83672.1,83972.8,123220376.6904006
2025-03-28 18:14:59.953000+00:00,2025-03-28 18:00:00+00:00,continuous,83972.7,84128.5,83923.8,84049.4,300604518.44590133
2025-03-28 18:29:59.903000+00:00,2025-03-28 18:15:00+00:00,continuous,84049.4,84126.4,83750.0,83787.9,131109644.87680025
2025-03-28 18:44:59.977000+00:00,2025-03-28 18:30:00+00:00,continuous,83787.9,83927.5,83706.8,83798.5,74694302.03480008
2025-03-28 18:59:59.643000+00:00,2025-03-28 18:45:00+00:00,continuous,83798.4,83867.9,83677.7,83847.3,77187986.23739982
2025-03-28 19:14:59.693000+00:00,2025-03-28 19:00:00+00:00,continuous,83847.3,83868.7,83643.5,83737.8,85700139.42460008
2025-03-28 19:29:59.878000+00:00,2025-03-28 19:15:00+00:00,continuous,83737.7,83770.2,83600.0,83761.7,89534774.13889998
2025-03-28 19:44:59.512000+00:00,2025-03-28 19:30:00+00:00,continuous,83761.6,83777.5,83605.0,83642.9,71932713.68220021
2025-03-28 19:59:59.611000+00:00,2025-03-28 19:45:00+00:00,continuous,83643.0,83866.3,83616.4,83760.7,131729957.07820027
2025-03-28 20:14:59.913000+00:00,2025-03-28 20:00:00+00:00,continuous,83760.7,83919.2,83700.0,83805.4,109167828.58969992
2025-03-28 20:29:59.830000+00:00,2025-03-28 20:15:00+00:00,continuous,83805.4,83968.8,83800.0,83866.6,79870042.01929997
2025-03-28 20:44:59.934000+00:00,2025-03-28 20:30:00+00:00,continuous,83866.5,84142.9,83840.4,84027.6,132154546.67479987
2025-03-28 20:59:59.796000+00:00,2025-03-28 20:45:00+00:00,continuous,84027.6,84047.8,83671.0,83769.3,96029294.4013
2025-03-28 21:14:59.622000+00:00,2025-03-28 21:00:00+00:00,continuous,83769.3,83988.9,83659.6,83947.8,84594147.25110026
2025-03-28 21:29:59.760000+00:00,2025-03-28 21:15:00+00:00,continuous,83947.8,84045.5,83773.5,83973.3,50263057.93959994
2025-03-28 21:44:59.857000+00:00,2025-03-28 21:30:00+00:00,continuous,83973.3,84077.0,83908.8,83999.5,62405787.19809998
2025-03-28 21:59:59.640000+00:00,2025-03-28 21:45:00+00:00,continuous,83999.5,84025.0,83802.1,84019.5,39472965.16980012
2025-03-28 22:14:59.992000+00:00,2025-03-28 22:00:00+00:00,continuous,84019.5,84231.3,84019.5,84187.0,113092998.33219992
2025-03-28 22:29:59.920000+00:00,2025-03-28 22:15:00+00:00,continuous,84186.9,84231.5,84092.6,84201.0,78363008.54920015
2025-03-28 22:44:59.635000+00:00,2025-03-28 22:30:00+00:00,continuous,84200.9,84303.2,84194.6,84267.1,96622983.40260094
2025-03-28 22:59:59.992000+00:00,2025-03-28 22:45:00+00:00,continuous,84267.1,84449.0,84267.1,84443.4,82070386.5385997
2025-03-28 23:14:59.644000+00:00,2025-03-28 23:00:00+00:00,continuous,84443.4,84499.5,84236.4,84266.4,188540449.6790996
2025-03-28 23:29:59.724000+00:00,2025-03-28 23:15:00+00:00,continuous,84266.4,84338.9,84160.8,84202.0,67964211.52050008
2025-03-28 23:44:59.753000+00:00,2025-03-28 23:30:00+00:00,continuous,84202.0,84386.8,84154.8,84337.3,56854142.50830008
2025-03-28 23:59:59.758000+00:00,2025-03-28 23:45:00+00:00,continuous,84337.4,84381.5,84307.3,84380.8,37394865.812100105
2025-03-29 00:14:59.628000+00:00,2025-03-29 00:00:00+00:00,continuous,84380.8,84434.3,84311.3,84434.3,65092238.32500009
2025-03-29 00:29:59.903000+00:00,2025-03-29 00:15:00+00:00,continuous,84434.3,84545.3,84388.0,84487.3,84250465.51710007
2025-03-29 00:44:59.702000+00:00,2025-03-29 00:30:00+00:00,continuous,84487.3,84589.7,84430.0,84524.5,95713062.66089977
2025-03-29 00:59:59.635000+00:00,2025-03-29 00:45:00+00:00,continuous,84524.5,84529.4,84308.5,84352.7,73768231.49840023
2025-03-29 01:14:59.327000+00:00,2025-03-29 01:00:00+00:00,continuous,84352.8,84459.9,84327.9,84439.9,52313932.428100176
2025-03-29 01:29:59.888000+00:00,2025-03-29 01:15:00+00:00,continuous,84440.0,84440.0,84167.8,84197.0,99224528.23479992
2025-03-29 01:44:59.862000+00:00,2025-03-29 01:30:00+00:00,continuous,84197.1,84378.8,84196.9,84262.0,52880075.84419996
2025-03-29 01:59:59.746000+00:00,2025-03-29 01:45:00+00:00,continuous,84262.0,84309.5,84174.0,84240.0,38040983.84770008
2025-03-29 02:14:59.926000+00:00,2025-03-29 02:00:00+00:00,continuous,84240.1,84391.6,84240.0,84360.9,84185818.3590999
2025-03-29 02:29:59.976000+00:00,2025-03-29 02:15:00+00:00,continuous,84361.0,84373.9,84104.6,84163.5,81107591.9936001
2025-03-29 02:44:59.976000+00:00,2025-03-29 02:30:00+00:00,continuous,84163.6,84252.2,84005.1,84005.3,95418071.47229998
2025-03-29 02:59:59.998000+00:00,2025-03-29 02:45:00+00:00,continuous,84005.2,84123.5,83751.9,83822.1,249320318.83700025
2025-03-29 03:14:59.971000+00:00,2025-03-29 03:00:00+00:00,continuous,83822.0,83953.0,83668.1,83809.0,242371215.8238008
2025-03-29 03:29:59.873000+00:00,2025-03-29 03:15:00+00:00,continuous,83809.0,84050.0,83808.9,84019.9,93644715.21369997
2025-03-29 03:44:58.819000+00:00,2025-03-29 03:30:00+00:00,continuous,84019.9,84183.8,84019.9,84179.9,72284663.4986002
2025-03-29 03:59:59.520000+00:00,2025-03-29 03:45:00+00:00,continuous,84180.0,84227.0,84109.1,84125.7,61849606.06899978
2025-03-29 04:14:59.193000+00:00,2025-03-29 04:00:00+00:00,continuous,84125.8,84222.0,84075.0,84100.0,53652728.823600136
2025-03-29 04:29:59.044000+00:00,2025-03-29 04:15:00+00:00,continuous,84099.9,84100.0,83958.0,84014.2,48117084.08419999
2025-03-29 04:44:59.784000+00:00,2025-03-29 04:30:00+00:00,continuous,84014.2,84068.0,83950.0,83974.1,39824021.52910013
2025-03-29 04:59:59.925000+00:00,2025-03-29 04:45:00+00:00,continuous,83974.1,84041.3,83929.0,84041.2,32713799.28270006
2025-03-29 05:14:59.980000+00:00,2025-03-29 05:00:00+00:00,continuous,84041.3,84062.6,83964.6,84050.3,40695995.096899986
2025-03-29 05:29:59.660000+00:00,2025-03-29 05:15:00+00:00,continuous,84050.3,84055.0,83892.8,83892.8,46099014.764500216
2025-03-29 05:44:59.365000+00:00,2025-03-29 05:30:00+00:00,continuous,83892.8,83920.0,83819.9,83900.1,46546446.75149979
2025-03-29 05:59:59.935000+00:00,2025-03-29 05:45:00+00:00,continuous,83900.1,84000.0,83888.0,83976.5,36524063.9126999
2025-03-29 06:14:59.968000+00:00,2025-03-29 06:00:00+00:00,continuous,83976.4,83980.6,83751.0,83758.4,74946041.66760002
2025-03-29 06:29:59.901000+00:00,2025-03-29 06:15:00+00:00,continuous,83758.4,83789.0,83633.0,83679.0,155891580.67249945
2025-03-29 06:44:59.670000+00:00,2025-03-29 06:30:00+00:00,continuous,83678.9,83833.9,83678.9,83824.4,78607102.07509993
2025-03-29 06:59:59.643000+00:00,2025-03-29 06:45:00+00:00,continuous,83824.5,83833.9,83681.9,83757.4,48270990.06030004
2025-03-29 07:14:59.085000+00:00,2025-03-29 07:00:00+00:00,continuous,83757.4,83795.7,83618.0,83684.8,76919439.83809994
2025-03-29 07:29:59.980000+00:00,2025-03-29 07:15:00+00:00,continuous,83684.9,83826.3,83637.5,83807.6,56641489.16260001
2025-03-29 07:44:59.303000+00:00,2025-03-29 07:30:00+00:00,continuous,83807.5,83858.8,83678.0,83758.6,57043381.46249994
2025-03-29 07:59:59.672000+00:00,2025-03-29 07:45:00+00:00,continuous,83758.7,83804.3,83621.0,83696.0,69915945.9104
2025-03-29 08:14:59.980000+00:00,2025-03-29 08:00:00+00:00,continuous,83696.1,83771.0,83629.0,83755.8,80184196.86340028
2025-03-29 08:29:59.774000+00:00,2025-03-29 08:15:00+00:00,continuous,83755.8,83821.6,83677.0,83775.4,64629054.8236
2025-03-29 08:44:59.827000+00:00,2025-03-29 08:30:00+00:00,continuous,83775.5,83917.5,83765.3,83835.9,88497651.5261
2025-03-29 08:59:59.695000+00:00,2025-03-29 08:45:00+00:00,continuous,83835.8,83911.9,83818.0,83896.3,53267653.75219989
2025-03-29 09:14:59.658000+00:00,2025-03-29 09:00:00+00:00,continuous,83896.2,83917.4,83805.0,83805.0,44849076.4998999
2025-03-29 09:29:59.975000+00:00,2025-03-29 09:15:00+00:00,continuous,83805.1,83825.6,83700.3,83704.4,45403744.44629996
2025-03-29 09:44:59.959000+00:00,2025-03-29 09:30:00+00:00,continuous,83704.5,83755.0,83000.0,83458.5,363990772.25869876
2025-03-29 09:59:59.932000+00:00,2025-03-29 09:45:00+00:00,continuous,83459.5,83608.0,83267.5,83509.2,360646715.99299896
2025-03-29 10:14:59.785000+00:00,2025-03-29 10:00:00+00:00,continuous,83509.2,83509.3,83235.2,83460.0,184184089.81399968
2025-03-29 10:29:59.881000+00:00,2025-03-29 10:15:00+00:00,continuous,83460.0,83524.0,83334.1,83375.9,76888232.76289959
2025-03-29 10:44:59.857000+00:00,2025-03-29 10:30:00+00:00,continuous,83375.8,83375.9,83206.9,83268.3,134406125.2738
2025-03-29 10:59:59.829000+00:00,2025-03-29 10:45:00+00:00,continuous,83268.4,83296.7,82755.4,82889.7,477301540.1140037
2025-03-29 11:14:59.923000+00:00,2025-03-29 11:00:00+00:00,continuous,82889.7,83061.0,82814.8,83056.5,166809671.29169896
2025-03-29 11:29:59.991000+00:00,2025-03-29 11:15:00+00:00,continuous,83056.5,83075.0,82326.2,82467.4,621919424.493196
2025-03-29 11:44:59.972000+00:00,2025-03-29 11:30:00+00:00,continuous,82467.3,82479.6,81971.0,82014.0,552982386.3346012
2025-03-29 11:59:59.881000+00:00,2025-03-29 11:45:00+00:00,continuous,82014.0,82274.6,81963.0,82255.1,299858854.594103
2025-03-29 12:14:59.920000+00:00,2025-03-29 12:00:00+00:00,continuous,82255.1,82390.1,82104.0,82309.2,249820159.5030003
2025-03-29 12:29:59.747000+00:00,2025-03-29 12:15:00+00:00,continuous,82309.2,82483.0,82233.7,82382.0,168116053.9309001
2025-03-29 12:44:59.062000+00:00,2025-03-29 12:30:00+00:00,continuous,82381.9,82440.0,82183.0,82286.0,130011094.04669976
2025-03-29 12:59:59.620000+00:00,2025-03-29 12:45:00+00:00,continuous,82286.1,82425.9,82250.1,82417.3,88014643.30110042
2025-03-29 13:14:59.895000+00:00,2025-03-29 13:00:00+00:00,continuous,82417.4,82639.2,82403.9,82611.0,208967082.58810133
2025-03-29 13:29:59.872000+00:00,2025-03-29 13:15:00+00:00,continuous,82611.0,82768.6,82543.3,82648.7,157337678.6198997
2025-03-29 13:44:59.862000+00:00,2025-03-29 13:30:00+00:00,continuous,82648.8,82675.4,82506.8,82566.6,94921011.47690009
2025-03-29 13:59:59.942000+00:00,2025-03-29 13:45:00+00:00,continuous,82566.6,82824.3,82553.9,82808.7,112785262.93429989
2025-03-29 14:14:59.929000+00:00,2025-03-29 14:00:00+00:00,continuous,82808.8,82839.9,82618.0,82696.1,109039400.6966001
2025-03-29 14:29:59.961000+00:00,2025-03-29 14:15:00+00:00,continuous,82696.2,82734.7,82412.9,82500.1,162720131.46020025
2025-03-29 14:44:59.772000+00:00,2025-03-29 14:30:00+00:00,continuous,82500.0,82698.0,82464.9,82630.2,74658242.12200007
2025-03-29 14:59:59.960000+00:00,2025-03-29 14:45:00+00:00,continuous,82630.3,82646.9,82464.5,82464.5,75180302.71089987
2025-03-29 15:14:59.610000+00:00,2025-03-29 15:00:00+00:00,continuous,82464.6,82543.8,82434.2,82501.1,53248978.85759976
2025-03-29 15:29:59.594000+00:00,2025-03-29 15:15:00+00:00,continuous,82501.1,82588.7,82450.0,82501.9,39393938.94119998
2025-03-29 15:44:59.948000+00:00,2025-03-29 15:30:00+00:00,continuous,82502.0,82525.0,82353.6,82372.0,78937000.77869992
2025-03-29 15:59:59.989000+00:00,2025-03-29 15:45:00+00:00,continuous,82372.0,82452.6,82344.9,82377.3,44312440.16019996
2025-03-29 16:14:59.869000+00:00,2025-03-29 16:00:00+00:00,continuous,82377.2,82647.1,82377.2,82622.0,108417724.07239984
2025-03-29 16:29:59.954000+00:00,2025-03-29 16:15:00+00:00,continuous,82622.0,82624.9,82357.6,82375.0,80013826.94899997
2025-03-29 16:44:59.955000+00:00,2025-03-29 16:30:00+00:00,continuous,82375.0,82460.6,82280.9,82290.6,63760729.7094004
2025-03-29 16:59:59.774000+00:00,2025-03-29 16:45:00+00:00,continuous,82290.6,82335.4,82131.2,82164.4,227626872.59530067
2025-03-29 17:14:59.963000+00:00,2025-03-29 17:00:00+00:00,continuous,82164.3,82230.0,81822.2,81865.9,305440980.4165969
2025-03-29 17:29:59.936000+00:00,2025-03-29 17:15:00+00:00,continuous,81865.8,82179.1,81601.0,82152.5,488069718.91330194
2025-03-29 17:44:59.983000+00:00,2025-03-29 17:30:00+00:00,continuous,82152.6,82583.3,82083.3,82102.2,320088880.82750136
2025-03-29 17:59:59.536000+00:00,2025-03-29 17:45:00+00:00,continuous,82102.3,82363.3,82032.1,82293.3,138709225.34849995
2025-03-29 18:14:59.879000+00:00,2025-03-29 18:00:00+00:00,continuous,82293.4,82416.3,82170.7,82381.8,99502070.27180015
2025-03-29 18:29:59.625000+00:00,2025-03-29 18:15:00+00:00,continuous,82381.8,82470.0,82304.1,82444.1,51325555.52859988
2025-03-29 18:44:59.939000+00:00,2025-03-29 18:30:00+00:00,continuous,82444.1,82555.2,82399.1,82499.7,98603701.4390002
2025-03-29 18:59:59.725000+00:00,2025-03-29 18:45:00+00:00,continuous,82499.8,82640.0,82293.3,82307.4,97115116.24539943
2025-03-29 19:14:59.397000+00:00,2025-03-29 19:00:00+00:00,continuous,82307.5,82540.7,82211.5,82386.6,102319672.1434
2025-03-29 19:29:59.906000+00:00,2025-03-29 19:15:00+00:00,continuous,82386.6,82386.6,82184.0,82259.1,59780476.20200028
2025-03-29 19:44:59.280000+00:00,2025-03-29 19:30:00+00:00,continuous,82259.1,82364.7,82165.1,82307.8,39066287.373600096
2025-03-29 19:59:59.903000+00:00,2025-03-29 19:45:00+00:00,continuous,82307.8,82737.6,82232.0,82722.9,143219665.42440024
2025-03-29 20:14:59.367000+00:00,2025-03-29 20:00:00+00:00,continuous,82722.9,82723.0,82440.0,82515.0,134163157.83789955
2025-03-29 20:29:59.243000+00:00,2025-03-29 20:15:00+00:00,continuous,82515.0,82654.8,82464.5,82614.4,39167801.74510011
2025-03-29 20:44:59.839000+00:00,2025-03-29 20:30:00+00:00,continuous,82614.3,82759.4,82522.6,82528.5,97030537.75530006
2025-03-29 20:59:59.929000+00:00,2025-03-29 20:45:00+00:00,continuous,82528.5,82555.5,82375.3,82466.7,64034123.73269998
2025-03-29 21:14:59.485000+00:00,2025-03-29 21:00:00+00:00,continuous,82466.6,82602.1,82375.3,82562.5,50954754.76310017
2025-03-29 21:29:58.261000+00:00,2025-03-29 21:15:00+00:00,continuous,82562.6,82641.8,82475.2,82475.3,32364621.274600085
2025-03-29 21:44:59.835000+00:00,2025-03-29 21:30:00+00:00,continuous,82475.2,82507.8,82306.4,82441.9,53818252.5930002
2025-03-29 21:59:59.668000+00:00,2025-03-29 21:45:00+00:00,continuous,82441.9,82600.0,82388.0,82476.9,32605791.79500003
2025-03-29 22:14:59.416000+00:00,2025-03-29 22:00:00+00:00,continuous,82476.9,82479.3,82381.4,82430.7,37909318.15840011
2025-03-29 22:29:59.543000+00:00,2025-03-29 22:15:00+00:00,continuous,82430.6,82467.5,82368.0,82408.6,34072988.78760001
2025-03-29 22:44:59.061000+00:00,2025-03-29 22:30:00+00:00,continuous,82408.7,82420.0,82304.0,82315.9,27493634.386099976
2025-03-29 22:59:58.755000+00:00,2025-03-29 22:45:00+00:00,continuous,82315.9,82374.1,82214.0,82355.6,69057004.46209975
2025-03-29 23:14:58.835000+00:00,2025-03-29 23:00:00+00:00,continuous,82355.7,82438.0,82295.9,82424.9,36779319.583800055
2025-03-29 23:29:59.150000+00:00,2025-03-29 23:15:00+00:00,continuous,82425.0,82512.6,82391.2,82414.0,46024028.35530006
2025-03-29 23:44:59.645000+00:00,2025-03-29 23:30:00+00:00,continuous,82414.0,82460.0,82353.3,82449.8,22020130.954800013
2025-03-29 23:59:59.839000+00:00,2025-03-29 23:45:00+00:00,continuous,82449.8,82640.0,82423.9,82604.7,66994760.005000144
2025-03-30 00:14:59.653000+00:00,2025-03-30 00:00:00+00:00,continuous,82604.8,82708.0,82522.9,82707.1,55490219.38889978
2025-03-30 00:29:59.641000+00:00,2025-03-30 00:15:00+00:00,continuous,82707.1,82733.2,82557.4,82565.2,46541404.52000019
2025-03-30 00:44:59.857000+00:00,2025-03-30 00:30:00+00:00,continuous,82565.2,82595.4,82450.9,82562.1,54271738.88550019
2025-03-30 00:59:59.837000+00:00,2025-03-30 00:45:00+00:00,continuous,82562.0,82862.5,82542.5,82763.4,135999370.89650008
2025-03-30 01:14:59.944000+00:00,2025-03-30 01:00:00+00:00,continuous,82763.4,83019.6,82712.2,82995.8,226539511.88689944
2025-03-30 01:29:59.559000+00:00,2025-03-30 01:15:00+00:00,continuous,82995.9,82995.9,82860.3,82946.1,75064611.25829992
2025-03-30 01:44:59.711000+00:00,2025-03-30 01:30:00+00:00,continuous,82946.1,83031.0,82842.1,82848.5,101297451.23430029
2025-03-30 01:59:59.632000+00:00,2025-03-30 01:45:00+00:00,continuous,82848.6,82904.0,82764.0,82891.6,62031843.48710004
2025-03-30 02:14:59.935000+00:00,2025-03-30 02:00:00+00:00,continuous,82891.6,83222.8,82871.6,83103.8,162696034.61059943
2025-03-30 02:29:59.944000+00:00,2025-03-30 02:15:00+00:00,continuous,83103.7,83189.2,83038.2,83051.9,55176164.10359991
2025-03-30 02:44:59.983000+00:00,2025-03-30 02:30:00+00:00,continuous,83052.0,83279.3,83000.0,83249.8,141715302.15269992
2025-03-30 02:59:59.995000+00:00,2025-03-30 02:45:00+00:00,continuous,83249.9,83332.9,83189.4,83278.2,99259548.61809999
2025-03-30 03:14:59.710000+00:00,2025-03-30 03:00:00+00:00,continuous,83278.3,83389.3,83268.4,83389.3,88062329.93840043
2025-03-30 03:29:59.974000+00:00,2025-03-30 03:15:00+00:00,continuous,83389.3,83456.0,83284.5,83291.3,98822560.57990032
2025-03-30 03:44:59.874000+00:00,2025-03-30 03:30:00+00:00,continuous,83291.4,83315.9,83105.5,83171.0,133448137.07729995
2025-03-30 03:59:59.601000+00:00,2025-03-30 03:45:00+00:00,continuous,83171.0,83262.0,83007.1,83042.8,111702899.18409993
2025-03-30 04:14:59.905000+00:00,2025-03-30 04:00:00+00:00,continuous,83042.8,83170.5,83034.3,83162.3,66933398.58439998
2025-03-30 04:29:59.878000+00:00,2025-03-30 04:15:00+00:00,continuous,83162.4,83192.1,83040.0,83096.3,64535051.84509992
2025-03-30 04:44:59.687000+00:00,2025-03-30 04:30:00+00:00,continuous,83096.4,83176.2,83067.6,83169.4,51047288.24930004
2025-03-30 04:59:59.772000+00:00,2025-03-30 04:45:00+00:00,continuous,83169.4,83279.0,83050.5,83076.8,70515366.72649969
2025-03-30 05:14:59.831000+00:00,2025-03-30 05:00:00+00:00,continuous,83076.8,83107.7,83036.7,83098.4,66566142.157899834
2025-03-30 05:29:59.860000+00:00,2025-03-30 05:15:00+00:00,continuous,83098.4,83166.8,83070.0,83143.5,35144871.34299991
2025-03-30 05:44:59.329000+00:00,2025-03-30 05:30:00+00:00,continuous,83143.5,83188.0,83066.5,83066.6,32778164.085199904
2025-03-30 05:59:59.964000+00:00,2025-03-30 05:45:00+00:00,continuous,83066.5,83066.6,82881.1,82924.8,141498993.15770024
2025-03-30 06:14:59.775000+00:00,2025-03-30 06:00:00+00:00,continuous,82924.8,83012.8,82881.1,82967.4,91349678.52539968
2025-03-30 06:29:59.669000+00:00,2025-03-30 06:15:00+00:00,continuous,82967.3,82973.2,82820.0,82821.1,92781160.56439976
2025-03-30 06:44:59.978000+00:00,2025-03-30 06:30:00+00:00,continuous,82821.2,83148.2,82818.5,83116.0,95868074.08070022
2025-03-30 06:59:59.692000+00:00,2025-03-30 06:45:00+00:00,continuous,83115.9,83259.9,83072.2,83148.0,81353105.08180024
2025-03-30 07:14:59.854000+00:00,2025-03-30 07:00:00+00:00,continuous,83148.0,83283.3,83147.9,83282.1,60137049.44640017
2025-03-30 07:29:59.744000+00:00,2025-03-30 07:15:00+00:00,continuous,83282.1,83282.1,83187.8,83213.5,42645414.29350014
2025-03-30 07:44:59.724000+00:00,2025-03-30 07:30:00+00:00,continuous,83213.2,83228.0,83045.5,83054.3,48753975.12119998
2025-03-30 07:59:59.701000+00:00,2025-03-30 07:45:00+00:00,continuous,83054.4,83094.8,83017.0,83037.4,48631231.505599916
2025-03-30 08:14:59.253000+00:00,2025-03-30 08:00:00+00:00,continuous,83037.5,83222.2,83037.4,83222.2,58404926.56100009
2025-03-30 08:29:59.323000+00:00,2025-03-30 08:15:00+00:00,continuous,83222.1,83250.0,83170.1,83175.9,36193158.65960001
2025-03-30 08:44:59.542000+00:00,2025-03-30 08:30:00+00:00,continuous,83175.9,83308.1,83167.6,83216.1,44613227.4351998
2025-03-30 08:59:59.676000+00:00,2025-03-30 08:45:00+00:00,continuous,83216.0,83362.0,83216.0,83339.6,51777328.0027001
2025-03-30 09:14:59.647000+00:00,2025-03-30 09:00:00+00:00,continuous,83339.6,83350.0,83247.9,83285.9,45870487.01479988
2025-03-30 09:29:59.311000+00:00,2025-03-30 09:15:00+00:00,continuous,83286.0,83365.1,83179.5,83343.1,59010886.79859985
2025-03-30 09:44:59.687000+00:00,2025-03-30 09:30:00+00:00,continuous,83343.1,83434.8,83343.0,83393.0,57005222.79100023
2025-03-30 09:59:59.711000+00:00,2025-03-30 09:45:00+00:00,continuous,83392.9,83485.4,83392.9,83451.0,63588813.448599845
2025-03-30 10:14:59.917000+00:00,2025-03-30 10:00:00+00:00,continuous,83451.0,83490.0,83396.9,83427.8,66810628.00720005
2025-03-30 10:29:59.902000+00:00,2025-03-30 10:15:00+00:00,continuous,83427.7,83440.0,83068.5,83170.0,193816482.71829936
2025-03-30 10:44:59.964000+00:00,2025-03-30 10:30:00+00:00,continuous,83170.0,83170.0,83025.6,83025.6,80502898.7696998
2025-03-30 10:59:59.838000+00:00,2025-03-30 10:45:00+00:00,continuous,83025.6,83140.0,83022.1,83083.6,78207781.39650014
2025-03-30 11:14:59.861000+00:00,2025-03-30 11:00:00+00:00,continuous,83083.6,83250.0,83065.0,83226.6,68902929.71309997
2025-03-30 11:29:59.218000+00:00,2025-03-30 11:15:00+00:00,continuous,83226.7,83325.0,82924.1,83043.1,146823200.4823997
2025-03-30 11:44:59.925000+00:00,2025-03-30 11:30:00+00:00,continuous,83043.1,83156.9,82950.0,83017.9,80809050.63200045
2025-03-30 11:59:59.711000+00:00,2025-03-30 11:45:00+00:00,continuous,83017.8,83105.2,82974.3,83080.0,53407501.50639999
2025-03-30 12:14:59.993000+00:00,2025-03-30 12:00:00+00:00,continuous,83080.0,83117.5,82936.8,82988.1,82577432.81030008
2025-03-30 12:29:59.225000+00:00,2025-03-30 12:15:00+00:00,continuous,82988.0,83212.5,82977.0,83212.5,85950326.09310013
2025-03-30 12:44:59.810000+00:00,2025-03-30 12:30:00+00:00,continuous,83212.5,83229.6,82996.1,83003.5,74305115.87330021
2025-03-30 12:59:59.539000+00:00,2025-03-30 12:45:00+00:00,continuous,83003.4,83050.0,82960.6,83037.3,46391522.442199975
2025-03-30 13:14:59.599000+00:00,2025-03-30 13:00:00+00:00,continuous,83037.2,83048.9,82923.0,83008.6,47445213.81200002
2025-03-30 13:29:59.997000+00:00,2025-03-30 13:15:00+00:00,continuous,83008.7,83117.4,82850.0,82886.7,71808881.9249001
2025-03-30 13:44:59.999000+00:00,2025-03-30 13:30:00+00:00,continuous,82886.8,82938.4,82531.4,82925.7,355737778.5724036
2025-03-30 13:59:59.896000+00:00,2025-03-30 13:45:00+00:00,continuous,82925.7,82936.2,82628.1,82655.3,132583114.81260055
2025-03-30 14:14:59.714000+00:00,2025-03-30 14:00:00+00:00,continuous,82655.2,82779.2,82573.9,82647.7,116442156.82090005
2025-03-30 14:29:59.891000+00:00,2025-03-30 14:15:00+00:00,continuous,82647.7,82847.2,82605.8,82720.0,96425107.77450018
2025-03-30 14:44:59.834000+00:00,2025-03-30 14:30:00+00:00,continuous,82719.9,82858.0,82670.0,82810.2,65924623.19569987
2025-03-30 14:59:59.825000+00:00,2025-03-30 14:45:00+00:00,continuous,82810.3,83016.7,82741.9,82769.8,123642590.09109987
2025-03-30 15:14:59.745000+00:00,2025-03-30 15:00:00+00:00,continuous,82769.7,82901.2,82738.3,82893.0,63958674.23409969
2025-03-30 15:29:59.866000+00:00,2025-03-30 15:15:00+00:00,continuous,82892.9,83031.1,82770.7,82798.7,89822697.10300045
2025-03-30 15:44:59.731000+00:00,2025-03-30 15:30:00+00:00,continuous,82798.7,82849.6,82718.2,82809.9,58842056.45160023
2025-03-30 15:59:59.936000+00:00,2025-03-30 15:45:00+00:00,continuous,82810.0,82885.4,82670.8,82699.9,54169186.946699865
2025-03-30 16:14:59.772000+00:00,2025-03-30 16:00:00+00:00,continuous,82699.9,82753.8,82655.3,82713.7,55323443.2808999
2025-03-30 16:29:59.832000+00:00,2025-03-30 16:15:00+00:00,continuous,82713.7,82779.5,82604.8,82616.9,58670016.20029994
2025-03-30 16:44:59.894000+00:00,2025-03-30 16:30:00+00:00,continuous,82616.8,82640.8,82266.6,82466.0,349227282.6454999
2025-03-30 16:59:59.530000+00:00,2025-03-30 16:45:00+00:00,continuous,82465.9,82503.7,82126.4,82253.4,178685015.77820012
2025-03-30 17:14:59.991000+00:00,2025-03-30 17:00:00+00:00,continuous,82253.3,82364.2,82000.0,82341.7,207042566.5971991
2025-03-30 17:29:59.949000+00:00,2025-03-30 17:15:00+00:00,continuous,82341.6,82516.3,82278.0,82389.0,88393571.84300013
2025-03-30 17:44:59.731000+00:00,2025-03-30 17:30:00+00:00,continuous,82389.1,82538.9,82329.8,82331.8,62851447.77860001
2025-03-30 17:59:59.950000+00:00,2025-03-30 17:45:00+00:00,continuous,82331.9,82395.2,82240.1,82381.4,50546464.700300306
2025-03-30 18:14:59.658000+00:00,2025-03-30 18:00:00+00:00,continuous,82381.3,82694.3,82381.3,82579.0,136371868.19250032
2025-03-30 18:29:59.662000+00:00,2025-03-30 18:15:00+00:00,continuous,82578.9,82766.2,82516.0,82731.0,93377030.93069974
2025-03-30 18:44:59.465000+00:00,2025-03-30 18:30:00+00:00,continuous,82731.0,82749.0,82532.5,82599.3,69065692.5193998
2025-03-30 18:59:59.617000+00:00,2025-03-30 18:45:00+00:00,continuous,82599.3,82714.9,82594.8,82698.0,70887376.60879986
2025-03-30 19:14:57.888000+00:00,2025-03-30 19:00:00+00:00,continuous,82698.1,82878.2,82637.0,82667.5,112639600.02179883
2025-03-30 19:29:59.863000+00:00,2025-03-30 19:15:00+00:00,continuous,82667.6,82688.9,82540.0,82551.9,51683085.10469997
2025-03-30 19:44:59.955000+00:00,2025-03-30 19:30:00+00:00,continuous,82552.0,82627.5,82540.9,82574.0,26330105.990899958
2025-03-30 19:59:59.868000+00:00,2025-03-30 19:45:00+00:00,continuous,82574.0,82575.7,82503.9,82510.6,31813217.480299946
2025-03-30 20:14:59.831000+00:00,2025-03-30 20:00:00+00:00,continuous,82510.5,82543.2,82350.0,82538.6,68207759.92239983
2025-03-30 20:29:59.546000+00:00,2025-03-30 20:15:00+00:00,continuous,82538.7,82608.1,82458.7,82496.7,27138969.338499922
2025-03-30 20:44:58.981000+00:00,2025-03-30 20:30:00+00:00,continuous,82496.7,82622.8,82496.6,82552.5,30182270.530400015
2025-03-30 20:59:59.695000+00:00,2025-03-30 20:45:00+00:00,continuous,82552.6,82552.6,82464.8,82524.7,25600166.673899967
2025-03-30 21:14:59.808000+00:00,2025-03-30 21:00:00+00:00,continuous,82524.8,82672.6,82518.4,82606.0,44626217.91469996
2025-03-30 21:29:59.971000+00:00,2025-03-30 21:15:00+00:00,continuous,82605.9,82606.0,82542.9,82548.6,16087087.309500005
2025-03-30 21:44:59.974000+00:00,2025-03-30 21:30:00+00:00,continuous,82548.6,82551.1,82191.4,82223.8,59120495.57699998
2025-03-30 21:59:59.940000+00:00,2025-03-30 21:45:00+00:00,continuous,82223.7,82336.0,82026.2,82199.3,118334661.64929955
2025-03-30 22:14:59.930000+00:00,2025-03-30 22:00:00+00:00,continuous,82199.3,82212.6,81501.4,81861.1,483372327.1275006
2025-03-30 22:29:59.955000+00:00,2025-03-30 22:15:00+00:00,continuous,81861.0,82207.6,81757.9,82179.8,168040045.41320035
2025-03-30 22:44:59.628000+00:00,2025-03-30 22:30:00+00:00,continuous,82179.9,82732.5,82105.8,82476.7,365885557.3118999
2025-03-30 22:59:59.939000+00:00,2025-03-30 22:45:00+00:00,continuous,82476.8,82595.0,82317.6,82392.0,84479083.32640012
2025-03-30 23:14:59.927000+00:00,2025-03-30 23:00:00+00:00,continuous,82392.1,82400.0,82082.2,82191.4,117027643.25569963
2025-03-30 23:29:59.911000+00:00,2025-03-30 23:15:00+00:00,continuous,82191.4,82225.0,81902.1,81923.1,116194003.84200056
2025-03-30 23:44:59.293000+00:00,2025-03-30 23:30:00+00:00,continuous,81923.0,82324.9,81888.8,82279.2,139877170.92410037
2025-03-30 23:59:59.900000+00:00,2025-03-30 23:45:00+00:00,continuous,82279.3,82364.9,82168.6,82352.8,67211684.99349965
2025-03-31 00:14:59.889000+00:00,2025-03-31 00:00:00+00:00,continuous,82353.1,82416.0,82138.8,82242.1,127564938.53269981
2025-03-31 00:29:59.739000+00:00,2025-03-31 00:15:00+00:00,continuous,82242.0,82285.6,81918.3,81951.3,150007632.80329987
2025-03-31 00:44:59.758000+00:00,2025-03-31 00:30:00+00:00,continuous,81951.3,81964.0,81288.0,81325.8,411740860.8032006
2025-03-31 00:59:59.852000+00:00,2025-03-31 00:45:00+00:00,continuous,81325.7,81675.3,81222.0,81607.9,274485818.9517009
2025-03-31 01:14:59.998000+00:00,2025-03-31 01:00:00+00:00,continuous,81607.9,82032.4,81498.3,81872.0,262906046.2397011
2025-03-31 01:29:59.914000+00:00,2025-03-31 01:15:00+00:00,continuous,81871.4,82241.0,81718.4,82141.6,227655815.1084998
2025-03-31 01:44:59.671000+00:00,2025-03-31 01:30:00+00:00,continuous,82141.7,82153.7,81780.0,81940.8,126612924.81619963
2025-03-31 01:59:59.929000+00:00,2025-03-31 01:45:00+00:00,continuous,81940.8,81986.9,81711.6,81925.4,104528438.63029976
2025-03-31 02:14:59.711000+00:00,2025-03-31 02:00:00+00:00,continuous,81926.1,81951.8,81600.0,81728.1,127516604.65460016
2025-03-31 02:29:59.639000+00:00,2025-03-31 02:15:00+00:00,continuous,81728.1,81918.8,81606.7,81679.5,69275446.30159979
2025-03-31 02:44:59.422000+00:00,2025-03-31 02:30:00+00:00,continuous,81679.4,81973.5,81604.1,81908.5,96050460.27350031
2025-03-31 02:59:59.715000+00:00,2025-03-31 02:45:00+00:00,continuous,81908.6,82144.9,81847.4,81894.8,151408914.06440017
2025-03-31 03:14:59.689000+00:00,2025-03-31 03:00:00+00:00,continuous,81894.8,82000.0,81637.8,81661.4,88790887.56569993
2025-03-31 03:29:59.759000+00:00,2025-03-31 03:15:00+00:00,continuous,81661.4,81820.0,81510.0,81780.0,148773492.82879922
2025-03-31 03:44:59.612000+00:00,2025-03-31 03:30:00+00:00,continuous,81780.1,81898.2,81645.0,81663.7,82405006.55989957
2025-03-31 03:59:59.881000+00:00,2025-03-31 03:45:00+00:00,continuous,81663.6,81680.0,81419.8,81491.5,129082439.64229995
2025-03-31 04:14:59.842000+00:00,2025-03-31 04:00:00+00:00,continuous,81491.6,81724.3,81484.6,81664.8,78492614.45640032
2025-03-31 04:29:59.917000+00:00,2025-03-31 04:15:00+00:00,continuous,81664.8,81670.0,81358.1,81480.0,121316049.04000074
2025-03-31 04:44:59.562000+00:00,2025-03-31 04:30:00+00:00,continuous,81479.9,81695.7,81433.8,81648.0,96994288.89490017
2025-03-31 04:59:59.976000+00:00,2025-03-31 04:45:00+00:00,continuous,81647.9,81831.0,81625.0,81806.0,75053056.81950045
2025-03-31 05:14:59.991000+00:00,2025-03-31 05:00:00+00:00,continuous,81806.0,82178.9,81791.2,82148.9,190481813.58019936
2025-03-31 05:29:59.666000+00:00,2025-03-31 05:15:00+00:00,continuous,82148.8,82275.5,82030.3,82136.8,122117014.24509977
2025-03-31 05:44:59.955000+00:00,2025-03-31 05:30:00+00:00,continuous,82136.7,82159.0,81992.7,82120.0,72047246.23640016
2025-03-31 05:59:59.581000+00:00,2025-03-31 05:45:00+00:00,continuous,82119.9,82225.1,82059.1,82133.7,52905004.43449976
2025-03-31 06:14:59.077000+00:00,2025-03-31 06:00:00+00:00,continuous,82133.8,82237.3,82000.1,82051.8,72582966.75460003
2025-03-31 06:29:59.617000+00:00,2025-03-31 06:15:00+00:00,continuous,82051.8,82171.4,81888.3,81930.0,217049251.60100046
2025-03-31 06:44:59.467000+00:00,2025-03-31 06:30:00+00:00,continuous,81930.0,82034.1,81872.5,82020.1,65255491.05629995
2025-03-31 06:59:59.933000+00:00,2025-03-31 06:45:00+00:00,continuous,82020.0,82053.3,81905.3,82016.2,43606238.73940005
2025-03-31 07:14:59.978000+00:00,2025-03-31 07:00:00+00:00,continuous,82016.1,82266.9,81997.3,82038.7,107631988.62150033
2025-03-31 07:29:59.835000+00:00,2025-03-31 07:15:00+00:00,continuous,82038.7,82066.5,81880.4,82000.0,106978520.4124999
2025-03-31 07:44:59.868000+00:00,2025-03-31 07:30:00+00:00,continuous,82000.1,82026.3,81740.8,81793.9,102168939.96599981
2025-03-31 07:59:59.923000+00:00,2025-03-31 07:45:00+00:00,continuous,81793.9,81895.2,81700.0,81895.2,99448979.06009997
2025-03-31 08:14:59.987000+00:00,2025-03-31 08:00:00+00:00,continuous,81895.1,82216.8,81873.3,82112.8,168709431.43980092
2025-03-31 08:29:59.843000+00:00,2025-03-31 08:15:00+00:00,continuous,82112.7,82162.4,81991.6,82151.1,83886612.54770014
2025-03-31 08:44:59.731000+00:00,2025-03-31 08:30:00+00:00,continuous,82151.2,82228.0,82034.9,82034.9,66103477.38119984
2025-03-31 08:59:59.825000+00:00,2025-03-31 08:45:00+00:00,continuous,82035.0,82122.6,81840.0,81864.0,81644626.87389998
2025-03-31 09:14:59.995000+00:00,2025-03-31 09:00:00+00:00,continuous,81864.0,81926.7,81491.5,81548.7,258221506.54860038
2025-03-31 09:29:59.986000+00:00,2025-03-31 09:15:00+00:00,continuous,81548.8,81691.5,81406.9,81471.9,175252252.09320042
2025-03-31 09:44:59.951000+00:00,2025-03-31 09:30:00+00:00,continuous,81472.0,81541.5,81328.2,81457.7,171126318.56820017
2025-03-31 09:59:59.845000+00:00,2025-03-31 09:45:00+00:00,continuous,81457.6,81479.4,81290.7,81419.8,113074199.33829994
2025-03-31 10:14:59.750000+00:00,2025-03-31 10:00:00+00:00,continuous,81419.9,81572.0,81250.0,81440.3,159788768.2198016
2025-03-31 10:29:59.941000+00:00,2025-03-31 10:15:00+00:00,continuous,81440.2,81760.0,81394.0,81732.9,129904908.02540028
2025-03-31 10:44:59.914000+00:00,2025-03-31 10:30:00+00:00,continuous,81732.8,81907.5,81667.5,81884.9,121394822.37739916
2025-03-31 10:59:59.786000+00:00,2025-03-31 10:45:00+00:00,continuous,81885.0,82196.9,81884.9,82136.2,316968798.6599984
2025-03-31 11:14:59.962000+00:00,2025-03-31 11:00:00+00:00,continuous,82136.3,82188.0,81978.0,82081.4,142072074.1674997
2025-03-31 11:29:59.917000+00:00,2025-03-31 11:15:00+00:00,continuous,82081.5,82208.7,81930.0,81930.1,125369158.14509906
2025-03-31 11:44:59.949000+00:00,2025-03-31 11:30:00+00:00,continuous,81930.1,82026.8,81853.9,82004.5,90975069.24340042
2025-03-31 11:59:59.719000+00:00,2025-03-31 11:45:00+00:00,continuous,82004.5,82236.0,81992.2,82171.5,155050204.69399992
2025-03-31 12:14:59.510000+00:00,2025-03-31 12:00:00+00:00,continuous,82171.6,82250.1,81966.6,81967.1,148449790.20700002
2025-03-31 12:29:59.974000+00:00,2025-03-31 12:15:00+00:00,continuous,81967.1,82110.6,81879.7,82087.6,104918898.4041008
2025-03-31 12:44:59.824000+00:00,2025-03-31 12:30:00+00:00,continuous,82087.6,82497.0,81998.2,82458.3,236286093.8927991
2025-03-31 12:59:59.935000+00:00,2025-03-31 12:45:00+00:00,continuous,82458.2,83183.0,82349.8,82735.8,768100102.9943029
2025-03-31 13:14:59.921000+00:00,2025-03-31 13:00:00+00:00,continuous,82735.9,82826.8,82564.5,82609.9,223187944.57810196
2025-03-31 13:29:59.908000+00:00,2025-03-31 13:15:00+00:00,continuous,82609.9,82700.0,82397.3,82513.6,163368299.70240054
2025-03-31 13:44:59.951000+00:00,2025-03-31 13:30:00+00:00,continuous,82513.5,82565.9,81710.5,81864.1,716605979.0633016
2025-03-31 13:59:59.992000+00:00,2025-03-31 13:45:00+00:00,continuous,81864.0,82739.5,81600.5,82462.1,701445424.0284975
2025-03-31 14:14:59.993000+00:00,2025-03-31 14:00:00+00:00,continuous,82462.0,83400.0,82450.0,83287.5,731998456.081004
2025-03-31 14:29:59.714000+00:00,2025-03-31 14:15:00+00:00,continuous,83284.9,83600.0,82766.4,82771.8,730181633.246199
2025-03-31 14:44:59.589000+00:00,2025-03-31 14:30:00+00:00,continuous,82771.6,83436.0,82771.6,83120.0,443050376.40119684
2025-03-31 14:59:59.977000+00:00,2025-03-31 14:45:00+00:00,continuous,83120.0,83724.0,83105.6,83447.6,513378199.9140985
2025-03-31 15:14:59.979000+00:00,2025-03-31 15:00:00+00:00,continuous,83449.5,83797.7,83360.0,83395.1,394970421.17660177
2025-03-31 15:29:59.985000+00:00,2025-03-31 15:15:00+00:00,continuous,83395.1,83895.8,83382.4,83595.9,393542685.7365028
2025-03-31 15:44:59.935000+00:00,2025-03-31 15:30:00+00:00,continuous,83595.8,83713.7,83389.5,83457.4,207025127.11499876
2025-03-31 15:59:59.989000+00:00,2025-03-31 15:45:00+00:00,continuous,83457.4,83666.0,83336.2,83373.4,154606447.23269948
2025-03-31 16:14:59.804000+00:00,2025-03-31 16:00:00+00:00,continuous,83373.3,83655.4,83222.0,83303.3,225703979.63460007
2025-03-31 16:29:59.834000+00:00,2025-03-31 16:15:00+00:00,continuous,83303.2,83584.0,83242.2,83570.5,135016233.6404006
2025-03-31 16:44:59.822000+00:00,2025-03-31 16:30:00+00:00,continuous,83570.5,83570.5,83281.8,83334.0,108040774.94669996
2025-03-31 16:59:59.852000+00:00,2025-03-31 16:45:00+00:00,continuous,83334.0,83466.6,83200.0,83250.7,135231125.89169997
2025-03-31 17:14:59.887000+00:00,2025-03-31 17:00:00+00:00,continuous,83250.7,83508.3,83212.6,83421.2,97601692.31399985
2025-03-31 17:29:59.985000+00:00,2025-03-31 17:15:00+00:00,continuous,83421.2,83427.7,83163.5,83262.2,111531721.74259973
2025-03-31 17:44:59.889000+00:00,2025-03-31 17:30:00+00:00,continuous,83262.2,83343.6,82716.5,82761.3,248670326.67189813
2025-03-31 17:59:59.999000+00:00,2025-03-31 17:45:00+00:00,continuous,82761.2,82789.7,82522.0,82627.6,243827229.2984989
2025-03-31 18:14:59.956000+00:00,2025-03-31 18:00:00+00:00,continuous,82627.7,83269.7,82627.5,83088.3,294620415.4351995
2025-03-31 18:29:59.648000+00:00,2025-03-31 18:15:00+00:00,continuous,83087.9,83321.3,83029.8,83311.6,121697310.53169966
2025-03-31 18:44:59.829000+00:00,2025-03-31 18:30:00+00:00,continuous,83311.7,83539.8,83250.0,83370.0,160839834.20629954
2025-03-31 18:59:59.989000+00:00,2025-03-31 18:45:00+00:00,continuous,83369.9,83495.2,83225.0,83244.2,136738642.0328997
2025-03-31 19:14:59.993000+00:00,2025-03-31 19:00:00+00:00,continuous,83244.1,83407.6,83226.7,83329.9,83001469.0650997
2025-03-31 19:29:59.927000+00:00,2025-03-31 19:15:00+00:00,continuous,83329.9,83331.5,82889.0,82889.1,156684639.97640043
2025-03-31 19:44:59.610000+00:00,2025-03-31 19:30:00+00:00,continuous,82889.1,83007.0,82750.0,82762.0,133153365.39190051
2025-03-31 19:59:59.982000+00:00,2025-03-31 19:45:00+00:00,continuous,82762.1,82762.1,82350.0,82426.7,341505062.0733978
2025-03-31 20:14:59.592000+00:00,2025-03-31 20:00:00+00:00,continuous,82426.8,82664.4,82314.2,82551.9,163046791.8275997
2025-03-31 20:29:59.816000+00:00,2025-03-31 20:15:00+00:00,continuous,82552.0,82765.0,82526.6,82729.9,112591538.67180035
2025-03-31 20:44:59.558000+00:00,2025-03-31 20:30:00+00:00,continuous,82730.0,82817.6,82634.5,82712.4,63309717.53329961
2025-03-31 20:59:59.625000+00:00,2025-03-31 20:45:00+00:00,continuous,82712.4,82719.6,82327.7,82393.2,139645002.4629991
2025-03-31 21:14:59.579000+00:00,2025-03-31 21:00:00+00:00,continuous,82393.3,82530.0,82377.0,82522.7,92797327.05549969
2025-03-31 21:29:58.898000+00:00,2025-03-31 21:15:00+00:00,continuous,82522.6,82722.9,82466.5,82542.0,93067698.01599996
2025-03-31 21:44:59.148000+00:00,2025-03-31 21:30:00+00:00,continuous,82542.0,82667.4,82504.5,82589.5,41710928.05019985
2025-03-31 21:59:59.645000+00:00,2025-03-31 21:45:00+00:00,continuous,82589.5,82664.3,82455.6,82528.8,45585542.146399826
2025-03-31 22:14:57.074000+00:00,2025-03-31 22:00:00+00:00,continuous,82528.9,82538.1,82359.6,82382.0,98045506.95660046
2025-03-31 22:29:59.765000+00:00,2025-03-31 22:15:00+00:00,continuous,82382.0,82382.0,82221.0,82312.1,117545835.86340062
2025-03-31 22:44:59.307000+00:00,2025-03-31 22:30:00+00:00,continuous,82312.1,82368.8,82240.2,82294.3,53724949.34419996
2025-03-31 22:59:59.948000+00:00,2025-03-31 22:45:00+00:00,continuous,82294.1,82376.1,82245.1,82372.3,34584602.69239987
2025-03-31 23:14:59.974000+00:00,2025-03-31 23:00:00+00:00,continuous,82372.3,82615.2,82337.5,82535.6,127705240.15300009
2025-03-31 23:29:59.769000+00:00,2025-03-31 23:15:00+00:00,continuous,82535.7,82898.6,82280.5,82317.3,252175170.89199936
2025-03-31 23:44:59.988000+00:00,2025-03-31 23:30:00+00:00,continuous,82317.4,82511.5,82242.4,82436.1,73960319.21320012
