timestamp,minute_start,session_id,open,high,low,close,volume
2025-09-01 00:14:59.763000+00:00,2025-09-01 00:00:00+00:00,continuous,108208.3,108295.8,107926.2,107927.3,278886558.42059886
2025-09-01 00:29:59.831000+00:00,2025-09-01 00:15:00+00:00,continuous,107927.3,108043.6,107588.0,107780.1,356386083.2684994
2025-09-01 00:44:59.943000+00:00,2025-09-01 00:30:00+00:00,continuous,107780.1,108182.6,107624.6,108129.6,271324201.938199
2025-09-01 00:59:59.922000+00:00,2025-09-01 00:45:00+00:00,continuous,108129.6,108372.5,108028.6,108180.1,172117606.51170054
2025-09-01 01:14:59.290000+00:00,2025-09-01 01:00:00+00:00,continuous,108180.0,108323.8,107917.3,108096.8,143714595.95120037
2025-09-01 01:29:59.845000+00:00,2025-09-01 01:15:00+00:00,continuous,108096.7,108252.9,107961.4,108200.0,79925472.34469934
2025-09-01 01:44:59.760000+00:00,2025-09-01 01:30:00+00:00,continuous,108200.1,108266.0,108010.0,108261.5,88397609.82070033
2025-09-01 01:59:59.883000+00:00,2025-09-01 01:45:00+00:00,continuous,108261.4,108447.6,107931.5,108110.0,139393365.5203006
2025-09-01 02:14:59.444000+00:00,2025-09-01 02:00:00+00:00,continuous,108110.0,108160.0,107868.7,107938.4,95599891.81100012
2025-09-01 02:29:59.334000+00:00,2025-09-01 02:15:00+00:00,continuous,107938.5,107949.0,107512.9,107652.8,234577895.0009002
2025-09-01 02:44:59.993000+00:00,2025-09-01 02:30:00+00:00,continuous,107652.9,107672.9,107469.0,107526.1,169614330.7859004
2025-09-01 02:59:59.509000+00:00,2025-09-01 02:45:00+00:00,continuous,107526.0,107693.6,107380.0,107590.4,215956746.6357994
2025-09-01 03:14:59.881000+00:00,2025-09-01 03:00:00+00:00,continuous,107590.5,107741.7,107436.7,107489.3,123448999.31020017
2025-09-01 03:29:59.637000+00:00,2025-09-01 03:15:00+00:00,continuous,107489.2,107597.7,107411.0,107464.7,110960304.68219975
2025-09-01 03:44:59.962000+00:00,2025-09-01 03:30:00+00:00,continuous,107464.7,107524.4,107355.0,107524.4,108756719.11809942
2025-09-01 03:59:59.444000+00:00,2025-09-01 03:45:00+00:00,continuous,107524.4,107695.5,107400.0,107619.1,114140056.55319966
2025-09-01 04:14:59.106000+00:00,2025-09-01 04:00:00+00:00,continuous,107619.1,107721.3,107480.0,107694.1,106142272.73049957
2025-09-01 04:29:59.417000+00:00,2025-09-01 04:15:00+00:00,continuous,107694.1,107708.4,107300.0,107438.0,185312214.1912006
2025-09-01 04:44:59.686000+00:00,2025-09-01 04:30:00+00:00,continuous,107438.0,107438.0,107237.8,107270.5,122455191.90719984
2025-09-01 04:59:59.946000+00:00,2025-09-01 04:45:00+00:00,continuous,107270.6,107422.0,107230.7,107369.2,81484505.63870028
2025-09-01 05:14:59.480000+00:00,2025-09-01 05:00:00+00:00,continuous,107369.2,107686.5,107212.2,107315.8,179464949.50430045
2025-09-01 05:29:59.860000+00:00,2025-09-01 05:15:00+00:00,continuous,107315.8,107692.3,107211.5,107679.2,157207197.69400027
2025-09-01 05:44:59.862000+00:00,2025-09-01 05:30:00+00:00,continuous,107679.2,107945.0,107608.4,107897.1,148238524.14650065
2025-09-01 05:59:59.840000+00:00,2025-09-01 05:45:00+00:00,continuous,107897.0,107914.9,107781.1,107811.2,59865558.61699997
2025-09-01 06:14:59.932000+00:00,2025-09-01 06:00:00+00:00,continuous,107811.2,107908.2,107551.0,107890.0,116105480.36879985
2025-09-01 06:29:59.973000+00:00,2025-09-01 06:15:00+00:00,continuous,107889.9,107998.7,107745.7,107894.7,91472164.78080027
2025-09-01 06:44:59.690000+00:00,2025-09-01 06:30:00+00:00,continuous,107894.8,108079.1,107879.7,108050.8,78296570.9645002
2025-09-01 06:59:59.976000+00:00,2025-09-01 06:45:00+00:00,continuous,108050.9,108079.9,107964.5,108019.9,73166050.25210044
2025-09-01 07:14:59.782000+00:00,2025-09-01 07:00:00+00:00,continuous,108019.9,108136.0,107950.0,107953.4,101351825.0327001
2025-09-01 07:29:59.981000+00:00,2025-09-01 07:15:00+00:00,continuous,107953.5,108400.0,107931.1,108389.7,206038263.74129996
2025-09-01 07:44:59.734000+00:00,2025-09-01 07:30:00+00:00,continuous,108389.8,108924.5,108383.4,108769.2,538519790.7729006
2025-09-01 07:59:59.940000+00:00,2025-09-01 07:45:00+00:00,continuous,108769.2,109390.3,108769.1,109390.3,578608554.2388037
2025-09-01 08:14:59.997000+00:00,2025-09-01 08:00:00+00:00,continuous,109390.2,109779.0,109374.4,109473.6,694043992.5082009
2025-09-01 08:29:59.813000+00:00,2025-09-01 08:15:00+00:00,continuous,109473.6,109697.8,109370.0,109393.3,220122607.73509982
2025-09-01 08:44:59.431000+00:00,2025-09-01 08:30:00+00:00,continuous,109393.3,109574.8,109390.0,109549.9,127922461.63839985
2025-09-01 08:59:59.838000+00:00,2025-09-01 08:45:00+00:00,continuous,109549.9,109650.0,109478.7,109552.2,77656065.69380005
2025-09-01 09:14:59.839000+00:00,2025-09-01 09:00:00+00:00,continuous,109552.1,109763.7,109450.0,109763.7,150384578.86349988
2025-09-01 09:29:59.741000+00:00,2025-09-01 09:15:00+00:00,continuous,109763.6,109771.2,109607.0,109661.7,123341024.35880043
2025-09-01 09:44:59.945000+00:00,2025-09-01 09:30:00+00:00,continuous,109661.7,109874.8,109538.6,109775.1,239041025.51210186
2025-09-01 09:59:59.915000+00:00,2025-09-01 09:45:00+00:00,continuous,109775.0,109800.0,109450.0,109485.3,155294647.04129955
2025-09-01 10:14:59.595000+00:00,2025-09-01 10:00:00+00:00,continuous,109485.3,109504.3,109146.8,109173.0,277912304.9530019
2025-09-01 10:29:59.941000+00:00,2025-09-01 10:15:00+00:00,continuous,109173.0,109224.9,108791.2,108826.0,260138754.4783007
2025-09-01 10:44:59.927000+00:00,2025-09-01 10:30:00+00:00,continuous,108826.1,108835.6,108131.6,108302.5,609049177.8107969
2025-09-01 10:59:59.869000+00:00,2025-09-01 10:45:00+00:00,continuous,108302.4,108529.3,108172.8,108526.5,188772311.33000034
2025-09-01 11:14:59.937000+00:00,2025-09-01 11:00:00+00:00,continuous,108526.4,108674.9,108404.9,108546.5,151856042.8436001
2025-09-01 11:29:59.819000+00:00,2025-09-01 11:15:00+00:00,continuous,108546.4,108684.5,108483.5,108629.3,121904190.7522995
2025-09-01 11:44:59.718000+00:00,2025-09-01 11:30:00+00:00,continuous,108629.2,108650.0,108429.4,108456.9,96354262.48589893
2025-09-01 11:59:59.959000+00:00,2025-09-01 11:45:00+00:00,continuous,108456.8,108817.8,108456.8,108721.9,111899359.26930043
2025-09-01 12:14:59.914000+00:00,2025-09-01 12:00:00+00:00,continuous,108721.8,108875.0,108582.7,108850.0,132399220.47929966
2025-09-01 12:29:59.982000+00:00,2025-09-01 12:15:00+00:00,continuous,108850.0,108945.8,108721.1,108881.1,93272352.37239967
2025-09-01 12:44:59.882000+00:00,2025-09-01 12:30:00+00:00,continuous,108881.0,109123.0,108838.1,108905.4,151447077.01649994
2025-09-01 12:59:59.913000+00:00,2025-09-01 12:45:00+00:00,continuous,108905.4,109067.2,108868.1,109055.0,91447880.15119994
2025-09-01 13:14:59.937000+00:00,2025-09-01 13:00:00+00:00,continuous,109055.1,109253.5,108995.4,109136.9,166734335.0743996
2025-09-01 13:29:59.857000+00:00,2025-09-01 13:15:00+00:00,continuous,109136.9,109479.2,109033.3,109401.0,265734969.72859964
2025-09-01 13:44:59.699000+00:00,2025-09-01 13:30:00+00:00,continuous,109401.1,109420.8,109052.8,109119.7,218883685.0485987
2025-09-01 13:59:58.782000+00:00,2025-09-01 13:45:00+00:00,continuous,109119.6,109183.4,108888.0,108974.8,219371158.1792993
2025-09-01 14:14:59.832000+00:00,2025-09-01 14:00:00+00:00,continuous,108974.8,109235.6,108964.0,109178.8,119054826.17630072
2025-09-01 14:29:59.772000+00:00,2025-09-01 14:15:00+00:00,continuous,109178.7,109295.3,108923.0,109021.0,132487403.6495001
2025-09-01 14:44:59.335000+00:00,2025-09-01 14:30:00+00:00,continuous,109021.1,109081.9,108769.2,109034.8,145017234.69689906
2025-09-01 14:59:59.812000+00:00,2025-09-01 14:45:00+00:00,continuous,109034.9,109182.1,108815.8,109105.1,78793632.12410022
2025-09-01 15:14:59.621000+00:00,2025-09-01 15:00:00+00:00,continuous,109105.1,109331.3,108925.8,109053.9,107022893.85989992
2025-09-01 15:29:59.986000+00:00,2025-09-01 15:15:00+00:00,continuous,109054.0,109074.2,108600.0,108660.7,225651838.589
2025-09-01 15:44:59.953000+00:00,2025-09-01 15:30:00+00:00,continuous,108660.6,108826.2,108550.0,108641.5,113049985.98690008
2025-09-01 15:59:59.996000+00:00,2025-09-01 15:45:00+00:00,continuous,108641.4,108750.0,108515.8,108738.0,114642202.10129927
2025-09-01 16:14:59.912000+00:00,2025-09-01 16:00:00+00:00,continuous,108737.9,108959.9,108600.0,108959.9,136286051.78450087
2025-09-01 16:29:59.871000+00:00,2025-09-01 16:15:00+00:00,continuous,108959.8,109050.0,108856.4,108890.0,77828397.50519995
2025-09-01 16:44:59.853000+00:00,2025-09-01 16:30:00+00:00,continuous,108890.1,108987.8,108720.8,108835.4,61146856.6898001
2025-09-01 16:59:59.892000+00:00,2025-09-01 16:45:00+00:00,continuous,108835.5,108949.5,108643.7,108732.6,63124074.127999924
2025-09-01 17:14:59.934000+00:00,2025-09-01 17:00:00+00:00,continuous,108732.5,108824.2,108350.0,108515.5,192076349.4589006
2025-09-01 17:29:59.793000+00:00,2025-09-01 17:15:00+00:00,continuous,108515.4,108656.9,108443.7,108583.4,157033704.50390112
2025-09-01 17:44:59.534000+00:00,2025-09-01 17:30:00+00:00,continuous,108583.4,108821.8,108474.9,108808.0,148289474.49209967
2025-09-01 17:59:58.706000+00:00,2025-09-01 17:45:00+00:00,continuous,108808.0,108920.3,108686.3,108882.0,78905133.21439996
2025-09-01 18:14:59.611000+00:00,2025-09-01 18:00:00+00:00,continuous,108882.0,109039.3,108872.9,109039.3,73304562.16409981
2025-09-01 18:29:59.892000+00:00,2025-09-01 18:15:00+00:00,continuous,109039.3,109181.2,108962.1,109132.7,98356691.04389997
2025-09-01 18:44:59.501000+00:00,2025-09-01 18:30:00+00:00,continuous,109132.7,109173.3,108952.2,109097.2,73740027.37680022
2025-09-01 18:59:58.850000+00:00,2025-09-01 18:45:00+00:00,continuous,109097.3,109230.0,109097.2,109188.4,66592718.46060009
2025-09-01 19:14:59.550000+00:00,2025-09-01 19:00:00+00:00,continuous,109188.4,109262.8,109133.3,109168.0,42675181.00789994
2025-09-01 19:29:59.460000+00:00,2025-09-01 19:15:00+00:00,continuous,109168.1,109298.6,109125.3,109137.8,55433505.24270001
2025-09-01 19:44:59.969000+00:00,2025-09-01 19:30:00+00:00,continuous,109137.8,109281.7,109125.4,109222.2,32013428.709599998
2025-09-01 19:59:59.370000+00:00,2025-09-01 19:45:00+00:00,continuous,109222.1,109224.9,109125.0,109178.7,44346030.8167001
2025-09-01 20:14:59.248000+00:00,2025-09-01 20:00:00+00:00,continuous,109178.7,109181.6,109010.2,109054.5,66217836.749400005
2025-09-01 20:29:59.132000+00:00,2025-09-01 20:15:00+00:00,continuous,109054.6,109070.9,108964.0,109036.7,40701749.734300286
2025-09-01 20:44:59.914000+00:00,2025-09-01 20:30:00+00:00,continuous,109036.7,109046.1,108415.0,108415.0,262234224.64480072
2025-09-01 20:59:59.901000+00:00,2025-09-01 20:45:00+00:00,continuous,108415.0,108839.8,108215.7,108839.7,461359545.71919864
2025-09-01 21:14:59.920000+00:00,2025-09-01 21:00:00+00:00,continuous,108839.6,108899.7,108374.0,108374.0,193264387.75219965
2025-09-01 21:29:59.947000+00:00,2025-09-01 21:15:00+00:00,continuous,108374.0,108523.9,108050.0,108088.9,254972878.94790125
2025-09-01 21:44:59.901000+00:00,2025-09-01 21:30:00+00:00,continuous,108089.0,108089.0,107400.0,107535.0,512393378.73879796
2025-09-01 21:59:59.800000+00:00,2025-09-01 21:45:00+00:00,continuous,107535.0,107775.3,107449.8,107744.5,212292352.43010023
2025-09-01 22:14:59.781000+00:00,2025-09-01 22:00:00+00:00,continuous,107744.5,107933.0,107533.4,107867.0,199331167.04519948
2025-09-01 22:29:59.636000+00:00,2025-09-01 22:15:00+00:00,continuous,107866.9,108172.7,107848.3,107995.7,190181317.09379974
2025-09-01 22:44:59.852000+00:00,2025-09-01 22:30:00+00:00,continuous,107995.8,108158.7,107891.1,108004.4,145475210.29399985
2025-09-01 22:59:59.319000+00:00,2025-09-01 22:45:00+00:00,continuous,108004.3,108454.9,107981.5,108386.2,129826696.80809988
2025-09-01 23:14:59.778000+00:00,2025-09-01 23:00:00+00:00,continuous,108386.3,108725.1,108369.8,108704.8,174153327.67439994
2025-09-01 23:29:59.922000+00:00,2025-09-01 23:15:00+00:00,continuous,108704.7,108751.6,108550.8,108751.6,81824024.74700004
2025-09-01 23:44:59.634000+00:00,2025-09-01 23:30:00+00:00,continuous,108751.5,109088.0,108632.4,109061.7,195098865.1792
2025-09-01 23:59:59.798000+00:00,2025-09-01 23:45:00+00:00,continuous,109061.8,109410.5,109047.8,109187.9,282932726.5507996
2025-09-02 00:14:59.773000+00:00,2025-09-02 00:00:00+00:00,continuous,109187.9,109228.0,109002.3,109045.0,133529429.82590081
2025-09-02 00:29:59.848000+00:00,2025-09-02 00:15:00+00:00,continuous,109045.2,109298.9,108975.6,108975.6,133116188.86079948
2025-09-02 00:44:59.981000+00:00,2025-09-02 00:30:00+00:00,continuous,108975.6,109063.9,108834.9,108834.9,175189600.74109933
2025-09-02 00:59:59.447000+00:00,2025-09-02 00:45:00+00:00,continuous,108834.9,109076.9,108834.9,108985.3,69388028.18569997
2025-09-02 01:14:59.944000+00:00,2025-09-02 01:00:00+00:00,continuous,108985.4,109202.6,108970.3,109151.0,138566318.51780054
2025-09-02 01:29:59.770000+00:00,2025-09-02 01:15:00+00:00,continuous,109151.1,109219.4,109003.4,109157.7,75907358.49639995
2025-09-02 01:44:59.969000+00:00,2025-09-02 01:30:00+00:00,continuous,109157.6,109499.0,108924.8,109439.3,256817431.77769947
2025-09-02 01:59:59.522000+00:00,2025-09-02 01:45:00+00:00,continuous,109439.4,109573.7,109250.1,109262.3,202980823.11250022
2025-09-02 02:14:59.584000+00:00,2025-09-02 02:00:00+00:00,continuous,109262.3,109488.0,109230.7,109304.4,93786547.67359957
2025-09-02 02:29:59.367000+00:00,2025-09-02 02:15:00+00:00,continuous,109304.4,109562.8,109121.1,109489.9,120230502.80200058
2025-09-02 02:44:59.948000+00:00,2025-09-02 02:30:00+00:00,continuous,109489.9,109631.0,109404.8,109581.1,101109727.51190017
2025-09-02 02:59:59.959000+00:00,2025-09-02 02:45:00+00:00,continuous,109581.1,110247.6,109557.3,110210.1,473670484.1215991
2025-09-02 03:14:59.913000+00:00,2025-09-02 03:00:00+00:00,continuous,110210.0,110393.5,110011.7,110329.1,421250199.78689975
2025-09-02 03:29:59.699000+00:00,2025-09-02 03:15:00+00:00,continuous,110329.1,110597.9,110070.0,110110.0,395876857.0638005
2025-09-02 03:44:59.801000+00:00,2025-09-02 03:30:00+00:00,continuous,110109.9,110385.0,110070.3,110283.1,224552346.335601
2025-09-02 03:59:59.725000+00:00,2025-09-02 03:45:00+00:00,continuous,110283.0,110461.5,110252.9,110286.0,88665552.31729986
2025-09-02 04:14:59.947000+00:00,2025-09-02 04:00:00+00:00,continuous,110286.0,110322.2,110169.8,110322.2,107837305.44239956
2025-09-02 04:29:59.311000+00:00,2025-09-02 04:15:00+00:00,continuous,110322.3,110378.5,110200.0,110268.4,76927497.50140004
2025-09-02 04:44:59.548000+00:00,2025-09-02 04:30:00+00:00,continuous,110268.5,110329.2,110127.0,110192.0,75219800.25700009
2025-09-02 04:59:59.942000+00:00,2025-09-02 04:45:00+00:00,continuous,110192.0,110279.9,110110.0,110272.1,91883445.77329972
2025-09-02 05:14:59.386000+00:00,2025-09-02 05:00:00+00:00,continuous,110272.1,110300.0,110002.7,110148.1,103478046.1417002
2025-09-02 05:29:59.869000+00:00,2025-09-02 05:15:00+00:00,continuous,110148.2,110227.8,110051.2,110108.8,57877329.116399914
2025-09-02 05:44:59.658000+00:00,2025-09-02 05:30:00+00:00,continuous,110108.9,110163.6,110061.9,110074.2,53715301.51589994
2025-09-02 05:59:59.582000+00:00,2025-09-02 05:45:00+00:00,continuous,110074.2,110273.0,110074.2,110164.6,59788977.733999774
2025-09-02 06:14:59.983000+00:00,2025-09-02 06:00:00+00:00,continuous,110164.6,110343.0,110123.9,110311.8,79119185.90800032
2025-09-02 06:29:59.755000+00:00,2025-09-02 06:15:00+00:00,continuous,110311.7,110443.1,110286.6,110387.9,94852875.4326998
2025-09-02 06:44:59.485000+00:00,2025-09-02 06:30:00+00:00,continuous,110388.0,110571.9,110361.3,110377.1,109400504.32299966
2025-09-02 06:59:59.566000+00:00,2025-09-02 06:45:00+00:00,continuous,110377.1,110429.3,110289.7,110326.7,95295118.12570038
2025-09-02 07:14:59.945000+00:00,2025-09-02 07:00:00+00:00,continuous,110326.7,110334.6,110120.6,110128.1,125368426.47659972
2025-09-02 07:29:59.641000+00:00,2025-09-02 07:15:00+00:00,continuous,110128.1,110250.0,110101.5,110191.4,86681394.61080013
2025-09-02 07:44:59.878000+00:00,2025-09-02 07:30:00+00:00,continuous,110191.3,110258.4,110081.0,110225.7,101154412.37090005
2025-09-02 07:59:59.872000+00:00,2025-09-02 07:45:00+00:00,continuous,110225.9,110359.1,109932.4,110190.1,216461935.4576993
2025-09-02 08:14:59.917000+00:00,2025-09-02 08:00:00+00:00,continuous,110190.1,110311.3,109997.2,109999.9,155569695.23120016
2025-09-02 08:29:59.965000+00:00,2025-09-02 08:15:00+00:00,continuous,110000.0,110292.1,109993.4,110256.5,94128110.57830022
2025-09-02 08:44:59.990000+00:00,2025-09-02 08:30:00+00:00,continuous,110256.6,110524.4,110059.0,110459.9,174815171.51519966
2025-09-02 08:59:59.590000+00:00,2025-09-02 08:45:00+00:00,continuous,110460.0,110700.0,110297.2,110313.9,284437840.5628003
2025-09-02 09:14:59.891000+00:00,2025-09-02 09:00:00+00:00,continuous,110314.0,110656.9,110220.2,110554.6,147229817.9640008
2025-09-02 09:29:59.656000+00:00,2025-09-02 09:15:00+00:00,continuous,110554.6,110627.4,110271.3,110271.3,154120794.6227993
2025-09-02 09:44:59.830000+00:00,2025-09-02 09:30:00+00:00,continuous,110271.4,110396.7,110201.0,110337.7,102729620.79119955
2025-09-02 09:59:59.626000+00:00,2025-09-02 09:45:00+00:00,continuous,110337.7,110408.1,110246.3,110408.0,52509143.28130001
2025-09-02 10:14:59.961000+00:00,2025-09-02 10:00:00+00:00,continuous,110408.0,110435.7,110278.8,110396.6,88293638.50959954
2025-09-02 10:29:59.900000+00:00,2025-09-02 10:15:00+00:00,continuous,110396.7,110422.8,110193.8,110196.0,49410359.791999996
2025-09-02 10:44:59.979000+00:00,2025-09-02 10:30:00+00:00,continuous,110196.0,110300.0,110131.1,110198.9,67528706.86039965
2025-09-02 10:59:59.998000+00:00,2025-09-02 10:45:00+00:00,continuous,110198.9,110224.0,110082.6,110202.7,74546520.04919982
2025-09-02 11:14:59.991000+00:00,2025-09-02 11:00:00+00:00,continuous,110202.8,110211.0,110013.2,110027.7,79159019.76039982
2025-09-02 11:29:59.992000+00:00,2025-09-02 11:15:00+00:00,continuous,110027.7,110132.0,109845.0,109852.9,166479965.8941985
2025-09-02 11:44:59.521000+00:00,2025-09-02 11:30:00+00:00,continuous,109853.0,109950.0,109839.7,109865.9,103810872.40699978
2025-09-02 11:59:59.889000+00:00,2025-09-02 11:45:00+00:00,continuous,109866.0,109901.0,109501.7,109698.6,280317201.6109006
2025-09-02 12:14:59.924000+00:00,2025-09-02 12:00:00+00:00,continuous,109698.6,109804.5,109333.0,109364.5,420664188.16400266
2025-09-02 12:29:59.830000+00:00,2025-09-02 12:15:00+00:00,continuous,109364.6,109496.2,109250.0,109389.5,212109254.33010137
2025-09-02 12:44:59.838000+00:00,2025-09-02 12:30:00+00:00,continuous,109389.5,109437.8,108612.1,108708.1,537632038.5177027
2025-09-02 12:59:59.816000+00:00,2025-09-02 12:45:00+00:00,continuous,108708.1,108800.2,108333.0,108749.6,875901801.2466946
2025-09-02 13:14:59.699000+00:00,2025-09-02 13:00:00+00:00,continuous,108749.5,109236.9,108687.9,109136.2,413660800.911796
2025-09-02 13:29:59.914000+00:00,2025-09-02 13:15:00+00:00,continuous,109136.2,109541.2,109132.5,109325.2,437107126.8959031
2025-09-02 13:44:59.939000+00:00,2025-09-02 13:30:00+00:00,continuous,109325.1,110507.5,108990.7,110432.6,1366971111.4176154
2025-09-02 13:59:59.946000+00:00,2025-09-02 13:45:00+00:00,continuous,110432.6,111243.9,110360.8,111113.4,1147133100.0526867
2025-09-02 14:14:59.931000+00:00,2025-09-02 14:00:00+00:00,continuous,111113.3,111494.9,110737.7,110976.9,737861797.193409
2025-09-02 14:29:59.943000+00:00,2025-09-02 14:15:00+00:00,continuous,110976.8,111496.0,110765.1,111422.8,457022748.09610194
2025-09-02 14:44:59.938000+00:00,2025-09-02 14:30:00+00:00,continuous,111422.9,111742.1,111300.0,111484.1,612029285.2301991
2025-09-02 14:59:59.916000+00:00,2025-09-02 14:45:00+00:00,continuous,111484.1,111570.4,111061.1,111308.5,339912137.9160029
2025-09-02 15:14:59.748000+00:00,2025-09-02 15:00:00+00:00,continuous,111308.6,111350.0,110887.5,111345.9,370480559.59400123
2025-09-02 15:29:59.952000+00:00,2025-09-02 15:15:00+00:00,continuous,111345.9,111480.2,110985.1,111209.9,212089429.26659995
2025-09-02 15:44:59.841000+00:00,2025-09-02 15:30:00+00:00,continuous,111210.0,111227.9,110837.1,110916.7,237360818.5199987
2025-09-02 15:59:59.882000+00:00,2025-09-02 15:45:00+00:00,continuous,110916.7,111045.1,110555.8,110789.9,392259683.8364999
2025-09-02 16:14:59.957000+00:00,2025-09-02 16:00:00+00:00,continuous,110789.9,111044.7,110758.8,110919.8,191524002.87149948
2025-09-02 16:29:59.983000+00:00,2025-09-02 16:15:00+00:00,continuous,110919.8,111076.8,110418.0,110442.7,294651467.87500024
2025-09-02 16:44:59.755000+00:00,2025-09-02 16:30:00+00:00,continuous,110442.7,110779.5,110442.6,110534.9,170774191.4282006
2025-09-02 16:59:59.912000+00:00,2025-09-02 16:45:00+00:00,continuous,110535.0,110745.7,110465.0,110745.7,131139852.29030026
2025-09-02 17:14:59.827000+00:00,2025-09-02 17:00:00+00:00,continuous,110745.7,110900.0,110579.0,110617.5,147797820.19550058
2025-09-02 17:29:59.484000+00:00,2025-09-02 17:15:00+00:00,continuous,110617.4,110885.7,110601.8,110828.9,99137934.83060041
2025-09-02 17:44:59.835000+00:00,2025-09-02 17:30:00+00:00,continuous,110828.9,110966.6,110640.5,110808.0,131139416.46460055
2025-09-02 17:59:59.895000+00:00,2025-09-02 17:45:00+00:00,continuous,110808.1,111000.0,110807.7,110853.8,86097924.62970003
2025-09-02 18:14:59.691000+00:00,2025-09-02 18:00:00+00:00,continuous,110853.8,110890.7,110407.2,110493.0,182491479.25369838
2025-09-02 18:29:59.675000+00:00,2025-09-02 18:15:00+00:00,continuous,110493.1,110640.0,110347.9,110420.1,118447956.6594999
2025-09-02 18:44:59.284000+00:00,2025-09-02 18:30:00+00:00,continuous,110420.2,110538.3,110311.2,110462.4,93044514.36420035
2025-09-02 18:59:59.818000+00:00,2025-09-02 18:45:00+00:00,continuous,110462.4,110785.8,110118.5,110584.1,305677654.5704993
2025-09-02 19:14:59.698000+00:00,2025-09-02 19:00:00+00:00,continuous,110584.0,110792.1,110462.9,110487.1,125829988.12299949
2025-09-02 19:29:59.980000+00:00,2025-09-02 19:15:00+00:00,continuous,110487.1,110615.3,110401.1,110459.4,86544691.52829984
2025-09-02 19:44:59.987000+00:00,2025-09-02 19:30:00+00:00,continuous,110459.4,110688.6,110390.2,110613.1,63808866.59189999
2025-09-02 19:59:59.943000+00:00,2025-09-02 19:45:00+00:00,continuous,110613.1,110760.5,110514.7,110742.9,68949252.37390007
2025-09-02 20:14:59.843000+00:00,2025-09-02 20:00:00+00:00,continuous,110742.8,111154.3,110650.8,111137.4,205308788.38090044
2025-09-02 20:29:59.712000+00:00,2025-09-02 20:15:00+00:00,continuous,111137.4,111299.9,111086.1,111205.7,177441126.34649974
2025-09-02 20:44:59.943000+00:00,2025-09-02 20:30:00+00:00,continuous,111205.7,111327.6,111013.8,111238.0,138046020.82670018
2025-09-02 20:59:59.315000+00:00,2025-09-02 20:45:00+00:00,continuous,111238.0,111373.4,111152.8,111356.1,107618178.61340013
2025-09-02 21:14:59.574000+00:00,2025-09-02 21:00:00+00:00,continuous,111356.1,111473.7,111312.6,111459.9,93882968.99369961
2025-09-02 21:29:59.471000+00:00,2025-09-02 21:15:00+00:00,continuous,111459.9,111487.9,111201.1,111251.1,111394369.16499963
2025-09-02 21:44:59.309000+00:00,2025-09-02 21:30:00+00:00,continuous,111251.1,111437.8,111251.0,111301.8,74072999.82149987
2025-09-02 21:59:59.468000+00:00,2025-09-02 21:45:00+00:00,continuous,111301.7,111301.8,111066.0,111066.1,87036362.70350014
2025-09-02 22:14:59.410000+00:00,2025-09-02 22:00:00+00:00,continuous,111066.1,111086.0,110812.4,111067.9,269115570.6472988
2025-09-02 22:29:59.611000+00:00,2025-09-02 22:15:00+00:00,continuous,111068.0,111127.4,110939.8,110999.9,64198654.205300175
2025-09-02 22:44:59.715000+00:00,2025-09-02 22:30:00+00:00,continuous,110999.8,111201.0,110920.0,111140.5,67224199.19990009
2025-09-02 22:59:59.416000+00:00,2025-09-02 22:45:00+00:00,continuous,111140.4,111216.2,111100.7,111216.1,38657215.14729995
2025-09-02 23:14:59.969000+00:00,2025-09-02 23:00:00+00:00,continuous,111216.1,111230.7,111010.2,111184.9,57681557.88649983
2025-09-02 23:29:59.237000+00:00,2025-09-02 23:15:00+00:00,continuous,111184.9,111201.1,111000.0,111021.8,49979092.66789988
2025-09-02 23:44:59.588000+00:00,2025-09-02 23:30:00+00:00,continuous,111021.9,111111.0,110958.5,111057.7,40076605.09240009
2025-09-02 23:59:59.884000+00:00,2025-09-02 23:45:00+00:00,continuous,111057.7,111188.0,111030.0,111188.0,36590304.42890002
2025-09-03 00:14:59.938000+00:00,2025-09-03 00:00:00+00:00,continuous,111187.9,111499.0,111173.2,111476.1,164932352.23680067
2025-09-03 00:29:59.805000+00:00,2025-09-03 00:15:00+00:00,continuous,111476.1,111732.9,111404.9,111587.3,176851994.8298995
2025-09-03 00:44:59.811000+00:00,2025-09-03 00:30:00+00:00,continuous,111587.2,111633.5,111355.2,111355.2,134553307.2486007
2025-09-03 00:59:59.657000+00:00,2025-09-03 00:45:00+00:00,continuous,111355.3,111402.3,111220.8,111283.2,111275705.97239989
2025-09-03 01:14:59.805000+00:00,2025-09-03 01:00:00+00:00,continuous,111283.1,111346.4,111082.7,111167.1,87972104.8258998
2025-09-03 01:29:59.546000+00:00,2025-09-03 01:15:00+00:00,continuous,111167.1,111189.0,110890.2,110928.7,118606538.15890035
2025-09-03 01:44:59.390000+00:00,2025-09-03 01:30:00+00:00,continuous,110928.8,110997.6,110842.7,110877.5,93501116.09960006
2025-09-03 01:59:59.642000+00:00,2025-09-03 01:45:00+00:00,continuous,110877.5,111149.8,110850.4,111120.0,87085657.2425001
2025-09-03 02:14:58.416000+00:00,2025-09-03 02:00:00+00:00,continuous,111120.0,111366.3,110972.3,111050.9,122990792.8197994
2025-09-03 02:29:59.458000+00:00,2025-09-03 02:15:00+00:00,continuous,111050.8,111350.0,111040.6,111332.2,97297169.68800029
2025-09-03 02:44:59.961000+00:00,2025-09-03 02:30:00+00:00,continuous,111332.2,111332.2,111139.9,111287.0,65605327.116200015
2025-09-03 02:59:59.643000+00:00,2025-09-03 02:45:00+00:00,continuous,111287.0,111442.2,111286.6,111327.9,64424911.55239998
2025-09-03 03:14:59.878000+00:00,2025-09-03 03:00:00+00:00,continuous,111327.9,111358.0,110980.2,111031.7,120099892.78609982
2025-09-03 03:29:59.805000+00:00,2025-09-03 03:15:00+00:00,continuous,111031.7,111124.3,110928.5,111012.8,72763820.85450009
2025-09-03 03:44:59.930000+00:00,2025-09-03 03:30:00+00:00,continuous,111012.7,111012.7,110844.0,110901.6,66134742.59700006
2025-09-03 03:59:59.068000+00:00,2025-09-03 03:45:00+00:00,continuous,110901.6,111077.0,110891.2,110991.7,48645336.98930011
2025-09-03 04:14:59.919000+00:00,2025-09-03 04:00:00+00:00,continuous,110991.8,111117.5,110855.7,110855.7,105242419.12939987
2025-09-03 04:29:58.972000+00:00,2025-09-03 04:15:00+00:00,continuous,110855.7,111055.6,110783.6,110965.8,73339726.9672997
2025-09-03 04:44:59.899000+00:00,2025-09-03 04:30:00+00:00,continuous,110965.8,111044.9,110923.1,110977.7,33078626.91519992
2025-09-03 04:59:59.543000+00:00,2025-09-03 04:45:00+00:00,continuous,110977.7,111048.4,110915.0,110966.7,22724314.307700083
2025-09-03 05:14:59.766000+00:00,2025-09-03 05:00:00+00:00,continuous,110966.7,111022.7,110811.3,110858.3,51553696.86419995
2025-09-03 05:29:58.417000+00:00,2025-09-03 05:15:00+00:00,continuous,110858.4,110874.7,110644.0,110730.7,105044174.27460037
2025-09-03 05:44:59.440000+00:00,2025-09-03 05:30:00+00:00,continuous,110730.7,110804.6,110682.5,110729.3,40806211.721199796
2025-09-03 05:59:59.717000+00:00,2025-09-03 05:45:00+00:00,continuous,110729.3,110745.4,110613.2,110647.6,53046552.087899975
2025-09-03 06:14:59.654000+00:00,2025-09-03 06:00:00+00:00,continuous,110647.6,110706.2,110523.0,110654.4,164691236.2331999
2025-09-03 06:29:59.172000+00:00,2025-09-03 06:15:00+00:00,continuous,110654.4,110792.7,110609.0,110770.0,78532260.86140029
2025-09-03 06:44:59.774000+00:00,2025-09-03 06:30:00+00:00,continuous,110769.9,110843.0,110680.9,110702.3,61233335.79119969
2025-09-03 06:59:59.938000+00:00,2025-09-03 06:45:00+00:00,continuous,110702.2,110770.0,110623.0,110676.6,33904377.20319994
2025-09-03 07:14:59.859000+00:00,2025-09-03 07:00:00+00:00,continuous,110676.5,110809.2,110530.0,110717.5,93513287.01139972
2025-09-03 07:29:59.737000+00:00,2025-09-03 07:15:00+00:00,continuous,110717.6,110740.0,110486.9,110740.0,122220688.64879966
2025-09-03 07:44:59.937000+00:00,2025-09-03 07:30:00+00:00,continuous,110740.0,110948.0,110740.0,110893.3,98187336.87610002
2025-09-03 07:59:59.887000+00:00,2025-09-03 07:45:00+00:00,continuous,110893.3,111065.5,110871.8,111041.5,94312197.03650032
2025-09-03 08:14:59.945000+00:00,2025-09-03 08:00:00+00:00,continuous,111041.4,111211.0,111000.0,111166.5,139483129.93669915
2025-09-03 08:29:59.884000+00:00,2025-09-03 08:15:00+00:00,continuous,111166.5,111221.0,110991.6,111073.2,107971578.45930022
2025-09-03 08:44:58.891000+00:00,2025-09-03 08:30:00+00:00,continuous,111073.1,111085.4,110953.3,111013.6,67681455.98829986
2025-09-03 08:59:59.892000+00:00,2025-09-03 08:45:00+00:00,continuous,111013.6,111029.6,110923.0,110974.9,35813540.94829986
2025-09-03 09:14:59.551000+00:00,2025-09-03 09:00:00+00:00,continuous,110974.8,111026.7,110843.0,110866.9,64259231.18750018
2025-09-03 09:29:59.990000+00:00,2025-09-03 09:15:00+00:00,continuous,110866.9,111238.0,110866.9,111080.1,103280170.76120025
2025-09-03 09:44:58.560000+00:00,2025-09-03 09:30:00+00:00,continuous,111080.0,111200.0,111055.0,111150.4,50306225.874799795
2025-09-03 09:59:59.824000+00:00,2025-09-03 09:45:00+00:00,continuous,111150.6,111283.6,111092.4,111261.2,54171843.520799905
2025-09-03 10:14:59.557000+00:00,2025-09-03 10:00:00+00:00,continuous,111261.2,111325.0,111112.9,111293.6,80973208.48319982
2025-09-03 10:29:59.364000+00:00,2025-09-03 10:15:00+00:00,continuous,111293.6,111432.7,111267.2,111420.0,89059426.56959979
2025-09-03 10:44:59.387000+00:00,2025-09-03 10:30:00+00:00,continuous,111419.9,111438.0,111345.1,111395.9,61979670.538999975
2025-09-03 10:59:59.230000+00:00,2025-09-03 10:45:00+00:00,continuous,111396.0,111424.9,111256.6,111402.0,65086732.042599835
2025-09-03 11:14:59.785000+00:00,2025-09-03 11:00:00+00:00,continuous,111402.0,111670.0,111367.5,111594.4,186786876.26539984
2025-09-03 11:29:58.224000+00:00,2025-09-03 11:15:00+00:00,continuous,111594.3,111611.4,111366.0,111453.0,91902449.62140007
2025-09-03 11:44:59.974000+00:00,2025-09-03 11:30:00+00:00,continuous,111453.1,111557.6,111338.5,111532.9,77379777.40840028
2025-09-03 11:59:59.797000+00:00,2025-09-03 11:45:00+00:00,continuous,111532.8,111532.9,111384.6,111391.6,46896928.90300012
2025-09-03 12:14:59.777000+00:00,2025-09-03 12:00:00+00:00,continuous,111391.6,111575.0,111391.6,111411.5,64113861.884600036
2025-09-03 12:29:59.974000+00:00,2025-09-03 12:15:00+00:00,continuous,111410.5,111570.9,111403.3,111466.8,60378363.033700116
2025-09-03 12:44:59.856000+00:00,2025-09-03 12:30:00+00:00,continuous,111466.7,111831.4,111200.0,111206.2,299292673.80430216
2025-09-03 12:59:59.958000+00:00,2025-09-03 12:45:00+00:00,continuous,111206.2,111290.0,110966.8,111051.0,296768305.81520146
2025-09-03 13:14:59.885000+00:00,2025-09-03 13:00:00+00:00,continuous,111051.0,111301.7,111011.3,111290.6,176532789.30710062
2025-09-03 13:29:59.848000+00:00,2025-09-03 13:15:00+00:00,continuous,111290.6,111425.3,111255.8,111284.2,129045814.88279988
2025-09-03 13:44:59.963000+00:00,2025-09-03 13:30:00+00:00,continuous,111284.1,111666.0,111040.0,111607.7,350734418.80850095
2025-09-03 13:59:59.986000+00:00,2025-09-03 13:45:00+00:00,continuous,111607.7,111869.8,111248.3,111409.4,517048988.7605945
2025-09-03 14:14:59.920000+00:00,2025-09-03 14:00:00+00:00,continuous,111409.4,111799.8,111146.1,111153.0,431935329.3914996
2025-09-03 14:29:59.983000+00:00,2025-09-03 14:15:00+00:00,continuous,111153.0,111530.1,111047.6,111390.8,379207929.4549019
2025-09-03 14:44:59.925000+00:00,2025-09-03 14:30:00+00:00,continuous,111390.7,112470.5,111390.7,112442.2,904021942.1941973
2025-09-03 14:59:59.892000+00:00,2025-09-03 14:45:00+00:00,continuous,112442.3,112464.4,112001.2,112208.3,429044977.35670114
2025-09-03 15:14:59.875000+00:00,2025-09-03 15:00:00+00:00,continuous,112208.8,112334.7,112056.0,112056.0,265454431.13880023
2025-09-03 15:29:59.859000+00:00,2025-09-03 15:15:00+00:00,continuous,112056.0,112136.8,111850.0,111900.9,198041148.41909873
2025-09-03 15:44:59.771000+00:00,2025-09-03 15:30:00+00:00,continuous,111900.8,112266.0,111880.0,112262.0,189213920.47340086
2025-09-03 15:59:59.891000+00:00,2025-09-03 15:45:00+00:00,continuous,112261.9,112303.5,112106.5,112168.6,106842149.49319972
2025-09-03 16:14:59.559000+00:00,2025-09-03 16:00:00+00:00,continuous,112168.5,112296.8,112029.5,112129.9,118420238.10599966
2025-09-03 16:29:59.704000+00:00,2025-09-03 16:15:00+00:00,continuous,112130.0,112130.0,111833.0,111913.2,137570925.06750053
2025-09-03 16:44:59.878000+00:00,2025-09-03 16:30:00+00:00,continuous,111913.3,112065.5,111660.0,111682.2,186376261.00049934
2025-09-03 16:59:59.739000+00:00,2025-09-03 16:45:00+00:00,continuous,111682.2,111810.0,111626.0,111810.0,125893023.86280051
2025-09-03 17:14:59.931000+00:00,2025-09-03 17:00:00+00:00,continuous,111809.9,112357.7,111800.0,112327.6,186367653.61420098
2025-09-03 17:29:59.986000+00:00,2025-09-03 17:15:00+00:00,continuous,112327.6,112433.6,112240.6,112392.4,167168543.04019982
2025-09-03 17:44:59.690000+00:00,2025-09-03 17:30:00+00:00,continuous,112392.5,112416.0,112200.6,112246.1,123991058.43229958
2025-09-03 17:59:59.591000+00:00,2025-09-03 17:45:00+00:00,continuous,112246.0,112541.2,112193.0,112251.8,181434093.3390992
2025-09-03 18:14:59.674000+00:00,2025-09-03 18:00:00+00:00,continuous,112251.8,112467.4,112197.6,112331.3,104956020.23439951
2025-09-03 18:29:59.980000+00:00,2025-09-03 18:15:00+00:00,continuous,112331.2,112334.0,112067.9,112090.4,89220976.24099989
2025-09-03 18:44:59.263000+00:00,2025-09-03 18:30:00+00:00,continuous,112090.5,112090.5,111790.0,111835.9,125056580.93939996
2025-09-03 18:59:59.684000+00:00,2025-09-03 18:45:00+00:00,continuous,111835.9,111952.9,111740.9,111952.8,93004613.06829992
2025-09-03 19:14:59.278000+00:00,2025-09-03 19:00:00+00:00,continuous,111952.9,111952.9,111757.5,111757.6,61663505.6766002
2025-09-03 19:29:59.382000+00:00,2025-09-03 19:15:00+00:00,continuous,111757.6,111905.3,111724.1,111857.6,61267463.591000095
2025-09-03 19:44:59.718000+00:00,2025-09-03 19:30:00+00:00,continuous,111857.6,111951.3,111734.8,111794.2,50157042.9598999
2025-09-03 19:59:59.661000+00:00,2025-09-03 19:45:00+00:00,continuous,111794.2,112183.4,111777.9,112139.9,141753807.09209952
2025-09-03 20:14:59.974000+00:00,2025-09-03 20:00:00+00:00,continuous,112140.0,112196.8,112033.4,112056.7,62078316.367000006
2025-09-03 20:29:59.992000+00:00,2025-09-03 20:15:00+00:00,continuous,112056.7,112092.4,111984.4,112081.4,55570932.936900154
2025-09-03 20:44:59.910000+00:00,2025-09-03 20:30:00+00:00,continuous,112081.4,112119.2,112022.9,112084.3,20903983.05239995
2025-09-03 20:59:59.750000+00:00,2025-09-03 20:45:00+00:00,continuous,112084.2,112166.8,112080.0,112166.8,48571217.42699996
2025-09-03 21:14:59.860000+00:00,2025-09-03 21:00:00+00:00,continuous,112166.8,112207.1,112082.4,112088.4,30662059.66619997
2025-09-03 21:29:59.703000+00:00,2025-09-03 21:15:00+00:00,continuous,112088.4,112135.7,112000.0,112046.8,35714976.911000066
2025-09-03 21:44:59.875000+00:00,2025-09-03 21:30:00+00:00,continuous,112046.8,112058.4,111740.5,111817.9,69748986.76129958
2025-09-03 21:59:58.980000+00:00,2025-09-03 21:45:00+00:00,continuous,111818.0,111975.6,111700.0,111936.6,47863229.298499666
2025-09-03 22:14:58.405000+00:00,2025-09-03 22:00:00+00:00,continuous,111936.6,112059.5,111930.7,112041.5,45627546.1534001
2025-09-03 22:29:58.789000+00:00,2025-09-03 22:15:00+00:00,continuous,112041.5,112093.5,111890.7,111903.0,39750596.443200074
2025-09-03 22:44:59.957000+00:00,2025-09-03 22:30:00+00:00,continuous,111903.0,111903.1,111809.9,111880.1,48168367.81460004
2025-09-03 22:59:59.801000+00:00,2025-09-03 22:45:00+00:00,continuous,111880.1,111934.8,111777.7,111899.9,33923069.67189998
2025-09-03 23:14:59.583000+00:00,2025-09-03 23:00:00+00:00,continuous,111899.9,111935.7,111782.0,111810.5,31416092.774800032
2025-09-03 23:29:59.935000+00:00,2025-09-03 23:15:00+00:00,continuous,111810.6,111887.3,111705.0,111750.0,67437214.43529989
2025-09-03 23:44:59.906000+00:00,2025-09-03 23:30:00+00:00,continuous,111750.0,111784.4,111550.9,111605.8,118097970.7795004
2025-09-03 23:59:59.948000+00:00,2025-09-03 23:45:00+00:00,continuous,111605.7,111709.0,111598.9,111659.8,73579815.92119977
2025-09-04 00:14:59.780000+00:00,2025-09-04 00:00:00+00:00,continuous,111659.7,111726.9,111556.0,111679.6,109903979.54699959
2025-09-04 00:29:59.286000+00:00,2025-09-04 00:15:00+00:00,continuous,111679.7,112045.0,111614.7,111955.0,114309089.98370023
2025-09-04 00:44:59.914000+00:00,2025-09-04 00:30:00+00:00,continuous,111954.9,112099.9,111900.0,112013.6,61632747.50190026
2025-09-04 00:59:59.446000+00:00,2025-09-04 00:45:00+00:00,continuous,112013.5,112136.8,111953.2,112015.4,44288279.26670009
2025-09-04 01:14:59.953000+00:00,2025-09-04 01:00:00+00:00,continuous,112015.3,112027.9,111641.0,111652.1,71621130.51160017
2025-09-04 01:29:58.957000+00:00,2025-09-04 01:15:00+00:00,continuous,111652.1,111745.6,111580.7,111745.6,66988554.41030023
2025-09-04 01:44:59.674000+00:00,2025-09-04 01:30:00+00:00,continuous,111745.5,111959.2,111718.1,111828.3,47408230.20020009
2025-09-04 01:59:59.138000+00:00,2025-09-04 01:45:00+00:00,continuous,111828.3,111900.0,111736.8,111900.0,28249258.168900084
2025-09-04 02:14:59.598000+00:00,2025-09-04 02:00:00+00:00,continuous,111899.9,111930.0,111747.7,111767.3,36114899.90830008
2025-09-04 02:29:59.930000+00:00,2025-09-04 02:15:00+00:00,continuous,111767.3,111776.4,111367.4,111367.5,186892863.67099845
2025-09-04 02:44:58.536000+00:00,2025-09-04 02:30:00+00:00,continuous,111367.4,111666.0,111344.9,111553.3,193234425.01550123
2025-09-04 02:59:59.948000+00:00,2025-09-04 02:45:00+00:00,continuous,111553.3,111604.5,111360.3,111409.6,72757446.91200005
2025-09-04 03:14:59.762000+00:00,2025-09-04 03:00:00+00:00,continuous,111409.6,111494.4,111282.0,111422.0,137474954.82739946
2025-09-04 03:29:59.972000+00:00,2025-09-04 03:15:00+00:00,continuous,111422.0,111678.7,111250.0,111332.5,181836753.2785002
2025-09-04 03:44:59.820000+00:00,2025-09-04 03:30:00+00:00,continuous,111332.4,111363.0,111200.0,111205.6,142377793.46200097
2025-09-04 03:59:59.900000+00:00,2025-09-04 03:45:00+00:00,continuous,111205.6,111238.6,111081.1,111107.1,166602303.83569896
2025-09-04 04:14:59.444000+00:00,2025-09-04 04:00:00+00:00,continuous,111107.1,111244.0,111060.0,111206.7,104054626.01209977
2025-09-04 04:29:59.837000+00:00,2025-09-04 04:15:00+00:00,continuous,111206.6,111283.7,111085.7,111085.7,90811301.0340997
2025-09-04 04:44:59.727000+00:00,2025-09-04 04:30:00+00:00,continuous,111085.7,111194.1,111052.8,111088.2,69123081.76600024
2025-09-04 04:59:59.650000+00:00,2025-09-04 04:45:00+00:00,continuous,111088.1,111124.8,110853.4,110870.8,170027554.09810022
2025-09-04 05:14:59.813000+00:00,2025-09-04 05:00:00+00:00,continuous,110870.9,110880.0,110630.0,110734.0,310165863.92520165
2025-09-04 05:29:59.880000+00:00,2025-09-04 05:15:00+00:00,continuous,110733.9,110782.2,110568.2,110765.6,240732309.4555002
2025-09-04 05:44:59.873000+00:00,2025-09-04 05:30:00+00:00,continuous,110765.6,110842.6,110517.2,110587.3,208715404.33730003
2025-09-04 05:59:59.796000+00:00,2025-09-04 05:45:00+00:00,continuous,110587.3,110652.3,110552.2,110613.3,88281065.29609992
2025-09-04 06:14:59.923000+00:00,2025-09-04 06:00:00+00:00,continuous,110613.3,110683.6,110521.5,110611.9,123809519.34419999
2025-09-04 06:29:59.355000+00:00,2025-09-04 06:15:00+00:00,continuous,110611.8,110611.9,110331.4,110472.2,248157377.0667006
2025-09-04 06:44:59.647000+00:00,2025-09-04 06:30:00+00:00,continuous,110472.2,110472.2,110320.0,110370.1,84713075.79590043
2025-09-04 06:59:59.896000+00:00,2025-09-04 06:45:00+00:00,continuous,110370.0,110461.5,110237.2,110350.0,124459842.76600018
2025-09-04 07:14:59.674000+00:00,2025-09-04 07:00:00+00:00,continuous,110349.9,110530.7,110301.0,110514.4,138968506.82050002
2025-09-04 07:29:59.903000+00:00,2025-09-04 07:15:00+00:00,continuous,110514.5,110598.4,110319.8,110384.4,110529726.25520004
2025-09-04 07:44:59.819000+00:00,2025-09-04 07:30:00+00:00,continuous,110384.4,110423.7,110299.7,110316.3,83908756.81510046
2025-09-04 07:59:59.970000+00:00,2025-09-04 07:45:00+00:00,continuous,110316.4,110480.1,110316.0,110417.3,96038536.52570006
2025-09-04 08:14:59.720000+00:00,2025-09-04 08:00:00+00:00,continuous,110417.3,110670.0,110366.0,110621.3,187245536.69309893
2025-09-04 08:29:59.790000+00:00,2025-09-04 08:15:00+00:00,continuous,110621.2,110754.4,110540.9,110750.0,119200081.61499968
2025-09-04 08:44:59.751000+00:00,2025-09-04 08:30:00+00:00,continuous,110750.0,110800.0,110599.0,110664.0,99320094.50339937
2025-09-04 08:59:59.754000+00:00,2025-09-04 08:45:00+00:00,continuous,110664.0,110664.1,110561.6,110595.3,43607268.61740017
2025-09-04 09:14:59.769000+00:00,2025-09-04 09:00:00+00:00,continuous,110595.4,110818.6,110595.4,110787.6,94111141.03290032
2025-09-04 09:29:59.843000+00:00,2025-09-04 09:15:00+00:00,continuous,110787.7,110800.0,110724.1,110754.3,47039218.06610012
2025-09-04 09:44:59.885000+00:00,2025-09-04 09:30:00+00:00,continuous,110754.4,110808.5,110701.7,110720.0,63753097.99260017
2025-09-04 09:59:59.727000+00:00,2025-09-04 09:45:00+00:00,continuous,110720.1,110764.1,110678.7,110764.1,42413279.12190018
2025-09-04 10:14:59.942000+00:00,2025-09-04 10:00:00+00:00,continuous,110764.1,111111.0,110715.9,110964.6,187878436.31129965
2025-09-04 10:29:59.955000+00:00,2025-09-04 10:15:00+00:00,continuous,110964.5,110996.7,110828.1,110830.3,82009019.0765001
2025-09-04 10:44:59.848000+00:00,2025-09-04 10:30:00+00:00,continuous,110830.3,110973.0,110810.6,110870.1,53691978.08169981
2025-09-04 10:59:59.733000+00:00,2025-09-04 10:45:00+00:00,continuous,110870.1,110888.3,110561.2,110569.0,150682883.1011999
2025-09-04 11:14:59.901000+00:00,2025-09-04 11:00:00+00:00,continuous,110568.9,110929.5,110478.9,110929.5,215740497.18419918
2025-09-04 11:29:59.709000+00:00,2025-09-04 11:15:00+00:00,continuous,110929.4,111009.5,110741.7,110872.8,145061590.61889982
2025-09-04 11:44:59.822000+00:00,2025-09-04 11:30:00+00:00,continuous,110872.8,110956.6,110850.0,110932.2,32713912.1158999
2025-09-04 11:59:59.404000+00:00,2025-09-04 11:45:00+00:00,continuous,110932.2,110969.6,110757.6,110763.9,79926257.95429981
2025-09-04 12:14:59.894000+00:00,2025-09-04 12:00:00+00:00,continuous,110763.8,110979.1,110723.0,110979.0,72095710.96990013
2025-09-04 12:29:59.719000+00:00,2025-09-04 12:15:00+00:00,continuous,110979.1,111081.6,110788.1,110841.2,120048464.76510035
2025-09-04 12:44:59.880000+00:00,2025-09-04 12:30:00+00:00,continuous,110841.2,110993.9,110463.8,110570.0,226317449.6691006
2025-09-04 12:59:59.940000+00:00,2025-09-04 12:45:00+00:00,continuous,110570.0,110933.4,110565.2,110887.6,111250644.5224999
2025-09-04 13:14:59.813000+00:00,2025-09-04 13:00:00+00:00,continuous,110888.8,110931.9,110717.0,110717.0,62649814.0009001
2025-09-04 13:29:59.918000+00:00,2025-09-04 13:15:00+00:00,continuous,110717.0,110872.0,110651.9,110729.6,96030459.40340021
2025-09-04 13:44:59.897000+00:00,2025-09-04 13:30:00+00:00,continuous,110729.6,110845.3,110376.0,110539.0,256850135.10639948
2025-09-04 13:59:59.968000+00:00,2025-09-04 13:45:00+00:00,continuous,110539.0,110558.8,110150.0,110421.2,312132424.69149816
2025-09-04 14:14:59.999000+00:00,2025-09-04 14:00:00+00:00,continuous,110421.1,110486.0,109676.0,109771.0,760248145.7962965
2025-09-04 14:29:59.800000+00:00,2025-09-04 14:15:00+00:00,continuous,109771.1,109992.9,109655.4,109903.0,298217830.22490144
2025-09-04 14:44:59.544000+00:00,2025-09-04 14:30:00+00:00,continuous,109902.9,110189.1,109851.5,110064.0,199676253.67580017
2025-09-04 14:59:59.639000+00:00,2025-09-04 14:45:00+00:00,continuous,110064.0,110148.0,109797.0,109799.9,126922172.84309992
2025-09-04 15:14:59.844000+00:00,2025-09-04 15:00:00+00:00,continuous,109800.0,109826.8,109352.3,109422.7,488761234.9817979
2025-09-04 15:29:59.959000+00:00,2025-09-04 15:15:00+00:00,continuous,109422.7,109556.0,109269.1,109465.4,249396423.7331989
2025-09-04 15:44:59.907000+00:00,2025-09-04 15:30:00+00:00,continuous,109465.5,109535.8,109335.0,109415.3,144861650.64660096
2025-09-04 15:59:59.978000+00:00,2025-09-04 15:45:00+00:00,continuous,109415.4,109609.1,109400.0,109448.0,140560696.5779
2025-09-04 16:14:59.935000+00:00,2025-09-04 16:00:00+00:00,continuous,109448.1,109648.7,109395.8,109597.3,163895008.5665993
2025-09-04 16:29:59.803000+00:00,2025-09-04 16:15:00+00:00,continuous,109597.4,109621.8,109350.7,109363.7,115344003.73120002
2025-09-04 16:44:59.822000+00:00,2025-09-04 16:30:00+00:00,continuous,109363.7,109538.4,109315.0,109401.0,117275268.82839987
2025-09-04 16:59:59.626000+00:00,2025-09-04 16:45:00+00:00,continuous,109401.0,109477.0,109353.6,109384.9,92137213.59900069
2025-09-04 17:14:59.942000+00:00,2025-09-04 17:00:00+00:00,continuous,109384.8,109679.4,109372.5,109626.9,194654266.4454981
2025-09-04 17:29:59.703000+00:00,2025-09-04 17:15:00+00:00,continuous,109626.9,109876.9,109624.0,109760.3,191180855.36899987
2025-09-04 17:44:59.849000+00:00,2025-09-04 17:30:00+00:00,continuous,109760.4,109779.8,109571.4,109571.5,67448725.61009988
2025-09-04 17:59:59.964000+00:00,2025-09-04 17:45:00+00:00,continuous,109571.4,109870.0,109557.3,109728.3,69749700.6154
2025-09-04 18:14:59.584000+00:00,2025-09-04 18:00:00+00:00,continuous,109728.4,110150.0,109728.3,110062.6,242134483.91320053
2025-09-04 18:29:59.931000+00:00,2025-09-04 18:15:00+00:00,continuous,110062.7,110120.4,109763.1,109854.0,112021833.00070015
2025-09-04 18:44:59.982000+00:00,2025-09-04 18:30:00+00:00,continuous,109854.1,110116.4,109632.5,109992.3,187093314.2424993
2025-09-04 18:59:59.949000+00:00,2025-09-04 18:45:00+00:00,continuous,109992.2,110105.9,109886.6,109918.6,65252987.14410029
2025-09-04 19:14:59.504000+00:00,2025-09-04 19:00:00+00:00,continuous,109918.7,110063.0,109885.3,110027.0,68535343.53270009
2025-09-04 19:29:59.521000+00:00,2025-09-04 19:15:00+00:00,continuous,110027.0,110046.7,109858.3,109948.4,58534925.67379995
2025-09-04 19:44:59.992000+00:00,2025-09-04 19:30:00+00:00,continuous,109948.3,109990.0,109743.4,109841.4,99541070.9694995
2025-09-04 19:59:59.704000+00:00,2025-09-04 19:45:00+00:00,continuous,109841.3,109877.1,109648.6,109753.9,109173807.20089914
2025-09-04 20:14:59.692000+00:00,2025-09-04 20:00:00+00:00,continuous,109753.9,110176.4,109702.8,110113.7,140692953.67400017
2025-09-04 20:29:59.730000+00:00,2025-09-04 20:15:00+00:00,continuous,110113.7,110370.0,110042.6,110302.1,124530537.2654
2025-09-04 20:44:59.580000+00:00,2025-09-04 20:30:00+00:00,continuous,110301.6,110313.8,110205.4,110240.7,56370075.249400005
2025-09-04 20:59:59.957000+00:00,2025-09-04 20:45:00+00:00,continuous,110240.7,110350.0,110211.5,110350.0,58983261.70220013
2025-09-04 21:14:59.433000+00:00,2025-09-04 21:00:00+00:00,continuous,110350.0,110430.0,110278.9,110278.9,64248527.28099995
2025-09-04 21:29:59.474000+00:00,2025-09-04 21:15:00+00:00,continuous,110279.0,110410.7,110265.6,110370.7,34051637.65450003
2025-09-04 21:44:59.463000+00:00,2025-09-04 21:30:00+00:00,continuous,110370.7,110443.5,110340.9,110443.4,32468261.495700028
2025-09-04 21:59:59.963000+00:00,2025-09-04 21:45:00+00:00,continuous,110443.5,110500.0,110368.9,110445.8,36322792.1767
2025-09-04 22:14:59.551000+00:00,2025-09-04 22:00:00+00:00,continuous,110445.8,110544.0,110427.1,110504.2,87910044.80449963
2025-09-04 22:29:59.664000+00:00,2025-09-04 22:15:00+00:00,continuous,110504.3,110860.0,110475.8,110777.6,217573911.15830094
2025-09-04 22:44:59.857000+00:00,2025-09-04 22:30:00+00:00,continuous,110777.6,110922.2,110700.0,110709.0,169220107.42809948
2025-09-04 22:59:59.965000+00:00,2025-09-04 22:45:00+00:00,continuous,110709.1,111560.0,110686.8,111454.9,443913924.34090155
2025-09-04 23:14:59.882000+00:00,2025-09-04 23:00:00+00:00,continuous,111454.9,111743.8,111290.9,111370.9,412480418.8130987
2025-09-04 23:29:59.970000+00:00,2025-09-04 23:15:00+00:00,continuous,111370.9,111396.0,111046.2,111053.7,172002122.24450022
2025-09-04 23:44:59.820000+00:00,2025-09-04 23:30:00+00:00,continuous,111053.7,111071.6,110706.1,110766.9,128677800.75320019
2025-09-04 23:59:59.843000+00:00,2025-09-04 23:45:00+00:00,continuous,110766.9,110793.8,110541.2,110679.4,118003220.1258997
2025-09-05 00:14:59.898000+00:00,2025-09-05 00:00:00+00:00,continuous,110679.5,110764.9,110482.3,110611.0,180943916.7138992
2025-09-05 00:29:59.633000+00:00,2025-09-05 00:15:00+00:00,continuous,110610.9,110732.6,110539.6,110658.0,84447908.51640023
2025-09-05 00:44:59.676000+00:00,2025-09-05 00:30:00+00:00,continuous,110657.9,110893.5,110600.0,110684.9,110933607.29620005
2025-09-05 00:59:59.995000+00:00,2025-09-05 00:45:00+00:00,continuous,110684.8,110684.9,110394.2,110418.0,96446310.85799944
2025-09-05 01:14:59.348000+00:00,2025-09-05 01:00:00+00:00,continuous,110418.4,110615.3,110405.5,110540.9,76365893.95750004
2025-09-05 01:29:59.532000+00:00,2025-09-05 01:15:00+00:00,continuous,110540.9,110845.2,110461.5,110758.6,95316102.31060027
2025-09-05 01:44:59.988000+00:00,2025-09-05 01:30:00+00:00,continuous,110758.6,110985.8,110742.0,110985.7,75362703.91650008
2025-09-05 01:59:59.984000+00:00,2025-09-05 01:45:00+00:00,continuous,110985.7,111098.3,110881.0,111079.9,99632351.79120088
2025-09-05 02:14:59.569000+00:00,2025-09-05 02:00:00+00:00,continuous,111079.9,111421.8,110992.8,111247.1,231407423.72539917
2025-09-05 02:29:59.524000+00:00,2025-09-05 02:15:00+00:00,continuous,111247.0,111423.5,111045.4,111263.0,136168449.06889927
2025-09-05 02:44:59.900000+00:00,2025-09-05 02:30:00+00:00,continuous,111263.0,111411.0,111178.4,111308.8,103995446.42970031
2025-09-05 02:59:59.811000+00:00,2025-09-05 02:45:00+00:00,continuous,111308.9,111444.1,111288.8,111297.7,94503692.15049975
2025-09-05 03:14:59.260000+00:00,2025-09-05 03:00:00+00:00,continuous,111297.7,111297.7,111106.5,111119.9,92811054.39020014
2025-09-05 03:29:58.401000+00:00,2025-09-05 03:15:00+00:00,continuous,111119.9,111234.4,111058.9,111083.8,57425042.62450024
2025-09-05 03:44:59.983000+00:00,2025-09-05 03:30:00+00:00,continuous,111083.9,111145.5,111040.5,111137.4,59470940.015300006
2025-09-05 03:59:59.033000+00:00,2025-09-05 03:45:00+00:00,continuous,111137.4,111279.6,111124.4,111266.9,49275591.755799845
2025-09-05 04:14:57.700000+00:00,2025-09-05 04:00:00+00:00,continuous,111267.0,111311.0,111114.3,111123.3,46392411.81640006
2025-09-05 04:29:59.631000+00:00,2025-09-05 04:15:00+00:00,continuous,111123.3,111254.4,111086.2,111213.5,33757017.50939987
2025-09-05 04:44:59.938000+00:00,2025-09-05 04:30:00+00:00,continuous,111213.5,111375.0,111213.5,111357.3,54948899.18779999
2025-09-05 04:59:59.533000+00:00,2025-09-05 04:45:00+00:00,continuous,111357.3,111429.1,111306.0,111396.7,65958376.405199915
2025-09-05 05:14:59.618000+00:00,2025-09-05 05:00:00+00:00,continuous,111396.8,111519.5,111361.1,111519.4,72191018.00579993
2025-09-05 05:29:59.844000+00:00,2025-09-05 05:15:00+00:00,continuous,111519.4,111545.0,111450.0,111484.4,73793478.86180006
2025-09-05 05:44:59.939000+00:00,2025-09-05 05:30:00+00:00,continuous,111484.5,111687.9,111469.2,111584.1,127010391.04199986
2025-09-05 05:59:59.604000+00:00,2025-09-05 05:45:00+00:00,continuous,111584.1,111628.6,111465.6,111524.2,76723754.55580038
2025-09-05 06:14:59.642000+00:00,2025-09-05 06:00:00+00:00,continuous,111524.2,111566.2,111455.0,111566.1,70337384.42849979
2025-09-05 06:29:59.356000+00:00,2025-09-05 06:15:00+00:00,continuous,111566.2,111615.7,111448.4,111504.3,95448326.76270057
2025-09-05 06:44:59.355000+00:00,2025-09-05 06:30:00+00:00,continuous,111504.3,111623.9,111504.2,111608.9,84412525.29109995
2025-09-05 06:59:59.964000+00:00,2025-09-05 06:45:00+00:00,continuous,111608.9,111876.8,111608.8,111860.0,158384107.15200058
2025-09-05 07:14:59.707000+00:00,2025-09-05 07:00:00+00:00,continuous,111860.1,112533.2,111831.7,112299.9,812667391.6202112
2025-09-05 07:29:59.512000+00:00,2025-09-05 07:15:00+00:00,continuous,112299.9,112854.4,112286.5,112659.5,710495046.159802
2025-09-05 07:44:59.902000+00:00,2025-09-05 07:30:00+00:00,continuous,112659.5,112822.8,112588.8,112727.0,316619306.3327013
2025-09-05 07:59:59.902000+00:00,2025-09-05 07:45:00+00:00,continuous,112727.0,112949.0,112680.0,112900.1,365982108.2590023
2025-09-05 08:14:59.974000+00:00,2025-09-05 08:00:00+00:00,continuous,112900.0,112947.6,112718.4,112738.7,300234061.80380046
2025-09-05 08:29:59.642000+00:00,2025-09-05 08:15:00+00:00,continuous,112738.8,112840.2,112600.0,112699.4,218395590.8745989
2025-09-05 08:44:59.605000+00:00,2025-09-05 08:30:00+00:00,continuous,112699.4,112750.0,112651.8,112688.7,93639132.39130004
2025-09-05 08:59:59.890000+00:00,2025-09-05 08:45:00+00:00,continuous,112688.8,112729.1,112559.3,112589.0,115507119.69479977
2025-09-05 09:14:59.305000+00:00,2025-09-05 09:00:00+00:00,continuous,112589.0,112589.1,112429.8,112464.9,238322471.46269915
2025-09-05 09:29:59.945000+00:00,2025-09-05 09:15:00+00:00,continuous,112464.8,112480.9,112149.3,112182.1,260909645.46399966
2025-09-05 09:44:59.553000+00:00,2025-09-05 09:30:00+00:00,continuous,112182.1,112305.4,112080.0,112259.5,223592093.6565997
2025-09-05 09:59:59.991000+00:00,2025-09-05 09:45:00+00:00,continuous,112259.4,112361.5,112176.0,112252.8,120141365.09340009
2025-09-05 10:14:59.870000+00:00,2025-09-05 10:00:00+00:00,continuous,112252.8,112547.0,112159.4,112178.3,263702407.57369995
2025-09-05 10:29:59.726000+00:00,2025-09-05 10:15:00+00:00,continuous,112178.3,112240.0,112143.7,112221.3,74541609.62909979
2025-09-05 10:44:59.522000+00:00,2025-09-05 10:30:00+00:00,continuous,112221.3,112373.5,112213.3,112336.7,137423239.99939975
2025-09-05 10:59:59.793000+00:00,2025-09-05 10:45:00+00:00,continuous,112336.8,112345.7,112199.1,112199.1,45042100.28469988
2025-09-05 11:14:59.721000+00:00,2025-09-05 11:00:00+00:00,continuous,112199.2,112397.7,112123.9,112124.5,146103485.25260007
2025-09-05 11:29:59.831000+00:00,2025-09-05 11:15:00+00:00,continuous,112124.6,112307.5,112085.9,112307.4,102754045.53810003
2025-09-05 11:44:59.506000+00:00,2025-09-05 11:30:00+00:00,continuous,112307.4,112333.5,112236.0,112289.4,91647432.1088998
2025-09-05 11:59:59.821000+00:00,2025-09-05 11:45:00+00:00,continuous,112289.3,112319.4,112235.7,112299.6,65075594.689800054
2025-09-05 12:14:59.807000+00:00,2025-09-05 12:00:00+00:00,continuous,112299.6,112446.6,112192.9,112313.3,199114962.76390055
2025-09-05 12:29:59.941000+00:00,2025-09-05 12:15:00+00:00,continuous,112313.3,112634.1,112313.3,112550.7,251273634.20409992
2025-09-05 12:44:59.961000+00:00,2025-09-05 12:30:00+00:00,continuous,112550.8,113300.0,112000.0,112614.1,2151447624.1985035
2025-09-05 12:59:59.869000+00:00,2025-09-05 12:45:00+00:00,continuous,112614.1,113344.3,112487.7,113159.1,606619885.759601
2025-09-05 13:14:59.673000+00:00,2025-09-05 13:00:00+00:00,continuous,113159.0,113230.0,112825.0,113000.1,347659991.77299845
2025-09-05 13:29:59.829000+00:00,2025-09-05 13:15:00+00:00,continuous,113000.1,113056.8,112846.7,112899.7,193052776.3380018
2025-09-05 13:44:59.809000+00:00,2025-09-05 13:30:00+00:00,continuous,112899.8,113177.5,112642.4,112960.7,490322824.18359953
2025-09-05 13:59:59.760000+00:00,2025-09-05 13:45:00+00:00,continuous,112960.7,113271.6,112742.4,113028.4,420693402.56119835
2025-09-05 14:14:59.848000+00:00,2025-09-05 14:00:00+00:00,continuous,113028.4,113028.4,112131.2,112194.4,611354195.8193952
2025-09-05 14:29:59.901000+00:00,2025-09-05 14:15:00+00:00,continuous,112194.4,112231.6,110866.2,110958.9,1825106777.9293172
2025-09-05 14:44:59.981000+00:00,2025-09-05 14:30:00+00:00,continuous,110958.9,111107.0,110534.3,110861.3,1082085288.0969005
2025-09-05 14:59:59.876000+00:00,2025-09-05 14:45:00+00:00,continuous,110861.4,110861.4,110440.0,110527.4,515930457.3252011
2025-09-05 15:14:59.672000+00:00,2025-09-05 15:00:00+00:00,continuous,110527.3,110687.2,110240.0,110575.2,572390727.6023986
2025-09-05 15:29:59.547000+00:00,2025-09-05 15:15:00+00:00,continuous,110575.3,110949.5,110575.3,110833.7,326724357.02710176
2025-09-05 15:44:59.970000+00:00,2025-09-05 15:30:00+00:00,continuous,110833.7,110974.8,110613.5,110955.7,187275069.03400016
2025-09-05 15:59:59.836000+00:00,2025-09-05 15:45:00+00:00,continuous,110955.6,110955.6,110633.9,110674.1,146642933.29290038
2025-09-05 16:14:59.992000+00:00,2025-09-05 16:00:00+00:00,continuous,110674.1,110772.1,110485.3,110744.8,189717975.02009925
2025-09-05 16:29:59.853000+00:00,2025-09-05 16:15:00+00:00,continuous,110744.7,110759.7,110511.9,110686.4,94595054.89890005
2025-09-05 16:44:59.931000+00:00,2025-09-05 16:30:00+00:00,continuous,110686.4,110830.0,110656.7,110828.0,74871196.7338996
2025-09-05 16:59:58.969000+00:00,2025-09-05 16:45:00+00:00,continuous,110827.9,110886.4,110640.2,110767.3,76541915.53460008
2025-09-05 17:14:59.969000+00:00,2025-09-05 17:00:00+00:00,continuous,110767.3,110770.0,110480.0,110656.6,126727423.6159007
2025-09-05 17:29:59.518000+00:00,2025-09-05 17:15:00+00:00,continuous,110656.7,110761.7,110617.1,110635.3,65775365.95140037
2025-09-05 17:44:59.945000+00:00,2025-09-05 17:30:00+00:00,continuous,110635.2,110638.5,110153.3,110313.3,282046372.67699903
2025-09-05 17:59:59.836000+00:00,2025-09-05 17:45:00+00:00,continuous,110313.4,110573.3,110276.5,110567.2,125087215.18599916
2025-09-05 18:14:59.960000+00:00,2025-09-05 18:00:00+00:00,continuous,110567.1,110786.4,110521.7,110696.5,142110464.8790998
2025-09-05 18:29:59.949000+00:00,2025-09-05 18:15:00+00:00,continuous,110696.6,111032.3,110696.5,111012.0,140282092.21649998
2025-09-05 18:44:59.917000+00:00,2025-09-05 18:30:00+00:00,continuous,111012.0,111232.6,110979.0,111179.9,166904998.42009956
2025-09-05 18:59:59.900000+00:00,2025-09-05 18:45:00+00:00,continuous,111179.9,111247.0,111035.1,111146.0,114846098.03839946
2025-09-05 19:14:59.450000+00:00,2025-09-05 19:00:00+00:00,continuous,111146.1,111247.0,111072.0,111148.7,100657002.13839872
2025-09-05 19:29:59.219000+00:00,2025-09-05 19:15:00+00:00,continuous,111148.7,111341.9,111118.3,111304.8,137646133.1996995
2025-09-05 19:44:59.961000+00:00,2025-09-05 19:30:00+00:00,continuous,111304.8,111359.2,111090.0,111291.1,104892249.47489966
2025-09-05 19:59:59.902000+00:00,2025-09-05 19:45:00+00:00,continuous,111291.2,111598.2,111272.8,111550.1,169149555.5835999
2025-09-05 20:14:59.855000+00:00,2025-09-05 20:00:00+00:00,continuous,111550.0,111594.1,111230.7,111367.8,219282497.0512998
2025-09-05 20:29:59.683000+00:00,2025-09-05 20:15:00+00:00,continuous,111367.8,111402.3,111286.0,111316.0,60122949.259099655
2025-09-05 20:44:59.628000+00:00,2025-09-05 20:30:00+00:00,continuous,111315.9,111524.0,111235.3,111479.6,63360140.21699997
2025-09-05 20:59:59.692000+00:00,2025-09-05 20:45:00+00:00,continuous,111479.6,111581.9,111356.4,111581.8,88613522.04250027
2025-09-05 21:14:59.708000+00:00,2025-09-05 21:00:00+00:00,continuous,111581.8,111655.5,111130.1,111260.2,252948449.20639956
2025-09-05 21:29:59.798000+00:00,2025-09-05 21:15:00+00:00,continuous,111260.3,111282.1,110307.6,110912.8,872655154.3300076
2025-09-05 21:44:59.603000+00:00,2025-09-05 21:30:00+00:00,continuous,110912.9,110998.5,110588.1,110792.5,164100870.02239946
2025-09-05 21:59:59.708000+00:00,2025-09-05 21:45:00+00:00,continuous,110792.6,110800.0,110544.0,110544.1,69448258.10870011
2025-09-05 22:14:59.703000+00:00,2025-09-05 22:00:00+00:00,continuous,110544.0,110654.3,110438.1,110556.2,120204442.23919995
2025-09-05 22:29:59.940000+00:00,2025-09-05 22:15:00+00:00,continuous,110556.3,110649.0,110556.2,110626.0,32247437.477000073
2025-09-05 22:44:59.511000+00:00,2025-09-05 22:30:00+00:00,continuous,110625.9,110873.6,110625.9,110840.1,87236195.12720013
2025-09-05 22:59:59.788000+00:00,2025-09-05 22:45:00+00:00,continuous,110840.0,110856.1,110743.3,110745.2,41922378.51350005
2025-09-05 23:14:59.355000+00:00,2025-09-05 23:00:00+00:00,continuous,110745.2,110819.5,110706.3,110728.8,50432036.26659995
2025-09-05 23:29:59.354000+00:00,2025-09-05 23:15:00+00:00,continuous,110728.7,110777.6,110660.5,110691.7,31841531.700999994
2025-09-05 23:44:59.354000+00:00,2025-09-05 23:30:00+00:00,continuous,110691.6,110700.3,110636.6,110694.7,24638890.150699977
2025-09-05 23:59:59.692000+00:00,2025-09-05 23:45:00+00:00,continuous,110694.6,110696.8,110534.2,110614.9,82975886.44770034
2025-09-06 00:14:59.110000+00:00,2025-09-06 00:00:00+00:00,continuous,110614.8,110649.7,110518.6,110647.7,71867313.8199001
2025-09-06 00:29:59.985000+00:00,2025-09-06 00:15:00+00:00,continuous,110647.8,110669.9,110504.9,110634.8,49716250.43519988
2025-09-06 00:44:59.838000+00:00,2025-09-06 00:30:00+00:00,continuous,110634.8,110786.3,110620.8,110744.0,82901744.8013998
2025-09-06 00:59:59.355000+00:00,2025-09-06 00:45:00+00:00,continuous,110744.0,110785.0,110714.2,110729.4,24570158.91759989
2025-09-06 01:14:59.515000+00:00,2025-09-06 01:00:00+00:00,continuous,110729.4,110810.5,110682.2,110787.6,40915722.78030007
2025-09-06 01:29:59.662000+00:00,2025-09-06 01:15:00+00:00,continuous,110787.7,110805.6,110709.5,110753.4,47740222.381499864
2025-09-06 01:44:59.441000+00:00,2025-09-06 01:30:00+00:00,continuous,110753.4,110836.8,110735.5,110825.7,22952839.00120004
2025-09-06 01:59:59.209000+00:00,2025-09-06 01:45:00+00:00,continuous,110825.7,110874.9,110812.2,110817.6,29030420.809100058
2025-09-06 02:14:58.986000+00:00,2025-09-06 02:00:00+00:00,continuous,110817.5,110870.9,110745.0,110751.8,25952889.082400016
2025-09-06 02:29:59.448000+00:00,2025-09-06 02:15:00+00:00,continuous,110751.7,110775.0,110675.6,110699.2,25518694.773899946
2025-09-06 02:44:59.583000+00:00,2025-09-06 02:30:00+00:00,continuous,110699.2,110864.4,110698.2,110845.7,28360175.939799957
2025-09-06 02:59:59.898000+00:00,2025-09-06 02:45:00+00:00,continuous,110845.8,111174.7,110845.7,111170.1,159576160.9283004
2025-09-06 03:14:59.783000+00:00,2025-09-06 03:00:00+00:00,continuous,111170.0,111170.0,111056.5,111058.9,49673882.88539996
2025-09-06 03:29:59.188000+00:00,2025-09-06 03:15:00+00:00,continuous,111058.9,111256.2,111056.6,111198.4,79601460.8577999
2025-09-06 03:44:59.550000+00:00,2025-09-06 03:30:00+00:00,continuous,111198.4,111198.5,110958.9,111021.9,61299061.870299526
2025-09-06 03:59:59.897000+00:00,2025-09-06 03:45:00+00:00,continuous,111021.9,111034.0,110980.0,111034.0,20881887.64550012
2025-09-06 04:14:59.630000+00:00,2025-09-06 04:00:00+00:00,continuous,111034.0,111034.0,110797.3,110850.0,62747318.6649001
2025-09-06 04:29:59.355000+00:00,2025-09-06 04:15:00+00:00,continuous,110850.1,110850.1,110735.8,110777.0,65493514.44629954
2025-09-06 04:44:59.906000+00:00,2025-09-06 04:30:00+00:00,continuous,110777.0,110828.0,110735.0,110807.9,38309151.64730012
2025-09-06 04:59:59.247000+00:00,2025-09-06 04:45:00+00:00,continuous,110807.8,110929.8,110807.8,110834.8,28326965.857400075
2025-09-06 05:14:59.509000+00:00,2025-09-06 05:00:00+00:00,continuous,110834.7,110834.8,110722.6,110807.7,50062398.24369995
2025-09-06 05:29:59.354000+00:00,2025-09-06 05:15:00+00:00,continuous,110807.8,110807.8,110653.1,110703.0,59711559.88540002
2025-09-06 05:44:59.495000+00:00,2025-09-06 05:30:00+00:00,continuous,110703.0,110780.0,110655.9,110712.9,31244909.670799907
2025-09-06 05:59:59.107000+00:00,2025-09-06 05:45:00+00:00,continuous,110712.9,110713.0,110653.1,110678.7,42449135.77800006
2025-09-06 06:14:59.785000+00:00,2025-09-06 06:00:00+00:00,continuous,110678.7,110693.6,110661.5,110677.9,21771306.240599733
2025-09-06 06:29:59.561000+00:00,2025-09-06 06:15:00+00:00,continuous,110677.8,110743.3,110660.0,110736.5,26970488.849700194
2025-09-06 06:44:58.168000+00:00,2025-09-06 06:30:00+00:00,continuous,110736.5,110773.9,110703.5,110705.0,22360752.412699953
2025-09-06 06:59:59.969000+00:00,2025-09-06 06:45:00+00:00,continuous,110705.0,110754.5,110701.2,110705.1,21183204.32020008
2025-09-06 07:14:59.610000+00:00,2025-09-06 07:00:00+00:00,continuous,110705.1,110757.0,110700.0,110743.4,26411119.38710002
2025-09-06 07:29:59.284000+00:00,2025-09-06 07:15:00+00:00,continuous,110743.4,110774.7,110743.3,110770.1,23676677.00349992
2025-09-06 07:44:59.330000+00:00,2025-09-06 07:30:00+00:00,continuous,110770.1,110783.5,110753.4,110783.5,22964593.537100017
2025-09-06 07:59:58.001000+00:00,2025-09-06 07:45:00+00:00,continuous,110783.5,110794.6,110750.0,110779.9,26934466.279300056
2025-09-06 08:14:57.631000+00:00,2025-09-06 08:00:00+00:00,continuous,110779.9,110792.0,110730.6,110764.4,24126376.330799945
2025-09-06 08:29:59.034000+00:00,2025-09-06 08:15:00+00:00,continuous,110764.5,110767.7,110733.7,110733.7,19478485.240999885
2025-09-06 08:44:59.746000+00:00,2025-09-06 08:30:00+00:00,continuous,110733.8,110861.0,110733.7,110860.9,42911718.402999885
2025-09-06 08:59:59.576000+00:00,2025-09-06 08:45:00+00:00,continuous,110861.0,110928.5,110857.5,110906.5,35357596.200400196
2025-09-06 09:14:59.863000+00:00,2025-09-06 09:00:00+00:00,continuous,110906.5,110906.5,110670.0,110678.6,69964387.04779942
2025-09-06 09:29:59.517000+00:00,2025-09-06 09:15:00+00:00,continuous,110678.5,110711.3,110653.1,110659.7,39838437.698400006
2025-09-06 09:44:59.727000+00:00,2025-09-06 09:30:00+00:00,continuous,110659.8,110773.1,110659.7,110773.1,35072070.022500165
2025-09-06 09:59:59.906000+00:00,2025-09-06 09:45:00+00:00,continuous,110773.0,110789.8,110653.1,110653.1,35844029.382599995
2025-09-06 10:14:59.515000+00:00,2025-09-06 10:00:00+00:00,continuous,110653.2,110757.0,110630.0,110721.1,43843264.26930013
2025-09-06 10:29:58.616000+00:00,2025-09-06 10:15:00+00:00,continuous,110721.1,110728.0,110661.7,110703.6,21341785.191800196
2025-09-06 10:44:59.515000+00:00,2025-09-06 10:30:00+00:00,continuous,110703.6,110718.1,110666.0,110709.9,25329076.33540007
2025-09-06 10:59:59+00:00,2025-09-06 10:45:00+00:00,continuous,110709.9,110734.2,110670.9,110734.2,19693398.65970008
2025-09-06 11:14:59.707000+00:00,2025-09-06 11:00:00+00:00,continuous,110734.2,110734.2,110669.5,110694.2,24585922.906900205
2025-09-06 11:29:59.954000+00:00,2025-09-06 11:15:00+00:00,continuous,110694.1,110694.1,110621.0,110636.8,36609075.00720009
2025-09-06 11:44:59.995000+00:00,2025-09-06 11:30:00+00:00,continuous,110636.9,110692.7,110622.9,110677.2,25108434.60050009
2025-09-06 11:59:59.693000+00:00,2025-09-06 11:45:00+00:00,continuous,110677.1,110830.9,110674.3,110732.9,59930080.45890013
2025-09-06 12:14:59.795000+00:00,2025-09-06 12:00:00+00:00,continuous,110732.8,110828.0,110710.2,110816.9,39243105.742699936
2025-09-06 12:29:59.907000+00:00,2025-09-06 12:15:00+00:00,continuous,110817.0,110829.6,110736.4,110744.7,27283699.587599926
2025-09-06 12:44:59.478000+00:00,2025-09-06 12:30:00+00:00,continuous,110744.8,110789.6,110704.0,110789.5,35491517.366299875
2025-09-06 12:59:59.541000+00:00,2025-09-06 12:45:00+00:00,continuous,110789.6,110852.9,110786.3,110786.6,25184059.49999979
2025-09-06 13:14:58.911000+00:00,2025-09-06 13:00:00+00:00,continuous,110786.6,110853.2,110775.1,110847.0,30727196.743900068
2025-09-06 13:29:59.487000+00:00,2025-09-06 13:15:00+00:00,continuous,110847.0,110874.1,110822.1,110846.3,23960073.63229993
2025-09-06 13:44:59.409000+00:00,2025-09-06 13:30:00+00:00,continuous,110846.3,110849.7,110796.1,110837.5,33953202.731099695
2025-09-06 13:59:59.897000+00:00,2025-09-06 13:45:00+00:00,continuous,110837.5,110910.0,110772.6,110882.1,61406271.9319002
2025-09-06 14:14:59.356000+00:00,2025-09-06 14:00:00+00:00,continuous,110882.1,110956.5,110829.8,110845.5,68332804.4672
2025-09-06 14:29:59.391000+00:00,2025-09-06 14:15:00+00:00,continuous,110845.5,110874.8,110823.4,110842.8,26328266.612200096
2025-09-06 14:44:59.228000+00:00,2025-09-06 14:30:00+00:00,continuous,110842.8,110848.6,110771.1,110824.9,32201102.295999818
2025-09-06 14:59:59.582000+00:00,2025-09-06 14:45:00+00:00,continuous,110824.8,110824.9,110719.7,110760.8,31920879.066000134
2025-09-06 15:14:59.970000+00:00,2025-09-06 15:00:00+00:00,continuous,110760.8,110793.4,110640.0,110640.1,71229783.70119976
2025-09-06 15:29:59.742000+00:00,2025-09-06 15:15:00+00:00,continuous,110640.0,110726.4,110630.2,110701.3,54798047.465199865
2025-09-06 15:44:59.919000+00:00,2025-09-06 15:30:00+00:00,continuous,110701.3,110737.4,110533.5,110560.0,103632034.71760014
2025-09-06 15:59:59.924000+00:00,2025-09-06 15:45:00+00:00,continuous,110559.9,110559.9,110285.2,110324.1,364263816.91399986
2025-09-06 16:14:59.923000+00:00,2025-09-06 16:00:00+00:00,continuous,110324.2,110359.1,110041.2,110263.3,402396698.1141975
2025-09-06 16:29:59.989000+00:00,2025-09-06 16:15:00+00:00,continuous,110263.3,110265.5,109850.0,110153.1,319411282.0571995
2025-09-06 16:44:59.904000+00:00,2025-09-06 16:30:00+00:00,continuous,110153.2,110239.1,110090.0,110165.7,133054931.71099986
2025-09-06 16:59:59.908000+00:00,2025-09-06 16:45:00+00:00,continuous,110165.7,110250.0,109980.0,110206.2,130406202.83039974
2025-09-06 17:14:59.863000+00:00,2025-09-06 17:00:00+00:00,continuous,110206.2,110222.3,110111.1,110160.5,51515372.11400006
2025-09-06 17:29:59.851000+00:00,2025-09-06 17:15:00+00:00,continuous,110160.5,110194.2,110076.8,110076.8,40149260.942200035
2025-09-06 17:44:59.935000+00:00,2025-09-06 17:30:00+00:00,continuous,110076.9,110162.1,109933.2,109943.9,77296968.3783003
2025-09-06 17:59:59.739000+00:00,2025-09-06 17:45:00+00:00,continuous,109943.8,110112.2,109936.1,110096.1,63239376.13309974
2025-09-06 18:14:59.964000+00:00,2025-09-06 18:00:00+00:00,continuous,110096.2,110182.9,110056.0,110180.3,65735455.96719995
2025-09-06 18:29:59.747000+00:00,2025-09-06 18:15:00+00:00,continuous,110180.3,110210.1,110133.2,110148.6,56088354.2927996
2025-09-06 18:44:59.993000+00:00,2025-09-06 18:30:00+00:00,continuous,110148.5,110148.6,110040.6,110042.9,31228879.847499706
2025-09-06 18:59:59.496000+00:00,2025-09-06 18:45:00+00:00,continuous,110042.9,110238.4,110005.8,110176.3,54817458.10020011
2025-09-06 19:14:59.968000+00:00,2025-09-06 19:00:00+00:00,continuous,110176.3,110206.9,110111.0,110128.6,35008109.00839999
2025-09-06 19:29:59.661000+00:00,2025-09-06 19:15:00+00:00,continuous,110128.7,110176.6,110077.7,110103.2,21919349.51440012
2025-09-06 19:44:59.521000+00:00,2025-09-06 19:30:00+00:00,continuous,110103.2,110137.2,109988.4,109996.3,72352841.66539998
2025-09-06 19:59:59.578000+00:00,2025-09-06 19:45:00+00:00,continuous,109996.4,110041.4,109950.0,109986.7,54749382.257499985
2025-09-06 20:14:59.480000+00:00,2025-09-06 20:00:00+00:00,continuous,109986.8,110022.1,109981.2,110018.4,24932162.7953001
2025-09-06 20:29:59.580000+00:00,2025-09-06 20:15:00+00:00,continuous,110018.3,110041.9,109991.2,110027.3,25289664.8932
2025-09-06 20:44:59.548000+00:00,2025-09-06 20:30:00+00:00,continuous,110027.3,110083.4,110007.7,110075.2,21637517.174499925
2025-09-06 20:59:59.926000+00:00,2025-09-06 20:45:00+00:00,continuous,110075.2,110121.0,110051.5,110121.0,32765383.705800172
2025-09-06 21:14:59.537000+00:00,2025-09-06 21:00:00+00:00,continuous,110121.0,110147.6,110095.7,110145.5,21921351.78709996
2025-09-06 21:29:59.809000+00:00,2025-09-06 21:15:00+00:00,continuous,110145.5,110163.0,110114.6,110119.3,31282061.64909998
2025-09-06 21:44:59.279000+00:00,2025-09-06 21:30:00+00:00,continuous,110119.4,110129.1,110039.5,110121.3,37130663.56530028
2025-09-06 21:59:59.535000+00:00,2025-09-06 21:45:00+00:00,continuous,110121.2,110167.6,110121.2,110158.1,26740400.4903
2025-09-06 22:14:59.232000+00:00,2025-09-06 22:00:00+00:00,continuous,110158.1,110192.6,110121.2,110155.1,37099572.52439989
2025-09-06 22:29:59.256000+00:00,2025-09-06 22:15:00+00:00,continuous,110155.1,110168.9,110120.0,110120.2,17478091.45020006
2025-09-06 22:44:59.595000+00:00,2025-09-06 22:30:00+00:00,continuous,110120.1,110128.6,110023.6,110070.0,60508056.35169958
2025-09-06 22:59:59.842000+00:00,2025-09-06 22:45:00+00:00,continuous,110070.1,110132.5,110036.7,110114.9,40528019.84889986
2025-09-06 23:14:59.458000+00:00,2025-09-06 23:00:00+00:00,continuous,110115.0,110120.0,110057.9,110120.0,51143134.08369974
2025-09-06 23:29:59.996000+00:00,2025-09-06 23:15:00+00:00,continuous,110120.0,110225.9,110090.6,110209.1,56250804.395200424
2025-09-06 23:44:59.996000+00:00,2025-09-06 23:30:00+00:00,continuous,110209.2,110209.2,110173.1,110173.1,20574237.98690002
2025-09-06 23:59:59.915000+00:00,2025-09-06 23:45:00+00:00,continuous,110173.2,110173.2,110120.0,110135.3,18658215.473500043
2025-09-07 00:14:59.560000+00:00,2025-09-07 00:00:00+00:00,continuous,110135.2,110202.2,110120.5,110202.1,46479838.71370062
2025-09-07 00:29:59.569000+00:00,2025-09-07 00:15:00+00:00,continuous,110202.1,110202.2,110186.0,110186.0,22590852.0289
2025-09-07 00:44:59.751000+00:00,2025-09-07 00:30:00+00:00,continuous,110186.1,110238.4,110156.7,110238.4,48356964.95220016
2025-09-07 00:59:59.894000+00:00,2025-09-07 00:45:00+00:00,continuous,110238.3,110325.5,110230.0,110306.0,112569591.67209965
2025-09-07 01:14:59.393000+00:00,2025-09-07 01:00:00+00:00,continuous,110305.9,110440.0,110276.2,110348.9,115584922.01870036
2025-09-07 01:29:59.805000+00:00,2025-09-07 01:15:00+00:00,continuous,110349.0,110500.0,110291.2,110448.9,106177190.92420012
2025-09-07 01:44:59.454000+00:00,2025-09-07 01:30:00+00:00,continuous,110448.9,110462.6,110410.2,110441.3,47614997.8209004
2025-09-07 01:59:59.979000+00:00,2025-09-07 01:45:00+00:00,continuous,110441.2,110545.0,110441.2,110502.2,78515834.4748
2025-09-07 02:14:59.552000+00:00,2025-09-07 02:00:00+00:00,continuous,110502.1,110505.1,110420.0,110478.3,45377924.90799984
2025-09-07 02:29:59.302000+00:00,2025-09-07 02:15:00+00:00,continuous,110478.3,110478.4,110394.1,110475.5,27649815.900800034
2025-09-07 02:44:59.876000+00:00,2025-09-07 02:30:00+00:00,continuous,110475.4,110492.6,110450.5,110450.5,23564782.697300073
2025-09-07 02:59:59.566000+00:00,2025-09-07 02:45:00+00:00,continuous,110450.5,110645.7,110450.5,110610.0,95304438.9431
2025-09-07 03:14:59.751000+00:00,2025-09-07 03:00:00+00:00,continuous,110610.1,110636.2,110541.6,110541.7,39454987.71220007
2025-09-07 03:29:59.443000+00:00,2025-09-07 03:15:00+00:00,continuous,110541.6,110690.4,110541.6,110660.1,43520005.857699774
2025-09-07 03:44:59.956000+00:00,2025-09-07 03:30:00+00:00,continuous,110660.1,110700.0,110570.0,110581.7,63984805.20170014
2025-09-07 03:59:59.630000+00:00,2025-09-07 03:45:00+00:00,continuous,110581.8,110590.1,110552.3,110579.8,20424093.79880004
2025-09-07 04:14:59.855000+00:00,2025-09-07 04:00:00+00:00,continuous,110579.8,110596.0,110455.0,110481.2,44206641.75659976
2025-09-07 04:29:59.992000+00:00,2025-09-07 04:15:00+00:00,continuous,110481.2,110537.7,110481.2,110503.2,24634809.026699957
2025-09-07 04:44:59.783000+00:00,2025-09-07 04:30:00+00:00,continuous,110503.3,110503.3,110438.0,110446.6,28005626.695599973
2025-09-07 04:59:59.687000+00:00,2025-09-07 04:45:00+00:00,continuous,110446.6,110514.5,110446.5,110514.5,24471525.00219982
2025-09-07 05:14:59.806000+00:00,2025-09-07 05:00:00+00:00,continuous,110514.5,110639.7,110514.4,110594.6,41352887.82299969
2025-09-07 05:29:59.811000+00:00,2025-09-07 05:15:00+00:00,continuous,110594.7,110649.3,110569.2,110647.1,27127333.857600033
2025-09-07 05:44:59.985000+00:00,2025-09-07 05:30:00+00:00,continuous,110647.1,110650.1,110599.9,110608.2,28410444.175600093
2025-09-07 05:59:59.687000+00:00,2025-09-07 05:45:00+00:00,continuous,110608.2,110608.3,110581.7,110607.0,17742561.073800027
2025-09-07 06:14:59.900000+00:00,2025-09-07 06:00:00+00:00,continuous,110607.1,110613.4,110520.6,110532.9,39012455.97050004
2025-09-07 06:29:59.552000+00:00,2025-09-07 06:15:00+00:00,continuous,110533.0,110542.4,110515.0,110521.7,21963066.299400073
2025-09-07 06:44:59.514000+00:00,2025-09-07 06:30:00+00:00,continuous,110521.7,110546.9,110461.5,110484.6,40119697.19249993
2025-09-07 06:59:59.895000+00:00,2025-09-07 06:45:00+00:00,continuous,110484.6,110513.2,110418.8,110458.5,58980920.7937999
2025-09-07 07:14:59.653000+00:00,2025-09-07 07:00:00+00:00,continuous,110458.5,110490.4,110414.4,110461.5,37254022.53169975
2025-09-07 07:29:59.828000+00:00,2025-09-07 07:15:00+00:00,continuous,110461.5,110650.0,110417.5,110614.5,61691265.99869991
2025-09-07 07:44:59.804000+00:00,2025-09-07 07:30:00+00:00,continuous,110614.5,110787.5,110614.5,110750.0,167161894.9896
2025-09-07 07:59:59.818000+00:00,2025-09-07 07:45:00+00:00,continuous,110750.1,110880.8,110628.9,110710.8,131447840.2258001
2025-09-07 08:14:59.926000+00:00,2025-09-07 08:00:00+00:00,continuous,110710.8,110816.0,110666.4,110785.4,117041853.5658
2025-09-07 08:29:59.942000+00:00,2025-09-07 08:15:00+00:00,continuous,110785.4,111277.2,110778.8,111199.9,488796882.71229833
2025-09-07 08:44:59.688000+00:00,2025-09-07 08:30:00+00:00,continuous,111200.0,111348.0,111107.9,111150.0,226272000.8906016
2025-09-07 08:59:59.842000+00:00,2025-09-07 08:45:00+00:00,continuous,111150.1,111150.1,110997.2,111022.8,91206924.79770045
2025-09-07 09:14:59.520000+00:00,2025-09-07 09:00:00+00:00,continuous,111022.8,111188.5,110969.0,111149.7,93448847.78660014
2025-09-07 09:29:59.620000+00:00,2025-09-07 09:15:00+00:00,continuous,111149.6,111211.7,111108.0,111122.6,78374327.19539918
2025-09-07 09:44:59.793000+00:00,2025-09-07 09:30:00+00:00,continuous,111122.6,111133.0,110885.6,110934.7,117185887.9388996
2025-09-07 09:59:59.348000+00:00,2025-09-07 09:45:00+00:00,continuous,110934.7,111106.5,110823.8,111074.6,114146487.66820046
2025-09-07 10:14:59.978000+00:00,2025-09-07 10:00:00+00:00,continuous,111074.6,111146.7,111030.2,111136.2,33619936.04310005
2025-09-07 10:29:59.827000+00:00,2025-09-07 10:15:00+00:00,continuous,111136.3,111145.1,110992.2,110996.1,47918341.55049999
2025-09-07 10:44:59.802000+00:00,2025-09-07 10:30:00+00:00,continuous,110996.0,111127.3,110996.0,111124.9,25908900.767200064
2025-09-07 10:59:59.986000+00:00,2025-09-07 10:45:00+00:00,continuous,111125.0,111186.5,111066.7,111170.3,24137963.5809
2025-09-07 11:14:59.845000+00:00,2025-09-07 11:00:00+00:00,continuous,111170.4,111249.9,111150.5,111206.9,62113503.75529994
2025-09-07 11:29:59.972000+00:00,2025-09-07 11:15:00+00:00,continuous,111206.9,111248.8,111190.1,111214.0,35286954.07810004
2025-09-07 11:44:59.967000+00:00,2025-09-07 11:30:00+00:00,continuous,111214.0,111238.3,111128.2,111219.1,51941808.29680022
2025-09-07 11:59:59.495000+00:00,2025-09-07 11:45:00+00:00,continuous,111219.1,111249.6,111171.3,111249.5,32384377.087700136
2025-09-07 12:14:59.158000+00:00,2025-09-07 12:00:00+00:00,continuous,111249.5,111249.6,111060.1,111105.8,64211407.011699975
2025-09-07 12:29:59.993000+00:00,2025-09-07 12:15:00+00:00,continuous,111105.8,111105.9,111018.4,111078.1,54324105.9249002
2025-09-07 12:44:59.961000+00:00,2025-09-07 12:30:00+00:00,continuous,111078.2,111189.8,111078.2,111119.9,26571427.608100027
2025-09-07 12:59:59.486000+00:00,2025-09-07 12:45:00+00:00,continuous,111119.9,111120.0,111032.1,111074.3,48291510.618300095
2025-09-07 13:14:59.652000+00:00,2025-09-07 13:00:00+00:00,continuous,111074.3,111074.3,111026.6,111026.7,32026838.785199903
2025-09-07 13:29:59.553000+00:00,2025-09-07 13:15:00+00:00,continuous,111026.6,111062.1,110998.8,111062.1,40094979.49239996
2025-09-07 13:44:59.751000+00:00,2025-09-07 13:30:00+00:00,continuous,111062.1,111193.5,111062.0,111152.7,36562442.2950999
2025-09-07 13:59:59.635000+00:00,2025-09-07 13:45:00+00:00,continuous,111152.6,111190.2,111092.2,111168.1,44960420.74830015
2025-09-07 14:14:59.973000+00:00,2025-09-07 14:00:00+00:00,continuous,111168.1,111371.4,111055.0,111108.3,146543329.84610108
2025-09-07 14:29:59.280000+00:00,2025-09-07 14:15:00+00:00,continuous,111108.3,111161.1,111010.0,111085.8,59424674.173200205
2025-09-07 14:44:59.679000+00:00,2025-09-07 14:30:00+00:00,continuous,111085.8,111219.2,111085.8,111209.6,41225431.898399904
2025-09-07 14:59:59.559000+00:00,2025-09-07 14:45:00+00:00,continuous,111209.5,111209.6,111054.5,111092.1,49277496.476200365
2025-09-07 15:14:59.356000+00:00,2025-09-07 15:00:00+00:00,continuous,111092.1,111158.0,111061.0,111111.1,44752523.63610006
2025-09-07 15:29:59.172000+00:00,2025-09-07 15:15:00+00:00,continuous,111111.0,111288.1,111111.0,111270.0,68311947.11420023
2025-09-07 15:44:59.905000+00:00,2025-09-07 15:30:00+00:00,continuous,111270.0,111334.1,111255.4,111270.0,39496709.573800206
2025-09-07 15:59:59.671000+00:00,2025-09-07 15:45:00+00:00,continuous,111269.9,111281.7,111200.0,111276.2,38577093.15029981
2025-09-07 16:14:59.152000+00:00,2025-09-07 16:00:00+00:00,continuous,111276.2,111327.2,111176.3,111207.3,57034975.21360004
2025-09-07 16:29:59.357000+00:00,2025-09-07 16:15:00+00:00,continuous,111207.2,111240.8,111152.5,111167.6,43317425.78689981
2025-09-07 16:44:59.532000+00:00,2025-09-07 16:30:00+00:00,continuous,111167.6,111208.4,111115.2,111204.8,42905271.18400002
2025-09-07 16:59:58.700000+00:00,2025-09-07 16:45:00+00:00,continuous,111204.9,111235.5,111154.5,111158.0,30545414.33180005
2025-09-07 17:14:59.599000+00:00,2025-09-07 17:00:00+00:00,continuous,111158.1,111200.1,111024.2,111027.7,85011757.92240012
2025-09-07 17:29:59.992000+00:00,2025-09-07 17:15:00+00:00,continuous,111027.8,111066.1,110860.7,110928.9,161373825.04289988
2025-09-07 17:44:59.837000+00:00,2025-09-07 17:30:00+00:00,continuous,110928.9,111085.3,110850.0,111061.6,67071110.30419991
2025-09-07 17:59:59.266000+00:00,2025-09-07 17:45:00+00:00,continuous,111061.7,111061.7,110909.0,110925.6,32871904.441999905
2025-09-07 18:14:59.799000+00:00,2025-09-07 18:00:00+00:00,continuous,110925.5,111003.2,110902.0,110960.1,34794955.670399845
2025-09-07 18:29:59.870000+00:00,2025-09-07 18:15:00+00:00,continuous,110960.0,111015.8,110911.0,110914.1,37941640.29680014
2025-09-07 18:44:59.642000+00:00,2025-09-07 18:30:00+00:00,continuous,110914.2,110934.7,110817.5,110899.3,45453902.115999915
2025-09-07 18:59:59.229000+00:00,2025-09-07 18:45:00+00:00,continuous,110899.3,111029.1,110882.8,111011.8,37539466.95769995
2025-09-07 19:14:59.039000+00:00,2025-09-07 19:00:00+00:00,continuous,111011.7,111188.0,111011.7,111028.2,70173457.64340024
2025-09-07 19:29:58.807000+00:00,2025-09-07 19:15:00+00:00,continuous,111028.3,111129.2,111004.3,111099.4,22543806.441799976
2025-09-07 19:44:59.092000+00:00,2025-09-07 19:30:00+00:00,continuous,111099.3,111266.6,111087.7,111199.8,49849215.676599935
2025-09-07 19:59:59.903000+00:00,2025-09-07 19:45:00+00:00,continuous,111199.8,111217.0,111132.8,111217.0,30111157.59040019
2025-09-07 20:14:58.519000+00:00,2025-09-07 20:00:00+00:00,continuous,111216.9,111319.7,111115.2,111115.2,86921091.34749977
2025-09-07 20:29:59.239000+00:00,2025-09-07 20:15:00+00:00,continuous,111115.2,111235.0,111115.2,111169.6,49629893.07090019
2025-09-07 20:44:59.633000+00:00,2025-09-07 20:30:00+00:00,continuous,111169.6,111169.6,111105.5,111140.9,15407479.571999988
2025-09-07 20:59:59.525000+00:00,2025-09-07 20:45:00+00:00,continuous,111141.0,111325.0,111140.9,111282.8,39854490.82380003
2025-09-07 21:14:59.765000+00:00,2025-09-07 21:00:00+00:00,continuous,111282.8,111291.2,111188.9,111195.9,27425740.22009999
2025-09-07 21:29:59.699000+00:00,2025-09-07 21:15:00+00:00,continuous,111195.8,111195.9,111126.9,111140.6,24400117.34229996
2025-09-07 21:44:59.545000+00:00,2025-09-07 21:30:00+00:00,continuous,111140.5,111166.3,111079.3,111090.9,23428442.709799986
2025-09-07 21:59:59.906000+00:00,2025-09-07 21:45:00+00:00,continuous,111091.0,111091.0,111006.4,111006.4,30816734.54119989
2025-09-07 22:14:59.502000+00:00,2025-09-07 22:00:00+00:00,continuous,111006.4,111151.0,110947.6,111150.9,94935515.25060004
2025-09-07 22:29:59.643000+00:00,2025-09-07 22:15:00+00:00,continuous,111150.9,111287.9,111091.6,111277.7,37918898.119800024
2025-09-07 22:44:59.955000+00:00,2025-09-07 22:30:00+00:00,continuous,111277.6,111316.2,111024.0,111166.7,57647646.67419981
2025-09-07 22:59:59.870000+00:00,2025-09-07 22:45:00+00:00,continuous,111166.7,111236.4,111124.0,111197.9,38297940.849299945
2025-09-07 23:14:59.554000+00:00,2025-09-07 23:00:00+00:00,continuous,111197.9,111290.9,111197.8,111230.8,40808939.61279988
2025-09-07 23:29:59.818000+00:00,2025-09-07 23:15:00+00:00,continuous,111230.9,111559.5,111208.2,111416.6,194417681.8481009
2025-09-07 23:44:59.396000+00:00,2025-09-07 23:30:00+00:00,continuous,111416.7,111445.7,111297.0,111351.9,59223278.59399985
2025-09-07 23:59:59.706000+00:00,2025-09-07 23:45:00+00:00,continuous,111351.9,111365.0,111010.0,111076.0,98206738.5443006
2025-09-08 00:14:59.486000+00:00,2025-09-08 00:00:00+00:00,continuous,111075.5,111125.4,110965.3,111053.8,92825184.33189997
2025-09-08 00:29:59.930000+00:00,2025-09-08 00:15:00+00:00,continuous,111053.8,111197.2,110915.0,111182.1,97122361.91459987
2025-09-08 00:44:59.984000+00:00,2025-09-08 00:30:00+00:00,continuous,111182.1,111250.0,110969.1,111128.4,107945889.47379953
2025-09-08 00:59:59.688000+00:00,2025-09-08 00:45:00+00:00,continuous,111128.3,111128.3,110683.8,110786.5,257261392.06799945
2025-09-08 01:14:59.477000+00:00,2025-09-08 01:00:00+00:00,continuous,110786.5,110882.8,110680.0,110829.6,108448902.6992
2025-09-08 01:29:58.883000+00:00,2025-09-08 01:15:00+00:00,continuous,110829.6,110880.3,110727.1,110754.2,63183716.45629993
2025-09-08 01:44:59.947000+00:00,2025-09-08 01:30:00+00:00,continuous,110754.2,110958.5,110730.0,110820.0,78512625.68140022
2025-09-08 01:59:59.793000+00:00,2025-09-08 01:45:00+00:00,continuous,110820.0,110900.0,110781.1,110847.0,34010811.076600045
2025-09-08 02:14:59.585000+00:00,2025-09-08 02:00:00+00:00,continuous,110846.9,110882.3,110712.0,110855.0,37375471.83129997
2025-09-08 02:29:59.704000+00:00,2025-09-08 02:15:00+00:00,continuous,110854.9,110889.3,110566.5,110815.1,122862518.70519993
2025-09-08 02:44:59.384000+00:00,2025-09-08 02:30:00+00:00,continuous,110815.1,111345.0,110786.0,111141.9,230689098.2078008
2025-09-08 02:59:59.493000+00:00,2025-09-08 02:45:00+00:00,continuous,111141.8,111200.0,111050.0,111199.9,53828351.206800304
2025-09-08 03:14:59.949000+00:00,2025-09-08 03:00:00+00:00,continuous,111199.9,111304.2,111100.5,111186.3,90405210.0107005
2025-09-08 03:29:59.471000+00:00,2025-09-08 03:15:00+00:00,continuous,111186.2,111204.9,110974.4,111089.6,65623960.02860004
2025-09-08 03:44:59.404000+00:00,2025-09-08 03:30:00+00:00,continuous,111089.5,111300.0,111080.0,111107.1,78309524.0348998
2025-09-08 03:59:59.485000+00:00,2025-09-08 03:45:00+00:00,continuous,111107.0,111107.1,110970.0,111004.9,50830086.82419973
2025-09-08 04:14:59.965000+00:00,2025-09-08 04:00:00+00:00,continuous,111004.8,111070.4,110901.0,111014.1,139681736.53289995
2025-09-08 04:29:59.601000+00:00,2025-09-08 04:15:00+00:00,continuous,111014.0,111093.2,110989.4,111087.9,32427927.046999972
2025-09-08 04:44:59.768000+00:00,2025-09-08 04:30:00+00:00,continuous,111087.8,111176.0,110912.8,110950.0,43462719.97610002
2025-09-08 04:59:59.769000+00:00,2025-09-08 04:45:00+00:00,continuous,110949.9,110969.5,110875.3,110934.7,45945821.90240001
2025-09-08 05:14:59.550000+00:00,2025-09-08 05:00:00+00:00,continuous,110934.6,110959.0,110878.0,110907.6,39751369.4685
2025-09-08 05:29:59.497000+00:00,2025-09-08 05:15:00+00:00,continuous,110907.5,111027.5,110884.7,110902.0,29786953.641400043
2025-09-08 05:44:59.029000+00:00,2025-09-08 05:30:00+00:00,continuous,110902.0,110908.4,110852.1,110863.6,39829652.747200005
2025-09-08 05:59:59.815000+00:00,2025-09-08 05:45:00+00:00,continuous,110863.5,111013.1,110863.5,110984.8,32063810.075599972
2025-09-08 06:14:59.577000+00:00,2025-09-08 06:00:00+00:00,continuous,110984.8,111022.1,110864.1,110891.0,37078870.48149993
2025-09-08 06:29:59.116000+00:00,2025-09-08 06:15:00+00:00,continuous,110891.0,111153.3,110890.9,111110.3,44689992.47550013
2025-09-08 06:44:59.970000+00:00,2025-09-08 06:30:00+00:00,continuous,111110.3,111134.5,111066.0,111118.0,39067405.65109994
2025-09-08 06:59:58.243000+00:00,2025-09-08 06:45:00+00:00,continuous,111118.0,111118.0,111054.1,111068.4,18788983.419499975
2025-09-08 07:14:59.623000+00:00,2025-09-08 07:00:00+00:00,continuous,111068.4,111218.5,111061.8,111206.8,61602888.98619997
2025-09-08 07:29:59.685000+00:00,2025-09-08 07:15:00+00:00,continuous,111206.7,111531.9,111164.6,111444.3,187847027.21550038
2025-09-08 07:44:59.487000+00:00,2025-09-08 07:30:00+00:00,continuous,111444.3,111580.7,111161.5,111371.8,197320777.96149802
2025-09-08 07:59:59.276000+00:00,2025-09-08 07:45:00+00:00,continuous,111371.7,111373.1,111185.3,111236.4,56518609.083899595
2025-09-08 08:14:59.781000+00:00,2025-09-08 08:00:00+00:00,continuous,111236.5,111345.0,111201.0,111215.2,83465345.81410013
2025-09-08 08:29:59.954000+00:00,2025-09-08 08:15:00+00:00,continuous,111215.1,111591.0,111201.7,111549.9,138792705.3028003
2025-09-08 08:44:59.882000+00:00,2025-09-08 08:30:00+00:00,continuous,111549.9,111804.5,111500.0,111767.7,286133950.4285013
2025-09-08 08:59:59.718000+00:00,2025-09-08 08:45:00+00:00,continuous,111767.7,111876.5,111544.5,111640.0,241134223.58120015
2025-09-08 09:14:59.821000+00:00,2025-09-08 09:00:00+00:00,continuous,111640.0,111980.3,111537.4,111922.7,309758918.6886989
2025-09-08 09:29:59.988000+00:00,2025-09-08 09:15:00+00:00,continuous,111922.7,112042.0,111766.7,111797.4,223052495.18719736
2025-09-08 09:44:59.793000+00:00,2025-09-08 09:30:00+00:00,continuous,111797.5,111886.6,111714.4,111834.9,113160199.9841
2025-09-08 09:59:59.818000+00:00,2025-09-08 09:45:00+00:00,continuous,111835.0,112066.7,111834.9,112059.9,193887820.9867993
2025-09-08 10:14:59.609000+00:00,2025-09-08 10:00:00+00:00,continuous,112060.0,112089.8,111899.6,111901.2,145430299.49749953
2025-09-08 10:29:59.931000+00:00,2025-09-08 10:15:00+00:00,continuous,111901.3,112117.0,111866.3,112109.4,228938053.73549977
2025-09-08 10:44:59.970000+00:00,2025-09-08 10:30:00+00:00,continuous,112109.4,112122.7,112013.0,112084.8,131768633.72530045
2025-09-08 10:59:59.686000+00:00,2025-09-08 10:45:00+00:00,continuous,112084.8,112144.0,111922.9,112005.5,168130164.5166998
2025-09-08 11:14:59.853000+00:00,2025-09-08 11:00:00+00:00,continuous,112005.5,112009.6,111800.0,111838.0,154688473.75990048
2025-09-08 11:29:59.937000+00:00,2025-09-08 11:15:00+00:00,continuous,111838.0,111927.3,111770.0,111789.6,79328774.99809976
2025-09-08 11:44:59.840000+00:00,2025-09-08 11:30:00+00:00,continuous,111789.7,111882.0,111718.7,111881.9,106934777.85669993
2025-09-08 11:59:59.907000+00:00,2025-09-08 11:45:00+00:00,continuous,111882.0,112088.0,111865.6,112022.0,81088267.73299997
2025-09-08 12:14:58.880000+00:00,2025-09-08 12:00:00+00:00,continuous,112022.0,112046.7,111889.6,111974.8,79439858.3315002
2025-09-08 12:29:59.979000+00:00,2025-09-08 12:15:00+00:00,continuous,111974.9,111989.6,111885.4,111900.0,49849493.992199644
2025-09-08 12:44:59.481000+00:00,2025-09-08 12:30:00+00:00,continuous,111900.0,112120.6,111893.7,112030.1,73418289.89700018
2025-09-08 12:59:59.791000+00:00,2025-09-08 12:45:00+00:00,continuous,112030.1,112072.6,111974.7,111990.1,40617560.35419971
2025-09-08 13:14:59.882000+00:00,2025-09-08 13:00:00+00:00,continuous,111990.1,112321.3,111990.1,112290.1,239974622.18580067
2025-09-08 13:29:59.739000+00:00,2025-09-08 13:15:00+00:00,continuous,112290.2,112298.7,112108.4,112158.4,144928991.87560007
2025-09-08 13:44:59.952000+00:00,2025-09-08 13:30:00+00:00,continuous,112158.4,112331.0,111922.0,112163.2,280416816.5260979
2025-09-08 13:59:59.711000+00:00,2025-09-08 13:45:00+00:00,continuous,112163.2,112270.0,111800.0,111864.3,366949852.1119974
2025-09-08 14:14:59.959000+00:00,2025-09-08 14:00:00+00:00,continuous,111864.3,112230.0,111834.6,112085.1,281192854.98810047
2025-09-08 14:29:59.958000+00:00,2025-09-08 14:15:00+00:00,continuous,112085.0,112252.7,111895.0,112197.8,203309800.44039953
2025-09-08 14:44:59.882000+00:00,2025-09-08 14:30:00+00:00,continuous,112197.8,112731.2,112190.3,112539.5,542156874.0482022
2025-09-08 14:59:59.911000+00:00,2025-09-08 14:45:00+00:00,continuous,112539.6,112590.0,112399.8,112586.2,131167828.81580026
2025-09-08 15:14:59.718000+00:00,2025-09-08 15:00:00+00:00,continuous,112586.3,112667.3,112533.5,112644.3,160258131.36089924
2025-09-08 15:29:59.838000+00:00,2025-09-08 15:15:00+00:00,continuous,112644.4,112867.6,112564.3,112773.7,339920179.39330125
2025-09-08 15:44:59.727000+00:00,2025-09-08 15:30:00+00:00,continuous,112773.8,112778.4,112517.5,112579.8,127673998.31339994
2025-09-08 15:59:59.555000+00:00,2025-09-08 15:45:00+00:00,continuous,112579.8,112605.8,112459.2,112573.6,114514977.21069957
2025-09-08 16:14:59.578000+00:00,2025-09-08 16:00:00+00:00,continuous,112573.6,112593.6,112357.9,112358.1,162163277.77790052
2025-09-08 16:29:59.999000+00:00,2025-09-08 16:15:00+00:00,continuous,112358.2,112635.0,112234.1,112587.3,193000258.9143001
2025-09-08 16:44:59.929000+00:00,2025-09-08 16:30:00+00:00,continuous,112587.3,112600.0,112259.7,112426.5,152428042.5199001
2025-09-08 16:59:59.825000+00:00,2025-09-08 16:45:00+00:00,continuous,112426.5,112429.0,112241.1,112345.8,69333598.08639976
2025-09-08 17:14:59.838000+00:00,2025-09-08 17:00:00+00:00,continuous,112345.9,112349.5,112189.0,112297.1,111187998.88460006
2025-09-08 17:29:59.125000+00:00,2025-09-08 17:15:00+00:00,continuous,112297.2,112494.2,112297.2,112475.9,79100457.19930002
2025-09-08 17:44:59.729000+00:00,2025-09-08 17:30:00+00:00,continuous,112475.8,112494.3,112203.3,112203.4,61194646.09170002
2025-09-08 17:59:59.357000+00:00,2025-09-08 17:45:00+00:00,continuous,112203.4,112285.6,112030.0,112168.1,148547652.44470036
2025-09-08 18:14:59.559000+00:00,2025-09-08 18:00:00+00:00,continuous,112168.1,112259.2,112136.3,112241.7,90348163.0609001
2025-09-08 18:29:59.249000+00:00,2025-09-08 18:15:00+00:00,continuous,112241.6,112396.6,112241.6,112334.9,94035900.04580021
2025-09-08 18:44:59.676000+00:00,2025-09-08 18:30:00+00:00,continuous,112334.9,112352.8,112211.3,112282.4,58474128.728600144
2025-09-08 18:59:59.838000+00:00,2025-09-08 18:45:00+00:00,continuous,112282.3,112466.6,112274.8,112425.3,75903505.25549994
2025-09-08 19:14:59.878000+00:00,2025-09-08 19:00:00+00:00,continuous,112425.3,112425.3,112110.0,112171.6,82082597.8341003
2025-09-08 19:29:59.874000+00:00,2025-09-08 19:15:00+00:00,continuous,112171.7,112190.9,112101.4,112145.1,92285045.68520015
2025-09-08 19:44:59.781000+00:00,2025-09-08 19:30:00+00:00,continuous,112145.1,112200.0,112038.4,112063.7,79262065.1244002
2025-09-08 19:59:59.993000+00:00,2025-09-08 19:45:00+00:00,continuous,112063.7,112099.7,111927.0,112051.0,119889838.29880007
2025-09-08 20:14:59.514000+00:00,2025-09-08 20:00:00+00:00,continuous,112050.0,112100.0,112000.1,112028.3,60974296.59949994
2025-09-08 20:29:59.602000+00:00,2025-09-08 20:15:00+00:00,continuous,112028.3,112028.4,111920.9,111995.9,63655917.839300275
2025-09-08 20:44:59.960000+00:00,2025-09-08 20:30:00+00:00,continuous,111995.8,111995.9,111865.1,111867.5,71206027.23539941
2025-09-08 20:59:59.757000+00:00,2025-09-08 20:45:00+00:00,continuous,111867.6,111990.6,111847.0,111919.4,67061613.76740004
2025-09-08 21:14:59.602000+00:00,2025-09-08 21:00:00+00:00,continuous,111919.5,112100.0,111880.0,112100.0,44775633.96370002
2025-09-08 21:29:59.355000+00:00,2025-09-08 21:15:00+00:00,continuous,112100.0,112120.1,112001.4,112054.2,58806345.02860008
2025-09-08 21:44:59.956000+00:00,2025-09-08 21:30:00+00:00,continuous,112054.2,112289.7,112054.1,112196.6,80863128.06369995
2025-09-08 21:59:59.778000+00:00,2025-09-08 21:45:00+00:00,continuous,112196.5,112271.8,112192.7,112271.8,37576402.088599935
2025-09-08 22:14:59.584000+00:00,2025-09-08 22:00:00+00:00,continuous,112271.8,112460.4,112271.8,112385.8,120082065.5373005
2025-09-08 22:29:59.842000+00:00,2025-09-08 22:15:00+00:00,continuous,112385.8,112411.0,112267.1,112275.1,70988799.2966
2025-09-08 22:44:59.203000+00:00,2025-09-08 22:30:00+00:00,continuous,112275.1,112350.0,112240.3,112328.4,45499408.842900015
2025-09-08 22:59:59.755000+00:00,2025-09-08 22:45:00+00:00,continuous,112328.4,112329.4,112160.0,112186.7,42487205.91860025
2025-09-08 23:14:59.583000+00:00,2025-09-08 23:00:00+00:00,continuous,112186.7,112255.0,112149.5,112149.5,28703911.2180998
2025-09-08 23:29:59.614000+00:00,2025-09-08 23:15:00+00:00,continuous,112149.5,112222.3,112068.6,112075.0,50255346.69099992
2025-09-08 23:44:59.956000+00:00,2025-09-08 23:30:00+00:00,continuous,112075.0,112078.9,111976.6,111981.0,49923117.79979985
2025-09-08 23:59:59.297000+00:00,2025-09-08 23:45:00+00:00,continuous,111981.0,112065.3,111931.7,112012.6,49959842.22130016
2025-09-09 00:14:59.258000+00:00,2025-09-09 00:00:00+00:00,continuous,112012.7,112055.7,111912.2,111982.8,77095708.74689974
2025-09-09 00:29:59.686000+00:00,2025-09-09 00:15:00+00:00,continuous,111982.8,112051.3,111554.8,111612.6,310028910.18769807
2025-09-09 00:44:59.501000+00:00,2025-09-09 00:30:00+00:00,continuous,111612.6,111636.0,111511.4,111559.8,117637854.94379976
2025-09-09 00:59:59.553000+00:00,2025-09-09 00:45:00+00:00,continuous,111559.8,111777.1,111409.0,111597.9,247249152.37560064
2025-09-09 01:14:59.721000+00:00,2025-09-09 01:00:00+00:00,continuous,111598.0,111700.0,111511.2,111513.2,62239530.164299965
2025-09-09 01:29:59.697000+00:00,2025-09-09 01:15:00+00:00,continuous,111513.2,111513.2,111220.0,111327.6,172207240.3562986
2025-09-09 01:44:59.509000+00:00,2025-09-09 01:30:00+00:00,continuous,111327.7,111458.5,111249.0,111415.7,90796343.8668003
2025-09-09 01:59:59.877000+00:00,2025-09-09 01:45:00+00:00,continuous,111415.8,111445.2,111306.1,111313.1,72423250.19560033
2025-09-09 02:14:59.996000+00:00,2025-09-09 02:00:00+00:00,continuous,111313.0,111356.8,111150.0,111180.0,130022539.2316993
2025-09-09 02:29:59.966000+00:00,2025-09-09 02:15:00+00:00,continuous,111180.1,111298.4,111050.0,111263.9,149763055.72200027
2025-09-09 02:44:59.600000+00:00,2025-09-09 02:30:00+00:00,continuous,111264.0,111399.9,111188.0,111344.5,100828947.12069975
2025-09-09 02:59:59.334000+00:00,2025-09-09 02:45:00+00:00,continuous,111344.5,111344.5,111165.9,111280.0,105480777.29009978
2025-09-09 03:14:59.674000+00:00,2025-09-09 03:00:00+00:00,continuous,111280.0,111437.7,111186.1,111410.2,118405264.23769994
2025-09-09 03:29:59.924000+00:00,2025-09-09 03:15:00+00:00,continuous,111410.2,111507.6,111362.8,111503.2,151629446.68009868
2025-09-09 03:44:59.960000+00:00,2025-09-09 03:30:00+00:00,continuous,111503.3,111621.8,111441.9,111574.9,132343114.91389994
2025-09-09 03:59:59.765000+00:00,2025-09-09 03:45:00+00:00,continuous,111574.8,111705.1,111530.2,111657.6,112222770.2446993
2025-09-09 04:14:59.843000+00:00,2025-09-09 04:00:00+00:00,continuous,111657.7,111734.9,111576.7,111700.1,87520480.10100017
2025-09-09 04:29:59.671000+00:00,2025-09-09 04:15:00+00:00,continuous,111700.0,112073.4,111700.0,111902.3,295964771.31430155
2025-09-09 04:44:59.893000+00:00,2025-09-09 04:30:00+00:00,continuous,111902.4,111979.1,111850.0,111877.1,72470375.03599992
2025-09-09 04:59:59.606000+00:00,2025-09-09 04:45:00+00:00,continuous,111877.0,112050.1,111680.5,111979.9,275771683.76869994
2025-09-09 05:14:59.669000+00:00,2025-09-09 05:00:00+00:00,continuous,111979.8,112019.4,111809.8,111836.6,99377263.48259933
2025-09-09 05:29:59.828000+00:00,2025-09-09 05:15:00+00:00,continuous,111836.5,111916.7,111800.1,111915.1,90160615.08219995
2025-09-09 05:44:59.971000+00:00,2025-09-09 05:30:00+00:00,continuous,111915.0,111986.0,111900.0,111946.9,36405434.472800046
2025-09-09 05:59:59.854000+00:00,2025-09-09 05:45:00+00:00,continuous,111946.8,112217.8,111946.8,112152.2,144824332.9182003
2025-09-09 06:14:59.885000+00:00,2025-09-09 06:00:00+00:00,continuous,112152.2,112748.6,112115.8,112650.1,492928772.56070226
2025-09-09 06:29:59.960000+00:00,2025-09-09 06:15:00+00:00,continuous,112650.0,112800.0,112455.8,112573.0,285912538.2934008
2025-09-09 06:44:59.896000+00:00,2025-09-09 06:30:00+00:00,continuous,112573.1,112855.0,112573.0,112780.8,232223539.35590044
2025-09-09 06:59:59.908000+00:00,2025-09-09 06:45:00+00:00,continuous,112780.9,113131.6,112768.6,112989.5,534515544.00620204
2025-09-09 07:14:59.884000+00:00,2025-09-09 07:00:00+00:00,continuous,112989.6,113150.0,112924.0,112962.1,244710136.80080014
2025-09-09 07:29:59.700000+00:00,2025-09-09 07:15:00+00:00,continuous,112962.0,113209.8,112962.0,113186.3,195504792.83579934
2025-09-09 07:44:59.956000+00:00,2025-09-09 07:30:00+00:00,continuous,113186.3,113238.0,112851.2,112851.2,233688819.8169996
2025-09-09 07:59:59.670000+00:00,2025-09-09 07:45:00+00:00,continuous,112851.3,113024.2,112699.9,112950.1,270759156.05010074
2025-09-09 08:14:59.806000+00:00,2025-09-09 08:00:00+00:00,continuous,112950.2,113076.9,112929.8,112996.8,129943363.21819921
2025-09-09 08:29:59.796000+00:00,2025-09-09 08:15:00+00:00,continuous,112996.7,113051.0,112852.4,113041.2,90698580.91289963
2025-09-09 08:44:59.590000+00:00,2025-09-09 08:30:00+00:00,continuous,113041.3,113134.3,112974.0,112996.1,105667117.52060051
2025-09-09 08:59:59.998000+00:00,2025-09-09 08:45:00+00:00,continuous,112996.1,112996.1,112859.9,112965.8,77086746.51689999
2025-09-09 09:14:58.651000+00:00,2025-09-09 09:00:00+00:00,continuous,112965.9,112971.8,112882.7,112907.1,57166314.15860015
2025-09-09 09:29:59.367000+00:00,2025-09-09 09:15:00+00:00,continuous,112907.1,113032.8,112907.1,112969.9,78499908.63000047
2025-09-09 09:44:59.630000+00:00,2025-09-09 09:30:00+00:00,continuous,112969.9,112969.9,112888.5,112895.2,34963973.72089993
2025-09-09 09:59:59.989000+00:00,2025-09-09 09:45:00+00:00,continuous,112895.2,112962.7,112870.3,112928.7,62939094.52510008
2025-09-09 10:14:59.458000+00:00,2025-09-09 10:00:00+00:00,continuous,112928.8,113011.8,112906.9,112950.8,48093563.86640001
2025-09-09 10:29:59.887000+00:00,2025-09-09 10:15:00+00:00,continuous,112950.8,112965.6,112588.4,112658.7,164916372.2416995
2025-09-09 10:44:59.806000+00:00,2025-09-09 10:30:00+00:00,continuous,112658.7,112878.7,112604.4,112787.9,134747209.6359003
2025-09-09 10:59:59.524000+00:00,2025-09-09 10:45:00+00:00,continuous,112787.8,112787.9,112588.4,112690.2,105798214.49929987
2025-09-09 11:14:59.759000+00:00,2025-09-09 11:00:00+00:00,continuous,112690.1,112769.2,112665.6,112715.8,43244668.76349975
2025-09-09 11:29:59.702000+00:00,2025-09-09 11:15:00+00:00,continuous,112715.9,112715.9,112603.2,112658.8,52146837.71659985
2025-09-09 11:44:59.542000+00:00,2025-09-09 11:30:00+00:00,continuous,112658.8,112667.9,112517.9,112563.6,66483454.74150002
2025-09-09 11:59:59.898000+00:00,2025-09-09 11:45:00+00:00,continuous,112563.7,112605.9,112350.0,112397.4,196077994.66179988
2025-09-09 12:14:59.754000+00:00,2025-09-09 12:00:00+00:00,continuous,112397.5,112733.4,112350.0,112685.5,204369307.74709886
2025-09-09 12:29:59.441000+00:00,2025-09-09 12:15:00+00:00,continuous,112685.4,112793.8,112628.4,112745.3,120762596.74099998
2025-09-09 12:44:59.913000+00:00,2025-09-09 12:30:00+00:00,continuous,112745.4,112780.1,112534.1,112568.1,86644754.03760006
2025-09-09 12:59:59.800000+00:00,2025-09-09 12:45:00+00:00,continuous,112568.0,112663.7,112522.0,112626.5,47770810.87899983
2025-09-09 13:14:59.825000+00:00,2025-09-09 13:00:00+00:00,continuous,112626.4,112726.0,112429.4,112725.9,112791909.76849943
2025-09-09 13:29:59.876000+00:00,2025-09-09 13:15:00+00:00,continuous,112725.9,112790.2,112518.5,112760.7,118494997.14920087
2025-09-09 13:44:59.706000+00:00,2025-09-09 13:30:00+00:00,continuous,112760.2,112900.0,112615.3,112824.0,210601956.3739001
2025-09-09 13:59:59.849000+00:00,2025-09-09 13:45:00+00:00,continuous,112824.0,112887.5,112620.0,112712.9,166909652.35639888
2025-09-09 14:14:59.798000+00:00,2025-09-09 14:00:00+00:00,continuous,112712.8,112897.4,111944.8,112397.7,1132259053.0991962
2025-09-09 14:29:59.927000+00:00,2025-09-09 14:15:00+00:00,continuous,112397.6,112397.7,112127.1,112273.4,259343824.40260074
2025-09-09 14:44:59.987000+00:00,2025-09-09 14:30:00+00:00,continuous,112273.3,112273.3,111500.0,111525.6,875013134.8568023
2025-09-09 14:59:59.990000+00:00,2025-09-09 14:45:00+00:00,continuous,111525.7,111867.1,111452.4,111709.5,351076160.8616994
2025-09-09 15:14:59.966000+00:00,2025-09-09 15:00:00+00:00,continuous,111708.8,111793.5,111240.1,111345.9,429605180.92370313
2025-09-09 15:29:59.781000+00:00,2025-09-09 15:15:00+00:00,continuous,111345.9,111510.3,111263.5,111270.9,315075269.2710978
2025-09-09 15:44:59.615000+00:00,2025-09-09 15:30:00+00:00,continuous,111270.9,111271.0,110760.0,110777.1,681612342.1239017
2025-09-09 15:59:59.912000+00:00,2025-09-09 15:45:00+00:00,continuous,110777.2,111011.3,110714.9,110830.1,410743908.34190154
2025-09-09 16:14:59.997000+00:00,2025-09-09 16:00:00+00:00,continuous,110830.1,111065.2,110758.0,111059.3,238171220.69819915
2025-09-09 16:29:59.745000+00:00,2025-09-09 16:15:00+00:00,continuous,111059.2,111095.6,110738.6,110900.1,211262784.56030014
2025-09-09 16:44:59.506000+00:00,2025-09-09 16:30:00+00:00,continuous,110900.0,111011.0,110895.4,110932.4,69135244.12710012
2025-09-09 16:59:59.547000+00:00,2025-09-09 16:45:00+00:00,continuous,110932.5,110937.8,110863.3,110915.1,50912973.86420025
2025-09-09 17:14:59.622000+00:00,2025-09-09 17:00:00+00:00,continuous,110915.1,111153.0,110894.7,110985.0,141197499.18430033
2025-09-09 17:29:58.918000+00:00,2025-09-09 17:15:00+00:00,continuous,110985.0,111036.9,110838.6,110874.3,69379249.91800015
2025-09-09 17:44:59.483000+00:00,2025-09-09 17:30:00+00:00,continuous,110874.2,111057.7,110850.4,111057.7,76782121.5712
2025-09-09 17:59:59.800000+00:00,2025-09-09 17:45:00+00:00,continuous,111057.7,111100.5,110953.8,110984.9,88390771.10479993
2025-09-09 18:14:59.707000+00:00,2025-09-09 18:00:00+00:00,continuous,110984.8,111074.0,110880.1,111074.0,154901319.64640015
2025-09-09 18:29:59.853000+00:00,2025-09-09 18:15:00+00:00,continuous,111074.0,111269.3,111065.7,111145.1,169778234.7259
2025-09-09 18:44:59.392000+00:00,2025-09-09 18:30:00+00:00,continuous,111145.2,111145.2,111006.2,111048.9,87868667.55440001
2025-09-09 18:59:59.506000+00:00,2025-09-09 18:45:00+00:00,continuous,111048.9,111171.0,111033.7,111097.9,88488151.94400018
2025-09-09 19:14:59.801000+00:00,2025-09-09 19:00:00+00:00,continuous,111097.9,111243.8,111076.0,111210.0,63040428.4170998
2025-09-09 19:29:58.503000+00:00,2025-09-09 19:15:00+00:00,continuous,111209.9,111235.6,111151.7,111215.1,29198812.848299935
2025-09-09 19:44:59.772000+00:00,2025-09-09 19:30:00+00:00,continuous,111215.1,111320.9,111212.8,111250.0,57914890.274899855
2025-09-09 19:59:59.740000+00:00,2025-09-09 19:45:00+00:00,continuous,111249.9,111342.0,111239.0,111242.3,60983642.10080014
2025-09-09 20:14:59.307000+00:00,2025-09-09 20:00:00+00:00,continuous,111242.4,111296.8,111160.8,111160.8,69515062.28250018
2025-09-09 20:29:59.278000+00:00,2025-09-09 20:15:00+00:00,continuous,111160.8,111197.9,111041.1,111093.0,64245423.45719987
2025-09-09 20:44:59.997000+00:00,2025-09-09 20:30:00+00:00,continuous,111093.0,111200.0,111044.0,111120.5,55144793.635199636
2025-09-09 20:59:59.777000+00:00,2025-09-09 20:45:00+00:00,continuous,111120.4,111490.6,111115.1,111487.4,142699043.93929997
2025-09-09 21:14:59.744000+00:00,2025-09-09 21:00:00+00:00,continuous,111487.5,111692.3,111363.3,111604.4,112514028.93900037
2025-09-09 21:29:59.760000+00:00,2025-09-09 21:15:00+00:00,continuous,111604.4,111618.0,111304.3,111342.2,83481966.22940022
2025-09-09 21:44:59.912000+00:00,2025-09-09 21:30:00+00:00,continuous,111342.2,111461.4,111315.0,111377.8,36142402.962899946
2025-09-09 21:59:59.553000+00:00,2025-09-09 21:45:00+00:00,continuous,111377.7,111377.8,111212.5,111241.9,41934649.27019987
2025-09-09 22:14:59.522000+00:00,2025-09-09 22:00:00+00:00,continuous,111241.8,111492.8,111201.6,111458.1,83994888.8827997
2025-09-09 22:29:58.407000+00:00,2025-09-09 22:15:00+00:00,continuous,111458.1,111494.5,111361.1,111366.8,23841404.1655999
2025-09-09 22:44:59.118000+00:00,2025-09-09 22:30:00+00:00,continuous,111366.7,111474.5,111315.0,111474.5,38889311.91730015
2025-09-09 22:59:59.183000+00:00,2025-09-09 22:45:00+00:00,continuous,111474.4,111585.0,111415.9,111510.0,41634781.77680002
2025-09-09 23:14:59.617000+00:00,2025-09-09 23:00:00+00:00,continuous,111509.9,111530.5,111365.5,111405.4,69054182.31150039
2025-09-09 23:29:59.856000+00:00,2025-09-09 23:15:00+00:00,continuous,111405.4,111425.7,111308.2,111396.8,46871945.932500236
2025-09-09 23:44:59.475000+00:00,2025-09-09 23:30:00+00:00,continuous,111396.9,111514.7,111313.3,111487.1,33588004.508199975
2025-09-09 23:59:59.984000+00:00,2025-09-09 23:45:00+00:00,continuous,111487.2,111515.7,111434.5,111499.9,48400347.45369994
2025-09-10 00:14:58.829000+00:00,2025-09-10 00:00:00+00:00,continuous,111500.0,111533.3,111325.8,111363.1,89411282.9343996
2025-09-10 00:29:59.952000+00:00,2025-09-10 00:15:00+00:00,continuous,111363.1,111363.1,111075.5,111140.6,226614570.91969928
2025-09-10 00:44:59.976000+00:00,2025-09-10 00:30:00+00:00,continuous,111140.6,111246.2,111100.5,111200.4,96680895.14579989
2025-09-10 00:59:59.505000+00:00,2025-09-10 00:45:00+00:00,continuous,111200.4,111219.1,110873.8,110971.3,252076418.69970042
2025-09-10 01:14:59.863000+00:00,2025-09-10 01:00:00+00:00,continuous,110971.3,111127.3,110906.9,111114.8,98273197.51189958
2025-09-10 01:29:59.917000+00:00,2025-09-10 01:15:00+00:00,continuous,111114.9,111182.9,110878.1,110886.8,180054105.8527994
2025-09-10 01:44:59.985000+00:00,2025-09-10 01:30:00+00:00,continuous,110886.7,111049.4,110855.8,110934.7,153446057.2625994
2025-09-10 01:59:59.829000+00:00,2025-09-10 01:45:00+00:00,continuous,110934.6,110988.3,110867.8,110955.8,68450210.73520014
2025-09-10 02:14:59.143000+00:00,2025-09-10 02:00:00+00:00,continuous,110955.8,111313.3,110955.7,111256.6,210872261.55049914
2025-09-10 02:29:59.669000+00:00,2025-09-10 02:15:00+00:00,continuous,111256.7,111430.7,111147.0,111300.0,130587663.99920006
2025-09-10 02:44:59.776000+00:00,2025-09-10 02:30:00+00:00,continuous,111300.0,111500.0,111269.9,111477.9,95485032.34259973
2025-09-10 02:59:58.769000+00:00,2025-09-10 02:45:00+00:00,continuous,111478.0,111505.7,111287.6,111357.6,92053954.06000018
2025-09-10 03:14:59.575000+00:00,2025-09-10 03:00:00+00:00,continuous,111357.7,111440.0,111304.4,111439.9,58734534.5989001
2025-09-10 03:29:59.999000+00:00,2025-09-10 03:15:00+00:00,continuous,111440.0,111545.0,111333.1,111372.7,103866516.02119999
2025-09-10 03:44:59.252000+00:00,2025-09-10 03:30:00+00:00,continuous,111372.7,111461.2,111363.2,111402.0,25652911.783300005
2025-09-10 03:59:59.847000+00:00,2025-09-10 03:45:00+00:00,continuous,111401.9,111499.0,111401.9,111498.9,28223077.37349989
2025-09-10 04:14:59.266000+00:00,2025-09-10 04:00:00+00:00,continuous,111498.9,111499.0,111351.9,111492.4,44453000.24859991
2025-09-10 04:29:59.119000+00:00,2025-09-10 04:15:00+00:00,continuous,111492.4,111607.0,111450.0,111547.5,71684159.87629983
2025-09-10 04:44:59.233000+00:00,2025-09-10 04:30:00+00:00,continuous,111547.5,111574.4,111395.1,111417.9,38992601.431099944
2025-09-10 04:59:59.981000+00:00,2025-09-10 04:45:00+00:00,continuous,111418.0,111553.2,111403.5,111482.1,59655833.284699745
2025-09-10 05:14:59.611000+00:00,2025-09-10 05:00:00+00:00,continuous,111482.2,111539.9,111349.0,111526.9,66809485.475600116
2025-09-10 05:29:59.786000+00:00,2025-09-10 05:15:00+00:00,continuous,111526.9,111592.3,111416.0,111560.1,62413826.65239974
2025-09-10 05:44:59.773000+00:00,2025-09-10 05:30:00+00:00,continuous,111560.1,111621.7,111495.0,111606.9,42391831.55800028
2025-09-10 05:59:59.685000+00:00,2025-09-10 05:45:00+00:00,continuous,111606.8,111674.2,111316.8,111529.9,126926523.75909957
2025-09-10 06:14:59.868000+00:00,2025-09-10 06:00:00+00:00,continuous,111530.0,111550.0,111342.0,111472.1,84686785.9971997
2025-09-10 06:29:59.970000+00:00,2025-09-10 06:15:00+00:00,continuous,111472.1,111762.8,111433.1,111706.2,98742094.22179984
2025-09-10 06:44:59.057000+00:00,2025-09-10 06:30:00+00:00,continuous,111706.2,111929.5,111633.6,111826.1,184375750.4843002
2025-09-10 06:59:59.879000+00:00,2025-09-10 06:45:00+00:00,continuous,111826.0,111914.0,111692.1,111742.8,140254758.3214008
2025-09-10 07:14:59.547000+00:00,2025-09-10 07:00:00+00:00,continuous,111742.7,111877.9,111710.0,111872.5,73137148.73910032
2025-09-10 07:29:59.908000+00:00,2025-09-10 07:15:00+00:00,continuous,111872.5,112250.0,111776.6,112183.5,196339751.27550015
2025-09-10 07:44:59.887000+00:00,2025-09-10 07:30:00+00:00,continuous,112183.6,112242.1,112026.6,112215.4,190648210.81990024
2025-09-10 07:59:59.916000+00:00,2025-09-10 07:45:00+00:00,continuous,112215.4,112555.0,112181.1,112500.1,395290498.3086004
2025-09-10 08:14:59.953000+00:00,2025-09-10 08:00:00+00:00,continuous,112500.0,112832.0,112380.2,112768.0,488660182.9952005
2025-09-10 08:29:59.907000+00:00,2025-09-10 08:15:00+00:00,continuous,112768.1,112809.6,112551.4,112632.5,308605106.4186027
2025-09-10 08:44:59.951000+00:00,2025-09-10 08:30:00+00:00,continuous,112632.5,112647.7,112490.6,112497.0,178537925.0231005
2025-09-10 08:59:59.837000+00:00,2025-09-10 08:45:00+00:00,continuous,112497.0,112544.0,112280.0,112333.0,233954188.67980018
2025-09-10 09:14:59.674000+00:00,2025-09-10 09:00:00+00:00,continuous,112333.0,112342.9,112060.0,112152.6,183627615.88910156
2025-09-10 09:29:59.635000+00:00,2025-09-10 09:15:00+00:00,continuous,112152.5,112395.0,112089.3,112276.7,116666050.91229999
2025-09-10 09:44:59.883000+00:00,2025-09-10 09:30:00+00:00,continuous,112276.8,112383.2,112201.0,112206.6,85356616.5307005
2025-09-10 09:59:59.931000+00:00,2025-09-10 09:45:00+00:00,continuous,112206.5,112296.4,112170.0,112240.3,55427224.77319984
2025-09-10 10:14:59.911000+00:00,2025-09-10 10:00:00+00:00,continuous,112240.2,112386.9,112187.0,112290.1,106227860.87460008
2025-09-10 10:29:59.954000+00:00,2025-09-10 10:15:00+00:00,continuous,112290.2,112388.0,112163.8,112366.0,71275306.34220023
2025-09-10 10:44:59.593000+00:00,2025-09-10 10:30:00+00:00,continuous,112366.1,112394.0,112310.0,112337.1,55948825.88909988
2025-09-10 10:59:59.556000+00:00,2025-09-10 10:45:00+00:00,continuous,112337.1,112342.7,112228.7,112234.1,39899466.37699982
2025-09-10 11:14:59.858000+00:00,2025-09-10 11:00:00+00:00,continuous,112234.1,112332.6,112213.7,112332.6,54037598.98749997
2025-09-10 11:29:59.631000+00:00,2025-09-10 11:15:00+00:00,continuous,112332.5,112379.3,112245.6,112280.0,55144434.296899535
2025-09-10 11:44:59.613000+00:00,2025-09-10 11:30:00+00:00,continuous,112279.9,112280.0,112106.5,112189.4,113720838.55260003
2025-09-10 11:59:59.863000+00:00,2025-09-10 11:45:00+00:00,continuous,112189.5,112266.5,112182.0,112266.4,30410731.05200007
2025-09-10 12:14:59.576000+00:00,2025-09-10 12:00:00+00:00,continuous,112266.5,112451.8,112266.4,112382.4,148937335.4597005
2025-09-10 12:29:59.703000+00:00,2025-09-10 12:15:00+00:00,continuous,112382.4,112688.0,112337.4,112541.2,447145538.19119954
2025-09-10 12:44:59.937000+00:00,2025-09-10 12:30:00+00:00,continuous,112541.1,113530.0,112517.7,113224.0,1918087308.9947195
2025-09-10 12:59:59.949000+00:00,2025-09-10 12:45:00+00:00,continuous,113223.9,113399.0,112860.0,113388.0,557374453.6952949
2025-09-10 13:14:59.974000+00:00,2025-09-10 13:00:00+00:00,continuous,113388.0,113794.4,113358.0,113690.1,783123154.9412051
2025-09-10 13:29:59.888000+00:00,2025-09-10 13:15:00+00:00,continuous,113690.0,113780.0,113392.0,113634.2,258557714.91009927
2025-09-10 13:44:59.973000+00:00,2025-09-10 13:30:00+00:00,continuous,113634.1,113977.0,113343.7,113965.7,490590623.08989775
2025-09-10 13:59:59.942000+00:00,2025-09-10 13:45:00+00:00,continuous,113965.8,114287.9,113751.0,113911.3,892484663.1352005
2025-09-10 14:14:59.930000+00:00,2025-09-10 14:00:00+00:00,continuous,113911.3,114153.8,113830.0,113970.7,418896400.6113015
2025-09-10 14:29:59.698000+00:00,2025-09-10 14:15:00+00:00,continuous,113970.8,114236.9,113929.4,114033.1,277464847.8230991
2025-09-10 14:44:59.648000+00:00,2025-09-10 14:30:00+00:00,continuous,114033.2,114153.8,113924.1,114031.9,186583205.6447996
2025-09-10 14:59:59.918000+00:00,2025-09-10 14:45:00+00:00,continuous,114031.9,114054.6,113754.9,113872.4,276005928.1844009
2025-09-10 15:14:59.794000+00:00,2025-09-10 15:00:00+00:00,continuous,113872.4,114067.2,113802.7,114023.7,160023113.27419978
2025-09-10 15:29:59.410000+00:00,2025-09-10 15:15:00+00:00,continuous,114023.8,114050.0,113695.8,113820.0,208430896.95079967
2025-09-10 15:44:59.958000+00:00,2025-09-10 15:30:00+00:00,continuous,113820.1,113865.4,113648.1,113845.6,141951703.3326998
2025-09-10 15:59:59.939000+00:00,2025-09-10 15:45:00+00:00,continuous,113845.5,113887.6,113721.3,113801.3,103177662.50950056
2025-09-10 16:14:59.883000+00:00,2025-09-10 16:00:00+00:00,continuous,113801.3,113888.5,113676.2,113700.2,127627428.14909929
2025-09-10 16:29:59.914000+00:00,2025-09-10 16:15:00+00:00,continuous,113700.3,113751.4,113570.1,113638.2,242134581.29280007
2025-09-10 16:44:59.927000+00:00,2025-09-10 16:30:00+00:00,continuous,113638.2,113750.0,113532.8,113675.4,169814161.22429976
2025-09-10 16:59:59.945000+00:00,2025-09-10 16:45:00+00:00,continuous,113675.4,113733.3,113587.5,113723.9,107971452.10940024
2025-09-10 17:14:59.888000+00:00,2025-09-10 17:00:00+00:00,continuous,113724.0,113956.8,113717.6,113952.9,168715171.7317001
2025-09-10 17:29:59.963000+00:00,2025-09-10 17:15:00+00:00,continuous,113952.9,114046.8,113400.0,113436.9,330265277.7265008
2025-09-10 17:44:59.915000+00:00,2025-09-10 17:30:00+00:00,continuous,113437.0,113620.1,113366.2,113591.5,180640362.9500999
2025-09-10 17:59:59.853000+00:00,2025-09-10 17:45:00+00:00,continuous,113591.6,113758.3,113552.2,113693.8,66190925.741300136
2025-09-10 18:14:59.938000+00:00,2025-09-10 18:00:00+00:00,continuous,113693.9,113858.9,113649.2,113736.7,95448077.86740059
2025-09-10 18:29:59.975000+00:00,2025-09-10 18:15:00+00:00,continuous,113736.8,113736.8,113304.1,113357.1,226076107.50979948
2025-09-10 18:44:59.983000+00:00,2025-09-10 18:30:00+00:00,continuous,113357.1,113580.0,113310.7,113439.1,128358917.83339968
2025-09-10 18:59:59.572000+00:00,2025-09-10 18:45:00+00:00,continuous,113439.1,113623.2,113325.4,113550.0,97500090.52559993
2025-09-10 19:14:59.205000+00:00,2025-09-10 19:00:00+00:00,continuous,113550.1,113581.2,113306.0,113306.0,67822854.45430027
2025-09-10 19:29:59.455000+00:00,2025-09-10 19:15:00+00:00,continuous,113306.0,113306.1,113111.0,113190.5,190153866.63419944
2025-09-10 19:44:59.736000+00:00,2025-09-10 19:30:00+00:00,continuous,113190.6,113439.7,113138.6,113439.6,152759966.18939993
2025-09-10 19:59:59.959000+00:00,2025-09-10 19:45:00+00:00,continuous,113439.6,113567.1,113306.1,113525.2,104825051.15999997
2025-09-10 20:14:59.741000+00:00,2025-09-10 20:00:00+00:00,continuous,113525.3,113889.6,113509.9,113621.3,286907432.5284995
2025-09-10 20:29:59.787000+00:00,2025-09-10 20:15:00+00:00,continuous,113621.3,113758.1,113567.2,113684.9,102911316.8115999
2025-09-10 20:44:59.434000+00:00,2025-09-10 20:30:00+00:00,continuous,113684.9,113736.0,113572.0,113695.7,50351615.727400064
2025-09-10 20:59:59.915000+00:00,2025-09-10 20:45:00+00:00,continuous,113695.7,113707.0,113500.0,113513.6,63849961.500500076
2025-09-10 21:14:59.924000+00:00,2025-09-10 21:00:00+00:00,continuous,113513.7,113769.2,113468.4,113643.9,71431882.9952
2025-09-10 21:29:58.576000+00:00,2025-09-10 21:15:00+00:00,continuous,113643.8,113736.0,113640.6,113646.5,26820483.41680014
2025-09-10 21:44:59.856000+00:00,2025-09-10 21:30:00+00:00,continuous,113646.5,113770.8,113612.9,113745.6,65243816.967999995
2025-09-10 21:59:59.580000+00:00,2025-09-10 21:45:00+00:00,continuous,113745.5,113796.6,113703.4,113782.8,29422159.744900107
2025-09-10 22:14:58.775000+00:00,2025-09-10 22:00:00+00:00,continuous,113782.8,113942.8,113782.8,113873.1,117993557.11609991
2025-09-10 22:29:59.967000+00:00,2025-09-10 22:15:00+00:00,continuous,113873.0,113942.4,113849.0,113885.6,52917469.395299874
2025-09-10 22:44:59.244000+00:00,2025-09-10 22:30:00+00:00,continuous,113885.8,113890.5,113645.4,113711.7,111349908.0577001
2025-09-10 22:59:59.497000+00:00,2025-09-10 22:45:00+00:00,continuous,113711.7,113865.9,113711.7,113831.5,47312358.78669996
2025-09-10 23:14:59.894000+00:00,2025-09-10 23:00:00+00:00,continuous,113831.5,113971.0,113831.4,113850.8,75505440.03870055
2025-09-10 23:29:59.541000+00:00,2025-09-10 23:15:00+00:00,continuous,113850.7,113880.9,113759.0,113759.0,36140815.63940005
2025-09-10 23:44:59.510000+00:00,2025-09-10 23:30:00+00:00,continuous,113759.0,113795.6,113732.0,113732.0,34348323.0602002
2025-09-10 23:59:59.773000+00:00,2025-09-10 23:45:00+00:00,continuous,113732.1,114005.0,113732.0,113896.8,296923445.5962013
2025-09-11 00:14:59.462000+00:00,2025-09-11 00:00:00+00:00,continuous,113896.8,113948.8,113835.2,113835.5,105439480.6643998
2025-09-11 00:29:59.895000+00:00,2025-09-11 00:15:00+00:00,continuous,113835.4,113864.3,113735.2,113769.5,75123890.89479946
2025-09-11 00:44:58.577000+00:00,2025-09-11 00:30:00+00:00,continuous,113769.5,113783.3,113614.5,113700.0,75802266.04620017
2025-09-11 00:59:59.087000+00:00,2025-09-11 00:45:00+00:00,continuous,113700.0,113860.0,113683.9,113833.5,35389573.15210015
2025-09-11 01:14:59.968000+00:00,2025-09-11 01:00:00+00:00,continuous,113833.4,114005.0,113779.4,114004.9,114808566.26759966
2025-09-11 01:29:59.740000+00:00,2025-09-11 01:15:00+00:00,continuous,114005.0,114142.4,113900.0,113921.6,104656544.3910996
2025-09-11 01:44:59.843000+00:00,2025-09-11 01:30:00+00:00,continuous,113921.7,114037.6,113782.0,113853.9,49339844.018500015
2025-09-11 01:59:59.755000+00:00,2025-09-11 01:45:00+00:00,continuous,113853.9,113907.5,113783.5,113852.4,40206447.28230001
2025-09-11 02:14:59.539000+00:00,2025-09-11 02:00:00+00:00,continuous,113852.3,113904.7,113770.0,113904.6,39606751.47750001
2025-09-11 02:29:59.996000+00:00,2025-09-11 02:15:00+00:00,continuous,113904.6,113904.6,113685.0,113685.1,55761042.2428999
2025-09-11 02:44:59.515000+00:00,2025-09-11 02:30:00+00:00,continuous,113685.0,113904.2,113663.7,113829.5,67231262.65819973
2025-09-11 02:59:59.679000+00:00,2025-09-11 02:45:00+00:00,continuous,113829.6,113847.2,113772.9,113774.8,27466013.09120021
2025-09-11 03:14:59.908000+00:00,2025-09-11 03:00:00+00:00,continuous,113774.8,113900.0,113774.7,113900.0,48352386.762499526
2025-09-11 03:29:59.952000+00:00,2025-09-11 03:15:00+00:00,continuous,113899.9,114135.7,113899.9,114076.3,94625467.30379964
2025-09-11 03:44:59.765000+00:00,2025-09-11 03:30:00+00:00,continuous,114076.4,114229.3,113984.4,114150.1,122428438.29040062
2025-09-11 03:59:59.878000+00:00,2025-09-11 03:45:00+00:00,continuous,114150.1,114433.2,114145.2,114354.4,218398811.96819866
2025-09-11 04:14:59.822000+00:00,2025-09-11 04:00:00+00:00,continuous,114354.4,114359.5,114155.9,114155.9,130714177.18640001
2025-09-11 04:29:59.893000+00:00,2025-09-11 04:15:00+00:00,continuous,114156.0,114253.7,114075.5,114189.3,115638034.01660025
2025-09-11 04:44:59.388000+00:00,2025-09-11 04:30:00+00:00,continuous,114189.3,114196.9,114025.7,114150.1,70225566.88079983
2025-09-11 04:59:59.820000+00:00,2025-09-11 04:45:00+00:00,continuous,114150.0,114150.1,114020.5,114102.9,48215141.395299874
2025-09-11 05:14:59.584000+00:00,2025-09-11 05:00:00+00:00,continuous,114103.0,114180.0,114040.8,114055.0,54229010.61219985
2025-09-11 05:29:59.874000+00:00,2025-09-11 05:15:00+00:00,continuous,114055.1,114081.5,113912.5,114064.7,78349888.4739001
2025-09-11 05:44:59.884000+00:00,2025-09-11 05:30:00+00:00,continuous,114064.7,114290.0,114057.6,114228.5,92632386.20769978
2025-09-11 05:59:59.818000+00:00,2025-09-11 05:45:00+00:00,continuous,114228.5,114232.8,114200.0,114215.1,35761415.72939986
2025-09-11 06:14:59.522000+00:00,2025-09-11 06:00:00+00:00,continuous,114215.2,114215.2,114017.7,114114.1,87493964.72309996
2025-09-11 06:29:59.825000+00:00,2025-09-11 06:15:00+00:00,continuous,114114.1,114222.0,114051.8,114215.7,44688056.08640011
2025-09-11 06:44:59.958000+00:00,2025-09-11 06:30:00+00:00,continuous,114215.7,114359.5,114206.4,114347.9,98092768.19850074
2025-09-11 06:59:59.696000+00:00,2025-09-11 06:45:00+00:00,continuous,114347.9,114419.9,114262.3,114279.6,79483280.55110008
2025-09-11 07:14:59.557000+00:00,2025-09-11 07:00:00+00:00,continuous,114279.6,114279.6,113900.0,114048.8,210682066.80320066
2025-09-11 07:29:59.564000+00:00,2025-09-11 07:15:00+00:00,continuous,114048.8,114063.1,113950.0,114016.1,47832740.487399936
2025-09-11 07:44:59.131000+00:00,2025-09-11 07:30:00+00:00,continuous,114016.1,114184.2,113987.9,114163.5,61770291.507600054
2025-09-11 07:59:59.189000+00:00,2025-09-11 07:45:00+00:00,continuous,114163.6,114180.4,113975.0,114040.0,70592872.54389986
2025-09-11 08:14:59.874000+00:00,2025-09-11 08:00:00+00:00,continuous,114040.1,114144.2,113917.1,114082.8,135548146.1621001
2025-09-11 08:29:59.439000+00:00,2025-09-11 08:15:00+00:00,continuous,114082.8,114134.2,114045.4,114115.5,43308096.1984
2025-09-11 08:44:59.969000+00:00,2025-09-11 08:30:00+00:00,continuous,114115.6,114161.0,114061.4,114076.3,36272617.263399765
2025-09-11 08:59:58.472000+00:00,2025-09-11 08:45:00+00:00,continuous,114076.2,114076.3,113977.2,114005.6,40573863.41169977
2025-09-11 09:14:59.414000+00:00,2025-09-11 09:00:00+00:00,continuous,114005.7,114037.5,113806.1,113865.3,167382709.94549912
2025-09-11 09:29:59.530000+00:00,2025-09-11 09:15:00+00:00,continuous,113865.3,113981.7,113865.2,113926.6,75673379.17229964
2025-09-11 09:44:59.817000+00:00,2025-09-11 09:30:00+00:00,continuous,113926.6,113926.6,113800.0,113800.1,97809097.11769989
2025-09-11 09:59:59.947000+00:00,2025-09-11 09:45:00+00:00,continuous,113800.1,113870.6,113722.2,113857.5,119360983.00119925
2025-09-11 10:14:59.716000+00:00,2025-09-11 10:00:00+00:00,continuous,113857.4,113941.0,113839.9,113919.3,77511063.2615002
2025-09-11 10:29:59.478000+00:00,2025-09-11 10:15:00+00:00,continuous,113919.3,113971.6,113843.7,113934.6,57850751.01640006
2025-09-11 10:44:59.708000+00:00,2025-09-11 10:30:00+00:00,continuous,113934.6,114042.8,113904.3,113996.4,74287096.50339963
2025-09-11 10:59:59.997000+00:00,2025-09-11 10:45:00+00:00,continuous,113996.3,114065.0,113979.7,114003.1,45984063.89020003
2025-09-11 11:14:59.719000+00:00,2025-09-11 11:00:00+00:00,continuous,114003.1,114063.1,113930.1,114009.5,113030778.13939972
2025-09-11 11:29:59.773000+00:00,2025-09-11 11:15:00+00:00,continuous,114009.6,114015.3,113870.0,113870.0,52902339.58030004
2025-09-11 11:44:59.875000+00:00,2025-09-11 11:30:00+00:00,continuous,113870.1,113967.4,113850.0,113931.3,69118917.37550013
2025-09-11 11:59:59.839000+00:00,2025-09-11 11:45:00+00:00,continuous,113931.3,113961.0,113888.8,113960.9,53774540.68109973
2025-09-11 12:14:59.984000+00:00,2025-09-11 12:00:00+00:00,continuous,113961.0,114450.0,113960.9,114217.7,349128509.1975998
2025-09-11 12:29:59.987000+00:00,2025-09-11 12:15:00+00:00,continuous,114217.8,114343.9,114023.7,114343.9,251965568.44469717
2025-09-11 12:44:59.938000+00:00,2025-09-11 12:30:00+00:00,continuous,114344.0,114500.0,113451.0,113811.3,1238939491.8377912
2025-09-11 12:59:59.935000+00:00,2025-09-11 12:45:00+00:00,continuous,113811.2,114095.0,113811.2,113929.9,203027427.21499923
2025-09-11 13:14:59.934000+00:00,2025-09-11 13:00:00+00:00,continuous,113930.0,113971.3,113380.4,113435.2,473907636.1170988
2025-09-11 13:29:59.913000+00:00,2025-09-11 13:15:00+00:00,continuous,113435.1,113746.0,113340.7,113663.4,328704383.8886978
2025-09-11 13:44:59.982000+00:00,2025-09-11 13:30:00+00:00,continuous,113663.4,114140.3,113627.1,113873.5,460104642.56449795
2025-09-11 13:59:59.990000+00:00,2025-09-11 13:45:00+00:00,continuous,113873.4,114691.7,113760.0,114577.5,686430398.8519031
2025-09-11 14:14:59.732000+00:00,2025-09-11 14:00:00+00:00,continuous,114578.2,114630.0,114118.3,114129.9,408821996.44650114
2025-09-11 14:29:59.781000+00:00,2025-09-11 14:15:00+00:00,continuous,114129.9,114144.1,113871.5,114099.9,270097133.2848995
2025-09-11 14:44:59.850000+00:00,2025-09-11 14:30:00+00:00,continuous,114099.9,114531.1,114043.3,114475.0,214483476.91150054
2025-09-11 14:59:59.927000+00:00,2025-09-11 14:45:00+00:00,continuous,114475.1,114526.5,114218.9,114400.1,159084749.3725004
2025-09-11 15:14:59.792000+00:00,2025-09-11 15:00:00+00:00,continuous,114400.2,114550.8,114324.4,114489.9,133085295.9243005
2025-09-11 15:29:59.506000+00:00,2025-09-11 15:15:00+00:00,continuous,114490.0,114646.8,114310.2,114344.9,174744381.22660118
2025-09-11 15:44:59.952000+00:00,2025-09-11 15:30:00+00:00,continuous,114345.0,114465.0,114213.0,114213.0,109286956.21960048
2025-09-11 15:59:59.581000+00:00,2025-09-11 15:45:00+00:00,continuous,114212.9,114258.5,113926.4,114122.3,249967732.970099
2025-09-11 16:14:59.758000+00:00,2025-09-11 16:00:00+00:00,continuous,114122.4,114317.0,114122.3,114260.8,111354717.42770012
2025-09-11 16:29:59.900000+00:00,2025-09-11 16:15:00+00:00,continuous,114260.9,114412.6,114229.9,114303.9,70807859.78280015
2025-09-11 16:44:59.454000+00:00,2025-09-11 16:30:00+00:00,continuous,114304.0,114541.1,114304.0,114500.6,101756105.67810018
2025-09-11 16:59:59.821000+00:00,2025-09-11 16:45:00+00:00,continuous,114500.5,114510.0,114347.2,114428.4,140042205.98720044
2025-09-11 17:14:59.176000+00:00,2025-09-11 17:00:00+00:00,continuous,114428.5,114498.8,114307.6,114408.4,92791781.8801004
2025-09-11 17:29:59.785000+00:00,2025-09-11 17:15:00+00:00,continuous,114408.4,114519.7,114274.3,114403.1,73496686.75309983
2025-09-11 17:44:59.890000+00:00,2025-09-11 17:30:00+00:00,continuous,114403.1,114548.9,114400.1,114530.0,56121044.06199996
2025-09-11 17:59:59.567000+00:00,2025-09-11 17:45:00+00:00,continuous,114529.9,114554.4,114420.3,114534.1,56700735.046800114
2025-09-11 18:14:59.901000+00:00,2025-09-11 18:00:00+00:00,continuous,114534.1,114564.0,114295.0,114295.0,89019683.42860007
2025-09-11 18:29:59.878000+00:00,2025-09-11 18:15:00+00:00,continuous,114295.0,114303.5,114008.5,114159.2,222615514.33540076
2025-09-11 18:44:59.778000+00:00,2025-09-11 18:30:00+00:00,continuous,114159.1,114225.5,114063.2,114186.7,69570767.61200006
2025-09-11 18:59:59.627000+00:00,2025-09-11 18:45:00+00:00,continuous,114186.6,114274.9,114140.2,114254.5,41789131.66720013
2025-09-11 19:14:59.939000+00:00,2025-09-11 19:00:00+00:00,continuous,114254.5,114365.9,114192.6,114192.7,47569425.884399846
2025-09-11 19:29:59.547000+00:00,2025-09-11 19:15:00+00:00,continuous,114192.7,114315.0,114130.3,114284.9,81108698.90230015
2025-09-11 19:44:57.591000+00:00,2025-09-11 19:30:00+00:00,continuous,114284.9,114400.0,114284.9,114339.1,49267954.46749988
2025-09-11 19:59:59.453000+00:00,2025-09-11 19:45:00+00:00,continuous,114339.1,114478.7,114312.9,114370.5,59927945.19570011
2025-09-11 20:14:59.656000+00:00,2025-09-11 20:00:00+00:00,continuous,114370.4,114440.6,114260.3,114263.7,46641889.3202001
2025-09-11 20:29:58.746000+00:00,2025-09-11 20:15:00+00:00,continuous,114263.6,114345.4,114198.4,114229.9,55801739.051700026
2025-09-11 20:44:59.709000+00:00,2025-09-11 20:30:00+00:00,continuous,114229.9,114273.1,114195.0,114253.6,19624788.548299875
2025-09-11 20:59:59.958000+00:00,2025-09-11 20:45:00+00:00,continuous,114253.6,114386.5,114235.5,114343.1,38908212.10529985
2025-09-11 21:14:59.970000+00:00,2025-09-11 21:00:00+00:00,continuous,114343.1,114411.5,114336.2,114380.9,24483024.278300032
2025-09-11 21:29:59.960000+00:00,2025-09-11 21:15:00+00:00,continuous,114381.0,114403.7,114344.8,114389.1,23654706.17869998
2025-09-11 21:44:59.870000+00:00,2025-09-11 21:30:00+00:00,continuous,114389.2,114473.3,114389.1,114463.9,35842181.94689972
2025-09-11 21:59:58.861000+00:00,2025-09-11 21:45:00+00:00,continuous,114463.9,114464.0,114423.5,114426.4,29310064.313699942
2025-09-11 22:14:59.555000+00:00,2025-09-11 22:00:00+00:00,continuous,114426.4,114514.0,114375.3,114505.8,72885623.61289923
2025-09-11 22:29:59.616000+00:00,2025-09-11 22:15:00+00:00,continuous,114505.9,115148.3,114494.7,114992.7,754000818.2823058
2025-09-11 22:44:59.581000+00:00,2025-09-11 22:30:00+00:00,continuous,114992.6,115188.9,114877.6,115094.1,244763908.401799
2025-09-11 22:59:59.977000+00:00,2025-09-11 22:45:00+00:00,continuous,115094.1,115218.9,115037.3,115037.3,163830734.91480052
2025-09-11 23:14:59.974000+00:00,2025-09-11 23:00:00+00:00,continuous,115037.2,115339.0,115031.9,115323.7,180998008.01480034
2025-09-11 23:29:59.672000+00:00,2025-09-11 23:15:00+00:00,continuous,115323.7,115323.8,115245.0,115288.1,81864761.16160017
2025-09-11 23:44:59.823000+00:00,2025-09-11 23:30:00+00:00,continuous,115288.1,115336.0,115253.5,115335.9,63020244.32059967
2025-09-11 23:59:59.897000+00:00,2025-09-11 23:45:00+00:00,continuous,115335.9,115439.0,115333.7,115427.0,139256313.41709962
2025-09-12 00:14:59.881000+00:00,2025-09-12 00:00:00+00:00,continuous,115427.0,115637.0,115384.4,115450.0,423924269.2428988
2025-09-12 00:29:59.510000+00:00,2025-09-12 00:15:00+00:00,continuous,115450.0,115850.0,115357.6,115741.8,363519100.3932995
2025-09-12 00:44:59.978000+00:00,2025-09-12 00:30:00+00:00,continuous,115741.7,115980.0,115741.7,115962.0,223050516.90129906
2025-09-12 00:59:59.985000+00:00,2025-09-12 00:45:00+00:00,continuous,115962.1,116280.0,115763.8,115795.1,601920623.7200034
2025-09-12 01:14:59.945000+00:00,2025-09-12 01:00:00+00:00,continuous,115795.1,115980.0,115700.0,115700.1,221576354.04070038
2025-09-12 01:29:59.974000+00:00,2025-09-12 01:15:00+00:00,continuous,115700.2,115920.0,115638.3,115660.8,182124607.7720999
2025-09-12 01:44:59.870000+00:00,2025-09-12 01:30:00+00:00,continuous,115660.8,115684.1,115476.0,115583.1,185435835.13009888
2025-09-12 01:59:59.929000+00:00,2025-09-12 01:45:00+00:00,continuous,115583.2,115588.0,115305.1,115329.5,279863006.45140034
2025-09-12 02:14:59.815000+00:00,2025-09-12 02:00:00+00:00,continuous,115329.5,115552.2,115290.6,115429.5,158930563.24610087
2025-09-12 02:29:59.043000+00:00,2025-09-12 02:15:00+00:00,continuous,115429.6,115618.1,115380.1,115470.7,108695284.06779997
2025-09-12 02:44:59.993000+00:00,2025-09-12 02:30:00+00:00,continuous,115470.6,115599.3,115392.5,115456.9,94155518.7115003
2025-09-12 02:59:59.428000+00:00,2025-09-12 02:45:00+00:00,continuous,115456.9,115456.9,115196.9,115332.5,254211978.6175997
2025-09-12 03:14:59.137000+00:00,2025-09-12 03:00:00+00:00,continuous,115332.4,115375.0,115188.0,115199.5,96997134.62059993
2025-09-12 03:29:59.437000+00:00,2025-09-12 03:15:00+00:00,continuous,115199.4,115231.2,115103.1,115156.7,151125675.40839896
2025-09-12 03:44:59.844000+00:00,2025-09-12 03:30:00+00:00,continuous,115156.7,115224.0,114993.0,115192.8,222418730.01289937
2025-09-12 03:59:59.557000+00:00,2025-09-12 03:45:00+00:00,continuous,115192.7,115291.3,115109.4,115138.3,98561486.7856001
2025-09-12 04:14:59.706000+00:00,2025-09-12 04:00:00+00:00,continuous,115138.3,115238.0,115024.3,115237.6,105590176.85859999
2025-09-12 04:29:59.582000+00:00,2025-09-12 04:15:00+00:00,continuous,115237.6,115322.6,115200.0,115250.0,150609637.51059985
2025-09-12 04:44:59.554000+00:00,2025-09-12 04:30:00+00:00,continuous,115249.9,115452.8,115249.9,115368.2,168801827.558701
2025-09-12 04:59:59.484000+00:00,2025-09-12 04:45:00+00:00,continuous,115368.1,115372.8,115262.4,115314.5,65506423.83360018
2025-09-12 05:14:59.392000+00:00,2025-09-12 05:00:00+00:00,continuous,115314.5,115397.0,115266.0,115374.9,58124786.162000164
2025-09-12 05:29:59.603000+00:00,2025-09-12 05:15:00+00:00,continuous,115375.0,115523.9,115374.9,115445.2,127795369.97980024
2025-09-12 05:44:59.658000+00:00,2025-09-12 05:30:00+00:00,continuous,115445.1,115500.0,115277.1,115474.7,123678313.02120066
2025-09-12 05:59:59.020000+00:00,2025-09-12 05:45:00+00:00,continuous,115474.7,115613.0,115474.7,115559.6,120968471.75900054
2025-09-12 06:14:59.898000+00:00,2025-09-12 06:00:00+00:00,continuous,115559.6,115559.6,115328.4,115328.4,85796279.72380011
2025-09-12 06:29:59.563000+00:00,2025-09-12 06:15:00+00:00,continuous,115328.3,115420.5,115288.0,115288.1,44381161.090699956
2025-09-12 06:44:59.862000+00:00,2025-09-12 06:30:00+00:00,continuous,115288.0,115330.9,115204.9,115252.4,74473077.36039975
2025-09-12 06:59:59.121000+00:00,2025-09-12 06:45:00+00:00,continuous,115252.4,115289.6,115215.9,115270.5,45373248.06990007
2025-09-12 07:14:59.606000+00:00,2025-09-12 07:00:00+00:00,continuous,115270.5,115358.0,115236.0,115236.0,66636662.96009999
2025-09-12 07:29:59.429000+00:00,2025-09-12 07:15:00+00:00,continuous,115236.1,115255.7,115160.2,115169.2,43603908.835600086
2025-09-12 07:44:59.982000+00:00,2025-09-12 07:30:00+00:00,continuous,115169.3,115195.8,115120.3,115135.9,72101899.17379981
2025-09-12 07:59:58.972000+00:00,2025-09-12 07:45:00+00:00,continuous,115135.8,115164.7,115039.1,115049.0,76463494.47899993
2025-09-12 08:14:59.882000+00:00,2025-09-12 08:00:00+00:00,continuous,115048.9,115086.4,114908.9,115036.8,211962049.25890076
2025-09-12 08:29:59.734000+00:00,2025-09-12 08:15:00+00:00,continuous,115036.8,115243.5,114910.0,115143.0,240708923.88229796
2025-09-12 08:44:59.791000+00:00,2025-09-12 08:30:00+00:00,continuous,115142.9,115162.8,115023.6,115039.2,98596523.26729965
2025-09-12 08:59:59.892000+00:00,2025-09-12 08:45:00+00:00,continuous,115039.2,115051.9,114959.0,115013.9,67255372.99950038
2025-09-12 09:14:59.862000+00:00,2025-09-12 09:00:00+00:00,continuous,115014.0,115088.8,114976.3,115040.0,55448113.76220049
2025-09-12 09:29:59.647000+00:00,2025-09-12 09:15:00+00:00,continuous,115040.0,115090.0,114850.1,114900.0,167723202.89740098
2025-09-12 09:44:59.821000+00:00,2025-09-12 09:30:00+00:00,continuous,114900.0,115000.0,114833.8,114866.4,93050735.41969904
2025-09-12 09:59:59.508000+00:00,2025-09-12 09:45:00+00:00,continuous,114866.3,115031.4,114866.3,115010.0,98439706.72039975
2025-09-12 10:14:59.496000+00:00,2025-09-12 10:00:00+00:00,continuous,115010.0,115045.9,114891.2,114935.3,64346437.172599964
2025-09-12 10:29:59.843000+00:00,2025-09-12 10:15:00+00:00,continuous,114935.3,114979.0,114880.8,114955.4,49374119.7766998
2025-09-12 10:44:59.638000+00:00,2025-09-12 10:30:00+00:00,continuous,114955.4,115000.0,114909.4,114937.6,34014564.90679987
2025-09-12 10:59:59.938000+00:00,2025-09-12 10:45:00+00:00,continuous,114937.6,115000.0,114900.0,114928.4,49456944.781099774
2025-09-12 11:14:59.991000+00:00,2025-09-12 11:00:00+00:00,continuous,114928.4,114939.4,114853.7,114861.7,65090320.49659967
2025-09-12 11:29:59.987000+00:00,2025-09-12 11:15:00+00:00,continuous,114861.6,115107.6,114851.9,115080.1,120988256.41419959
2025-09-12 11:44:59.479000+00:00,2025-09-12 11:30:00+00:00,continuous,115080.0,115089.0,114922.0,114936.4,72222184.14959988
2025-09-12 11:59:59.790000+00:00,2025-09-12 11:45:00+00:00,continuous,114936.5,114948.0,114850.0,114863.0,50405752.75990011
2025-09-12 12:14:59.727000+00:00,2025-09-12 12:00:00+00:00,continuous,114863.0,114910.3,114681.5,114803.2,229428319.64949998
2025-09-12 12:29:59.975000+00:00,2025-09-12 12:15:00+00:00,continuous,114803.3,115161.5,114769.4,115083.9,257480534.1045995
2025-09-12 12:44:59.990000+00:00,2025-09-12 12:30:00+00:00,continuous,115083.9,115117.2,114866.8,114991.1,101298266.73899998
2025-09-12 12:59:59.096000+00:00,2025-09-12 12:45:00+00:00,continuous,114991.2,115138.3,114933.7,115035.5,90328576.83979972
2025-09-12 13:14:59.757000+00:00,2025-09-12 13:00:00+00:00,continuous,115035.5,115035.5,114943.2,114943.2,49524610.394299954
2025-09-12 13:29:59.696000+00:00,2025-09-12 13:15:00+00:00,continuous,114943.2,114950.9,114842.4,114892.7,83973009.36770011
2025-09-12 13:44:59.907000+00:00,2025-09-12 13:30:00+00:00,continuous,114892.8,115104.9,114771.9,114897.2,136864631.3191997
2025-09-12 13:59:59.950000+00:00,2025-09-12 13:45:00+00:00,continuous,114897.2,115191.3,114822.4,115114.6,153361188.58270004
2025-09-12 14:14:59.990000+00:00,2025-09-12 14:00:00+00:00,continuous,115114.5,115445.9,115005.6,115065.3,376027804.7702008
2025-09-12 14:29:59.761000+00:00,2025-09-12 14:15:00+00:00,continuous,115065.4,115300.0,115018.0,115163.8,131999911.09699994
2025-09-12 14:44:59.864000+00:00,2025-09-12 14:30:00+00:00,continuous,115163.7,115250.0,114819.9,114819.9,155082502.61450028
2025-09-12 14:59:59.988000+00:00,2025-09-12 14:45:00+00:00,continuous,114819.9,115224.1,114818.7,115213.6,121093845.15420014
2025-09-12 15:14:59.716000+00:00,2025-09-12 15:00:00+00:00,continuous,115213.7,115246.8,114895.6,114972.3,92010167.69550012
2025-09-12 15:29:59.911000+00:00,2025-09-12 15:15:00+00:00,continuous,114972.3,115153.8,114933.5,114945.4,62429183.85210016
2025-09-12 15:44:59.465000+00:00,2025-09-12 15:30:00+00:00,continuous,114945.4,115140.5,114880.0,115072.2,81415007.21249962
2025-09-12 15:59:59.570000+00:00,2025-09-12 15:45:00+00:00,continuous,115072.3,115196.2,115030.0,115064.9,43600898.56900026
2025-09-12 16:14:59.973000+00:00,2025-09-12 16:00:00+00:00,continuous,115064.8,115197.2,114989.9,115197.2,108420421.31029987
2025-09-12 16:29:59.911000+00:00,2025-09-12 16:15:00+00:00,continuous,115197.2,115328.8,115105.0,115318.1,108059657.01070036
2025-09-12 16:44:59.811000+00:00,2025-09-12 16:30:00+00:00,continuous,115318.0,115400.0,115201.8,115296.4,96466363.28370039
2025-09-12 16:59:59.798000+00:00,2025-09-12 16:45:00+00:00,continuous,115296.4,115469.7,115249.4,115435.0,112284410.9615998
2025-09-12 17:14:59.507000+00:00,2025-09-12 17:00:00+00:00,continuous,115435.0,115538.4,115335.5,115538.4,147189658.58669952
2025-09-12 17:29:59.933000+00:00,2025-09-12 17:15:00+00:00,continuous,115538.3,115879.1,115538.3,115787.4,289358232.1534008
2025-09-12 17:44:59.550000+00:00,2025-09-12 17:30:00+00:00,continuous,115787.4,115875.7,115624.0,115821.0,233431546.2524999
2025-09-12 17:59:59.987000+00:00,2025-09-12 17:45:00+00:00,continuous,115821.1,115847.8,115692.3,115746.4,120942308.43310016
2025-09-12 18:14:59.990000+00:00,2025-09-12 18:00:00+00:00,continuous,115746.5,116000.0,115697.7,115962.5,237496799.16730118
2025-09-12 18:29:59.889000+00:00,2025-09-12 18:15:00+00:00,continuous,115962.4,116155.3,115954.8,116135.8,237667122.6164993
2025-09-12 18:44:59.901000+00:00,2025-09-12 18:30:00+00:00,continuous,116135.8,116421.8,116135.7,116411.6,463222822.90440035
2025-09-12 18:59:59.958000+00:00,2025-09-12 18:45:00+00:00,continuous,116411.6,116444.0,116268.5,116423.9,170005791.27000073
2025-09-12 19:14:59.913000+00:00,2025-09-12 19:00:00+00:00,continuous,116424.0,116431.9,116261.0,116266.3,188538877.5817992
2025-09-12 19:29:59.696000+00:00,2025-09-12 19:15:00+00:00,continuous,116266.2,116479.5,116180.0,116457.1,208323302.56590015
2025-09-12 19:44:59.805000+00:00,2025-09-12 19:30:00+00:00,continuous,116457.1,116480.0,116339.2,116395.1,162137571.55020034
2025-09-12 19:59:59.939000+00:00,2025-09-12 19:45:00+00:00,continuous,116395.0,116605.7,116349.4,116561.1,358978749.61850125
2025-09-12 20:14:59.997000+00:00,2025-09-12 20:00:00+00:00,continuous,116561.0,116561.0,116083.3,116167.9,301980972.03079987
2025-09-12 20:29:59.676000+00:00,2025-09-12 20:15:00+00:00,continuous,116167.8,116167.9,115907.8,115970.5,190466502.6926011
2025-09-12 20:44:59.995000+00:00,2025-09-12 20:30:00+00:00,continuous,115970.5,116187.0,115970.5,116130.9,103120919.66610007
2025-09-12 20:59:59.708000+00:00,2025-09-12 20:45:00+00:00,continuous,116130.9,116307.6,116067.6,116088.3,115279871.1541997
2025-09-12 21:14:59.394000+00:00,2025-09-12 21:00:00+00:00,continuous,116088.3,116094.1,115852.3,116037.6,176953304.3829995
2025-09-12 21:29:59.926000+00:00,2025-09-12 21:15:00+00:00,continuous,116037.6,116060.0,115877.7,115917.2,67605080.12259977
2025-09-12 21:44:59.569000+00:00,2025-09-12 21:30:00+00:00,continuous,115917.2,115917.2,115800.1,115800.1,64070973.83819987
2025-09-12 21:59:59.527000+00:00,2025-09-12 21:45:00+00:00,continuous,115800.2,115837.8,115701.4,115810.5,76883817.73050077
2025-09-12 22:14:59.536000+00:00,2025-09-12 22:00:00+00:00,continuous,115810.5,116052.6,115810.5,115972.0,90522088.94090065
2025-09-12 22:29:59.862000+00:00,2025-09-12 22:15:00+00:00,continuous,115972.0,116298.0,115970.0,116081.5,146670502.81250006
2025-09-12 22:44:59.962000+00:00,2025-09-12 22:30:00+00:00,continuous,116081.4,116105.9,115846.2,115883.5,78755211.53099975
2025-09-12 22:59:59.975000+00:00,2025-09-12 22:45:00+00:00,continuous,115883.4,116000.0,115883.4,115972.9,48123113.658800155
2025-09-12 23:14:59.824000+00:00,2025-09-12 23:00:00+00:00,continuous,115973.0,115973.0,115872.3,115924.6,48098881.86529997
2025-09-12 23:29:59.783000+00:00,2025-09-12 23:15:00+00:00,continuous,115924.6,116077.7,115881.5,116032.8,99627142.2549997
2025-09-12 23:44:59.219000+00:00,2025-09-12 23:30:00+00:00,continuous,116032.9,116110.7,115980.5,116099.9,53467025.35190001
2025-09-12 23:59:59.827000+00:00,2025-09-12 23:45:00+00:00,continuous,116099.9,116099.9,115961.7,115978.4,48238496.52910016
2025-09-13 00:14:59.535000+00:00,2025-09-13 00:00:00+00:00,continuous,115978.4,116071.2,115922.2,115967.0,72408293.98519966
2025-09-13 00:29:59.454000+00:00,2025-09-13 00:15:00+00:00,continuous,115967.0,116077.6,115911.0,116012.4,91889855.63640007
2025-09-13 00:44:59.701000+00:00,2025-09-13 00:30:00+00:00,continuous,116012.5,116222.8,116001.2,116150.0,96534926.00650024
2025-09-13 00:59:59.727000+00:00,2025-09-13 00:45:00+00:00,continuous,116150.0,116245.4,116150.0,116155.1,73014642.14720063
2025-09-13 01:14:59.668000+00:00,2025-09-13 01:00:00+00:00,continuous,116155.0,116222.0,116105.0,116105.0,71300857.61869983
2025-09-13 01:29:59.548000+00:00,2025-09-13 01:15:00+00:00,continuous,116105.0,116198.1,115947.6,115947.6,60811135.25310008
2025-09-13 01:44:59.714000+00:00,2025-09-13 01:30:00+00:00,continuous,115947.7,116009.9,115720.9,115800.0,213109488.72789985
2025-09-13 01:59:59.030000+00:00,2025-09-13 01:45:00+00:00,continuous,115800.1,115843.5,115500.1,115703.2,186573000.31739965
2025-09-13 02:14:59.849000+00:00,2025-09-13 02:00:00+00:00,continuous,115703.1,115915.0,115625.8,115915.0,127497103.82119985
2025-09-13 02:29:57.722000+00:00,2025-09-13 02:15:00+00:00,continuous,115914.9,115940.0,115870.3,115921.5,38620754.2461
2025-09-13 02:44:59.169000+00:00,2025-09-13 02:30:00+00:00,continuous,115921.4,115921.4,115828.5,115860.5,23473314.717700064
2025-09-13 02:59:59.976000+00:00,2025-09-13 02:45:00+00:00,continuous,115860.4,115900.0,115792.1,115832.1,25086115.184099782
2025-09-13 03:14:59.296000+00:00,2025-09-13 03:00:00+00:00,continuous,115832.2,115966.7,115820.7,115874.5,40531011.67239999
2025-09-13 03:29:59.837000+00:00,2025-09-13 03:15:00+00:00,continuous,115874.5,115895.5,115828.4,115837.6,35348822.92150019
2025-09-13 03:44:59.879000+00:00,2025-09-13 03:30:00+00:00,continuous,115837.6,115916.4,115789.2,115876.8,55389444.29870012
2025-09-13 03:59:59.638000+00:00,2025-09-13 03:45:00+00:00,continuous,115876.9,115947.8,115844.4,115913.6,48124500.3822004
2025-09-13 04:14:59.798000+00:00,2025-09-13 04:00:00+00:00,continuous,115913.6,115913.6,115768.7,115802.2,47753284.33650009
2025-09-13 04:29:59.737000+00:00,2025-09-13 04:15:00+00:00,continuous,115802.1,115802.2,115704.0,115704.1,26297772.94579995
2025-09-13 04:44:59.392000+00:00,2025-09-13 04:30:00+00:00,continuous,115704.0,115805.3,115704.0,115763.3,37878717.32239992
2025-09-13 04:59:59.520000+00:00,2025-09-13 04:45:00+00:00,continuous,115763.3,115763.3,115635.0,115650.1,61691269.11829983
2025-09-13 05:14:59.257000+00:00,2025-09-13 05:00:00+00:00,continuous,115650.0,115723.1,115642.5,115674.3,46685796.47430031
2025-09-13 05:29:59.517000+00:00,2025-09-13 05:15:00+00:00,continuous,115674.2,115818.0,115648.0,115740.7,56832351.03800005
2025-09-13 05:44:59.203000+00:00,2025-09-13 05:30:00+00:00,continuous,115740.8,115760.6,115648.2,115710.5,46526714.00389991
2025-09-13 05:59:59.374000+00:00,2025-09-13 05:45:00+00:00,continuous,115710.5,115710.6,115600.0,115656.7,73618111.46269952
2025-09-13 06:14:59.911000+00:00,2025-09-13 06:00:00+00:00,continuous,115656.7,115754.0,115653.8,115654.1,63942880.90700011
2025-09-13 06:29:59.297000+00:00,2025-09-13 06:15:00+00:00,continuous,115654.0,115654.0,115594.9,115638.8,44954916.48309989
2025-09-13 06:44:59.389000+00:00,2025-09-13 06:30:00+00:00,continuous,115638.9,115673.0,115638.0,115669.8,24508625.253799945
2025-09-13 06:59:59.744000+00:00,2025-09-13 06:45:00+00:00,continuous,115669.9,115714.0,115608.0,115695.7,47300216.73509943
2025-09-13 07:14:59.586000+00:00,2025-09-13 07:00:00+00:00,continuous,115695.7,115799.8,115650.0,115789.5,53405654.939899996
2025-09-13 07:29:57.563000+00:00,2025-09-13 07:15:00+00:00,continuous,115789.5,115810.0,115766.9,115766.9,45052782.65179996
2025-09-13 07:44:59.508000+00:00,2025-09-13 07:30:00+00:00,continuous,115766.9,115802.0,115742.4,115745.4,50048522.32049956
2025-09-13 07:59:59.841000+00:00,2025-09-13 07:45:00+00:00,continuous,115745.4,115745.4,115715.5,115715.5,34752350.10240015
2025-09-13 08:14:59.830000+00:00,2025-09-13 08:00:00+00:00,continuous,115715.5,115749.9,115715.5,115735.8,41076479.646899775
2025-09-13 08:29:59.743000+00:00,2025-09-13 08:15:00+00:00,continuous,115735.7,115810.9,115718.0,115810.8,35865635.7283
2025-09-13 08:44:59.682000+00:00,2025-09-13 08:30:00+00:00,continuous,115810.9,116011.0,115808.4,115929.7,107588644.82059978
2025-09-13 08:59:59.895000+00:00,2025-09-13 08:45:00+00:00,continuous,115929.7,115945.0,115904.2,115913.3,29127973.645400062
2025-09-13 09:14:58.984000+00:00,2025-09-13 09:00:00+00:00,continuous,115913.3,115966.4,115820.1,115846.7,87223862.89399956
2025-09-13 09:29:59.038000+00:00,2025-09-13 09:15:00+00:00,continuous,115846.8,115846.8,115812.0,115812.1,34642737.70829991
2025-09-13 09:44:58.935000+00:00,2025-09-13 09:30:00+00:00,continuous,115812.0,115850.0,115811.0,115850.0,30743983.824600335
2025-09-13 09:59:59.886000+00:00,2025-09-13 09:45:00+00:00,continuous,115850.0,115988.2,115835.4,115969.7,62826858.065399766
2025-09-13 10:14:59.391000+00:00,2025-09-13 10:00:00+00:00,continuous,115969.7,116126.0,115898.0,116074.0,94768633.04470082
2025-09-13 10:29:59.990000+00:00,2025-09-13 10:15:00+00:00,continuous,116074.0,116083.0,115964.6,115964.6,42249241.21260001
2025-09-13 10:44:59.858000+00:00,2025-09-13 10:30:00+00:00,continuous,115964.6,116015.0,115900.8,115996.3,51180238.428100005
2025-09-13 10:59:59.996000+00:00,2025-09-13 10:45:00+00:00,continuous,115996.2,116029.5,115849.9,115882.7,64181839.496600285
2025-09-13 11:14:58.860000+00:00,2025-09-13 11:00:00+00:00,continuous,115882.8,115895.0,115824.4,115831.2,37151713.569600135
2025-09-13 11:29:59.496000+00:00,2025-09-13 11:15:00+00:00,continuous,115831.2,115859.9,115831.1,115854.9,21742997.023799952
2025-09-13 11:44:59.411000+00:00,2025-09-13 11:30:00+00:00,continuous,115854.9,115956.1,115854.9,115933.2,40500024.33730009
2025-09-13 11:59:59.440000+00:00,2025-09-13 11:45:00+00:00,continuous,115933.2,115933.3,115900.0,115912.9,18609314.226100072
2025-09-13 12:14:59.938000+00:00,2025-09-13 12:00:00+00:00,continuous,115913.0,115913.0,115824.2,115824.3,36059430.79420005
2025-09-13 12:29:59.762000+00:00,2025-09-13 12:15:00+00:00,continuous,115824.2,115830.0,115800.1,115822.6,29982630.038200002
2025-09-13 12:44:59.683000+00:00,2025-09-13 12:30:00+00:00,continuous,115822.6,116013.7,115822.6,115976.1,62925895.52950016
2025-09-13 12:59:59.646000+00:00,2025-09-13 12:45:00+00:00,continuous,115976.1,115976.1,115947.4,115947.5,17182700.6276001
2025-09-13 13:14:59.465000+00:00,2025-09-13 13:00:00+00:00,continuous,115947.5,115947.5,115861.4,115861.5,27372226.634099852
2025-09-13 13:29:59.405000+00:00,2025-09-13 13:15:00+00:00,continuous,115861.4,115930.8,115846.1,115906.9,26695801.36219993
2025-09-13 13:44:59.681000+00:00,2025-09-13 13:30:00+00:00,continuous,115906.9,115907.0,115788.4,115788.4,30126500.522000134
2025-09-13 13:59:59.737000+00:00,2025-09-13 13:45:00+00:00,continuous,115788.4,115809.6,115566.0,115706.4,165764549.36000082
2025-09-13 14:14:59.815000+00:00,2025-09-13 14:00:00+00:00,continuous,115706.4,115764.4,115546.1,115639.9,148575028.69880012
2025-09-13 14:29:59.828000+00:00,2025-09-13 14:15:00+00:00,continuous,115639.9,115906.8,115631.7,115850.0,144112762.21269962
2025-09-13 14:44:59.302000+00:00,2025-09-13 14:30:00+00:00,continuous,115850.0,115879.5,115739.0,115808.0,64165331.31480003
2025-09-13 14:59:59.579000+00:00,2025-09-13 14:45:00+00:00,continuous,115807.9,115844.1,115738.8,115750.0,45419221.757999994
2025-09-13 15:14:59.568000+00:00,2025-09-13 15:00:00+00:00,continuous,115750.1,115836.0,115700.0,115807.3,37534885.819299966
2025-09-13 15:29:59.903000+00:00,2025-09-13 15:15:00+00:00,continuous,115807.2,115885.3,115774.7,115774.7,31335311.430100042
2025-09-13 15:44:59.908000+00:00,2025-09-13 15:30:00+00:00,continuous,115774.8,115787.3,115555.0,115699.9,141135913.3083997
2025-09-13 15:59:59.520000+00:00,2025-09-13 15:45:00+00:00,continuous,115699.9,115757.1,115629.6,115721.3,45363171.33240006
2025-09-13 16:14:59.658000+00:00,2025-09-13 16:00:00+00:00,continuous,115721.4,115780.3,115559.3,115598.0,87879898.43559995
2025-09-13 16:29:59.865000+00:00,2025-09-13 16:15:00+00:00,continuous,115598.0,115603.5,115400.0,115500.1,243313718.33859935
2025-09-13 16:44:59.969000+00:00,2025-09-13 16:30:00+00:00,continuous,115500.1,115544.3,115032.0,115390.1,359156239.5768993
2025-09-13 16:59:59.686000+00:00,2025-09-13 16:45:00+00:00,continuous,115390.0,115395.5,115165.6,115286.6,255581109.7325011
2025-09-13 17:14:59.636000+00:00,2025-09-13 17:00:00+00:00,continuous,115286.6,115354.1,115127.2,115180.1,176234991.9542999
2025-09-13 17:29:59.671000+00:00,2025-09-13 17:15:00+00:00,continuous,115180.1,115405.4,115173.6,115337.4,78524084.5353003
2025-09-13 17:44:59.560000+00:00,2025-09-13 17:30:00+00:00,continuous,115337.3,115529.7,115336.7,115467.7,121937536.81239946
2025-09-13 17:59:59.580000+00:00,2025-09-13 17:45:00+00:00,continuous,115467.7,115544.0,115460.0,115518.7,37994688.42830026
2025-09-13 18:14:59.470000+00:00,2025-09-13 18:00:00+00:00,continuous,115518.8,115524.9,115373.1,115516.7,65308915.58839998
2025-09-13 18:29:59.462000+00:00,2025-09-13 18:15:00+00:00,continuous,115516.6,115627.7,115469.9,115596.8,44076847.82539985
2025-09-13 18:44:59.704000+00:00,2025-09-13 18:30:00+00:00,continuous,115596.7,115596.8,115446.9,115538.0,43276175.37370025
2025-09-13 18:59:59.868000+00:00,2025-09-13 18:45:00+00:00,continuous,115537.9,115594.1,115521.7,115594.0,27601882.134700093
2025-09-13 19:14:57.518000+00:00,2025-09-13 19:00:00+00:00,continuous,115593.9,115615.3,115531.0,115569.9,45757360.58689996
2025-09-13 19:29:59.575000+00:00,2025-09-13 19:15:00+00:00,continuous,115570.0,115626.2,115519.6,115600.7,33270677.42660007
2025-09-13 19:44:59.759000+00:00,2025-09-13 19:30:00+00:00,continuous,115600.7,115673.0,115600.7,115670.6,27313217.92720001
2025-09-13 19:59:59.029000+00:00,2025-09-13 19:45:00+00:00,continuous,115670.5,115763.1,115626.8,115751.4,84131224.62060013
2025-09-13 20:14:58.500000+00:00,2025-09-13 20:00:00+00:00,continuous,115751.4,115946.4,115745.6,115881.2,122919648.91969997
2025-09-13 20:29:59.970000+00:00,2025-09-13 20:15:00+00:00,continuous,115881.3,115890.6,115826.7,115848.4,37535745.14479996
2025-09-13 20:44:59.951000+00:00,2025-09-13 20:30:00+00:00,continuous,115848.4,115898.9,115790.9,115799.6,30179864.646300033
2025-09-13 20:59:58.709000+00:00,2025-09-13 20:45:00+00:00,continuous,115799.5,115871.7,115796.5,115837.2,22032408.97329999
2025-09-13 21:14:59.920000+00:00,2025-09-13 21:00:00+00:00,continuous,115837.2,115928.9,115822.0,115822.1,33006101.28299994
2025-09-13 21:29:59.825000+00:00,2025-09-13 21:15:00+00:00,continuous,115822.0,115921.1,115799.6,115908.4,22502816.6218999
2025-09-13 21:44:59.554000+00:00,2025-09-13 21:30:00+00:00,continuous,115908.5,115908.5,115800.0,115800.0,26527003.80370015
2025-09-13 21:59:58.921000+00:00,2025-09-13 21:45:00+00:00,continuous,115800.1,115877.7,115791.2,115849.7,18661337.211199995
2025-09-13 22:14:59.268000+00:00,2025-09-13 22:00:00+00:00,continuous,115849.8,115888.6,115835.9,115872.4,21677968.656200007
2025-09-13 22:29:59.966000+00:00,2025-09-13 22:15:00+00:00,continuous,115872.4,115872.4,115787.0,115787.5,15927791.339099994
2025-09-13 22:44:58.929000+00:00,2025-09-13 22:30:00+00:00,continuous,115787.6,115847.3,115776.0,115835.7,20252684.56730003
2025-09-13 22:59:59.278000+00:00,2025-09-13 22:45:00+00:00,continuous,115835.6,115835.7,115758.4,115828.2,16355109.16890001
2025-09-13 23:14:59.907000+00:00,2025-09-13 23:00:00+00:00,continuous,115828.3,115857.0,115828.2,115844.4,17213438.041299984
2025-09-13 23:29:59.046000+00:00,2025-09-13 23:15:00+00:00,continuous,115844.4,115944.0,115820.0,115845.0,34783957.65880004
2025-09-13 23:44:59.737000+00:00,2025-09-13 23:30:00+00:00,continuous,115844.9,115886.2,115813.0,115838.3,19150798.181800038
2025-09-13 23:59:59.835000+00:00,2025-09-13 23:45:00+00:00,continuous,115838.2,115872.2,115838.2,115862.7,13735542.001499945
2025-09-14 00:14:59.280000+00:00,2025-09-14 00:00:00+00:00,continuous,115862.7,115953.4,115858.9,115926.0,49991021.85880015
2025-09-14 00:29:59.924000+00:00,2025-09-14 00:15:00+00:00,continuous,115926.1,115960.3,115850.5,115936.8,51823428.66870001
2025-09-14 00:44:59.278000+00:00,2025-09-14 00:30:00+00:00,continuous,115936.9,115949.8,115873.6,115873.6,23397696.352700062
2025-09-14 00:59:59.031000+00:00,2025-09-14 00:45:00+00:00,continuous,115873.6,115892.2,115765.0,115884.4,52521820.99470025
2025-09-14 01:14:59.634000+00:00,2025-09-14 01:00:00+00:00,continuous,115884.4,115884.5,115702.0,115702.0,89967974.4375002
2025-09-14 01:29:59.879000+00:00,2025-09-14 01:15:00+00:00,continuous,115702.0,115780.7,115683.1,115776.9,36772178.08880005
2025-09-14 01:44:59.991000+00:00,2025-09-14 01:30:00+00:00,continuous,115777.0,115900.0,115737.6,115899.9,45116613.07369998
2025-09-14 01:59:59.415000+00:00,2025-09-14 01:45:00+00:00,continuous,115899.9,115950.0,115847.2,115907.4,58187736.42279984
2025-09-14 02:14:59.721000+00:00,2025-09-14 02:00:00+00:00,continuous,115907.3,116075.8,115888.0,116069.1,106641051.16549985
2025-09-14 02:29:59.916000+00:00,2025-09-14 02:15:00+00:00,continuous,116069.0,116069.1,115936.5,115952.5,37977866.91190022
2025-09-14 02:44:59.693000+00:00,2025-09-14 02:30:00+00:00,continuous,115952.5,115952.5,115692.3,115766.0,66211394.55590003
2025-09-14 02:59:59.864000+00:00,2025-09-14 02:45:00+00:00,continuous,115766.0,115853.7,115755.5,115809.8,31452666.86570001
2025-09-14 03:14:59.974000+00:00,2025-09-14 03:00:00+00:00,continuous,115809.7,115819.4,115580.0,115659.8,144397141.27769905
2025-09-14 03:29:58.525000+00:00,2025-09-14 03:15:00+00:00,continuous,115659.7,115721.8,115642.0,115682.7,39033310.43850007
2025-09-14 03:44:59.747000+00:00,2025-09-14 03:30:00+00:00,continuous,115682.6,115719.2,115610.9,115676.3,24236279.65720007
2025-09-14 03:59:58.803000+00:00,2025-09-14 03:45:00+00:00,continuous,115676.8,115704.3,115583.8,115626.0,31390349.36800002
2025-09-14 04:14:59.724000+00:00,2025-09-14 04:00:00+00:00,continuous,115626.0,115626.0,115540.0,115597.1,59612736.17589964
2025-09-14 04:29:59.488000+00:00,2025-09-14 04:15:00+00:00,continuous,115597.1,115677.2,115406.1,115677.2,117136909.27210078
2025-09-14 04:44:58.744000+00:00,2025-09-14 04:30:00+00:00,continuous,115677.1,115723.9,115659.4,115723.9,27049946.269299958
2025-09-14 04:59:59.041000+00:00,2025-09-14 04:45:00+00:00,continuous,115723.9,115723.9,115680.0,115693.2,16292519.818499958
2025-09-14 05:14:59.715000+00:00,2025-09-14 05:00:00+00:00,continuous,115693.2,115731.9,115680.0,115730.3,28389776.393499848
2025-09-14 05:29:59.887000+00:00,2025-09-14 05:15:00+00:00,continuous,115730.3,115745.3,115718.1,115740.3,15295517.892700039
2025-09-14 05:44:59.633000+00:00,2025-09-14 05:30:00+00:00,continuous,115740.3,115867.5,115740.2,115802.0,66272952.343600035
2025-09-14 05:59:59.626000+00:00,2025-09-14 05:45:00+00:00,continuous,115802.0,115848.9,115802.0,115810.1,19550171.791500036
2025-09-14 06:14:59.849000+00:00,2025-09-14 06:00:00+00:00,continuous,115810.0,115884.1,115755.0,115775.5,27619963.099300124
2025-09-14 06:29:59.360000+00:00,2025-09-14 06:15:00+00:00,continuous,115775.5,115791.6,115685.6,115709.4,29887730.509099994
2025-09-14 06:44:59.252000+00:00,2025-09-14 06:30:00+00:00,continuous,115709.5,115750.0,115648.7,115671.0,31822436.257400125
2025-09-14 06:59:59.527000+00:00,2025-09-14 06:45:00+00:00,continuous,115671.0,115706.4,115634.8,115684.1,14202368.94079988
2025-09-14 07:14:59.845000+00:00,2025-09-14 07:00:00+00:00,continuous,115684.0,115706.5,115671.5,115689.2,14600099.345900036
2025-09-14 07:29:59.356000+00:00,2025-09-14 07:15:00+00:00,continuous,115689.2,115728.6,115683.5,115728.6,17425000.51559992
2025-09-14 07:44:59.914000+00:00,2025-09-14 07:30:00+00:00,continuous,115728.5,115768.8,115715.7,115755.8,25275067.534899987
2025-09-14 07:59:59.203000+00:00,2025-09-14 07:45:00+00:00,continuous,115755.7,115778.4,115693.1,115746.0,38053673.95000001
2025-09-14 08:14:59.480000+00:00,2025-09-14 08:00:00+00:00,continuous,115746.1,115749.7,115700.3,115740.9,24895031.082800224
2025-09-14 08:29:59.894000+00:00,2025-09-14 08:15:00+00:00,continuous,115740.9,115826.8,115716.8,115826.0,30759966.637099847
2025-09-14 08:44:59.933000+00:00,2025-09-14 08:30:00+00:00,continuous,115826.1,115925.3,115826.0,115925.3,37023856.883200005
2025-09-14 08:59:59.833000+00:00,2025-09-14 08:45:00+00:00,continuous,115925.3,115938.7,115844.5,115887.4,44414148.97919994
2025-09-14 09:14:59.879000+00:00,2025-09-14 09:00:00+00:00,continuous,115887.3,115916.4,115838.9,115908.4,40046351.99259993
2025-09-14 09:29:59.110000+00:00,2025-09-14 09:15:00+00:00,continuous,115908.4,115995.0,115899.4,115961.5,53624012.6817999
2025-09-14 09:44:59.815000+00:00,2025-09-14 09:30:00+00:00,continuous,115961.5,116118.6,115961.5,116055.7,148827183.09899947
2025-09-14 09:59:59.650000+00:00,2025-09-14 09:45:00+00:00,continuous,116055.7,116097.0,115983.3,115996.2,46685361.01569979
2025-09-14 10:14:59.568000+00:00,2025-09-14 10:00:00+00:00,continuous,115996.2,116091.4,115996.2,115996.3,65257448.81579978
2025-09-14 10:29:59.996000+00:00,2025-09-14 10:15:00+00:00,continuous,115996.2,116067.8,115906.5,115906.5,54694440.07239991
2025-09-14 10:44:59.749000+00:00,2025-09-14 10:30:00+00:00,continuous,115906.6,115950.0,115904.6,115934.5,22536912.095299985
2025-09-14 10:59:59.261000+00:00,2025-09-14 10:45:00+00:00,continuous,115934.4,115994.0,115934.4,115979.5,21974672.091399882
2025-09-14 11:14:59.958000+00:00,2025-09-14 11:00:00+00:00,continuous,115979.5,116057.7,115979.4,116000.5,30791757.17629988
2025-09-14 11:29:59.879000+00:00,2025-09-14 11:15:00+00:00,continuous,116000.5,116019.9,115805.3,115805.3,55084438.38779996
2025-09-14 11:44:59.366000+00:00,2025-09-14 11:30:00+00:00,continuous,115805.4,115831.5,115701.1,115701.2,107626501.6721001
2025-09-14 11:59:59.867000+00:00,2025-09-14 11:45:00+00:00,continuous,115701.2,115822.7,115701.1,115750.0,86211433.07429993
2025-09-14 12:14:59.466000+00:00,2025-09-14 12:00:00+00:00,continuous,115750.0,115828.1,115733.1,115735.0,64782028.96709985
2025-09-14 12:29:59.192000+00:00,2025-09-14 12:15:00+00:00,continuous,115735.0,115782.6,115720.0,115761.1,29745153.16060019
2025-09-14 12:44:59.990000+00:00,2025-09-14 12:30:00+00:00,continuous,115761.2,115770.2,115655.0,115660.8,43689668.91879986
2025-09-14 12:59:59.640000+00:00,2025-09-14 12:45:00+00:00,continuous,115660.8,115749.8,115607.9,115727.2,77854832.0184003
2025-09-14 13:14:59.940000+00:00,2025-09-14 13:00:00+00:00,continuous,115727.2,115736.8,115670.1,115699.9,37926484.95130018
2025-09-14 13:29:59.885000+00:00,2025-09-14 13:15:00+00:00,continuous,115700.0,115700.0,115357.4,115481.1,198524979.0839005
2025-09-14 13:44:59.773000+00:00,2025-09-14 13:30:00+00:00,continuous,115481.1,115481.1,115185.6,115257.1,292965318.7383003
2025-09-14 13:59:59.747000+00:00,2025-09-14 13:45:00+00:00,continuous,115257.2,115378.6,115151.3,115279.5,261210413.07870075
2025-09-14 14:14:59.933000+00:00,2025-09-14 14:00:00+00:00,continuous,115279.6,115651.0,115262.8,115521.5,154476781.8847012
2025-09-14 14:29:59.587000+00:00,2025-09-14 14:15:00+00:00,continuous,115521.5,115521.6,115261.6,115411.2,148379060.58899972
2025-09-14 14:44:59.762000+00:00,2025-09-14 14:30:00+00:00,continuous,115411.2,115462.3,115100.5,115257.9,175266903.79859918
2025-09-14 14:59:59.702000+00:00,2025-09-14 14:45:00+00:00,continuous,115258.0,115378.0,115120.0,115350.8,92364819.03829953
2025-09-14 15:14:59.986000+00:00,2025-09-14 15:00:00+00:00,continuous,115350.8,115374.4,115170.1,115281.5,64715845.01720002
2025-09-14 15:29:59.360000+00:00,2025-09-14 15:15:00+00:00,continuous,115281.4,115366.2,115132.4,115239.0,90405387.77489957
2025-09-14 15:44:59.919000+00:00,2025-09-14 15:30:00+00:00,continuous,115239.0,115312.7,115160.9,115226.5,54314010.84650018
2025-09-14 15:59:59.970000+00:00,2025-09-14 15:45:00+00:00,continuous,115226.5,115263.4,115140.1,115162.2,59001249.84880008
2025-09-14 16:14:59.768000+00:00,2025-09-14 16:00:00+00:00,continuous,115162.2,115358.0,115132.4,115244.3,87738484.4408999
2025-09-14 16:29:59.732000+00:00,2025-09-14 16:15:00+00:00,continuous,115244.3,115454.2,115182.0,115454.1,67590862.23340009
2025-09-14 16:44:59.597000+00:00,2025-09-14 16:30:00+00:00,continuous,115454.1,115499.0,115384.8,115422.2,51682955.530099936
2025-09-14 16:59:59.002000+00:00,2025-09-14 16:45:00+00:00,continuous,115422.2,115429.8,115364.0,115422.7,27703221.83990012
2025-09-14 17:14:58.516000+00:00,2025-09-14 17:00:00+00:00,continuous,115422.7,115447.4,115352.7,115428.8,39102229.770100236
2025-09-14 17:29:59.751000+00:00,2025-09-14 17:15:00+00:00,continuous,115428.8,115600.0,115418.0,115585.4,59641550.06049991
2025-09-14 17:44:59.435000+00:00,2025-09-14 17:30:00+00:00,continuous,115585.4,115605.5,115517.3,115576.1,61896254.770500086
2025-09-14 17:59:59.857000+00:00,2025-09-14 17:45:00+00:00,continuous,115576.1,115595.4,115500.0,115502.9,47201003.948200084
2025-09-14 18:14:58.533000+00:00,2025-09-14 18:00:00+00:00,continuous,115502.9,115503.0,115447.1,115477.9,27791727.377000123
2025-09-14 18:29:59.899000+00:00,2025-09-14 18:15:00+00:00,continuous,115478.0,115478.0,115394.6,115412.2,19171668.039500024
2025-09-14 18:44:59.505000+00:00,2025-09-14 18:30:00+00:00,continuous,115412.1,115434.7,115384.7,115419.7,21296301.51429992
2025-09-14 18:59:59.969000+00:00,2025-09-14 18:45:00+00:00,continuous,115419.6,115421.5,115313.2,115333.1,32881093.88540011
2025-09-14 19:14:59.738000+00:00,2025-09-14 19:00:00+00:00,continuous,115333.2,115418.4,115275.5,115392.7,56590653.10660013
2025-09-14 19:29:59.452000+00:00,2025-09-14 19:15:00+00:00,continuous,115392.7,115445.2,115379.3,115445.2,20765631.65879994
2025-09-14 19:44:59.809000+00:00,2025-09-14 19:30:00+00:00,continuous,115445.2,115594.1,115445.1,115559.7,40747048.00639982
2025-09-14 19:59:59.834000+00:00,2025-09-14 19:45:00+00:00,continuous,115559.8,115597.4,115520.2,115597.4,24557207.805499993
2025-09-14 20:14:59.660000+00:00,2025-09-14 20:00:00+00:00,continuous,115597.3,115727.8,115588.6,115710.0,44937245.64280006
2025-09-14 20:29:59.632000+00:00,2025-09-14 20:15:00+00:00,continuous,115710.0,115710.1,115623.9,115629.4,30940689.10659989
2025-09-14 20:44:59.769000+00:00,2025-09-14 20:30:00+00:00,continuous,115629.4,115792.7,115623.5,115792.7,52180040.93630001
2025-09-14 20:59:59.884000+00:00,2025-09-14 20:45:00+00:00,continuous,115792.7,115816.9,115739.8,115745.0,43012985.78710026
2025-09-14 21:14:59.641000+00:00,2025-09-14 21:00:00+00:00,continuous,115745.1,115799.6,115556.1,115743.2,64598368.87210006
2025-09-14 21:29:59.654000+00:00,2025-09-14 21:15:00+00:00,continuous,115743.2,115861.0,115743.1,115846.0,42511753.271499984
2025-09-14 21:44:59.798000+00:00,2025-09-14 21:30:00+00:00,continuous,115846.0,116026.8,115812.7,116021.2,175446037.10810006
2025-09-14 21:59:59.685000+00:00,2025-09-14 21:45:00+00:00,continuous,116021.1,116050.0,115850.0,116023.3,71394394.59809963
2025-09-14 22:14:59.582000+00:00,2025-09-14 22:00:00+00:00,continuous,116023.3,116038.0,115850.0,115871.8,88065379.28229998
2025-09-14 22:29:59.640000+00:00,2025-09-14 22:15:00+00:00,continuous,115871.8,115871.8,115753.1,115848.9,28324776.704199925
2025-09-14 22:44:59.638000+00:00,2025-09-14 22:30:00+00:00,continuous,115848.9,116041.1,115774.4,115994.0,75460701.13310039
2025-09-14 22:59:59.630000+00:00,2025-09-14 22:45:00+00:00,continuous,115993.9,116020.0,115895.6,115957.0,118844479.68990017
2025-09-14 23:14:59.725000+00:00,2025-09-14 23:00:00+00:00,continuous,115956.9,115957.0,115471.2,115542.4,173219017.3262003
2025-09-14 23:29:59.635000+00:00,2025-09-14 23:15:00+00:00,continuous,115542.4,115559.4,115316.2,115324.6,175175853.50529987
2025-09-14 23:44:59.853000+00:00,2025-09-14 23:30:00+00:00,continuous,115324.6,115347.1,115170.1,115194.9,188301746.3751003
2025-09-14 23:59:59.852000+00:00,2025-09-14 23:45:00+00:00,continuous,115195.0,115333.2,115057.0,115210.0,156044954.46739972
2025-09-15 00:14:59.614000+00:00,2025-09-15 00:00:00+00:00,continuous,115210.0,115214.8,114888.1,115061.3,286277063.7576994
2025-09-15 00:29:59.886000+00:00,2025-09-15 00:15:00+00:00,continuous,115061.3,115163.3,114912.0,115162.6,134593347.4332
2025-09-15 00:44:59.927000+00:00,2025-09-15 00:30:00+00:00,continuous,115162.6,115166.0,114956.1,114968.0,85516167.1836998
2025-09-15 00:59:58.570000+00:00,2025-09-15 00:45:00+00:00,continuous,114968.0,115105.2,114955.2,115023.4,50750770.9782
2025-09-15 01:14:59.738000+00:00,2025-09-15 01:00:00+00:00,continuous,115023.4,115023.5,114780.7,114780.8,237789200.23469916
2025-09-15 01:29:59.937000+00:00,2025-09-15 01:15:00+00:00,continuous,114780.7,115158.4,114777.0,115113.1,112812083.63469973
2025-09-15 01:44:59.989000+00:00,2025-09-15 01:30:00+00:00,continuous,115113.1,115232.8,115082.0,115150.0,100442256.69009998
2025-09-15 01:59:59.755000+00:00,2025-09-15 01:45:00+00:00,continuous,115149.9,115205.4,115050.0,115178.3,72742145.18269992
2025-09-15 02:14:59.802000+00:00,2025-09-15 02:00:00+00:00,continuous,115178.4,115392.5,115157.3,115326.4,170950955.72260016
2025-09-15 02:29:59.513000+00:00,2025-09-15 02:15:00+00:00,continuous,115326.5,115389.8,115297.3,115329.1,52298842.722099945
2025-09-15 02:44:59.866000+00:00,2025-09-15 02:30:00+00:00,continuous,115329.0,115373.1,115228.4,115373.1,41281718.5858999
2025-09-15 02:59:59.311000+00:00,2025-09-15 02:45:00+00:00,continuous,115373.0,115390.0,115274.9,115318.6,31030140.775700007
2025-09-15 03:14:59.571000+00:00,2025-09-15 03:00:00+00:00,continuous,115318.5,115456.2,115300.0,115445.8,55321083.374699995
2025-09-15 03:29:59.745000+00:00,2025-09-15 03:15:00+00:00,continuous,115445.7,115536.0,115374.4,115386.0,61951009.641699865
2025-09-15 03:44:59.551000+00:00,2025-09-15 03:30:00+00:00,continuous,115386.1,115411.0,115323.9,115386.1,37367868.21889994
2025-09-15 03:59:59.722000+00:00,2025-09-15 03:45:00+00:00,continuous,115386.1,115487.7,115386.0,115387.6,31814190.355799895
2025-09-15 04:14:59.641000+00:00,2025-09-15 04:00:00+00:00,continuous,115387.7,115461.7,115341.8,115450.0,61385629.85629998
2025-09-15 04:29:59.982000+00:00,2025-09-15 04:15:00+00:00,continuous,115450.0,116150.1,115449.9,115914.4,622126436.8220983
2025-09-15 04:44:59.939000+00:00,2025-09-15 04:30:00+00:00,continuous,115914.4,116026.8,115851.5,116026.7,109508327.04340005
2025-09-15 04:59:59.678000+00:00,2025-09-15 04:45:00+00:00,continuous,116026.7,116116.2,115938.9,116006.5,125962515.92100036
2025-09-15 05:14:59.484000+00:00,2025-09-15 05:00:00+00:00,continuous,116006.5,116183.3,115960.0,116120.3,136494827.88190025
2025-09-15 05:29:59.994000+00:00,2025-09-15 05:15:00+00:00,continuous,116120.4,116369.9,116064.3,116265.7,249694783.67149952
2025-09-15 05:44:59.906000+00:00,2025-09-15 05:30:00+00:00,continuous,116265.7,116355.0,116202.1,116324.5,98541303.58800006
2025-09-15 05:59:59.871000+00:00,2025-09-15 05:45:00+00:00,continuous,116324.6,116547.9,116293.3,116474.2,229217114.83889857
2025-09-15 06:14:59.939000+00:00,2025-09-15 06:00:00+00:00,continuous,116474.2,116759.9,116407.0,116557.2,276329621.5895014
2025-09-15 06:29:59.881000+00:00,2025-09-15 06:15:00+00:00,continuous,116557.2,116646.0,116360.0,116360.1,204097048.95050088
2025-09-15 06:44:59.966000+00:00,2025-09-15 06:30:00+00:00,continuous,116360.1,116397.6,116106.0,116244.3,219238800.65619984
2025-09-15 06:59:59.649000+00:00,2025-09-15 06:45:00+00:00,continuous,116244.4,116244.4,116000.1,116077.8,131621934.93279988
2025-09-15 07:14:59.800000+00:00,2025-09-15 07:00:00+00:00,continuous,116077.7,116207.0,116044.9,116206.7,112319649.86760077
2025-09-15 07:29:59.760000+00:00,2025-09-15 07:15:00+00:00,continuous,116206.8,116362.9,116000.2,116013.7,114133925.68680027
2025-09-15 07:44:59.888000+00:00,2025-09-15 07:30:00+00:00,continuous,116013.7,116013.7,115554.0,115761.8,327920443.73560023
2025-09-15 07:59:59.951000+00:00,2025-09-15 07:45:00+00:00,continuous,115761.8,115840.2,115630.0,115769.5,170161818.0873999
2025-09-15 08:14:59.564000+00:00,2025-09-15 08:00:00+00:00,continuous,115769.6,115769.6,115364.4,115453.1,407437098.6339001
2025-09-15 08:29:59.376000+00:00,2025-09-15 08:15:00+00:00,continuous,115453.2,115766.8,115388.0,115616.8,167352883.0735003
2025-09-15 08:44:59.922000+00:00,2025-09-15 08:30:00+00:00,continuous,115616.8,115625.4,115204.4,115218.5,216116508.22050026
2025-09-15 08:59:59.974000+00:00,2025-09-15 08:45:00+00:00,continuous,115218.6,115269.3,114650.0,114697.0,668284230.7207953
2025-09-15 09:14:59.785000+00:00,2025-09-15 09:00:00+00:00,continuous,114697.1,115000.3,114588.0,114809.2,544951442.6546001
2025-09-15 09:29:59.821000+00:00,2025-09-15 09:15:00+00:00,continuous,114809.1,115141.9,114728.7,115038.5,247878763.0583996
2025-09-15 09:44:59.962000+00:00,2025-09-15 09:30:00+00:00,continuous,115038.6,115055.0,114862.0,114883.6,134141700.16929933
2025-09-15 09:59:59.964000+00:00,2025-09-15 09:45:00+00:00,continuous,114883.7,114919.3,114789.8,114820.1,158544587.2156001
2025-09-15 10:14:59.565000+00:00,2025-09-15 10:00:00+00:00,continuous,114820.1,114908.9,114767.0,114795.2,96299232.10710001
2025-09-15 10:29:59.915000+00:00,2025-09-15 10:15:00+00:00,continuous,114795.2,114896.2,114700.0,114737.5,157828814.05570054
2025-09-15 10:44:59.860000+00:00,2025-09-15 10:30:00+00:00,continuous,114737.5,114830.4,114702.1,114728.2,88364479.46369992
2025-09-15 10:59:59.495000+00:00,2025-09-15 10:45:00+00:00,continuous,114728.2,114856.2,114700.0,114729.1,83093304.55510013
2025-09-15 11:14:59.961000+00:00,2025-09-15 11:00:00+00:00,continuous,114729.1,115023.6,114691.6,115016.0,126779520.37570032
2025-09-15 11:29:59.847000+00:00,2025-09-15 11:15:00+00:00,continuous,115016.1,115035.3,114813.3,114863.3,126392415.92489982
2025-09-15 11:44:59.375000+00:00,2025-09-15 11:30:00+00:00,continuous,114863.4,115167.7,114826.5,115027.3,179857320.04870006
2025-09-15 11:59:59.959000+00:00,2025-09-15 11:45:00+00:00,continuous,115027.3,115077.7,114905.2,115009.0,74377272.84070005
2025-09-15 12:14:59.773000+00:00,2025-09-15 12:00:00+00:00,continuous,115009.0,115034.5,114810.1,114846.3,98636120.19300073
2025-09-15 12:29:59.882000+00:00,2025-09-15 12:15:00+00:00,continuous,114846.3,114977.0,114740.7,114752.2,71575296.36000004
2025-09-15 12:44:59.997000+00:00,2025-09-15 12:30:00+00:00,continuous,114752.3,114852.3,114740.5,114832.4,66542577.84579983
2025-09-15 12:59:59.763000+00:00,2025-09-15 12:45:00+00:00,continuous,114832.3,114832.3,114621.3,114686.7,131183477.5949993
2025-09-15 13:14:59.297000+00:00,2025-09-15 13:00:00+00:00,continuous,114686.7,114769.2,114560.2,114725.5,151647979.91310033
2025-09-15 13:29:59.603000+00:00,2025-09-15 13:15:00+00:00,continuous,114725.6,115017.9,114679.2,114984.9,148315003.8848991
2025-09-15 13:44:59.956000+00:00,2025-09-15 13:30:00+00:00,continuous,114985.0,115045.5,114338.5,114425.9,709584914.5116009
2025-09-15 13:59:59.878000+00:00,2025-09-15 13:45:00+00:00,continuous,114425.9,114861.0,114421.1,114610.7,348572852.6129008
2025-09-15 14:14:59.916000+00:00,2025-09-15 14:00:00+00:00,continuous,114610.7,114646.7,114400.0,114595.6,203231359.78039905
2025-09-15 14:29:59.910000+00:00,2025-09-15 14:15:00+00:00,continuous,114595.6,114984.9,114544.7,114960.7,155032513.87909937
2025-09-15 14:44:59.938000+00:00,2025-09-15 14:30:00+00:00,continuous,114960.8,114968.3,114680.0,114871.9,126169422.8193006
2025-09-15 14:59:59.629000+00:00,2025-09-15 14:45:00+00:00,continuous,114871.8,114930.0,114618.3,114618.3,68596542.23899993
2025-09-15 15:14:59.793000+00:00,2025-09-15 15:00:00+00:00,continuous,114618.3,114641.3,114404.2,114461.8,184965916.15690023
2025-09-15 15:29:59.722000+00:00,2025-09-15 15:15:00+00:00,continuous,114461.9,114697.0,114340.0,114626.6,185900791.15090045
2025-09-15 15:44:59.704000+00:00,2025-09-15 15:30:00+00:00,continuous,114626.7,114813.6,114402.6,114639.1,169239663.2564992
2025-09-15 15:59:59.971000+00:00,2025-09-15 15:45:00+00:00,continuous,114639.1,114869.3,114513.8,114788.4,148327051.9067007
2025-09-15 16:14:59.902000+00:00,2025-09-15 16:00:00+00:00,continuous,114788.1,114822.9,114600.0,114805.6,103175805.05649959
2025-09-15 16:29:59.671000+00:00,2025-09-15 16:15:00+00:00,continuous,114805.6,114878.2,114615.3,114628.8,60783907.06910009
2025-09-15 16:44:59.802000+00:00,2025-09-15 16:30:00+00:00,continuous,114628.9,114886.5,114555.0,114883.9,62404580.83659999
2025-09-15 16:59:59.998000+00:00,2025-09-15 16:45:00+00:00,continuous,114884.0,114884.0,114542.6,114618.9,79890821.35340005
2025-09-15 17:14:59.584000+00:00,2025-09-15 17:00:00+00:00,continuous,114618.9,114874.4,114553.3,114776.9,72055281.1280002
2025-09-15 17:29:58.672000+00:00,2025-09-15 17:15:00+00:00,continuous,114776.9,114845.3,114550.2,114679.5,75674220.18150033
2025-09-15 17:44:59.653000+00:00,2025-09-15 17:30:00+00:00,continuous,114679.5,114874.0,114651.0,114850.1,60277038.463300005
2025-09-15 17:59:59.998000+00:00,2025-09-15 17:45:00+00:00,continuous,114850.0,115086.6,114751.3,115075.9,103249582.22570005
2025-09-15 18:14:59.581000+00:00,2025-09-15 18:00:00+00:00,continuous,115075.8,115179.0,114848.4,114900.1,127053630.51239954
2025-09-15 18:29:59.121000+00:00,2025-09-15 18:15:00+00:00,continuous,114900.0,115000.0,114855.9,114878.5,43351144.672999986
2025-09-15 18:44:59.939000+00:00,2025-09-15 18:30:00+00:00,continuous,114878.5,114980.3,114843.0,114889.5,59377598.00780014
2025-09-15 18:59:59.560000+00:00,2025-09-15 18:45:00+00:00,continuous,114889.6,115306.8,114880.0,115252.7,126015789.60960017
2025-09-15 19:14:59.587000+00:00,2025-09-15 19:00:00+00:00,continuous,115252.7,115475.9,115057.2,115133.7,217158620.6986004
2025-09-15 19:29:59.926000+00:00,2025-09-15 19:15:00+00:00,continuous,115133.7,115179.6,114996.6,115044.5,182296663.0101006
2025-09-15 19:44:59.999000+00:00,2025-09-15 19:30:00+00:00,continuous,115044.4,115528.8,114901.7,115387.0,208121987.4868993
2025-09-15 19:59:59.125000+00:00,2025-09-15 19:45:00+00:00,continuous,115387.1,115423.9,115191.3,115246.7,62477260.537700005
2025-09-15 20:14:59.937000+00:00,2025-09-15 20:00:00+00:00,continuous,115246.7,115444.1,115209.8,115410.0,59871918.578600034
2025-09-15 20:29:59.252000+00:00,2025-09-15 20:15:00+00:00,continuous,115409.9,115436.4,115214.1,115223.9,81014911.22359979
2025-09-15 20:44:59.735000+00:00,2025-09-15 20:30:00+00:00,continuous,115223.8,115295.8,115143.0,115199.3,59679304.38040007
2025-09-15 20:59:59.941000+00:00,2025-09-15 20:45:00+00:00,continuous,115199.4,115331.0,115141.4,115331.0,41585582.364800036
2025-09-15 21:14:59.948000+00:00,2025-09-15 21:00:00+00:00,continuous,115331.1,115360.8,115224.1,115248.2,35327996.18189964
2025-09-15 21:29:59.665000+00:00,2025-09-15 21:15:00+00:00,continuous,115248.3,115416.1,115234.6,115382.3,40486890.83409973
2025-09-15 21:44:59.976000+00:00,2025-09-15 21:30:00+00:00,continuous,115382.3,115464.4,115335.6,115464.3,27113423.79240002
2025-09-15 21:59:59.642000+00:00,2025-09-15 21:45:00+00:00,continuous,115464.4,115478.9,115425.1,115456.6,30511973.952300057
2025-09-15 22:14:59.898000+00:00,2025-09-15 22:00:00+00:00,continuous,115456.6,115550.0,115204.2,115354.2,88173046.71569951
2025-09-15 22:29:59.640000+00:00,2025-09-15 22:15:00+00:00,continuous,115354.2,115413.9,115308.3,115382.4,36996482.22300002
2025-09-15 22:44:59.641000+00:00,2025-09-15 22:30:00+00:00,continuous,115382.4,115390.0,115160.0,115193.1,37522519.93420014
2025-09-15 22:59:59.640000+00:00,2025-09-15 22:45:00+00:00,continuous,115193.0,115255.8,115161.3,115224.1,32801906.114599913
2025-09-15 23:14:59.881000+00:00,2025-09-15 23:00:00+00:00,continuous,115224.0,115290.0,115171.0,115290.0,35577297.93839991
2025-09-15 23:29:59.918000+00:00,2025-09-15 23:15:00+00:00,continuous,115290.0,115425.0,115274.5,115416.9,41848652.97850007
2025-09-15 23:44:59.739000+00:00,2025-09-15 23:30:00+00:00,continuous,115416.9,115422.0,115276.1,115293.4,51474933.3996
2025-09-15 23:59:59.267000+00:00,2025-09-15 23:45:00+00:00,continuous,115293.4,115372.7,115251.2,115300.6,45114977.51930024
2025-09-16 00:14:59.676000+00:00,2025-09-16 00:00:00+00:00,continuous,115300.5,115300.6,115156.5,115164.8,41962226.74340014
2025-09-16 00:29:59.937000+00:00,2025-09-16 00:15:00+00:00,continuous,115164.7,115210.4,114958.9,114975.9,122687705.35540012
2025-09-16 00:44:59.804000+00:00,2025-09-16 00:30:00+00:00,continuous,114975.9,115150.0,114973.2,115084.9,63916610.62939998
2025-09-16 00:59:59.896000+00:00,2025-09-16 00:45:00+00:00,continuous,115084.8,115084.9,114890.0,115033.5,62425483.17650004
2025-09-16 01:14:59.919000+00:00,2025-09-16 01:00:00+00:00,continuous,115033.6,115244.9,115033.6,115201.2,61747840.41299991
2025-09-16 01:29:59.919000+00:00,2025-09-16 01:15:00+00:00,continuous,115201.2,115490.8,115162.1,115365.0,83343821.97519992
2025-09-16 01:44:59.922000+00:00,2025-09-16 01:30:00+00:00,continuous,115365.1,115446.7,115072.2,115120.0,79722584.03749967
2025-09-16 01:59:59.971000+00:00,2025-09-16 01:45:00+00:00,continuous,115119.9,115224.8,114950.0,114964.4,77664613.23930016
2025-09-16 02:14:59.717000+00:00,2025-09-16 02:00:00+00:00,continuous,114964.5,115114.7,114964.5,115099.6,41457918.94860015
2025-09-16 02:29:59.346000+00:00,2025-09-16 02:15:00+00:00,continuous,115099.7,115187.6,115023.6,115107.6,45102006.83850027
2025-09-16 02:44:59.984000+00:00,2025-09-16 02:30:00+00:00,continuous,115107.5,115170.4,115001.0,115046.4,31904501.563499972
2025-09-16 02:59:59.091000+00:00,2025-09-16 02:45:00+00:00,continuous,115046.3,115086.6,114969.9,114969.9,36401488.99539997
2025-09-16 03:14:59.105000+00:00,2025-09-16 03:00:00+00:00,continuous,114969.9,115129.6,114969.9,115062.0,32265060.736500043
2025-09-16 03:29:58.887000+00:00,2025-09-16 03:15:00+00:00,continuous,115062.0,115138.1,115038.4,115136.0,38663415.60639995
2025-09-16 03:44:59.759000+00:00,2025-09-16 03:30:00+00:00,continuous,115136.0,115380.1,115135.9,115362.3,94092163.54820009
2025-09-16 03:59:59.698000+00:00,2025-09-16 03:45:00+00:00,continuous,115362.4,115375.9,115250.0,115250.9,39452130.8356001
2025-09-16 04:14:59.770000+00:00,2025-09-16 04:00:00+00:00,continuous,115250.8,115370.8,115030.4,115052.7,180237586.15280002
2025-09-16 04:29:59.762000+00:00,2025-09-16 04:15:00+00:00,continuous,115052.6,115270.0,114867.0,115252.0,111930049.55460002
2025-09-16 04:44:59.866000+00:00,2025-09-16 04:30:00+00:00,continuous,115252.0,115324.0,115172.1,115323.9,50716159.21780011
2025-09-16 04:59:59.850000+00:00,2025-09-16 04:45:00+00:00,continuous,115324.0,115512.0,115252.5,115458.3,178232669.63630036
2025-09-16 05:14:59.975000+00:00,2025-09-16 05:00:00+00:00,continuous,115458.4,115854.9,115397.6,115774.4,271989809.9689017
2025-09-16 05:29:59.680000+00:00,2025-09-16 05:15:00+00:00,continuous,115774.4,115830.0,115487.6,115681.8,221788242.8233994
2025-09-16 05:44:59.774000+00:00,2025-09-16 05:30:00+00:00,continuous,115681.9,115800.0,115637.7,115790.5,159772930.97160143
2025-09-16 05:59:59.890000+00:00,2025-09-16 05:45:00+00:00,continuous,115790.6,115912.2,115750.0,115893.3,178467540.82439888
2025-09-16 06:14:59.993000+00:00,2025-09-16 06:00:00+00:00,continuous,115893.2,115968.0,115767.7,115952.4,176080843.85639995
2025-09-16 06:29:59.744000+00:00,2025-09-16 06:15:00+00:00,continuous,115952.5,115965.0,115609.0,115677.1,153189779.2448004
2025-09-16 06:44:59.991000+00:00,2025-09-16 06:30:00+00:00,continuous,115677.1,115750.0,115547.1,115750.0,184622213.69979978
2025-09-16 06:59:59.557000+00:00,2025-09-16 06:45:00+00:00,continuous,115749.9,115798.2,115640.0,115724.0,51437422.28350019
2025-09-16 07:14:59.594000+00:00,2025-09-16 07:00:00+00:00,continuous,115724.1,115854.5,115692.3,115784.9,97635123.56099951
2025-09-16 07:29:59.060000+00:00,2025-09-16 07:15:00+00:00,continuous,115784.9,115835.7,115744.3,115788.4,40261499.443000324
2025-09-16 07:44:59.612000+00:00,2025-09-16 07:30:00+00:00,continuous,115788.4,115823.0,115666.0,115750.0,42868772.44829985
2025-09-16 07:59:59.981000+00:00,2025-09-16 07:45:00+00:00,continuous,115750.0,115799.5,115715.7,115799.4,43448843.88699992
2025-09-16 08:14:59.862000+00:00,2025-09-16 08:00:00+00:00,continuous,115799.4,115923.0,115750.0,115905.1,95247339.97789957
2025-09-16 08:29:59.826000+00:00,2025-09-16 08:15:00+00:00,continuous,115905.0,115945.0,115700.0,115701.2,77313604.22439978
2025-09-16 08:44:59.785000+00:00,2025-09-16 08:30:00+00:00,continuous,115701.2,115712.2,115465.8,115551.7,190297489.01270017
2025-09-16 08:59:59.565000+00:00,2025-09-16 08:45:00+00:00,continuous,115551.6,115696.1,115540.0,115616.4,51308114.3921
2025-09-16 09:14:59.590000+00:00,2025-09-16 09:00:00+00:00,continuous,115616.4,115666.5,115552.5,115563.0,41275091.271999866
2025-09-16 09:29:59.757000+00:00,2025-09-16 09:15:00+00:00,continuous,115563.1,115668.5,115538.4,115538.4,35476495.88499992
2025-09-16 09:44:59.346000+00:00,2025-09-16 09:30:00+00:00,continuous,115538.5,115571.9,115470.7,115470.7,39923062.07329995
2025-09-16 09:59:58.258000+00:00,2025-09-16 09:45:00+00:00,continuous,115470.8,115496.7,115374.0,115420.5,64777603.3098001
2025-09-16 10:14:59.710000+00:00,2025-09-16 10:00:00+00:00,continuous,115420.6,115489.5,115333.3,115393.0,87222157.60230035
2025-09-16 10:29:59.503000+00:00,2025-09-16 10:15:00+00:00,continuous,115393.1,115552.6,115384.0,115465.6,52854423.52700016
2025-09-16 10:44:58.452000+00:00,2025-09-16 10:30:00+00:00,continuous,115465.7,115508.1,115378.4,115378.4,46091250.992100224
2025-09-16 10:59:59.876000+00:00,2025-09-16 10:45:00+00:00,continuous,115378.4,115443.8,115311.4,115318.5,42972774.993999936
2025-09-16 11:14:59.956000+00:00,2025-09-16 11:00:00+00:00,continuous,115318.4,115340.0,115157.0,115203.1,125734786.2196006
2025-09-16 11:29:59.670000+00:00,2025-09-16 11:15:00+00:00,continuous,115203.0,115327.3,115151.0,115285.7,87019869.22120047
2025-09-16 11:44:59.630000+00:00,2025-09-16 11:30:00+00:00,continuous,115285.6,115384.6,115278.8,115285.8,56141829.96719982
2025-09-16 11:59:59.879000+00:00,2025-09-16 11:45:00+00:00,continuous,115285.8,115349.5,115222.0,115222.2,50158848.52440015
2025-09-16 12:14:59.952000+00:00,2025-09-16 12:00:00+00:00,continuous,115222.1,115346.9,115222.1,115317.6,44988726.33759992
2025-09-16 12:29:58.412000+00:00,2025-09-16 12:15:00+00:00,continuous,115317.5,115395.9,115228.6,115284.1,78979477.37330008
2025-09-16 12:44:57.764000+00:00,2025-09-16 12:30:00+00:00,continuous,115284.0,115421.4,115258.8,115384.0,63701678.68179996
2025-09-16 12:59:59.988000+00:00,2025-09-16 12:45:00+00:00,continuous,115384.0,115414.5,115319.0,115393.1,63208599.663899645
2025-09-16 13:14:59.922000+00:00,2025-09-16 13:00:00+00:00,continuous,115393.2,115473.6,115326.4,115338.3,73473210.85160013
2025-09-16 13:29:59.743000+00:00,2025-09-16 13:15:00+00:00,continuous,115338.3,115511.0,115199.9,115407.2,122848899.66280028
2025-09-16 13:44:59.746000+00:00,2025-09-16 13:30:00+00:00,continuous,115407.1,115463.5,115000.0,115037.7,265380772.46800062
2025-09-16 13:59:59.877000+00:00,2025-09-16 13:45:00+00:00,continuous,115037.7,115154.6,114600.0,115154.6,630290786.7727028
2025-09-16 14:14:59.939000+00:00,2025-09-16 14:00:00+00:00,continuous,115154.5,115246.6,114769.2,114939.2,370578406.2856976
2025-09-16 14:29:59.609000+00:00,2025-09-16 14:15:00+00:00,continuous,114939.1,115221.9,114864.7,114957.8,271452617.79179835
2025-09-16 14:44:59.325000+00:00,2025-09-16 14:30:00+00:00,continuous,114957.9,115115.8,114865.0,114994.8,100735240.15239981
2025-09-16 14:59:59.315000+00:00,2025-09-16 14:45:00+00:00,continuous,114994.8,115268.6,114986.6,115231.1,110105032.05779994
2025-09-16 15:14:59.760000+00:00,2025-09-16 15:00:00+00:00,continuous,115231.1,115231.1,114985.4,114995.0,80268907.99630013
2025-09-16 15:29:59.363000+00:00,2025-09-16 15:15:00+00:00,continuous,114995.0,115176.4,114975.4,115068.5,58052151.30469997
2025-09-16 15:44:59.768000+00:00,2025-09-16 15:30:00+00:00,continuous,115068.5,115316.2,115068.5,115315.0,84159939.24020004
2025-09-16 15:59:59.912000+00:00,2025-09-16 15:45:00+00:00,continuous,115315.0,115878.2,115315.0,115877.9,410132377.196299
2025-09-16 16:14:59.802000+00:00,2025-09-16 16:00:00+00:00,continuous,115877.9,115990.0,115701.8,115717.1,339279650.1228005
2025-09-16 16:29:59.930000+00:00,2025-09-16 16:15:00+00:00,continuous,115717.1,115867.6,115549.9,115819.9,153260493.2307001
2025-09-16 16:44:59.293000+00:00,2025-09-16 16:30:00+00:00,continuous,115819.9,115864.7,115742.1,115800.4,78325076.6978998
2025-09-16 16:59:59.770000+00:00,2025-09-16 16:45:00+00:00,continuous,115800.4,116050.0,115780.2,116021.0,105981509.81130001
2025-09-16 17:14:59.950000+00:00,2025-09-16 17:00:00+00:00,continuous,116021.0,116561.0,116010.0,116492.1,559467498.047102
2025-09-16 17:29:59.992000+00:00,2025-09-16 17:15:00+00:00,continuous,116492.1,116750.0,116492.1,116704.0,446022549.0495999
2025-09-16 17:44:59.877000+00:00,2025-09-16 17:30:00+00:00,continuous,116704.1,116830.0,116288.0,116446.4,508095657.7883974
2025-09-16 17:59:59.672000+00:00,2025-09-16 17:45:00+00:00,continuous,116446.4,116600.0,116350.0,116414.8,141671375.47950017
2025-09-16 18:14:59.734000+00:00,2025-09-16 18:00:00+00:00,continuous,116414.7,116733.7,116414.7,116501.2,215894376.8236001
2025-09-16 18:29:59.847000+00:00,2025-09-16 18:15:00+00:00,continuous,116501.3,116660.8,116378.8,116426.0,124649869.01110066
2025-09-16 18:44:59.720000+00:00,2025-09-16 18:30:00+00:00,continuous,116426.0,116433.6,116166.3,116228.4,120523865.02090037
2025-09-16 18:59:59.847000+00:00,2025-09-16 18:45:00+00:00,continuous,116228.3,116454.7,116211.3,116372.6,88534136.35980001
2025-09-16 19:14:59.765000+00:00,2025-09-16 19:00:00+00:00,continuous,116372.5,116531.9,116340.3,116531.9,100929242.5303005
2025-09-16 19:29:59.933000+00:00,2025-09-16 19:15:00+00:00,continuous,116531.8,116542.8,116386.9,116430.0,58871370.80359992
2025-09-16 19:44:59.768000+00:00,2025-09-16 19:30:00+00:00,continuous,116430.0,116530.0,116360.0,116529.9,56948271.712499954
2025-09-16 19:59:59.772000+00:00,2025-09-16 19:45:00+00:00,continuous,116530.0,116779.9,116530.0,116758.0,209258407.8532993
2025-09-16 20:14:59.993000+00:00,2025-09-16 20:00:00+00:00,continuous,116757.1,116829.3,116706.6,116821.0,99395001.69829996
2025-09-16 20:29:59.501000+00:00,2025-09-16 20:15:00+00:00,continuous,116821.1,116879.7,116655.4,116674.8,118228917.91239962
2025-09-16 20:44:59.649000+00:00,2025-09-16 20:30:00+00:00,continuous,116674.9,116829.2,116674.8,116825.3,53118647.90530016
2025-09-16 20:59:59.670000+00:00,2025-09-16 20:45:00+00:00,continuous,116825.4,116838.3,116783.7,116783.7,47733616.26120009
2025-09-16 21:14:59.998000+00:00,2025-09-16 21:00:00+00:00,continuous,116783.8,116888.0,116579.8,116579.8,118269611.32230031
2025-09-16 21:29:59.556000+00:00,2025-09-16 21:15:00+00:00,continuous,116579.9,116710.3,116543.7,116559.9,70730636.37500052
2025-09-16 21:44:59.969000+00:00,2025-09-16 21:30:00+00:00,continuous,116559.9,116663.5,116559.9,116612.3,53215259.979100056
2025-09-16 21:59:59.576000+00:00,2025-09-16 21:45:00+00:00,continuous,116612.3,116806.0,116591.9,116757.1,33474826.367600076
2025-09-16 22:14:59.685000+00:00,2025-09-16 22:00:00+00:00,continuous,116757.1,116910.8,116757.1,116837.1,116687777.90510024
2025-09-16 22:29:59.486000+00:00,2025-09-16 22:15:00+00:00,continuous,116837.1,116880.9,116786.4,116802.9,61505253.89959982
2025-09-16 22:44:59.946000+00:00,2025-09-16 22:30:00+00:00,continuous,116803.0,116816.9,116643.3,116732.5,72573389.07480003
2025-09-16 22:59:59.868000+00:00,2025-09-16 22:45:00+00:00,continuous,116732.4,116835.2,116708.3,116802.8,49933731.4926999
2025-09-16 23:14:59.801000+00:00,2025-09-16 23:00:00+00:00,continuous,116802.8,116854.2,116766.4,116842.3,59181889.03260022
2025-09-16 23:29:59.868000+00:00,2025-09-16 23:15:00+00:00,continuous,116842.3,116866.6,116660.2,116684.5,66537114.56379965
2025-09-16 23:44:59.856000+00:00,2025-09-16 23:30:00+00:00,continuous,116684.5,116800.0,116638.0,116645.8,58184203.67150013
2025-09-16 23:59:58.759000+00:00,2025-09-16 23:45:00+00:00,continuous,116645.9,116758.4,116565.8,116747.3,59546971.99309998
2025-09-17 00:14:59.853000+00:00,2025-09-17 00:00:00+00:00,continuous,116747.3,116786.6,116561.6,116561.7,67930123.44560006
2025-09-17 00:29:59.031000+00:00,2025-09-17 00:15:00+00:00,continuous,116561.6,116685.0,116561.6,116628.3,65942544.11159987
2025-09-17 00:44:59.851000+00:00,2025-09-17 00:30:00+00:00,continuous,116628.4,116651.7,116550.0,116632.3,43478944.40910012
2025-09-17 00:59:59.893000+00:00,2025-09-17 00:45:00+00:00,continuous,116632.3,116639.7,116501.0,116512.9,81445346.33840021
2025-09-17 01:14:59.595000+00:00,2025-09-17 01:00:00+00:00,continuous,116512.9,116580.0,116511.8,116580.0,45308102.017600074
2025-09-17 01:29:59.983000+00:00,2025-09-17 01:15:00+00:00,continuous,116579.9,116720.0,116450.0,116674.3,117124388.26550016
2025-09-17 01:44:58.573000+00:00,2025-09-17 01:30:00+00:00,continuous,116674.4,116674.4,116480.0,116596.3,47736563.48170007
2025-09-17 01:59:59.841000+00:00,2025-09-17 01:45:00+00:00,continuous,116596.4,116635.2,116556.3,116621.9,29324477.243999906
2025-09-17 02:14:59.317000+00:00,2025-09-17 02:00:00+00:00,continuous,116622.0,116622.0,116504.2,116612.1,54372183.15960002
2025-09-17 02:29:59.859000+00:00,2025-09-17 02:15:00+00:00,continuous,116612.1,116715.8,116612.0,116709.9,57532734.565799735
2025-09-17 02:44:59.529000+00:00,2025-09-17 02:30:00+00:00,continuous,116710.0,116874.0,116709.9,116834.7,88549928.74010015
2025-09-17 02:59:59.901000+00:00,2025-09-17 02:45:00+00:00,continuous,116834.7,117081.9,116633.1,116633.2,241635440.43780202
2025-09-17 03:14:59.928000+00:00,2025-09-17 03:00:00+00:00,continuous,116633.1,116714.0,116551.0,116653.5,118135900.90410034
2025-09-17 03:29:59.870000+00:00,2025-09-17 03:15:00+00:00,continuous,116653.5,116713.2,116408.7,116475.5,127164164.51229982
2025-09-17 03:44:59.886000+00:00,2025-09-17 03:30:00+00:00,continuous,116475.5,116523.8,116379.3,116423.7,77233776.34749976
2025-09-17 03:59:59.584000+00:00,2025-09-17 03:45:00+00:00,continuous,116423.8,116443.8,116317.0,116320.1,104217218.04699978
2025-09-17 04:14:59.040000+00:00,2025-09-17 04:00:00+00:00,continuous,116320.2,116433.3,116310.0,116382.9,62771203.72000009
2025-09-17 04:29:59.940000+00:00,2025-09-17 04:15:00+00:00,continuous,116382.9,116383.0,116245.8,116269.2,78523350.22710006
2025-09-17 04:44:59.353000+00:00,2025-09-17 04:30:00+00:00,continuous,116269.2,116269.2,116168.0,116196.1,63955347.56909996
2025-09-17 04:59:59.837000+00:00,2025-09-17 04:45:00+00:00,continuous,116196.1,116344.8,116107.2,116264.8,177236074.76739985
2025-09-17 05:14:59.981000+00:00,2025-09-17 05:00:00+00:00,continuous,116264.8,116559.7,116264.7,116510.0,172332759.23870042
2025-09-17 05:29:59.630000+00:00,2025-09-17 05:15:00+00:00,continuous,116510.0,116630.0,116466.2,116504.3,90277696.74720015
2025-09-17 05:44:59.560000+00:00,2025-09-17 05:30:00+00:00,continuous,116504.2,116654.6,116504.2,116626.0,62687359.472200304
2025-09-17 05:59:59.978000+00:00,2025-09-17 05:45:00+00:00,continuous,116625.9,117200.0,116533.5,117070.5,722141605.7759008
2025-09-17 06:14:59.799000+00:00,2025-09-17 06:00:00+00:00,continuous,117070.4,117184.8,116952.0,117018.0,227380031.95350108
2025-09-17 06:29:59.872000+00:00,2025-09-17 06:15:00+00:00,continuous,117018.0,117096.0,116943.5,117000.1,97225721.80149989
2025-09-17 06:44:59.555000+00:00,2025-09-17 06:30:00+00:00,continuous,117000.0,117140.4,116930.0,117107.0,100706500.49270028
2025-09-17 06:59:59.973000+00:00,2025-09-17 06:45:00+00:00,continuous,117106.9,117266.4,116989.0,117180.4,130986816.39230031
2025-09-17 07:14:59.746000+00:00,2025-09-17 07:00:00+00:00,continuous,117180.3,117204.1,117072.9,117133.7,83304224.67069955
2025-09-17 07:29:59.966000+00:00,2025-09-17 07:15:00+00:00,continuous,117133.7,117233.5,117108.1,117183.1,109248505.04579993
2025-09-17 07:44:59.381000+00:00,2025-09-17 07:30:00+00:00,continuous,117183.1,117217.5,117116.3,117145.7,77119178.8579003
2025-09-17 07:59:59.802000+00:00,2025-09-17 07:45:00+00:00,continuous,117145.7,117184.9,117108.1,117120.5,69253685.85119967
2025-09-17 08:14:59.998000+00:00,2025-09-17 08:00:00+00:00,continuous,117120.5,117156.6,116950.1,116950.1,105530128.1849
2025-09-17 08:29:59.899000+00:00,2025-09-17 08:15:00+00:00,continuous,116950.2,116986.5,116858.8,116858.8,102454547.04639971
2025-09-17 08:44:59.999000+00:00,2025-09-17 08:30:00+00:00,continuous,116858.8,116858.9,116639.4,116704.4,305171706.2919
2025-09-17 08:59:59.772000+00:00,2025-09-17 08:45:00+00:00,continuous,116704.5,116835.9,116680.1,116801.0,110886939.18110003
2025-09-17 09:14:58.448000+00:00,2025-09-17 09:00:00+00:00,continuous,116801.0,116801.0,116636.4,116666.5,78151179.03329962
2025-09-17 09:29:59.934000+00:00,2025-09-17 09:15:00+00:00,continuous,116666.5,116724.4,116573.5,116704.8,79136762.75600009
2025-09-17 09:44:59.860000+00:00,2025-09-17 09:30:00+00:00,continuous,116704.8,116749.4,116644.2,116644.2,64876290.219000235
2025-09-17 09:59:59.979000+00:00,2025-09-17 09:45:00+00:00,continuous,116644.3,116666.0,116502.3,116503.9,83031725.41660054
2025-09-17 10:14:59.761000+00:00,2025-09-17 10:00:00+00:00,continuous,116503.9,116563.3,116419.2,116431.4,105055294.61580008
2025-09-17 10:29:59.574000+00:00,2025-09-17 10:15:00+00:00,continuous,116431.4,116453.7,116346.6,116346.6,83591382.75409998
2025-09-17 10:44:59.545000+00:00,2025-09-17 10:30:00+00:00,continuous,116346.7,116417.7,116324.2,116353.7,101616391.18499948
2025-09-17 10:59:59.831000+00:00,2025-09-17 10:45:00+00:00,continuous,116353.8,116353.8,116212.1,116317.5,96998470.8834001
2025-09-17 11:14:59.992000+00:00,2025-09-17 11:00:00+00:00,continuous,116317.5,116332.9,116214.2,116292.9,118591439.4762999
2025-09-17 11:29:59.478000+00:00,2025-09-17 11:15:00+00:00,continuous,116292.9,116314.6,116202.6,116265.9,86336392.65900011
2025-09-17 11:44:59.354000+00:00,2025-09-17 11:30:00+00:00,continuous,116265.9,116265.9,116220.0,116240.9,69977239.13979992
2025-09-17 11:59:59.939000+00:00,2025-09-17 11:45:00+00:00,continuous,116240.9,116310.0,116197.0,116200.1,127544145.62999949
2025-09-17 12:14:59.661000+00:00,2025-09-17 12:00:00+00:00,continuous,116200.0,116319.6,116150.0,116298.1,131185039.3572001
2025-09-17 12:29:59.975000+00:00,2025-09-17 12:15:00+00:00,continuous,116298.1,116345.4,116190.7,116312.8,111782206.27629988
2025-09-17 12:44:59.830000+00:00,2025-09-17 12:30:00+00:00,continuous,116312.7,116493.0,116034.0,116159.9,298891225.2373012
2025-09-17 12:59:59.373000+00:00,2025-09-17 12:45:00+00:00,continuous,116159.8,116229.9,116052.0,116150.0,103390430.19029926
2025-09-17 13:14:59.698000+00:00,2025-09-17 13:00:00+00:00,continuous,116150.1,116153.8,116030.0,116072.6,162389807.9195996
2025-09-17 13:29:59.889000+00:00,2025-09-17 13:15:00+00:00,continuous,116072.6,116287.8,116057.8,116200.0,103935367.35550074
2025-09-17 13:44:59.958000+00:00,2025-09-17 13:30:00+00:00,continuous,116199.9,116255.4,115901.4,115946.9,310334844.43429965
2025-09-17 13:59:59.914000+00:00,2025-09-17 13:45:00+00:00,continuous,115946.9,116186.4,115847.7,116066.9,224497872.20770013
2025-09-17 14:14:59.775000+00:00,2025-09-17 14:00:00+00:00,continuous,116067.1,116207.3,115967.0,116125.0,162073733.28719908
2025-09-17 14:29:59.961000+00:00,2025-09-17 14:15:00+00:00,continuous,116125.0,116136.0,115555.0,115610.3,401285156.3386992
2025-09-17 14:44:59.863000+00:00,2025-09-17 14:30:00+00:00,continuous,115610.3,115699.1,115340.0,115542.4,535910083.27640176
2025-09-17 14:59:59.957000+00:00,2025-09-17 14:45:00+00:00,continuous,115542.4,115680.1,115433.2,115557.6,181043512.42269963
2025-09-17 15:14:59.935000+00:00,2025-09-17 15:00:00+00:00,continuous,115557.5,115743.6,115483.4,115722.0,143936152.45260054
2025-09-17 15:29:59.863000+00:00,2025-09-17 15:15:00+00:00,continuous,115722.0,115744.5,115587.3,115590.1,106118676.79530075
2025-09-17 15:44:59.885000+00:00,2025-09-17 15:30:00+00:00,continuous,115590.1,115786.0,115590.0,115778.5,158484036.2608996
2025-09-17 15:59:59.764000+00:00,2025-09-17 15:45:00+00:00,continuous,115778.4,115837.6,115693.1,115825.1,101793847.71740028
2025-09-17 16:14:59.651000+00:00,2025-09-17 16:00:00+00:00,continuous,115825.1,115825.1,115524.0,115524.1,136418005.9994002
2025-09-17 16:29:59.647000+00:00,2025-09-17 16:15:00+00:00,continuous,115524.1,115647.1,115480.0,115647.0,92721542.42669931
2025-09-17 16:44:59.938000+00:00,2025-09-17 16:30:00+00:00,continuous,115647.1,115647.1,115386.0,115421.2,163800366.3605998
2025-09-17 16:59:59.725000+00:00,2025-09-17 16:45:00+00:00,continuous,115421.2,115658.0,115325.5,115594.5,241548147.4101001
2025-09-17 17:14:59.704000+00:00,2025-09-17 17:00:00+00:00,continuous,115594.4,115762.9,115589.0,115626.7,175382408.97539935
2025-09-17 17:29:59.807000+00:00,2025-09-17 17:15:00+00:00,continuous,115626.7,115682.2,115525.1,115631.7,62889490.7458998
2025-09-17 17:44:59.979000+00:00,2025-09-17 17:30:00+00:00,continuous,115631.7,116251.0,115602.0,115979.3,328802084.3566998
2025-09-17 17:59:59.976000+00:00,2025-09-17 17:45:00+00:00,continuous,115979.2,116109.1,115400.0,115464.0,460285452.71259797
2025-09-17 18:14:59.905000+00:00,2025-09-17 18:00:00+00:00,continuous,115476.9,116316.0,115359.0,115416.0,1563273753.7674065
2025-09-17 18:29:59.825000+00:00,2025-09-17 18:15:00+00:00,continuous,115416.0,115954.7,114820.0,115920.0,1061661087.8690981
2025-09-17 18:44:59.919000+00:00,2025-09-17 18:30:00+00:00,continuous,115920.0,115920.1,114811.2,114848.4,602679571.0710973
2025-09-17 18:59:59.957000+00:00,2025-09-17 18:45:00+00:00,continuous,114848.4,115405.4,114623.3,115184.1,895712493.8591068
2025-09-17 19:14:59.648000+00:00,2025-09-17 19:00:00+00:00,continuous,115184.1,115833.0,115026.7,115456.0,672036105.3892989
2025-09-17 19:29:59.657000+00:00,2025-09-17 19:15:00+00:00,continuous,115456.1,115950.0,115374.6,115692.7,401217145.35209966
2025-09-17 19:44:59.983000+00:00,2025-09-17 19:30:00+00:00,continuous,115692.7,115780.8,115525.2,115687.8,155116017.10549998
2025-09-17 19:59:59.988000+00:00,2025-09-17 19:45:00+00:00,continuous,115687.7,115736.7,115526.6,115587.6,102074850.20920002
2025-09-17 20:14:59.975000+00:00,2025-09-17 20:00:00+00:00,continuous,115587.5,116084.1,115551.0,115986.3,202187706.1835004
2025-09-17 20:29:59.142000+00:00,2025-09-17 20:15:00+00:00,continuous,115986.2,115986.3,115651.1,115754.3,134123982.37620011
2025-09-17 20:44:59.987000+00:00,2025-09-17 20:30:00+00:00,continuous,115754.3,115847.6,115615.4,115645.9,64429534.42300005
2025-09-17 20:59:59.851000+00:00,2025-09-17 20:45:00+00:00,continuous,115645.9,115720.2,115430.9,115561.5,107846328.00939992
2025-09-17 21:14:59.575000+00:00,2025-09-17 21:00:00+00:00,continuous,115561.5,115752.0,115257.1,115730.4,153181949.5379999
2025-09-17 21:29:59.827000+00:00,2025-09-17 21:15:00+00:00,continuous,115730.4,115852.3,115628.2,115740.2,78563476.69329974
2025-09-17 21:44:59.873000+00:00,2025-09-17 21:30:00+00:00,continuous,115740.2,115919.9,115700.0,115901.2,51889028.51790006
2025-09-17 21:59:59.821000+00:00,2025-09-17 21:45:00+00:00,continuous,115901.2,116077.7,115840.2,115986.8,76394806.51280029
2025-09-17 22:14:59.934000+00:00,2025-09-17 22:00:00+00:00,continuous,115986.8,116229.8,115974.6,116204.4,155917710.54960042
2025-09-17 22:29:59.650000+00:00,2025-09-17 22:15:00+00:00,continuous,116204.3,116310.7,116074.5,116162.5,153639001.33180055
2025-09-17 22:44:59.871000+00:00,2025-09-17 22:30:00+00:00,continuous,116162.4,116338.0,116132.0,116285.1,97004179.6258005
2025-09-17 22:59:59.991000+00:00,2025-09-17 22:45:00+00:00,continuous,116285.0,116772.0,116224.1,116507.9,492193962.903597
2025-09-17 23:14:59.824000+00:00,2025-09-17 23:00:00+00:00,continuous,116508.0,116940.0,116507.9,116761.0,404923602.162498
2025-09-17 23:29:59.391000+00:00,2025-09-17 23:15:00+00:00,continuous,116761.1,116832.6,116450.0,116504.0,169670731.64879966
2025-09-17 23:44:58.295000+00:00,2025-09-17 23:30:00+00:00,continuous,116504.0,116615.2,116253.5,116338.8,145411209.95749983
2025-09-17 23:59:59.993000+00:00,2025-09-17 23:45:00+00:00,continuous,116338.7,116491.7,116337.7,116402.5,96891807.69570017
2025-09-18 00:14:59.852000+00:00,2025-09-18 00:00:00+00:00,continuous,116402.6,116431.6,116156.2,116232.5,163464257.5244002
2025-09-18 00:29:59.388000+00:00,2025-09-18 00:15:00+00:00,continuous,116232.5,116325.4,116033.5,116133.3,159655166.0172
2025-09-18 00:44:59.950000+00:00,2025-09-18 00:30:00+00:00,continuous,116133.3,116410.7,116133.1,116332.1,78137034.16039962
2025-09-18 00:59:59.102000+00:00,2025-09-18 00:45:00+00:00,continuous,116332.0,116388.1,116202.8,116291.8,89298665.76339987
2025-09-18 01:14:59.971000+00:00,2025-09-18 01:00:00+00:00,continuous,116291.9,116580.0,116281.7,116554.1,90986840.52730037
2025-09-18 01:29:59.817000+00:00,2025-09-18 01:15:00+00:00,continuous,116554.0,116622.0,116422.6,116509.1,101103052.36919981
2025-09-18 01:44:59.821000+00:00,2025-09-18 01:30:00+00:00,continuous,116509.1,116830.6,116390.3,116783.6,145783680.3025993
2025-09-18 01:59:59.904000+00:00,2025-09-18 01:45:00+00:00,continuous,116783.6,116828.5,116579.8,116587.2,147873817.32609966
2025-09-18 02:14:59.946000+00:00,2025-09-18 02:00:00+00:00,continuous,116587.2,116634.2,116480.9,116591.1,106740712.82490006
2025-09-18 02:29:59.921000+00:00,2025-09-18 02:15:00+00:00,continuous,116591.1,116664.1,116376.0,116442.1,94041361.18930018
2025-09-18 02:44:57.486000+00:00,2025-09-18 02:30:00+00:00,continuous,116442.1,116587.0,116440.6,116575.3,37366065.42629996
2025-09-18 02:59:59.959000+00:00,2025-09-18 02:45:00+00:00,continuous,116575.2,116907.1,116575.2,116888.4,159744636.86499926
2025-09-18 03:14:59.933000+00:00,2025-09-18 03:00:00+00:00,continuous,116888.4,117549.8,116838.4,117397.9,1005656850.8015062
2025-09-18 03:29:59.533000+00:00,2025-09-18 03:15:00+00:00,continuous,117397.8,117773.9,117397.8,117712.9,515145913.49789894
2025-09-18 03:44:59.976000+00:00,2025-09-18 03:30:00+00:00,continuous,117712.8,117865.9,117556.8,117637.8,356181736.3663981
2025-09-18 03:59:59.695000+00:00,2025-09-18 03:45:00+00:00,continuous,117637.7,117734.9,117468.0,117531.2,301618805.49180055
2025-09-18 04:14:59.733000+00:00,2025-09-18 04:00:00+00:00,continuous,117531.3,117713.5,117531.2,117612.4,153046385.18600097
2025-09-18 04:29:59.841000+00:00,2025-09-18 04:15:00+00:00,continuous,117612.4,117707.6,117297.0,117330.1,271098141.4695
2025-09-18 04:44:59.956000+00:00,2025-09-18 04:30:00+00:00,continuous,117330.2,117410.0,117169.2,117374.9,226727100.3841021
2025-09-18 04:59:59.700000+00:00,2025-09-18 04:45:00+00:00,continuous,117374.9,117567.4,117370.0,117567.3,131621587.29979955
2025-09-18 05:14:59.912000+00:00,2025-09-18 05:00:00+00:00,continuous,117567.3,117567.4,117370.0,117406.6,76945041.31080031
2025-09-18 05:29:59.994000+00:00,2025-09-18 05:15:00+00:00,continuous,117406.6,117458.8,117180.0,117204.0,98813990.7206
2025-09-18 05:44:59.978000+00:00,2025-09-18 05:30:00+00:00,continuous,117204.1,117280.3,117151.4,117183.9,73025580.33729966
2025-09-18 05:59:59.748000+00:00,2025-09-18 05:45:00+00:00,continuous,117184.0,117260.1,117136.0,117228.0,81524423.47650057
2025-09-18 06:14:59.883000+00:00,2025-09-18 06:00:00+00:00,continuous,117228.1,117289.1,116915.4,117024.2,263179625.00570056
2025-09-18 06:29:59.779000+00:00,2025-09-18 06:15:00+00:00,continuous,117024.2,117116.9,116858.0,116907.0,150713005.0192008
2025-09-18 06:44:59.604000+00:00,2025-09-18 06:30:00+00:00,continuous,116906.9,117018.0,116834.5,117013.5,93681068.11009963
2025-09-18 06:59:59.952000+00:00,2025-09-18 06:45:00+00:00,continuous,117013.5,117069.9,116888.8,117044.8,112072073.25140025
2025-09-18 07:14:59.579000+00:00,2025-09-18 07:00:00+00:00,continuous,117044.8,117165.5,117005.0,117103.4,113616051.00019972
2025-09-18 07:29:59.887000+00:00,2025-09-18 07:15:00+00:00,continuous,117103.4,117150.0,117013.9,117037.7,52976101.92310005
2025-09-18 07:44:59.851000+00:00,2025-09-18 07:30:00+00:00,continuous,117037.8,117150.0,117037.7,117150.0,69497182.73419993
2025-09-18 07:59:58.252000+00:00,2025-09-18 07:45:00+00:00,continuous,117149.9,117153.8,117000.0,117033.6,65635562.713000394
2025-09-18 08:14:59.658000+00:00,2025-09-18 08:00:00+00:00,continuous,117033.7,117200.0,116960.3,117181.3,111958515.25759973
2025-09-18 08:29:59.789000+00:00,2025-09-18 08:15:00+00:00,continuous,117181.2,117381.9,117141.2,117266.2,164615419.36730006
2025-09-18 08:44:59.274000+00:00,2025-09-18 08:30:00+00:00,continuous,117266.2,117314.1,117126.1,117141.2,69964823.03210011
2025-09-18 08:59:59.652000+00:00,2025-09-18 08:45:00+00:00,continuous,117141.1,117211.9,117023.6,117187.1,55666229.5231001
2025-09-18 09:14:59.885000+00:00,2025-09-18 09:00:00+00:00,continuous,117187.1,117277.9,117084.8,117200.0,81663755.53409988
2025-09-18 09:29:59.741000+00:00,2025-09-18 09:15:00+00:00,continuous,117200.1,117309.9,117200.0,117202.5,42054679.236000046
2025-09-18 09:44:59.496000+00:00,2025-09-18 09:30:00+00:00,continuous,117202.4,117218.2,117065.0,117130.2,81613876.60840027
2025-09-18 09:59:59.605000+00:00,2025-09-18 09:45:00+00:00,continuous,117130.1,117280.0,117130.1,117251.4,50671462.88229974
2025-09-18 10:14:59.975000+00:00,2025-09-18 10:00:00+00:00,continuous,117251.4,117260.4,117160.0,117209.3,52478945.014099605
2025-09-18 10:29:59.546000+00:00,2025-09-18 10:15:00+00:00,continuous,117209.3,117244.8,117078.0,117078.0,62412667.72580012
2025-09-18 10:44:59.982000+00:00,2025-09-18 10:30:00+00:00,continuous,117078.1,117127.5,117039.0,117049.9,57647421.077200025
2025-09-18 10:59:59.954000+00:00,2025-09-18 10:45:00+00:00,continuous,117049.9,117143.6,117025.8,117143.4,56190717.99550009
2025-09-18 11:14:59.712000+00:00,2025-09-18 11:00:00+00:00,continuous,117143.5,117248.1,117073.0,117126.8,55512484.00379982
2025-09-18 11:29:59.966000+00:00,2025-09-18 11:15:00+00:00,continuous,117126.9,117263.9,117126.8,117191.5,113843000.57289965
2025-09-18 11:44:59.966000+00:00,2025-09-18 11:30:00+00:00,continuous,117191.5,117219.1,117055.0,117088.0,36523672.29820001
2025-09-18 11:59:59.768000+00:00,2025-09-18 11:45:00+00:00,continuous,117087.9,117087.9,116955.0,117015.0,85602255.02649987
2025-09-18 12:14:59.994000+00:00,2025-09-18 12:00:00+00:00,continuous,117015.0,117215.9,116920.1,117192.9,158090511.19700006
2025-09-18 12:29:59.909000+00:00,2025-09-18 12:15:00+00:00,continuous,117192.9,117239.8,117110.7,117191.4,77292525.84680006
2025-09-18 12:44:59.491000+00:00,2025-09-18 12:30:00+00:00,continuous,117191.4,117221.7,117007.0,117151.4,95349302.82300009
2025-09-18 12:59:59.176000+00:00,2025-09-18 12:45:00+00:00,continuous,117151.4,117160.2,117002.2,117074.0,48310757.761200026
2025-09-18 13:14:59.942000+00:00,2025-09-18 13:00:00+00:00,continuous,117074.0,117329.5,117002.1,117328.5,83263159.8489001
2025-09-18 13:29:59.816000+00:00,2025-09-18 13:15:00+00:00,continuous,117328.6,117417.0,117282.9,117378.9,133695800.13849953
2025-09-18 13:44:59.810000+00:00,2025-09-18 13:30:00+00:00,continuous,117378.8,117600.0,117108.1,117122.8,309733699.9903978
2025-09-18 13:59:59.874000+00:00,2025-09-18 13:45:00+00:00,continuous,117122.8,117408.4,116913.9,117381.5,275347977.22550017
2025-09-18 14:14:59.819000+00:00,2025-09-18 14:00:00+00:00,continuous,117381.5,117600.0,117340.2,117481.2,259696137.4104022
2025-09-18 14:29:59.589000+00:00,2025-09-18 14:15:00+00:00,continuous,117481.2,117789.9,117433.2,117638.9,283099155.3345008
2025-09-18 14:44:59.796000+00:00,2025-09-18 14:30:00+00:00,continuous,117638.9,117766.8,117549.9,117713.4,202606024.8414003
2025-09-18 14:59:59.374000+00:00,2025-09-18 14:45:00+00:00,continuous,117713.3,117721.2,117575.0,117575.1,100377461.30649978
2025-09-18 15:14:59.981000+00:00,2025-09-18 15:00:00+00:00,continuous,117575.1,117625.0,117351.2,117361.6,174861046.5647004
2025-09-18 15:29:59.893000+00:00,2025-09-18 15:15:00+00:00,continuous,117361.6,117536.8,117261.0,117279.9,117125603.0530002
2025-09-18 15:44:59.827000+00:00,2025-09-18 15:30:00+00:00,continuous,117280.0,117431.5,117280.0,117386.6,73212133.4884001
2025-09-18 15:59:59.697000+00:00,2025-09-18 15:45:00+00:00,continuous,117386.7,117656.0,117379.6,117530.3,202451999.92420122
2025-09-18 16:14:59.705000+00:00,2025-09-18 16:00:00+00:00,continuous,117530.2,117650.0,117444.0,117644.0,102206530.18390016
2025-09-18 16:29:59.732000+00:00,2025-09-18 16:15:00+00:00,continuous,117644.0,117750.0,117618.3,117653.4,107525010.41359967
2025-09-18 16:44:59.858000+00:00,2025-09-18 16:30:00+00:00,continuous,117653.5,117728.0,117502.5,117700.1,81879342.1734998
2025-09-18 16:59:59.709000+00:00,2025-09-18 16:45:00+00:00,continuous,117700.0,117735.3,117482.4,117510.6,78841900.30799998
2025-09-18 17:14:59.673000+00:00,2025-09-18 17:00:00+00:00,continuous,117510.6,117729.6,117441.9,117617.0,133701636.63290003
2025-09-18 17:29:59.930000+00:00,2025-09-18 17:15:00+00:00,continuous,117617.1,117694.7,117455.6,117497.4,58599512.436800025
2025-09-18 17:44:59.781000+00:00,2025-09-18 17:30:00+00:00,continuous,117497.5,117590.2,117365.0,117433.5,60785464.9630999
2025-09-18 17:59:59.474000+00:00,2025-09-18 17:45:00+00:00,continuous,117433.6,117532.7,117414.7,117530.2,41620519.31249975
2025-09-18 18:14:59.891000+00:00,2025-09-18 18:00:00+00:00,continuous,117530.2,117777.0,117450.0,117777.0,115223354.21839967
2025-09-18 18:29:59.950000+00:00,2025-09-18 18:15:00+00:00,continuous,117776.9,117875.2,117679.1,117745.2,149278056.7917008
2025-09-18 18:44:59.623000+00:00,2025-09-18 18:30:00+00:00,continuous,117745.3,117752.0,117635.0,117749.1,67728631.25009993
2025-09-18 18:59:59.999000+00:00,2025-09-18 18:45:00+00:00,continuous,117749.0,117830.0,117749.0,117760.0,63206270.08409948
2025-09-18 19:14:59.637000+00:00,2025-09-18 19:00:00+00:00,continuous,117760.1,117760.1,117652.9,117664.3,53924457.973500356
2025-09-18 19:29:59.965000+00:00,2025-09-18 19:15:00+00:00,continuous,117664.3,117664.3,117400.0,117401.8,94643727.1882996
2025-09-18 19:44:59.732000+00:00,2025-09-18 19:30:00+00:00,continuous,117401.8,117432.9,117133.0,117237.4,167167960.46399897
2025-09-18 19:59:59.601000+00:00,2025-09-18 19:45:00+00:00,continuous,117237.4,117448.0,117141.8,117403.0,88224285.25019994
2025-09-18 20:14:59.293000+00:00,2025-09-18 20:00:00+00:00,continuous,117402.9,117467.4,117279.8,117392.3,68896921.7233998
2025-09-18 20:29:59.457000+00:00,2025-09-18 20:15:00+00:00,continuous,117392.2,117461.0,117301.2,117440.9,38185112.60919997
2025-09-18 20:44:59.663000+00:00,2025-09-18 20:30:00+00:00,continuous,117441.0,117605.8,117441.0,117599.7,52079184.482500084
2025-09-18 20:59:59.244000+00:00,2025-09-18 20:45:00+00:00,continuous,117599.7,117605.7,117454.8,117454.8,52096620.676800005
2025-09-18 21:14:59.471000+00:00,2025-09-18 21:00:00+00:00,continuous,117454.8,117454.8,117277.7,117277.7,47791241.08640004
2025-09-18 21:29:59.524000+00:00,2025-09-18 21:15:00+00:00,continuous,117277.7,117384.8,117259.9,117384.7,31000037.819999978
2025-09-18 21:44:59.754000+00:00,2025-09-18 21:30:00+00:00,continuous,117384.7,117417.0,117309.6,117309.7,22491029.988499902
2025-09-18 21:59:59.328000+00:00,2025-09-18 21:45:00+00:00,continuous,117309.6,117378.5,117233.0,117233.0,23268364.545599863
2025-09-18 22:14:59.826000+00:00,2025-09-18 22:00:00+00:00,continuous,117233.1,117243.5,117152.9,117152.9,61311263.20540018
2025-09-18 22:29:59.362000+00:00,2025-09-18 22:15:00+00:00,continuous,117153.0,117251.4,117140.0,117203.2,55138367.69169996
2025-09-18 22:44:59.271000+00:00,2025-09-18 22:30:00+00:00,continuous,117203.1,117275.7,117188.5,117241.0,42068750.53839989
2025-09-18 22:59:59.867000+00:00,2025-09-18 22:45:00+00:00,continuous,117240.9,117241.0,116961.1,116995.0,288756566.9883993
2025-09-18 23:14:59.827000+00:00,2025-09-18 23:00:00+00:00,continuous,116995.0,116995.0,116489.7,116715.4,605719499.7531996
2025-09-18 23:29:59.749000+00:00,2025-09-18 23:15:00+00:00,continuous,116715.5,116778.0,116582.6,116766.0,139319490.44289982
2025-09-18 23:44:59.176000+00:00,2025-09-18 23:30:00+00:00,continuous,116766.0,116978.0,116765.9,116927.5,113652479.35529976
2025-09-18 23:59:59.810000+00:00,2025-09-18 23:45:00+00:00,continuous,116927.5,117125.0,116914.4,117017.1,102172735.6449999
2025-09-19 00:14:59.901000+00:00,2025-09-19 00:00:00+00:00,continuous,117017.1,117100.0,116960.8,117013.2,84758510.51289985
2025-09-19 00:29:59.854000+00:00,2025-09-19 00:15:00+00:00,continuous,117013.2,117280.2,117009.4,117173.5,145345130.99669924
2025-09-19 00:44:59.986000+00:00,2025-09-19 00:30:00+00:00,continuous,117173.5,117333.0,117158.2,117333.0,55898483.3256998
2025-09-19 00:59:59.603000+00:00,2025-09-19 00:45:00+00:00,continuous,117332.9,117375.1,117270.7,117359.9,88892883.68190034
2025-09-19 01:14:59.970000+00:00,2025-09-19 01:00:00+00:00,continuous,117360.0,117406.8,117190.0,117220.5,88224293.69480017
2025-09-19 01:29:59.993000+00:00,2025-09-19 01:15:00+00:00,continuous,117220.4,117328.9,117157.7,117290.3,49545936.591899864
2025-09-19 01:44:59.920000+00:00,2025-09-19 01:30:00+00:00,continuous,117290.3,117337.2,117058.0,117058.0,84864465.02330011
2025-09-19 01:59:58.835000+00:00,2025-09-19 01:45:00+00:00,continuous,117058.0,117214.9,117054.1,117184.0,52864565.404599875
2025-09-19 02:14:59.820000+00:00,2025-09-19 02:00:00+00:00,continuous,117184.0,117234.5,116990.8,116999.1,54962196.69689981
2025-09-19 02:29:59.635000+00:00,2025-09-19 02:15:00+00:00,continuous,116999.0,117078.7,116990.9,117057.0,46687649.83060027
2025-09-19 02:44:59.628000+00:00,2025-09-19 02:30:00+00:00,continuous,117057.0,117174.9,117000.0,117043.2,54304140.24019999
2025-09-19 02:59:59.997000+00:00,2025-09-19 02:45:00+00:00,continuous,117043.1,117150.0,117035.7,117054.8,44428423.29470007
2025-09-19 03:14:59.854000+00:00,2025-09-19 03:00:00+00:00,continuous,117054.9,117177.0,117054.8,117156.0,35678616.681599855
2025-09-19 03:29:59.724000+00:00,2025-09-19 03:15:00+00:00,continuous,117156.0,117237.0,117010.7,117030.1,53215963.76150015
2025-09-19 03:44:59.984000+00:00,2025-09-19 03:30:00+00:00,continuous,117030.1,117038.2,116831.0,116912.1,157312312.20940065
2025-09-19 03:59:59.881000+00:00,2025-09-19 03:45:00+00:00,continuous,116912.2,116936.1,116800.0,116914.2,105662897.81029989
2025-09-19 04:14:59.636000+00:00,2025-09-19 04:00:00+00:00,continuous,116914.1,116927.2,116631.6,116709.5,236090632.75269893
2025-09-19 04:29:59.482000+00:00,2025-09-19 04:15:00+00:00,continuous,116709.5,116978.1,116709.4,116932.7,118181082.3571001
2025-09-19 04:44:59.465000+00:00,2025-09-19 04:30:00+00:00,continuous,116932.7,117049.9,116861.6,116938.1,101928260.79899992
2025-09-19 04:59:59.168000+00:00,2025-09-19 04:45:00+00:00,continuous,116938.1,116988.2,116881.2,116929.4,41243295.20239986
2025-09-19 05:14:59.874000+00:00,2025-09-19 05:00:00+00:00,continuous,116929.4,116947.3,116823.4,116919.7,59250316.46909966
2025-09-19 05:29:59.942000+00:00,2025-09-19 05:15:00+00:00,continuous,116919.6,116966.7,116762.0,116798.6,58673930.8763002
2025-09-19 05:44:59.591000+00:00,2025-09-19 05:30:00+00:00,continuous,116798.6,116866.6,116725.0,116818.1,47565078.22079997
2025-09-19 05:59:59.801000+00:00,2025-09-19 05:45:00+00:00,continuous,116818.1,116870.2,116817.7,116837.5,27759676.327700008
2025-09-19 06:14:59.986000+00:00,2025-09-19 06:00:00+00:00,continuous,116837.6,116837.6,116705.4,116730.1,76194453.10879976
2025-09-19 06:29:59.786000+00:00,2025-09-19 06:15:00+00:00,continuous,116730.0,116814.7,116700.1,116734.9,60555079.18799999
2025-09-19 06:44:59.901000+00:00,2025-09-19 06:30:00+00:00,continuous,116734.9,116751.4,116567.3,116688.6,129963102.32840052
2025-09-19 06:59:59.865000+00:00,2025-09-19 06:45:00+00:00,continuous,116688.6,116764.4,116611.3,116633.2,156819106.98010007
2025-09-19 07:14:59.942000+00:00,2025-09-19 07:00:00+00:00,continuous,116633.2,116795.8,116625.1,116750.1,181231261.57709965
2025-09-19 07:29:59.732000+00:00,2025-09-19 07:15:00+00:00,continuous,116750.1,116837.0,116743.2,116806.6,60426775.50819992
2025-09-19 07:44:59.768000+00:00,2025-09-19 07:30:00+00:00,continuous,116806.7,116943.9,116780.0,116916.4,95263950.80530031
2025-09-19 07:59:59.980000+00:00,2025-09-19 07:45:00+00:00,continuous,116916.4,116916.5,116850.0,116850.1,50937083.40280006
2025-09-19 08:14:59.966000+00:00,2025-09-19 08:00:00+00:00,continuous,116850.0,116959.8,116818.9,116941.1,76018601.87400034
2025-09-19 08:29:59.874000+00:00,2025-09-19 08:15:00+00:00,continuous,116941.2,117050.6,116937.5,117033.3,110796919.32290003
2025-09-19 08:44:59.628000+00:00,2025-09-19 08:30:00+00:00,continuous,117033.2,117037.8,116841.4,116882.6,57542161.15470005
2025-09-19 08:59:59.713000+00:00,2025-09-19 08:45:00+00:00,continuous,116882.6,116921.9,116860.0,116862.6,29950230.424600065
2025-09-19 09:14:59.066000+00:00,2025-09-19 09:00:00+00:00,continuous,116862.6,116936.1,116812.7,116927.0,52071373.68430002
2025-09-19 09:29:59.048000+00:00,2025-09-19 09:15:00+00:00,continuous,116927.1,116927.1,116729.9,116765.3,74264570.0718999
2025-09-19 09:44:59.857000+00:00,2025-09-19 09:30:00+00:00,continuous,116765.4,116843.9,116661.7,116661.7,51418375.03070006
2025-09-19 09:59:59.872000+00:00,2025-09-19 09:45:00+00:00,continuous,116661.7,116685.7,116425.0,116437.7,361650318.31869704
2025-09-19 10:14:59.947000+00:00,2025-09-19 10:00:00+00:00,continuous,116437.7,116500.0,116368.0,116486.2,173442729.8641003
2025-09-19 10:29:59.818000+00:00,2025-09-19 10:15:00+00:00,continuous,116486.2,116486.2,116377.2,116433.8,114764361.01610069
2025-09-19 10:44:59.923000+00:00,2025-09-19 10:30:00+00:00,continuous,116433.9,116490.9,116386.6,116473.0,76977037.56820019
2025-09-19 10:59:59.956000+00:00,2025-09-19 10:45:00+00:00,continuous,116473.1,116491.9,116426.4,116476.7,66094979.251600005
2025-09-19 11:14:59.947000+00:00,2025-09-19 11:00:00+00:00,continuous,116476.7,116501.5,116370.0,116408.5,78535727.1693002
2025-09-19 11:29:59.851000+00:00,2025-09-19 11:15:00+00:00,continuous,116408.6,116477.5,116311.0,116313.0,99436248.29880013
2025-09-19 11:44:59.756000+00:00,2025-09-19 11:30:00+00:00,continuous,116312.9,116360.1,116272.0,116302.3,112140971.36549991
2025-09-19 11:59:59.995000+00:00,2025-09-19 11:45:00+00:00,continuous,116302.3,116350.0,116250.7,116343.1,96437044.20370103
2025-09-19 12:14:59.986000+00:00,2025-09-19 12:00:00+00:00,continuous,116343.3,116426.0,116325.7,116424.7,83179211.77489993
2025-09-19 12:29:59.857000+00:00,2025-09-19 12:15:00+00:00,continuous,116424.7,116488.0,116131.2,116175.1,210491100.57020083
2025-09-19 12:44:59.773000+00:00,2025-09-19 12:30:00+00:00,continuous,116175.0,116234.0,116125.8,116169.6,123696441.07469977
2025-09-19 12:59:59.873000+00:00,2025-09-19 12:45:00+00:00,continuous,116169.6,116188.0,116072.0,116124.1,161678906.56900048
2025-09-19 13:14:59.555000+00:00,2025-09-19 13:00:00+00:00,continuous,116124.1,116160.3,116065.9,116087.6,93292631.55469967
2025-09-19 13:29:59.988000+00:00,2025-09-19 13:15:00+00:00,continuous,116087.7,116318.9,116017.1,116164.3,213780806.97010016
2025-09-19 13:44:59.939000+00:00,2025-09-19 13:30:00+00:00,continuous,116164.2,116309.5,116050.0,116226.2,176025587.54630053
2025-09-19 13:59:59.891000+00:00,2025-09-19 13:45:00+00:00,continuous,116226.3,116416.4,116180.0,116238.7,158277502.8649992
2025-09-19 14:14:59.372000+00:00,2025-09-19 14:00:00+00:00,continuous,116238.6,116339.0,116171.1,116257.4,102914091.52639966
2025-09-19 14:29:59.902000+00:00,2025-09-19 14:15:00+00:00,continuous,116257.3,116447.3,116157.1,116209.1,109633746.44360028
2025-09-19 14:44:59.936000+00:00,2025-09-19 14:30:00+00:00,continuous,116209.1,116303.8,116056.1,116056.2,98628146.35009971
2025-09-19 14:59:59.983000+00:00,2025-09-19 14:45:00+00:00,continuous,116056.2,116107.9,115730.0,115849.7,528459371.73000014
2025-09-19 15:14:59.683000+00:00,2025-09-19 15:00:00+00:00,continuous,115849.7,115849.8,115408.4,115475.9,527883518.9437981
2025-09-19 15:29:59.980000+00:00,2025-09-19 15:15:00+00:00,continuous,115475.9,115752.0,115445.3,115744.5,274985774.4423001
2025-09-19 15:44:59.970000+00:00,2025-09-19 15:30:00+00:00,continuous,115744.4,115900.0,115584.0,115860.7,164506529.75559974
2025-09-19 15:59:59.993000+00:00,2025-09-19 15:45:00+00:00,continuous,115860.7,115882.2,115750.0,115826.9,137553408.05060065
2025-09-19 16:14:59.864000+00:00,2025-09-19 16:00:00+00:00,continuous,115826.9,115946.9,115735.7,115918.6,237904222.78879982
2025-09-19 16:29:59.904000+00:00,2025-09-19 16:15:00+00:00,continuous,115918.6,115998.6,115868.8,115916.0,89410999.97719957
2025-09-19 16:44:59.412000+00:00,2025-09-19 16:30:00+00:00,continuous,115916.0,115932.2,115791.6,115932.2,60584425.21119995
2025-09-19 16:59:59.887000+00:00,2025-09-19 16:45:00+00:00,continuous,115932.1,116093.0,115932.1,116029.9,116497327.68540035
2025-09-19 17:14:59.451000+00:00,2025-09-19 17:00:00+00:00,continuous,116030.0,116035.8,115737.2,115753.5,92990630.92080006
2025-09-19 17:29:59.521000+00:00,2025-09-19 17:15:00+00:00,continuous,115753.5,115780.0,115662.4,115739.2,71805272.5835003
2025-09-19 17:44:59.757000+00:00,2025-09-19 17:30:00+00:00,continuous,115739.2,115739.2,115500.0,115578.0,112571278.56999968
2025-09-19 17:59:59.933000+00:00,2025-09-19 17:45:00+00:00,continuous,115578.1,115654.8,115490.9,115490.9,78880087.503
2025-09-19 18:14:59.875000+00:00,2025-09-19 18:00:00+00:00,continuous,115490.9,115553.6,115349.3,115431.9,157462059.34910044
2025-09-19 18:29:59.508000+00:00,2025-09-19 18:15:00+00:00,continuous,115431.9,115453.2,115333.0,115380.0,92072024.9386997
2025-09-19 18:44:59.514000+00:00,2025-09-19 18:30:00+00:00,continuous,115380.0,115575.3,115353.7,115539.2,148906772.63419983
2025-09-19 18:59:59.843000+00:00,2025-09-19 18:45:00+00:00,continuous,115539.1,115596.0,115322.0,115365.7,91699291.63959968
2025-09-19 19:14:59.330000+00:00,2025-09-19 19:00:00+00:00,continuous,115365.7,115433.1,115231.5,115242.1,189619281.59430185
2025-09-19 19:29:59.901000+00:00,2025-09-19 19:15:00+00:00,continuous,115242.1,115352.0,115230.0,115305.1,83558904.70919973
2025-09-19 19:44:59.703000+00:00,2025-09-19 19:30:00+00:00,continuous,115305.1,115354.9,115140.0,115140.1,153647281.66409972
2025-09-19 19:59:59.940000+00:00,2025-09-19 19:45:00+00:00,continuous,115140.0,115159.8,115057.0,115082.4,131003427.29860009
2025-09-19 20:14:59.875000+00:00,2025-09-19 20:00:00+00:00,continuous,115082.4,115291.5,115049.9,115262.9,137934463.1388007
2025-09-19 20:29:58.741000+00:00,2025-09-19 20:15:00+00:00,continuous,115262.9,115380.0,115239.4,115346.9,68117076.26380004
2025-09-19 20:44:59.785000+00:00,2025-09-19 20:30:00+00:00,continuous,115346.8,115382.0,115254.2,115364.3,73275992.38480008
2025-09-19 20:59:58.680000+00:00,2025-09-19 20:45:00+00:00,continuous,115364.3,115393.6,115230.7,115306.6,59252584.02200007
2025-09-19 21:14:59.299000+00:00,2025-09-19 21:00:00+00:00,continuous,115306.5,115392.4,115255.3,115343.2,79139468.06950063
2025-09-19 21:29:59.492000+00:00,2025-09-19 21:15:00+00:00,continuous,115343.2,115410.9,115342.5,115369.6,33057277.630699895
2025-09-19 21:44:59.546000+00:00,2025-09-19 21:30:00+00:00,continuous,115369.6,115433.7,115369.6,115415.9,40378811.08880015
2025-09-19 21:59:59.880000+00:00,2025-09-19 21:45:00+00:00,continuous,115415.9,115493.7,115376.0,115411.5,35716471.72020012
2025-09-19 22:14:59.666000+00:00,2025-09-19 22:00:00+00:00,continuous,115411.4,115567.8,115411.4,115555.0,60024690.602600046
2025-09-19 22:29:59.917000+00:00,2025-09-19 22:15:00+00:00,continuous,115555.0,115564.2,115488.8,115530.1,36656494.99069998
2025-09-19 22:44:59.698000+00:00,2025-09-19 22:30:00+00:00,continuous,115530.1,115569.0,115520.7,115520.7,35524984.13110015
2025-09-19 22:59:58.828000+00:00,2025-09-19 22:45:00+00:00,continuous,115520.8,115596.5,115520.7,115550.5,32836055.79530015
2025-09-19 23:14:59.507000+00:00,2025-09-19 23:00:00+00:00,continuous,115550.5,115550.5,115431.6,115444.1,31090606.750899877
2025-09-19 23:29:59.738000+00:00,2025-09-19 23:15:00+00:00,continuous,115444.0,115485.4,115394.5,115406.3,38959813.5242001
2025-09-19 23:44:59.510000+00:00,2025-09-19 23:30:00+00:00,continuous,115406.4,115493.7,115394.5,115464.8,28723479.593100116
2025-09-19 23:59:59.823000+00:00,2025-09-19 23:45:00+00:00,continuous,115464.8,115600.0,115464.8,115569.5,40906346.76230005
2025-09-20 00:14:59.737000+00:00,2025-09-20 00:00:00+00:00,continuous,115569.6,115603.4,115532.0,115557.9,62549841.40340029
2025-09-20 00:29:59.955000+00:00,2025-09-20 00:15:00+00:00,continuous,115558.0,115558.0,115484.9,115499.3,51592715.39999993
2025-09-20 00:44:59.243000+00:00,2025-09-20 00:30:00+00:00,continuous,115499.3,115638.1,115499.2,115638.1,35057187.740299985
2025-09-20 00:59:59.675000+00:00,2025-09-20 00:45:00+00:00,continuous,115638.1,115670.0,115612.0,115656.4,33489154.650500156
2025-09-20 01:14:59.394000+00:00,2025-09-20 01:00:00+00:00,continuous,115656.3,115660.4,115556.4,115556.4,60562480.12239977
2025-09-20 01:29:59.837000+00:00,2025-09-20 01:15:00+00:00,continuous,115556.4,115657.2,115550.2,115637.4,20289941.018399987
2025-09-20 01:44:57.942000+00:00,2025-09-20 01:30:00+00:00,continuous,115637.4,115650.0,115567.4,115613.2,33750756.42900006
2025-09-20 01:59:59.738000+00:00,2025-09-20 01:45:00+00:00,continuous,115613.2,115636.3,115562.6,115562.6,29154539.688500084
2025-09-20 02:14:59.671000+00:00,2025-09-20 02:00:00+00:00,continuous,115562.6,115562.7,115427.0,115442.1,55800931.43010026
2025-09-20 02:29:59.321000+00:00,2025-09-20 02:15:00+00:00,continuous,115442.1,115479.0,115371.0,115474.6,48244536.04749984
2025-09-20 02:44:59.904000+00:00,2025-09-20 02:30:00+00:00,continuous,115474.6,115507.2,115437.6,115507.1,20929802.374400053
2025-09-20 02:59:58.644000+00:00,2025-09-20 02:45:00+00:00,continuous,115507.1,115555.3,115495.8,115544.4,17050364.746199895
2025-09-20 03:14:58.911000+00:00,2025-09-20 03:00:00+00:00,continuous,115544.4,115545.5,115406.1,115437.5,23183709.048000082
2025-09-20 03:29:58.991000+00:00,2025-09-20 03:15:00+00:00,continuous,115437.5,115491.6,115437.5,115454.2,18457360.510599915
2025-09-20 03:44:58.602000+00:00,2025-09-20 03:30:00+00:00,continuous,115454.1,115454.8,115407.0,115451.5,16522829.007000104
2025-09-20 03:59:59.993000+00:00,2025-09-20 03:45:00+00:00,continuous,115451.5,115451.6,115355.0,115394.2,26262953.8216001
2025-09-20 04:14:59.069000+00:00,2025-09-20 04:00:00+00:00,continuous,115394.3,115437.4,115371.6,115426.3,25476858.525000196
2025-09-20 04:29:59.288000+00:00,2025-09-20 04:15:00+00:00,continuous,115426.3,115448.2,115401.1,115401.1,16879397.498900045
2025-09-20 04:44:59.626000+00:00,2025-09-20 04:30:00+00:00,continuous,115401.1,115496.0,115343.0,115492.7,47960579.78189991
2025-09-20 04:59:59.844000+00:00,2025-09-20 04:45:00+00:00,continuous,115492.7,115526.6,115484.1,115511.9,23202470.769400015
2025-09-20 05:14:59.477000+00:00,2025-09-20 05:00:00+00:00,continuous,115511.9,115529.5,115459.6,115524.2,35290347.96739986
2025-09-20 05:29:59.805000+00:00,2025-09-20 05:15:00+00:00,continuous,115524.1,115556.1,115524.1,115556.1,26586563.219199967
2025-09-20 05:44:58.655000+00:00,2025-09-20 05:30:00+00:00,continuous,115556.0,115610.0,115556.0,115583.8,39210877.364300005
2025-09-20 05:59:59.767000+00:00,2025-09-20 05:45:00+00:00,continuous,115583.7,115655.3,115583.7,115655.3,30910610.008899983
2025-09-20 06:14:59.177000+00:00,2025-09-20 06:00:00+00:00,continuous,115655.3,115655.3,115571.1,115571.2,39778618.27939996
2025-09-20 06:29:59.447000+00:00,2025-09-20 06:15:00+00:00,continuous,115571.1,115624.0,115571.1,115623.3,23720017.811300054
2025-09-20 06:44:57.854000+00:00,2025-09-20 06:30:00+00:00,continuous,115623.4,115629.7,115616.5,115616.6,14807483.40039984
2025-09-20 06:59:59.669000+00:00,2025-09-20 06:45:00+00:00,continuous,115616.5,115666.1,115616.5,115643.4,28126721.018700108
2025-09-20 07:14:58.357000+00:00,2025-09-20 07:00:00+00:00,continuous,115643.4,115665.0,115624.2,115624.3,50089838.81579999
2025-09-20 07:29:59.905000+00:00,2025-09-20 07:15:00+00:00,continuous,115624.2,115685.5,115624.2,115685.4,44566845.06620012
2025-09-20 07:44:59.341000+00:00,2025-09-20 07:30:00+00:00,continuous,115685.4,115875.2,115672.9,115869.3,150332474.95229998
2025-09-20 07:59:59.944000+00:00,2025-09-20 07:45:00+00:00,continuous,115869.3,115933.4,115818.0,115909.8,126961641.67849936
2025-09-20 08:14:58.303000+00:00,2025-09-20 08:00:00+00:00,continuous,115909.9,115914.4,115774.3,115797.3,72043287.62180005
2025-09-20 08:29:59.828000+00:00,2025-09-20 08:15:00+00:00,continuous,115797.3,115797.4,115761.3,115761.3,25282636.65529987
2025-09-20 08:44:59.512000+00:00,2025-09-20 08:30:00+00:00,continuous,115761.4,115830.9,115761.3,115830.8,35026926.630300015
2025-09-20 08:59:59.313000+00:00,2025-09-20 08:45:00+00:00,continuous,115830.8,115830.9,115637.5,115645.0,79098676.05290025
2025-09-20 09:14:58.128000+00:00,2025-09-20 09:00:00+00:00,continuous,115645.1,115733.7,115638.8,115733.7,41613900.31609989
2025-09-20 09:29:59.194000+00:00,2025-09-20 09:15:00+00:00,continuous,115733.6,115743.1,115689.9,115695.6,38546833.524299994
2025-09-20 09:44:59.331000+00:00,2025-09-20 09:30:00+00:00,continuous,115695.6,115695.6,115607.4,115610.1,53005086.45939996
2025-09-20 09:59:59.840000+00:00,2025-09-20 09:45:00+00:00,continuous,115610.0,115634.4,115605.6,115605.7,33552304.530199956
2025-09-20 10:14:59.840000+00:00,2025-09-20 10:00:00+00:00,continuous,115605.7,115708.8,115605.6,115693.9,37789920.20739993
2025-09-20 10:29:59.890000+00:00,2025-09-20 10:15:00+00:00,continuous,115693.8,115733.8,115640.3,115675.1,52225643.0984002
2025-09-20 10:44:57.474000+00:00,2025-09-20 10:30:00+00:00,continuous,115675.1,115727.1,115660.4,115722.8,15276214.03139998
2025-09-20 10:59:59.002000+00:00,2025-09-20 10:45:00+00:00,continuous,115722.8,115739.3,115683.9,115688.4,18816461.22550006
2025-09-20 11:14:59.320000+00:00,2025-09-20 11:00:00+00:00,continuous,115688.4,115784.3,115688.4,115784.2,42169660.98059997
2025-09-20 11:29:59.795000+00:00,2025-09-20 11:15:00+00:00,continuous,115784.3,115800.0,115715.6,115715.7,64323315.95029994
2025-09-20 11:44:59.865000+00:00,2025-09-20 11:30:00+00:00,continuous,115715.6,115773.8,115715.6,115756.3,46896057.72700014
2025-09-20 11:59:59.864000+00:00,2025-09-20 11:45:00+00:00,continuous,115756.2,115857.9,115756.2,115834.9,53690683.64239994
2025-09-20 12:14:59.433000+00:00,2025-09-20 12:00:00+00:00,continuous,115834.9,115900.0,115834.8,115855.5,62518600.35470016
2025-09-20 12:29:59.694000+00:00,2025-09-20 12:15:00+00:00,continuous,115855.5,115883.8,115763.3,115763.8,50219713.00599989
2025-09-20 12:44:59.754000+00:00,2025-09-20 12:30:00+00:00,continuous,115763.8,115789.9,115750.6,115786.8,21418980.967699736
2025-09-20 12:59:58.590000+00:00,2025-09-20 12:45:00+00:00,continuous,115786.8,115820.3,115786.7,115820.2,20690361.022999935
2025-09-20 13:14:59.513000+00:00,2025-09-20 13:00:00+00:00,continuous,115820.2,115841.1,115793.5,115841.0,17580357.05990005
2025-09-20 13:29:59.923000+00:00,2025-09-20 13:15:00+00:00,continuous,115841.0,115861.4,115841.0,115852.1,18982097.13170002
2025-09-20 13:44:58.916000+00:00,2025-09-20 13:30:00+00:00,continuous,115852.2,115869.0,115833.2,115866.0,27900728.15300003
2025-09-20 13:59:59.772000+00:00,2025-09-20 13:45:00+00:00,continuous,115866.0,115897.0,115825.2,115859.0,41450019.981899776
2025-09-20 14:14:59.947000+00:00,2025-09-20 14:00:00+00:00,continuous,115859.0,115888.0,115820.1,115820.1,41024916.12330034
2025-09-20 14:29:59.200000+00:00,2025-09-20 14:15:00+00:00,continuous,115820.2,115848.0,115820.1,115837.9,30493719.7034
2025-09-20 14:44:59.767000+00:00,2025-09-20 14:30:00+00:00,continuous,115837.9,115888.1,115837.9,115888.1,31143871.806199927
2025-09-20 14:59:59.960000+00:00,2025-09-20 14:45:00+00:00,continuous,115888.1,115975.0,115888.0,115899.1,102336222.08510071
2025-09-20 15:14:59.830000+00:00,2025-09-20 15:00:00+00:00,continuous,115899.2,116026.4,115899.1,115999.9,102546982.2006996
2025-09-20 15:29:59.982000+00:00,2025-09-20 15:15:00+00:00,continuous,116000.0,116055.1,115958.4,116046.6,82400647.97619964
2025-09-20 15:44:59.618000+00:00,2025-09-20 15:30:00+00:00,continuous,116046.6,116059.2,115934.0,115950.1,58755578.29079998
2025-09-20 15:59:59.972000+00:00,2025-09-20 15:45:00+00:00,continuous,115950.1,115950.1,115881.3,115928.5,47176094.430800125
2025-09-20 16:14:59.715000+00:00,2025-09-20 16:00:00+00:00,continuous,115928.4,115987.0,115900.0,115900.1,46604238.82040027
2025-09-20 16:29:59.907000+00:00,2025-09-20 16:15:00+00:00,continuous,115900.0,115900.1,115807.0,115889.7,66142916.909200266
2025-09-20 16:44:59.066000+00:00,2025-09-20 16:30:00+00:00,continuous,115889.8,116000.0,115889.7,115971.7,32567759.3529999
2025-09-20 16:59:59.153000+00:00,2025-09-20 16:45:00+00:00,continuous,115971.7,115977.6,115956.4,115965.8,24159404.21569988
2025-09-20 17:14:59.953000+00:00,2025-09-20 17:00:00+00:00,continuous,115965.8,116017.9,115839.8,115839.8,47787946.47649988
2025-09-20 17:29:58.872000+00:00,2025-09-20 17:15:00+00:00,continuous,115839.8,115851.4,115760.0,115791.4,60809897.01529974
2025-09-20 17:44:59.665000+00:00,2025-09-20 17:30:00+00:00,continuous,115791.5,115828.1,115791.4,115815.8,24050203.354299944
2025-09-20 17:59:59.693000+00:00,2025-09-20 17:45:00+00:00,continuous,115815.8,115815.8,115756.6,115760.0,36127339.441500284
2025-09-20 18:14:59.191000+00:00,2025-09-20 18:00:00+00:00,continuous,115760.0,115760.0,115666.6,115666.7,51345781.5728997
2025-09-20 18:29:59.568000+00:00,2025-09-20 18:15:00+00:00,continuous,115666.6,115735.0,115637.3,115734.9,34143860.792699866
2025-09-20 18:44:58.965000+00:00,2025-09-20 18:30:00+00:00,continuous,115734.9,115734.9,115646.5,115678.2,25097988.53040022
2025-09-20 18:59:59.843000+00:00,2025-09-20 18:45:00+00:00,continuous,115678.2,115680.0,115640.9,115654.2,28101361.92930013
2025-09-20 19:14:59.591000+00:00,2025-09-20 19:00:00+00:00,continuous,115654.3,115672.6,115642.9,115670.2,30677638.056100048
2025-09-20 19:29:59.806000+00:00,2025-09-20 19:15:00+00:00,continuous,115670.1,115743.2,115658.0,115713.3,31126931.44739999
2025-09-20 19:44:59.583000+00:00,2025-09-20 19:30:00+00:00,continuous,115713.3,115724.5,115642.5,115642.5,21625065.064999897
2025-09-20 19:59:59.703000+00:00,2025-09-20 19:45:00+00:00,continuous,115642.5,115647.1,115636.6,115636.6,18761690.929699816
2025-09-20 20:14:59.817000+00:00,2025-09-20 20:00:00+00:00,continuous,115636.6,115693.7,115631.1,115656.8,27449230.123600062
2025-09-20 20:29:59.965000+00:00,2025-09-20 20:15:00+00:00,continuous,115656.9,115695.1,115625.7,115695.0,25672500.416600063
2025-09-20 20:44:59.991000+00:00,2025-09-20 20:30:00+00:00,continuous,115695.0,115710.7,115683.8,115705.3,16315024.963200096
2025-09-20 20:59:59.881000+00:00,2025-09-20 20:45:00+00:00,continuous,115705.3,115724.2,115653.5,115653.6,20681350.85070004
2025-09-20 21:14:59.807000+00:00,2025-09-20 21:00:00+00:00,continuous,115653.5,115758.7,115653.5,115758.5,20502159.234099958
2025-09-20 21:29:59.942000+00:00,2025-09-20 21:15:00+00:00,continuous,115758.6,115806.9,115736.6,115806.9,19774897.83899977
2025-09-20 21:44:59.995000+00:00,2025-09-20 21:30:00+00:00,continuous,115806.9,115887.6,115800.1,115817.0,38404647.900600076
2025-09-20 21:59:59.147000+00:00,2025-09-20 21:45:00+00:00,continuous,115817.0,115817.0,115696.4,115724.2,24248781.099099983
2025-09-20 22:14:59.792000+00:00,2025-09-20 22:00:00+00:00,continuous,115724.2,115740.5,115696.0,115721.4,24639355.265099697
2025-09-20 22:29:59.913000+00:00,2025-09-20 22:15:00+00:00,continuous,115721.3,115731.3,115697.0,115697.9,29201131.998600136
2025-09-20 22:44:59.426000+00:00,2025-09-20 22:30:00+00:00,continuous,115697.9,115701.6,115679.9,115680.7,18258291.799600046
2025-09-20 22:59:59.440000+00:00,2025-09-20 22:45:00+00:00,continuous,115680.7,115717.6,115680.7,115703.2,19776200.90000004
2025-09-20 23:14:59.912000+00:00,2025-09-20 23:00:00+00:00,continuous,115703.1,115703.2,115663.0,115664.1,16352298.65820009
2025-09-20 23:29:59.780000+00:00,2025-09-20 23:15:00+00:00,continuous,115664.1,115669.6,115657.1,115662.2,22447583.425400194
2025-09-20 23:44:59.832000+00:00,2025-09-20 23:30:00+00:00,continuous,115662.1,115662.2,115549.9,115578.4,86633087.05380087
2025-09-20 23:59:59.763000+00:00,2025-09-20 23:45:00+00:00,continuous,115578.3,115625.0,115578.3,115624.9,12262441.499399982
2025-09-21 00:14:58.505000+00:00,2025-09-21 00:00:00+00:00,continuous,115625.0,115664.6,115613.1,115664.5,28211066.55040002
2025-09-21 00:29:59.982000+00:00,2025-09-21 00:15:00+00:00,continuous,115664.5,115671.2,115532.6,115535.7,51979905.93040003
2025-09-21 00:44:59.436000+00:00,2025-09-21 00:30:00+00:00,continuous,115535.7,115541.4,115483.1,115541.4,54991878.47660014
2025-09-21 00:59:59.226000+00:00,2025-09-21 00:45:00+00:00,continuous,115541.4,115622.4,115534.6,115587.3,33794295.65030007
2025-09-21 01:14:59.258000+00:00,2025-09-21 01:00:00+00:00,continuous,115587.3,115587.4,115520.3,115520.4,19500323.427300245
2025-09-21 01:29:59.943000+00:00,2025-09-21 01:15:00+00:00,continuous,115520.3,115545.4,115500.0,115500.1,23083293.186900042
2025-09-21 01:44:59.428000+00:00,2025-09-21 01:30:00+00:00,continuous,115500.1,115512.6,115500.0,115500.0,20698672.78899995
2025-09-21 01:59:59.618000+00:00,2025-09-21 01:45:00+00:00,continuous,115500.1,115500.1,115435.0,115435.1,41857732.04850114
2025-09-21 02:14:59.946000+00:00,2025-09-21 02:00:00+00:00,continuous,115435.1,115524.1,115435.0,115524.0,38749977.00270003
2025-09-21 02:29:59.585000+00:00,2025-09-21 02:15:00+00:00,continuous,115524.1,115527.5,115388.0,115459.4,69155781.44619964
2025-09-21 02:44:59.756000+00:00,2025-09-21 02:30:00+00:00,continuous,115459.4,115578.8,115459.3,115566.9,41539362.219400235
2025-09-21 02:59:59.510000+00:00,2025-09-21 02:45:00+00:00,continuous,115567.0,115650.0,115566.9,115635.6,27467843.746899955
2025-09-21 03:14:59.954000+00:00,2025-09-21 03:00:00+00:00,continuous,115635.7,115661.9,115617.6,115661.9,27960442.36110002
2025-09-21 03:29:59.927000+00:00,2025-09-21 03:15:00+00:00,continuous,115662.1,115662.1,115560.7,115600.7,41272750.56939997
2025-09-21 03:44:59.943000+00:00,2025-09-21 03:30:00+00:00,continuous,115600.7,115600.7,115567.2,115570.8,17696654.58970011
2025-09-21 03:59:59.910000+00:00,2025-09-21 03:45:00+00:00,continuous,115570.7,115616.6,115570.7,115613.8,20159084.558700085
2025-09-21 04:14:59.692000+00:00,2025-09-21 04:00:00+00:00,continuous,115613.8,115614.9,115525.6,115525.6,25063686.32240005
2025-09-21 04:29:59.911000+00:00,2025-09-21 04:15:00+00:00,continuous,115525.7,115525.7,115520.0,115520.0,13560502.290200088
2025-09-21 04:44:59.291000+00:00,2025-09-21 04:30:00+00:00,continuous,115520.0,115522.0,115480.0,115480.0,22765459.7004
2025-09-21 04:59:59.333000+00:00,2025-09-21 04:45:00+00:00,continuous,115480.0,115480.1,115440.0,115440.1,30601634.594800238
2025-09-21 05:14:59.980000+00:00,2025-09-21 05:00:00+00:00,continuous,115440.0,115483.4,115430.2,115477.3,46333566.966300406
2025-09-21 05:29:59.456000+00:00,2025-09-21 05:15:00+00:00,continuous,115477.3,115510.5,115477.3,115481.8,26673483.921299886
2025-09-21 05:44:59.968000+00:00,2025-09-21 05:30:00+00:00,continuous,115481.9,115481.9,115470.1,115479.0,25713998.326999843
2025-09-21 05:59:59.563000+00:00,2025-09-21 05:45:00+00:00,continuous,115479.0,115623.9,115478.9,115623.9,36825244.513000235
2025-09-21 06:14:59.847000+00:00,2025-09-21 06:00:00+00:00,continuous,115623.9,115743.4,115623.8,115740.1,54263677.06559953
2025-09-21 06:29:59.882000+00:00,2025-09-21 06:15:00+00:00,continuous,115740.0,115744.0,115714.5,115733.2,37984701.76830021
2025-09-21 06:44:59.441000+00:00,2025-09-21 06:30:00+00:00,continuous,115733.1,115733.2,115674.9,115697.6,36137003.2370999
2025-09-21 06:59:59.333000+00:00,2025-09-21 06:45:00+00:00,continuous,115697.5,115697.6,115633.3,115633.3,14466509.74750026
2025-09-21 07:14:59.697000+00:00,2025-09-21 07:00:00+00:00,continuous,115633.3,115649.7,115581.8,115586.2,40295430.037100084
2025-09-21 07:29:59.742000+00:00,2025-09-21 07:15:00+00:00,continuous,115586.2,115586.3,115556.7,115556.8,17114917.748699863
2025-09-21 07:44:59.514000+00:00,2025-09-21 07:30:00+00:00,continuous,115556.7,115665.5,115556.7,115632.4,61627444.867600024
2025-09-21 07:59:59.751000+00:00,2025-09-21 07:45:00+00:00,continuous,115632.4,115772.9,115632.4,115772.9,72010526.3122002
2025-09-21 08:14:59.574000+00:00,2025-09-21 08:00:00+00:00,continuous,115772.8,115778.0,115601.0,115601.0,30093775.21120011
2025-09-21 08:29:59.934000+00:00,2025-09-21 08:15:00+00:00,continuous,115601.0,115617.4,115544.3,115544.3,37173957.75229993
2025-09-21 08:44:59.843000+00:00,2025-09-21 08:30:00+00:00,continuous,115544.3,115555.0,115509.5,115543.5,45745813.98120028
2025-09-21 08:59:59.759000+00:00,2025-09-21 08:45:00+00:00,continuous,115543.4,115596.8,115525.0,115583.2,43079103.17380008
2025-09-21 09:14:59.944000+00:00,2025-09-21 09:00:00+00:00,continuous,115583.1,115588.3,115524.2,115524.2,19650746.29780009
2025-09-21 09:29:59.808000+00:00,2025-09-21 09:15:00+00:00,continuous,115524.2,115524.3,115390.0,115419.9,93731410.68559967
2025-09-21 09:44:59.823000+00:00,2025-09-21 09:30:00+00:00,continuous,115419.8,115467.0,115277.0,115455.7,163896753.76189983
2025-09-21 09:59:59.935000+00:00,2025-09-21 09:45:00+00:00,continuous,115455.7,115660.1,115422.9,115626.2,87777748.46230008
2025-09-21 10:14:59.916000+00:00,2025-09-21 10:00:00+00:00,continuous,115626.1,115666.0,115597.8,115609.9,44582917.30099993
2025-09-21 10:29:57.771000+00:00,2025-09-21 10:15:00+00:00,continuous,115610.0,115610.0,115546.0,115576.7,27204451.53349994
2025-09-21 10:44:59.519000+00:00,2025-09-21 10:30:00+00:00,continuous,115576.7,115576.8,115503.6,115503.7,24143484.04600002
2025-09-21 10:59:59.282000+00:00,2025-09-21 10:45:00+00:00,continuous,115503.6,115509.4,115445.0,115465.1,32841363.583700016
2025-09-21 11:14:59.178000+00:00,2025-09-21 11:00:00+00:00,continuous,115465.1,115634.5,115459.0,115620.2,40321590.85140005
2025-09-21 11:29:59.718000+00:00,2025-09-21 11:15:00+00:00,continuous,115620.2,115620.3,115559.7,115616.3,26236628.789499953
2025-09-21 11:44:59.216000+00:00,2025-09-21 11:30:00+00:00,continuous,115616.3,115654.1,115616.2,115638.0,20457269.8482
2025-09-21 11:59:59.986000+00:00,2025-09-21 11:45:00+00:00,continuous,115637.9,115637.9,115555.0,115559.3,24795575.27179999
2025-09-21 12:14:59.993000+00:00,2025-09-21 12:00:00+00:00,continuous,115559.3,115654.0,115559.3,115644.3,23419380.86780002
2025-09-21 12:29:58.730000+00:00,2025-09-21 12:15:00+00:00,continuous,115644.2,115702.2,115644.2,115666.0,40251289.72570002
2025-09-21 12:44:59.747000+00:00,2025-09-21 12:30:00+00:00,continuous,115666.1,115703.9,115666.0,115678.3,27376512.5719
2025-09-21 12:59:59.971000+00:00,2025-09-21 12:45:00+00:00,continuous,115678.3,115678.4,115623.8,115623.8,24106679.50870009
2025-09-21 13:14:59.642000+00:00,2025-09-21 13:00:00+00:00,continuous,115623.9,115680.0,115618.2,115650.1,33577344.63780013
2025-09-21 13:29:59.676000+00:00,2025-09-21 13:15:00+00:00,continuous,115650.1,115667.0,115641.1,115667.0,11953015.193899903
2025-09-21 13:44:59.926000+00:00,2025-09-21 13:30:00+00:00,continuous,115666.9,115696.3,115583.3,115587.6,38083416.91040021
2025-09-21 13:59:59.674000+00:00,2025-09-21 13:45:00+00:00,continuous,115587.5,115612.9,115587.5,115611.0,14922949.015799994
2025-09-21 14:14:59.677000+00:00,2025-09-21 14:00:00+00:00,continuous,115611.0,115636.1,115581.0,115621.9,24655826.44439987
2025-09-21 14:29:59.319000+00:00,2025-09-21 14:15:00+00:00,continuous,115621.8,115621.9,115505.0,115526.2,28166542.07799992
2025-09-21 14:44:59.239000+00:00,2025-09-21 14:30:00+00:00,continuous,115526.3,115619.5,115436.1,115607.9,70546518.12020004
2025-09-21 14:59:59.713000+00:00,2025-09-21 14:45:00+00:00,continuous,115607.9,115638.7,115446.3,115446.4,55318874.182999924
2025-09-21 15:14:59.804000+00:00,2025-09-21 15:00:00+00:00,continuous,115446.3,115524.0,115445.0,115496.8,30125820.067300163
2025-09-21 15:29:59.976000+00:00,2025-09-21 15:15:00+00:00,continuous,115496.7,115503.9,115435.9,115435.9,18960256.86059997
2025-09-21 15:44:59.683000+00:00,2025-09-21 15:30:00+00:00,continuous,115435.9,115526.9,115413.0,115526.8,38165270.61389997
2025-09-21 15:59:59.743000+00:00,2025-09-21 15:45:00+00:00,continuous,115526.8,115557.0,115468.7,115471.1,33097031.90280002
2025-09-21 16:14:59.915000+00:00,2025-09-21 16:00:00+00:00,continuous,115471.0,115500.6,115420.6,115420.9,34940588.27390004
2025-09-21 16:29:59.809000+00:00,2025-09-21 16:15:00+00:00,continuous,115420.9,115421.0,115318.7,115358.4,63183502.419800006
2025-09-21 16:44:59.819000+00:00,2025-09-21 16:30:00+00:00,continuous,115358.3,115358.4,115250.0,115277.5,101600526.52099995
2025-09-21 16:59:59.821000+00:00,2025-09-21 16:45:00+00:00,continuous,115277.4,115277.5,115158.0,115270.8,124669918.89859976
2025-09-21 17:14:59.895000+00:00,2025-09-21 17:00:00+00:00,continuous,115270.8,115335.3,115206.0,115330.9,59850882.82320037
2025-09-21 17:29:59.259000+00:00,2025-09-21 17:15:00+00:00,continuous,115330.9,115449.8,115241.4,115356.1,63379110.83479992
2025-09-21 17:44:59.759000+00:00,2025-09-21 17:30:00+00:00,continuous,115356.1,115367.3,115311.5,115359.3,23422096.032500062
2025-09-21 17:59:59.759000+00:00,2025-09-21 17:45:00+00:00,continuous,115359.3,115596.0,115359.2,115581.3,69377638.74880007
2025-09-21 18:14:59.916000+00:00,2025-09-21 18:00:00+00:00,continuous,115581.3,115620.0,115529.8,115567.7,46969328.47320016
2025-09-21 18:29:59.967000+00:00,2025-09-21 18:15:00+00:00,continuous,115567.7,115583.0,115482.5,115482.6,25308514.227199975
2025-09-21 18:44:59.281000+00:00,2025-09-21 18:30:00+00:00,continuous,115482.5,115542.2,115482.5,115488.9,20923615.552399945
2025-09-21 18:59:59.520000+00:00,2025-09-21 18:45:00+00:00,continuous,115488.9,115508.4,115469.6,115481.6,26320389.26759989
2025-09-21 19:14:59.346000+00:00,2025-09-21 19:00:00+00:00,continuous,115481.6,115481.6,115267.5,115296.6,63936846.41179996
2025-09-21 19:29:59.985000+00:00,2025-09-21 19:15:00+00:00,continuous,115296.6,115471.4,115296.6,115471.4,29777431.186300203
2025-09-21 19:44:59.826000+00:00,2025-09-21 19:30:00+00:00,continuous,115471.3,115471.4,115400.0,115400.0,12325387.84969997
2025-09-21 19:59:59.494000+00:00,2025-09-21 19:45:00+00:00,continuous,115400.0,115441.0,115395.9,115441.0,11655142.43579992
2025-09-21 20:14:58.664000+00:00,2025-09-21 20:00:00+00:00,continuous,115441.0,115457.7,115309.3,115345.1,23377748.069199953
2025-09-21 20:29:59.703000+00:00,2025-09-21 20:15:00+00:00,continuous,115345.1,115458.2,115345.1,115458.1,17493696.6703999
2025-09-21 20:44:59.287000+00:00,2025-09-21 20:30:00+00:00,continuous,115458.1,115458.2,115329.7,115339.9,20443838.65699994
2025-09-21 20:59:59.913000+00:00,2025-09-21 20:45:00+00:00,continuous,115339.9,115373.0,115256.2,115256.3,25258377.734699912
2025-09-21 21:14:59.954000+00:00,2025-09-21 21:00:00+00:00,continuous,115256.2,115281.6,115181.7,115257.0,42401757.22990017
2025-09-21 21:29:59.665000+00:00,2025-09-21 21:15:00+00:00,continuous,115257.0,115275.6,115197.7,115197.8,18076055.6866
2025-09-21 21:44:59.278000+00:00,2025-09-21 21:30:00+00:00,continuous,115197.8,115362.5,115197.7,115362.5,30684622.641200174
2025-09-21 21:59:59.047000+00:00,2025-09-21 21:45:00+00:00,continuous,115362.5,115383.9,115304.0,115364.0,20190636.304800004
2025-09-21 22:14:59.618000+00:00,2025-09-21 22:00:00+00:00,continuous,115363.9,115437.5,115163.5,115178.5,85018358.03469972
2025-09-21 22:29:58.521000+00:00,2025-09-21 22:15:00+00:00,continuous,115178.4,115285.3,115137.6,115268.3,52367443.452799946
2025-09-21 22:44:59.756000+00:00,2025-09-21 22:30:00+00:00,continuous,115268.4,115452.2,115220.6,115452.1,39070478.66549994
2025-09-21 22:59:59.858000+00:00,2025-09-21 22:45:00+00:00,continuous,115452.2,115510.7,115452.1,115485.6,45297922.62380006
2025-09-21 23:14:57.953000+00:00,2025-09-21 23:00:00+00:00,continuous,115485.6,115485.7,115158.4,115240.5,84365000.0519001
2025-09-21 23:29:59.693000+00:00,2025-09-21 23:15:00+00:00,continuous,115240.4,115287.9,115150.8,115261.3,41501155.041099966
2025-09-21 23:44:59.696000+00:00,2025-09-21 23:30:00+00:00,continuous,115261.3,115293.0,115171.0,115215.9,32051697.071599968
2025-09-21 23:59:59.863000+00:00,2025-09-21 23:45:00+00:00,continuous,115215.8,115232.7,115172.0,115183.9,37357778.83829975
2025-09-22 00:14:59.844000+00:00,2025-09-22 00:00:00+00:00,continuous,115183.9,115344.6,115136.5,115229.7,66582550.34309979
2025-09-22 00:29:59.574000+00:00,2025-09-22 00:15:00+00:00,continuous,115229.7,115277.1,115083.7,115129.5,110023235.1464003
2025-09-22 00:44:59.980000+00:00,2025-09-22 00:30:00+00:00,continuous,115129.4,115129.4,114641.8,114794.9,895744704.8401991
2025-09-22 00:59:59.746000+00:00,2025-09-22 00:45:00+00:00,continuous,114795.0,114856.0,114122.0,114335.9,751625551.6718963
2025-09-22 01:14:59.797000+00:00,2025-09-22 01:00:00+00:00,continuous,114335.8,114578.6,114226.7,114559.5,269958822.0741
2025-09-22 01:29:59.939000+00:00,2025-09-22 01:15:00+00:00,continuous,114559.5,114629.4,114393.8,114593.7,251916532.50860205
2025-09-22 01:44:59.939000+00:00,2025-09-22 01:30:00+00:00,continuous,114593.7,114700.0,114490.0,114547.8,165862791.4740004
2025-09-22 01:59:59.809000+00:00,2025-09-22 01:45:00+00:00,continuous,114547.8,114617.5,114178.0,114211.8,233125746.27079946
2025-09-22 02:14:59.855000+00:00,2025-09-22 02:00:00+00:00,continuous,114211.9,114520.7,114205.5,114305.1,283680412.0904001
2025-09-22 02:29:59.932000+00:00,2025-09-22 02:15:00+00:00,continuous,114305.1,114563.4,114300.1,114460.3,164750594.4719004
2025-09-22 02:44:59.583000+00:00,2025-09-22 02:30:00+00:00,continuous,114460.4,114460.4,114050.0,114234.7,276255482.3153
2025-09-22 02:59:59.839000+00:00,2025-09-22 02:45:00+00:00,continuous,114234.7,114368.0,114126.0,114126.0,77187592.3062
2025-09-22 03:14:59.446000+00:00,2025-09-22 03:00:00+00:00,continuous,114126.1,114329.3,114126.0,114249.5,92056220.97170031
2025-09-22 03:29:59.852000+00:00,2025-09-22 03:15:00+00:00,continuous,114249.6,114403.8,114249.5,114403.8,81108251.89970028
2025-09-22 03:44:59.648000+00:00,2025-09-22 03:30:00+00:00,continuous,114403.8,114481.9,114270.0,114478.8,96847573.52630034
2025-09-22 03:59:59.574000+00:00,2025-09-22 03:45:00+00:00,continuous,114478.7,114602.9,114478.7,114602.9,102225857.62799996
2025-09-22 04:14:59.648000+00:00,2025-09-22 04:00:00+00:00,continuous,114602.9,114604.9,114382.4,114382.5,82228243.11450002
2025-09-22 04:29:59.731000+00:00,2025-09-22 04:15:00+00:00,continuous,114382.5,114500.0,114342.5,114445.5,64968860.56730009
2025-09-22 04:44:59.903000+00:00,2025-09-22 04:30:00+00:00,continuous,114445.5,114518.3,114352.9,114358.4,62370034.25539993
2025-09-22 04:59:59.181000+00:00,2025-09-22 04:45:00+00:00,continuous,114358.4,114423.0,114342.8,114380.1,91067760.55089974
2025-09-22 05:14:59.798000+00:00,2025-09-22 05:00:00+00:00,continuous,114380.1,114382.2,114300.0,114351.4,55319095.496299684
2025-09-22 05:29:59.889000+00:00,2025-09-22 05:15:00+00:00,continuous,114351.5,114499.4,114300.6,114478.5,65941610.313899964
2025-09-22 05:44:59.784000+00:00,2025-09-22 05:30:00+00:00,continuous,114478.6,114478.6,114276.2,114276.2,55185768.1454
2025-09-22 05:59:59.995000+00:00,2025-09-22 05:45:00+00:00,continuous,114276.3,114337.3,113588.0,113635.6,315648229.6292012
2025-09-22 06:14:59.889000+00:00,2025-09-22 06:00:00+00:00,continuous,113615.0,113636.5,111469.2,112937.0,3045965099.743
2025-09-22 06:29:59.774000+00:00,2025-09-22 06:15:00+00:00,continuous,112937.1,113094.3,112600.0,112752.0,580545585.1811985
2025-09-22 06:44:59.720000+00:00,2025-09-22 06:30:00+00:00,continuous,112752.0,113000.0,112619.1,112894.6,309401819.4561033
2025-09-22 06:59:59.823000+00:00,2025-09-22 06:45:00+00:00,continuous,112894.5,112980.2,112666.3,112748.8,178320901.54449973
2025-09-22 07:14:59.991000+00:00,2025-09-22 07:00:00+00:00,continuous,112748.8,112837.3,112584.0,112652.2,258274751.10589954
2025-09-22 07:29:59.798000+00:00,2025-09-22 07:15:00+00:00,continuous,112652.2,112769.2,112523.6,112730.0,135493093.28580013
2025-09-22 07:44:59.777000+00:00,2025-09-22 07:30:00+00:00,continuous,112730.0,112937.8,112681.4,112932.9,173699874.94179875
2025-09-22 07:59:59.870000+00:00,2025-09-22 07:45:00+00:00,continuous,112933.0,112948.8,112391.5,112454.4,618580544.1472033
2025-09-22 08:14:59.663000+00:00,2025-09-22 08:00:00+00:00,continuous,112454.5,112698.1,112377.0,112578.9,204955216.87499934
2025-09-22 08:29:59.874000+00:00,2025-09-22 08:15:00+00:00,continuous,112578.9,112660.0,112429.1,112566.2,115411496.39879997
2025-09-22 08:44:59.817000+00:00,2025-09-22 08:30:00+00:00,continuous,112566.2,112698.9,112486.4,112658.9,76450668.4497001
2025-09-22 08:59:59.656000+00:00,2025-09-22 08:45:00+00:00,continuous,112659.0,112724.5,112560.0,112568.3,73759084.92360005
2025-09-22 09:14:59.992000+00:00,2025-09-22 09:00:00+00:00,continuous,112568.2,112616.5,112354.0,112359.9,78913934.08170055
2025-09-22 09:29:59.942000+00:00,2025-09-22 09:15:00+00:00,continuous,112359.9,112491.7,112267.8,112340.0,147441328.86029947
2025-09-22 09:44:59.759000+00:00,2025-09-22 09:30:00+00:00,continuous,112340.1,112430.0,112167.7,112276.4,220547114.9891017
2025-09-22 09:59:59.657000+00:00,2025-09-22 09:45:00+00:00,continuous,112276.3,112348.8,112119.0,112288.6,142983413.70450002
2025-09-22 10:14:59.939000+00:00,2025-09-22 10:00:00+00:00,continuous,112288.7,112474.9,112203.2,112470.0,138213917.95270002
2025-09-22 10:29:59.514000+00:00,2025-09-22 10:15:00+00:00,continuous,112470.0,112627.5,112455.3,112500.0,110059898.52080023
2025-09-22 10:44:59.790000+00:00,2025-09-22 10:30:00+00:00,continuous,112500.1,112500.1,112319.4,112414.7,57998127.411399625
2025-09-22 10:59:59.718000+00:00,2025-09-22 10:45:00+00:00,continuous,112414.8,112800.0,112414.7,112732.6,133592494.96519968
2025-09-22 11:14:59.959000+00:00,2025-09-22 11:00:00+00:00,continuous,112732.5,112865.2,112721.8,112857.3,90680865.88659987
2025-09-22 11:29:59.790000+00:00,2025-09-22 11:15:00+00:00,continuous,112857.3,112927.0,112725.3,112725.4,99270614.9387997
2025-09-22 11:44:59.477000+00:00,2025-09-22 11:30:00+00:00,continuous,112725.3,112795.2,112617.0,112648.8,78378574.36199974
2025-09-22 11:59:59.190000+00:00,2025-09-22 11:45:00+00:00,continuous,112648.9,112841.8,112640.0,112814.1,61834585.75649979
2025-09-22 12:14:59.146000+00:00,2025-09-22 12:00:00+00:00,continuous,112814.0,112814.1,112488.6,112619.6,154321105.78359896
2025-09-22 12:29:59.826000+00:00,2025-09-22 12:15:00+00:00,continuous,112619.7,112647.9,112506.6,112522.6,60798460.6805997
2025-09-22 12:44:59.976000+00:00,2025-09-22 12:30:00+00:00,continuous,112522.6,112587.6,112458.4,112520.0,57073328.67489964
2025-09-22 12:59:59.796000+00:00,2025-09-22 12:45:00+00:00,continuous,112520.1,112778.8,112500.0,112682.1,99465352.9424001
2025-09-22 13:14:59.823000+00:00,2025-09-22 13:00:00+00:00,continuous,112682.2,112891.9,112615.3,112891.9,82878560.57510036
2025-09-22 13:29:59.867000+00:00,2025-09-22 13:15:00+00:00,continuous,112891.9,112915.0,112770.0,112884.2,117703250.05230118
2025-09-22 13:44:59.813000+00:00,2025-09-22 13:30:00+00:00,continuous,112884.2,112884.2,112426.1,112537.3,147713381.00460017
2025-09-22 13:59:59.975000+00:00,2025-09-22 13:45:00+00:00,continuous,112537.3,113100.0,112333.0,113087.1,284805935.7924018
2025-09-22 14:14:59.917000+00:00,2025-09-22 14:00:00+00:00,continuous,113087.0,113221.8,113000.0,113111.9,472052844.28089935
2025-09-22 14:29:59.949000+00:00,2025-09-22 14:15:00+00:00,continuous,113112.0,113399.6,113071.6,113337.3,488048896.7978013
2025-09-22 14:44:59.963000+00:00,2025-09-22 14:30:00+00:00,continuous,113337.2,113413.5,112831.5,112951.6,297106099.04820037
2025-09-22 14:59:59.727000+00:00,2025-09-22 14:45:00+00:00,continuous,112951.6,112953.4,112707.8,112892.0,157072661.95879978
2025-09-22 15:14:59.988000+00:00,2025-09-22 15:00:00+00:00,continuous,112892.1,112986.0,112746.2,112827.4,131390699.24990019
2025-09-22 15:29:59.774000+00:00,2025-09-22 15:15:00+00:00,continuous,112827.3,112845.6,112536.2,112622.3,170341125.66019988
2025-09-22 15:44:59.932000+00:00,2025-09-22 15:30:00+00:00,continuous,112622.4,112672.4,112524.3,112637.5,100664905.49980034
2025-09-22 15:59:59.899000+00:00,2025-09-22 15:45:00+00:00,continuous,112637.5,112865.2,112555.0,112768.7,130645759.13960023
2025-09-22 16:14:59.713000+00:00,2025-09-22 16:00:00+00:00,continuous,112768.7,112839.0,112649.2,112763.2,99092165.80339938
2025-09-22 16:29:59.911000+00:00,2025-09-22 16:15:00+00:00,continuous,112763.2,112820.0,112605.5,112695.1,78477684.3713001
2025-09-22 16:44:59.973000+00:00,2025-09-22 16:30:00+00:00,continuous,112695.0,112785.2,112638.7,112780.9,46773264.40110017
2025-09-22 16:59:59.722000+00:00,2025-09-22 16:45:00+00:00,continuous,112781.0,112781.0,112533.3,112558.3,66135298.60499975
2025-09-22 17:14:59.856000+00:00,2025-09-22 17:00:00+00:00,continuous,112558.3,112576.8,112200.0,112264.9,197557667.72910008
2025-09-22 17:29:59.381000+00:00,2025-09-22 17:15:00+00:00,continuous,112265.0,112452.3,112227.5,112350.1,113757665.12690035
2025-09-22 17:44:59.717000+00:00,2025-09-22 17:30:00+00:00,continuous,112350.0,112450.3,112311.3,112430.1,63909157.83079995
2025-09-22 17:59:59.993000+00:00,2025-09-22 17:45:00+00:00,continuous,112430.0,112514.8,112279.6,112350.0,99679612.95830023
2025-09-22 18:14:59.192000+00:00,2025-09-22 18:00:00+00:00,continuous,112350.0,112557.8,112300.0,112550.0,70178467.9027001
2025-09-22 18:29:59.239000+00:00,2025-09-22 18:15:00+00:00,continuous,112550.1,112688.6,112471.9,112618.4,126929768.35009974
2025-09-22 18:44:59.899000+00:00,2025-09-22 18:30:00+00:00,continuous,112618.4,112776.1,112594.8,112684.0,90701223.54670031
2025-09-22 18:59:59.834000+00:00,2025-09-22 18:45:00+00:00,continuous,112684.1,112700.0,112354.5,112385.6,69860977.92589995
2025-09-22 19:14:59.973000+00:00,2025-09-22 19:00:00+00:00,continuous,112385.6,112529.3,112385.5,112522.5,59262637.19189952
2025-09-22 19:29:59.521000+00:00,2025-09-22 19:15:00+00:00,continuous,112522.6,112549.6,112370.2,112408.2,58464919.352300055
2025-09-22 19:44:59.906000+00:00,2025-09-22 19:30:00+00:00,continuous,112408.3,112421.7,111897.0,111938.4,458191627.19140065
2025-09-22 19:59:59.893000+00:00,2025-09-22 19:45:00+00:00,continuous,111938.4,112285.5,111866.3,112072.9,225649455.16669872
2025-09-22 20:14:59.925000+00:00,2025-09-22 20:00:00+00:00,continuous,112072.8,112093.7,111924.6,112081.8,114861947.08700025
2025-09-22 20:29:59.880000+00:00,2025-09-22 20:15:00+00:00,continuous,112081.8,112251.5,111994.9,112237.0,78889837.8553999
2025-09-22 20:44:59.963000+00:00,2025-09-22 20:30:00+00:00,continuous,112236.9,112599.3,112236.9,112573.1,208957841.35659966
2025-09-22 20:59:59.998000+00:00,2025-09-22 20:45:00+00:00,continuous,112573.1,112942.4,112503.5,112732.1,210522577.3259009
2025-09-22 21:14:59.945000+00:00,2025-09-22 21:00:00+00:00,continuous,112731.9,112739.6,112543.2,112699.9,81485237.83609943
2025-09-22 21:29:59.783000+00:00,2025-09-22 21:15:00+00:00,continuous,112700.0,112819.2,112615.3,112645.5,63902146.54940005
2025-09-22 21:44:59.921000+00:00,2025-09-22 21:30:00+00:00,continuous,112645.5,112846.5,112640.1,112843.1,82358834.38369997
2025-09-22 21:59:59.498000+00:00,2025-09-22 21:45:00+00:00,continuous,112843.2,112923.0,112840.4,112922.9,44098633.77269994
2025-09-22 22:14:59.885000+00:00,2025-09-22 22:00:00+00:00,continuous,112922.9,112923.0,112628.0,112706.3,120108917.46409924
2025-09-22 22:29:59.602000+00:00,2025-09-22 22:15:00+00:00,continuous,112706.3,112763.9,112595.0,112595.1,39977233.4576001
2025-09-22 22:44:59.835000+00:00,2025-09-22 22:30:00+00:00,continuous,112595.0,112644.5,112567.0,112599.4,52548916.65000012
2025-09-22 22:59:59.992000+00:00,2025-09-22 22:45:00+00:00,continuous,112599.4,112619.9,112533.3,112584.1,40404691.94999986
2025-09-22 23:14:59.468000+00:00,2025-09-22 23:00:00+00:00,continuous,112584.2,112668.9,112584.1,112644.0,39206208.55169986
2025-09-22 23:29:59.622000+00:00,2025-09-22 23:15:00+00:00,continuous,112644.0,112666.4,112533.6,112573.8,42545638.26479997
2025-09-22 23:44:58.552000+00:00,2025-09-22 23:30:00+00:00,continuous,112573.8,112653.7,112540.0,112591.3,51189289.50069974
2025-09-22 23:59:59.729000+00:00,2025-09-22 23:45:00+00:00,continuous,112591.3,112699.9,112540.5,112604.7,48897795.53960011
2025-09-23 00:14:59.983000+00:00,2025-09-23 00:00:00+00:00,continuous,112604.7,112659.8,112442.1,112497.0,109882145.96870022
2025-09-23 00:29:59.674000+00:00,2025-09-23 00:15:00+00:00,continuous,112496.9,112808.4,112485.4,112698.8,103108309.6931999
2025-09-23 00:44:59.849000+00:00,2025-09-23 00:30:00+00:00,continuous,112698.8,112719.8,112512.2,112532.9,62047520.23970008
2025-09-23 00:59:59.342000+00:00,2025-09-23 00:45:00+00:00,continuous,112532.8,112563.3,112330.0,112347.2,82793886.31580053
2025-09-23 01:14:59.659000+00:00,2025-09-23 01:00:00+00:00,continuous,112347.1,112387.3,112260.2,112302.1,88434559.1068001
2025-09-23 01:29:59.071000+00:00,2025-09-23 01:15:00+00:00,continuous,112302.0,112474.0,112260.0,112454.9,56235342.40819992
2025-09-23 01:44:59.991000+00:00,2025-09-23 01:30:00+00:00,continuous,112454.9,112462.1,112162.4,112212.1,71162361.34660004
2025-09-23 01:59:59.449000+00:00,2025-09-23 01:45:00+00:00,continuous,112212.0,112283.2,112090.6,112115.2,77144771.77780023
2025-09-23 02:14:59.809000+00:00,2025-09-23 02:00:00+00:00,continuous,112115.3,112450.0,112115.2,112350.9,131623222.7887999
2025-09-23 02:29:59.983000+00:00,2025-09-23 02:15:00+00:00,continuous,112350.9,112366.9,111965.5,111967.3,141252138.5059006
2025-09-23 02:44:59.919000+00:00,2025-09-23 02:30:00+00:00,continuous,111967.3,112083.2,111963.0,111985.0,107880954.1927003
2025-09-23 02:59:59.946000+00:00,2025-09-23 02:45:00+00:00,continuous,111985.0,112000.0,111591.6,111760.4,362856406.7838002
2025-09-23 03:14:59.895000+00:00,2025-09-23 03:00:00+00:00,continuous,111760.5,111776.8,111405.1,111771.2,351542175.2820998
2025-09-23 03:29:59.951000+00:00,2025-09-23 03:15:00+00:00,continuous,111771.3,112369.9,111750.1,112263.6,317282169.1705002
2025-09-23 03:44:59.996000+00:00,2025-09-23 03:30:00+00:00,continuous,112263.6,112378.1,112156.8,112184.0,195292570.15659937
2025-09-23 03:59:59.726000+00:00,2025-09-23 03:45:00+00:00,continuous,112184.1,112417.4,112150.0,112294.0,129110091.80910052
2025-09-23 04:14:59.910000+00:00,2025-09-23 04:00:00+00:00,continuous,112294.0,112426.6,112086.3,112091.0,116172961.43520081
2025-09-23 04:29:59.446000+00:00,2025-09-23 04:15:00+00:00,continuous,112091.1,112144.7,111969.0,111969.0,76146399.73689963
2025-09-23 04:44:59.670000+00:00,2025-09-23 04:30:00+00:00,continuous,111968.8,112293.5,111804.9,112210.1,237549801.7104007
2025-09-23 04:59:59.897000+00:00,2025-09-23 04:45:00+00:00,continuous,112210.2,112387.2,112159.1,112377.6,75135126.89969976
2025-09-23 05:14:59.822000+00:00,2025-09-23 05:00:00+00:00,continuous,112377.7,112623.9,112361.1,112587.1,190600907.81219935
2025-09-23 05:29:59.963000+00:00,2025-09-23 05:15:00+00:00,continuous,112587.1,112740.0,112514.3,112739.9,123843132.4529009
2025-09-23 05:44:59.750000+00:00,2025-09-23 05:30:00+00:00,continuous,112740.0,112850.0,112723.3,112794.4,127865557.82859959
2025-09-23 05:59:59.969000+00:00,2025-09-23 05:45:00+00:00,continuous,112794.4,112812.4,112582.4,112616.6,196011490.6329017
2025-09-23 06:14:59.957000+00:00,2025-09-23 06:00:00+00:00,continuous,112616.6,112799.0,112557.1,112683.7,97042648.8060994
2025-09-23 06:29:59.822000+00:00,2025-09-23 06:15:00+00:00,continuous,112683.8,112863.2,112655.5,112823.9,78107855.87460001
2025-09-23 06:44:59.763000+00:00,2025-09-23 06:30:00+00:00,continuous,112823.9,113058.0,112823.8,112863.8,203377902.38490012
2025-09-23 06:59:59.814000+00:00,2025-09-23 06:45:00+00:00,continuous,112863.8,113070.0,112806.0,112924.1,147006744.51369986
2025-09-23 07:14:59.946000+00:00,2025-09-23 07:00:00+00:00,continuous,112924.1,112964.4,112818.1,112911.7,103620977.57799953
2025-09-23 07:29:59.702000+00:00,2025-09-23 07:15:00+00:00,continuous,112911.7,113039.9,112832.7,112902.0,103709935.77690002
2025-09-23 07:44:59.363000+00:00,2025-09-23 07:30:00+00:00,continuous,112902.0,113016.8,112850.0,112902.8,88534203.37909958
2025-09-23 07:59:59.878000+00:00,2025-09-23 07:45:00+00:00,continuous,112902.9,113080.0,112872.9,113048.1,176543039.6317999
2025-09-23 08:14:59.497000+00:00,2025-09-23 08:00:00+00:00,continuous,113048.1,113128.2,112891.3,113022.1,220543776.46049964
2025-09-23 08:29:59.580000+00:00,2025-09-23 08:15:00+00:00,continuous,113022.2,113144.2,113014.0,113053.0,122166375.3845
2025-09-23 08:44:59.818000+00:00,2025-09-23 08:30:00+00:00,continuous,113053.1,113079.5,112981.8,113031.1,58421055.3829998
2025-09-23 08:59:59.983000+00:00,2025-09-23 08:45:00+00:00,continuous,113031.1,113094.3,112980.6,113087.9,69433754.05040011
2025-09-23 09:14:59.573000+00:00,2025-09-23 09:00:00+00:00,continuous,113088.0,113236.0,113039.3,113227.0,113570784.00359985
2025-09-23 09:29:59.770000+00:00,2025-09-23 09:15:00+00:00,continuous,113226.9,113227.0,112950.0,112950.0,105866037.05149989
2025-09-23 09:44:59.771000+00:00,2025-09-23 09:30:00+00:00,continuous,112950.1,113070.0,112914.1,112991.1,65729053.18270024
2025-09-23 09:59:59.796000+00:00,2025-09-23 09:45:00+00:00,continuous,112991.0,112991.1,112823.8,112892.5,76706541.62519975
2025-09-23 10:14:59.940000+00:00,2025-09-23 10:00:00+00:00,continuous,112892.5,112962.5,112779.5,112911.3,70764120.0444997
2025-09-23 10:29:59.019000+00:00,2025-09-23 10:15:00+00:00,continuous,112911.2,112913.4,112769.2,112861.7,56697096.4357997
2025-09-23 10:44:59.742000+00:00,2025-09-23 10:30:00+00:00,continuous,112861.7,112916.3,112786.6,112786.6,43209648.31160034
2025-09-23 10:59:59.651000+00:00,2025-09-23 10:45:00+00:00,continuous,112786.6,112971.1,112786.6,112929.0,67916728.60209982
2025-09-23 11:14:59.879000+00:00,2025-09-23 11:00:00+00:00,continuous,112929.0,112935.8,112634.0,112666.3,113467579.92680036
2025-09-23 11:29:59.857000+00:00,2025-09-23 11:15:00+00:00,continuous,112666.2,112849.9,112666.2,112803.9,121497962.4862992
2025-09-23 11:44:59.828000+00:00,2025-09-23 11:30:00+00:00,continuous,112803.9,113014.7,112765.4,113014.6,86194845.87629998
2025-09-23 11:59:59.907000+00:00,2025-09-23 11:45:00+00:00,continuous,113014.7,113039.1,112858.6,112938.6,57481926.680799715
2025-09-23 12:14:59.783000+00:00,2025-09-23 12:00:00+00:00,continuous,112938.6,112976.8,112820.3,112966.1,78773403.20670052
2025-09-23 12:29:59.665000+00:00,2025-09-23 12:15:00+00:00,continuous,112966.1,113003.3,112777.7,112802.8,73481659.21530014
2025-09-23 12:44:59.849000+00:00,2025-09-23 12:30:00+00:00,continuous,112802.8,112970.0,112758.7,112954.6,79978710.64039972
2025-09-23 12:59:59.569000+00:00,2025-09-23 12:45:00+00:00,continuous,112954.5,113010.0,112816.1,112885.8,61268335.54739986
2025-09-23 13:14:59.914000+00:00,2025-09-23 13:00:00+00:00,continuous,112885.8,112885.8,112778.6,112868.2,65939273.53320006
2025-09-23 13:29:59.832000+00:00,2025-09-23 13:15:00+00:00,continuous,112868.2,112900.0,112809.8,112853.0,40753649.64860012
2025-09-23 13:44:59.826000+00:00,2025-09-23 13:30:00+00:00,continuous,112853.1,112969.8,112667.7,112749.5,130218426.85859933
2025-09-23 13:59:59.669000+00:00,2025-09-23 13:45:00+00:00,continuous,112749.6,112923.0,112670.9,112894.1,118156551.2039007
2025-09-23 14:14:59.892000+00:00,2025-09-23 14:00:00+00:00,continuous,112894.1,113254.8,112840.3,113007.6,230253689.20679873
2025-09-23 14:29:59.150000+00:00,2025-09-23 14:15:00+00:00,continuous,113007.5,113030.7,112735.8,112755.5,149605794.3256992
2025-09-23 14:44:59.179000+00:00,2025-09-23 14:30:00+00:00,continuous,112755.6,112841.1,112549.9,112769.2,188208191.55699947
2025-09-23 14:59:59.432000+00:00,2025-09-23 14:45:00+00:00,continuous,112769.1,112778.9,112512.0,112602.3,110305795.08570002
2025-09-23 15:14:59.918000+00:00,2025-09-23 15:00:00+00:00,continuous,112602.2,112944.8,112390.6,112891.7,242413173.93730125
2025-09-23 15:29:59.676000+00:00,2025-09-23 15:15:00+00:00,continuous,112891.7,113025.2,112797.2,112907.7,141395544.56540015
2025-09-23 15:44:59.597000+00:00,2025-09-23 15:30:00+00:00,continuous,112907.7,112951.9,112782.6,112801.9,88205900.5645002
2025-09-23 15:59:59.235000+00:00,2025-09-23 15:45:00+00:00,continuous,112801.9,112950.0,112745.0,112828.6,71004446.31239983
2025-09-23 16:14:59.749000+00:00,2025-09-23 16:00:00+00:00,continuous,112828.6,112874.2,112433.9,112530.0,143969292.40919957
2025-09-23 16:29:59.979000+00:00,2025-09-23 16:15:00+00:00,continuous,112529.9,112810.6,112490.8,112767.8,113789160.8241995
2025-09-23 16:44:59.861000+00:00,2025-09-23 16:30:00+00:00,continuous,112767.8,112767.9,112452.0,112546.6,104470154.02489974
2025-09-23 16:59:59.635000+00:00,2025-09-23 16:45:00+00:00,continuous,112546.7,112927.8,112535.5,112763.8,104752658.33509977
2025-09-23 17:14:59.178000+00:00,2025-09-23 17:00:00+00:00,continuous,112763.8,112779.4,112501.0,112526.4,68049296.6448002
2025-09-23 17:29:59.873000+00:00,2025-09-23 17:15:00+00:00,continuous,112526.3,112615.3,112320.0,112345.0,124021602.19180028
2025-09-23 17:44:59.932000+00:00,2025-09-23 17:30:00+00:00,continuous,112344.9,112373.6,111955.0,111982.6,328664999.44499916
2025-09-23 17:59:59.971000+00:00,2025-09-23 17:45:00+00:00,continuous,111982.5,112200.0,111827.2,111919.2,266089500.4512004
2025-09-23 18:14:59.873000+00:00,2025-09-23 18:00:00+00:00,continuous,111919.2,112168.6,111850.0,112072.9,281736476.8854995
2025-09-23 18:29:59.977000+00:00,2025-09-23 18:15:00+00:00,continuous,112072.9,112089.0,111711.0,111972.0,213214065.78950003
2025-09-23 18:44:59.893000+00:00,2025-09-23 18:30:00+00:00,continuous,111972.0,111972.0,111670.0,111686.3,136129645.11669967
2025-09-23 18:59:59.967000+00:00,2025-09-23 18:45:00+00:00,continuous,111686.3,111782.5,111625.5,111728.3,118857378.88480046
2025-09-23 19:14:59.525000+00:00,2025-09-23 19:00:00+00:00,continuous,111728.3,111925.8,111728.2,111822.7,109009191.95280041
2025-09-23 19:29:59.696000+00:00,2025-09-23 19:15:00+00:00,continuous,111822.7,111941.6,111688.8,111722.7,99289331.57219984
2025-09-23 19:44:59.882000+00:00,2025-09-23 19:30:00+00:00,continuous,111722.6,111772.7,111564.1,111575.7,120703173.9151
2025-09-23 19:59:58.472000+00:00,2025-09-23 19:45:00+00:00,continuous,111575.6,111630.6,111482.0,111611.8,185296513.21869877
2025-09-23 20:14:59.360000+00:00,2025-09-23 20:00:00+00:00,continuous,111611.7,111936.7,111584.5,111789.1,154293121.9387002
2025-09-23 20:29:59.625000+00:00,2025-09-23 20:15:00+00:00,continuous,111789.0,111830.0,111590.3,111590.4,64717274.62960006
2025-09-23 20:44:59.878000+00:00,2025-09-23 20:30:00+00:00,continuous,111590.3,111846.1,111413.5,111838.6,124370754.26300082
2025-09-23 20:59:59.994000+00:00,2025-09-23 20:45:00+00:00,continuous,111838.5,111949.1,111628.4,111936.4,82990567.39109981
2025-09-23 21:14:59.748000+00:00,2025-09-23 21:00:00+00:00,continuous,111936.2,111956.2,111835.5,111956.2,62743598.72070007
2025-09-23 21:29:59.719000+00:00,2025-09-23 21:15:00+00:00,continuous,111956.2,112027.3,111900.0,112027.3,64284031.19339995
2025-09-23 21:44:59.930000+00:00,2025-09-23 21:30:00+00:00,continuous,112027.3,112151.6,111991.6,112151.5,78577473.61740008
2025-09-23 21:59:59.615000+00:00,2025-09-23 21:45:00+00:00,continuous,112151.5,112151.6,112047.8,112108.6,53594355.40339988
2025-09-23 22:14:59.645000+00:00,2025-09-23 22:00:00+00:00,continuous,112108.5,112171.2,111999.9,112102.1,63020687.30490012
2025-09-23 22:29:59.439000+00:00,2025-09-23 22:15:00+00:00,continuous,112102.1,112114.5,111940.6,111950.8,43307039.240300074
2025-09-23 22:44:59.898000+00:00,2025-09-23 22:30:00+00:00,continuous,111950.8,112165.1,111940.8,112130.0,57558210.71279973
2025-09-23 22:59:59.281000+00:00,2025-09-23 22:45:00+00:00,continuous,112130.1,112151.2,112052.5,112107.0,48993681.89090013
2025-09-23 23:14:59.590000+00:00,2025-09-23 23:00:00+00:00,continuous,112107.0,112178.0,112038.8,112077.8,41841965.28650001
2025-09-23 23:29:59.675000+00:00,2025-09-23 23:15:00+00:00,continuous,112077.9,112136.2,111812.0,111842.6,89264793.23199987
2025-09-23 23:44:59.611000+00:00,2025-09-23 23:30:00+00:00,continuous,111842.6,112056.0,111842.5,112027.6,58252922.51630015
2025-09-23 23:59:59.908000+00:00,2025-09-23 23:45:00+00:00,continuous,112027.5,112054.8,111923.9,111947.0,39630678.980499744
2025-09-24 00:14:59.776000+00:00,2025-09-24 00:00:00+00:00,continuous,111947.0,111991.5,111770.9,111989.2,92151787.19460022
2025-09-24 00:29:59.821000+00:00,2025-09-24 00:15:00+00:00,continuous,111989.1,112338.3,111970.4,112248.2,179812946.74720147
2025-09-24 00:44:59.689000+00:00,2025-09-24 00:30:00+00:00,continuous,112248.2,112249.4,112108.4,112172.0,52504209.211600035
2025-09-24 00:59:59.797000+00:00,2025-09-24 00:45:00+00:00,continuous,112172.0,112301.0,112160.0,112175.1,67233378.20919976
2025-09-24 01:14:59.255000+00:00,2025-09-24 01:00:00+00:00,continuous,112175.1,112289.9,112085.7,112274.9,48655171.893099986
2025-09-24 01:29:59.806000+00:00,2025-09-24 01:15:00+00:00,continuous,112274.8,112368.1,112274.8,112348.3,57042889.208499946
2025-09-24 01:44:59.468000+00:00,2025-09-24 01:30:00+00:00,continuous,112348.3,112466.6,112300.9,112314.5,78102322.96110015
2025-09-24 01:59:59.380000+00:00,2025-09-24 01:45:00+00:00,continuous,112314.6,112426.3,112305.5,112394.6,78235418.84409975
2025-09-24 02:14:59.999000+00:00,2025-09-24 02:00:00+00:00,continuous,112394.6,112450.0,112087.9,112123.2,78352958.05339961
2025-09-24 02:29:59.955000+00:00,2025-09-24 02:15:00+00:00,continuous,112123.2,112233.7,111967.9,112233.7,136522155.52930027
2025-09-24 02:44:59.279000+00:00,2025-09-24 02:30:00+00:00,continuous,112233.7,112277.1,112082.5,112185.4,78301623.87599982
2025-09-24 02:59:59.955000+00:00,2025-09-24 02:45:00+00:00,continuous,112185.3,112222.3,111850.0,112070.2,364257578.5972977
2025-09-24 03:14:59.565000+00:00,2025-09-24 03:00:00+00:00,continuous,112070.1,112172.3,112044.6,112143.0,57852303.6479
2025-09-24 03:29:59.952000+00:00,2025-09-24 03:15:00+00:00,continuous,112143.0,112167.7,111698.2,111727.4,166916136.1561
2025-09-24 03:44:59.816000+00:00,2025-09-24 03:30:00+00:00,continuous,111727.4,111997.2,111711.0,111792.3,163410059.14080012
2025-09-24 03:59:59.858000+00:00,2025-09-24 03:45:00+00:00,continuous,111792.2,111838.9,111622.4,111639.7,114281716.42569979
2025-09-24 04:14:59.976000+00:00,2025-09-24 04:00:00+00:00,continuous,111639.8,111693.6,110935.0,111418.0,651246371.8467057
2025-09-24 04:29:59.985000+00:00,2025-09-24 04:15:00+00:00,continuous,111417.9,111998.5,111324.4,111987.4,341338599.1731019
2025-09-24 04:44:59.836000+00:00,2025-09-24 04:30:00+00:00,continuous,111987.5,112336.7,111980.0,112186.3,375595002.44689584
2025-09-24 04:59:59.629000+00:00,2025-09-24 04:45:00+00:00,continuous,112186.3,112210.2,112007.0,112122.5,151156539.2521005
2025-09-24 05:14:59.968000+00:00,2025-09-24 05:00:00+00:00,continuous,112122.5,112207.1,112083.2,112190.2,70307993.10629983
2025-09-24 05:29:59.846000+00:00,2025-09-24 05:15:00+00:00,continuous,112190.2,112381.0,112190.1,112291.5,74685424.49720006
2025-09-24 05:44:59.576000+00:00,2025-09-24 05:30:00+00:00,continuous,112291.5,112444.3,112208.9,112430.2,96162690.7197996
2025-09-24 05:59:59.936000+00:00,2025-09-24 05:45:00+00:00,continuous,112430.2,112630.0,112430.2,112595.9,179166125.35619926
2025-09-24 06:14:59.743000+00:00,2025-09-24 06:00:00+00:00,continuous,112596.0,112732.8,112581.7,112671.5,125066720.94809988
2025-09-24 06:29:59.391000+00:00,2025-09-24 06:15:00+00:00,continuous,112671.4,112700.0,112479.9,112580.9,111108818.23820017
2025-09-24 06:44:59.805000+00:00,2025-09-24 06:30:00+00:00,continuous,112581.0,112650.0,112485.0,112522.3,77142520.48280032
2025-09-24 06:59:59.315000+00:00,2025-09-24 06:45:00+00:00,continuous,112522.3,112600.0,112522.2,112551.1,48061720.95700006
2025-09-24 07:14:59.351000+00:00,2025-09-24 07:00:00+00:00,continuous,112551.2,112637.1,112535.0,112615.7,63907076.89889994
2025-09-24 07:29:59.737000+00:00,2025-09-24 07:15:00+00:00,continuous,112615.8,112695.4,112403.0,112465.2,73641574.19659984
2025-09-24 07:44:59.973000+00:00,2025-09-24 07:30:00+00:00,continuous,112465.2,112549.6,112400.4,112526.5,83321011.69210039
2025-09-24 07:59:59.793000+00:00,2025-09-24 07:45:00+00:00,continuous,112526.6,112578.3,112452.1,112544.7,54588790.70980014
2025-09-24 08:14:59.973000+00:00,2025-09-24 08:00:00+00:00,continuous,112544.7,112557.4,112362.4,112474.9,79302192.74910004
2025-09-24 08:29:59.775000+00:00,2025-09-24 08:15:00+00:00,continuous,112474.9,112500.0,112356.4,112393.5,79388936.59460045
2025-09-24 08:44:59.552000+00:00,2025-09-24 08:30:00+00:00,continuous,112393.4,112540.6,112393.4,112532.7,82427299.16189995
2025-09-24 08:59:59.675000+00:00,2025-09-24 08:45:00+00:00,continuous,112532.8,112596.6,112446.1,112574.3,65057504.38670012
2025-09-24 09:14:59.910000+00:00,2025-09-24 09:00:00+00:00,continuous,112574.4,112574.4,112447.6,112493.7,48415361.44940026
2025-09-24 09:29:59.419000+00:00,2025-09-24 09:15:00+00:00,continuous,112493.8,112583.1,112493.7,112559.1,47765542.614300035
2025-09-24 09:44:59.887000+00:00,2025-09-24 09:30:00+00:00,continuous,112559.2,112796.5,112559.1,112686.1,93426913.86420059
2025-09-24 09:59:59.084000+00:00,2025-09-24 09:45:00+00:00,continuous,112686.0,112697.7,112616.1,112691.0,33260114.48730008
2025-09-24 10:14:59.806000+00:00,2025-09-24 10:00:00+00:00,continuous,112691.0,112825.9,112684.3,112763.8,132523858.15999931
2025-09-24 10:29:59.937000+00:00,2025-09-24 10:15:00+00:00,continuous,112763.8,112815.1,112613.0,112613.1,91630837.14140019
2025-09-24 10:44:58.916000+00:00,2025-09-24 10:30:00+00:00,continuous,112613.1,112778.9,112609.4,112756.5,46061088.437900156
2025-09-24 10:59:59.707000+00:00,2025-09-24 10:45:00+00:00,continuous,112756.5,112911.0,112748.8,112883.2,163764313.90409964
2025-09-24 11:14:59.728000+00:00,2025-09-24 11:00:00+00:00,continuous,112883.1,113121.8,112874.1,113038.4,308542080.5334024
2025-09-24 11:29:59.984000+00:00,2025-09-24 11:15:00+00:00,continuous,113038.5,113080.0,112953.9,112984.4,115922384.32310027
2025-09-24 11:44:57.922000+00:00,2025-09-24 11:30:00+00:00,continuous,112984.3,113040.1,112819.4,112997.8,118016346.1939997
2025-09-24 11:59:59.916000+00:00,2025-09-24 11:45:00+00:00,continuous,112997.7,113011.8,112838.8,112982.0,167080488.83859974
2025-09-24 12:14:59.691000+00:00,2025-09-24 12:00:00+00:00,continuous,112982.0,112993.3,112889.7,112986.7,83251025.8280002
2025-09-24 12:29:59.783000+00:00,2025-09-24 12:15:00+00:00,continuous,112986.6,113008.1,112882.7,112960.5,57284732.84889998
2025-09-24 12:44:59.964000+00:00,2025-09-24 12:30:00+00:00,continuous,112960.5,113037.8,112960.5,113015.2,53922035.12510014
2025-09-24 12:59:59.865000+00:00,2025-09-24 12:45:00+00:00,continuous,113015.2,113050.0,112948.5,113010.8,65481392.71660009
2025-09-24 13:14:59.588000+00:00,2025-09-24 13:00:00+00:00,continuous,113010.8,113050.0,112926.2,112955.0,59610502.62679976
2025-09-24 13:29:59.676000+00:00,2025-09-24 13:15:00+00:00,continuous,112955.1,113104.0,112954.5,112995.1,139355648.60030004
2025-09-24 13:44:59.710000+00:00,2025-09-24 13:30:00+00:00,continuous,112995.0,113177.6,112862.6,113045.2,254355158.52189955
2025-09-24 13:59:59.848000+00:00,2025-09-24 13:45:00+00:00,continuous,113045.2,113080.7,112760.0,112780.2,301142943.15129906
2025-09-24 14:14:59.652000+00:00,2025-09-24 14:00:00+00:00,continuous,112780.2,113134.0,112780.1,113094.1,186456848.92950013
2025-09-24 14:29:59.991000+00:00,2025-09-24 14:15:00+00:00,continuous,113094.1,113125.0,112960.2,113101.3,87841693.11010002
2025-09-24 14:44:59.854000+00:00,2025-09-24 14:30:00+00:00,continuous,113101.4,113342.1,113047.0,113322.8,270834126.6027005
2025-09-24 14:59:59.935000+00:00,2025-09-24 14:45:00+00:00,continuous,113322.8,113850.0,113255.6,113662.7,761398123.8572028
2025-09-24 15:14:59.861000+00:00,2025-09-24 15:00:00+00:00,continuous,113662.6,113843.0,113404.5,113430.1,375573127.2782008
2025-09-24 15:29:59.988000+00:00,2025-09-24 15:15:00+00:00,continuous,113430.2,113671.9,113420.5,113599.4,133262303.25569992
2025-09-24 15:44:59.868000+00:00,2025-09-24 15:30:00+00:00,continuous,113599.4,113661.9,113501.3,113661.9,87922869.20430018
2025-09-24 15:59:59.735000+00:00,2025-09-24 15:45:00+00:00,continuous,113661.9,113661.9,113191.5,113299.9,250588422.7145005
2025-09-24 16:14:59.996000+00:00,2025-09-24 16:00:00+00:00,continuous,113300.0,113384.6,113107.4,113231.0,214623550.5199015
2025-09-24 16:29:59.855000+00:00,2025-09-24 16:15:00+00:00,continuous,113231.1,113540.4,113217.1,113521.4,112133289.52920054
2025-09-24 16:44:59.875000+00:00,2025-09-24 16:30:00+00:00,continuous,113521.4,113676.2,113457.5,113618.5,112476893.7640999
2025-09-24 16:59:59.538000+00:00,2025-09-24 16:45:00+00:00,continuous,113618.5,113700.0,113569.0,113668.9,69493847.16069992
2025-09-24 17:14:59.970000+00:00,2025-09-24 17:00:00+00:00,continuous,113668.9,113878.3,113550.6,113802.8,135809774.0588001
2025-09-24 17:29:59.809000+00:00,2025-09-24 17:15:00+00:00,continuous,113802.8,113802.9,113634.0,113717.2,87502243.99599983
2025-09-24 17:44:59.472000+00:00,2025-09-24 17:30:00+00:00,continuous,113717.2,113895.8,113717.2,113788.5,154715712.5953995
2025-09-24 17:59:59.926000+00:00,2025-09-24 17:45:00+00:00,continuous,113788.6,113788.6,113602.5,113700.1,128678728.05360155
2025-09-24 18:14:59.389000+00:00,2025-09-24 18:00:00+00:00,continuous,113700.2,113777.5,113505.0,113567.1,135232738.53350055
2025-09-24 18:29:59.798000+00:00,2025-09-24 18:15:00+00:00,continuous,113566.9,113638.6,113472.0,113632.1,75451587.82379986
2025-09-24 18:44:59.757000+00:00,2025-09-24 18:30:00+00:00,continuous,113632.1,113677.1,113530.5,113604.1,38053855.86049986
2025-09-24 18:59:59.787000+00:00,2025-09-24 18:45:00+00:00,continuous,113604.0,113629.9,113423.9,113595.0,87359859.76649986
2025-09-24 19:14:59.964000+00:00,2025-09-24 19:00:00+00:00,continuous,113595.1,113632.4,113491.2,113547.9,51790544.227099925
2025-09-24 19:29:59.557000+00:00,2025-09-24 19:15:00+00:00,continuous,113547.8,113572.8,113423.5,113442.6,54374035.035500325
2025-09-24 19:44:59.726000+00:00,2025-09-24 19:30:00+00:00,continuous,113442.5,113456.3,113252.3,113278.1,115200354.68140046
2025-09-24 19:59:59.926000+00:00,2025-09-24 19:45:00+00:00,continuous,113278.1,113438.9,113230.7,113371.7,107906310.91139992
2025-09-24 20:14:59.938000+00:00,2025-09-24 20:00:00+00:00,continuous,113371.7,113494.9,113338.8,113470.2,71737718.88639984
2025-09-24 20:29:59.528000+00:00,2025-09-24 20:15:00+00:00,continuous,113470.2,113551.9,113450.0,113490.4,47801318.29959986
2025-09-24 20:44:59.678000+00:00,2025-09-24 20:30:00+00:00,continuous,113490.4,113496.1,113378.1,113481.0,47602812.019099936
2025-09-24 20:59:59.976000+00:00,2025-09-24 20:45:00+00:00,continuous,113480.9,113557.0,113439.1,113447.6,43869895.55030011
2025-09-24 21:14:59.998000+00:00,2025-09-24 21:00:00+00:00,continuous,113447.5,113529.6,113409.4,113520.8,47937870.543500245
2025-09-24 21:29:59.948000+00:00,2025-09-24 21:15:00+00:00,continuous,113520.3,113522.8,113449.4,113522.6,18386149.695300065
2025-09-24 21:44:59.762000+00:00,2025-09-24 21:30:00+00:00,continuous,113522.6,113522.7,113275.2,113279.9,67089544.825300045
2025-09-24 21:59:59.694000+00:00,2025-09-24 21:45:00+00:00,continuous,113279.9,113480.0,113220.2,113284.3,52581771.15940009
2025-09-24 22:14:59.923000+00:00,2025-09-24 22:00:00+00:00,continuous,113284.3,113590.0,113284.2,113577.0,117780238.14670084
2025-09-24 22:29:59.354000+00:00,2025-09-24 22:15:00+00:00,continuous,113577.0,113589.9,113408.1,113427.7,41358644.326699734
2025-09-24 22:44:59.855000+00:00,2025-09-24 22:30:00+00:00,continuous,113427.6,113450.8,113306.1,113306.1,42817092.994399935
2025-09-24 22:59:59.653000+00:00,2025-09-24 22:45:00+00:00,continuous,113306.1,113306.1,113193.9,113274.8,77098582.00310013
2025-09-24 23:14:59.997000+00:00,2025-09-24 23:00:00+00:00,continuous,113274.7,113357.9,113272.8,113295.7,42083940.298800044
2025-09-24 23:29:59.526000+00:00,2025-09-24 23:15:00+00:00,continuous,113295.7,113374.0,113158.9,113292.2,104322083.93849996
2025-09-24 23:44:59.356000+00:00,2025-09-24 23:30:00+00:00,continuous,113292.2,113292.3,113145.0,113170.0,81666993.08600047
2025-09-24 23:59:59.858000+00:00,2025-09-24 23:45:00+00:00,continuous,113169.9,113285.0,113143.3,113254.0,63614653.42439995
2025-09-25 00:14:59.858000+00:00,2025-09-25 00:00:00+00:00,continuous,113253.9,113462.1,113215.0,113418.7,98375183.84999985
2025-09-25 00:29:59.876000+00:00,2025-09-25 00:15:00+00:00,continuous,113418.7,113418.8,113075.0,113075.2,113131693.11150026
2025-09-25 00:44:59.687000+00:00,2025-09-25 00:30:00+00:00,continuous,113075.2,113250.0,112996.0,113146.0,133233065.09210013
2025-09-25 00:59:59.732000+00:00,2025-09-25 00:45:00+00:00,continuous,113146.0,113203.4,112886.1,113002.1,171077882.55049962
2025-09-25 01:14:59.996000+00:00,2025-09-25 01:00:00+00:00,continuous,113002.0,113322.0,112850.4,113208.1,153805277.37739977
2025-09-25 01:29:59.896000+00:00,2025-09-25 01:15:00+00:00,continuous,113207.7,113256.6,112974.5,113033.1,124419584.96820019
2025-09-25 01:44:59.910000+00:00,2025-09-25 01:30:00+00:00,continuous,113033.0,113033.0,112586.6,112644.2,317720376.60509944
2025-09-25 01:59:59.862000+00:00,2025-09-25 01:45:00+00:00,continuous,112644.2,112768.0,112380.1,112615.7,513775655.5479007
2025-09-25 02:14:59.647000+00:00,2025-09-25 02:00:00+00:00,continuous,112615.7,112863.4,112600.7,112622.3,199639259.69450006
2025-09-25 02:29:59.413000+00:00,2025-09-25 02:15:00+00:00,continuous,112622.4,112753.9,112453.3,112691.9,193685245.5817996
2025-09-25 02:44:59.752000+00:00,2025-09-25 02:30:00+00:00,continuous,112691.8,113140.8,112691.8,112858.1,186058842.1285007
2025-09-25 02:59:59.642000+00:00,2025-09-25 02:45:00+00:00,continuous,112858.1,113000.0,112800.1,112852.0,81527829.72489963
2025-09-25 03:14:59.528000+00:00,2025-09-25 03:00:00+00:00,continuous,112852.1,112852.1,112667.3,112690.6,56674628.239699915
2025-09-25 03:29:59.974000+00:00,2025-09-25 03:15:00+00:00,continuous,112690.6,112730.1,112275.2,112311.9,336525849.8272003
2025-09-25 03:44:59.888000+00:00,2025-09-25 03:30:00+00:00,continuous,112311.9,112490.0,112155.6,112379.8,229242489.53170046
2025-09-25 03:59:59.976000+00:00,2025-09-25 03:45:00+00:00,continuous,112379.8,112572.0,112320.0,112485.8,153889742.08809975
2025-09-25 04:14:59.819000+00:00,2025-09-25 04:00:00+00:00,continuous,112485.7,112574.6,112160.7,112232.7,169440398.68589988
2025-09-25 04:29:59.901000+00:00,2025-09-25 04:15:00+00:00,continuous,112232.7,112249.1,111641.1,111880.1,716927508.1679935
2025-09-25 04:44:59.972000+00:00,2025-09-25 04:30:00+00:00,continuous,111880.2,111884.6,111611.0,111838.6,329182763.6572005
2025-09-25 04:59:59.984000+00:00,2025-09-25 04:45:00+00:00,continuous,111838.6,111864.5,111540.0,111684.3,298434899.1395993
2025-09-25 05:14:59.873000+00:00,2025-09-25 05:00:00+00:00,continuous,111684.3,111869.4,111540.0,111792.0,204914908.39469975
2025-09-25 05:29:59.986000+00:00,2025-09-25 05:15:00+00:00,continuous,111792.1,111994.0,111755.4,111935.3,175604261.6221998
2025-09-25 05:44:59.125000+00:00,2025-09-25 05:30:00+00:00,continuous,111935.2,111935.2,111711.5,111724.5,91813859.37470078
2025-09-25 05:59:59.974000+00:00,2025-09-25 05:45:00+00:00,continuous,111724.5,111769.8,111593.8,111690.4,89816540.60079989
2025-09-25 06:14:59.949000+00:00,2025-09-25 06:00:00+00:00,continuous,111690.3,111750.2,111540.4,111540.9,115326922.12159993
2025-09-25 06:29:59.659000+00:00,2025-09-25 06:15:00+00:00,continuous,111540.9,111802.1,111500.0,111650.5,144980434.25959983
2025-09-25 06:44:59.953000+00:00,2025-09-25 06:30:00+00:00,continuous,111650.5,111751.1,111563.0,111567.5,69482552.58079994
2025-09-25 06:59:59.673000+00:00,2025-09-25 06:45:00+00:00,continuous,111567.4,111620.0,111451.0,111474.4,106114996.86869995
2025-09-25 07:14:59.520000+00:00,2025-09-25 07:00:00+00:00,continuous,111474.5,111686.5,111389.0,111553.7,197870590.02960026
2025-09-25 07:29:59.866000+00:00,2025-09-25 07:15:00+00:00,continuous,111553.7,111836.7,111534.7,111800.0,133267007.12219985
2025-09-25 07:44:59.950000+00:00,2025-09-25 07:30:00+00:00,continuous,111800.0,111834.4,111724.3,111774.4,63371219.06389984
2025-09-25 07:59:59.444000+00:00,2025-09-25 07:45:00+00:00,continuous,111774.3,111800.0,111670.0,111708.5,52645488.41389995
2025-09-25 08:14:59.883000+00:00,2025-09-25 08:00:00+00:00,continuous,111708.5,111933.3,111708.4,111933.3,106118091.6339998
2025-09-25 08:29:59.919000+00:00,2025-09-25 08:15:00+00:00,continuous,111933.6,111980.4,111825.3,111980.3,94542773.7225001
2025-09-25 08:44:59.927000+00:00,2025-09-25 08:30:00+00:00,continuous,111980.4,111980.4,111692.3,111714.0,84999564.2842998
2025-09-25 08:59:59.958000+00:00,2025-09-25 08:45:00+00:00,continuous,111714.0,111751.5,111636.1,111678.7,77846762.65339997
2025-09-25 09:14:59.758000+00:00,2025-09-25 09:00:00+00:00,continuous,111678.7,111843.3,111662.0,111834.2,93946697.2725001
2025-09-25 09:29:59.895000+00:00,2025-09-25 09:15:00+00:00,continuous,111834.3,112220.3,111816.2,112032.3,282725307.86140054
2025-09-25 09:44:59.246000+00:00,2025-09-25 09:30:00+00:00,continuous,112032.2,112079.5,111780.3,111780.4,108471533.97019932
2025-09-25 09:59:59.866000+00:00,2025-09-25 09:45:00+00:00,continuous,111780.3,111780.3,111510.4,111510.4,125813000.94279969
2025-09-25 10:14:59.969000+00:00,2025-09-25 10:00:00+00:00,continuous,111510.4,111652.6,111471.0,111634.7,89311803.23019989
2025-09-25 10:29:59.990000+00:00,2025-09-25 10:15:00+00:00,continuous,111635.2,111821.6,111635.2,111718.1,78315150.80860028
2025-09-25 10:44:59.878000+00:00,2025-09-25 10:30:00+00:00,continuous,111718.1,111782.5,111531.9,111572.9,75403920.81809999
2025-09-25 10:59:59.100000+00:00,2025-09-25 10:45:00+00:00,continuous,111572.9,111629.1,111530.2,111601.6,47314276.100499876
2025-09-25 11:14:59.750000+00:00,2025-09-25 11:00:00+00:00,continuous,111601.6,111676.9,111411.4,111504.0,130884643.44869986
2025-09-25 11:29:59.568000+00:00,2025-09-25 11:15:00+00:00,continuous,111503.9,111541.3,111360.0,111498.4,113339436.5271998
2025-09-25 11:44:59.665000+00:00,2025-09-25 11:30:00+00:00,continuous,111498.4,111544.6,111320.0,111378.4,128327619.05569948
2025-09-25 11:59:59.492000+00:00,2025-09-25 11:45:00+00:00,continuous,111378.5,111444.3,111234.8,111316.1,143186736.77359968
2025-09-25 12:14:59.895000+00:00,2025-09-25 12:00:00+00:00,continuous,111316.0,111600.2,111271.9,111514.8,128229838.96479957
2025-09-25 12:29:59.988000+00:00,2025-09-25 12:15:00+00:00,continuous,111514.7,111517.7,111089.2,111094.6,208216711.5163001
2025-09-25 12:44:59.964000+00:00,2025-09-25 12:30:00+00:00,continuous,111094.5,111617.3,111000.0,111334.7,558737480.3701969
2025-09-25 12:59:59.862000+00:00,2025-09-25 12:45:00+00:00,continuous,111334.7,111343.1,111070.5,111080.0,229420755.0377005
2025-09-25 13:14:59.788000+00:00,2025-09-25 13:00:00+00:00,continuous,111079.9,111240.4,110802.8,111216.8,539629651.3514037
2025-09-25 13:29:59.820000+00:00,2025-09-25 13:15:00+00:00,continuous,111216.9,111645.3,111138.6,111566.5,405092291.95440346
2025-09-25 13:44:59.891000+00:00,2025-09-25 13:30:00+00:00,continuous,111566.5,111682.6,110555.0,110672.4,552423436.1454978
2025-09-25 13:59:59.804000+00:00,2025-09-25 13:45:00+00:00,continuous,110672.4,111055.7,110615.3,110958.5,356218622.9377046
2025-09-25 14:14:59.732000+00:00,2025-09-25 14:00:00+00:00,continuous,110958.4,111258.9,110935.9,111250.0,205373232.2438011
2025-09-25 14:29:59.873000+00:00,2025-09-25 14:15:00+00:00,continuous,111250.1,111680.8,111250.1,111443.1,493452500.86570233
2025-09-25 14:44:59.739000+00:00,2025-09-25 14:30:00+00:00,continuous,111443.0,111680.0,111304.1,111443.5,190637350.57759982
2025-09-25 14:59:59.902000+00:00,2025-09-25 14:45:00+00:00,continuous,111443.5,111560.0,111332.4,111483.0,92371058.13850027
2025-09-25 15:14:59.791000+00:00,2025-09-25 15:00:00+00:00,continuous,111483.0,111538.4,111144.5,111283.5,156011189.6818997
2025-09-25 15:29:59.959000+00:00,2025-09-25 15:15:00+00:00,continuous,111283.4,111300.0,110807.2,110905.7,214700296.73210096
2025-09-25 15:44:59.947000+00:00,2025-09-25 15:30:00+00:00,continuous,110905.8,111371.8,110871.2,111264.5,199515462.96640018
2025-09-25 15:59:59.802000+00:00,2025-09-25 15:45:00+00:00,continuous,111264.6,111538.4,111169.5,111538.4,152425145.16700003
2025-09-25 16:14:59.864000+00:00,2025-09-25 16:00:00+00:00,continuous,111538.4,111636.6,111415.7,111477.1,213921547.42479905
2025-09-25 16:29:59.889000+00:00,2025-09-25 16:15:00+00:00,continuous,111477.1,111488.0,111043.1,111074.6,126767574.59150013
2025-09-25 16:44:59.573000+00:00,2025-09-25 16:30:00+00:00,continuous,111074.7,111250.0,110926.5,111044.1,105564936.81470005
2025-09-25 16:59:59.934000+00:00,2025-09-25 16:45:00+00:00,continuous,111044.1,111116.3,110852.0,110907.9,157928050.34740034
2025-09-25 17:14:59.994000+00:00,2025-09-25 17:00:00+00:00,continuous,110908.0,110930.0,110087.6,110088.7,499100631.3273007
2025-09-25 17:29:59.998000+00:00,2025-09-25 17:15:00+00:00,continuous,110087.6,110404.8,109800.0,109883.2,930337543.1303995
2025-09-25 17:44:59.997000+00:00,2025-09-25 17:30:00+00:00,continuous,109883.6,109936.7,109329.0,109329.0,660350750.0646073
2025-09-25 17:59:59.993000+00:00,2025-09-25 17:45:00+00:00,continuous,109329.0,109420.6,108578.2,108793.9,825864665.5063913
2025-09-25 18:14:59.911000+00:00,2025-09-25 18:00:00+00:00,continuous,108794.0,109205.9,108574.1,109177.4,626046147.5195003
2025-09-25 18:29:59.925000+00:00,2025-09-25 18:15:00+00:00,continuous,109177.4,109600.0,109068.5,109398.4,377775287.36400664
2025-09-25 18:44:59.809000+00:00,2025-09-25 18:30:00+00:00,continuous,109398.4,109586.0,109212.3,109432.3,178102422.2822996
2025-09-25 18:59:59.883000+00:00,2025-09-25 18:45:00+00:00,continuous,109432.3,109759.7,109270.0,109708.3,182218523.34360096
2025-09-25 19:14:59.708000+00:00,2025-09-25 19:00:00+00:00,continuous,109708.4,109820.0,109583.2,109620.0,141735815.72599974
2025-09-25 19:29:59.799000+00:00,2025-09-25 19:15:00+00:00,continuous,109619.9,109926.7,109619.9,109771.5,133388475.40139996
2025-09-25 19:44:59.407000+00:00,2025-09-25 19:30:00+00:00,continuous,109771.6,109850.0,109433.1,109496.2,154867740.46590015
2025-09-25 19:59:59.932000+00:00,2025-09-25 19:45:00+00:00,continuous,109496.3,109506.7,109250.0,109320.5,231703030.0506007
2025-09-25 20:14:59.927000+00:00,2025-09-25 20:00:00+00:00,continuous,109320.5,109447.9,109138.2,109194.2,131927470.59390084
2025-09-25 20:29:59.921000+00:00,2025-09-25 20:15:00+00:00,continuous,109194.3,109384.6,109153.0,109310.8,83374460.27369975
2025-09-25 20:44:59.963000+00:00,2025-09-25 20:30:00+00:00,continuous,109310.9,109331.0,109020.5,109156.0,128367092.7408995
2025-09-25 20:59:59.998000+00:00,2025-09-25 20:45:00+00:00,continuous,109155.9,109244.8,109005.0,109126.8,73935653.21810006
2025-09-25 21:14:59.981000+00:00,2025-09-25 21:00:00+00:00,continuous,109126.9,109619.5,109113.5,109415.0,128033749.12529996
2025-09-25 21:29:59.732000+00:00,2025-09-25 21:15:00+00:00,continuous,109414.9,109547.2,109257.1,109260.2,62690994.71899981
2025-09-25 21:44:59.964000+00:00,2025-09-25 21:30:00+00:00,continuous,109260.2,109269.2,109018.9,109126.0,79395209.1481002
2025-09-25 21:59:59.968000+00:00,2025-09-25 21:45:00+00:00,continuous,109126.0,109458.3,109125.9,109360.8,54356930.880299956
2025-09-25 22:14:59.776000+00:00,2025-09-25 22:00:00+00:00,continuous,109360.8,109485.4,109252.7,109476.5,88244914.36049938
2025-09-25 22:29:59.973000+00:00,2025-09-25 22:15:00+00:00,continuous,109476.4,109534.9,109381.8,109423.7,83996501.00859983
2025-09-25 22:44:59.668000+00:00,2025-09-25 22:30:00+00:00,continuous,109423.6,109437.7,109272.7,109380.7,45486154.980199926
2025-09-25 22:59:58.257000+00:00,2025-09-25 22:45:00+00:00,continuous,109380.7,109380.7,109200.1,109369.5,76745880.64860007
2025-09-25 23:14:59.747000+00:00,2025-09-25 23:00:00+00:00,continuous,109369.6,109637.3,109329.0,109434.3,111897134.80050002
2025-09-25 23:29:59.857000+00:00,2025-09-25 23:15:00+00:00,continuous,109434.4,109496.2,109230.7,109386.6,97574299.32749999
2025-09-25 23:44:59.878000+00:00,2025-09-25 23:30:00+00:00,continuous,109386.7,109386.7,108694.8,109029.9,418874151.85380185
2025-09-25 23:59:59.505000+00:00,2025-09-25 23:45:00+00:00,continuous,109030.0,109034.6,108801.3,108934.5,130271632.27730013
2025-09-26 00:14:59.995000+00:00,2025-09-26 00:00:00+00:00,continuous,108934.6,109315.9,108898.8,109247.1,198216669.69920045
2025-09-26 00:29:59.362000+00:00,2025-09-26 00:15:00+00:00,continuous,109247.2,109350.0,109175.1,109254.3,125848684.13309963
2025-09-26 00:44:59.927000+00:00,2025-09-26 00:30:00+00:00,continuous,109254.2,109262.2,108750.0,108753.2,195120265.44959962
2025-09-26 00:59:59.912000+00:00,2025-09-26 00:45:00+00:00,continuous,108753.2,109563.9,108753.1,109419.1,327674642.10790235
2025-09-26 01:14:59.835000+00:00,2025-09-26 01:00:00+00:00,continuous,109419.1,109605.4,109259.0,109584.7,176205815.17820036
2025-09-26 01:29:59.970000+00:00,2025-09-26 01:15:00+00:00,continuous,109584.7,109713.8,109509.3,109517.0,111228225.24639995
2025-09-26 01:44:59.980000+00:00,2025-09-26 01:30:00+00:00,continuous,109517.1,109658.7,109501.5,109609.1,65248670.578600086
2025-09-26 01:59:59.755000+00:00,2025-09-26 01:45:00+00:00,continuous,109609.0,109720.0,109546.1,109640.0,92651054.25020021
2025-09-26 02:14:59.973000+00:00,2025-09-26 02:00:00+00:00,continuous,109640.1,109766.0,109540.0,109618.4,93103374.22610012
2025-09-26 02:29:58.987000+00:00,2025-09-26 02:15:00+00:00,continuous,109618.5,109750.3,109515.4,109531.7,64086094.5651998
2025-09-26 02:44:59.957000+00:00,2025-09-26 02:30:00+00:00,continuous,109531.7,109620.7,109439.0,109579.1,51352756.08429988
2025-09-26 02:59:59.545000+00:00,2025-09-26 02:45:00+00:00,continuous,109579.1,109712.7,109532.4,109581.8,47652324.61060002
2025-09-26 03:14:58.709000+00:00,2025-09-26 03:00:00+00:00,continuous,109581.8,109596.3,109323.5,109487.1,96813095.35399988
2025-09-26 03:29:59.312000+00:00,2025-09-26 03:15:00+00:00,continuous,109487.2,109591.1,109301.9,109311.6,104218558.2412995
2025-09-26 03:44:59.678000+00:00,2025-09-26 03:30:00+00:00,continuous,109311.8,109377.1,109241.1,109374.1,55035099.85909986
2025-09-26 03:59:58.690000+00:00,2025-09-26 03:45:00+00:00,continuous,109374.2,109610.4,109269.0,109537.6,93823078.0881996
2025-09-26 04:14:59.908000+00:00,2025-09-26 04:00:00+00:00,continuous,109537.5,109582.2,109407.4,109453.7,68101191.45370021
2025-09-26 04:29:59.779000+00:00,2025-09-26 04:15:00+00:00,continuous,109453.6,109588.8,109360.5,109366.0,67558694.89120011
2025-09-26 04:44:59.544000+00:00,2025-09-26 04:30:00+00:00,continuous,109366.0,109366.1,109200.0,109219.3,54842909.81789977
2025-09-26 04:59:59.972000+00:00,2025-09-26 04:45:00+00:00,continuous,109219.4,109339.4,109201.2,109300.0,35587963.14949999
2025-09-26 05:14:59.663000+00:00,2025-09-26 05:00:00+00:00,continuous,109299.9,109430.0,109263.8,109341.3,54805530.43959994
2025-09-26 05:29:59.565000+00:00,2025-09-26 05:15:00+00:00,continuous,109341.4,109538.4,109341.3,109505.0,56942497.70040007
2025-09-26 05:44:59.073000+00:00,2025-09-26 05:30:00+00:00,continuous,109505.1,109513.9,109257.8,109304.9,53809636.87439992
2025-09-26 05:59:58.270000+00:00,2025-09-26 05:45:00+00:00,continuous,109304.9,109349.3,109027.1,109202.8,216582144.09830058
2025-09-26 06:14:59.733000+00:00,2025-09-26 06:00:00+00:00,continuous,109202.8,109275.6,108955.0,109219.9,159231186.48050028
2025-09-26 06:29:59.678000+00:00,2025-09-26 06:15:00+00:00,continuous,109219.9,109584.5,109203.7,109434.9,228973472.59609938
2025-09-26 06:44:59.853000+00:00,2025-09-26 06:30:00+00:00,continuous,109434.9,109560.0,109363.8,109509.9,58082615.69439988
2025-09-26 06:59:59.978000+00:00,2025-09-26 06:45:00+00:00,continuous,109510.0,109510.0,109252.3,109298.8,105095604.19220002
2025-09-26 07:14:59.907000+00:00,2025-09-26 07:00:00+00:00,continuous,109298.9,109508.0,109298.8,109499.7,136866125.99440297
2025-09-26 07:29:59.836000+00:00,2025-09-26 07:15:00+00:00,continuous,109499.8,109538.3,109223.9,109223.9,134423528.6304994
2025-09-26 07:44:59.766000+00:00,2025-09-26 07:30:00+00:00,continuous,109223.9,109224.0,108841.0,108870.1,411484520.82159615
2025-09-26 07:59:59.819000+00:00,2025-09-26 07:45:00+00:00,continuous,108870.1,109285.0,108870.0,109257.3,250718094.57520047
2025-09-26 08:14:59.547000+00:00,2025-09-26 08:00:00+00:00,continuous,109257.4,109446.4,109246.7,109388.3,157255824.43240055
2025-09-26 08:29:59.868000+00:00,2025-09-26 08:15:00+00:00,continuous,109388.3,109479.2,109314.4,109464.3,93484183.68970004
2025-09-26 08:44:59.387000+00:00,2025-09-26 08:30:00+00:00,continuous,109464.3,109559.5,109411.9,109555.0,85820278.1224001
2025-09-26 08:59:59.258000+00:00,2025-09-26 08:45:00+00:00,continuous,109554.9,109568.0,109478.4,109520.2,58877163.253400065
2025-09-26 09:14:59.895000+00:00,2025-09-26 09:00:00+00:00,continuous,109520.2,109627.2,109390.0,109627.1,87697800.91950007
2025-09-26 09:29:59.675000+00:00,2025-09-26 09:15:00+00:00,continuous,109627.1,109653.6,109565.1,109605.6,69729725.1599993
2025-09-26 09:44:59.906000+00:00,2025-09-26 09:30:00+00:00,continuous,109605.6,109639.5,109349.0,109373.9,103847771.69149962
2025-09-26 09:59:59.678000+00:00,2025-09-26 09:45:00+00:00,continuous,109373.9,109543.4,109363.1,109522.5,62979321.4116001
2025-09-26 10:14:59.146000+00:00,2025-09-26 10:00:00+00:00,continuous,109522.4,109532.0,109110.1,109140.0,112096496.24370039
2025-09-26 10:29:59.052000+00:00,2025-09-26 10:15:00+00:00,continuous,109140.0,109140.0,108899.9,109035.0,255173645.6987994
2025-09-26 10:44:59.954000+00:00,2025-09-26 10:30:00+00:00,continuous,109035.1,109087.0,108700.0,108778.9,215234292.2015002
2025-09-26 10:59:59.854000+00:00,2025-09-26 10:45:00+00:00,continuous,108778.8,108900.0,108645.9,108848.2,156913730.88229987
2025-09-26 11:14:59.884000+00:00,2025-09-26 11:00:00+00:00,continuous,108848.2,108906.4,108690.8,108725.8,116757308.86999989
2025-09-26 11:29:59.905000+00:00,2025-09-26 11:15:00+00:00,continuous,108725.9,108796.6,108566.0,108697.8,183746234.62869903
2025-09-26 11:44:59.953000+00:00,2025-09-26 11:30:00+00:00,continuous,108697.9,109093.6,108697.7,108996.9,120887061.15259974
2025-09-26 11:59:59.731000+00:00,2025-09-26 11:45:00+00:00,continuous,108997.0,109157.6,108934.5,109082.9,87587497.6442997
2025-09-26 12:14:59.682000+00:00,2025-09-26 12:00:00+00:00,continuous,109082.9,109082.9,108824.4,108824.4,83488464.58299987
2025-09-26 12:29:59.763000+00:00,2025-09-26 12:15:00+00:00,continuous,108824.4,109109.2,108757.5,109068.6,87453991.9201001
2025-09-26 12:44:59.891000+00:00,2025-09-26 12:30:00+00:00,continuous,109068.6,109534.1,108877.8,109457.3,496871276.5255979
2025-09-26 12:59:59.261000+00:00,2025-09-26 12:45:00+00:00,continuous,109457.3,109506.1,109138.4,109330.1,162859358.39779952
2025-09-26 13:14:59.705000+00:00,2025-09-26 13:00:00+00:00,continuous,109330.1,109479.2,109106.0,109111.3,135875404.2905998
2025-09-26 13:29:59.960000+00:00,2025-09-26 13:15:00+00:00,continuous,109111.3,109294.3,109035.4,109133.9,93815767.73150015
2025-09-26 13:44:59.900000+00:00,2025-09-26 13:30:00+00:00,continuous,109133.8,109595.2,108950.0,109570.0,285485590.14890087
2025-09-26 13:59:59.813000+00:00,2025-09-26 13:45:00+00:00,continuous,109570.0,109742.3,109442.8,109621.3,397590194.52220124
2025-09-26 14:14:59.969000+00:00,2025-09-26 14:00:00+00:00,continuous,109621.3,109731.5,109213.9,109266.6,243834458.22779918
2025-09-26 14:29:59.659000+00:00,2025-09-26 14:15:00+00:00,continuous,109266.6,109395.3,108863.0,109040.0,246933935.75199965
2025-09-26 14:44:59.608000+00:00,2025-09-26 14:30:00+00:00,continuous,109040.0,109096.2,108656.8,108863.9,270398406.3164996
2025-09-26 14:59:59.980000+00:00,2025-09-26 14:45:00+00:00,continuous,108863.8,109066.4,108723.0,108796.7,126342721.78719977
2025-09-26 15:14:59.900000+00:00,2025-09-26 15:00:00+00:00,continuous,108796.8,109080.0,108753.5,108889.2,165467356.15380004
2025-09-26 15:29:59.848000+00:00,2025-09-26 15:15:00+00:00,continuous,108889.1,109276.0,108830.9,109258.6,155113865.75609893
2025-09-26 15:44:59.382000+00:00,2025-09-26 15:30:00+00:00,continuous,109258.6,109313.7,109080.0,109229.4,62768478.49240019
2025-09-26 15:59:59.905000+00:00,2025-09-26 15:45:00+00:00,continuous,109229.4,109229.4,108953.4,108976.0,73056666.85059996
2025-09-26 16:14:59.985000+00:00,2025-09-26 16:00:00+00:00,continuous,108976.0,109280.0,108976.0,109228.0,74218864.25490022
2025-09-26 16:29:59.688000+00:00,2025-09-26 16:15:00+00:00,continuous,109228.0,109576.5,109212.8,109472.6,132526770.28330037
2025-09-26 16:44:59.727000+00:00,2025-09-26 16:30:00+00:00,continuous,109472.7,109500.0,109211.1,109289.3,60578030.74160035
2025-09-26 16:59:59.846000+00:00,2025-09-26 16:45:00+00:00,continuous,109289.0,109449.7,109252.0,109408.6,50241829.81860002
2025-09-26 17:14:59.651000+00:00,2025-09-26 17:00:00+00:00,continuous,109408.5,109546.5,109337.4,109521.7,95771799.54169975
2025-09-26 17:29:59.974000+00:00,2025-09-26 17:15:00+00:00,continuous,109521.6,109966.5,109460.9,109868.1,248260235.54769942
2025-09-26 17:44:59.857000+00:00,2025-09-26 17:30:00+00:00,continuous,109868.2,109910.4,109645.3,109893.6,168263092.70169967
2025-09-26 17:59:59.367000+00:00,2025-09-26 17:45:00+00:00,continuous,109893.5,109930.0,109700.0,109847.3,193603509.63049963
2025-09-26 18:14:59.871000+00:00,2025-09-26 18:00:00+00:00,continuous,109847.4,109952.0,109767.1,109940.5,139447006.6468997
2025-09-26 18:29:59.823000+00:00,2025-09-26 18:15:00+00:00,continuous,109940.5,110250.0,109940.4,110136.8,220317139.80940014
2025-09-26 18:44:59.894000+00:00,2025-09-26 18:30:00+00:00,continuous,110136.8,110140.6,109767.8,109812.9,140899062.16659912
2025-09-26 18:59:59.903000+00:00,2025-09-26 18:45:00+00:00,continuous,109812.9,109910.5,109643.6,109669.9,98582212.54730058
2025-09-26 19:14:59.971000+00:00,2025-09-26 19:00:00+00:00,continuous,109669.9,109669.9,109350.2,109466.9,276585719.38660014
2025-09-26 19:29:59.682000+00:00,2025-09-26 19:15:00+00:00,continuous,109466.8,109636.6,109220.6,109225.3,155360013.61449975
2025-09-26 19:44:59.699000+00:00,2025-09-26 19:30:00+00:00,continuous,109225.4,109276.5,108953.7,109032.0,241864021.05669847
2025-09-26 19:59:59.652000+00:00,2025-09-26 19:45:00+00:00,continuous,109032.0,109184.6,108966.8,109115.9,137293158.59109932
2025-09-26 20:14:59.450000+00:00,2025-09-26 20:00:00+00:00,continuous,109115.8,109260.0,109045.1,109248.6,93422390.72360054
2025-09-26 20:29:59.971000+00:00,2025-09-26 20:15:00+00:00,continuous,109248.5,109252.5,109028.7,109095.2,73502863.55940033
2025-09-26 20:44:58.340000+00:00,2025-09-26 20:30:00+00:00,continuous,109095.1,109183.4,109069.7,109115.6,36535439.106899954
2025-09-26 20:59:59.459000+00:00,2025-09-26 20:45:00+00:00,continuous,109115.6,109289.6,109115.6,109233.8,57867448.98250021
2025-09-26 21:14:59.906000+00:00,2025-09-26 21:00:00+00:00,continuous,109233.8,109405.0,109127.2,109405.0,47082374.45459987
2025-09-26 21:29:59.626000+00:00,2025-09-26 21:15:00+00:00,continuous,109405.0,109427.6,109264.7,109410.4,44255207.5544999
2025-09-26 21:44:59.893000+00:00,2025-09-26 21:30:00+00:00,continuous,109410.3,109410.4,109281.2,109281.3,29121525.437000073
2025-09-26 21:59:59.314000+00:00,2025-09-26 21:45:00+00:00,continuous,109281.2,109479.2,109250.2,109412.4,39568027.71459999
2025-09-26 22:14:59.291000+00:00,2025-09-26 22:00:00+00:00,continuous,109412.4,109488.3,109286.9,109460.4,67559995.92290002
2025-09-26 22:29:59.730000+00:00,2025-09-26 22:15:00+00:00,continuous,109460.4,109522.9,109391.6,109445.6,52071886.460200086
2025-09-26 22:44:59.470000+00:00,2025-09-26 22:30:00+00:00,continuous,109445.6,109504.1,109431.3,109474.5,52458121.67650019
2025-09-26 22:59:59.063000+00:00,2025-09-26 22:45:00+00:00,continuous,109474.6,109554.0,109461.4,109505.2,33537447.323700044
2025-09-26 23:14:59.811000+00:00,2025-09-26 23:00:00+00:00,continuous,109505.2,109505.3,109421.6,109428.5,29549618.844600003
2025-09-26 23:29:57.268000+00:00,2025-09-26 23:15:00+00:00,continuous,109428.4,109505.3,109373.4,109505.3,26128827.674300004
2025-09-26 23:44:58.888000+00:00,2025-09-26 23:30:00+00:00,continuous,109505.2,109633.0,109505.2,109613.4,66581685.48400015
2025-09-26 23:59:59.955000+00:00,2025-09-26 23:45:00+00:00,continuous,109613.3,109641.6,109578.1,109588.5,42813565.688500114
2025-09-27 00:14:59.641000+00:00,2025-09-27 00:00:00+00:00,continuous,109588.5,109600.3,109519.7,109541.0,55770870.9501994
2025-09-27 00:29:59.772000+00:00,2025-09-27 00:15:00+00:00,continuous,109541.0,109606.6,109448.0,109535.5,48690856.279899925
2025-09-27 00:44:59.785000+00:00,2025-09-27 00:30:00+00:00,continuous,109535.6,109551.4,109418.0,109432.3,52231111.21819985
2025-09-27 00:59:59.441000+00:00,2025-09-27 00:45:00+00:00,continuous,109432.2,109596.1,109432.2,109596.0,28456586.683800023
2025-09-27 01:14:59.992000+00:00,2025-09-27 01:00:00+00:00,continuous,109596.1,109607.0,109444.5,109472.0,54824421.7200998
2025-09-27 01:29:59.955000+00:00,2025-09-27 01:15:00+00:00,continuous,109472.0,109491.3,109377.0,109430.2,40033465.43150008
2025-09-27 01:44:59.845000+00:00,2025-09-27 01:30:00+00:00,continuous,109430.3,109470.9,109267.3,109282.1,93358074.08610013
2025-09-27 01:59:59.390000+00:00,2025-09-27 01:45:00+00:00,continuous,109282.2,109389.9,109282.1,109384.3,27134930.88590001
2025-09-27 02:14:59.893000+00:00,2025-09-27 02:00:00+00:00,continuous,109384.3,109432.3,109334.9,109384.3,30154595.980699845
2025-09-27 02:29:58.291000+00:00,2025-09-27 02:15:00+00:00,continuous,109384.3,109399.5,109277.4,109294.1,34144383.29850005
2025-09-27 02:44:58.268000+00:00,2025-09-27 02:30:00+00:00,continuous,109294.2,109400.0,109294.2,109395.3,20581841.152300004
2025-09-27 02:59:59.134000+00:00,2025-09-27 02:45:00+00:00,continuous,109395.4,109398.7,109329.8,109348.5,43241640.36250007
2025-09-27 03:14:57.893000+00:00,2025-09-27 03:00:00+00:00,continuous,109348.5,109424.8,109323.6,109392.8,43007306.67800049
2025-09-27 03:29:59.987000+00:00,2025-09-27 03:15:00+00:00,continuous,109392.9,109515.0,109392.8,109488.0,29847833.50430006
2025-09-27 03:44:59.892000+00:00,2025-09-27 03:30:00+00:00,continuous,109488.1,109700.0,109488.0,109585.3,153783545.4201998
2025-09-27 03:59:59.875000+00:00,2025-09-27 03:45:00+00:00,continuous,109585.2,109610.1,109470.3,109503.8,58772834.49170013
2025-09-27 04:14:59.389000+00:00,2025-09-27 04:00:00+00:00,continuous,109503.8,109586.4,109472.0,109492.1,43024475.63149988
2025-09-27 04:29:59.741000+00:00,2025-09-27 04:15:00+00:00,continuous,109492.2,109645.4,109460.9,109645.4,58841557.686500244
2025-09-27 04:44:59.809000+00:00,2025-09-27 04:30:00+00:00,continuous,109645.4,109694.2,109554.7,109554.7,49466673.23930005
2025-09-27 04:59:57.905000+00:00,2025-09-27 04:45:00+00:00,continuous,109554.8,109611.6,109550.4,109598.1,10237850.264299983
2025-09-27 05:14:59.556000+00:00,2025-09-27 05:00:00+00:00,continuous,109598.2,109598.2,109538.4,109560.4,16783482.430499904
2025-09-27 05:29:58.923000+00:00,2025-09-27 05:15:00+00:00,continuous,109560.4,109604.7,109544.8,109561.4,14912741.718700062
2025-09-27 05:44:59.758000+00:00,2025-09-27 05:30:00+00:00,continuous,109561.4,109631.2,109561.3,109603.5,29081229.532299776
2025-09-27 05:59:59.503000+00:00,2025-09-27 05:45:00+00:00,continuous,109603.4,109620.5,109555.0,109587.0,19094632.253700037
2025-09-27 06:14:59.115000+00:00,2025-09-27 06:00:00+00:00,continuous,109587.0,109587.0,109493.0,109521.6,39039466.19950006
2025-09-27 06:29:59.606000+00:00,2025-09-27 06:15:00+00:00,continuous,109521.6,109521.7,109470.9,109494.4,25699244.751100086
2025-09-27 06:44:59.994000+00:00,2025-09-27 06:30:00+00:00,continuous,109494.4,109494.4,109437.4,109437.4,28530541.19989993
2025-09-27 06:59:59.062000+00:00,2025-09-27 06:45:00+00:00,continuous,109437.5,109488.6,109432.2,109488.6,13536928.294500045
2025-09-27 07:14:59.827000+00:00,2025-09-27 07:00:00+00:00,continuous,109488.6,109509.6,109465.3,109507.5,22659355.68720011
2025-09-27 07:29:59.499000+00:00,2025-09-27 07:15:00+00:00,continuous,109507.6,109517.4,109441.5,109441.5,21004952.68180004
2025-09-27 07:44:59.903000+00:00,2025-09-27 07:30:00+00:00,continuous,109441.6,109441.6,109326.1,109327.6,47941421.08550007
2025-09-27 07:59:59.903000+00:00,2025-09-27 07:45:00+00:00,continuous,109327.7,109364.8,109284.3,109354.8,34879198.89970004
2025-09-27 08:14:59.878000+00:00,2025-09-27 08:00:00+00:00,continuous,109354.9,109354.9,109216.7,109239.2,95014618.35619992
2025-09-27 08:29:59.800000+00:00,2025-09-27 08:15:00+00:00,continuous,109238.8,109313.2,109218.0,109313.2,72357088.95430015
2025-09-27 08:44:59.913000+00:00,2025-09-27 08:30:00+00:00,continuous,109313.2,109313.2,109256.7,109270.2,44002796.38939973
2025-09-27 08:59:59.839000+00:00,2025-09-27 08:45:00+00:00,continuous,109270.1,109288.4,109205.2,109205.2,25137645.16370007
2025-09-27 09:14:59.928000+00:00,2025-09-27 09:00:00+00:00,continuous,109205.3,109238.6,109116.0,109127.3,76923857.7352996
2025-09-27 09:29:58.180000+00:00,2025-09-27 09:15:00+00:00,continuous,109127.4,109127.4,109021.9,109038.8,87148123.27069983
2025-09-27 09:44:57.315000+00:00,2025-09-27 09:30:00+00:00,continuous,109038.8,109246.6,109038.7,109234.4,62048195.32359977
2025-09-27 09:59:59.559000+00:00,2025-09-27 09:45:00+00:00,continuous,109234.4,109309.7,109191.0,109250.0,58146337.91689988
2025-09-27 10:14:57.583000+00:00,2025-09-27 10:00:00+00:00,continuous,109250.0,109269.9,109218.0,109248.7,27606675.18929998
2025-09-27 10:29:59.970000+00:00,2025-09-27 10:15:00+00:00,continuous,109248.7,109254.3,109205.3,109239.8,29257316.43879999
2025-09-27 10:44:59.258000+00:00,2025-09-27 10:30:00+00:00,continuous,109239.8,109449.2,109239.7,109356.1,115766803.68930025
2025-09-27 10:59:59.293000+00:00,2025-09-27 10:45:00+00:00,continuous,109356.1,109433.6,109348.0,109385.4,58328604.43879995
2025-09-27 11:14:59.343000+00:00,2025-09-27 11:00:00+00:00,continuous,109385.4,109401.9,109287.9,109287.9,27488989.047799878
2025-09-27 11:29:59.768000+00:00,2025-09-27 11:15:00+00:00,continuous,109287.9,109306.3,109250.1,109286.0,24754270.19130013
2025-09-27 11:44:59.605000+00:00,2025-09-27 11:30:00+00:00,continuous,109286.0,109296.7,109244.7,109247.5,10779652.357299995
2025-09-27 11:59:59.457000+00:00,2025-09-27 11:45:00+00:00,continuous,109247.6,109265.9,109237.0,109265.8,15939336.134199938
2025-09-27 12:14:59.983000+00:00,2025-09-27 12:00:00+00:00,continuous,109265.8,109283.3,109193.6,109213.1,41586563.32529998
2025-09-27 12:29:59.659000+00:00,2025-09-27 12:15:00+00:00,continuous,109213.0,109255.0,109201.0,109212.8,13601720.829200115
2025-09-27 12:44:59.767000+00:00,2025-09-27 12:30:00+00:00,continuous,109212.7,109395.2,109190.8,109362.3,73392186.26520018
2025-09-27 12:59:59.717000+00:00,2025-09-27 12:45:00+00:00,continuous,109362.4,109444.2,109311.0,109355.2,79333744.90919982
2025-09-27 13:14:59.806000+00:00,2025-09-27 13:00:00+00:00,continuous,109355.2,109372.7,109265.0,109265.0,67222272.06409995
2025-09-27 13:29:59.085000+00:00,2025-09-27 13:15:00+00:00,continuous,109265.0,109343.4,109265.0,109320.2,29592777.508599956
2025-09-27 13:44:59.049000+00:00,2025-09-27 13:30:00+00:00,continuous,109320.1,109320.2,109267.2,109317.7,32007390.007600017
2025-09-27 13:59:59.821000+00:00,2025-09-27 13:45:00+00:00,continuous,109317.7,109329.6,109264.9,109264.9,21304752.651499905
2025-09-27 14:14:59.851000+00:00,2025-09-27 14:00:00+00:00,continuous,109264.9,109346.0,109264.9,109306.9,23131326.481600072
2025-09-27 14:29:59.988000+00:00,2025-09-27 14:15:00+00:00,continuous,109306.9,109307.0,109264.9,109278.5,19479510.9624001
2025-09-27 14:44:59.517000+00:00,2025-09-27 14:30:00+00:00,continuous,109278.6,109312.5,109248.4,109248.5,24591722.06900012
2025-09-27 14:59:59.986000+00:00,2025-09-27 14:45:00+00:00,continuous,109248.4,109261.6,109201.3,109244.0,49307923.49249973
2025-09-27 15:14:59.438000+00:00,2025-09-27 15:00:00+00:00,continuous,109243.9,109244.0,109145.0,109182.9,90090587.21430019
2025-09-27 15:29:59.669000+00:00,2025-09-27 15:15:00+00:00,continuous,109182.9,109287.8,109177.7,109215.9,78363958.40019982
2025-09-27 15:44:59.813000+00:00,2025-09-27 15:30:00+00:00,continuous,109215.9,109346.0,109165.1,109287.2,63540974.84019995
2025-09-27 15:59:59.612000+00:00,2025-09-27 15:45:00+00:00,continuous,109287.2,109384.6,109263.4,109340.7,63658750.1127999
2025-09-27 16:14:57.059000+00:00,2025-09-27 16:00:00+00:00,continuous,109340.8,109369.6,109277.7,109290.8,63699113.10220005
2025-09-27 16:29:59.273000+00:00,2025-09-27 16:15:00+00:00,continuous,109290.8,109367.1,109260.0,109332.8,33153793.28930019
2025-09-27 16:44:59.888000+00:00,2025-09-27 16:30:00+00:00,continuous,109332.7,109380.0,109289.6,109313.7,35533544.29830016
2025-09-27 16:59:59.880000+00:00,2025-09-27 16:45:00+00:00,continuous,109313.6,109364.0,109255.6,109338.2,60291047.903100036
2025-09-27 17:14:58.886000+00:00,2025-09-27 17:00:00+00:00,continuous,109338.3,109347.7,109236.5,109275.0,56279590.303899586
2025-09-27 17:29:59.846000+00:00,2025-09-27 17:15:00+00:00,continuous,109275.0,109280.0,109188.1,109254.3,52578439.048300065
2025-09-27 17:44:55.673000+00:00,2025-09-27 17:30:00+00:00,continuous,109254.3,109329.4,109233.3,109289.4,43963874.72800004
2025-09-27 17:59:58.790000+00:00,2025-09-27 17:45:00+00:00,continuous,109289.4,109371.7,109224.8,109331.4,49994156.352700025
2025-09-27 18:14:59.704000+00:00,2025-09-27 18:00:00+00:00,continuous,109330.9,109384.6,109291.4,109365.7,56708047.025899865
2025-09-27 18:29:59.894000+00:00,2025-09-27 18:15:00+00:00,continuous,109365.8,109374.9,109345.3,109366.9,16358408.011299979
2025-09-27 18:44:57.560000+00:00,2025-09-27 18:30:00+00:00,continuous,109367.0,109375.0,109324.5,109329.3,20238889.34060005
2025-09-27 18:59:59.986000+00:00,2025-09-27 18:45:00+00:00,continuous,109329.3,109397.6,109329.3,109383.2,13873746.595800003
2025-09-27 19:14:58.102000+00:00,2025-09-27 19:00:00+00:00,continuous,109383.3,109394.2,109371.9,109371.9,8187830.542700031
2025-09-27 19:29:59.332000+00:00,2025-09-27 19:15:00+00:00,continuous,109371.9,109390.0,109345.5,109370.6,25044652.127700225
2025-09-27 19:44:57.171000+00:00,2025-09-27 19:30:00+00:00,continuous,109370.7,109384.2,109331.4,109348.0,21420439.421499975
2025-09-27 19:59:59.487000+00:00,2025-09-27 19:45:00+00:00,continuous,109348.0,109371.7,109347.9,109369.3,7955370.218500025
2025-09-27 20:14:59.894000+00:00,2025-09-27 20:00:00+00:00,continuous,109369.4,109388.8,109322.0,109340.3,20880989.84950007
2025-09-27 20:29:59.894000+00:00,2025-09-27 20:15:00+00:00,continuous,109340.3,109340.4,109305.5,109315.9,11116005.440299943
2025-09-27 20:44:58.305000+00:00,2025-09-27 20:30:00+00:00,continuous,109316.0,109371.5,109315.9,109342.8,13151096.079500038
2025-09-27 20:59:58.284000+00:00,2025-09-27 20:45:00+00:00,continuous,109342.7,109342.8,109333.3,109333.3,7499267.072299991
2025-09-27 21:14:58.497000+00:00,2025-09-27 21:00:00+00:00,continuous,109333.4,109338.1,109333.3,109338.1,11332495.704799984
2025-09-27 21:29:58.894000+00:00,2025-09-27 21:15:00+00:00,continuous,109338.0,109383.3,109338.0,109383.3,20480676.947300147
2025-09-27 21:44:56.953000+00:00,2025-09-27 21:30:00+00:00,continuous,109383.3,109435.4,109383.2,109396.3,35095748.87550012
2025-09-27 21:59:59.416000+00:00,2025-09-27 21:45:00+00:00,continuous,109396.4,109420.3,109396.3,109420.3,10856312.24730001
2025-09-27 22:14:59.934000+00:00,2025-09-27 22:00:00+00:00,continuous,109420.2,109567.6,109420.2,109567.6,85075783.8133998
2025-09-27 22:29:59.711000+00:00,2025-09-27 22:15:00+00:00,continuous,109567.5,109653.2,109558.9,109653.2,58647379.44329983
2025-09-27 22:44:59.975000+00:00,2025-09-27 22:30:00+00:00,continuous,109653.2,109653.2,109531.4,109538.5,47569547.66830011
2025-09-27 22:59:59.941000+00:00,2025-09-27 22:45:00+00:00,continuous,109538.6,109550.6,109452.0,109550.6,28840334.884400066
2025-09-27 23:14:59.177000+00:00,2025-09-27 23:00:00+00:00,continuous,109550.6,109590.0,109480.0,109540.6,29651408.625799872
2025-09-27 23:29:58.132000+00:00,2025-09-27 23:15:00+00:00,continuous,109540.6,109540.7,109399.3,109486.3,43908959.308899984
2025-09-27 23:44:58.673000+00:00,2025-09-27 23:30:00+00:00,continuous,109486.3,109556.5,109486.2,109545.7,21139066.633700058
2025-09-27 23:59:59.352000+00:00,2025-09-27 23:45:00+00:00,continuous,109545.6,109627.2,109541.1,109577.3,23201226.220999964
2025-09-28 00:14:59.860000+00:00,2025-09-28 00:00:00+00:00,continuous,109577.2,109620.0,109489.6,109510.0,46037985.333599836
2025-09-28 00:29:59.500000+00:00,2025-09-28 00:15:00+00:00,continuous,109510.0,109749.9,109503.1,109728.1,67036057.60829978
2025-09-28 00:44:59.456000+00:00,2025-09-28 00:30:00+00:00,continuous,109728.1,109737.2,109518.0,109617.1,67477418.51339996
2025-09-28 00:59:59.638000+00:00,2025-09-28 00:45:00+00:00,continuous,109617.1,109655.9,109501.9,109556.3,88795702.81699951
2025-09-28 01:14:59.182000+00:00,2025-09-28 01:00:00+00:00,continuous,109556.3,109608.3,109412.9,109435.6,127833411.77869968
2025-09-28 01:29:59.785000+00:00,2025-09-28 01:15:00+00:00,continuous,109435.6,109506.3,109408.0,109441.2,92170851.21089973
2025-09-28 01:44:59.668000+00:00,2025-09-28 01:30:00+00:00,continuous,109441.2,109489.7,109310.0,109378.6,78662523.54070048
2025-09-28 01:59:59.855000+00:00,2025-09-28 01:45:00+00:00,continuous,109378.6,109387.1,109284.1,109305.6,114808854.46910031
2025-09-28 02:14:59.570000+00:00,2025-09-28 02:00:00+00:00,continuous,109305.5,109405.0,109296.0,109328.1,34337068.3746
2025-09-28 02:29:59.984000+00:00,2025-09-28 02:15:00+00:00,continuous,109328.2,109445.0,109317.2,109445.0,48176180.28119974
2025-09-28 02:44:59.204000+00:00,2025-09-28 02:30:00+00:00,continuous,109445.0,109496.4,109380.1,109405.3,51456814.9834
2025-09-28 02:59:59.224000+00:00,2025-09-28 02:45:00+00:00,continuous,109405.4,109413.3,109342.9,109398.8,29221402.44100006
2025-09-28 03:14:59.934000+00:00,2025-09-28 03:00:00+00:00,continuous,109398.9,109489.2,109398.9,109432.8,41688577.25789999
2025-09-28 03:29:59.531000+00:00,2025-09-28 03:15:00+00:00,continuous,109432.7,109443.4,109405.0,109410.3,17883428.987199962
2025-09-28 03:44:58.671000+00:00,2025-09-28 03:30:00+00:00,continuous,109410.3,109433.2,109364.2,109365.5,21816652.76760012
2025-09-28 03:59:59.519000+00:00,2025-09-28 03:45:00+00:00,continuous,109365.4,109397.3,109365.4,109397.3,10224170.210200002
2025-09-28 04:14:59.391000+00:00,2025-09-28 04:00:00+00:00,continuous,109397.3,109445.1,109381.1,109417.6,18770516.01050011
2025-09-28 04:29:59.936000+00:00,2025-09-28 04:15:00+00:00,continuous,109417.6,109439.0,109316.3,109316.4,24822166.009999886
2025-09-28 04:44:59.920000+00:00,2025-09-28 04:30:00+00:00,continuous,109316.3,109352.1,109315.5,109329.4,18255814.58099997
2025-09-28 04:59:57.737000+00:00,2025-09-28 04:45:00+00:00,continuous,109329.3,109329.4,109316.1,109329.4,11380242.87480001
2025-09-28 05:14:59.976000+00:00,2025-09-28 05:00:00+00:00,continuous,109329.4,109345.0,109302.0,109302.0,22764715.89860007
2025-09-28 05:29:59.067000+00:00,2025-09-28 05:15:00+00:00,continuous,109302.1,109351.6,109302.0,109346.9,19563820.356800094
2025-09-28 05:44:59.884000+00:00,2025-09-28 05:30:00+00:00,continuous,109347.0,109349.5,109300.0,109302.2,15188695.870600054
2025-09-28 05:59:59.973000+00:00,2025-09-28 05:45:00+00:00,continuous,109302.2,109303.4,109292.0,109303.2,16449786.555699991
2025-09-28 06:14:59.613000+00:00,2025-09-28 06:00:00+00:00,continuous,109303.3,109338.5,109302.4,109332.9,14011437.857800018
2025-09-28 06:29:59.954000+00:00,2025-09-28 06:15:00+00:00,continuous,109332.8,109332.9,109227.2,109227.2,32559386.013299957
2025-09-28 06:44:59.214000+00:00,2025-09-28 06:30:00+00:00,continuous,109227.2,109410.4,109203.9,109386.8,54007373.87359982
2025-09-28 06:59:59.966000+00:00,2025-09-28 06:45:00+00:00,continuous,109386.8,109386.9,109329.6,109358.7,21773468.686699837
2025-09-28 07:14:59.441000+00:00,2025-09-28 07:00:00+00:00,continuous,109358.8,109365.3,109294.2,109323.4,19856283.536899965
2025-09-28 07:29:59.336000+00:00,2025-09-28 07:15:00+00:00,continuous,109323.4,109450.0,109323.3,109402.3,65435467.51210013
2025-09-28 07:44:59.687000+00:00,2025-09-28 07:30:00+00:00,continuous,109402.3,109456.6,109393.0,109417.2,36667238.49130003
2025-09-28 07:59:59.537000+00:00,2025-09-28 07:45:00+00:00,continuous,109417.2,109500.0,109417.2,109468.5,49044587.011500224
2025-09-28 08:14:59.989000+00:00,2025-09-28 08:00:00+00:00,continuous,109468.4,109544.8,109430.5,109457.7,39950681.521899834
2025-09-28 08:29:59.526000+00:00,2025-09-28 08:15:00+00:00,continuous,109457.8,109489.3,109372.8,109484.3,67638746.12610005
2025-09-28 08:44:58.984000+00:00,2025-09-28 08:30:00+00:00,continuous,109484.3,109505.9,109427.0,109476.3,50171376.26810049
2025-09-28 08:59:59.455000+00:00,2025-09-28 08:45:00+00:00,continuous,109476.4,109531.7,109460.0,109462.7,50013026.00180014
2025-09-28 09:14:59.785000+00:00,2025-09-28 09:00:00+00:00,continuous,109462.7,109500.0,109309.2,109309.3,80716712.22029969
2025-09-28 09:29:59.891000+00:00,2025-09-28 09:15:00+00:00,continuous,109309.3,109410.7,109279.9,109405.4,62624050.29779992
2025-09-28 09:44:59.900000+00:00,2025-09-28 09:30:00+00:00,continuous,109405.4,109520.4,109394.4,109520.4,85495650.87769966
2025-09-28 09:59:59.434000+00:00,2025-09-28 09:45:00+00:00,continuous,109520.3,109520.4,109441.9,109477.5,50696463.09000005
2025-09-28 10:14:59.892000+00:00,2025-09-28 10:00:00+00:00,continuous,109477.4,109477.5,109363.6,109402.4,45478824.95449998
2025-09-28 10:29:59.113000+00:00,2025-09-28 10:15:00+00:00,continuous,109402.4,109429.7,109377.3,109392.2,20368655.20900004
2025-09-28 10:44:58.986000+00:00,2025-09-28 10:30:00+00:00,continuous,109392.2,109417.0,109316.5,109349.7,42895492.092599966
2025-09-28 10:59:57.390000+00:00,2025-09-28 10:45:00+00:00,continuous,109349.7,109355.4,109313.1,109323.4,18410919.647699945
2025-09-28 11:14:59.373000+00:00,2025-09-28 11:00:00+00:00,continuous,109323.4,109329.0,109271.1,109280.1,31591631.092400074
2025-09-28 11:29:59.251000+00:00,2025-09-28 11:15:00+00:00,continuous,109280.0,109282.7,109188.0,109225.6,115945508.73859988
2025-09-28 11:44:58.753000+00:00,2025-09-28 11:30:00+00:00,continuous,109225.6,109294.3,109224.2,109244.7,34820854.279699914
2025-09-28 11:59:59.271000+00:00,2025-09-28 11:45:00+00:00,continuous,109244.8,109399.0,109200.0,109319.9,60346622.1383998
2025-09-28 12:14:58.765000+00:00,2025-09-28 12:00:00+00:00,continuous,109319.9,109396.9,109303.7,109381.0,92105012.43009982
2025-09-28 12:29:59.689000+00:00,2025-09-28 12:15:00+00:00,continuous,109380.9,109390.0,109314.7,109383.6,51960806.79510003
2025-09-28 12:44:59.432000+00:00,2025-09-28 12:30:00+00:00,continuous,109383.5,109400.0,109156.0,109189.9,82015467.55490002
2025-09-28 12:59:59.972000+00:00,2025-09-28 12:45:00+00:00,continuous,109190.0,109291.3,109136.5,109266.9,172291663.87410125
2025-09-28 13:14:59.922000+00:00,2025-09-28 13:00:00+00:00,continuous,109266.8,109392.7,109266.8,109367.5,64470723.87290003
2025-09-28 13:29:59.866000+00:00,2025-09-28 13:15:00+00:00,continuous,109367.5,109447.0,109325.2,109429.9,78260774.78179963
2025-09-28 13:44:59.787000+00:00,2025-09-28 13:30:00+00:00,continuous,109429.8,109580.4,109411.3,109550.2,141906974.7962005
2025-09-28 13:59:59.379000+00:00,2025-09-28 13:45:00+00:00,continuous,109550.2,109625.1,109523.6,109580.9,91093621.89589956
2025-09-28 14:14:59.615000+00:00,2025-09-28 14:00:00+00:00,continuous,109580.8,109580.9,109455.9,109479.6,80191158.9988992
2025-09-28 14:29:59.812000+00:00,2025-09-28 14:15:00+00:00,continuous,109479.5,109673.9,109479.5,109665.9,73700171.37549993
2025-09-28 14:44:59.890000+00:00,2025-09-28 14:30:00+00:00,continuous,109665.9,109700.0,109580.4,109641.0,82037981.63399945
2025-09-28 14:59:59.858000+00:00,2025-09-28 14:45:00+00:00,continuous,109641.1,109842.9,109627.4,109801.2,238071998.1856989
2025-09-28 15:14:59.748000+00:00,2025-09-28 15:00:00+00:00,continuous,109801.2,109871.0,109656.5,109718.3,206729199.78360012
2025-09-28 15:29:59.681000+00:00,2025-09-28 15:15:00+00:00,continuous,109718.3,109857.0,109718.2,109857.0,77873713.20019989
2025-09-28 15:44:59.680000+00:00,2025-09-28 15:30:00+00:00,continuous,109857.0,109883.0,109747.2,109883.0,106258222.89319997
2025-09-28 15:59:59.970000+00:00,2025-09-28 15:45:00+00:00,continuous,109883.0,109990.0,109853.6,109990.0,154233953.56380072
2025-09-28 16:14:59.926000+00:00,2025-09-28 16:00:00+00:00,continuous,109989.9,110350.0,109989.9,110143.0,295534766.39390177
2025-09-28 16:29:59.572000+00:00,2025-09-28 16:15:00+00:00,continuous,110143.1,110177.7,109992.2,110094.0,164169837.27320006
2025-09-28 16:44:59.917000+00:00,2025-09-28 16:30:00+00:00,continuous,110094.0,110145.8,109952.2,110103.5,95996828.25680012
2025-09-28 16:59:59.996000+00:00,2025-09-28 16:45:00+00:00,continuous,110103.4,110187.9,110091.5,110172.5,56715233.62320008
2025-09-28 17:14:59.755000+00:00,2025-09-28 17:00:00+00:00,continuous,110172.5,110324.5,110144.6,110279.8,132860899.11080089
2025-09-28 17:29:59.215000+00:00,2025-09-28 17:15:00+00:00,continuous,110279.8,110297.6,110074.4,110146.7,125168945.01639962
2025-09-28 17:44:59.938000+00:00,2025-09-28 17:30:00+00:00,continuous,110146.6,110325.7,110121.0,110274.8,108776133.0289006
2025-09-28 17:59:59.940000+00:00,2025-09-28 17:45:00+00:00,continuous,110274.8,110314.6,110139.6,110153.5,78896883.02129948
2025-09-28 18:14:58.521000+00:00,2025-09-28 18:00:00+00:00,continuous,110153.4,110195.4,110003.0,110057.3,107233820.18789956
2025-09-28 18:29:59.281000+00:00,2025-09-28 18:15:00+00:00,continuous,110057.2,110139.6,110057.2,110082.3,36156225.71389997
2025-09-28 18:44:59.968000+00:00,2025-09-28 18:30:00+00:00,continuous,110082.3,110143.4,110074.7,110137.4,25738746.371499926
2025-09-28 18:59:59.873000+00:00,2025-09-28 18:45:00+00:00,continuous,110137.5,110237.5,110137.4,110237.5,26778743.09479989
2025-09-28 19:14:59.713000+00:00,2025-09-28 19:00:00+00:00,continuous,110237.5,110284.3,110063.7,110063.8,37099398.65400011
2025-09-28 19:29:59.875000+00:00,2025-09-28 19:15:00+00:00,continuous,110063.7,110293.8,110060.0,110290.0,31397086.271300174
2025-09-28 19:44:59.894000+00:00,2025-09-28 19:30:00+00:00,continuous,110290.2,110290.3,110232.9,110282.5,40431509.98969983
2025-09-28 19:59:59.319000+00:00,2025-09-28 19:45:00+00:00,continuous,110282.4,110333.0,110240.7,110281.6,22293138.460600033
2025-09-28 20:14:59.087000+00:00,2025-09-28 20:00:00+00:00,continuous,110281.7,110390.5,110236.6,110377.7,58552494.340099975
2025-09-28 20:29:59.856000+00:00,2025-09-28 20:15:00+00:00,continuous,110377.8,110598.0,110350.0,110590.3,166396903.16959926
2025-09-28 20:44:59.938000+00:00,2025-09-28 20:30:00+00:00,continuous,110590.3,110888.0,110590.3,110877.8,283052398.3962968
2025-09-28 20:59:58.767000+00:00,2025-09-28 20:45:00+00:00,continuous,110877.7,110887.8,110676.8,110748.0,103914847.06799984
2025-09-28 21:14:59.804000+00:00,2025-09-28 21:00:00+00:00,continuous,110748.0,110835.8,110748.0,110800.0,60146782.642900206
2025-09-28 21:29:59.808000+00:00,2025-09-28 21:15:00+00:00,continuous,110799.9,110800.0,110654.0,110661.7,50730089.40769995
2025-09-28 21:44:59.297000+00:00,2025-09-28 21:30:00+00:00,continuous,110661.8,110661.8,110568.7,110626.0,44533865.91029997
2025-09-28 21:59:59.848000+00:00,2025-09-28 21:45:00+00:00,continuous,110625.9,110788.2,110625.9,110788.1,28291134.745400004
2025-09-28 22:14:59.900000+00:00,2025-09-28 22:00:00+00:00,continuous,110788.1,111487.0,110788.1,111411.8,620982504.4035031
2025-09-28 22:29:59.750000+00:00,2025-09-28 22:15:00+00:00,continuous,111411.9,111777.0,111373.3,111682.6,374582770.28099763
2025-09-28 22:44:59.923000+00:00,2025-09-28 22:30:00+00:00,continuous,111682.5,111929.8,111669.5,111849.9,261353721.94340163
2025-09-28 22:59:59.826000+00:00,2025-09-28 22:45:00+00:00,continuous,111850.0,111981.2,111800.0,111881.5,182306829.81410053
2025-09-28 23:14:59.988000+00:00,2025-09-28 23:00:00+00:00,continuous,111881.4,112300.0,111881.4,112050.3,506303436.8323998
2025-09-28 23:29:59.819000+00:00,2025-09-28 23:15:00+00:00,continuous,112050.4,112197.2,111914.0,112050.0,175481729.2964997
2025-09-28 23:44:59.881000+00:00,2025-09-28 23:30:00+00:00,continuous,112050.0,112213.2,111968.4,112194.8,94776793.11659977
2025-09-28 23:59:59.864000+00:00,2025-09-28 23:45:00+00:00,continuous,112194.8,112213.2,111987.8,112119.6,95843479.48109975
2025-09-29 00:14:59.889000+00:00,2025-09-29 00:00:00+00:00,continuous,112119.7,112220.0,111989.4,112053.7,139508608.21000046
2025-09-29 00:29:59.330000+00:00,2025-09-29 00:15:00+00:00,continuous,112053.6,112269.3,111916.0,112146.2,122547087.74800009
2025-09-29 00:44:59.779000+00:00,2025-09-29 00:30:00+00:00,continuous,112146.2,112227.1,111946.6,112007.5,91619434.5218997
2025-09-29 00:59:59.715000+00:00,2025-09-29 00:45:00+00:00,continuous,112007.4,112238.9,111989.8,112211.2,98360300.6090997
2025-09-29 01:14:59.923000+00:00,2025-09-29 01:00:00+00:00,continuous,112211.2,112259.8,112058.5,112198.6,83787991.75740021
2025-09-29 01:29:59.917000+00:00,2025-09-29 01:15:00+00:00,continuous,112198.7,112266.2,111967.3,111994.3,121659900.97760032
2025-09-29 01:44:59.841000+00:00,2025-09-29 01:30:00+00:00,continuous,111994.2,112060.3,111954.5,111995.0,67677273.01220019
2025-09-29 01:59:59.854000+00:00,2025-09-29 01:45:00+00:00,continuous,111995.0,111995.0,111652.7,111800.7,402660094.6720007
2025-09-29 02:14:59.985000+00:00,2025-09-29 02:00:00+00:00,continuous,111800.7,111839.9,111664.5,111765.1,169552256.88139924
2025-09-29 02:29:59.198000+00:00,2025-09-29 02:15:00+00:00,continuous,111765.1,111975.5,111717.8,111827.5,117902342.55670013
2025-09-29 02:44:59.894000+00:00,2025-09-29 02:30:00+00:00,continuous,111827.5,111878.8,111578.5,111605.8,162129595.32070023
2025-09-29 02:59:59.061000+00:00,2025-09-29 02:45:00+00:00,continuous,111605.9,111716.4,111562.0,111690.8,114999969.70700051
2025-09-29 03:14:59.842000+00:00,2025-09-29 03:00:00+00:00,continuous,111690.8,111690.8,111517.3,111535.5,116626461.51710019
2025-09-29 03:29:59.861000+00:00,2025-09-29 03:15:00+00:00,continuous,111535.4,111720.0,111535.4,111700.0,131194027.9620001
2025-09-29 03:44:59.346000+00:00,2025-09-29 03:30:00+00:00,continuous,111700.0,111710.0,111650.0,111651.0,42876893.1119998
2025-09-29 03:59:59.741000+00:00,2025-09-29 03:45:00+00:00,continuous,111651.0,111817.9,111621.1,111817.9,113976437.87169987
2025-09-29 04:14:59.819000+00:00,2025-09-29 04:00:00+00:00,continuous,111817.9,111846.1,111736.1,111747.7,162349645.84959915
2025-09-29 04:29:59.987000+00:00,2025-09-29 04:15:00+00:00,continuous,111747.7,111800.0,111692.3,111759.6,79426987.73600061
2025-09-29 04:44:59.878000+00:00,2025-09-29 04:30:00+00:00,continuous,111759.6,111854.6,111750.0,111814.0,36289201.48149984
2025-09-29 04:59:59.706000+00:00,2025-09-29 04:45:00+00:00,continuous,111814.0,111860.0,111752.6,111752.7,40184993.01460006
2025-09-29 05:14:59.601000+00:00,2025-09-29 05:00:00+00:00,continuous,111752.6,111769.0,111562.6,111632.3,102917856.31640017
2025-09-29 05:29:59.964000+00:00,2025-09-29 05:15:00+00:00,continuous,111632.3,111658.8,111508.7,111579.1,115740246.13190015
2025-09-29 05:44:59.819000+00:00,2025-09-29 05:30:00+00:00,continuous,111579.0,111661.5,111533.2,111650.4,46711724.78719973
2025-09-29 05:59:59.823000+00:00,2025-09-29 05:45:00+00:00,continuous,111650.4,111731.5,111642.3,111699.9,48204501.38470025
2025-09-29 06:14:59.888000+00:00,2025-09-29 06:00:00+00:00,continuous,111700.0,111742.9,111603.5,111665.1,70734044.46390003
2025-09-29 06:29:59.857000+00:00,2025-09-29 06:15:00+00:00,continuous,111665.0,111787.0,111655.4,111741.7,78747504.79260021
2025-09-29 06:44:59.989000+00:00,2025-09-29 06:30:00+00:00,continuous,111741.7,111811.1,111682.1,111682.2,64966909.391300015
2025-09-29 06:59:59.933000+00:00,2025-09-29 06:45:00+00:00,continuous,111682.1,111698.7,111561.3,111580.1,110322073.25560004
2025-09-29 07:14:59.764000+00:00,2025-09-29 07:00:00+00:00,continuous,111580.0,111685.1,111563.7,111578.0,99825912.13290036
2025-09-29 07:29:59.686000+00:00,2025-09-29 07:15:00+00:00,continuous,111577.9,111598.6,111501.0,111545.0,105510889.05210063
2025-09-29 07:44:59.693000+00:00,2025-09-29 07:30:00+00:00,continuous,111544.9,111742.9,111539.0,111677.0,129923595.394301
2025-09-29 07:59:59.404000+00:00,2025-09-29 07:45:00+00:00,continuous,111677.1,111814.8,111642.8,111814.7,106755192.89430074
2025-09-29 08:14:59.712000+00:00,2025-09-29 08:00:00+00:00,continuous,111814.8,112088.4,111814.7,111926.1,337389329.7661997
2025-09-29 08:29:59.947000+00:00,2025-09-29 08:15:00+00:00,continuous,111926.2,112163.3,111913.9,112147.0,133322981.61759946
2025-09-29 08:44:59.833000+00:00,2025-09-29 08:30:00+00:00,continuous,112147.0,112210.0,112044.6,112210.0,126574890.71319938
2025-09-29 08:59:59.733000+00:00,2025-09-29 08:45:00+00:00,continuous,112209.9,112381.3,112028.4,112033.4,207514252.69500032
2025-09-29 09:14:59.706000+00:00,2025-09-29 09:00:00+00:00,continuous,112033.5,112110.0,111972.6,111972.6,91214147.57399969
2025-09-29 09:29:59.912000+00:00,2025-09-29 09:15:00+00:00,continuous,111972.6,112128.0,111927.4,112108.8,74759484.70749976
2025-09-29 09:44:59.933000+00:00,2025-09-29 09:30:00+00:00,continuous,112108.8,112166.2,111992.4,112002.3,62499381.72260008
2025-09-29 09:59:59.717000+00:00,2025-09-29 09:45:00+00:00,continuous,112002.4,112092.0,111987.0,112050.0,34201361.32220008
2025-09-29 10:14:59.695000+00:00,2025-09-29 10:00:00+00:00,continuous,112049.9,112106.5,112029.0,112099.9,82398965.73890002
2025-09-29 10:29:59.157000+00:00,2025-09-29 10:15:00+00:00,continuous,112099.9,112185.4,112052.4,112172.8,64436498.325500034
2025-09-29 10:44:59.666000+00:00,2025-09-29 10:30:00+00:00,continuous,112172.8,112180.1,111972.4,112001.9,121906791.84230007
2025-09-29 10:59:59.703000+00:00,2025-09-29 10:45:00+00:00,continuous,112001.8,112124.0,111999.1,112034.9,49419683.34379977
2025-09-29 11:14:59.960000+00:00,2025-09-29 11:00:00+00:00,continuous,112034.9,112059.4,111862.1,111862.1,138123558.76399928
2025-09-29 11:29:59.934000+00:00,2025-09-29 11:15:00+00:00,continuous,111862.1,112031.2,111862.1,111903.4,97785497.75220022
2025-09-29 11:44:59.932000+00:00,2025-09-29 11:30:00+00:00,continuous,111903.4,112061.4,111894.5,112050.0,81407972.9919004
2025-09-29 11:59:59.891000+00:00,2025-09-29 11:45:00+00:00,continuous,112050.0,112069.7,112002.8,112052.0,49313986.72430008
2025-09-29 12:14:59.799000+00:00,2025-09-29 12:00:00+00:00,continuous,112052.0,112104.2,111990.8,112104.2,51129550.3892
2025-09-29 12:29:59.824000+00:00,2025-09-29 12:15:00+00:00,continuous,112104.2,112337.9,112070.5,112318.6,132380893.83700004
2025-09-29 12:44:59.851000+00:00,2025-09-29 12:30:00+00:00,continuous,112318.7,112492.2,111950.0,112057.0,248896852.08120057
2025-09-29 12:59:59.994000+00:00,2025-09-29 12:45:00+00:00,continuous,112057.0,112181.0,111881.3,111972.6,116879823.33180001
2025-09-29 13:14:59.935000+00:00,2025-09-29 13:00:00+00:00,continuous,111972.3,112069.4,111844.3,112058.0,161891601.41720057
2025-09-29 13:29:59.895000+00:00,2025-09-29 13:15:00+00:00,continuous,112057.9,112266.0,112057.9,112122.3,163858291.61860123
2025-09-29 13:44:59.993000+00:00,2025-09-29 13:30:00+00:00,continuous,112122.3,113283.7,112025.2,113240.4,1049329798.2484003
2025-09-29 13:59:59.660000+00:00,2025-09-29 13:45:00+00:00,continuous,113240.3,113443.6,113011.8,113168.2,769853866.0855999
2025-09-29 14:14:59.865000+00:00,2025-09-29 14:00:00+00:00,continuous,113168.1,113775.5,113136.8,113750.0,570080006.5685999
2025-09-29 14:29:59.976000+00:00,2025-09-29 14:15:00+00:00,continuous,113750.0,113881.6,113498.9,113677.1,544215919.6694964
2025-09-29 14:44:59.921000+00:00,2025-09-29 14:30:00+00:00,continuous,113677.2,114149.0,113628.9,114012.5,566606915.8819994
2025-09-29 14:59:59.945000+00:00,2025-09-29 14:45:00+00:00,continuous,114012.6,114188.0,113948.8,113956.7,333621720.8591003
2025-09-29 15:14:59.955000+00:00,2025-09-29 15:00:00+00:00,continuous,113956.8,114060.0,113817.1,113878.0,315078370.3434978
2025-09-29 15:29:59.985000+00:00,2025-09-29 15:15:00+00:00,continuous,113877.9,113950.0,113695.0,113735.2,202514547.63260072
2025-09-29 15:44:59.947000+00:00,2025-09-29 15:30:00+00:00,continuous,113735.7,113948.5,113735.7,113892.4,138452916.76149982
2025-09-29 15:59:59.973000+00:00,2025-09-29 15:45:00+00:00,continuous,113892.4,113898.0,113624.9,113752.0,133442479.78850059
2025-09-29 16:14:59.953000+00:00,2025-09-29 16:00:00+00:00,continuous,113752.0,113982.9,113719.0,113916.1,144625501.7063989
2025-09-29 16:29:59.927000+00:00,2025-09-29 16:15:00+00:00,continuous,113916.0,113968.0,113746.5,113804.9,86956341.94329987
2025-09-29 16:44:59.824000+00:00,2025-09-29 16:30:00+00:00,continuous,113804.9,114011.4,113716.0,113719.2,119463936.70850037
2025-09-29 16:59:59.750000+00:00,2025-09-29 16:45:00+00:00,continuous,113719.1,113839.9,113547.0,113580.2,121254876.77599971
2025-09-29 17:14:59.858000+00:00,2025-09-29 17:00:00+00:00,continuous,113580.2,113846.2,113404.5,113736.3,236851640.09799796
2025-09-29 17:29:59.837000+00:00,2025-09-29 17:15:00+00:00,continuous,113736.3,113847.4,113548.6,113837.1,115564066.59230013
2025-09-29 17:44:59.712000+00:00,2025-09-29 17:30:00+00:00,continuous,113837.1,113921.4,113732.5,113882.2,72155871.61380003
2025-09-29 17:59:59.644000+00:00,2025-09-29 17:45:00+00:00,continuous,113882.2,114137.8,113873.4,114000.0,257595558.01689777
2025-09-29 18:14:59.872000+00:00,2025-09-29 18:00:00+00:00,continuous,114000.1,114094.2,113860.0,113983.7,97126929.94440028
2025-09-29 18:29:59.864000+00:00,2025-09-29 18:15:00+00:00,continuous,113983.7,114004.6,113812.3,113921.7,85682924.6459997
2025-09-29 18:44:59.875000+00:00,2025-09-29 18:30:00+00:00,continuous,113921.8,113981.1,113847.8,113949.9,57217732.16020042
2025-09-29 18:59:59.807000+00:00,2025-09-29 18:45:00+00:00,continuous,113950.0,114016.9,113949.9,113959.9,50091655.8143001
2025-09-29 19:14:59.551000+00:00,2025-09-29 19:00:00+00:00,continuous,113959.9,114041.3,113887.0,113961.4,69832970.70429988
2025-09-29 19:29:59.521000+00:00,2025-09-29 19:15:00+00:00,continuous,113961.4,113980.9,113790.5,113934.1,55613566.95419991
2025-09-29 19:44:59.916000+00:00,2025-09-29 19:30:00+00:00,continuous,113934.1,114097.3,113826.8,114097.2,92507660.21949974
2025-09-29 19:59:59.507000+00:00,2025-09-29 19:45:00+00:00,continuous,114097.3,114349.7,114085.0,114204.8,333208827.86000127
2025-09-29 20:14:59.919000+00:00,2025-09-29 20:00:00+00:00,continuous,114204.9,114353.0,114057.5,114310.5,182512711.6988001
2025-09-29 20:29:59.930000+00:00,2025-09-29 20:15:00+00:00,continuous,114310.6,114316.1,114159.0,114233.4,145660400.04160053
2025-09-29 20:44:59.881000+00:00,2025-09-29 20:30:00+00:00,continuous,114233.4,114377.2,114204.5,114344.7,118157547.81679907
2025-09-29 20:59:59.424000+00:00,2025-09-29 20:45:00+00:00,continuous,114344.8,114344.8,114159.8,114190.3,111040823.9815006
2025-09-29 21:14:59.921000+00:00,2025-09-29 21:00:00+00:00,continuous,114190.3,114279.2,114133.2,114133.3,85522289.20359997
2025-09-29 21:29:59.718000+00:00,2025-09-29 21:15:00+00:00,continuous,114133.2,114163.7,114080.4,114100.0,41095414.87230006
2025-09-29 21:44:59.914000+00:00,2025-09-29 21:30:00+00:00,continuous,114099.9,114135.0,114033.9,114135.0,56575194.72689993
2025-09-29 21:59:59.656000+00:00,2025-09-29 21:45:00+00:00,continuous,114134.9,114213.2,114111.4,114120.9,37470252.21919982
2025-09-29 22:14:59.909000+00:00,2025-09-29 22:00:00+00:00,continuous,114120.8,114166.1,114057.0,114064.4,54262839.63209969
2025-09-29 22:29:59.293000+00:00,2025-09-29 22:15:00+00:00,continuous,114064.4,114064.5,113977.1,114017.9,78682931.00560068
2025-09-29 22:44:59.066000+00:00,2025-09-29 22:30:00+00:00,continuous,114018.0,114059.8,113960.6,113979.4,42026190.661699936
2025-09-29 22:59:59.657000+00:00,2025-09-29 22:45:00+00:00,continuous,113979.4,114149.4,113979.4,114125.9,75521626.76540013
2025-09-29 23:14:59.694000+00:00,2025-09-29 23:00:00+00:00,continuous,114125.9,114296.4,114125.9,114178.4,119740854.97390048
2025-09-29 23:29:59.928000+00:00,2025-09-29 23:15:00+00:00,continuous,114178.5,114319.5,114142.1,114245.3,107387051.84479961
2025-09-29 23:44:59.701000+00:00,2025-09-29 23:30:00+00:00,continuous,114245.3,114260.0,114164.3,114174.7,37401483.00699985
2025-09-29 23:59:59.426000+00:00,2025-09-29 23:45:00+00:00,continuous,114174.7,114359.1,114174.6,114257.1,125916334.39979987
2025-09-30 00:14:59.948000+00:00,2025-09-30 00:00:00+00:00,continuous,114257.1,114395.1,114148.6,114243.4,159917380.38110042
2025-09-30 00:29:59.812000+00:00,2025-09-30 00:15:00+00:00,continuous,114243.2,114243.2,113985.1,114117.7,113214550.5195
2025-09-30 00:44:59.918000+00:00,2025-09-30 00:30:00+00:00,continuous,114117.7,114381.3,114076.0,114331.0,88750276.6760008
2025-09-30 00:59:59.863000+00:00,2025-09-30 00:45:00+00:00,continuous,114331.1,114800.0,114254.4,114465.8,441587160.11650044
2025-09-30 01:14:59.957000+00:00,2025-09-30 01:00:00+00:00,continuous,114465.8,114720.4,114275.3,114714.7,161711142.7209999
2025-09-30 01:29:59.910000+00:00,2025-09-30 01:15:00+00:00,continuous,114714.7,114756.2,114394.0,114576.0,205474497.90619963
2025-09-30 01:44:59.867000+00:00,2025-09-30 01:30:00+00:00,continuous,114576.0,114576.1,114342.5,114401.1,113668514.54640035
2025-09-30 01:59:59.927000+00:00,2025-09-30 01:45:00+00:00,continuous,114401.2,114461.5,114210.0,114455.0,111401012.58119997
2025-09-30 02:14:59.406000+00:00,2025-09-30 02:00:00+00:00,continuous,114455.0,114542.4,114307.7,114359.2,95069846.56930032
2025-09-30 02:29:59.742000+00:00,2025-09-30 02:15:00+00:00,continuous,114359.1,114490.0,114307.6,114425.2,112251056.86549969
2025-09-30 02:44:59.946000+00:00,2025-09-30 02:30:00+00:00,continuous,114425.1,114530.0,114383.2,114421.6,63379222.77350013
2025-09-30 02:59:59.885000+00:00,2025-09-30 02:45:00+00:00,continuous,114421.7,114538.0,114319.2,114405.5,129960078.34070006
2025-09-30 03:14:59.992000+00:00,2025-09-30 03:00:00+00:00,continuous,114405.6,114473.7,114290.0,114336.0,88035511.46220009
2025-09-30 03:29:59.272000+00:00,2025-09-30 03:15:00+00:00,continuous,114336.0,114376.7,114252.5,114284.1,77722348.25140032
2025-09-30 03:44:59.986000+00:00,2025-09-30 03:30:00+00:00,continuous,114284.1,114380.7,114246.6,114380.6,55260590.155399725
2025-09-30 03:59:59.657000+00:00,2025-09-30 03:45:00+00:00,continuous,114380.7,114403.2,114283.4,114321.5,67248439.51569991
2025-09-30 04:14:59.911000+00:00,2025-09-30 04:00:00+00:00,continuous,114321.5,114321.5,114250.0,114270.8,39265166.01270022
2025-09-30 04:29:59.919000+00:00,2025-09-30 04:15:00+00:00,continuous,114270.8,114286.7,114140.0,114140.1,72250232.38390014
2025-09-30 04:44:59.915000+00:00,2025-09-30 04:30:00+00:00,continuous,114140.1,114231.4,114085.3,114161.7,89262150.89689986
2025-09-30 04:59:59.687000+00:00,2025-09-30 04:45:00+00:00,continuous,114161.6,114171.1,114037.1,114037.2,77927472.37990035
2025-09-30 05:14:59.949000+00:00,2025-09-30 05:00:00+00:00,continuous,114037.1,114159.1,114000.0,114075.1,112495895.45609987
2025-09-30 05:29:59.996000+00:00,2025-09-30 05:15:00+00:00,continuous,114075.0,114084.5,113867.0,113898.2,316212016.57410103
2025-09-30 05:44:59.724000+00:00,2025-09-30 05:30:00+00:00,continuous,113898.2,113968.1,113844.7,113935.1,115474661.66589876
2025-09-30 05:59:59.789000+00:00,2025-09-30 05:45:00+00:00,continuous,113935.0,113944.7,113777.8,113856.9,117522780.77379961
2025-09-30 06:14:59.689000+00:00,2025-09-30 06:00:00+00:00,continuous,113856.9,113960.0,113779.0,113907.7,83119047.48879975
2025-09-30 06:29:59.904000+00:00,2025-09-30 06:15:00+00:00,continuous,113907.8,113943.9,113800.0,113869.6,71284917.24549973
2025-09-30 06:44:59.708000+00:00,2025-09-30 06:30:00+00:00,continuous,113869.5,114040.9,113861.1,113957.8,65219672.25209956
2025-09-30 06:59:59.957000+00:00,2025-09-30 06:45:00+00:00,continuous,113957.9,113957.9,113800.0,113840.2,41884249.28620025
2025-09-30 07:14:59.766000+00:00,2025-09-30 07:00:00+00:00,continuous,113840.2,113909.4,113793.0,113870.1,79703695.95729995
2025-09-30 07:29:59.869000+00:00,2025-09-30 07:15:00+00:00,continuous,113870.0,113948.7,113825.1,113907.9,47034381.069300205
2025-09-30 07:44:59.926000+00:00,2025-09-30 07:30:00+00:00,continuous,113907.9,113908.0,113540.0,113580.4,174392120.75509983
2025-09-30 07:59:59.949000+00:00,2025-09-30 07:45:00+00:00,continuous,113580.5,113755.0,113531.7,113662.4,235457648.29170027
2025-09-30 08:14:59.687000+00:00,2025-09-30 08:00:00+00:00,continuous,113662.3,113700.0,113573.7,113650.1,102550271.58950016
2025-09-30 08:29:59.781000+00:00,2025-09-30 08:15:00+00:00,continuous,113650.1,113671.5,113473.4,113538.3,138930901.44220012
2025-09-30 08:44:59.936000+00:00,2025-09-30 08:30:00+00:00,continuous,113538.4,113569.9,113288.0,113413.4,230066028.57140112
2025-09-30 08:59:59.912000+00:00,2025-09-30 08:45:00+00:00,continuous,113413.5,113532.1,113370.5,113409.2,114545947.34620005
2025-09-30 09:14:59.908000+00:00,2025-09-30 09:00:00+00:00,continuous,113409.1,113416.6,113177.5,113182.7,197239510.49660075
2025-09-30 09:29:59.534000+00:00,2025-09-30 09:15:00+00:00,continuous,113182.6,113290.1,113174.0,113216.5,102807852.41250014
2025-09-30 09:44:59.817000+00:00,2025-09-30 09:30:00+00:00,continuous,113216.5,113300.1,112888.0,112945.1,294145847.597299
2025-09-30 09:59:59.800000+00:00,2025-09-30 09:45:00+00:00,continuous,112945.0,112945.1,112701.8,112743.1,218259382.08630058
2025-09-30 10:14:59.466000+00:00,2025-09-30 10:00:00+00:00,continuous,112743.1,112998.0,112615.3,112815.1,267894872.8924999
2025-09-30 10:29:59.863000+00:00,2025-09-30 10:15:00+00:00,continuous,112815.2,112905.4,112685.1,112794.4,174511959.95090067
2025-09-30 10:44:59.937000+00:00,2025-09-30 10:30:00+00:00,continuous,112794.4,112905.5,112738.4,112853.7,96499934.95989992
2025-09-30 10:59:59.968000+00:00,2025-09-30 10:45:00+00:00,continuous,112853.8,113049.8,112853.7,112876.5,143385800.00589958
2025-09-30 11:14:58.442000+00:00,2025-09-30 11:00:00+00:00,continuous,112876.5,112966.0,112811.0,112835.7,85065130.32560018
2025-09-30 11:29:59.792000+00:00,2025-09-30 11:15:00+00:00,continuous,112835.8,112885.2,112750.1,112871.7,87132253.06439997
2025-09-30 11:44:59.770000+00:00,2025-09-30 11:30:00+00:00,continuous,112871.6,113020.0,112835.0,112967.0,111401502.9732996
2025-09-30 11:59:59.233000+00:00,2025-09-30 11:45:00+00:00,continuous,112967.0,113091.5,112939.1,113003.7,130693872.93370076
2025-09-30 12:14:59.981000+00:00,2025-09-30 12:00:00+00:00,continuous,113003.7,113066.5,112930.2,112962.7,80078573.37299977
2025-09-30 12:29:59.894000+00:00,2025-09-30 12:15:00+00:00,continuous,112962.8,113044.2,112960.2,113024.2,73836281.0186001
2025-09-30 12:44:59.829000+00:00,2025-09-30 12:30:00+00:00,continuous,113024.2,113202.5,113009.2,113191.6,146332979.65690044
2025-09-30 12:59:59.914000+00:00,2025-09-30 12:45:00+00:00,continuous,113191.6,113191.6,112933.6,112950.0,166276177.18280017
2025-09-30 13:14:59.646000+00:00,2025-09-30 13:00:00+00:00,continuous,112950.0,113066.0,112800.1,112988.6,170655169.12979943
2025-09-30 13:29:59.504000+00:00,2025-09-30 13:15:00+00:00,continuous,112988.7,113300.0,112965.3,113263.8,182276292.39479995
2025-09-30 13:44:59.993000+00:00,2025-09-30 13:30:00+00:00,continuous,113263.8,113485.0,113059.0,113466.9,364163388.7660002
2025-09-30 13:59:59.845000+00:00,2025-09-30 13:45:00+00:00,continuous,113466.8,113623.8,113056.6,113338.7,337591525.93980384
2025-09-30 14:14:59.990000+00:00,2025-09-30 14:00:00+00:00,continuous,113338.7,113447.5,112828.5,113070.0,307998761.55169934
2025-09-30 14:29:59.986000+00:00,2025-09-30 14:15:00+00:00,continuous,113070.1,113255.7,112923.0,113044.8,135313732.6283994
2025-09-30 14:44:59.939000+00:00,2025-09-30 14:30:00+00:00,continuous,113044.7,113225.5,112978.9,113161.5,114607104.61359984
2025-09-30 14:59:59.953000+00:00,2025-09-30 14:45:00+00:00,continuous,113161.5,113582.8,113113.0,113539.5,238123913.93380073
2025-09-30 15:14:59.999000+00:00,2025-09-30 15:00:00+00:00,continuous,113539.6,113543.2,113024.7,113162.9,180708255.78259978
2025-09-30 15:29:59.949000+00:00,2025-09-30 15:15:00+00:00,continuous,113162.8,113213.0,112856.0,112996.1,185011521.58900055
2025-09-30 15:44:59.843000+00:00,2025-09-30 15:30:00+00:00,continuous,112996.0,113209.8,112936.7,113008.9,115899292.00180025
2025-09-30 15:59:59.894000+00:00,2025-09-30 15:45:00+00:00,continuous,113008.8,113160.0,112926.6,113055.4,83191461.19350049
2025-09-30 16:14:59.699000+00:00,2025-09-30 16:00:00+00:00,continuous,113055.4,113136.0,112941.0,113025.8,94442756.91650029
2025-09-30 16:29:59.958000+00:00,2025-09-30 16:15:00+00:00,continuous,113025.9,113242.6,112967.4,113015.1,127803870.4555002
2025-09-30 16:44:59.686000+00:00,2025-09-30 16:30:00+00:00,continuous,113015.1,113046.3,112745.9,112878.5,139003097.39929965
2025-09-30 16:59:59.905000+00:00,2025-09-30 16:45:00+00:00,continuous,112878.5,112911.2,112743.6,112798.6,108409833.0917996
2025-09-30 17:14:59.951000+00:00,2025-09-30 17:00:00+00:00,continuous,112798.6,113125.0,112763.2,113099.9,156992202.36079967
2025-09-30 17:29:59.729000+00:00,2025-09-30 17:15:00+00:00,continuous,113099.9,113280.0,113088.2,113203.4,124016554.21290022
2025-09-30 17:44:59.992000+00:00,2025-09-30 17:30:00+00:00,continuous,113203.5,113470.0,113111.0,113243.2,165930331.60700026
2025-09-30 17:59:59.839000+00:00,2025-09-30 17:45:00+00:00,continuous,113242.8,113348.1,113173.3,113198.8,100509146.0663001
2025-09-30 18:14:59.811000+00:00,2025-09-30 18:00:00+00:00,continuous,113198.8,113476.0,113126.7,113471.4,99176834.89769973
2025-09-30 18:29:59.543000+00:00,2025-09-30 18:15:00+00:00,continuous,113471.5,113496.2,113301.0,113419.3,69382903.59430034
2025-09-30 18:44:59.917000+00:00,2025-09-30 18:30:00+00:00,continuous,113419.3,113449.8,113287.7,113416.5,43120216.30709983
2025-09-30 18:59:59.936000+00:00,2025-09-30 18:45:00+00:00,continuous,113416.5,113658.0,113416.4,113658.0,134549457.71610004
2025-09-30 19:14:59.804000+00:00,2025-09-30 19:00:00+00:00,continuous,113658.0,113877.6,113650.0,113822.5,245310920.70430076
2025-09-30 19:29:59.667000+00:00,2025-09-30 19:15:00+00:00,continuous,113822.5,113932.7,113740.1,113890.3,192927307.30769885
2025-09-30 19:44:59.741000+00:00,2025-09-30 19:30:00+00:00,continuous,113890.3,114219.7,113885.9,114144.4,374459170.64529663
2025-09-30 19:59:59.914000+00:00,2025-09-30 19:45:00+00:00,continuous,114144.4,114528.2,114136.3,114309.1,307118114.1714003
2025-09-30 20:14:59.757000+00:00,2025-09-30 20:00:00+00:00,continuous,114309.1,114461.4,114065.0,114105.9,212184762.47969916
2025-09-30 20:29:59.840000+00:00,2025-09-30 20:15:00+00:00,continuous,114105.9,114438.3,114100.0,114338.6,93777930.42720002
2025-09-30 20:44:59.293000+00:00,2025-09-30 20:30:00+00:00,continuous,114338.5,114348.8,114242.8,114242.9,57307432.65989976
2025-09-30 20:59:59.894000+00:00,2025-09-30 20:45:00+00:00,continuous,114242.9,114684.7,114242.8,114569.8,208937450.03760007
2025-09-30 21:14:59.754000+00:00,2025-09-30 21:00:00+00:00,continuous,114569.8,114720.0,114321.0,114323.7,211684495.36709917
2025-09-30 21:29:59.875000+00:00,2025-09-30 21:15:00+00:00,continuous,114323.6,114490.6,114232.3,114235.2,109304621.5556
2025-09-30 21:44:59.353000+00:00,2025-09-30 21:30:00+00:00,continuous,114235.1,114469.4,114141.6,114312.9,159702909.06509987
2025-09-30 21:59:59.972000+00:00,2025-09-30 21:45:00+00:00,continuous,114312.9,114320.8,114071.7,114108.0,72364391.22169991
2025-09-30 22:14:59.636000+00:00,2025-09-30 22:00:00+00:00,continuous,114108.0,114310.9,114070.0,114080.6,113025541.84309977
2025-09-30 22:29:59.653000+00:00,2025-09-30 22:15:00+00:00,continuous,114080.5,114129.6,113901.2,113942.0,152730417.03759977
2025-09-30 22:44:59.981000+00:00,2025-09-30 22:30:00+00:00,continuous,113942.0,113988.6,113825.0,113871.9,108889026.53059943
2025-09-30 22:59:59.826000+00:00,2025-09-30 22:45:00+00:00,continuous,113872.0,113979.6,113850.8,113883.4,60749751.381799646
2025-09-30 23:14:59.700000+00:00,2025-09-30 23:00:00+00:00,continuous,113883.3,113889.6,113710.2,113783.6,121896296.73349915
2025-09-30 23:29:59.884000+00:00,2025-09-30 23:15:00+00:00,continuous,113783.7,113965.8,113710.0,113897.2,103726461.9565003
2025-09-30 23:44:59.898000+00:00,2025-09-30 23:30:00+00:00,continuous,113897.2,113926.4,113786.5,113913.6,49829611.29500003
