timestamp,minute_start,session_id,open,high,low,close,volume
2025-12-01 00:14:59.999000+00:00,2025-12-01 00:00:00+00:00,continuous,90320.5,90396.9,88807.2,88887.7,1349315788.621267
2025-12-01 00:29:59.850000+00:00,2025-12-01 00:15:00+00:00,continuous,88887.8,89056.2,88312.5,88338.3,751173557.7114913
2025-12-01 00:44:59.918000+00:00,2025-12-01 00:30:00+00:00,continuous,88338.3,88408.8,87575.8,87712.4,962974925.4654033
2025-12-01 00:59:59.904000+00:00,2025-12-01 00:45:00+00:00,continuous,87712.3,87747.9,86939.6,86970.7,763502034.7377005
2025-12-01 01:14:59.814000+00:00,2025-12-01 01:00:00+00:00,continuous,86970.6,87669.3,86900.0,87372.5,621792427.5777057
2025-12-01 01:29:59.887000+00:00,2025-12-01 01:15:00+00:00,continuous,87372.5,87713.9,87200.1,87227.8,297612670.85290074
2025-12-01 01:44:59.861000+00:00,2025-12-01 01:30:00+00:00,continuous,87227.8,87572.4,87131.2,87392.6,160918497.30190033
2025-12-01 01:59:59.990000+00:00,2025-12-01 01:45:00+00:00,continuous,87392.5,87431.7,87111.0,87134.0,143513133.31059936
2025-12-01 02:14:59.820000+00:00,2025-12-01 02:00:00+00:00,continuous,87134.0,87472.1,87027.3,87363.6,199815794.90250012
2025-12-01 02:29:59.989000+00:00,2025-12-01 02:15:00+00:00,continuous,87363.6,87425.2,87051.7,87051.7,119027523.03479977
2025-12-01 02:44:59.780000+00:00,2025-12-01 02:30:00+00:00,continuous,87051.6,87127.1,86537.8,86784.0,492355902.6271982
2025-12-01 02:59:59.987000+00:00,2025-12-01 02:45:00+00:00,continuous,86784.0,86816.7,86428.7,86685.6,342503027.61649877
2025-12-01 03:14:59.956000+00:00,2025-12-01 03:00:00+00:00,continuous,86685.7,86791.2,86357.0,86365.6,240195803.93789944
2025-12-01 03:29:59.792000+00:00,2025-12-01 03:15:00+00:00,continuous,86365.5,86588.0,86281.6,86354.9,198568269.47420081
2025-12-01 03:44:59.968000+00:00,2025-12-01 03:30:00+00:00,continuous,86355.0,86419.3,86126.0,86419.3,259057422.59020332
2025-12-01 03:59:59.972000+00:00,2025-12-01 03:45:00+00:00,continuous,86419.3,86441.2,86200.3,86319.2,137162952.89310083
2025-12-01 04:14:59.904000+00:00,2025-12-01 04:00:00+00:00,continuous,86319.1,86331.1,85894.9,86007.1,299300901.0468016
2025-12-01 04:29:59.919000+00:00,2025-12-01 04:15:00+00:00,continuous,86007.0,86034.6,85666.0,85709.1,318486774.2482993
2025-12-01 04:44:59.894000+00:00,2025-12-01 04:30:00+00:00,continuous,85709.1,85984.3,85666.0,85866.9,194334901.28729957
2025-12-01 04:59:59.822000+00:00,2025-12-01 04:45:00+00:00,continuous,85866.8,85886.3,85706.0,85767.7,120502650.91070017
2025-12-01 05:14:59.940000+00:00,2025-12-01 05:00:00+00:00,continuous,85767.7,85897.8,85563.7,85726.5,204527672.96400094
2025-12-01 05:29:59.840000+00:00,2025-12-01 05:15:00+00:00,continuous,85726.4,85979.0,85660.5,85974.2,142584142.82879993
2025-12-01 05:44:59.694000+00:00,2025-12-01 05:30:00+00:00,continuous,85974.1,85978.7,85606.1,85716.7,137558019.5315007
2025-12-01 05:59:59.797000+00:00,2025-12-01 05:45:00+00:00,continuous,85716.7,85970.2,85716.6,85966.9,124558093.27539946
2025-12-01 06:14:59.894000+00:00,2025-12-01 06:00:00+00:00,continuous,85966.8,86241.5,85935.5,86232.0,302528761.36159885
2025-12-01 06:29:59.958000+00:00,2025-12-01 06:15:00+00:00,continuous,86231.9,86234.3,85967.6,86036.1,129883653.25839932
2025-12-01 06:44:59.965000+00:00,2025-12-01 06:30:00+00:00,continuous,86036.1,86243.5,85929.5,86243.2,91473486.77740003
2025-12-01 06:59:59.997000+00:00,2025-12-01 06:45:00+00:00,continuous,86243.1,86314.4,86066.0,86189.9,180705983.60279998
2025-12-01 07:14:59.552000+00:00,2025-12-01 07:00:00+00:00,continuous,86190.0,86230.8,86033.8,86120.5,79605426.35939965
2025-12-01 07:29:59.924000+00:00,2025-12-01 07:15:00+00:00,continuous,86120.5,86250.0,86006.8,86207.4,78066158.7643002
2025-12-01 07:44:59.751000+00:00,2025-12-01 07:30:00+00:00,continuous,86207.4,86449.4,86103.4,86412.1,155280143.69000015
2025-12-01 07:59:59.997000+00:00,2025-12-01 07:45:00+00:00,continuous,86412.0,86524.6,86393.4,86487.6,176738385.2606998
2025-12-01 08:14:59.923000+00:00,2025-12-01 08:00:00+00:00,continuous,86487.3,86626.7,86339.5,86423.3,155307389.44380105
2025-12-01 08:29:59.686000+00:00,2025-12-01 08:15:00+00:00,continuous,86423.2,86600.0,86399.3,86600.0,73661076.79820003
2025-12-01 08:44:59.871000+00:00,2025-12-01 08:30:00+00:00,continuous,86600.0,86756.8,86450.0,86748.9,126988977.59199958
2025-12-01 08:59:59.938000+00:00,2025-12-01 08:45:00+00:00,continuous,86748.9,86842.0,86690.1,86811.0,131168877.0441004
2025-12-01 09:14:59.927000+00:00,2025-12-01 09:00:00+00:00,continuous,86810.9,86886.0,86555.0,86600.0,198113277.05069998
2025-12-01 09:29:59.938000+00:00,2025-12-01 09:15:00+00:00,continuous,86600.0,86740.0,86459.1,86559.7,94056120.37750003
2025-12-01 09:44:59.974000+00:00,2025-12-01 09:30:00+00:00,continuous,86559.7,86799.9,86532.3,86795.4,63998423.590500064
2025-12-01 09:59:59.957000+00:00,2025-12-01 09:45:00+00:00,continuous,86795.5,86850.0,86638.1,86659.1,72586153.00319976
2025-12-01 10:14:59.815000+00:00,2025-12-01 10:00:00+00:00,continuous,86659.2,86770.5,86612.5,86625.8,53292687.38629975
2025-12-01 10:29:59.687000+00:00,2025-12-01 10:15:00+00:00,continuous,86625.8,86646.5,86500.8,86544.6,70078472.42679998
2025-12-01 10:44:59.755000+00:00,2025-12-01 10:30:00+00:00,continuous,86544.6,86619.2,86512.9,86587.7,41678876.83299994
2025-12-01 10:59:58.995000+00:00,2025-12-01 10:45:00+00:00,continuous,86587.8,86658.0,86556.8,86599.0,35322367.56670007
2025-12-01 11:14:59.894000+00:00,2025-12-01 11:00:00+00:00,continuous,86599.0,86658.0,86437.4,86448.6,84242570.66530009
2025-12-01 11:29:59.951000+00:00,2025-12-01 11:15:00+00:00,continuous,86448.6,86496.2,86361.2,86427.5,174329487.56960058
2025-12-01 11:44:59.986000+00:00,2025-12-01 11:30:00+00:00,continuous,86427.5,86454.5,86216.7,86254.2,175104824.88880002
2025-12-01 11:59:59.993000+00:00,2025-12-01 11:45:00+00:00,continuous,86254.1,86336.6,86090.0,86100.1,161449934.1423004
2025-12-01 12:14:59.973000+00:00,2025-12-01 12:00:00+00:00,continuous,86100.0,86193.0,85771.7,85842.8,368834421.8448984
2025-12-01 12:29:59.948000+00:00,2025-12-01 12:15:00+00:00,continuous,85842.9,86028.5,85763.8,85807.1,164284075.03590024
2025-12-01 12:44:59.993000+00:00,2025-12-01 12:30:00+00:00,continuous,85807.1,85846.6,85350.0,85457.9,340282066.22489953
2025-12-01 12:59:59.991000+00:00,2025-12-01 12:45:00+00:00,continuous,85457.9,85504.0,84700.1,85396.2,1011130460.9787029
2025-12-01 13:14:59.897000+00:00,2025-12-01 13:00:00+00:00,continuous,85396.3,86129.8,85310.2,86049.9,616964557.7667037
2025-12-01 13:29:59.697000+00:00,2025-12-01 13:15:00+00:00,continuous,86049.9,86121.8,85880.8,85953.4,164933096.03320116
2025-12-01 13:44:59.993000+00:00,2025-12-01 13:30:00+00:00,continuous,85953.3,85980.6,85637.0,85746.1,211071380.7061007
2025-12-01 13:59:59.990000+00:00,2025-12-01 13:45:00+00:00,continuous,85746.2,86080.0,85700.0,85943.2,158834239.353
2025-12-01 14:14:59.913000+00:00,2025-12-01 14:00:00+00:00,continuous,85943.7,86288.0,85918.6,86193.6,308193195.1835007
2025-12-01 14:29:59.988000+00:00,2025-12-01 14:15:00+00:00,continuous,86193.5,86233.0,85914.2,86193.1,155545739.57910013
2025-12-01 14:44:59.961000+00:00,2025-12-01 14:30:00+00:00,continuous,86193.1,86625.0,85852.8,86001.2,587393508.4702057
2025-12-01 14:59:59.940000+00:00,2025-12-01 14:45:00+00:00,continuous,86001.3,86290.6,85810.6,86017.3,364903199.89939845
2025-12-01 15:14:59.879000+00:00,2025-12-01 15:00:00+00:00,continuous,86017.4,86089.9,85524.9,85544.5,348877580.4213965
2025-12-01 15:29:59.983000+00:00,2025-12-01 15:15:00+00:00,continuous,85544.6,85700.8,84900.4,84914.4,530149088.7364985
2025-12-01 15:44:59.954000+00:00,2025-12-01 15:30:00+00:00,continuous,84914.3,84938.7,83847.4,83920.5,1059571286.5889018
2025-12-01 15:59:59.911000+00:00,2025-12-01 15:45:00+00:00,continuous,83920.5,84875.3,83786.0,84650.0,734299956.8867023
2025-12-01 16:14:59.920000+00:00,2025-12-01 16:00:00+00:00,continuous,84650.0,84832.0,84080.0,84113.6,393913438.65019774
2025-12-01 16:29:59.911000+00:00,2025-12-01 16:15:00+00:00,continuous,84113.6,84638.1,84011.0,84523.1,373488437.73229676
2025-12-01 16:44:59.943000+00:00,2025-12-01 16:30:00+00:00,continuous,84523.0,85436.6,84507.4,85105.1,562421685.8215069
2025-12-01 16:59:59.997000+00:00,2025-12-01 16:45:00+00:00,continuous,85105.1,85158.7,84456.2,84540.3,419458622.26190263
2025-12-01 17:14:59.783000+00:00,2025-12-01 17:00:00+00:00,continuous,84540.4,84968.9,84529.0,84538.6,249481189.76280114
2025-12-01 17:29:59.930000+00:00,2025-12-01 17:15:00+00:00,continuous,84538.7,85026.5,84414.1,84952.1,196267260.63159683
2025-12-01 17:44:59.982000+00:00,2025-12-01 17:30:00+00:00,continuous,84952.0,85176.8,84625.5,85163.1,165707915.45250067
2025-12-01 17:59:59.987000+00:00,2025-12-01 17:45:00+00:00,continuous,85163.1,85236.6,84863.2,84902.8,143808678.46819955
2025-12-01 18:14:59.978000+00:00,2025-12-01 18:00:00+00:00,continuous,84902.6,85480.3,84898.9,85399.0,246550813.9659999
2025-12-01 18:29:59.888000+00:00,2025-12-01 18:15:00+00:00,continuous,85399.1,85528.7,85200.2,85262.2,384473159.91829807
2025-12-01 18:44:59.682000+00:00,2025-12-01 18:30:00+00:00,continuous,85262.2,85293.0,84677.8,84759.1,192881537.90110037
2025-12-01 18:59:59.942000+00:00,2025-12-01 18:45:00+00:00,continuous,84759.1,85274.3,84710.0,85159.2,144184973.7812008
2025-12-01 19:14:59.919000+00:00,2025-12-01 19:00:00+00:00,continuous,85159.1,85262.3,84715.3,84996.5,155646847.83239838
2025-12-01 19:29:59.835000+00:00,2025-12-01 19:15:00+00:00,continuous,84996.6,85047.3,84685.2,84697.2,97433792.3064997
2025-12-01 19:44:59.928000+00:00,2025-12-01 19:30:00+00:00,continuous,84697.2,85041.1,84566.4,84707.7,130146082.52410024
2025-12-01 19:59:59.840000+00:00,2025-12-01 19:45:00+00:00,continuous,84707.8,85074.5,84650.0,84985.0,98857763.75669996
2025-12-01 20:14:59.949000+00:00,2025-12-01 20:00:00+00:00,continuous,84985.0,85801.5,84966.8,85508.3,517285948.6121031
2025-12-01 20:29:59.921000+00:00,2025-12-01 20:15:00+00:00,continuous,85508.3,85540.0,85199.4,85221.1,148558384.67369968
2025-12-01 20:44:59.989000+00:00,2025-12-01 20:30:00+00:00,continuous,85221.0,85432.0,85132.6,85428.5,130741787.71959937
2025-12-01 20:59:59.929000+00:00,2025-12-01 20:45:00+00:00,continuous,85428.6,85540.0,85262.0,85474.1,165910894.74040002
2025-12-01 21:14:59.991000+00:00,2025-12-01 21:00:00+00:00,continuous,85474.1,85900.0,85456.0,85608.0,257332359.52789885
2025-12-01 21:29:59.877000+00:00,2025-12-01 21:15:00+00:00,continuous,85607.9,86328.5,85571.4,86107.3,422830261.9933013
2025-12-01 21:44:59.846000+00:00,2025-12-01 21:30:00+00:00,continuous,86107.2,86462.7,86107.2,86393.1,295011863.49359804
2025-12-01 21:59:59.813000+00:00,2025-12-01 21:45:00+00:00,continuous,86393.1,86418.7,86171.7,86380.1,92700272.4301001
2025-12-01 22:14:59.911000+00:00,2025-12-01 22:00:00+00:00,continuous,86380.1,86787.4,86373.7,86462.4,263775143.25509992
2025-12-01 22:29:59.945000+00:00,2025-12-01 22:15:00+00:00,continuous,86462.3,86615.1,86356.0,86378.3,79779617.5137
2025-12-01 22:44:59.821000+00:00,2025-12-01 22:30:00+00:00,continuous,86378.3,86663.6,86238.1,86590.2,94046892.41059943
2025-12-01 22:59:59.999000+00:00,2025-12-01 22:45:00+00:00,continuous,86590.1,86817.0,86517.4,86518.2,133886473.33769982
2025-12-01 23:14:59.976000+00:00,2025-12-01 23:00:00+00:00,continuous,86518.4,86700.0,86373.3,86396.3,111014788.29170021
2025-12-01 23:29:59.826000+00:00,2025-12-01 23:15:00+00:00,continuous,86396.3,86699.9,86396.3,86699.8,72701115.74599978
2025-12-01 23:44:59.517000+00:00,2025-12-01 23:30:00+00:00,continuous,86699.8,86778.0,86439.2,86467.4,117222677.02829969
2025-12-01 23:59:59.655000+00:00,2025-12-01 23:45:00+00:00,continuous,86467.4,86468.7,86200.0,86241.6,108131307.0277998
2025-12-02 00:14:59.745000+00:00,2025-12-02 00:00:00+00:00,continuous,86241.5,86538.6,86224.5,86275.4,118129227.16610035
2025-12-02 00:29:59.955000+00:00,2025-12-02 00:15:00+00:00,continuous,86275.5,86385.1,86140.1,86300.0,120236017.29690038
2025-12-02 00:44:59.844000+00:00,2025-12-02 00:30:00+00:00,continuous,86300.0,86458.5,86256.0,86307.5,82332254.22089969
2025-12-02 00:59:59.575000+00:00,2025-12-02 00:45:00+00:00,continuous,86307.5,86630.1,86288.3,86472.0,86094090.56949966
2025-12-02 01:14:59.957000+00:00,2025-12-02 01:00:00+00:00,continuous,86471.9,87384.0,86408.1,86738.3,495784836.02979827
2025-12-02 01:29:59.405000+00:00,2025-12-02 01:15:00+00:00,continuous,86738.4,86836.9,86520.0,86706.0,114697930.19499965
2025-12-02 01:44:59.662000+00:00,2025-12-02 01:30:00+00:00,continuous,86705.9,86795.8,86474.9,86519.9,84465576.91330005
2025-12-02 01:59:59.663000+00:00,2025-12-02 01:45:00+00:00,continuous,86520.0,86562.0,86346.1,86409.9,89849935.97470002
2025-12-02 02:14:59.094000+00:00,2025-12-02 02:00:00+00:00,continuous,86409.9,86571.3,86223.2,86524.2,106886008.83789994
2025-12-02 02:29:59.832000+00:00,2025-12-02 02:15:00+00:00,continuous,86524.2,86813.3,86524.2,86626.1,119343596.21020001
2025-12-02 02:44:59.241000+00:00,2025-12-02 02:30:00+00:00,continuous,86626.1,86823.0,86598.8,86717.4,59922726.21000007
2025-12-02 02:59:59.761000+00:00,2025-12-02 02:45:00+00:00,continuous,86717.3,86768.9,86481.6,86501.2,89505321.43440041
2025-12-02 03:14:59.817000+00:00,2025-12-02 03:00:00+00:00,continuous,86501.1,86601.0,86392.1,86576.4,57163096.90820017
2025-12-02 03:29:59.750000+00:00,2025-12-02 03:15:00+00:00,continuous,86576.4,86586.2,86256.8,86303.1,68901661.37799999
2025-12-02 03:44:59.953000+00:00,2025-12-02 03:30:00+00:00,continuous,86303.1,86952.3,86159.9,86932.7,181826237.42420107
2025-12-02 03:59:59.943000+00:00,2025-12-02 03:45:00+00:00,continuous,86932.8,87066.5,86724.6,86936.0,173568512.44529957
2025-12-02 04:14:59.844000+00:00,2025-12-02 04:00:00+00:00,continuous,86935.9,87199.1,86916.0,87045.9,122397314.27990022
2025-12-02 04:29:59.688000+00:00,2025-12-02 04:15:00+00:00,continuous,87045.8,87245.9,86961.7,86985.1,111957575.04680036
2025-12-02 04:44:59.952000+00:00,2025-12-02 04:30:00+00:00,continuous,86985.0,87018.1,86859.2,86897.5,81381769.90280011
2025-12-02 04:59:59.860000+00:00,2025-12-02 04:45:00+00:00,continuous,86897.5,86986.1,86864.9,86924.9,59409853.09639995
2025-12-02 05:14:59.909000+00:00,2025-12-02 05:00:00+00:00,continuous,86924.8,87081.4,86772.0,86960.9,80399012.37079981
2025-12-02 05:29:59.827000+00:00,2025-12-02 05:15:00+00:00,continuous,86960.8,86998.3,86867.2,86873.0,53889733.54079997
2025-12-02 05:44:59.987000+00:00,2025-12-02 05:30:00+00:00,continuous,86872.9,86933.8,86826.3,86906.3,46767595.686100036
2025-12-02 05:59:59.083000+00:00,2025-12-02 05:45:00+00:00,continuous,86906.0,87033.0,86900.2,86968.7,53516730.683299854
2025-12-02 06:14:59.750000+00:00,2025-12-02 06:00:00+00:00,continuous,86968.6,86968.6,86842.0,86929.7,53464414.42590003
2025-12-02 06:29:59.855000+00:00,2025-12-02 06:15:00+00:00,continuous,86929.8,86953.3,86820.0,86879.7,41677987.698400244
2025-12-02 06:44:59.923000+00:00,2025-12-02 06:30:00+00:00,continuous,86879.7,87148.7,86871.5,87114.7,100759340.6586999
2025-12-02 06:59:59.075000+00:00,2025-12-02 06:45:00+00:00,continuous,87114.8,87131.7,87041.7,87043.7,36978963.244800024
2025-12-02 07:14:59.204000+00:00,2025-12-02 07:00:00+00:00,continuous,87043.7,87075.0,86862.0,86901.9,62083817.78670036
2025-12-02 07:29:59.526000+00:00,2025-12-02 07:15:00+00:00,continuous,86901.8,86958.3,86834.5,86869.1,51028542.34629994
2025-12-02 07:44:59.792000+00:00,2025-12-02 07:30:00+00:00,continuous,86869.1,86987.4,86869.1,86968.4,36873472.9556999
2025-12-02 07:59:59.749000+00:00,2025-12-02 07:45:00+00:00,continuous,86968.5,87027.3,86941.7,86965.0,49375205.765100084
2025-12-02 08:14:59.943000+00:00,2025-12-02 08:00:00+00:00,continuous,86965.0,87018.1,86638.9,86721.3,141393689.7218
2025-12-02 08:29:59.889000+00:00,2025-12-02 08:15:00+00:00,continuous,86721.3,86750.0,86408.1,86460.2,235396223.17250082
2025-12-02 08:44:59.982000+00:00,2025-12-02 08:30:00+00:00,continuous,86460.2,86690.7,86321.6,86436.3,267099287.82780004
2025-12-02 08:59:59.613000+00:00,2025-12-02 08:45:00+00:00,continuous,86436.4,86623.3,86321.0,86438.0,103561087.55729942
2025-12-02 09:14:59.799000+00:00,2025-12-02 09:00:00+00:00,continuous,86438.1,86870.6,86416.7,86616.0,118042832.21890004
2025-12-02 09:29:59.210000+00:00,2025-12-02 09:15:00+00:00,continuous,86616.1,86964.1,86525.1,86839.3,110855859.26499972
2025-12-02 09:44:59.768000+00:00,2025-12-02 09:30:00+00:00,continuous,86839.2,86839.2,86616.0,86627.0,61558474.44609974
2025-12-02 09:59:59.720000+00:00,2025-12-02 09:45:00+00:00,continuous,86627.0,86769.0,86588.4,86734.4,99154723.56739968
2025-12-02 10:14:58.988000+00:00,2025-12-02 10:00:00+00:00,continuous,86734.4,86920.0,86724.4,86874.2,59213893.25730004
2025-12-02 10:29:59.735000+00:00,2025-12-02 10:15:00+00:00,continuous,86874.2,86908.5,86750.0,86761.3,36086918.10539998
2025-12-02 10:44:59.755000+00:00,2025-12-02 10:30:00+00:00,continuous,86761.3,87053.5,86761.3,87022.4,64806400.17520006
2025-12-02 10:59:59.781000+00:00,2025-12-02 10:45:00+00:00,continuous,87022.4,87640.0,87022.4,87241.8,367144534.3200003
2025-12-02 11:14:58.924000+00:00,2025-12-02 11:00:00+00:00,continuous,87241.8,87344.0,86908.8,87049.1,150764603.2004999
2025-12-02 11:29:59.892000+00:00,2025-12-02 11:15:00+00:00,continuous,87049.1,87393.7,86954.0,87386.7,140380997.19079992
2025-12-02 11:44:59.959000+00:00,2025-12-02 11:30:00+00:00,continuous,87386.7,87421.6,87270.4,87287.7,86468896.19180019
2025-12-02 11:59:59.491000+00:00,2025-12-02 11:45:00+00:00,continuous,87287.7,87576.5,87271.1,87326.9,93035347.29139967
2025-12-02 12:14:59.827000+00:00,2025-12-02 12:00:00+00:00,continuous,87327.0,87491.0,87264.7,87407.0,74587227.59530038
2025-12-02 12:29:59.989000+00:00,2025-12-02 12:15:00+00:00,continuous,87406.9,87449.9,87300.0,87405.8,47004628.05970024
2025-12-02 12:44:59.520000+00:00,2025-12-02 12:30:00+00:00,continuous,87405.7,87516.0,87130.3,87286.0,140014425.49019933
2025-12-02 12:59:59.960000+00:00,2025-12-02 12:45:00+00:00,continuous,87286.1,87320.2,87163.5,87225.6,101324798.7322003
2025-12-02 13:14:59.243000+00:00,2025-12-02 13:00:00+00:00,continuous,87225.6,87284.7,87005.0,87124.1,137253433.1527993
2025-12-02 13:29:59.414000+00:00,2025-12-02 13:15:00+00:00,continuous,87124.1,87399.2,87124.1,87278.0,120860318.59850089
2025-12-02 13:44:59.789000+00:00,2025-12-02 13:30:00+00:00,continuous,87278.1,87536.0,87268.0,87433.6,148334531.80700055
2025-12-02 13:59:59.942000+00:00,2025-12-02 13:45:00+00:00,continuous,87433.7,87870.2,87424.8,87691.3,337527881.3220008
2025-12-02 14:14:59.923000+00:00,2025-12-02 14:00:00+00:00,continuous,87691.2,88500.0,87560.0,88297.7,552667210.7858961
2025-12-02 14:29:59.991000+00:00,2025-12-02 14:15:00+00:00,continuous,88297.8,88765.0,88224.0,88629.6,581479876.8727996
2025-12-02 14:44:59.992000+00:00,2025-12-02 14:30:00+00:00,continuous,88629.7,88858.9,88361.2,88784.0,666120031.3185072
2025-12-02 14:59:59.989000+00:00,2025-12-02 14:45:00+00:00,continuous,88783.9,89246.1,88738.7,89225.1,706942469.618498
2025-12-02 15:14:59.962000+00:00,2025-12-02 15:00:00+00:00,continuous,89225.0,90882.4,89225.0,90612.0,1452745061.2490041
2025-12-02 15:29:59.980000+00:00,2025-12-02 15:15:00+00:00,continuous,90612.1,90824.4,90115.9,90139.6,721155542.852903
2025-12-02 15:44:59.938000+00:00,2025-12-02 15:30:00+00:00,continuous,90140.2,90746.0,89839.1,90500.1,586519622.5399015
2025-12-02 15:59:59.971000+00:00,2025-12-02 15:45:00+00:00,continuous,90500.0,91211.3,90500.0,90809.2,635267098.2922972
2025-12-02 16:14:59.857000+00:00,2025-12-02 16:00:00+00:00,continuous,90809.3,91309.4,90750.0,90853.6,524365476.781301
2025-12-02 16:29:59.988000+00:00,2025-12-02 16:15:00+00:00,continuous,90853.7,90864.8,90156.4,90244.9,471327622.5666012
2025-12-02 16:44:59.911000+00:00,2025-12-02 16:30:00+00:00,continuous,90244.8,90819.3,90225.2,90545.3,308143233.61729974
2025-12-02 16:59:59.921000+00:00,2025-12-02 16:45:00+00:00,continuous,90545.3,91071.7,90505.6,90713.9,327951524.1893
2025-12-02 17:14:59.893000+00:00,2025-12-02 17:00:00+00:00,continuous,90713.8,91117.9,90698.7,90929.4,358157886.8388004
2025-12-02 17:29:59.946000+00:00,2025-12-02 17:15:00+00:00,continuous,90929.3,91969.0,90907.0,91718.3,721168940.6963993
2025-12-02 17:44:59.893000+00:00,2025-12-02 17:30:00+00:00,continuous,91718.4,91919.0,91556.6,91688.9,259881716.03250107
2025-12-02 17:59:59.825000+00:00,2025-12-02 17:45:00+00:00,continuous,91688.9,91689.0,91350.1,91417.5,229723670.7323009
2025-12-02 18:14:59.991000+00:00,2025-12-02 18:00:00+00:00,continuous,91417.5,92000.0,91299.9,91771.4,364118001.5982986
2025-12-02 18:29:59.500000+00:00,2025-12-02 18:15:00+00:00,continuous,91771.3,92253.7,91697.3,91865.0,357010767.370701
2025-12-02 18:44:59.912000+00:00,2025-12-02 18:30:00+00:00,continuous,91865.0,92189.8,91763.2,91868.5,182545848.95769978
2025-12-02 18:59:59.341000+00:00,2025-12-02 18:45:00+00:00,continuous,91868.6,92000.0,91686.4,91905.0,234629973.8823993
2025-12-02 19:14:59.932000+00:00,2025-12-02 19:00:00+00:00,continuous,91905.0,92178.1,91892.1,91997.8,172185505.77140042
2025-12-02 19:29:59.935000+00:00,2025-12-02 19:15:00+00:00,continuous,91997.8,92067.2,91852.8,91966.3,121497281.7706994
2025-12-02 19:44:59.833000+00:00,2025-12-02 19:30:00+00:00,continuous,91966.2,92273.2,91937.2,92077.3,172864547.77109927
2025-12-02 19:59:59.896000+00:00,2025-12-02 19:45:00+00:00,continuous,92077.2,92093.5,91791.0,91849.9,211532232.0800004
2025-12-02 20:14:59.903000+00:00,2025-12-02 20:00:00+00:00,continuous,91849.9,91883.8,91500.0,91521.0,293318916.2643972
2025-12-02 20:29:59.986000+00:00,2025-12-02 20:15:00+00:00,continuous,91521.0,91521.1,90906.6,90929.9,719108626.4340992
2025-12-02 20:44:59.775000+00:00,2025-12-02 20:30:00+00:00,continuous,90930.0,91092.0,90643.5,90896.8,415359845.96949846
2025-12-02 20:59:59.943000+00:00,2025-12-02 20:45:00+00:00,continuous,90896.7,91126.6,90792.5,90976.1,219528817.60060194
2025-12-02 21:14:59.916000+00:00,2025-12-02 21:00:00+00:00,continuous,90976.1,91230.4,90904.3,91174.1,150103773.75659955
2025-12-02 21:29:59.898000+00:00,2025-12-02 21:15:00+00:00,continuous,91174.0,91448.4,91137.0,91374.6,156276177.63789943
2025-12-02 21:44:59.921000+00:00,2025-12-02 21:30:00+00:00,continuous,91374.5,91449.9,91236.8,91416.9,97794513.16470006
2025-12-02 21:59:59.688000+00:00,2025-12-02 21:45:00+00:00,continuous,91416.8,91573.6,91366.8,91500.2,99647477.41139916
2025-12-02 22:14:59.901000+00:00,2025-12-02 22:00:00+00:00,continuous,91500.2,91843.8,91443.5,91783.4,274800622.3231002
2025-12-02 22:29:59.967000+00:00,2025-12-02 22:15:00+00:00,continuous,91783.3,91829.5,91565.5,91565.5,93446578.58079997
2025-12-02 22:44:59.894000+00:00,2025-12-02 22:30:00+00:00,continuous,91565.3,91885.6,91494.2,91756.8,159710129.59669945
2025-12-02 22:59:59.819000+00:00,2025-12-02 22:45:00+00:00,continuous,91756.7,91970.4,91654.7,91932.7,78157022.84639984
2025-12-02 23:14:59.921000+00:00,2025-12-02 23:00:00+00:00,continuous,91932.7,91943.6,91769.4,91796.3,93057553.58379968
2025-12-02 23:29:59.972000+00:00,2025-12-02 23:15:00+00:00,continuous,91796.3,91878.6,91574.3,91640.0,77570940.63220014
2025-12-02 23:44:59.918000+00:00,2025-12-02 23:30:00+00:00,continuous,91640.0,91648.0,91358.3,91395.5,117740802.53999971
2025-12-02 23:59:59.613000+00:00,2025-12-02 23:45:00+00:00,continuous,91395.5,91417.9,91231.0,91249.1,99831080.59990007
2025-12-03 00:14:59.983000+00:00,2025-12-03 00:00:00+00:00,continuous,91249.1,91499.9,91143.0,91273.2,136176118.94549963
2025-12-03 00:29:59.842000+00:00,2025-12-03 00:15:00+00:00,continuous,91273.1,91457.8,91082.4,91145.4,96573213.9274
2025-12-03 00:44:59.861000+00:00,2025-12-03 00:30:00+00:00,continuous,91145.4,91450.0,90954.8,91442.4,169695192.2138002
2025-12-03 00:59:59.666000+00:00,2025-12-03 00:45:00+00:00,continuous,91442.4,91716.0,91360.5,91620.3,177784524.32520193
2025-12-03 01:14:59.806000+00:00,2025-12-03 01:00:00+00:00,continuous,91620.3,91811.5,91418.7,91675.5,99786782.02140018
2025-12-03 01:29:59.929000+00:00,2025-12-03 01:15:00+00:00,continuous,91675.4,91942.0,91598.9,91852.8,166439420.81399974
2025-12-03 01:44:59.893000+00:00,2025-12-03 01:30:00+00:00,continuous,91852.9,91977.3,91800.0,91935.8,119758087.60680056
2025-12-03 01:59:59.895000+00:00,2025-12-03 01:45:00+00:00,continuous,91935.8,92465.6,91927.7,92215.3,343625900.64020133
2025-12-03 02:14:59.978000+00:00,2025-12-03 02:00:00+00:00,continuous,92215.5,92869.6,92101.2,92841.0,419377313.7832034
2025-12-03 02:29:59.770000+00:00,2025-12-03 02:15:00+00:00,continuous,92841.0,93020.0,92557.4,92761.0,314393849.58589995
2025-12-03 02:44:59.990000+00:00,2025-12-03 02:30:00+00:00,continuous,92761.1,92788.0,92552.5,92636.3,129657121.94260031
2025-12-03 02:59:59.852000+00:00,2025-12-03 02:45:00+00:00,continuous,92636.4,92813.0,92227.2,92784.2,204911136.32300216
2025-12-03 03:14:59.865000+00:00,2025-12-03 03:00:00+00:00,continuous,92784.1,93068.9,92545.6,92722.1,185580928.49709865
2025-12-03 03:29:59.965000+00:00,2025-12-03 03:15:00+00:00,continuous,92722.1,92825.2,92590.1,92797.4,106205879.7348002
2025-12-03 03:44:59.940000+00:00,2025-12-03 03:30:00+00:00,continuous,92797.4,92808.4,92621.3,92683.9,81578851.56569965
2025-12-03 03:59:59.884000+00:00,2025-12-03 03:45:00+00:00,continuous,92684.0,92742.8,92579.5,92589.2,70659926.31910008
2025-12-03 04:14:59.827000+00:00,2025-12-03 04:00:00+00:00,continuous,92589.2,92955.4,92578.0,92829.3,123085239.90119989
2025-12-03 04:29:59.995000+00:00,2025-12-03 04:15:00+00:00,continuous,92829.3,93428.6,92700.0,92773.1,384558204.46409833
2025-12-03 04:44:59.859000+00:00,2025-12-03 04:30:00+00:00,continuous,92773.0,93099.0,92757.9,92906.1,147516553.62549874
2025-12-03 04:59:59.864000+00:00,2025-12-03 04:45:00+00:00,continuous,92906.1,93456.0,92849.2,93302.2,260765292.98790163
2025-12-03 05:14:59.995000+00:00,2025-12-03 05:00:00+00:00,continuous,93302.1,93554.1,93145.7,93264.2,292814219.84720165
2025-12-03 05:29:59.939000+00:00,2025-12-03 05:15:00+00:00,continuous,93264.2,93360.6,93051.9,93294.7,221320461.57860017
2025-12-03 05:44:59.856000+00:00,2025-12-03 05:30:00+00:00,continuous,93294.3,93632.5,93195.2,93367.2,260106707.94749954
2025-12-03 05:59:59.979000+00:00,2025-12-03 05:45:00+00:00,continuous,93367.3,93613.5,93329.9,93591.0,147201032.33390015
2025-12-03 06:14:59.778000+00:00,2025-12-03 06:00:00+00:00,continuous,93591.1,93859.8,93522.8,93640.3,344996485.59450245
2025-12-03 06:29:59.952000+00:00,2025-12-03 06:15:00+00:00,continuous,93640.4,93932.7,93618.3,93890.0,175495386.60090044
2025-12-03 06:44:59.844000+00:00,2025-12-03 06:30:00+00:00,continuous,93889.9,93890.0,93200.0,93267.8,294680970.9464003
2025-12-03 06:59:59.901000+00:00,2025-12-03 06:45:00+00:00,continuous,93267.8,93397.3,93092.5,93386.0,241612055.56289893
2025-12-03 07:14:59.993000+00:00,2025-12-03 07:00:00+00:00,continuous,93386.0,93418.6,93158.0,93158.0,119160851.18360047
2025-12-03 07:29:59.621000+00:00,2025-12-03 07:15:00+00:00,continuous,93158.1,93158.1,92820.0,92995.9,302572521.6819009
2025-12-03 07:44:59.925000+00:00,2025-12-03 07:30:00+00:00,continuous,92995.8,93078.8,92906.9,93060.6,121012793.52450016
2025-12-03 07:59:59.480000+00:00,2025-12-03 07:45:00+00:00,continuous,93060.5,93060.5,92859.9,92969.9,104527421.27420014
2025-12-03 08:14:59.983000+00:00,2025-12-03 08:00:00+00:00,continuous,92970.0,93147.8,92850.0,92946.4,126400782.61169975
2025-12-03 08:29:59.902000+00:00,2025-12-03 08:15:00+00:00,continuous,92946.4,92959.8,92792.0,92877.4,112970772.28869925
2025-12-03 08:44:59.785000+00:00,2025-12-03 08:30:00+00:00,continuous,92877.5,92964.9,92690.0,92776.1,136270174.6248998
2025-12-03 08:59:59.842000+00:00,2025-12-03 08:45:00+00:00,continuous,92776.1,92894.8,92636.6,92740.8,217261617.27900034
2025-12-03 09:14:59.989000+00:00,2025-12-03 09:00:00+00:00,continuous,92740.8,92946.9,92672.3,92946.8,145153989.58239985
2025-12-03 09:29:59.901000+00:00,2025-12-03 09:15:00+00:00,continuous,92946.9,92954.0,92761.0,92897.1,73166861.18979996
2025-12-03 09:44:59.512000+00:00,2025-12-03 09:30:00+00:00,continuous,92897.1,92920.7,92739.5,92860.9,53679466.5445
2025-12-03 09:59:59.634000+00:00,2025-12-03 09:45:00+00:00,continuous,92861.0,93179.7,92840.7,93132.1,219794666.21809998
2025-12-03 10:14:59.765000+00:00,2025-12-03 10:00:00+00:00,continuous,93132.1,93144.5,92973.6,93081.6,90814540.01310042
2025-12-03 10:29:59.833000+00:00,2025-12-03 10:15:00+00:00,continuous,93081.6,93338.4,93079.8,93163.1,148863557.1224001
2025-12-03 10:44:59.946000+00:00,2025-12-03 10:30:00+00:00,continuous,93163.0,93163.1,92807.3,92899.9,168181559.60999936
2025-12-03 10:59:59.503000+00:00,2025-12-03 10:45:00+00:00,continuous,92900.0,93027.0,92822.0,92899.9,98926626.53510046
2025-12-03 11:14:59.944000+00:00,2025-12-03 11:00:00+00:00,continuous,92899.9,92977.9,92673.5,92700.6,124717168.89670001
2025-12-03 11:29:59.735000+00:00,2025-12-03 11:15:00+00:00,continuous,92700.6,92987.3,92602.8,92952.0,143611493.17030004
2025-12-03 11:44:59.939000+00:00,2025-12-03 11:30:00+00:00,continuous,92952.0,93009.8,92783.0,92862.5,79752823.86469981
2025-12-03 11:59:59.985000+00:00,2025-12-03 11:45:00+00:00,continuous,92862.4,93000.0,92862.4,92957.7,45842969.32910002
2025-12-03 12:14:59.781000+00:00,2025-12-03 12:00:00+00:00,continuous,92957.6,93069.7,92744.7,92835.1,95339937.32839972
2025-12-03 12:29:59.894000+00:00,2025-12-03 12:15:00+00:00,continuous,92835.0,92881.7,92642.7,92682.3,104761002.23669979
2025-12-03 12:44:59.344000+00:00,2025-12-03 12:30:00+00:00,continuous,92682.4,92849.9,92637.9,92806.9,98110128.76559986
2025-12-03 12:59:59.848000+00:00,2025-12-03 12:45:00+00:00,continuous,92806.9,92937.8,92750.0,92882.3,79224824.4401004
2025-12-03 13:14:59.902000+00:00,2025-12-03 13:00:00+00:00,continuous,92882.2,93044.7,92828.6,92885.0,98930412.6302
2025-12-03 13:29:59.895000+00:00,2025-12-03 13:15:00+00:00,continuous,92885.0,93092.0,92851.6,92959.3,145278587.0460994
2025-12-03 13:44:59.941000+00:00,2025-12-03 13:30:00+00:00,continuous,92959.3,93167.6,92867.9,93153.9,117979761.66690038
2025-12-03 13:59:59.857000+00:00,2025-12-03 13:45:00+00:00,continuous,93154.0,93225.4,93022.4,93077.6,104535907.65589978
2025-12-03 14:14:59.991000+00:00,2025-12-03 14:00:00+00:00,continuous,93077.7,93100.4,91637.4,91980.0,1534049087.9431186
2025-12-03 14:29:59.902000+00:00,2025-12-03 14:15:00+00:00,continuous,91980.0,92525.4,91950.7,92498.0,402225873.3126976
2025-12-03 14:44:59.989000+00:00,2025-12-03 14:30:00+00:00,continuous,92497.9,93653.6,92080.4,93452.6,780181620.473997
2025-12-03 14:59:59.992000+00:00,2025-12-03 14:45:00+00:00,continuous,93452.7,93487.4,92278.0,92300.0,638817235.623604
2025-12-03 15:14:59.743000+00:00,2025-12-03 15:00:00+00:00,continuous,92300.2,92943.4,92108.0,92196.9,420312177.9430028
2025-12-03 15:29:59.821000+00:00,2025-12-03 15:15:00+00:00,continuous,92196.9,92450.0,91873.9,92281.4,399813416.043001
2025-12-03 15:44:59.906000+00:00,2025-12-03 15:30:00+00:00,continuous,92281.5,92734.0,92195.1,92305.1,258148911.45419812
2025-12-03 15:59:59.968000+00:00,2025-12-03 15:45:00+00:00,continuous,92305.1,92620.0,92279.5,92332.9,126321069.76009971
2025-12-03 16:14:59.932000+00:00,2025-12-03 16:00:00+00:00,continuous,92333.0,92428.5,91733.2,91994.8,319388096.7894969
2025-12-03 16:29:59.916000+00:00,2025-12-03 16:15:00+00:00,continuous,91994.7,92252.2,91943.4,92247.0,153719036.13879955
2025-12-03 16:44:59.973000+00:00,2025-12-03 16:30:00+00:00,continuous,92247.0,92712.8,92219.6,92688.2,195936688.7717006
2025-12-03 16:59:59.893000+00:00,2025-12-03 16:45:00+00:00,continuous,92688.1,92705.4,92187.8,92212.4,136599830.93390042
2025-12-03 17:14:59.904000+00:00,2025-12-03 17:00:00+00:00,continuous,92212.4,92603.2,92160.0,92587.0,217695183.45229954
2025-12-03 17:29:59.926000+00:00,2025-12-03 17:15:00+00:00,continuous,92587.1,92667.9,92159.9,92472.0,226400230.88669932
2025-12-03 17:44:59.806000+00:00,2025-12-03 17:30:00+00:00,continuous,92472.1,92887.0,92472.0,92720.0,207562441.03970054
2025-12-03 17:59:59.841000+00:00,2025-12-03 17:45:00+00:00,continuous,92719.9,93000.0,92650.1,92919.5,179993349.02779865
2025-12-03 18:14:59.910000+00:00,2025-12-03 18:00:00+00:00,continuous,92919.4,93471.1,92919.4,93384.9,313942538.1276028
2025-12-03 18:29:59.546000+00:00,2025-12-03 18:15:00+00:00,continuous,93385.0,93412.0,92861.2,93064.5,256541799.84409758
2025-12-03 18:44:59.845000+00:00,2025-12-03 18:30:00+00:00,continuous,93064.5,93172.5,92922.8,93086.9,91333947.94799954
2025-12-03 18:59:59.962000+00:00,2025-12-03 18:45:00+00:00,continuous,93087.0,93096.5,92315.3,92584.8,243079561.06210217
2025-12-03 19:14:59.828000+00:00,2025-12-03 19:00:00+00:00,continuous,92584.7,92808.7,92536.5,92644.6,101482989.82530004
2025-12-03 19:29:59.993000+00:00,2025-12-03 19:15:00+00:00,continuous,92644.7,92748.9,92489.3,92679.3,65301930.94450005
2025-12-03 19:44:59.910000+00:00,2025-12-03 19:30:00+00:00,continuous,92679.5,92800.8,92580.3,92800.8,53643236.49120006
2025-12-03 19:59:59.945000+00:00,2025-12-03 19:45:00+00:00,continuous,92800.7,93062.9,92761.6,92995.8,80245567.61520034
2025-12-03 20:14:59.625000+00:00,2025-12-03 20:00:00+00:00,continuous,92995.8,93125.2,92784.3,92929.3,79930211.69220044
2025-12-03 20:29:59.819000+00:00,2025-12-03 20:15:00+00:00,continuous,92929.3,93075.0,92834.6,92982.6,63114852.72619971
2025-12-03 20:44:59.824000+00:00,2025-12-03 20:30:00+00:00,continuous,92982.6,93219.3,92917.3,93135.8,122691281.87940034
2025-12-03 20:59:59.499000+00:00,2025-12-03 20:45:00+00:00,continuous,93135.7,93345.3,92826.0,92928.2,125848625.8547999
2025-12-03 21:14:59.241000+00:00,2025-12-03 21:00:00+00:00,continuous,92928.8,93066.4,92801.0,93002.9,92056300.0956005
2025-12-03 21:29:59.636000+00:00,2025-12-03 21:15:00+00:00,continuous,93002.8,93282.0,92962.0,93229.1,87857324.77429931
2025-12-03 21:44:59.825000+00:00,2025-12-03 21:30:00+00:00,continuous,93229.2,93446.1,93193.5,93435.1,95985679.14180009
2025-12-03 21:59:59.812000+00:00,2025-12-03 21:45:00+00:00,continuous,93435.1,93725.0,93311.5,93645.0,161816475.7216002
2025-12-03 22:14:59.342000+00:00,2025-12-03 22:00:00+00:00,continuous,93645.0,93779.8,93383.1,93635.9,170437491.6804004
2025-12-03 22:29:59.955000+00:00,2025-12-03 22:15:00+00:00,continuous,93635.9,93660.6,93307.3,93353.9,81167648.15199995
2025-12-03 22:44:59.939000+00:00,2025-12-03 22:30:00+00:00,continuous,93353.9,93690.0,93232.8,93529.0,112123802.37360002
2025-12-03 22:59:59.999000+00:00,2025-12-03 22:45:00+00:00,continuous,93529.0,94185.0,93529.0,93738.4,325749490.16349906
2025-12-03 23:14:59.794000+00:00,2025-12-03 23:00:00+00:00,continuous,93738.5,94061.2,93606.6,93710.9,242963350.5714004
2025-12-03 23:29:59.949000+00:00,2025-12-03 23:15:00+00:00,continuous,93710.9,93736.1,93516.4,93593.7,114957035.17570007
2025-12-03 23:44:59.677000+00:00,2025-12-03 23:30:00+00:00,continuous,93593.7,93600.0,93374.0,93466.8,107511028.81790075
2025-12-03 23:59:59.673000+00:00,2025-12-03 23:45:00+00:00,continuous,93466.8,93601.0,93297.8,93376.7,95668453.06170021
2025-12-04 00:14:59.872000+00:00,2025-12-04 00:00:00+00:00,continuous,93376.8,93431.8,92892.3,92899.1,214657231.98460153
2025-12-04 00:29:59.831000+00:00,2025-12-04 00:15:00+00:00,continuous,92899.0,93063.7,92686.3,92784.5,189076231.57910037
2025-12-04 00:44:59.859000+00:00,2025-12-04 00:30:00+00:00,continuous,92784.6,93037.1,92628.0,93000.0,130988579.22430009
2025-12-04 00:59:59.923000+00:00,2025-12-04 00:45:00+00:00,continuous,93000.0,93125.1,92850.0,93013.9,136356851.00580007
2025-12-04 01:14:59.928000+00:00,2025-12-04 01:00:00+00:00,continuous,93013.9,93699.1,92940.4,93659.2,189378062.98860013
2025-12-04 01:29:59.677000+00:00,2025-12-04 01:15:00+00:00,continuous,93659.3,93725.0,93173.0,93332.9,186702953.30889994
2025-12-04 01:44:59.780000+00:00,2025-12-04 01:30:00+00:00,continuous,93333.0,93514.4,93294.1,93398.4,68002102.43260008
2025-12-04 01:59:59.890000+00:00,2025-12-04 01:45:00+00:00,continuous,93398.3,93434.8,93121.9,93150.0,81144856.2366999
2025-12-04 02:14:59.960000+00:00,2025-12-04 02:00:00+00:00,continuous,93150.0,93675.4,93072.8,93639.1,139250381.52150062
2025-12-04 02:29:58.622000+00:00,2025-12-04 02:15:00+00:00,continuous,93639.0,94040.0,93581.9,93760.0,301599624.851701
2025-12-04 02:44:59.634000+00:00,2025-12-04 02:30:00+00:00,continuous,93760.0,93954.7,93571.4,93830.2,102326696.32200009
2025-12-04 02:59:59.989000+00:00,2025-12-04 02:45:00+00:00,continuous,93830.2,93952.8,93700.0,93896.1,90791235.47869982
2025-12-04 03:14:59.776000+00:00,2025-12-04 03:00:00+00:00,continuous,93896.1,94038.8,93747.1,93757.8,110194459.64720038
2025-12-04 03:29:59.680000+00:00,2025-12-04 03:15:00+00:00,continuous,93757.9,93770.5,93513.2,93574.7,126665575.35039961
2025-12-04 03:44:59.967000+00:00,2025-12-04 03:30:00+00:00,continuous,93574.6,93599.9,93351.0,93429.1,154964304.56029934
2025-12-04 03:59:59.117000+00:00,2025-12-04 03:45:00+00:00,continuous,93429.2,93575.7,93374.7,93499.9,66147956.0648001
2025-12-04 04:14:59.303000+00:00,2025-12-04 04:00:00+00:00,continuous,93500.0,93549.2,93300.0,93422.1,77257238.46499963
2025-12-04 04:29:59.942000+00:00,2025-12-04 04:15:00+00:00,continuous,93422.2,93479.7,93275.1,93358.2,59750305.31140029
2025-12-04 04:44:59.880000+00:00,2025-12-04 04:30:00+00:00,continuous,93358.2,93480.0,93255.6,93336.3,56787179.29100015
2025-12-04 04:59:59.721000+00:00,2025-12-04 04:45:00+00:00,continuous,93336.3,93343.0,93170.0,93317.8,74671589.32030004
2025-12-04 05:14:59.973000+00:00,2025-12-04 05:00:00+00:00,continuous,93317.8,93339.7,92985.0,93152.9,125514045.8888998
2025-12-04 05:29:59.916000+00:00,2025-12-04 05:15:00+00:00,continuous,93153.0,93232.7,92950.0,93168.5,89861985.76149988
2025-12-04 05:44:59.724000+00:00,2025-12-04 05:30:00+00:00,continuous,93168.5,93181.3,92910.2,92917.6,74669498.44109994
2025-12-04 05:59:59.851000+00:00,2025-12-04 05:45:00+00:00,continuous,92917.8,92960.8,92737.0,92932.4,150588051.87530044
2025-12-04 06:14:59.392000+00:00,2025-12-04 06:00:00+00:00,continuous,92932.4,93026.5,92800.1,92988.9,67290044.52019979
2025-12-04 06:29:59.977000+00:00,2025-12-04 06:15:00+00:00,continuous,92988.9,93216.0,92963.7,93166.1,180401233.56889987
2025-12-04 06:44:59.845000+00:00,2025-12-04 06:30:00+00:00,continuous,93166.0,93333.0,93072.8,93095.0,150536993.21130008
2025-12-04 06:59:59.832000+00:00,2025-12-04 06:45:00+00:00,continuous,93095.1,93161.8,92965.8,93103.1,76977241.39389977
2025-12-04 07:14:59.659000+00:00,2025-12-04 07:00:00+00:00,continuous,93103.0,93128.4,92852.4,93016.7,85833227.74870017
2025-12-04 07:29:58.873000+00:00,2025-12-04 07:15:00+00:00,continuous,93016.6,93133.0,92958.7,93064.8,70336437.32450023
2025-12-04 07:44:58.663000+00:00,2025-12-04 07:30:00+00:00,continuous,93064.8,93263.1,93061.1,93238.6,62405742.301400095
2025-12-04 07:59:59.648000+00:00,2025-12-04 07:45:00+00:00,continuous,93238.5,93386.6,93170.0,93358.6,87175582.40370004
2025-12-04 08:14:59.910000+00:00,2025-12-04 08:00:00+00:00,continuous,93358.5,93578.4,93012.0,93113.7,162323298.307601
2025-12-04 08:29:59.913000+00:00,2025-12-04 08:15:00+00:00,continuous,93113.7,93206.5,93062.2,93094.3,61353024.89420043
2025-12-04 08:44:59.955000+00:00,2025-12-04 08:30:00+00:00,continuous,93094.2,93350.0,93002.5,93299.9,55632447.33970017
2025-12-04 08:59:59.488000+00:00,2025-12-04 08:45:00+00:00,continuous,93299.9,93357.0,93102.0,93220.7,60082140.13309983
2025-12-04 09:14:59.683000+00:00,2025-12-04 09:00:00+00:00,continuous,93220.7,93600.0,93217.5,93333.1,216200136.36949888
2025-12-04 09:29:59.978000+00:00,2025-12-04 09:15:00+00:00,continuous,93333.1,93360.0,93201.0,93335.9,56205891.03259993
2025-12-04 09:44:59.983000+00:00,2025-12-04 09:30:00+00:00,continuous,93336.0,93471.2,93302.2,93442.4,45698519.8982999
2025-12-04 09:59:59.830000+00:00,2025-12-04 09:45:00+00:00,continuous,93442.5,93582.3,93367.7,93408.6,71814917.05489968
2025-12-04 10:14:59.893000+00:00,2025-12-04 10:00:00+00:00,continuous,93408.6,93531.7,93327.5,93371.6,100205772.21840014
2025-12-04 10:29:59.796000+00:00,2025-12-04 10:15:00+00:00,continuous,93371.5,93371.6,93218.3,93272.2,55636628.29089996
2025-12-04 10:44:59.938000+00:00,2025-12-04 10:30:00+00:00,continuous,93272.1,93349.0,93167.6,93262.4,63869493.51269995
2025-12-04 10:59:59.899000+00:00,2025-12-04 10:45:00+00:00,continuous,93262.4,93351.2,93111.1,93210.7,63264769.58080016
2025-12-04 11:14:59.973000+00:00,2025-12-04 11:00:00+00:00,continuous,93210.7,93269.5,93132.3,93190.3,47592960.11549991
2025-12-04 11:29:59.914000+00:00,2025-12-04 11:15:00+00:00,continuous,93190.2,93215.0,92939.7,92950.2,107227304.93719955
2025-12-04 11:44:59.543000+00:00,2025-12-04 11:30:00+00:00,continuous,92950.1,92986.0,92666.1,92804.0,270082499.2870006
2025-12-04 11:59:59.912000+00:00,2025-12-04 11:45:00+00:00,continuous,92804.0,92955.4,92738.0,92894.9,84160251.69640088
2025-12-04 12:14:59.784000+00:00,2025-12-04 12:00:00+00:00,continuous,92894.9,93000.0,92858.7,92904.0,59691908.465900026
2025-12-04 12:29:59.886000+00:00,2025-12-04 12:15:00+00:00,continuous,92903.9,92973.2,92725.4,92812.0,84768152.4467003
2025-12-04 12:44:59.952000+00:00,2025-12-04 12:30:00+00:00,continuous,92812.0,93139.0,92801.0,93040.0,97982895.42809978
2025-12-04 12:59:59.856000+00:00,2025-12-04 12:45:00+00:00,continuous,93040.0,93155.0,92893.7,92947.9,72776412.54270034
2025-12-04 13:14:59.833000+00:00,2025-12-04 13:00:00+00:00,continuous,92947.8,93011.4,92411.0,92503.8,318239799.1162029
2025-12-04 13:29:59.827000+00:00,2025-12-04 13:15:00+00:00,continuous,92503.7,92820.0,92503.7,92742.4,142328513.28250003
2025-12-04 13:44:59.850000+00:00,2025-12-04 13:30:00+00:00,continuous,92742.4,92921.1,92610.3,92714.3,146877459.39270115
2025-12-04 13:59:59.799000+00:00,2025-12-04 13:45:00+00:00,continuous,92714.3,92724.7,92366.0,92480.4,253643970.95849958
2025-12-04 14:14:59.906000+00:00,2025-12-04 14:00:00+00:00,continuous,92480.4,92665.0,92450.6,92614.7,98847658.50689994
2025-12-04 14:29:59.955000+00:00,2025-12-04 14:15:00+00:00,continuous,92614.6,92788.1,92558.7,92749.9,79680910.90899979
2025-12-04 14:44:59.965000+00:00,2025-12-04 14:30:00+00:00,continuous,92749.9,92750.0,92350.0,92530.5,233114045.25680113
2025-12-04 14:59:59.874000+00:00,2025-12-04 14:45:00+00:00,continuous,92530.6,92599.7,91762.0,91859.4,656805336.8911024
2025-12-04 15:14:59.773000+00:00,2025-12-04 15:00:00+00:00,continuous,91859.3,92661.0,91845.8,92612.8,405602633.00390077
2025-12-04 15:29:59.713000+00:00,2025-12-04 15:15:00+00:00,continuous,92612.8,92866.0,92294.5,92536.5,321525673.631897
2025-12-04 15:44:59.935000+00:00,2025-12-04 15:30:00+00:00,continuous,92536.5,93256.3,92397.0,93003.1,419256803.2678015
2025-12-04 15:59:59.940000+00:00,2025-12-04 15:45:00+00:00,continuous,93003.2,93068.7,92681.8,92933.5,194999177.08660027
2025-12-04 16:14:59.975000+00:00,2025-12-04 16:00:00+00:00,continuous,92933.4,92975.4,92433.5,92768.5,188026261.60899827
2025-12-04 16:29:59.940000+00:00,2025-12-04 16:15:00+00:00,continuous,92768.1,93143.4,92745.5,92869.1,161173080.07690123
2025-12-04 16:44:59.943000+00:00,2025-12-04 16:30:00+00:00,continuous,92869.0,92869.0,92416.6,92485.8,286278110.9934993
2025-12-04 16:59:59.925000+00:00,2025-12-04 16:45:00+00:00,continuous,92485.8,92696.4,92220.0,92390.0,186839027.72460064
2025-12-04 17:14:59.801000+00:00,2025-12-04 17:00:00+00:00,continuous,92389.9,92500.0,92029.0,92222.9,186097371.05169725
2025-12-04 17:29:59.825000+00:00,2025-12-04 17:15:00+00:00,continuous,92222.8,92263.6,92008.0,92083.4,102147839.97110042
2025-12-04 17:44:59.981000+00:00,2025-12-04 17:30:00+00:00,continuous,92083.4,92268.7,91700.0,91949.3,253721751.0607003
2025-12-04 17:59:59.757000+00:00,2025-12-04 17:45:00+00:00,continuous,91949.2,92432.5,91827.4,92384.5,231121008.31769744
2025-12-04 18:14:59.855000+00:00,2025-12-04 18:00:00+00:00,continuous,92384.6,92407.5,92135.4,92332.6,104968740.78739977
2025-12-04 18:29:59.576000+00:00,2025-12-04 18:15:00+00:00,continuous,92332.5,92505.0,92109.1,92416.8,75811080.17820036
2025-12-04 18:44:59.927000+00:00,2025-12-04 18:30:00+00:00,continuous,92416.8,92516.8,91914.0,91979.1,108161544.04210041
2025-12-04 18:59:59.791000+00:00,2025-12-04 18:45:00+00:00,continuous,91979.0,92188.8,91909.8,92093.4,143674715.54830056
2025-12-04 19:14:59.908000+00:00,2025-12-04 19:00:00+00:00,continuous,92093.4,92140.5,91233.4,91243.0,381689651.207903
2025-12-04 19:29:59.992000+00:00,2025-12-04 19:15:00+00:00,continuous,91243.0,91515.8,90822.5,91304.9,629751985.7462913
2025-12-04 19:44:59.826000+00:00,2025-12-04 19:30:00+00:00,continuous,91305.0,91945.5,91246.0,91896.0,361865194.3699021
2025-12-04 19:59:59.924000+00:00,2025-12-04 19:45:00+00:00,continuous,91896.1,92092.4,91781.2,91941.5,137826005.64870015
2025-12-04 20:14:59.873000+00:00,2025-12-04 20:00:00+00:00,continuous,91941.5,92180.0,91649.8,91966.8,213196177.685502
2025-12-04 20:29:59.823000+00:00,2025-12-04 20:15:00+00:00,continuous,91966.7,92186.4,91841.2,91954.0,97481051.74240032
2025-12-04 20:44:59.775000+00:00,2025-12-04 20:30:00+00:00,continuous,91954.0,92316.8,91907.5,92277.0,94593078.27260104
2025-12-04 20:59:59.994000+00:00,2025-12-04 20:45:00+00:00,continuous,92277.0,92500.0,92226.3,92431.7,141270625.8879997
2025-12-04 21:14:59.860000+00:00,2025-12-04 21:00:00+00:00,continuous,92431.8,92676.8,92316.5,92404.6,127281342.74330002
2025-12-04 21:29:59.973000+00:00,2025-12-04 21:15:00+00:00,continuous,92404.6,92534.3,92254.5,92254.6,60087073.49359968
2025-12-04 21:44:59.926000+00:00,2025-12-04 21:30:00+00:00,continuous,92254.5,92322.0,92169.0,92200.0,54212640.745499864
2025-12-04 21:59:59.923000+00:00,2025-12-04 21:45:00+00:00,continuous,92200.0,92207.9,92036.1,92111.2,55153767.2749
2025-12-04 22:14:59.642000+00:00,2025-12-04 22:00:00+00:00,continuous,92111.2,92337.4,92111.2,92257.5,42539642.46079977
2025-12-04 22:29:59.837000+00:00,2025-12-04 22:15:00+00:00,continuous,92257.5,92320.3,92103.2,92149.9,36352481.36639983
2025-12-04 22:44:59.484000+00:00,2025-12-04 22:30:00+00:00,continuous,92149.9,92429.8,92149.9,92417.7,61749316.12039994
2025-12-04 22:59:59.977000+00:00,2025-12-04 22:45:00+00:00,continuous,92417.7,92458.3,92280.5,92295.5,33139016.85460017
2025-12-04 23:14:59.484000+00:00,2025-12-04 23:00:00+00:00,continuous,92295.4,92419.6,92200.6,92271.9,35713659.20869979
2025-12-04 23:29:59.979000+00:00,2025-12-04 23:15:00+00:00,continuous,92271.9,92349.6,92167.4,92182.7,26537085.576499857
2025-12-04 23:44:59.738000+00:00,2025-12-04 23:30:00+00:00,continuous,92182.7,92265.3,92030.1,92077.0,46808796.32789983
2025-12-04 23:59:59.920000+00:00,2025-12-04 23:45:00+00:00,continuous,92077.0,92129.4,92022.3,92034.7,46374394.43479997
2025-12-05 00:14:59.701000+00:00,2025-12-05 00:00:00+00:00,continuous,92034.7,92242.6,92015.0,92039.2,60065223.17970014
2025-12-05 00:29:59.646000+00:00,2025-12-05 00:15:00+00:00,continuous,92039.1,92444.0,92039.1,92286.5,60398869.044800065
2025-12-05 00:44:59.907000+00:00,2025-12-05 00:30:00+00:00,continuous,92286.5,92392.0,92238.0,92359.3,36291960.21250003
2025-12-05 00:59:59.472000+00:00,2025-12-05 00:45:00+00:00,continuous,92359.3,92367.7,92188.6,92259.9,31266217.321100067
2025-12-05 01:14:59.949000+00:00,2025-12-05 01:00:00+00:00,continuous,92259.8,92471.3,92188.8,92314.9,55597662.52410019
2025-12-05 01:29:59.675000+00:00,2025-12-05 01:15:00+00:00,continuous,92314.9,92566.0,92310.8,92460.7,59890765.363299966
2025-12-05 01:44:59.604000+00:00,2025-12-05 01:30:00+00:00,continuous,92460.6,92500.0,92329.0,92410.6,57467724.68410011
2025-12-05 01:59:59.894000+00:00,2025-12-05 01:45:00+00:00,continuous,92410.6,92457.5,92300.7,92322.2,44765392.38410015
2025-12-05 02:14:59.753000+00:00,2025-12-05 02:00:00+00:00,continuous,92322.1,92404.3,92215.0,92404.3,46879766.64760002
2025-12-05 02:29:59.966000+00:00,2025-12-05 02:15:00+00:00,continuous,92404.3,92593.1,92379.3,92527.3,65182947.16979972
2025-12-05 02:44:59.993000+00:00,2025-12-05 02:30:00+00:00,continuous,92527.4,92665.5,92425.0,92611.9,79614474.51860002
2025-12-05 02:59:59.949000+00:00,2025-12-05 02:45:00+00:00,continuous,92612.0,92612.0,92444.0,92476.1,48564265.44090015
2025-12-05 03:14:59.852000+00:00,2025-12-05 03:00:00+00:00,continuous,92476.1,92625.0,92450.2,92517.2,49606055.17629977
2025-12-05 03:29:59.188000+00:00,2025-12-05 03:15:00+00:00,continuous,92517.3,92524.1,92302.3,92360.6,67378134.22910021
2025-12-05 03:44:59.872000+00:00,2025-12-05 03:30:00+00:00,continuous,92360.6,92384.9,92272.4,92284.7,43165085.6004998
2025-12-05 03:59:59.824000+00:00,2025-12-05 03:45:00+00:00,continuous,92284.8,92300.0,91917.7,92104.9,205459895.27250114
2025-12-05 04:14:59.812000+00:00,2025-12-05 04:00:00+00:00,continuous,92104.8,92318.1,92087.5,92265.3,68735349.25369999
2025-12-05 04:29:59.955000+00:00,2025-12-05 04:15:00+00:00,continuous,92265.3,92350.0,92124.0,92149.3,65664596.1031
2025-12-05 04:44:59.889000+00:00,2025-12-05 04:30:00+00:00,continuous,92149.2,92149.4,91786.5,91814.5,178382406.8714993
2025-12-05 04:59:59.820000+00:00,2025-12-05 04:45:00+00:00,continuous,91814.5,92047.0,91750.6,91985.5,100714377.62010051
2025-12-05 05:14:59.999000+00:00,2025-12-05 05:00:00+00:00,continuous,91985.6,92164.5,91952.2,92088.8,59322636.18179997
2025-12-05 05:29:59.643000+00:00,2025-12-05 05:15:00+00:00,continuous,92088.9,92126.0,91869.5,91930.9,64570926.09109999
2025-12-05 05:44:59.488000+00:00,2025-12-05 05:30:00+00:00,continuous,91930.9,91995.7,91829.6,91989.9,39878757.30969972
2025-12-05 05:59:59.960000+00:00,2025-12-05 05:45:00+00:00,continuous,91989.9,91996.8,91850.0,91902.6,43244815.9516002
2025-12-05 06:14:59.939000+00:00,2025-12-05 06:00:00+00:00,continuous,91902.7,92116.4,91865.3,92051.1,89148932.54340035
2025-12-05 06:29:59.989000+00:00,2025-12-05 06:15:00+00:00,continuous,92051.0,92067.6,91962.0,91993.5,30842296.8195998
2025-12-05 06:44:59.951000+00:00,2025-12-05 06:30:00+00:00,continuous,91993.4,92065.7,91890.4,92063.3,30560709.326800253
2025-12-05 06:59:59.819000+00:00,2025-12-05 06:45:00+00:00,continuous,92063.3,92244.8,92052.0,92235.6,69578716.26869987
2025-12-05 07:14:59.952000+00:00,2025-12-05 07:00:00+00:00,continuous,92235.6,92420.1,92158.5,92296.2,78439866.63119917
2025-12-05 07:29:59.958000+00:00,2025-12-05 07:15:00+00:00,continuous,92296.2,92455.4,92279.4,92407.0,75606412.17689988
2025-12-05 07:44:59.455000+00:00,2025-12-05 07:30:00+00:00,continuous,92407.1,92416.1,92242.9,92270.1,68269912.33889936
2025-12-05 07:59:59.995000+00:00,2025-12-05 07:45:00+00:00,continuous,92270.1,92306.7,92162.8,92227.5,70373417.76130024
2025-12-05 08:14:59.856000+00:00,2025-12-05 08:00:00+00:00,continuous,92227.6,92227.6,92020.5,92061.4,63311841.94060007
2025-12-05 08:29:59.936000+00:00,2025-12-05 08:15:00+00:00,continuous,92061.3,92132.2,91970.0,92018.3,53286453.0139001
2025-12-05 08:44:59.934000+00:00,2025-12-05 08:30:00+00:00,continuous,92018.4,92059.8,91857.6,91984.1,77355113.64839971
2025-12-05 08:59:59.992000+00:00,2025-12-05 08:45:00+00:00,continuous,91984.0,92120.0,91961.7,92080.0,43008926.90230006
2025-12-05 09:14:59.753000+00:00,2025-12-05 09:00:00+00:00,continuous,92079.9,92080.0,91801.3,91825.2,100577330.7802996
2025-12-05 09:29:59.984000+00:00,2025-12-05 09:15:00+00:00,continuous,91825.2,91840.0,91250.0,91302.4,301177657.60800284
2025-12-05 09:44:59.941000+00:00,2025-12-05 09:30:00+00:00,continuous,91302.5,91432.9,90940.4,91014.3,304224562.75400084
2025-12-05 09:59:59.957000+00:00,2025-12-05 09:45:00+00:00,continuous,91014.3,91125.3,90965.0,91086.4,204488284.19209778
2025-12-05 10:14:59.729000+00:00,2025-12-05 10:00:00+00:00,continuous,91086.3,91291.1,91042.8,91200.1,195042547.2522026
2025-12-05 10:29:59.776000+00:00,2025-12-05 10:15:00+00:00,continuous,91200.0,91427.4,91171.4,91315.6,114159000.34639955
2025-12-05 10:44:59.976000+00:00,2025-12-05 10:30:00+00:00,continuous,91315.6,91456.8,91235.7,91443.7,84784768.57699999
2025-12-05 10:59:59.885000+00:00,2025-12-05 10:45:00+00:00,continuous,91443.6,91443.7,91219.2,91240.1,69324240.55570038
2025-12-05 11:14:59.945000+00:00,2025-12-05 11:00:00+00:00,continuous,91240.0,91499.9,91193.1,91476.0,80620569.05720046
2025-12-05 11:29:59.646000+00:00,2025-12-05 11:15:00+00:00,continuous,91476.1,91527.3,91259.5,91370.2,73025510.5815004
2025-12-05 11:44:59.944000+00:00,2025-12-05 11:30:00+00:00,continuous,91370.2,91378.4,91081.1,91093.0,133566751.61539975
2025-12-05 11:59:59.738000+00:00,2025-12-05 11:45:00+00:00,continuous,91093.0,91368.0,91086.9,91307.9,71497912.06719986
2025-12-05 12:14:59.541000+00:00,2025-12-05 12:00:00+00:00,continuous,91308.0,91388.7,91156.0,91213.2,79214595.33150011
2025-12-05 12:29:59.915000+00:00,2025-12-05 12:15:00+00:00,continuous,91213.1,91309.3,91015.7,91177.2,74416800.55770034
2025-12-05 12:44:59.670000+00:00,2025-12-05 12:30:00+00:00,continuous,91177.3,91253.0,91083.4,91133.9,46820040.20570021
2025-12-05 12:59:59.987000+00:00,2025-12-05 12:45:00+00:00,continuous,91133.9,91221.8,91087.2,91194.6,33124664.247700043
2025-12-05 13:14:59.801000+00:00,2025-12-05 13:00:00+00:00,continuous,91194.6,91319.9,91011.0,91068.9,103342394.10149984
2025-12-05 13:29:59.888000+00:00,2025-12-05 13:15:00+00:00,continuous,91068.9,91081.4,90532.7,90773.1,380212611.5581981
2025-12-05 13:44:59.878000+00:00,2025-12-05 13:30:00+00:00,continuous,90773.2,90886.0,90253.0,90382.6,411427464.1365006
2025-12-05 13:59:59.986000+00:00,2025-12-05 13:45:00+00:00,continuous,90382.6,90653.9,90195.3,90433.6,344018808.35709953
2025-12-05 14:14:59.924000+00:00,2025-12-05 14:00:00+00:00,continuous,90433.6,90706.6,90415.2,90468.0,207159606.9353002
2025-12-05 14:29:59.996000+00:00,2025-12-05 14:15:00+00:00,continuous,90467.9,90505.6,90259.6,90400.0,184706615.05370045
2025-12-05 14:44:59.912000+00:00,2025-12-05 14:30:00+00:00,continuous,90399.9,90665.9,89863.0,90168.1,604388641.7367963
2025-12-05 14:59:59.999000+00:00,2025-12-05 14:45:00+00:00,continuous,90168.1,90481.6,89930.0,90246.0,375221892.20419943
2025-12-05 15:14:59.789000+00:00,2025-12-05 15:00:00+00:00,continuous,90246.5,91445.2,90246.5,90994.6,1212703392.4971828
2025-12-05 15:29:59.999000+00:00,2025-12-05 15:15:00+00:00,continuous,90994.6,91179.0,90808.9,91171.6,248833802.18630108
2025-12-05 15:44:59.797000+00:00,2025-12-05 15:30:00+00:00,continuous,91171.7,91342.6,90850.0,90977.7,247756637.4696008
2025-12-05 15:59:59.857000+00:00,2025-12-05 15:45:00+00:00,continuous,90977.7,91119.8,90210.6,90414.0,460910150.22479624
2025-12-05 16:14:59.947000+00:00,2025-12-05 16:00:00+00:00,continuous,90413.9,90460.0,89199.0,89329.6,811495378.0052019
2025-12-05 16:29:59.987000+00:00,2025-12-05 16:15:00+00:00,continuous,89329.7,89329.7,88808.5,89020.4,845252692.6406946
2025-12-05 16:44:59.927000+00:00,2025-12-05 16:30:00+00:00,continuous,89020.3,89095.3,87976.3,88337.3,1167742357.1786005
2025-12-05 16:59:59.944000+00:00,2025-12-05 16:45:00+00:00,continuous,88337.4,88999.9,88273.5,88757.5,672332317.2525944
2025-12-05 17:14:59.741000+00:00,2025-12-05 17:00:00+00:00,continuous,88757.6,88950.0,88558.8,88634.5,235272727.8983995
2025-12-05 17:29:59.468000+00:00,2025-12-05 17:15:00+00:00,continuous,88634.4,89005.5,88613.7,88714.7,182729524.24380106
2025-12-05 17:44:59.983000+00:00,2025-12-05 17:30:00+00:00,continuous,88714.6,89139.4,88640.6,88978.6,251756063.3565012
2025-12-05 17:59:59.790000+00:00,2025-12-05 17:45:00+00:00,continuous,88978.6,89509.6,88900.0,89279.3,322780358.636002
2025-12-05 18:14:59.882000+00:00,2025-12-05 18:00:00+00:00,continuous,89279.3,89750.6,89184.6,89551.2,269234146.5352007
2025-12-05 18:29:59.805000+00:00,2025-12-05 18:15:00+00:00,continuous,89551.3,89618.9,89138.8,89349.3,238910895.88950107
2025-12-05 18:44:59.747000+00:00,2025-12-05 18:30:00+00:00,continuous,89349.3,89450.0,88961.8,89062.2,162492874.6351001
2025-12-05 18:59:59.943000+00:00,2025-12-05 18:45:00+00:00,continuous,89062.1,89169.4,88839.0,88894.9,133637221.78350042
2025-12-05 19:14:59.646000+00:00,2025-12-05 19:00:00+00:00,continuous,88895.0,89157.2,88773.6,89078.6,181696466.2977984
2025-12-05 19:29:59.810000+00:00,2025-12-05 19:15:00+00:00,continuous,89078.5,89489.7,88972.6,89388.1,202066529.55890033
2025-12-05 19:44:59.903000+00:00,2025-12-05 19:30:00+00:00,continuous,89388.1,89600.0,89278.3,89426.9,96242523.97780004
2025-12-05 19:59:59.857000+00:00,2025-12-05 19:45:00+00:00,continuous,89427.0,89762.0,89303.2,89590.5,141782657.8104001
2025-12-05 20:14:59.943000+00:00,2025-12-05 20:00:00+00:00,continuous,89590.5,89662.7,89311.1,89633.6,114639936.46060051
2025-12-05 20:29:59.338000+00:00,2025-12-05 20:15:00+00:00,continuous,89633.7,89706.0,89454.6,89522.6,94739037.24479957
2025-12-05 20:44:59.840000+00:00,2025-12-05 20:30:00+00:00,continuous,89522.6,89522.6,89180.0,89232.9,111114359.00240019
2025-12-05 20:59:59.978000+00:00,2025-12-05 20:45:00+00:00,continuous,89232.9,89300.0,89150.0,89267.8,117898512.70020056
2025-12-05 21:14:59.416000+00:00,2025-12-05 21:00:00+00:00,continuous,89267.9,89440.3,89235.8,89393.0,78939322.6032001
2025-12-05 21:29:59.580000+00:00,2025-12-05 21:15:00+00:00,continuous,89392.9,89448.8,89324.8,89383.5,69232949.89260022
2025-12-05 21:44:59.717000+00:00,2025-12-05 21:30:00+00:00,continuous,89383.5,89431.4,89181.0,89221.8,56148208.813700266
2025-12-05 21:59:59.407000+00:00,2025-12-05 21:45:00+00:00,continuous,89221.7,89265.9,89038.8,89145.1,67086615.838499926
2025-12-05 22:14:59.943000+00:00,2025-12-05 22:00:00+00:00,continuous,89145.1,89161.8,88856.7,88918.7,118569786.74000067
2025-12-05 22:29:59.783000+00:00,2025-12-05 22:15:00+00:00,continuous,88918.8,89195.8,88918.7,89195.8,48415394.71329979
2025-12-05 22:44:59.671000+00:00,2025-12-05 22:30:00+00:00,continuous,89195.8,89285.5,89003.2,89248.3,46822314.84529996
2025-12-05 22:59:58.744000+00:00,2025-12-05 22:45:00+00:00,continuous,89248.2,89335.5,89176.8,89199.3,31089728.2271002
2025-12-05 23:14:59.877000+00:00,2025-12-05 23:00:00+00:00,continuous,89199.3,89219.3,88900.0,89078.4,65243302.44749983
2025-12-05 23:29:59.030000+00:00,2025-12-05 23:15:00+00:00,continuous,89078.5,89228.2,89038.0,89198.8,29874798.004399907
2025-12-05 23:44:59.685000+00:00,2025-12-05 23:30:00+00:00,continuous,89198.7,89316.8,89187.5,89187.5,38396098.049399935
2025-12-05 23:59:59.713000+00:00,2025-12-05 23:45:00+00:00,continuous,89187.6,89342.0,89172.5,89288.5,34070632.04879997
2025-12-06 00:14:59.493000+00:00,2025-12-06 00:00:00+00:00,continuous,89288.6,89288.6,88986.1,89069.6,73824829.84759992
2025-12-06 00:29:59.071000+00:00,2025-12-06 00:15:00+00:00,continuous,89069.7,89161.4,89015.7,89145.2,64775592.41110021
2025-12-06 00:44:59.753000+00:00,2025-12-06 00:30:00+00:00,continuous,89145.1,89441.9,89123.2,89388.0,76872177.32010002
2025-12-06 00:59:58.927000+00:00,2025-12-06 00:45:00+00:00,continuous,89388.0,89411.1,89315.6,89382.2,40309985.941299975
2025-12-06 01:14:59.536000+00:00,2025-12-06 01:00:00+00:00,continuous,89382.2,89386.0,89255.5,89345.5,46052600.108400024
2025-12-06 01:29:59.501000+00:00,2025-12-06 01:15:00+00:00,continuous,89345.5,89468.3,89313.6,89403.1,44944699.84029986
2025-12-06 01:44:59.967000+00:00,2025-12-06 01:30:00+00:00,continuous,89403.1,89403.1,89160.9,89220.5,57403126.37150007
2025-12-06 01:59:59.700000+00:00,2025-12-06 01:45:00+00:00,continuous,89220.5,89330.3,89180.0,89295.7,31437775.71299979
2025-12-06 02:14:59.873000+00:00,2025-12-06 02:00:00+00:00,continuous,89296.2,89296.2,89130.1,89253.2,72068811.19709995
2025-12-06 02:29:59.942000+00:00,2025-12-06 02:15:00+00:00,continuous,89253.2,89322.9,89180.4,89236.0,37599894.85750003
2025-12-06 02:44:59.811000+00:00,2025-12-06 02:30:00+00:00,continuous,89236.0,89270.1,89159.9,89197.3,23514380.437499933
2025-12-06 02:59:59.899000+00:00,2025-12-06 02:45:00+00:00,continuous,89197.3,89374.9,89197.2,89354.6,33272656.24510005
2025-12-06 03:14:59.992000+00:00,2025-12-06 03:00:00+00:00,continuous,89354.7,89758.0,89350.2,89720.9,135360699.68089938
2025-12-06 03:29:59.806000+00:00,2025-12-06 03:15:00+00:00,continuous,89720.9,89750.8,89500.5,89508.7,86571532.87089972
2025-12-06 03:44:59.333000+00:00,2025-12-06 03:30:00+00:00,continuous,89508.6,89700.0,89480.6,89626.4,48851448.280799985
2025-12-06 03:59:59.877000+00:00,2025-12-06 03:45:00+00:00,continuous,89626.5,89700.0,89614.8,89636.5,38572921.71440031
2025-12-06 04:14:59.704000+00:00,2025-12-06 04:00:00+00:00,continuous,89636.5,89670.0,89468.4,89532.4,38170758.890300155
2025-12-06 04:29:59.681000+00:00,2025-12-06 04:15:00+00:00,continuous,89532.3,89616.2,89500.0,89579.0,50051984.08759989
2025-12-06 04:44:59.429000+00:00,2025-12-06 04:30:00+00:00,continuous,89578.9,89618.4,89507.3,89537.3,36901192.27370011
2025-12-06 04:59:59.941000+00:00,2025-12-06 04:45:00+00:00,continuous,89537.3,89650.0,89522.1,89612.2,37997838.56550015
2025-12-06 05:14:59.280000+00:00,2025-12-06 05:00:00+00:00,continuous,89612.3,89696.7,89612.2,89659.8,24593396.956800174
2025-12-06 05:29:58.747000+00:00,2025-12-06 05:15:00+00:00,continuous,89659.7,89659.8,89506.2,89565.6,45237166.82060013
2025-12-06 05:44:59.715000+00:00,2025-12-06 05:30:00+00:00,continuous,89565.5,89565.6,89484.2,89500.6,28691256.638500255
2025-12-06 05:59:59.530000+00:00,2025-12-06 05:45:00+00:00,continuous,89500.7,89606.7,89495.0,89556.7,24280713.021800134
2025-12-06 06:14:59.384000+00:00,2025-12-06 06:00:00+00:00,continuous,89556.7,89640.0,89476.2,89633.3,38697599.1133
2025-12-06 06:29:59.985000+00:00,2025-12-06 06:15:00+00:00,continuous,89633.2,89732.4,89570.0,89700.5,47424707.1175
2025-12-06 06:44:58.895000+00:00,2025-12-06 06:30:00+00:00,continuous,89700.5,89711.6,89600.3,89610.6,23219416.989500005
2025-12-06 06:59:59.634000+00:00,2025-12-06 06:45:00+00:00,continuous,89610.6,89659.9,89582.2,89643.1,17156329.69969996
2025-12-06 07:14:59.865000+00:00,2025-12-06 07:00:00+00:00,continuous,89643.1,89658.7,89599.1,89638.9,23179441.22699992
2025-12-06 07:29:59.834000+00:00,2025-12-06 07:15:00+00:00,continuous,89639.0,89655.8,89523.9,89523.9,28995099.129199993
2025-12-06 07:44:59.350000+00:00,2025-12-06 07:30:00+00:00,continuous,89523.9,89618.2,89410.8,89596.0,44627872.24530008
2025-12-06 07:59:59.945000+00:00,2025-12-06 07:45:00+00:00,continuous,89596.1,89680.2,89530.6,89549.6,33280260.610900104
2025-12-06 08:14:59.964000+00:00,2025-12-06 08:00:00+00:00,continuous,89549.5,89565.8,89500.0,89502.0,25996388.515199922
2025-12-06 08:29:59.921000+00:00,2025-12-06 08:15:00+00:00,continuous,89502.0,89608.0,89230.0,89248.0,114687562.78389992
2025-12-06 08:44:59.922000+00:00,2025-12-06 08:30:00+00:00,continuous,89248.1,89389.2,89165.9,89354.8,114275754.81510004
2025-12-06 08:59:59.153000+00:00,2025-12-06 08:45:00+00:00,continuous,89354.7,89366.8,89214.9,89238.3,49708432.999400064
2025-12-06 09:14:59.599000+00:00,2025-12-06 09:00:00+00:00,continuous,89238.3,89518.4,89220.6,89474.4,81570427.88409954
2025-12-06 09:29:59.959000+00:00,2025-12-06 09:15:00+00:00,continuous,89474.4,89625.0,89451.0,89600.9,65907876.061199956
2025-12-06 09:44:59.977000+00:00,2025-12-06 09:30:00+00:00,continuous,89600.8,89639.3,89460.8,89592.8,50611933.97969982
2025-12-06 09:59:59.943000+00:00,2025-12-06 09:45:00+00:00,continuous,89592.8,89630.5,89528.8,89532.9,24332241.20350008
2025-12-06 10:14:59.609000+00:00,2025-12-06 10:00:00+00:00,continuous,89533.0,89565.6,89454.5,89542.0,38517196.69150006
2025-12-06 10:29:59.641000+00:00,2025-12-06 10:15:00+00:00,continuous,89541.9,89650.0,89476.0,89494.0,30627511.644899968
2025-12-06 10:44:59.688000+00:00,2025-12-06 10:30:00+00:00,continuous,89494.0,89544.2,89470.0,89537.5,19830251.949400105
2025-12-06 10:59:59.829000+00:00,2025-12-06 10:45:00+00:00,continuous,89537.5,89540.0,89421.9,89466.0,26392461.650400035
2025-12-06 11:14:59.280000+00:00,2025-12-06 11:00:00+00:00,continuous,89466.0,89540.0,89451.4,89461.5,21766447.860400014
2025-12-06 11:29:59.176000+00:00,2025-12-06 11:15:00+00:00,continuous,89461.5,89563.1,89461.5,89530.2,25307991.550700042
2025-12-06 11:44:59.986000+00:00,2025-12-06 11:30:00+00:00,continuous,89530.3,89679.0,89516.2,89634.3,49937078.03869998
2025-12-06 11:59:59.722000+00:00,2025-12-06 11:45:00+00:00,continuous,89634.4,89676.9,89561.3,89585.4,35002009.41410007
2025-12-06 12:14:59.039000+00:00,2025-12-06 12:00:00+00:00,continuous,89585.4,89590.0,89512.9,89530.9,29041052.879300024
2025-12-06 12:29:59.693000+00:00,2025-12-06 12:15:00+00:00,continuous,89530.8,89589.9,89520.0,89566.9,19830502.475499935
2025-12-06 12:44:59.188000+00:00,2025-12-06 12:30:00+00:00,continuous,89567.0,89600.0,89516.4,89553.7,18468268.311899886
2025-12-06 12:59:59.994000+00:00,2025-12-06 12:45:00+00:00,continuous,89553.7,89570.7,89518.8,89528.4,21372318.391900014
2025-12-06 13:14:59.615000+00:00,2025-12-06 13:00:00+00:00,continuous,89528.4,89588.0,89528.3,89559.8,25605143.290399954
2025-12-06 13:29:59.752000+00:00,2025-12-06 13:15:00+00:00,continuous,89559.7,89658.9,89541.8,89638.6,25260436.250899896
2025-12-06 13:44:59.609000+00:00,2025-12-06 13:30:00+00:00,continuous,89638.5,89745.6,89584.7,89736.0,84444716.17719994
2025-12-06 13:59:59.002000+00:00,2025-12-06 13:45:00+00:00,continuous,89736.1,89744.4,89597.0,89619.5,46320134.32529996
2025-12-06 14:14:59.785000+00:00,2025-12-06 14:00:00+00:00,continuous,89619.5,89694.3,89603.8,89680.5,40913035.974899895
2025-12-06 14:29:59.839000+00:00,2025-12-06 14:15:00+00:00,continuous,89680.4,90257.3,89680.4,89877.6,407846269.20410174
2025-12-06 14:44:59.866000+00:00,2025-12-06 14:30:00+00:00,continuous,89877.7,90036.2,89845.7,90010.4,90198280.44739972
2025-12-06 14:59:59.966000+00:00,2025-12-06 14:45:00+00:00,continuous,90010.4,90148.3,89948.6,89948.6,93330226.88360046
2025-12-06 15:14:59.988000+00:00,2025-12-06 15:00:00+00:00,continuous,89948.7,89993.2,89763.7,89784.9,91658393.95030086
2025-12-06 15:29:59.398000+00:00,2025-12-06 15:15:00+00:00,continuous,89784.8,89784.9,89424.2,89588.2,165581410.5146001
2025-12-06 15:44:59.348000+00:00,2025-12-06 15:30:00+00:00,continuous,89588.2,89870.4,89514.6,89821.3,113352098.1913
2025-12-06 15:59:59.627000+00:00,2025-12-06 15:45:00+00:00,continuous,89821.3,89904.4,89661.4,89713.4,54718763.30020003
2025-12-06 16:14:58.504000+00:00,2025-12-06 16:00:00+00:00,continuous,89713.3,89940.3,89693.6,89885.4,59671378.59270019
2025-12-06 16:29:59.884000+00:00,2025-12-06 16:15:00+00:00,continuous,89885.3,89931.3,89804.0,89828.8,38187779.89489999
2025-12-06 16:44:59.750000+00:00,2025-12-06 16:30:00+00:00,continuous,89828.8,89876.7,89738.0,89779.1,46100405.77839998
2025-12-06 16:59:59.739000+00:00,2025-12-06 16:45:00+00:00,continuous,89779.1,89780.9,89619.6,89660.8,33854388.18930011
2025-12-06 17:14:59.913000+00:00,2025-12-06 17:00:00+00:00,continuous,89660.9,89736.3,89577.7,89653.8,49534751.21409985
2025-12-06 17:29:59.893000+00:00,2025-12-06 17:15:00+00:00,continuous,89653.7,89798.0,89584.0,89789.8,39181907.12349997
2025-12-06 17:44:59.828000+00:00,2025-12-06 17:30:00+00:00,continuous,89789.8,89789.8,89601.0,89619.5,32162128.359900165
2025-12-06 17:59:59.861000+00:00,2025-12-06 17:45:00+00:00,continuous,89619.5,89669.6,89558.1,89661.7,26319513.504999805
2025-12-06 18:14:59.477000+00:00,2025-12-06 18:00:00+00:00,continuous,89661.8,89727.8,89584.8,89727.7,29280332.497400075
2025-12-06 18:29:59.275000+00:00,2025-12-06 18:15:00+00:00,continuous,89727.7,89751.9,89650.8,89716.3,18983586.86980008
2025-12-06 18:44:59.986000+00:00,2025-12-06 18:30:00+00:00,continuous,89716.2,89716.3,89591.8,89603.3,21416907.063800056
2025-12-06 18:59:59.035000+00:00,2025-12-06 18:45:00+00:00,continuous,89603.3,89610.0,89475.4,89610.0,38058033.25740013
2025-12-06 19:14:59.898000+00:00,2025-12-06 19:00:00+00:00,continuous,89609.9,89710.1,89280.0,89449.1,135452097.08379993
2025-12-06 19:29:59.821000+00:00,2025-12-06 19:15:00+00:00,continuous,89449.2,89531.7,89318.7,89519.0,62858786.62270003
2025-12-06 19:44:59.784000+00:00,2025-12-06 19:30:00+00:00,continuous,89519.0,89523.3,89203.0,89401.0,116445595.35270014
2025-12-06 19:59:59.809000+00:00,2025-12-06 19:45:00+00:00,continuous,89401.0,89436.6,89327.7,89369.4,24946730.279399887
2025-12-06 20:14:58.804000+00:00,2025-12-06 20:00:00+00:00,continuous,89369.5,89465.9,89277.9,89356.0,38343589.649199955
2025-12-06 20:29:58.843000+00:00,2025-12-06 20:15:00+00:00,continuous,89355.9,89420.5,89340.3,89420.4,18959199.645299967
2025-12-06 20:44:59.973000+00:00,2025-12-06 20:30:00+00:00,continuous,89420.4,89527.4,89390.0,89498.9,30781343.488600034
2025-12-06 20:59:58.745000+00:00,2025-12-06 20:45:00+00:00,continuous,89498.8,89519.4,89461.8,89509.5,15179415.757499967
2025-12-06 21:14:58.634000+00:00,2025-12-06 21:00:00+00:00,continuous,89509.4,89578.3,89430.3,89451.6,28829900.88510012
2025-12-06 21:29:59.476000+00:00,2025-12-06 21:15:00+00:00,continuous,89451.7,89476.3,89351.7,89394.0,20870362.85459986
2025-12-06 21:44:59.388000+00:00,2025-12-06 21:30:00+00:00,continuous,89393.9,89531.4,89354.6,89427.5,21019021.49540006
2025-12-06 21:59:59.593000+00:00,2025-12-06 21:45:00+00:00,continuous,89427.5,89458.6,89373.4,89377.3,14816508.011199947
2025-12-06 22:14:59.941000+00:00,2025-12-06 22:00:00+00:00,continuous,89377.2,89468.4,89239.8,89468.4,41337749.541099854
2025-12-06 22:29:59.545000+00:00,2025-12-06 22:15:00+00:00,continuous,89468.4,89487.8,89311.1,89311.2,30919889.943700127
2025-12-06 22:44:59.132000+00:00,2025-12-06 22:30:00+00:00,continuous,89311.1,89393.7,89299.4,89299.5,21136874.865100108
2025-12-06 22:59:59.857000+00:00,2025-12-06 22:45:00+00:00,continuous,89299.4,89318.2,89212.3,89245.1,32217392.76510001
2025-12-06 23:14:59.566000+00:00,2025-12-06 23:00:00+00:00,continuous,89245.1,89293.4,88891.8,89128.8,191630802.66600206
2025-12-06 23:29:59.627000+00:00,2025-12-06 23:15:00+00:00,continuous,89128.8,89183.4,88870.1,88983.7,153228622.58279908
2025-12-06 23:44:59.233000+00:00,2025-12-06 23:30:00+00:00,continuous,88983.7,89143.8,88964.1,89050.0,54406742.52220032
2025-12-06 23:59:59.716000+00:00,2025-12-06 23:45:00+00:00,continuous,89050.0,89228.7,89046.4,89197.1,44691396.60110001
2025-12-07 00:14:59.757000+00:00,2025-12-07 00:00:00+00:00,continuous,89197.1,89342.5,89137.6,89150.1,51854075.54770033
2025-12-07 00:29:59.421000+00:00,2025-12-07 00:15:00+00:00,continuous,89150.0,89333.3,89131.5,89317.8,30637086.038599968
2025-12-07 00:44:59.907000+00:00,2025-12-07 00:30:00+00:00,continuous,89317.7,89520.0,89313.3,89455.7,54588339.36000006
2025-12-07 00:59:59.961000+00:00,2025-12-07 00:45:00+00:00,continuous,89455.6,89484.1,89354.2,89354.3,40535405.51250002
2025-12-07 01:14:59.780000+00:00,2025-12-07 01:00:00+00:00,continuous,89354.2,89487.0,89354.2,89445.4,27473602.68419985
2025-12-07 01:29:58.691000+00:00,2025-12-07 01:15:00+00:00,continuous,89445.5,89543.8,89368.6,89420.0,24504294.90359988
2025-12-07 01:44:59.709000+00:00,2025-12-07 01:30:00+00:00,continuous,89419.9,89449.8,89337.9,89356.7,23484617.085699912
2025-12-07 01:59:59.735000+00:00,2025-12-07 01:45:00+00:00,continuous,89356.6,89409.6,89251.0,89251.0,29931754.134000055
2025-12-07 02:14:59.904000+00:00,2025-12-07 02:00:00+00:00,continuous,89251.0,89387.4,89251.0,89330.7,19069575.53959993
2025-12-07 02:29:59.873000+00:00,2025-12-07 02:15:00+00:00,continuous,89330.6,89471.2,89330.6,89400.1,22662562.224200115
2025-12-07 02:44:59.952000+00:00,2025-12-07 02:30:00+00:00,continuous,89400.0,89420.0,89342.3,89409.0,16999925.941400032
2025-12-07 02:59:59.630000+00:00,2025-12-07 02:45:00+00:00,continuous,89409.0,89656.2,89408.9,89580.1,51336395.95170005
2025-12-07 03:14:58.530000+00:00,2025-12-07 03:00:00+00:00,continuous,89580.1,89600.0,89505.6,89547.5,27572963.80500001
2025-12-07 03:29:57.166000+00:00,2025-12-07 03:15:00+00:00,continuous,89547.5,89564.2,89508.2,89535.1,14990640.7857
2025-12-07 03:44:59.952000+00:00,2025-12-07 03:30:00+00:00,continuous,89535.1,89695.1,89516.1,89657.9,41361776.09060002
2025-12-07 03:59:59.682000+00:00,2025-12-07 03:45:00+00:00,continuous,89657.8,89704.5,89626.7,89675.6,37152595.39339998
2025-12-07 04:14:59.857000+00:00,2025-12-07 04:00:00+00:00,continuous,89675.7,89750.0,89627.5,89650.0,43608167.25050013
2025-12-07 04:29:58.673000+00:00,2025-12-07 04:15:00+00:00,continuous,89649.9,89650.0,89570.7,89585.4,26467631.877100155
2025-12-07 04:44:58.779000+00:00,2025-12-07 04:30:00+00:00,continuous,89585.4,89586.1,89439.6,89517.9,59413436.10230015
2025-12-07 04:59:59.533000+00:00,2025-12-07 04:45:00+00:00,continuous,89517.9,89533.4,89469.5,89495.2,15866143.609899955
2025-12-07 05:14:59.621000+00:00,2025-12-07 05:00:00+00:00,continuous,89495.2,89525.6,89380.8,89427.2,37465751.547199875
2025-12-07 05:29:59.972000+00:00,2025-12-07 05:15:00+00:00,continuous,89427.2,89452.0,89380.0,89434.9,19928190.959500022
2025-12-07 05:44:59.612000+00:00,2025-12-07 05:30:00+00:00,continuous,89434.8,89489.0,89426.3,89487.7,13847005.209499976
2025-12-07 05:59:57.336000+00:00,2025-12-07 05:45:00+00:00,continuous,89487.8,89511.7,89421.5,89469.2,34391504.205599904
2025-12-07 06:14:59.087000+00:00,2025-12-07 06:00:00+00:00,continuous,89469.2,89586.0,89443.9,89531.7,32089835.941900026
2025-12-07 06:29:59.944000+00:00,2025-12-07 06:15:00+00:00,continuous,89531.6,89645.5,89492.6,89616.6,27881413.42699991
2025-12-07 06:44:59.850000+00:00,2025-12-07 06:30:00+00:00,continuous,89616.6,89646.0,89608.0,89619.9,16909370.633000065
2025-12-07 06:59:59.793000+00:00,2025-12-07 06:45:00+00:00,continuous,89619.9,89668.1,89532.0,89668.1,21234245.778700005
2025-12-07 07:14:59.858000+00:00,2025-12-07 07:00:00+00:00,continuous,89668.1,89697.7,89374.1,89430.2,48992940.98760007
2025-12-07 07:29:59.763000+00:00,2025-12-07 07:15:00+00:00,continuous,89430.1,89445.6,89280.0,89354.2,59269895.99230012
2025-12-07 07:44:59.706000+00:00,2025-12-07 07:30:00+00:00,continuous,89354.1,89354.2,89164.5,89206.1,69940921.98949964
2025-12-07 07:59:59.654000+00:00,2025-12-07 07:45:00+00:00,continuous,89206.2,89374.4,89155.0,89337.1,58953561.99210012
2025-12-07 08:14:59.953000+00:00,2025-12-07 08:00:00+00:00,continuous,89337.1,89337.1,89151.0,89178.5,31840825.19210006
2025-12-07 08:29:59.005000+00:00,2025-12-07 08:15:00+00:00,continuous,89178.6,89335.5,89140.3,89318.6,50298970.86920015
2025-12-07 08:44:59.943000+00:00,2025-12-07 08:30:00+00:00,continuous,89318.5,89494.4,89295.3,89430.6,60564304.65489987
2025-12-07 08:59:59.792000+00:00,2025-12-07 08:45:00+00:00,continuous,89430.6,89430.6,89231.6,89269.4,44853528.77549989
2025-12-07 09:14:59.374000+00:00,2025-12-07 09:00:00+00:00,continuous,89269.4,89337.6,89240.0,89337.5,18810527.117699966
2025-12-07 09:29:59.984000+00:00,2025-12-07 09:15:00+00:00,continuous,89337.6,89360.0,89055.1,89141.2,66162768.56369983
2025-12-07 09:44:59.905000+00:00,2025-12-07 09:30:00+00:00,continuous,89141.1,89229.1,89122.7,89137.4,38781755.05059998
2025-12-07 09:59:59.845000+00:00,2025-12-07 09:45:00+00:00,continuous,89137.4,89163.9,89012.9,89070.0,73081906.12149982
2025-12-07 10:14:59.794000+00:00,2025-12-07 10:00:00+00:00,continuous,89070.1,89264.7,89061.5,89264.7,62452262.33509994
2025-12-07 10:29:59.920000+00:00,2025-12-07 10:15:00+00:00,continuous,89264.7,89264.7,89144.2,89164.8,40723855.411900006
2025-12-07 10:44:59.246000+00:00,2025-12-07 10:30:00+00:00,continuous,89164.8,89316.3,89069.5,89260.6,51328106.23490005
2025-12-07 10:59:59.384000+00:00,2025-12-07 10:45:00+00:00,continuous,89260.6,89359.3,89188.2,89195.5,45317507.08819993
2025-12-07 11:14:59.327000+00:00,2025-12-07 11:00:00+00:00,continuous,89195.6,89237.2,89150.0,89215.7,33909944.67010002
2025-12-07 11:29:59.975000+00:00,2025-12-07 11:15:00+00:00,continuous,89215.7,89234.9,89134.8,89134.8,20390502.13430002
2025-12-07 11:44:58.205000+00:00,2025-12-07 11:30:00+00:00,continuous,89134.8,89215.4,89134.8,89176.1,19663585.10749997
2025-12-07 11:59:58.774000+00:00,2025-12-07 11:45:00+00:00,continuous,89176.1,89176.1,89101.5,89109.4,25085924.73510002
2025-12-07 12:14:59.928000+00:00,2025-12-07 12:00:00+00:00,continuous,89109.3,89289.8,89074.6,89244.2,45133919.63559997
2025-12-07 12:29:59.926000+00:00,2025-12-07 12:15:00+00:00,continuous,89244.3,89312.6,89168.8,89226.3,28827427.86470009
2025-12-07 12:44:59.755000+00:00,2025-12-07 12:30:00+00:00,continuous,89226.3,89278.0,89217.1,89277.0,17075009.78520007
2025-12-07 12:59:59.875000+00:00,2025-12-07 12:45:00+00:00,continuous,89277.0,89557.9,89276.9,89428.8,104235511.9065989
2025-12-07 13:14:59.571000+00:00,2025-12-07 13:00:00+00:00,continuous,89428.8,89472.0,89243.5,89284.0,56680725.39389987
2025-12-07 13:29:59.880000+00:00,2025-12-07 13:15:00+00:00,continuous,89284.1,89316.7,88476.0,88884.1,339230847.2254016
2025-12-07 13:44:59.892000+00:00,2025-12-07 13:30:00+00:00,continuous,88884.0,89022.0,88828.0,88925.3,105207994.82350025
2025-12-07 13:59:59.637000+00:00,2025-12-07 13:45:00+00:00,continuous,88925.3,89077.0,88867.3,89011.0,80381310.14229941
2025-12-07 14:14:59.994000+00:00,2025-12-07 14:00:00+00:00,continuous,89011.0,89069.5,88750.0,88767.1,88470935.552301
2025-12-07 14:29:59.981000+00:00,2025-12-07 14:15:00+00:00,continuous,88767.2,88825.9,87780.0,87881.3,776569265.4011074
2025-12-07 14:44:59.949000+00:00,2025-12-07 14:30:00+00:00,continuous,87881.4,88346.3,87688.0,88200.8,538904515.8710057
2025-12-07 14:59:59.998000+00:00,2025-12-07 14:45:00+00:00,continuous,88200.9,88347.8,88047.9,88187.5,124476172.14859872
2025-12-07 15:14:59.896000+00:00,2025-12-07 15:00:00+00:00,continuous,88187.4,89050.0,88129.7,88831.2,481575187.05609465
2025-12-07 15:29:59.780000+00:00,2025-12-07 15:15:00+00:00,continuous,88831.3,88930.7,88610.3,88703.0,166632524.5463011
2025-12-07 15:44:59.919000+00:00,2025-12-07 15:30:00+00:00,continuous,88703.0,89038.1,88703.0,88876.0,149136390.56820023
2025-12-07 15:59:59.996000+00:00,2025-12-07 15:45:00+00:00,continuous,88875.9,89700.0,88860.6,89505.0,561382534.1546975
2025-12-07 16:14:59.740000+00:00,2025-12-07 16:00:00+00:00,continuous,89505.0,89505.0,89128.1,89184.6,256834522.0887997
2025-12-07 16:29:59.988000+00:00,2025-12-07 16:15:00+00:00,continuous,89184.7,89420.0,89065.2,89285.9,98752491.4306011
2025-12-07 16:44:57.482000+00:00,2025-12-07 16:30:00+00:00,continuous,89285.8,89523.0,89203.0,89419.6,89695733.54309978
2025-12-07 16:59:59.918000+00:00,2025-12-07 16:45:00+00:00,continuous,89419.7,89880.0,89326.9,89849.3,136543071.48130035
2025-12-07 17:14:59.892000+00:00,2025-12-07 17:00:00+00:00,continuous,89849.3,89900.0,89565.2,89840.0,248880246.3312
2025-12-07 17:29:59.971000+00:00,2025-12-07 17:15:00+00:00,continuous,89840.0,90716.0,89800.2,90669.7,583118002.1825951
2025-12-07 17:44:59.987000+00:00,2025-12-07 17:30:00+00:00,continuous,90669.8,91261.0,90655.0,90812.7,563287110.5780966
2025-12-07 17:59:59.932000+00:00,2025-12-07 17:45:00+00:00,continuous,90812.8,91100.1,90682.9,90904.2,212927335.51450157
2025-12-07 18:14:59.901000+00:00,2025-12-07 18:00:00+00:00,continuous,90904.2,91449.7,90904.1,91282.6,272163752.93869954
2025-12-07 18:29:59.790000+00:00,2025-12-07 18:15:00+00:00,continuous,91282.5,91668.0,91276.2,91533.6,216229716.6160982
2025-12-07 18:44:59.923000+00:00,2025-12-07 18:30:00+00:00,continuous,91533.6,91722.0,91289.0,91337.4,232893066.28279907
2025-12-07 18:59:59.712000+00:00,2025-12-07 18:45:00+00:00,continuous,91337.3,91488.5,91189.8,91327.6,141143190.58619976
2025-12-07 19:14:59.962000+00:00,2025-12-07 19:00:00+00:00,continuous,91327.7,91503.4,91206.1,91478.6,95644009.26999967
2025-12-07 19:29:59.931000+00:00,2025-12-07 19:15:00+00:00,continuous,91478.7,91487.5,91191.2,91219.0,65029062.7296003
2025-12-07 19:44:59.438000+00:00,2025-12-07 19:30:00+00:00,continuous,91219.0,91364.0,91170.2,91331.8,55691910.74330015
2025-12-07 19:59:59.565000+00:00,2025-12-07 19:45:00+00:00,continuous,91331.9,91379.8,91240.2,91379.7,46846447.27029985
2025-12-07 20:14:59.932000+00:00,2025-12-07 20:00:00+00:00,continuous,91379.8,91434.6,91263.1,91315.0,52416527.788600095
2025-12-07 20:29:59.807000+00:00,2025-12-07 20:15:00+00:00,continuous,91315.1,91450.0,91293.3,91393.1,45638194.277199954
2025-12-07 20:44:59.759000+00:00,2025-12-07 20:30:00+00:00,continuous,91393.2,91473.2,91281.4,91448.5,33268558.64439985
2025-12-07 20:59:59.916000+00:00,2025-12-07 20:45:00+00:00,continuous,91448.4,91455.0,91320.0,91392.0,23860318.83340001
2025-12-07 21:14:59.692000+00:00,2025-12-07 21:00:00+00:00,continuous,91392.1,91392.1,91206.2,91255.0,46439378.30170033
2025-12-07 21:29:59.355000+00:00,2025-12-07 21:15:00+00:00,continuous,91255.0,91255.0,90750.0,90836.6,171001846.64540103
2025-12-07 21:44:59.321000+00:00,2025-12-07 21:30:00+00:00,continuous,90836.6,90990.8,90424.1,90488.3,161348095.06320027
2025-12-07 21:59:59.967000+00:00,2025-12-07 21:45:00+00:00,continuous,90488.4,90506.7,89806.0,90189.2,426551719.96989554
2025-12-07 22:14:59.990000+00:00,2025-12-07 22:00:00+00:00,continuous,90189.2,90189.3,88890.0,89328.0,685077529.3320974
2025-12-07 22:29:59.402000+00:00,2025-12-07 22:15:00+00:00,continuous,89328.1,89700.0,89166.1,89648.1,212841513.0625011
2025-12-07 22:44:59.857000+00:00,2025-12-07 22:30:00+00:00,continuous,89648.0,90204.8,89586.2,90040.5,254436847.52909967
2025-12-07 22:59:59.490000+00:00,2025-12-07 22:45:00+00:00,continuous,90040.6,90150.0,89280.0,89551.8,232838236.63040107
2025-12-07 23:14:59.964000+00:00,2025-12-07 23:00:00+00:00,continuous,89551.7,89798.4,89473.4,89684.9,174699008.30340046
2025-12-07 23:29:59.645000+00:00,2025-12-07 23:15:00+00:00,continuous,89684.9,90030.6,89684.9,90009.1,118412644.16300015
2025-12-07 23:44:59.743000+00:00,2025-12-07 23:30:00+00:00,continuous,90009.0,90009.1,89768.0,89880.7,59935558.146200106
2025-12-07 23:59:59.961000+00:00,2025-12-07 23:45:00+00:00,continuous,89880.7,90444.4,89870.5,90345.4,153675045.85960004
2025-12-08 00:14:59.937000+00:00,2025-12-08 00:00:00+00:00,continuous,90345.4,90364.5,90004.0,90023.6,143415064.07909945
2025-12-08 00:29:59.755000+00:00,2025-12-08 00:15:00+00:00,continuous,90023.5,90253.0,89806.4,90203.7,118069380.84050015
2025-12-08 00:44:59.387000+00:00,2025-12-08 00:30:00+00:00,continuous,90203.8,90572.2,90170.0,90267.8,115459642.08270065
2025-12-08 00:59:59.524000+00:00,2025-12-08 00:45:00+00:00,continuous,90267.9,90420.0,90168.5,90302.7,62812122.18319965
2025-12-08 01:14:59.733000+00:00,2025-12-08 01:00:00+00:00,continuous,90302.6,90736.2,90255.8,90630.0,115205880.00090042
2025-12-08 01:29:59.661000+00:00,2025-12-08 01:15:00+00:00,continuous,90630.0,91222.9,90527.3,91091.0,164864620.71229854
2025-12-08 01:44:59.953000+00:00,2025-12-08 01:30:00+00:00,continuous,91091.0,91650.0,91091.0,91214.6,329070642.16910094
2025-12-08 01:59:59.826000+00:00,2025-12-08 01:45:00+00:00,continuous,91214.5,91232.1,90771.3,90869.1,165990219.07120267
2025-12-08 02:14:59.960000+00:00,2025-12-08 02:00:00+00:00,continuous,90869.0,90999.2,90737.5,90911.6,107073219.16560009
2025-12-08 02:29:58.128000+00:00,2025-12-08 02:15:00+00:00,continuous,90911.6,91065.4,90866.7,90979.5,53983401.39019986
2025-12-08 02:44:59.955000+00:00,2025-12-08 02:30:00+00:00,continuous,90979.4,91195.2,90922.1,91168.0,119729962.84410034
2025-12-08 02:59:59.951000+00:00,2025-12-08 02:45:00+00:00,continuous,91167.9,91415.6,91039.8,91327.0,148031525.02240008
2025-12-08 03:14:59.627000+00:00,2025-12-08 03:00:00+00:00,continuous,91327.0,91383.0,91070.9,91117.2,64433564.935199775
2025-12-08 03:29:59.931000+00:00,2025-12-08 03:15:00+00:00,continuous,91117.2,91350.0,91079.8,91212.1,45476147.29109999
2025-12-08 03:44:59.998000+00:00,2025-12-08 03:30:00+00:00,continuous,91212.1,91250.0,90965.5,90983.2,80920143.61249998
2025-12-08 03:59:58.986000+00:00,2025-12-08 03:45:00+00:00,continuous,90983.2,91104.0,90947.0,91039.4,42205341.692000166
2025-12-08 04:14:59.574000+00:00,2025-12-08 04:00:00+00:00,continuous,91039.3,91143.2,90979.2,91073.5,32250366.964699883
2025-12-08 04:29:59.771000+00:00,2025-12-08 04:15:00+00:00,continuous,91073.6,91317.7,91045.2,91212.1,40743527.36860009
2025-12-08 04:44:59.892000+00:00,2025-12-08 04:30:00+00:00,continuous,91212.2,91444.1,91116.0,91182.0,88988938.4452998
2025-12-08 04:59:59.675000+00:00,2025-12-08 04:45:00+00:00,continuous,91182.0,91261.7,91106.1,91247.7,45388571.82269991
2025-12-08 05:14:59.412000+00:00,2025-12-08 05:00:00+00:00,continuous,91247.8,91247.8,91006.3,91074.3,73140420.60179982
2025-12-08 05:29:59.989000+00:00,2025-12-08 05:15:00+00:00,continuous,91074.3,91349.1,91022.7,91242.8,70618271.0892001
2025-12-08 05:44:59.892000+00:00,2025-12-08 05:30:00+00:00,continuous,91242.9,91410.0,91242.8,91305.1,56655960.998300195
2025-12-08 05:59:59.750000+00:00,2025-12-08 05:45:00+00:00,continuous,91305.1,91383.1,91265.2,91290.6,48191530.977900274
2025-12-08 06:14:59.114000+00:00,2025-12-08 06:00:00+00:00,continuous,91290.6,91400.0,91205.5,91340.2,55930289.465000115
2025-12-08 06:29:59.183000+00:00,2025-12-08 06:15:00+00:00,continuous,91340.1,91413.9,91298.3,91405.6,40506225.60499983
2025-12-08 06:44:59.817000+00:00,2025-12-08 06:30:00+00:00,continuous,91405.6,91575.5,91405.6,91535.9,94831908.99100047
2025-12-08 06:59:59.978000+00:00,2025-12-08 06:45:00+00:00,continuous,91536.0,91612.9,91364.4,91434.6,93372313.01329966
2025-12-08 07:14:59.835000+00:00,2025-12-08 07:00:00+00:00,continuous,91434.5,91505.7,91310.2,91400.0,72398421.56419995
2025-12-08 07:29:59.845000+00:00,2025-12-08 07:15:00+00:00,continuous,91400.0,91700.0,91370.7,91660.0,90854378.9421001
2025-12-08 07:44:59.993000+00:00,2025-12-08 07:30:00+00:00,continuous,91659.9,91868.0,91574.0,91615.2,171556591.02530035
2025-12-08 07:59:59.497000+00:00,2025-12-08 07:45:00+00:00,continuous,91615.0,91615.0,91430.3,91519.8,110900425.54610048
2025-12-08 08:14:59.150000+00:00,2025-12-08 08:00:00+00:00,continuous,91519.8,91563.1,91433.6,91550.3,62245392.46699992
2025-12-08 08:29:59.667000+00:00,2025-12-08 08:15:00+00:00,continuous,91550.4,91676.6,91550.3,91652.7,63583922.33200005
2025-12-08 08:44:59.967000+00:00,2025-12-08 08:30:00+00:00,continuous,91652.8,91794.8,91549.5,91777.5,64482584.132300116
2025-12-08 08:59:59.925000+00:00,2025-12-08 08:45:00+00:00,continuous,91777.4,91906.6,91661.8,91782.1,98071867.17530042
2025-12-08 09:14:59.987000+00:00,2025-12-08 09:00:00+00:00,continuous,91782.0,92262.6,91741.6,92030.0,391226696.5401029
2025-12-08 09:29:59.892000+00:00,2025-12-08 09:15:00+00:00,continuous,92029.9,92038.0,91872.9,91929.8,87596838.02270004
2025-12-08 09:44:59.563000+00:00,2025-12-08 09:30:00+00:00,continuous,91929.7,92027.5,91858.1,91949.3,57044041.21829973
2025-12-08 09:59:59.892000+00:00,2025-12-08 09:45:00+00:00,continuous,91949.3,91949.4,91860.0,91865.3,45437012.97810027
2025-12-08 10:14:59.907000+00:00,2025-12-08 10:00:00+00:00,continuous,91865.3,92056.8,91756.1,91979.7,109238652.05890019
2025-12-08 10:29:59.950000+00:00,2025-12-08 10:15:00+00:00,continuous,91979.7,92016.0,91903.0,92000.1,53099152.510199934
2025-12-08 10:44:59.892000+00:00,2025-12-08 10:30:00+00:00,continuous,92000.0,92162.7,91912.9,92160.1,118244608.01189952
2025-12-08 10:59:59.889000+00:00,2025-12-08 10:45:00+00:00,continuous,92160.0,92181.8,92079.0,92085.8,49080204.723100215
2025-12-08 11:14:59.715000+00:00,2025-12-08 11:00:00+00:00,continuous,92085.8,92113.1,91936.3,92097.4,58829263.89760002
2025-12-08 11:29:59.892000+00:00,2025-12-08 11:15:00+00:00,continuous,92097.4,92139.9,91979.9,91988.9,45063272.280799724
2025-12-08 11:44:59.816000+00:00,2025-12-08 11:30:00+00:00,continuous,91988.8,91988.8,91806.1,91880.3,102450944.83429994
2025-12-08 11:59:59.710000+00:00,2025-12-08 11:45:00+00:00,continuous,91880.3,91963.1,91839.5,91923.5,71515494.57829963
2025-12-08 12:14:59.605000+00:00,2025-12-08 12:00:00+00:00,continuous,91923.6,91948.4,91729.4,91739.9,139587187.86019978
2025-12-08 12:29:59.892000+00:00,2025-12-08 12:15:00+00:00,continuous,91740.0,91886.1,91724.8,91824.9,75770721.46870053
2025-12-08 12:44:59.538000+00:00,2025-12-08 12:30:00+00:00,continuous,91824.8,91888.0,91627.8,91713.6,131163011.81900081
2025-12-08 12:59:59.876000+00:00,2025-12-08 12:45:00+00:00,continuous,91713.6,91819.1,91700.0,91729.5,59912847.094500065
2025-12-08 13:14:59.934000+00:00,2025-12-08 13:00:00+00:00,continuous,91729.4,92106.4,91664.9,91765.5,243440806.29770026
2025-12-08 13:29:59.974000+00:00,2025-12-08 13:15:00+00:00,continuous,91765.4,91826.6,91488.0,91623.2,208962718.55060124
2025-12-08 13:44:59.772000+00:00,2025-12-08 13:30:00+00:00,continuous,91623.1,91663.6,91231.7,91622.5,245097820.03780285
2025-12-08 13:59:59.732000+00:00,2025-12-08 13:45:00+00:00,continuous,91622.5,91711.0,91350.2,91424.0,155923998.6836009
2025-12-08 14:14:59.674000+00:00,2025-12-08 14:00:00+00:00,continuous,91424.0,91575.7,91355.5,91503.1,102195122.36230002
2025-12-08 14:29:59.999000+00:00,2025-12-08 14:15:00+00:00,continuous,91503.1,91530.4,91111.0,91329.5,228391874.4085995
2025-12-08 14:44:59.959000+00:00,2025-12-08 14:30:00+00:00,continuous,91329.4,91753.0,90723.0,91481.7,823057356.4723039
2025-12-08 14:59:59.887000+00:00,2025-12-08 14:45:00+00:00,continuous,91481.7,91655.0,90741.4,90809.0,457779286.054003
2025-12-08 15:14:59.918000+00:00,2025-12-08 15:00:00+00:00,continuous,90809.1,90970.6,90051.1,90192.6,616034368.6965948
2025-12-08 15:29:59.934000+00:00,2025-12-08 15:15:00+00:00,continuous,90192.6,90480.0,89608.5,89933.1,709730046.1498961
2025-12-08 15:44:59.966000+00:00,2025-12-08 15:30:00+00:00,continuous,89933.0,90148.5,89553.8,89644.5,487796924.86350256
2025-12-08 15:59:59.995000+00:00,2025-12-08 15:45:00+00:00,continuous,89644.4,90235.3,89602.7,89912.6,495384843.64220303
2025-12-08 16:14:59.761000+00:00,2025-12-08 16:00:00+00:00,continuous,89912.7,90045.4,89629.1,89906.8,317374479.93139875
2025-12-08 16:29:59.925000+00:00,2025-12-08 16:15:00+00:00,continuous,89906.8,90400.1,89800.5,90249.8,276159042.3492991
2025-12-08 16:44:59.889000+00:00,2025-12-08 16:30:00+00:00,continuous,90249.7,90438.8,90048.0,90232.5,215576462.5282985
2025-12-08 16:59:59.786000+00:00,2025-12-08 16:45:00+00:00,continuous,90232.6,90232.6,89700.0,89929.2,213377869.4842001
2025-12-08 17:14:59.635000+00:00,2025-12-08 17:00:00+00:00,continuous,89929.3,90191.5,89716.1,90083.5,185298137.61730018
2025-12-08 17:29:59.955000+00:00,2025-12-08 17:15:00+00:00,continuous,90083.4,90176.0,89793.1,89909.4,123508835.30630024
2025-12-08 17:44:59.421000+00:00,2025-12-08 17:30:00+00:00,continuous,89909.3,90058.5,89641.9,89807.9,176391243.5451005
2025-12-08 17:59:59.867000+00:00,2025-12-08 17:45:00+00:00,continuous,89807.9,90300.0,89705.8,90212.1,179480915.83439958
2025-12-08 18:14:59.967000+00:00,2025-12-08 18:00:00+00:00,continuous,90212.1,90399.0,90133.9,90266.7,197017170.72040012
2025-12-08 18:29:59.887000+00:00,2025-12-08 18:15:00+00:00,continuous,90266.7,90471.6,90057.2,90100.0,180197798.6962992
2025-12-08 18:44:59.892000+00:00,2025-12-08 18:30:00+00:00,continuous,90100.0,90380.0,89927.7,90380.0,124386247.58890043
2025-12-08 18:59:59.942000+00:00,2025-12-08 18:45:00+00:00,continuous,90380.0,90471.1,89676.0,89873.5,162834088.3887995
2025-12-08 19:14:59.899000+00:00,2025-12-08 19:00:00+00:00,continuous,89873.5,90159.6,89805.4,90020.0,128415325.91789839
2025-12-08 19:29:59.876000+00:00,2025-12-08 19:15:00+00:00,continuous,90019.9,90150.0,89907.2,90074.8,67053090.88239971
2025-12-08 19:44:59.051000+00:00,2025-12-08 19:30:00+00:00,continuous,90074.7,90285.4,90011.1,90122.8,72900137.33110002
2025-12-08 19:59:59.076000+00:00,2025-12-08 19:45:00+00:00,continuous,90122.9,90326.1,89992.8,90073.6,56301374.70069995
2025-12-08 20:14:59.819000+00:00,2025-12-08 20:00:00+00:00,continuous,90073.7,90452.6,90073.7,90310.9,94588541.11229956
2025-12-08 20:29:59.531000+00:00,2025-12-08 20:15:00+00:00,continuous,90310.9,90592.1,90253.4,90400.1,117839321.69339979
2025-12-08 20:44:59.680000+00:00,2025-12-08 20:30:00+00:00,continuous,90400.0,90575.2,90261.8,90556.1,90863192.17799966
2025-12-08 20:59:59.892000+00:00,2025-12-08 20:45:00+00:00,continuous,90556.1,90877.1,90533.1,90745.7,197923525.6356994
2025-12-08 21:14:59.893000+00:00,2025-12-08 21:00:00+00:00,continuous,90745.7,90934.7,90618.0,90709.3,99636210.04519963
2025-12-08 21:29:59.892000+00:00,2025-12-08 21:15:00+00:00,continuous,90709.3,91034.5,90691.7,90980.1,74389992.00719982
2025-12-08 21:44:59.736000+00:00,2025-12-08 21:30:00+00:00,continuous,90980.0,91227.8,90980.0,91104.6,135286880.69849917
2025-12-08 21:59:59.893000+00:00,2025-12-08 21:45:00+00:00,continuous,91104.7,91338.2,91039.1,91258.2,140219669.66230005
2025-12-08 22:14:59.964000+00:00,2025-12-08 22:00:00+00:00,continuous,91258.1,91333.0,90878.4,90940.7,72967425.23550011
2025-12-08 22:29:59.100000+00:00,2025-12-08 22:15:00+00:00,continuous,90940.8,91015.0,90802.6,90931.8,52785710.61420015
2025-12-08 22:44:59.720000+00:00,2025-12-08 22:30:00+00:00,continuous,90931.7,91019.4,90707.8,90724.7,68760124.47610003
2025-12-08 22:59:59.893000+00:00,2025-12-08 22:45:00+00:00,continuous,90724.7,90899.7,90675.0,90788.6,45042140.418199964
2025-12-08 23:14:59.048000+00:00,2025-12-08 23:00:00+00:00,continuous,90788.6,90975.0,90739.6,90759.9,64822581.66550009
2025-12-08 23:29:59.897000+00:00,2025-12-08 23:15:00+00:00,continuous,90760.0,90831.5,90439.3,90679.0,115988052.21979992
2025-12-08 23:44:59.893000+00:00,2025-12-08 23:30:00+00:00,continuous,90678.9,90746.4,90544.0,90587.0,48004558.74120006
2025-12-08 23:59:59.975000+00:00,2025-12-08 23:45:00+00:00,continuous,90587.0,90614.7,90513.0,90610.8,35446899.745199926
2025-12-09 00:14:59.659000+00:00,2025-12-09 00:00:00+00:00,continuous,90610.8,90737.3,90556.3,90712.9,62510611.23400012
2025-12-09 00:29:59.892000+00:00,2025-12-09 00:15:00+00:00,continuous,90712.9,90810.8,90650.0,90650.1,104555637.6400001
2025-12-09 00:44:59.621000+00:00,2025-12-09 00:30:00+00:00,continuous,90650.1,90650.1,90352.4,90407.5,83492626.06830019
2025-12-09 00:59:59.966000+00:00,2025-12-09 00:45:00+00:00,continuous,90407.6,90478.4,90315.0,90359.4,59072703.45589985
2025-12-09 01:14:59.516000+00:00,2025-12-09 01:00:00+00:00,continuous,90359.5,90481.8,90203.4,90443.2,81661036.87410033
2025-12-09 01:29:59.993000+00:00,2025-12-09 01:15:00+00:00,continuous,90443.1,90537.2,90125.4,90178.1,87353419.58229968
2025-12-09 01:44:59.955000+00:00,2025-12-09 01:30:00+00:00,continuous,90178.2,90231.8,89965.7,90014.5,123874859.33799963
2025-12-09 01:59:59.668000+00:00,2025-12-09 01:45:00+00:00,continuous,90014.8,90076.3,89922.4,90017.9,64235978.64200029
2025-12-09 02:14:59.982000+00:00,2025-12-09 02:00:00+00:00,continuous,90017.9,90226.3,89933.7,90085.2,66779106.954599895
2025-12-09 02:29:59.989000+00:00,2025-12-09 02:15:00+00:00,continuous,90085.1,90338.5,90066.6,90259.6,60902073.215699695
2025-12-09 02:44:59.725000+00:00,2025-12-09 02:30:00+00:00,continuous,90259.5,90300.0,90150.0,90211.5,44739745.94539974
2025-12-09 02:59:59.873000+00:00,2025-12-09 02:45:00+00:00,continuous,90211.5,90281.4,90012.6,90026.1,35727110.871600136
2025-12-09 03:14:59.936000+00:00,2025-12-09 03:00:00+00:00,continuous,90026.1,90122.6,89938.4,89950.8,77304373.39990006
2025-12-09 03:29:59.783000+00:00,2025-12-09 03:15:00+00:00,continuous,89950.9,90083.0,89774.1,90007.2,203554477.63829985
2025-12-09 03:44:59.419000+00:00,2025-12-09 03:30:00+00:00,continuous,90007.2,90385.2,89988.5,90316.1,165296341.7195008
2025-12-09 03:59:59.961000+00:00,2025-12-09 03:45:00+00:00,continuous,90316.2,90412.8,90259.6,90364.0,90008295.69679967
2025-12-09 04:14:59.076000+00:00,2025-12-09 04:00:00+00:00,continuous,90364.1,90472.9,90344.0,90414.9,50283629.68170019
2025-12-09 04:29:59.630000+00:00,2025-12-09 04:15:00+00:00,continuous,90414.9,90466.1,90280.0,90368.1,33039439.898500066
2025-12-09 04:44:59.764000+00:00,2025-12-09 04:30:00+00:00,continuous,90368.0,90368.1,89653.5,89883.0,394951218.7706992
2025-12-09 04:59:59.932000+00:00,2025-12-09 04:45:00+00:00,continuous,89883.0,89922.4,89782.7,89875.4,71067996.97659999
2025-12-09 05:14:59.944000+00:00,2025-12-09 05:00:00+00:00,continuous,89875.3,89928.3,89654.7,89734.3,75935911.59699976
2025-12-09 05:29:59.651000+00:00,2025-12-09 05:15:00+00:00,continuous,89734.3,89848.4,89368.9,89821.2,309484310.39980173
2025-12-09 05:44:59.954000+00:00,2025-12-09 05:30:00+00:00,continuous,89821.2,90172.9,89810.0,90070.8,302609323.98390347
2025-12-09 05:59:59.609000+00:00,2025-12-09 05:45:00+00:00,continuous,90070.9,90140.0,89820.7,89857.6,78926142.93080029
2025-12-09 06:14:59.917000+00:00,2025-12-09 06:00:00+00:00,continuous,89857.7,90078.8,89842.6,89919.3,53236251.818600036
2025-12-09 06:29:59.536000+00:00,2025-12-09 06:15:00+00:00,continuous,89919.2,90009.2,89760.0,89836.8,74679963.2191
2025-12-09 06:44:59.995000+00:00,2025-12-09 06:30:00+00:00,continuous,89836.8,89907.7,89744.0,89903.4,46055067.96649984
2025-12-09 06:59:59.980000+00:00,2025-12-09 06:45:00+00:00,continuous,89903.5,90200.0,89864.9,90124.8,87046314.77059971
2025-12-09 07:14:59.788000+00:00,2025-12-09 07:00:00+00:00,continuous,90124.8,90266.2,90048.5,90064.4,87089960.20629989
2025-12-09 07:29:59.971000+00:00,2025-12-09 07:15:00+00:00,continuous,90064.5,90399.9,90064.4,90322.6,89356670.35489988
2025-12-09 07:44:59.166000+00:00,2025-12-09 07:30:00+00:00,continuous,90322.6,90479.8,90296.4,90426.5,86061797.48690003
2025-12-09 07:59:59.841000+00:00,2025-12-09 07:45:00+00:00,continuous,90426.4,90485.8,90396.0,90449.9,41495998.181299984
2025-12-09 08:14:59.653000+00:00,2025-12-09 08:00:00+00:00,continuous,90449.9,90519.5,90413.1,90460.9,59823695.10500008
2025-12-09 08:29:59.892000+00:00,2025-12-09 08:15:00+00:00,continuous,90460.9,90568.0,90460.8,90476.0,56765410.81730015
2025-12-09 08:44:59.885000+00:00,2025-12-09 08:30:00+00:00,continuous,90476.0,90487.0,90301.0,90487.0,115103947.4486999
2025-12-09 08:59:59.768000+00:00,2025-12-09 08:45:00+00:00,continuous,90487.0,90584.8,90431.1,90459.1,62483511.467600115
2025-12-09 09:14:59.674000+00:00,2025-12-09 09:00:00+00:00,continuous,90459.0,90461.7,90267.0,90398.4,92333373.41800001
2025-12-09 09:29:59.999000+00:00,2025-12-09 09:15:00+00:00,continuous,90398.4,90430.9,90236.4,90271.7,62986230.00110007
2025-12-09 09:44:59.719000+00:00,2025-12-09 09:30:00+00:00,continuous,90271.8,90328.0,90114.8,90140.7,64686168.43220007
2025-12-09 09:59:59.629000+00:00,2025-12-09 09:45:00+00:00,continuous,90140.7,90189.3,90090.5,90099.9,35924719.50650013
2025-12-09 10:14:59.923000+00:00,2025-12-09 10:00:00+00:00,continuous,90100.0,90182.9,90020.0,90150.0,63705544.86349981
2025-12-09 10:29:59.954000+00:00,2025-12-09 10:15:00+00:00,continuous,90149.9,90184.5,90100.0,90154.1,31194126.664899904
2025-12-09 10:44:59.495000+00:00,2025-12-09 10:30:00+00:00,continuous,90154.1,90307.4,89868.0,90047.7,103738992.01670003
2025-12-09 10:59:59.732000+00:00,2025-12-09 10:45:00+00:00,continuous,90047.6,90257.3,89977.9,90255.7,61253434.318599835
2025-12-09 11:14:59.060000+00:00,2025-12-09 11:00:00+00:00,continuous,90255.6,90315.2,90164.6,90204.6,57214840.21770023
2025-12-09 11:29:59.829000+00:00,2025-12-09 11:15:00+00:00,continuous,90204.6,90252.6,90089.2,90243.5,33915193.799600154
2025-12-09 11:44:59.788000+00:00,2025-12-09 11:30:00+00:00,continuous,90243.5,90251.7,90172.9,90233.4,38115879.16320005
2025-12-09 11:59:58.846000+00:00,2025-12-09 11:45:00+00:00,continuous,90233.4,90348.9,90214.9,90341.9,52897270.47489987
2025-12-09 12:14:59.943000+00:00,2025-12-09 12:00:00+00:00,continuous,90342.0,90417.3,90276.8,90300.9,76828819.92429952
2025-12-09 12:29:59.636000+00:00,2025-12-09 12:15:00+00:00,continuous,90300.9,90695.6,90300.9,90512.7,181695922.5778998
2025-12-09 12:44:59.259000+00:00,2025-12-09 12:30:00+00:00,continuous,90512.8,90608.9,90450.0,90587.3,70434342.7512
2025-12-09 12:59:59.582000+00:00,2025-12-09 12:45:00+00:00,continuous,90587.3,90620.0,90530.0,90532.7,45162021.52249986
2025-12-09 13:14:59.306000+00:00,2025-12-09 13:00:00+00:00,continuous,90532.7,90576.1,90429.9,90452.5,54449280.2998
2025-12-09 13:29:59.856000+00:00,2025-12-09 13:15:00+00:00,continuous,90452.5,90701.9,90447.6,90650.1,93094315.29880083
2025-12-09 13:44:59.936000+00:00,2025-12-09 13:30:00+00:00,continuous,90650.0,90820.8,90153.4,90153.4,314406757.8630992
2025-12-09 13:59:59.907000+00:00,2025-12-09 13:45:00+00:00,continuous,90153.5,90400.0,90122.0,90385.0,132474835.10919999
2025-12-09 14:14:59.988000+00:00,2025-12-09 14:00:00+00:00,continuous,90385.1,90597.0,90301.1,90372.4,86512722.74379994
2025-12-09 14:29:59.808000+00:00,2025-12-09 14:15:00+00:00,continuous,90372.3,90400.0,90071.5,90225.9,118293220.69070046
2025-12-09 14:44:59.931000+00:00,2025-12-09 14:30:00+00:00,continuous,90225.8,90533.0,89953.0,90037.6,273037594.3719022
2025-12-09 14:59:59.792000+00:00,2025-12-09 14:45:00+00:00,continuous,90037.7,90327.2,89991.0,90327.1,183296418.7552019
2025-12-09 15:14:59.824000+00:00,2025-12-09 15:00:00+00:00,continuous,90327.1,91226.2,90244.8,90568.2,622322096.0310099
2025-12-09 15:29:59.865000+00:00,2025-12-09 15:15:00+00:00,continuous,90568.2,91291.2,90460.8,91123.7,249851288.34070054
2025-12-09 15:44:59.997000+00:00,2025-12-09 15:30:00+00:00,continuous,91123.6,92085.5,90951.8,92026.5,656896612.9302928
2025-12-09 15:59:59.997000+00:00,2025-12-09 15:45:00+00:00,continuous,92027.0,92867.0,91812.6,92676.9,971512843.4713999
2025-12-09 16:14:59.959000+00:00,2025-12-09 16:00:00+00:00,continuous,92676.8,93490.5,92656.5,93414.5,799132359.3413106
2025-12-09 16:29:59.902000+00:00,2025-12-09 16:15:00+00:00,continuous,93414.4,93690.1,93245.5,93344.7,633671850.9724021
2025-12-09 16:44:59.984000+00:00,2025-12-09 16:30:00+00:00,continuous,93344.8,94295.0,93344.8,94203.6,886057901.9619998
2025-12-09 16:59:59.946000+00:00,2025-12-09 16:45:00+00:00,continuous,94203.7,94439.0,93978.0,94146.8,671783347.0099033
2025-12-09 17:14:59.971000+00:00,2025-12-09 17:00:00+00:00,continuous,94146.9,94555.0,94146.8,94181.8,656671984.3353031
2025-12-09 17:29:59.899000+00:00,2025-12-09 17:15:00+00:00,continuous,94181.7,94226.0,93575.3,93717.0,701717903.9793043
2025-12-09 17:44:59.705000+00:00,2025-12-09 17:30:00+00:00,continuous,93717.0,93908.4,93505.0,93753.9,215908238.71289986
2025-12-09 17:59:59.739000+00:00,2025-12-09 17:45:00+00:00,continuous,93753.9,93998.8,93717.6,93884.5,174772059.34640017
2025-12-09 18:14:59.013000+00:00,2025-12-09 18:00:00+00:00,continuous,93884.5,94000.0,93615.8,93916.5,171133333.99329954
2025-12-09 18:29:59.625000+00:00,2025-12-09 18:15:00+00:00,continuous,93916.5,94128.5,93854.5,94064.6,226497456.2611997
2025-12-09 18:44:59.512000+00:00,2025-12-09 18:30:00+00:00,continuous,94064.6,94112.4,93840.0,93853.6,92105805.71390018
2025-12-09 18:59:59.993000+00:00,2025-12-09 18:45:00+00:00,continuous,93853.7,93966.0,93668.0,93887.3,135424686.47500044
2025-12-09 19:14:59.758000+00:00,2025-12-09 19:00:00+00:00,continuous,93887.2,93946.3,93686.5,93895.5,102140551.88840036
2025-12-09 19:29:59.950000+00:00,2025-12-09 19:15:00+00:00,continuous,93895.4,94041.6,93795.8,93951.0,74351208.51149967
2025-12-09 19:44:59.864000+00:00,2025-12-09 19:30:00+00:00,continuous,93951.0,94221.3,93604.0,93699.2,191461983.00060067
2025-12-09 19:59:59.077000+00:00,2025-12-09 19:45:00+00:00,continuous,93699.3,93915.5,93671.4,93761.9,86613401.5080009
2025-12-09 20:14:59.998000+00:00,2025-12-09 20:00:00+00:00,continuous,93761.9,93819.1,93530.1,93665.8,169033948.7584018
2025-12-09 20:29:59.912000+00:00,2025-12-09 20:15:00+00:00,continuous,93666.8,93667.8,92724.6,93031.0,503483252.5274049
2025-12-09 20:44:59.595000+00:00,2025-12-09 20:30:00+00:00,continuous,93030.9,93246.6,92780.0,92984.4,215021911.40519992
2025-12-09 20:59:59.824000+00:00,2025-12-09 20:45:00+00:00,continuous,92984.4,93200.0,92920.9,93075.2,145085583.82430047
2025-12-09 21:14:59.994000+00:00,2025-12-09 21:00:00+00:00,continuous,93075.2,93196.7,92945.5,92954.6,98727843.49929972
2025-12-09 21:29:59.370000+00:00,2025-12-09 21:15:00+00:00,continuous,92954.6,93139.2,92926.0,93064.6,67304275.33870013
2025-12-09 21:44:59.805000+00:00,2025-12-09 21:30:00+00:00,continuous,93064.6,93116.9,92623.6,92631.3,168586352.20170042
2025-12-09 21:59:59.990000+00:00,2025-12-09 21:45:00+00:00,continuous,92631.2,92730.0,92199.0,92591.2,447855831.6709984
2025-12-09 22:14:59.785000+00:00,2025-12-09 22:00:00+00:00,continuous,92591.2,92871.0,92551.7,92598.5,167751538.52149963
2025-12-09 22:29:59.508000+00:00,2025-12-09 22:15:00+00:00,continuous,92598.5,92659.9,92455.0,92462.4,69530223.19989948
2025-12-09 22:44:59.675000+00:00,2025-12-09 22:30:00+00:00,continuous,92462.5,92953.0,92462.4,92886.5,111676310.81109974
2025-12-09 22:59:59.813000+00:00,2025-12-09 22:45:00+00:00,continuous,92886.5,92999.5,92707.9,92832.0,81012405.61020061
2025-12-09 23:14:58.806000+00:00,2025-12-09 23:00:00+00:00,continuous,92832.0,92832.0,92500.0,92538.0,88915346.56859931
2025-12-09 23:29:59.707000+00:00,2025-12-09 23:15:00+00:00,continuous,92538.0,92840.9,92517.3,92820.1,69611616.72820003
2025-12-09 23:44:59.831000+00:00,2025-12-09 23:30:00+00:00,continuous,92820.1,92933.0,92758.9,92902.2,61162132.878299884
2025-12-09 23:59:59.985000+00:00,2025-12-09 23:45:00+00:00,continuous,92902.2,92902.2,92616.2,92638.4,47603361.32849987
2025-12-10 00:14:59.973000+00:00,2025-12-10 00:00:00+00:00,continuous,92638.3,92748.2,92600.0,92660.4,63088431.96780005
2025-12-10 00:29:59.989000+00:00,2025-12-10 00:15:00+00:00,continuous,92660.3,92660.3,92235.5,92484.7,140712575.92380038
2025-12-10 00:44:59.040000+00:00,2025-12-10 00:30:00+00:00,continuous,92484.7,92537.5,92383.2,92453.7,104036641.19460034
2025-12-10 00:59:59.691000+00:00,2025-12-10 00:45:00+00:00,continuous,92453.8,92500.3,91999.3,92084.5,324585651.0892992
2025-12-10 01:14:59.301000+00:00,2025-12-10 01:00:00+00:00,continuous,92084.5,92243.9,92050.0,92193.2,87443860.46089971
2025-12-10 01:29:59.987000+00:00,2025-12-10 01:15:00+00:00,continuous,92193.1,92360.0,92130.2,92231.4,80074509.25669993
2025-12-10 01:44:59.251000+00:00,2025-12-10 01:30:00+00:00,continuous,92231.5,92239.2,91900.0,92203.1,148298565.976901
2025-12-10 01:59:59.970000+00:00,2025-12-10 01:45:00+00:00,continuous,92203.2,92320.0,92108.0,92269.1,58638541.56099958
2025-12-10 02:14:59.787000+00:00,2025-12-10 02:00:00+00:00,continuous,92269.2,92269.2,91976.3,92186.9,89545766.06590001
2025-12-10 02:29:59.697000+00:00,2025-12-10 02:15:00+00:00,continuous,92186.9,92530.0,92174.8,92456.5,126852469.70000021
2025-12-10 02:44:59.800000+00:00,2025-12-10 02:30:00+00:00,continuous,92456.5,92474.8,92287.1,92345.4,59258979.34829993
2025-12-10 02:59:59.904000+00:00,2025-12-10 02:45:00+00:00,continuous,92345.4,92477.8,92186.1,92457.6,68594612.77149996
2025-12-10 03:14:59.700000+00:00,2025-12-10 03:00:00+00:00,continuous,92457.6,92519.2,92346.1,92430.0,49714860.60159982
2025-12-10 03:29:59.926000+00:00,2025-12-10 03:15:00+00:00,continuous,92430.0,92430.0,92300.0,92364.7,33338275.453300063
2025-12-10 03:44:59.698000+00:00,2025-12-10 03:30:00+00:00,continuous,92364.8,92450.0,92330.7,92382.0,45382253.68349991
2025-12-10 03:59:59.905000+00:00,2025-12-10 03:45:00+00:00,continuous,92381.9,92474.8,92345.8,92366.0,39200632.6129
2025-12-10 04:14:59.872000+00:00,2025-12-10 04:00:00+00:00,continuous,92366.0,92483.5,92339.8,92452.6,35193079.22869982
2025-12-10 04:29:59.928000+00:00,2025-12-10 04:15:00+00:00,continuous,92452.7,92628.6,92365.1,92396.7,79557666.94070022
2025-12-10 04:44:59.623000+00:00,2025-12-10 04:30:00+00:00,continuous,92396.7,92595.1,92355.5,92515.4,45829978.45039989
2025-12-10 04:59:59.527000+00:00,2025-12-10 04:45:00+00:00,continuous,92515.4,92586.0,92440.0,92507.3,49594512.014400005
2025-12-10 05:14:59.980000+00:00,2025-12-10 05:00:00+00:00,continuous,92507.4,92603.4,92472.8,92595.9,49943512.21959993
2025-12-10 05:29:59.787000+00:00,2025-12-10 05:15:00+00:00,continuous,92595.8,92695.5,92525.0,92535.3,72790487.09820002
2025-12-10 05:44:59.362000+00:00,2025-12-10 05:30:00+00:00,continuous,92535.2,92607.6,92478.3,92572.3,30535598.452999976
2025-12-10 05:59:59.020000+00:00,2025-12-10 05:45:00+00:00,continuous,92572.3,92594.8,92491.4,92508.6,26978267.929200206
2025-12-10 06:14:59.185000+00:00,2025-12-10 06:00:00+00:00,continuous,92508.5,92564.1,92350.0,92533.4,49686953.86610008
2025-12-10 06:29:59.724000+00:00,2025-12-10 06:15:00+00:00,continuous,92533.5,92546.8,92479.6,92508.1,15707001.326800078
2025-12-10 06:44:59.575000+00:00,2025-12-10 06:30:00+00:00,continuous,92508.2,92645.1,92502.9,92643.9,56479300.34770008
2025-12-10 06:59:59.437000+00:00,2025-12-10 06:45:00+00:00,continuous,92644.0,92700.0,92560.3,92648.0,92756990.86580025
2025-12-10 07:14:59.927000+00:00,2025-12-10 07:00:00+00:00,continuous,92648.0,92666.0,92487.7,92556.3,81226939.72350009
2025-12-10 07:29:59.918000+00:00,2025-12-10 07:15:00+00:00,continuous,92556.4,92556.4,92446.1,92550.0,37047459.15280002
2025-12-10 07:44:59.879000+00:00,2025-12-10 07:30:00+00:00,continuous,92550.0,92688.6,92482.6,92615.6,47455080.64279969
2025-12-10 07:59:59.959000+00:00,2025-12-10 07:45:00+00:00,continuous,92615.6,92749.8,92557.3,92744.7,68390665.37090003
2025-12-10 08:14:59.615000+00:00,2025-12-10 08:00:00+00:00,continuous,92744.6,92759.0,92592.0,92641.9,73930052.73200041
2025-12-10 08:29:59.724000+00:00,2025-12-10 08:15:00+00:00,continuous,92641.9,92713.6,92611.9,92632.9,39633246.652700014
2025-12-10 08:44:59.543000+00:00,2025-12-10 08:30:00+00:00,continuous,92633.0,92703.2,92500.0,92558.4,53366929.48690006
2025-12-10 08:59:59.401000+00:00,2025-12-10 08:45:00+00:00,continuous,92558.4,92629.1,92525.8,92565.0,35431077.24669998
2025-12-10 09:14:59.303000+00:00,2025-12-10 09:00:00+00:00,continuous,92565.1,92631.1,92514.9,92560.7,32420796.3198999
2025-12-10 09:29:59.731000+00:00,2025-12-10 09:15:00+00:00,continuous,92560.8,92582.0,92377.9,92432.7,75803161.89690039
2025-12-10 09:44:59.716000+00:00,2025-12-10 09:30:00+00:00,continuous,92432.7,92560.0,92432.7,92560.0,30279679.087800086
2025-12-10 09:59:59.924000+00:00,2025-12-10 09:45:00+00:00,continuous,92559.9,92900.0,92553.5,92870.1,177998031.25219998
2025-12-10 10:14:59.799000+00:00,2025-12-10 10:00:00+00:00,continuous,92870.0,93278.9,92800.0,92940.4,302571274.07789916
2025-12-10 10:29:59.973000+00:00,2025-12-10 10:15:00+00:00,continuous,92940.3,92950.0,92380.0,92401.0,178417825.71799985
2025-12-10 10:44:59.836000+00:00,2025-12-10 10:30:00+00:00,continuous,92400.8,92409.5,92088.0,92169.0,266232566.02189997
2025-12-10 10:59:59.881000+00:00,2025-12-10 10:45:00+00:00,continuous,92169.0,92347.7,92091.0,92230.5,131388628.38089998
2025-12-10 11:14:59.906000+00:00,2025-12-10 11:00:00+00:00,continuous,92230.4,92396.9,92161.0,92277.3,107844544.42630063
2025-12-10 11:29:59.998000+00:00,2025-12-10 11:15:00+00:00,continuous,92277.4,92335.6,92231.5,92298.6,50357798.66479992
2025-12-10 11:44:59.954000+00:00,2025-12-10 11:30:00+00:00,continuous,92298.5,92340.0,91777.0,91932.7,322047414.0648992
2025-12-10 11:59:59.906000+00:00,2025-12-10 11:45:00+00:00,continuous,91932.8,92105.0,91721.0,92085.5,243288801.73760065
2025-12-10 12:14:59.665000+00:00,2025-12-10 12:00:00+00:00,continuous,92085.4,92177.8,91980.6,92013.6,91699592.64690055
2025-12-10 12:29:59.945000+00:00,2025-12-10 12:15:00+00:00,continuous,92013.5,92065.3,91928.3,91987.9,59524475.3411998
2025-12-10 12:44:59.591000+00:00,2025-12-10 12:30:00+00:00,continuous,91987.9,92090.2,91779.1,91891.8,96165640.80800007
2025-12-10 12:59:59.959000+00:00,2025-12-10 12:45:00+00:00,continuous,91891.7,92024.4,91785.6,91952.1,80650017.93160003
2025-12-10 13:14:59.942000+00:00,2025-12-10 13:00:00+00:00,continuous,91952.2,92056.9,91903.2,92005.0,75775139.66110037
2025-12-10 13:29:59.928000+00:00,2025-12-10 13:15:00+00:00,continuous,92005.0,92197.3,91955.1,92068.7,111572128.79030028
2025-12-10 13:44:59.924000+00:00,2025-12-10 13:30:00+00:00,continuous,92068.7,92133.9,91920.1,91993.2,134026859.22200024
2025-12-10 13:59:59.888000+00:00,2025-12-10 13:45:00+00:00,continuous,91993.2,92061.0,91949.8,92054.6,40457051.43280033
2025-12-10 14:14:59.712000+00:00,2025-12-10 14:00:00+00:00,continuous,92054.5,92073.8,91888.0,91948.2,78390786.27329978
2025-12-10 14:29:59.882000+00:00,2025-12-10 14:15:00+00:00,continuous,91948.2,92040.0,91825.0,91894.8,119318156.81789987
2025-12-10 14:44:59.833000+00:00,2025-12-10 14:30:00+00:00,continuous,91894.9,92063.8,91770.0,91861.2,182101164.30869943
2025-12-10 14:59:59.840000+00:00,2025-12-10 14:45:00+00:00,continuous,91861.1,91939.8,91555.8,91794.0,248654866.32019684
2025-12-10 15:14:59.975000+00:00,2025-12-10 15:00:00+00:00,continuous,91794.0,92124.2,91678.3,92050.2,213938143.18290022
2025-12-10 15:29:59.642000+00:00,2025-12-10 15:15:00+00:00,continuous,92050.2,92098.8,91805.3,91900.1,106020162.31570074
2025-12-10 15:44:59.923000+00:00,2025-12-10 15:30:00+00:00,continuous,91900.0,91961.4,91520.0,91827.1,168727832.8987991
2025-12-10 15:59:59.671000+00:00,2025-12-10 15:45:00+00:00,continuous,91827.0,92048.5,91757.1,92021.8,101144833.31739973
2025-12-10 16:14:59.674000+00:00,2025-12-10 16:00:00+00:00,continuous,92021.8,92219.1,91846.8,92193.2,172428430.3522998
2025-12-10 16:29:59.999000+00:00,2025-12-10 16:15:00+00:00,continuous,92193.1,92574.2,92124.2,92441.7,295399964.4642987
2025-12-10 16:44:59.849000+00:00,2025-12-10 16:30:00+00:00,continuous,92442.0,92451.7,92169.1,92320.7,155430544.1055
2025-12-10 16:59:59.921000+00:00,2025-12-10 16:45:00+00:00,continuous,92320.7,92368.2,92045.0,92126.7,103236553.28479996
2025-12-10 17:14:59.889000+00:00,2025-12-10 17:00:00+00:00,continuous,92126.7,92221.3,92049.4,92189.8,83159630.44210039
2025-12-10 17:29:59.798000+00:00,2025-12-10 17:15:00+00:00,continuous,92189.8,92483.2,92128.4,92274.4,134926461.76219928
2025-12-10 17:44:59.754000+00:00,2025-12-10 17:30:00+00:00,continuous,92274.4,92406.8,92166.0,92396.7,64785041.18250029
2025-12-10 17:59:59.892000+00:00,2025-12-10 17:45:00+00:00,continuous,92396.6,92461.5,92263.5,92348.8,59272270.56309972
2025-12-10 18:14:59.459000+00:00,2025-12-10 18:00:00+00:00,continuous,92348.7,92462.0,92233.5,92356.0,64349045.34579983
2025-12-10 18:29:59.871000+00:00,2025-12-10 18:15:00+00:00,continuous,92356.0,92395.2,91930.4,92196.3,174941673.02300078
2025-12-10 18:44:59.992000+00:00,2025-12-10 18:30:00+00:00,continuous,92196.2,93000.0,92160.6,92531.4,505614538.08989924
2025-12-10 18:59:59.835000+00:00,2025-12-10 18:45:00+00:00,continuous,92531.3,92763.5,92016.0,92448.8,252392982.37160015
2025-12-10 19:14:59.975000+00:00,2025-12-10 19:00:00+00:00,continuous,92448.8,93223.6,91605.0,92954.8,1022504872.3562962
2025-12-10 19:29:59.943000+00:00,2025-12-10 19:15:00+00:00,continuous,92954.8,93122.2,92235.7,92428.4,374716716.4823973
2025-12-10 19:44:59.944000+00:00,2025-12-10 19:30:00+00:00,continuous,92428.3,93158.0,92358.4,92538.5,618042474.2183969
2025-12-10 19:59:59.957000+00:00,2025-12-10 19:45:00+00:00,continuous,92538.4,93077.2,92453.5,92913.8,340367004.2763025
2025-12-10 20:14:59.986000+00:00,2025-12-10 20:00:00+00:00,continuous,92913.9,94238.7,92589.9,94217.5,862402908.1200022
2025-12-10 20:29:59.871000+00:00,2025-12-10 20:15:00+00:00,continuous,94217.4,94443.7,93096.0,93533.8,764135488.6926966
2025-12-10 20:44:59.750000+00:00,2025-12-10 20:30:00+00:00,continuous,93533.8,93787.8,93277.6,93654.0,220839067.1274001
2025-12-10 20:59:59.751000+00:00,2025-12-10 20:45:00+00:00,continuous,93654.0,93782.3,92182.1,92409.1,658706697.1400043
2025-12-10 21:14:59.921000+00:00,2025-12-10 21:00:00+00:00,continuous,92409.1,92580.0,91825.0,92229.3,457758268.35390055
2025-12-10 21:29:59.927000+00:00,2025-12-10 21:15:00+00:00,continuous,92229.3,92533.0,92161.0,92337.1,127704029.95180011
2025-12-10 21:44:59.649000+00:00,2025-12-10 21:30:00+00:00,continuous,92338.2,92600.1,92113.0,92433.7,125042945.65789987
2025-12-10 21:59:59.905000+00:00,2025-12-10 21:45:00+00:00,continuous,92433.7,92733.3,92230.5,92308.2,86169197.32630013
2025-12-10 22:14:59.615000+00:00,2025-12-10 22:00:00+00:00,continuous,92308.3,92659.3,92018.0,92153.7,128063769.89919992
2025-12-10 22:29:57.857000+00:00,2025-12-10 22:15:00+00:00,continuous,92153.8,92416.0,91891.7,92283.6,138035871.85949942
2025-12-10 22:44:59.963000+00:00,2025-12-10 22:30:00+00:00,continuous,92283.6,92627.8,92070.8,92485.4,172985962.32409766
2025-12-10 22:59:59.963000+00:00,2025-12-10 22:45:00+00:00,continuous,92485.4,92600.2,92348.7,92472.2,62034535.00250009
2025-12-10 23:14:59.904000+00:00,2025-12-10 23:00:00+00:00,continuous,92472.2,92557.9,92206.5,92279.9,62492605.93960025
2025-12-10 23:29:59.692000+00:00,2025-12-10 23:15:00+00:00,continuous,92280.0,92305.6,92093.1,92093.2,43332423.18900022
2025-12-10 23:44:59.313000+00:00,2025-12-10 23:30:00+00:00,continuous,92093.2,92139.6,91958.0,91961.3,56510159.101000115
2025-12-10 23:59:59.688000+00:00,2025-12-10 23:45:00+00:00,continuous,91961.2,92027.8,91900.0,91977.5,73687601.95069978
2025-12-11 00:14:59.785000+00:00,2025-12-11 00:00:00+00:00,continuous,91977.5,92046.3,91900.1,91987.0,76736873.2968997
2025-12-11 00:29:59.627000+00:00,2025-12-11 00:15:00+00:00,continuous,91987.0,91998.5,91711.0,91731.7,121241093.26789942
2025-12-11 00:44:59.991000+00:00,2025-12-11 00:30:00+00:00,continuous,91731.8,91758.6,91162.5,91243.1,419862240.6885033
2025-12-11 00:59:59.857000+00:00,2025-12-11 00:45:00+00:00,continuous,91243.0,91406.6,91011.0,91350.1,256968017.09379855
2025-12-11 01:14:59.911000+00:00,2025-12-11 01:00:00+00:00,continuous,91350.1,91370.2,90917.8,90935.5,259305496.07649976
2025-12-11 01:29:59.968000+00:00,2025-12-11 01:15:00+00:00,continuous,90935.5,91071.5,90660.1,91044.0,309656912.26000077
2025-12-11 01:44:59.930000+00:00,2025-12-11 01:30:00+00:00,continuous,91044.0,91247.3,90852.9,90960.0,145577987.01059967
2025-12-11 01:59:59.877000+00:00,2025-12-11 01:45:00+00:00,continuous,90959.9,90975.3,90600.0,90637.0,137803895.56539935
2025-12-11 02:14:59.676000+00:00,2025-12-11 02:00:00+00:00,continuous,90637.0,90637.0,90120.1,90196.0,371948124.8662995
2025-12-11 02:29:59.689000+00:00,2025-12-11 02:15:00+00:00,continuous,90195.9,90339.1,89888.0,90039.1,329568356.25549775
2025-12-11 02:44:59.797000+00:00,2025-12-11 02:30:00+00:00,continuous,90039.1,90176.0,89838.0,90025.3,223766200.9443984
2025-12-11 02:59:59.955000+00:00,2025-12-11 02:45:00+00:00,continuous,90025.4,90121.6,89820.0,90034.4,162769049.1816994
2025-12-11 03:14:59.950000+00:00,2025-12-11 03:00:00+00:00,continuous,90034.4,90034.4,89321.0,89594.4,417415056.5342975
2025-12-11 03:29:59.944000+00:00,2025-12-11 03:15:00+00:00,continuous,89594.4,89985.5,89480.0,89700.2,266036926.2989002
2025-12-11 03:44:59.815000+00:00,2025-12-11 03:30:00+00:00,continuous,89700.3,89850.1,89542.2,89779.9,160946443.83740112
2025-12-11 03:59:59.831000+00:00,2025-12-11 03:45:00+00:00,continuous,89779.9,89869.3,89705.4,89833.1,120910668.49919939
2025-12-11 04:14:59.955000+00:00,2025-12-11 04:00:00+00:00,continuous,89833.1,90041.8,89640.4,90001.6,184789187.87500075
2025-12-11 04:29:59.990000+00:00,2025-12-11 04:15:00+00:00,continuous,90001.5,90080.0,89833.0,89999.1,140075532.50369924
2025-12-11 04:44:59.793000+00:00,2025-12-11 04:30:00+00:00,continuous,89999.0,90115.0,89950.1,90061.3,140601817.12300038
2025-12-11 04:59:59.892000+00:00,2025-12-11 04:45:00+00:00,continuous,90061.3,90445.6,89978.6,90386.6,200561626.59329975
2025-12-11 05:14:59.951000+00:00,2025-12-11 05:00:00+00:00,continuous,90386.6,90386.6,90016.9,90065.9,106528822.40400021
2025-12-11 05:29:59.832000+00:00,2025-12-11 05:15:00+00:00,continuous,90065.9,90307.7,90050.0,90226.6,80498991.81290019
2025-12-11 05:44:59.729000+00:00,2025-12-11 05:30:00+00:00,continuous,90226.5,90250.0,90121.1,90171.1,46680747.03300001
2025-12-11 05:59:59.782000+00:00,2025-12-11 05:45:00+00:00,continuous,90171.1,90300.0,90150.0,90262.0,41480123.16289979
2025-12-11 06:14:59.701000+00:00,2025-12-11 06:00:00+00:00,continuous,90262.1,90262.1,90180.0,90213.3,40831303.04000017
2025-12-11 06:29:59.719000+00:00,2025-12-11 06:15:00+00:00,continuous,90213.3,90213.3,89914.2,90064.9,120820773.10749954
2025-12-11 06:44:59.213000+00:00,2025-12-11 06:30:00+00:00,continuous,90064.9,90412.6,90064.9,90274.5,110123653.75510062
2025-12-11 06:59:59.844000+00:00,2025-12-11 06:45:00+00:00,continuous,90274.4,90308.3,90162.9,90252.1,46887499.6672998
2025-12-11 07:14:59.914000+00:00,2025-12-11 07:00:00+00:00,continuous,90252.0,90287.5,90134.9,90166.8,45980317.53440003
2025-12-11 07:29:58.799000+00:00,2025-12-11 07:15:00+00:00,continuous,90166.8,90255.6,90011.7,90085.6,62913977.402900286
2025-12-11 07:44:59.911000+00:00,2025-12-11 07:30:00+00:00,continuous,90085.6,90195.3,90085.6,90129.4,48744952.34720002
2025-12-11 07:59:59.921000+00:00,2025-12-11 07:45:00+00:00,continuous,90129.3,90232.6,90084.3,90231.4,41138196.121499926
2025-12-11 08:14:59.854000+00:00,2025-12-11 08:00:00+00:00,continuous,90231.3,90232.3,89959.3,90027.1,80700486.82169984
2025-12-11 08:29:59.949000+00:00,2025-12-11 08:15:00+00:00,continuous,90027.1,90172.1,89980.2,90078.8,91792856.21869951
2025-12-11 08:44:58.938000+00:00,2025-12-11 08:30:00+00:00,continuous,90078.8,90082.7,89931.0,90006.3,65340901.6585998
2025-12-11 08:59:59.828000+00:00,2025-12-11 08:45:00+00:00,continuous,90006.2,90210.0,89964.4,90152.5,65429786.036599845
2025-12-11 09:14:59.933000+00:00,2025-12-11 09:00:00+00:00,continuous,90152.6,90244.3,90101.5,90236.3,73194196.46840027
2025-12-11 09:29:59.731000+00:00,2025-12-11 09:15:00+00:00,continuous,90236.2,90448.0,90217.0,90387.8,118402495.3457001
2025-12-11 09:44:59.956000+00:00,2025-12-11 09:30:00+00:00,continuous,90387.8,90494.7,90236.0,90282.2,69153582.83250041
2025-12-11 09:59:59.962000+00:00,2025-12-11 09:45:00+00:00,continuous,90282.2,90330.8,90111.0,90196.0,81926052.34870036
2025-12-11 10:14:59.698000+00:00,2025-12-11 10:00:00+00:00,continuous,90196.0,90309.2,90149.7,90303.8,55502822.14720031
2025-12-11 10:29:59.154000+00:00,2025-12-11 10:15:00+00:00,continuous,90303.7,90303.7,90128.7,90223.9,53596628.99030014
2025-12-11 10:44:59.976000+00:00,2025-12-11 10:30:00+00:00,continuous,90224.0,90227.3,90146.3,90148.4,29008189.021700036
2025-12-11 10:59:59.887000+00:00,2025-12-11 10:45:00+00:00,continuous,90148.3,90304.8,90125.7,90279.2,48437994.43490007
2025-12-11 11:14:59.959000+00:00,2025-12-11 11:00:00+00:00,continuous,90279.1,90377.8,90236.9,90310.2,41313307.119200096
2025-12-11 11:29:59.938000+00:00,2025-12-11 11:15:00+00:00,continuous,90310.2,90344.7,90211.9,90216.0,51289107.5341003
2025-12-11 11:44:59.713000+00:00,2025-12-11 11:30:00+00:00,continuous,90216.0,90286.0,90185.5,90216.1,30181747.024799276
2025-12-11 11:59:59.868000+00:00,2025-12-11 11:45:00+00:00,continuous,90216.2,90220.6,90163.9,90195.3,37911592.31129936
2025-12-11 12:14:59.551000+00:00,2025-12-11 12:00:00+00:00,continuous,90195.3,90240.5,90087.9,90137.4,67349867.70630018
2025-12-11 12:29:59.858000+00:00,2025-12-11 12:15:00+00:00,continuous,90137.4,90310.0,90124.0,90269.4,51705174.23810008
2025-12-11 12:44:59.761000+00:00,2025-12-11 12:30:00+00:00,continuous,90269.4,90346.8,90226.6,90235.9,47217680.04779999
2025-12-11 12:59:59.685000+00:00,2025-12-11 12:45:00+00:00,continuous,90235.9,90247.7,89972.2,90000.8,91303857.34139962
2025-12-11 13:14:59.957000+00:00,2025-12-11 13:00:00+00:00,continuous,90000.7,90100.0,89975.0,90010.0,73109432.25280076
2025-12-11 13:29:59.952000+00:00,2025-12-11 13:15:00+00:00,continuous,90010.0,90092.7,89934.2,90009.1,80203337.71310033
2025-12-11 13:44:59.858000+00:00,2025-12-11 13:30:00+00:00,continuous,90009.1,90103.4,89827.9,90008.7,124871253.46780038
2025-12-11 13:59:59.734000+00:00,2025-12-11 13:45:00+00:00,continuous,90008.7,90134.6,89915.6,90062.9,69507113.46800017
2025-12-11 14:14:59.888000+00:00,2025-12-11 14:00:00+00:00,continuous,90062.8,90129.0,89990.6,90110.8,79961921.9783002
2025-12-11 14:29:59.786000+00:00,2025-12-11 14:15:00+00:00,continuous,90110.3,90223.8,90088.0,90091.2,99933847.94680023
2025-12-11 14:44:59.958000+00:00,2025-12-11 14:30:00+00:00,continuous,90091.2,90450.0,89716.2,90231.7,405174310.98129815
2025-12-11 14:59:59.967000+00:00,2025-12-11 14:45:00+00:00,continuous,90231.8,90293.2,89200.0,89514.5,782211463.3554887
2025-12-11 15:14:59.962000+00:00,2025-12-11 15:00:00+00:00,continuous,89514.4,90176.3,89363.8,90074.4,417985706.8993978
2025-12-11 15:29:59.942000+00:00,2025-12-11 15:15:00+00:00,continuous,90074.3,90618.0,89918.7,90202.7,419709239.0277987
2025-12-11 15:44:59.993000+00:00,2025-12-11 15:30:00+00:00,continuous,90202.6,90239.1,89640.9,89762.2,295274638.85569876
2025-12-11 15:59:59.738000+00:00,2025-12-11 15:45:00+00:00,continuous,89762.2,89996.4,89597.1,89830.1,192728541.99270022
2025-12-11 16:14:59.997000+00:00,2025-12-11 16:00:00+00:00,continuous,89830.1,89945.1,89323.3,89356.0,293630853.28990066
2025-12-11 16:29:59.975000+00:00,2025-12-11 16:15:00+00:00,continuous,89355.6,89649.5,89288.0,89529.2,191068777.10240027
2025-12-11 16:44:59.879000+00:00,2025-12-11 16:30:00+00:00,continuous,89529.3,90035.6,89422.0,89919.0,188712907.4410008
2025-12-11 16:59:59.948000+00:00,2025-12-11 16:45:00+00:00,continuous,89919.1,90150.0,89572.2,89704.2,197802937.30970016
2025-12-11 17:14:59.880000+00:00,2025-12-11 17:00:00+00:00,continuous,89704.1,89884.0,89588.0,89820.3,106160103.69639991
2025-12-11 17:29:59.989000+00:00,2025-12-11 17:15:00+00:00,continuous,89820.2,90224.9,89775.6,90039.6,185815787.56179914
2025-12-11 17:44:59.743000+00:00,2025-12-11 17:30:00+00:00,continuous,90039.5,90217.8,89913.3,90033.7,95016095.37089945
2025-12-11 17:59:59.994000+00:00,2025-12-11 17:45:00+00:00,continuous,90033.6,90118.8,89873.6,89935.6,65021324.95480026
2025-12-11 18:14:59.737000+00:00,2025-12-11 18:00:00+00:00,continuous,89935.3,90375.0,89851.0,90287.9,179320553.33770037
2025-12-11 18:29:59.896000+00:00,2025-12-11 18:15:00+00:00,continuous,90288.0,90450.0,90187.6,90315.2,139136906.5554011
2025-12-11 18:44:59.946000+00:00,2025-12-11 18:30:00+00:00,continuous,90315.3,91108.0,90272.0,91108.0,415439920.7483977
2025-12-11 18:59:59.901000+00:00,2025-12-11 18:45:00+00:00,continuous,91107.9,91150.0,90407.5,90657.9,346212021.5138007
2025-12-11 19:14:59.883000+00:00,2025-12-11 19:00:00+00:00,continuous,90657.9,90875.0,90531.4,90756.6,165735990.86599916
2025-12-11 19:29:59.803000+00:00,2025-12-11 19:15:00+00:00,continuous,90756.6,91132.2,90672.6,91070.5,193517496.45770067
2025-12-11 19:44:59.947000+00:00,2025-12-11 19:30:00+00:00,continuous,91070.6,91499.0,91042.0,91337.8,309791394.4874024
2025-12-11 19:59:59.887000+00:00,2025-12-11 19:45:00+00:00,continuous,91337.7,91412.0,90700.0,90793.5,236659867.0240015
2025-12-11 20:14:59.962000+00:00,2025-12-11 20:00:00+00:00,continuous,90793.5,91444.5,90749.6,91306.7,193011691.7542005
2025-12-11 20:29:59.704000+00:00,2025-12-11 20:15:00+00:00,continuous,91306.8,91397.3,90916.0,91004.9,131116432.66459961
2025-12-11 20:44:59.863000+00:00,2025-12-11 20:30:00+00:00,continuous,91004.9,91617.7,90971.1,91535.4,342767441.6154981
2025-12-11 20:59:59.773000+00:00,2025-12-11 20:45:00+00:00,continuous,91535.3,91806.1,91360.5,91740.9,249705521.75570038
2025-12-11 21:14:59.739000+00:00,2025-12-11 21:00:00+00:00,continuous,91740.9,92568.5,91644.6,92416.4,582517756.0800006
2025-12-11 21:29:59.995000+00:00,2025-12-11 21:15:00+00:00,continuous,92416.4,93254.7,92416.4,93254.7,706017429.8041012
2025-12-11 21:44:59.958000+00:00,2025-12-11 21:30:00+00:00,continuous,93254.8,93547.3,92844.5,93140.8,535565728.41940224
2025-12-11 21:59:59.543000+00:00,2025-12-11 21:45:00+00:00,continuous,93140.9,93220.2,92751.0,92823.6,281767247.88229865
2025-12-11 22:14:59.972000+00:00,2025-12-11 22:00:00+00:00,continuous,92823.6,93169.3,92823.6,92895.4,170489859.37160096
2025-12-11 22:29:59.904000+00:00,2025-12-11 22:15:00+00:00,continuous,92895.5,92926.1,92183.9,92301.0,339396677.24939966
2025-12-11 22:44:59.794000+00:00,2025-12-11 22:30:00+00:00,continuous,92301.0,92666.0,92183.5,92361.4,198123014.3867987
2025-12-11 22:59:59.901000+00:00,2025-12-11 22:45:00+00:00,continuous,92361.4,92434.2,92050.3,92325.4,155988522.13900042
2025-12-11 23:14:59.901000+00:00,2025-12-11 23:00:00+00:00,continuous,92325.4,92634.8,92289.8,92468.4,277777681.8026981
2025-12-11 23:29:59.505000+00:00,2025-12-11 23:15:00+00:00,continuous,92468.4,92627.8,92337.6,92453.3,152547398.62790003
2025-12-11 23:44:59.820000+00:00,2025-12-11 23:30:00+00:00,continuous,92453.3,92766.6,92423.8,92680.8,102192909.87429991
2025-12-11 23:59:59.954000+00:00,2025-12-11 23:45:00+00:00,continuous,92680.8,92753.0,92333.5,92477.5,100589561.23110022
2025-12-12 00:14:59.936000+00:00,2025-12-12 00:00:00+00:00,continuous,92477.6,92532.7,92343.8,92382.8,124745502.61309965
2025-12-12 00:29:59.937000+00:00,2025-12-12 00:15:00+00:00,continuous,92382.8,92598.7,92301.6,92345.3,133469672.39709988
2025-12-12 00:44:59.653000+00:00,2025-12-12 00:30:00+00:00,continuous,92345.4,92393.5,92232.0,92268.5,105704120.95830056
2025-12-12 00:59:59.993000+00:00,2025-12-12 00:45:00+00:00,continuous,92268.5,92342.6,91400.0,91521.0,469531879.84349966
2025-12-12 01:14:59.452000+00:00,2025-12-12 01:00:00+00:00,continuous,91521.1,91850.0,91482.9,91760.9,235628343.74569985
2025-12-12 01:29:59.917000+00:00,2025-12-12 01:15:00+00:00,continuous,91760.9,92133.2,91752.4,92051.2,138024606.8334009
2025-12-12 01:44:59.869000+00:00,2025-12-12 01:30:00+00:00,continuous,92051.1,92277.0,91990.6,92106.8,82453252.91579993
2025-12-12 01:59:59.237000+00:00,2025-12-12 01:45:00+00:00,continuous,92106.8,92215.0,92027.8,92129.3,41262988.64179999
2025-12-12 02:14:59.864000+00:00,2025-12-12 02:00:00+00:00,continuous,92129.3,92450.0,91883.3,92350.4,156279109.60749945
2025-12-12 02:29:59.870000+00:00,2025-12-12 02:15:00+00:00,continuous,92350.3,92388.0,92200.0,92344.1,94440854.19109994
2025-12-12 02:44:59.981000+00:00,2025-12-12 02:30:00+00:00,continuous,92344.1,92464.0,92292.2,92388.6,63581924.51369983
2025-12-12 02:59:59.931000+00:00,2025-12-12 02:45:00+00:00,continuous,92388.5,92700.0,92321.4,92542.2,154442681.55560017
2025-12-12 03:14:59.618000+00:00,2025-12-12 03:00:00+00:00,continuous,92542.2,92719.0,92373.4,92404.4,88227348.3307999
2025-12-12 03:29:59.394000+00:00,2025-12-12 03:15:00+00:00,continuous,92404.4,92416.5,92126.7,92196.4,108061633.09850043
2025-12-12 03:44:58.900000+00:00,2025-12-12 03:30:00+00:00,continuous,92196.4,92361.9,92170.3,92303.1,65621721.781199895
2025-12-12 03:59:59.619000+00:00,2025-12-12 03:45:00+00:00,continuous,92303.1,92340.7,92202.5,92234.3,40529260.18620006
2025-12-12 04:14:59.755000+00:00,2025-12-12 04:00:00+00:00,continuous,92234.3,92300.1,92160.0,92177.1,51636480.22100004
2025-12-12 04:29:59.828000+00:00,2025-12-12 04:15:00+00:00,continuous,92177.1,92206.1,92088.8,92164.5,82694971.41270004
2025-12-12 04:44:59.448000+00:00,2025-12-12 04:30:00+00:00,continuous,92164.5,92213.9,92133.7,92213.8,47512490.176900044
2025-12-12 04:59:59.722000+00:00,2025-12-12 04:45:00+00:00,continuous,92213.9,92424.3,92184.9,92355.6,80543817.17229997
2025-12-12 05:14:59.896000+00:00,2025-12-12 05:00:00+00:00,continuous,92355.7,92460.0,92146.3,92153.7,110654939.78649965
2025-12-12 05:29:58.545000+00:00,2025-12-12 05:15:00+00:00,continuous,92153.7,92252.4,92028.4,92089.3,62749962.64910022
2025-12-12 05:44:59.969000+00:00,2025-12-12 05:30:00+00:00,continuous,92089.2,92296.4,92089.2,92288.3,36035920.15539999
2025-12-12 05:59:59.628000+00:00,2025-12-12 05:45:00+00:00,continuous,92288.3,92440.0,92288.3,92404.8,35978684.05480019
2025-12-12 06:14:59.652000+00:00,2025-12-12 06:00:00+00:00,continuous,92404.9,92660.1,92360.9,92656.1,108265785.19279939
2025-12-12 06:29:59.894000+00:00,2025-12-12 06:15:00+00:00,continuous,92656.0,92685.5,92508.4,92557.9,94149038.46649949
2025-12-12 06:44:58.212000+00:00,2025-12-12 06:30:00+00:00,continuous,92558.0,92558.0,92460.0,92527.9,40815290.5369
2025-12-12 06:59:59.854000+00:00,2025-12-12 06:45:00+00:00,continuous,92527.9,92542.2,92416.0,92468.7,30099894.35879999
2025-12-12 07:14:59.967000+00:00,2025-12-12 07:00:00+00:00,continuous,92468.7,92528.4,92446.0,92466.8,51541837.218699895
2025-12-12 07:29:59.560000+00:00,2025-12-12 07:15:00+00:00,continuous,92466.9,92470.0,92322.5,92337.6,62253417.98719995
2025-12-12 07:44:59.968000+00:00,2025-12-12 07:30:00+00:00,continuous,92337.6,92486.2,92213.2,92409.7,87130892.69479999
2025-12-12 07:59:59.292000+00:00,2025-12-12 07:45:00+00:00,continuous,92409.7,92423.0,92331.0,92389.5,52530283.39249994
2025-12-12 08:14:59.944000+00:00,2025-12-12 08:00:00+00:00,continuous,92389.5,92447.0,92304.1,92363.7,64301038.667499706
2025-12-12 08:29:59.660000+00:00,2025-12-12 08:15:00+00:00,continuous,92363.8,92405.0,92126.6,92209.5,101158669.09149972
2025-12-12 08:44:59.429000+00:00,2025-12-12 08:30:00+00:00,continuous,92209.6,92218.3,92119.4,92180.0,48704823.57450004
2025-12-12 08:59:59.992000+00:00,2025-12-12 08:45:00+00:00,continuous,92180.0,92319.4,92052.9,92311.4,75162761.91789982
2025-12-12 09:14:59.634000+00:00,2025-12-12 09:00:00+00:00,continuous,92310.5,92348.8,92200.0,92300.9,55474045.26509996
2025-12-12 09:29:59.814000+00:00,2025-12-12 09:15:00+00:00,continuous,92300.8,92349.6,92054.0,92071.0,46185034.3442002
2025-12-12 09:44:59.869000+00:00,2025-12-12 09:30:00+00:00,continuous,92071.1,92207.3,92050.0,92139.8,54127977.22030003
2025-12-12 09:59:59.252000+00:00,2025-12-12 09:45:00+00:00,continuous,92139.9,92517.6,92116.0,92481.7,87019995.00329956
2025-12-12 10:14:59.207000+00:00,2025-12-12 10:00:00+00:00,continuous,92481.7,92600.0,92444.7,92521.9,94315876.09680068
2025-12-12 10:29:59.982000+00:00,2025-12-12 10:15:00+00:00,continuous,92521.9,92522.0,92380.0,92416.9,42223756.87170015
2025-12-12 10:44:58.072000+00:00,2025-12-12 10:30:00+00:00,continuous,92417.0,92435.9,92377.3,92386.0,35243246.04589992
2025-12-12 10:59:59.276000+00:00,2025-12-12 10:45:00+00:00,continuous,92385.9,92540.0,92377.3,92454.7,38457750.078600034
2025-12-12 11:14:59.911000+00:00,2025-12-12 11:00:00+00:00,continuous,92454.7,92454.7,92323.1,92360.2,43989841.7462
2025-12-12 11:29:59.654000+00:00,2025-12-12 11:15:00+00:00,continuous,92360.2,92361.4,92234.5,92325.0,41548218.00960001
2025-12-12 11:44:59.890000+00:00,2025-12-12 11:30:00+00:00,continuous,92324.9,92380.9,92259.8,92329.7,40676654.58799993
2025-12-12 11:59:59.853000+00:00,2025-12-12 11:45:00+00:00,continuous,92329.6,92381.5,92286.8,92381.5,25706081.58309997
2025-12-12 12:14:58.688000+00:00,2025-12-12 12:00:00+00:00,continuous,92381.4,92381.5,92193.1,92216.3,72751795.93869974
2025-12-12 12:29:59.368000+00:00,2025-12-12 12:15:00+00:00,continuous,92216.3,92254.4,92131.1,92149.6,47740780.963199966
2025-12-12 12:44:59.881000+00:00,2025-12-12 12:30:00+00:00,continuous,92149.5,92201.6,92036.4,92061.9,68010321.63560008
2025-12-12 12:59:59.396000+00:00,2025-12-12 12:45:00+00:00,continuous,92061.8,92391.4,92061.8,92389.9,96878507.50219955
2025-12-12 13:14:59.792000+00:00,2025-12-12 13:00:00+00:00,continuous,92389.9,92389.9,92265.1,92331.7,43626931.042300105
2025-12-12 13:29:59.853000+00:00,2025-12-12 13:15:00+00:00,continuous,92331.8,92473.7,92220.7,92231.7,81343107.8240001
2025-12-12 13:44:58.745000+00:00,2025-12-12 13:30:00+00:00,continuous,92231.8,92328.3,92196.0,92230.8,59276234.3166001
2025-12-12 13:59:59.812000+00:00,2025-12-12 13:45:00+00:00,continuous,92230.9,92364.4,92222.4,92261.7,27483069.5518001
2025-12-12 14:14:59.407000+00:00,2025-12-12 14:00:00+00:00,continuous,92261.7,92265.6,92154.0,92167.1,56078246.257400066
2025-12-12 14:29:59.946000+00:00,2025-12-12 14:15:00+00:00,continuous,92167.1,92313.7,92066.6,92084.3,91721524.6749999
2025-12-12 14:44:59.882000+00:00,2025-12-12 14:30:00+00:00,continuous,92084.3,92566.0,91851.0,92408.4,423702624.0720989
2025-12-12 14:59:59.987000+00:00,2025-12-12 14:45:00+00:00,continuous,92408.4,92630.0,92164.9,92393.0,304651431.36190146
2025-12-12 15:14:59.834000+00:00,2025-12-12 15:00:00+00:00,continuous,92392.9,92407.2,91853.1,91930.0,343083287.41519904
2025-12-12 15:29:59.970000+00:00,2025-12-12 15:15:00+00:00,continuous,91930.0,91944.0,90788.0,90795.0,924149281.0051061
2025-12-12 15:44:59.958000+00:00,2025-12-12 15:30:00+00:00,continuous,90795.1,90919.1,90156.5,90497.7,1080227525.8078146
2025-12-12 15:59:59.930000+00:00,2025-12-12 15:45:00+00:00,continuous,90497.6,90714.3,89688.0,89895.0,770722161.6951969
2025-12-12 16:14:59.919000+00:00,2025-12-12 16:00:00+00:00,continuous,89895.1,90047.2,89600.0,89927.4,628821731.7922865
2025-12-12 16:29:59.920000+00:00,2025-12-12 16:15:00+00:00,continuous,89927.4,90397.3,89750.7,90360.5,446334703.60959977
2025-12-12 16:44:59.965000+00:00,2025-12-12 16:30:00+00:00,continuous,90360.6,90360.6,89429.0,89602.7,476754090.3853961
2025-12-12 16:59:59.869000+00:00,2025-12-12 16:45:00+00:00,continuous,89602.8,90135.1,89563.1,89996.8,286259851.9775008
2025-12-12 17:14:59.969000+00:00,2025-12-12 17:00:00+00:00,continuous,89996.8,90377.4,89934.0,90292.0,289399360.4915974
2025-12-12 17:29:59.829000+00:00,2025-12-12 17:15:00+00:00,continuous,90291.9,90584.9,89781.8,89785.8,346813971.1917004
2025-12-12 17:44:59.901000+00:00,2025-12-12 17:30:00+00:00,continuous,89785.7,90220.0,89777.0,90143.0,156193908.4064987
2025-12-12 17:59:59.453000+00:00,2025-12-12 17:45:00+00:00,continuous,90143.0,90270.0,89926.2,90043.5,88898937.38190006
2025-12-12 18:14:59.793000+00:00,2025-12-12 18:00:00+00:00,continuous,90043.9,90462.8,89995.6,90268.3,137711889.35489994
2025-12-12 18:29:59.983000+00:00,2025-12-12 18:15:00+00:00,continuous,90268.3,90512.2,90160.1,90496.8,191262613.62570184
2025-12-12 18:44:59.917000+00:00,2025-12-12 18:30:00+00:00,continuous,90496.7,90617.7,90350.1,90380.0,196809332.92370084
2025-12-12 18:59:59.681000+00:00,2025-12-12 18:45:00+00:00,continuous,90380.0,90598.3,90222.1,90323.7,97790241.22789992
2025-12-12 19:14:59.957000+00:00,2025-12-12 19:00:00+00:00,continuous,90323.8,90359.6,89955.6,89987.2,194634090.2989994
2025-12-12 19:29:59.829000+00:00,2025-12-12 19:15:00+00:00,continuous,89987.1,90333.0,89987.1,90145.0,116564462.26769994
2025-12-12 19:44:59.749000+00:00,2025-12-12 19:30:00+00:00,continuous,90145.0,90248.0,90050.2,90077.0,44355282.56949982
2025-12-12 19:59:59.897000+00:00,2025-12-12 19:45:00+00:00,continuous,90077.1,90198.5,90033.5,90147.3,74264632.79419984
2025-12-12 20:14:59.424000+00:00,2025-12-12 20:00:00+00:00,continuous,90147.4,90228.3,89981.5,89981.6,116345663.87330025
2025-12-12 20:29:59.965000+00:00,2025-12-12 20:15:00+00:00,continuous,89981.6,90241.2,89958.7,89964.6,110196349.85360019
2025-12-12 20:44:59.896000+00:00,2025-12-12 20:30:00+00:00,continuous,89964.7,90144.0,89843.0,90107.6,118176342.37029976
2025-12-12 20:59:59.830000+00:00,2025-12-12 20:45:00+00:00,continuous,90107.5,90286.7,90057.2,90160.0,145078344.23020118
2025-12-12 21:14:59.384000+00:00,2025-12-12 21:00:00+00:00,continuous,90160.0,90314.0,90093.3,90240.0,86628197.9275005
2025-12-12 21:29:59.138000+00:00,2025-12-12 21:15:00+00:00,continuous,90240.1,90249.6,90059.8,90142.0,37363708.30160003
2025-12-12 21:44:59.873000+00:00,2025-12-12 21:30:00+00:00,continuous,90142.1,90267.7,90142.1,90233.0,23056124.93389997
2025-12-12 21:59:59.812000+00:00,2025-12-12 21:45:00+00:00,continuous,90233.0,90261.7,90148.2,90151.0,42379906.01980006
2025-12-12 22:14:59.469000+00:00,2025-12-12 22:00:00+00:00,continuous,90150.9,90357.5,90144.2,90301.1,24747970.23540003
2025-12-12 22:29:59.885000+00:00,2025-12-12 22:15:00+00:00,continuous,90301.1,90340.1,90265.5,90283.7,26281286.05329978
2025-12-12 22:44:58.599000+00:00,2025-12-12 22:30:00+00:00,continuous,90283.7,90320.0,90255.7,90282.7,20823592.07939995
2025-12-12 22:59:59.311000+00:00,2025-12-12 22:45:00+00:00,continuous,90282.8,90300.0,90211.4,90294.5,23985312.339900043
2025-12-12 23:14:59.895000+00:00,2025-12-12 23:00:00+00:00,continuous,90294.7,90341.3,90242.8,90339.7,27239597.296700034
2025-12-12 23:29:59.452000+00:00,2025-12-12 23:15:00+00:00,continuous,90339.7,90341.3,90264.4,90264.4,35830167.41050005
2025-12-12 23:44:58.198000+00:00,2025-12-12 23:30:00+00:00,continuous,90264.4,90333.2,90252.4,90316.9,44596959.30169987
2025-12-12 23:59:59.745000+00:00,2025-12-12 23:45:00+00:00,continuous,90316.9,90317.0,90187.4,90229.6,22185219.803500053
2025-12-13 00:14:59.982000+00:00,2025-12-13 00:00:00+00:00,continuous,90229.7,90398.0,90162.0,90302.9,73306221.40520051
2025-12-13 00:29:59.699000+00:00,2025-12-13 00:15:00+00:00,continuous,90302.9,90366.0,90258.0,90261.5,22715721.416799977
2025-12-13 00:44:59.681000+00:00,2025-12-13 00:30:00+00:00,continuous,90261.5,90299.9,90260.3,90299.9,22701903.355100036
2025-12-13 00:59:58.938000+00:00,2025-12-13 00:45:00+00:00,continuous,90299.9,90311.4,90276.0,90276.9,19301520.91009993
2025-12-13 01:14:59.452000+00:00,2025-12-13 01:00:00+00:00,continuous,90276.9,90321.1,90276.0,90283.1,21028319.97860005
2025-12-13 01:29:59.952000+00:00,2025-12-13 01:15:00+00:00,continuous,90283.1,90309.0,90276.0,90289.2,29700547.037400052
2025-12-13 01:44:59.877000+00:00,2025-12-13 01:30:00+00:00,continuous,90289.3,90289.3,90083.6,90108.8,77316563.34109981
2025-12-13 01:59:59.892000+00:00,2025-12-13 01:45:00+00:00,continuous,90108.9,90193.4,90077.0,90192.2,34435973.25339995
2025-12-13 02:14:59.825000+00:00,2025-12-13 02:00:00+00:00,continuous,90192.1,90282.0,90184.0,90246.8,28945955.785400078
2025-12-13 02:29:59.232000+00:00,2025-12-13 02:15:00+00:00,continuous,90246.9,90276.2,90240.0,90276.1,16902604.264600005
2025-12-13 02:44:59.877000+00:00,2025-12-13 02:30:00+00:00,continuous,90276.1,90276.1,90189.2,90236.7,16552837.835099962
2025-12-13 02:59:59.933000+00:00,2025-12-13 02:45:00+00:00,continuous,90236.7,90243.6,90188.0,90195.0,31168238.473399937
2025-12-13 03:14:59.901000+00:00,2025-12-13 03:00:00+00:00,continuous,90194.9,90255.6,90165.3,90255.6,21577147.86800005
2025-12-13 03:29:59.951000+00:00,2025-12-13 03:15:00+00:00,continuous,90255.6,90320.0,90255.5,90301.5,20553901.734799802
2025-12-13 03:44:59.367000+00:00,2025-12-13 03:30:00+00:00,continuous,90301.6,90432.0,90287.5,90370.2,50264775.28449995
2025-12-13 03:59:59.788000+00:00,2025-12-13 03:45:00+00:00,continuous,90370.2,90390.1,90293.9,90304.0,18204630.144100025
2025-12-13 04:14:59.657000+00:00,2025-12-13 04:00:00+00:00,continuous,90304.1,90319.7,90260.0,90265.1,20736296.074699897
2025-12-13 04:29:59.641000+00:00,2025-12-13 04:15:00+00:00,continuous,90265.0,90329.7,90229.0,90286.7,30839875.081200056
2025-12-13 04:44:59.092000+00:00,2025-12-13 04:30:00+00:00,continuous,90286.6,90360.2,90240.4,90342.3,31042611.99669997
2025-12-13 04:59:59.495000+00:00,2025-12-13 04:45:00+00:00,continuous,90342.2,90379.5,90326.2,90334.8,13391889.64259999
2025-12-13 05:14:59.574000+00:00,2025-12-13 05:00:00+00:00,continuous,90334.8,90350.9,90313.5,90338.6,16587019.871600036
2025-12-13 05:29:59.734000+00:00,2025-12-13 05:15:00+00:00,continuous,90338.6,90340.0,90300.0,90312.9,17280958.477699976
2025-12-13 05:44:59.983000+00:00,2025-12-13 05:30:00+00:00,continuous,90313.0,90325.0,90233.2,90236.6,18810007.68950001
2025-12-13 05:59:58.255000+00:00,2025-12-13 05:45:00+00:00,continuous,90236.7,90301.4,90226.8,90301.3,14610208.220000118
2025-12-13 06:14:57.956000+00:00,2025-12-13 06:00:00+00:00,continuous,90301.4,90320.5,90260.3,90280.5,19293083.71929999
2025-12-13 06:29:58.879000+00:00,2025-12-13 06:15:00+00:00,continuous,90280.4,90280.5,90232.3,90243.0,11014295.594399948
2025-12-13 06:44:59.953000+00:00,2025-12-13 06:30:00+00:00,continuous,90243.1,90308.4,90242.2,90297.9,12208063.925200114
2025-12-13 06:59:59.920000+00:00,2025-12-13 06:45:00+00:00,continuous,90297.8,90339.3,90284.3,90317.4,20127011.887299847
2025-12-13 07:14:59.799000+00:00,2025-12-13 07:00:00+00:00,continuous,90317.5,90323.0,90293.3,90293.3,25942716.869000066
2025-12-13 07:29:59.484000+00:00,2025-12-13 07:15:00+00:00,continuous,90293.3,90347.9,90293.3,90337.4,34647254.47370002
2025-12-13 07:44:59.823000+00:00,2025-12-13 07:30:00+00:00,continuous,90337.4,90362.1,90286.2,90310.6,29515716.848600093
2025-12-13 07:59:59.899000+00:00,2025-12-13 07:45:00+00:00,continuous,90310.5,90320.3,90274.5,90286.1,26797237.423599932
2025-12-13 08:14:59.993000+00:00,2025-12-13 08:00:00+00:00,continuous,90286.0,90320.6,90280.4,90320.6,23495229.899899926
2025-12-13 08:29:59.923000+00:00,2025-12-13 08:15:00+00:00,continuous,90320.6,90536.0,90316.4,90463.2,158957955.08850098
2025-12-13 08:44:59.923000+00:00,2025-12-13 08:30:00+00:00,continuous,90463.3,90470.1,90323.0,90369.3,66853648.52050002
2025-12-13 08:59:59.648000+00:00,2025-12-13 08:45:00+00:00,continuous,90369.3,90511.1,90353.1,90413.9,38368508.145599976
2025-12-13 09:14:59.287000+00:00,2025-12-13 09:00:00+00:00,continuous,90414.0,90463.3,90402.5,90438.0,22622048.426500034
2025-12-13 09:29:58.992000+00:00,2025-12-13 09:15:00+00:00,continuous,90438.1,90438.1,90383.9,90384.0,24566966.286700003
2025-12-13 09:44:59.270000+00:00,2025-12-13 09:30:00+00:00,continuous,90383.9,90450.0,90343.3,90415.5,22585063.804100048
2025-12-13 09:59:58.249000+00:00,2025-12-13 09:45:00+00:00,continuous,90415.4,90472.7,90338.0,90375.3,30389798.72269992
2025-12-13 10:14:59.964000+00:00,2025-12-13 10:00:00+00:00,continuous,90375.3,90449.4,90366.8,90431.0,21669928.088199962
2025-12-13 10:29:59.831000+00:00,2025-12-13 10:15:00+00:00,continuous,90431.0,90483.4,90429.1,90459.0,27199958.0996001
2025-12-13 10:44:59.895000+00:00,2025-12-13 10:30:00+00:00,continuous,90459.0,90599.0,90459.0,90556.7,55373008.0314
2025-12-13 10:59:59.236000+00:00,2025-12-13 10:45:00+00:00,continuous,90556.7,90561.5,90480.0,90546.7,41482945.27459976
2025-12-13 11:14:59.206000+00:00,2025-12-13 11:00:00+00:00,continuous,90546.7,90563.1,90465.9,90491.7,42396015.594399795
2025-12-13 11:29:59.927000+00:00,2025-12-13 11:15:00+00:00,continuous,90491.7,90491.7,90406.8,90406.8,21390955.961899962
2025-12-13 11:44:59.656000+00:00,2025-12-13 11:30:00+00:00,continuous,90406.8,90409.5,90300.0,90320.7,57396514.427499905
2025-12-13 11:59:59.876000+00:00,2025-12-13 11:45:00+00:00,continuous,90320.7,90390.9,90239.0,90298.4,59068533.489200406
2025-12-13 12:14:59.664000+00:00,2025-12-13 12:00:00+00:00,continuous,90298.5,90441.9,90293.9,90383.6,41487436.406199835
2025-12-13 12:29:59.927000+00:00,2025-12-13 12:15:00+00:00,continuous,90383.6,90391.6,90280.5,90280.5,26352286.37989999
2025-12-13 12:44:59.882000+00:00,2025-12-13 12:30:00+00:00,continuous,90280.5,90398.9,90255.0,90258.7,41471340.38669998
2025-12-13 12:59:59.902000+00:00,2025-12-13 12:45:00+00:00,continuous,90258.7,90309.9,90241.1,90309.8,28532720.419800047
2025-12-13 13:14:59.050000+00:00,2025-12-13 13:00:00+00:00,continuous,90309.8,90377.9,90280.7,90302.2,33328852.681800026
2025-12-13 13:29:59.960000+00:00,2025-12-13 13:15:00+00:00,continuous,90302.2,90419.3,90166.2,90184.4,73127326.25719984
2025-12-13 13:44:59.872000+00:00,2025-12-13 13:30:00+00:00,continuous,90184.5,90272.7,90153.6,90196.0,47680050.2373998
2025-12-13 13:59:59.132000+00:00,2025-12-13 13:45:00+00:00,continuous,90196.0,90276.9,90192.7,90215.0,21108085.508599848
2025-12-13 14:14:58.949000+00:00,2025-12-13 14:00:00+00:00,continuous,90215.1,90305.5,90200.0,90259.2,33895556.98720002
2025-12-13 14:29:59.880000+00:00,2025-12-13 14:15:00+00:00,continuous,90259.3,90259.3,89921.9,89921.9,163628273.11440054
2025-12-13 14:44:59.840000+00:00,2025-12-13 14:30:00+00:00,continuous,89921.9,90292.9,89888.0,90136.8,108152364.37630036
2025-12-13 14:59:59.922000+00:00,2025-12-13 14:45:00+00:00,continuous,90136.9,90185.8,90040.0,90048.5,32284844.329999965
2025-12-13 15:14:59.885000+00:00,2025-12-13 15:00:00+00:00,continuous,90048.5,90259.0,90027.1,90116.2,54093214.543000124
2025-12-13 15:29:59.630000+00:00,2025-12-13 15:15:00+00:00,continuous,90116.3,90139.7,90062.8,90107.6,26611276.076299902
2025-12-13 15:44:59.233000+00:00,2025-12-13 15:30:00+00:00,continuous,90107.5,90132.8,90062.2,90074.6,30707352.233600013
2025-12-13 15:59:59.926000+00:00,2025-12-13 15:45:00+00:00,continuous,90074.7,90076.1,89999.0,90055.4,51020628.42429994
2025-12-13 16:14:59.293000+00:00,2025-12-13 16:00:00+00:00,continuous,90055.3,90236.6,90045.1,90150.0,57262996.255700074
2025-12-13 16:29:59.509000+00:00,2025-12-13 16:15:00+00:00,continuous,90150.0,90166.4,90030.3,90040.1,30703767.423299935
2025-12-13 16:44:59.566000+00:00,2025-12-13 16:30:00+00:00,continuous,90040.1,90075.0,89993.4,90019.9,36549279.551900044
2025-12-13 16:59:58.907000+00:00,2025-12-13 16:45:00+00:00,continuous,90019.8,90121.4,90000.0,90054.0,30645727.245699957
2025-12-13 17:14:59.077000+00:00,2025-12-13 17:00:00+00:00,continuous,90054.1,90063.9,89944.0,90032.9,39717780.080299854
2025-12-13 17:29:59.847000+00:00,2025-12-13 17:15:00+00:00,continuous,90032.8,90068.6,89960.0,89986.5,24568164.086900093
2025-12-13 17:44:59.833000+00:00,2025-12-13 17:30:00+00:00,continuous,89986.5,90067.5,89958.2,90064.5,30933616.33460006
2025-12-13 17:59:59.892000+00:00,2025-12-13 17:45:00+00:00,continuous,90064.5,90070.1,89996.7,90022.5,20161629.2951999
2025-12-13 18:14:59.175000+00:00,2025-12-13 18:00:00+00:00,continuous,90022.5,90163.0,90011.6,90143.9,28290183.843700044
2025-12-13 18:29:59.669000+00:00,2025-12-13 18:15:00+00:00,continuous,90143.8,90143.9,90089.0,90122.7,19983460.232800014
2025-12-13 18:44:58.293000+00:00,2025-12-13 18:30:00+00:00,continuous,90122.8,90150.0,90100.0,90109.0,14807432.6166
2025-12-13 18:59:59.520000+00:00,2025-12-13 18:45:00+00:00,continuous,90109.1,90118.4,90064.4,90089.1,12483611.237999974
2025-12-13 19:14:59.276000+00:00,2025-12-13 19:00:00+00:00,continuous,90089.2,90144.1,90074.7,90144.1,10508891.822800037
2025-12-13 19:29:59.201000+00:00,2025-12-13 19:15:00+00:00,continuous,90144.1,90152.1,90099.6,90099.7,20441674.76840001
2025-12-13 19:44:59.950000+00:00,2025-12-13 19:30:00+00:00,continuous,90099.6,90195.6,90099.6,90180.3,20126124.552699912
2025-12-13 19:59:59.002000+00:00,2025-12-13 19:45:00+00:00,continuous,90180.3,90186.0,90136.0,90150.9,15088646.468999958
2025-12-13 20:14:58.150000+00:00,2025-12-13 20:00:00+00:00,continuous,90150.8,90187.3,90123.6,90123.6,15127211.77720005
2025-12-13 20:29:59.134000+00:00,2025-12-13 20:15:00+00:00,continuous,90123.7,90123.7,90094.7,90111.8,10534306.564500006
2025-12-13 20:44:58.746000+00:00,2025-12-13 20:30:00+00:00,continuous,90111.8,90137.8,90073.0,90107.9,15891152.358499937
2025-12-13 20:59:59.290000+00:00,2025-12-13 20:45:00+00:00,continuous,90107.8,90156.2,90000.2,90058.4,30238503.021999907
2025-12-13 21:14:59.940000+00:00,2025-12-13 21:00:00+00:00,continuous,90058.5,90076.1,89954.0,89965.5,43341257.52159999
2025-12-13 21:29:59.733000+00:00,2025-12-13 21:15:00+00:00,continuous,89965.5,89994.6,89869.5,89925.9,33319328.10879995
2025-12-13 21:44:59.976000+00:00,2025-12-13 21:30:00+00:00,continuous,89925.8,90039.4,89711.9,90018.0,108172495.01099974
2025-12-13 21:59:59.511000+00:00,2025-12-13 21:45:00+00:00,continuous,90018.0,90150.0,89979.8,90137.8,30227217.715299945
2025-12-13 22:14:59.892000+00:00,2025-12-13 22:00:00+00:00,continuous,90137.9,90227.4,89957.3,90020.7,40608842.48880021
2025-12-13 22:29:59.830000+00:00,2025-12-13 22:15:00+00:00,continuous,90020.6,90098.7,90009.4,90064.5,21221063.20549986
2025-12-13 22:44:59.933000+00:00,2025-12-13 22:30:00+00:00,continuous,90064.5,90215.1,90055.4,90122.6,18423669.616600044
2025-12-13 22:59:59.375000+00:00,2025-12-13 22:45:00+00:00,continuous,90122.7,90174.2,90049.5,90092.4,24569999.71369999
2025-12-13 23:14:58.999000+00:00,2025-12-13 23:00:00+00:00,continuous,90092.3,90149.9,90018.2,90145.1,19597134.717399783
2025-12-13 23:29:59.557000+00:00,2025-12-13 23:15:00+00:00,continuous,90145.0,90178.3,90100.0,90157.7,18103961.308600027
2025-12-13 23:44:59.882000+00:00,2025-12-13 23:30:00+00:00,continuous,90157.7,90224.8,90155.4,90200.7,18252349.83690003
2025-12-13 23:59:59.828000+00:00,2025-12-13 23:45:00+00:00,continuous,90200.7,90248.0,90191.3,90191.3,34849827.443400025
2025-12-14 00:14:59.957000+00:00,2025-12-14 00:00:00+00:00,continuous,90191.3,90244.1,90071.6,90236.5,112628558.06800018
2025-12-14 00:29:59.892000+00:00,2025-12-14 00:15:00+00:00,continuous,90236.4,90287.1,90144.9,90256.2,76506812.49610005
2025-12-14 00:44:59.988000+00:00,2025-12-14 00:30:00+00:00,continuous,90256.1,90430.3,90252.2,90424.0,155457438.40659955
2025-12-14 00:59:59.475000+00:00,2025-12-14 00:45:00+00:00,continuous,90423.9,90440.0,90300.4,90303.5,59096923.68259998
2025-12-14 01:14:59.602000+00:00,2025-12-14 01:00:00+00:00,continuous,90303.6,90380.6,90217.1,90330.1,39935175.66329985
2025-12-14 01:29:59.937000+00:00,2025-12-14 01:15:00+00:00,continuous,90330.0,90402.9,90326.5,90385.1,21036132.008399937
2025-12-14 01:44:59.677000+00:00,2025-12-14 01:30:00+00:00,continuous,90385.1,90405.0,90166.0,90183.8,40069738.98619999
2025-12-14 01:59:58.274000+00:00,2025-12-14 01:45:00+00:00,continuous,90183.8,90256.6,90170.4,90256.6,13262189.420499932
2025-12-14 02:14:59.179000+00:00,2025-12-14 02:00:00+00:00,continuous,90256.5,90309.4,90244.2,90301.4,13041081.425599992
2025-12-14 02:29:59.798000+00:00,2025-12-14 02:15:00+00:00,continuous,90301.3,90330.0,90249.4,90306.5,14329414.705399988
2025-12-14 02:44:59.118000+00:00,2025-12-14 02:30:00+00:00,continuous,90306.5,90349.8,90200.0,90270.4,36999585.08139999
2025-12-14 02:59:58.331000+00:00,2025-12-14 02:45:00+00:00,continuous,90270.4,90276.0,90203.8,90244.9,17227873.821600102
2025-12-14 03:14:59.778000+00:00,2025-12-14 03:00:00+00:00,continuous,90245.0,90262.3,90230.0,90246.6,10340541.393300038
2025-12-14 03:29:59.798000+00:00,2025-12-14 03:15:00+00:00,continuous,90246.5,90255.4,90223.9,90228.2,8356557.143800018
2025-12-14 03:44:58.585000+00:00,2025-12-14 03:30:00+00:00,continuous,90228.2,90240.4,90200.0,90231.3,15349093.501700034
2025-12-14 03:59:56.175000+00:00,2025-12-14 03:45:00+00:00,continuous,90231.3,90234.0,90212.1,90222.3,6098658.720099987
2025-12-14 04:14:59.625000+00:00,2025-12-14 04:00:00+00:00,continuous,90222.4,90260.4,90207.9,90242.2,14773919.143000044
2025-12-14 04:29:59.893000+00:00,2025-12-14 04:15:00+00:00,continuous,90242.2,90284.4,90242.2,90260.8,14137327.116599964
2025-12-14 04:44:59.741000+00:00,2025-12-14 04:30:00+00:00,continuous,90260.8,90300.0,90100.0,90128.5,30229642.820800044
2025-12-14 04:59:59.703000+00:00,2025-12-14 04:45:00+00:00,continuous,90128.4,90179.3,90086.0,90159.3,24834454.51920001
2025-12-14 05:14:59.138000+00:00,2025-12-14 05:00:00+00:00,continuous,90159.3,90159.3,90065.1,90111.9,36138911.599799804
2025-12-14 05:29:59.936000+00:00,2025-12-14 05:15:00+00:00,continuous,90112.0,90112.0,90005.8,90050.3,40741559.76730005
2025-12-14 05:44:59.915000+00:00,2025-12-14 05:30:00+00:00,continuous,90050.4,90120.1,90031.4,90120.1,25913888.598500114
2025-12-14 05:59:59.604000+00:00,2025-12-14 05:45:00+00:00,continuous,90120.1,90185.8,90098.6,90161.0,38131660.098799884
2025-12-14 06:14:58.281000+00:00,2025-12-14 06:00:00+00:00,continuous,90161.1,90190.1,90131.6,90154.5,21310404.0586999
2025-12-14 06:29:59.346000+00:00,2025-12-14 06:15:00+00:00,continuous,90154.5,90202.0,90060.0,90069.6,20240573.87450003
2025-12-14 06:44:59.823000+00:00,2025-12-14 06:30:00+00:00,continuous,90069.7,90160.0,90055.0,90130.2,15989267.797900047
2025-12-14 06:59:59.845000+00:00,2025-12-14 06:45:00+00:00,continuous,90130.3,90139.8,90090.4,90105.0,10287773.525700036
2025-12-14 07:14:59.356000+00:00,2025-12-14 07:00:00+00:00,continuous,90105.1,90115.2,90093.3,90107.9,10183990.125899976
2025-12-14 07:29:59.515000+00:00,2025-12-14 07:15:00+00:00,continuous,90108.0,90108.0,90060.0,90072.0,9127268.388400026
2025-12-14 07:44:59.416000+00:00,2025-12-14 07:30:00+00:00,continuous,90072.1,90104.4,90035.2,90101.9,16183940.853199882
2025-12-14 07:59:59.357000+00:00,2025-12-14 07:45:00+00:00,continuous,90101.9,90235.6,90101.8,90205.1,32292127.407500252
2025-12-14 08:14:59.660000+00:00,2025-12-14 08:00:00+00:00,continuous,90205.1,90240.0,90167.5,90167.5,25353380.3515
2025-12-14 08:29:59.835000+00:00,2025-12-14 08:15:00+00:00,continuous,90167.6,90250.0,90139.6,90142.9,25759696.3804
2025-12-14 08:44:59.994000+00:00,2025-12-14 08:30:00+00:00,continuous,90142.8,90163.9,90123.2,90128.9,13662865.425599985
2025-12-14 08:59:59.351000+00:00,2025-12-14 08:45:00+00:00,continuous,90129.0,90129.0,90064.5,90072.4,20009430.55929997
2025-12-14 09:14:59.122000+00:00,2025-12-14 09:00:00+00:00,continuous,90072.3,90112.3,90028.5,90050.6,32875764.618800078
2025-12-14 09:29:59.540000+00:00,2025-12-14 09:15:00+00:00,continuous,90050.7,90088.4,90022.1,90040.2,20901067.382300045
2025-12-14 09:44:59.873000+00:00,2025-12-14 09:30:00+00:00,continuous,90040.1,90082.4,89939.2,89970.0,78440527.10080017
2025-12-14 09:59:59.969000+00:00,2025-12-14 09:45:00+00:00,continuous,89970.1,90004.3,89970.0,89991.4,39479648.650600046
2025-12-14 10:14:59.993000+00:00,2025-12-14 10:00:00+00:00,continuous,89991.4,90011.9,89740.0,89762.8,85414483.33849989
2025-12-14 10:29:59.955000+00:00,2025-12-14 10:15:00+00:00,continuous,89762.6,90101.0,89760.3,89959.8,101734481.47770016
2025-12-14 10:44:59.799000+00:00,2025-12-14 10:30:00+00:00,continuous,89959.9,89973.7,89825.0,89893.1,52950375.73159987
2025-12-14 10:59:59.865000+00:00,2025-12-14 10:45:00+00:00,continuous,89893.1,89893.1,89794.6,89819.0,68264044.79839987
2025-12-14 11:14:59.949000+00:00,2025-12-14 11:00:00+00:00,continuous,89818.9,89825.0,89419.0,89710.8,372866830.744997
2025-12-14 11:29:59.903000+00:00,2025-12-14 11:15:00+00:00,continuous,89710.8,89737.9,89457.6,89468.9,107776055.74879974
2025-12-14 11:44:59.895000+00:00,2025-12-14 11:30:00+00:00,continuous,89468.8,89580.0,88412.8,88829.8,778896097.4640108
2025-12-14 11:59:59.978000+00:00,2025-12-14 11:45:00+00:00,continuous,88829.8,89389.4,88677.0,89308.2,379298041.9383993
2025-12-14 12:14:59.813000+00:00,2025-12-14 12:00:00+00:00,continuous,89308.3,89433.0,89055.4,89278.8,188190318.92239997
2025-12-14 12:29:59.862000+00:00,2025-12-14 12:15:00+00:00,continuous,89278.8,89529.3,89278.7,89331.9,141218644.4649
2025-12-14 12:44:59.938000+00:00,2025-12-14 12:30:00+00:00,continuous,89331.9,89581.5,89331.9,89548.4,101739987.54289995
2025-12-14 12:59:59.754000+00:00,2025-12-14 12:45:00+00:00,continuous,89548.4,89630.8,89345.7,89382.9,86969519.99220045
2025-12-14 13:14:59.936000+00:00,2025-12-14 13:00:00+00:00,continuous,89382.8,89382.9,89035.1,89200.8,133436251.56530003
2025-12-14 13:29:59.694000+00:00,2025-12-14 13:15:00+00:00,continuous,89200.8,89281.7,89067.7,89227.3,68867200.63959977
2025-12-14 13:44:59.477000+00:00,2025-12-14 13:30:00+00:00,continuous,89227.3,89331.3,89173.7,89226.1,62649050.55159995
2025-12-14 13:59:59.867000+00:00,2025-12-14 13:45:00+00:00,continuous,89226.2,89459.4,89161.2,89450.5,68793367.25560038
2025-12-14 14:14:59.971000+00:00,2025-12-14 14:00:00+00:00,continuous,89450.4,89527.2,89296.0,89299.7,64338399.3502
2025-12-14 14:29:59.749000+00:00,2025-12-14 14:15:00+00:00,continuous,89299.7,89388.6,89165.7,89242.4,74582091.01330023
2025-12-14 14:44:59.921000+00:00,2025-12-14 14:30:00+00:00,continuous,89242.4,89247.0,88878.1,88949.9,175409367.72210154
2025-12-14 14:59:59.791000+00:00,2025-12-14 14:45:00+00:00,continuous,88950.0,89096.3,88838.7,89074.1,127220304.41239965
2025-12-14 15:14:59.898000+00:00,2025-12-14 15:00:00+00:00,continuous,89074.1,89146.6,88891.7,88974.1,80138972.63450027
2025-12-14 15:29:59.446000+00:00,2025-12-14 15:15:00+00:00,continuous,88974.0,89122.2,88831.7,88978.0,75238604.79389988
2025-12-14 15:44:59.886000+00:00,2025-12-14 15:30:00+00:00,continuous,88978.0,89080.0,88906.6,89024.1,55304176.741200075
2025-12-14 15:59:59.840000+00:00,2025-12-14 15:45:00+00:00,continuous,89024.0,89031.7,88938.0,88985.2,36101919.037700005
2025-12-14 16:14:59.552000+00:00,2025-12-14 16:00:00+00:00,continuous,88985.2,89029.5,88908.0,88991.3,61449999.96490022
2025-12-14 16:29:59.779000+00:00,2025-12-14 16:15:00+00:00,continuous,88991.3,89372.8,88951.5,89221.2,102382036.50799975
2025-12-14 16:44:59.924000+00:00,2025-12-14 16:30:00+00:00,continuous,89221.1,89300.0,88705.0,88770.7,149984670.16939965
2025-12-14 16:59:59.976000+00:00,2025-12-14 16:45:00+00:00,continuous,88770.7,88865.9,88435.0,88780.0,340298222.7188007
2025-12-14 17:14:59.994000+00:00,2025-12-14 17:00:00+00:00,continuous,88779.9,88991.4,88551.0,88634.5,159499138.24630004
2025-12-14 17:29:59.834000+00:00,2025-12-14 17:15:00+00:00,continuous,88634.4,88867.9,88560.7,88731.0,70767690.87300001
2025-12-14 17:44:59.354000+00:00,2025-12-14 17:30:00+00:00,continuous,88731.0,88800.0,88606.9,88723.8,62067057.45419983
2025-12-14 17:59:59.791000+00:00,2025-12-14 17:45:00+00:00,continuous,88723.8,88884.1,88634.0,88760.7,66479283.492199846
2025-12-14 18:14:59.999000+00:00,2025-12-14 18:00:00+00:00,continuous,88760.7,88911.0,88681.3,88885.8,56186562.213899925
2025-12-14 18:29:59.657000+00:00,2025-12-14 18:15:00+00:00,continuous,88885.8,89027.7,88666.6,88735.6,103236412.45829968
2025-12-14 18:44:59.528000+00:00,2025-12-14 18:30:00+00:00,continuous,88735.6,88887.9,88735.5,88836.5,38764682.989899874
2025-12-14 18:59:59.052000+00:00,2025-12-14 18:45:00+00:00,continuous,88836.5,88973.8,88775.1,88951.8,40593517.16820009
2025-12-14 19:14:59.290000+00:00,2025-12-14 19:00:00+00:00,continuous,88951.7,88951.8,88590.8,88694.3,90105697.75129968
2025-12-14 19:29:59.419000+00:00,2025-12-14 19:15:00+00:00,continuous,88694.3,88694.3,88432.0,88665.8,127261003.5251991
2025-12-14 19:44:59.437000+00:00,2025-12-14 19:30:00+00:00,continuous,88665.8,88712.6,88480.1,88555.5,56464600.86100005
2025-12-14 19:59:58.894000+00:00,2025-12-14 19:45:00+00:00,continuous,88555.5,88620.5,88448.5,88598.7,45765146.70180013
2025-12-14 20:14:59.838000+00:00,2025-12-14 20:00:00+00:00,continuous,88598.7,88779.1,88272.2,88756.3,204928747.47520125
2025-12-14 20:29:59.863000+00:00,2025-12-14 20:15:00+00:00,continuous,88756.3,88776.5,88580.5,88611.2,72988679.81699982
2025-12-14 20:44:59.633000+00:00,2025-12-14 20:30:00+00:00,continuous,88611.1,88673.7,88515.4,88610.9,44120470.79500014
2025-12-14 20:59:59.959000+00:00,2025-12-14 20:45:00+00:00,continuous,88610.8,88679.9,88455.0,88515.9,51128730.733000286
2025-12-14 21:14:59.882000+00:00,2025-12-14 21:00:00+00:00,continuous,88515.9,88546.3,88392.8,88485.2,55939005.62520013
2025-12-14 21:29:59.785000+00:00,2025-12-14 21:15:00+00:00,continuous,88485.2,88672.1,88484.5,88537.2,38350524.93730002
2025-12-14 21:44:58.586000+00:00,2025-12-14 21:30:00+00:00,continuous,88537.1,88567.6,88447.3,88495.3,53995619.153900124
2025-12-14 21:59:59.913000+00:00,2025-12-14 21:45:00+00:00,continuous,88495.2,88520.3,88300.0,88403.7,73288296.50529979
2025-12-14 22:14:59.948000+00:00,2025-12-14 22:00:00+00:00,continuous,88403.6,88581.9,88403.6,88475.1,53278335.467799924
2025-12-14 22:29:59.238000+00:00,2025-12-14 22:15:00+00:00,continuous,88475.1,88477.3,88310.0,88349.4,39132871.402699895
2025-12-14 22:44:59.532000+00:00,2025-12-14 22:30:00+00:00,continuous,88349.3,88349.3,87920.0,88125.3,306925261.9102988
2025-12-14 22:59:59.938000+00:00,2025-12-14 22:45:00+00:00,continuous,88125.3,88413.0,88083.3,88370.2,81212500.9560002
2025-12-14 23:14:59.886000+00:00,2025-12-14 23:00:00+00:00,continuous,88370.3,88586.8,87923.0,88017.6,169079586.986898
2025-12-14 23:29:59.817000+00:00,2025-12-14 23:15:00+00:00,continuous,88017.6,88200.0,87871.5,87980.6,113347116.76349978
2025-12-14 23:44:59.879000+00:00,2025-12-14 23:30:00+00:00,continuous,87980.5,88070.8,87504.3,88000.0,366495505.20240337
2025-12-14 23:59:59.945000+00:00,2025-12-14 23:45:00+00:00,continuous,88000.0,88299.8,87880.9,88118.8,162821816.03029844
2025-12-15 00:14:59.894000+00:00,2025-12-15 00:00:00+00:00,continuous,88118.8,88449.8,88066.2,88118.8,184820250.56089878
2025-12-15 00:29:59.948000+00:00,2025-12-15 00:15:00+00:00,continuous,88118.8,88563.1,88025.3,88494.0,157649048.3503005
2025-12-15 00:44:59.973000+00:00,2025-12-15 00:30:00+00:00,continuous,88494.1,88656.3,88080.0,88215.3,184472310.59089896
2025-12-15 00:59:59.271000+00:00,2025-12-15 00:45:00+00:00,continuous,88215.4,88456.5,88171.6,88414.9,77730294.77280034
2025-12-15 01:14:59.916000+00:00,2025-12-15 01:00:00+00:00,continuous,88415.0,88573.9,88376.7,88557.3,124265098.74070056
2025-12-15 01:29:59.397000+00:00,2025-12-15 01:15:00+00:00,continuous,88557.4,88722.2,88486.5,88662.6,97380072.12060057
2025-12-15 01:44:59.991000+00:00,2025-12-15 01:30:00+00:00,continuous,88662.7,89258.5,88612.9,89025.6,295935624.98059773
2025-12-15 01:59:59.816000+00:00,2025-12-15 01:45:00+00:00,continuous,89025.5,89291.9,88920.5,89189.1,164629761.77860063
2025-12-15 02:14:59.468000+00:00,2025-12-15 02:00:00+00:00,continuous,89189.0,89606.0,89180.2,89476.2,308031309.55130285
2025-12-15 02:29:59.998000+00:00,2025-12-15 02:15:00+00:00,continuous,89476.2,89972.4,89465.0,89640.3,328038948.3915975
2025-12-15 02:44:59.951000+00:00,2025-12-15 02:30:00+00:00,continuous,89640.5,89670.0,89333.3,89399.9,172773541.64019972
2025-12-15 02:59:59.945000+00:00,2025-12-15 02:45:00+00:00,continuous,89400.0,89415.2,89193.7,89269.5,128067708.90340067
2025-12-15 03:14:59.887000+00:00,2025-12-15 03:00:00+00:00,continuous,89269.5,89391.2,89202.7,89337.3,78900041.89150032
2025-12-15 03:29:59.814000+00:00,2025-12-15 03:15:00+00:00,continuous,89337.4,89497.2,89304.7,89307.3,54334496.26239972
2025-12-15 03:44:59.567000+00:00,2025-12-15 03:30:00+00:00,continuous,89307.3,89352.9,89180.2,89226.9,78047190.0417004
2025-12-15 03:59:59.741000+00:00,2025-12-15 03:45:00+00:00,continuous,89226.9,89318.2,89213.3,89239.9,41460719.07729999
2025-12-15 04:14:59.172000+00:00,2025-12-15 04:00:00+00:00,continuous,89240.0,89503.3,89239.3,89441.4,80466967.13470006
2025-12-15 04:29:58.844000+00:00,2025-12-15 04:15:00+00:00,continuous,89441.4,89549.4,89229.5,89300.1,51056710.549200065
2025-12-15 04:44:59.920000+00:00,2025-12-15 04:30:00+00:00,continuous,89300.2,89632.1,89266.0,89632.0,87567046.80090028
2025-12-15 04:59:59.838000+00:00,2025-12-15 04:45:00+00:00,continuous,89632.1,89750.0,89576.7,89631.2,74850838.16100003
2025-12-15 05:14:59.583000+00:00,2025-12-15 05:00:00+00:00,continuous,89631.3,89637.8,89495.7,89605.1,56576232.40950034
2025-12-15 05:29:59.993000+00:00,2025-12-15 05:15:00+00:00,continuous,89605.0,89713.0,89590.7,89657.3,49953000.33619982
2025-12-15 05:44:59.952000+00:00,2025-12-15 05:30:00+00:00,continuous,89657.2,89666.6,89480.4,89487.7,55694742.72209977
2025-12-15 05:59:59.954000+00:00,2025-12-15 05:45:00+00:00,continuous,89487.8,89579.6,89455.0,89576.9,41472196.46530001
2025-12-15 06:14:59.939000+00:00,2025-12-15 06:00:00+00:00,continuous,89576.9,89587.0,89428.4,89466.1,40582134.96629997
2025-12-15 06:29:59.787000+00:00,2025-12-15 06:15:00+00:00,continuous,89466.0,89555.0,89454.4,89525.6,28617046.175599895
2025-12-15 06:44:59.992000+00:00,2025-12-15 06:30:00+00:00,continuous,89525.5,89621.0,89499.9,89564.4,29903023.243399862
2025-12-15 06:59:59.291000+00:00,2025-12-15 06:45:00+00:00,continuous,89564.3,89880.0,89564.3,89692.8,107827569.87369944
2025-12-15 07:14:59.907000+00:00,2025-12-15 07:00:00+00:00,continuous,89692.9,89787.1,89466.0,89508.4,113629713.0429002
2025-12-15 07:29:59.762000+00:00,2025-12-15 07:15:00+00:00,continuous,89508.3,89600.0,89508.3,89550.2,36112702.535800025
2025-12-15 07:44:59.765000+00:00,2025-12-15 07:30:00+00:00,continuous,89550.1,89698.3,89526.3,89563.0,52920512.04530007
2025-12-15 07:59:59.339000+00:00,2025-12-15 07:45:00+00:00,continuous,89563.0,89775.9,89562.3,89703.0,72851626.8120999
2025-12-15 08:14:59.872000+00:00,2025-12-15 08:00:00+00:00,continuous,89702.9,89777.0,89604.8,89654.5,63743760.64609993
2025-12-15 08:29:59.970000+00:00,2025-12-15 08:15:00+00:00,continuous,89654.6,89856.0,89643.2,89812.5,71912209.02430007
2025-12-15 08:44:59.354000+00:00,2025-12-15 08:30:00+00:00,continuous,89812.5,89853.0,89737.8,89798.3,45238874.88530027
2025-12-15 08:59:59.560000+00:00,2025-12-15 08:45:00+00:00,continuous,89798.2,89813.6,89722.3,89722.3,29323270.65279991
2025-12-15 09:14:59.509000+00:00,2025-12-15 09:00:00+00:00,continuous,89722.3,89888.0,89719.9,89800.0,64268771.99320011
2025-12-15 09:29:59.856000+00:00,2025-12-15 09:15:00+00:00,continuous,89800.0,89885.1,89788.2,89840.5,38909352.513799876
2025-12-15 09:44:59.585000+00:00,2025-12-15 09:30:00+00:00,continuous,89840.6,89865.2,89781.6,89800.0,35233184.97090003
2025-12-15 09:59:59.999000+00:00,2025-12-15 09:45:00+00:00,continuous,89800.0,89940.0,89772.2,89815.6,101250664.23909946
2025-12-15 10:14:59.768000+00:00,2025-12-15 10:00:00+00:00,continuous,89815.7,89882.1,89739.0,89775.7,72989647.28500001
2025-12-15 10:29:59.900000+00:00,2025-12-15 10:15:00+00:00,continuous,89775.8,89880.0,89640.6,89815.4,124818685.28489974
2025-12-15 10:44:59.535000+00:00,2025-12-15 10:30:00+00:00,continuous,89815.4,89940.0,89694.3,89775.9,90374563.94579998
2025-12-15 10:59:59.205000+00:00,2025-12-15 10:45:00+00:00,continuous,89775.9,89843.0,89765.5,89811.5,36030795.959699854
2025-12-15 11:14:59.733000+00:00,2025-12-15 11:00:00+00:00,continuous,89811.6,89861.9,89744.1,89744.1,49091228.854199976
2025-12-15 11:29:59.143000+00:00,2025-12-15 11:15:00+00:00,continuous,89744.1,89768.9,89726.6,89752.0,45688972.969100185
2025-12-15 11:44:59.911000+00:00,2025-12-15 11:30:00+00:00,continuous,89752.0,89782.2,89525.0,89537.1,105597049.44670007
2025-12-15 11:59:59.984000+00:00,2025-12-15 11:45:00+00:00,continuous,89537.0,89664.9,89533.5,89606.0,83874998.32639991
2025-12-15 12:14:59.745000+00:00,2025-12-15 12:00:00+00:00,continuous,89606.0,89609.0,89384.5,89423.5,159683944.5043997
2025-12-15 12:29:59.675000+00:00,2025-12-15 12:15:00+00:00,continuous,89423.4,89601.2,89423.4,89534.4,82734051.63100037
2025-12-15 12:44:59.980000+00:00,2025-12-15 12:30:00+00:00,continuous,89534.5,89728.8,89530.8,89711.6,82976495.60769986
2025-12-15 12:59:59.830000+00:00,2025-12-15 12:45:00+00:00,continuous,89711.5,89711.6,89582.8,89657.8,61133408.05899967
2025-12-15 13:14:59.804000+00:00,2025-12-15 13:00:00+00:00,continuous,89657.9,89699.0,89422.0,89528.5,102016298.11349988
2025-12-15 13:29:59.999000+00:00,2025-12-15 13:15:00+00:00,continuous,89528.5,89548.4,89319.6,89418.2,128068683.05770116
2025-12-15 13:44:59.908000+00:00,2025-12-15 13:30:00+00:00,continuous,89418.3,89481.6,89230.2,89438.1,152850933.23510104
2025-12-15 13:59:59.862000+00:00,2025-12-15 13:45:00+00:00,continuous,89438.2,89547.7,89388.0,89388.0,68109812.63010004
2025-12-15 14:14:59.662000+00:00,2025-12-15 14:00:00+00:00,continuous,89388.1,89622.0,89372.1,89569.8,70269178.17560007
2025-12-15 14:29:59.807000+00:00,2025-12-15 14:15:00+00:00,continuous,89569.8,89675.9,89291.3,89352.9,117090988.44909926
2025-12-15 14:44:59.942000+00:00,2025-12-15 14:30:00+00:00,continuous,89353.0,89845.0,89012.3,89221.2,533272581.72769403
2025-12-15 14:59:59.897000+00:00,2025-12-15 14:45:00+00:00,continuous,89221.2,89311.8,87800.0,88004.3,1154992454.5883994
2025-12-15 15:14:59.908000+00:00,2025-12-15 15:00:00+00:00,continuous,88004.3,88179.4,87322.9,87438.0,1009739839.9039932
2025-12-15 15:29:59.998000+00:00,2025-12-15 15:15:00+00:00,continuous,87438.0,87464.9,86630.0,86831.5,1074943432.881103
2025-12-15 15:44:59.983000+00:00,2025-12-15 15:30:00+00:00,continuous,86832.0,87175.0,86563.6,87170.7,654470380.7642053
2025-12-15 15:59:59.845000+00:00,2025-12-15 15:45:00+00:00,continuous,87170.8,87344.0,86692.1,86996.6,479209210.3408019
2025-12-15 16:14:59.969000+00:00,2025-12-15 16:00:00+00:00,continuous,86996.5,87189.9,86737.2,86844.0,294028408.89540297
2025-12-15 16:29:59.831000+00:00,2025-12-15 16:15:00+00:00,continuous,86843.9,87100.0,86802.9,86870.3,171933078.59290013
2025-12-15 16:44:59.885000+00:00,2025-12-15 16:30:00+00:00,continuous,86870.2,86913.4,86000.0,86288.4,787561267.352795
2025-12-15 16:59:59.976000+00:00,2025-12-15 16:45:00+00:00,continuous,86288.3,86482.2,86102.1,86360.6,283913463.86239904
2025-12-15 17:14:59.820000+00:00,2025-12-15 17:00:00+00:00,continuous,86360.5,86487.2,86165.6,86188.9,189746125.34820098
2025-12-15 17:29:59.902000+00:00,2025-12-15 17:15:00+00:00,continuous,86188.9,86341.1,86055.0,86162.1,189306164.8564991
2025-12-15 17:44:59.994000+00:00,2025-12-15 17:30:00+00:00,continuous,86162.2,86225.3,85661.7,85806.5,545615890.7726991
2025-12-15 17:59:59.877000+00:00,2025-12-15 17:45:00+00:00,continuous,85806.5,85952.3,85560.0,85734.3,252672698.2378018
2025-12-15 18:14:59.983000+00:00,2025-12-15 18:00:00+00:00,continuous,85734.2,85942.2,85561.2,85849.5,225686383.21219888
2025-12-15 18:29:59.912000+00:00,2025-12-15 18:15:00+00:00,continuous,85849.5,85910.2,85500.4,85558.1,158392021.95379978
2025-12-15 18:44:59.861000+00:00,2025-12-15 18:30:00+00:00,continuous,85558.1,85885.2,85073.0,85715.7,550966607.4412023
2025-12-15 18:59:59.879000+00:00,2025-12-15 18:45:00+00:00,continuous,85715.7,86240.8,85669.1,86142.7,370527188.0559984
2025-12-15 19:14:59.982000+00:00,2025-12-15 19:00:00+00:00,continuous,86142.7,86521.2,85908.1,85937.1,388425717.8472024
2025-12-15 19:29:59.823000+00:00,2025-12-15 19:15:00+00:00,continuous,85937.2,86333.0,85833.4,86079.7,224572947.91959888
2025-12-15 19:44:59.993000+00:00,2025-12-15 19:30:00+00:00,continuous,86079.7,86299.9,86064.2,86160.6,85777686.11619978
2025-12-15 19:59:59.817000+00:00,2025-12-15 19:45:00+00:00,continuous,86160.5,86220.0,85930.2,86104.2,119731579.18390028
2025-12-15 20:14:59.813000+00:00,2025-12-15 20:00:00+00:00,continuous,86104.2,86155.9,85695.6,85719.3,203943475.21429905
2025-12-15 20:29:59.852000+00:00,2025-12-15 20:15:00+00:00,continuous,85719.3,85850.0,85574.7,85712.8,173109320.99089983
2025-12-15 20:44:59.778000+00:00,2025-12-15 20:30:00+00:00,continuous,85712.8,86057.6,85682.0,85892.9,134816655.5281995
2025-12-15 20:59:59.802000+00:00,2025-12-15 20:45:00+00:00,continuous,85893.0,85951.7,85735.0,85763.2,111114178.11360005
2025-12-15 21:14:59.907000+00:00,2025-12-15 21:00:00+00:00,continuous,85756.9,85785.5,85489.7,85594.1,185057702.20499957
2025-12-15 21:29:59.971000+00:00,2025-12-15 21:15:00+00:00,continuous,85594.1,86139.0,85542.3,86042.6,177897788.40569985
2025-12-15 21:44:59.667000+00:00,2025-12-15 21:30:00+00:00,continuous,86042.5,86144.0,85953.3,85985.0,94166300.42839955
2025-12-15 21:59:59.978000+00:00,2025-12-15 21:45:00+00:00,continuous,85985.0,86275.0,85975.1,86209.6,91283536.24339966
2025-12-15 22:14:59.935000+00:00,2025-12-15 22:00:00+00:00,continuous,86209.7,86210.8,85958.6,86014.2,62225927.95020011
2025-12-15 22:29:59.794000+00:00,2025-12-15 22:15:00+00:00,continuous,86014.3,86052.4,85781.4,85981.3,59556781.54359992
2025-12-15 22:44:59.853000+00:00,2025-12-15 22:30:00+00:00,continuous,85981.2,86082.3,85904.3,86008.1,41329873.57870029
2025-12-15 22:59:59.751000+00:00,2025-12-15 22:45:00+00:00,continuous,86008.0,86235.5,85932.8,86228.8,51929579.77519999
2025-12-15 23:14:59.867000+00:00,2025-12-15 23:00:00+00:00,continuous,86228.8,86437.1,86149.8,86400.9,126214244.2275006
2025-12-15 23:29:59.890000+00:00,2025-12-15 23:15:00+00:00,continuous,86400.9,86401.0,86069.0,86185.8,95850748.54270016
2025-12-15 23:44:59.753000+00:00,2025-12-15 23:30:00+00:00,continuous,86185.8,86428.0,86152.4,86421.1,55696690.875900164
2025-12-15 23:59:59.914000+00:00,2025-12-15 23:45:00+00:00,continuous,86421.1,86422.1,86290.2,86389.9,62349553.56489998
2025-12-16 00:14:59.424000+00:00,2025-12-16 00:00:00+00:00,continuous,86390.0,86478.6,86237.0,86275.4,115087258.43240008
2025-12-16 00:29:59.900000+00:00,2025-12-16 00:15:00+00:00,continuous,86275.5,86372.8,86102.6,86306.1,55921399.10019992
2025-12-16 00:44:59.948000+00:00,2025-12-16 00:30:00+00:00,continuous,86306.2,86309.9,86042.8,86093.7,74008811.86820038
2025-12-16 00:59:59.880000+00:00,2025-12-16 00:45:00+00:00,continuous,86093.6,86093.7,85802.1,85821.1,127215337.57919988
2025-12-16 01:14:59.892000+00:00,2025-12-16 01:00:00+00:00,continuous,85821.1,86135.6,85681.9,86063.2,100181666.66820002
2025-12-16 01:29:59.956000+00:00,2025-12-16 01:15:00+00:00,continuous,86063.1,86112.3,85820.5,85866.6,72172156.9501998
2025-12-16 01:44:59.571000+00:00,2025-12-16 01:30:00+00:00,continuous,85866.5,85998.7,85625.3,85794.3,113378809.60130012
2025-12-16 01:59:59.941000+00:00,2025-12-16 01:45:00+00:00,continuous,85794.2,85901.9,85689.1,85850.1,56966087.912099786
2025-12-16 02:14:59.921000+00:00,2025-12-16 02:00:00+00:00,continuous,85850.0,85998.0,85800.0,85941.6,61175227.488400035
2025-12-16 02:29:59.411000+00:00,2025-12-16 02:15:00+00:00,continuous,85941.6,86188.0,85846.8,86165.9,62739197.74549981
2025-12-16 02:44:59.970000+00:00,2025-12-16 02:30:00+00:00,continuous,86165.9,86186.1,86020.7,86083.0,47009654.95400008
2025-12-16 02:59:59.695000+00:00,2025-12-16 02:45:00+00:00,continuous,86082.9,86116.0,85762.8,85901.6,74003109.91960005
2025-12-16 03:14:59.833000+00:00,2025-12-16 03:00:00+00:00,continuous,85901.7,85979.9,85641.8,85692.8,108211323.24260022
2025-12-16 03:29:59.999000+00:00,2025-12-16 03:15:00+00:00,continuous,85692.9,85760.0,85555.5,85665.3,129435324.19979984
2025-12-16 03:44:59.887000+00:00,2025-12-16 03:30:00+00:00,continuous,85665.2,85793.1,85340.1,85740.1,189820391.08160192
2025-12-16 03:59:59.888000+00:00,2025-12-16 03:45:00+00:00,continuous,85740.2,85844.7,85740.2,85837.7,54537680.166400306
2025-12-16 04:14:59.638000+00:00,2025-12-16 04:00:00+00:00,continuous,85837.6,85887.8,85747.2,85751.3,48093550.42659991
2025-12-16 04:29:59.957000+00:00,2025-12-16 04:15:00+00:00,continuous,85751.3,85770.8,85581.8,85604.0,61346327.3135001
2025-12-16 04:44:59.960000+00:00,2025-12-16 04:30:00+00:00,continuous,85603.9,85647.2,85429.2,85614.2,60762600.9706
2025-12-16 04:59:59.896000+00:00,2025-12-16 04:45:00+00:00,continuous,85614.3,85812.8,85226.0,85799.9,165292487.46890023
2025-12-16 05:14:59.992000+00:00,2025-12-16 05:00:00+00:00,continuous,85799.9,85947.0,85759.0,85814.9,92259719.88260044
2025-12-16 05:29:59.895000+00:00,2025-12-16 05:15:00+00:00,continuous,85815.0,85959.7,85800.0,85938.9,50076845.484799825
2025-12-16 05:44:59.575000+00:00,2025-12-16 05:30:00+00:00,continuous,85939.0,86061.5,85900.0,86037.1,69129752.77160017
2025-12-16 05:59:59.596000+00:00,2025-12-16 05:45:00+00:00,continuous,86037.1,86171.1,85914.4,85983.8,148882602.03240025
2025-12-16 06:14:59.977000+00:00,2025-12-16 06:00:00+00:00,continuous,85983.8,86254.2,85983.8,86185.7,89171166.91459934
2025-12-16 06:29:59.990000+00:00,2025-12-16 06:15:00+00:00,continuous,86185.7,86422.8,86185.6,86369.9,73462059.32680015
2025-12-16 06:44:59.990000+00:00,2025-12-16 06:30:00+00:00,continuous,86370.0,86408.9,86312.2,86348.6,47184709.67129995
2025-12-16 06:59:59.793000+00:00,2025-12-16 06:45:00+00:00,continuous,86348.6,86575.8,86348.6,86458.0,98331298.25070044
2025-12-16 07:14:59.899000+00:00,2025-12-16 07:00:00+00:00,continuous,86458.1,86577.0,86276.5,86288.0,151213283.57590002
2025-12-16 07:29:59.892000+00:00,2025-12-16 07:15:00+00:00,continuous,86287.9,86346.0,86034.3,86180.1,100874308.78709956
2025-12-16 07:44:59.982000+00:00,2025-12-16 07:30:00+00:00,continuous,86180.1,86195.1,85840.0,85846.5,118619367.32699978
2025-12-16 07:59:59.646000+00:00,2025-12-16 07:45:00+00:00,continuous,85846.4,86069.2,85807.6,85964.8,113538472.80359977
2025-12-16 08:14:59.935000+00:00,2025-12-16 08:00:00+00:00,continuous,85964.9,86184.5,85874.6,86117.4,82951077.44940004
2025-12-16 08:29:59.960000+00:00,2025-12-16 08:15:00+00:00,continuous,86117.3,86245.6,85988.2,86228.3,63823299.16759983
2025-12-16 08:44:59.969000+00:00,2025-12-16 08:30:00+00:00,continuous,86228.2,86234.5,86038.5,86234.5,48104587.91069986
2025-12-16 08:59:59.532000+00:00,2025-12-16 08:45:00+00:00,continuous,86234.5,86343.4,86172.0,86236.5,54743109.87400004
2025-12-16 09:14:59.911000+00:00,2025-12-16 09:00:00+00:00,continuous,86236.5,86326.4,86208.7,86291.9,43337347.24690002
2025-12-16 09:29:59.892000+00:00,2025-12-16 09:15:00+00:00,continuous,86292.0,86377.0,86151.4,86228.3,70980571.50019965
2025-12-16 09:44:59.657000+00:00,2025-12-16 09:30:00+00:00,continuous,86228.3,86377.8,86189.0,86326.3,39131464.43629998
2025-12-16 09:59:59.209000+00:00,2025-12-16 09:45:00+00:00,continuous,86326.3,86392.0,86208.0,86307.6,45694268.741299935
2025-12-16 10:14:59.529000+00:00,2025-12-16 10:00:00+00:00,continuous,86307.7,86431.4,86230.6,86413.7,55024899.29709979
2025-12-16 10:29:59.946000+00:00,2025-12-16 10:15:00+00:00,continuous,86413.7,86470.0,86309.1,86364.4,44349296.39940007
2025-12-16 10:44:59.993000+00:00,2025-12-16 10:30:00+00:00,continuous,86364.4,87287.9,86344.0,87100.4,376484241.6826991
2025-12-16 10:59:59.775000+00:00,2025-12-16 10:45:00+00:00,continuous,87100.3,87299.7,86808.4,86932.1,296257433.8094013
2025-12-16 11:14:59.976000+00:00,2025-12-16 11:00:00+00:00,continuous,86932.1,87015.0,86766.0,86941.8,98027556.10449965
2025-12-16 11:29:59.797000+00:00,2025-12-16 11:15:00+00:00,continuous,86941.8,87104.6,86909.1,87104.2,82069658.91619971
2025-12-16 11:44:59.947000+00:00,2025-12-16 11:30:00+00:00,continuous,87104.3,87279.7,87000.0,87058.6,126555658.2633003
2025-12-16 11:59:59.606000+00:00,2025-12-16 11:45:00+00:00,continuous,87058.7,87295.8,86955.7,87216.6,107880968.44619991
2025-12-16 12:14:59.940000+00:00,2025-12-16 12:00:00+00:00,continuous,87216.6,87295.0,87156.9,87192.0,79712223.53040022
2025-12-16 12:29:59.813000+00:00,2025-12-16 12:15:00+00:00,continuous,87191.9,87245.3,87060.0,87107.3,76520835.10219994
2025-12-16 12:44:59.872000+00:00,2025-12-16 12:30:00+00:00,continuous,87107.2,87212.6,87023.2,87212.3,65832531.32440008
2025-12-16 12:59:59.810000+00:00,2025-12-16 12:45:00+00:00,continuous,87212.4,87450.0,87081.1,87161.9,129007054.951299
2025-12-16 13:14:59.963000+00:00,2025-12-16 13:00:00+00:00,continuous,87161.8,87250.0,87011.6,87176.3,102138394.79829955
2025-12-16 13:29:59.968000+00:00,2025-12-16 13:15:00+00:00,continuous,87176.4,87530.2,87163.0,87326.6,217427505.28759977
2025-12-16 13:44:59.980000+00:00,2025-12-16 13:30:00+00:00,continuous,87326.6,87776.3,86721.9,86892.7,724139172.6839907
2025-12-16 13:59:59.993000+00:00,2025-12-16 13:45:00+00:00,continuous,86892.4,87087.0,86365.8,86410.4,453213466.82370144
2025-12-16 14:14:59.858000+00:00,2025-12-16 14:00:00+00:00,continuous,86410.5,86930.3,86055.9,86823.1,481099327.35240334
2025-12-16 14:29:59.848000+00:00,2025-12-16 14:15:00+00:00,continuous,86823.2,87050.3,86741.3,86901.0,188558369.16710034
2025-12-16 14:44:59.831000+00:00,2025-12-16 14:30:00+00:00,continuous,86900.9,87358.0,86868.1,87066.4,392259818.91130024
2025-12-16 14:59:59.988000+00:00,2025-12-16 14:45:00+00:00,continuous,87066.5,87740.0,86765.2,87257.2,473800814.2093033
2025-12-16 15:14:59.945000+00:00,2025-12-16 15:00:00+00:00,continuous,87257.3,87444.0,86913.0,87188.3,260306197.8429006
2025-12-16 15:29:59.835000+00:00,2025-12-16 15:15:00+00:00,continuous,87188.2,87232.6,86783.8,87128.3,262462674.0672007
2025-12-16 15:44:59.977000+00:00,2025-12-16 15:30:00+00:00,continuous,87128.3,87322.1,87003.6,87282.5,177491976.10660163
2025-12-16 15:59:59.931000+00:00,2025-12-16 15:45:00+00:00,continuous,87282.6,88143.9,87189.9,87936.3,638270182.1265908
2025-12-16 16:14:59.962000+00:00,2025-12-16 16:00:00+00:00,continuous,87936.3,87952.0,87568.8,87709.3,246244929.8582025
2025-12-16 16:29:59.851000+00:00,2025-12-16 16:15:00+00:00,continuous,87709.3,88012.5,87474.6,87801.1,253595022.22599965
2025-12-16 16:44:59.691000+00:00,2025-12-16 16:30:00+00:00,continuous,87801.1,87894.0,87340.0,87490.0,246082480.5765008
2025-12-16 16:59:58.996000+00:00,2025-12-16 16:45:00+00:00,continuous,87490.0,87719.8,87410.1,87539.0,106833765.54699959
2025-12-16 17:14:59.985000+00:00,2025-12-16 17:00:00+00:00,continuous,87539.1,87795.4,87466.5,87721.1,103242570.55300008
2025-12-16 17:29:59.862000+00:00,2025-12-16 17:15:00+00:00,continuous,87721.2,87803.1,87223.9,87299.6,131379566.53160004
2025-12-16 17:44:59.412000+00:00,2025-12-16 17:30:00+00:00,continuous,87299.6,87465.5,87091.3,87187.0,127510655.60720006
2025-12-16 17:59:59.669000+00:00,2025-12-16 17:45:00+00:00,continuous,87187.0,87230.1,87050.0,87087.7,90269902.91320093
2025-12-16 18:14:59.832000+00:00,2025-12-16 18:00:00+00:00,continuous,87087.7,87500.0,87015.8,87438.6,152040155.0619009
2025-12-16 18:29:59.904000+00:00,2025-12-16 18:15:00+00:00,continuous,87438.7,87487.4,87229.8,87351.9,79792613.6044
2025-12-16 18:44:59.697000+00:00,2025-12-16 18:30:00+00:00,continuous,87351.9,87911.0,87351.9,87863.4,210167907.53649968
2025-12-16 18:59:59.842000+00:00,2025-12-16 18:45:00+00:00,continuous,87863.3,87980.0,87658.3,87741.3,124467496.7754009
2025-12-16 19:14:59.914000+00:00,2025-12-16 19:00:00+00:00,continuous,87741.3,87750.0,87282.6,87289.0,112173235.21509977
2025-12-16 19:29:59.737000+00:00,2025-12-16 19:15:00+00:00,continuous,87289.1,87407.1,87245.2,87399.3,132357923.99839935
2025-12-16 19:44:59.910000+00:00,2025-12-16 19:30:00+00:00,continuous,87399.2,87580.0,87321.8,87529.2,75022978.91450033
2025-12-16 19:59:59.815000+00:00,2025-12-16 19:45:00+00:00,continuous,87529.3,87760.6,87488.4,87538.7,88315155.5279998
2025-12-16 20:14:59.784000+00:00,2025-12-16 20:00:00+00:00,continuous,87538.7,87650.4,87397.1,87429.1,84957845.60960037
2025-12-16 20:29:59.939000+00:00,2025-12-16 20:15:00+00:00,continuous,87429.0,87586.9,87297.9,87509.3,45294071.991999954
2025-12-16 20:44:59.917000+00:00,2025-12-16 20:30:00+00:00,continuous,87509.4,87775.4,87473.5,87739.2,57654685.78549992
2025-12-16 20:59:59.978000+00:00,2025-12-16 20:45:00+00:00,continuous,87739.2,87809.8,87531.6,87533.7,85806268.98890014
2025-12-16 21:14:59.648000+00:00,2025-12-16 21:00:00+00:00,continuous,87533.6,87678.5,87455.5,87617.3,47952506.526399985
2025-12-16 21:29:58.971000+00:00,2025-12-16 21:15:00+00:00,continuous,87617.3,87720.1,87576.4,87660.6,36449726.25969993
2025-12-16 21:44:57.635000+00:00,2025-12-16 21:30:00+00:00,continuous,87660.6,87880.6,87660.6,87843.7,62834285.281199835
2025-12-16 21:59:59.513000+00:00,2025-12-16 21:45:00+00:00,continuous,87843.7,87874.4,87672.1,87728.6,61074865.345800124
2025-12-16 22:14:59.783000+00:00,2025-12-16 22:00:00+00:00,continuous,87728.6,87855.4,87600.2,87609.5,33424064.45069978
2025-12-16 22:29:59.897000+00:00,2025-12-16 22:15:00+00:00,continuous,87609.5,87844.0,87609.5,87843.9,39837368.37090003
2025-12-16 22:44:59.900000+00:00,2025-12-16 22:30:00+00:00,continuous,87844.0,87900.0,87788.0,87813.9,34108245.22969989
2025-12-16 22:59:58.106000+00:00,2025-12-16 22:45:00+00:00,continuous,87813.6,87815.6,87688.8,87753.6,35737098.84020001
2025-12-16 23:14:59.894000+00:00,2025-12-16 23:00:00+00:00,continuous,87753.6,87792.0,87626.0,87692.8,55647478.05540009
2025-12-16 23:29:59.587000+00:00,2025-12-16 23:15:00+00:00,continuous,87692.7,87800.0,87557.3,87623.8,39990753.176999874
2025-12-16 23:44:58.834000+00:00,2025-12-16 23:30:00+00:00,continuous,87623.9,87769.7,87608.5,87769.6,25809581.021599934
2025-12-16 23:59:58.893000+00:00,2025-12-16 23:45:00+00:00,continuous,87769.7,87835.3,87689.7,87826.3,47689864.96669998
2025-12-17 00:14:59.897000+00:00,2025-12-17 00:00:00+00:00,continuous,87826.3,87826.3,87490.6,87500.8,92688496.5646999
2025-12-17 00:29:59.609000+00:00,2025-12-17 00:15:00+00:00,continuous,87500.9,87605.6,87437.4,87457.5,75499443.80990003
2025-12-17 00:44:59.497000+00:00,2025-12-17 00:30:00+00:00,continuous,87457.6,87537.7,87371.7,87402.8,48124807.73499998
2025-12-17 00:59:59.616000+00:00,2025-12-17 00:45:00+00:00,continuous,87402.8,87529.0,87402.8,87499.3,36205373.66190003
2025-12-17 01:14:59.668000+00:00,2025-12-17 01:00:00+00:00,continuous,87499.3,87650.0,87499.2,87553.4,52511612.68829967
2025-12-17 01:29:58.834000+00:00,2025-12-17 01:15:00+00:00,continuous,87553.5,87925.8,87553.5,87731.3,116419178.66260013
2025-12-17 01:44:59.913000+00:00,2025-12-17 01:30:00+00:00,continuous,87731.2,87849.6,87534.4,87535.3,51758250.363199994
2025-12-17 01:59:59.971000+00:00,2025-12-17 01:45:00+00:00,continuous,87535.4,87628.1,87439.8,87518.0,55459579.29929996
2025-12-17 02:14:59.685000+00:00,2025-12-17 02:00:00+00:00,continuous,87517.9,87558.5,87206.0,87241.0,91575964.6800998
2025-12-17 02:29:59.936000+00:00,2025-12-17 02:15:00+00:00,continuous,87241.0,87359.2,87150.0,87293.5,85595634.45310013
2025-12-17 02:44:58.868000+00:00,2025-12-17 02:30:00+00:00,continuous,87293.4,87372.0,87187.4,87365.6,65692534.29810019
2025-12-17 02:59:59.661000+00:00,2025-12-17 02:45:00+00:00,continuous,87365.6,87525.6,87335.4,87452.7,52485542.21239957
2025-12-17 03:14:59.995000+00:00,2025-12-17 03:00:00+00:00,continuous,87452.7,87577.3,87388.0,87388.0,50700626.14939998
2025-12-17 03:29:59.831000+00:00,2025-12-17 03:15:00+00:00,continuous,87388.1,87450.0,87288.0,87310.9,33460447.50829997
2025-12-17 03:44:59.977000+00:00,2025-12-17 03:30:00+00:00,continuous,87310.9,87351.3,87160.0,87227.9,73361610.44829996
2025-12-17 03:59:59.851000+00:00,2025-12-17 03:45:00+00:00,continuous,87227.9,87260.3,87104.2,87178.1,39412015.25560002
2025-12-17 04:14:59.892000+00:00,2025-12-17 04:00:00+00:00,continuous,87178.2,87360.8,87178.1,87288.4,38523963.62539994
2025-12-17 04:29:59.955000+00:00,2025-12-17 04:15:00+00:00,continuous,87288.3,87292.8,86930.0,87014.7,146085769.85529995
2025-12-17 04:44:59.554000+00:00,2025-12-17 04:30:00+00:00,continuous,87014.7,87076.3,86802.9,86833.5,119905869.49359994
2025-12-17 04:59:59.826000+00:00,2025-12-17 04:45:00+00:00,continuous,86833.6,86845.0,86675.4,86716.7,126427193.51739949
2025-12-17 05:14:59.785000+00:00,2025-12-17 05:00:00+00:00,continuous,86716.8,86726.9,86383.3,86591.5,233035593.22980052
2025-12-17 05:29:59.932000+00:00,2025-12-17 05:15:00+00:00,continuous,86591.5,86653.6,86158.4,86384.1,229196184.39010012
2025-12-17 05:44:59.959000+00:00,2025-12-17 05:30:00+00:00,continuous,86384.1,86487.3,86188.0,86456.2,137775728.0433996
2025-12-17 05:59:59.902000+00:00,2025-12-17 05:45:00+00:00,continuous,86456.1,86701.3,86413.0,86595.0,119784177.4327997
2025-12-17 06:14:59.933000+00:00,2025-12-17 06:00:00+00:00,continuous,86595.0,86972.7,86554.7,86839.9,206338012.44609907
2025-12-17 06:29:59.308000+00:00,2025-12-17 06:15:00+00:00,continuous,86839.8,86952.1,86781.0,86839.1,57822190.50760019
2025-12-17 06:44:59.774000+00:00,2025-12-17 06:30:00+00:00,continuous,86839.1,86900.0,86708.8,86769.4,113818193.06269938
2025-12-17 06:59:59.082000+00:00,2025-12-17 06:45:00+00:00,continuous,86769.4,86784.1,86680.6,86735.5,46956334.3443999
2025-12-17 07:14:59.434000+00:00,2025-12-17 07:00:00+00:00,continuous,86735.5,86894.6,86611.0,86622.3,77785298.41479975
2025-12-17 07:29:59.910000+00:00,2025-12-17 07:15:00+00:00,continuous,86622.3,86717.8,86555.5,86699.9,54621242.98309997
2025-12-17 07:44:59.991000+00:00,2025-12-17 07:30:00+00:00,continuous,86699.9,87164.2,86687.8,86975.6,197041896.09559909
2025-12-17 07:59:59.857000+00:00,2025-12-17 07:45:00+00:00,continuous,86975.7,87058.2,86894.8,87010.4,67708583.41319998
2025-12-17 08:14:59.905000+00:00,2025-12-17 08:00:00+00:00,continuous,87010.4,87010.4,86763.6,86763.7,66276363.96289967
2025-12-17 08:29:59.921000+00:00,2025-12-17 08:15:00+00:00,continuous,86763.6,86793.4,86420.9,86480.1,113919263.48519954
2025-12-17 08:44:59.789000+00:00,2025-12-17 08:30:00+00:00,continuous,86480.1,86550.0,86339.1,86459.1,107700923.57929999
2025-12-17 08:59:59.112000+00:00,2025-12-17 08:45:00+00:00,continuous,86459.1,86459.1,86286.0,86366.0,76649007.74810024
2025-12-17 09:14:59.871000+00:00,2025-12-17 09:00:00+00:00,continuous,86366.1,86479.7,86310.7,86452.4,101657219.76569961
2025-12-17 09:29:59.926000+00:00,2025-12-17 09:15:00+00:00,continuous,86452.4,86573.9,86245.3,86304.1,121218401.20270053
2025-12-17 09:44:59.627000+00:00,2025-12-17 09:30:00+00:00,continuous,86304.0,86437.8,86222.7,86415.2,82672782.26300003
2025-12-17 09:59:59.892000+00:00,2025-12-17 09:45:00+00:00,continuous,86415.2,86449.4,86369.0,86386.1,28004551.203700148
2025-12-17 10:14:59.992000+00:00,2025-12-17 10:00:00+00:00,continuous,86386.1,86719.1,86201.0,86640.1,98133502.97240013
2025-12-17 10:29:59.827000+00:00,2025-12-17 10:15:00+00:00,continuous,86640.0,86710.5,86485.9,86535.3,74180645.99169981
2025-12-17 10:44:59.916000+00:00,2025-12-17 10:30:00+00:00,continuous,86535.3,86785.9,86451.6,86684.2,94116083.7877003
2025-12-17 10:59:59.221000+00:00,2025-12-17 10:45:00+00:00,continuous,86684.2,86810.0,86510.2,86587.1,73377986.32360041
2025-12-17 11:14:59.537000+00:00,2025-12-17 11:00:00+00:00,continuous,86587.0,86822.0,86523.2,86810.0,56932741.39479988
2025-12-17 11:29:59.923000+00:00,2025-12-17 11:15:00+00:00,continuous,86809.9,86867.9,86734.7,86760.9,47736921.99509981
2025-12-17 11:44:59.815000+00:00,2025-12-17 11:30:00+00:00,continuous,86760.9,86898.0,86742.2,86863.5,43245367.907100044
2025-12-17 11:59:59.447000+00:00,2025-12-17 11:45:00+00:00,continuous,86863.4,87100.0,86812.4,86939.3,155208360.88740033
2025-12-17 12:14:59.908000+00:00,2025-12-17 12:00:00+00:00,continuous,86939.2,87189.6,86939.2,87109.9,173153044.02429932
2025-12-17 12:29:59.783000+00:00,2025-12-17 12:15:00+00:00,continuous,87109.9,87124.9,86949.0,87048.0,94133238.07879989
2025-12-17 12:44:59.919000+00:00,2025-12-17 12:30:00+00:00,continuous,87047.9,87062.9,86797.3,86811.0,118531160.08229943
2025-12-17 12:59:59.699000+00:00,2025-12-17 12:45:00+00:00,continuous,86811.0,87060.0,86776.7,86984.0,90156850.31050043
2025-12-17 13:14:59.850000+00:00,2025-12-17 13:00:00+00:00,continuous,86984.0,87317.6,86850.0,86857.0,161067205.75450027
2025-12-17 13:29:59.640000+00:00,2025-12-17 13:15:00+00:00,continuous,86856.9,87071.9,86768.8,87055.7,103184575.64899999
2025-12-17 13:44:59.957000+00:00,2025-12-17 13:30:00+00:00,continuous,87055.7,87363.9,87020.3,87329.3,129918206.14930001
2025-12-17 13:59:59.985000+00:00,2025-12-17 13:45:00+00:00,continuous,87329.0,87838.5,87306.2,87579.0,393126197.95070696
2025-12-17 14:14:59.957000+00:00,2025-12-17 14:00:00+00:00,continuous,87579.0,87711.6,87427.2,87540.4,165608851.5517015
2025-12-17 14:29:59.999000+00:00,2025-12-17 14:15:00+00:00,continuous,87540.5,87862.0,87540.5,87672.9,165136522.91700032
2025-12-17 14:44:59.996000+00:00,2025-12-17 14:30:00+00:00,continuous,87673.0,87880.0,87324.1,87456.6,358746577.67299837
2025-12-17 14:59:59.972000+00:00,2025-12-17 14:45:00+00:00,continuous,87456.2,89665.1,87099.5,89633.9,1685658268.3151405
2025-12-17 15:14:59.988000+00:00,2025-12-17 15:00:00+00:00,continuous,89634.0,90363.2,89372.6,90153.2,1418835057.4465888
2025-12-17 15:29:59.961000+00:00,2025-12-17 15:15:00+00:00,continuous,90153.1,90270.9,89600.0,89887.6,489888499.02910525
2025-12-17 15:44:59.997000+00:00,2025-12-17 15:30:00+00:00,continuous,89887.7,90050.0,88504.0,88679.0,754015686.4542121
2025-12-17 15:59:59.997000+00:00,2025-12-17 15:45:00+00:00,continuous,88678.9,88755.5,87088.9,87191.4,1325609916.1070158
2025-12-17 16:14:59.992000+00:00,2025-12-17 16:00:00+00:00,continuous,87191.0,87737.3,86920.9,86926.6,719320020.5224997
2025-12-17 16:29:59.990000+00:00,2025-12-17 16:15:00+00:00,continuous,86927.3,86999.7,86285.8,86325.9,739106612.075506
2025-12-17 16:44:59.999000+00:00,2025-12-17 16:30:00+00:00,continuous,86324.9,86663.1,86128.5,86585.2,452492007.84380513
2025-12-17 16:59:59.986000+00:00,2025-12-17 16:45:00+00:00,continuous,86585.1,86970.4,86425.0,86946.6,261754333.52170226
2025-12-17 17:14:59.626000+00:00,2025-12-17 17:00:00+00:00,continuous,86945.8,86953.3,86429.8,86616.1,206943094.268198
2025-12-17 17:29:59.900000+00:00,2025-12-17 17:15:00+00:00,continuous,86616.0,87077.0,86572.9,86826.1,199944456.51400223
2025-12-17 17:44:59.920000+00:00,2025-12-17 17:30:00+00:00,continuous,86826.2,86877.2,86319.3,86319.3,165611562.54130048
2025-12-17 17:59:59.808000+00:00,2025-12-17 17:45:00+00:00,continuous,86319.3,86557.6,86215.0,86380.6,175455189.75909838
2025-12-17 18:14:59.991000+00:00,2025-12-17 18:00:00+00:00,continuous,86380.7,86807.2,86380.7,86516.2,155068750.62599996
2025-12-17 18:29:59.754000+00:00,2025-12-17 18:15:00+00:00,continuous,86516.3,86658.5,86406.1,86441.5,80620021.4460003
2025-12-17 18:44:59.762000+00:00,2025-12-17 18:30:00+00:00,continuous,86441.4,86547.2,85750.0,85901.4,326609013.9375009
2025-12-17 18:59:59.985000+00:00,2025-12-17 18:45:00+00:00,continuous,85901.4,85974.4,85615.0,85796.1,278072984.91890085
2025-12-17 19:14:59.961000+00:00,2025-12-17 19:00:00+00:00,continuous,85796.2,85836.6,85261.3,85485.2,367593275.70799905
2025-12-17 19:29:59.957000+00:00,2025-12-17 19:15:00+00:00,continuous,85485.2,85911.1,85454.2,85669.3,331030467.3646988
2025-12-17 19:44:59.701000+00:00,2025-12-17 19:30:00+00:00,continuous,85669.3,85823.9,85399.9,85604.6,190238875.52829853
2025-12-17 19:59:59.733000+00:00,2025-12-17 19:45:00+00:00,continuous,85604.7,86149.0,85584.2,85982.7,163584529.48239848
2025-12-17 20:14:59.959000+00:00,2025-12-17 20:00:00+00:00,continuous,85982.7,86039.3,85630.0,85654.9,149010069.09909979
2025-12-17 20:29:59.401000+00:00,2025-12-17 20:15:00+00:00,continuous,85654.9,86228.2,85645.0,86104.9,214593793.6109002
2025-12-17 20:44:59.992000+00:00,2025-12-17 20:30:00+00:00,continuous,86104.8,86171.9,85840.2,86084.6,138420265.38770062
2025-12-17 20:59:59.825000+00:00,2025-12-17 20:45:00+00:00,continuous,86084.7,86146.5,85765.2,85854.7,112537830.70019977
2025-12-17 21:14:59.142000+00:00,2025-12-17 21:00:00+00:00,continuous,85854.7,86024.2,85839.4,85968.5,57780140.43870017
2025-12-17 21:29:59.971000+00:00,2025-12-17 21:15:00+00:00,continuous,85968.5,85968.5,85735.1,85816.6,44383000.690500185
2025-12-17 21:44:59.463000+00:00,2025-12-17 21:30:00+00:00,continuous,85816.6,85889.8,85663.0,85868.8,70644454.43030015
2025-12-17 21:59:59.972000+00:00,2025-12-17 21:45:00+00:00,continuous,85868.8,85980.0,85819.6,85946.0,36367857.9985
2025-12-17 22:14:59.881000+00:00,2025-12-17 22:00:00+00:00,continuous,85946.2,86086.0,85850.0,86029.9,99153149.96410029
2025-12-17 22:29:59.803000+00:00,2025-12-17 22:15:00+00:00,continuous,86030.0,86421.0,85965.1,86213.4,122535413.91670005
2025-12-17 22:44:59.623000+00:00,2025-12-17 22:30:00+00:00,continuous,86213.4,86275.2,86051.5,86133.7,64246713.952700004
2025-12-17 22:59:59.527000+00:00,2025-12-17 22:45:00+00:00,continuous,86133.6,86334.6,86066.8,86312.5,63455479.49460016
2025-12-17 23:14:59.940000+00:00,2025-12-17 23:00:00+00:00,continuous,86312.4,86312.5,85954.3,85959.8,63120463.01240013
2025-12-17 23:29:59.565000+00:00,2025-12-17 23:15:00+00:00,continuous,85959.7,86050.0,85912.5,85985.7,56858924.53630015
2025-12-17 23:44:58.967000+00:00,2025-12-17 23:30:00+00:00,continuous,85985.7,86096.6,85909.3,86055.4,67160678.80239983
2025-12-17 23:59:59.686000+00:00,2025-12-17 23:45:00+00:00,continuous,86055.4,86220.0,86023.8,86201.6,93174505.8073001
2025-12-18 00:14:59.716000+00:00,2025-12-18 00:00:00+00:00,continuous,86201.6,86263.1,86055.8,86124.1,80087873.41500013
2025-12-18 00:29:59.828000+00:00,2025-12-18 00:15:00+00:00,continuous,86124.1,86221.5,86012.1,86218.7,43666778.986000225
2025-12-18 00:44:59.413000+00:00,2025-12-18 00:30:00+00:00,continuous,86218.7,86284.0,86115.7,86122.9,44558302.29740003
2025-12-18 00:59:59.543000+00:00,2025-12-18 00:45:00+00:00,continuous,86123.0,86255.0,86089.9,86191.9,33054766.886700023
2025-12-18 01:14:59.604000+00:00,2025-12-18 01:00:00+00:00,continuous,86191.8,86207.3,85820.6,85917.2,95610072.09080048
2025-12-18 01:29:59.625000+00:00,2025-12-18 01:15:00+00:00,continuous,85917.2,86029.1,85836.3,85960.1,48585275.55530021
2025-12-18 01:44:59.987000+00:00,2025-12-18 01:30:00+00:00,continuous,85960.1,86118.5,85935.1,86091.7,36688790.64950014
2025-12-18 01:59:58.861000+00:00,2025-12-18 01:45:00+00:00,continuous,86091.8,86152.6,85973.3,86085.7,40883796.04289984
2025-12-18 02:14:59.789000+00:00,2025-12-18 02:00:00+00:00,continuous,86085.6,86510.0,85970.7,86448.6,142817868.45179978
2025-12-18 02:29:59.797000+00:00,2025-12-18 02:15:00+00:00,continuous,86448.6,86836.2,86260.0,86375.6,286913349.8633974
2025-12-18 02:44:59.974000+00:00,2025-12-18 02:30:00+00:00,continuous,86375.5,86675.2,86356.1,86664.8,77639619.62560028
2025-12-18 02:59:59.993000+00:00,2025-12-18 02:45:00+00:00,continuous,86664.8,86720.9,86552.4,86649.6,115159810.86099957
2025-12-18 03:14:59.988000+00:00,2025-12-18 03:00:00+00:00,continuous,86649.5,86649.6,86464.4,86544.3,71978362.27080001
2025-12-18 03:29:59.987000+00:00,2025-12-18 03:15:00+00:00,continuous,86544.4,86544.4,86250.3,86252.1,115659619.5738002
2025-12-18 03:44:59.775000+00:00,2025-12-18 03:30:00+00:00,continuous,86252.2,86525.1,86200.0,86485.0,119893894.51360068
2025-12-18 03:59:59.966000+00:00,2025-12-18 03:45:00+00:00,continuous,86485.0,86623.9,86457.5,86575.1,38741332.893599965
2025-12-18 04:14:59.639000+00:00,2025-12-18 04:00:00+00:00,continuous,86575.1,86859.1,86558.0,86705.6,106162642.35430028
2025-12-18 04:29:59.951000+00:00,2025-12-18 04:15:00+00:00,continuous,86705.7,86849.6,86636.7,86792.1,64704220.962799944
2025-12-18 04:44:59.943000+00:00,2025-12-18 04:30:00+00:00,continuous,86792.1,86848.2,86766.9,86802.2,50745120.37259998
2025-12-18 04:59:59.849000+00:00,2025-12-18 04:45:00+00:00,continuous,86802.3,86802.3,86703.6,86715.8,51653321.98709989
2025-12-18 05:14:59.993000+00:00,2025-12-18 05:00:00+00:00,continuous,86715.9,86718.1,86553.8,86571.1,56558975.789500006
2025-12-18 05:29:59.140000+00:00,2025-12-18 05:15:00+00:00,continuous,86571.1,86607.3,86465.3,86498.2,67480643.1927001
2025-12-18 05:44:59.860000+00:00,2025-12-18 05:30:00+00:00,continuous,86498.1,86689.0,86449.9,86630.0,52333889.84609999
2025-12-18 05:59:59.878000+00:00,2025-12-18 05:45:00+00:00,continuous,86630.0,86638.1,86323.7,86400.0,89233743.71459958
2025-12-18 06:14:59.894000+00:00,2025-12-18 06:00:00+00:00,continuous,86400.1,86530.5,86353.8,86509.6,50045007.14299991
2025-12-18 06:29:58.466000+00:00,2025-12-18 06:15:00+00:00,continuous,86509.6,86539.9,86382.2,86420.6,48093840.63820032
2025-12-18 06:44:59.770000+00:00,2025-12-18 06:30:00+00:00,continuous,86420.6,86506.1,86369.5,86439.6,34026746.72150009
2025-12-18 06:59:59.753000+00:00,2025-12-18 06:45:00+00:00,continuous,86439.5,86623.5,86412.0,86607.0,33137220.708100062
2025-12-18 07:14:59.638000+00:00,2025-12-18 07:00:00+00:00,continuous,86607.0,86811.6,86546.0,86752.9,97437056.37209962
2025-12-18 07:29:59.730000+00:00,2025-12-18 07:15:00+00:00,continuous,86752.8,86821.4,86746.0,86797.4,54015057.85440017
2025-12-18 07:44:59.618000+00:00,2025-12-18 07:30:00+00:00,continuous,86797.5,86822.2,86662.5,86711.1,76148974.76109987
2025-12-18 07:59:58.806000+00:00,2025-12-18 07:45:00+00:00,continuous,86711.0,86794.0,86669.0,86787.5,69758101.54569964
2025-12-18 08:14:59.863000+00:00,2025-12-18 08:00:00+00:00,continuous,86787.5,86940.3,86640.5,86705.1,85039370.89290006
2025-12-18 08:29:59.923000+00:00,2025-12-18 08:15:00+00:00,continuous,86705.0,86996.0,86698.7,86900.0,93342087.48419985
2025-12-18 08:44:59.932000+00:00,2025-12-18 08:30:00+00:00,continuous,86899.9,87085.7,86885.4,86990.7,134512179.16559985
2025-12-18 08:59:59.598000+00:00,2025-12-18 08:45:00+00:00,continuous,86990.7,87063.9,86905.8,86934.9,66256130.26270017
2025-12-18 09:14:59.415000+00:00,2025-12-18 09:00:00+00:00,continuous,86934.9,86981.3,86755.0,86784.3,60079222.29939998
2025-12-18 09:29:59.938000+00:00,2025-12-18 09:15:00+00:00,continuous,86784.3,87008.0,86784.2,86972.2,47952883.85169989
2025-12-18 09:44:59.761000+00:00,2025-12-18 09:30:00+00:00,continuous,86972.2,87348.7,86972.2,87327.9,190788673.24520016
2025-12-18 09:59:59.556000+00:00,2025-12-18 09:45:00+00:00,continuous,87327.9,87350.0,87226.4,87237.0,82870686.54249978
2025-12-18 10:14:59.240000+00:00,2025-12-18 10:00:00+00:00,continuous,87236.9,87386.7,87180.0,87295.0,75615808.16779993
2025-12-18 10:29:59.757000+00:00,2025-12-18 10:15:00+00:00,continuous,87295.0,87373.9,87223.9,87324.0,47492259.95259969
2025-12-18 10:44:59.647000+00:00,2025-12-18 10:30:00+00:00,continuous,87324.0,87417.6,87250.8,87299.9,50620671.54010031
2025-12-18 10:59:59.935000+00:00,2025-12-18 10:45:00+00:00,continuous,87300.0,87319.9,87161.6,87307.2,75528033.30349964
2025-12-18 11:14:59.871000+00:00,2025-12-18 11:00:00+00:00,continuous,87307.2,87315.3,87055.5,87076.2,101749899.26190008
2025-12-18 11:29:59.889000+00:00,2025-12-18 11:15:00+00:00,continuous,87076.2,87149.8,87014.4,87136.5,61996697.36399997
2025-12-18 11:44:59.723000+00:00,2025-12-18 11:30:00+00:00,continuous,87136.4,87221.9,87095.2,87101.4,41688154.979000024
2025-12-18 11:59:59.988000+00:00,2025-12-18 11:45:00+00:00,continuous,87101.5,87268.1,87101.4,87268.1,42488561.97599991
2025-12-18 12:14:59.481000+00:00,2025-12-18 12:00:00+00:00,continuous,87257.0,87315.0,87100.0,87114.5,71960054.90419984
2025-12-18 12:29:59.953000+00:00,2025-12-18 12:15:00+00:00,continuous,87114.5,87192.5,87072.9,87095.1,47317962.917900026
2025-12-18 12:44:59.378000+00:00,2025-12-18 12:30:00+00:00,continuous,87095.1,87396.7,87095.0,87317.7,77945638.85699998
2025-12-18 12:59:59.664000+00:00,2025-12-18 12:45:00+00:00,continuous,87317.7,87344.1,87068.0,87215.2,67056563.018200666
2025-12-18 13:14:59.931000+00:00,2025-12-18 13:00:00+00:00,continuous,87215.1,87975.6,87215.1,87862.2,406278199.33279675
2025-12-18 13:29:59.999000+00:00,2025-12-18 13:15:00+00:00,continuous,87862.1,87932.0,87525.0,87597.6,177123033.35450143
2025-12-18 13:44:59.941000+00:00,2025-12-18 13:30:00+00:00,continuous,87597.7,88820.0,87597.6,88727.5,1007487091.3585045
2025-12-18 13:59:59.877000+00:00,2025-12-18 13:45:00+00:00,continuous,88727.4,89173.9,88560.5,88804.0,716205371.1173033
2025-12-18 14:14:59.999000+00:00,2025-12-18 14:00:00+00:00,continuous,88804.0,89447.9,88066.0,88110.4,887815037.0794064
2025-12-18 14:29:59.877000+00:00,2025-12-18 14:15:00+00:00,continuous,88110.3,88788.0,88080.6,88488.5,376293018.95339733
2025-12-18 14:44:59.994000+00:00,2025-12-18 14:30:00+00:00,continuous,88488.4,89113.0,87673.8,87798.7,822359921.8601967
2025-12-18 14:59:59.987000+00:00,2025-12-18 14:45:00+00:00,continuous,87798.6,88485.3,87731.3,88325.4,351032337.8948026
2025-12-18 15:14:59.898000+00:00,2025-12-18 15:00:00+00:00,continuous,88325.4,88655.7,87960.2,88076.3,284944535.6570967
2025-12-18 15:29:59.902000+00:00,2025-12-18 15:15:00+00:00,continuous,88076.3,88606.8,87940.0,88571.5,333227403.7162024
2025-12-18 15:44:59.975000+00:00,2025-12-18 15:30:00+00:00,continuous,88571.6,89333.0,88287.3,89041.9,739985108.0676987
2025-12-18 15:59:59.955000+00:00,2025-12-18 15:45:00+00:00,continuous,89041.9,89042.0,88439.8,88480.8,330631896.5502037
2025-12-18 16:14:59.890000+00:00,2025-12-18 16:00:00+00:00,continuous,88480.7,88500.0,88158.6,88158.7,209554049.2963966
2025-12-18 16:29:59.937000+00:00,2025-12-18 16:15:00+00:00,continuous,88158.7,88363.3,87797.6,88069.1,320074968.5854
2025-12-18 16:44:59.970000+00:00,2025-12-18 16:30:00+00:00,continuous,88069.1,88388.0,88031.6,88244.9,138693718.30619916
2025-12-18 16:59:59.928000+00:00,2025-12-18 16:45:00+00:00,continuous,88244.9,88281.9,87900.0,87984.6,144564955.47800097
2025-12-18 17:14:59.955000+00:00,2025-12-18 17:00:00+00:00,continuous,87984.6,87999.9,86238.1,86349.7,1063252788.4452872
2025-12-18 17:29:59.972000+00:00,2025-12-18 17:15:00+00:00,continuous,86349.8,86363.1,85427.5,85861.6,1102413263.274005
2025-12-18 17:44:59.991000+00:00,2025-12-18 17:30:00+00:00,continuous,85861.7,86576.2,85555.2,86417.8,562741424.8189051
2025-12-18 17:59:59.906000+00:00,2025-12-18 17:45:00+00:00,continuous,86417.9,86546.7,86063.5,86443.6,257112823.95619985
2025-12-18 18:14:59.967000+00:00,2025-12-18 18:00:00+00:00,continuous,86443.6,86865.6,86227.9,86676.4,327333528.71910083
2025-12-18 18:29:59.851000+00:00,2025-12-18 18:15:00+00:00,continuous,86676.4,86693.4,86240.6,86368.3,233655970.02780056
2025-12-18 18:44:59.877000+00:00,2025-12-18 18:30:00+00:00,continuous,86368.4,86610.9,86282.9,86439.0,182263473.4936003
2025-12-18 18:59:59.912000+00:00,2025-12-18 18:45:00+00:00,continuous,86439.0,86511.7,85662.5,85946.7,408770062.95030034
2025-12-18 19:14:59.947000+00:00,2025-12-18 19:00:00+00:00,continuous,85946.7,85990.0,85450.0,85626.1,400542501.67640036
2025-12-18 19:29:59.863000+00:00,2025-12-18 19:15:00+00:00,continuous,85626.4,85807.3,85013.9,85626.1,699332305.3692042
2025-12-18 19:44:59.992000+00:00,2025-12-18 19:30:00+00:00,continuous,85626.1,85793.4,84601.0,84651.5,659481788.7613031
2025-12-18 19:59:59.997000+00:00,2025-12-18 19:45:00+00:00,continuous,84651.4,84810.1,84429.9,84447.0,499396732.849896
2025-12-18 20:14:59.728000+00:00,2025-12-18 20:00:00+00:00,continuous,84446.9,85248.1,84408.6,85117.6,465148661.0304016
2025-12-18 20:29:59.894000+00:00,2025-12-18 20:15:00+00:00,continuous,85117.6,85149.7,84864.0,84934.7,140910916.4797014
2025-12-18 20:44:59.849000+00:00,2025-12-18 20:30:00+00:00,continuous,84934.7,85092.2,84710.0,84979.3,180026478.71670103
2025-12-18 20:59:59.997000+00:00,2025-12-18 20:45:00+00:00,continuous,84979.3,85095.6,84523.5,84558.8,246317026.48539907
2025-12-18 21:14:59.388000+00:00,2025-12-18 21:00:00+00:00,continuous,84557.4,85324.4,84521.2,85123.6,331033734.1347021
2025-12-18 21:29:59.867000+00:00,2025-12-18 21:15:00+00:00,continuous,85123.7,85444.0,85053.2,85416.9,164259659.6571997
2025-12-18 21:44:59.369000+00:00,2025-12-18 21:30:00+00:00,continuous,85416.8,85800.0,85175.1,85279.1,236549020.0426012
2025-12-18 21:59:59.932000+00:00,2025-12-18 21:45:00+00:00,continuous,85279.1,85678.4,85231.8,85584.6,107643412.14979997
2025-12-18 22:14:59.925000+00:00,2025-12-18 22:00:00+00:00,continuous,85584.3,85721.2,85318.6,85346.3,78220236.15079996
2025-12-18 22:29:59.844000+00:00,2025-12-18 22:15:00+00:00,continuous,85346.4,85494.3,85245.8,85465.3,63027623.97520008
2025-12-18 22:44:59.887000+00:00,2025-12-18 22:30:00+00:00,continuous,85465.3,85680.0,85454.1,85543.5,84693341.95109974
2025-12-18 22:59:59.760000+00:00,2025-12-18 22:45:00+00:00,continuous,85543.4,85694.5,85455.0,85544.0,59175546.89269999
2025-12-18 23:14:59.146000+00:00,2025-12-18 23:00:00+00:00,continuous,85544.0,85591.6,85271.7,85587.9,94587691.21769954
2025-12-18 23:29:59.908000+00:00,2025-12-18 23:15:00+00:00,continuous,85588.0,85588.0,85333.5,85449.5,42891881.78300024
2025-12-18 23:44:59.893000+00:00,2025-12-18 23:30:00+00:00,continuous,85449.5,85551.0,85388.0,85444.6,36596158.450299986
2025-12-18 23:59:59.349000+00:00,2025-12-18 23:45:00+00:00,continuous,85444.7,85494.1,85300.2,85469.7,54658666.402000204
2025-12-19 00:14:58.894000+00:00,2025-12-19 00:00:00+00:00,continuous,85469.8,85570.7,85369.1,85454.2,61638654.272400014
2025-12-19 00:29:58.809000+00:00,2025-12-19 00:15:00+00:00,continuous,85454.2,85528.8,85372.9,85383.8,39524121.28550013
2025-12-19 00:44:59.893000+00:00,2025-12-19 00:30:00+00:00,continuous,85383.7,85426.9,85260.4,85268.7,64205225.676199935
2025-12-19 00:59:59.722000+00:00,2025-12-19 00:45:00+00:00,continuous,85268.7,85576.1,85260.0,85572.9,63996420.265999936
2025-12-19 01:14:59.955000+00:00,2025-12-19 01:00:00+00:00,continuous,85572.8,85572.8,85313.7,85406.2,52006492.80200016
2025-12-19 01:29:59.998000+00:00,2025-12-19 01:15:00+00:00,continuous,85406.1,85490.8,85120.5,85128.0,59216143.58680002
2025-12-19 01:44:59.917000+00:00,2025-12-19 01:30:00+00:00,continuous,85128.1,85342.4,85062.7,85305.6,71404568.8306998
2025-12-19 01:59:59.418000+00:00,2025-12-19 01:45:00+00:00,continuous,85305.6,85377.9,85076.0,85291.7,55478459.76309984
2025-12-19 02:14:59.327000+00:00,2025-12-19 02:00:00+00:00,continuous,85291.1,85305.6,85091.5,85203.2,65787883.59320022
2025-12-19 02:29:59.724000+00:00,2025-12-19 02:15:00+00:00,continuous,85203.2,85520.7,85169.0,85483.8,88788933.14700112
2025-12-19 02:44:59.913000+00:00,2025-12-19 02:30:00+00:00,continuous,85483.8,85591.7,85339.9,85571.1,92867465.4371
2025-12-19 02:59:59.879000+00:00,2025-12-19 02:45:00+00:00,continuous,85571.1,85917.4,85526.6,85600.8,236712739.451599
2025-12-19 03:14:59.899000+00:00,2025-12-19 03:00:00+00:00,continuous,85600.9,86444.0,85566.1,86331.3,421602606.7588011
2025-12-19 03:29:59.993000+00:00,2025-12-19 03:15:00+00:00,continuous,86331.4,87125.0,85916.0,87112.8,471354513.6044971
2025-12-19 03:44:59.972000+00:00,2025-12-19 03:30:00+00:00,continuous,87112.4,87550.0,86715.1,87018.2,543344164.4854949
2025-12-19 03:59:59.826000+00:00,2025-12-19 03:45:00+00:00,continuous,87018.1,87307.1,86653.1,86863.1,251697596.34969983
2025-12-19 04:14:59.942000+00:00,2025-12-19 04:00:00+00:00,continuous,86863.2,87349.9,86793.5,87329.4,330566764.223399
2025-12-19 04:29:59.936000+00:00,2025-12-19 04:15:00+00:00,continuous,87329.3,87354.8,87000.0,87021.4,179966981.61720052
2025-12-19 04:44:59.769000+00:00,2025-12-19 04:30:00+00:00,continuous,87021.4,87174.8,86930.3,86954.6,113841139.38780007
2025-12-19 04:59:59.694000+00:00,2025-12-19 04:45:00+00:00,continuous,86954.6,87096.2,86954.6,87073.5,69528266.40699992
2025-12-19 05:14:59.974000+00:00,2025-12-19 05:00:00+00:00,continuous,87073.4,87157.8,86834.0,86960.0,124356959.79109982
2025-12-19 05:29:59.995000+00:00,2025-12-19 05:15:00+00:00,continuous,86960.2,86970.2,86708.4,86739.5,120965281.52470028
2025-12-19 05:44:59.594000+00:00,2025-12-19 05:30:00+00:00,continuous,86739.6,86925.0,86651.9,86863.3,107101793.0603005
2025-12-19 05:59:59.630000+00:00,2025-12-19 05:45:00+00:00,continuous,86863.2,87200.0,86858.2,87099.7,111468957.99589998
2025-12-19 06:14:59.953000+00:00,2025-12-19 06:00:00+00:00,continuous,87099.7,87177.8,86970.5,87011.8,56042464.56749969
2025-12-19 06:29:59.980000+00:00,2025-12-19 06:15:00+00:00,continuous,87011.8,87043.4,86871.6,86989.5,49651595.95250002
2025-12-19 06:44:59.985000+00:00,2025-12-19 06:30:00+00:00,continuous,86989.6,87096.2,86919.3,87093.5,41195028.97739985
2025-12-19 06:59:59.669000+00:00,2025-12-19 06:45:00+00:00,continuous,87093.4,87450.0,87040.9,87449.9,120721540.90040033
2025-12-19 07:14:59.925000+00:00,2025-12-19 07:00:00+00:00,continuous,87450.0,88366.0,87436.3,88110.5,528624423.4601976
2025-12-19 07:29:59.937000+00:00,2025-12-19 07:15:00+00:00,continuous,88110.4,88190.9,87774.6,87896.7,246815733.7566993
2025-12-19 07:44:59.926000+00:00,2025-12-19 07:30:00+00:00,continuous,87896.6,87936.3,87688.2,87754.0,120547133.43319999
2025-12-19 07:59:59.962000+00:00,2025-12-19 07:45:00+00:00,continuous,87754.1,87967.0,87726.5,87909.7,129285309.74029957
2025-12-19 08:14:59.698000+00:00,2025-12-19 08:00:00+00:00,continuous,87909.7,88123.7,87816.0,87922.3,127302180.89759973
2025-12-19 08:29:59.979000+00:00,2025-12-19 08:15:00+00:00,continuous,87922.4,87980.6,87700.0,87701.7,90613638.7872004
2025-12-19 08:44:59.495000+00:00,2025-12-19 08:30:00+00:00,continuous,87700.0,88145.4,87700.0,87899.6,135508921.4218001
2025-12-19 08:59:59.594000+00:00,2025-12-19 08:45:00+00:00,continuous,87899.6,88179.6,87888.3,88063.2,109239563.32519993
2025-12-19 09:14:59.710000+00:00,2025-12-19 09:00:00+00:00,continuous,88063.2,88079.6,87901.6,87902.4,83969900.84989911
2025-12-19 09:29:59.527000+00:00,2025-12-19 09:15:00+00:00,continuous,87902.3,88057.3,87856.0,87984.7,56632568.21840003
2025-12-19 09:44:59.382000+00:00,2025-12-19 09:30:00+00:00,continuous,87984.8,88134.0,87911.0,87999.9,69090825.11890042
2025-12-19 09:59:59.859000+00:00,2025-12-19 09:45:00+00:00,continuous,87999.9,88076.5,87954.1,88068.3,37764773.98749992
2025-12-19 10:14:59.907000+00:00,2025-12-19 10:00:00+00:00,continuous,88068.4,88270.0,87996.9,88150.0,95535229.14919917
2025-12-19 10:29:59.893000+00:00,2025-12-19 10:15:00+00:00,continuous,88150.1,88213.4,87884.4,87924.2,113392844.63449956
2025-12-19 10:44:59.912000+00:00,2025-12-19 10:30:00+00:00,continuous,87924.1,88094.6,87888.6,88029.7,76017869.18120034
2025-12-19 10:59:59.876000+00:00,2025-12-19 10:45:00+00:00,continuous,88029.7,88333.7,88029.7,88237.1,207237099.271801
2025-12-19 11:14:59.864000+00:00,2025-12-19 11:00:00+00:00,continuous,88237.2,88345.1,88100.1,88303.5,105304397.22269914
2025-12-19 11:29:59.750000+00:00,2025-12-19 11:15:00+00:00,continuous,88303.4,88344.9,88139.1,88251.0,60497223.130899794
2025-12-19 11:44:59.892000+00:00,2025-12-19 11:30:00+00:00,continuous,88251.1,88334.2,88132.8,88251.1,59720615.89879968
2025-12-19 11:59:59.732000+00:00,2025-12-19 11:45:00+00:00,continuous,88251.0,88305.8,88158.7,88169.9,51516945.13419978
2025-12-19 12:14:59.945000+00:00,2025-12-19 12:00:00+00:00,continuous,88170.0,88223.6,87857.6,88170.3,208797996.61559913
2025-12-19 12:29:59.860000+00:00,2025-12-19 12:15:00+00:00,continuous,88170.2,88247.5,87967.5,87991.2,91552211.78860022
2025-12-19 12:44:58.973000+00:00,2025-12-19 12:30:00+00:00,continuous,87991.2,88045.0,87925.8,88017.0,82261718.77850007
2025-12-19 12:59:59.911000+00:00,2025-12-19 12:45:00+00:00,continuous,88017.0,88118.5,87810.8,87840.8,195343838.0959009
2025-12-19 13:14:59.407000+00:00,2025-12-19 13:00:00+00:00,continuous,87840.7,88022.4,87840.7,87971.2,119345893.96740034
2025-12-19 13:29:59.468000+00:00,2025-12-19 13:15:00+00:00,continuous,87971.2,88031.0,87881.0,88007.4,59571110.501999944
2025-12-19 13:44:59.879000+00:00,2025-12-19 13:30:00+00:00,continuous,88007.5,88228.9,87800.0,88081.0,221257232.7842978
2025-12-19 13:59:59.477000+00:00,2025-12-19 13:45:00+00:00,continuous,88081.1,88081.1,87860.6,87968.1,94195347.42250037
2025-12-19 14:14:59.927000+00:00,2025-12-19 14:00:00+00:00,continuous,87968.0,88182.0,87887.7,88128.1,83057267.43409967
2025-12-19 14:29:59.847000+00:00,2025-12-19 14:15:00+00:00,continuous,88128.0,88338.4,87811.3,87994.0,167502699.25930002
2025-12-19 14:44:59.977000+00:00,2025-12-19 14:30:00+00:00,continuous,87994.1,88610.0,87488.0,88479.0,850446017.6614938
2025-12-19 14:59:59.655000+00:00,2025-12-19 14:45:00+00:00,continuous,88479.1,88499.4,87869.6,88140.8,436519970.6075963
2025-12-19 15:14:59.989000+00:00,2025-12-19 15:00:00+00:00,continuous,88140.8,88797.6,87925.1,88724.1,389619256.86939865
2025-12-19 15:29:59.720000+00:00,2025-12-19 15:15:00+00:00,continuous,88724.2,89374.6,88019.8,88156.8,989011051.5616069
2025-12-19 15:44:59.967000+00:00,2025-12-19 15:30:00+00:00,continuous,88156.8,88380.0,87888.0,88015.5,307675577.7005956
2025-12-19 15:59:59.976000+00:00,2025-12-19 15:45:00+00:00,continuous,88015.6,88044.7,87655.6,87925.6,270515317.54619825
2025-12-19 16:14:59.863000+00:00,2025-12-19 16:00:00+00:00,continuous,87925.6,88477.7,87847.4,88344.5,241087521.42479908
2025-12-19 16:29:59.926000+00:00,2025-12-19 16:15:00+00:00,continuous,88344.6,88444.0,88219.4,88394.2,88990316.58780003
2025-12-19 16:44:59.712000+00:00,2025-12-19 16:30:00+00:00,continuous,88394.1,88888.0,88331.7,88473.6,256969285.91699824
2025-12-19 16:59:59.589000+00:00,2025-12-19 16:45:00+00:00,continuous,88473.6,88497.2,87841.8,87956.6,183247066.12960145
2025-12-19 17:14:59.949000+00:00,2025-12-19 17:00:00+00:00,continuous,87956.6,88273.3,87852.5,88059.3,158190095.32880116
2025-12-19 17:29:59.975000+00:00,2025-12-19 17:15:00+00:00,continuous,88059.3,88320.0,87487.7,87592.8,266436991.50160185
2025-12-19 17:44:59.825000+00:00,2025-12-19 17:30:00+00:00,continuous,87593.3,87694.6,86795.5,87087.0,677827500.4448023
2025-12-19 17:59:59.970000+00:00,2025-12-19 17:45:00+00:00,continuous,87087.0,87437.0,86833.7,86912.6,272166044.5328995
2025-12-19 18:14:59.559000+00:00,2025-12-19 18:00:00+00:00,continuous,86912.5,87226.2,86808.1,87163.6,149127309.65080082
2025-12-19 18:29:59.757000+00:00,2025-12-19 18:15:00+00:00,continuous,87163.6,87436.3,87027.9,87305.7,115623027.05899934
2025-12-19 18:44:59.924000+00:00,2025-12-19 18:30:00+00:00,continuous,87305.7,87328.7,86900.2,86991.5,84777461.67909954
2025-12-19 18:59:59.820000+00:00,2025-12-19 18:45:00+00:00,continuous,86991.4,87279.1,86900.1,87126.2,100870070.59729992
2025-12-19 19:14:59.685000+00:00,2025-12-19 19:00:00+00:00,continuous,87126.2,87389.3,87100.0,87267.6,113646362.15199938
2025-12-19 19:29:59.682000+00:00,2025-12-19 19:15:00+00:00,continuous,87267.7,87772.0,87267.7,87610.4,209575938.55100137
2025-12-19 19:44:59.968000+00:00,2025-12-19 19:30:00+00:00,continuous,87610.5,87983.7,87545.6,87934.8,177991013.0134011
2025-12-19 19:59:59.681000+00:00,2025-12-19 19:45:00+00:00,continuous,87934.8,88097.3,87763.8,87812.8,140877583.52110004
2025-12-19 20:14:59.877000+00:00,2025-12-19 20:00:00+00:00,continuous,87812.9,87938.5,87569.1,87747.4,179302105.90439913
2025-12-19 20:29:59.975000+00:00,2025-12-19 20:15:00+00:00,continuous,87747.4,88185.4,87643.1,88002.5,131939451.44789998
2025-12-19 20:44:59.676000+00:00,2025-12-19 20:30:00+00:00,continuous,88002.6,88406.3,87862.4,88024.8,189056689.04659998
2025-12-19 20:59:59.988000+00:00,2025-12-19 20:45:00+00:00,continuous,88024.9,88371.8,87896.0,88064.8,216273164.7372001
2025-12-19 21:14:59.948000+00:00,2025-12-19 21:00:00+00:00,continuous,88065.0,88065.0,87862.2,87880.1,49303132.84519999
2025-12-19 21:29:59.973000+00:00,2025-12-19 21:15:00+00:00,continuous,87880.0,88076.8,87849.4,87963.8,52865186.79989988
2025-12-19 21:44:59.677000+00:00,2025-12-19 21:30:00+00:00,continuous,87963.9,88032.2,87868.4,87868.4,47731645.27459982
2025-12-19 21:59:59.697000+00:00,2025-12-19 21:45:00+00:00,continuous,87868.5,87919.9,87758.1,87805.3,43459639.92969996
2025-12-19 22:14:59.995000+00:00,2025-12-19 22:00:00+00:00,continuous,87805.8,88181.9,87805.8,88010.7,51283485.21749958
2025-12-19 22:29:59.906000+00:00,2025-12-19 22:15:00+00:00,continuous,88010.7,88280.0,88010.7,88184.3,65725486.21260009
2025-12-19 22:44:59.951000+00:00,2025-12-19 22:30:00+00:00,continuous,88184.4,88355.2,88101.0,88355.2,40387740.83440005
2025-12-19 22:59:59.947000+00:00,2025-12-19 22:45:00+00:00,continuous,88355.1,88394.4,88182.9,88301.1,42934826.98060007
2025-12-19 23:14:59.820000+00:00,2025-12-19 23:00:00+00:00,continuous,88301.0,88320.0,88211.2,88228.1,44254531.601299904
2025-12-19 23:29:58.089000+00:00,2025-12-19 23:15:00+00:00,continuous,88228.0,88319.9,88217.2,88295.0,23330397.322399992
2025-12-19 23:44:59.946000+00:00,2025-12-19 23:30:00+00:00,continuous,88295.0,88295.0,88115.9,88188.7,40861781.54959991
2025-12-19 23:59:59.182000+00:00,2025-12-19 23:45:00+00:00,continuous,88188.7,88190.7,88085.0,88100.0,24901427.867199894
2025-12-20 00:14:59.899000+00:00,2025-12-20 00:00:00+00:00,continuous,88100.0,88135.8,87974.0,88083.1,85876687.0856001
2025-12-20 00:29:59.669000+00:00,2025-12-20 00:15:00+00:00,continuous,88083.0,88151.2,88035.4,88135.7,35985380.42159992
2025-12-20 00:44:59.403000+00:00,2025-12-20 00:30:00+00:00,continuous,88135.7,88144.1,88018.0,88041.3,17522970.295299977
2025-12-20 00:59:59.866000+00:00,2025-12-20 00:45:00+00:00,continuous,88041.2,88079.0,87926.7,87967.3,47516150.5671998
2025-12-20 01:14:58.805000+00:00,2025-12-20 01:00:00+00:00,continuous,87967.4,88074.8,87967.3,88062.0,17493719.246300034
2025-12-20 01:29:59.047000+00:00,2025-12-20 01:15:00+00:00,continuous,88062.1,88132.8,88054.0,88101.1,19714907.823299944
2025-12-20 01:44:59.916000+00:00,2025-12-20 01:30:00+00:00,continuous,88101.2,88101.2,88007.3,88007.4,12208376.570299998
2025-12-20 01:59:58.913000+00:00,2025-12-20 01:45:00+00:00,continuous,88007.3,88091.4,88003.7,88036.7,16633206.773500016
2025-12-20 02:14:59.002000+00:00,2025-12-20 02:00:00+00:00,continuous,88036.6,88044.6,87945.7,88011.1,23429302.521799963
2025-12-20 02:29:58.468000+00:00,2025-12-20 02:15:00+00:00,continuous,88011.1,88111.6,88011.0,88080.0,16998184.11949995
2025-12-20 02:44:59.793000+00:00,2025-12-20 02:30:00+00:00,continuous,88080.0,88279.0,88068.2,88279.0,75539772.98400046
2025-12-20 02:59:58.621000+00:00,2025-12-20 02:45:00+00:00,continuous,88279.0,88279.0,88140.4,88168.0,32383598.29329998
2025-12-20 03:14:59.916000+00:00,2025-12-20 03:00:00+00:00,continuous,88167.9,88219.7,88122.8,88133.9,22866591.10949992
2025-12-20 03:29:59.827000+00:00,2025-12-20 03:15:00+00:00,continuous,88133.9,88277.2,88133.9,88266.0,27069545.53450004
2025-12-20 03:44:59.955000+00:00,2025-12-20 03:30:00+00:00,continuous,88265.9,88294.8,88243.3,88243.4,29692215.809299972
2025-12-20 03:59:59.197000+00:00,2025-12-20 03:45:00+00:00,continuous,88243.3,88248.5,88165.3,88165.3,15756168.73650008
2025-12-20 04:14:59.600000+00:00,2025-12-20 04:00:00+00:00,continuous,88165.3,88212.2,88065.9,88093.0,34485712.001199976
2025-12-20 04:29:59.292000+00:00,2025-12-20 04:15:00+00:00,continuous,88093.1,88194.2,88087.1,88176.9,29145067.805599954
2025-12-20 04:44:59.042000+00:00,2025-12-20 04:30:00+00:00,continuous,88176.8,88274.0,88174.5,88235.2,32521870.124700133
2025-12-20 04:59:59.913000+00:00,2025-12-20 04:45:00+00:00,continuous,88235.1,88294.0,88199.9,88257.1,24489493.247599967
2025-12-20 05:14:59.313000+00:00,2025-12-20 05:00:00+00:00,continuous,88257.1,88319.8,88229.6,88317.3,37873932.387700096
2025-12-20 05:29:59.514000+00:00,2025-12-20 05:15:00+00:00,continuous,88317.3,88465.4,88300.7,88356.9,84054117.65730044
2025-12-20 05:44:59.687000+00:00,2025-12-20 05:30:00+00:00,continuous,88356.8,88551.8,88328.7,88462.9,93353134.03959984
2025-12-20 05:59:59.684000+00:00,2025-12-20 05:45:00+00:00,continuous,88463.0,88463.0,88250.0,88250.0,49843909.69890007
2025-12-20 06:14:59.918000+00:00,2025-12-20 06:00:00+00:00,continuous,88250.1,88409.0,88234.7,88395.0,34526206.23759998
2025-12-20 06:29:58.262000+00:00,2025-12-20 06:15:00+00:00,continuous,88395.0,88395.0,88310.9,88311.0,14023245.049900008
2025-12-20 06:44:59.397000+00:00,2025-12-20 06:30:00+00:00,continuous,88311.0,88321.6,88252.2,88261.4,20913222.520099826
2025-12-20 06:59:59.937000+00:00,2025-12-20 06:45:00+00:00,continuous,88261.5,88301.6,88238.2,88262.2,18020598.092600033
2025-12-20 07:14:59.971000+00:00,2025-12-20 07:00:00+00:00,continuous,88262.3,88296.3,88178.3,88254.4,38253327.756100155
2025-12-20 07:29:59.906000+00:00,2025-12-20 07:15:00+00:00,continuous,88254.4,88268.6,88149.7,88193.9,39134612.77799989
2025-12-20 07:44:59.836000+00:00,2025-12-20 07:30:00+00:00,continuous,88193.9,88231.4,88148.4,88165.0,25753882.61280001
2025-12-20 07:59:59.967000+00:00,2025-12-20 07:45:00+00:00,continuous,88165.0,88240.0,88145.6,88239.9,32672556.93899975
2025-12-20 08:14:59.022000+00:00,2025-12-20 08:00:00+00:00,continuous,88240.0,88355.9,88239.9,88272.0,39746960.90139987
2025-12-20 08:29:59.568000+00:00,2025-12-20 08:15:00+00:00,continuous,88272.0,88382.2,88272.0,88318.9,21663106.611800093
2025-12-20 08:44:56.409000+00:00,2025-12-20 08:30:00+00:00,continuous,88319.0,88397.8,88303.4,88304.2,20433202.307900038
2025-12-20 08:59:59.842000+00:00,2025-12-20 08:45:00+00:00,continuous,88304.3,88314.0,88217.0,88217.0,19025005.09820004
2025-12-20 09:14:59.378000+00:00,2025-12-20 09:00:00+00:00,continuous,88217.0,88280.2,88182.0,88263.3,25932848.087899983
2025-12-20 09:29:59.274000+00:00,2025-12-20 09:15:00+00:00,continuous,88263.3,88310.0,88260.3,88267.4,13473320.398300027
2025-12-20 09:44:59.755000+00:00,2025-12-20 09:30:00+00:00,continuous,88267.3,88302.9,88218.2,88231.9,18617375.000599876
2025-12-20 09:59:59+00:00,2025-12-20 09:45:00+00:00,continuous,88232.0,88232.0,88187.6,88190.0,14609258.393799953
2025-12-20 10:14:59.814000+00:00,2025-12-20 10:00:00+00:00,continuous,88190.0,88250.0,88152.1,88227.3,34272849.871500134
2025-12-20 10:29:59.926000+00:00,2025-12-20 10:15:00+00:00,continuous,88227.3,88227.3,88092.1,88127.8,37344527.93910007
2025-12-20 10:44:58.487000+00:00,2025-12-20 10:30:00+00:00,continuous,88127.8,88160.5,88111.0,88157.7,24224832.211699907
2025-12-20 10:59:59.642000+00:00,2025-12-20 10:45:00+00:00,continuous,88157.6,88181.0,88100.0,88133.7,24851470.181099907
2025-12-20 11:14:59.052000+00:00,2025-12-20 11:00:00+00:00,continuous,88133.6,88136.1,88063.8,88107.3,28442780.72099994
2025-12-20 11:29:59.964000+00:00,2025-12-20 11:15:00+00:00,continuous,88107.3,88279.5,88099.9,88200.0,65879403.753800094
2025-12-20 11:44:59.839000+00:00,2025-12-20 11:30:00+00:00,continuous,88200.1,88257.5,88190.8,88237.6,25664391.747799885
2025-12-20 11:59:59.734000+00:00,2025-12-20 11:45:00+00:00,continuous,88237.7,88269.9,88211.0,88243.6,15378959.268700046
2025-12-20 12:14:59.714000+00:00,2025-12-20 12:00:00+00:00,continuous,88243.6,88320.0,88210.2,88231.0,25204943.046799988
2025-12-20 12:29:59.058000+00:00,2025-12-20 12:15:00+00:00,continuous,88231.0,88231.1,88180.0,88181.0,22597229.416499894
2025-12-20 12:44:59.658000+00:00,2025-12-20 12:30:00+00:00,continuous,88181.0,88185.5,88146.9,88168.2,17885741.40929999
2025-12-20 12:59:59.082000+00:00,2025-12-20 12:45:00+00:00,continuous,88168.2,88224.9,88164.5,88214.0,11959787.552900009
2025-12-20 13:14:59.542000+00:00,2025-12-20 13:00:00+00:00,continuous,88213.9,88313.7,88069.0,88117.8,72318929.36009954
2025-12-20 13:29:59.804000+00:00,2025-12-20 13:15:00+00:00,continuous,88117.8,88135.0,87698.5,87980.1,328986290.58730024
2025-12-20 13:44:59.821000+00:00,2025-12-20 13:30:00+00:00,continuous,87980.0,88176.7,87959.0,88151.4,92713806.19299947
2025-12-20 13:59:59.731000+00:00,2025-12-20 13:45:00+00:00,continuous,88151.3,88250.8,88143.9,88230.9,65842733.87229997
2025-12-20 14:14:59.937000+00:00,2025-12-20 14:00:00+00:00,continuous,88230.9,88231.0,87970.3,88050.0,77482653.92189959
2025-12-20 14:29:59.892000+00:00,2025-12-20 14:15:00+00:00,continuous,88050.1,88099.9,88024.5,88067.0,29255061.268699985
2025-12-20 14:44:59.806000+00:00,2025-12-20 14:30:00+00:00,continuous,88066.9,88163.5,88066.0,88149.3,23899297.081800006
2025-12-20 14:59:59.394000+00:00,2025-12-20 14:45:00+00:00,continuous,88149.3,88244.0,88138.6,88213.4,53063684.883399956
2025-12-20 15:14:59.419000+00:00,2025-12-20 15:00:00+00:00,continuous,88213.4,88234.1,88138.6,88164.4,29867163.2029001
2025-12-20 15:29:59.767000+00:00,2025-12-20 15:15:00+00:00,continuous,88164.4,88181.0,87971.6,88069.8,123982393.92459926
2025-12-20 15:44:59.995000+00:00,2025-12-20 15:30:00+00:00,continuous,88069.8,88132.0,88053.6,88121.5,22840418.342400104
2025-12-20 15:59:59.890000+00:00,2025-12-20 15:45:00+00:00,continuous,88121.5,88164.0,88111.2,88134.6,17504074.277299963
2025-12-20 16:14:59.425000+00:00,2025-12-20 16:00:00+00:00,continuous,88134.5,88202.3,88122.6,88149.9,25970885.206499893
2025-12-20 16:29:58.854000+00:00,2025-12-20 16:15:00+00:00,continuous,88149.9,88171.7,88129.6,88135.7,16251903.63410003
2025-12-20 16:44:59.968000+00:00,2025-12-20 16:30:00+00:00,continuous,88135.7,88135.8,88089.8,88097.2,25001388.712899987
2025-12-20 16:59:59.808000+00:00,2025-12-20 16:45:00+00:00,continuous,88097.2,88134.9,88089.1,88115.3,15949218.157400053
2025-12-20 17:14:58.477000+00:00,2025-12-20 17:00:00+00:00,continuous,88115.4,88199.3,88060.0,88128.4,23176593.185199875
2025-12-20 17:29:59.132000+00:00,2025-12-20 17:15:00+00:00,continuous,88128.4,88217.2,88116.5,88194.8,19032602.939700086
2025-12-20 17:44:59.892000+00:00,2025-12-20 17:30:00+00:00,continuous,88194.8,88197.7,88127.5,88156.5,17646396.377799895
2025-12-20 17:59:59.199000+00:00,2025-12-20 17:45:00+00:00,continuous,88156.5,88188.0,88136.1,88144.5,9180710.450399984
2025-12-20 18:14:59.892000+00:00,2025-12-20 18:00:00+00:00,continuous,88144.6,88171.8,88111.5,88124.3,12853856.179500012
2025-12-20 18:29:56.897000+00:00,2025-12-20 18:15:00+00:00,continuous,88124.2,88174.6,88124.2,88165.1,10173374.36899998
2025-12-20 18:44:59.075000+00:00,2025-12-20 18:30:00+00:00,continuous,88165.1,88179.6,88138.0,88152.9,10650555.009400003
2025-12-20 18:59:59.731000+00:00,2025-12-20 18:45:00+00:00,continuous,88152.8,88407.7,88144.9,88277.1,99395788.21569952
2025-12-20 19:14:59.010000+00:00,2025-12-20 19:00:00+00:00,continuous,88277.1,88298.0,88176.0,88265.0,31641698.51649993
2025-12-20 19:29:59.529000+00:00,2025-12-20 19:15:00+00:00,continuous,88264.9,88265.0,88205.0,88225.3,11493490.906900037
2025-12-20 19:44:58.904000+00:00,2025-12-20 19:30:00+00:00,continuous,88225.4,88225.4,88182.8,88202.5,7878508.594400015
2025-12-20 19:59:59.793000+00:00,2025-12-20 19:45:00+00:00,continuous,88202.4,88204.9,88157.0,88196.3,9406695.339199957
2025-12-20 20:14:59.587000+00:00,2025-12-20 20:00:00+00:00,continuous,88196.4,88234.6,88175.3,88223.6,15634062.9995
2025-12-20 20:29:58.568000+00:00,2025-12-20 20:15:00+00:00,continuous,88223.6,88257.4,88220.2,88229.5,8130727.290499999
2025-12-20 20:44:58.894000+00:00,2025-12-20 20:30:00+00:00,continuous,88229.5,88285.2,88196.0,88197.3,12024179.633000031
2025-12-20 20:59:59.532000+00:00,2025-12-20 20:45:00+00:00,continuous,88197.3,88250.4,88197.3,88250.4,9580959.048000034
2025-12-20 21:14:59.013000+00:00,2025-12-20 21:00:00+00:00,continuous,88250.3,88291.5,88233.4,88271.4,13996360.16560002
2025-12-20 21:29:59.870000+00:00,2025-12-20 21:15:00+00:00,continuous,88271.4,88434.9,88250.1,88259.7,46140501.56830023
2025-12-20 21:44:59.010000+00:00,2025-12-20 21:30:00+00:00,continuous,88259.7,88279.2,88253.8,88253.8,9635042.00679998
2025-12-20 21:59:59.141000+00:00,2025-12-20 21:45:00+00:00,continuous,88253.8,88253.9,88140.3,88179.6,23359688.97850001
2025-12-20 22:14:59.066000+00:00,2025-12-20 22:00:00+00:00,continuous,88179.6,88216.3,88120.4,88140.1,17742231.761400025
2025-12-20 22:29:57.907000+00:00,2025-12-20 22:15:00+00:00,continuous,88140.0,88189.6,88111.1,88169.9,12369925.806400023
2025-12-20 22:44:59.362000+00:00,2025-12-20 22:30:00+00:00,continuous,88169.9,88261.3,88168.1,88218.6,14766738.670499962
2025-12-20 22:59:59.250000+00:00,2025-12-20 22:45:00+00:00,continuous,88218.6,88306.1,88218.6,88244.1,14904006.893300055
2025-12-20 23:14:57.038000+00:00,2025-12-20 23:00:00+00:00,continuous,88244.1,88300.0,88213.5,88300.0,22172287.626600012
2025-12-20 23:29:59.214000+00:00,2025-12-20 23:15:00+00:00,continuous,88299.9,88340.9,88221.0,88248.2,14498167.801600061
2025-12-20 23:44:58.149000+00:00,2025-12-20 23:30:00+00:00,continuous,88248.3,88294.6,88242.1,88280.9,11262181.324699996
2025-12-20 23:59:59.911000+00:00,2025-12-20 23:45:00+00:00,continuous,88280.8,88393.3,88280.8,88320.8,29145883.19210002
2025-12-21 00:14:57.488000+00:00,2025-12-21 00:00:00+00:00,continuous,88320.7,88366.5,88262.6,88289.9,28314093.114199925
2025-12-21 00:29:59.285000+00:00,2025-12-21 00:15:00+00:00,continuous,88289.9,88390.2,88289.9,88375.6,17053325.404099956
2025-12-21 00:44:59.955000+00:00,2025-12-21 00:30:00+00:00,continuous,88375.6,88400.0,88270.0,88299.7,28559553.628899816
2025-12-21 00:59:59.615000+00:00,2025-12-21 00:45:00+00:00,continuous,88299.7,88358.6,88281.5,88354.8,10796898.223099997
2025-12-21 01:14:59.869000+00:00,2025-12-21 01:00:00+00:00,continuous,88354.8,88354.8,88246.6,88267.2,18924909.446400072
2025-12-21 01:29:59.584000+00:00,2025-12-21 01:15:00+00:00,continuous,88267.3,88292.0,88250.0,88250.0,14109861.565100022
2025-12-21 01:44:59.886000+00:00,2025-12-21 01:30:00+00:00,continuous,88250.1,88250.1,88009.9,88059.8,153532030.52629977
2025-12-21 01:59:59.687000+00:00,2025-12-21 01:45:00+00:00,continuous,88059.7,88116.2,87959.8,87980.5,63764011.71949988
2025-12-21 02:14:59.516000+00:00,2025-12-21 02:00:00+00:00,continuous,87980.5,88115.3,87954.7,87984.2,44725066.30390014
2025-12-21 02:29:59.873000+00:00,2025-12-21 02:15:00+00:00,continuous,87984.0,87984.0,87821.1,87922.6,73683699.21580014
2025-12-21 02:44:58.778000+00:00,2025-12-21 02:30:00+00:00,continuous,87922.6,88018.7,87883.7,87908.0,43512672.54139995
2025-12-21 02:59:59.827000+00:00,2025-12-21 02:45:00+00:00,continuous,87907.9,87988.6,87848.8,87911.5,51758341.65760018
2025-12-21 03:14:59.898000+00:00,2025-12-21 03:00:00+00:00,continuous,87911.6,88068.0,87899.8,87990.7,38451274.144400045
2025-12-21 03:29:59.900000+00:00,2025-12-21 03:15:00+00:00,continuous,87990.7,88127.9,87986.6,88028.5,30845887.32230013
2025-12-21 03:44:59.185000+00:00,2025-12-21 03:30:00+00:00,continuous,88028.5,88096.8,88000.0,88013.6,16279037.46030001
2025-12-21 03:59:59.975000+00:00,2025-12-21 03:45:00+00:00,continuous,88013.6,88043.3,88013.5,88043.2,11788444.606699966
2025-12-21 04:14:59.067000+00:00,2025-12-21 04:00:00+00:00,continuous,88043.3,88119.3,88010.0,88044.9,19716852.91930018
2025-12-21 04:29:59.575000+00:00,2025-12-21 04:15:00+00:00,continuous,88044.9,88098.0,88044.9,88086.0,11048120.8447
2025-12-21 04:44:59.024000+00:00,2025-12-21 04:30:00+00:00,continuous,88086.0,88100.0,88040.3,88051.7,12110809.426399997
2025-12-21 04:59:59.334000+00:00,2025-12-21 04:45:00+00:00,continuous,88051.7,88051.7,88012.8,88036.4,7551401.553000022
2025-12-21 05:14:59.249000+00:00,2025-12-21 05:00:00+00:00,continuous,88036.4,88084.6,88015.0,88079.0,10869599.698900005
2025-12-21 05:29:59.631000+00:00,2025-12-21 05:15:00+00:00,continuous,88079.1,88123.8,88023.0,88104.1,18740719.461400013
2025-12-21 05:44:57.504000+00:00,2025-12-21 05:30:00+00:00,continuous,88104.1,88114.0,88072.3,88080.0,8812607.271499991
2025-12-21 05:59:59.005000+00:00,2025-12-21 05:45:00+00:00,continuous,88080.0,88110.4,88060.1,88102.0,8874013.500200015
2025-12-21 06:14:59.173000+00:00,2025-12-21 06:00:00+00:00,continuous,88102.0,88161.6,88073.6,88148.5,17581332.033999946
2025-12-21 06:29:58.324000+00:00,2025-12-21 06:15:00+00:00,continuous,88148.6,88174.5,88110.8,88130.1,16860974.628499962
2025-12-21 06:44:59.744000+00:00,2025-12-21 06:30:00+00:00,continuous,88130.1,88154.7,88069.9,88075.0,19368099.84829994
2025-12-21 06:59:59.247000+00:00,2025-12-21 06:45:00+00:00,continuous,88075.0,88102.8,88030.0,88057.3,16634003.32579995
2025-12-21 07:14:59.699000+00:00,2025-12-21 07:00:00+00:00,continuous,88057.4,88122.4,88057.3,88079.0,10334338.581699938
2025-12-21 07:29:58.959000+00:00,2025-12-21 07:15:00+00:00,continuous,88079.0,88107.9,88068.0,88071.5,9547918.228600005
2025-12-21 07:44:59.814000+00:00,2025-12-21 07:30:00+00:00,continuous,88071.6,88097.3,88013.0,88029.6,24301446.829200048
2025-12-21 07:59:59.631000+00:00,2025-12-21 07:45:00+00:00,continuous,88029.7,88139.6,88029.6,88138.7,21863000.0963
2025-12-21 08:14:59.926000+00:00,2025-12-21 08:00:00+00:00,continuous,88138.8,88165.9,88103.3,88122.9,20348389.236000024
2025-12-21 08:29:59.968000+00:00,2025-12-21 08:15:00+00:00,continuous,88122.9,88237.8,88111.5,88233.0,42864110.805900104
2025-12-21 08:44:59.915000+00:00,2025-12-21 08:30:00+00:00,continuous,88232.9,88729.2,88205.9,88579.0,249136691.22009984
2025-12-21 08:59:59.843000+00:00,2025-12-21 08:45:00+00:00,continuous,88578.9,88630.4,88429.2,88509.0,120621164.68799959
2025-12-21 09:14:59.547000+00:00,2025-12-21 09:00:00+00:00,continuous,88509.0,88766.7,88465.0,88657.2,137062356.02119908
2025-12-21 09:29:59.997000+00:00,2025-12-21 09:15:00+00:00,continuous,88657.2,88791.1,88597.6,88597.6,74234620.14359966
2025-12-21 09:44:59.981000+00:00,2025-12-21 09:30:00+00:00,continuous,88597.4,88923.2,88596.7,88807.7,118269321.39510086
2025-12-21 09:59:59.925000+00:00,2025-12-21 09:45:00+00:00,continuous,88808.0,89050.0,88805.7,88868.0,176195822.8318996
2025-12-21 10:14:59.948000+00:00,2025-12-21 10:00:00+00:00,continuous,88868.0,88940.0,88733.1,88758.0,100936077.03120032
2025-12-21 10:29:59.964000+00:00,2025-12-21 10:15:00+00:00,continuous,88758.1,88805.7,88680.6,88722.5,57960309.40869995
2025-12-21 10:44:59.892000+00:00,2025-12-21 10:30:00+00:00,continuous,88722.6,88775.3,88536.0,88687.1,103773095.24740039
2025-12-21 10:59:59.284000+00:00,2025-12-21 10:45:00+00:00,continuous,88687.1,88695.3,88545.3,88633.1,41457407.39059992
2025-12-21 11:14:59.247000+00:00,2025-12-21 11:00:00+00:00,continuous,88633.2,88642.4,88544.3,88598.6,39351352.55700011
2025-12-21 11:29:58.957000+00:00,2025-12-21 11:15:00+00:00,continuous,88598.7,88722.0,88569.7,88650.2,38734213.279400185
2025-12-21 11:44:59.250000+00:00,2025-12-21 11:30:00+00:00,continuous,88650.2,88674.8,88550.0,88571.8,26852132.489999965
2025-12-21 11:59:59.782000+00:00,2025-12-21 11:45:00+00:00,continuous,88571.7,88617.5,88551.4,88570.6,19580611.446799986
2025-12-21 12:14:59.466000+00:00,2025-12-21 12:00:00+00:00,continuous,88570.7,88744.8,88555.0,88719.4,55073889.704300165
2025-12-21 12:29:59.682000+00:00,2025-12-21 12:15:00+00:00,continuous,88719.4,88885.9,88711.4,88794.6,73892424.4740002
2025-12-21 12:44:59.976000+00:00,2025-12-21 12:30:00+00:00,continuous,88794.6,88875.0,88508.8,88535.3,87805623.21540014
2025-12-21 12:59:59.788000+00:00,2025-12-21 12:45:00+00:00,continuous,88535.4,88613.3,88412.9,88588.6,100976724.92249991
2025-12-21 13:14:59.897000+00:00,2025-12-21 13:00:00+00:00,continuous,88588.6,88660.4,88224.6,88299.2,213164063.38909712
2025-12-21 13:29:59.356000+00:00,2025-12-21 13:15:00+00:00,continuous,88299.1,88320.0,88139.7,88175.1,156025005.05250013
2025-12-21 13:44:59.877000+00:00,2025-12-21 13:30:00+00:00,continuous,88175.1,88182.0,87670.0,87881.3,495402934.9283999
2025-12-21 13:59:59.906000+00:00,2025-12-21 13:45:00+00:00,continuous,87881.2,87905.9,87548.5,87630.5,239474703.3560002
2025-12-21 14:14:59.828000+00:00,2025-12-21 14:00:00+00:00,continuous,87630.4,88119.9,87575.7,87844.2,345223079.3799992
2025-12-21 14:29:59.899000+00:00,2025-12-21 14:15:00+00:00,continuous,87844.3,87987.5,87750.0,87861.7,75199103.98140015
2025-12-21 14:44:59.846000+00:00,2025-12-21 14:30:00+00:00,continuous,87861.7,88008.3,87783.0,88002.6,74337078.50670035
2025-12-21 14:59:59.074000+00:00,2025-12-21 14:45:00+00:00,continuous,88002.7,88041.4,87906.3,88019.1,48658626.01990013
2025-12-21 15:14:59.938000+00:00,2025-12-21 15:00:00+00:00,continuous,88019.0,88033.5,87866.9,87898.2,42975084.39130015
2025-12-21 15:29:59.738000+00:00,2025-12-21 15:15:00+00:00,continuous,87898.1,87926.4,87763.2,87859.0,58584788.688600264
2025-12-21 15:44:59.878000+00:00,2025-12-21 15:30:00+00:00,continuous,87858.9,88063.0,87849.8,87953.3,61287841.45940013
2025-12-21 15:59:59.267000+00:00,2025-12-21 15:45:00+00:00,continuous,87953.3,88254.9,87924.8,88024.7,137950056.1844998
2025-12-21 16:14:59.504000+00:00,2025-12-21 16:00:00+00:00,continuous,88024.7,88117.9,87944.0,88007.3,48745983.05079998
2025-12-21 16:29:59.510000+00:00,2025-12-21 16:15:00+00:00,continuous,88007.4,88315.5,87936.3,88169.5,123015410.06519994
2025-12-21 16:44:59.358000+00:00,2025-12-21 16:30:00+00:00,continuous,88169.5,88223.5,88126.2,88144.0,47351315.353599735
2025-12-21 16:59:59.371000+00:00,2025-12-21 16:45:00+00:00,continuous,88144.1,88329.1,88131.3,88309.8,32975952.047000013
2025-12-21 17:14:59.936000+00:00,2025-12-21 17:00:00+00:00,continuous,88309.9,88405.5,88286.5,88372.5,72790453.26500015
2025-12-21 17:29:59.598000+00:00,2025-12-21 17:15:00+00:00,continuous,88372.5,88453.9,88222.7,88270.0,72215201.45860003
2025-12-21 17:44:59.449000+00:00,2025-12-21 17:30:00+00:00,continuous,88270.1,88348.1,88238.7,88345.8,28616246.513500128
2025-12-21 17:59:59.807000+00:00,2025-12-21 17:45:00+00:00,continuous,88345.8,88370.0,88232.7,88283.6,26225311.392900094
2025-12-21 18:14:59.638000+00:00,2025-12-21 18:00:00+00:00,continuous,88283.7,88283.7,87902.0,87943.1,100242498.53869987
2025-12-21 18:29:58.892000+00:00,2025-12-21 18:15:00+00:00,continuous,87943.0,88098.5,87919.1,88086.5,41402694.49090012
2025-12-21 18:44:59.604000+00:00,2025-12-21 18:30:00+00:00,continuous,88086.5,88268.3,88069.5,88231.4,56973326.19780023
2025-12-21 18:59:59.825000+00:00,2025-12-21 18:45:00+00:00,continuous,88231.4,88424.9,88227.6,88406.9,45735232.10619999
2025-12-21 19:14:59.808000+00:00,2025-12-21 19:00:00+00:00,continuous,88406.8,88479.9,88233.8,88334.0,70881469.58790016
2025-12-21 19:29:59.196000+00:00,2025-12-21 19:15:00+00:00,continuous,88334.1,88351.2,88277.7,88320.3,15517524.704099994
2025-12-21 19:44:58.746000+00:00,2025-12-21 19:30:00+00:00,continuous,88320.3,88401.6,88162.1,88379.1,40703930.95420006
2025-12-21 19:59:59.574000+00:00,2025-12-21 19:45:00+00:00,continuous,88379.2,88588.0,88326.1,88448.2,77992071.89939997
2025-12-21 20:14:59.994000+00:00,2025-12-21 20:00:00+00:00,continuous,88448.3,88465.9,88268.1,88280.1,30543511.50249996
2025-12-21 20:29:59.005000+00:00,2025-12-21 20:15:00+00:00,continuous,88280.0,88323.6,88241.7,88248.1,23572721.07480002
2025-12-21 20:44:59.448000+00:00,2025-12-21 20:30:00+00:00,continuous,88248.1,88284.0,88234.1,88251.9,10238680.169900041
2025-12-21 20:59:57.827000+00:00,2025-12-21 20:45:00+00:00,continuous,88252.0,88257.9,88190.0,88195.6,17713739.70219999
2025-12-21 21:14:59.459000+00:00,2025-12-21 21:00:00+00:00,continuous,88195.7,88247.8,88135.9,88221.2,15829059.791200014
2025-12-21 21:29:59.659000+00:00,2025-12-21 21:15:00+00:00,continuous,88221.2,88338.2,88221.2,88299.6,19014995.958800025
2025-12-21 21:44:59.652000+00:00,2025-12-21 21:30:00+00:00,continuous,88299.7,88330.0,88171.2,88188.8,15204111.869800033
2025-12-21 21:59:59.651000+00:00,2025-12-21 21:45:00+00:00,continuous,88188.8,88205.4,88047.4,88121.6,37237526.108199924
2025-12-21 22:14:59.860000+00:00,2025-12-21 22:00:00+00:00,continuous,88121.6,88337.6,88074.3,88334.2,25674862.63879992
2025-12-21 22:29:58.068000+00:00,2025-12-21 22:15:00+00:00,continuous,88334.1,88431.0,88201.5,88318.6,35309482.134100124
2025-12-21 22:44:59.343000+00:00,2025-12-21 22:30:00+00:00,continuous,88318.6,88410.9,88253.1,88343.1,26433913.878100105
2025-12-21 22:59:58.823000+00:00,2025-12-21 22:45:00+00:00,continuous,88343.1,88459.0,88325.9,88440.2,23631976.143100034
2025-12-21 23:14:59.820000+00:00,2025-12-21 23:00:00+00:00,continuous,88440.3,88786.9,88435.8,88478.7,145933352.4106996
2025-12-21 23:29:59.834000+00:00,2025-12-21 23:15:00+00:00,continuous,88478.6,88611.3,88398.2,88406.1,52457401.03869982
2025-12-21 23:44:59.521000+00:00,2025-12-21 23:30:00+00:00,continuous,88406.2,88531.6,88325.0,88438.8,40190913.59889998
2025-12-21 23:59:59.811000+00:00,2025-12-21 23:45:00+00:00,continuous,88438.9,88622.5,88438.8,88621.3,34039974.19929996
2025-12-22 00:14:59.988000+00:00,2025-12-22 00:00:00+00:00,continuous,88621.3,89450.0,88621.2,89450.0,409457140.96779644
2025-12-22 00:29:59.923000+00:00,2025-12-22 00:15:00+00:00,continuous,89450.0,89600.0,88740.1,88973.1,426050014.76769835
2025-12-22 00:44:59.798000+00:00,2025-12-22 00:30:00+00:00,continuous,88973.0,89279.9,88790.1,89096.0,131650202.01900084
2025-12-22 00:59:59.991000+00:00,2025-12-22 00:45:00+00:00,continuous,89095.9,89207.4,88521.7,88581.7,176203034.3615003
2025-12-22 01:14:59.824000+00:00,2025-12-22 01:00:00+00:00,continuous,88581.6,88994.7,88458.2,88939.8,219852168.46770126
2025-12-22 01:29:59.531000+00:00,2025-12-22 01:15:00+00:00,continuous,88939.7,89100.1,88894.8,88964.4,71734385.99439989
2025-12-22 01:44:59.909000+00:00,2025-12-22 01:30:00+00:00,continuous,88964.5,89250.0,88964.5,89040.6,85585844.12729974
2025-12-22 01:59:59.929000+00:00,2025-12-22 01:45:00+00:00,continuous,89040.5,89109.4,88504.9,88580.1,165023033.20850033
2025-12-22 02:14:59.747000+00:00,2025-12-22 02:00:00+00:00,continuous,88580.2,88618.1,87845.0,88139.9,516694811.0405964
2025-12-22 02:29:59.762000+00:00,2025-12-22 02:15:00+00:00,continuous,88140.0,88400.0,88043.0,88288.2,154381384.0981987
2025-12-22 02:44:59.968000+00:00,2025-12-22 02:30:00+00:00,continuous,88288.2,88508.5,88241.8,88340.8,99469417.16879986
2025-12-22 02:59:59.985000+00:00,2025-12-22 02:45:00+00:00,continuous,88340.9,88504.4,88340.8,88417.1,53350342.347700156
2025-12-22 03:14:59.827000+00:00,2025-12-22 03:00:00+00:00,continuous,88417.1,88610.3,88230.1,88536.6,109571678.62189955
2025-12-22 03:29:59.727000+00:00,2025-12-22 03:15:00+00:00,continuous,88536.7,88826.1,88527.1,88732.8,109623770.4125999
2025-12-22 03:44:59.057000+00:00,2025-12-22 03:30:00+00:00,continuous,88732.7,88793.6,88567.6,88668.8,71413966.73940003
2025-12-22 03:59:59.894000+00:00,2025-12-22 03:45:00+00:00,continuous,88668.8,88781.9,88632.9,88727.5,39085152.992099896
2025-12-22 04:14:59.703000+00:00,2025-12-22 04:00:00+00:00,continuous,88727.4,88790.9,88665.3,88738.6,32691900.07690001
2025-12-22 04:29:59.859000+00:00,2025-12-22 04:15:00+00:00,continuous,88738.6,88985.6,88738.5,88906.1,94221187.56759977
2025-12-22 04:44:59.987000+00:00,2025-12-22 04:30:00+00:00,continuous,88906.1,88983.5,88757.1,88950.0,65547086.99150027
2025-12-22 04:59:59.874000+00:00,2025-12-22 04:45:00+00:00,continuous,88950.0,88996.3,88807.7,88863.5,62267990.12130028
2025-12-22 05:14:59.430000+00:00,2025-12-22 05:00:00+00:00,continuous,88863.4,88961.7,88779.9,88784.2,46538567.85719991
2025-12-22 05:29:59.538000+00:00,2025-12-22 05:15:00+00:00,continuous,88784.3,88855.9,88712.1,88760.1,40784778.22469999
2025-12-22 05:44:59.752000+00:00,2025-12-22 05:30:00+00:00,continuous,88760.0,88966.0,88736.3,88875.6,35624144.83310009
2025-12-22 05:59:59.893000+00:00,2025-12-22 05:45:00+00:00,continuous,88875.0,88965.9,88756.5,88790.7,38648226.61309994
2025-12-22 06:14:59.820000+00:00,2025-12-22 06:00:00+00:00,continuous,88790.6,88831.3,88688.6,88710.0,40867405.863099776
2025-12-22 06:29:59.075000+00:00,2025-12-22 06:15:00+00:00,continuous,88710.0,88871.4,88705.7,88800.8,52830769.51299993
2025-12-22 06:44:59.350000+00:00,2025-12-22 06:30:00+00:00,continuous,88800.9,88979.4,88793.4,88929.8,38612888.64220001
2025-12-22 06:59:59.963000+00:00,2025-12-22 06:45:00+00:00,continuous,88929.9,88948.3,88844.8,88867.3,35682866.033399925
2025-12-22 07:14:59.696000+00:00,2025-12-22 07:00:00+00:00,continuous,88867.3,89160.0,88845.0,89109.0,87282339.49750015
2025-12-22 07:29:59.892000+00:00,2025-12-22 07:15:00+00:00,continuous,89109.0,89127.3,89014.2,89070.4,44548759.00629996
2025-12-22 07:44:59.319000+00:00,2025-12-22 07:30:00+00:00,continuous,89070.4,89173.8,89032.2,89106.5,47288785.12959986
2025-12-22 07:59:59.790000+00:00,2025-12-22 07:45:00+00:00,continuous,89106.5,89146.2,88982.8,89127.7,49689538.78540002
2025-12-22 08:14:59.894000+00:00,2025-12-22 08:00:00+00:00,continuous,89127.8,89244.4,89050.1,89159.0,91695377.49680029
2025-12-22 08:29:59.945000+00:00,2025-12-22 08:15:00+00:00,continuous,89159.0,89873.0,89149.9,89786.6,490217843.19170105
2025-12-22 08:44:59.969000+00:00,2025-12-22 08:30:00+00:00,continuous,89786.7,89887.9,89540.0,89706.9,226662417.1613019
2025-12-22 08:59:59.714000+00:00,2025-12-22 08:45:00+00:00,continuous,89706.9,89739.9,89177.0,89297.6,236921387.03519824
2025-12-22 09:14:59.381000+00:00,2025-12-22 09:00:00+00:00,continuous,89297.6,89500.0,89253.2,89297.8,100727286.36089942
2025-12-22 09:29:59.492000+00:00,2025-12-22 09:15:00+00:00,continuous,89297.9,89605.8,89270.4,89550.1,81114655.50820032
2025-12-22 09:44:59.599000+00:00,2025-12-22 09:30:00+00:00,continuous,89550.1,89689.6,89442.6,89557.8,88281523.81979957
2025-12-22 09:59:59.773000+00:00,2025-12-22 09:45:00+00:00,continuous,89557.7,89798.0,89526.7,89785.3,82769603.10950007
2025-12-22 10:14:59.951000+00:00,2025-12-22 10:00:00+00:00,continuous,89785.3,89837.4,89561.3,89645.3,92558825.62519975
2025-12-22 10:29:59.792000+00:00,2025-12-22 10:15:00+00:00,continuous,89645.2,89798.5,89627.2,89656.4,132261191.74400008
2025-12-22 10:44:59.736000+00:00,2025-12-22 10:30:00+00:00,continuous,89656.3,89822.6,89656.3,89785.9,60345751.44809981
2025-12-22 10:59:59.893000+00:00,2025-12-22 10:45:00+00:00,continuous,89786.0,89818.2,89739.0,89742.0,52189556.38899985
2025-12-22 11:14:59.532000+00:00,2025-12-22 11:00:00+00:00,continuous,89742.0,89850.0,89639.4,89745.6,83395004.20829974
2025-12-22 11:29:59.561000+00:00,2025-12-22 11:15:00+00:00,continuous,89745.7,89875.7,89607.7,89803.9,80726474.98020014
2025-12-22 11:44:59.813000+00:00,2025-12-22 11:30:00+00:00,continuous,89803.9,90050.0,89740.8,89827.8,286648462.8402975
2025-12-22 11:59:59.716000+00:00,2025-12-22 11:45:00+00:00,continuous,89827.8,90085.0,89816.4,89905.2,136620833.67459983
2025-12-22 12:14:59.974000+00:00,2025-12-22 12:00:00+00:00,continuous,89905.2,90070.0,89811.6,90039.4,125366643.9006007
2025-12-22 12:29:59.947000+00:00,2025-12-22 12:15:00+00:00,continuous,90039.4,90286.7,90039.4,90268.4,219006581.57940045
2025-12-22 12:44:59.893000+00:00,2025-12-22 12:30:00+00:00,continuous,90268.3,90599.0,90016.1,90118.0,377699283.4367025
2025-12-22 12:59:59.943000+00:00,2025-12-22 12:45:00+00:00,continuous,90118.1,90265.0,90035.9,90171.2,100186068.18220031
2025-12-22 13:14:59.919000+00:00,2025-12-22 13:00:00+00:00,continuous,90171.3,90286.8,90048.7,90123.3,92339850.08319987
2025-12-22 13:29:58.873000+00:00,2025-12-22 13:15:00+00:00,continuous,90123.3,90138.9,89934.3,90086.3,142994551.40180042
2025-12-22 13:44:59.920000+00:00,2025-12-22 13:30:00+00:00,continuous,90086.4,90086.4,89685.0,89727.3,195089307.5114002
2025-12-22 13:59:59.726000+00:00,2025-12-22 13:45:00+00:00,continuous,89727.4,89946.3,89727.3,89882.6,114600508.37559949
2025-12-22 14:14:59.625000+00:00,2025-12-22 14:00:00+00:00,continuous,89882.6,90100.0,89865.6,89940.5,111774462.87990029
2025-12-22 14:29:59.617000+00:00,2025-12-22 14:15:00+00:00,continuous,89940.4,90147.0,89911.0,89924.3,102315398.67250058
2025-12-22 14:44:59.929000+00:00,2025-12-22 14:30:00+00:00,continuous,89924.3,90166.0,89381.3,89783.5,561921082.5316004
2025-12-22 14:59:59.851000+00:00,2025-12-22 14:45:00+00:00,continuous,89783.4,90259.6,89680.4,90088.4,374467930.8340013
2025-12-22 15:14:59.986000+00:00,2025-12-22 15:00:00+00:00,continuous,90088.4,90451.9,89560.0,89560.0,449721963.7066003
2025-12-22 15:29:59.824000+00:00,2025-12-22 15:15:00+00:00,continuous,89560.1,89810.8,89109.1,89564.0,387992439.41380215
2025-12-22 15:44:59.712000+00:00,2025-12-22 15:30:00+00:00,continuous,89564.0,89629.0,89151.9,89370.8,264859667.26730004
2025-12-22 15:59:59.946000+00:00,2025-12-22 15:45:00+00:00,continuous,89370.8,89886.1,89225.7,89688.5,248825094.15219843
2025-12-22 16:14:59.931000+00:00,2025-12-22 16:00:00+00:00,continuous,89688.6,89926.8,89606.5,89776.5,180116985.30140093
2025-12-22 16:29:59.584000+00:00,2025-12-22 16:15:00+00:00,continuous,89776.6,90088.0,89776.5,90034.9,115881509.2664998
2025-12-22 16:44:59.879000+00:00,2025-12-22 16:30:00+00:00,continuous,90034.9,90035.0,89472.6,89557.6,203915101.30119985
2025-12-22 16:59:59.660000+00:00,2025-12-22 16:45:00+00:00,continuous,89557.3,89735.6,89506.7,89508.4,58060747.29469978
2025-12-22 17:14:59.986000+00:00,2025-12-22 17:00:00+00:00,continuous,89508.5,89545.2,89044.9,89248.1,236213366.83409956
2025-12-22 17:29:59.983000+00:00,2025-12-22 17:15:00+00:00,continuous,89248.1,89350.0,89050.0,89302.9,134451423.6372006
2025-12-22 17:44:59.408000+00:00,2025-12-22 17:30:00+00:00,continuous,89302.8,89487.5,89210.0,89273.2,110396499.08069985
2025-12-22 17:59:59.798000+00:00,2025-12-22 17:45:00+00:00,continuous,89273.3,89369.9,89161.1,89271.0,64436450.51520019
2025-12-22 18:14:59.715000+00:00,2025-12-22 18:00:00+00:00,continuous,89271.0,89462.1,89201.7,89340.3,85869008.55140015
2025-12-22 18:29:59.851000+00:00,2025-12-22 18:15:00+00:00,continuous,89340.2,89488.8,89212.6,89434.1,65480539.165599965
2025-12-22 18:44:59.281000+00:00,2025-12-22 18:30:00+00:00,continuous,89434.1,89477.5,89276.5,89372.9,40670625.017799824
2025-12-22 18:59:59.600000+00:00,2025-12-22 18:45:00+00:00,continuous,89373.0,89448.7,89102.0,89104.8,62902143.93710009
2025-12-22 19:14:59.975000+00:00,2025-12-22 19:00:00+00:00,continuous,89104.9,89109.7,88613.8,88669.0,344190463.9187023
2025-12-22 19:29:59.818000+00:00,2025-12-22 19:15:00+00:00,continuous,88669.1,88839.8,88471.4,88492.2,153334150.1992997
2025-12-22 19:44:59.995000+00:00,2025-12-22 19:30:00+00:00,continuous,88492.2,88590.0,88258.5,88303.0,217672220.04560134
2025-12-22 19:59:59.972000+00:00,2025-12-22 19:45:00+00:00,continuous,88303.0,88329.0,87906.7,88011.1,255547125.11660045
2025-12-22 20:14:59.616000+00:00,2025-12-22 20:00:00+00:00,continuous,88011.0,88239.4,87913.0,88114.2,256963261.80019775
2025-12-22 20:29:59.897000+00:00,2025-12-22 20:15:00+00:00,continuous,88114.3,88145.8,87872.6,88035.2,141676103.0348002
2025-12-22 20:44:59.892000+00:00,2025-12-22 20:30:00+00:00,continuous,88035.2,88300.0,88007.1,88299.9,129963327.04750028
2025-12-22 20:59:59.995000+00:00,2025-12-22 20:45:00+00:00,continuous,88300.0,88445.9,88100.0,88305.9,188012566.16759834
2025-12-22 21:14:59.430000+00:00,2025-12-22 21:00:00+00:00,continuous,88305.3,88466.0,88270.8,88297.9,76658417.18539982
2025-12-22 21:29:59.638000+00:00,2025-12-22 21:15:00+00:00,continuous,88297.9,88409.3,88277.8,88399.2,40515312.88389982
2025-12-22 21:44:59.940000+00:00,2025-12-22 21:30:00+00:00,continuous,88399.1,88574.2,88392.2,88509.8,77530675.72209983
2025-12-22 21:59:59.914000+00:00,2025-12-22 21:45:00+00:00,continuous,88509.7,88512.5,88186.6,88232.1,63986216.67999964
2025-12-22 22:14:59.730000+00:00,2025-12-22 22:00:00+00:00,continuous,88232.0,88349.4,88100.0,88251.2,63580980.07200001
2025-12-22 22:29:59.851000+00:00,2025-12-22 22:15:00+00:00,continuous,88251.3,88397.1,88233.6,88395.2,44985412.332000256
2025-12-22 22:44:59.859000+00:00,2025-12-22 22:30:00+00:00,continuous,88395.2,88425.7,88261.3,88330.3,49395256.56090023
2025-12-22 22:59:59.940000+00:00,2025-12-22 22:45:00+00:00,continuous,88330.3,88805.9,88330.3,88616.1,184674861.01950046
2025-12-22 23:14:59.566000+00:00,2025-12-22 23:00:00+00:00,continuous,88616.0,88679.0,88453.5,88596.3,122793391.70059972
2025-12-22 23:29:59.891000+00:00,2025-12-22 23:15:00+00:00,continuous,88596.3,88639.7,88500.0,88614.2,76753477.0085002
2025-12-22 23:44:59.044000+00:00,2025-12-22 23:30:00+00:00,continuous,88614.1,88617.8,88409.2,88461.3,56339568.45630011
2025-12-22 23:59:59.941000+00:00,2025-12-22 23:45:00+00:00,continuous,88461.4,88612.5,88388.0,88581.5,54060754.78519999
2025-12-23 00:14:59.884000+00:00,2025-12-23 00:00:00+00:00,continuous,88581.5,88581.5,88461.2,88517.4,47427268.19900017
2025-12-23 00:29:59.780000+00:00,2025-12-23 00:15:00+00:00,continuous,88517.4,88676.6,88501.9,88591.2,75916289.33120058
2025-12-23 00:44:59.527000+00:00,2025-12-23 00:30:00+00:00,continuous,88591.1,88904.9,88536.6,88703.7,135133081.49239972
2025-12-23 00:59:59.268000+00:00,2025-12-23 00:45:00+00:00,continuous,88703.7,88817.3,88637.9,88731.5,60900079.902399845
2025-12-23 01:14:59.793000+00:00,2025-12-23 01:00:00+00:00,continuous,88731.6,88855.4,88580.4,88580.4,76591617.59169964
2025-12-23 01:29:59.554000+00:00,2025-12-23 01:15:00+00:00,continuous,88580.4,88650.0,88533.2,88548.8,47697774.9557996
2025-12-23 01:44:59.146000+00:00,2025-12-23 01:30:00+00:00,continuous,88548.8,88619.0,88379.0,88453.4,64198357.44889986
2025-12-23 01:59:59.003000+00:00,2025-12-23 01:45:00+00:00,continuous,88453.3,88514.7,88420.0,88470.9,48676327.443300076
2025-12-23 02:14:59.275000+00:00,2025-12-23 02:00:00+00:00,continuous,88470.9,88611.6,88250.0,88528.2,114190435.0157001
2025-12-23 02:29:59.660000+00:00,2025-12-23 02:15:00+00:00,continuous,88528.2,88722.0,88523.1,88671.8,70639800.57399969
2025-12-23 02:44:59.887000+00:00,2025-12-23 02:30:00+00:00,continuous,88671.7,88712.4,88227.9,88228.9,114567749.72040004
2025-12-23 02:59:59.692000+00:00,2025-12-23 02:45:00+00:00,continuous,88229.0,88284.7,88070.0,88167.8,107632107.9483998
2025-12-23 03:14:59.442000+00:00,2025-12-23 03:00:00+00:00,continuous,88167.7,88186.2,87738.3,88093.1,285141496.1430001
2025-12-23 03:29:59.802000+00:00,2025-12-23 03:15:00+00:00,continuous,88093.0,88244.6,88029.4,88185.9,94073323.24099982
2025-12-23 03:44:59.626000+00:00,2025-12-23 03:30:00+00:00,continuous,88185.9,88323.0,88113.8,88290.8,66397406.661199495
2025-12-23 03:59:59.882000+00:00,2025-12-23 03:45:00+00:00,continuous,88290.8,88290.9,88117.7,88128.2,51160029.129999824
2025-12-23 04:14:59.999000+00:00,2025-12-23 04:00:00+00:00,continuous,88128.2,88335.0,88041.0,88268.9,69295332.42529984
2025-12-23 04:29:59.911000+00:00,2025-12-23 04:15:00+00:00,continuous,88269.1,88342.0,88217.9,88218.4,29222444.73520001
2025-12-23 04:44:59.839000+00:00,2025-12-23 04:30:00+00:00,continuous,88218.4,88226.8,88028.0,88087.2,45019921.16550001
2025-12-23 04:59:59.808000+00:00,2025-12-23 04:45:00+00:00,continuous,88087.3,88118.7,87889.6,87892.0,86517852.38879982
2025-12-23 05:14:59.942000+00:00,2025-12-23 05:00:00+00:00,continuous,87892.1,87958.0,87800.0,87865.7,83042395.3570001
2025-12-23 05:29:59.915000+00:00,2025-12-23 05:15:00+00:00,continuous,87865.6,87988.0,87833.2,87971.2,37876044.51859992
2025-12-23 05:44:59.877000+00:00,2025-12-23 05:30:00+00:00,continuous,87971.2,87971.3,87547.7,87744.0,216428562.8586003
2025-12-23 05:59:59.671000+00:00,2025-12-23 05:45:00+00:00,continuous,87744.0,87810.0,87573.2,87726.6,97488611.16649996
2025-12-23 06:14:59.887000+00:00,2025-12-23 06:00:00+00:00,continuous,87726.7,87745.0,87333.7,87503.2,259367883.0920018
2025-12-23 06:29:59.932000+00:00,2025-12-23 06:15:00+00:00,continuous,87503.1,87577.7,86976.6,87169.8,474898513.4256961
2025-12-23 06:44:59.880000+00:00,2025-12-23 06:30:00+00:00,continuous,87169.9,87320.5,87057.6,87258.0,151077501.6031014
2025-12-23 06:59:59.991000+00:00,2025-12-23 06:45:00+00:00,continuous,87258.0,87450.0,87202.1,87355.2,111181569.33200014
2025-12-23 07:14:59.891000+00:00,2025-12-23 07:00:00+00:00,continuous,87355.4,87492.4,87318.7,87401.6,121421775.45729996
2025-12-23 07:29:59.792000+00:00,2025-12-23 07:15:00+00:00,continuous,87401.6,87567.3,87342.0,87555.1,102415852.76710007
2025-12-23 07:44:59.535000+00:00,2025-12-23 07:30:00+00:00,continuous,87555.1,87585.2,87461.5,87474.8,76164307.82480024
2025-12-23 07:59:59.248000+00:00,2025-12-23 07:45:00+00:00,continuous,87474.8,87651.4,87474.7,87531.3,67554561.09179997
2025-12-23 08:14:59.576000+00:00,2025-12-23 08:00:00+00:00,continuous,87531.3,87603.9,87461.9,87554.9,57969475.402800165
2025-12-23 08:29:59.571000+00:00,2025-12-23 08:15:00+00:00,continuous,87555.0,87662.6,87500.0,87582.1,60200234.4423003
2025-12-23 08:44:59.965000+00:00,2025-12-23 08:30:00+00:00,continuous,87582.0,87645.4,87550.5,87565.7,43485517.51680006
2025-12-23 08:59:59.948000+00:00,2025-12-23 08:45:00+00:00,continuous,87565.7,87577.7,87389.0,87426.8,92412931.33039974
2025-12-23 09:14:59.560000+00:00,2025-12-23 09:00:00+00:00,continuous,87426.7,87570.6,87417.8,87524.3,59264174.35640007
2025-12-23 09:29:59.070000+00:00,2025-12-23 09:15:00+00:00,continuous,87524.3,87595.5,87333.3,87398.0,71522607.05740003
2025-12-23 09:44:59.237000+00:00,2025-12-23 09:30:00+00:00,continuous,87398.0,87460.5,87256.3,87449.2,65224613.08620014
2025-12-23 09:59:59.944000+00:00,2025-12-23 09:45:00+00:00,continuous,87449.2,87542.1,87429.7,87494.4,33652176.79140009
2025-12-23 10:14:59.638000+00:00,2025-12-23 10:00:00+00:00,continuous,87494.3,87576.2,87467.5,87510.7,32160457.028300036
2025-12-23 10:29:59.437000+00:00,2025-12-23 10:15:00+00:00,continuous,87510.7,87614.6,87500.0,87582.3,37462982.336999916
2025-12-23 10:44:58.682000+00:00,2025-12-23 10:30:00+00:00,continuous,87582.2,87595.7,87468.0,87558.3,48269257.12779978
2025-12-23 10:59:59.095000+00:00,2025-12-23 10:45:00+00:00,continuous,87558.3,87630.0,87532.8,87570.3,57784206.27320015
2025-12-23 11:14:59.508000+00:00,2025-12-23 11:00:00+00:00,continuous,87570.3,87670.4,87520.1,87639.2,66268507.11349998
2025-12-23 11:29:59.853000+00:00,2025-12-23 11:15:00+00:00,continuous,87639.1,87852.0,87611.6,87710.3,231197308.71999922
2025-12-23 11:44:59.928000+00:00,2025-12-23 11:30:00+00:00,continuous,87710.3,87780.7,87653.8,87778.7,51578419.77140007
2025-12-23 11:59:59.380000+00:00,2025-12-23 11:45:00+00:00,continuous,87778.7,87830.1,87761.3,87813.9,51289317.751999915
2025-12-23 12:14:59.945000+00:00,2025-12-23 12:00:00+00:00,continuous,87813.8,87900.0,87650.0,87773.7,145130323.67459917
2025-12-23 12:29:59.947000+00:00,2025-12-23 12:15:00+00:00,continuous,87773.6,87782.5,87564.0,87601.4,73058419.83559981
2025-12-23 12:44:59.874000+00:00,2025-12-23 12:30:00+00:00,continuous,87601.4,87855.7,87546.0,87835.1,75442129.74700008
2025-12-23 12:59:59.984000+00:00,2025-12-23 12:45:00+00:00,continuous,87835.0,87914.0,87737.3,87737.3,68311818.47359976
2025-12-23 13:14:59.939000+00:00,2025-12-23 13:00:00+00:00,continuous,87737.3,87750.1,87656.5,87729.0,59433979.25060027
2025-12-23 13:29:59.877000+00:00,2025-12-23 13:15:00+00:00,continuous,87728.9,87858.6,87610.0,87795.6,73714396.93890028
2025-12-23 13:44:59.311000+00:00,2025-12-23 13:30:00+00:00,continuous,87795.5,87858.3,87345.8,87670.0,195254635.56309918
2025-12-23 13:59:59.976000+00:00,2025-12-23 13:45:00+00:00,continuous,87670.0,87670.1,87428.0,87567.7,105231045.0715998
2025-12-23 14:14:59.992000+00:00,2025-12-23 14:00:00+00:00,continuous,87567.8,87792.9,87563.9,87712.1,124616805.10180005
2025-12-23 14:29:59.971000+00:00,2025-12-23 14:15:00+00:00,continuous,87712.1,87718.7,87523.4,87602.9,87725601.13509992
2025-12-23 14:44:59.995000+00:00,2025-12-23 14:30:00+00:00,continuous,87603.0,87716.4,87222.6,87384.5,321601825.23630136
2025-12-23 14:59:59.935000+00:00,2025-12-23 14:45:00+00:00,continuous,87384.4,87393.1,86536.0,86837.3,848603149.7294066
2025-12-23 15:14:59.999000+00:00,2025-12-23 15:00:00+00:00,continuous,86837.2,87118.1,86670.2,86924.7,333397824.333197
2025-12-23 15:29:59.902000+00:00,2025-12-23 15:15:00+00:00,continuous,86924.8,87474.6,86924.8,87252.4,279929226.8075996
2025-12-23 15:44:59.691000+00:00,2025-12-23 15:30:00+00:00,continuous,87252.3,87523.2,87200.4,87350.0,121940682.54780015
2025-12-23 15:59:59.694000+00:00,2025-12-23 15:45:00+00:00,continuous,87350.1,87469.9,87213.8,87405.3,87700570.14989977
2025-12-23 16:14:59.998000+00:00,2025-12-23 16:00:00+00:00,continuous,87405.2,88178.7,87286.0,87726.7,609159715.2138978
2025-12-23 16:29:59.402000+00:00,2025-12-23 16:15:00+00:00,continuous,87726.9,87993.8,87707.3,87819.0,155904825.0082017
2025-12-23 16:44:59.516000+00:00,2025-12-23 16:30:00+00:00,continuous,87818.9,87880.0,87629.4,87798.9,104212085.07280008
2025-12-23 16:59:59.889000+00:00,2025-12-23 16:45:00+00:00,continuous,87799.0,88116.0,87766.5,87959.8,187813091.67490104
2025-12-23 17:14:59.931000+00:00,2025-12-23 17:00:00+00:00,continuous,87959.8,88247.8,87818.1,87827.5,187593803.44059998
2025-12-23 17:29:59.844000+00:00,2025-12-23 17:15:00+00:00,continuous,87827.4,88061.3,87695.3,87695.4,121494851.65020068
2025-12-23 17:44:59.601000+00:00,2025-12-23 17:30:00+00:00,continuous,87695.3,87848.0,87623.1,87775.6,144428738.3662001
2025-12-23 17:59:59.896000+00:00,2025-12-23 17:45:00+00:00,continuous,87775.6,87781.9,87129.0,87138.1,221262656.5288009
2025-12-23 18:14:59.684000+00:00,2025-12-23 18:00:00+00:00,continuous,87138.1,87577.0,87121.4,87543.3,234232593.38530144
2025-12-23 18:29:59.894000+00:00,2025-12-23 18:15:00+00:00,continuous,87543.2,87880.0,87516.4,87795.4,195519018.41719976
2025-12-23 18:44:59.856000+00:00,2025-12-23 18:30:00+00:00,continuous,87795.4,88150.0,87740.0,88090.0,278512619.198999
2025-12-23 18:59:59.895000+00:00,2025-12-23 18:45:00+00:00,continuous,88089.9,88090.0,87851.1,87950.0,120005619.22970031
2025-12-23 19:14:59.926000+00:00,2025-12-23 19:00:00+00:00,continuous,87950.1,88017.3,87751.6,87880.0,102916452.32109997
2025-12-23 19:29:59.832000+00:00,2025-12-23 19:15:00+00:00,continuous,87880.0,88000.0,87613.3,87651.5,88105053.96889979
2025-12-23 19:44:59.339000+00:00,2025-12-23 19:30:00+00:00,continuous,87651.4,87885.1,87615.9,87786.0,54730957.04099984
2025-12-23 19:59:59.031000+00:00,2025-12-23 19:45:00+00:00,continuous,87786.1,87850.0,87650.0,87724.2,47331550.68120008
2025-12-23 20:14:59.798000+00:00,2025-12-23 20:00:00+00:00,continuous,87724.2,87749.1,87491.4,87620.7,66376945.45040017
2025-12-23 20:29:59.217000+00:00,2025-12-23 20:15:00+00:00,continuous,87620.6,87880.7,87620.6,87739.2,45126567.088999845
2025-12-23 20:44:59.965000+00:00,2025-12-23 20:30:00+00:00,continuous,87739.2,88273.0,87660.0,88174.6,147739343.66000023
2025-12-23 20:59:59.980000+00:00,2025-12-23 20:45:00+00:00,continuous,88174.5,88349.2,87658.3,87674.3,185265133.1458002
2025-12-23 21:14:59.819000+00:00,2025-12-23 21:00:00+00:00,continuous,87674.4,87775.3,87503.6,87670.1,92520315.76990055
2025-12-23 21:29:59.467000+00:00,2025-12-23 21:15:00+00:00,continuous,87670.0,87830.6,87627.8,87783.9,57828253.061700396
2025-12-23 21:44:59.601000+00:00,2025-12-23 21:30:00+00:00,continuous,87783.9,87788.2,87634.0,87687.5,37534774.26599996
2025-12-23 21:59:59.690000+00:00,2025-12-23 21:45:00+00:00,continuous,87687.4,87750.1,87610.0,87692.7,47148586.46899988
2025-12-23 22:14:59.674000+00:00,2025-12-23 22:00:00+00:00,continuous,87692.7,87751.7,87358.2,87451.5,80144314.70830016
2025-12-23 22:29:59.178000+00:00,2025-12-23 22:15:00+00:00,continuous,87451.6,87582.3,87375.0,87443.9,48999093.126400016
2025-12-23 22:44:59.944000+00:00,2025-12-23 22:30:00+00:00,continuous,87443.9,87642.7,87213.0,87543.8,105392921.6158002
2025-12-23 22:59:59.997000+00:00,2025-12-23 22:45:00+00:00,continuous,87543.8,87633.4,87309.0,87378.2,61148402.669099726
2025-12-23 23:14:59.979000+00:00,2025-12-23 23:00:00+00:00,continuous,87378.3,87384.6,87171.5,87289.0,76920699.84259984
2025-12-23 23:29:59.041000+00:00,2025-12-23 23:15:00+00:00,continuous,87289.0,87400.5,87145.0,87379.3,123251890.3078999
2025-12-23 23:44:58.080000+00:00,2025-12-23 23:30:00+00:00,continuous,87379.3,87488.4,87351.7,87458.2,65925693.032200046
2025-12-23 23:59:59.930000+00:00,2025-12-23 23:45:00+00:00,continuous,87458.2,87488.5,87388.4,87463.0,70178778.87530012
2025-12-24 00:14:59.184000+00:00,2025-12-24 00:00:00+00:00,continuous,87463.1,87634.2,87359.0,87381.0,131512251.54770017
2025-12-24 00:29:59.501000+00:00,2025-12-24 00:15:00+00:00,continuous,87380.9,87419.1,87230.8,87319.0,50879857.83810026
2025-12-24 00:44:59.965000+00:00,2025-12-24 00:30:00+00:00,continuous,87319.0,87533.8,87237.8,87476.6,32678850.395799864
2025-12-24 00:59:59.649000+00:00,2025-12-24 00:45:00+00:00,continuous,87476.5,87657.1,87476.5,87626.1,53192707.150400005
2025-12-24 01:14:59.825000+00:00,2025-12-24 01:00:00+00:00,continuous,87626.1,87849.9,87573.2,87714.9,82967964.01850007
2025-12-24 01:29:59.611000+00:00,2025-12-24 01:15:00+00:00,continuous,87715.0,87715.0,87603.9,87639.7,34091333.79269994
2025-12-24 01:44:59.271000+00:00,2025-12-24 01:30:00+00:00,continuous,87639.6,87735.0,87470.0,87510.4,69316190.7364
2025-12-24 01:59:59.425000+00:00,2025-12-24 01:45:00+00:00,continuous,87510.4,87655.8,87471.1,87603.1,33630738.32450008
2025-12-24 02:14:59.204000+00:00,2025-12-24 02:00:00+00:00,continuous,87603.1,87635.0,87300.1,87383.4,66242907.892000034
2025-12-24 02:29:59.790000+00:00,2025-12-24 02:15:00+00:00,continuous,87383.6,87460.0,87322.0,87391.1,48833626.527700245
2025-12-24 02:44:59.963000+00:00,2025-12-24 02:30:00+00:00,continuous,87391.0,87452.9,86958.0,87065.6,216119777.4724997
2025-12-24 02:59:59.151000+00:00,2025-12-24 02:45:00+00:00,continuous,87065.5,87150.0,86888.0,87100.1,160604734.30140048
2025-12-24 03:14:59.021000+00:00,2025-12-24 03:00:00+00:00,continuous,87100.1,87100.1,86817.9,87002.2,139289975.8757008
2025-12-24 03:29:59.831000+00:00,2025-12-24 03:15:00+00:00,continuous,87002.2,87227.0,86975.2,87195.0,92574782.07450007
2025-12-24 03:44:59.837000+00:00,2025-12-24 03:30:00+00:00,continuous,87195.0,87305.0,87195.0,87279.3,63205623.689299986
2025-12-24 03:59:59.980000+00:00,2025-12-24 03:45:00+00:00,continuous,87279.2,87359.4,87279.2,87311.4,64034614.33729985
2025-12-24 04:14:59.811000+00:00,2025-12-24 04:00:00+00:00,continuous,87311.4,87430.0,87284.0,87391.3,70996721.62869999
2025-12-24 04:29:59.622000+00:00,2025-12-24 04:15:00+00:00,continuous,87391.3,87406.8,87254.3,87281.7,60244484.938999906
2025-12-24 04:44:59.901000+00:00,2025-12-24 04:30:00+00:00,continuous,87281.7,87308.8,87161.2,87256.4,46004962.427499905
2025-12-24 04:59:59.543000+00:00,2025-12-24 04:45:00+00:00,continuous,87256.5,87307.2,87041.6,87110.6,43140031.983300075
2025-12-24 05:14:59.994000+00:00,2025-12-24 05:00:00+00:00,continuous,87110.5,87210.9,87025.8,87063.9,35607170.3603999
2025-12-24 05:29:59.064000+00:00,2025-12-24 05:15:00+00:00,continuous,87063.8,87223.1,87015.5,87131.2,51675207.82049997
2025-12-24 05:44:59.846000+00:00,2025-12-24 05:30:00+00:00,continuous,87131.3,87137.6,86777.0,86795.1,169018616.5808991
2025-12-24 05:59:59.931000+00:00,2025-12-24 05:45:00+00:00,continuous,86795.2,86994.9,86738.8,86920.1,103282287.59710005
2025-12-24 06:14:59.927000+00:00,2025-12-24 06:00:00+00:00,continuous,86920.1,86953.9,86822.0,86822.1,51659932.5897002
2025-12-24 06:29:59.222000+00:00,2025-12-24 06:15:00+00:00,continuous,86822.1,86985.0,86753.0,86935.3,65212143.141700305
2025-12-24 06:44:59.618000+00:00,2025-12-24 06:30:00+00:00,continuous,86935.2,87029.1,86882.9,86979.2,64785978.609300286
2025-12-24 06:59:59.930000+00:00,2025-12-24 06:45:00+00:00,continuous,86979.8,87030.0,86935.2,86980.1,41137878.18989997
2025-12-24 07:14:58.936000+00:00,2025-12-24 07:00:00+00:00,continuous,86980.0,87030.0,86958.5,87015.1,31678287.396799985
2025-12-24 07:29:58.727000+00:00,2025-12-24 07:15:00+00:00,continuous,87015.1,87050.0,86934.6,86963.1,28177133.82000001
2025-12-24 07:44:59.951000+00:00,2025-12-24 07:30:00+00:00,continuous,86963.2,87147.1,86960.6,87115.4,58933393.65930009
2025-12-24 07:59:59.947000+00:00,2025-12-24 07:45:00+00:00,continuous,87115.5,87146.9,86862.0,86868.1,62148163.848900095
2025-12-24 08:14:59.588000+00:00,2025-12-24 08:00:00+00:00,continuous,86868.2,86968.0,86825.0,86940.3,76613980.81830084
2025-12-24 08:29:59.077000+00:00,2025-12-24 08:15:00+00:00,continuous,86940.3,87040.2,86750.0,86895.1,73344613.43089958
2025-12-24 08:44:59.984000+00:00,2025-12-24 08:30:00+00:00,continuous,86895.2,86925.7,86750.0,86896.8,44303886.73409999
2025-12-24 08:59:59.956000+00:00,2025-12-24 08:45:00+00:00,continuous,86896.9,86938.4,86712.0,86751.5,55720706.50749996
2025-12-24 09:14:59.593000+00:00,2025-12-24 09:00:00+00:00,continuous,86751.6,86835.1,86751.6,86835.0,40978544.10019989
2025-12-24 09:29:59.600000+00:00,2025-12-24 09:15:00+00:00,continuous,86834.9,86848.5,86759.5,86799.9,27095766.46249999
2025-12-24 09:44:59.767000+00:00,2025-12-24 09:30:00+00:00,continuous,86799.9,86800.0,86671.7,86760.5,69907474.60169967
2025-12-24 09:59:59.629000+00:00,2025-12-24 09:45:00+00:00,continuous,86760.5,86865.2,86750.8,86763.6,31663315.00390001
2025-12-24 10:14:59.620000+00:00,2025-12-24 10:00:00+00:00,continuous,86763.6,87045.4,86759.5,87027.8,101494921.73649985
2025-12-24 10:29:59.641000+00:00,2025-12-24 10:15:00+00:00,continuous,87027.8,87070.0,86964.5,86999.8,64390337.425999835
2025-12-24 10:44:59.615000+00:00,2025-12-24 10:30:00+00:00,continuous,86999.7,87119.3,86999.7,87066.2,53759578.79749994
2025-12-24 10:59:59.954000+00:00,2025-12-24 10:45:00+00:00,continuous,87066.3,87160.0,87031.2,87042.8,56127446.278099865
2025-12-24 11:14:59.953000+00:00,2025-12-24 11:00:00+00:00,continuous,87042.8,87280.0,87042.8,87242.3,91848132.54109953
2025-12-24 11:29:59.989000+00:00,2025-12-24 11:15:00+00:00,continuous,87242.3,87316.7,87176.1,87189.7,68011504.56210019
2025-12-24 11:44:59.101000+00:00,2025-12-24 11:30:00+00:00,continuous,87189.6,87236.4,87152.7,87203.8,27269163.18320011
2025-12-24 11:59:59.518000+00:00,2025-12-24 11:45:00+00:00,continuous,87203.7,87273.8,87162.5,87162.6,33868304.38669998
2025-12-24 12:14:59.689000+00:00,2025-12-24 12:00:00+00:00,continuous,87162.6,87257.4,87087.0,87256.0,55105070.790300116
2025-12-24 12:29:59.971000+00:00,2025-12-24 12:15:00+00:00,continuous,87255.9,87366.0,87216.5,87282.3,60094909.51880006
2025-12-24 12:44:59.617000+00:00,2025-12-24 12:30:00+00:00,continuous,87282.3,87400.0,87274.1,87370.4,41438324.93160025
2025-12-24 12:59:58.281000+00:00,2025-12-24 12:45:00+00:00,continuous,87370.5,87450.0,87266.6,87393.1,62912222.68169996
2025-12-24 13:14:59.948000+00:00,2025-12-24 13:00:00+00:00,continuous,87393.0,87410.4,87239.6,87266.6,46306837.22359994
2025-12-24 13:29:59.135000+00:00,2025-12-24 13:15:00+00:00,continuous,87266.6,87307.9,87190.1,87228.7,37937959.315000124
2025-12-24 13:44:59.478000+00:00,2025-12-24 13:30:00+00:00,continuous,87228.6,87281.2,87009.3,87131.0,105820902.02260002
2025-12-24 13:59:59.354000+00:00,2025-12-24 13:45:00+00:00,continuous,87131.0,87284.5,87131.0,87250.5,51630275.27640007
2025-12-24 14:14:59.909000+00:00,2025-12-24 14:00:00+00:00,continuous,87250.5,87420.0,87250.5,87377.2,59009873.076300204
2025-12-24 14:29:59.951000+00:00,2025-12-24 14:15:00+00:00,continuous,87377.2,87393.6,87160.0,87196.6,43167367.23509983
2025-12-24 14:44:59.951000+00:00,2025-12-24 14:30:00+00:00,continuous,87196.5,87250.4,86355.0,86950.1,685906731.3355986
2025-12-24 14:59:59.981000+00:00,2025-12-24 14:45:00+00:00,continuous,86950.0,87254.8,86704.5,86950.0,222894937.4366011
2025-12-24 15:14:59.929000+00:00,2025-12-24 15:00:00+00:00,continuous,86950.0,87166.9,86837.5,86868.6,157927313.52290064
2025-12-24 15:29:59.738000+00:00,2025-12-24 15:15:00+00:00,continuous,86868.7,86978.6,86526.2,86817.5,160588056.55759954
2025-12-24 15:44:59.879000+00:00,2025-12-24 15:30:00+00:00,continuous,86817.6,87194.8,86799.8,87020.9,177820598.54650024
2025-12-24 15:59:59.584000+00:00,2025-12-24 15:45:00+00:00,continuous,87020.9,87116.3,86898.6,87012.0,57144898.29410029
2025-12-24 16:14:59.674000+00:00,2025-12-24 16:00:00+00:00,continuous,87012.0,87178.2,86942.5,87092.1,100835477.43400058
2025-12-24 16:29:59.638000+00:00,2025-12-24 16:15:00+00:00,continuous,87092.1,87119.0,86878.3,86939.7,50475429.7932002
2025-12-24 16:44:59.968000+00:00,2025-12-24 16:30:00+00:00,continuous,86939.8,87660.0,86939.7,87485.4,339931966.8826007
2025-12-24 16:59:59.905000+00:00,2025-12-24 16:45:00+00:00,continuous,87485.5,87500.0,87157.1,87250.6,91381282.35169968
2025-12-24 17:14:59.573000+00:00,2025-12-24 17:00:00+00:00,continuous,87250.6,87450.0,87243.1,87310.0,66558490.87699988
2025-12-24 17:29:59.890000+00:00,2025-12-24 17:15:00+00:00,continuous,87310.0,87439.8,87279.9,87421.8,37879992.739900105
2025-12-24 17:44:59.828000+00:00,2025-12-24 17:30:00+00:00,continuous,87421.8,87545.6,87281.2,87371.8,68126609.81430012
2025-12-24 17:59:59.539000+00:00,2025-12-24 17:45:00+00:00,continuous,87371.8,87447.5,87215.0,87284.5,70173833.80620012
2025-12-24 18:14:59.973000+00:00,2025-12-24 18:00:00+00:00,continuous,87284.6,87384.6,87195.6,87317.5,75815360.69979975
2025-12-24 18:29:59.821000+00:00,2025-12-24 18:15:00+00:00,continuous,87317.5,87478.7,87304.8,87383.5,59845206.25679999
2025-12-24 18:44:59.683000+00:00,2025-12-24 18:30:00+00:00,continuous,87383.6,87439.9,87357.8,87422.1,28524105.044700008
2025-12-24 18:59:59.701000+00:00,2025-12-24 18:45:00+00:00,continuous,87422.1,87470.0,87385.7,87435.0,18037714.839700013
2025-12-24 19:14:59.728000+00:00,2025-12-24 19:00:00+00:00,continuous,87435.0,87475.1,87359.0,87369.7,37308704.18410005
2025-12-24 19:29:59.826000+00:00,2025-12-24 19:15:00+00:00,continuous,87369.6,87457.6,87273.4,87457.6,68474517.6483999
2025-12-24 19:44:59.760000+00:00,2025-12-24 19:30:00+00:00,continuous,87455.7,87482.0,87416.2,87470.8,19773401.76040007
2025-12-24 19:59:59.002000+00:00,2025-12-24 19:45:00+00:00,continuous,87470.8,87542.0,87453.6,87521.4,30867268.753799845
2025-12-24 20:14:59.529000+00:00,2025-12-24 20:00:00+00:00,continuous,87521.4,87649.3,87504.0,87576.3,44604612.36690011
2025-12-24 20:29:59.931000+00:00,2025-12-24 20:15:00+00:00,continuous,87576.2,87621.3,87571.0,87575.8,20960532.514100004
2025-12-24 20:44:59.843000+00:00,2025-12-24 20:30:00+00:00,continuous,87575.8,87633.0,87549.1,87603.0,25735642.892200038
2025-12-24 20:59:59.669000+00:00,2025-12-24 20:45:00+00:00,continuous,87602.9,87603.0,87484.6,87518.8,29363167.151400052
2025-12-24 21:14:59.789000+00:00,2025-12-24 21:00:00+00:00,continuous,87518.7,87639.5,87518.7,87608.2,29869564.926899876
2025-12-24 21:29:59.725000+00:00,2025-12-24 21:15:00+00:00,continuous,87608.1,87740.0,87581.2,87683.8,33338665.923599996
2025-12-24 21:44:59.753000+00:00,2025-12-24 21:30:00+00:00,continuous,87683.8,87763.2,87666.5,87727.5,33448623.63300001
2025-12-24 21:59:59.131000+00:00,2025-12-24 21:45:00+00:00,continuous,87727.6,87727.6,87607.0,87653.8,32867433.660500012
2025-12-24 22:14:59.921000+00:00,2025-12-24 22:00:00+00:00,continuous,87653.9,87864.4,87653.8,87773.5,51824724.07860022
2025-12-24 22:29:59.731000+00:00,2025-12-24 22:15:00+00:00,continuous,87773.5,87823.4,87718.7,87747.8,22210486.402899966
2025-12-24 22:44:59.422000+00:00,2025-12-24 22:30:00+00:00,continuous,87747.7,88033.3,87708.1,87941.9,96630737.2416008
2025-12-24 22:59:59.523000+00:00,2025-12-24 22:45:00+00:00,continuous,87941.8,87983.7,87902.5,87962.0,28966677.113600146
2025-12-24 23:14:59.402000+00:00,2025-12-24 23:00:00+00:00,continuous,87962.0,87985.0,87751.9,87780.1,74847950.56840064
2025-12-24 23:29:59.971000+00:00,2025-12-24 23:15:00+00:00,continuous,87780.0,87785.9,87540.4,87559.3,82656408.81669995
2025-12-24 23:44:59.089000+00:00,2025-12-24 23:30:00+00:00,continuous,87559.4,87676.1,87559.3,87609.9,35572787.019500144
2025-12-24 23:59:59.499000+00:00,2025-12-24 23:45:00+00:00,continuous,87610.0,87683.3,87600.7,87627.3,35663577.43889993
2025-12-25 00:14:59.439000+00:00,2025-12-25 00:00:00+00:00,continuous,87627.4,87698.2,87520.3,87613.4,65733192.34060002
2025-12-25 00:29:59.347000+00:00,2025-12-25 00:15:00+00:00,continuous,87613.4,87710.0,87572.4,87572.4,34169496.075500146
2025-12-25 00:44:59.201000+00:00,2025-12-25 00:30:00+00:00,continuous,87572.5,87671.7,87477.2,87506.6,44112055.59280017
2025-12-25 00:59:59.133000+00:00,2025-12-25 00:45:00+00:00,continuous,87506.6,87618.1,87466.9,87529.9,30792743.505500022
2025-12-25 01:14:59.829000+00:00,2025-12-25 01:00:00+00:00,continuous,87529.9,87630.0,87526.5,87630.0,22618662.12780003
2025-12-25 01:29:59.511000+00:00,2025-12-25 01:15:00+00:00,continuous,87629.9,87714.1,87565.8,87675.1,30606118.798200004
2025-12-25 01:44:59.918000+00:00,2025-12-25 01:30:00+00:00,continuous,87675.0,87697.0,87534.5,87697.0,32121735.610500082
2025-12-25 01:59:59.288000+00:00,2025-12-25 01:45:00+00:00,continuous,87697.0,87710.6,87625.0,87668.0,19059468.146400005
2025-12-25 02:14:59.570000+00:00,2025-12-25 02:00:00+00:00,continuous,87668.0,87720.0,87517.8,87699.6,31950365.202299923
2025-12-25 02:29:59.746000+00:00,2025-12-25 02:15:00+00:00,continuous,87699.7,87723.7,87678.3,87696.1,17477760.72150009
2025-12-25 02:44:59.997000+00:00,2025-12-25 02:30:00+00:00,continuous,87696.1,87875.4,87696.1,87862.1,35732686.49850008
2025-12-25 02:59:59.701000+00:00,2025-12-25 02:45:00+00:00,continuous,87862.0,87933.5,87817.3,87847.8,42010627.68979992
2025-12-25 03:14:59.471000+00:00,2025-12-25 03:00:00+00:00,continuous,87847.9,87890.0,87727.0,87805.3,32180327.008000087
2025-12-25 03:29:59.951000+00:00,2025-12-25 03:15:00+00:00,continuous,87805.3,87865.9,87770.7,87799.9,19369789.04460001
2025-12-25 03:44:58.326000+00:00,2025-12-25 03:30:00+00:00,continuous,87799.8,87799.9,87732.1,87772.0,18131961.66880001
2025-12-25 03:59:59.919000+00:00,2025-12-25 03:45:00+00:00,continuous,87772.0,87832.6,87735.0,87811.6,17860400.43189999
2025-12-25 04:14:59.883000+00:00,2025-12-25 04:00:00+00:00,continuous,87811.6,87811.6,87689.8,87745.7,45996803.90879993
2025-12-25 04:29:58.601000+00:00,2025-12-25 04:15:00+00:00,continuous,87745.6,87800.0,87708.1,87715.2,22103942.46440006
2025-12-25 04:44:59.974000+00:00,2025-12-25 04:30:00+00:00,continuous,87715.3,87768.4,87712.1,87747.0,16449077.038800072
2025-12-25 04:59:59.083000+00:00,2025-12-25 04:45:00+00:00,continuous,87747.0,87800.0,87740.6,87740.6,12794513.395900002
2025-12-25 05:14:59.504000+00:00,2025-12-25 05:00:00+00:00,continuous,87740.5,87740.5,87617.1,87626.4,48521327.8598001
2025-12-25 05:29:59.986000+00:00,2025-12-25 05:15:00+00:00,continuous,87626.4,87693.7,87622.3,87673.6,20646571.086499956
2025-12-25 05:44:59.416000+00:00,2025-12-25 05:30:00+00:00,continuous,87673.7,87739.3,87673.6,87720.0,14902790.286899962
2025-12-25 05:59:59.718000+00:00,2025-12-25 05:45:00+00:00,continuous,87720.0,87749.4,87706.0,87706.0,14773427.27930004
2025-12-25 06:14:59.257000+00:00,2025-12-25 06:00:00+00:00,continuous,87706.1,87724.6,87634.5,87671.1,18127850.314899817
2025-12-25 06:29:59.210000+00:00,2025-12-25 06:15:00+00:00,continuous,87671.1,87732.8,87671.1,87712.3,14478812.651899947
2025-12-25 06:44:56.652000+00:00,2025-12-25 06:30:00+00:00,continuous,87712.4,87777.0,87712.4,87737.8,14304808.820899952
2025-12-25 06:59:59.791000+00:00,2025-12-25 06:45:00+00:00,continuous,87737.8,87811.6,87737.7,87799.5,27496419.641700003
2025-12-25 07:14:59.911000+00:00,2025-12-25 07:00:00+00:00,continuous,87799.6,87810.5,87739.1,87775.1,15294377.56480007
2025-12-25 07:29:59.962000+00:00,2025-12-25 07:15:00+00:00,continuous,87775.1,87785.3,87739.0,87763.8,12124673.968099868
2025-12-25 07:44:59.718000+00:00,2025-12-25 07:30:00+00:00,continuous,87763.8,87763.9,87718.3,87720.1,15724263.460199837
2025-12-25 07:59:59.952000+00:00,2025-12-25 07:45:00+00:00,continuous,87720.1,87830.0,87713.1,87795.9,26148571.286999933
2025-12-25 08:14:59.782000+00:00,2025-12-25 08:00:00+00:00,continuous,87795.9,87858.8,87737.4,87751.9,37010478.725300185
2025-12-25 08:29:59.944000+00:00,2025-12-25 08:15:00+00:00,continuous,87751.8,87751.8,87313.2,87405.0,195914769.02569932
2025-12-25 08:44:59.886000+00:00,2025-12-25 08:30:00+00:00,continuous,87404.9,87472.5,87380.0,87467.6,43555805.12289959
2025-12-25 08:59:59.769000+00:00,2025-12-25 08:45:00+00:00,continuous,87467.5,87598.7,87416.0,87546.2,57701799.771999925
2025-12-25 09:14:59.125000+00:00,2025-12-25 09:00:00+00:00,continuous,87546.2,87565.8,87415.1,87459.8,31040775.266799822
2025-12-25 09:29:59.817000+00:00,2025-12-25 09:15:00+00:00,continuous,87459.8,87497.8,87411.0,87449.9,26856029.43230005
2025-12-25 09:44:59.072000+00:00,2025-12-25 09:30:00+00:00,continuous,87450.0,87477.4,87408.0,87460.0,25700866.865499962
2025-12-25 09:59:59.080000+00:00,2025-12-25 09:45:00+00:00,continuous,87460.1,87508.4,87445.0,87482.1,23795926.63600008
2025-12-25 10:14:59.950000+00:00,2025-12-25 10:00:00+00:00,continuous,87482.1,87494.7,87350.0,87350.0,44655264.613099985
2025-12-25 10:29:59.892000+00:00,2025-12-25 10:15:00+00:00,continuous,87350.1,87414.8,87318.1,87387.3,29521099.59890004
2025-12-25 10:44:59.984000+00:00,2025-12-25 10:30:00+00:00,continuous,87387.2,87393.8,87219.0,87296.2,70081217.50920026
2025-12-25 10:59:59.291000+00:00,2025-12-25 10:45:00+00:00,continuous,87296.2,87390.0,87257.0,87386.0,35286360.90599994
2025-12-25 11:14:59.947000+00:00,2025-12-25 11:00:00+00:00,continuous,87386.1,87517.6,87376.0,87458.9,31967430.811200242
2025-12-25 11:29:59.744000+00:00,2025-12-25 11:15:00+00:00,continuous,87459.0,87539.0,87429.9,87523.4,23709434.09279999
2025-12-25 11:44:59.639000+00:00,2025-12-25 11:30:00+00:00,continuous,87523.4,87554.7,87465.0,87493.6,24377298.053199872
2025-12-25 11:59:59.947000+00:00,2025-12-25 11:45:00+00:00,continuous,87493.5,87537.1,87443.5,87485.2,25183495.106900144
2025-12-25 12:14:59.056000+00:00,2025-12-25 12:00:00+00:00,continuous,87485.2,87533.0,87439.0,87447.5,25076241.477499995
2025-12-25 12:29:59.704000+00:00,2025-12-25 12:15:00+00:00,continuous,87447.5,87547.8,87445.3,87530.4,21702082.251999985
2025-12-25 12:44:59.470000+00:00,2025-12-25 12:30:00+00:00,continuous,87530.4,87555.1,87453.1,87485.9,22565469.365699954
2025-12-25 12:59:59.833000+00:00,2025-12-25 12:45:00+00:00,continuous,87485.8,87540.6,87473.6,87533.7,12574115.366499962
2025-12-25 13:14:59.892000+00:00,2025-12-25 13:00:00+00:00,continuous,87533.8,87533.8,87445.5,87490.1,20589232.98890006
2025-12-25 13:29:59.686000+00:00,2025-12-25 13:15:00+00:00,continuous,87490.0,87496.7,87360.7,87476.0,32794246.124099866
2025-12-25 13:44:59.562000+00:00,2025-12-25 13:30:00+00:00,continuous,87475.9,87662.8,87430.0,87577.7,57903174.690599896
2025-12-25 13:59:59.890000+00:00,2025-12-25 13:45:00+00:00,continuous,87577.8,87651.2,87525.7,87597.1,52472341.00759992
2025-12-25 14:14:59.935000+00:00,2025-12-25 14:00:00+00:00,continuous,87597.1,87689.3,87586.3,87659.0,42480079.12439995
2025-12-25 14:29:59.822000+00:00,2025-12-25 14:15:00+00:00,continuous,87659.1,87685.0,87509.0,87534.1,39286896.83110005
2025-12-25 14:44:59.698000+00:00,2025-12-25 14:30:00+00:00,continuous,87534.2,87608.6,87526.7,87585.8,21935473.48899993
2025-12-25 14:59:59.880000+00:00,2025-12-25 14:45:00+00:00,continuous,87585.9,87730.9,87585.8,87675.1,39251475.235700116
2025-12-25 15:14:59.892000+00:00,2025-12-25 15:00:00+00:00,continuous,87675.0,87780.0,87664.1,87734.2,61085311.60389987
2025-12-25 15:29:59.933000+00:00,2025-12-25 15:15:00+00:00,continuous,87734.3,88226.0,87709.9,88035.6,231467347.04990077
2025-12-25 15:44:59.975000+00:00,2025-12-25 15:30:00+00:00,continuous,88035.7,88518.0,87900.8,88475.9,367166515.4913995
2025-12-25 15:59:59.912000+00:00,2025-12-25 15:45:00+00:00,continuous,88475.8,88594.0,88250.0,88338.9,303495354.50849944
2025-12-25 16:14:59.428000+00:00,2025-12-25 16:00:00+00:00,continuous,88339.0,88401.6,88112.5,88275.3,124690594.07639967
2025-12-25 16:29:59.913000+00:00,2025-12-25 16:15:00+00:00,continuous,88275.3,88451.6,88269.4,88377.0,85432332.99449953
2025-12-25 16:44:59.976000+00:00,2025-12-25 16:30:00+00:00,continuous,88377.0,88434.0,88136.7,88287.6,100186952.17459935
2025-12-25 16:59:59.613000+00:00,2025-12-25 16:45:00+00:00,continuous,88287.7,88293.4,87948.9,88042.0,129317008.90839963
2025-12-25 17:14:59.886000+00:00,2025-12-25 17:00:00+00:00,continuous,88042.1,88167.9,87947.8,88000.0,73079782.31099984
2025-12-25 17:29:59.758000+00:00,2025-12-25 17:15:00+00:00,continuous,88000.1,88132.9,87985.0,88013.8,39142916.279199876
2025-12-25 17:44:59.913000+00:00,2025-12-25 17:30:00+00:00,continuous,88013.8,88050.0,87980.7,88024.0,30275229.895899937
2025-12-25 17:59:59.519000+00:00,2025-12-25 17:45:00+00:00,continuous,88024.0,88173.1,88000.1,88096.2,34976809.93569991
2025-12-25 18:14:59.023000+00:00,2025-12-25 18:00:00+00:00,continuous,88096.1,88281.6,88096.1,88264.7,63239715.844799764
2025-12-25 18:29:59.861000+00:00,2025-12-25 18:15:00+00:00,continuous,88264.7,88267.5,88176.0,88197.4,21056169.591799956
2025-12-25 18:44:59.567000+00:00,2025-12-25 18:30:00+00:00,continuous,88197.3,88280.7,88105.5,88208.9,27587881.17820004
2025-12-25 18:59:59.549000+00:00,2025-12-25 18:45:00+00:00,continuous,88208.8,88255.6,88192.9,88198.5,12804360.867299905
2025-12-25 19:14:58.494000+00:00,2025-12-25 19:00:00+00:00,continuous,88198.5,88214.3,88118.6,88141.4,23527857.23089999
2025-12-25 19:29:58.894000+00:00,2025-12-25 19:15:00+00:00,continuous,88141.4,88150.1,88032.3,88074.5,38332316.04659998
2025-12-25 19:44:59.892000+00:00,2025-12-25 19:30:00+00:00,continuous,88074.5,88120.7,88029.9,88097.7,20985886.800300054
2025-12-25 19:59:59.002000+00:00,2025-12-25 19:45:00+00:00,continuous,88097.7,88128.9,88066.7,88112.3,10444120.155500038
2025-12-25 20:14:59.651000+00:00,2025-12-25 20:00:00+00:00,continuous,88112.3,88139.2,88020.6,88069.4,22678875.09109999
2025-12-25 20:29:59.884000+00:00,2025-12-25 20:15:00+00:00,continuous,88069.4,88101.9,87599.5,87729.3,164625600.07010013
2025-12-25 20:44:59.906000+00:00,2025-12-25 20:30:00+00:00,continuous,87729.4,87795.5,87655.0,87772.2,53880413.88560002
2025-12-25 20:59:58.978000+00:00,2025-12-25 20:45:00+00:00,continuous,87772.4,87865.0,87772.4,87844.7,30944091.81299989
2025-12-25 21:14:58.496000+00:00,2025-12-25 21:00:00+00:00,continuous,87844.8,87944.7,87776.5,87944.7,63584025.59040012
2025-12-25 21:29:59.598000+00:00,2025-12-25 21:15:00+00:00,continuous,87944.6,87945.5,87883.7,87919.4,15693227.956099996
2025-12-25 21:44:57.936000+00:00,2025-12-25 21:30:00+00:00,continuous,87919.4,87940.0,87898.0,87917.3,13293155.911200026
2025-12-25 21:59:59.301000+00:00,2025-12-25 21:45:00+00:00,continuous,87917.2,87926.8,87827.4,87862.0,14850563.530400032
2025-12-25 22:14:59.943000+00:00,2025-12-25 22:00:00+00:00,continuous,87862.0,87882.1,87735.6,87818.2,33289148.88310008
2025-12-25 22:29:58.817000+00:00,2025-12-25 22:15:00+00:00,continuous,87818.2,87839.7,87777.8,87800.0,16320463.93979997
2025-12-25 22:44:59.669000+00:00,2025-12-25 22:30:00+00:00,continuous,87800.1,87868.7,87650.0,87666.1,24917514.465999957
2025-12-25 22:59:59.700000+00:00,2025-12-25 22:45:00+00:00,continuous,87666.0,87666.0,87251.2,87607.9,232670405.65340215
2025-12-25 23:14:59.761000+00:00,2025-12-25 23:00:00+00:00,continuous,87607.9,87734.5,87434.3,87651.9,101021994.57720007
2025-12-25 23:29:59.580000+00:00,2025-12-25 23:15:00+00:00,continuous,87651.8,87658.9,87423.2,87439.2,53346225.001799956
2025-12-25 23:44:59.970000+00:00,2025-12-25 23:30:00+00:00,continuous,87439.2,87439.2,86974.5,87015.0,276420417.3750978
2025-12-25 23:59:59.875000+00:00,2025-12-25 23:45:00+00:00,continuous,87014.9,87296.2,86902.1,87182.8,207965461.29069918
2025-12-26 00:14:59.704000+00:00,2025-12-26 00:00:00+00:00,continuous,87182.8,87289.8,87000.0,87168.2,135930953.50699893
2025-12-26 00:29:59.932000+00:00,2025-12-26 00:15:00+00:00,continuous,87168.1,87234.1,86907.7,87043.0,108817853.06190018
2025-12-26 00:44:59.909000+00:00,2025-12-26 00:30:00+00:00,continuous,87043.1,87177.7,86824.8,86931.5,122276668.00169918
2025-12-26 00:59:59.669000+00:00,2025-12-26 00:45:00+00:00,continuous,86931.6,87093.0,86892.2,87084.5,77379717.5818993
2025-12-26 01:14:59.373000+00:00,2025-12-26 01:00:00+00:00,continuous,87084.4,87294.3,87084.4,87250.0,83568799.81449984
2025-12-26 01:29:59.337000+00:00,2025-12-26 01:15:00+00:00,continuous,87250.0,87349.2,87206.8,87302.9,77681806.46570018
2025-12-26 01:44:59.905000+00:00,2025-12-26 01:30:00+00:00,continuous,87302.9,87417.9,87262.6,87367.1,47102017.01470013
2025-12-26 01:59:59.369000+00:00,2025-12-26 01:45:00+00:00,continuous,87367.0,87477.0,87340.0,87386.6,49837097.96380006
2025-12-26 02:14:59.985000+00:00,2025-12-26 02:00:00+00:00,continuous,87386.7,88185.3,87376.5,88171.7,221071525.39610043
2025-12-26 02:29:59.892000+00:00,2025-12-26 02:15:00+00:00,continuous,88171.8,89296.1,88171.8,89000.0,1115276597.1025915
2025-12-26 02:44:59.991000+00:00,2025-12-26 02:30:00+00:00,continuous,89000.0,89432.0,88999.9,89189.9,439005894.78160304
2025-12-26 02:59:59.930000+00:00,2025-12-26 02:45:00+00:00,continuous,89189.8,89295.1,88994.1,89151.8,236895588.96280047
2025-12-26 03:14:59.900000+00:00,2025-12-26 03:00:00+00:00,continuous,89151.8,89246.6,88977.4,89002.2,200096637.3069991
2025-12-26 03:29:59.779000+00:00,2025-12-26 03:15:00+00:00,continuous,89002.2,89002.3,88700.0,88800.0,221981520.46670178
2025-12-26 03:44:59.809000+00:00,2025-12-26 03:30:00+00:00,continuous,88799.9,88844.9,88670.0,88706.0,104837369.61619999
2025-12-26 03:59:59.912000+00:00,2025-12-26 03:45:00+00:00,continuous,88706.0,88850.0,88698.8,88796.2,130649307.92940004
2025-12-26 04:14:59.936000+00:00,2025-12-26 04:00:00+00:00,continuous,88796.2,88796.2,88469.8,88682.6,197847645.075899
2025-12-26 04:29:59.475000+00:00,2025-12-26 04:15:00+00:00,continuous,88682.7,88750.0,88601.0,88669.3,48489743.50670006
2025-12-26 04:44:59.988000+00:00,2025-12-26 04:30:00+00:00,continuous,88669.3,89062.4,88669.2,88986.8,126231434.67639972
2025-12-26 04:59:59.892000+00:00,2025-12-26 04:45:00+00:00,continuous,88986.8,89100.0,88916.1,88926.0,119174833.24169973
2025-12-26 05:14:59.802000+00:00,2025-12-26 05:00:00+00:00,continuous,88926.0,88973.0,88859.2,88893.0,66981700.83760018
2025-12-26 05:29:59.974000+00:00,2025-12-26 05:15:00+00:00,continuous,88893.0,88900.0,88793.8,88872.8,48367121.29069996
2025-12-26 05:44:59.851000+00:00,2025-12-26 05:30:00+00:00,continuous,88872.7,88880.0,88780.0,88824.4,36615326.23000007
2025-12-26 05:59:59.874000+00:00,2025-12-26 05:45:00+00:00,continuous,88824.3,89007.0,88809.2,88954.7,52804629.80389993
2025-12-26 06:14:59.982000+00:00,2025-12-26 06:00:00+00:00,continuous,88954.7,89110.0,88954.6,89049.6,106590597.03810018
2025-12-26 06:29:59.642000+00:00,2025-12-26 06:15:00+00:00,continuous,89049.7,89111.0,88995.1,89034.1,63091506.10370027
2025-12-26 06:44:59.816000+00:00,2025-12-26 06:30:00+00:00,continuous,89034.1,89200.0,89008.5,89199.8,57810642.10830015
2025-12-26 06:59:59.877000+00:00,2025-12-26 06:45:00+00:00,continuous,89199.8,89199.9,89068.6,89085.0,58708213.8538001
2025-12-26 07:14:59.951000+00:00,2025-12-26 07:00:00+00:00,continuous,89085.0,89350.0,89085.0,89317.9,125363299.63749991
2025-12-26 07:29:59.973000+00:00,2025-12-26 07:15:00+00:00,continuous,89317.9,89557.6,89233.4,89369.9,215223201.63549915
2025-12-26 07:44:59.989000+00:00,2025-12-26 07:30:00+00:00,continuous,89370.0,89377.1,88721.3,88750.0,276186672.7512003
2025-12-26 07:59:59.979000+00:00,2025-12-26 07:45:00+00:00,continuous,88749.9,88776.1,88300.5,88433.0,351058557.1925017
2025-12-26 08:14:59.957000+00:00,2025-12-26 08:00:00+00:00,continuous,88433.0,88865.7,88380.0,88633.0,309348608.27120227
2025-12-26 08:29:59.940000+00:00,2025-12-26 08:15:00+00:00,continuous,88633.0,88756.5,88580.0,88695.0,98106937.46940087
2025-12-26 08:44:59.652000+00:00,2025-12-26 08:30:00+00:00,continuous,88695.0,88695.0,88524.3,88600.0,64440084.44140033
2025-12-26 08:59:59.967000+00:00,2025-12-26 08:45:00+00:00,continuous,88600.0,88727.3,88562.5,88707.4,47260884.314599775
2025-12-26 09:14:59.952000+00:00,2025-12-26 09:00:00+00:00,continuous,88707.4,88766.1,88607.0,88651.5,36227127.38180007
2025-12-26 09:29:59.893000+00:00,2025-12-26 09:15:00+00:00,continuous,88651.6,88833.3,88650.0,88713.3,53399062.7014
2025-12-26 09:44:59.871000+00:00,2025-12-26 09:30:00+00:00,continuous,88713.3,88755.5,88685.1,88749.0,22628076.978400007
2025-12-26 09:59:59.920000+00:00,2025-12-26 09:45:00+00:00,continuous,88749.1,88888.0,88742.1,88783.2,80339080.27610037
2025-12-26 10:14:59.893000+00:00,2025-12-26 10:00:00+00:00,continuous,88782.9,88855.2,88719.0,88845.0,42375769.58740005
2025-12-26 10:29:59.703000+00:00,2025-12-26 10:15:00+00:00,continuous,88844.9,88849.4,88652.5,88793.4,55129618.615700014
2025-12-26 10:44:59.941000+00:00,2025-12-26 10:30:00+00:00,continuous,88793.4,88793.8,88642.9,88712.7,30454438.909699984
2025-12-26 10:59:59.814000+00:00,2025-12-26 10:45:00+00:00,continuous,88712.7,88832.2,88710.0,88717.5,28498132.348899964
2025-12-26 11:14:59.391000+00:00,2025-12-26 11:00:00+00:00,continuous,88717.4,88722.7,88624.6,88640.1,25921402.65789999
2025-12-26 11:29:59.660000+00:00,2025-12-26 11:15:00+00:00,continuous,88640.1,88651.8,88571.9,88571.9,42099748.150400005
2025-12-26 11:44:58.174000+00:00,2025-12-26 11:30:00+00:00,continuous,88571.9,88632.7,88523.4,88568.9,32033737.55399994
2025-12-26 11:59:59.864000+00:00,2025-12-26 11:45:00+00:00,continuous,88568.8,88590.6,88500.0,88507.5,44233781.23780014
2025-12-26 12:14:59.843000+00:00,2025-12-26 12:00:00+00:00,continuous,88507.6,88691.7,88507.5,88661.7,54968950.0448999
2025-12-26 12:29:59.406000+00:00,2025-12-26 12:15:00+00:00,continuous,88661.7,88678.7,88590.5,88669.0,31262315.848099973
2025-12-26 12:44:59.741000+00:00,2025-12-26 12:30:00+00:00,continuous,88669.0,88736.0,88620.0,88714.8,44048882.857199945
2025-12-26 12:59:59.640000+00:00,2025-12-26 12:45:00+00:00,continuous,88714.8,88732.9,88632.6,88649.6,31057102.79249987
2025-12-26 13:14:59.946000+00:00,2025-12-26 13:00:00+00:00,continuous,88649.7,88807.4,88580.9,88807.3,58138096.85419994
2025-12-26 13:29:59.943000+00:00,2025-12-26 13:15:00+00:00,continuous,88807.4,88814.7,88716.4,88740.1,50346507.2566998
2025-12-26 13:44:59.908000+00:00,2025-12-26 13:30:00+00:00,continuous,88740.1,89025.6,88727.0,88880.9,180925425.43660024
2025-12-26 13:59:59.912000+00:00,2025-12-26 13:45:00+00:00,continuous,88880.9,89037.0,88865.3,88959.1,90033388.83850008
2025-12-26 14:14:59.968000+00:00,2025-12-26 14:00:00+00:00,continuous,88959.2,89017.2,88870.5,88914.7,63907679.67170012
2025-12-26 14:29:59.988000+00:00,2025-12-26 14:15:00+00:00,continuous,88914.7,88982.3,88887.3,88940.3,51394214.2808
2025-12-26 14:44:59.951000+00:00,2025-12-26 14:30:00+00:00,continuous,88940.2,89014.8,88225.0,88362.9,473657793.7085008
2025-12-26 14:59:59.993000+00:00,2025-12-26 14:45:00+00:00,continuous,88362.9,88399.2,87302.5,87344.4,1318110916.577097
2025-12-26 15:14:59.990000+00:00,2025-12-26 15:00:00+00:00,continuous,87344.5,87347.0,86726.2,86735.1,1045771843.8333983
2025-12-26 15:29:59.970000+00:00,2025-12-26 15:15:00+00:00,continuous,86735.0,87078.0,86619.9,86976.6,515116451.25929976
2025-12-26 15:44:59.973000+00:00,2025-12-26 15:30:00+00:00,continuous,86976.5,87138.0,86866.6,86999.9,312094597.4268005
2025-12-26 15:59:59.405000+00:00,2025-12-26 15:45:00+00:00,continuous,87000.0,87187.7,86931.0,87100.0,186466212.17809972
2025-12-26 16:14:59.876000+00:00,2025-12-26 16:00:00+00:00,continuous,87100.0,87232.2,86980.0,86980.0,225746908.73450124
2025-12-26 16:29:59.889000+00:00,2025-12-26 16:15:00+00:00,continuous,86980.1,87285.8,86980.0,87217.3,143563133.7174003
2025-12-26 16:44:59.707000+00:00,2025-12-26 16:30:00+00:00,continuous,87217.2,87349.1,87120.0,87234.0,120867403.40659958
2025-12-26 16:59:59.794000+00:00,2025-12-26 16:45:00+00:00,continuous,87234.1,87262.9,86800.7,86821.7,181989975.56790018
2025-12-26 17:14:59.741000+00:00,2025-12-26 17:00:00+00:00,continuous,86821.7,87049.0,86760.4,86947.1,149409550.42719948
2025-12-26 17:29:59.946000+00:00,2025-12-26 17:15:00+00:00,continuous,86947.1,87284.7,86946.6,87257.5,108915514.63569963
2025-12-26 17:44:59.921000+00:00,2025-12-26 17:30:00+00:00,continuous,87257.4,87437.2,87165.6,87344.8,241144148.6313983
2025-12-26 17:59:59.986000+00:00,2025-12-26 17:45:00+00:00,continuous,87344.7,87422.5,87230.0,87288.6,76650293.59920031
2025-12-26 18:14:59.774000+00:00,2025-12-26 18:00:00+00:00,continuous,87288.5,87346.1,87182.1,87295.6,62039699.67640028
2025-12-26 18:29:59.951000+00:00,2025-12-26 18:15:00+00:00,continuous,87295.6,87339.8,87175.3,87175.3,34117058.04440023
2025-12-26 18:44:59.816000+00:00,2025-12-26 18:30:00+00:00,continuous,87175.3,87280.5,87170.0,87179.1,53657638.04380008
2025-12-26 18:59:59.523000+00:00,2025-12-26 18:45:00+00:00,continuous,87179.0,87308.2,87090.0,87232.5,70705463.22330016
2025-12-26 19:14:59.512000+00:00,2025-12-26 19:00:00+00:00,continuous,87232.5,87340.1,87201.9,87272.1,32450024.491899908
2025-12-26 19:29:59.889000+00:00,2025-12-26 19:15:00+00:00,continuous,87272.0,87364.6,87200.0,87318.0,39030687.84349999
2025-12-26 19:44:59.726000+00:00,2025-12-26 19:30:00+00:00,continuous,87318.0,87428.0,87311.0,87427.9,42086218.82100002
2025-12-26 19:59:59.985000+00:00,2025-12-26 19:45:00+00:00,continuous,87427.9,87555.0,87377.5,87453.7,90573261.75549975
2025-12-26 20:14:59.152000+00:00,2025-12-26 20:00:00+00:00,continuous,87453.7,87523.7,87346.5,87483.5,57826132.12830017
2025-12-26 20:29:59.915000+00:00,2025-12-26 20:15:00+00:00,continuous,87483.5,87598.9,87454.7,87560.1,48484326.292499885
2025-12-26 20:44:59.929000+00:00,2025-12-26 20:30:00+00:00,continuous,87560.1,87640.9,87522.0,87640.8,72039393.50700016
2025-12-26 20:59:59.423000+00:00,2025-12-26 20:45:00+00:00,continuous,87640.9,87750.0,87521.7,87547.7,114953639.78929983
2025-12-26 21:14:59.455000+00:00,2025-12-26 21:00:00+00:00,continuous,87547.7,87657.9,87500.0,87612.4,47986781.7710003
2025-12-26 21:29:59.592000+00:00,2025-12-26 21:15:00+00:00,continuous,87612.4,87617.4,87493.0,87535.9,25710272.68840001
2025-12-26 21:44:59.488000+00:00,2025-12-26 21:30:00+00:00,continuous,87535.9,87535.9,87426.4,87458.2,32482487.338399954
2025-12-26 21:59:59.533000+00:00,2025-12-26 21:45:00+00:00,continuous,87458.1,87509.6,87402.6,87429.3,27097205.39640003
2025-12-26 22:14:59.929000+00:00,2025-12-26 22:00:00+00:00,continuous,87429.2,87551.9,87420.5,87420.5,20117298.58749998
2025-12-26 22:29:59.206000+00:00,2025-12-26 22:15:00+00:00,continuous,87420.6,87485.4,87350.0,87385.5,38252957.55159995
2025-12-26 22:44:59.946000+00:00,2025-12-26 22:30:00+00:00,continuous,87385.6,87481.2,87266.6,87366.6,51759793.66069986
2025-12-26 22:59:59.859000+00:00,2025-12-26 22:45:00+00:00,continuous,87366.6,87505.5,87269.9,87505.4,31401320.55300014
2025-12-26 23:14:57.022000+00:00,2025-12-26 23:00:00+00:00,continuous,87505.4,87508.2,87429.9,87440.6,18851567.30579978
2025-12-26 23:29:59.943000+00:00,2025-12-26 23:15:00+00:00,continuous,87440.6,87500.0,87404.9,87407.9,23402586.889400065
2025-12-26 23:44:59.055000+00:00,2025-12-26 23:30:00+00:00,continuous,87407.8,87435.3,87293.8,87321.4,44175769.64359996
2025-12-26 23:59:59.720000+00:00,2025-12-26 23:45:00+00:00,continuous,87321.4,87369.0,87286.9,87318.2,34492446.65780008
2025-12-27 00:14:59.451000+00:00,2025-12-27 00:00:00+00:00,continuous,87318.3,87366.6,87229.4,87282.1,49653474.050900005
2025-12-27 00:29:59.010000+00:00,2025-12-27 00:15:00+00:00,continuous,87282.1,87317.7,87203.0,87273.9,31179672.013399802
2025-12-27 00:44:59.092000+00:00,2025-12-27 00:30:00+00:00,continuous,87274.0,87361.8,87271.5,87347.9,22077614.67610006
2025-12-27 00:59:59.847000+00:00,2025-12-27 00:45:00+00:00,continuous,87347.9,87377.5,87338.0,87360.0,18645474.80209989
2025-12-27 01:14:59.834000+00:00,2025-12-27 01:00:00+00:00,continuous,87359.9,87365.7,87311.5,87357.3,16649558.635000007
2025-12-27 01:29:59.136000+00:00,2025-12-27 01:15:00+00:00,continuous,87357.3,87357.3,87285.6,87343.0,16619497.319199968
2025-12-27 01:44:59.444000+00:00,2025-12-27 01:30:00+00:00,continuous,87342.9,87452.7,87342.9,87392.2,28567913.32259969
2025-12-27 01:59:59.690000+00:00,2025-12-27 01:45:00+00:00,continuous,87392.1,87444.8,87369.7,87431.6,14455516.060499918
2025-12-27 02:14:59.494000+00:00,2025-12-27 02:00:00+00:00,continuous,87431.6,87459.2,87341.1,87432.9,51339351.28699992
2025-12-27 02:29:59.969000+00:00,2025-12-27 02:15:00+00:00,continuous,87432.9,87433.0,87370.8,87404.3,22385219.8303001
2025-12-27 02:44:59.512000+00:00,2025-12-27 02:30:00+00:00,continuous,87404.2,87418.1,87372.5,87418.1,14254088.215800023
2025-12-27 02:59:59.555000+00:00,2025-12-27 02:45:00+00:00,continuous,87418.0,87425.8,87391.5,87410.7,12810288.231800016
2025-12-27 03:14:59.838000+00:00,2025-12-27 03:00:00+00:00,continuous,87410.6,87445.9,87338.7,87339.9,40247137.81869993
2025-12-27 03:29:59.594000+00:00,2025-12-27 03:15:00+00:00,continuous,87339.9,87385.6,87339.9,87385.5,14045899.309400057
2025-12-27 03:44:59.745000+00:00,2025-12-27 03:30:00+00:00,continuous,87385.5,87477.5,87385.5,87464.7,23545612.440899692
2025-12-27 03:59:57.446000+00:00,2025-12-27 03:45:00+00:00,continuous,87464.6,87493.4,87455.0,87473.4,22319168.18269991
2025-12-27 04:14:59.828000+00:00,2025-12-27 04:00:00+00:00,continuous,87473.4,87482.0,87434.1,87450.5,13724728.402199993
2025-12-27 04:29:56.011000+00:00,2025-12-27 04:15:00+00:00,continuous,87450.5,87459.0,87415.2,87426.2,9662199.670900008
2025-12-27 04:44:59.145000+00:00,2025-12-27 04:30:00+00:00,continuous,87426.1,87460.1,87413.1,87460.1,10915331.924800023
2025-12-27 04:59:59.638000+00:00,2025-12-27 04:45:00+00:00,continuous,87460.1,87460.1,87423.0,87428.0,10457604.551299969
2025-12-27 05:14:59.324000+00:00,2025-12-27 05:00:00+00:00,continuous,87427.9,87443.3,87400.0,87423.2,14302579.888999995
2025-12-27 05:29:58.086000+00:00,2025-12-27 05:15:00+00:00,continuous,87423.2,87428.0,87404.2,87414.6,10850722.036599955
2025-12-27 05:44:59.327000+00:00,2025-12-27 05:30:00+00:00,continuous,87414.5,87473.2,87414.5,87462.1,12743132.244899934
2025-12-27 05:59:58.751000+00:00,2025-12-27 05:45:00+00:00,continuous,87462.1,87474.0,87441.9,87466.2,11906677.335299939
2025-12-27 06:14:59.894000+00:00,2025-12-27 06:00:00+00:00,continuous,87466.1,87526.5,87430.0,87491.1,27351779.747699995
2025-12-27 06:29:59.829000+00:00,2025-12-27 06:15:00+00:00,continuous,87491.1,87491.2,87400.0,87427.6,21442824.286900043
2025-12-27 06:44:59.665000+00:00,2025-12-27 06:30:00+00:00,continuous,87427.5,87431.8,87374.5,87414.3,20663298.402700216
2025-12-27 06:59:59.189000+00:00,2025-12-27 06:45:00+00:00,continuous,87414.3,87431.3,87396.2,87426.8,10069227.92230009
2025-12-27 07:14:59.021000+00:00,2025-12-27 07:00:00+00:00,continuous,87426.8,87514.4,87426.8,87510.1,18774661.75019996
2025-12-27 07:29:59.818000+00:00,2025-12-27 07:15:00+00:00,continuous,87510.1,87669.7,87490.8,87552.1,62978147.56599997
2025-12-27 07:44:59.320000+00:00,2025-12-27 07:30:00+00:00,continuous,87552.1,87552.2,87482.2,87504.2,31150850.694799926
2025-12-27 07:59:59.002000+00:00,2025-12-27 07:45:00+00:00,continuous,87504.2,87509.0,87471.6,87490.9,21434636.484199967
2025-12-27 08:14:59.776000+00:00,2025-12-27 08:00:00+00:00,continuous,87490.9,87566.9,87490.9,87512.8,29811654.60350012
2025-12-27 08:29:59.648000+00:00,2025-12-27 08:15:00+00:00,continuous,87512.9,87634.9,87512.8,87563.7,33168098.587399818
2025-12-27 08:44:59.792000+00:00,2025-12-27 08:30:00+00:00,continuous,87563.8,87600.0,87547.5,87568.6,20716779.00659993
2025-12-27 08:59:59.110000+00:00,2025-12-27 08:45:00+00:00,continuous,87568.5,87568.6,87539.9,87545.6,12391411.30480004
2025-12-27 09:14:59.868000+00:00,2025-12-27 09:00:00+00:00,continuous,87545.7,87619.6,87538.9,87607.4,21307426.09060004
2025-12-27 09:29:59.157000+00:00,2025-12-27 09:15:00+00:00,continuous,87607.4,87622.7,87500.0,87523.4,38321900.27670017
2025-12-27 09:44:58.563000+00:00,2025-12-27 09:30:00+00:00,continuous,87523.4,87608.5,87523.4,87558.0,21220567.930599976
2025-12-27 09:59:59.002000+00:00,2025-12-27 09:45:00+00:00,continuous,87558.0,87592.0,87557.9,87575.4,16612018.660499975
2025-12-27 10:14:59.316000+00:00,2025-12-27 10:00:00+00:00,continuous,87575.4,87575.4,87503.8,87503.9,26355842.275800023
2025-12-27 10:29:59.921000+00:00,2025-12-27 10:15:00+00:00,continuous,87503.8,87585.0,87500.0,87500.1,24408346.612500053
2025-12-27 10:44:59.774000+00:00,2025-12-27 10:30:00+00:00,continuous,87500.1,87511.5,87324.6,87402.8,100653008.44960004
2025-12-27 10:59:59.995000+00:00,2025-12-27 10:45:00+00:00,continuous,87402.7,87475.6,87376.2,87460.6,26741324.146599803
2025-12-27 11:14:59.533000+00:00,2025-12-27 11:00:00+00:00,continuous,87460.5,87488.0,87404.2,87485.2,26318245.114400014
2025-12-27 11:29:58.914000+00:00,2025-12-27 11:15:00+00:00,continuous,87485.1,87513.1,87449.3,87453.0,20611885.69279997
2025-12-27 11:44:58.498000+00:00,2025-12-27 11:30:00+00:00,continuous,87452.9,87493.5,87436.9,87444.7,13005308.31329997
2025-12-27 11:59:59.835000+00:00,2025-12-27 11:45:00+00:00,continuous,87444.8,87509.0,87400.0,87433.6,20418780.970600024
2025-12-27 12:14:59.912000+00:00,2025-12-27 12:00:00+00:00,continuous,87433.6,87461.9,87377.9,87417.2,33212307.33619988
2025-12-27 12:29:59.080000+00:00,2025-12-27 12:15:00+00:00,continuous,87417.2,87458.5,87400.7,87453.2,15967677.966699976
2025-12-27 12:44:59.098000+00:00,2025-12-27 12:30:00+00:00,continuous,87453.2,87489.9,87437.6,87458.9,10495215.023800047
2025-12-27 12:59:59.002000+00:00,2025-12-27 12:45:00+00:00,continuous,87459.0,87474.4,87411.2,87431.9,11139975.51029993
2025-12-27 13:14:59.542000+00:00,2025-12-27 13:00:00+00:00,continuous,87432.0,87440.0,87349.6,87397.9,33383146.33880002
2025-12-27 13:29:59.992000+00:00,2025-12-27 13:15:00+00:00,continuous,87397.9,87411.7,87355.6,87358.6,26687110.128100034
2025-12-27 13:44:59.514000+00:00,2025-12-27 13:30:00+00:00,continuous,87358.6,87444.4,87264.8,87431.3,55906042.9869999
2025-12-27 13:59:59.431000+00:00,2025-12-27 13:45:00+00:00,continuous,87431.2,87440.1,87410.6,87410.7,11573243.15690005
2025-12-27 14:14:58.736000+00:00,2025-12-27 14:00:00+00:00,continuous,87410.6,87425.7,87354.4,87406.4,20118557.69549997
2025-12-27 14:29:59.079000+00:00,2025-12-27 14:15:00+00:00,continuous,87406.4,87425.0,87372.0,87387.3,25689669.710299946
2025-12-27 14:44:59.342000+00:00,2025-12-27 14:30:00+00:00,continuous,87387.2,87481.0,87382.8,87480.9,26839552.146599967
2025-12-27 14:59:59.417000+00:00,2025-12-27 14:45:00+00:00,continuous,87481.0,87517.8,87470.1,87500.7,36195595.4029999
2025-12-27 15:14:59.660000+00:00,2025-12-27 15:00:00+00:00,continuous,87500.7,87514.9,87420.5,87511.1,32519386.69859995
2025-12-27 15:29:59.003000+00:00,2025-12-27 15:15:00+00:00,continuous,87511.1,87511.1,87456.7,87492.9,11558142.475700008
2025-12-27 15:44:58.611000+00:00,2025-12-27 15:30:00+00:00,continuous,87492.9,87554.9,87492.9,87551.5,30666603.36050008
2025-12-27 15:59:59.939000+00:00,2025-12-27 15:45:00+00:00,continuous,87551.5,87555.0,87494.8,87516.2,12802749.370500045
2025-12-27 16:14:59.977000+00:00,2025-12-27 16:00:00+00:00,continuous,87516.3,87545.6,87448.5,87448.7,23508997.033799894
2025-12-27 16:29:58.545000+00:00,2025-12-27 16:15:00+00:00,continuous,87448.6,87477.7,87397.5,87428.5,21552135.690499928
2025-12-27 16:44:58.899000+00:00,2025-12-27 16:30:00+00:00,continuous,87428.5,87533.5,87428.5,87494.2,20653960.186000038
2025-12-27 16:59:59.659000+00:00,2025-12-27 16:45:00+00:00,continuous,87494.3,87503.3,87445.3,87454.1,16156326.778200017
2025-12-27 17:14:59.322000+00:00,2025-12-27 17:00:00+00:00,continuous,87454.2,87477.2,87420.0,87477.2,14811714.634799946
2025-12-27 17:29:59.122000+00:00,2025-12-27 17:15:00+00:00,continuous,87477.1,87496.1,87448.1,87492.7,10502460.49170003
2025-12-27 17:44:57.092000+00:00,2025-12-27 17:30:00+00:00,continuous,87492.6,87502.4,87470.3,87502.3,6644849.855900018
2025-12-27 17:59:59.897000+00:00,2025-12-27 17:45:00+00:00,continuous,87502.3,87523.6,87500.0,87514.0,10570444.090700017
2025-12-27 18:14:59.434000+00:00,2025-12-27 18:00:00+00:00,continuous,87514.0,87534.6,87475.5,87479.6,10423935.858700007
2025-12-27 18:29:59.638000+00:00,2025-12-27 18:15:00+00:00,continuous,87479.6,87506.9,87460.6,87482.1,10561941.955000019
2025-12-27 18:44:55.493000+00:00,2025-12-27 18:30:00+00:00,continuous,87482.0,87494.0,87472.0,87472.0,5983539.673100008
2025-12-27 18:59:59.133000+00:00,2025-12-27 18:45:00+00:00,continuous,87472.0,87478.1,87414.5,87452.8,19712155.7069998
2025-12-27 19:14:59.346000+00:00,2025-12-27 19:00:00+00:00,continuous,87452.8,87538.6,87452.8,87506.3,20090055.13009995
2025-12-27 19:29:58.158000+00:00,2025-12-27 19:15:00+00:00,continuous,87506.3,87519.7,87490.0,87507.4,7577491.103299966
2025-12-27 19:44:57.633000+00:00,2025-12-27 19:30:00+00:00,continuous,87507.4,87519.5,87498.6,87498.7,6813070.931999979
2025-12-27 19:59:59.002000+00:00,2025-12-27 19:45:00+00:00,continuous,87498.7,87534.0,87498.6,87522.4,8129430.334999997
2025-12-27 20:14:57.170000+00:00,2025-12-27 20:00:00+00:00,continuous,87522.3,87592.4,87522.3,87555.6,17298863.71870003
2025-12-27 20:29:59.390000+00:00,2025-12-27 20:15:00+00:00,continuous,87555.6,87555.6,87491.6,87504.2,11951975.704400012
2025-12-27 20:44:58.364000+00:00,2025-12-27 20:30:00+00:00,continuous,87504.2,87515.8,87479.9,87507.8,7829331.698099997
2025-12-27 20:59:59.002000+00:00,2025-12-27 20:45:00+00:00,continuous,87507.7,87514.9,87500.0,87514.9,4787404.22930001
2025-12-27 21:14:59.284000+00:00,2025-12-27 21:00:00+00:00,continuous,87514.9,87588.9,87512.7,87573.6,16611462.747399997
2025-12-27 21:29:59.501000+00:00,2025-12-27 21:15:00+00:00,continuous,87573.5,87594.4,87568.3,87593.2,17652472.099099956
2025-12-27 21:44:58.559000+00:00,2025-12-27 21:30:00+00:00,continuous,87593.1,87633.0,87585.8,87592.4,19790560.45509996
2025-12-27 21:59:59.002000+00:00,2025-12-27 21:45:00+00:00,continuous,87592.5,87627.1,87592.4,87623.5,11168182.94669996
2025-12-27 22:14:59.942000+00:00,2025-12-27 22:00:00+00:00,continuous,87623.5,87887.9,87585.2,87823.9,123043564.2261001
2025-12-27 22:29:59.830000+00:00,2025-12-27 22:15:00+00:00,continuous,87824.0,87937.0,87643.5,87644.1,108804793.95660119
2025-12-27 22:44:59.179000+00:00,2025-12-27 22:30:00+00:00,continuous,87644.1,87649.2,87477.7,87536.6,53266057.956099965
2025-12-27 22:59:59.715000+00:00,2025-12-27 22:45:00+00:00,continuous,87536.6,87617.9,87455.5,87526.3,31611728.61499999
2025-12-27 23:14:59.853000+00:00,2025-12-27 23:00:00+00:00,continuous,87526.4,87606.1,87518.3,87569.1,28697792.78270004
2025-12-27 23:29:59.389000+00:00,2025-12-27 23:15:00+00:00,continuous,87569.1,87678.1,87569.0,87604.4,28666992.09740012
2025-12-27 23:44:59.893000+00:00,2025-12-27 23:30:00+00:00,continuous,87604.4,87649.6,87604.4,87641.0,11215834.70379993
2025-12-27 23:59:59.826000+00:00,2025-12-27 23:45:00+00:00,continuous,87641.0,87956.9,87639.0,87829.4,128544304.83669975
2025-12-28 00:14:59.435000+00:00,2025-12-28 00:00:00+00:00,continuous,87829.5,87921.7,87767.4,87777.0,85151379.21539992
2025-12-28 00:29:59.741000+00:00,2025-12-28 00:15:00+00:00,continuous,87776.9,87788.0,87674.4,87702.7,47935711.76930006
2025-12-28 00:44:59.898000+00:00,2025-12-28 00:30:00+00:00,continuous,87702.7,87866.8,87675.9,87849.9,46110638.39239985
2025-12-28 00:59:59.080000+00:00,2025-12-28 00:45:00+00:00,continuous,87849.9,87905.0,87799.1,87811.7,33119758.29810001
2025-12-28 01:14:59.693000+00:00,2025-12-28 01:00:00+00:00,continuous,87811.8,87909.9,87811.7,87817.8,25894347.483200066
2025-12-28 01:29:59.572000+00:00,2025-12-28 01:15:00+00:00,continuous,87817.8,87817.9,87700.0,87775.6,28028404.234700046
2025-12-28 01:44:59.109000+00:00,2025-12-28 01:30:00+00:00,continuous,87775.6,87831.8,87721.0,87783.8,33168283.16789999
2025-12-28 01:59:59.276000+00:00,2025-12-28 01:45:00+00:00,continuous,87783.8,87783.8,87734.2,87749.3,15288732.271899989
2025-12-28 02:14:59.985000+00:00,2025-12-28 02:00:00+00:00,continuous,87749.2,87762.3,87712.8,87742.4,16019198.16679997
2025-12-28 02:29:59.681000+00:00,2025-12-28 02:15:00+00:00,continuous,87742.4,87781.7,87742.4,87774.7,11144457.671399966
2025-12-28 02:44:59.204000+00:00,2025-12-28 02:30:00+00:00,continuous,87774.6,87847.3,87774.6,87800.0,12663252.392299978
2025-12-28 02:59:57.263000+00:00,2025-12-28 02:45:00+00:00,continuous,87800.0,87811.0,87767.2,87768.7,10089490.106900007
2025-12-28 03:14:59.428000+00:00,2025-12-28 03:00:00+00:00,continuous,87768.6,87808.2,87740.0,87745.5,13378083.30540002
2025-12-28 03:29:58.136000+00:00,2025-12-28 03:15:00+00:00,continuous,87745.4,87775.8,87700.0,87708.7,18703062.45199997
2025-12-28 03:44:58.941000+00:00,2025-12-28 03:30:00+00:00,continuous,87708.7,87745.8,87708.6,87712.5,13170482.287200002
2025-12-28 03:59:59.860000+00:00,2025-12-28 03:45:00+00:00,continuous,87712.5,87723.0,87693.0,87693.0,13138738.258199925
2025-12-28 04:14:59.971000+00:00,2025-12-28 04:00:00+00:00,continuous,87693.1,87802.5,87651.0,87770.7,52043373.195800126
2025-12-28 04:29:59.774000+00:00,2025-12-28 04:15:00+00:00,continuous,87770.6,87770.6,87717.9,87765.7,11671726.793600025
2025-12-28 04:44:58.603000+00:00,2025-12-28 04:30:00+00:00,continuous,87765.7,87765.7,87695.1,87714.2,8760594.484400025
2025-12-28 04:59:59.833000+00:00,2025-12-28 04:45:00+00:00,continuous,87714.2,87729.9,87655.0,87683.9,16815211.761600073
2025-12-28 05:14:59.970000+00:00,2025-12-28 05:00:00+00:00,continuous,87683.8,87683.9,87589.3,87659.9,28664167.25559992
2025-12-28 05:29:59.101000+00:00,2025-12-28 05:15:00+00:00,continuous,87660.0,87660.0,87566.0,87580.8,24876390.18789993
2025-12-28 05:44:59.009000+00:00,2025-12-28 05:30:00+00:00,continuous,87580.9,87650.9,87571.6,87643.7,15190654.856499957
2025-12-28 05:59:59.060000+00:00,2025-12-28 05:45:00+00:00,continuous,87643.7,87677.3,87598.7,87620.0,15014375.06859996
2025-12-28 06:14:59.702000+00:00,2025-12-28 06:00:00+00:00,continuous,87619.9,87673.9,87606.0,87671.3,12203110.290999956
2025-12-28 06:29:58.198000+00:00,2025-12-28 06:15:00+00:00,continuous,87671.2,87704.6,87656.6,87696.9,28676919.266299937
2025-12-28 06:44:59.766000+00:00,2025-12-28 06:30:00+00:00,continuous,87696.8,87753.7,87689.9,87749.5,20440846.729500037
2025-12-28 06:59:58.698000+00:00,2025-12-28 06:45:00+00:00,continuous,87749.6,87749.6,87695.9,87696.0,14393172.852999987
2025-12-28 07:14:58.489000+00:00,2025-12-28 07:00:00+00:00,continuous,87695.9,87699.9,87636.0,87678.3,20140168.340700123
2025-12-28 07:29:59.986000+00:00,2025-12-28 07:15:00+00:00,continuous,87678.2,87678.3,87640.9,87652.7,17132032.51820007
2025-12-28 07:44:57.703000+00:00,2025-12-28 07:30:00+00:00,continuous,87652.8,87666.3,87632.9,87640.2,16472228.908800028
2025-12-28 07:59:59.996000+00:00,2025-12-28 07:45:00+00:00,continuous,87640.2,87697.7,87640.2,87697.7,12780509.787899973
2025-12-28 08:14:59.877000+00:00,2025-12-28 08:00:00+00:00,continuous,87697.7,87782.8,87697.7,87763.0,26369011.637999892
2025-12-28 08:29:59.920000+00:00,2025-12-28 08:15:00+00:00,continuous,87763.0,87771.6,87738.0,87746.9,13482340.889000047
2025-12-28 08:44:59.729000+00:00,2025-12-28 08:30:00+00:00,continuous,87746.8,87948.0,87724.2,87805.0,61512710.22019999
2025-12-28 08:59:59.515000+00:00,2025-12-28 08:45:00+00:00,continuous,87805.0,87836.8,87743.5,87771.0,36565331.064199865
2025-12-28 09:14:58.543000+00:00,2025-12-28 09:00:00+00:00,continuous,87771.1,87842.7,87765.9,87830.1,19580373.666899946
2025-12-28 09:29:59.473000+00:00,2025-12-28 09:15:00+00:00,continuous,87830.0,87868.0,87808.8,87850.7,16595349.057899974
2025-12-28 09:44:59.536000+00:00,2025-12-28 09:30:00+00:00,continuous,87850.7,87850.7,87676.4,87742.8,60852849.07990021
2025-12-28 09:59:59.821000+00:00,2025-12-28 09:45:00+00:00,continuous,87742.8,87768.2,87727.5,87768.2,14647722.740099972
2025-12-28 10:14:59.123000+00:00,2025-12-28 10:00:00+00:00,continuous,87768.2,87934.3,87768.1,87865.2,52278844.354699835
2025-12-28 10:29:59.881000+00:00,2025-12-28 10:15:00+00:00,continuous,87865.2,87936.1,87839.9,87921.7,57247141.36580014
2025-12-28 10:44:59.930000+00:00,2025-12-28 10:30:00+00:00,continuous,87921.6,87980.9,87800.9,87814.9,54317808.385500066
2025-12-28 10:59:59.798000+00:00,2025-12-28 10:45:00+00:00,continuous,87814.9,87829.1,87805.6,87828.7,15688059.57029998
2025-12-28 11:14:59.106000+00:00,2025-12-28 11:00:00+00:00,continuous,87828.7,87896.7,87828.6,87887.1,20304819.646099906
2025-12-28 11:29:58.290000+00:00,2025-12-28 11:15:00+00:00,continuous,87887.0,87896.0,87839.6,87856.4,20587820.535100196
2025-12-28 11:44:59.937000+00:00,2025-12-28 11:30:00+00:00,continuous,87856.5,87856.5,87774.4,87795.1,20861750.595399883
2025-12-28 11:59:59.226000+00:00,2025-12-28 11:45:00+00:00,continuous,87795.1,87854.9,87795.0,87850.8,25801522.29650006
2025-12-28 12:14:59.563000+00:00,2025-12-28 12:00:00+00:00,continuous,87850.9,87864.2,87782.1,87810.0,27302884.62139997
2025-12-28 12:29:59.285000+00:00,2025-12-28 12:15:00+00:00,continuous,87810.0,87825.1,87783.0,87817.0,13393844.199899884
2025-12-28 12:44:59.541000+00:00,2025-12-28 12:30:00+00:00,continuous,87816.9,87833.2,87762.2,87779.4,30171591.407600027
2025-12-28 12:59:59.002000+00:00,2025-12-28 12:45:00+00:00,continuous,87779.5,87859.9,87779.4,87820.4,26280202.804100048
2025-12-28 13:14:58.420000+00:00,2025-12-28 13:00:00+00:00,continuous,87820.5,87931.8,87816.6,87816.7,49168235.265500106
2025-12-28 13:29:59.787000+00:00,2025-12-28 13:15:00+00:00,continuous,87816.6,87878.1,87774.6,87814.5,23137770.580699917
2025-12-28 13:44:59.177000+00:00,2025-12-28 13:30:00+00:00,continuous,87814.5,87930.0,87814.5,87883.6,42208792.13340005
2025-12-28 13:59:59.482000+00:00,2025-12-28 13:45:00+00:00,continuous,87883.5,87900.0,87851.9,87862.5,24689482.7212
2025-12-28 14:14:59.693000+00:00,2025-12-28 14:00:00+00:00,continuous,87862.6,87958.0,87862.6,87936.9,43448695.15380026
2025-12-28 14:29:59.472000+00:00,2025-12-28 14:15:00+00:00,continuous,87936.9,87947.7,87886.6,87946.4,21018689.19679996
2025-12-28 14:44:59.687000+00:00,2025-12-28 14:30:00+00:00,continuous,87946.5,88078.3,87902.6,87963.6,68228333.49230002
2025-12-28 14:59:59.945000+00:00,2025-12-28 14:45:00+00:00,continuous,87963.6,87999.0,87871.5,87873.3,51623525.56530007
2025-12-28 15:14:59.783000+00:00,2025-12-28 15:00:00+00:00,continuous,87873.3,87960.0,87818.7,87939.8,49782051.43149987
2025-12-28 15:29:59.706000+00:00,2025-12-28 15:15:00+00:00,continuous,87939.8,87967.3,87902.0,87919.1,29273095.686100062
2025-12-28 15:44:59.760000+00:00,2025-12-28 15:30:00+00:00,continuous,87919.2,87919.2,87859.0,87884.0,22314748.533599965
2025-12-28 15:59:59.954000+00:00,2025-12-28 15:45:00+00:00,continuous,87884.0,87920.6,87780.0,87797.7,37743944.60870005
2025-12-28 16:14:59.701000+00:00,2025-12-28 16:00:00+00:00,continuous,87797.6,87876.9,87785.8,87834.8,43728613.31349958
2025-12-28 16:29:59.977000+00:00,2025-12-28 16:15:00+00:00,continuous,87834.8,87865.7,87702.7,87748.4,59613725.467499934
2025-12-28 16:44:59.590000+00:00,2025-12-28 16:30:00+00:00,continuous,87748.3,87806.6,87748.3,87770.2,24359475.354599927
2025-12-28 16:59:59.394000+00:00,2025-12-28 16:45:00+00:00,continuous,87770.2,87801.6,87770.2,87780.0,12116671.421400059
2025-12-28 17:14:59.252000+00:00,2025-12-28 17:00:00+00:00,continuous,87780.0,87872.4,87780.0,87872.4,26909388.28699995
2025-12-28 17:29:57.984000+00:00,2025-12-28 17:15:00+00:00,continuous,87872.4,87902.7,87850.3,87855.8,17984626.829499986
2025-12-28 17:44:59.722000+00:00,2025-12-28 17:30:00+00:00,continuous,87855.9,87855.9,87782.8,87782.8,11832316.732599987
2025-12-28 17:59:59.335000+00:00,2025-12-28 17:45:00+00:00,continuous,87782.8,87797.5,87723.4,87730.1,24199615.48710003
2025-12-28 18:14:59.891000+00:00,2025-12-28 18:00:00+00:00,continuous,87730.1,87750.7,87574.2,87650.0,125277107.12640059
2025-12-28 18:29:59.854000+00:00,2025-12-28 18:15:00+00:00,continuous,87649.9,87695.5,87448.4,87690.9,219190130.19000044
2025-12-28 18:44:59.968000+00:00,2025-12-28 18:30:00+00:00,continuous,87690.8,87731.8,87666.0,87680.1,25694922.713400085
2025-12-28 18:59:59.715000+00:00,2025-12-28 18:45:00+00:00,continuous,87680.0,87680.1,87501.3,87570.1,53918722.84699962
2025-12-28 19:14:58.904000+00:00,2025-12-28 19:00:00+00:00,continuous,87570.0,87672.1,87490.0,87643.3,53895252.77629968
2025-12-28 19:29:59.235000+00:00,2025-12-28 19:15:00+00:00,continuous,87643.3,87643.4,87477.8,87485.4,48629178.58480015
2025-12-28 19:44:59.766000+00:00,2025-12-28 19:30:00+00:00,continuous,87485.3,87608.8,87485.3,87571.7,34448877.619799905
2025-12-28 19:59:59.988000+00:00,2025-12-28 19:45:00+00:00,continuous,87571.6,87592.7,87482.6,87488.6,27195539.865799956
2025-12-28 20:14:59.075000+00:00,2025-12-28 20:00:00+00:00,continuous,87488.7,87547.5,87411.0,87482.2,63631533.920500055
2025-12-28 20:29:59.586000+00:00,2025-12-28 20:15:00+00:00,continuous,87482.3,87563.5,87482.2,87545.8,16882003.92949997
2025-12-28 20:44:59.650000+00:00,2025-12-28 20:30:00+00:00,continuous,87545.8,87585.9,87545.7,87578.1,10700997.509599978
2025-12-28 20:59:59.660000+00:00,2025-12-28 20:45:00+00:00,continuous,87578.2,87630.9,87478.2,87478.2,36107814.601900116
2025-12-28 21:14:59.224000+00:00,2025-12-28 21:00:00+00:00,continuous,87478.2,87516.9,87402.6,87516.8,48169150.48769985
2025-12-28 21:29:58.006000+00:00,2025-12-28 21:15:00+00:00,continuous,87516.8,87557.6,87465.5,87507.9,19050617.039299954
2025-12-28 21:44:59.368000+00:00,2025-12-28 21:30:00+00:00,continuous,87507.9,87569.2,87494.9,87555.4,12711736.026999924
2025-12-28 21:59:59.921000+00:00,2025-12-28 21:45:00+00:00,continuous,87555.3,87560.6,87530.5,87556.1,10075002.028600022
2025-12-28 22:14:59.739000+00:00,2025-12-28 22:00:00+00:00,continuous,87556.1,87564.1,87440.8,87490.4,15773297.037100025
2025-12-28 22:29:59.536000+00:00,2025-12-28 22:15:00+00:00,continuous,87490.4,87599.6,87482.8,87594.2,21228430.82469993
2025-12-28 22:44:59.799000+00:00,2025-12-28 22:30:00+00:00,continuous,87594.2,87694.7,87557.0,87615.0,23054104.57870004
2025-12-28 22:59:59.776000+00:00,2025-12-28 22:45:00+00:00,continuous,87615.0,87968.4,87615.0,87868.7,102508125.16619988
2025-12-28 23:14:59.725000+00:00,2025-12-28 23:00:00+00:00,continuous,87868.7,88023.4,87655.5,87661.6,132266880.31339976
2025-12-28 23:29:59.299000+00:00,2025-12-28 23:15:00+00:00,continuous,87661.6,87792.1,87661.5,87678.6,34261434.8487
2025-12-28 23:44:59.945000+00:00,2025-12-28 23:30:00+00:00,continuous,87678.6,87790.5,87603.3,87781.4,39008123.340900175
2025-12-28 23:59:59.853000+00:00,2025-12-28 23:45:00+00:00,continuous,87781.4,87939.8,87764.6,87920.5,69023243.40649994
2025-12-29 00:14:59.797000+00:00,2025-12-29 00:00:00+00:00,continuous,87920.4,87955.3,87786.8,87861.6,68430908.10750039
2025-12-29 00:29:59.680000+00:00,2025-12-29 00:15:00+00:00,continuous,87861.5,88020.0,87778.5,87983.1,69600078.1380999
2025-12-29 00:44:59.939000+00:00,2025-12-29 00:30:00+00:00,continuous,87983.1,88308.9,87966.4,88148.9,277343572.3681984
2025-12-29 00:59:59.718000+00:00,2025-12-29 00:45:00+00:00,continuous,88148.9,88414.0,88109.9,88262.2,276939315.80189705
2025-12-29 01:14:59.964000+00:00,2025-12-29 01:00:00+00:00,continuous,88262.2,88288.0,88000.2,88031.6,99525510.50800034
2025-12-29 01:29:59.890000+00:00,2025-12-29 01:15:00+00:00,continuous,88031.6,88031.7,87828.8,87966.0,91954130.91829948
2025-12-29 01:44:59.849000+00:00,2025-12-29 01:30:00+00:00,continuous,87966.0,88470.5,87913.0,88280.7,206742630.41619948
2025-12-29 01:59:59.817000+00:00,2025-12-29 01:45:00+00:00,continuous,88280.6,88444.6,88280.6,88419.3,146593501.9259007
2025-12-29 02:14:59.988000+00:00,2025-12-29 02:00:00+00:00,continuous,88419.3,89270.0,88419.2,89240.1,912370686.2755041
2025-12-29 02:29:59.984000+00:00,2025-12-29 02:15:00+00:00,continuous,89240.0,89368.6,88868.0,89122.5,411808259.8730976
2025-12-29 02:44:59.997000+00:00,2025-12-29 02:30:00+00:00,continuous,89122.6,89238.6,88966.8,89076.4,141973734.31310055
2025-12-29 02:59:59.874000+00:00,2025-12-29 02:45:00+00:00,continuous,89076.3,89285.3,89051.1,89129.1,127722056.21929972
2025-12-29 03:14:59.903000+00:00,2025-12-29 03:00:00+00:00,continuous,89129.1,89472.6,89049.2,89460.1,234812951.5514006
2025-12-29 03:29:59.982000+00:00,2025-12-29 03:15:00+00:00,continuous,89460.0,89485.0,89326.4,89443.4,144672442.27969888
2025-12-29 03:44:59.951000+00:00,2025-12-29 03:30:00+00:00,continuous,89443.4,90000.0,89443.4,89957.9,455694971.7681022
2025-12-29 03:59:59.846000+00:00,2025-12-29 03:45:00+00:00,continuous,89958.0,90156.5,89795.9,90091.6,355615938.37359923
2025-12-29 04:14:59.988000+00:00,2025-12-29 04:00:00+00:00,continuous,90091.5,90137.1,89899.9,90026.8,294678331.58029854
2025-12-29 04:29:59.945000+00:00,2025-12-29 04:15:00+00:00,continuous,90026.8,90180.0,89927.5,90052.1,227262088.86829835
2025-12-29 04:44:59.883000+00:00,2025-12-29 04:30:00+00:00,continuous,90052.1,90373.4,90013.3,90186.3,222893220.22289878
2025-12-29 04:59:59.926000+00:00,2025-12-29 04:45:00+00:00,continuous,90186.3,90264.1,90099.5,90100.1,116031262.29480004
2025-12-29 05:14:59.807000+00:00,2025-12-29 05:00:00+00:00,continuous,90100.1,90259.1,90054.3,90176.3,162584745.18059877
2025-12-29 05:29:59.628000+00:00,2025-12-29 05:15:00+00:00,continuous,90176.3,90185.4,90046.8,90046.8,114259297.77870013
2025-12-29 05:44:59.825000+00:00,2025-12-29 05:30:00+00:00,continuous,90046.8,90160.2,89978.0,90096.1,144662052.76809904
2025-12-29 05:59:59.580000+00:00,2025-12-29 05:45:00+00:00,continuous,90096.1,90108.0,89869.1,89950.8,138279970.14620075
2025-12-29 06:14:59.634000+00:00,2025-12-29 06:00:00+00:00,continuous,89950.8,90003.8,89848.0,89969.6,113557208.3936001
2025-12-29 06:29:59.831000+00:00,2025-12-29 06:15:00+00:00,continuous,89969.6,90097.6,89918.9,89929.0,59518727.40470016
2025-12-29 06:44:59.771000+00:00,2025-12-29 06:30:00+00:00,continuous,89929.0,89961.1,89849.2,89869.4,64745000.052399606
2025-12-29 06:59:59.877000+00:00,2025-12-29 06:45:00+00:00,continuous,89869.5,89869.5,89715.8,89740.7,137121952.3777998
2025-12-29 07:14:59.893000+00:00,2025-12-29 07:00:00+00:00,continuous,89740.7,89819.4,89448.1,89615.1,204911334.11869887
2025-12-29 07:29:59.756000+00:00,2025-12-29 07:15:00+00:00,continuous,89615.1,89667.0,89478.6,89493.6,116844491.00380053
2025-12-29 07:44:59.858000+00:00,2025-12-29 07:30:00+00:00,continuous,89493.5,89653.3,89468.9,89531.9,96810933.31629975
2025-12-29 07:59:59.893000+00:00,2025-12-29 07:45:00+00:00,continuous,89531.9,89630.0,89506.2,89583.0,76408251.22840011
2025-12-29 08:14:59.940000+00:00,2025-12-29 08:00:00+00:00,continuous,89583.0,89629.9,89435.6,89629.9,105497244.81899986
2025-12-29 08:29:59.961000+00:00,2025-12-29 08:15:00+00:00,continuous,89629.9,89791.5,89608.5,89740.0,149841497.42849997
2025-12-29 08:44:59.782000+00:00,2025-12-29 08:30:00+00:00,continuous,89740.0,89764.2,89585.0,89677.2,83457577.53259988
2025-12-29 08:59:59.709000+00:00,2025-12-29 08:45:00+00:00,continuous,89677.2,89777.8,89423.0,89519.0,134054298.12640001
2025-12-29 09:14:59.957000+00:00,2025-12-29 09:00:00+00:00,continuous,89519.0,89581.0,89445.5,89470.7,77356174.64549981
2025-12-29 09:29:59.941000+00:00,2025-12-29 09:15:00+00:00,continuous,89470.7,89471.9,89255.4,89283.7,113011511.07870056
2025-12-29 09:44:59.921000+00:00,2025-12-29 09:30:00+00:00,continuous,89283.6,89296.6,88131.8,88194.0,1159693981.3023038
2025-12-29 09:59:59.968000+00:00,2025-12-29 09:45:00+00:00,continuous,88193.9,88193.9,87715.6,88068.2,815432099.5659001
2025-12-29 10:14:59.963000+00:00,2025-12-29 10:00:00+00:00,continuous,88068.3,88241.1,87877.2,88038.6,410614453.4500976
2025-12-29 10:29:59.656000+00:00,2025-12-29 10:15:00+00:00,continuous,88038.5,88038.5,87896.2,87984.0,145067436.68019962
2025-12-29 10:44:59.942000+00:00,2025-12-29 10:30:00+00:00,continuous,87984.1,87984.1,87850.0,87890.9,117306778.87539971
2025-12-29 10:59:59.939000+00:00,2025-12-29 10:45:00+00:00,continuous,87890.9,87919.2,87599.3,87747.1,191896986.58069947
2025-12-29 11:14:59.975000+00:00,2025-12-29 11:00:00+00:00,continuous,87747.2,87749.5,87558.1,87743.5,183788801.11980033
2025-12-29 11:29:59.820000+00:00,2025-12-29 11:15:00+00:00,continuous,87743.6,87756.6,87662.2,87701.4,85966159.12280008
2025-12-29 11:44:59.567000+00:00,2025-12-29 11:30:00+00:00,continuous,87701.4,87717.3,87542.9,87600.1,111471939.6892995
2025-12-29 11:59:59.936000+00:00,2025-12-29 11:45:00+00:00,continuous,87600.1,87615.8,87520.1,87529.0,118642572.63540088
2025-12-29 12:14:59.948000+00:00,2025-12-29 12:00:00+00:00,continuous,87529.1,87605.5,86827.2,86926.4,751207160.9664049
2025-12-29 12:29:59.996000+00:00,2025-12-29 12:15:00+00:00,continuous,86926.3,87326.6,86760.0,87235.9,552868393.0919983
2025-12-29 12:44:59.918000+00:00,2025-12-29 12:30:00+00:00,continuous,87236.0,87404.8,87150.0,87267.5,255427739.10200167
2025-12-29 12:59:59.766000+00:00,2025-12-29 12:45:00+00:00,continuous,87267.4,87366.4,87250.1,87344.0,100819569.68839937
2025-12-29 13:14:59.936000+00:00,2025-12-29 13:00:00+00:00,continuous,87343.9,87499.9,87204.8,87289.6,197157478.1499
2025-12-29 13:29:59.794000+00:00,2025-12-29 13:15:00+00:00,continuous,87289.6,87424.8,87228.5,87259.4,126976108.13929997
2025-12-29 13:44:59.463000+00:00,2025-12-29 13:30:00+00:00,continuous,87259.5,87331.5,87205.0,87242.1,85083355.57870023
2025-12-29 13:59:59.948000+00:00,2025-12-29 13:45:00+00:00,continuous,87242.0,87361.0,87124.9,87354.3,167343243.92249924
2025-12-29 14:14:59.977000+00:00,2025-12-29 14:00:00+00:00,continuous,87354.3,87389.0,87216.1,87386.7,98362111.09979966
2025-12-29 14:29:59.904000+00:00,2025-12-29 14:15:00+00:00,continuous,87386.6,87592.0,87312.2,87575.0,216016908.23599988
2025-12-29 14:44:59.989000+00:00,2025-12-29 14:30:00+00:00,continuous,87575.0,88150.0,87379.7,88049.9,634984198.9308009
2025-12-29 14:59:59.926000+00:00,2025-12-29 14:45:00+00:00,continuous,88050.0,88064.8,87262.2,87399.9,407222405.25499755
2025-12-29 15:14:59.936000+00:00,2025-12-29 15:00:00+00:00,continuous,87400.0,87684.9,87170.5,87683.8,305094493.9830992
2025-12-29 15:29:59.025000+00:00,2025-12-29 15:15:00+00:00,continuous,87683.7,87878.9,87418.5,87693.2,237366637.2960998
2025-12-29 15:44:59.801000+00:00,2025-12-29 15:30:00+00:00,continuous,87693.3,87849.9,87628.0,87774.8,76679696.68160015
2025-12-29 15:59:59.924000+00:00,2025-12-29 15:45:00+00:00,continuous,87774.8,87809.5,87536.2,87636.6,133661506.59510005
2025-12-29 16:14:59.834000+00:00,2025-12-29 16:00:00+00:00,continuous,87636.4,87800.0,87557.6,87731.1,127676038.19520085
2025-12-29 16:29:59.952000+00:00,2025-12-29 16:15:00+00:00,continuous,87731.1,87741.7,87400.0,87500.6,97171076.82750013
2025-12-29 16:44:59.530000+00:00,2025-12-29 16:30:00+00:00,continuous,87500.5,87687.9,87489.0,87573.2,68274167.60999969
2025-12-29 16:59:59.983000+00:00,2025-12-29 16:45:00+00:00,continuous,87573.2,87731.5,87500.9,87587.0,66481753.10499999
2025-12-29 17:14:59.938000+00:00,2025-12-29 17:00:00+00:00,continuous,87587.1,87714.2,87533.3,87577.1,70773658.29020034
2025-12-29 17:29:59.957000+00:00,2025-12-29 17:15:00+00:00,continuous,87577.1,87639.1,87300.0,87400.1,89826859.55880013
2025-12-29 17:44:59.985000+00:00,2025-12-29 17:30:00+00:00,continuous,87400.1,87587.7,87383.9,87563.6,58642196.20290028
2025-12-29 17:59:59.849000+00:00,2025-12-29 17:45:00+00:00,continuous,87563.6,87819.9,87563.6,87814.1,109721786.27529944
2025-12-29 18:14:59.980000+00:00,2025-12-29 18:00:00+00:00,continuous,87814.1,87968.1,87646.0,87754.4,167841696.9885002
2025-12-29 18:29:59.759000+00:00,2025-12-29 18:15:00+00:00,continuous,87754.5,87835.0,87647.1,87677.7,56943919.833399855
2025-12-29 18:44:59.642000+00:00,2025-12-29 18:30:00+00:00,continuous,87677.6,87745.1,87476.7,87572.7,68150012.36650023
2025-12-29 18:59:59.931000+00:00,2025-12-29 18:45:00+00:00,continuous,87572.7,87582.2,87324.7,87426.9,103752894.09559956
2025-12-29 19:14:59.135000+00:00,2025-12-29 19:00:00+00:00,continuous,87426.8,87631.9,87259.6,87537.4,131456048.32789958
2025-12-29 19:29:59.997000+00:00,2025-12-29 19:15:00+00:00,continuous,87537.3,87556.0,87433.4,87474.9,38299708.31239982
2025-12-29 19:44:58.501000+00:00,2025-12-29 19:30:00+00:00,continuous,87475.0,87554.3,87350.0,87374.0,36784762.648299895
2025-12-29 19:59:59.855000+00:00,2025-12-29 19:45:00+00:00,continuous,87374.1,87436.2,87300.0,87328.9,43125026.84760018
2025-12-29 20:14:59.959000+00:00,2025-12-29 20:00:00+00:00,continuous,87328.9,87516.1,87257.9,87500.9,86692124.44069996
2025-12-29 20:29:59.481000+00:00,2025-12-29 20:15:00+00:00,continuous,87500.8,87569.2,87292.6,87307.9,69490597.82460015
2025-12-29 20:44:59.279000+00:00,2025-12-29 20:30:00+00:00,continuous,87307.9,87371.5,87180.0,87200.9,97604377.68220001
2025-12-29 20:59:59.749000+00:00,2025-12-29 20:45:00+00:00,continuous,87200.9,87248.9,87052.2,87182.9,161382581.0072005
2025-12-29 21:14:57.425000+00:00,2025-12-29 21:00:00+00:00,continuous,87183.0,87354.0,87150.2,87318.2,51775370.14389937
2025-12-29 21:29:58.052000+00:00,2025-12-29 21:15:00+00:00,continuous,87318.1,87342.9,87198.1,87265.7,24026248.16610006
2025-12-29 21:44:59.626000+00:00,2025-12-29 21:30:00+00:00,continuous,87265.7,87333.4,87228.1,87331.9,15207511.847299935
2025-12-29 21:59:59.738000+00:00,2025-12-29 21:45:00+00:00,continuous,87331.9,87331.9,87282.9,87311.2,16896216.807199843
2025-12-29 22:14:59.851000+00:00,2025-12-29 22:00:00+00:00,continuous,87311.2,87311.2,87043.4,87104.4,58789410.950599864
2025-12-29 22:29:59.753000+00:00,2025-12-29 22:15:00+00:00,continuous,87104.4,87243.2,87104.4,87194.2,27891016.41530003
2025-12-29 22:44:59.807000+00:00,2025-12-29 22:30:00+00:00,continuous,87194.2,87370.0,87174.0,87351.0,36913472.657800086
2025-12-29 22:59:59.993000+00:00,2025-12-29 22:45:00+00:00,continuous,87351.0,87380.4,87308.3,87317.0,27323542.4313
2025-12-29 23:14:59.376000+00:00,2025-12-29 23:00:00+00:00,continuous,87317.1,87374.3,87245.0,87339.8,36917281.12360002
2025-12-29 23:29:59.182000+00:00,2025-12-29 23:15:00+00:00,continuous,87339.7,87339.8,87168.4,87179.0,28542211.73019995
2025-12-29 23:44:59.938000+00:00,2025-12-29 23:30:00+00:00,continuous,87179.0,87231.1,87144.0,87182.1,31067426.47790007
2025-12-29 23:59:59.988000+00:00,2025-12-29 23:45:00+00:00,continuous,87182.0,87232.6,87171.1,87203.3,20569961.660699952
2025-12-30 00:14:57.859000+00:00,2025-12-30 00:00:00+00:00,continuous,87203.2,87315.3,87168.1,87264.6,58271586.733499914
2025-12-30 00:29:59.506000+00:00,2025-12-30 00:15:00+00:00,continuous,87264.6,87329.7,87260.0,87263.5,23079576.706500147
2025-12-30 00:44:59.716000+00:00,2025-12-30 00:30:00+00:00,continuous,87263.4,87263.5,87075.0,87108.2,61652477.18479997
2025-12-30 00:59:58.098000+00:00,2025-12-30 00:45:00+00:00,continuous,87108.1,87240.9,87108.1,87223.2,25380255.592599925
2025-12-30 01:14:59.990000+00:00,2025-12-30 01:00:00+00:00,continuous,87223.2,87258.2,87114.8,87194.6,31020274.790900122
2025-12-30 01:29:59.082000+00:00,2025-12-30 01:15:00+00:00,continuous,87194.5,87270.2,87153.3,87167.5,23538978.430300083
2025-12-30 01:44:58.999000+00:00,2025-12-30 01:30:00+00:00,continuous,87167.6,87248.4,87074.5,87236.1,41221624.78210009
2025-12-30 01:59:58.890000+00:00,2025-12-30 01:45:00+00:00,continuous,87236.0,87326.8,87236.0,87283.0,45665368.487699926
2025-12-30 02:14:59.989000+00:00,2025-12-30 02:00:00+00:00,continuous,87283.0,87294.5,87057.0,87175.6,70399180.35620019
2025-12-30 02:29:59.547000+00:00,2025-12-30 02:15:00+00:00,continuous,87175.6,87314.6,87175.6,87214.1,53752044.564500116
2025-12-30 02:44:59.489000+00:00,2025-12-30 02:30:00+00:00,continuous,87214.1,87237.5,86948.0,87113.9,199427204.54360017
2025-12-30 02:59:59.604000+00:00,2025-12-30 02:45:00+00:00,continuous,87113.9,87115.4,86934.5,87072.8,66221928.554300085
2025-12-30 03:14:59.976000+00:00,2025-12-30 03:00:00+00:00,continuous,87072.8,87080.3,86880.0,86889.0,84847849.98579955
2025-12-30 03:29:59.771000+00:00,2025-12-30 03:15:00+00:00,continuous,86888.9,87274.7,86789.0,87237.1,238278265.50589988
2025-12-30 03:44:58.777000+00:00,2025-12-30 03:30:00+00:00,continuous,87237.1,87287.3,87160.3,87238.7,45547707.77259996
2025-12-30 03:59:59.555000+00:00,2025-12-30 03:45:00+00:00,continuous,87238.6,87393.1,87215.1,87334.7,102417315.18620034
2025-12-30 04:14:59.309000+00:00,2025-12-30 04:00:00+00:00,continuous,87334.7,87392.7,87250.0,87278.3,66106519.04359978
2025-12-30 04:29:59.180000+00:00,2025-12-30 04:15:00+00:00,continuous,87278.3,87454.4,87266.0,87408.5,53913935.45230003
2025-12-30 04:44:59.664000+00:00,2025-12-30 04:30:00+00:00,continuous,87408.5,87424.6,87350.0,87407.9,48758837.0199999
2025-12-30 04:59:59.843000+00:00,2025-12-30 04:45:00+00:00,continuous,87407.9,87418.6,87256.6,87262.0,32989987.248599898
2025-12-30 05:14:59.159000+00:00,2025-12-30 05:00:00+00:00,continuous,87262.1,87318.6,87244.2,87318.4,32554060.712599993
2025-12-30 05:29:58.867000+00:00,2025-12-30 05:15:00+00:00,continuous,87318.4,87323.1,87183.7,87230.2,30027324.302099966
2025-12-30 05:44:59.967000+00:00,2025-12-30 05:30:00+00:00,continuous,87230.1,87230.2,87105.6,87201.1,43249907.62500004
2025-12-30 05:59:59.710000+00:00,2025-12-30 05:45:00+00:00,continuous,87201.1,87227.0,87160.2,87216.2,16729490.367300073
2025-12-30 06:14:59.598000+00:00,2025-12-30 06:00:00+00:00,continuous,87216.1,87300.0,87198.4,87299.9,29878001.8449999
2025-12-30 06:29:59.977000+00:00,2025-12-30 06:15:00+00:00,continuous,87300.0,87390.0,87292.0,87353.3,32331097.230899964
2025-12-30 06:44:59.917000+00:00,2025-12-30 06:30:00+00:00,continuous,87353.3,87481.9,87337.9,87442.7,68092382.49479966
2025-12-30 06:59:59.411000+00:00,2025-12-30 06:45:00+00:00,continuous,87442.6,87487.7,87375.9,87404.3,62132010.76169985
2025-12-30 07:14:59.945000+00:00,2025-12-30 07:00:00+00:00,continuous,87404.3,87496.5,87362.0,87471.0,50534750.25079983
2025-12-30 07:29:59.569000+00:00,2025-12-30 07:15:00+00:00,continuous,87471.1,87581.4,87322.6,87377.9,70193471.39440003
2025-12-30 07:44:59.903000+00:00,2025-12-30 07:30:00+00:00,continuous,87378.0,87489.5,87356.7,87445.9,46077877.894800164
2025-12-30 07:59:59.344000+00:00,2025-12-30 07:45:00+00:00,continuous,87445.9,87469.8,87418.4,87457.5,30301937.5387999
2025-12-30 08:14:59.838000+00:00,2025-12-30 08:00:00+00:00,continuous,87457.5,87987.6,87455.5,87833.9,337956386.38179916
2025-12-30 08:29:59.948000+00:00,2025-12-30 08:15:00+00:00,continuous,87833.9,88190.6,87720.0,87788.5,488366162.14070183
2025-12-30 08:44:59.945000+00:00,2025-12-30 08:30:00+00:00,continuous,87788.6,87950.0,87732.1,87869.7,124603292.05679987
2025-12-30 08:59:59.962000+00:00,2025-12-30 08:45:00+00:00,continuous,87869.6,87947.9,87792.9,87827.1,71485155.5051999
2025-12-30 09:14:59.899000+00:00,2025-12-30 09:00:00+00:00,continuous,87827.0,87888.0,87753.4,87764.1,52074763.1001999
2025-12-30 09:29:59.106000+00:00,2025-12-30 09:15:00+00:00,continuous,87764.1,87764.2,87609.0,87659.1,134483652.21080005
2025-12-30 09:44:59.922000+00:00,2025-12-30 09:30:00+00:00,continuous,87659.1,87818.9,87648.6,87818.9,54691555.885299996
2025-12-30 09:59:59.949000+00:00,2025-12-30 09:45:00+00:00,continuous,87818.9,88000.0,87784.7,87954.7,102024272.38249977
2025-12-30 10:14:59.297000+00:00,2025-12-30 10:00:00+00:00,continuous,87954.7,88124.7,87912.8,87979.5,161975574.67570066
2025-12-30 10:29:59.987000+00:00,2025-12-30 10:15:00+00:00,continuous,87979.6,88050.0,87913.0,87982.3,61181273.48280026
2025-12-30 10:44:59.922000+00:00,2025-12-30 10:30:00+00:00,continuous,87982.3,88113.5,87863.6,88111.5,83372899.34689967
2025-12-30 10:59:59.926000+00:00,2025-12-30 10:45:00+00:00,continuous,88111.4,88150.1,87878.3,87914.3,118762220.15290065
2025-12-30 11:14:59.807000+00:00,2025-12-30 11:00:00+00:00,continuous,87914.3,87990.4,87862.7,87987.0,59019329.08659984
2025-12-30 11:29:59.741000+00:00,2025-12-30 11:15:00+00:00,continuous,87987.1,87997.0,87873.2,87898.2,34834043.31820004
2025-12-30 11:44:59.813000+00:00,2025-12-30 11:30:00+00:00,continuous,87898.3,87980.0,87840.0,87846.8,42480370.40629998
2025-12-30 11:59:59.844000+00:00,2025-12-30 11:45:00+00:00,continuous,87846.8,87917.0,87722.5,87875.2,122917982.82349999
2025-12-30 12:14:59.338000+00:00,2025-12-30 12:00:00+00:00,continuous,87875.3,88033.5,87870.0,88001.8,100484664.62599967
2025-12-30 12:29:59.652000+00:00,2025-12-30 12:15:00+00:00,continuous,88001.8,88055.6,87946.0,87962.4,47245387.171199955
2025-12-30 12:44:59.947000+00:00,2025-12-30 12:30:00+00:00,continuous,87962.5,88029.7,87904.9,87957.2,47692918.14269968
2025-12-30 12:59:59.619000+00:00,2025-12-30 12:45:00+00:00,continuous,87957.3,87993.4,87919.3,87993.4,26016629.26199995
2025-12-30 13:14:59.910000+00:00,2025-12-30 13:00:00+00:00,continuous,87993.3,88009.9,87874.8,87912.5,75984601.97030014
2025-12-30 13:29:59.807000+00:00,2025-12-30 13:15:00+00:00,continuous,87912.5,88094.1,87874.8,88055.0,69048821.35740009
2025-12-30 13:44:57.913000+00:00,2025-12-30 13:30:00+00:00,continuous,88055.1,88097.7,87884.0,88036.0,66933881.63329967
2025-12-30 13:59:59.985000+00:00,2025-12-30 13:45:00+00:00,continuous,88036.0,88111.7,87984.6,88069.8,61910706.456099786
2025-12-30 14:14:59.924000+00:00,2025-12-30 14:00:00+00:00,continuous,88069.9,88069.9,87788.2,87995.8,135289857.73450017
2025-12-30 14:29:59.967000+00:00,2025-12-30 14:15:00+00:00,continuous,87995.8,88383.3,87983.4,88106.1,251444725.87059972
2025-12-30 14:44:59.826000+00:00,2025-12-30 14:30:00+00:00,continuous,88106.0,88227.8,87840.0,88057.2,258363880.55569944
2025-12-30 14:59:59.976000+00:00,2025-12-30 14:45:00+00:00,continuous,88057.2,88976.3,87988.3,88831.4,808706841.5207946
2025-12-30 15:14:59.465000+00:00,2025-12-30 15:00:00+00:00,continuous,88831.5,89032.1,88150.0,88308.3,624791897.6224984
2025-12-30 15:29:59.728000+00:00,2025-12-30 15:15:00+00:00,continuous,88308.3,88529.1,88164.8,88433.0,248270803.23629856
2025-12-30 15:44:59.945000+00:00,2025-12-30 15:30:00+00:00,continuous,88433.0,88761.9,88390.0,88722.4,192624425.34620166
2025-12-30 15:59:59.980000+00:00,2025-12-30 15:45:00+00:00,continuous,88722.3,89126.0,88634.6,88966.8,426233836.4171959
2025-12-30 16:14:59.917000+00:00,2025-12-30 16:00:00+00:00,continuous,88966.9,89100.0,88737.9,88918.9,347551760.90599996
2025-12-30 16:29:59.860000+00:00,2025-12-30 16:15:00+00:00,continuous,88918.9,89355.0,88904.9,89167.1,439007470.58699703
2025-12-30 16:44:59.703000+00:00,2025-12-30 16:30:00+00:00,continuous,89167.0,89220.0,88614.3,88667.3,381431120.70570064
2025-12-30 16:59:59.782000+00:00,2025-12-30 16:45:00+00:00,continuous,88667.4,88750.0,88517.6,88698.9,183448736.18189925
2025-12-30 17:14:59.720000+00:00,2025-12-30 17:00:00+00:00,continuous,88698.8,88858.9,88667.3,88718.1,97619251.60379992
2025-12-30 17:29:59.890000+00:00,2025-12-30 17:15:00+00:00,continuous,88718.0,88766.9,88442.2,88584.4,187782565.90289965
2025-12-30 17:44:59.846000+00:00,2025-12-30 17:30:00+00:00,continuous,88584.4,88645.9,88471.1,88488.4,71393495.62230007
2025-12-30 17:59:59.978000+00:00,2025-12-30 17:45:00+00:00,continuous,88488.3,88493.9,88070.5,88330.2,465145484.89439803
2025-12-30 18:14:59.279000+00:00,2025-12-30 18:00:00+00:00,continuous,88330.2,88372.0,88237.7,88260.0,76226280.74600014
2025-12-30 18:29:59.976000+00:00,2025-12-30 18:15:00+00:00,continuous,88260.0,88405.8,88251.2,88335.8,57311555.98939976
2025-12-30 18:44:59.276000+00:00,2025-12-30 18:30:00+00:00,continuous,88335.8,88456.5,88297.1,88324.7,57293231.9452
2025-12-30 18:59:59.521000+00:00,2025-12-30 18:45:00+00:00,continuous,88324.7,88324.7,88088.0,88259.6,87565801.98000014
2025-12-30 19:14:59.702000+00:00,2025-12-30 19:00:00+00:00,continuous,88259.7,88259.7,87910.4,88026.3,187292974.7042005
2025-12-30 19:29:59.849000+00:00,2025-12-30 19:15:00+00:00,continuous,88026.3,88339.6,87992.5,88307.3,119213408.03869982
2025-12-30 19:44:59.728000+00:00,2025-12-30 19:30:00+00:00,continuous,88307.3,88395.9,88222.0,88272.8,71456868.76540053
2025-12-30 19:59:59.752000+00:00,2025-12-30 19:45:00+00:00,continuous,88272.7,88308.3,88100.0,88189.7,49868581.44760009
2025-12-30 20:14:59.759000+00:00,2025-12-30 20:00:00+00:00,continuous,88189.8,88189.8,88037.3,88100.1,72081917.33270022
2025-12-30 20:29:58.505000+00:00,2025-12-30 20:15:00+00:00,continuous,88100.0,88181.5,87995.5,88025.8,57072525.707599945
2025-12-30 20:44:59.472000+00:00,2025-12-30 20:30:00+00:00,continuous,88025.7,88144.6,88001.4,88011.7,56041375.64609991
2025-12-30 20:59:59.969000+00:00,2025-12-30 20:45:00+00:00,continuous,88011.6,88011.6,87833.2,87900.3,130088384.54059932
2025-12-30 21:14:59.909000+00:00,2025-12-30 21:00:00+00:00,continuous,87900.2,88063.2,87846.2,88046.4,77221757.98180032
2025-12-30 21:29:59.497000+00:00,2025-12-30 21:15:00+00:00,continuous,88046.6,88156.2,88041.6,88116.1,52942340.801799916
2025-12-30 21:44:59.575000+00:00,2025-12-30 21:30:00+00:00,continuous,88116.1,88250.0,88116.1,88234.8,41176756.79720019
2025-12-30 21:59:59.651000+00:00,2025-12-30 21:45:00+00:00,continuous,88234.9,88298.1,88184.6,88245.5,37272580.14639993
2025-12-30 22:14:59.970000+00:00,2025-12-30 22:00:00+00:00,continuous,88245.5,88434.8,88245.5,88427.5,60942788.51989993
2025-12-30 22:29:59.876000+00:00,2025-12-30 22:15:00+00:00,continuous,88427.5,88427.5,88317.3,88385.5,34332598.78109996
2025-12-30 22:44:59.839000+00:00,2025-12-30 22:30:00+00:00,continuous,88385.5,88420.5,88245.9,88286.6,44660229.17100001
2025-12-30 22:59:59.938000+00:00,2025-12-30 22:45:00+00:00,continuous,88287.1,88394.4,88240.1,88387.7,27733707.205600042
2025-12-30 23:14:59.819000+00:00,2025-12-30 23:00:00+00:00,continuous,88387.8,88470.0,88320.0,88406.9,72609057.17130044
2025-12-30 23:29:59.714000+00:00,2025-12-30 23:15:00+00:00,continuous,88406.8,88533.0,88374.0,88525.8,82031636.61919993
2025-12-30 23:44:59.930000+00:00,2025-12-30 23:30:00+00:00,continuous,88525.9,88531.5,88468.1,88500.8,37186896.71029998
2025-12-30 23:59:59.662000+00:00,2025-12-30 23:45:00+00:00,continuous,88500.9,88503.4,88425.1,88455.3,33411030.15849995
2025-12-31 00:14:59.728000+00:00,2025-12-31 00:00:00+00:00,continuous,88455.2,88455.3,88301.4,88342.4,71869893.34230009
2025-12-31 00:29:59.805000+00:00,2025-12-31 00:15:00+00:00,continuous,88342.4,88419.7,88262.5,88349.6,60268015.21900005
2025-12-31 00:44:59.754000+00:00,2025-12-31 00:30:00+00:00,continuous,88349.7,88361.4,88210.9,88283.8,53223801.93679998
2025-12-31 00:59:59.922000+00:00,2025-12-31 00:45:00+00:00,continuous,88283.8,88283.8,88209.9,88226.3,25044375.609500043
2025-12-31 01:14:59.728000+00:00,2025-12-31 01:00:00+00:00,continuous,88226.2,88289.7,88134.9,88276.1,67574744.56809999
2025-12-31 01:29:59.869000+00:00,2025-12-31 01:15:00+00:00,continuous,88276.0,88660.0,88264.9,88542.8,168873208.59400028
2025-12-31 01:44:59.990000+00:00,2025-12-31 01:30:00+00:00,continuous,88542.8,88735.0,88542.8,88690.8,87674881.99880017
2025-12-31 01:59:59.985000+00:00,2025-12-31 01:45:00+00:00,continuous,88690.8,88758.2,88547.7,88604.7,63694090.30290011
2025-12-31 02:14:59.013000+00:00,2025-12-31 02:00:00+00:00,continuous,88604.7,88650.0,88477.9,88650.0,54173970.20930034
2025-12-31 02:29:59.873000+00:00,2025-12-31 02:15:00+00:00,continuous,88649.9,88700.0,88582.5,88627.7,37201301.369100034
2025-12-31 02:44:59.049000+00:00,2025-12-31 02:30:00+00:00,continuous,88627.7,88715.5,88500.1,88559.2,44963818.260300025
2025-12-31 02:59:58.984000+00:00,2025-12-31 02:45:00+00:00,continuous,88559.2,88687.9,88475.2,88639.3,44411386.70420001
2025-12-31 03:14:59.934000+00:00,2025-12-31 03:00:00+00:00,continuous,88639.4,88780.0,88630.1,88724.9,83323022.8418002
2025-12-31 03:29:59.730000+00:00,2025-12-31 03:15:00+00:00,continuous,88724.9,88724.9,88477.2,88503.5,62485554.96429997
2025-12-31 03:44:59.949000+00:00,2025-12-31 03:30:00+00:00,continuous,88503.5,88514.9,88335.0,88426.9,75451097.0862
2025-12-31 03:59:59.562000+00:00,2025-12-31 03:45:00+00:00,continuous,88426.8,88450.0,88370.9,88411.5,33409584.506100018
2025-12-31 04:14:59.633000+00:00,2025-12-31 04:00:00+00:00,continuous,88411.6,88460.0,88373.8,88421.8,34095175.73040005
2025-12-31 04:29:59.794000+00:00,2025-12-31 04:15:00+00:00,continuous,88421.8,88509.9,88335.9,88394.8,67267600.05550009
2025-12-31 04:44:59.740000+00:00,2025-12-31 04:30:00+00:00,continuous,88394.7,88430.9,88340.0,88340.0,23175044.981899977
2025-12-31 04:59:58.742000+00:00,2025-12-31 04:45:00+00:00,continuous,88340.0,88388.7,88280.1,88287.3,54946245.450000145
2025-12-31 05:14:59.935000+00:00,2025-12-31 05:00:00+00:00,continuous,88287.2,88428.0,88287.2,88374.6,34912657.70109994
2025-12-31 05:29:59.958000+00:00,2025-12-31 05:15:00+00:00,continuous,88374.6,88428.0,88305.5,88424.9,28149911.839700077
2025-12-31 05:44:59.708000+00:00,2025-12-31 05:30:00+00:00,continuous,88424.8,88488.0,88400.0,88487.9,33761921.053899996
2025-12-31 05:59:57.762000+00:00,2025-12-31 05:45:00+00:00,continuous,88488.0,88488.0,88406.3,88415.6,30203972.22829996
2025-12-31 06:14:59.276000+00:00,2025-12-31 06:00:00+00:00,continuous,88415.7,88491.1,88415.7,88486.4,24825933.959699966
2025-12-31 06:29:59.630000+00:00,2025-12-31 06:15:00+00:00,continuous,88486.4,88520.0,88425.1,88489.6,35279289.533300005
2025-12-31 06:44:59.850000+00:00,2025-12-31 06:30:00+00:00,continuous,88489.7,88521.8,88438.9,88468.1,30724409.781399917
2025-12-31 06:59:59.085000+00:00,2025-12-31 06:45:00+00:00,continuous,88468.0,88494.0,88446.6,88470.9,15132466.94369999
2025-12-31 07:14:59.707000+00:00,2025-12-31 07:00:00+00:00,continuous,88471.0,88471.0,88385.7,88449.9,24877961.369899966
2025-12-31 07:29:59.915000+00:00,2025-12-31 07:15:00+00:00,continuous,88450.0,88545.7,88385.0,88494.7,43517797.67810006
2025-12-31 07:44:59.987000+00:00,2025-12-31 07:30:00+00:00,continuous,88494.7,88596.0,88476.2,88567.1,40665985.392999925
2025-12-31 07:59:59.860000+00:00,2025-12-31 07:45:00+00:00,continuous,88567.2,88595.4,88526.5,88569.0,34263738.18329999
2025-12-31 08:14:59.859000+00:00,2025-12-31 08:00:00+00:00,continuous,88568.9,88690.0,88568.9,88659.1,93749081.3279003
2025-12-31 08:29:59.398000+00:00,2025-12-31 08:15:00+00:00,continuous,88659.1,88659.2,88591.0,88607.7,25834727.5826
2025-12-31 08:44:59.685000+00:00,2025-12-31 08:30:00+00:00,continuous,88607.8,88607.8,88341.5,88372.6,77851607.87350014
2025-12-31 08:59:59.756000+00:00,2025-12-31 08:45:00+00:00,continuous,88372.5,88422.9,88339.9,88391.2,44846713.64229994
2025-12-31 09:14:59.934000+00:00,2025-12-31 09:00:00+00:00,continuous,88391.3,88549.6,88389.0,88514.4,47447687.64450002
2025-12-31 09:29:59.406000+00:00,2025-12-31 09:15:00+00:00,continuous,88514.4,88569.5,88514.3,88558.0,26771313.921600148
2025-12-31 09:44:59.953000+00:00,2025-12-31 09:30:00+00:00,continuous,88558.0,88647.7,88539.3,88616.6,42011772.22089997
2025-12-31 09:59:59.941000+00:00,2025-12-31 09:45:00+00:00,continuous,88616.6,88679.3,88607.5,88619.5,56802405.76579992
2025-12-31 10:14:59.991000+00:00,2025-12-31 10:00:00+00:00,continuous,88619.5,88790.0,88619.5,88753.0,90168007.1664004
2025-12-31 10:29:59.105000+00:00,2025-12-31 10:15:00+00:00,continuous,88753.1,88850.0,88642.1,88719.9,135514167.2246003
2025-12-31 10:44:59.807000+00:00,2025-12-31 10:30:00+00:00,continuous,88719.9,88733.9,88615.1,88708.4,47844262.31390001
2025-12-31 10:59:59.939000+00:00,2025-12-31 10:45:00+00:00,continuous,88708.4,88810.8,88681.6,88804.6,40171500.48850003
2025-12-31 11:14:59.726000+00:00,2025-12-31 11:00:00+00:00,continuous,88804.6,88916.5,88774.1,88823.6,105869104.31910045
2025-12-31 11:29:59.746000+00:00,2025-12-31 11:15:00+00:00,continuous,88823.6,88900.0,88759.4,88896.2,51783693.43000019
2025-12-31 11:44:59.993000+00:00,2025-12-31 11:30:00+00:00,continuous,88896.2,88987.9,88828.7,88982.2,115192603.21299975
2025-12-31 11:59:59.685000+00:00,2025-12-31 11:45:00+00:00,continuous,88982.1,89000.0,88852.0,88967.6,101769434.1219996
2025-12-31 12:14:59.828000+00:00,2025-12-31 12:00:00+00:00,continuous,88967.6,88997.6,88857.8,88900.2,103240052.8946003
2025-12-31 12:29:59.297000+00:00,2025-12-31 12:15:00+00:00,continuous,88900.1,88961.4,88862.7,88897.6,55879786.1846002
2025-12-31 12:44:58.992000+00:00,2025-12-31 12:30:00+00:00,continuous,88897.6,88942.1,88772.4,88792.1,100958145.68979964
2025-12-31 12:59:59.917000+00:00,2025-12-31 12:45:00+00:00,continuous,88792.1,88824.0,88702.5,88737.0,78345339.43269984
2025-12-31 13:14:59.441000+00:00,2025-12-31 13:00:00+00:00,continuous,88737.0,88809.5,88700.0,88775.7,58872450.55129986
2025-12-31 13:29:59.695000+00:00,2025-12-31 13:15:00+00:00,continuous,88775.7,88862.6,88763.3,88805.7,57696138.73320021
2025-12-31 13:44:58.963000+00:00,2025-12-31 13:30:00+00:00,continuous,88805.8,88805.8,88705.3,88754.0,54705960.27049979
2025-12-31 13:59:59.820000+00:00,2025-12-31 13:45:00+00:00,continuous,88754.1,89025.1,88734.8,88954.4,124364968.11859989
2025-12-31 14:14:59.862000+00:00,2025-12-31 14:00:00+00:00,continuous,88954.3,89192.8,88878.4,89099.3,194037299.27110046
2025-12-31 14:29:59.885000+00:00,2025-12-31 14:15:00+00:00,continuous,89099.2,89104.4,88902.0,88911.1,88556756.25050005
2025-12-31 14:44:59.886000+00:00,2025-12-31 14:30:00+00:00,continuous,88911.1,88911.1,88521.5,88619.7,333480041.7338019
2025-12-31 14:59:59.958000+00:00,2025-12-31 14:45:00+00:00,continuous,88619.6,88627.3,88233.5,88443.4,367835658.9491001
2025-12-31 15:14:59.961000+00:00,2025-12-31 15:00:00+00:00,continuous,88443.3,88450.0,87898.7,88156.7,444090611.0186997
2025-12-31 15:29:59.803000+00:00,2025-12-31 15:15:00+00:00,continuous,88156.8,88166.6,87880.0,87951.9,269173525.2242984
2025-12-31 15:44:59.953000+00:00,2025-12-31 15:30:00+00:00,continuous,87951.9,88084.0,87729.2,88006.2,288556450.33639944
2025-12-31 15:59:59.961000+00:00,2025-12-31 15:45:00+00:00,continuous,88006.1,88125.3,87880.9,87909.0,169351587.55330002
2025-12-31 16:14:59.866000+00:00,2025-12-31 16:00:00+00:00,continuous,87909.1,87967.8,87774.4,87884.1,197485382.27940068
2025-12-31 16:29:59.899000+00:00,2025-12-31 16:15:00+00:00,continuous,87884.0,88024.3,87642.4,87888.2,273712390.8189012
2025-12-31 16:44:59.999000+00:00,2025-12-31 16:30:00+00:00,continuous,87888.2,87911.1,87350.5,87432.7,398584798.008802
2025-12-31 16:59:59.332000+00:00,2025-12-31 16:45:00+00:00,continuous,87432.6,87666.3,87391.4,87625.9,189203439.5471
2025-12-31 17:14:59.906000+00:00,2025-12-31 17:00:00+00:00,continuous,87625.9,87656.1,87454.0,87506.1,117973134.0123998
2025-12-31 17:29:59.705000+00:00,2025-12-31 17:15:00+00:00,continuous,87506.1,87716.0,87454.0,87588.4,119633980.19599983
2025-12-31 17:44:59.871000+00:00,2025-12-31 17:30:00+00:00,continuous,87588.4,87646.5,87509.0,87582.1,68830618.89530015
2025-12-31 17:59:58.864000+00:00,2025-12-31 17:45:00+00:00,continuous,87582.1,87654.4,87529.0,87587.2,66263896.94219994
2025-12-31 18:14:59.229000+00:00,2025-12-31 18:00:00+00:00,continuous,87587.2,87917.3,87535.0,87883.9,227213296.98189926
2025-12-31 18:29:59.889000+00:00,2025-12-31 18:15:00+00:00,continuous,87884.0,87952.0,87788.0,87912.6,85678474.63749999
2025-12-31 18:44:59.288000+00:00,2025-12-31 18:30:00+00:00,continuous,87912.6,87923.5,87797.3,87841.6,75160617.02830012
2025-12-31 18:59:59.908000+00:00,2025-12-31 18:45:00+00:00,continuous,87841.5,87853.2,87651.4,87655.8,60502680.31920027
2025-12-31 19:14:59.968000+00:00,2025-12-31 19:00:00+00:00,continuous,87655.9,87846.0,87655.9,87757.4,56305737.27760006
2025-12-31 19:29:59.442000+00:00,2025-12-31 19:15:00+00:00,continuous,87757.4,87799.8,87640.6,87706.6,39038727.45889997
2025-12-31 19:44:59.848000+00:00,2025-12-31 19:30:00+00:00,continuous,87706.6,87713.1,87603.9,87619.0,33385649.56250004
2025-12-31 19:59:59.952000+00:00,2025-12-31 19:45:00+00:00,continuous,87618.9,87687.9,87454.0,87515.0,100240415.85880037
2025-12-31 20:14:59.983000+00:00,2025-12-31 20:00:00+00:00,continuous,87515.0,87525.6,87391.1,87517.8,127440951.47850008
2025-12-31 20:29:59.146000+00:00,2025-12-31 20:15:00+00:00,continuous,87517.8,87538.2,87408.0,87465.1,63358113.53829985
2025-12-31 20:44:59.821000+00:00,2025-12-31 20:30:00+00:00,continuous,87465.1,87512.4,87189.2,87411.0,209291915.7373001
2025-12-31 20:59:59.835000+00:00,2025-12-31 20:45:00+00:00,continuous,87410.9,87683.6,87340.0,87629.0,144423869.8835006
2025-12-31 21:14:59.726000+00:00,2025-12-31 21:00:00+00:00,continuous,87629.0,87762.8,87629.0,87714.0,88743002.52380003
2025-12-31 21:29:59.809000+00:00,2025-12-31 21:15:00+00:00,continuous,87714.1,87750.0,87682.3,87724.4,25097702.40089992
2025-12-31 21:44:59.632000+00:00,2025-12-31 21:30:00+00:00,continuous,87724.3,87841.9,87724.3,87786.9,42089893.20720017
2025-12-31 21:59:59.069000+00:00,2025-12-31 21:45:00+00:00,continuous,87786.9,87795.0,87731.8,87764.0,30423598.045099918
2025-12-31 22:14:58.516000+00:00,2025-12-31 22:00:00+00:00,continuous,87764.0,87798.8,87729.8,87798.7,29618349.919899967
2025-12-31 22:29:59.527000+00:00,2025-12-31 22:15:00+00:00,continuous,87798.7,87849.7,87767.3,87825.4,31675123.654899985
2025-12-31 22:44:58.118000+00:00,2025-12-31 22:30:00+00:00,continuous,87825.4,87825.4,87652.2,87696.0,42078629.61410013
2025-12-31 22:59:59.989000+00:00,2025-12-31 22:45:00+00:00,continuous,87696.0,87744.0,87613.4,87695.7,25186199.50439998
2025-12-31 23:14:59.649000+00:00,2025-12-31 23:00:00+00:00,continuous,87695.8,87702.1,87622.6,87658.7,23911466.049100094
2025-12-31 23:29:57.256000+00:00,2025-12-31 23:15:00+00:00,continuous,87658.7,87661.8,87583.6,87640.9,21297162.72580004
2025-12-31 23:44:59.955000+00:00,2025-12-31 23:30:00+00:00,continuous,87640.9,87656.0,87610.2,87652.6,13690079.92380001
