timestamp,minute_start,session_id,open,high,low,close,volume
2025-01-01 00:14:59.971000+00:00,2025-01-01 00:00:00+00:00,continuous,93548.8,93690.0,93460.2,93631.2,92462034.27859984
2025-01-01 00:29:59.915000+00:00,2025-01-01 00:15:00+00:00,continuous,93631.2,93885.0,93588.0,93743.3,100623114.90620098
2025-01-01 00:44:59.973000+00:00,2025-01-01 00:30:00+00:00,continuous,93743.4,93948.7,93743.3,93857.1,110943251.17040049
2025-01-01 00:59:59.916000+00:00,2025-01-01 00:45:00+00:00,continuous,93857.1,94449.2,93834.8,94363.6,235587514.1093997
2025-01-01 01:14:59.753000+00:00,2025-01-01 01:00:00+00:00,continuous,94363.6,94363.7,93882.7,94116.3,157664786.0679996
2025-01-01 01:29:59.890000+00:00,2025-01-01 01:15:00+00:00,continuous,94116.3,94116.4,93800.0,93800.0,77151017.48469993
2025-01-01 01:44:59.339000+00:00,2025-01-01 01:30:00+00:00,continuous,93800.0,93968.8,93796.3,93892.1,44776919.980299994
2025-01-01 01:59:59.816000+00:00,2025-01-01 01:45:00+00:00,continuous,93892.2,93931.8,93545.0,93588.0,95298037.14849982
2025-01-01 02:14:59.645000+00:00,2025-01-01 02:00:00+00:00,continuous,93587.9,93784.5,93561.8,93768.0,78027617.12190035
2025-01-01 02:29:59.868000+00:00,2025-01-01 02:15:00+00:00,continuous,93767.9,93771.4,93656.9,93719.6,36586423.38770002
2025-01-01 02:44:59.544000+00:00,2025-01-01 02:30:00+00:00,continuous,93719.9,93910.8,93708.3,93907.3,45804883.170099884
2025-01-01 02:59:59.747000+00:00,2025-01-01 02:45:00+00:00,continuous,93907.4,94082.4,93886.8,94064.4,55054815.13950017
2025-01-01 03:14:59.942000+00:00,2025-01-01 03:00:00+00:00,continuous,94064.4,94070.2,93925.9,93938.2,61239782.52450002
2025-01-01 03:29:59.945000+00:00,2025-01-01 03:15:00+00:00,continuous,93938.2,93938.3,93736.1,93800.0,47926994.691899896
2025-01-01 03:44:59.235000+00:00,2025-01-01 03:30:00+00:00,continuous,93800.0,93861.8,93768.0,93821.6,34642535.66440002
2025-01-01 03:59:59.742000+00:00,2025-01-01 03:45:00+00:00,continuous,93821.6,93850.6,93692.6,93810.0,37224044.04979988
2025-01-01 04:14:59.935000+00:00,2025-01-01 04:00:00+00:00,continuous,93810.0,93810.1,93652.0,93686.5,69854901.8049999
2025-01-01 04:29:59.680000+00:00,2025-01-01 04:15:00+00:00,continuous,93686.4,93750.0,93640.3,93710.3,38015294.17499999
2025-01-01 04:44:59.566000+00:00,2025-01-01 04:30:00+00:00,continuous,93710.3,93710.3,93589.0,93613.6,47984533.809500106
2025-01-01 04:59:59.657000+00:00,2025-01-01 04:45:00+00:00,continuous,93613.7,93653.0,93502.0,93545.0,54094162.680199996
2025-01-01 05:14:59.905000+00:00,2025-01-01 05:00:00+00:00,continuous,93544.9,93660.0,93520.3,93612.7,50721971.881299995
2025-01-01 05:29:59.832000+00:00,2025-01-01 05:15:00+00:00,continuous,93612.7,93912.3,93591.2,93866.8,108071102.73990017
2025-01-01 05:44:59.720000+00:00,2025-01-01 05:30:00+00:00,continuous,93866.7,93914.7,93763.6,93826.1,45916227.07639994
2025-01-01 05:59:59.916000+00:00,2025-01-01 05:45:00+00:00,continuous,93826.1,93837.0,93754.4,93760.0,27959883.593700048
2025-01-01 06:14:59.789000+00:00,2025-01-01 06:00:00+00:00,continuous,93760.0,93760.0,93580.0,93580.1,47775953.2488
2025-01-01 06:29:59.967000+00:00,2025-01-01 06:15:00+00:00,continuous,93580.0,93684.1,93580.0,93633.7,42140626.2703001
2025-01-01 06:44:59.843000+00:00,2025-01-01 06:30:00+00:00,continuous,93633.6,93674.6,93533.3,93674.6,61397191.95460002
2025-01-01 06:59:59.580000+00:00,2025-01-01 06:45:00+00:00,continuous,93674.6,93735.5,93636.4,93734.2,33242764.722199954
2025-01-01 07:14:59.806000+00:00,2025-01-01 07:00:00+00:00,continuous,93734.2,93734.3,93627.7,93649.7,23785995.62879998
2025-01-01 07:29:59.979000+00:00,2025-01-01 07:15:00+00:00,continuous,93649.7,93759.8,93646.9,93759.7,28742880.282800086
2025-01-01 07:44:59.120000+00:00,2025-01-01 07:30:00+00:00,continuous,93759.7,93785.4,93698.9,93715.3,26133983.778900072
2025-01-01 07:59:58.806000+00:00,2025-01-01 07:45:00+00:00,continuous,93715.4,93748.1,93651.1,93660.7,29836758.252700116
2025-01-01 08:14:59.530000+00:00,2025-01-01 08:00:00+00:00,continuous,93660.7,93735.2,93645.4,93711.7,30639856.84879992
2025-01-01 08:29:59.884000+00:00,2025-01-01 08:15:00+00:00,continuous,93711.6,93719.9,93258.8,93384.1,162824459.95010024
2025-01-01 08:44:59.637000+00:00,2025-01-01 08:30:00+00:00,continuous,93384.0,93497.9,93364.8,93450.0,67939797.82219999
2025-01-01 08:59:59.776000+00:00,2025-01-01 08:45:00+00:00,continuous,93450.1,93523.4,93300.0,93398.2,68077687.92849983
2025-01-01 09:14:59.915000+00:00,2025-01-01 09:00:00+00:00,continuous,93398.2,93462.9,93176.5,93297.2,124230157.59719968
2025-01-01 09:29:59.888000+00:00,2025-01-01 09:15:00+00:00,continuous,93297.1,93299.2,92796.5,93112.7,395898698.8970009
2025-01-01 09:44:59.969000+00:00,2025-01-01 09:30:00+00:00,continuous,93112.7,93266.3,92960.2,93074.3,157211547.49479997
2025-01-01 09:59:59.818000+00:00,2025-01-01 09:45:00+00:00,continuous,93074.4,93395.8,93022.0,93382.1,130088487.87000027
2025-01-01 10:14:59.952000+00:00,2025-01-01 10:00:00+00:00,continuous,93382.1,93510.0,93309.3,93354.8,110082149.94650036
2025-01-01 10:29:59.879000+00:00,2025-01-01 10:15:00+00:00,continuous,93354.8,93510.0,93347.2,93372.1,61066015.36910032
2025-01-01 10:44:59.789000+00:00,2025-01-01 10:30:00+00:00,continuous,93372.2,93481.3,93250.1,93368.7,66901926.73510008
2025-01-01 10:59:59.469000+00:00,2025-01-01 10:45:00+00:00,continuous,93368.6,93399.9,93257.2,93307.7,41137301.339599736
2025-01-01 11:14:59.329000+00:00,2025-01-01 11:00:00+00:00,continuous,93307.8,93355.5,93160.0,93302.4,74698366.69669965
2025-01-01 11:29:59.888000+00:00,2025-01-01 11:15:00+00:00,continuous,93302.4,93474.7,93302.4,93474.7,62816117.5564001
2025-01-01 11:44:59.941000+00:00,2025-01-01 11:30:00+00:00,continuous,93474.7,93587.6,93373.7,93581.6,102039704.19070019
2025-01-01 11:59:59.541000+00:00,2025-01-01 11:45:00+00:00,continuous,93581.7,93692.3,93409.4,93420.1,117471934.41429989
2025-01-01 12:14:59.595000+00:00,2025-01-01 12:00:00+00:00,continuous,93420.1,93493.2,93375.0,93419.5,51238520.94019999
2025-01-01 12:29:59.971000+00:00,2025-01-01 12:15:00+00:00,continuous,93419.5,93967.9,93419.4,93854.7,219172831.39100063
2025-01-01 12:44:59.731000+00:00,2025-01-01 12:30:00+00:00,continuous,93853.6,93875.4,93722.1,93755.5,116294333.37000033
2025-01-01 12:59:59.846000+00:00,2025-01-01 12:45:00+00:00,continuous,93755.4,93818.0,93657.7,93788.3,59518286.065199986
2025-01-01 13:14:59.488000+00:00,2025-01-01 13:00:00+00:00,continuous,93788.4,93871.9,93611.1,93627.1,89341977.67670003
2025-01-01 13:29:59.641000+00:00,2025-01-01 13:15:00+00:00,continuous,93627.0,93765.0,93570.0,93694.0,64557866.91599963
2025-01-01 13:44:59.915000+00:00,2025-01-01 13:30:00+00:00,continuous,93693.9,93874.9,93686.0,93752.0,61760877.25109997
2025-01-01 13:59:59.692000+00:00,2025-01-01 13:45:00+00:00,continuous,93752.0,94035.4,93716.9,93995.2,108867764.97319958
2025-01-01 14:14:59.983000+00:00,2025-01-01 14:00:00+00:00,continuous,93995.3,94430.0,93995.2,94220.2,345921922.81609863
2025-01-01 14:29:59.976000+00:00,2025-01-01 14:15:00+00:00,continuous,94220.1,94276.5,93848.1,93884.6,187108948.51020098
2025-01-01 14:44:59.900000+00:00,2025-01-01 14:30:00+00:00,continuous,93884.5,94114.6,93622.7,93940.3,255362321.5667998
2025-01-01 14:59:59.818000+00:00,2025-01-01 14:45:00+00:00,continuous,93940.3,94199.0,93866.8,94147.2,96151116.65500024
2025-01-01 15:14:59.986000+00:00,2025-01-01 15:00:00+00:00,continuous,94147.2,94245.6,93854.4,93957.7,113032572.90480015
2025-01-01 15:29:59.876000+00:00,2025-01-01 15:15:00+00:00,continuous,93957.7,94226.0,93885.7,94130.2,98215025.43149987
2025-01-01 15:44:59.862000+00:00,2025-01-01 15:30:00+00:00,continuous,94130.2,94242.1,94055.8,94228.0,56822068.0561
2025-01-01 15:59:59.940000+00:00,2025-01-01 15:45:00+00:00,continuous,94228.0,94489.5,94212.4,94409.9,156107335.4722999
2025-01-01 16:14:59.209000+00:00,2025-01-01 16:00:00+00:00,continuous,94409.9,94475.0,94220.0,94246.7,129119399.20269987
2025-01-01 16:29:59.923000+00:00,2025-01-01 16:15:00+00:00,continuous,94246.6,94246.6,94073.8,94137.7,102232150.79659986
2025-01-01 16:44:59.669000+00:00,2025-01-01 16:30:00+00:00,continuous,94137.6,94180.0,93999.0,94006.1,75413538.9723004
2025-01-01 16:59:59.988000+00:00,2025-01-01 16:45:00+00:00,continuous,94006.1,94079.1,93900.0,94070.1,85780258.84490015
2025-01-01 17:14:59.845000+00:00,2025-01-01 17:00:00+00:00,continuous,94070.1,94124.9,93841.2,93852.1,85187844.46989988
2025-01-01 17:29:59.765000+00:00,2025-01-01 17:15:00+00:00,continuous,93852.0,93985.2,93729.2,93958.9,104839827.27670021
2025-01-01 17:44:59.825000+00:00,2025-01-01 17:30:00+00:00,continuous,93959.0,94085.4,93943.3,94015.4,43822103.4899999
2025-01-01 17:59:59.814000+00:00,2025-01-01 17:45:00+00:00,continuous,94015.4,94180.0,93880.2,94123.7,72099276.79580013
2025-01-01 18:14:59.752000+00:00,2025-01-01 18:00:00+00:00,continuous,94123.6,94149.6,93918.6,93991.9,43574064.53220001
2025-01-01 18:29:59.759000+00:00,2025-01-01 18:15:00+00:00,continuous,93992.0,94230.2,93991.9,94183.7,43116253.2374999
2025-01-01 18:44:59.645000+00:00,2025-01-01 18:30:00+00:00,continuous,94183.6,94296.1,94169.6,94265.6,54268033.16429994
2025-01-01 18:59:58.996000+00:00,2025-01-01 18:45:00+00:00,continuous,94265.6,94375.1,94211.9,94321.6,90844800.32029986
2025-01-01 19:14:59.968000+00:00,2025-01-01 19:00:00+00:00,continuous,94321.6,94387.9,94257.4,94340.1,51184557.57459995
2025-01-01 19:29:59.685000+00:00,2025-01-01 19:15:00+00:00,continuous,94340.1,94340.2,94150.3,94245.6,49013416.827500045
2025-01-01 19:44:59.943000+00:00,2025-01-01 19:30:00+00:00,continuous,94245.5,94440.4,94129.7,94428.6,79941405.24579975
2025-01-01 19:59:59.696000+00:00,2025-01-01 19:45:00+00:00,continuous,94428.7,94823.2,94383.3,94612.1,294395321.9748982
2025-01-01 20:14:59.620000+00:00,2025-01-01 20:00:00+00:00,continuous,94612.1,94780.7,94612.0,94683.2,70280539.9806
2025-01-01 20:29:59.542000+00:00,2025-01-01 20:15:00+00:00,continuous,94683.1,94829.7,94561.7,94694.8,74195712.66880004
2025-01-01 20:44:59.777000+00:00,2025-01-01 20:30:00+00:00,continuous,94694.8,94785.2,94620.1,94704.3,44717654.63780012
2025-01-01 20:59:59.800000+00:00,2025-01-01 20:45:00+00:00,continuous,94704.2,94850.0,94691.7,94767.3,65987387.59210009
2025-01-01 21:14:59.675000+00:00,2025-01-01 21:00:00+00:00,continuous,94767.3,94897.0,94661.0,94742.8,112222321.0097995
2025-01-01 21:29:59.850000+00:00,2025-01-01 21:15:00+00:00,continuous,94742.8,95161.2,94729.5,94940.9,221067218.59019965
2025-01-01 21:44:59.945000+00:00,2025-01-01 21:30:00+00:00,continuous,94940.9,94987.5,94705.7,94779.3,81207791.90149972
2025-01-01 21:59:59.888000+00:00,2025-01-01 21:45:00+00:00,continuous,94781.4,94964.5,94772.0,94962.4,67378153.62089957
2025-01-01 22:14:59.986000+00:00,2025-01-01 22:00:00+00:00,continuous,94962.4,94985.6,94662.5,94815.7,110494025.84139945
2025-01-01 22:29:59.803000+00:00,2025-01-01 22:15:00+00:00,continuous,94815.4,94840.0,94701.0,94724.8,48725013.86639998
2025-01-01 22:44:59.403000+00:00,2025-01-01 22:30:00+00:00,continuous,94724.8,94950.1,94724.8,94939.9,36049435.13559976
2025-01-01 22:59:59.432000+00:00,2025-01-01 22:45:00+00:00,continuous,94939.9,94940.0,94751.6,94770.6,46567336.353899844
2025-01-01 23:14:59.385000+00:00,2025-01-01 23:00:00+00:00,continuous,94770.5,94940.0,94655.0,94829.8,91010771.29410043
2025-01-01 23:29:59.669000+00:00,2025-01-01 23:15:00+00:00,continuous,94829.8,94829.8,94576.7,94620.2,80456467.37700044
2025-01-01 23:44:59.855000+00:00,2025-01-01 23:30:00+00:00,continuous,94620.2,94733.8,94522.1,94711.6,63229566.02779998
2025-01-01 23:59:59.458000+00:00,2025-01-01 23:45:00+00:00,continuous,94711.6,94740.0,94560.5,94580.9,54907747.701999746
2025-01-02 00:14:59.701000+00:00,2025-01-02 00:00:00+00:00,continuous,94580.9,94614.2,94441.8,94521.7,127360026.70870002
2025-01-02 00:29:59.959000+00:00,2025-01-02 00:15:00+00:00,continuous,94521.6,95200.0,94357.4,94913.9,308695727.92990017
2025-01-02 00:44:59.922000+00:00,2025-01-02 00:30:00+00:00,continuous,94913.9,95172.8,94701.3,95104.7,251209349.69340143
2025-01-02 00:59:59.709000+00:00,2025-01-02 00:45:00+00:00,continuous,95104.7,95369.4,94972.0,95112.2,249686835.98629823
2025-01-02 01:14:59.834000+00:00,2025-01-02 01:00:00+00:00,continuous,95112.2,95523.5,95100.0,95316.9,256671281.09909737
2025-01-02 01:29:59.681000+00:00,2025-01-02 01:15:00+00:00,continuous,95316.9,95413.7,94958.5,95060.9,128548739.16559978
2025-01-02 01:44:59.872000+00:00,2025-01-02 01:30:00+00:00,continuous,95060.7,95060.7,94698.7,94988.5,184166848.16349977
2025-01-02 01:59:59.656000+00:00,2025-01-02 01:45:00+00:00,continuous,94988.5,94995.9,94832.2,94846.7,44641985.707600124
2025-01-02 02:14:59.609000+00:00,2025-01-02 02:00:00+00:00,continuous,94846.6,95118.3,94786.8,95001.1,71380678.16319977
2025-01-02 02:29:59.866000+00:00,2025-01-02 02:15:00+00:00,continuous,95001.1,95135.0,94818.4,95012.0,70110576.72040004
2025-01-02 02:44:59.602000+00:00,2025-01-02 02:30:00+00:00,continuous,95012.1,95122.3,94807.1,95008.8,134200387.65539937
2025-01-02 02:59:59.913000+00:00,2025-01-02 02:45:00+00:00,continuous,95008.8,95222.8,95008.8,95222.7,97828989.82559992
2025-01-02 03:14:59.651000+00:00,2025-01-02 03:00:00+00:00,continuous,95222.8,95289.5,94940.0,94990.0,86370228.95979983
2025-01-02 03:29:59.900000+00:00,2025-01-02 03:15:00+00:00,continuous,94990.0,95149.0,94989.9,95057.8,62188553.77800013
2025-01-02 03:44:59.980000+00:00,2025-01-02 03:30:00+00:00,continuous,95057.7,95081.1,94908.5,94908.5,39471054.75489991
2025-01-02 03:59:59.473000+00:00,2025-01-02 03:45:00+00:00,continuous,94908.6,95015.1,94900.0,95000.0,53784873.92490003
2025-01-02 04:14:59.974000+00:00,2025-01-02 04:00:00+00:00,continuous,95000.0,95270.9,94971.3,95146.2,175019653.9558003
2025-01-02 04:29:59.915000+00:00,2025-01-02 04:15:00+00:00,continuous,95146.3,95200.0,95027.3,95161.1,41917992.37610013
2025-01-02 04:44:59.951000+00:00,2025-01-02 04:30:00+00:00,continuous,95161.1,95970.4,95161.1,95793.7,424565022.2449003
2025-01-02 04:59:59.810000+00:00,2025-01-02 04:45:00+00:00,continuous,95793.8,96031.4,95651.8,95698.7,262048341.92489886
2025-01-02 05:14:59.815000+00:00,2025-01-02 05:00:00+00:00,continuous,95698.7,95715.0,95430.0,95466.7,137319363.25849923
2025-01-02 05:29:59.694000+00:00,2025-01-02 05:15:00+00:00,continuous,95466.6,95794.0,95380.0,95745.6,153759748.5669995
2025-01-02 05:44:59.919000+00:00,2025-01-02 05:30:00+00:00,continuous,95745.6,95769.8,95664.4,95768.7,57083525.64250001
2025-01-02 05:59:59.943000+00:00,2025-01-02 05:45:00+00:00,continuous,95768.8,95768.8,95519.8,95579.5,63331998.75160001
2025-01-02 06:14:59.764000+00:00,2025-01-02 06:00:00+00:00,continuous,95579.6,95691.2,95453.3,95524.2,56235139.56409983
2025-01-02 06:29:59.933000+00:00,2025-01-02 06:15:00+00:00,continuous,95524.2,95524.3,95326.9,95434.3,89252649.68309979
2025-01-02 06:44:59.672000+00:00,2025-01-02 06:30:00+00:00,continuous,95434.2,95597.6,95360.0,95519.7,74830260.67300014
2025-01-02 06:59:59.909000+00:00,2025-01-02 06:45:00+00:00,continuous,95519.8,95600.0,95457.7,95569.0,43436792.16559997
2025-01-02 07:14:59.768000+00:00,2025-01-02 07:00:00+00:00,continuous,95569.1,95733.3,95493.2,95690.1,61229503.10240005
2025-01-02 07:29:59.963000+00:00,2025-01-02 07:15:00+00:00,continuous,95690.1,95836.0,95650.2,95762.9,84147110.85290004
2025-01-02 07:44:59.545000+00:00,2025-01-02 07:30:00+00:00,continuous,95762.9,95897.4,95720.5,95831.3,79083892.55029914
2025-01-02 07:59:59.725000+00:00,2025-01-02 07:45:00+00:00,continuous,95831.3,95850.1,95666.0,95815.3,122506690.12710042
2025-01-02 08:14:59.826000+00:00,2025-01-02 08:00:00+00:00,continuous,95815.4,96062.5,95812.4,95950.1,146202083.5031
2025-01-02 08:29:59.815000+00:00,2025-01-02 08:15:00+00:00,continuous,95950.0,95970.0,95624.4,95713.9,139099509.04690048
2025-01-02 08:44:59.727000+00:00,2025-01-02 08:30:00+00:00,continuous,95713.8,95937.6,95612.5,95934.9,83642016.0808003
2025-01-02 08:59:59.647000+00:00,2025-01-02 08:45:00+00:00,continuous,95934.8,96204.2,95909.5,96125.3,219671073.1584996
2025-01-02 09:14:59.908000+00:00,2025-01-02 09:00:00+00:00,continuous,96125.2,96222.0,96012.0,96191.5,138684030.3966996
2025-01-02 09:29:59.838000+00:00,2025-01-02 09:15:00+00:00,continuous,96191.4,96442.1,96188.6,96376.7,263816286.86660033
2025-01-02 09:44:59.971000+00:00,2025-01-02 09:30:00+00:00,continuous,96376.8,96485.9,96316.2,96329.9,119478912.23439999
2025-01-02 09:59:59.991000+00:00,2025-01-02 09:45:00+00:00,continuous,96329.8,96800.0,96258.0,96722.0,288360936.7183018
2025-01-02 10:14:59.977000+00:00,2025-01-02 10:00:00+00:00,continuous,96721.9,96794.2,96536.3,96583.3,218184287.85829914
2025-01-02 10:29:59.719000+00:00,2025-01-02 10:15:00+00:00,continuous,96583.4,96760.5,96549.1,96670.1,118885232.89350031
2025-01-02 10:44:59.983000+00:00,2025-01-02 10:30:00+00:00,continuous,96670.0,96746.4,96560.3,96592.6,110352316.77519992
2025-01-02 10:59:59.691000+00:00,2025-01-02 10:45:00+00:00,continuous,96592.7,96709.4,96515.0,96693.9,117219216.47799937
2025-01-02 11:14:59.995000+00:00,2025-01-02 11:00:00+00:00,continuous,96693.9,96870.9,96621.6,96737.9,138747046.9638002
2025-01-02 11:29:59.739000+00:00,2025-01-02 11:15:00+00:00,continuous,96737.9,96744.8,96438.4,96529.4,185144269.1467994
2025-01-02 11:44:59.962000+00:00,2025-01-02 11:30:00+00:00,continuous,96529.4,96700.0,96527.1,96661.2,65479368.79640005
2025-01-02 11:59:59.957000+00:00,2025-01-02 11:45:00+00:00,continuous,96661.1,96779.7,96576.8,96715.4,80793706.15090019
2025-01-02 12:14:59.968000+00:00,2025-01-02 12:00:00+00:00,continuous,96715.5,96846.0,96655.6,96777.0,133071101.21939929
2025-01-02 12:29:59.775000+00:00,2025-01-02 12:15:00+00:00,continuous,96777.1,96888.6,96578.8,96736.7,146341238.80149963
2025-01-02 12:44:59.920000+00:00,2025-01-02 12:30:00+00:00,continuous,96736.7,96777.0,96575.2,96651.8,97246106.02079983
2025-01-02 12:59:59.966000+00:00,2025-01-02 12:45:00+00:00,continuous,96651.7,96864.9,96651.7,96829.9,133365889.49620014
2025-01-02 13:14:59.903000+00:00,2025-01-02 13:00:00+00:00,continuous,96830.0,96991.8,96720.0,96743.1,174108883.27239993
2025-01-02 13:29:59.821000+00:00,2025-01-02 13:15:00+00:00,continuous,96743.1,96864.0,96608.3,96738.8,126927805.6282002
2025-01-02 13:44:59.751000+00:00,2025-01-02 13:30:00+00:00,continuous,96738.8,96778.5,96602.4,96633.4,90004747.88810033
2025-01-02 13:59:59.908000+00:00,2025-01-02 13:45:00+00:00,continuous,96633.5,96649.9,96403.9,96426.1,265048996.0874011
2025-01-02 14:14:59.675000+00:00,2025-01-02 14:00:00+00:00,continuous,96426.0,96440.0,95910.8,96340.7,584113940.0017009
2025-01-02 14:29:59.939000+00:00,2025-01-02 14:15:00+00:00,continuous,96340.7,96447.6,96109.7,96447.6,164697902.68030143
2025-01-02 14:44:59.962000+00:00,2025-01-02 14:30:00+00:00,continuous,96447.5,97440.0,96231.1,96797.5,1167221931.7916894
2025-01-02 14:59:59.999000+00:00,2025-01-02 14:45:00+00:00,continuous,96797.9,97363.1,96778.9,97216.3,626971454.1967162
2025-01-02 15:14:59.822000+00:00,2025-01-02 15:00:00+00:00,continuous,97216.7,97295.2,96927.6,96989.6,341066288.51229995
2025-01-02 15:29:59.699000+00:00,2025-01-02 15:15:00+00:00,continuous,96989.6,97071.9,96280.0,96631.1,498151202.8036986
2025-01-02 15:44:59.767000+00:00,2025-01-02 15:30:00+00:00,continuous,96631.1,96713.3,96112.4,96309.5,350664921.67580044
2025-01-02 15:59:59.739000+00:00,2025-01-02 15:45:00+00:00,continuous,96309.5,96626.0,96175.0,96428.5,197341223.15489838
2025-01-02 16:14:59.954000+00:00,2025-01-02 16:00:00+00:00,continuous,96428.5,96700.7,96018.7,96632.9,276648689.4121007
2025-01-02 16:29:59.979000+00:00,2025-01-02 16:15:00+00:00,continuous,96632.8,97378.5,96626.0,97363.1,592239943.1065992
2025-01-02 16:44:59.850000+00:00,2025-01-02 16:30:00+00:00,continuous,97363.2,97585.8,97215.4,97410.7,507148167.6730974
2025-01-02 16:59:59.981000+00:00,2025-01-02 16:45:00+00:00,continuous,97410.6,97650.0,97127.6,97195.5,307944325.11809695
2025-01-02 17:14:59.986000+00:00,2025-01-02 17:00:00+00:00,continuous,97195.5,97603.2,97072.3,97520.4,234353949.77940202
2025-01-02 17:29:59.979000+00:00,2025-01-02 17:15:00+00:00,continuous,97520.3,97534.6,97018.1,97062.0,199285296.81940013
2025-01-02 17:44:59.905000+00:00,2025-01-02 17:30:00+00:00,continuous,97061.9,97078.1,96304.4,96626.3,540768861.6029948
2025-01-02 17:59:59.958000+00:00,2025-01-02 17:45:00+00:00,continuous,96626.3,96734.4,96300.0,96734.4,203464048.95100024
2025-01-02 18:14:59.953000+00:00,2025-01-02 18:00:00+00:00,continuous,96734.3,97021.3,96372.5,96810.4,278266405.9473013
2025-01-02 18:29:59.720000+00:00,2025-01-02 18:15:00+00:00,continuous,96810.5,97100.0,96700.0,96878.7,123131171.01600073
2025-01-02 18:44:59.833000+00:00,2025-01-02 18:30:00+00:00,continuous,96878.7,97078.5,96599.1,97061.8,128540162.73599957
2025-01-02 18:59:59.796000+00:00,2025-01-02 18:45:00+00:00,continuous,97061.8,97338.5,96997.0,97288.4,163071130.5860994
2025-01-02 19:14:59.648000+00:00,2025-01-02 19:00:00+00:00,continuous,97288.5,97562.1,97171.5,97451.5,199268750.66159993
2025-01-02 19:29:59.898000+00:00,2025-01-02 19:15:00+00:00,continuous,97451.5,97777.0,97441.4,97565.7,200394252.39020094
2025-01-02 19:44:59.916000+00:00,2025-01-02 19:30:00+00:00,continuous,97565.8,97565.8,97166.0,97395.4,248758262.72909886
2025-01-02 19:59:59.946000+00:00,2025-01-02 19:45:00+00:00,continuous,97395.5,97562.1,97246.4,97292.7,128228293.84260015
2025-01-02 20:14:59.931000+00:00,2025-01-02 20:00:00+00:00,continuous,97292.6,97733.8,97292.6,97733.8,151553717.5849998
2025-01-02 20:29:59.974000+00:00,2025-01-02 20:15:00+00:00,continuous,97733.7,97822.4,97551.5,97551.6,188682117.94159943
2025-01-02 20:44:59.982000+00:00,2025-01-02 20:30:00+00:00,continuous,97552.0,97697.6,97293.9,97420.1,156579821.59250006
2025-01-02 20:59:59.983000+00:00,2025-01-02 20:45:00+00:00,continuous,97420.0,97674.4,97250.0,97265.8,159669833.57369924
2025-01-02 21:14:59.382000+00:00,2025-01-02 21:00:00+00:00,continuous,97265.9,97324.8,97123.2,97184.5,95383170.39010002
2025-01-02 21:29:59.965000+00:00,2025-01-02 21:15:00+00:00,continuous,97184.5,97237.6,97024.0,97088.8,89062326.81119974
2025-01-02 21:44:59.837000+00:00,2025-01-02 21:30:00+00:00,continuous,97088.7,97245.8,97012.6,97173.5,69469422.67670022
2025-01-02 21:59:59.300000+00:00,2025-01-02 21:45:00+00:00,continuous,97173.4,97238.0,97101.4,97180.0,57593840.4258997
2025-01-02 22:14:59.718000+00:00,2025-01-02 22:00:00+00:00,continuous,97180.0,97180.1,96964.1,96969.5,57878476.771999896
2025-01-02 22:29:59.931000+00:00,2025-01-02 22:15:00+00:00,continuous,96969.5,96969.5,96642.7,96867.0,176991855.84670004
2025-01-02 22:44:59.466000+00:00,2025-01-02 22:30:00+00:00,continuous,96867.0,97024.3,96806.2,96897.5,57543928.4758
2025-01-02 22:59:59.587000+00:00,2025-01-02 22:45:00+00:00,continuous,96897.6,96992.0,96834.4,96863.8,55181075.96799997
2025-01-02 23:14:59.174000+00:00,2025-01-02 23:00:00+00:00,continuous,96863.8,97000.0,96751.6,96833.9,84903566.3143001
2025-01-02 23:29:59.866000+00:00,2025-01-02 23:15:00+00:00,continuous,96833.8,96960.0,96796.0,96954.8,38605601.77470006
2025-01-02 23:44:59.745000+00:00,2025-01-02 23:30:00+00:00,continuous,96954.8,97057.0,96847.5,96974.4,63565596.35170022
2025-01-02 23:59:59.682000+00:00,2025-01-02 23:45:00+00:00,continuous,96974.4,96974.4,96826.4,96967.5,64006113.64489998
2025-01-03 00:14:59.033000+00:00,2025-01-03 00:00:00+00:00,continuous,96967.6,97045.1,96903.7,96903.7,77654880.87150069
2025-01-03 00:29:59.921000+00:00,2025-01-03 00:15:00+00:00,continuous,96903.7,97014.9,96760.0,96990.3,124184718.1573002
2025-01-03 00:44:59.586000+00:00,2025-01-03 00:30:00+00:00,continuous,96990.3,97037.9,96851.8,96873.6,49308453.09819985
2025-01-03 00:59:59.701000+00:00,2025-01-03 00:45:00+00:00,continuous,96873.6,96959.8,96764.2,96799.9,51881371.88430013
2025-01-03 01:14:59.727000+00:00,2025-01-03 01:00:00+00:00,continuous,96800.0,96879.2,96675.1,96696.2,99169975.09040026
2025-01-03 01:29:59.660000+00:00,2025-01-03 01:15:00+00:00,continuous,96696.2,96880.0,96622.0,96872.6,84837089.21390025
2025-01-03 01:44:59.723000+00:00,2025-01-03 01:30:00+00:00,continuous,96872.6,96876.0,96650.0,96720.1,45025517.141399816
2025-01-03 01:59:59.665000+00:00,2025-01-03 01:45:00+00:00,continuous,96720.1,96988.0,96680.7,96960.5,67132062.86269988
2025-01-03 02:14:59.954000+00:00,2025-01-03 02:00:00+00:00,continuous,96960.6,97079.8,96825.0,97067.9,66660306.18369996
2025-01-03 02:29:59.643000+00:00,2025-01-03 02:15:00+00:00,continuous,97068.0,97325.7,97035.4,97222.6,176805204.69799882
2025-01-03 02:44:59.513000+00:00,2025-01-03 02:30:00+00:00,continuous,97222.7,97232.2,97035.4,97042.9,56729169.71410001
2025-01-03 02:59:59.910000+00:00,2025-01-03 02:45:00+00:00,continuous,97042.8,97110.1,96918.1,96938.0,55431148.00630002
2025-01-03 03:14:59.967000+00:00,2025-01-03 03:00:00+00:00,continuous,96938.1,97057.8,96936.7,96938.9,37511936.527000114
2025-01-03 03:29:59.631000+00:00,2025-01-03 03:15:00+00:00,continuous,96938.9,96965.1,96785.7,96900.0,47744356.07749982
2025-01-03 03:44:58.827000+00:00,2025-01-03 03:30:00+00:00,continuous,96900.0,96975.4,96829.8,96904.0,28164837.83260002
2025-01-03 03:59:59.868000+00:00,2025-01-03 03:45:00+00:00,continuous,96904.0,97065.8,96873.9,97019.1,35778897.1418
2025-01-03 04:14:59.741000+00:00,2025-01-03 04:00:00+00:00,continuous,97019.1,97034.9,96854.3,96930.5,73291552.95809977
2025-01-03 04:29:59.996000+00:00,2025-01-03 04:15:00+00:00,continuous,96930.6,96976.4,96835.0,96877.7,35608160.93240019
2025-01-03 04:44:59.709000+00:00,2025-01-03 04:30:00+00:00,continuous,96877.8,96923.0,96761.7,96858.0,41023348.10389993
2025-01-03 04:59:59.899000+00:00,2025-01-03 04:45:00+00:00,continuous,96858.0,96858.0,96721.9,96779.2,52307433.25729966
2025-01-03 05:14:59.708000+00:00,2025-01-03 05:00:00+00:00,continuous,96779.3,96833.9,96556.2,96733.8,113943930.73810029
2025-01-03 05:29:59.566000+00:00,2025-01-03 05:15:00+00:00,continuous,96733.9,96790.2,96555.0,96641.3,82336946.67469975
2025-01-03 05:44:59.377000+00:00,2025-01-03 05:30:00+00:00,continuous,96641.3,96750.4,96596.7,96704.7,45031551.6447997
2025-01-03 05:59:59.119000+00:00,2025-01-03 05:45:00+00:00,continuous,96704.7,96797.0,96669.3,96727.3,55635879.27850006
2025-01-03 06:14:59.777000+00:00,2025-01-03 06:00:00+00:00,continuous,96727.3,96884.6,96669.1,96825.0,53559132.62929978
2025-01-03 06:29:59.906000+00:00,2025-01-03 06:15:00+00:00,continuous,96825.0,96876.2,96574.6,96633.6,65616116.15530019
2025-01-03 06:44:59.645000+00:00,2025-01-03 06:30:00+00:00,continuous,96633.5,96707.4,96605.8,96635.5,52463292.48909992
2025-01-03 06:59:59.960000+00:00,2025-01-03 06:45:00+00:00,continuous,96635.5,96650.7,96460.4,96504.8,109906409.36500043
2025-01-03 07:14:59.811000+00:00,2025-01-03 07:00:00+00:00,continuous,96504.7,96562.0,96411.0,96506.0,104582873.29039982
2025-01-03 07:29:59.867000+00:00,2025-01-03 07:15:00+00:00,continuous,96506.0,96614.8,96367.6,96412.3,111988037.44800028
2025-01-03 07:44:59.939000+00:00,2025-01-03 07:30:00+00:00,continuous,96412.3,96442.4,96236.6,96350.1,302600488.71489996
2025-01-03 07:59:59.645000+00:00,2025-01-03 07:45:00+00:00,continuous,96350.0,96379.7,96275.0,96275.0,99748383.81150085
2025-01-03 08:14:59.994000+00:00,2025-01-03 08:00:00+00:00,continuous,96275.1,96434.5,96275.0,96425.1,99514355.32880063
2025-01-03 08:29:59.733000+00:00,2025-01-03 08:15:00+00:00,continuous,96425.1,96497.0,96300.0,96300.0,85416480.42439997
2025-01-03 08:44:59.711000+00:00,2025-01-03 08:30:00+00:00,continuous,96300.1,96300.1,96069.5,96237.1,256508072.5513
2025-01-03 08:59:59.969000+00:00,2025-01-03 08:45:00+00:00,continuous,96237.2,96272.3,96068.0,96090.6,93452504.38369952
2025-01-03 09:14:59.970000+00:00,2025-01-03 09:00:00+00:00,continuous,96090.5,96306.6,96061.5,96305.0,93843161.71109982
2025-01-03 09:29:59.952000+00:00,2025-01-03 09:15:00+00:00,continuous,96305.0,96526.6,96287.5,96450.0,161703650.91619954
2025-01-03 09:44:59.948000+00:00,2025-01-03 09:30:00+00:00,continuous,96450.0,96654.4,96407.1,96590.1,123337778.69269954
2025-01-03 09:59:59.948000+00:00,2025-01-03 09:45:00+00:00,continuous,96590.0,96673.8,96511.8,96511.8,96319651.0045998
2025-01-03 10:14:59.739000+00:00,2025-01-03 10:00:00+00:00,continuous,96511.8,96527.3,96362.3,96393.9,78708612.03759958
2025-01-03 10:29:59.888000+00:00,2025-01-03 10:15:00+00:00,continuous,96393.9,96526.0,96390.8,96500.0,46905180.91359997
2025-01-03 10:44:59.894000+00:00,2025-01-03 10:30:00+00:00,continuous,96500.0,96609.9,96425.5,96441.5,55860990.015900016
2025-01-03 10:59:59.957000+00:00,2025-01-03 10:45:00+00:00,continuous,96441.5,96504.2,96405.7,96443.9,37782737.859500155
2025-01-03 11:14:59.984000+00:00,2025-01-03 11:00:00+00:00,continuous,96443.8,96509.8,96439.5,96471.4,33857320.70399996
2025-01-03 11:29:59.986000+00:00,2025-01-03 11:15:00+00:00,continuous,96471.3,96788.0,96471.3,96703.5,132661722.14480007
2025-01-03 11:44:59.993000+00:00,2025-01-03 11:30:00+00:00,continuous,96703.4,96766.1,96614.4,96639.5,86247280.5989004
2025-01-03 11:59:59.913000+00:00,2025-01-03 11:45:00+00:00,continuous,96639.5,96785.2,96639.5,96710.5,68833811.4369002
2025-01-03 12:14:59.899000+00:00,2025-01-03 12:00:00+00:00,continuous,96710.4,96828.0,96671.7,96806.8,90766582.06059971
2025-01-03 12:29:59.932000+00:00,2025-01-03 12:15:00+00:00,continuous,96806.8,96860.4,96669.2,96845.4,85590766.74140039
2025-01-03 12:44:59.675000+00:00,2025-01-03 12:30:00+00:00,continuous,96845.3,96886.1,96660.1,96666.1,81351876.3698002
2025-01-03 12:59:59.175000+00:00,2025-01-03 12:45:00+00:00,continuous,96666.0,96710.0,96615.3,96615.4,64452694.14350016
2025-01-03 13:14:59.664000+00:00,2025-01-03 13:00:00+00:00,continuous,96615.3,96797.6,96495.4,96580.9,146508799.52929848
2025-01-03 13:29:59.854000+00:00,2025-01-03 13:15:00+00:00,continuous,96581.3,96678.0,96422.5,96496.1,139137155.98949975
2025-01-03 13:44:59.917000+00:00,2025-01-03 13:30:00+00:00,continuous,96496.1,96678.0,96468.2,96570.7,97434817.65579972
2025-01-03 13:59:59.924000+00:00,2025-01-03 13:45:00+00:00,continuous,96570.6,96610.4,96452.5,96464.1,63133438.00279982
2025-01-03 14:14:59.442000+00:00,2025-01-03 14:00:00+00:00,continuous,96464.0,96863.0,96464.0,96735.9,141730907.2127993
2025-01-03 14:29:59.938000+00:00,2025-01-03 14:15:00+00:00,continuous,96735.9,97103.5,96642.7,97037.5,245000461.59730104
2025-01-03 14:44:59.793000+00:00,2025-01-03 14:30:00+00:00,continuous,97037.5,97321.0,96562.9,97204.9,514617589.3455027
2025-01-03 14:59:59.976000+00:00,2025-01-03 14:45:00+00:00,continuous,97204.9,97237.1,96686.0,96970.4,295379255.592503
2025-01-03 15:14:59.824000+00:00,2025-01-03 15:00:00+00:00,continuous,96970.5,97433.4,96817.5,97107.0,367426297.69830126
2025-01-03 15:29:59.958000+00:00,2025-01-03 15:15:00+00:00,continuous,97106.9,97284.7,96707.3,97215.9,315937187.1600988
2025-01-03 15:44:59.977000+00:00,2025-01-03 15:30:00+00:00,continuous,97216.0,97525.5,97086.9,97386.1,317503300.98599803
2025-01-03 15:59:59.780000+00:00,2025-01-03 15:45:00+00:00,continuous,97386.2,97637.7,97231.1,97479.5,322421045.7025986
2025-01-03 16:14:59.975000+00:00,2025-01-03 16:00:00+00:00,continuous,97479.6,97687.5,97353.6,97581.3,239147707.13500085
2025-01-03 16:29:59.998000+00:00,2025-01-03 16:15:00+00:00,continuous,97581.4,98423.0,97547.8,98023.9,827527231.1123974
2025-01-03 16:44:59.898000+00:00,2025-01-03 16:30:00+00:00,continuous,98022.0,98343.0,98000.0,98100.0,278728350.04749966
2025-01-03 16:59:59.969000+00:00,2025-01-03 16:45:00+00:00,continuous,98100.0,98116.0,97675.0,97822.3,258912547.74170184
2025-01-03 17:14:59.949000+00:00,2025-01-03 17:00:00+00:00,continuous,97822.4,98041.4,97784.3,97863.9,168094326.7130995
2025-01-03 17:29:59.854000+00:00,2025-01-03 17:15:00+00:00,continuous,97863.9,98230.2,97850.0,98116.4,149116751.37240037
2025-01-03 17:44:59.710000+00:00,2025-01-03 17:30:00+00:00,continuous,98116.4,98259.8,98065.0,98163.3,109886430.23900041
2025-01-03 17:59:59.506000+00:00,2025-01-03 17:45:00+00:00,continuous,98163.3,98173.0,97899.9,97986.8,116152580.68219957
2025-01-03 18:14:59.987000+00:00,2025-01-03 18:00:00+00:00,continuous,97986.8,98285.7,97955.0,98272.9,118438471.54639968
2025-01-03 18:29:59.904000+00:00,2025-01-03 18:15:00+00:00,continuous,98273.0,98442.0,98213.1,98432.8,133103676.06019951
2025-01-03 18:44:59.989000+00:00,2025-01-03 18:30:00+00:00,continuous,98432.9,98544.3,98230.8,98385.7,195347479.44570068
2025-01-03 18:59:59.883000+00:00,2025-01-03 18:45:00+00:00,continuous,98385.6,98665.0,98313.6,98483.7,210641421.69180036
2025-01-03 19:14:59.969000+00:00,2025-01-03 19:00:00+00:00,continuous,98483.7,98884.0,98451.9,98882.3,282074525.8940999
2025-01-03 19:29:59.901000+00:00,2025-01-03 19:15:00+00:00,continuous,98882.4,98949.0,98607.0,98664.7,261594459.22609907
2025-01-03 19:44:59.975000+00:00,2025-01-03 19:30:00+00:00,continuous,98664.6,98799.4,98612.3,98644.9,132076521.60840069
2025-01-03 19:59:59.759000+00:00,2025-01-03 19:45:00+00:00,continuous,98644.9,98650.0,98501.4,98545.5,108337760.95519981
2025-01-03 20:14:59.975000+00:00,2025-01-03 20:00:00+00:00,continuous,98545.6,98566.8,98248.5,98437.7,219305276.6587006
2025-01-03 20:29:59.930000+00:00,2025-01-03 20:15:00+00:00,continuous,98437.8,98705.0,98437.8,98560.1,105599294.77370082
2025-01-03 20:44:59.220000+00:00,2025-01-03 20:30:00+00:00,continuous,98560.2,98574.5,98343.1,98397.8,86988745.84259959
2025-01-03 20:59:59.787000+00:00,2025-01-03 20:45:00+00:00,continuous,98397.8,98456.9,98263.4,98269.5,125908951.20400001
2025-01-03 21:14:59.984000+00:00,2025-01-03 21:00:00+00:00,continuous,98269.5,98322.6,98147.8,98148.5,118385889.62829936
2025-01-03 21:29:59.267000+00:00,2025-01-03 21:15:00+00:00,continuous,98148.5,98240.1,98143.6,98238.4,54914880.44120006
2025-01-03 21:44:59.754000+00:00,2025-01-03 21:30:00+00:00,continuous,98238.4,98383.2,98200.9,98286.0,56912181.228300184
2025-01-03 21:59:59.812000+00:00,2025-01-03 21:45:00+00:00,continuous,98286.0,98318.6,98155.0,98222.7,44876959.3202999
2025-01-03 22:14:59.439000+00:00,2025-01-03 22:00:00+00:00,continuous,98222.6,98435.9,98222.6,98327.1,65449105.48559996
2025-01-03 22:29:59.453000+00:00,2025-01-03 22:15:00+00:00,continuous,98327.2,98481.1,98269.5,98422.0,48318962.47469992
2025-01-03 22:44:59.958000+00:00,2025-01-03 22:30:00+00:00,continuous,98422.0,98447.8,98350.1,98361.1,30884913.436900157
2025-01-03 22:59:59.976000+00:00,2025-01-03 22:45:00+00:00,continuous,98361.1,98361.2,98200.0,98258.8,57622362.47040003
2025-01-03 23:14:59.852000+00:00,2025-01-03 23:00:00+00:00,continuous,98258.8,98341.0,98218.9,98233.0,55293483.008999996
2025-01-03 23:29:59.161000+00:00,2025-01-03 23:15:00+00:00,continuous,98233.1,98247.6,98050.8,98056.3,64883760.224799916
2025-01-03 23:44:59.765000+00:00,2025-01-03 23:30:00+00:00,continuous,98056.3,98154.0,98028.5,98139.7,76176368.87070023
2025-01-03 23:59:59.471000+00:00,2025-01-03 23:45:00+00:00,continuous,98139.7,98153.8,98076.1,98145.7,45346357.39360011
2025-01-04 00:14:59.606000+00:00,2025-01-04 00:00:00+00:00,continuous,98145.7,98260.0,97963.0,98086.3,227083029.3861983
2025-01-04 00:29:59.820000+00:00,2025-01-04 00:15:00+00:00,continuous,98086.2,98119.8,98056.3,98056.3,28822646.37779995
2025-01-04 00:44:59.722000+00:00,2025-01-04 00:30:00+00:00,continuous,98056.4,98056.4,97828.1,97951.2,115404501.97210012
2025-01-04 00:59:59.622000+00:00,2025-01-04 00:45:00+00:00,continuous,97951.2,98022.3,97863.8,97912.0,48059068.35879971
2025-01-04 01:14:59.997000+00:00,2025-01-04 01:00:00+00:00,continuous,97912.1,97977.8,97802.1,97858.3,69778073.85730013
2025-01-04 01:29:59.789000+00:00,2025-01-04 01:15:00+00:00,continuous,97858.4,97931.4,97762.1,97926.8,63890846.79729997
2025-01-04 01:44:59.217000+00:00,2025-01-04 01:30:00+00:00,continuous,97926.8,98062.7,97868.4,98020.2,57669620.61120005
2025-01-04 01:59:59.974000+00:00,2025-01-04 01:45:00+00:00,continuous,98020.3,98052.9,97976.4,97990.4,36733528.109399885
2025-01-04 02:14:59.638000+00:00,2025-01-04 02:00:00+00:00,continuous,97990.4,98007.0,97811.0,97896.0,60553594.51909985
2025-01-04 02:29:59.021000+00:00,2025-01-04 02:15:00+00:00,continuous,97895.9,97919.4,97830.0,97868.7,31563964.940499905
2025-01-04 02:44:59.635000+00:00,2025-01-04 02:30:00+00:00,continuous,97868.7,98144.9,97832.6,98106.5,81133657.04920022
2025-01-04 02:59:59.860000+00:00,2025-01-04 02:45:00+00:00,continuous,98106.5,98272.6,98106.5,98267.4,87561596.8378004
2025-01-04 03:14:59.759000+00:00,2025-01-04 03:00:00+00:00,continuous,98267.5,98267.5,98073.2,98122.5,100138011.11570045
2025-01-04 03:29:59.988000+00:00,2025-01-04 03:15:00+00:00,continuous,98122.4,98122.5,98000.1,98041.5,52904049.510700114
2025-01-04 03:44:59.310000+00:00,2025-01-04 03:30:00+00:00,continuous,98041.5,98213.0,98022.1,98204.1,53664773.14710013
2025-01-04 03:59:59.988000+00:00,2025-01-04 03:45:00+00:00,continuous,98204.0,98224.8,98142.0,98149.4,40455984.22119982
2025-01-04 04:14:59.917000+00:00,2025-01-04 04:00:00+00:00,continuous,98149.3,98149.4,97872.0,97907.8,103847951.26850006
2025-01-04 04:29:59.788000+00:00,2025-01-04 04:15:00+00:00,continuous,97907.7,97943.8,97865.0,97913.0,30268680.44790008
2025-01-04 04:44:59.563000+00:00,2025-01-04 04:30:00+00:00,continuous,97912.9,97976.6,97830.0,97976.5,53264958.21999981
2025-01-04 04:59:59.939000+00:00,2025-01-04 04:45:00+00:00,continuous,97976.5,97976.5,97888.0,97970.5,35708504.17489992
2025-01-04 05:14:59.646000+00:00,2025-01-04 05:00:00+00:00,continuous,97970.4,98027.1,97950.0,98009.8,40315070.58490008
2025-01-04 05:29:59.954000+00:00,2025-01-04 05:15:00+00:00,continuous,98010.0,98132.3,98009.9,98108.2,36437517.159400046
2025-01-04 05:44:59.980000+00:00,2025-01-04 05:30:00+00:00,continuous,98108.3,98162.4,98077.8,98142.0,48716843.327200115
2025-01-04 05:59:59.908000+00:00,2025-01-04 05:45:00+00:00,continuous,98142.1,98150.0,98013.5,98087.3,61041475.69790018
2025-01-04 06:14:59.722000+00:00,2025-01-04 06:00:00+00:00,continuous,98087.3,98123.6,98021.2,98026.0,45171906.56199985
2025-01-04 06:29:59.622000+00:00,2025-01-04 06:15:00+00:00,continuous,98026.1,98069.8,98005.4,98042.4,23543067.725000095
2025-01-04 06:44:59.999000+00:00,2025-01-04 06:30:00+00:00,continuous,98042.4,98062.1,98010.0,98011.5,20496526.68349991
2025-01-04 06:59:59.346000+00:00,2025-01-04 06:45:00+00:00,continuous,98011.5,98177.1,98003.2,98089.9,49995062.74869989
2025-01-04 07:14:59.702000+00:00,2025-01-04 07:00:00+00:00,continuous,98089.9,98212.4,98062.8,98197.5,44056696.19600007
2025-01-04 07:29:59.505000+00:00,2025-01-04 07:15:00+00:00,continuous,98197.6,98300.0,98109.1,98149.1,78219618.07409951
2025-01-04 07:44:59.930000+00:00,2025-01-04 07:30:00+00:00,continuous,98149.0,98260.0,98141.9,98260.0,33246509.70409986
2025-01-04 07:59:59.460000+00:00,2025-01-04 07:45:00+00:00,continuous,98259.9,98286.8,98170.4,98244.2,54956863.054800026
2025-01-04 08:14:59.874000+00:00,2025-01-04 08:00:00+00:00,continuous,98244.2,98300.0,98170.0,98219.5,70118581.16389948
2025-01-04 08:29:59.882000+00:00,2025-01-04 08:15:00+00:00,continuous,98219.6,98219.6,98068.8,98149.8,44240876.13259998
2025-01-04 08:44:59.994000+00:00,2025-01-04 08:30:00+00:00,continuous,98149.8,98240.0,98095.4,98095.4,47972315.17960013
2025-01-04 08:59:59.986000+00:00,2025-01-04 08:45:00+00:00,continuous,98095.4,98095.5,97853.0,97870.0,167830757.73020044
2025-01-04 09:14:59.917000+00:00,2025-01-04 09:00:00+00:00,continuous,97870.0,97950.0,97768.0,97795.8,181493365.4465989
2025-01-04 09:29:59.571000+00:00,2025-01-04 09:15:00+00:00,continuous,97795.8,97922.5,97642.3,97835.7,186627250.40900046
2025-01-04 09:44:59.993000+00:00,2025-01-04 09:30:00+00:00,continuous,97835.7,97852.9,97725.8,97754.0,79915448.17420003
2025-01-04 09:59:59.914000+00:00,2025-01-04 09:45:00+00:00,continuous,97754.1,97754.1,97438.2,97644.3,206309921.36520168
2025-01-04 10:14:59.942000+00:00,2025-01-04 10:00:00+00:00,continuous,97644.3,97707.7,97582.0,97674.8,64908076.18870006
2025-01-04 10:29:59.799000+00:00,2025-01-04 10:15:00+00:00,continuous,97674.8,97721.1,97543.1,97692.0,74813959.62569991
2025-01-04 10:44:59.870000+00:00,2025-01-04 10:30:00+00:00,continuous,97692.1,97804.5,97684.2,97784.3,81285325.5250004
2025-01-04 10:59:59.698000+00:00,2025-01-04 10:45:00+00:00,continuous,97784.2,97813.0,97739.8,97740.0,34836942.8869998
2025-01-04 11:14:59.833000+00:00,2025-01-04 11:00:00+00:00,continuous,97739.9,97740.0,97650.8,97726.8,48668886.844099954
2025-01-04 11:29:59.600000+00:00,2025-01-04 11:15:00+00:00,continuous,97726.7,97730.0,97665.1,97716.4,27252506.4871001
2025-01-04 11:44:59.490000+00:00,2025-01-04 11:30:00+00:00,continuous,97716.4,97794.6,97709.5,97786.0,33570577.87279994
2025-01-04 11:59:59.730000+00:00,2025-01-04 11:45:00+00:00,continuous,97786.0,97875.0,97780.0,97831.8,80802418.84709994
2025-01-04 12:14:59.838000+00:00,2025-01-04 12:00:00+00:00,continuous,97831.8,97888.0,97754.5,97797.3,48958552.7383001
2025-01-04 12:29:59.750000+00:00,2025-01-04 12:15:00+00:00,continuous,97797.4,97971.9,97751.4,97863.8,96516438.4586998
2025-01-04 12:44:59.229000+00:00,2025-01-04 12:30:00+00:00,continuous,97863.7,97943.8,97788.7,97817.3,78708404.0396998
2025-01-04 12:59:59.668000+00:00,2025-01-04 12:45:00+00:00,continuous,97817.4,97856.1,97754.6,97835.2,40022728.692200035
2025-01-04 13:14:59.917000+00:00,2025-01-04 13:00:00+00:00,continuous,97835.1,97926.5,97800.0,97845.5,67885125.39360033
2025-01-04 13:29:59.942000+00:00,2025-01-04 13:15:00+00:00,continuous,97845.6,97892.0,97720.0,97793.9,75987993.75340047
2025-01-04 13:44:59.686000+00:00,2025-01-04 13:30:00+00:00,continuous,97793.8,97840.0,97698.3,97840.0,75177466.48599982
2025-01-04 13:59:59.861000+00:00,2025-01-04 13:45:00+00:00,continuous,97840.0,98032.1,97839.9,97924.4,105144330.38580012
2025-01-04 14:14:59.111000+00:00,2025-01-04 14:00:00+00:00,continuous,97924.3,97934.8,97800.0,97825.5,60163449.653699994
2025-01-04 14:29:59.804000+00:00,2025-01-04 14:15:00+00:00,continuous,97825.5,97972.5,97777.0,97945.3,65619148.90789996
2025-01-04 14:44:59.184000+00:00,2025-01-04 14:30:00+00:00,continuous,97945.3,98054.1,97892.6,98013.0,83964056.87259988
2025-01-04 14:59:59.544000+00:00,2025-01-04 14:45:00+00:00,continuous,98013.0,98018.4,97945.4,97992.0,33906803.310899995
2025-01-04 15:14:59.114000+00:00,2025-01-04 15:00:00+00:00,continuous,97992.0,97998.8,97880.0,97946.8,53691532.11900043
2025-01-04 15:29:59.936000+00:00,2025-01-04 15:15:00+00:00,continuous,97946.7,98117.6,97570.3,97783.6,212390766.29169893
2025-01-04 15:44:59.984000+00:00,2025-01-04 15:30:00+00:00,continuous,97783.6,97783.7,97520.1,97601.3,237915916.67729902
2025-01-04 15:59:59.972000+00:00,2025-01-04 15:45:00+00:00,continuous,97601.3,97700.5,97472.0,97623.6,153049645.51410058
2025-01-04 16:14:59.858000+00:00,2025-01-04 16:00:00+00:00,continuous,97623.5,97769.9,97572.9,97743.4,85057301.1916999
2025-01-04 16:29:59.770000+00:00,2025-01-04 16:15:00+00:00,continuous,97743.5,97822.2,97664.0,97664.0,74483576.07979962
2025-01-04 16:44:59.641000+00:00,2025-01-04 16:30:00+00:00,continuous,97663.3,97665.5,97535.7,97605.6,76547432.7314001
2025-01-04 16:59:59.258000+00:00,2025-01-04 16:45:00+00:00,continuous,97605.7,97700.0,97588.4,97677.9,37187867.247799926
2025-01-04 17:14:59.664000+00:00,2025-01-04 17:00:00+00:00,continuous,97677.8,97772.0,97645.1,97742.8,44557387.982400134
2025-01-04 17:29:59.706000+00:00,2025-01-04 17:15:00+00:00,continuous,97742.7,97791.6,97735.9,97735.9,26834684.229799934
2025-01-04 17:44:59.626000+00:00,2025-01-04 17:30:00+00:00,continuous,97735.9,97884.3,97713.5,97843.3,41710281.172499925
2025-01-04 17:59:59.961000+00:00,2025-01-04 17:45:00+00:00,continuous,97843.3,98018.0,97818.0,97982.5,79046266.3423
2025-01-04 18:14:59.978000+00:00,2025-01-04 18:00:00+00:00,continuous,97982.6,98050.0,97921.0,98028.9,61697026.25550004
2025-01-04 18:29:59.968000+00:00,2025-01-04 18:15:00+00:00,continuous,98028.9,98106.0,98005.1,98021.6,72060169.93719965
2025-01-04 18:44:59.743000+00:00,2025-01-04 18:30:00+00:00,continuous,98021.7,98070.7,97930.0,98011.8,57347297.82079986
2025-01-04 18:59:59.950000+00:00,2025-01-04 18:45:00+00:00,continuous,98011.8,98028.6,97858.0,97931.9,51663857.25480018
2025-01-04 19:14:59.750000+00:00,2025-01-04 19:00:00+00:00,continuous,97931.9,98084.6,97891.1,98084.6,39218029.04770003
2025-01-04 19:29:59.920000+00:00,2025-01-04 19:15:00+00:00,continuous,98084.6,98334.6,98084.5,98121.4,147064407.90440083
2025-01-04 19:44:59.742000+00:00,2025-01-04 19:30:00+00:00,continuous,98121.4,98222.6,98073.5,98105.1,43107826.07580002
2025-01-04 19:59:59.898000+00:00,2025-01-04 19:45:00+00:00,continuous,98105.0,98167.1,98065.9,98120.3,40332035.70989997
2025-01-04 20:14:59.782000+00:00,2025-01-04 20:00:00+00:00,continuous,98120.4,98478.2,98120.3,98253.0,143051091.38490042
2025-01-04 20:29:59.930000+00:00,2025-01-04 20:15:00+00:00,continuous,98253.0,98442.0,98213.0,98414.2,68051647.03060012
2025-01-04 20:44:59.699000+00:00,2025-01-04 20:30:00+00:00,continuous,98414.3,98662.0,98354.6,98500.1,186782943.13909984
2025-01-04 20:59:59.821000+00:00,2025-01-04 20:45:00+00:00,continuous,98500.1,98606.7,98500.0,98577.4,82850926.20120011
2025-01-04 21:14:59.576000+00:00,2025-01-04 21:00:00+00:00,continuous,98577.4,98760.9,98502.7,98507.5,150631487.04279935
2025-01-04 21:29:59.800000+00:00,2025-01-04 21:15:00+00:00,continuous,98507.6,98637.1,98473.3,98487.1,95943057.94820072
2025-01-04 21:44:59.894000+00:00,2025-01-04 21:30:00+00:00,continuous,98487.0,98487.1,98307.8,98350.0,67123130.38559999
2025-01-04 21:59:59.813000+00:00,2025-01-04 21:45:00+00:00,continuous,98350.0,98382.2,98300.0,98335.8,41713719.17239974
2025-01-04 22:14:59.698000+00:00,2025-01-04 22:00:00+00:00,continuous,98335.8,98380.1,98300.0,98300.2,38112094.6841002
2025-01-04 22:29:59.872000+00:00,2025-01-04 22:15:00+00:00,continuous,98300.1,98313.8,98232.0,98234.0,58375126.35060022
2025-01-04 22:44:59.528000+00:00,2025-01-04 22:30:00+00:00,continuous,98234.0,98421.2,98233.9,98365.4,46034292.982299976
2025-01-04 22:59:59.628000+00:00,2025-01-04 22:45:00+00:00,continuous,98365.5,98461.1,98325.1,98372.5,32583019.886700038
2025-01-04 23:14:59.575000+00:00,2025-01-04 23:00:00+00:00,continuous,98372.4,98390.5,98076.4,98139.8,121153092.10690045
2025-01-04 23:29:59.737000+00:00,2025-01-04 23:15:00+00:00,continuous,98139.8,98239.7,98135.2,98186.4,37575284.014199875
2025-01-04 23:44:59.966000+00:00,2025-01-04 23:30:00+00:00,continuous,98186.4,98246.2,98159.9,98174.6,30492034.620100092
2025-01-04 23:59:59.845000+00:00,2025-01-04 23:45:00+00:00,continuous,98174.5,98266.7,98159.8,98173.2,33079517.066300053
2025-01-05 00:14:59.133000+00:00,2025-01-05 00:00:00+00:00,continuous,98173.2,98299.0,98108.3,98240.5,47192893.4834003
2025-01-05 00:29:59.989000+00:00,2025-01-05 00:15:00+00:00,continuous,98240.5,98349.8,98154.1,98235.8,43819647.959600106
2025-01-05 00:44:58.915000+00:00,2025-01-05 00:30:00+00:00,continuous,98235.8,98313.9,98192.0,98213.3,38854342.61419998
2025-01-05 00:59:58.335000+00:00,2025-01-05 00:45:00+00:00,continuous,98213.2,98243.3,98153.8,98178.3,20658531.344500087
2025-01-05 01:14:59.976000+00:00,2025-01-05 01:00:00+00:00,continuous,98178.3,98260.3,98107.1,98239.2,49188333.22280008
2025-01-05 01:29:59.828000+00:00,2025-01-05 01:15:00+00:00,continuous,98239.1,98287.7,98168.0,98168.0,26432896.83119993
2025-01-05 01:44:59.937000+00:00,2025-01-05 01:30:00+00:00,continuous,98168.0,98173.0,98013.3,98124.9,70046127.0808
2025-01-05 01:59:59.668000+00:00,2025-01-05 01:45:00+00:00,continuous,98125.0,98125.0,98001.1,98086.6,53912726.34159992
2025-01-05 02:14:59.514000+00:00,2025-01-05 02:00:00+00:00,continuous,98086.6,98166.8,98086.6,98150.5,40511031.34490005
2025-01-05 02:29:59.983000+00:00,2025-01-05 02:15:00+00:00,continuous,98150.5,98178.5,98105.0,98140.1,22468748.175500106
2025-01-05 02:44:59.166000+00:00,2025-01-05 02:30:00+00:00,continuous,98140.2,98157.5,98067.0,98117.1,22814011.950400073
2025-01-05 02:59:58.833000+00:00,2025-01-05 02:45:00+00:00,continuous,98117.0,98196.7,98110.5,98195.5,20947471.4145
2025-01-05 03:14:59.664000+00:00,2025-01-05 03:00:00+00:00,continuous,98195.5,98200.0,98117.8,98130.6,20262253.985600118
2025-01-05 03:29:59.522000+00:00,2025-01-05 03:15:00+00:00,continuous,98130.5,98155.7,98080.0,98125.9,24293506.414599974
2025-01-05 03:44:59.368000+00:00,2025-01-05 03:30:00+00:00,continuous,98125.9,98151.1,98054.3,98058.8,21528332.21890001
2025-01-05 03:59:59.854000+00:00,2025-01-05 03:45:00+00:00,continuous,98058.7,98166.6,98030.0,98160.1,32078231.411100216
2025-01-05 04:14:59.997000+00:00,2025-01-05 04:00:00+00:00,continuous,98160.0,98361.0,98160.0,98229.2,109926178.04039997
2025-01-05 04:29:59.855000+00:00,2025-01-05 04:15:00+00:00,continuous,98229.2,98496.3,98206.5,98454.0,108390257.3904995
2025-01-05 04:44:59.869000+00:00,2025-01-05 04:30:00+00:00,continuous,98454.1,98454.1,98339.9,98340.0,64270876.38480006
2025-01-05 04:59:59.961000+00:00,2025-01-05 04:45:00+00:00,continuous,98340.0,98356.9,98300.0,98319.6,21702939.083599873
2025-01-05 05:14:59.904000+00:00,2025-01-05 05:00:00+00:00,continuous,98319.5,98342.1,98250.8,98289.0,64892050.072799854
2025-01-05 05:29:59.955000+00:00,2025-01-05 05:15:00+00:00,continuous,98289.0,98400.0,98225.3,98399.9,66292121.55019999
2025-01-05 05:44:59.735000+00:00,2025-01-05 05:30:00+00:00,continuous,98399.9,98473.3,98284.4,98329.4,41129996.5794998
2025-01-05 05:59:58.703000+00:00,2025-01-05 05:45:00+00:00,continuous,98329.4,98354.9,98254.2,98307.4,24622460.599700037
2025-01-05 06:14:59.449000+00:00,2025-01-05 06:00:00+00:00,continuous,98307.3,98318.2,98250.0,98271.9,24292836.874600023
2025-01-05 06:29:59.838000+00:00,2025-01-05 06:15:00+00:00,continuous,98271.9,98363.1,98271.9,98334.4,29849890.525399923
2025-01-05 06:44:59.089000+00:00,2025-01-05 06:30:00+00:00,continuous,98334.4,98363.4,98284.2,98352.1,18621152.728300013
2025-01-05 06:59:59.978000+00:00,2025-01-05 06:45:00+00:00,continuous,98352.1,98463.4,98322.0,98413.0,50825071.97349978
2025-01-05 07:14:59.872000+00:00,2025-01-05 07:00:00+00:00,continuous,98412.9,98430.5,98334.3,98334.3,29943163.22190002
2025-01-05 07:29:59.497000+00:00,2025-01-05 07:15:00+00:00,continuous,98334.4,98374.5,98300.5,98300.6,21858891.350099828
2025-01-05 07:44:59.170000+00:00,2025-01-05 07:30:00+00:00,continuous,98300.5,98324.5,98280.0,98301.9,19247353.099800043
2025-01-05 07:59:59.967000+00:00,2025-01-05 07:45:00+00:00,continuous,98301.9,98308.1,98225.3,98225.3,28263426.542899907
2025-01-05 08:14:59.791000+00:00,2025-01-05 08:00:00+00:00,continuous,98225.3,98225.4,97852.2,97907.7,274704094.95080096
2025-01-05 08:29:59.931000+00:00,2025-01-05 08:15:00+00:00,continuous,97907.6,97907.7,97712.2,97850.0,177647139.78709903
2025-01-05 08:44:59.869000+00:00,2025-01-05 08:30:00+00:00,continuous,97849.9,97909.0,97788.0,97847.0,82660112.96420003
2025-01-05 08:59:59.823000+00:00,2025-01-05 08:45:00+00:00,continuous,97847.0,97880.9,97775.0,97826.0,40009019.15630006
2025-01-05 09:14:59.984000+00:00,2025-01-05 09:00:00+00:00,continuous,97825.9,97900.9,97763.0,97870.8,52235308.597499825
2025-01-05 09:29:59.908000+00:00,2025-01-05 09:15:00+00:00,continuous,97870.8,97901.5,97772.0,97772.0,53947357.93450011
2025-01-05 09:44:59.683000+00:00,2025-01-05 09:30:00+00:00,continuous,97772.1,97862.8,97750.0,97862.7,36988295.01100007
2025-01-05 09:59:59.323000+00:00,2025-01-05 09:45:00+00:00,continuous,97862.8,97874.3,97596.0,97620.0,125505762.63370013
2025-01-05 10:14:59.665000+00:00,2025-01-05 10:00:00+00:00,continuous,97619.9,97739.8,97533.6,97687.8,136978878.6293008
2025-01-05 10:29:59.722000+00:00,2025-01-05 10:15:00+00:00,continuous,97687.9,97722.5,97557.9,97558.0,61338059.754899986
2025-01-05 10:44:59.281000+00:00,2025-01-05 10:30:00+00:00,continuous,97557.9,97682.4,97557.0,97660.3,47096623.85639991
2025-01-05 10:59:59.914000+00:00,2025-01-05 10:45:00+00:00,continuous,97660.3,97719.3,97654.2,97693.8,36720447.03310007
2025-01-05 11:14:59.934000+00:00,2025-01-05 11:00:00+00:00,continuous,97693.8,97741.1,97640.0,97672.8,42774017.24500011
2025-01-05 11:29:59.868000+00:00,2025-01-05 11:15:00+00:00,continuous,97672.8,97800.0,97672.8,97686.5,49014111.355800144
2025-01-05 11:44:59.816000+00:00,2025-01-05 11:30:00+00:00,continuous,97686.5,97700.0,97579.0,97633.1,44389974.585499905
2025-01-05 11:59:59.848000+00:00,2025-01-05 11:45:00+00:00,continuous,97633.1,97633.1,97569.6,97609.5,28336017.285000045
2025-01-05 12:14:59.963000+00:00,2025-01-05 12:00:00+00:00,continuous,97609.5,97711.7,97520.6,97695.3,73427614.05299994
2025-01-05 12:29:59.954000+00:00,2025-01-05 12:15:00+00:00,continuous,97695.3,97896.5,97631.8,97677.8,120800550.15260014
2025-01-05 12:44:59.368000+00:00,2025-01-05 12:30:00+00:00,continuous,97677.8,97766.8,97628.0,97737.9,38521737.914099894
2025-01-05 12:59:59.370000+00:00,2025-01-05 12:45:00+00:00,continuous,97737.9,97920.0,97701.1,97720.0,86656123.40289988
2025-01-05 13:14:59.574000+00:00,2025-01-05 13:00:00+00:00,continuous,97720.1,97879.3,97700.0,97814.0,38872152.774600014
2025-01-05 13:29:59.839000+00:00,2025-01-05 13:15:00+00:00,continuous,97813.9,97928.0,97800.1,97925.0,61237763.82349998
2025-01-05 13:44:59.912000+00:00,2025-01-05 13:30:00+00:00,continuous,97925.1,97988.0,97822.5,97835.0,83516494.4927005
2025-01-05 13:59:59.904000+00:00,2025-01-05 13:45:00+00:00,continuous,97835.1,97835.1,97633.9,97654.6,75237030.47880013
2025-01-05 14:14:59.639000+00:00,2025-01-05 14:00:00+00:00,continuous,97654.5,97744.3,97544.1,97609.8,80971581.30940017
2025-01-05 14:29:59.838000+00:00,2025-01-05 14:15:00+00:00,continuous,97609.8,97609.9,97227.0,97438.7,390390051.8775999
2025-01-05 14:44:59.954000+00:00,2025-01-05 14:30:00+00:00,continuous,97438.7,97640.0,97331.0,97630.2,152105244.61890006
2025-01-05 14:59:59.751000+00:00,2025-01-05 14:45:00+00:00,continuous,97630.1,97932.7,97630.1,97811.1,168075633.80040032
2025-01-05 15:14:59.876000+00:00,2025-01-05 15:00:00+00:00,continuous,97811.0,97987.2,97767.0,97774.5,109475668.82500018
2025-01-05 15:29:59.955000+00:00,2025-01-05 15:15:00+00:00,continuous,97774.6,97871.5,97641.9,97863.1,81508869.68589987
2025-01-05 15:44:59.863000+00:00,2025-01-05 15:30:00+00:00,continuous,97863.5,98248.5,97863.5,98031.2,263160838.95149982
2025-01-05 15:59:59.785000+00:00,2025-01-05 15:45:00+00:00,continuous,98031.3,98118.0,97950.0,97986.6,52691598.27060012
2025-01-05 16:14:59.979000+00:00,2025-01-05 16:00:00+00:00,continuous,97987.1,98297.3,97936.8,98148.9,139977196.81009954
2025-01-05 16:29:59.816000+00:00,2025-01-05 16:15:00+00:00,continuous,98149.0,98188.2,97984.1,98032.9,69145338.23619972
2025-01-05 16:44:59.913000+00:00,2025-01-05 16:30:00+00:00,continuous,98032.9,98047.1,97888.0,97945.1,64556755.3607
2025-01-05 16:59:59.521000+00:00,2025-01-05 16:45:00+00:00,continuous,97945.1,98068.6,97925.5,97995.7,35828064.82669985
2025-01-05 17:14:59.131000+00:00,2025-01-05 17:00:00+00:00,continuous,97995.6,98038.7,97935.4,97962.3,54525110.71200004
2025-01-05 17:29:59.980000+00:00,2025-01-05 17:15:00+00:00,continuous,97962.3,97962.3,97827.2,97924.1,74052782.63199988
2025-01-05 17:44:58.728000+00:00,2025-01-05 17:30:00+00:00,continuous,97924.1,97992.1,97760.0,97810.9,79486412.19469975
2025-01-05 17:59:59.203000+00:00,2025-01-05 17:45:00+00:00,continuous,97810.9,97811.0,97618.0,97695.1,100504387.21599992
2025-01-05 18:14:59.965000+00:00,2025-01-05 18:00:00+00:00,continuous,97695.1,97744.3,97530.0,97666.0,148458411.22389978
2025-01-05 18:29:59.866000+00:00,2025-01-05 18:15:00+00:00,continuous,97666.0,97718.7,97555.5,97664.8,59174497.355400145
2025-01-05 18:44:59.890000+00:00,2025-01-05 18:30:00+00:00,continuous,97664.8,97820.0,97650.0,97791.4,40879143.6651001
2025-01-05 18:59:59.719000+00:00,2025-01-05 18:45:00+00:00,continuous,97791.5,97893.7,97791.4,97872.0,30299554.18499991
2025-01-05 19:14:59.942000+00:00,2025-01-05 19:00:00+00:00,continuous,97872.0,98010.3,97804.9,97989.6,67558388.07700002
2025-01-05 19:29:59.850000+00:00,2025-01-05 19:15:00+00:00,continuous,97989.6,98088.0,97924.0,98020.2,142694407.25869992
2025-01-05 19:44:59.981000+00:00,2025-01-05 19:30:00+00:00,continuous,98020.2,98041.3,97941.8,97985.1,88126172.99219996
2025-01-05 19:59:59.864000+00:00,2025-01-05 19:45:00+00:00,continuous,97985.1,98050.0,97943.3,98050.0,30712105.2479001
2025-01-05 20:14:59.736000+00:00,2025-01-05 20:00:00+00:00,continuous,98050.0,98115.5,97986.3,98101.6,33662292.84209988
2025-01-05 20:29:59.668000+00:00,2025-01-05 20:15:00+00:00,continuous,98101.7,98687.6,98101.6,98461.5,413243194.8039989
2025-01-05 20:44:59.683000+00:00,2025-01-05 20:30:00+00:00,continuous,98461.4,98473.4,98297.0,98316.0,89462147.1126002
2025-01-05 20:59:59.887000+00:00,2025-01-05 20:45:00+00:00,continuous,98315.9,98329.9,98129.1,98244.9,87921977.2144001
2025-01-05 21:14:59.778000+00:00,2025-01-05 21:00:00+00:00,continuous,98244.8,98387.0,98186.0,98378.7,136132270.5414998
2025-01-05 21:29:59.781000+00:00,2025-01-05 21:15:00+00:00,continuous,98378.7,98400.0,98266.8,98266.8,64231457.24489962
2025-01-05 21:44:59.427000+00:00,2025-01-05 21:30:00+00:00,continuous,98266.8,98466.7,98246.7,98404.3,52752707.17490011
2025-01-05 21:59:59.836000+00:00,2025-01-05 21:45:00+00:00,continuous,98404.3,98500.0,98400.0,98475.4,38707974.386099935
2025-01-05 22:14:59.887000+00:00,2025-01-05 22:00:00+00:00,continuous,98475.4,98492.2,98317.5,98352.1,55775074.58919984
2025-01-05 22:29:59.588000+00:00,2025-01-05 22:15:00+00:00,continuous,98352.1,98536.0,98346.3,98525.2,47215751.3282999
2025-01-05 22:44:59.713000+00:00,2025-01-05 22:30:00+00:00,continuous,98525.3,98745.4,98501.8,98611.0,126284713.07949932
2025-01-05 22:59:59.716000+00:00,2025-01-05 22:45:00+00:00,continuous,98611.1,98727.0,98474.0,98661.1,90823071.4785
2025-01-05 23:14:59.799000+00:00,2025-01-05 23:00:00+00:00,continuous,98661.1,98852.6,98482.5,98523.9,200414772.02770057
2025-01-05 23:29:59.823000+00:00,2025-01-05 23:15:00+00:00,continuous,98524.0,98565.6,98323.4,98442.9,123695643.55439997
2025-01-05 23:44:59.762000+00:00,2025-01-05 23:30:00+00:00,continuous,98442.9,98483.1,98380.1,98395.9,60034773.6504999
2025-01-05 23:59:59.681000+00:00,2025-01-05 23:45:00+00:00,continuous,98395.9,98451.1,98284.2,98340.2,53947972.918399975
2025-01-06 00:14:59.753000+00:00,2025-01-06 00:00:00+00:00,continuous,98340.2,98607.2,98340.2,98416.4,134921373.0886002
2025-01-06 00:29:59.830000+00:00,2025-01-06 00:15:00+00:00,continuous,98416.4,98759.5,98260.6,98450.4,131043647.36779903
2025-01-06 00:44:59.944000+00:00,2025-01-06 00:30:00+00:00,continuous,98450.4,98535.0,98280.2,98396.6,95105959.65880015
2025-01-06 00:59:59.808000+00:00,2025-01-06 00:45:00+00:00,continuous,98396.5,98419.1,98150.0,98185.3,85996199.56520072
2025-01-06 01:14:59.952000+00:00,2025-01-06 01:00:00+00:00,continuous,98185.3,98323.6,97994.0,98006.6,135458082.6911003
2025-01-06 01:29:59.845000+00:00,2025-01-06 01:15:00+00:00,continuous,98006.6,98108.4,97872.6,98077.0,136633749.59840006
2025-01-06 01:44:59.828000+00:00,2025-01-06 01:30:00+00:00,continuous,98077.1,98245.3,98070.3,98232.4,61432410.7673001
2025-01-06 01:59:59.907000+00:00,2025-01-06 01:45:00+00:00,continuous,98232.4,98800.0,98145.1,98735.7,269834708.04589874
2025-01-06 02:14:59.993000+00:00,2025-01-06 02:00:00+00:00,continuous,98735.7,99278.0,98671.1,99000.0,639569106.8580018
2025-01-06 02:29:59.882000+00:00,2025-01-06 02:15:00+00:00,continuous,98999.9,98999.9,98603.5,98728.4,281969334.86060137
2025-01-06 02:44:59.864000+00:00,2025-01-06 02:30:00+00:00,continuous,98728.4,99100.0,98635.2,98838.1,236354099.25270027
2025-01-06 02:59:59.841000+00:00,2025-01-06 02:45:00+00:00,continuous,98838.2,98966.5,98760.0,98786.7,82187513.18119983
2025-01-06 03:14:59.964000+00:00,2025-01-06 03:00:00+00:00,continuous,98786.6,98995.5,98723.0,98929.9,74878923.11910017
2025-01-06 03:29:59.453000+00:00,2025-01-06 03:15:00+00:00,continuous,98929.9,99075.0,98852.0,99068.6,81280376.63700032
2025-01-06 03:44:59.891000+00:00,2025-01-06 03:30:00+00:00,continuous,99068.6,99220.2,99028.7,99084.5,121441326.4097002
2025-01-06 03:59:59.940000+00:00,2025-01-06 03:45:00+00:00,continuous,99084.5,99100.4,98958.5,99005.0,59960740.20319999
2025-01-06 04:14:59.914000+00:00,2025-01-06 04:00:00+00:00,continuous,99005.0,99270.0,99005.0,99244.6,133342416.04519942
2025-01-06 04:29:59.906000+00:00,2025-01-06 04:15:00+00:00,continuous,99244.7,99429.2,99185.8,99219.9,215958220.04510137
2025-01-06 04:44:59.866000+00:00,2025-01-06 04:30:00+00:00,continuous,99219.9,99250.0,99136.1,99157.6,84486740.52409977
2025-01-06 04:59:59.725000+00:00,2025-01-06 04:45:00+00:00,continuous,99159.7,99465.4,99159.7,99423.0,111485251.21040052
2025-01-06 05:14:59.804000+00:00,2025-01-06 05:00:00+00:00,continuous,99423.0,99585.0,99354.2,99368.1,249144177.44260123
2025-01-06 05:29:59.966000+00:00,2025-01-06 05:15:00+00:00,continuous,99368.0,99637.0,99368.0,99626.8,218350032.17359883
2025-01-06 05:44:59.985000+00:00,2025-01-06 05:30:00+00:00,continuous,99626.8,99800.0,99594.0,99699.3,288755183.2093001
2025-01-06 05:59:59.872000+00:00,2025-01-06 05:45:00+00:00,continuous,99699.2,99886.7,99450.4,99560.0,309286790.9537983
2025-01-06 06:14:59.973000+00:00,2025-01-06 06:00:00+00:00,continuous,99560.0,99675.0,99424.1,99486.1,137746889.42709947
2025-01-06 06:29:59.718000+00:00,2025-01-06 06:15:00+00:00,continuous,99487.0,99607.6,99364.6,99445.5,158557082.68269867
2025-01-06 06:44:59.842000+00:00,2025-01-06 06:30:00+00:00,continuous,99445.5,99748.2,99393.3,99667.3,148131771.9958006
2025-01-06 06:59:59.971000+00:00,2025-01-06 06:45:00+00:00,continuous,99667.2,99695.3,99443.6,99466.8,82850099.55720004
2025-01-06 07:14:59.868000+00:00,2025-01-06 07:00:00+00:00,continuous,99466.9,99504.5,99245.0,99341.3,158158966.59950134
2025-01-06 07:29:59.701000+00:00,2025-01-06 07:15:00+00:00,continuous,99341.2,99350.9,99128.0,99283.6,139791138.4947996
2025-01-06 07:44:59.930000+00:00,2025-01-06 07:30:00+00:00,continuous,99283.6,99373.0,99200.0,99257.3,73077837.13029966
2025-01-06 07:59:59.977000+00:00,2025-01-06 07:45:00+00:00,continuous,99257.3,99393.3,99240.0,99280.0,61573127.0485999
2025-01-06 08:14:59.754000+00:00,2025-01-06 08:00:00+00:00,continuous,99280.0,99600.0,99270.1,99524.8,147285647.9288007
2025-01-06 08:29:59.804000+00:00,2025-01-06 08:15:00+00:00,continuous,99524.8,99524.9,99290.0,99350.0,83867717.64949998
2025-01-06 08:44:59.972000+00:00,2025-01-06 08:30:00+00:00,continuous,99350.1,99395.9,98929.8,99011.2,297708980.56199944
2025-01-06 08:59:59.855000+00:00,2025-01-06 08:45:00+00:00,continuous,99011.2,99194.4,98969.9,99001.3,181716848.24470076
2025-01-06 09:14:59.903000+00:00,2025-01-06 09:00:00+00:00,continuous,99001.2,99221.1,98966.8,99142.4,161336874.7192001
2025-01-06 09:29:59.846000+00:00,2025-01-06 09:15:00+00:00,continuous,99142.3,99142.4,99004.5,99068.6,49831305.292900026
2025-01-06 09:44:59.771000+00:00,2025-01-06 09:30:00+00:00,continuous,99068.6,99110.6,98978.4,99014.0,68809881.44470002
2025-01-06 09:59:59.496000+00:00,2025-01-06 09:45:00+00:00,continuous,99014.1,99073.3,98894.0,98968.3,76838303.13820039
2025-01-06 10:14:59.936000+00:00,2025-01-06 10:00:00+00:00,continuous,98968.4,99031.7,98755.5,98833.1,161496004.72790003
2025-01-06 10:29:59.987000+00:00,2025-01-06 10:15:00+00:00,continuous,98833.0,99019.4,98810.0,98962.3,113501813.68090005
2025-01-06 10:44:59.804000+00:00,2025-01-06 10:30:00+00:00,continuous,98962.4,98962.4,98721.0,98721.0,78959282.2226001
2025-01-06 10:59:59.687000+00:00,2025-01-06 10:45:00+00:00,continuous,98721.0,98829.1,98662.7,98741.5,120982098.44999969
2025-01-06 11:14:59.811000+00:00,2025-01-06 11:00:00+00:00,continuous,98741.4,99006.4,98667.6,98986.9,120978424.4673999
2025-01-06 11:29:59.995000+00:00,2025-01-06 11:15:00+00:00,continuous,98987.0,99272.1,98922.6,99200.5,216372392.6775015
2025-01-06 11:44:59.337000+00:00,2025-01-06 11:30:00+00:00,continuous,99200.6,99384.6,99124.2,99195.5,218071592.79899982
2025-01-06 11:59:59.853000+00:00,2025-01-06 11:45:00+00:00,continuous,99195.5,99281.9,99130.0,99219.3,73728871.80129997
2025-01-06 12:14:59.968000+00:00,2025-01-06 12:00:00+00:00,continuous,99219.2,99490.5,99219.2,99440.1,167070723.84299994
2025-01-06 12:29:59.892000+00:00,2025-01-06 12:15:00+00:00,continuous,99440.0,99680.0,99364.3,99528.5,203559529.31710106
2025-01-06 12:44:59.633000+00:00,2025-01-06 12:30:00+00:00,continuous,99528.5,99539.4,99405.9,99495.2,83486843.26370013
2025-01-06 12:59:59.882000+00:00,2025-01-06 12:45:00+00:00,continuous,99495.2,99507.3,99101.7,99119.8,167979731.78540128
2025-01-06 13:14:59.967000+00:00,2025-01-06 13:00:00+00:00,continuous,99119.7,99191.9,98958.5,99001.2,214283315.59219965
2025-01-06 13:29:59.680000+00:00,2025-01-06 13:15:00+00:00,continuous,99001.3,99340.0,98863.4,99268.1,205830325.219699
2025-01-06 13:44:59.738000+00:00,2025-01-06 13:30:00+00:00,continuous,99268.0,99354.3,99090.9,99230.2,112399704.49240044
2025-01-06 13:59:59.770000+00:00,2025-01-06 13:45:00+00:00,continuous,99230.2,99533.6,99155.8,99452.5,152341694.82509992
2025-01-06 14:14:59.981000+00:00,2025-01-06 14:00:00+00:00,continuous,99452.4,99568.0,99169.5,99236.6,163479982.13090044
2025-01-06 14:29:59.982000+00:00,2025-01-06 14:15:00+00:00,continuous,99236.5,99275.8,98670.0,99016.6,446975624.27159345
2025-01-06 14:44:59.999000+00:00,2025-01-06 14:30:00+00:00,continuous,99016.7,99650.0,98822.2,99488.2,581314061.2163999
2025-01-06 14:59:59.987000+00:00,2025-01-06 14:45:00+00:00,continuous,99489.0,101250.0,99489.0,100702.1,2170395179.661585
2025-01-06 15:14:59.958000+00:00,2025-01-06 15:00:00+00:00,continuous,100702.0,101233.0,100413.1,101202.4,765598139.1797953
2025-01-06 15:29:59.956000+00:00,2025-01-06 15:15:00+00:00,continuous,101202.3,101670.0,100946.7,101640.3,818535315.3502996
2025-01-06 15:44:59.981000+00:00,2025-01-06 15:30:00+00:00,continuous,101640.4,101930.0,101596.7,101930.0,800700398.7885016
2025-01-06 15:59:59.986000+00:00,2025-01-06 15:45:00+00:00,continuous,101929.9,102443.9,101801.1,102104.5,869053897.5401062
2025-01-06 16:14:59.989000+00:00,2025-01-06 16:00:00+00:00,continuous,102104.6,102431.1,101953.1,102171.9,551970460.505402
2025-01-06 16:29:59.990000+00:00,2025-01-06 16:15:00+00:00,continuous,102172.0,102444.0,102075.1,102402.6,290466336.2087008
2025-01-06 16:44:59.978000+00:00,2025-01-06 16:30:00+00:00,continuous,102402.5,102438.7,101850.0,101865.2,469565577.22329926
2025-01-06 16:59:59.938000+00:00,2025-01-06 16:45:00+00:00,continuous,101865.1,102290.4,101700.0,102116.6,483056722.4169012
2025-01-06 17:14:59.907000+00:00,2025-01-06 17:00:00+00:00,continuous,102116.5,102116.6,101811.6,101866.0,225676022.0260994
2025-01-06 17:29:59.877000+00:00,2025-01-06 17:15:00+00:00,continuous,101865.9,102010.7,101680.0,101791.1,175056681.1341002
2025-01-06 17:44:59.985000+00:00,2025-01-06 17:30:00+00:00,continuous,101791.1,101951.2,101223.0,101393.6,471576162.4011995
2025-01-06 17:59:59.823000+00:00,2025-01-06 17:45:00+00:00,continuous,101393.5,101818.6,101279.1,101795.3,266053324.17720035
2025-01-06 18:14:59.864000+00:00,2025-01-06 18:00:00+00:00,continuous,101795.2,101908.2,101520.0,101908.1,226169648.8848996
2025-01-06 18:29:59.711000+00:00,2025-01-06 18:15:00+00:00,continuous,101908.1,102000.0,101806.4,101896.5,137589874.35019997
2025-01-06 18:44:59.948000+00:00,2025-01-06 18:30:00+00:00,continuous,101896.5,102023.9,101800.0,101917.6,106840558.033
2025-01-06 18:59:59.784000+00:00,2025-01-06 18:45:00+00:00,continuous,101917.6,101969.8,101633.4,101701.6,153068000.1436008
2025-01-06 19:14:59.525000+00:00,2025-01-06 19:00:00+00:00,continuous,101701.7,101905.4,101586.7,101874.6,106032300.93019958
2025-01-06 19:29:59.494000+00:00,2025-01-06 19:15:00+00:00,continuous,101874.6,101999.4,101802.7,101861.5,115590718.15369998
2025-01-06 19:44:59.676000+00:00,2025-01-06 19:30:00+00:00,continuous,101861.5,101986.0,101707.9,101978.8,71120263.09669991
2025-01-06 19:59:59.834000+00:00,2025-01-06 19:45:00+00:00,continuous,101978.9,101984.6,101692.8,101771.7,62379978.10940012
2025-01-06 20:14:59.586000+00:00,2025-01-06 20:00:00+00:00,continuous,101771.7,102153.8,101760.2,102149.6,166749978.05329973
2025-01-06 20:29:59.938000+00:00,2025-01-06 20:15:00+00:00,continuous,102149.5,102288.0,102000.0,102059.5,154299659.66009986
2025-01-06 20:44:59.864000+00:00,2025-01-06 20:30:00+00:00,continuous,102059.6,102188.9,101904.0,101973.6,117723210.67889932
2025-01-06 20:59:59.603000+00:00,2025-01-06 20:45:00+00:00,continuous,101973.6,102254.0,101756.1,102075.5,191772463.60909963
2025-01-06 21:14:59.910000+00:00,2025-01-06 21:00:00+00:00,continuous,102075.5,102298.8,102005.4,102005.4,129074168.20450002
2025-01-06 21:29:59.883000+00:00,2025-01-06 21:15:00+00:00,continuous,102005.4,102147.4,101900.4,102010.3,94986105.6604997
2025-01-06 21:44:59.687000+00:00,2025-01-06 21:30:00+00:00,continuous,102010.2,102021.1,101685.0,101720.8,131328545.26839964
2025-01-06 21:59:59.919000+00:00,2025-01-06 21:45:00+00:00,continuous,101720.8,101830.4,101551.2,101566.5,97801495.98649983
2025-01-06 22:14:59.876000+00:00,2025-01-06 22:00:00+00:00,continuous,101566.6,101727.8,101560.0,101678.3,90496507.49509986
2025-01-06 22:29:59.957000+00:00,2025-01-06 22:15:00+00:00,continuous,101678.3,101934.3,101664.8,101897.6,88267855.2559992
2025-01-06 22:44:59.226000+00:00,2025-01-06 22:30:00+00:00,continuous,101897.6,102047.3,101880.0,101943.8,55045990.297800116
2025-01-06 22:59:59.631000+00:00,2025-01-06 22:45:00+00:00,continuous,101943.8,102047.4,101943.7,101966.0,38919865.44459989
2025-01-06 23:14:57.874000+00:00,2025-01-06 23:00:00+00:00,continuous,101965.9,102136.0,101852.1,101969.2,89946911.21429971
2025-01-06 23:29:59.246000+00:00,2025-01-06 23:15:00+00:00,continuous,101969.2,102100.0,101957.6,102037.0,50863416.331700005
2025-01-06 23:44:59.334000+00:00,2025-01-06 23:30:00+00:00,continuous,102037.1,102167.2,101923.0,102136.5,70153336.98880032
2025-01-06 23:59:59.902000+00:00,2025-01-06 23:45:00+00:00,continuous,102136.5,102200.0,102107.8,102180.4,55656989.685500056
2025-01-07 00:14:59.889000+00:00,2025-01-07 00:00:00+00:00,continuous,102180.5,102216.7,101913.7,101990.0,126217554.51500046
2025-01-07 00:29:59.928000+00:00,2025-01-07 00:15:00+00:00,continuous,101990.0,102399.2,101890.3,102340.0,186392102.35869944
2025-01-07 00:44:59.643000+00:00,2025-01-07 00:30:00+00:00,continuous,102340.1,102762.1,101957.4,102009.9,468821923.17769986
2025-01-07 00:59:59.577000+00:00,2025-01-07 00:45:00+00:00,continuous,102010.0,102180.0,101923.0,102004.7,128812347.28640042
2025-01-07 01:14:59.749000+00:00,2025-01-07 01:00:00+00:00,continuous,102004.6,102028.2,101750.7,101780.0,135335858.49070004
2025-01-07 01:29:59.763000+00:00,2025-01-07 01:15:00+00:00,continuous,101780.1,101875.9,101650.0,101650.1,76101400.63579999
2025-01-07 01:44:59.935000+00:00,2025-01-07 01:30:00+00:00,continuous,101650.0,101959.2,101646.2,101930.1,127425557.45120008
2025-01-07 01:59:59.839000+00:00,2025-01-07 01:45:00+00:00,continuous,101930.0,101998.0,101789.0,101873.9,64495537.07799997
2025-01-07 02:14:59.939000+00:00,2025-01-07 02:00:00+00:00,continuous,101873.9,101979.9,101850.4,101910.0,42924055.72909979
2025-01-07 02:29:59.797000+00:00,2025-01-07 02:15:00+00:00,continuous,101910.0,101975.3,101800.0,101806.0,57425262.93290006
2025-01-07 02:44:59.893000+00:00,2025-01-07 02:30:00+00:00,continuous,101806.0,101830.5,101744.0,101770.1,44896045.18549984
2025-01-07 02:59:59.945000+00:00,2025-01-07 02:45:00+00:00,continuous,101770.0,101795.1,101608.5,101627.7,81274936.58339992
2025-01-07 03:14:59.962000+00:00,2025-01-07 03:00:00+00:00,continuous,101627.7,101785.7,101618.8,101624.8,92894010.18639956
2025-01-07 03:29:59.967000+00:00,2025-01-07 03:15:00+00:00,continuous,101624.8,101683.9,101587.5,101621.8,67722034.84280008
2025-01-07 03:44:59.902000+00:00,2025-01-07 03:30:00+00:00,continuous,101621.9,101774.3,101580.3,101581.1,57026778.38790011
2025-01-07 03:59:59.776000+00:00,2025-01-07 03:45:00+00:00,continuous,101581.0,101699.0,101459.4,101661.3,91024525.87209925
2025-01-07 04:14:59.937000+00:00,2025-01-07 04:00:00+00:00,continuous,101661.4,101821.8,101659.8,101812.9,66256209.987899825
2025-01-07 04:29:59.861000+00:00,2025-01-07 04:15:00+00:00,continuous,101813.0,101834.3,101741.5,101833.1,41380951.91179994
2025-01-07 04:44:59.863000+00:00,2025-01-07 04:30:00+00:00,continuous,101833.1,101885.0,101727.8,101738.0,57966836.60169997
2025-01-07 04:59:59.747000+00:00,2025-01-07 04:45:00+00:00,continuous,101738.0,101766.3,101610.4,101610.7,35725417.13760002
2025-01-07 05:14:59.678000+00:00,2025-01-07 05:00:00+00:00,continuous,101610.8,101736.6,101528.8,101667.8,77329390.4806003
2025-01-07 05:29:59.597000+00:00,2025-01-07 05:15:00+00:00,continuous,101667.7,101749.0,101563.0,101674.7,113524122.52579951
2025-01-07 05:44:59.723000+00:00,2025-01-07 05:30:00+00:00,continuous,101674.8,101702.5,101579.3,101603.0,52311464.50350009
2025-01-07 05:59:59.373000+00:00,2025-01-07 05:45:00+00:00,continuous,101603.0,101710.0,101588.1,101698.8,55735591.975
2025-01-07 06:14:59.467000+00:00,2025-01-07 06:00:00+00:00,continuous,101698.8,101700.0,101596.4,101700.0,46145517.68100007
2025-01-07 06:29:59.970000+00:00,2025-01-07 06:15:00+00:00,continuous,101699.9,101857.9,101699.9,101793.7,65236550.95339985
2025-01-07 06:44:59.775000+00:00,2025-01-07 06:30:00+00:00,continuous,101793.8,101823.5,101734.7,101788.9,38730682.93210026
2025-01-07 06:59:59.876000+00:00,2025-01-07 06:45:00+00:00,continuous,101788.9,101795.4,101730.6,101771.0,35243354.521600135
2025-01-07 07:14:59.949000+00:00,2025-01-07 07:00:00+00:00,continuous,101771.1,101986.1,101756.7,101821.9,108769598.24320002
2025-01-07 07:29:59.935000+00:00,2025-01-07 07:15:00+00:00,continuous,101822.0,101822.0,101727.9,101733.7,44324699.28199972
2025-01-07 07:44:59.999000+00:00,2025-01-07 07:30:00+00:00,continuous,101733.8,101774.8,101621.9,101717.2,74552422.23740064
2025-01-07 07:59:59.957000+00:00,2025-01-07 07:45:00+00:00,continuous,101717.2,101717.3,101600.9,101649.3,62159441.35119999
2025-01-07 08:14:59.825000+00:00,2025-01-07 08:00:00+00:00,continuous,101649.3,101713.1,101582.7,101601.0,78409138.08970033
2025-01-07 08:29:59.930000+00:00,2025-01-07 08:15:00+00:00,continuous,101601.0,101797.6,101580.0,101757.6,81169177.97309953
2025-01-07 08:44:59.912000+00:00,2025-01-07 08:30:00+00:00,continuous,101757.6,101876.4,101750.0,101850.0,65578100.28219968
2025-01-07 08:59:59.536000+00:00,2025-01-07 08:45:00+00:00,continuous,101849.9,101973.1,101799.2,101862.0,97469321.09670025
2025-01-07 09:14:59.863000+00:00,2025-01-07 09:00:00+00:00,continuous,101862.1,101888.7,101768.7,101812.8,41969938.02660021
2025-01-07 09:29:59.762000+00:00,2025-01-07 09:15:00+00:00,continuous,101812.8,101812.8,101701.0,101729.7,50777360.02160007
2025-01-07 09:44:59.704000+00:00,2025-01-07 09:30:00+00:00,continuous,101729.8,101750.7,101613.7,101638.9,77619822.6152
2025-01-07 09:59:59.774000+00:00,2025-01-07 09:45:00+00:00,continuous,101639.0,101740.0,101600.1,101682.6,71340679.76400001
2025-01-07 10:14:59.964000+00:00,2025-01-07 10:00:00+00:00,continuous,101682.7,101682.7,101366.3,101399.8,307127003.635899
2025-01-07 10:29:59.921000+00:00,2025-01-07 10:15:00+00:00,continuous,101399.9,101522.3,101333.0,101496.8,119891717.6308994
2025-01-07 10:44:59.839000+00:00,2025-01-07 10:30:00+00:00,continuous,101496.5,101543.5,101400.0,101457.0,74160068.91259994
2025-01-07 10:59:59.852000+00:00,2025-01-07 10:45:00+00:00,continuous,101457.1,101457.1,101349.2,101366.9,64534904.084999844
2025-01-07 11:14:59.764000+00:00,2025-01-07 11:00:00+00:00,continuous,101366.8,101425.5,101247.0,101347.2,147276910.60060057
2025-01-07 11:29:59.885000+00:00,2025-01-07 11:15:00+00:00,continuous,101347.2,101430.8,101255.4,101324.6,88646436.30439946
2025-01-07 11:44:59.962000+00:00,2025-01-07 11:30:00+00:00,continuous,101324.6,101324.6,100565.1,100614.2,786208160.1516067
2025-01-07 11:59:59.999000+00:00,2025-01-07 11:45:00+00:00,continuous,100614.2,100868.0,100435.4,100787.0,603793038.0204934
2025-01-07 12:14:59.848000+00:00,2025-01-07 12:00:00+00:00,continuous,100787.1,100907.6,100670.4,100670.4,225757564.85849926
2025-01-07 12:29:59.920000+00:00,2025-01-07 12:15:00+00:00,continuous,100670.4,100782.3,100580.0,100597.9,142151269.73149976
2025-01-07 12:44:59.840000+00:00,2025-01-07 12:30:00+00:00,continuous,100598.0,100855.8,100594.2,100808.0,122061241.22610013
2025-01-07 12:59:59.878000+00:00,2025-01-07 12:45:00+00:00,continuous,100808.0,100887.9,100682.0,100712.3,114539510.58099988
2025-01-07 13:14:59.958000+00:00,2025-01-07 13:00:00+00:00,continuous,100712.4,100806.1,100645.0,100715.8,98135237.97620003
2025-01-07 13:29:59.857000+00:00,2025-01-07 13:15:00+00:00,continuous,100715.9,100899.0,100623.7,100896.0,122936164.72200006
2025-01-07 13:44:59.974000+00:00,2025-01-07 13:30:00+00:00,continuous,100896.0,100914.2,100558.4,100659.6,152220705.09330016
2025-01-07 13:59:59.959000+00:00,2025-01-07 13:45:00+00:00,continuous,100659.7,100748.5,100573.2,100590.0,83402990.22860011
2025-01-07 14:14:59.922000+00:00,2025-01-07 14:00:00+00:00,continuous,100590.1,100779.3,100522.3,100528.1,114042290.0983004
2025-01-07 14:29:59.749000+00:00,2025-01-07 14:15:00+00:00,continuous,100528.2,100833.1,100456.1,100713.6,170430585.44679913
2025-01-07 14:44:59.905000+00:00,2025-01-07 14:30:00+00:00,continuous,100713.5,100815.3,100167.0,100682.3,734933511.9656993
2025-01-07 14:59:59.996000+00:00,2025-01-07 14:45:00+00:00,continuous,100682.2,100779.5,99702.0,99945.3,919862246.8945916
2025-01-07 15:14:59.924000+00:00,2025-01-07 15:00:00+00:00,continuous,99945.2,100114.5,98388.0,98571.6,2777318030.0578537
2025-01-07 15:29:59.986000+00:00,2025-01-07 15:15:00+00:00,continuous,98571.6,98800.0,98100.0,98443.7,1483144203.4909687
2025-01-07 15:44:59.928000+00:00,2025-01-07 15:30:00+00:00,continuous,98443.6,98528.3,97450.0,97552.8,1636511829.3843074
2025-01-07 15:59:59.979000+00:00,2025-01-07 15:45:00+00:00,continuous,97552.9,98260.0,97100.0,97915.3,1262826522.622807
2025-01-07 16:14:59.879000+00:00,2025-01-07 16:00:00+00:00,continuous,97915.4,98103.0,97529.1,97792.1,717083791.1079959
2025-01-07 16:29:59.991000+00:00,2025-01-07 16:15:00+00:00,continuous,97792.2,98067.2,97663.1,97972.2,335699914.7823003
2025-01-07 16:44:59.981000+00:00,2025-01-07 16:30:00+00:00,continuous,97972.1,98307.9,97750.0,98154.7,418664087.901098
2025-01-07 16:59:59.741000+00:00,2025-01-07 16:45:00+00:00,continuous,98154.5,98177.4,97696.0,97706.3,239263976.7648004
2025-01-07 17:14:59.971000+00:00,2025-01-07 17:00:00+00:00,continuous,97706.4,97775.0,97306.0,97365.6,402748380.8584989
2025-01-07 17:29:59.956000+00:00,2025-01-07 17:15:00+00:00,continuous,97365.6,97544.5,97198.6,97303.5,407601093.8674999
2025-01-07 17:44:59.989000+00:00,2025-01-07 17:30:00+00:00,continuous,97304.1,97541.8,96629.3,97201.9,784845428.7376976
2025-01-07 17:59:59.987000+00:00,2025-01-07 17:45:00+00:00,continuous,97201.9,97360.0,96530.8,97250.9,832918565.5160054
2025-01-07 18:14:59.908000+00:00,2025-01-07 18:00:00+00:00,continuous,97250.8,97514.7,97171.5,97372.9,311752373.95070046
2025-01-07 18:29:59.997000+00:00,2025-01-07 18:15:00+00:00,continuous,97372.9,97382.7,96980.7,97049.6,286913926.010099
2025-01-07 18:44:59.864000+00:00,2025-01-07 18:30:00+00:00,continuous,97049.7,97117.8,96686.5,96858.9,349339522.7664009
2025-01-07 18:59:59.912000+00:00,2025-01-07 18:45:00+00:00,continuous,96858.9,96930.0,96579.0,96729.2,315634919.37930006
2025-01-07 19:14:59.732000+00:00,2025-01-07 19:00:00+00:00,continuous,96729.1,97170.0,96680.1,97143.7,273959882.4019991
2025-01-07 19:29:59.947000+00:00,2025-01-07 19:15:00+00:00,continuous,97143.8,97163.9,96672.5,96832.9,234954954.89510083
2025-01-07 19:44:59.983000+00:00,2025-01-07 19:30:00+00:00,continuous,96832.8,96852.7,96295.9,96682.1,513601454.00189775
2025-01-07 19:59:59.935000+00:00,2025-01-07 19:45:00+00:00,continuous,96682.1,96816.3,96351.0,96433.3,229467188.38339898
2025-01-07 20:14:59.979000+00:00,2025-01-07 20:00:00+00:00,continuous,96433.3,96694.7,96214.3,96441.1,422894325.42569923
2025-01-07 20:29:59.495000+00:00,2025-01-07 20:15:00+00:00,continuous,96441.2,96544.5,96165.0,96254.1,247179156.28080058
2025-01-07 20:44:59.732000+00:00,2025-01-07 20:30:00+00:00,continuous,96254.1,96603.8,96153.0,96225.5,361814865.50360096
2025-01-07 20:59:59.918000+00:00,2025-01-07 20:45:00+00:00,continuous,96225.6,96849.5,96202.3,96504.8,363254243.4145014
2025-01-07 21:14:59.973000+00:00,2025-01-07 21:00:00+00:00,continuous,96504.7,96865.9,96470.2,96860.1,234245361.70629907
2025-01-07 21:29:59.300000+00:00,2025-01-07 21:15:00+00:00,continuous,96860.1,96998.5,96815.1,96885.3,165979130.16650057
2025-01-07 21:44:59.587000+00:00,2025-01-07 21:30:00+00:00,continuous,96885.4,97074.3,96358.7,96633.4,261527251.86889982
2025-01-07 21:59:59.766000+00:00,2025-01-07 21:45:00+00:00,continuous,96633.4,96741.0,96432.3,96475.7,135265878.3081996
2025-01-07 22:14:59.424000+00:00,2025-01-07 22:00:00+00:00,continuous,96475.7,96958.0,96377.5,96874.8,172822859.98490047
2025-01-07 22:29:59.849000+00:00,2025-01-07 22:15:00+00:00,continuous,96874.1,96972.5,96750.0,96888.5,67620081.30779977
2025-01-07 22:44:59.861000+00:00,2025-01-07 22:30:00+00:00,continuous,96888.5,97185.8,96833.4,97092.3,151357141.2414999
2025-01-07 22:59:59.661000+00:00,2025-01-07 22:45:00+00:00,continuous,97092.2,97153.1,96935.6,97128.8,83422474.7927993
2025-01-07 23:14:59.606000+00:00,2025-01-07 23:00:00+00:00,continuous,97128.8,97128.9,96782.2,96842.5,178129083.77180094
2025-01-07 23:29:59.999000+00:00,2025-01-07 23:15:00+00:00,continuous,96842.5,97137.0,96758.7,97026.8,111156724.79569966
2025-01-07 23:44:59.706000+00:00,2025-01-07 23:30:00+00:00,continuous,97026.9,97130.7,96911.2,96916.1,103771533.80470014
2025-01-07 23:59:59.956000+00:00,2025-01-07 23:45:00+00:00,continuous,96916.0,96945.0,96815.2,96920.3,104657938.8853994
2025-01-08 00:14:59.956000+00:00,2025-01-08 00:00:00+00:00,continuous,96920.2,97017.0,96669.4,96981.6,207826355.602
2025-01-08 00:29:59.991000+00:00,2025-01-08 00:15:00+00:00,continuous,96981.6,97097.0,96864.8,96891.2,166901054.92639977
2025-01-08 00:44:59.979000+00:00,2025-01-08 00:30:00+00:00,continuous,96891.3,97166.7,96733.0,97166.7,115190342.00419973
2025-01-08 00:59:59.685000+00:00,2025-01-08 00:45:00+00:00,continuous,97166.6,97242.2,96985.6,97228.0,97084861.27930018
2025-01-08 01:14:59.964000+00:00,2025-01-08 01:00:00+00:00,continuous,97228.0,97228.1,96889.8,96896.3,115081268.73680031
2025-01-08 01:29:59.771000+00:00,2025-01-08 01:15:00+00:00,continuous,96896.2,97085.4,96859.1,96935.6,70132611.2575004
2025-01-08 01:44:59.929000+00:00,2025-01-08 01:30:00+00:00,continuous,96935.6,97059.0,96720.8,96790.4,99741368.64069995
2025-01-08 01:59:59.835000+00:00,2025-01-08 01:45:00+00:00,continuous,96790.4,96879.7,96571.0,96867.0,124413886.6218997
2025-01-08 02:14:59.535000+00:00,2025-01-08 02:00:00+00:00,continuous,96867.1,97058.7,96736.4,96950.8,91365540.91690041
2025-01-08 02:29:59.871000+00:00,2025-01-08 02:15:00+00:00,continuous,96950.9,97143.9,96911.2,96944.8,93635505.29140015
2025-01-08 02:44:59.868000+00:00,2025-01-08 02:30:00+00:00,continuous,96944.9,97138.0,96934.8,96999.9,81613958.46969981
2025-01-08 02:59:59.897000+00:00,2025-01-08 02:45:00+00:00,continuous,96999.9,97000.0,96829.7,96829.7,62139464.61469997
2025-01-08 03:14:59.882000+00:00,2025-01-08 03:00:00+00:00,continuous,96829.7,96830.1,96400.0,96600.1,297674474.15129995
2025-01-08 03:29:59.440000+00:00,2025-01-08 03:15:00+00:00,continuous,96600.0,96796.9,96510.0,96584.8,99843821.57049982
2025-01-08 03:44:59.995000+00:00,2025-01-08 03:30:00+00:00,continuous,96584.8,96776.7,96264.8,96450.1,181830197.78669968
2025-01-08 03:59:59.956000+00:00,2025-01-08 03:45:00+00:00,continuous,96450.0,96533.5,96200.0,96504.1,281309040.9266015
2025-01-08 04:14:59.970000+00:00,2025-01-08 04:00:00+00:00,continuous,96504.1,96600.0,96370.3,96498.9,128088914.36090055
2025-01-08 04:29:59.928000+00:00,2025-01-08 04:15:00+00:00,continuous,96499.0,96524.0,96161.3,96473.1,195097579.39580053
2025-01-08 04:44:59.871000+00:00,2025-01-08 04:30:00+00:00,continuous,96473.0,96489.7,96177.5,96260.1,122152730.55430047
2025-01-08 04:59:59.749000+00:00,2025-01-08 04:45:00+00:00,continuous,96260.1,96363.7,96010.0,96248.9,257352889.6939008
2025-01-08 05:14:59.869000+00:00,2025-01-08 05:00:00+00:00,continuous,96248.9,96364.7,96069.2,96312.2,154288232.23380098
2025-01-08 05:29:59.870000+00:00,2025-01-08 05:15:00+00:00,continuous,96312.3,96600.0,96274.5,96589.7,149629112.51800117
2025-01-08 05:44:59.866000+00:00,2025-01-08 05:30:00+00:00,continuous,96589.7,96616.3,96504.0,96552.2,88131329.42920044
2025-01-08 05:59:59.518000+00:00,2025-01-08 05:45:00+00:00,continuous,96552.2,96610.0,96350.0,96454.6,95980331.11750007
2025-01-08 06:14:59.625000+00:00,2025-01-08 06:00:00+00:00,continuous,96454.7,96605.5,96451.5,96512.4,73668550.6084001
2025-01-08 06:29:59.871000+00:00,2025-01-08 06:15:00+00:00,continuous,96512.3,96528.8,96164.4,96172.6,124725864.22530031
2025-01-08 06:44:59.985000+00:00,2025-01-08 06:30:00+00:00,continuous,96172.6,96181.2,95555.0,95749.5,805513023.601703
2025-01-08 06:59:59.683000+00:00,2025-01-08 06:45:00+00:00,continuous,95749.5,95822.1,95225.3,95267.9,665036538.7004006
2025-01-08 07:14:59.850000+00:00,2025-01-08 07:00:00+00:00,continuous,95267.8,95691.4,95222.0,95676.7,354242984.40689945
2025-01-08 07:29:59.880000+00:00,2025-01-08 07:15:00+00:00,continuous,95676.7,95676.7,95327.5,95460.0,167598283.85599974
2025-01-08 07:44:59.969000+00:00,2025-01-08 07:30:00+00:00,continuous,95460.0,95573.9,95341.3,95566.4,132204897.65609984
2025-01-08 07:59:59.988000+00:00,2025-01-08 07:45:00+00:00,continuous,95566.3,95798.0,95532.4,95628.4,165563683.24090028
2025-01-08 08:14:59.881000+00:00,2025-01-08 08:00:00+00:00,continuous,95628.3,95742.4,95500.0,95673.2,131167802.8618002
2025-01-08 08:29:59.963000+00:00,2025-01-08 08:15:00+00:00,continuous,95673.2,95949.9,95603.7,95808.1,188402448.670899
2025-01-08 08:44:59.959000+00:00,2025-01-08 08:30:00+00:00,continuous,95808.1,96100.0,95769.6,96076.2,170434986.89390075
2025-01-08 08:59:59.857000+00:00,2025-01-08 08:45:00+00:00,continuous,96076.2,96089.9,95898.6,95910.9,114601532.29639971
2025-01-08 09:14:59.437000+00:00,2025-01-08 09:00:00+00:00,continuous,95910.9,96052.7,95874.2,95961.1,88947017.93279995
2025-01-08 09:29:59.807000+00:00,2025-01-08 09:15:00+00:00,continuous,95961.1,96072.6,95874.0,95880.1,80694978.46319963
2025-01-08 09:44:59.509000+00:00,2025-01-08 09:30:00+00:00,continuous,95880.1,95897.5,95666.6,95770.0,131151520.51769991
2025-01-08 09:59:59.816000+00:00,2025-01-08 09:45:00+00:00,continuous,95770.0,95783.1,95369.6,95401.0,144795637.5805996
2025-01-08 10:14:59.410000+00:00,2025-01-08 10:00:00+00:00,continuous,95400.9,95676.1,95400.9,95524.6,149448492.77730078
2025-01-08 10:29:59.992000+00:00,2025-01-08 10:15:00+00:00,continuous,95524.6,95845.0,95439.8,95839.0,120717869.16919994
2025-01-08 10:44:59.758000+00:00,2025-01-08 10:30:00+00:00,continuous,95839.1,95844.9,95644.1,95701.4,76405850.3491997
2025-01-08 10:59:59.900000+00:00,2025-01-08 10:45:00+00:00,continuous,95701.4,95964.6,95640.1,95913.0,90932301.90209995
2025-01-08 11:14:59.892000+00:00,2025-01-08 11:00:00+00:00,continuous,95913.1,96015.8,95664.7,95692.0,131610564.69419992
2025-01-08 11:29:59.943000+00:00,2025-01-08 11:15:00+00:00,continuous,95692.0,95772.1,95464.3,95518.6,93615751.1050998
2025-01-08 11:44:59.780000+00:00,2025-01-08 11:30:00+00:00,continuous,95518.6,95553.3,94480.7,94738.3,1148397533.5993888
2025-01-08 11:59:59.805000+00:00,2025-01-08 11:45:00+00:00,continuous,94738.4,95182.9,94715.5,95093.9,327515128.6716976
2025-01-08 12:14:59.801000+00:00,2025-01-08 12:00:00+00:00,continuous,95093.8,95335.1,94922.0,95154.4,323418494.8747998
2025-01-08 12:29:59.688000+00:00,2025-01-08 12:15:00+00:00,continuous,95154.4,95200.0,94900.6,95076.6,184529428.96729884
2025-01-08 12:44:59.862000+00:00,2025-01-08 12:30:00+00:00,continuous,95076.7,95317.7,94808.5,95131.9,204155102.5058009
2025-01-08 12:59:59.978000+00:00,2025-01-08 12:45:00+00:00,continuous,95131.9,95180.0,94822.6,94849.6,152635803.67029974
2025-01-08 13:14:59.942000+00:00,2025-01-08 13:00:00+00:00,continuous,94849.6,95498.1,94849.6,95278.3,396816469.8783994
2025-01-08 13:29:59.858000+00:00,2025-01-08 13:15:00+00:00,continuous,95278.3,95629.0,95215.5,95515.0,260680103.09850183
2025-01-08 13:44:59.926000+00:00,2025-01-08 13:30:00+00:00,continuous,95515.0,95606.3,95186.7,95311.6,183211881.76469943
2025-01-08 13:59:59.937000+00:00,2025-01-08 13:45:00+00:00,continuous,95311.7,95400.0,95110.0,95343.6,109021939.33050011
2025-01-08 14:14:59.995000+00:00,2025-01-08 14:00:00+00:00,continuous,95343.5,95637.9,95162.4,95250.0,172899299.57430035
2025-01-08 14:29:59.985000+00:00,2025-01-08 14:15:00+00:00,continuous,95250.0,95507.9,95200.0,95398.6,170235359.2375998
2025-01-08 14:44:59.918000+00:00,2025-01-08 14:30:00+00:00,continuous,95398.6,95848.6,94969.6,95328.7,584146978.4322065
2025-01-08 14:59:59.966000+00:00,2025-01-08 14:45:00+00:00,continuous,95328.6,95470.0,94839.5,95256.9,422725561.4235022
2025-01-08 15:14:59.870000+00:00,2025-01-08 15:00:00+00:00,continuous,95256.8,96064.5,95015.6,95128.6,856382509.0526018
2025-01-08 15:29:59.997000+00:00,2025-01-08 15:15:00+00:00,continuous,95128.7,95395.2,94651.2,94771.9,676349766.9128059
2025-01-08 15:44:59.594000+00:00,2025-01-08 15:30:00+00:00,continuous,94772.0,95230.8,94588.9,94960.0,387130437.5947
2025-01-08 15:59:59.834000+00:00,2025-01-08 15:45:00+00:00,continuous,94959.9,95469.0,94892.5,95450.0,227214498.04470018
2025-01-08 16:14:59.999000+00:00,2025-01-08 16:00:00+00:00,continuous,95449.9,95456.2,94829.2,94981.5,262615504.84740084
2025-01-08 16:29:59.981000+00:00,2025-01-08 16:15:00+00:00,continuous,94981.6,95237.8,94823.7,94850.4,160156121.94709918
2025-01-08 16:44:59.951000+00:00,2025-01-08 16:30:00+00:00,continuous,94851.3,95118.3,94678.5,94776.1,194418975.41469926
2025-01-08 16:59:59.776000+00:00,2025-01-08 16:45:00+00:00,continuous,94777.0,94844.3,94513.0,94744.0,323033271.7550986
2025-01-08 17:14:59.888000+00:00,2025-01-08 17:00:00+00:00,continuous,94743.9,94813.0,93800.0,93838.4,1007691676.8580024
2025-01-08 17:29:59.978000+00:00,2025-01-08 17:15:00+00:00,continuous,93838.5,94047.2,92834.0,92981.5,1344682497.7888055
2025-01-08 17:44:59.763000+00:00,2025-01-08 17:30:00+00:00,continuous,92981.6,93727.4,92500.0,93589.1,1235780954.9345825
2025-01-08 17:59:59.906000+00:00,2025-01-08 17:45:00+00:00,continuous,93589.3,94095.7,93380.2,93974.8,541870797.6895007
2025-01-08 18:14:59.951000+00:00,2025-01-08 18:00:00+00:00,continuous,93974.8,94563.1,93923.6,94336.7,594483625.3812002
2025-01-08 18:29:59.872000+00:00,2025-01-08 18:15:00+00:00,continuous,94336.8,95080.0,94304.1,94884.0,548204450.5652983
2025-01-08 18:44:59.957000+00:00,2025-01-08 18:30:00+00:00,continuous,94884.0,94898.7,94302.0,94361.3,326365509.54149836
2025-01-08 18:59:59.925000+00:00,2025-01-08 18:45:00+00:00,continuous,94361.4,94361.4,93718.4,94206.2,562945050.3287023
2025-01-08 19:14:59.896000+00:00,2025-01-08 19:00:00+00:00,continuous,94206.1,94748.0,94002.8,94253.8,440009249.60770035
2025-01-08 19:29:59.895000+00:00,2025-01-08 19:15:00+00:00,continuous,94253.8,94820.0,94243.4,94702.1,211768128.7082011
2025-01-08 19:44:59.838000+00:00,2025-01-08 19:30:00+00:00,continuous,94702.1,94702.1,94000.0,94148.5,280934670.64649844
2025-01-08 19:59:59.829000+00:00,2025-01-08 19:45:00+00:00,continuous,94148.4,94447.3,94065.4,94217.2,175474698.0308003
2025-01-08 20:14:59.884000+00:00,2025-01-08 20:00:00+00:00,continuous,94217.1,94376.2,93760.9,93761.0,276854497.75409937
2025-01-08 20:29:59.956000+00:00,2025-01-08 20:15:00+00:00,continuous,93761.0,94068.0,93711.0,93981.9,165771508.83539936
2025-01-08 20:44:59.995000+00:00,2025-01-08 20:30:00+00:00,continuous,93981.9,94204.9,93920.0,94162.5,110681773.2221003
2025-01-08 20:59:59.933000+00:00,2025-01-08 20:45:00+00:00,continuous,94161.6,94244.0,93831.5,93948.5,146812462.79299912
2025-01-08 21:14:59.878000+00:00,2025-01-08 21:00:00+00:00,continuous,93949.4,94124.9,93707.8,93786.6,176706859.67329934
2025-01-08 21:29:59.823000+00:00,2025-01-08 21:15:00+00:00,continuous,93786.5,94275.9,93509.8,94129.2,200148154.5144995
2025-01-08 21:44:59.706000+00:00,2025-01-08 21:30:00+00:00,continuous,94129.1,94549.6,94046.8,94447.9,180392161.8869996
2025-01-08 21:59:59.709000+00:00,2025-01-08 21:45:00+00:00,continuous,94448.0,94531.8,94294.4,94422.8,99354200.11760038
2025-01-08 22:14:59.870000+00:00,2025-01-08 22:00:00+00:00,continuous,94422.8,94916.4,94414.0,94701.8,274163757.4544995
2025-01-08 22:29:59.494000+00:00,2025-01-08 22:15:00+00:00,continuous,94701.9,94879.1,94543.5,94745.0,83285707.68950006
2025-01-08 22:44:59.830000+00:00,2025-01-08 22:30:00+00:00,continuous,94745.0,95238.5,94670.4,95214.6,192930685.17100072
2025-01-08 22:59:59.565000+00:00,2025-01-08 22:45:00+00:00,continuous,95214.7,95248.0,94862.6,95247.8,122438477.49230057
2025-01-08 23:14:59.451000+00:00,2025-01-08 23:00:00+00:00,continuous,95247.8,95265.8,94908.2,94987.2,113588307.35409997
2025-01-08 23:29:59.789000+00:00,2025-01-08 23:15:00+00:00,continuous,94987.3,95037.5,94900.1,94990.3,48944772.03360008
2025-01-08 23:44:59.837000+00:00,2025-01-08 23:30:00+00:00,continuous,94990.3,95099.9,94852.1,95075.3,58195309.41000001
2025-01-08 23:59:59.931000+00:00,2025-01-08 23:45:00+00:00,continuous,95075.3,95218.1,94975.0,95014.1,64333305.67470033
2025-01-09 00:14:59.902000+00:00,2025-01-09 00:00:00+00:00,continuous,95014.0,95018.7,94868.9,94927.1,65393394.00679983
2025-01-09 00:29:59.932000+00:00,2025-01-09 00:15:00+00:00,continuous,94927.1,95051.0,94766.6,94853.3,101020635.32890002
2025-01-09 00:44:59.823000+00:00,2025-01-09 00:30:00+00:00,continuous,94853.3,94983.6,94789.6,94983.6,57528335.36229981
2025-01-09 00:59:59.694000+00:00,2025-01-09 00:45:00+00:00,continuous,94983.6,95118.3,94942.5,95111.1,82813489.88909984
2025-01-09 01:14:59.983000+00:00,2025-01-09 01:00:00+00:00,continuous,95111.1,95199.9,94937.3,95097.1,106233334.48180048
2025-01-09 01:29:59.967000+00:00,2025-01-09 01:15:00+00:00,continuous,95098.4,95358.7,95097.2,95228.2,111095843.93669988
2025-01-09 01:44:59.481000+00:00,2025-01-09 01:30:00+00:00,continuous,95228.1,95230.0,95043.6,95083.5,65518422.322899975
2025-01-09 01:59:59.746000+00:00,2025-01-09 01:45:00+00:00,continuous,95083.5,95083.5,94930.9,94953.4,69403358.15629993
2025-01-09 02:14:59.930000+00:00,2025-01-09 02:00:00+00:00,continuous,94953.4,95011.0,93405.3,94055.4,1254337113.9102044
2025-01-09 02:29:59.914000+00:00,2025-01-09 02:15:00+00:00,continuous,94055.3,94681.5,94030.3,94454.7,406090804.8928051
2025-01-09 02:44:59.949000+00:00,2025-01-09 02:30:00+00:00,continuous,94454.7,94780.0,94228.1,94771.2,217401256.87650052
2025-01-09 02:59:59.253000+00:00,2025-01-09 02:45:00+00:00,continuous,94771.3,94845.5,94612.7,94743.9,103250136.60060017
2025-01-09 03:14:59.977000+00:00,2025-01-09 03:00:00+00:00,continuous,94743.9,94767.8,94225.2,94330.0,185763657.07799986
2025-01-09 03:29:59.772000+00:00,2025-01-09 03:15:00+00:00,continuous,94330.1,94495.1,94266.1,94318.2,64943272.931599945
2025-01-09 03:44:59.911000+00:00,2025-01-09 03:30:00+00:00,continuous,94318.2,94332.6,94120.0,94147.4,106049300.85290055
2025-01-09 03:59:59.896000+00:00,2025-01-09 03:45:00+00:00,continuous,94147.4,94222.0,93971.1,93985.0,97408256.68119983
2025-01-09 04:14:59.903000+00:00,2025-01-09 04:00:00+00:00,continuous,93985.0,94110.3,93814.4,93814.4,139146967.37409997
2025-01-09 04:29:59.962000+00:00,2025-01-09 04:15:00+00:00,continuous,93814.4,94163.9,93760.0,94136.2,143855812.5244001
2025-01-09 04:44:59.996000+00:00,2025-01-09 04:30:00+00:00,continuous,94136.2,94350.0,94082.1,94290.0,104011396.77210005
2025-01-09 04:59:59.865000+00:00,2025-01-09 04:45:00+00:00,continuous,94289.9,94447.2,94215.0,94371.9,65751451.653099835
2025-01-09 05:14:59.894000+00:00,2025-01-09 05:00:00+00:00,continuous,94371.9,94416.9,94226.8,94314.0,65016487.840000205
2025-01-09 05:29:59.850000+00:00,2025-01-09 05:15:00+00:00,continuous,94314.0,94506.2,94261.1,94450.0,69778311.21280007
2025-01-09 05:44:59.524000+00:00,2025-01-09 05:30:00+00:00,continuous,94450.1,94502.4,94370.0,94388.4,47550292.770800225
2025-01-09 05:59:59.297000+00:00,2025-01-09 05:45:00+00:00,continuous,94388.3,94530.0,94327.0,94428.9,46463192.62909995
2025-01-09 06:14:59.892000+00:00,2025-01-09 06:00:00+00:00,continuous,94429.0,94479.9,94224.8,94445.0,89782376.28040023
2025-01-09 06:29:59.421000+00:00,2025-01-09 06:15:00+00:00,continuous,94444.9,94582.0,94294.5,94357.5,80996294.08470024
2025-01-09 06:44:59.468000+00:00,2025-01-09 06:30:00+00:00,continuous,94357.4,94400.0,94168.0,94230.0,64314343.28490008
2025-01-09 06:59:59.840000+00:00,2025-01-09 06:45:00+00:00,continuous,94230.0,94317.6,94000.0,94061.0,111625587.80030036
2025-01-09 07:14:59.921000+00:00,2025-01-09 07:00:00+00:00,continuous,94060.9,94273.6,94006.8,94080.0,79773224.0982
2025-01-09 07:29:59.660000+00:00,2025-01-09 07:15:00+00:00,continuous,94080.0,94122.5,93701.3,93701.3,190882069.3529004
2025-01-09 07:44:59.834000+00:00,2025-01-09 07:30:00+00:00,continuous,93701.3,93769.3,93226.4,93581.9,462296243.08359724
2025-01-09 07:59:59.982000+00:00,2025-01-09 07:45:00+00:00,continuous,93582.0,93669.0,93156.0,93176.4,405394358.17630213
2025-01-09 08:14:59.877000+00:00,2025-01-09 08:00:00+00:00,continuous,93176.5,93277.5,92780.6,92875.3,653535781.535094
2025-01-09 08:29:59.804000+00:00,2025-01-09 08:15:00+00:00,continuous,92877.5,93141.1,92724.0,92945.7,304273816.21780074
2025-01-09 08:44:59.728000+00:00,2025-01-09 08:30:00+00:00,continuous,92945.7,93364.4,92700.0,93349.9,463425121.35240304
2025-01-09 08:59:59.974000+00:00,2025-01-09 08:45:00+00:00,continuous,93349.9,93349.9,92752.1,92986.9,259715230.86250016
2025-01-09 09:14:59.807000+00:00,2025-01-09 09:00:00+00:00,continuous,92987.0,93337.9,92926.6,93273.0,172669234.03319937
2025-01-09 09:29:59.870000+00:00,2025-01-09 09:15:00+00:00,continuous,93273.0,93550.0,93267.1,93444.4,137005257.65420064
2025-01-09 09:44:59.704000+00:00,2025-01-09 09:30:00+00:00,continuous,93444.3,93700.0,93388.3,93552.6,151188032.30250078
2025-01-09 09:59:59.988000+00:00,2025-01-09 09:45:00+00:00,continuous,93552.6,93596.7,93422.1,93472.0,82662013.4999002
2025-01-09 10:14:59.440000+00:00,2025-01-09 10:00:00+00:00,continuous,93472.1,93625.9,93453.8,93600.5,94432290.53719975
2025-01-09 10:29:59.999000+00:00,2025-01-09 10:15:00+00:00,continuous,93600.5,93600.6,93159.2,93274.2,157858687.0549004
2025-01-09 10:44:59.820000+00:00,2025-01-09 10:30:00+00:00,continuous,93274.1,93350.0,92975.7,93189.9,177190437.14179954
2025-01-09 10:59:59.934000+00:00,2025-01-09 10:45:00+00:00,continuous,93189.9,93437.5,93071.0,93422.5,99390109.87429962
2025-01-09 11:14:59.921000+00:00,2025-01-09 11:00:00+00:00,continuous,93422.6,93578.9,93268.6,93533.6,115187706.99239974
2025-01-09 11:29:59.925000+00:00,2025-01-09 11:15:00+00:00,continuous,93533.6,93832.8,93507.1,93676.6,157158660.3529
2025-01-09 11:44:59.922000+00:00,2025-01-09 11:30:00+00:00,continuous,93676.5,93722.3,93167.8,93370.4,165545693.83829978
2025-01-09 11:59:59.629000+00:00,2025-01-09 11:45:00+00:00,continuous,93370.3,93542.4,93309.6,93414.4,77527637.86059971
2025-01-09 12:14:59.928000+00:00,2025-01-09 12:00:00+00:00,continuous,93414.3,93531.4,93238.1,93495.0,84128052.00920022
2025-01-09 12:29:59.741000+00:00,2025-01-09 12:15:00+00:00,continuous,93494.9,93650.0,93400.0,93570.5,122846215.3642996
2025-01-09 12:44:59.992000+00:00,2025-01-09 12:30:00+00:00,continuous,93570.4,93638.8,93251.7,93303.8,116070402.73430024
2025-01-09 12:59:59.698000+00:00,2025-01-09 12:45:00+00:00,continuous,93302.8,93405.0,93109.3,93378.9,115516052.3397008
2025-01-09 13:14:59.908000+00:00,2025-01-09 13:00:00+00:00,continuous,93378.9,93450.3,93037.4,93037.5,155232642.0165
2025-01-09 13:29:59.836000+00:00,2025-01-09 13:15:00+00:00,continuous,93037.5,93197.1,92600.0,92837.4,433612553.1249978
2025-01-09 13:44:59.987000+00:00,2025-01-09 13:30:00+00:00,continuous,92837.4,92879.4,92015.5,92295.7,1002561872.2635896
2025-01-09 13:59:59.990000+00:00,2025-01-09 13:45:00+00:00,continuous,92296.3,92359.1,91800.0,91926.8,663307315.6489004
2025-01-09 14:14:59.885000+00:00,2025-01-09 14:00:00+00:00,continuous,91926.6,92516.8,91747.0,92358.3,630675132.2838962
2025-01-09 14:29:59.874000+00:00,2025-01-09 14:15:00+00:00,continuous,92358.4,92708.6,92171.3,92399.9,391946614.90000033
2025-01-09 14:44:59.965000+00:00,2025-01-09 14:30:00+00:00,continuous,92400.0,92700.0,92039.4,92173.7,255882997.02779934
2025-01-09 14:59:59.983000+00:00,2025-01-09 14:45:00+00:00,continuous,92173.6,92861.2,92135.8,92810.9,313407882.4941966
2025-01-09 15:14:59.949000+00:00,2025-01-09 15:00:00+00:00,continuous,92811.0,92914.7,92607.2,92900.0,252794072.59740096
2025-01-09 15:29:59.871000+00:00,2025-01-09 15:15:00+00:00,continuous,92900.0,93500.0,92899.9,93480.0,508391446.9547047
2025-01-09 15:44:59.920000+00:00,2025-01-09 15:30:00+00:00,continuous,93479.9,93873.1,93388.1,93867.5,474763179.18899703
2025-01-09 15:59:59.954000+00:00,2025-01-09 15:45:00+00:00,continuous,93867.5,94547.7,93761.4,94195.2,767706051.7376989
2025-01-09 16:14:59.945000+00:00,2025-01-09 16:00:00+00:00,continuous,94195.1,94644.8,94101.0,94359.4,451531165.91900396
2025-01-09 16:29:59.985000+00:00,2025-01-09 16:15:00+00:00,continuous,94359.5,94359.5,93841.7,93989.1,440031072.9627017
2025-01-09 16:44:59.937000+00:00,2025-01-09 16:30:00+00:00,continuous,93987.5,94165.9,93800.0,94091.8,283801972.6984994
2025-01-09 16:59:59.477000+00:00,2025-01-09 16:45:00+00:00,continuous,94091.8,94345.0,94036.1,94210.3,177979151.64719948
2025-01-09 17:14:59.987000+00:00,2025-01-09 17:00:00+00:00,continuous,94210.2,94250.0,93915.0,93950.2,140310777.3830001
2025-01-09 17:29:59.943000+00:00,2025-01-09 17:15:00+00:00,continuous,93950.2,94029.9,93605.1,93765.5,270454711.98330086
2025-01-09 17:44:59.925000+00:00,2025-01-09 17:30:00+00:00,continuous,93765.7,93804.0,93365.1,93402.9,243843553.42940018
2025-01-09 17:59:59.995000+00:00,2025-01-09 17:45:00+00:00,continuous,93402.8,93402.9,92273.6,92656.5,983014122.1959932
2025-01-09 18:14:59.124000+00:00,2025-01-09 18:00:00+00:00,continuous,92656.6,92898.4,92379.9,92716.7,385281486.8385028
2025-01-09 18:29:59.999000+00:00,2025-01-09 18:15:00+00:00,continuous,92716.7,92838.3,92366.0,92718.4,231178024.95789954
2025-01-09 18:44:59.981000+00:00,2025-01-09 18:30:00+00:00,continuous,92718.4,93210.9,92581.4,92993.3,309020150.47870296
2025-01-09 18:59:59.908000+00:00,2025-01-09 18:45:00+00:00,continuous,92982.7,93100.0,92783.3,92986.9,100099778.72149889
2025-01-09 19:14:59.980000+00:00,2025-01-09 19:00:00+00:00,continuous,92986.8,93259.4,92808.8,93259.3,147197770.05359977
2025-01-09 19:29:59.933000+00:00,2025-01-09 19:15:00+00:00,continuous,93259.4,93259.4,92712.5,92800.9,158408709.1861994
2025-01-09 19:44:59.652000+00:00,2025-01-09 19:30:00+00:00,continuous,92801.0,92994.0,92584.7,92631.8,129743003.42720029
2025-01-09 19:59:59.991000+00:00,2025-01-09 19:45:00+00:00,continuous,92631.8,92655.2,91853.0,91858.3,616508210.815701
2025-01-09 20:14:59.985000+00:00,2025-01-09 20:00:00+00:00,continuous,91858.2,92340.1,91526.1,91707.6,602880091.6841043
2025-01-09 20:29:59.924000+00:00,2025-01-09 20:15:00+00:00,continuous,91707.7,91967.5,91055.8,91244.5,840789203.9605892
2025-01-09 20:44:59.864000+00:00,2025-01-09 20:30:00+00:00,continuous,91244.5,91843.7,91165.6,91763.2,419623840.86349505
2025-01-09 20:59:59.938000+00:00,2025-01-09 20:45:00+00:00,continuous,91763.3,92157.5,91580.0,91856.6,351567377.40329754
2025-01-09 21:14:59.955000+00:00,2025-01-09 21:00:00+00:00,continuous,91856.7,92205.4,91747.0,92139.6,235245067.82950065
2025-01-09 21:29:59.534000+00:00,2025-01-09 21:15:00+00:00,continuous,92140.0,92457.5,92011.5,92225.7,194916011.40449882
2025-01-09 21:44:59.970000+00:00,2025-01-09 21:30:00+00:00,continuous,92225.6,92310.0,91987.3,92204.0,130388612.5923004
2025-01-09 21:59:59.793000+00:00,2025-01-09 21:45:00+00:00,continuous,92204.0,92268.2,91873.1,92065.9,138437862.51819935
2025-01-09 22:14:59.980000+00:00,2025-01-09 22:00:00+00:00,continuous,92065.7,92240.0,91596.0,91647.4,192819210.3066009
2025-01-09 22:29:59.925000+00:00,2025-01-09 22:15:00+00:00,continuous,91647.4,92155.2,91603.8,92155.2,111361349.04769969
2025-01-09 22:44:59.839000+00:00,2025-01-09 22:30:00+00:00,continuous,92155.2,92674.9,92155.1,92545.8,273368277.45890176
2025-01-09 22:59:59.556000+00:00,2025-01-09 22:45:00+00:00,continuous,92545.8,92581.5,92306.7,92415.7,95173020.24999937
2025-01-09 23:14:59.990000+00:00,2025-01-09 23:00:00+00:00,continuous,92415.8,92643.0,92317.8,92424.9,131595424.19319953
2025-01-09 23:29:59.890000+00:00,2025-01-09 23:15:00+00:00,continuous,92424.0,92465.9,92159.5,92187.0,126242852.45289987
2025-01-09 23:44:59.942000+00:00,2025-01-09 23:30:00+00:00,continuous,92186.9,92286.6,91999.9,92157.8,140371972.15519997
2025-01-09 23:59:59.871000+00:00,2025-01-09 23:45:00+00:00,continuous,92157.9,92524.0,92129.5,92505.9,122730234.9602999
2025-01-10 00:14:59.996000+00:00,2025-01-10 00:00:00+00:00,continuous,92506.0,92727.9,92479.3,92585.2,211523468.50939998
2025-01-10 00:29:59.727000+00:00,2025-01-10 00:15:00+00:00,continuous,92585.2,92722.2,92395.9,92526.4,150324829.15630028
2025-01-10 00:44:59.195000+00:00,2025-01-10 00:30:00+00:00,continuous,92527.1,92722.6,92413.4,92661.6,98398337.23939992
2025-01-10 00:59:59.734000+00:00,2025-01-10 00:45:00+00:00,continuous,92661.6,92815.0,92486.3,92725.9,100192640.40999967
2025-01-10 01:14:59.111000+00:00,2025-01-10 01:00:00+00:00,continuous,92725.9,92843.3,92540.9,92792.8,149843245.79219973
2025-01-10 01:29:59.486000+00:00,2025-01-10 01:15:00+00:00,continuous,92792.7,92884.6,92612.4,92735.7,80295594.72530016
2025-01-10 01:44:59.900000+00:00,2025-01-10 01:30:00+00:00,continuous,92735.6,93087.0,92707.9,93064.6,138975437.7247002
2025-01-10 01:59:59.726000+00:00,2025-01-10 01:45:00+00:00,continuous,93064.6,93122.4,92836.1,93056.1,110072965.63029993
2025-01-10 02:14:59.618000+00:00,2025-01-10 02:00:00+00:00,continuous,93056.1,93209.8,93041.3,93057.0,129309058.6273
2025-01-10 02:29:59.969000+00:00,2025-01-10 02:15:00+00:00,continuous,93057.0,93507.2,92978.8,93465.6,154302132.17419952
2025-01-10 02:44:59.878000+00:00,2025-01-10 02:30:00+00:00,continuous,93465.6,93649.0,93230.5,93269.9,183954258.10759798
2025-01-10 02:59:59.519000+00:00,2025-01-10 02:45:00+00:00,continuous,93269.9,93499.9,93263.5,93315.8,74333363.72040032
2025-01-10 03:14:59.966000+00:00,2025-01-10 03:00:00+00:00,continuous,93315.9,93548.0,93194.5,93381.2,113269647.5036011
2025-01-10 03:29:59.888000+00:00,2025-01-10 03:15:00+00:00,continuous,93381.2,93510.0,93243.3,93510.0,84974614.32119998
2025-01-10 03:44:59.941000+00:00,2025-01-10 03:30:00+00:00,continuous,93510.0,93572.0,93373.1,93483.6,47932644.2641998
2025-01-10 03:59:59.891000+00:00,2025-01-10 03:45:00+00:00,continuous,93483.5,93682.8,93466.2,93654.9,98507937.8821998
2025-01-10 04:14:59.948000+00:00,2025-01-10 04:00:00+00:00,continuous,93655.0,93862.0,93551.9,93654.4,139547755.56889984
2025-01-10 04:29:59.976000+00:00,2025-01-10 04:15:00+00:00,continuous,93649.9,93768.3,93478.0,93521.8,121891382.16030091
2025-01-10 04:44:58.024000+00:00,2025-01-10 04:30:00+00:00,continuous,93521.8,93718.7,93450.8,93667.0,107027246.62820014
2025-01-10 04:59:59.841000+00:00,2025-01-10 04:45:00+00:00,continuous,93666.9,93806.4,93614.8,93792.9,71569888.72600003
2025-01-10 05:14:59.821000+00:00,2025-01-10 05:00:00+00:00,continuous,93792.9,93849.9,93689.6,93689.6,71658786.1616
2025-01-10 05:29:59.989000+00:00,2025-01-10 05:15:00+00:00,continuous,93689.6,93768.6,93593.5,93767.4,79290298.2436995
2025-01-10 05:44:59.912000+00:00,2025-01-10 05:30:00+00:00,continuous,93767.4,94208.1,93766.0,94060.9,270624423.78280115
2025-01-10 05:59:59.869000+00:00,2025-01-10 05:45:00+00:00,continuous,94060.9,94108.9,93860.1,93924.9,111930622.46260093
2025-01-10 06:14:59.745000+00:00,2025-01-10 06:00:00+00:00,continuous,93924.9,94095.0,93835.6,93934.9,118721133.0226002
2025-01-10 06:29:59.847000+00:00,2025-01-10 06:15:00+00:00,continuous,93934.8,94066.3,93857.3,93894.0,67470610.9208999
2025-01-10 06:44:59.939000+00:00,2025-01-10 06:30:00+00:00,continuous,93894.1,94115.4,93690.3,94061.8,188210557.1408999
2025-01-10 06:59:59.942000+00:00,2025-01-10 06:45:00+00:00,continuous,94061.7,94300.0,94024.9,94207.6,121154913.08239987
2025-01-10 07:14:59.934000+00:00,2025-01-10 07:00:00+00:00,continuous,94207.6,94266.6,94020.5,94194.2,86517346.08519977
2025-01-10 07:29:59.900000+00:00,2025-01-10 07:15:00+00:00,continuous,94194.2,94324.3,94105.3,94300.7,131007927.83780003
2025-01-10 07:44:59.904000+00:00,2025-01-10 07:30:00+00:00,continuous,94300.7,94930.0,94229.0,94772.2,383080603.22520185
2025-01-10 07:59:59.945000+00:00,2025-01-10 07:45:00+00:00,continuous,94773.0,94975.2,94400.0,94457.0,418485245.92330265
2025-01-10 08:14:59.960000+00:00,2025-01-10 08:00:00+00:00,continuous,94456.9,94701.6,94344.5,94695.9,225151043.72559932
2025-01-10 08:29:59.918000+00:00,2025-01-10 08:15:00+00:00,continuous,94695.9,94722.4,94523.3,94646.5,98588186.25799993
2025-01-10 08:44:59.980000+00:00,2025-01-10 08:30:00+00:00,continuous,94646.5,94654.5,94426.6,94471.8,108175462.54089983
2025-01-10 08:59:59.942000+00:00,2025-01-10 08:45:00+00:00,continuous,94471.8,94693.9,94418.8,94632.4,76991375.20109989
2025-01-10 09:14:59.669000+00:00,2025-01-10 09:00:00+00:00,continuous,94632.4,94785.1,94528.0,94777.6,100258895.04090053
2025-01-10 09:29:59.603000+00:00,2025-01-10 09:15:00+00:00,continuous,94777.6,94925.0,94724.2,94897.0,160503672.8465003
2025-01-10 09:44:59.555000+00:00,2025-01-10 09:30:00+00:00,continuous,94897.0,94933.7,94806.0,94806.0,87606905.00029927
2025-01-10 09:59:59.826000+00:00,2025-01-10 09:45:00+00:00,continuous,94805.9,94925.0,94715.9,94734.9,144976835.06080008
2025-01-10 10:14:59.986000+00:00,2025-01-10 10:00:00+00:00,continuous,94735.0,94934.9,94733.5,94899.5,90440223.81539975
2025-01-10 10:29:59.823000+00:00,2025-01-10 10:15:00+00:00,continuous,94899.5,94922.1,94727.0,94739.6,91187877.13600041
2025-01-10 10:44:59.875000+00:00,2025-01-10 10:30:00+00:00,continuous,94739.7,94957.4,94706.3,94921.5,123430951.7379997
2025-01-10 10:59:59.948000+00:00,2025-01-10 10:45:00+00:00,continuous,94921.5,95239.9,94861.3,95160.0,316735449.95760155
2025-01-10 11:14:59.844000+00:00,2025-01-10 11:00:00+00:00,continuous,95160.0,95204.0,94899.2,94900.1,184800178.7763995
2025-01-10 11:29:59.737000+00:00,2025-01-10 11:15:00+00:00,continuous,94900.0,94945.2,94754.8,94760.0,160972540.12240002
2025-01-10 11:44:59.880000+00:00,2025-01-10 11:30:00+00:00,continuous,94760.1,94900.0,94572.6,94873.4,280377940.1567
2025-01-10 11:59:59.995000+00:00,2025-01-10 11:45:00+00:00,continuous,94873.5,95040.8,94815.1,95030.5,88387857.8773999
2025-01-10 12:14:59.943000+00:00,2025-01-10 12:00:00+00:00,continuous,95030.5,95078.0,94800.0,94835.0,179111018.1708999
2025-01-10 12:29:59.773000+00:00,2025-01-10 12:15:00+00:00,continuous,94834.9,94887.4,94693.1,94737.9,112157987.23429973
2025-01-10 12:44:59.875000+00:00,2025-01-10 12:30:00+00:00,continuous,94738.0,94864.0,94660.0,94759.1,123063786.80799994
2025-01-10 12:59:59.985000+00:00,2025-01-10 12:45:00+00:00,continuous,94759.0,95029.2,94735.8,94980.0,115595957.32869963
2025-01-10 13:14:59.911000+00:00,2025-01-10 13:00:00+00:00,continuous,94980.0,94996.7,94740.0,94762.0,129339288.94950007
2025-01-10 13:29:59.986000+00:00,2025-01-10 13:15:00+00:00,continuous,94762.5,94971.8,94683.6,94764.9,144012731.56419975
2025-01-10 13:44:59.941000+00:00,2025-01-10 13:30:00+00:00,continuous,94764.8,94773.7,92702.0,93517.3,2512070962.6998377
2025-01-10 13:59:59.960000+00:00,2025-01-10 13:45:00+00:00,continuous,93517.3,93885.5,93100.0,93522.0,750750207.8626004
2025-01-10 14:14:59.992000+00:00,2025-01-10 14:00:00+00:00,continuous,93522.1,94357.9,93377.6,94111.1,570061305.6142039
2025-01-10 14:29:59.925000+00:00,2025-01-10 14:15:00+00:00,continuous,94111.2,94668.9,94075.1,94365.5,470929711.91769934
2025-01-10 14:44:59.986000+00:00,2025-01-10 14:30:00+00:00,continuous,94365.5,94425.2,93541.0,94260.3,906206738.8768084
2025-01-10 14:59:59.994000+00:00,2025-01-10 14:45:00+00:00,continuous,94260.4,94536.9,93633.7,94078.1,578791245.565495
2025-01-10 15:14:59.949000+00:00,2025-01-10 15:00:00+00:00,continuous,94078.0,94078.0,92173.6,92318.4,1277034295.168988
2025-01-10 15:29:59.881000+00:00,2025-01-10 15:15:00+00:00,continuous,92318.5,93358.4,92285.0,93233.8,973162212.1141086
2025-01-10 15:44:59.981000+00:00,2025-01-10 15:30:00+00:00,continuous,93233.9,94365.3,93000.0,94055.5,853868178.5448982
2025-01-10 15:59:59.942000+00:00,2025-01-10 15:45:00+00:00,continuous,94055.4,94498.4,93675.2,93704.0,628533863.867399
2025-01-10 16:14:59.936000+00:00,2025-01-10 16:00:00+00:00,continuous,93702.1,93835.8,93350.8,93603.9,614889749.9154928
2025-01-10 16:29:59.909000+00:00,2025-01-10 16:15:00+00:00,continuous,93603.8,94015.9,93303.0,93393.7,431839180.48949915
2025-01-10 16:44:59.979000+00:00,2025-01-10 16:30:00+00:00,continuous,93393.6,93895.8,93151.5,93829.3,329449819.5034985
2025-01-10 16:59:59.950000+00:00,2025-01-10 16:45:00+00:00,continuous,93828.5,93995.0,93538.3,93614.8,289593977.76770085
2025-01-10 17:14:59.553000+00:00,2025-01-10 17:00:00+00:00,continuous,93614.9,93734.4,93276.5,93500.7,199087624.7832975
2025-01-10 17:29:59.937000+00:00,2025-01-10 17:15:00+00:00,continuous,93500.6,94326.1,93450.0,94326.0,375259872.3163963
2025-01-10 17:44:59.906000+00:00,2025-01-10 17:30:00+00:00,continuous,94326.0,94450.0,94010.0,94380.7,288500379.7970005
2025-01-10 17:59:59.866000+00:00,2025-01-10 17:45:00+00:00,continuous,94380.7,95882.5,94220.3,95759.2,1250765315.4808877
2025-01-10 18:14:59.993000+00:00,2025-01-10 18:00:00+00:00,continuous,95759.2,95759.2,95321.3,95381.9,569757754.9681984
2025-01-10 18:29:59.973000+00:00,2025-01-10 18:15:00+00:00,continuous,95381.8,95427.6,94800.0,94934.9,409877830.0673039
2025-01-10 18:44:59.902000+00:00,2025-01-10 18:30:00+00:00,continuous,94934.9,94971.8,94531.5,94675.4,275426610.03089833
2025-01-10 18:59:59.938000+00:00,2025-01-10 18:45:00+00:00,continuous,94675.4,95094.3,94658.8,94820.9,227307872.61889806
2025-01-10 19:14:59.995000+00:00,2025-01-10 19:00:00+00:00,continuous,94820.9,94886.4,94309.2,94704.0,268358387.4231
2025-01-10 19:29:59.986000+00:00,2025-01-10 19:15:00+00:00,continuous,94704.0,95142.0,94656.2,94929.4,189107047.21570072
2025-01-10 19:44:59.914000+00:00,2025-01-10 19:30:00+00:00,continuous,94930.7,95209.1,94889.0,95054.3,158099999.30200058
2025-01-10 19:59:59.947000+00:00,2025-01-10 19:45:00+00:00,continuous,95054.3,95347.6,94917.1,95275.9,202227822.5227996
2025-01-10 20:14:59.939000+00:00,2025-01-10 20:00:00+00:00,continuous,95276.0,95412.3,95120.1,95120.1,171519337.35289976
2025-01-10 20:29:59.996000+00:00,2025-01-10 20:15:00+00:00,continuous,95120.2,95161.7,94753.6,94884.7,237774191.31420004
2025-01-10 20:44:59.680000+00:00,2025-01-10 20:30:00+00:00,continuous,94884.8,94955.4,94531.4,94673.0,187483317.4546001
2025-01-10 20:59:59.994000+00:00,2025-01-10 20:45:00+00:00,continuous,94673.0,94883.0,94568.3,94631.3,201736747.8431993
2025-01-10 21:14:59.427000+00:00,2025-01-10 21:00:00+00:00,continuous,94631.4,94785.2,94564.8,94785.1,107882898.3203995
2025-01-10 21:29:59.942000+00:00,2025-01-10 21:15:00+00:00,continuous,94785.1,94880.4,94700.0,94837.3,73146599.0468004
2025-01-10 21:44:59.910000+00:00,2025-01-10 21:30:00+00:00,continuous,94837.4,94885.8,94649.0,94681.7,44711935.06789995
2025-01-10 21:59:59.841000+00:00,2025-01-10 21:45:00+00:00,continuous,94681.6,94872.6,94576.3,94582.8,68465469.92780004
2025-01-10 22:14:59.679000+00:00,2025-01-10 22:00:00+00:00,continuous,94582.9,94649.9,94541.7,94578.1,65353710.347699896
2025-01-10 22:29:59.300000+00:00,2025-01-10 22:15:00+00:00,continuous,94578.0,94784.3,94550.0,94763.6,46860582.77929977
2025-01-10 22:44:59.933000+00:00,2025-01-10 22:30:00+00:00,continuous,94763.5,94915.0,94553.4,94806.3,68988564.0439997
2025-01-10 22:59:59.879000+00:00,2025-01-10 22:45:00+00:00,continuous,94806.2,94816.5,94625.0,94729.4,35832446.18539999
2025-01-10 23:14:59.413000+00:00,2025-01-10 23:00:00+00:00,continuous,94729.4,94772.1,94608.3,94745.3,35912992.20870015
2025-01-10 23:29:59.952000+00:00,2025-01-10 23:15:00+00:00,continuous,94745.3,94868.1,94644.5,94842.0,50383624.31959979
2025-01-10 23:44:59.946000+00:00,2025-01-10 23:30:00+00:00,continuous,94842.1,94844.1,94726.8,94761.5,43720638.5252
2025-01-10 23:59:59.627000+00:00,2025-01-10 23:45:00+00:00,continuous,94761.5,94766.8,94643.9,94675.5,39481841.79219992
2025-01-11 00:14:59.782000+00:00,2025-01-11 00:00:00+00:00,continuous,94675.6,94700.0,94587.6,94616.2,56700246.3022
2025-01-11 00:29:59.847000+00:00,2025-01-11 00:15:00+00:00,continuous,94616.1,94616.2,94300.2,94460.0,156662571.14080042
2025-01-11 00:44:59.926000+00:00,2025-01-11 00:30:00+00:00,continuous,94460.0,94583.3,94339.8,94344.1,86351967.62670036
2025-01-11 00:59:59.626000+00:00,2025-01-11 00:45:00+00:00,continuous,94344.6,94570.0,94341.8,94556.5,67052283.35459998
2025-01-11 01:14:59.787000+00:00,2025-01-11 01:00:00+00:00,continuous,94556.5,94653.0,94484.4,94585.9,52722704.07789991
2025-01-11 01:29:59.937000+00:00,2025-01-11 01:15:00+00:00,continuous,94585.9,94624.5,94469.9,94482.7,31044390.234099958
2025-01-11 01:44:59.733000+00:00,2025-01-11 01:30:00+00:00,continuous,94482.6,94535.1,94255.0,94297.8,81297502.32169996
2025-01-11 01:59:59.954000+00:00,2025-01-11 01:45:00+00:00,continuous,94297.9,94405.0,94164.1,94391.5,65614438.170400344
2025-01-11 02:14:59.590000+00:00,2025-01-11 02:00:00+00:00,continuous,94391.5,94464.0,94258.0,94277.0,47735987.02430006
2025-01-11 02:29:59.225000+00:00,2025-01-11 02:15:00+00:00,continuous,94276.9,94300.0,94165.0,94231.7,73872082.10689981
2025-01-11 02:44:59.941000+00:00,2025-01-11 02:30:00+00:00,continuous,94230.7,94338.5,94128.8,94272.0,50067699.7958002
2025-01-11 02:59:59.705000+00:00,2025-01-11 02:45:00+00:00,continuous,94272.0,94447.8,94242.8,94371.2,46468352.97660011
2025-01-11 03:14:59.794000+00:00,2025-01-11 03:00:00+00:00,continuous,94371.2,94394.7,94135.0,94212.6,52982109.82780003
2025-01-11 03:29:59.484000+00:00,2025-01-11 03:15:00+00:00,continuous,94212.5,94242.1,94060.8,94121.3,50328389.70079979
2025-01-11 03:44:59.926000+00:00,2025-01-11 03:30:00+00:00,continuous,94121.3,94208.5,94078.9,94182.7,40343293.48870009
2025-01-11 03:59:59.924000+00:00,2025-01-11 03:45:00+00:00,continuous,94182.8,94228.0,94121.3,94168.3,43328704.37420009
2025-01-11 04:14:59.316000+00:00,2025-01-11 04:00:00+00:00,continuous,94168.3,94271.9,94101.2,94118.6,55829110.51630004
2025-01-11 04:29:59.565000+00:00,2025-01-11 04:15:00+00:00,continuous,94118.5,94189.4,94026.5,94026.7,42609422.69890002
2025-01-11 04:44:59.811000+00:00,2025-01-11 04:30:00+00:00,continuous,94026.7,94058.4,93802.1,93941.6,187113401.3011981
2025-01-11 04:59:59.899000+00:00,2025-01-11 04:45:00+00:00,continuous,93941.7,94031.9,93863.9,94022.0,42536125.616099924
2025-01-11 05:14:59.682000+00:00,2025-01-11 05:00:00+00:00,continuous,94022.1,94173.5,93962.7,94164.2,64572420.817199856
2025-01-11 05:29:59.897000+00:00,2025-01-11 05:15:00+00:00,continuous,94164.2,94167.5,94056.4,94154.2,41893310.177799836
2025-01-11 05:44:59.987000+00:00,2025-01-11 05:30:00+00:00,continuous,94154.2,94323.0,94106.7,94268.7,109494999.49739976
2025-01-11 05:59:59.930000+00:00,2025-01-11 05:45:00+00:00,continuous,94268.8,94338.5,94193.4,94317.8,48232999.02690003
2025-01-11 06:14:59.868000+00:00,2025-01-11 06:00:00+00:00,continuous,94317.7,94394.3,94310.3,94331.4,68520587.77099983
2025-01-11 06:29:59.849000+00:00,2025-01-11 06:15:00+00:00,continuous,94331.4,94350.0,94271.8,94350.0,36685957.32620004
2025-01-11 06:44:58.705000+00:00,2025-01-11 06:30:00+00:00,continuous,94350.0,94372.0,94235.7,94330.0,43332929.967399836
2025-01-11 06:59:59.966000+00:00,2025-01-11 06:45:00+00:00,continuous,94330.0,94330.0,94162.0,94162.0,30715051.057199925
2025-01-11 07:14:59.704000+00:00,2025-01-11 07:00:00+00:00,continuous,94162.1,94295.6,94159.7,94281.8,40876815.361199945
2025-01-11 07:29:59.544000+00:00,2025-01-11 07:15:00+00:00,continuous,94281.7,94286.1,94118.0,94154.0,45515347.02279998
2025-01-11 07:44:59.971000+00:00,2025-01-11 07:30:00+00:00,continuous,94154.1,94229.0,94111.0,94140.0,40526450.80079979
2025-01-11 07:59:59.940000+00:00,2025-01-11 07:45:00+00:00,continuous,94140.0,94214.9,94105.2,94210.3,29563741.132899866
2025-01-11 08:14:59.861000+00:00,2025-01-11 08:00:00+00:00,continuous,94210.2,94356.0,94155.8,94355.9,61989891.3462
2025-01-11 08:29:59.862000+00:00,2025-01-11 08:15:00+00:00,continuous,94355.9,94367.0,94252.9,94319.9,37383585.110299915
2025-01-11 08:44:59.770000+00:00,2025-01-11 08:30:00+00:00,continuous,94319.9,94326.2,94159.7,94186.5,49348367.890899844
2025-01-11 08:59:59.989000+00:00,2025-01-11 08:45:00+00:00,continuous,94186.4,94186.5,94000.0,94036.4,126003967.77519998
2025-01-11 09:14:59.711000+00:00,2025-01-11 09:00:00+00:00,continuous,94036.3,94146.8,94003.7,94139.6,139283389.57669994
2025-01-11 09:29:59.864000+00:00,2025-01-11 09:15:00+00:00,continuous,94139.7,94199.0,94088.6,94195.9,28191846.060000002
2025-01-11 09:44:59.523000+00:00,2025-01-11 09:30:00+00:00,continuous,94196.0,94297.6,94177.1,94297.5,46400877.314400114
2025-01-11 09:59:59.985000+00:00,2025-01-11 09:45:00+00:00,continuous,94297.5,94300.0,94182.0,94296.1,33982173.15459997
2025-01-11 10:14:59.186000+00:00,2025-01-11 10:00:00+00:00,continuous,94296.1,94379.4,94289.0,94353.8,50630988.468800046
2025-01-11 10:29:59.732000+00:00,2025-01-11 10:15:00+00:00,continuous,94353.8,94379.4,94270.8,94321.2,31903254.67120018
2025-01-11 10:44:59.047000+00:00,2025-01-11 10:30:00+00:00,continuous,94321.3,94386.0,94260.0,94339.6,44454902.27499985
2025-01-11 10:59:59.924000+00:00,2025-01-11 10:45:00+00:00,continuous,94339.6,94484.7,94330.0,94443.6,103669737.24770036
2025-01-11 11:14:59.805000+00:00,2025-01-11 11:00:00+00:00,continuous,94443.6,94580.0,94410.0,94455.6,104627782.79129964
2025-01-11 11:29:59.645000+00:00,2025-01-11 11:15:00+00:00,continuous,94455.5,94628.7,94439.9,94540.2,73882108.88140018
2025-01-11 11:44:59.678000+00:00,2025-01-11 11:30:00+00:00,continuous,94540.1,94757.9,94527.0,94706.5,100416741.92499955
2025-01-11 11:59:59.978000+00:00,2025-01-11 11:45:00+00:00,continuous,94706.6,94706.6,94546.2,94570.4,55491074.94689998
2025-01-11 12:14:59.807000+00:00,2025-01-11 12:00:00+00:00,continuous,94570.4,94600.0,94479.0,94484.0,74644698.31659962
2025-01-11 12:29:59.374000+00:00,2025-01-11 12:15:00+00:00,continuous,94484.1,94607.1,94484.0,94543.1,32088691.553599924
2025-01-11 12:44:59.995000+00:00,2025-01-11 12:30:00+00:00,continuous,94543.0,94575.5,94500.0,94568.0,24042992.3755999
2025-01-11 12:59:59.813000+00:00,2025-01-11 12:45:00+00:00,continuous,94568.0,94595.3,94486.2,94505.1,26967408.936499923
2025-01-11 13:14:59.390000+00:00,2025-01-11 13:00:00+00:00,continuous,94505.1,94566.4,94380.6,94476.9,71660232.63779992
2025-01-11 13:29:59.973000+00:00,2025-01-11 13:15:00+00:00,continuous,94477.0,94482.3,94318.0,94410.1,107821978.20039988
2025-01-11 13:44:59.449000+00:00,2025-01-11 13:30:00+00:00,continuous,94410.1,94440.0,94290.0,94366.8,54286749.69970025
2025-01-11 13:59:59.795000+00:00,2025-01-11 13:45:00+00:00,continuous,94366.7,94404.9,94335.1,94339.1,35921007.59939998
2025-01-11 14:14:59.570000+00:00,2025-01-11 14:00:00+00:00,continuous,94339.2,94414.6,94268.5,94292.2,46604251.559099816
2025-01-11 14:29:59.348000+00:00,2025-01-11 14:15:00+00:00,continuous,94292.2,94359.5,94262.1,94345.1,43102963.873500004
2025-01-11 14:44:59.534000+00:00,2025-01-11 14:30:00+00:00,continuous,94345.1,94590.5,94345.0,94510.0,87057559.42619984
2025-01-11 14:59:59.980000+00:00,2025-01-11 14:45:00+00:00,continuous,94510.0,94596.1,94434.0,94568.1,56887691.381799996
2025-01-11 15:14:59.965000+00:00,2025-01-11 15:00:00+00:00,continuous,94568.0,94613.6,94442.0,94442.0,48242778.47429993
2025-01-11 15:29:59.751000+00:00,2025-01-11 15:15:00+00:00,continuous,94442.0,94468.5,94351.1,94407.7,47809888.91419971
2025-01-11 15:44:59.635000+00:00,2025-01-11 15:30:00+00:00,continuous,94407.6,94436.1,94340.8,94417.5,38587202.75159997
2025-01-11 15:59:59.322000+00:00,2025-01-11 15:45:00+00:00,continuous,94417.5,94425.3,94321.0,94365.8,34160719.19650004
2025-01-11 16:14:59.855000+00:00,2025-01-11 16:00:00+00:00,continuous,94365.9,94439.3,94251.0,94371.3,70537675.95250024
2025-01-11 16:29:59.834000+00:00,2025-01-11 16:15:00+00:00,continuous,94371.3,94461.0,94310.5,94394.5,57365711.40869997
2025-01-11 16:44:59.869000+00:00,2025-01-11 16:30:00+00:00,continuous,94394.6,94680.3,94391.7,94622.1,115424468.66920042
2025-01-11 16:59:59.910000+00:00,2025-01-11 16:45:00+00:00,continuous,94622.1,94653.7,94401.5,94410.0,100074678.33369957
2025-01-11 17:14:59.961000+00:00,2025-01-11 17:00:00+00:00,continuous,94410.1,94414.4,94015.0,94070.5,256789541.75820097
2025-01-11 17:29:59.895000+00:00,2025-01-11 17:15:00+00:00,continuous,94070.6,94150.0,93943.0,94076.3,142308482.1336
2025-01-11 17:44:59.822000+00:00,2025-01-11 17:30:00+00:00,continuous,94076.3,94209.4,94020.0,94140.1,58389772.89060022
2025-01-11 17:59:59.894000+00:00,2025-01-11 17:45:00+00:00,continuous,94140.1,94140.1,94021.3,94116.4,44880751.004499964
2025-01-11 18:14:59.851000+00:00,2025-01-11 18:00:00+00:00,continuous,94116.5,94227.4,94071.8,94218.1,52059847.63820006
2025-01-11 18:29:59.941000+00:00,2025-01-11 18:15:00+00:00,continuous,94218.0,94270.0,94150.9,94253.0,37436422.376299895
2025-01-11 18:44:59.069000+00:00,2025-01-11 18:30:00+00:00,continuous,94253.1,94261.7,94112.4,94158.3,31932721.329100076
2025-01-11 18:59:59.812000+00:00,2025-01-11 18:45:00+00:00,continuous,94158.4,94265.2,94140.0,94234.2,23999992.348299976
2025-01-11 19:14:59.433000+00:00,2025-01-11 19:00:00+00:00,continuous,94234.2,94299.0,94145.9,94217.6,26019825.60400003
2025-01-11 19:29:59.910000+00:00,2025-01-11 19:15:00+00:00,continuous,94217.5,94274.3,94205.0,94205.0,18628782.19309995
2025-01-11 19:44:59.008000+00:00,2025-01-11 19:30:00+00:00,continuous,94205.0,94205.0,94028.2,94116.4,63242511.61980023
2025-01-11 19:59:59.957000+00:00,2025-01-11 19:45:00+00:00,continuous,94116.4,94219.9,94066.9,94206.5,44903352.08949989
2025-01-11 20:14:59.631000+00:00,2025-01-11 20:00:00+00:00,continuous,94206.5,94260.0,94150.9,94175.4,35844899.900099844
2025-01-11 20:29:59.984000+00:00,2025-01-11 20:15:00+00:00,continuous,94175.4,94443.7,94160.7,94443.7,64325147.962299876
2025-01-11 20:44:59.733000+00:00,2025-01-11 20:30:00+00:00,continuous,94443.7,94466.4,94337.9,94449.9,59765510.273000054
2025-01-11 20:59:59.927000+00:00,2025-01-11 20:45:00+00:00,continuous,94449.9,94629.4,94397.9,94550.5,100050699.67500024
2025-01-11 21:14:59.851000+00:00,2025-01-11 21:00:00+00:00,continuous,94550.6,94686.8,94519.6,94619.5,103461417.0205002
2025-01-11 21:29:59.954000+00:00,2025-01-11 21:15:00+00:00,continuous,94619.5,94840.0,94619.5,94751.7,132059373.29120034
2025-01-11 21:44:59.919000+00:00,2025-01-11 21:30:00+00:00,continuous,94751.2,94751.2,94609.0,94706.6,64595076.22769998
2025-01-11 21:59:59.873000+00:00,2025-01-11 21:45:00+00:00,continuous,94706.5,94988.0,94653.0,94891.5,139217091.66230038
2025-01-11 22:14:59.740000+00:00,2025-01-11 22:00:00+00:00,continuous,94891.5,94980.8,94712.3,94758.0,88439997.75660025
2025-01-11 22:29:59.913000+00:00,2025-01-11 22:15:00+00:00,continuous,94758.0,94764.4,94672.1,94672.1,36868937.31030023
2025-01-11 22:44:59.506000+00:00,2025-01-11 22:30:00+00:00,continuous,94672.2,94758.7,94570.0,94615.9,63662139.35289991
2025-01-11 22:59:59.897000+00:00,2025-01-11 22:45:00+00:00,continuous,94615.9,94659.2,94522.0,94547.0,45441116.61779991
2025-01-11 23:14:59.666000+00:00,2025-01-11 23:00:00+00:00,continuous,94547.1,94656.9,94525.0,94555.8,41527374.492299974
2025-01-11 23:29:59.765000+00:00,2025-01-11 23:15:00+00:00,continuous,94555.9,94670.8,94518.0,94632.8,28213814.252299942
2025-01-11 23:44:59.919000+00:00,2025-01-11 23:30:00+00:00,continuous,94632.9,94714.4,94585.7,94586.6,31410624.282400027
2025-01-11 23:59:59.543000+00:00,2025-01-11 23:45:00+00:00,continuous,94586.6,94613.3,94480.0,94562.5,74569277.8790996
2025-01-12 00:14:59.888000+00:00,2025-01-12 00:00:00+00:00,continuous,94562.4,94620.0,94501.0,94579.6,54149611.08739998
2025-01-12 00:29:59.988000+00:00,2025-01-12 00:15:00+00:00,continuous,94579.6,94589.6,94456.1,94486.1,38741671.81149983
2025-01-12 00:44:59.946000+00:00,2025-01-12 00:30:00+00:00,continuous,94486.1,94545.5,94432.1,94493.1,36234366.140700094
2025-01-12 00:59:59.721000+00:00,2025-01-12 00:45:00+00:00,continuous,94493.1,94510.0,94384.3,94411.3,43229503.29890017
2025-01-12 01:14:59.890000+00:00,2025-01-12 01:00:00+00:00,continuous,94411.3,94453.8,94351.2,94376.8,32458549.021499906
2025-01-12 01:29:58.337000+00:00,2025-01-12 01:15:00+00:00,continuous,94376.8,94404.5,94260.0,94318.4,38487632.03480011
2025-01-12 01:44:59.907000+00:00,2025-01-12 01:30:00+00:00,continuous,94318.3,94464.2,94318.3,94389.6,44464372.51760012
2025-01-12 01:59:59.156000+00:00,2025-01-12 01:45:00+00:00,continuous,94389.6,94559.0,94389.6,94540.1,45702141.41940007
2025-01-12 02:14:59.111000+00:00,2025-01-12 02:00:00+00:00,continuous,94540.1,94553.7,94442.2,94514.0,32957872.49749996
2025-01-12 02:29:59.931000+00:00,2025-01-12 02:15:00+00:00,continuous,94514.1,94519.2,94429.1,94503.7,24165601.351800095
2025-01-12 02:44:59.798000+00:00,2025-01-12 02:30:00+00:00,continuous,94503.6,94633.0,94465.3,94550.0,49679770.86439988
2025-01-12 02:59:59.987000+00:00,2025-01-12 02:45:00+00:00,continuous,94550.1,94602.6,94484.0,94583.1,19912552.316299975
2025-01-12 03:14:58.390000+00:00,2025-01-12 03:00:00+00:00,continuous,94583.0,94665.7,94552.2,94576.7,30498443.155499883
2025-01-12 03:29:59.725000+00:00,2025-01-12 03:15:00+00:00,continuous,94576.8,94576.8,94383.3,94401.4,41659240.570800036
2025-01-12 03:44:58.220000+00:00,2025-01-12 03:30:00+00:00,continuous,94401.3,94523.0,94362.5,94508.4,28815693.54010006
2025-01-12 03:59:59.960000+00:00,2025-01-12 03:45:00+00:00,continuous,94508.8,94586.1,94477.8,94586.0,17580638.020299952
2025-01-12 04:14:58.816000+00:00,2025-01-12 04:00:00+00:00,continuous,94586.0,94595.0,94525.3,94526.4,27662301.088100016
2025-01-12 04:29:59.895000+00:00,2025-01-12 04:15:00+00:00,continuous,94526.5,94614.5,94516.6,94582.3,20490104.922099967
2025-01-12 04:44:59.743000+00:00,2025-01-12 04:30:00+00:00,continuous,94582.4,94597.6,94515.9,94552.6,25242605.46799991
2025-01-12 04:59:59.914000+00:00,2025-01-12 04:45:00+00:00,continuous,94552.6,94570.0,94451.1,94535.9,33098517.881000075
2025-01-12 05:14:59.905000+00:00,2025-01-12 05:00:00+00:00,continuous,94536.0,94587.5,94526.4,94570.4,19300947.63910008
2025-01-12 05:29:59.311000+00:00,2025-01-12 05:15:00+00:00,continuous,94570.4,94570.4,94494.7,94550.6,13708217.019100063
2025-01-12 05:44:59.676000+00:00,2025-01-12 05:30:00+00:00,continuous,94550.6,94554.8,94446.5,94484.0,20588785.82949993
2025-01-12 05:59:59.947000+00:00,2025-01-12 05:45:00+00:00,continuous,94484.0,94528.2,94470.0,94517.4,14822700.969400007
2025-01-12 06:14:59.910000+00:00,2025-01-12 06:00:00+00:00,continuous,94517.5,94578.8,94462.0,94512.5,22260835.43539997
2025-01-12 06:29:59.854000+00:00,2025-01-12 06:15:00+00:00,continuous,94512.6,94549.9,94427.8,94451.3,20812981.794399872
2025-01-12 06:44:59.744000+00:00,2025-01-12 06:30:00+00:00,continuous,94451.3,94483.9,94373.7,94382.4,30818766.23480006
2025-01-12 06:59:59.966000+00:00,2025-01-12 06:45:00+00:00,continuous,94382.4,94422.4,94315.3,94324.0,51838271.74220005
2025-01-12 07:14:59.942000+00:00,2025-01-12 07:00:00+00:00,continuous,94324.0,94409.8,94227.2,94270.9,59003673.65170001
2025-01-12 07:29:59.977000+00:00,2025-01-12 07:15:00+00:00,continuous,94270.8,94379.9,94263.5,94343.4,27780304.551799987
2025-01-12 07:44:59.999000+00:00,2025-01-12 07:30:00+00:00,continuous,94343.3,94400.0,94280.0,94280.0,27141154.94670006
2025-01-12 07:59:59.910000+00:00,2025-01-12 07:45:00+00:00,continuous,94280.1,94366.2,94239.7,94291.3,41633427.58909996
2025-01-12 08:14:59.901000+00:00,2025-01-12 08:00:00+00:00,continuous,94291.2,94359.5,94271.8,94317.1,24470269.007300016
2025-01-12 08:29:59.498000+00:00,2025-01-12 08:15:00+00:00,continuous,94317.1,94345.3,94280.0,94295.4,22458046.62789988
2025-01-12 08:44:59.875000+00:00,2025-01-12 08:30:00+00:00,continuous,94295.4,94295.4,94121.8,94223.3,108546516.9672001
2025-01-12 08:59:59.938000+00:00,2025-01-12 08:45:00+00:00,continuous,94223.4,94223.4,94069.2,94143.1,83014084.4266998
2025-01-12 09:14:59.912000+00:00,2025-01-12 09:00:00+00:00,continuous,94143.2,94197.0,94088.0,94192.1,43865365.31489968
2025-01-12 09:29:59.921000+00:00,2025-01-12 09:15:00+00:00,continuous,94192.1,94192.1,93960.0,93960.0,132306888.32240015
2025-01-12 09:44:59.988000+00:00,2025-01-12 09:30:00+00:00,continuous,93960.1,93999.8,93708.9,93756.1,210648181.90100065
2025-01-12 09:59:59.800000+00:00,2025-01-12 09:45:00+00:00,continuous,93756.0,93877.8,93661.1,93859.1,166322231.41300124
2025-01-12 10:14:59.185000+00:00,2025-01-12 10:00:00+00:00,continuous,93859.1,93954.5,93801.7,93936.0,107099930.81989978
2025-01-12 10:29:59.887000+00:00,2025-01-12 10:15:00+00:00,continuous,93935.9,94027.0,93799.0,93884.9,112678108.68560033
2025-01-12 10:44:59.876000+00:00,2025-01-12 10:30:00+00:00,continuous,93884.8,93937.0,93783.0,93930.4,50077945.26280001
2025-01-12 10:59:59.958000+00:00,2025-01-12 10:45:00+00:00,continuous,93930.4,94014.9,93910.0,93972.2,57312931.077800244
2025-01-12 11:14:59.909000+00:00,2025-01-12 11:00:00+00:00,continuous,93972.2,94119.1,93966.0,94106.8,85186056.66590022
2025-01-12 11:29:59.924000+00:00,2025-01-12 11:15:00+00:00,continuous,94106.9,94298.6,94055.6,94244.1,144118284.96239996
2025-01-12 11:44:59.984000+00:00,2025-01-12 11:30:00+00:00,continuous,94244.1,94309.5,94206.4,94309.5,53973306.52630002
2025-01-12 11:59:59.882000+00:00,2025-01-12 11:45:00+00:00,continuous,94309.4,94309.5,94209.0,94209.0,50925752.38449994
2025-01-12 12:14:59.920000+00:00,2025-01-12 12:00:00+00:00,continuous,94209.0,94396.8,94128.0,94384.4,91135493.3828001
2025-01-12 12:29:59.804000+00:00,2025-01-12 12:15:00+00:00,continuous,94384.3,94582.0,94364.4,94396.1,174586338.44490042
2025-01-12 12:44:59.815000+00:00,2025-01-12 12:30:00+00:00,continuous,94396.1,94448.0,94313.9,94400.0,75408975.99260017
2025-01-12 12:59:59.850000+00:00,2025-01-12 12:45:00+00:00,continuous,94399.9,94438.4,94282.6,94292.1,38928784.79020015
2025-01-12 13:14:59.264000+00:00,2025-01-12 13:00:00+00:00,continuous,94292.1,94499.0,94256.0,94493.3,71628172.67370014
2025-01-12 13:29:59.934000+00:00,2025-01-12 13:15:00+00:00,continuous,94493.4,94686.8,94451.2,94597.9,124256223.79889944
2025-01-12 13:44:59.897000+00:00,2025-01-12 13:30:00+00:00,continuous,94598.0,94663.0,94472.7,94477.4,163438743.24420094
2025-01-12 13:59:59.973000+00:00,2025-01-12 13:45:00+00:00,continuous,94477.3,94694.6,94477.3,94621.3,139404129.59450018
2025-01-12 14:14:59.999000+00:00,2025-01-12 14:00:00+00:00,continuous,94621.3,94883.2,94621.2,94804.8,141317339.67570016
2025-01-12 14:29:59.712000+00:00,2025-01-12 14:15:00+00:00,continuous,94804.7,94949.8,94753.5,94774.4,147820172.0360989
2025-01-12 14:44:59.928000+00:00,2025-01-12 14:30:00+00:00,continuous,94774.4,94945.5,94774.4,94828.5,100735854.80559942
2025-01-12 14:59:59.908000+00:00,2025-01-12 14:45:00+00:00,continuous,94828.4,94876.0,94714.1,94765.7,84578816.24940059
2025-01-12 15:14:59.998000+00:00,2025-01-12 15:00:00+00:00,continuous,94765.8,94796.8,94628.9,94683.3,84289915.6057001
2025-01-12 15:29:59.892000+00:00,2025-01-12 15:15:00+00:00,continuous,94683.4,95444.0,94678.1,95222.8,398828283.7127968
2025-01-12 15:44:59.994000+00:00,2025-01-12 15:30:00+00:00,continuous,95222.7,95278.1,94918.8,95035.5,124247195.08150032
2025-01-12 15:59:59.925000+00:00,2025-01-12 15:45:00+00:00,continuous,95035.5,95088.3,94975.0,95035.6,43558226.83099983
2025-01-12 16:14:59.704000+00:00,2025-01-12 16:00:00+00:00,continuous,95035.7,95100.0,94806.8,94811.9,94994534.22699967
2025-01-12 16:29:59.933000+00:00,2025-01-12 16:15:00+00:00,continuous,94811.9,94900.0,94760.6,94847.1,67457931.70189975
2025-01-12 16:44:59.858000+00:00,2025-01-12 16:30:00+00:00,continuous,94847.1,95039.3,94843.0,94906.6,68078819.4168002
2025-01-12 16:59:59.829000+00:00,2025-01-12 16:45:00+00:00,continuous,94906.6,95008.1,94863.1,95008.0,30471445.161899917
2025-01-12 17:14:59.082000+00:00,2025-01-12 17:00:00+00:00,continuous,95008.0,95184.6,94969.9,95108.2,79460842.58150005
2025-01-12 17:29:59.816000+00:00,2025-01-12 17:15:00+00:00,continuous,95108.2,95171.9,95036.7,95038.4,58387013.2091001
2025-01-12 17:44:59.892000+00:00,2025-01-12 17:30:00+00:00,continuous,95038.4,95237.8,94925.0,95199.9,74468917.97480029
2025-01-12 17:59:59.987000+00:00,2025-01-12 17:45:00+00:00,continuous,95200.0,95221.4,95088.0,95088.0,48792402.526900075
2025-01-12 18:14:59.780000+00:00,2025-01-12 18:00:00+00:00,continuous,95087.7,95278.0,95060.6,95155.7,70218030.54170004
2025-01-12 18:29:59.941000+00:00,2025-01-12 18:15:00+00:00,continuous,95155.7,95179.9,95050.0,95054.0,62994598.26639992
2025-01-12 18:44:59.816000+00:00,2025-01-12 18:30:00+00:00,continuous,95054.0,95070.0,94878.1,94894.0,58505048.936500154
2025-01-12 18:59:59.940000+00:00,2025-01-12 18:45:00+00:00,continuous,94894.0,94999.9,94866.6,94956.7,36024150.0696
2025-01-12 19:14:59.441000+00:00,2025-01-12 19:00:00+00:00,continuous,94956.8,95021.9,94778.2,94811.5,66094447.5012
2025-01-12 19:29:59.778000+00:00,2025-01-12 19:15:00+00:00,continuous,94811.6,94851.4,94651.0,94676.8,91105544.02680016
2025-01-12 19:44:59.831000+00:00,2025-01-12 19:30:00+00:00,continuous,94676.8,94784.8,94676.8,94757.8,43059829.416199796
2025-01-12 19:59:59.988000+00:00,2025-01-12 19:45:00+00:00,continuous,94757.8,94785.8,94527.8,94625.1,127347431.48140007
2025-01-12 20:14:59.269000+00:00,2025-01-12 20:00:00+00:00,continuous,94625.0,94766.1,94600.2,94761.0,116655994.66760029
2025-01-12 20:29:59.831000+00:00,2025-01-12 20:15:00+00:00,continuous,94761.0,94777.2,94667.0,94729.5,69353829.79529999
2025-01-12 20:44:59.314000+00:00,2025-01-12 20:30:00+00:00,continuous,94729.2,94745.5,94642.6,94681.1,41570980.634300016
2025-01-12 20:59:59.278000+00:00,2025-01-12 20:45:00+00:00,continuous,94681.2,94681.2,94559.4,94655.9,38160730.27819996
2025-01-12 21:14:59.928000+00:00,2025-01-12 21:00:00+00:00,continuous,94655.9,94695.9,94449.4,94484.9,68578444.91249992
2025-01-12 21:29:59.817000+00:00,2025-01-12 21:15:00+00:00,continuous,94485.0,94621.3,94333.4,94573.5,111314068.22749956
2025-01-12 21:44:59.947000+00:00,2025-01-12 21:30:00+00:00,continuous,94573.5,94620.3,94416.8,94479.2,39040338.95399985
2025-01-12 21:59:59.498000+00:00,2025-01-12 21:45:00+00:00,continuous,94479.2,94479.2,94257.0,94300.9,78002808.0545
2025-01-12 22:14:59.908000+00:00,2025-01-12 22:00:00+00:00,continuous,94300.8,94326.3,93859.0,93990.8,264020319.2252002
2025-01-12 22:29:59.854000+00:00,2025-01-12 22:15:00+00:00,continuous,93990.8,94016.5,93808.0,93865.3,153909263.46220013
2025-01-12 22:44:59.950000+00:00,2025-01-12 22:30:00+00:00,continuous,93865.3,94129.0,93727.4,93980.7,225344447.7059992
2025-01-12 22:59:59.854000+00:00,2025-01-12 22:45:00+00:00,continuous,93980.7,94055.0,93812.9,93913.9,70375016.04580024
2025-01-12 23:14:59.412000+00:00,2025-01-12 23:00:00+00:00,continuous,93914.0,94205.6,93901.5,94182.0,174584742.83530015
2025-01-12 23:29:59.863000+00:00,2025-01-12 23:15:00+00:00,continuous,94182.0,94247.0,94013.9,94236.7,79600756.6223999
2025-01-12 23:44:59.967000+00:00,2025-01-12 23:30:00+00:00,continuous,94236.7,94430.7,94233.8,94394.2,129281751.0071992
2025-01-12 23:59:59.956000+00:00,2025-01-12 23:45:00+00:00,continuous,94394.1,94527.7,94349.6,94499.9,72657327.67309985
2025-01-13 00:14:59.378000+00:00,2025-01-13 00:00:00+00:00,continuous,94499.9,94589.8,94402.4,94521.1,121087827.58480035
2025-01-13 00:29:59.972000+00:00,2025-01-13 00:15:00+00:00,continuous,94521.2,95567.4,94406.6,95228.7,453572027.7838027
2025-01-13 00:44:59.927000+00:00,2025-01-13 00:30:00+00:00,continuous,95228.5,95934.5,95187.7,95538.3,597822136.5225964
2025-01-13 00:59:59.921000+00:00,2025-01-13 00:45:00+00:00,continuous,95538.3,95740.9,95233.1,95274.7,247176238.322802
2025-01-13 01:14:59.992000+00:00,2025-01-13 01:00:00+00:00,continuous,95274.7,95363.7,95010.0,95029.8,211021640.48959866
2025-01-13 01:29:59.914000+00:00,2025-01-13 01:15:00+00:00,continuous,95030.1,95239.0,94753.1,95134.1,215423680.18679944
2025-01-13 01:44:59.813000+00:00,2025-01-13 01:30:00+00:00,continuous,95134.2,95213.0,94622.1,94663.3,180981190.66400024
2025-01-13 01:59:59.798000+00:00,2025-01-13 01:45:00+00:00,continuous,94663.3,94779.0,94029.1,94176.7,459098898.45109814
2025-01-13 02:14:59.934000+00:00,2025-01-13 02:00:00+00:00,continuous,94176.7,94293.3,94045.9,94243.1,228357277.40579993
2025-01-13 02:29:59.916000+00:00,2025-01-13 02:15:00+00:00,continuous,94243.0,94467.4,94150.3,94272.7,183754762.2196986
2025-01-13 02:44:59.904000+00:00,2025-01-13 02:30:00+00:00,continuous,94272.7,94315.9,94017.0,94037.1,172862232.891701
2025-01-13 02:59:59.829000+00:00,2025-01-13 02:45:00+00:00,continuous,94037.1,94178.5,93852.0,94164.1,253103798.25159848
2025-01-13 03:14:59.531000+00:00,2025-01-13 03:00:00+00:00,continuous,94164.0,94375.4,94037.1,94154.3,169027115.89259958
2025-01-13 03:29:59.901000+00:00,2025-01-13 03:15:00+00:00,continuous,94154.2,94279.9,93978.8,94246.1,84485211.67090034
2025-01-13 03:44:58.829000+00:00,2025-01-13 03:30:00+00:00,continuous,94246.2,94349.7,94180.0,94244.0,74441758.95559956
2025-01-13 03:59:59.967000+00:00,2025-01-13 03:45:00+00:00,continuous,94244.1,94244.1,93920.0,94215.4,114720910.31269991
2025-01-13 04:14:59.832000+00:00,2025-01-13 04:00:00+00:00,continuous,94215.4,94545.2,94145.6,94449.7,181229240.48059952
2025-01-13 04:29:59.874000+00:00,2025-01-13 04:15:00+00:00,continuous,94449.7,94846.3,94421.6,94758.1,191722233.15780064
2025-01-13 04:44:59.912000+00:00,2025-01-13 04:30:00+00:00,continuous,94758.0,94878.0,94519.0,94527.1,150734758.8332004
2025-01-13 04:59:59.984000+00:00,2025-01-13 04:45:00+00:00,continuous,94527.1,94569.9,94374.0,94455.3,131594385.85599987
2025-01-13 05:14:59.724000+00:00,2025-01-13 05:00:00+00:00,continuous,94455.2,94505.9,94200.0,94292.0,137223921.32739913
2025-01-13 05:29:59.708000+00:00,2025-01-13 05:15:00+00:00,continuous,94291.9,94429.0,94159.7,94220.0,87292368.13149977
2025-01-13 05:44:59.956000+00:00,2025-01-13 05:30:00+00:00,continuous,94219.9,94241.3,94062.0,94140.9,80134918.5369004
2025-01-13 05:59:59.928000+00:00,2025-01-13 05:45:00+00:00,continuous,94140.9,94239.1,94020.0,94129.1,109353725.53429945
2025-01-13 06:14:59.877000+00:00,2025-01-13 06:00:00+00:00,continuous,94129.1,94298.0,94051.6,94202.9,98628693.43390033
2025-01-13 06:29:58.630000+00:00,2025-01-13 06:15:00+00:00,continuous,94203.0,94221.7,94020.5,94070.2,84812465.01290008
2025-01-13 06:44:59.996000+00:00,2025-01-13 06:30:00+00:00,continuous,94070.1,94093.0,93800.1,93827.0,258196002.22290167
2025-01-13 06:59:59.850000+00:00,2025-01-13 06:45:00+00:00,continuous,93827.1,93867.6,93222.2,93604.0,649700993.5546024
2025-01-13 07:14:59.763000+00:00,2025-01-13 07:00:00+00:00,continuous,93603.9,93763.1,93450.0,93563.9,268040115.99509993
2025-01-13 07:29:59.841000+00:00,2025-01-13 07:15:00+00:00,continuous,93563.9,93709.9,93433.2,93669.4,140196029.23479983
2025-01-13 07:44:59.864000+00:00,2025-01-13 07:30:00+00:00,continuous,93669.3,93931.9,93606.5,93763.4,140164424.82199946
2025-01-13 07:59:59.937000+00:00,2025-01-13 07:45:00+00:00,continuous,93763.4,93774.9,93487.4,93557.9,103803683.49929997
2025-01-13 08:14:59.929000+00:00,2025-01-13 08:00:00+00:00,continuous,93557.9,93626.1,93306.0,93413.1,145261940.8070002
2025-01-13 08:29:59.998000+00:00,2025-01-13 08:15:00+00:00,continuous,93413.0,93497.9,92854.4,93194.9,469517746.8950963
2025-01-13 08:44:59.923000+00:00,2025-01-13 08:30:00+00:00,continuous,93195.0,93313.3,93086.0,93225.8,169154050.10740012
2025-01-13 08:59:59.963000+00:00,2025-01-13 08:45:00+00:00,continuous,93225.8,93278.2,92906.9,93010.0,163493958.00179997
2025-01-13 09:14:59.966000+00:00,2025-01-13 09:00:00+00:00,continuous,93010.1,93160.4,92834.7,92909.4,247883092.19440135
2025-01-13 09:29:59.959000+00:00,2025-01-13 09:15:00+00:00,continuous,92909.3,93025.5,92720.6,92783.6,278739929.5662002
2025-01-13 09:44:59.994000+00:00,2025-01-13 09:30:00+00:00,continuous,92783.7,93164.2,92595.6,92901.1,318413966.8691005
2025-01-13 09:59:59.941000+00:00,2025-01-13 09:45:00+00:00,continuous,92901.1,93070.9,92802.6,92802.7,147070569.3849997
2025-01-13 10:14:59.881000+00:00,2025-01-13 10:00:00+00:00,continuous,92802.6,92851.0,92525.0,92617.5,268972941.863
2025-01-13 10:29:59.999000+00:00,2025-01-13 10:15:00+00:00,continuous,92617.2,92617.2,91812.5,91964.0,936690015.9058001
2025-01-13 10:44:59.999000+00:00,2025-01-13 10:30:00+00:00,continuous,91964.1,91964.1,91521.0,91576.6,747393293.9403011
2025-01-13 10:59:59.954000+00:00,2025-01-13 10:45:00+00:00,continuous,91576.5,91778.0,91344.0,91607.3,535009883.9953012
2025-01-13 11:14:59.914000+00:00,2025-01-13 11:00:00+00:00,continuous,91607.5,91737.6,91352.8,91365.7,317344735.403197
2025-01-13 11:29:59.933000+00:00,2025-01-13 11:15:00+00:00,continuous,91365.6,91757.1,91261.0,91438.4,307779715.0218982
2025-01-13 11:44:59.853000+00:00,2025-01-13 11:30:00+00:00,continuous,91438.4,91516.1,90809.8,90979.7,859918007.5609038
2025-01-13 11:59:59.908000+00:00,2025-01-13 11:45:00+00:00,continuous,90979.9,91354.0,90820.0,90827.5,453405135.6845984
2025-01-13 12:14:59.964000+00:00,2025-01-13 12:00:00+00:00,continuous,90827.5,91312.7,90500.1,90957.9,926585645.1975988
2025-01-13 12:29:59.810000+00:00,2025-01-13 12:15:00+00:00,continuous,90956.6,91087.3,90664.8,90827.9,382888982.82869565
2025-01-13 12:44:59.999000+00:00,2025-01-13 12:30:00+00:00,continuous,90827.9,90860.8,90252.1,90794.5,646818107.7654961
2025-01-13 12:59:59.937000+00:00,2025-01-13 12:45:00+00:00,continuous,90794.4,90962.1,90478.8,90713.9,384757024.66599894
2025-01-13 13:14:59.879000+00:00,2025-01-13 13:00:00+00:00,continuous,90713.8,91444.5,90553.5,91360.1,699936278.8215023
2025-01-13 13:29:59.906000+00:00,2025-01-13 13:15:00+00:00,continuous,91360.0,91756.0,91261.8,91372.0,538568098.4466981
2025-01-13 13:44:59.923000+00:00,2025-01-13 13:30:00+00:00,continuous,91372.0,91500.0,91084.9,91182.7,280596331.2295992
2025-01-13 13:59:59.986000+00:00,2025-01-13 13:45:00+00:00,continuous,91182.7,91207.7,90955.6,91090.1,236483116.17240041
2025-01-13 14:14:59.964000+00:00,2025-01-13 14:00:00+00:00,continuous,91090.1,91112.0,90600.0,90814.5,452069780.30449724
2025-01-13 14:29:59.873000+00:00,2025-01-13 14:15:00+00:00,continuous,90814.4,91070.4,90728.3,90912.0,203045882.49529943
2025-01-13 14:44:59.980000+00:00,2025-01-13 14:30:00+00:00,continuous,90912.0,91538.4,88909.0,91201.5,2600208858.9120255
2025-01-13 14:59:59.957000+00:00,2025-01-13 14:45:00+00:00,continuous,91201.6,92292.8,90901.0,91800.0,1650102356.7419896
2025-01-13 15:14:59.955000+00:00,2025-01-13 15:00:00+00:00,continuous,91799.9,92471.0,91540.0,92366.9,790640976.8312051
2025-01-13 15:29:59.949000+00:00,2025-01-13 15:15:00+00:00,continuous,92367.0,93055.0,91993.2,92178.1,1051378172.1342891
2025-01-13 15:44:59.776000+00:00,2025-01-13 15:30:00+00:00,continuous,92178.0,92680.0,91887.0,92615.7,477511081.9746025
2025-01-13 15:59:59.843000+00:00,2025-01-13 15:45:00+00:00,continuous,92616.5,92648.6,92072.0,92093.6,302134401.35940045
2025-01-13 16:14:59.996000+00:00,2025-01-13 16:00:00+00:00,continuous,92093.7,92250.0,91574.6,91787.6,524780752.1971991
2025-01-13 16:29:59.927000+00:00,2025-01-13 16:15:00+00:00,continuous,91787.5,91934.1,91412.3,91661.7,479538411.4494003
2025-01-13 16:44:59.902000+00:00,2025-01-13 16:30:00+00:00,continuous,91661.7,92061.2,91350.0,92038.0,379061671.8331003
2025-01-13 16:59:59.892000+00:00,2025-01-13 16:45:00+00:00,continuous,92038.0,92150.8,91220.1,91322.9,438607333.1658972
2025-01-13 17:14:59.999000+00:00,2025-01-13 17:00:00+00:00,continuous,91322.9,92048.1,91207.8,91700.2,491091757.6550014
2025-01-13 17:29:59.713000+00:00,2025-01-13 17:15:00+00:00,continuous,91700.0,92105.0,91700.0,91998.7,221834963.1452998
2025-01-13 17:44:59.928000+00:00,2025-01-13 17:30:00+00:00,continuous,91998.7,92275.8,91601.8,91681.5,272427579.2519032
2025-01-13 17:59:59.967000+00:00,2025-01-13 17:45:00+00:00,continuous,91681.5,91975.1,91540.0,91942.4,165201809.3060993
2025-01-13 18:14:59.896000+00:00,2025-01-13 18:00:00+00:00,continuous,91942.5,92377.9,91802.7,92001.7,263287594.15699995
2025-01-13 18:29:59.961000+00:00,2025-01-13 18:15:00+00:00,continuous,92003.2,92015.4,91555.0,91686.5,222274709.52840048
2025-01-13 18:44:59.818000+00:00,2025-01-13 18:30:00+00:00,continuous,91687.2,92200.0,91687.2,91775.3,236389726.04549983
2025-01-13 18:59:59.834000+00:00,2025-01-13 18:45:00+00:00,continuous,91775.3,92221.0,91689.8,92039.3,215953343.39199913
2025-01-13 19:14:59.999000+00:00,2025-01-13 19:00:00+00:00,continuous,92039.3,92300.0,91913.3,91931.1,273691145.6243999
2025-01-13 19:29:59.897000+00:00,2025-01-13 19:15:00+00:00,continuous,91931.0,92162.3,91555.0,92128.0,274527793.3104984
2025-01-13 19:44:59.829000+00:00,2025-01-13 19:30:00+00:00,continuous,92128.0,92388.5,91975.5,92343.3,307200961.62490094
2025-01-13 19:59:59.550000+00:00,2025-01-13 19:45:00+00:00,continuous,92343.3,92501.5,91996.0,92274.8,255505722.79059976
2025-01-13 20:14:59.778000+00:00,2025-01-13 20:00:00+00:00,continuous,92274.9,92370.8,91929.9,91938.2,154663383.59809962
2025-01-13 20:29:59.498000+00:00,2025-01-13 20:15:00+00:00,continuous,91938.2,92329.5,91869.3,92100.1,124381183.17209966
2025-01-13 20:44:59.751000+00:00,2025-01-13 20:30:00+00:00,continuous,92100.1,92976.9,92078.7,92933.3,359862364.72710156
2025-01-13 20:59:59.956000+00:00,2025-01-13 20:45:00+00:00,continuous,92933.3,93761.0,92932.4,93541.9,667491265.4365026
2025-01-13 21:14:59.643000+00:00,2025-01-13 21:00:00+00:00,continuous,93541.9,93915.6,93352.1,93734.7,425019434.9157993
2025-01-13 21:29:59.872000+00:00,2025-01-13 21:15:00+00:00,continuous,93734.7,93863.2,93458.8,93813.4,226860397.84039912
2025-01-13 21:44:59.887000+00:00,2025-01-13 21:30:00+00:00,continuous,93813.4,94420.2,93690.0,94416.7,431947888.5040016
2025-01-13 21:59:59.632000+00:00,2025-01-13 21:45:00+00:00,continuous,94416.7,94433.7,94080.1,94160.7,212092613.0360005
2025-01-13 22:14:59.903000+00:00,2025-01-13 22:00:00+00:00,continuous,94160.7,94621.5,94100.0,94609.4,262758281.46970177
2025-01-13 22:29:59.897000+00:00,2025-01-13 22:15:00+00:00,continuous,94609.4,94681.1,94351.2,94510.1,215132793.2262998
2025-01-13 22:44:59.910000+00:00,2025-01-13 22:30:00+00:00,continuous,94510.2,94550.0,94166.6,94327.5,199409196.97389892
2025-01-13 22:59:59.900000+00:00,2025-01-13 22:45:00+00:00,continuous,94327.6,94422.1,94184.8,94360.1,76589330.62480025
2025-01-13 23:14:59.895000+00:00,2025-01-13 23:00:00+00:00,continuous,94360.1,94450.0,94143.7,94392.8,148225904.9864006
2025-01-13 23:29:59.109000+00:00,2025-01-13 23:15:00+00:00,continuous,94392.8,94414.6,94163.0,94233.4,68321493.45090014
2025-01-13 23:44:59.403000+00:00,2025-01-13 23:30:00+00:00,continuous,94233.4,94422.1,94204.5,94376.8,73694149.0584998
2025-01-13 23:59:59.779000+00:00,2025-01-13 23:45:00+00:00,continuous,94376.9,94591.3,94298.6,94485.3,117522867.43300058
2025-01-14 00:14:59.935000+00:00,2025-01-14 00:00:00+00:00,continuous,94485.4,94527.2,94324.7,94380.2,100656486.2268003
2025-01-14 00:29:59.803000+00:00,2025-01-14 00:15:00+00:00,continuous,94380.2,94852.1,94380.2,94535.0,245230724.07279974
2025-01-14 00:44:59.970000+00:00,2025-01-14 00:30:00+00:00,continuous,94535.1,94599.9,94306.3,94325.7,128130255.55669986
2025-01-14 00:59:59.960000+00:00,2025-01-14 00:45:00+00:00,continuous,94325.6,94530.0,94305.4,94439.2,79999347.89710055
2025-01-14 01:14:59.760000+00:00,2025-01-14 01:00:00+00:00,continuous,94439.3,95010.5,94422.7,94955.9,232879360.73540145
2025-01-14 01:29:59.918000+00:00,2025-01-14 01:15:00+00:00,continuous,94955.9,95021.9,94602.8,94890.6,184208085.60610008
2025-01-14 01:44:59.609000+00:00,2025-01-14 01:30:00+00:00,continuous,94890.7,94955.9,94617.0,94637.5,83026869.39280017
2025-01-14 01:59:59.785000+00:00,2025-01-14 01:45:00+00:00,continuous,94637.4,94821.3,94550.0,94798.5,109587260.14410041
2025-01-14 02:14:59.838000+00:00,2025-01-14 02:00:00+00:00,continuous,94798.4,94969.0,94703.0,94904.1,121793407.89339992
2025-01-14 02:29:59.906000+00:00,2025-01-14 02:15:00+00:00,continuous,94904.2,95260.0,94880.1,95169.6,289412802.60909843
2025-01-14 02:44:59.877000+00:00,2025-01-14 02:30:00+00:00,continuous,95169.6,95187.6,94934.9,94969.1,167976629.99060044
2025-01-14 02:59:59.910000+00:00,2025-01-14 02:45:00+00:00,continuous,94969.1,94998.8,94821.8,94848.4,105509079.52769983
2025-01-14 03:14:59.893000+00:00,2025-01-14 03:00:00+00:00,continuous,94848.5,94975.9,94782.6,94941.0,91637529.73849984
2025-01-14 03:29:59.611000+00:00,2025-01-14 03:15:00+00:00,continuous,94941.1,95074.6,94819.1,95004.3,89359858.68929994
2025-01-14 03:44:59.719000+00:00,2025-01-14 03:30:00+00:00,continuous,95004.4,95054.6,94830.0,94906.1,69887018.62629959
2025-01-14 03:59:59.967000+00:00,2025-01-14 03:45:00+00:00,continuous,94906.0,94942.9,94801.0,94821.2,52094246.81130004
2025-01-14 04:14:59.553000+00:00,2025-01-14 04:00:00+00:00,continuous,94821.3,95104.3,94821.2,95104.2,94589272.27900067
2025-01-14 04:29:59.590000+00:00,2025-01-14 04:15:00+00:00,continuous,95104.3,95114.9,94899.7,94904.7,51989213.10139992
2025-01-14 04:44:59.894000+00:00,2025-01-14 04:30:00+00:00,continuous,94904.7,94962.9,94787.0,94927.0,88516481.68069941
2025-01-14 04:59:59.905000+00:00,2025-01-14 04:45:00+00:00,continuous,94927.0,95084.2,94908.9,95076.8,50166623.54460002
2025-01-14 05:14:59.972000+00:00,2025-01-14 05:00:00+00:00,continuous,95076.8,95437.8,95067.7,95414.7,219263664.6339007
2025-01-14 05:29:59.907000+00:00,2025-01-14 05:15:00+00:00,continuous,95414.6,95416.6,95080.0,95126.6,124608800.94099933
2025-01-14 05:44:59.927000+00:00,2025-01-14 05:30:00+00:00,continuous,95126.7,95210.4,95040.8,95065.1,82376496.24419968
2025-01-14 05:59:59.968000+00:00,2025-01-14 05:45:00+00:00,continuous,95065.0,95073.9,94805.0,94886.3,105768192.35559982
2025-01-14 06:14:59.974000+00:00,2025-01-14 06:00:00+00:00,continuous,94886.3,94951.7,94729.3,94808.1,170797131.76780125
2025-01-14 06:29:59.853000+00:00,2025-01-14 06:15:00+00:00,continuous,94808.1,94883.9,94710.0,94789.8,78017654.31670022
2025-01-14 06:44:59.936000+00:00,2025-01-14 06:30:00+00:00,continuous,94789.7,94923.9,94710.7,94909.3,73081168.26809998
2025-01-14 06:59:59.835000+00:00,2025-01-14 06:45:00+00:00,continuous,94909.3,94999.0,94800.0,94998.9,54416429.35580016
2025-01-14 07:14:59.785000+00:00,2025-01-14 07:00:00+00:00,continuous,94999.0,95133.1,94954.7,95032.3,121869269.46539976
2025-01-14 07:29:59.680000+00:00,2025-01-14 07:15:00+00:00,continuous,95032.3,95042.0,94920.0,94997.8,71945582.27929999
2025-01-14 07:44:59.658000+00:00,2025-01-14 07:30:00+00:00,continuous,94997.8,95073.8,94802.1,94819.2,90769174.76229995
2025-01-14 07:59:59.812000+00:00,2025-01-14 07:45:00+00:00,continuous,94819.1,94875.9,94810.1,94823.3,44109120.9301002
2025-01-14 08:14:59.954000+00:00,2025-01-14 08:00:00+00:00,continuous,94823.4,95577.0,94823.3,95501.0,424433687.34370315
2025-01-14 08:29:59.918000+00:00,2025-01-14 08:15:00+00:00,continuous,95501.0,95733.9,95206.0,95315.6,340967257.2322024
2025-01-14 08:44:59.978000+00:00,2025-01-14 08:30:00+00:00,continuous,95315.5,95650.0,95253.6,95601.3,206870148.77060053
2025-01-14 08:59:59.784000+00:00,2025-01-14 08:45:00+00:00,continuous,95601.3,95797.9,95437.8,95451.9,206634140.88930094
2025-01-14 09:14:59.971000+00:00,2025-01-14 09:00:00+00:00,continuous,95452.0,95828.9,95414.0,95827.0,279613356.56140083
2025-01-14 09:29:59.806000+00:00,2025-01-14 09:15:00+00:00,continuous,95827.1,96433.6,95754.2,96379.6,730290592.6693022
2025-01-14 09:44:59.938000+00:00,2025-01-14 09:30:00+00:00,continuous,96379.6,96849.9,96216.4,96739.9,525293302.9322058
2025-01-14 09:59:59.902000+00:00,2025-01-14 09:45:00+00:00,continuous,96739.8,97353.9,96650.0,97130.0,990230232.5715247
2025-01-14 10:14:59.781000+00:00,2025-01-14 10:00:00+00:00,continuous,97129.9,97155.0,96633.0,96717.0,492061101.00620157
2025-01-14 10:29:59.966000+00:00,2025-01-14 10:15:00+00:00,continuous,96717.0,96921.6,96617.0,96716.1,281027190.642398
2025-01-14 10:44:59.780000+00:00,2025-01-14 10:30:00+00:00,continuous,96716.1,96753.4,96550.0,96734.1,192106197.2676012
2025-01-14 10:59:59.956000+00:00,2025-01-14 10:45:00+00:00,continuous,96734.0,96780.9,96541.3,96648.2,104657342.7632997
2025-01-14 11:14:59.879000+00:00,2025-01-14 11:00:00+00:00,continuous,96648.1,96660.0,96516.2,96560.0,100750518.00769958
2025-01-14 11:29:59.962000+00:00,2025-01-14 11:15:00+00:00,continuous,96560.0,96599.9,96309.6,96427.8,216986163.348099
2025-01-14 11:44:59.924000+00:00,2025-01-14 11:30:00+00:00,continuous,96427.9,96650.7,96340.1,96611.0,166674496.25819987
2025-01-14 11:59:59.893000+00:00,2025-01-14 11:45:00+00:00,continuous,96611.1,96620.0,96466.1,96508.4,111639873.08010015
2025-01-14 12:14:59.843000+00:00,2025-01-14 12:00:00+00:00,continuous,96508.3,96682.7,96255.5,96300.0,255210487.34349924
2025-01-14 12:29:59.994000+00:00,2025-01-14 12:15:00+00:00,continuous,96299.9,96345.4,95949.9,96141.6,344075597.96110016
2025-01-14 12:44:59.872000+00:00,2025-01-14 12:30:00+00:00,continuous,96141.6,96304.9,96065.2,96130.9,113057210.48939972
2025-01-14 12:59:59.997000+00:00,2025-01-14 12:45:00+00:00,continuous,96130.8,96222.2,95945.7,95953.4,122930588.1176001
2025-01-14 13:14:59.898000+00:00,2025-01-14 13:00:00+00:00,continuous,95953.5,96090.0,95810.0,95968.7,221136318.53760004
2025-01-14 13:29:59.898000+00:00,2025-01-14 13:15:00+00:00,continuous,95968.7,96000.0,95715.8,95880.0,198648218.09649965
2025-01-14 13:44:59.695000+00:00,2025-01-14 13:30:00+00:00,continuous,95880.0,97250.0,95880.0,96255.6,1360522855.9960647
2025-01-14 13:59:59.917000+00:00,2025-01-14 13:45:00+00:00,continuous,96255.6,96666.6,96234.0,96295.4,323842855.3538989
2025-01-14 14:14:59.959000+00:00,2025-01-14 14:00:00+00:00,continuous,96295.3,96392.3,95968.8,96293.9,263542239.91529927
2025-01-14 14:29:59.827000+00:00,2025-01-14 14:15:00+00:00,continuous,96293.9,96795.5,96195.3,96742.3,278966282.59079903
2025-01-14 14:44:59.874000+00:00,2025-01-14 14:30:00+00:00,continuous,96742.3,97232.3,96561.1,96772.4,691536562.8517983
2025-01-14 14:59:59.961000+00:00,2025-01-14 14:45:00+00:00,continuous,96772.4,96850.0,96099.5,96249.0,455694974.7975974
2025-01-14 15:14:59.916000+00:00,2025-01-14 15:00:00+00:00,continuous,96249.9,96845.0,96139.2,96757.7,321013198.09870166
2025-01-14 15:29:59.984000+00:00,2025-01-14 15:15:00+00:00,continuous,96757.7,96939.0,96280.1,96459.7,264377845.95719963
2025-01-14 15:44:59.980000+00:00,2025-01-14 15:30:00+00:00,continuous,96459.9,96857.1,96330.0,96819.2,268021862.72029936
2025-01-14 15:59:59.778000+00:00,2025-01-14 15:45:00+00:00,continuous,96819.3,96819.3,96411.2,96416.7,297471009.6451978
2025-01-14 16:14:59.903000+00:00,2025-01-14 16:00:00+00:00,continuous,96416.8,96416.8,95610.7,95998.0,856074236.2992997
2025-01-14 16:29:59.957000+00:00,2025-01-14 16:15:00+00:00,continuous,95998.1,96305.2,95770.3,95819.5,390174480.9572993
2025-01-14 16:44:59.986000+00:00,2025-01-14 16:30:00+00:00,continuous,95819.6,95959.9,95328.1,95415.1,433700833.61540216
2025-01-14 16:59:59.913000+00:00,2025-01-14 16:45:00+00:00,continuous,95415.2,95800.0,95309.9,95703.8,275929189.9987016
2025-01-14 17:14:59.997000+00:00,2025-01-14 17:00:00+00:00,continuous,95703.8,96111.0,95540.0,96017.4,246688189.72410166
2025-01-14 17:29:59.975000+00:00,2025-01-14 17:15:00+00:00,continuous,96017.5,96185.9,95687.3,96000.9,186821959.13750023
2025-01-14 17:44:59.869000+00:00,2025-01-14 17:30:00+00:00,continuous,96000.9,96249.0,95669.0,96125.8,184440641.93590075
2025-01-14 17:59:59.941000+00:00,2025-01-14 17:45:00+00:00,continuous,96125.8,96500.0,96048.4,96481.3,241472804.09050006
2025-01-14 18:14:59.618000+00:00,2025-01-14 18:00:00+00:00,continuous,96481.2,96650.8,96280.2,96289.0,226025663.9452999
2025-01-14 18:29:59.994000+00:00,2025-01-14 18:15:00+00:00,continuous,96289.1,96654.5,96240.2,96590.5,145468509.31320027
2025-01-14 18:44:59.991000+00:00,2025-01-14 18:30:00+00:00,continuous,96590.0,96833.1,96505.3,96719.4,193286846.42019948
2025-01-14 18:59:59.264000+00:00,2025-01-14 18:45:00+00:00,continuous,96719.4,96921.0,96618.8,96726.8,159533555.38059962
2025-01-14 19:14:59.597000+00:00,2025-01-14 19:00:00+00:00,continuous,96726.7,96886.3,96566.0,96882.6,153401009.51580027
2025-01-14 19:29:59.978000+00:00,2025-01-14 19:15:00+00:00,continuous,96882.7,96992.0,96743.9,96825.8,157858871.6016002
2025-01-14 19:44:59.968000+00:00,2025-01-14 19:30:00+00:00,continuous,96825.9,97044.8,96777.0,96843.5,140533337.39790052
2025-01-14 19:59:59.922000+00:00,2025-01-14 19:45:00+00:00,continuous,96843.6,96868.8,96421.8,96496.5,203077607.71070033
2025-01-14 20:14:59.769000+00:00,2025-01-14 20:00:00+00:00,continuous,96496.5,96562.6,96100.1,96407.6,248945715.62489945
2025-01-14 20:29:59.686000+00:00,2025-01-14 20:15:00+00:00,continuous,96409.1,96882.8,96409.1,96842.3,175364945.5841008
2025-01-14 20:44:59.738000+00:00,2025-01-14 20:30:00+00:00,continuous,96842.3,96864.0,96313.3,96523.0,164674315.40229967
2025-01-14 20:59:59.977000+00:00,2025-01-14 20:45:00+00:00,continuous,96523.1,96686.7,96312.8,96460.1,173804025.56829873
2025-01-14 21:14:59.314000+00:00,2025-01-14 21:00:00+00:00,continuous,96460.3,96650.0,96397.2,96523.7,117207055.42329997
2025-01-14 21:29:59.962000+00:00,2025-01-14 21:15:00+00:00,continuous,96523.7,96623.7,96470.2,96470.2,76375592.20159996
2025-01-14 21:44:59.210000+00:00,2025-01-14 21:30:00+00:00,continuous,96470.2,96470.2,96269.6,96416.9,62478286.41449986
2025-01-14 21:59:59.527000+00:00,2025-01-14 21:45:00+00:00,continuous,96416.8,96448.0,96297.4,96448.0,50016314.81639994
2025-01-14 22:14:59.600000+00:00,2025-01-14 22:00:00+00:00,continuous,96448.0,96563.2,96407.0,96494.1,49720182.92469964
2025-01-14 22:29:59.642000+00:00,2025-01-14 22:15:00+00:00,continuous,96494.2,96621.1,96438.0,96610.5,38090890.82679994
2025-01-14 22:44:59.891000+00:00,2025-01-14 22:30:00+00:00,continuous,96610.5,96665.9,96482.8,96588.4,37078236.74819988
2025-01-14 22:59:59.913000+00:00,2025-01-14 22:45:00+00:00,continuous,96588.4,96710.8,96527.4,96643.7,42018866.86099982
2025-01-14 23:14:59.913000+00:00,2025-01-14 23:00:00+00:00,continuous,96643.7,96745.3,96520.8,96549.2,67564381.98329982
2025-01-14 23:29:59.504000+00:00,2025-01-14 23:15:00+00:00,continuous,96549.3,96647.0,96468.2,96480.1,41323913.668399945
2025-01-14 23:44:59.765000+00:00,2025-01-14 23:30:00+00:00,continuous,96480.1,96686.3,96450.5,96625.1,41359735.34289997
2025-01-14 23:59:59.830000+00:00,2025-01-14 23:45:00+00:00,continuous,96625.1,96674.2,96480.3,96514.9,42322568.955000184
2025-01-15 00:14:59.896000+00:00,2025-01-15 00:00:00+00:00,continuous,96514.9,96827.8,96450.2,96798.0,98302318.62169996
2025-01-15 00:29:59.837000+00:00,2025-01-15 00:15:00+00:00,continuous,96798.0,97243.0,96706.9,97171.4,344540331.94260067
2025-01-15 00:44:59.891000+00:00,2025-01-15 00:30:00+00:00,continuous,97171.5,97300.0,96750.3,96811.0,215955278.50879884
2025-01-15 00:59:59.422000+00:00,2025-01-15 00:45:00+00:00,continuous,96811.1,96957.6,96719.9,96852.0,78241505.6075997
2025-01-15 01:14:59.985000+00:00,2025-01-15 01:00:00+00:00,continuous,96852.0,97171.5,96752.5,96955.2,155761814.81050026
2025-01-15 01:29:59.644000+00:00,2025-01-15 01:15:00+00:00,continuous,96955.3,97164.9,96802.0,97077.1,101917296.9433001
2025-01-15 01:44:59.956000+00:00,2025-01-15 01:30:00+00:00,continuous,97077.0,97409.3,96940.8,97245.3,288138600.94089925
2025-01-15 01:59:59.865000+00:00,2025-01-15 01:45:00+00:00,continuous,97244.8,97530.2,96973.0,97306.2,320228163.826999
2025-01-15 02:14:59.889000+00:00,2025-01-15 02:00:00+00:00,continuous,97306.2,97418.7,97059.4,97114.4,221139456.54580027
2025-01-15 02:29:59.940000+00:00,2025-01-15 02:15:00+00:00,continuous,97114.4,97130.0,96902.4,96907.9,141567363.9336993
2025-01-15 02:44:59.682000+00:00,2025-01-15 02:30:00+00:00,continuous,96908.0,96940.9,96700.1,96850.2,172548065.1789
2025-01-15 02:59:59.789000+00:00,2025-01-15 02:45:00+00:00,continuous,96850.1,97028.5,96781.3,96781.3,71418890.14520027
2025-01-15 03:14:59.855000+00:00,2025-01-15 03:00:00+00:00,continuous,96781.4,97190.8,96781.3,97026.9,98748698.6608
2025-01-15 03:29:59.991000+00:00,2025-01-15 03:15:00+00:00,continuous,97027.0,97134.8,96719.8,96892.7,94216733.48409961
2025-01-15 03:44:59.343000+00:00,2025-01-15 03:30:00+00:00,continuous,96892.7,97150.0,96877.0,97040.5,80180878.27620009
2025-01-15 03:59:59.926000+00:00,2025-01-15 03:45:00+00:00,continuous,97040.5,97297.2,96967.4,97288.7,82595838.91119994
2025-01-15 04:14:59.877000+00:00,2025-01-15 04:00:00+00:00,continuous,97288.8,97688.0,97213.0,97257.2,483033527.81490403
2025-01-15 04:29:59.658000+00:00,2025-01-15 04:15:00+00:00,continuous,97257.3,97392.9,97033.6,97227.6,188296133.28240022
2025-01-15 04:44:59.947000+00:00,2025-01-15 04:30:00+00:00,continuous,97227.5,97345.0,97152.4,97199.9,99091681.99540009
2025-01-15 04:59:59.571000+00:00,2025-01-15 04:45:00+00:00,continuous,97199.9,97222.6,97116.0,97151.7,67169261.03980003
2025-01-15 05:14:59.857000+00:00,2025-01-15 05:00:00+00:00,continuous,97151.7,97212.4,96771.6,96810.4,230367499.04420012
2025-01-15 05:29:59.526000+00:00,2025-01-15 05:15:00+00:00,continuous,96810.5,96995.4,96689.2,96934.2,260447107.47829947
2025-01-15 05:44:59.994000+00:00,2025-01-15 05:30:00+00:00,continuous,96934.2,96988.4,96838.8,96950.2,52381724.90620006
2025-01-15 05:59:59.876000+00:00,2025-01-15 05:45:00+00:00,continuous,96950.2,97035.2,96941.9,96989.1,44287701.94910022
2025-01-15 06:14:59.887000+00:00,2025-01-15 06:00:00+00:00,continuous,96989.2,97066.4,96852.1,96852.2,78737526.62090039
2025-01-15 06:29:59.837000+00:00,2025-01-15 06:15:00+00:00,continuous,96852.1,97000.0,96816.8,96816.8,54121652.61029993
2025-01-15 06:44:59.335000+00:00,2025-01-15 06:30:00+00:00,continuous,96816.8,96973.8,96806.5,96932.1,64690032.414100006
2025-01-15 06:59:59.907000+00:00,2025-01-15 06:45:00+00:00,continuous,96932.1,97111.2,96923.0,97062.0,61381769.76120058
2025-01-15 07:14:59.252000+00:00,2025-01-15 07:00:00+00:00,continuous,97061.9,97200.0,97061.9,97113.2,52322799.43359992
2025-01-15 07:29:59.997000+00:00,2025-01-15 07:15:00+00:00,continuous,97113.3,97525.0,97113.3,97489.8,171891223.99340016
2025-01-15 07:44:59.948000+00:00,2025-01-15 07:30:00+00:00,continuous,97489.9,97549.2,97200.0,97200.0,167734364.28140032
2025-01-15 07:59:59.791000+00:00,2025-01-15 07:45:00+00:00,continuous,97200.0,97292.4,97121.9,97253.7,87758905.81929962
2025-01-15 08:14:59.473000+00:00,2025-01-15 08:00:00+00:00,continuous,97253.7,97425.8,97186.0,97298.0,84133442.73230016
2025-01-15 08:29:59.621000+00:00,2025-01-15 08:15:00+00:00,continuous,97298.0,97470.0,97115.0,97470.0,115323717.3655
2025-01-15 08:44:59.721000+00:00,2025-01-15 08:30:00+00:00,continuous,97469.9,97488.0,97301.7,97343.7,93603657.61860046
2025-01-15 08:59:59.960000+00:00,2025-01-15 08:45:00+00:00,continuous,97343.7,97343.7,97140.0,97160.1,69915827.04629986
2025-01-15 09:14:59.605000+00:00,2025-01-15 09:00:00+00:00,continuous,97160.0,97325.6,97125.0,97276.1,73296596.18820016
2025-01-15 09:29:59.906000+00:00,2025-01-15 09:15:00+00:00,continuous,97276.1,97317.8,96836.4,96836.4,171896931.73820007
2025-01-15 09:44:59.860000+00:00,2025-01-15 09:30:00+00:00,continuous,96836.4,97008.8,96825.6,97008.8,210783246.7344985
2025-01-15 09:59:59.797000+00:00,2025-01-15 09:45:00+00:00,continuous,97008.8,97008.8,96720.0,96777.1,202758032.7837013
2025-01-15 10:14:59.874000+00:00,2025-01-15 10:00:00+00:00,continuous,96777.1,96969.2,96670.0,96849.3,219972970.59920132
2025-01-15 10:29:59.926000+00:00,2025-01-15 10:15:00+00:00,continuous,96849.3,97059.7,96792.4,97023.5,113472664.86459991
2025-01-15 10:44:59.874000+00:00,2025-01-15 10:30:00+00:00,continuous,97023.4,97096.1,96931.3,96971.6,61267637.65890039
2025-01-15 10:59:59.525000+00:00,2025-01-15 10:45:00+00:00,continuous,96971.5,97012.7,96824.2,96889.1,65974479.730400085
2025-01-15 11:14:59.922000+00:00,2025-01-15 11:00:00+00:00,continuous,96889.0,96900.0,96603.4,96768.6,135879086.55109972
2025-01-15 11:29:59.633000+00:00,2025-01-15 11:15:00+00:00,continuous,96768.6,96778.4,96480.0,96609.6,222500152.73290005
2025-01-15 11:44:59.632000+00:00,2025-01-15 11:30:00+00:00,continuous,96609.6,96706.7,96506.9,96650.0,110368992.47769912
2025-01-15 11:59:59.642000+00:00,2025-01-15 11:45:00+00:00,continuous,96650.0,96753.9,96616.6,96725.4,81655799.0337004
2025-01-15 12:14:59.940000+00:00,2025-01-15 12:00:00+00:00,continuous,96725.5,96755.0,96571.6,96580.0,79198751.13299996
2025-01-15 12:29:59.952000+00:00,2025-01-15 12:15:00+00:00,continuous,96580.0,96604.0,96500.0,96549.9,116155772.44489981
2025-01-15 12:44:59.994000+00:00,2025-01-15 12:30:00+00:00,continuous,96550.0,97166.9,96530.4,97047.2,245883347.9691004
2025-01-15 12:59:59.750000+00:00,2025-01-15 12:45:00+00:00,continuous,97047.1,97047.1,96856.2,96896.3,133120831.73850027
2025-01-15 13:14:59.936000+00:00,2025-01-15 13:00:00+00:00,continuous,96896.4,97043.9,96873.4,96892.6,121079433.61740023
2025-01-15 13:29:59.749000+00:00,2025-01-15 13:15:00+00:00,continuous,96892.6,97299.4,96802.8,97244.5,292905339.669401
2025-01-15 13:44:59.961000+00:00,2025-01-15 13:30:00+00:00,continuous,97244.4,98599.9,97240.0,98457.5,2229489591.718805
2025-01-15 13:59:59.837000+00:00,2025-01-15 13:45:00+00:00,continuous,98457.4,99000.0,98440.3,98916.1,901487232.4092991
2025-01-15 14:14:59.982000+00:00,2025-01-15 14:00:00+00:00,continuous,98916.1,99410.0,98714.3,98906.9,904491298.4171966
2025-01-15 14:29:59.999000+00:00,2025-01-15 14:15:00+00:00,continuous,98907.0,99112.4,98572.0,98680.0,560277827.8518001
2025-01-15 14:44:59.994000+00:00,2025-01-15 14:30:00+00:00,continuous,98680.1,99050.0,98588.8,98953.4,479606324.94939905
2025-01-15 14:59:59.964000+00:00,2025-01-15 14:45:00+00:00,continuous,98953.4,99465.8,98785.5,99382.4,507832948.60310376
2025-01-15 15:14:59.996000+00:00,2025-01-15 15:00:00+00:00,continuous,99382.3,99669.0,99224.0,99247.7,733168888.5804055
2025-01-15 15:29:59.995000+00:00,2025-01-15 15:15:00+00:00,continuous,99247.2,99746.6,99076.9,99664.9,411551372.81780046
2025-01-15 15:44:59.964000+00:00,2025-01-15 15:30:00+00:00,continuous,99663.4,99670.0,99190.0,99223.9,377880185.97659904
2025-01-15 15:59:59.971000+00:00,2025-01-15 15:45:00+00:00,continuous,99223.8,99443.3,98916.3,98943.4,336647263.2744003
2025-01-15 16:14:59.930000+00:00,2025-01-15 16:00:00+00:00,continuous,98943.3,99436.4,98943.3,99379.5,281519696.4047023
2025-01-15 16:29:59.729000+00:00,2025-01-15 16:15:00+00:00,continuous,99379.5,99419.2,99030.1,99223.3,204246923.78730068
2025-01-15 16:44:59.984000+00:00,2025-01-15 16:30:00+00:00,continuous,99223.3,99223.3,98830.8,98950.0,241807236.87120244
2025-01-15 16:59:59.821000+00:00,2025-01-15 16:45:00+00:00,continuous,98950.0,99086.0,98866.6,98948.0,186147301.87400028
2025-01-15 17:14:59.930000+00:00,2025-01-15 17:00:00+00:00,continuous,98948.1,99269.0,98926.4,99219.4,175268752.8521008
2025-01-15 17:29:59.903000+00:00,2025-01-15 17:15:00+00:00,continuous,99219.4,99283.9,98964.9,99056.0,131157828.7690997
2025-01-15 17:44:59.800000+00:00,2025-01-15 17:30:00+00:00,continuous,99055.9,99261.0,98974.6,99041.3,95651281.97069967
2025-01-15 17:59:59.697000+00:00,2025-01-15 17:45:00+00:00,continuous,99041.2,99090.4,98550.1,98596.4,306930326.46630174
2025-01-15 18:14:59.829000+00:00,2025-01-15 18:00:00+00:00,continuous,98596.4,98863.9,98596.4,98850.9,182272670.07190093
2025-01-15 18:29:59.844000+00:00,2025-01-15 18:15:00+00:00,continuous,98850.9,99105.8,98850.9,99027.2,130367343.3080003
2025-01-15 18:44:59.709000+00:00,2025-01-15 18:30:00+00:00,continuous,99027.1,99223.7,98939.5,99175.4,136240865.1606997
2025-01-15 18:59:59.939000+00:00,2025-01-15 18:45:00+00:00,continuous,99175.3,99400.0,99161.4,99385.1,183915406.83100018
2025-01-15 19:14:59.925000+00:00,2025-01-15 19:00:00+00:00,continuous,99385.0,99528.8,99285.0,99326.7,219162803.3855008
2025-01-15 19:29:59.439000+00:00,2025-01-15 19:15:00+00:00,continuous,99327.1,99427.3,99233.0,99298.7,99391650.19700022
2025-01-15 19:44:59.977000+00:00,2025-01-15 19:30:00+00:00,continuous,99298.6,99665.7,99283.9,99370.0,217213897.80959877
2025-01-15 19:59:59.950000+00:00,2025-01-15 19:45:00+00:00,continuous,99370.1,100038.1,99350.0,99807.4,613922281.7532995
2025-01-15 20:14:59.548000+00:00,2025-01-15 20:00:00+00:00,continuous,99807.4,100391.5,99690.0,100200.8,603161235.586193
2025-01-15 20:29:59.904000+00:00,2025-01-15 20:15:00+00:00,continuous,100200.9,100658.9,100082.5,100145.6,535853178.23039585
2025-01-15 20:44:59.999000+00:00,2025-01-15 20:30:00+00:00,continuous,100145.5,100156.6,99631.2,99700.2,431300639.86120045
2025-01-15 20:59:59.978000+00:00,2025-01-15 20:45:00+00:00,continuous,99700.1,99782.8,99410.3,99516.0,392063666.311398
2025-01-15 21:14:59.846000+00:00,2025-01-15 21:00:00+00:00,continuous,99516.5,99771.6,99430.9,99711.2,171618786.82719946
2025-01-15 21:29:59.955000+00:00,2025-01-15 21:15:00+00:00,continuous,99711.1,99810.6,99598.0,99730.3,82871249.04409985
2025-01-15 21:44:59.734000+00:00,2025-01-15 21:30:00+00:00,continuous,99730.2,99751.0,99534.2,99543.7,54572385.29369989
2025-01-15 21:59:59.811000+00:00,2025-01-15 21:45:00+00:00,continuous,99543.7,99786.9,99507.3,99628.0,67505259.84980021
2025-01-15 22:14:59.865000+00:00,2025-01-15 22:00:00+00:00,continuous,99628.0,99649.2,99509.0,99568.9,71746600.45099992
2025-01-15 22:29:59.439000+00:00,2025-01-15 22:15:00+00:00,continuous,99569.0,99609.5,99528.1,99534.9,46389193.28709988
2025-01-15 22:44:59.951000+00:00,2025-01-15 22:30:00+00:00,continuous,99534.9,99768.1,99534.9,99736.6,87291672.54110041
2025-01-15 22:59:59.661000+00:00,2025-01-15 22:45:00+00:00,continuous,99736.6,99810.0,99637.7,99674.2,61534207.07040011
2025-01-15 23:14:59.858000+00:00,2025-01-15 23:00:00+00:00,continuous,99674.2,99730.0,99578.3,99626.3,102051913.98889948
2025-01-15 23:29:59.881000+00:00,2025-01-15 23:15:00+00:00,continuous,99626.3,100145.6,99620.3,100095.3,188571904.48979932
2025-01-15 23:44:59.564000+00:00,2025-01-15 23:30:00+00:00,continuous,100095.3,100255.6,99849.3,100245.6,215894430.0635998
2025-01-15 23:59:59.991000+00:00,2025-01-15 23:45:00+00:00,continuous,100245.6,100500.0,100047.7,100460.0,179389482.66490027
2025-01-16 00:14:59.975000+00:00,2025-01-16 00:00:00+00:00,continuous,100460.1,100850.0,100245.6,100254.6,467355996.2829019
2025-01-16 00:29:59.981000+00:00,2025-01-16 00:15:00+00:00,continuous,100254.6,100500.1,100020.0,100300.0,229506932.46360242
2025-01-16 00:44:59.896000+00:00,2025-01-16 00:30:00+00:00,continuous,100300.0,100381.0,99612.0,99811.9,328931110.7128992
2025-01-16 00:59:59.761000+00:00,2025-01-16 00:45:00+00:00,continuous,99811.8,99880.0,99635.2,99831.5,168598279.98339906
2025-01-16 01:14:59.807000+00:00,2025-01-16 01:00:00+00:00,continuous,99831.5,100085.2,99773.7,99974.5,144577680.0083001
2025-01-16 01:29:59.971000+00:00,2025-01-16 01:15:00+00:00,continuous,99974.4,100057.8,99790.0,99936.9,78067614.17710018
2025-01-16 01:44:59.906000+00:00,2025-01-16 01:30:00+00:00,continuous,99936.9,100120.9,99829.8,100058.0,89620541.79410017
2025-01-16 01:59:59.921000+00:00,2025-01-16 01:45:00+00:00,continuous,100058.0,100166.8,99946.1,100046.1,69404898.36990008
2025-01-16 02:14:59.859000+00:00,2025-01-16 02:00:00+00:00,continuous,100046.1,100085.9,99868.8,100000.0,69256565.81420033
2025-01-16 02:29:59.995000+00:00,2025-01-16 02:15:00+00:00,continuous,100000.0,100000.1,99660.0,99682.6,106396914.6718
2025-01-16 02:44:59.827000+00:00,2025-01-16 02:30:00+00:00,continuous,99682.7,99844.1,99519.4,99583.9,125023123.65539959
2025-01-16 02:59:59.895000+00:00,2025-01-16 02:45:00+00:00,continuous,99583.8,99644.4,99430.1,99595.0,175152703.52840006
2025-01-16 03:14:59.973000+00:00,2025-01-16 03:00:00+00:00,continuous,99594.9,99810.2,99534.9,99660.8,111428746.19140038
2025-01-16 03:29:59.927000+00:00,2025-01-16 03:15:00+00:00,continuous,99660.9,99694.9,99464.3,99501.5,113443360.78269976
2025-01-16 03:44:59.761000+00:00,2025-01-16 03:30:00+00:00,continuous,99501.5,99513.9,99106.8,99421.5,384487683.6809035
2025-01-16 03:59:59.953000+00:00,2025-01-16 03:45:00+00:00,continuous,99421.5,99508.9,99329.9,99438.8,164234802.06850114
2025-01-16 04:14:59.908000+00:00,2025-01-16 04:00:00+00:00,continuous,99438.9,99635.0,99438.8,99586.7,96051547.97100046
2025-01-16 04:29:59.934000+00:00,2025-01-16 04:15:00+00:00,continuous,99586.7,99623.3,99509.2,99568.2,38328355.07709994
2025-01-16 04:44:59.936000+00:00,2025-01-16 04:30:00+00:00,continuous,99568.1,99662.0,99545.5,99558.2,47778908.1985
2025-01-16 04:59:59.512000+00:00,2025-01-16 04:45:00+00:00,continuous,99558.2,99576.6,99507.0,99573.1,32722539.14049996
2025-01-16 05:14:59.962000+00:00,2025-01-16 05:00:00+00:00,continuous,99573.0,99573.0,99334.0,99334.0,109027553.2944998
2025-01-16 05:29:59.934000+00:00,2025-01-16 05:15:00+00:00,continuous,99334.0,99522.5,99313.5,99483.9,62684813.4079
2025-01-16 05:44:59.885000+00:00,2025-01-16 05:30:00+00:00,continuous,99483.8,99582.9,99364.3,99398.1,61721409.62770021
2025-01-16 05:59:59.997000+00:00,2025-01-16 05:45:00+00:00,continuous,99398.1,99470.8,99321.4,99345.1,51220337.1779001
2025-01-16 06:14:59.998000+00:00,2025-01-16 06:00:00+00:00,continuous,99345.0,99450.0,99284.2,99425.4,81474202.8982003
2025-01-16 06:29:59.939000+00:00,2025-01-16 06:15:00+00:00,continuous,99425.5,99650.0,99361.3,99650.0,147781652.90439934
2025-01-16 06:44:59.886000+00:00,2025-01-16 06:30:00+00:00,continuous,99650.0,99869.2,99648.2,99747.2,209038957.01809964
2025-01-16 06:59:59.980000+00:00,2025-01-16 06:45:00+00:00,continuous,99747.3,99780.5,99652.4,99749.0,83276420.96250008
2025-01-16 07:14:59.596000+00:00,2025-01-16 07:00:00+00:00,continuous,99749.0,99800.0,99652.1,99714.5,77911032.69849959
2025-01-16 07:29:59.965000+00:00,2025-01-16 07:15:00+00:00,continuous,99714.4,99778.1,99595.7,99680.0,43905132.83420018
2025-01-16 07:44:59.361000+00:00,2025-01-16 07:30:00+00:00,continuous,99679.9,99742.4,99608.7,99713.6,46504384.78770011
2025-01-16 07:59:59.962000+00:00,2025-01-16 07:45:00+00:00,continuous,99713.5,99767.4,99640.3,99756.5,60547957.82290003
2025-01-16 08:14:59.800000+00:00,2025-01-16 08:00:00+00:00,continuous,99756.5,99787.8,99663.8,99752.7,95389701.8320998
2025-01-16 08:29:59.659000+00:00,2025-01-16 08:15:00+00:00,continuous,99752.8,99780.0,99348.0,99522.6,161865630.4299006
2025-01-16 08:44:59.974000+00:00,2025-01-16 08:30:00+00:00,continuous,99522.5,99522.6,98939.3,99004.2,482500978.88550097
2025-01-16 08:59:59.560000+00:00,2025-01-16 08:45:00+00:00,continuous,99005.0,99089.8,98557.8,98910.0,688736586.3428903
2025-01-16 09:14:59.978000+00:00,2025-01-16 09:00:00+00:00,continuous,98909.9,99036.5,98590.0,98806.5,342431085.6244996
2025-01-16 09:29:59.938000+00:00,2025-01-16 09:15:00+00:00,continuous,98805.1,98979.9,98680.0,98895.3,164915049.8805011
2025-01-16 09:44:59.801000+00:00,2025-01-16 09:30:00+00:00,continuous,98895.4,99080.0,98770.0,99033.9,144900186.8194004
2025-01-16 09:59:59.890000+00:00,2025-01-16 09:45:00+00:00,continuous,99034.1,99278.1,99017.0,99106.1,221336639.53600076
2025-01-16 10:14:59.849000+00:00,2025-01-16 10:00:00+00:00,continuous,99106.1,99267.3,99066.5,99180.4,93416408.13820012
2025-01-16 10:29:59.955000+00:00,2025-01-16 10:15:00+00:00,continuous,99180.3,99340.4,99116.0,99304.3,105132685.53400016
2025-01-16 10:44:59.648000+00:00,2025-01-16 10:30:00+00:00,continuous,99304.3,99371.8,99155.9,99177.3,124539539.75639994
2025-01-16 10:59:59.865000+00:00,2025-01-16 10:45:00+00:00,continuous,99177.2,99268.1,99141.9,99165.0,52040940.26760021
2025-01-16 11:14:59.965000+00:00,2025-01-16 11:00:00+00:00,continuous,99165.1,99300.1,98981.0,99160.6,190262179.9254985
2025-01-16 11:29:59.666000+00:00,2025-01-16 11:15:00+00:00,continuous,99160.7,99183.6,98680.1,99024.5,352309187.5885999
2025-01-16 11:44:59.470000+00:00,2025-01-16 11:30:00+00:00,continuous,99024.5,99155.0,98882.3,99039.0,100157379.75780006
2025-01-16 11:59:59.913000+00:00,2025-01-16 11:45:00+00:00,continuous,99039.0,99245.2,98999.1,99107.1,104226312.25820038
2025-01-16 12:14:59.897000+00:00,2025-01-16 12:00:00+00:00,continuous,99107.1,99265.1,98840.0,99210.3,185279673.9866999
2025-01-16 12:29:59.724000+00:00,2025-01-16 12:15:00+00:00,continuous,99210.4,99438.4,99125.3,99151.1,237839795.49700034
2025-01-16 12:44:59.711000+00:00,2025-01-16 12:30:00+00:00,continuous,99151.1,99479.7,99151.0,99307.6,139796952.7429987
2025-01-16 12:59:59.761000+00:00,2025-01-16 12:45:00+00:00,continuous,99307.5,99463.3,99212.0,99335.9,177751262.43690008
2025-01-16 13:14:59.972000+00:00,2025-01-16 13:00:00+00:00,continuous,99336.0,99368.8,98797.8,98850.1,246017176.30899894
2025-01-16 13:29:59.980000+00:00,2025-01-16 13:15:00+00:00,continuous,98850.1,99131.9,98700.0,98745.1,177882474.3400009
2025-01-16 13:44:59.878000+00:00,2025-01-16 13:30:00+00:00,continuous,98742.0,99384.6,98700.4,99329.5,413466429.94779867
2025-01-16 13:59:59.959000+00:00,2025-01-16 13:45:00+00:00,continuous,99329.6,99379.3,99000.1,99030.7,142518351.40980026
2025-01-16 14:14:59.734000+00:00,2025-01-16 14:00:00+00:00,continuous,99030.7,99120.1,98805.0,99083.9,150482432.48150113
2025-01-16 14:29:59.963000+00:00,2025-01-16 14:15:00+00:00,continuous,99083.9,99362.2,99077.9,99299.5,129601456.91819979
2025-01-16 14:44:59.991000+00:00,2025-01-16 14:30:00+00:00,continuous,99299.4,99299.5,98175.2,98228.4,748386497.7323011
2025-01-16 14:59:59.978000+00:00,2025-01-16 14:45:00+00:00,continuous,98227.0,98227.0,97452.7,97586.7,1605821239.7332027
2025-01-16 15:14:59.775000+00:00,2025-01-16 15:00:00+00:00,continuous,97586.6,98269.0,97293.6,97792.2,1002774246.1133077
2025-01-16 15:29:59.968000+00:00,2025-01-16 15:15:00+00:00,continuous,97792.1,98411.2,97710.0,98369.2,397486897.2042973
2025-01-16 15:44:59.959000+00:00,2025-01-16 15:30:00+00:00,continuous,98369.2,98498.0,98004.9,98273.2,319785190.62720245
2025-01-16 15:59:59.961000+00:00,2025-01-16 15:45:00+00:00,continuous,98273.2,99274.5,98162.2,99258.3,616281752.4368
2025-01-16 16:14:59.933000+00:00,2025-01-16 16:00:00+00:00,continuous,99258.2,99808.1,99147.8,99366.0,841663915.197699
2025-01-16 16:29:59.990000+00:00,2025-01-16 16:15:00+00:00,continuous,99366.1,99696.1,99023.9,99665.7,460314601.7305
2025-01-16 16:44:59.884000+00:00,2025-01-16 16:30:00+00:00,continuous,99665.7,99847.1,99225.5,99275.2,378886233.4450976
2025-01-16 16:59:59.938000+00:00,2025-01-16 16:45:00+00:00,continuous,99275.3,99473.1,99126.3,99306.0,240502857.03450233
2025-01-16 17:14:59.776000+00:00,2025-01-16 17:00:00+00:00,continuous,99305.9,99458.0,99137.0,99348.6,208905714.46519843
2025-01-16 17:29:59.898000+00:00,2025-01-16 17:15:00+00:00,continuous,99348.6,99865.0,99214.8,99818.2,212806332.6951999
2025-01-16 17:44:59.950000+00:00,2025-01-16 17:30:00+00:00,continuous,99818.2,100324.0,99765.9,99956.5,553621386.8965073
2025-01-16 17:59:59.904000+00:00,2025-01-16 17:45:00+00:00,continuous,99956.6,100062.2,99672.2,99775.3,281921492.4242975
2025-01-16 18:14:59.937000+00:00,2025-01-16 18:00:00+00:00,continuous,99775.4,100016.4,99588.1,99607.2,166982295.34830055
2025-01-16 18:29:59.912000+00:00,2025-01-16 18:15:00+00:00,continuous,99607.3,99632.8,99405.5,99454.3,185654878.5163995
2025-01-16 18:44:59.782000+00:00,2025-01-16 18:30:00+00:00,continuous,99454.3,99549.4,99230.0,99345.1,152905529.51539958
2025-01-16 18:59:59.569000+00:00,2025-01-16 18:45:00+00:00,continuous,99345.1,99597.6,99202.2,99524.5,130389299.8330002
2025-01-16 19:14:59.927000+00:00,2025-01-16 19:00:00+00:00,continuous,99524.5,99736.7,99350.0,99688.7,119534127.9879998
2025-01-16 19:29:59.902000+00:00,2025-01-16 19:15:00+00:00,continuous,99688.7,99823.0,99523.4,99716.5,151976162.71849984
2025-01-16 19:44:59.952000+00:00,2025-01-16 19:30:00+00:00,continuous,99716.5,100023.6,99640.0,99988.0,232006323.36499938
2025-01-16 19:59:59.845000+00:00,2025-01-16 19:45:00+00:00,continuous,99988.0,100426.0,99978.1,100382.0,363138949.54089856
2025-01-16 20:14:59.973000+00:00,2025-01-16 20:00:00+00:00,continuous,100382.0,100599.8,100254.0,100381.0,310325844.688702
2025-01-16 20:29:59.846000+00:00,2025-01-16 20:15:00+00:00,continuous,100381.0,100588.2,100220.4,100579.9,199311741.91780078
2025-01-16 20:44:59.959000+00:00,2025-01-16 20:30:00+00:00,continuous,100579.9,100599.0,100406.9,100454.5,145232459.11790028
2025-01-16 20:59:59.904000+00:00,2025-01-16 20:45:00+00:00,continuous,100454.6,100564.3,100230.7,100305.4,193116012.15270072
2025-01-16 21:14:59.870000+00:00,2025-01-16 21:00:00+00:00,continuous,100305.3,100337.7,100103.4,100170.4,154196764.0681991
2025-01-16 21:29:59.791000+00:00,2025-01-16 21:15:00+00:00,continuous,100170.5,100196.5,99655.3,99843.4,369280603.24579835
2025-01-16 21:44:59.772000+00:00,2025-01-16 21:30:00+00:00,continuous,99843.4,100169.1,99770.0,100141.5,120370217.2552005
2025-01-16 21:59:59.173000+00:00,2025-01-16 21:45:00+00:00,continuous,100141.5,100190.7,99871.3,100101.2,150953218.79430017
2025-01-16 22:14:59.570000+00:00,2025-01-16 22:00:00+00:00,continuous,100101.1,100101.2,99807.1,99874.5,96793490.2509996
2025-01-16 22:29:59.836000+00:00,2025-01-16 22:15:00+00:00,continuous,99874.4,99945.7,99504.3,99557.2,170899695.1939993
2025-01-16 22:44:59.431000+00:00,2025-01-16 22:30:00+00:00,continuous,99557.3,99585.5,99326.3,99500.1,169962061.9484992
2025-01-16 22:59:59.836000+00:00,2025-01-16 22:45:00+00:00,continuous,99500.1,99796.3,99449.8,99780.6,103424104.05290021
2025-01-16 23:14:59.394000+00:00,2025-01-16 23:00:00+00:00,continuous,99780.6,99999.0,99682.0,99947.9,201513126.51560083
2025-01-16 23:29:59.958000+00:00,2025-01-16 23:15:00+00:00,continuous,99947.9,100062.6,99774.1,99842.1,101147217.28509992
2025-01-16 23:44:59.949000+00:00,2025-01-16 23:30:00+00:00,continuous,99842.1,100064.8,99760.0,100050.1,87719050.57990016
2025-01-16 23:59:59.792000+00:00,2025-01-16 23:45:00+00:00,continuous,100050.2,100060.0,99912.3,99937.4,66432339.67169982
2025-01-17 00:14:59.984000+00:00,2025-01-17 00:00:00+00:00,continuous,99937.4,100319.5,99902.0,100233.0,159240579.6378001
2025-01-17 00:29:59.884000+00:00,2025-01-17 00:15:00+00:00,continuous,100233.0,100409.0,100033.9,100108.8,139263934.92839956
2025-01-17 00:44:59.861000+00:00,2025-01-17 00:30:00+00:00,continuous,100108.9,100263.5,100063.2,100147.0,73067420.97250023
2025-01-17 00:59:59.792000+00:00,2025-01-17 00:45:00+00:00,continuous,100147.0,100150.0,100019.4,100087.4,48149850.998000115
2025-01-17 01:14:59.747000+00:00,2025-01-17 01:00:00+00:00,continuous,100087.4,100271.5,100007.2,100037.0,91806082.59810063
2025-01-17 01:29:59.646000+00:00,2025-01-17 01:15:00+00:00,continuous,100036.9,100223.0,99986.4,100170.0,100849036.50700028
2025-01-17 01:44:59.980000+00:00,2025-01-17 01:30:00+00:00,continuous,100169.9,101666.0,100156.2,101616.5,1248166673.3100162
2025-01-17 01:59:59.933000+00:00,2025-01-17 01:45:00+00:00,continuous,101616.4,101844.4,101166.1,101636.2,644587720.0357932
2025-01-17 02:14:59.855000+00:00,2025-01-17 02:00:00+00:00,continuous,101636.3,101787.4,101423.8,101780.1,299144780.26179945
2025-01-17 02:29:59.815000+00:00,2025-01-17 02:15:00+00:00,continuous,101780.1,102133.7,101756.4,101821.4,528596026.61659765
2025-01-17 02:44:59.935000+00:00,2025-01-17 02:30:00+00:00,continuous,101821.5,101883.5,101514.7,101532.5,230456241.69539887
2025-01-17 02:59:59.812000+00:00,2025-01-17 02:45:00+00:00,continuous,101532.4,101532.5,100725.8,101057.8,586726811.1438009
2025-01-17 03:14:59.949000+00:00,2025-01-17 03:00:00+00:00,continuous,101057.8,101228.0,100938.7,100973.7,166654110.55029956
2025-01-17 03:29:59.242000+00:00,2025-01-17 03:15:00+00:00,continuous,100973.6,101098.8,100890.3,100940.4,78877057.77250013
2025-01-17 03:44:59.769000+00:00,2025-01-17 03:30:00+00:00,continuous,100940.4,101227.6,100940.3,100991.9,79889199.32170005
2025-01-17 03:59:59.989000+00:00,2025-01-17 03:45:00+00:00,continuous,100992.0,101095.1,100931.1,101005.1,84697235.48189998
2025-01-17 04:14:59.977000+00:00,2025-01-17 04:00:00+00:00,continuous,101005.2,101237.5,100905.5,100947.1,146972155.5875007
2025-01-17 04:29:59.888000+00:00,2025-01-17 04:15:00+00:00,continuous,100947.0,101165.8,100900.0,101141.9,82739260.15319967
2025-01-17 04:44:59.838000+00:00,2025-01-17 04:30:00+00:00,continuous,101142.0,101190.0,100975.0,101125.5,83612642.03040008
2025-01-17 04:59:59.894000+00:00,2025-01-17 04:45:00+00:00,continuous,101125.6,101448.8,101079.5,101424.9,135487844.7223003
2025-01-17 05:14:59.959000+00:00,2025-01-17 05:00:00+00:00,continuous,101425.0,101733.7,101352.9,101615.9,177386758.38199964
2025-01-17 05:29:59.841000+00:00,2025-01-17 05:15:00+00:00,continuous,101615.9,101724.7,101540.0,101575.8,103354179.59819956
2025-01-17 05:44:59.946000+00:00,2025-01-17 05:30:00+00:00,continuous,101575.8,101650.0,101280.4,101360.0,175044461.05329996
2025-01-17 05:59:59.660000+00:00,2025-01-17 05:45:00+00:00,continuous,101359.9,101483.9,101222.7,101299.0,110738414.32069992
2025-01-17 06:14:59.967000+00:00,2025-01-17 06:00:00+00:00,continuous,101299.1,101500.0,101299.0,101493.9,65086263.250999905
2025-01-17 06:29:59.890000+00:00,2025-01-17 06:15:00+00:00,continuous,101493.9,101560.0,101380.5,101380.6,57411567.8369001
2025-01-17 06:44:59.419000+00:00,2025-01-17 06:30:00+00:00,continuous,101380.5,101446.0,101355.0,101425.4,45234884.80390004
2025-01-17 06:59:59.909000+00:00,2025-01-17 06:45:00+00:00,continuous,101425.4,101425.4,101260.0,101374.0,56726114.04199982
2025-01-17 07:14:59.720000+00:00,2025-01-17 07:00:00+00:00,continuous,101374.0,101608.7,101373.9,101580.1,101779766.52140023
2025-01-17 07:29:59.864000+00:00,2025-01-17 07:15:00+00:00,continuous,101580.2,101652.5,101514.7,101590.0,55347691.93909992
2025-01-17 07:44:59.740000+00:00,2025-01-17 07:30:00+00:00,continuous,101590.0,101845.6,101400.0,101635.0,173161426.6615999
2025-01-17 07:59:59.966000+00:00,2025-01-17 07:45:00+00:00,continuous,101635.0,101710.0,101356.1,101406.9,150398754.6115008
2025-01-17 08:14:59.631000+00:00,2025-01-17 08:00:00+00:00,continuous,101406.9,101746.4,101400.0,101667.2,174402204.1382998
2025-01-17 08:29:59.954000+00:00,2025-01-17 08:15:00+00:00,continuous,101667.2,101862.9,101604.8,101852.6,206144870.52300012
2025-01-17 08:44:59.806000+00:00,2025-01-17 08:30:00+00:00,continuous,101852.7,102149.3,101830.3,101923.8,373082610.85310423
2025-01-17 08:59:59.961000+00:00,2025-01-17 08:45:00+00:00,continuous,101923.7,102186.9,101676.3,102091.9,347136571.94480014
2025-01-17 09:14:59.797000+00:00,2025-01-17 09:00:00+00:00,continuous,102092.0,102249.9,102025.8,102121.0,253599705.75209942
2025-01-17 09:29:59.814000+00:00,2025-01-17 09:15:00+00:00,continuous,102120.9,102154.9,101928.3,101968.8,176592356.32530028
2025-01-17 09:44:59.857000+00:00,2025-01-17 09:30:00+00:00,continuous,101968.8,101991.0,101741.0,101755.2,161827751.6124002
2025-01-17 09:59:59.982000+00:00,2025-01-17 09:45:00+00:00,continuous,101755.2,101908.7,101676.3,101800.6,138305412.5188995
2025-01-17 10:14:59.816000+00:00,2025-01-17 10:00:00+00:00,continuous,101800.6,102099.9,101737.7,101994.0,175568861.9854997
2025-01-17 10:29:59.900000+00:00,2025-01-17 10:15:00+00:00,continuous,101994.1,102219.8,101950.1,102190.1,218698965.5725001
2025-01-17 10:44:59.918000+00:00,2025-01-17 10:30:00+00:00,continuous,102190.1,102568.8,102130.4,102336.3,416079404.4287991
2025-01-17 10:59:59.982000+00:00,2025-01-17 10:45:00+00:00,continuous,102336.3,102387.1,102216.2,102289.0,100631708.40150042
2025-01-17 11:14:59.831000+00:00,2025-01-17 11:00:00+00:00,continuous,102288.9,102290.7,102047.3,102183.9,111300006.84949951
2025-01-17 11:29:59.966000+00:00,2025-01-17 11:15:00+00:00,continuous,102183.8,102411.9,102154.2,102300.1,110608575.76979981
2025-01-17 11:44:59.702000+00:00,2025-01-17 11:30:00+00:00,continuous,102300.1,102350.1,102170.9,102269.0,68277322.15509963
2025-01-17 11:59:59.974000+00:00,2025-01-17 11:45:00+00:00,continuous,102269.0,102269.0,102181.6,102181.6,59800081.82209956
2025-01-17 12:14:59.916000+00:00,2025-01-17 12:00:00+00:00,continuous,102181.6,102532.5,102137.1,102486.2,154831859.1100011
2025-01-17 12:29:59.737000+00:00,2025-01-17 12:15:00+00:00,continuous,102486.1,102639.3,102381.8,102480.0,197270437.00899926
2025-01-17 12:44:59.973000+00:00,2025-01-17 12:30:00+00:00,continuous,102480.1,102744.0,102300.1,102665.0,278429148.2522987
2025-01-17 12:59:59.906000+00:00,2025-01-17 12:45:00+00:00,continuous,102664.9,102931.8,102661.0,102701.9,370766247.0923989
2025-01-17 13:14:59.957000+00:00,2025-01-17 13:00:00+00:00,continuous,102702.0,102943.2,102702.0,102721.6,179999134.45379996
2025-01-17 13:29:59.990000+00:00,2025-01-17 13:15:00+00:00,continuous,102721.6,102790.0,102452.0,102495.6,300352597.6986988
2025-01-17 13:44:59.947000+00:00,2025-01-17 13:30:00+00:00,continuous,102495.7,102796.8,102349.7,102705.5,284172980.8059012
2025-01-17 13:59:59.818000+00:00,2025-01-17 13:45:00+00:00,continuous,102705.3,102770.5,102380.1,102419.6,153574873.42500052
2025-01-17 14:14:59.954000+00:00,2025-01-17 14:00:00+00:00,continuous,102419.6,102666.6,102410.4,102486.2,159457951.98059976
2025-01-17 14:29:59.977000+00:00,2025-01-17 14:15:00+00:00,continuous,102486.1,102733.9,102470.0,102697.8,122704350.05770016
2025-01-17 14:44:59.993000+00:00,2025-01-17 14:30:00+00:00,continuous,102695.5,103193.9,102207.6,102482.2,1061508604.7583082
2025-01-17 14:59:59.956000+00:00,2025-01-17 14:45:00+00:00,continuous,102482.1,103322.0,102470.0,103322.0,770375882.9515951
2025-01-17 15:14:59.991000+00:00,2025-01-17 15:00:00+00:00,continuous,103321.9,104177.5,103221.0,103999.4,1447643410.2414675
2025-01-17 15:29:59.913000+00:00,2025-01-17 15:15:00+00:00,continuous,103999.3,104198.9,103435.3,103896.5,909306742.950998
2025-01-17 15:44:59.849000+00:00,2025-01-17 15:30:00+00:00,continuous,103896.4,104051.8,103585.2,103858.1,441988479.2530965
2025-01-17 15:59:59.930000+00:00,2025-01-17 15:45:00+00:00,continuous,103858.1,103946.3,103600.1,103946.2,231607864.07020086
2025-01-17 16:14:59.933000+00:00,2025-01-17 16:00:00+00:00,continuous,103946.3,104420.0,103772.6,104384.2,576696765.9325013
2025-01-17 16:29:59.906000+00:00,2025-01-17 16:15:00+00:00,continuous,104384.3,104739.8,104354.1,104537.1,673074196.2559006
2025-01-17 16:44:59.888000+00:00,2025-01-17 16:30:00+00:00,continuous,104537.1,104888.0,104441.3,104744.2,462852590.63029754
2025-01-17 16:59:59.867000+00:00,2025-01-17 16:45:00+00:00,continuous,104744.1,104970.1,104556.8,104923.9,406712099.30949944
2025-01-17 17:14:59.850000+00:00,2025-01-17 17:00:00+00:00,continuous,104923.9,104950.0,104534.0,104697.2,368122038.90760106
2025-01-17 17:29:59.925000+00:00,2025-01-17 17:15:00+00:00,continuous,104697.2,105268.5,104621.3,104957.5,597226411.2172991
2025-01-17 17:44:59.981000+00:00,2025-01-17 17:30:00+00:00,continuous,104957.5,105087.4,104156.0,104217.5,523983517.61559844
2025-01-17 17:59:59.927000+00:00,2025-01-17 17:45:00+00:00,continuous,104217.7,104424.5,103964.7,104079.4,371463976.8679985
2025-01-17 18:14:59.542000+00:00,2025-01-17 18:00:00+00:00,continuous,104079.5,104350.0,103972.8,104333.0,249250553.1872015
2025-01-17 18:29:59.824000+00:00,2025-01-17 18:15:00+00:00,continuous,104333.0,104685.0,104287.6,104542.9,233083841.4223994
2025-01-17 18:44:59.983000+00:00,2025-01-17 18:30:00+00:00,continuous,104542.9,104800.0,104439.5,104668.7,155185753.43770042
2025-01-17 18:59:59.851000+00:00,2025-01-17 18:45:00+00:00,continuous,104668.6,104900.4,104637.0,104781.1,200640877.22230217
2025-01-17 19:14:59.822000+00:00,2025-01-17 19:00:00+00:00,continuous,104781.0,105081.6,104621.3,105079.1,236139256.5190002
2025-01-17 19:29:59.989000+00:00,2025-01-17 19:15:00+00:00,continuous,105079.0,105742.8,104998.6,105356.8,698938791.5595983
2025-01-17 19:44:59.926000+00:00,2025-01-17 19:30:00+00:00,continuous,105356.9,105588.0,105075.3,105574.9,233847050.6536014
2025-01-17 19:59:59.985000+00:00,2025-01-17 19:45:00+00:00,continuous,105574.8,105784.0,105409.6,105770.9,273561436.581699
2025-01-17 20:14:59.799000+00:00,2025-01-17 20:00:00+00:00,continuous,105771.0,105783.9,105224.2,105390.0,430597836.4852002
2025-01-17 20:29:59.908000+00:00,2025-01-17 20:15:00+00:00,continuous,105390.0,105500.0,105200.0,105248.1,250697690.56519833
2025-01-17 20:44:59.999000+00:00,2025-01-17 20:30:00+00:00,continuous,105248.0,105288.6,104821.1,104988.8,389366231.9419004
2025-01-17 20:59:59.983000+00:00,2025-01-17 20:45:00+00:00,continuous,104989.3,105009.4,104500.0,104654.5,402003650.31040007
2025-01-17 21:14:59.914000+00:00,2025-01-17 21:00:00+00:00,continuous,104654.4,104837.8,104529.1,104735.3,247923428.1405014
2025-01-17 21:29:59.859000+00:00,2025-01-17 21:15:00+00:00,continuous,104735.3,105004.2,104666.0,104943.2,204150056.41849878
2025-01-17 21:44:59.870000+00:00,2025-01-17 21:30:00+00:00,continuous,104943.2,104992.0,104642.8,104782.9,140390159.4551994
2025-01-17 21:59:59.985000+00:00,2025-01-17 21:45:00+00:00,continuous,104782.9,104874.0,104410.0,104568.8,158282755.5517007
2025-01-17 22:14:59.924000+00:00,2025-01-17 22:00:00+00:00,continuous,104568.8,104655.2,104322.4,104365.3,149669599.3783998
2025-01-17 22:29:59.316000+00:00,2025-01-17 22:15:00+00:00,continuous,104365.1,104552.3,104306.4,104552.3,95141203.16810055
2025-01-17 22:44:59.907000+00:00,2025-01-17 22:30:00+00:00,continuous,104552.3,104610.5,104408.2,104553.8,68063966.47309998
2025-01-17 22:59:59.733000+00:00,2025-01-17 22:45:00+00:00,continuous,104553.8,104554.3,104150.0,104370.9,156162998.2997009
2025-01-17 23:14:59.973000+00:00,2025-01-17 23:00:00+00:00,continuous,104370.9,104424.9,104210.0,104408.4,95526154.3701002
2025-01-17 23:29:59.782000+00:00,2025-01-17 23:15:00+00:00,continuous,104407.5,104491.1,104354.7,104384.1,70892395.99360004
2025-01-17 23:44:59.964000+00:00,2025-01-17 23:30:00+00:00,continuous,104384.1,104384.2,104222.0,104227.8,67615660.1644999
2025-01-17 23:59:59.960000+00:00,2025-01-17 23:45:00+00:00,continuous,104227.9,104227.9,104024.8,104042.5,99726146.93339953
2025-01-18 00:14:59.957000+00:00,2025-01-18 00:00:00+00:00,continuous,104042.6,104366.5,104036.2,104323.2,166630878.29570052
2025-01-18 00:29:59.944000+00:00,2025-01-18 00:15:00+00:00,continuous,104323.2,104442.5,104161.6,104187.8,85381123.2529998
2025-01-18 00:44:59.890000+00:00,2025-01-18 00:30:00+00:00,continuous,104187.7,104561.9,104165.0,104527.3,81092370.32689951
2025-01-18 00:59:59.741000+00:00,2025-01-18 00:45:00+00:00,continuous,104527.4,104620.0,104472.6,104615.7,85906398.58459996
2025-01-18 01:14:59.927000+00:00,2025-01-18 01:00:00+00:00,continuous,104615.7,104615.7,104390.6,104397.4,69600793.03589995
2025-01-18 01:29:59.404000+00:00,2025-01-18 01:15:00+00:00,continuous,104397.4,104590.0,104266.6,104521.7,96136120.14659981
2025-01-18 01:44:59.901000+00:00,2025-01-18 01:30:00+00:00,continuous,104521.7,104521.7,104239.7,104239.8,81756516.80369996
2025-01-18 01:59:59.804000+00:00,2025-01-18 01:45:00+00:00,continuous,104239.8,104239.8,104055.0,104227.8,120337141.72320019
2025-01-18 02:14:59.733000+00:00,2025-01-18 02:00:00+00:00,continuous,104227.7,104386.0,104227.7,104345.7,60578076.42829973
2025-01-18 02:29:59.966000+00:00,2025-01-18 02:15:00+00:00,continuous,104345.7,104420.1,104337.2,104337.2,41456856.651599735
2025-01-18 02:44:59.778000+00:00,2025-01-18 02:30:00+00:00,continuous,104337.3,104439.9,104307.0,104366.9,41271794.91669998
2025-01-18 02:59:59.917000+00:00,2025-01-18 02:45:00+00:00,continuous,104367.0,104461.5,104205.7,104289.8,59793653.86179976
2025-01-18 03:14:59.371000+00:00,2025-01-18 03:00:00+00:00,continuous,104289.8,104432.4,104250.0,104364.8,76397456.74169987
2025-01-18 03:29:59.906000+00:00,2025-01-18 03:15:00+00:00,continuous,104364.7,104373.5,104029.8,104146.1,165470321.11200047
2025-01-18 03:44:59.968000+00:00,2025-01-18 03:30:00+00:00,continuous,104146.0,104195.2,103001.1,103266.2,645714197.2844982
2025-01-18 03:59:59.819000+00:00,2025-01-18 03:45:00+00:00,continuous,103266.2,103655.0,103178.4,103531.1,392805829.982396
2025-01-18 04:14:59.912000+00:00,2025-01-18 04:00:00+00:00,continuous,103531.2,103676.1,103421.2,103462.2,161355058.2005993
2025-01-18 04:29:59.878000+00:00,2025-01-18 04:15:00+00:00,continuous,103462.2,103462.2,102620.1,102977.3,669307119.6241028
2025-01-18 04:44:59.605000+00:00,2025-01-18 04:30:00+00:00,continuous,102977.2,103512.6,102968.1,103420.0,282433967.7685002
2025-01-18 04:59:59.854000+00:00,2025-01-18 04:45:00+00:00,continuous,103420.1,103561.4,103240.0,103561.4,144534763.16639903
2025-01-18 05:14:59.842000+00:00,2025-01-18 05:00:00+00:00,continuous,103561.3,103730.8,103263.9,103366.7,215923893.7843008
2025-01-18 05:29:59.960000+00:00,2025-01-18 05:15:00+00:00,continuous,103366.8,103746.7,103272.1,103622.9,157806247.45769975
2025-01-18 05:44:59.967000+00:00,2025-01-18 05:30:00+00:00,continuous,103622.9,103655.8,103330.0,103414.0,120060785.60370004
2025-01-18 05:59:59.925000+00:00,2025-01-18 05:45:00+00:00,continuous,103414.1,103538.4,102769.2,102778.7,374736250.7769028
2025-01-18 06:14:59.834000+00:00,2025-01-18 06:00:00+00:00,continuous,102778.6,103247.3,102770.0,103199.9,290683811.6567033
2025-01-18 06:29:59.727000+00:00,2025-01-18 06:15:00+00:00,continuous,103199.8,103363.4,103099.0,103136.2,144256258.9093007
2025-01-18 06:44:59.810000+00:00,2025-01-18 06:30:00+00:00,continuous,103136.2,103600.5,102954.5,103354.9,288773418.1572006
2025-01-18 06:59:59.712000+00:00,2025-01-18 06:45:00+00:00,continuous,103354.8,103556.2,103307.8,103400.0,186902579.68820038
2025-01-18 07:14:59.965000+00:00,2025-01-18 07:00:00+00:00,continuous,103400.0,103459.7,102983.1,102983.2,175076828.65240017
2025-01-18 07:29:59.984000+00:00,2025-01-18 07:15:00+00:00,continuous,102983.1,103228.5,102909.7,103150.1,172444671.1269003
2025-01-18 07:44:59.965000+00:00,2025-01-18 07:30:00+00:00,continuous,103150.1,103150.1,102659.2,102787.0,290516281.98909855
2025-01-18 07:59:59.847000+00:00,2025-01-18 07:45:00+00:00,continuous,102787.0,102849.9,102561.0,102781.0,231706409.04559913
2025-01-18 08:14:59.786000+00:00,2025-01-18 08:00:00+00:00,continuous,102781.1,102793.2,102242.8,102562.5,406776073.0248993
2025-01-18 08:29:59.908000+00:00,2025-01-18 08:15:00+00:00,continuous,102562.5,102779.5,102300.0,102762.7,247196286.59359956
2025-01-18 08:44:59.983000+00:00,2025-01-18 08:30:00+00:00,continuous,102762.7,103188.0,102745.0,103161.9,451023399.66549975
2025-01-18 08:59:59.863000+00:00,2025-01-18 08:45:00+00:00,continuous,103162.0,103317.6,103078.0,103242.0,197472209.5369
2025-01-18 09:14:59.947000+00:00,2025-01-18 09:00:00+00:00,continuous,103242.0,103294.9,103150.0,103206.9,140795404.1275998
2025-01-18 09:29:59.907000+00:00,2025-01-18 09:15:00+00:00,continuous,103206.9,103426.0,103124.3,103420.1,173460275.21200082
2025-01-18 09:44:59.890000+00:00,2025-01-18 09:30:00+00:00,continuous,103420.1,103420.1,103011.8,103085.3,169660733.30810067
2025-01-18 09:59:59.953000+00:00,2025-01-18 09:45:00+00:00,continuous,103085.3,103200.0,103034.8,103129.5,61983545.39470026
2025-01-18 10:14:59.949000+00:00,2025-01-18 10:00:00+00:00,continuous,103129.6,103266.2,102820.0,102879.2,168934397.71969968
2025-01-18 10:29:59.806000+00:00,2025-01-18 10:15:00+00:00,continuous,102879.1,103234.5,102800.1,103130.2,195297195.20950016
2025-01-18 10:44:59.995000+00:00,2025-01-18 10:30:00+00:00,continuous,103130.1,103220.0,102840.2,102945.6,159426979.9020005
2025-01-18 10:59:59.820000+00:00,2025-01-18 10:45:00+00:00,continuous,102945.6,103246.7,102804.7,103145.8,172203778.94129977
2025-01-18 11:14:59.799000+00:00,2025-01-18 11:00:00+00:00,continuous,103145.8,103154.9,102904.0,102976.5,105216026.63100043
2025-01-18 11:29:59.736000+00:00,2025-01-18 11:15:00+00:00,continuous,102976.4,103356.0,102950.0,103322.6,133506474.67770009
2025-01-18 11:44:59.943000+00:00,2025-01-18 11:30:00+00:00,continuous,103322.6,103653.9,103183.2,103647.1,269854888.1828993
2025-01-18 11:59:59.999000+00:00,2025-01-18 11:45:00+00:00,continuous,103647.0,103855.0,103524.6,103547.0,238300124.71519983
2025-01-18 12:14:59.773000+00:00,2025-01-18 12:00:00+00:00,continuous,103547.0,103659.9,103454.0,103586.2,120359581.85060014
2025-01-18 12:29:59.977000+00:00,2025-01-18 12:15:00+00:00,continuous,103586.2,104008.3,103559.2,103573.1,246000169.90469936
2025-01-18 12:44:59.404000+00:00,2025-01-18 12:30:00+00:00,continuous,103573.1,103666.0,103338.8,103510.6,180306513.51699957
2025-01-18 12:59:59.859000+00:00,2025-01-18 12:45:00+00:00,continuous,103510.6,103582.4,103406.1,103407.5,86266122.85440005
2025-01-18 13:14:59.948000+00:00,2025-01-18 13:00:00+00:00,continuous,103407.5,103470.2,103086.5,103286.0,160307313.41569978
2025-01-18 13:29:59.949000+00:00,2025-01-18 13:15:00+00:00,continuous,103285.9,103495.6,103182.4,103452.2,88335820.91670015
2025-01-18 13:44:59.873000+00:00,2025-01-18 13:30:00+00:00,continuous,103452.3,103937.9,103420.0,103814.2,247133270.68219933
2025-01-18 13:59:59.993000+00:00,2025-01-18 13:45:00+00:00,continuous,103814.2,104386.3,103751.4,104327.4,329061426.85090095
2025-01-18 14:14:59.802000+00:00,2025-01-18 14:00:00+00:00,continuous,104327.3,104542.1,104090.6,104153.1,326836997.51570016
2025-01-18 14:29:59.906000+00:00,2025-01-18 14:15:00+00:00,continuous,104153.1,104479.2,104133.1,104149.8,203414929.21889934
2025-01-18 14:44:59.980000+00:00,2025-01-18 14:30:00+00:00,continuous,104149.8,104149.8,103659.9,103846.2,396512652.8734033
2025-01-18 14:59:59.995000+00:00,2025-01-18 14:45:00+00:00,continuous,103846.1,104047.3,103785.1,103947.2,101380578.24429983
2025-01-18 15:14:59.973000+00:00,2025-01-18 15:00:00+00:00,continuous,103947.3,104140.0,103720.0,104094.2,131786556.6719005
2025-01-18 15:29:59.673000+00:00,2025-01-18 15:15:00+00:00,continuous,104094.1,104307.8,104044.7,104214.1,169971340.4394002
2025-01-18 15:44:59.954000+00:00,2025-01-18 15:30:00+00:00,continuous,104214.1,104851.5,104177.5,104628.2,328877597.19870293
2025-01-18 15:59:59.931000+00:00,2025-01-18 15:45:00+00:00,continuous,104628.1,104962.1,104507.9,104517.1,314506717.14820117
2025-01-18 16:14:59.979000+00:00,2025-01-18 16:00:00+00:00,continuous,104517.1,104681.7,104255.3,104302.4,306714818.0462998
2025-01-18 16:29:59.952000+00:00,2025-01-18 16:15:00+00:00,continuous,104302.3,104343.0,103717.5,103937.8,377230296.5411984
2025-01-18 16:44:59.994000+00:00,2025-01-18 16:30:00+00:00,continuous,103937.8,104160.0,103303.4,103357.5,562328416.5462989
2025-01-18 16:59:59.959000+00:00,2025-01-18 16:45:00+00:00,continuous,103357.4,103537.4,103110.0,103209.0,328614226.00430274
2025-01-18 17:14:59.970000+00:00,2025-01-18 17:00:00+00:00,continuous,103208.9,103839.9,103208.9,103833.5,259984343.47660074
2025-01-18 17:29:59.836000+00:00,2025-01-18 17:15:00+00:00,continuous,103833.6,104050.0,103760.8,103851.2,182340006.18130165
2025-01-18 17:44:59.957000+00:00,2025-01-18 17:30:00+00:00,continuous,103851.1,104069.7,103768.6,104069.7,192799102.5948002
2025-01-18 17:59:59.715000+00:00,2025-01-18 17:45:00+00:00,continuous,104069.7,104187.0,103750.0,103784.0,148180842.7588
2025-01-18 18:14:59.976000+00:00,2025-01-18 18:00:00+00:00,continuous,103784.0,104091.3,103768.5,104084.4,97621881.7932006
2025-01-18 18:29:59.774000+00:00,2025-01-18 18:15:00+00:00,continuous,104084.9,104094.7,103742.8,103973.5,109222038.79570094
2025-01-18 18:44:59.906000+00:00,2025-01-18 18:30:00+00:00,continuous,103973.5,104238.0,103973.5,104195.2,128092975.81399982
2025-01-18 18:59:59.893000+00:00,2025-01-18 18:45:00+00:00,continuous,104195.2,104368.5,103911.3,104044.7,142485943.2521004
2025-01-18 19:14:59.888000+00:00,2025-01-18 19:00:00+00:00,continuous,104044.7,104248.2,104044.7,104120.0,72921917.61200015
2025-01-18 19:29:59.310000+00:00,2025-01-18 19:15:00+00:00,continuous,104120.0,104256.9,104039.6,104118.0,69367494.44959977
2025-01-18 19:44:59.691000+00:00,2025-01-18 19:30:00+00:00,continuous,104117.9,104450.3,104071.0,104409.1,94160322.60220002
2025-01-18 19:59:59.694000+00:00,2025-01-18 19:45:00+00:00,continuous,104409.6,104461.5,104300.0,104349.9,71170897.47359996
2025-01-18 20:14:59.882000+00:00,2025-01-18 20:00:00+00:00,continuous,104349.9,104469.0,104302.0,104354.9,66882134.664799936
2025-01-18 20:29:59.809000+00:00,2025-01-18 20:15:00+00:00,continuous,104354.3,104354.3,103755.6,103890.1,182601653.41330218
2025-01-18 20:44:59.686000+00:00,2025-01-18 20:30:00+00:00,continuous,103890.0,104065.0,103882.9,103939.6,85514535.68919984
2025-01-18 20:59:58.943000+00:00,2025-01-18 20:45:00+00:00,continuous,103939.6,104009.0,103750.0,104000.0,125940075.81449997
2025-01-18 21:14:59.562000+00:00,2025-01-18 21:00:00+00:00,continuous,104000.0,104245.6,103969.3,104150.1,78435610.60030001
2025-01-18 21:29:59.783000+00:00,2025-01-18 21:15:00+00:00,continuous,104150.0,104239.9,103982.2,104108.0,66442868.57969995
2025-01-18 21:44:59.952000+00:00,2025-01-18 21:30:00+00:00,continuous,104108.1,104108.1,103855.0,103978.7,85484533.43090023
2025-01-18 21:59:59.137000+00:00,2025-01-18 21:45:00+00:00,continuous,103978.8,104065.0,103857.6,103857.6,35768203.2152
2025-01-18 22:14:59.994000+00:00,2025-01-18 22:00:00+00:00,continuous,103857.6,104042.8,103833.3,104042.8,42067285.86029984
2025-01-18 22:29:59.833000+00:00,2025-01-18 22:15:00+00:00,continuous,104043.0,104174.1,104043.0,104166.6,37165444.353999764
2025-01-18 22:44:59.778000+00:00,2025-01-18 22:30:00+00:00,continuous,104166.6,104284.0,104124.2,104124.2,48686802.90629994
2025-01-18 22:59:59.996000+00:00,2025-01-18 22:45:00+00:00,continuous,104124.2,104265.9,104110.8,104264.1,20906567.835499983
2025-01-18 23:14:59.760000+00:00,2025-01-18 23:00:00+00:00,continuous,104264.1,104566.9,104264.1,104555.0,179083893.55510038
2025-01-18 23:29:59.297000+00:00,2025-01-18 23:15:00+00:00,continuous,104555.1,104744.3,104427.8,104427.8,174357071.423401
2025-01-18 23:44:59.867000+00:00,2025-01-18 23:30:00+00:00,continuous,104427.8,104668.6,104424.7,104462.8,71249925.02910018
2025-01-18 23:59:59.745000+00:00,2025-01-18 23:45:00+00:00,continuous,104462.8,104532.9,104319.5,104524.3,60731112.55980001
2025-01-19 00:14:59.998000+00:00,2025-01-19 00:00:00+00:00,continuous,104524.3,104524.4,104261.8,104293.8,102825295.63110036
2025-01-19 00:29:59.645000+00:00,2025-01-19 00:15:00+00:00,continuous,104293.7,104392.9,104161.2,104235.6,89851881.55700028
2025-01-19 00:44:59.649000+00:00,2025-01-19 00:30:00+00:00,continuous,104235.5,104350.2,104161.6,104263.2,66389510.23220005
2025-01-19 00:59:59.614000+00:00,2025-01-19 00:45:00+00:00,continuous,104263.2,104390.0,104080.0,104090.7,65980599.12110002
2025-01-19 01:14:59.593000+00:00,2025-01-19 01:00:00+00:00,continuous,104090.6,104271.6,104083.3,104193.9,75063823.42619997
2025-01-19 01:29:59.952000+00:00,2025-01-19 01:15:00+00:00,continuous,104193.8,104383.5,103980.0,104383.4,87892091.24160036
2025-01-19 01:44:59.908000+00:00,2025-01-19 01:30:00+00:00,continuous,104383.5,104660.3,104383.4,104514.2,197139227.23469982
2025-01-19 01:59:59.928000+00:00,2025-01-19 01:45:00+00:00,continuous,104514.2,104565.5,104451.7,104452.5,45539384.932399966
2025-01-19 02:14:59.821000+00:00,2025-01-19 02:00:00+00:00,continuous,104452.5,104827.2,104452.4,104819.6,139369854.33720034
2025-01-19 02:29:59.822000+00:00,2025-01-19 02:15:00+00:00,continuous,104819.6,105289.9,104748.0,105165.8,282235959.2500005
2025-01-19 02:44:59.890000+00:00,2025-01-19 02:30:00+00:00,continuous,105165.7,105439.0,105070.6,105094.8,267235880.1027984
2025-01-19 02:59:59.815000+00:00,2025-01-19 02:45:00+00:00,continuous,105094.8,105189.3,104779.2,104848.1,221300815.69859892
2025-01-19 03:14:59.855000+00:00,2025-01-19 03:00:00+00:00,continuous,104848.1,104960.0,104511.7,104629.8,190563498.6894001
2025-01-19 03:29:59.369000+00:00,2025-01-19 03:15:00+00:00,continuous,104629.9,104770.0,104540.5,104749.9,109660309.06980015
2025-01-19 03:44:59.930000+00:00,2025-01-19 03:30:00+00:00,continuous,104750.0,104941.0,104704.1,104809.1,83822291.65199997
2025-01-19 03:59:59.830000+00:00,2025-01-19 03:45:00+00:00,continuous,104809.1,105163.2,104809.1,104958.3,154899084.9144987
2025-01-19 04:14:59.868000+00:00,2025-01-19 04:00:00+00:00,continuous,104958.2,105152.4,104856.0,105139.7,115572073.09529991
2025-01-19 04:29:59.937000+00:00,2025-01-19 04:15:00+00:00,continuous,105139.8,105249.1,104637.1,105027.2,270312675.4096978
2025-01-19 04:44:59.881000+00:00,2025-01-19 04:30:00+00:00,continuous,105027.2,105069.2,104778.5,104974.8,131206252.5159
2025-01-19 04:59:59.619000+00:00,2025-01-19 04:45:00+00:00,continuous,104974.7,105060.8,104801.6,105013.9,115137031.82999991
2025-01-19 05:14:59.937000+00:00,2025-01-19 05:00:00+00:00,continuous,105013.9,105014.0,104408.2,104456.4,257487686.83940053
2025-01-19 05:29:59.959000+00:00,2025-01-19 05:15:00+00:00,continuous,104456.5,104732.5,104214.6,104714.3,160882470.70000097
2025-01-19 05:44:59.872000+00:00,2025-01-19 05:30:00+00:00,continuous,104714.3,104816.5,104646.2,104792.1,64629198.188399814
2025-01-19 05:59:59.840000+00:00,2025-01-19 05:45:00+00:00,continuous,104792.1,105110.1,104646.5,105095.2,190720665.0525998
2025-01-19 06:14:59.971000+00:00,2025-01-19 06:00:00+00:00,continuous,105095.3,105172.1,105002.1,105117.1,152300572.7295997
2025-01-19 06:29:59.948000+00:00,2025-01-19 06:15:00+00:00,continuous,105117.1,105331.5,105002.0,105290.0,129278819.13419984
2025-01-19 06:44:59.925000+00:00,2025-01-19 06:30:00+00:00,continuous,105290.0,105476.9,105204.1,105451.9,185242973.83549914
2025-01-19 06:59:59.828000+00:00,2025-01-19 06:45:00+00:00,continuous,105451.9,105629.4,105353.3,105554.0,201923779.0703998
2025-01-19 07:14:59.674000+00:00,2025-01-19 07:00:00+00:00,continuous,105554.0,105580.7,105189.3,105382.2,183605516.41070098
2025-01-19 07:29:59.735000+00:00,2025-01-19 07:15:00+00:00,continuous,105382.2,105427.7,105232.1,105246.5,130791833.36279988
2025-01-19 07:44:59.956000+00:00,2025-01-19 07:30:00+00:00,continuous,105246.5,105246.6,105000.0,105062.0,153901836.34319982
2025-01-19 07:59:59.852000+00:00,2025-01-19 07:45:00+00:00,continuous,105061.9,105300.0,104931.8,105151.8,139798737.32930028
2025-01-19 08:14:59.840000+00:00,2025-01-19 08:00:00+00:00,continuous,105151.8,105160.4,104800.1,104804.8,172115065.91139978
2025-01-19 08:29:59.887000+00:00,2025-01-19 08:15:00+00:00,continuous,104804.8,104833.8,104601.1,104626.2,342472277.53910124
2025-01-19 08:44:59.771000+00:00,2025-01-19 08:30:00+00:00,continuous,104626.3,104963.6,104610.0,104717.2,151635416.3835002
2025-01-19 08:59:59.794000+00:00,2025-01-19 08:45:00+00:00,continuous,104717.4,104733.3,104310.7,104414.4,329354088.3719003
2025-01-19 09:14:59.927000+00:00,2025-01-19 09:00:00+00:00,continuous,104413.4,104480.2,103888.1,104110.0,539943657.3985996
2025-01-19 09:29:59.970000+00:00,2025-01-19 09:15:00+00:00,continuous,104110.2,104337.2,103458.6,104295.0,669791326.9790914
2025-01-19 09:44:59.924000+00:00,2025-01-19 09:30:00+00:00,continuous,104295.1,104703.9,104229.3,104550.3,299593642.77979976
2025-01-19 09:59:59.848000+00:00,2025-01-19 09:45:00+00:00,continuous,104550.4,105458.4,104368.0,105290.8,513670573.48219997
2025-01-19 10:14:59.952000+00:00,2025-01-19 10:00:00+00:00,continuous,105290.9,105306.0,104710.1,104853.8,309171093.8677006
2025-01-19 10:29:59.894000+00:00,2025-01-19 10:15:00+00:00,continuous,104853.8,105032.1,104384.6,104496.3,358012404.0985018
2025-01-19 10:44:59.880000+00:00,2025-01-19 10:30:00+00:00,continuous,104496.3,105028.5,104456.0,104985.9,204746064.64290023
2025-01-19 10:59:59.943000+00:00,2025-01-19 10:45:00+00:00,continuous,104986.0,105168.8,104813.3,104818.7,179034483.7334986
2025-01-19 11:14:59.926000+00:00,2025-01-19 11:00:00+00:00,continuous,104818.8,105216.4,104818.8,105087.6,242697182.73889852
2025-01-19 11:29:59.714000+00:00,2025-01-19 11:15:00+00:00,continuous,105087.7,105349.9,104902.0,104922.0,193271025.25709996
2025-01-19 11:44:59.990000+00:00,2025-01-19 11:30:00+00:00,continuous,104922.0,105026.8,104420.0,104518.0,301607633.6235004
2025-01-19 11:59:59.843000+00:00,2025-01-19 11:45:00+00:00,continuous,104518.1,104693.6,104174.5,104353.8,237219461.55969906
2025-01-19 12:14:59.942000+00:00,2025-01-19 12:00:00+00:00,continuous,104353.8,104877.6,104285.7,104769.7,258284708.75880122
2025-01-19 12:29:59.633000+00:00,2025-01-19 12:15:00+00:00,continuous,104769.8,104795.9,104377.6,104431.3,206281299.92799932
2025-01-19 12:44:59.789000+00:00,2025-01-19 12:30:00+00:00,continuous,104431.3,104799.9,104320.9,104726.8,143287874.82319942
2025-01-19 12:59:59.822000+00:00,2025-01-19 12:45:00+00:00,continuous,104726.7,105021.0,104664.1,104930.1,169262888.64429998
2025-01-19 13:14:59.830000+00:00,2025-01-19 13:00:00+00:00,continuous,104930.0,105276.9,104854.9,105199.1,292160792.8206003
2025-01-19 13:29:59.989000+00:00,2025-01-19 13:15:00+00:00,continuous,105199.1,105328.2,104968.0,105038.7,147786154.53919992
2025-01-19 13:44:59.974000+00:00,2025-01-19 13:30:00+00:00,continuous,105038.8,105176.3,104875.7,105152.5,153451082.59530032
2025-01-19 13:59:59.908000+00:00,2025-01-19 13:45:00+00:00,continuous,105152.5,105219.4,104913.3,104955.3,170729518.42210034
2025-01-19 14:14:59.988000+00:00,2025-01-19 14:00:00+00:00,continuous,104956.2,105024.3,104801.9,104834.8,196379114.61570022
2025-01-19 14:29:59.961000+00:00,2025-01-19 14:15:00+00:00,continuous,104834.7,105743.1,104763.3,105448.6,561889940.6215006
2025-01-19 14:44:59.864000+00:00,2025-01-19 14:30:00+00:00,continuous,105448.5,105599.4,104951.0,104968.7,465238195.60739684
2025-01-19 14:59:59.933000+00:00,2025-01-19 14:45:00+00:00,continuous,104968.6,105200.0,104874.0,105132.5,181199115.09679955
2025-01-19 15:14:59.952000+00:00,2025-01-19 15:00:00+00:00,continuous,105132.4,105222.2,104488.8,104758.7,328877967.666499
2025-01-19 15:29:59.787000+00:00,2025-01-19 15:15:00+00:00,continuous,104758.7,105043.5,104538.0,105025.5,209318265.78919953
2025-01-19 15:44:59.982000+00:00,2025-01-19 15:30:00+00:00,continuous,105025.5,105219.0,104958.7,105109.5,168301761.17230037
2025-01-19 15:59:59.558000+00:00,2025-01-19 15:45:00+00:00,continuous,105110.0,105120.0,104668.3,104936.0,200299581.30909866
2025-01-19 16:14:59.975000+00:00,2025-01-19 16:00:00+00:00,continuous,104936.0,105047.3,104705.9,104768.6,124546376.33990021
2025-01-19 16:29:59.949000+00:00,2025-01-19 16:15:00+00:00,continuous,104768.6,105155.0,104704.1,105136.9,77045248.14409982
2025-01-19 16:44:59.994000+00:00,2025-01-19 16:30:00+00:00,continuous,105136.8,105223.8,104866.2,104893.3,83302268.4191999
2025-01-19 16:59:59.787000+00:00,2025-01-19 16:45:00+00:00,continuous,104892.4,105010.0,104816.5,104942.9,47724120.01300003
2025-01-19 17:14:59.737000+00:00,2025-01-19 17:00:00+00:00,continuous,104942.8,104959.2,104581.1,104604.0,170676809.51900068
2025-01-19 17:29:59.920000+00:00,2025-01-19 17:15:00+00:00,continuous,104604.0,104788.8,104550.2,104550.3,101327850.45130031
2025-01-19 17:44:59.895000+00:00,2025-01-19 17:30:00+00:00,continuous,104550.2,104692.3,104520.0,104650.9,66932739.07619981
2025-01-19 17:59:59.807000+00:00,2025-01-19 17:45:00+00:00,continuous,104650.9,105181.2,104611.6,105130.0,225813730.06950125
2025-01-19 18:14:59.733000+00:00,2025-01-19 18:00:00+00:00,continuous,105130.0,105272.0,105050.0,105217.4,128387524.46070035
2025-01-19 18:29:59.919000+00:00,2025-01-19 18:15:00+00:00,continuous,105217.4,105254.9,105025.4,105075.0,117415087.92529947
2025-01-19 18:44:59.119000+00:00,2025-01-19 18:30:00+00:00,continuous,105075.1,105103.6,104952.8,105056.5,64711748.28360011
2025-01-19 18:59:59.984000+00:00,2025-01-19 18:45:00+00:00,continuous,105056.5,105132.5,104889.0,105023.9,94986860.90480031
2025-01-19 19:14:59.954000+00:00,2025-01-19 19:00:00+00:00,continuous,105024.0,105288.0,104957.0,105242.0,137603130.97409987
2025-01-19 19:29:59.647000+00:00,2025-01-19 19:15:00+00:00,continuous,105242.1,105330.3,105163.0,105185.3,72352504.16369995
2025-01-19 19:44:59.480000+00:00,2025-01-19 19:30:00+00:00,continuous,105185.3,105523.4,105144.8,105503.9,199922989.29990035
2025-01-19 19:59:59.982000+00:00,2025-01-19 19:45:00+00:00,continuous,105504.0,106259.8,105480.2,106247.9,505235934.39950067
2025-01-19 20:14:59.961000+00:00,2025-01-19 20:00:00+00:00,continuous,106247.9,106399.1,106024.4,106092.1,395781748.41180277
2025-01-19 20:29:59.749000+00:00,2025-01-19 20:15:00+00:00,continuous,106092.0,106099.0,105500.0,105896.4,275021903.7181018
2025-01-19 20:44:59.959000+00:00,2025-01-19 20:30:00+00:00,continuous,105896.4,106310.6,105837.3,106184.1,182939260.9506991
2025-01-19 20:59:59.440000+00:00,2025-01-19 20:45:00+00:00,continuous,106184.1,106450.0,105907.1,106291.2,302407810.7881002
2025-01-19 21:14:59.982000+00:00,2025-01-19 21:00:00+00:00,continuous,106291.3,106391.6,105784.5,106005.2,265022942.23269862
2025-01-19 21:29:59.962000+00:00,2025-01-19 21:15:00+00:00,continuous,106005.1,106005.1,104100.0,104405.7,646678458.4759021
2025-01-19 21:44:59.900000+00:00,2025-01-19 21:30:00+00:00,continuous,104409.1,105353.7,104326.0,104406.3,710262666.073293
2025-01-19 21:59:59.982000+00:00,2025-01-19 21:45:00+00:00,continuous,104406.3,104550.0,103676.6,103687.4,806203054.0972018
2025-01-19 22:14:59.981000+00:00,2025-01-19 22:00:00+00:00,continuous,103687.5,104030.9,102682.6,104030.9,1191078528.1951997
2025-01-19 22:29:59.967000+00:00,2025-01-19 22:15:00+00:00,continuous,104031.5,104496.2,103534.7,104173.4,621624842.4681015
2025-01-19 22:44:59.957000+00:00,2025-01-19 22:30:00+00:00,continuous,104173.4,104197.8,102901.5,103343.1,403781982.48429996
2025-01-19 22:59:59.955000+00:00,2025-01-19 22:45:00+00:00,continuous,103343.1,103397.0,101000.0,103396.7,1524767140.437813
2025-01-19 23:14:59.971000+00:00,2025-01-19 23:00:00+00:00,continuous,103396.8,103400.0,100941.3,101262.2,1427600984.862422
2025-01-19 23:29:59.991000+00:00,2025-01-19 23:15:00+00:00,continuous,101262.3,101731.7,100267.5,100507.2,1435633934.371679
2025-01-19 23:44:59.977000+00:00,2025-01-19 23:30:00+00:00,continuous,100506.4,101261.4,99600.0,101176.7,2060751012.5545983
2025-01-19 23:59:59.990000+00:00,2025-01-19 23:45:00+00:00,continuous,101176.6,101959.2,100931.4,101311.5,1047645743.753896
2025-01-20 00:14:59.874000+00:00,2025-01-20 00:00:00+00:00,continuous,101311.5,101636.8,100626.1,101373.9,747805338.2324104
2025-01-20 00:29:59.854000+00:00,2025-01-20 00:15:00+00:00,continuous,101373.9,101515.0,100657.5,101047.5,508200697.49090815
2025-01-20 00:44:59.923000+00:00,2025-01-20 00:30:00+00:00,continuous,101047.5,101196.5,99501.0,100730.1,938281764.8393823
2025-01-20 00:59:59.756000+00:00,2025-01-20 00:45:00+00:00,continuous,100730.1,100772.0,99612.5,99769.4,624993569.8924043
2025-01-20 01:14:59.974000+00:00,2025-01-20 01:00:00+00:00,continuous,99769.5,100463.5,99600.0,100187.2,667218997.0808947
2025-01-20 01:29:59.838000+00:00,2025-01-20 01:15:00+00:00,continuous,100185.7,100472.9,99700.0,100275.2,441787944.3216021
2025-01-20 01:44:59.996000+00:00,2025-01-20 01:30:00+00:00,continuous,100275.2,100965.4,99917.1,100043.9,465806038.5357034
2025-01-20 01:59:59.969000+00:00,2025-01-20 01:45:00+00:00,continuous,100043.9,100709.0,99993.9,100666.2,456824773.198001
2025-01-20 02:14:59.968000+00:00,2025-01-20 02:00:00+00:00,continuous,100666.2,101189.3,100559.8,100962.7,499423830.51339895
2025-01-20 02:29:59.992000+00:00,2025-01-20 02:15:00+00:00,continuous,100962.7,101690.0,100846.9,101690.0,446728262.58219653
2025-01-20 02:44:59.954000+00:00,2025-01-20 02:30:00+00:00,continuous,101690.0,102300.0,101352.2,101635.6,643949515.6636955
2025-01-20 02:59:59.896000+00:00,2025-01-20 02:45:00+00:00,continuous,101635.6,102192.0,101497.0,101917.5,380909087.5249028
2025-01-20 03:14:59.998000+00:00,2025-01-20 03:00:00+00:00,continuous,101917.8,101975.7,101433.3,101774.4,275131355.93099874
2025-01-20 03:29:59.885000+00:00,2025-01-20 03:15:00+00:00,continuous,101774.3,102200.0,101467.4,101647.1,358253006.9152006
2025-01-20 03:44:59.991000+00:00,2025-01-20 03:30:00+00:00,continuous,101647.0,101874.5,101470.0,101567.0,230090797.25739846
2025-01-20 03:59:59.965000+00:00,2025-01-20 03:45:00+00:00,continuous,101566.9,101928.2,101387.1,101874.5,271565755.6427997
2025-01-20 04:14:59.817000+00:00,2025-01-20 04:00:00+00:00,continuous,101873.8,101879.4,101519.5,101769.1,115963893.16189998
2025-01-20 04:29:59.041000+00:00,2025-01-20 04:15:00+00:00,continuous,101769.1,102062.8,101583.7,101750.0,144119479.09440038
2025-01-20 04:44:59.855000+00:00,2025-01-20 04:30:00+00:00,continuous,101750.1,102355.0,101650.0,102295.9,128375790.3866998
2025-01-20 04:59:59.969000+00:00,2025-01-20 04:45:00+00:00,continuous,102296.0,102792.8,102193.6,102195.3,294265474.2983977
2025-01-20 05:14:59.980000+00:00,2025-01-20 05:00:00+00:00,continuous,102195.3,102745.2,102089.6,102449.3,190130759.8352013
2025-01-20 05:29:59.928000+00:00,2025-01-20 05:15:00+00:00,continuous,102449.3,102822.0,102382.7,102455.8,185885438.6808999
2025-01-20 05:44:59.888000+00:00,2025-01-20 05:30:00+00:00,continuous,102455.9,102605.0,102302.9,102605.0,111944794.75400007
2025-01-20 05:59:59.819000+00:00,2025-01-20 05:45:00+00:00,continuous,102605.0,102744.7,102268.4,102330.1,91712624.69730012
2025-01-20 06:14:59.984000+00:00,2025-01-20 06:00:00+00:00,continuous,102330.2,102621.9,102207.1,102497.4,119045038.52210087
2025-01-20 06:29:59.976000+00:00,2025-01-20 06:15:00+00:00,continuous,102497.5,102769.2,102432.0,102633.0,124129610.16470027
2025-01-20 06:44:59.985000+00:00,2025-01-20 06:30:00+00:00,continuous,102633.1,104742.4,102581.3,104687.9,660508218.4517946
2025-01-20 06:59:59.987000+00:00,2025-01-20 06:45:00+00:00,continuous,104688.0,110000.0,104687.9,107554.0,5073756698.648868
2025-01-20 07:14:59.973000+00:00,2025-01-20 07:00:00+00:00,continuous,107551.3,109500.0,107430.8,109024.4,2380989436.537626
2025-01-20 07:29:59.952000+00:00,2025-01-20 07:15:00+00:00,continuous,109024.3,109143.6,107785.7,108767.3,1249830967.5740123
2025-01-20 07:44:59.959000+00:00,2025-01-20 07:30:00+00:00,continuous,108767.4,109000.0,107825.3,108011.4,908447341.5016823
2025-01-20 07:59:59.938000+00:00,2025-01-20 07:45:00+00:00,continuous,108011.3,108130.0,106946.2,107178.8,700241860.9586952
2025-01-20 08:14:59.930000+00:00,2025-01-20 08:00:00+00:00,continuous,107178.8,108056.0,107140.0,107896.3,430039004.64650255
2025-01-20 08:29:59.991000+00:00,2025-01-20 08:15:00+00:00,continuous,107896.4,108344.1,107675.3,108046.7,352315279.2714057
2025-01-20 08:44:59.936000+00:00,2025-01-20 08:30:00+00:00,continuous,108045.7,108329.0,107826.7,108236.5,280810886.54510164
2025-01-20 08:59:59.815000+00:00,2025-01-20 08:45:00+00:00,continuous,108236.4,108411.8,107900.0,108332.0,229728909.28089938
2025-01-20 09:14:59.860000+00:00,2025-01-20 09:00:00+00:00,continuous,108331.9,109300.8,108200.1,108771.2,723292522.170994
2025-01-20 09:29:59.985000+00:00,2025-01-20 09:15:00+00:00,continuous,108771.1,108944.9,107978.9,108270.2,442032118.63409865
2025-01-20 09:44:59.947000+00:00,2025-01-20 09:30:00+00:00,continuous,108270.3,108358.0,107580.0,108016.5,390013411.53580326
2025-01-20 09:59:59.999000+00:00,2025-01-20 09:45:00+00:00,continuous,108016.5,108236.6,107850.0,108159.2,202739261.5612005
2025-01-20 10:14:59.906000+00:00,2025-01-20 10:00:00+00:00,continuous,108159.3,108313.6,107946.0,108103.4,137313744.61969993
2025-01-20 10:29:59.697000+00:00,2025-01-20 10:15:00+00:00,continuous,108103.4,108770.0,108081.6,108528.3,340168844.82929885
2025-01-20 10:44:59.997000+00:00,2025-01-20 10:30:00+00:00,continuous,108528.2,108665.2,108158.0,108501.5,232159589.81140104
2025-01-20 10:59:59.998000+00:00,2025-01-20 10:45:00+00:00,continuous,108501.4,108597.6,107800.3,107992.7,257773410.65980047
2025-01-20 11:14:59.876000+00:00,2025-01-20 11:00:00+00:00,continuous,107992.7,108219.1,107800.1,108127.7,209662719.37209967
2025-01-20 11:29:59.896000+00:00,2025-01-20 11:15:00+00:00,continuous,108127.8,108582.6,108058.6,108437.5,207011897.18799895
2025-01-20 11:44:59.884000+00:00,2025-01-20 11:30:00+00:00,continuous,108437.6,108560.2,108118.9,108167.7,152410394.2137006
2025-01-20 11:59:59.331000+00:00,2025-01-20 11:45:00+00:00,continuous,108167.7,108366.8,108065.1,108267.5,122038022.79140013
2025-01-20 12:14:59.995000+00:00,2025-01-20 12:00:00+00:00,continuous,108267.6,108756.6,107000.0,107410.1,796812098.2656016
2025-01-20 12:29:59.983000+00:00,2025-01-20 12:15:00+00:00,continuous,107410.0,107632.2,105500.0,106679.5,1818931065.1775208
2025-01-20 12:44:59.916000+00:00,2025-01-20 12:30:00+00:00,continuous,106679.4,107052.0,106041.4,106504.4,619506244.2643012
2025-01-20 12:59:59.947000+00:00,2025-01-20 12:45:00+00:00,continuous,106504.5,107364.4,106493.0,106956.6,459456959.62319654
2025-01-20 13:14:59.923000+00:00,2025-01-20 13:00:00+00:00,continuous,106957.2,107319.1,106694.2,107012.0,352678734.80890065
2025-01-20 13:29:59.965000+00:00,2025-01-20 13:15:00+00:00,continuous,107012.0,107525.5,106875.3,107365.4,270597750.36639804
2025-01-20 13:44:59.853000+00:00,2025-01-20 13:30:00+00:00,continuous,107365.5,108156.6,107232.4,107713.8,598548655.5658014
2025-01-20 13:59:59.899000+00:00,2025-01-20 13:45:00+00:00,continuous,107713.8,108171.5,107603.5,107999.4,316819547.92470056
2025-01-20 14:14:59.984000+00:00,2025-01-20 14:00:00+00:00,continuous,107999.4,108189.2,107449.3,107706.0,274992438.6049006
2025-01-20 14:29:59.986000+00:00,2025-01-20 14:15:00+00:00,continuous,107706.1,108040.8,107513.0,107541.4,259496254.45649967
2025-01-20 14:44:59.950000+00:00,2025-01-20 14:30:00+00:00,continuous,107541.5,107966.7,107322.6,107783.6,268622047.7513005
2025-01-20 14:59:59.876000+00:00,2025-01-20 14:45:00+00:00,continuous,107783.5,108135.9,107585.7,107918.5,197780054.27800065
2025-01-20 15:14:59.959000+00:00,2025-01-20 15:00:00+00:00,continuous,107918.4,108050.0,107461.5,107461.7,224046204.6115001
2025-01-20 15:29:59.950000+00:00,2025-01-20 15:15:00+00:00,continuous,107462.6,107579.8,106325.4,107074.5,881283608.4874035
2025-01-20 15:44:59.997000+00:00,2025-01-20 15:30:00+00:00,continuous,107074.5,107085.2,106400.0,106503.7,370702765.35140353
2025-01-20 15:59:59.993000+00:00,2025-01-20 15:45:00+00:00,continuous,106503.9,106508.5,104500.0,105008.7,1440943716.1277854
2025-01-20 16:14:59.968000+00:00,2025-01-20 16:00:00+00:00,continuous,105001.3,105865.4,103702.0,104550.6,1390980967.700884
2025-01-20 16:29:59.943000+00:00,2025-01-20 16:15:00+00:00,continuous,104550.7,105688.0,104360.8,105627.6,775971248.9153084
2025-01-20 16:44:59.990000+00:00,2025-01-20 16:30:00+00:00,continuous,105627.5,107082.8,105295.6,106527.6,878940019.2411022
2025-01-20 16:59:59.856000+00:00,2025-01-20 16:45:00+00:00,continuous,106527.7,106888.8,106250.0,106685.2,440806039.7766993
2025-01-20 17:14:59.993000+00:00,2025-01-20 17:00:00+00:00,continuous,106685.1,106790.2,100890.0,104242.1,4359106878.886394
2025-01-20 17:29:59.988000+00:00,2025-01-20 17:15:00+00:00,continuous,104242.2,105624.8,103861.6,104167.7,1359319474.088884
2025-01-20 17:44:59.997000+00:00,2025-01-20 17:30:00+00:00,continuous,104167.8,104791.9,100138.2,100706.6,3333521587.184809
2025-01-20 17:59:59.937000+00:00,2025-01-20 17:45:00+00:00,continuous,100705.5,104650.9,100563.3,102941.4,2760071202.660287
2025-01-20 18:14:59.995000+00:00,2025-01-20 18:00:00+00:00,continuous,102943.5,104146.9,102691.2,103919.5,728475211.9054974
2025-01-20 18:29:59.932000+00:00,2025-01-20 18:15:00+00:00,continuous,103919.4,104100.0,103098.1,103730.0,379943182.93989646
2025-01-20 18:44:59.866000+00:00,2025-01-20 18:30:00+00:00,continuous,103730.4,104238.5,103493.4,103951.9,276057934.50539887
2025-01-20 18:59:59.971000+00:00,2025-01-20 18:45:00+00:00,continuous,103951.9,104461.5,103816.8,103907.0,382616984.7392019
2025-01-20 19:14:59.974000+00:00,2025-01-20 19:00:00+00:00,continuous,103907.1,103948.8,103102.0,103698.2,358108636.42529917
2025-01-20 19:29:59.879000+00:00,2025-01-20 19:15:00+00:00,continuous,103698.2,103829.2,103018.2,103225.0,266014896.53980005
2025-01-20 19:44:59.648000+00:00,2025-01-20 19:30:00+00:00,continuous,103225.0,103493.1,102726.0,103265.7,258839943.51170057
2025-01-20 19:59:59.949000+00:00,2025-01-20 19:45:00+00:00,continuous,103268.7,103959.0,103245.1,103674.2,197406814.50520033
2025-01-20 20:14:59.418000+00:00,2025-01-20 20:00:00+00:00,continuous,103674.3,103905.3,103330.1,103724.1,213438014.4937
2025-01-20 20:29:59.725000+00:00,2025-01-20 20:15:00+00:00,continuous,103724.0,104287.6,103463.2,103942.9,208304616.60070086
2025-01-20 20:44:59.986000+00:00,2025-01-20 20:30:00+00:00,continuous,103942.9,104313.2,103793.8,103845.5,125033048.66190009
2025-01-20 20:59:59.900000+00:00,2025-01-20 20:45:00+00:00,continuous,103845.4,104111.8,103623.7,103632.8,119394519.81729975
2025-01-20 21:14:59.485000+00:00,2025-01-20 21:00:00+00:00,continuous,103632.7,103990.9,103590.0,103829.8,87778764.72839977
2025-01-20 21:29:59.831000+00:00,2025-01-20 21:15:00+00:00,continuous,103829.8,104060.0,103613.1,103693.1,108500139.71759966
2025-01-20 21:44:59.309000+00:00,2025-01-20 21:30:00+00:00,continuous,103693.0,103867.0,103198.8,103342.8,151735953.1012006
2025-01-20 21:59:59.969000+00:00,2025-01-20 21:45:00+00:00,continuous,103342.8,103361.6,102556.1,102586.0,232053863.3979996
2025-01-20 22:14:59.602000+00:00,2025-01-20 22:00:00+00:00,continuous,102586.0,102966.3,101829.3,102570.5,426603688.90189785
2025-01-20 22:29:59.750000+00:00,2025-01-20 22:15:00+00:00,continuous,102570.5,103192.8,102540.7,103083.9,170696154.83270082
2025-01-20 22:44:59.731000+00:00,2025-01-20 22:30:00+00:00,continuous,103083.9,103561.9,102917.1,103386.5,168220707.8555008
2025-01-20 22:59:59.963000+00:00,2025-01-20 22:45:00+00:00,continuous,103386.6,103811.8,103340.7,103585.2,74886209.31420022
2025-01-20 23:14:59.940000+00:00,2025-01-20 23:00:00+00:00,continuous,103585.7,103679.0,102704.1,102704.2,268529255.15120023
2025-01-20 23:29:59.930000+00:00,2025-01-20 23:15:00+00:00,continuous,102704.1,103223.8,102250.0,103210.9,212285608.60759827
2025-01-20 23:44:59.698000+00:00,2025-01-20 23:30:00+00:00,continuous,103210.8,103361.0,102952.0,103283.3,114662566.24399987
2025-01-20 23:59:59.927000+00:00,2025-01-20 23:45:00+00:00,continuous,103283.3,103356.0,101714.4,102247.6,511106545.1544028
2025-01-21 00:14:59.924000+00:00,2025-01-21 00:00:00+00:00,continuous,102247.7,102557.1,101701.6,102394.1,262934322.81580165
2025-01-21 00:29:59.916000+00:00,2025-01-21 00:15:00+00:00,continuous,102394.2,102568.8,101727.8,101977.0,323768849.89470124
2025-01-21 00:44:59.981000+00:00,2025-01-21 00:30:00+00:00,continuous,101977.0,102390.5,101633.4,102308.0,317065599.8991978
2025-01-21 00:59:59.927000+00:00,2025-01-21 00:45:00+00:00,continuous,102307.9,102670.7,101100.0,101188.0,557613222.0102017
2025-01-21 01:14:59.978000+00:00,2025-01-21 01:00:00+00:00,continuous,101188.1,102227.8,101076.9,102134.0,433758616.7536958
2025-01-21 01:29:59.990000+00:00,2025-01-21 01:15:00+00:00,continuous,102133.9,102136.0,100230.7,100453.9,592790616.5366979
2025-01-21 01:44:59.912000+00:00,2025-01-21 01:30:00+00:00,continuous,100454.4,101453.0,100097.2,101226.0,666157877.4694886
2025-01-21 01:59:59.936000+00:00,2025-01-21 01:45:00+00:00,continuous,101226.1,101847.9,101077.5,101496.9,250837827.9878984
2025-01-21 02:14:59.699000+00:00,2025-01-21 02:00:00+00:00,continuous,101496.8,102445.6,101048.1,102382.1,493839204.2021963
2025-01-21 02:29:59.990000+00:00,2025-01-21 02:15:00+00:00,continuous,102382.0,102769.2,101961.2,102429.1,362905042.04819995
2025-01-21 02:44:59.913000+00:00,2025-01-21 02:30:00+00:00,continuous,102429.1,102562.1,101957.3,102103.8,210121781.4938998
2025-01-21 02:59:59.842000+00:00,2025-01-21 02:45:00+00:00,continuous,102103.8,102680.0,101802.8,102545.9,280066942.4804998
2025-01-21 03:14:59.916000+00:00,2025-01-21 03:00:00+00:00,continuous,102546.0,102987.1,102299.6,102694.8,260271836.80759802
2025-01-21 03:29:59.971000+00:00,2025-01-21 03:15:00+00:00,continuous,102694.8,103279.9,102444.4,102889.4,253956225.21349925
2025-01-21 03:44:59.961000+00:00,2025-01-21 03:30:00+00:00,continuous,102889.4,103218.9,102754.5,103047.5,161285242.7608007
2025-01-21 03:59:59.601000+00:00,2025-01-21 03:45:00+00:00,continuous,103047.6,103179.7,102857.0,102922.7,108343287.03230016
2025-01-21 04:14:59.759000+00:00,2025-01-21 04:00:00+00:00,continuous,102922.7,102931.9,102369.7,102661.7,263436439.56530046
2025-01-21 04:29:59.455000+00:00,2025-01-21 04:15:00+00:00,continuous,102661.8,102972.5,102523.9,102702.8,137621853.1713994
2025-01-21 04:44:59.804000+00:00,2025-01-21 04:30:00+00:00,continuous,102702.8,102702.8,101911.3,102329.8,246086040.06309807
2025-01-21 04:59:59.884000+00:00,2025-01-21 04:45:00+00:00,continuous,102329.8,102530.0,102151.8,102337.2,116139493.81420015
2025-01-21 05:14:59.914000+00:00,2025-01-21 05:00:00+00:00,continuous,102337.2,102530.0,101908.1,101986.0,146029996.95929968
2025-01-21 05:29:59.991000+00:00,2025-01-21 05:15:00+00:00,continuous,101986.1,102120.0,101841.6,101998.0,123855304.0164991
2025-01-21 05:44:59.883000+00:00,2025-01-21 05:30:00+00:00,continuous,101998.6,102055.2,101332.5,101680.8,232950037.1008999
2025-01-21 05:59:59.927000+00:00,2025-01-21 05:45:00+00:00,continuous,101681.3,101784.6,101344.7,101369.3,136705009.12249953
2025-01-21 06:14:59.985000+00:00,2025-01-21 06:00:00+00:00,continuous,101371.1,101909.1,101102.8,101780.0,298912487.27570117
2025-01-21 06:29:59.885000+00:00,2025-01-21 06:15:00+00:00,continuous,101780.1,101983.4,101700.0,101817.4,141902348.8626998
2025-01-21 06:44:59.849000+00:00,2025-01-21 06:30:00+00:00,continuous,101817.3,101940.8,101362.5,101492.4,146703847.92169997
2025-01-21 06:59:59.915000+00:00,2025-01-21 06:45:00+00:00,continuous,101492.4,102184.4,101407.7,102169.7,217623234.99910104
2025-01-21 07:14:59.894000+00:00,2025-01-21 07:00:00+00:00,continuous,102169.6,102456.0,102021.9,102359.1,187021565.06799936
2025-01-21 07:29:59.999000+00:00,2025-01-21 07:15:00+00:00,continuous,102359.1,102463.0,102288.0,102419.3,97136409.84859991
2025-01-21 07:44:59.950000+00:00,2025-01-21 07:30:00+00:00,continuous,102419.3,102420.1,102071.9,102147.6,114343766.18970023
2025-01-21 07:59:59.827000+00:00,2025-01-21 07:45:00+00:00,continuous,102147.6,102248.5,101781.1,101980.7,148410834.4989001
2025-01-21 08:14:59.996000+00:00,2025-01-21 08:00:00+00:00,continuous,101980.7,102480.8,101719.4,102369.4,197786128.9063984
2025-01-21 08:29:59.997000+00:00,2025-01-21 08:15:00+00:00,continuous,102369.4,102428.8,102133.3,102241.3,86571025.47830014
2025-01-21 08:44:59.710000+00:00,2025-01-21 08:30:00+00:00,continuous,102241.3,102408.0,101986.1,102165.2,83015247.01059942
2025-01-21 08:59:59.800000+00:00,2025-01-21 08:45:00+00:00,continuous,102165.3,102488.0,101994.0,102436.7,103430916.67689987
2025-01-21 09:14:59.990000+00:00,2025-01-21 09:00:00+00:00,continuous,102436.8,102886.6,102300.0,102521.5,279575970.30130076
2025-01-21 09:29:59.895000+00:00,2025-01-21 09:15:00+00:00,continuous,102521.6,102625.3,102047.3,102318.0,213348094.14859813
2025-01-21 09:44:59.812000+00:00,2025-01-21 09:30:00+00:00,continuous,102317.9,102533.1,102282.2,102464.1,96708477.95149942
2025-01-21 09:59:59.389000+00:00,2025-01-21 09:45:00+00:00,continuous,102464.0,102787.5,102428.0,102681.8,110349805.51339991
2025-01-21 10:14:59.881000+00:00,2025-01-21 10:00:00+00:00,continuous,102681.9,102855.0,102542.6,102670.2,159126214.81759873
2025-01-21 10:29:59.872000+00:00,2025-01-21 10:15:00+00:00,continuous,102670.2,103226.6,102663.6,103164.1,181583613.69289967
2025-01-21 10:44:59.805000+00:00,2025-01-21 10:30:00+00:00,continuous,103164.1,103164.1,102949.1,102971.2,143766116.2907994
2025-01-21 10:59:59.620000+00:00,2025-01-21 10:45:00+00:00,continuous,102971.2,103343.1,102937.1,103144.7,154980113.4208998
2025-01-21 11:14:59.990000+00:00,2025-01-21 11:00:00+00:00,continuous,103144.7,103596.7,103053.9,103553.0,243579438.45800048
2025-01-21 11:29:59.988000+00:00,2025-01-21 11:15:00+00:00,continuous,103553.0,103830.0,103463.8,103635.1,411926588.2396004
2025-01-21 11:44:59.638000+00:00,2025-01-21 11:30:00+00:00,continuous,103635.1,103956.2,103431.9,103840.2,305433077.8884018
2025-01-21 11:59:59.799000+00:00,2025-01-21 11:45:00+00:00,continuous,103840.2,103935.9,103669.9,103725.0,155087767.5122001
2025-01-21 12:14:59.993000+00:00,2025-01-21 12:00:00+00:00,continuous,103725.0,103959.2,103585.7,103959.2,183401653.46170032
2025-01-21 12:29:59.736000+00:00,2025-01-21 12:15:00+00:00,continuous,103959.2,104700.0,103950.3,104439.0,625932128.0028987
2025-01-21 12:44:59.911000+00:00,2025-01-21 12:30:00+00:00,continuous,104439.0,104650.0,104309.5,104426.8,298895788.6662982
2025-01-21 12:59:59.806000+00:00,2025-01-21 12:45:00+00:00,continuous,104426.9,104536.2,104260.9,104493.0,129596852.45009966
2025-01-21 13:14:59.986000+00:00,2025-01-21 13:00:00+00:00,continuous,104492.9,104649.9,104100.0,104594.8,274168003.707202
2025-01-21 13:29:59.887000+00:00,2025-01-21 13:15:00+00:00,continuous,104594.9,104958.0,104412.7,104615.7,403829401.6709014
2025-01-21 13:44:59.766000+00:00,2025-01-21 13:30:00+00:00,continuous,104615.7,104706.6,104412.6,104625.2,176283553.06110048
2025-01-21 13:59:59.862000+00:00,2025-01-21 13:45:00+00:00,continuous,104625.1,104812.5,104311.0,104428.4,196308050.01439914
2025-01-21 14:14:59.635000+00:00,2025-01-21 14:00:00+00:00,continuous,104428.3,104663.9,104355.8,104495.0,149312555.11839867
2025-01-21 14:29:59.998000+00:00,2025-01-21 14:15:00+00:00,continuous,104495.1,105258.0,104495.0,105202.2,412172951.5546981
2025-01-21 14:44:59.939000+00:00,2025-01-21 14:30:00+00:00,continuous,105201.9,105292.3,103236.0,103734.1,1269402196.5880196
2025-01-21 14:59:59.982000+00:00,2025-01-21 14:45:00+00:00,continuous,103734.1,104250.0,103000.0,103264.7,777114496.6905934
2025-01-21 15:14:59.972000+00:00,2025-01-21 15:00:00+00:00,continuous,103262.6,103476.5,102800.0,103048.1,661576232.8400908
2025-01-21 15:29:59.979000+00:00,2025-01-21 15:15:00+00:00,continuous,103048.0,103792.5,103005.9,103697.5,409599346.9148057
2025-01-21 15:44:59.978000+00:00,2025-01-21 15:30:00+00:00,continuous,103697.6,104101.2,103323.1,103788.2,397999152.9670019
2025-01-21 15:59:59.260000+00:00,2025-01-21 15:45:00+00:00,continuous,103787.7,103999.0,103439.5,103929.1,327813539.4657001
2025-01-21 16:14:59.949000+00:00,2025-01-21 16:00:00+00:00,continuous,103929.1,106346.9,103781.5,106038.9,1378572889.784404
2025-01-21 16:29:59.974000+00:00,2025-01-21 16:15:00+00:00,continuous,106039.0,106568.8,105197.0,105380.3,1173653328.3425887
2025-01-21 16:44:59.947000+00:00,2025-01-21 16:30:00+00:00,continuous,105380.3,105847.0,104762.0,105083.7,689480344.8982921
2025-01-21 16:59:59.691000+00:00,2025-01-21 16:45:00+00:00,continuous,105083.7,105698.5,104804.0,104955.5,465247422.7902997
2025-01-21 17:14:59.797000+00:00,2025-01-21 17:00:00+00:00,continuous,104955.6,105497.0,104875.8,105450.9,226345046.85709894
2025-01-21 17:29:59.991000+00:00,2025-01-21 17:15:00+00:00,continuous,105450.9,105790.0,105363.2,105647.1,224962195.3338013
2025-01-21 17:44:59.787000+00:00,2025-01-21 17:30:00+00:00,continuous,105647.2,106000.0,105485.5,105813.0,217470666.18009743
2025-01-21 17:59:59.962000+00:00,2025-01-21 17:45:00+00:00,continuous,105813.0,106412.6,105777.0,106146.5,492396882.25449497
2025-01-21 18:14:59.848000+00:00,2025-01-21 18:00:00+00:00,continuous,106146.4,106227.8,105857.8,106076.6,243741948.43520093
2025-01-21 18:29:59.970000+00:00,2025-01-21 18:15:00+00:00,continuous,106076.6,106488.0,106014.3,106369.1,255287315.60589996
2025-01-21 18:44:59.885000+00:00,2025-01-21 18:30:00+00:00,continuous,106369.1,107241.6,106226.5,106812.3,785650864.7166969
2025-01-21 18:59:59.967000+00:00,2025-01-21 18:45:00+00:00,continuous,106812.3,107088.2,106714.8,106834.0,237145855.8583015
2025-01-21 19:14:59.970000+00:00,2025-01-21 19:00:00+00:00,continuous,106834.0,106893.4,106340.0,106340.0,294409394.7522014
2025-01-21 19:29:59.873000+00:00,2025-01-21 19:15:00+00:00,continuous,106340.1,107000.0,106248.0,106859.3,287773630.7514999
2025-01-21 19:44:59.790000+00:00,2025-01-21 19:30:00+00:00,continuous,106859.4,106867.7,106469.4,106625.4,160566666.10140017
2025-01-21 19:59:59.869000+00:00,2025-01-21 19:45:00+00:00,continuous,106625.3,107126.8,106608.2,106989.9,163085474.8606006
2025-01-21 20:14:59.978000+00:00,2025-01-21 20:00:00+00:00,continuous,106989.9,107180.0,106726.7,106840.3,190463611.26870114
2025-01-21 20:29:59.864000+00:00,2025-01-21 20:15:00+00:00,continuous,106840.4,107135.2,106639.3,106994.5,173277777.2529013
2025-01-21 20:44:59.972000+00:00,2025-01-21 20:30:00+00:00,continuous,106994.4,107055.2,105900.0,106061.6,503751953.36779445
2025-01-21 20:59:59.944000+00:00,2025-01-21 20:45:00+00:00,continuous,106061.7,106274.0,105943.4,106099.9,362888019.4770011
2025-01-21 21:14:59.831000+00:00,2025-01-21 21:00:00+00:00,continuous,106104.0,106369.2,105980.0,105982.2,200433270.0489014
2025-01-21 21:29:59.848000+00:00,2025-01-21 21:15:00+00:00,continuous,105982.2,106341.3,105704.1,106200.0,234015333.44019932
2025-01-21 21:44:59.992000+00:00,2025-01-21 21:30:00+00:00,continuous,106200.0,106512.0,106183.4,106469.7,182884027.19140008
2025-01-21 21:59:59.989000+00:00,2025-01-21 21:45:00+00:00,continuous,106469.6,106781.0,106346.7,106737.0,162368070.68800017
2025-01-21 22:14:59.867000+00:00,2025-01-21 22:00:00+00:00,continuous,106737.0,106743.0,106348.1,106433.5,122936969.30529882
2025-01-21 22:29:59.739000+00:00,2025-01-21 22:15:00+00:00,continuous,106433.5,106627.2,106320.8,106411.7,76356719.58780015
2025-01-21 22:44:59.855000+00:00,2025-01-21 22:30:00+00:00,continuous,106411.8,106450.3,106050.8,106140.0,97585599.07010011
2025-01-21 22:59:59.924000+00:00,2025-01-21 22:45:00+00:00,continuous,106140.0,106333.0,105941.0,105966.6,77257174.51989986
2025-01-21 23:14:59.982000+00:00,2025-01-21 23:00:00+00:00,continuous,105966.7,106090.4,105400.2,105670.2,365504416.1983023
2025-01-21 23:29:59.987000+00:00,2025-01-21 23:15:00+00:00,continuous,105671.1,106044.1,105633.3,105691.1,141469082.51310048
2025-01-21 23:44:59.899000+00:00,2025-01-21 23:30:00+00:00,continuous,105691.0,106041.4,105691.0,105985.6,146987422.6663992
2025-01-21 23:59:59.998000+00:00,2025-01-21 23:45:00+00:00,continuous,105985.5,106257.2,105777.7,106114.5,178131592.8981009
2025-01-22 00:14:59.709000+00:00,2025-01-22 00:00:00+00:00,continuous,106115.4,106193.5,105828.8,105943.3,168280038.9364001
2025-01-22 00:29:59.788000+00:00,2025-01-22 00:15:00+00:00,continuous,105943.3,106298.7,105800.0,105960.6,171818820.52930126
2025-01-22 00:44:59.823000+00:00,2025-01-22 00:30:00+00:00,continuous,105960.6,106041.4,105800.0,105900.0,85958831.88189988
2025-01-22 00:59:59.836000+00:00,2025-01-22 00:45:00+00:00,continuous,105900.0,106018.8,105769.8,105923.7,103745083.14750025
2025-01-22 01:14:59.666000+00:00,2025-01-22 01:00:00+00:00,continuous,105923.7,106390.0,105723.6,105800.1,224530674.21879998
2025-01-22 01:29:59.989000+00:00,2025-01-22 01:15:00+00:00,continuous,105800.1,105952.3,105600.0,105658.0,87063743.88100012
2025-01-22 01:44:59.962000+00:00,2025-01-22 01:30:00+00:00,continuous,105658.1,105770.0,105431.9,105441.0,122195082.98530018
2025-01-22 01:59:59.938000+00:00,2025-01-22 01:45:00+00:00,continuous,105441.1,105875.7,105439.7,105784.0,129249090.92279997
2025-01-22 02:14:59.980000+00:00,2025-01-22 02:00:00+00:00,continuous,105784.0,105893.4,105643.5,105847.2,94839765.23569945
2025-01-22 02:29:59.962000+00:00,2025-01-22 02:15:00+00:00,continuous,105847.0,106184.5,105820.0,106008.4,116466583.92439978
2025-01-22 02:44:59.893000+00:00,2025-01-22 02:30:00+00:00,continuous,106008.5,106100.0,105852.1,105852.1,89894692.18970004
2025-01-22 02:59:59.141000+00:00,2025-01-22 02:45:00+00:00,continuous,105852.2,105872.2,105524.6,105569.9,91820522.9438998
2025-01-22 03:14:59.969000+00:00,2025-01-22 03:00:00+00:00,continuous,105569.9,105816.8,105564.4,105798.6,78509283.39809981
2025-01-22 03:29:59.711000+00:00,2025-01-22 03:15:00+00:00,continuous,105798.6,105897.0,105733.1,105814.1,59446679.28150002
2025-01-22 03:44:59.998000+00:00,2025-01-22 03:30:00+00:00,continuous,105814.1,105814.1,105662.7,105665.5,49214739.25009985
2025-01-22 03:59:59.553000+00:00,2025-01-22 03:45:00+00:00,continuous,105665.6,105729.6,105576.2,105588.2,57017995.577899896
2025-01-22 04:14:59.531000+00:00,2025-01-22 04:00:00+00:00,continuous,105588.1,105763.3,105550.0,105687.7,56920878.207999706
2025-01-22 04:29:59.853000+00:00,2025-01-22 04:15:00+00:00,continuous,105687.7,105791.4,105602.6,105731.5,49095526.92249989
2025-01-22 04:44:59.766000+00:00,2025-01-22 04:30:00+00:00,continuous,105731.5,105800.0,105251.6,105385.5,158489575.53730005
2025-01-22 04:59:59.997000+00:00,2025-01-22 04:45:00+00:00,continuous,105385.4,105586.4,105364.5,105554.2,79958857.66699989
2025-01-22 05:14:59.533000+00:00,2025-01-22 05:00:00+00:00,continuous,105554.3,105754.2,105462.2,105737.8,125322808.3023002
2025-01-22 05:29:59.812000+00:00,2025-01-22 05:15:00+00:00,continuous,105737.8,105855.2,105601.0,105601.0,86716473.64749926
2025-01-22 05:44:59.921000+00:00,2025-01-22 05:30:00+00:00,continuous,105601.0,105640.0,105480.4,105604.3,61021866.13789985
2025-01-22 05:59:59.926000+00:00,2025-01-22 05:45:00+00:00,continuous,105604.3,105757.3,105505.0,105674.8,69704911.8089001
2025-01-22 06:14:59.071000+00:00,2025-01-22 06:00:00+00:00,continuous,105674.8,105948.6,105596.3,105875.8,104309930.3831997
2025-01-22 06:29:59.900000+00:00,2025-01-22 06:15:00+00:00,continuous,105875.7,105875.8,105319.1,105491.1,161009767.6185986
2025-01-22 06:44:59.928000+00:00,2025-01-22 06:30:00+00:00,continuous,105491.1,105579.3,105316.9,105367.3,123433446.08709897
2025-01-22 06:59:59.677000+00:00,2025-01-22 06:45:00+00:00,continuous,105367.3,105420.1,105154.2,105366.2,140132301.92859915
2025-01-22 07:14:59.822000+00:00,2025-01-22 07:00:00+00:00,continuous,105366.2,105555.0,105300.9,105546.3,86278341.17750013
2025-01-22 07:29:59.682000+00:00,2025-01-22 07:15:00+00:00,continuous,105546.2,105685.7,105325.0,105448.1,133318361.19299997
2025-01-22 07:44:59.956000+00:00,2025-01-22 07:30:00+00:00,continuous,105448.0,105448.1,105050.4,105074.4,143922935.88120022
2025-01-22 07:59:59.983000+00:00,2025-01-22 07:45:00+00:00,continuous,105074.5,105261.0,105037.2,105063.8,135956581.8336002
2025-01-22 08:14:59.744000+00:00,2025-01-22 08:00:00+00:00,continuous,105063.8,105168.0,104923.0,104999.9,194148365.7503968
2025-01-22 08:29:59.905000+00:00,2025-01-22 08:15:00+00:00,continuous,105000.0,105047.3,104718.7,104796.9,186060591.74300045
2025-01-22 08:44:59.978000+00:00,2025-01-22 08:30:00+00:00,continuous,104796.8,105132.9,104667.0,105061.4,170969633.44399992
2025-01-22 08:59:59.801000+00:00,2025-01-22 08:45:00+00:00,continuous,105061.5,105336.8,105012.9,105245.1,188359348.3614014
2025-01-22 09:14:58.741000+00:00,2025-01-22 09:00:00+00:00,continuous,105245.1,105252.9,104882.0,104976.2,121435600.3684993
2025-01-22 09:29:58.359000+00:00,2025-01-22 09:15:00+00:00,continuous,104976.3,105135.5,104913.4,104991.7,97686909.03499971
2025-01-22 09:44:59.866000+00:00,2025-01-22 09:30:00+00:00,continuous,104991.7,105182.9,104923.7,105168.3,61501982.161099985
2025-01-22 09:59:59.963000+00:00,2025-01-22 09:45:00+00:00,continuous,105168.3,105173.4,104923.0,104972.1,62514770.112599924
2025-01-22 10:14:59.713000+00:00,2025-01-22 10:00:00+00:00,continuous,104972.2,104990.2,104610.0,104801.0,147486110.41260013
2025-01-22 10:29:59.827000+00:00,2025-01-22 10:15:00+00:00,continuous,104800.9,104997.1,104728.1,104953.3,95857682.49029952
2025-01-22 10:44:59.514000+00:00,2025-01-22 10:30:00+00:00,continuous,104953.3,105060.0,104853.7,105026.7,65488205.827999994
2025-01-22 10:59:59.900000+00:00,2025-01-22 10:45:00+00:00,continuous,105026.7,105145.0,104958.6,105112.0,86126472.39239998
2025-01-22 11:14:59.762000+00:00,2025-01-22 11:00:00+00:00,continuous,105112.0,105132.4,104962.0,105032.0,79530105.06540015
2025-01-22 11:29:59.698000+00:00,2025-01-22 11:15:00+00:00,continuous,105032.0,105232.3,104721.0,104768.2,162155504.32139987
2025-01-22 11:44:59.845000+00:00,2025-01-22 11:30:00+00:00,continuous,104768.3,105138.2,104754.0,105056.0,102217633.23339988
2025-01-22 11:59:59.990000+00:00,2025-01-22 11:45:00+00:00,continuous,105056.0,105449.9,104999.9,105083.9,220648695.68700117
2025-01-22 12:14:59.814000+00:00,2025-01-22 12:00:00+00:00,continuous,105084.0,105440.0,105030.8,105440.0,158526202.1668994
2025-01-22 12:29:59.929000+00:00,2025-01-22 12:15:00+00:00,continuous,105440.0,105557.2,105325.9,105326.0,168400142.55140054
2025-01-22 12:44:59.967000+00:00,2025-01-22 12:30:00+00:00,continuous,105325.9,105437.6,105220.0,105437.5,81232026.9339998
2025-01-22 12:59:59.916000+00:00,2025-01-22 12:45:00+00:00,continuous,105437.6,105437.6,105233.0,105233.0,68014574.93059982
2025-01-22 13:14:59.147000+00:00,2025-01-22 13:00:00+00:00,continuous,105232.9,105329.9,104850.0,104915.3,168107466.337901
2025-01-22 13:29:59.954000+00:00,2025-01-22 13:15:00+00:00,continuous,104915.3,105036.7,104820.0,104870.3,179956948.71850044
2025-01-22 13:44:59.995000+00:00,2025-01-22 13:30:00+00:00,continuous,104870.2,104922.9,104210.4,104581.6,454043917.4029059
2025-01-22 13:59:59.905000+00:00,2025-01-22 13:45:00+00:00,continuous,104581.5,104616.0,103785.3,104051.7,528951238.0283991
2025-01-22 14:14:59.905000+00:00,2025-01-22 14:00:00+00:00,continuous,104052.9,104141.9,103660.2,104049.4,421439104.65039384
2025-01-22 14:29:59.906000+00:00,2025-01-22 14:15:00+00:00,continuous,104049.4,104648.5,104000.0,104614.4,326566438.7526021
2025-01-22 14:44:59.858000+00:00,2025-01-22 14:30:00+00:00,continuous,104614.4,104918.0,104041.8,104184.5,510153062.5906908
2025-01-22 14:59:59.989000+00:00,2025-01-22 14:45:00+00:00,continuous,104184.6,104700.0,103612.0,104367.5,647048291.6532991
2025-01-22 15:14:59.996000+00:00,2025-01-22 15:00:00+00:00,continuous,104367.6,104930.0,104090.7,104924.1,390414634.2630941
2025-01-22 15:29:59.977000+00:00,2025-01-22 15:15:00+00:00,continuous,104924.1,105136.0,104343.7,104343.7,384242424.26420105
2025-01-22 15:44:59.106000+00:00,2025-01-22 15:30:00+00:00,continuous,104343.4,104479.2,103930.8,104252.3,311230375.1384979
2025-01-22 15:59:59.928000+00:00,2025-01-22 15:45:00+00:00,continuous,104252.3,104631.3,104008.7,104138.0,198081192.67069903
2025-01-22 16:14:59.886000+00:00,2025-01-22 16:00:00+00:00,continuous,104138.1,104186.9,103650.0,103769.3,439560988.80309355
2025-01-22 16:29:59.904000+00:00,2025-01-22 16:15:00+00:00,continuous,103769.3,104071.0,103670.8,103954.9,233186502.88460088
2025-01-22 16:44:59.996000+00:00,2025-01-22 16:30:00+00:00,continuous,103954.9,104022.6,103211.6,103407.8,360603586.9287982
2025-01-22 16:59:59.837000+00:00,2025-01-22 16:45:00+00:00,continuous,103407.9,103843.4,103323.1,103671.5,268033356.38889942
2025-01-22 17:14:59.638000+00:00,2025-01-22 17:00:00+00:00,continuous,103671.6,104221.4,103630.1,104080.1,313991150.1835974
2025-01-22 17:29:59.872000+00:00,2025-01-22 17:15:00+00:00,continuous,104080.1,104339.2,103985.6,104220.5,172130450.59329987
2025-01-22 17:44:59.882000+00:00,2025-01-22 17:30:00+00:00,continuous,104220.5,104571.0,104094.2,104387.5,178473117.2260995
2025-01-22 17:59:59.666000+00:00,2025-01-22 17:45:00+00:00,continuous,104387.5,104554.8,104094.6,104301.2,137156716.34919924
2025-01-22 18:14:59.801000+00:00,2025-01-22 18:00:00+00:00,continuous,104301.2,104650.0,104236.2,104473.5,167838424.44710037
2025-01-22 18:29:59.515000+00:00,2025-01-22 18:15:00+00:00,continuous,104473.6,104497.1,104017.0,104277.8,160669597.93440014
2025-01-22 18:44:59.551000+00:00,2025-01-22 18:30:00+00:00,continuous,104277.7,104540.4,104237.6,104328.0,94045433.1712996
2025-01-22 18:59:59.970000+00:00,2025-01-22 18:45:00+00:00,continuous,104328.1,104384.6,103700.0,103866.6,186103434.5373001
2025-01-22 19:14:59.335000+00:00,2025-01-22 19:00:00+00:00,continuous,103866.5,104303.5,103821.7,104250.1,157679358.1298003
2025-01-22 19:29:59.986000+00:00,2025-01-22 19:15:00+00:00,continuous,104250.0,104697.1,104249.9,104457.5,187278966.6594002
2025-01-22 19:44:59.927000+00:00,2025-01-22 19:30:00+00:00,continuous,104457.4,104721.8,104236.8,104424.0,188708671.85089868
2025-01-22 19:59:59.729000+00:00,2025-01-22 19:45:00+00:00,continuous,104423.9,104682.9,104416.7,104600.0,108916585.23879977
2025-01-22 20:14:59.767000+00:00,2025-01-22 20:00:00+00:00,continuous,104600.0,104804.5,104333.2,104528.6,237890723.23709905
2025-01-22 20:29:59.818000+00:00,2025-01-22 20:15:00+00:00,continuous,104528.6,104564.9,104260.2,104410.8,122496803.17139935
2025-01-22 20:44:59.961000+00:00,2025-01-22 20:30:00+00:00,continuous,104410.8,104571.0,104100.0,104155.9,187306600.32339936
2025-01-22 20:59:59.890000+00:00,2025-01-22 20:45:00+00:00,continuous,104155.9,104476.0,104030.0,104276.5,177655166.11959964
2025-01-22 21:14:59.954000+00:00,2025-01-22 21:00:00+00:00,continuous,104276.5,104331.3,103712.4,103849.9,183719068.65689987
2025-01-22 21:29:59.902000+00:00,2025-01-22 21:15:00+00:00,continuous,103850.0,103918.2,103556.7,103857.9,165243266.5014004
2025-01-22 21:44:59.598000+00:00,2025-01-22 21:30:00+00:00,continuous,103857.9,104090.0,103856.2,103980.6,129025350.22469983
2025-01-22 21:59:59.955000+00:00,2025-01-22 21:45:00+00:00,continuous,103980.6,104094.6,103850.0,104034.0,56872368.67189997
2025-01-22 22:14:59.946000+00:00,2025-01-22 22:00:00+00:00,continuous,104033.8,104065.4,103856.3,103961.8,77870627.0992002
2025-01-22 22:29:59.994000+00:00,2025-01-22 22:15:00+00:00,continuous,103961.9,103979.3,103730.0,103958.4,69241330.74890028
2025-01-22 22:44:59.973000+00:00,2025-01-22 22:30:00+00:00,continuous,103958.4,104465.0,103958.3,104253.8,140159186.45359963
2025-01-22 22:59:59.818000+00:00,2025-01-22 22:45:00+00:00,continuous,104253.7,104304.7,103755.1,103830.3,78088364.01680033
2025-01-22 23:14:59.958000+00:00,2025-01-22 23:00:00+00:00,continuous,103830.2,104107.7,103629.2,103897.7,176952467.3766999
2025-01-22 23:29:59.388000+00:00,2025-01-22 23:15:00+00:00,continuous,103897.6,104031.6,103730.0,103799.9,66865141.1254001
2025-01-22 23:44:59.424000+00:00,2025-01-22 23:30:00+00:00,continuous,103799.9,103940.8,103709.0,103869.3,45549443.84669998
2025-01-22 23:59:59.901000+00:00,2025-01-22 23:45:00+00:00,continuous,103869.3,103882.1,103607.5,103664.9,75981936.713
2025-01-23 00:14:59.697000+00:00,2025-01-23 00:00:00+00:00,continuous,103664.9,103777.4,103516.2,103633.5,142300617.6114998
2025-01-23 00:29:59.921000+00:00,2025-01-23 00:15:00+00:00,continuous,103633.6,103633.6,103025.2,103337.1,303147406.44160205
2025-01-23 00:44:59.979000+00:00,2025-01-23 00:30:00+00:00,continuous,103335.6,103610.0,103182.6,103208.6,119213005.84719966
2025-01-23 00:59:59.848000+00:00,2025-01-23 00:45:00+00:00,continuous,103208.9,103441.2,103000.1,103274.9,175678828.9571997
2025-01-23 01:14:59.830000+00:00,2025-01-23 01:00:00+00:00,continuous,103274.8,103383.4,103059.1,103175.9,109860240.3960995
2025-01-23 01:29:59.789000+00:00,2025-01-23 01:15:00+00:00,continuous,103175.8,103542.4,103082.0,103500.1,98202599.6919004
2025-01-23 01:44:59.829000+00:00,2025-01-23 01:30:00+00:00,continuous,103500.1,103623.7,103300.0,103339.6,78506679.00779931
2025-01-23 01:59:59.772000+00:00,2025-01-23 01:45:00+00:00,continuous,103339.6,103358.2,102544.8,102908.5,465577570.98469675
2025-01-23 02:14:59.995000+00:00,2025-01-23 02:00:00+00:00,continuous,102908.6,102964.6,102322.0,102499.0,295109943.30629945
2025-01-23 02:29:59.888000+00:00,2025-01-23 02:15:00+00:00,continuous,102499.1,102529.6,102092.4,102360.8,329163621.05899507
2025-01-23 02:44:59.949000+00:00,2025-01-23 02:30:00+00:00,continuous,102360.8,102466.0,102082.0,102427.8,160228838.98160142
2025-01-23 02:59:59.969000+00:00,2025-01-23 02:45:00+00:00,continuous,102427.7,102752.9,102380.0,102625.4,243243787.7273005
2025-01-23 03:14:59.788000+00:00,2025-01-23 03:00:00+00:00,continuous,102625.3,102970.5,102579.8,102899.6,170176723.85880002
2025-01-23 03:29:59.544000+00:00,2025-01-23 03:15:00+00:00,continuous,102899.7,102968.8,102751.4,102930.6,87840654.51570044
2025-01-23 03:44:59.705000+00:00,2025-01-23 03:30:00+00:00,continuous,102930.6,102967.2,102867.5,102918.9,60662138.01130007
2025-01-23 03:59:59.992000+00:00,2025-01-23 03:45:00+00:00,continuous,102918.9,102919.0,102147.9,102417.0,336969952.82649714
2025-01-23 04:14:59.832000+00:00,2025-01-23 04:00:00+00:00,continuous,102417.1,102454.0,102134.8,102219.9,160891953.03610054
2025-01-23 04:29:59.785000+00:00,2025-01-23 04:15:00+00:00,continuous,102219.9,102219.9,101732.0,101773.9,383833206.49630165
2025-01-23 04:44:59.978000+00:00,2025-01-23 04:30:00+00:00,continuous,101773.8,101988.1,101550.4,101801.5,227428145.8415993
2025-01-23 04:59:59.964000+00:00,2025-01-23 04:45:00+00:00,continuous,101801.6,102100.0,101791.3,102026.1,180583972.22229972
2025-01-23 05:14:59.849000+00:00,2025-01-23 05:00:00+00:00,continuous,102026.1,102183.4,101943.9,102171.6,106486150.0391007
2025-01-23 05:29:59.896000+00:00,2025-01-23 05:15:00+00:00,continuous,102171.6,102234.0,101940.8,101989.6,82417159.90249968
2025-01-23 05:44:59.793000+00:00,2025-01-23 05:30:00+00:00,continuous,101989.6,102542.4,101977.4,102453.7,186916699.01159945
2025-01-23 05:59:59.658000+00:00,2025-01-23 05:45:00+00:00,continuous,102453.7,102619.0,102370.9,102508.8,232488942.9889998
2025-01-23 06:14:59.866000+00:00,2025-01-23 06:00:00+00:00,continuous,102508.8,102955.0,102508.8,102851.1,230102342.51470107
2025-01-23 06:29:59.895000+00:00,2025-01-23 06:15:00+00:00,continuous,102851.1,102860.0,102646.6,102825.4,88336807.21129954
2025-01-23 06:44:59.973000+00:00,2025-01-23 06:30:00+00:00,continuous,102825.4,102825.7,102578.3,102591.5,89428087.4875001
2025-01-23 06:59:59.805000+00:00,2025-01-23 06:45:00+00:00,continuous,102591.5,102612.1,102183.4,102238.6,151315677.3750001
2025-01-23 07:14:59.474000+00:00,2025-01-23 07:00:00+00:00,continuous,102238.6,102399.9,102057.3,102363.2,149684556.1639001
2025-01-23 07:29:59.956000+00:00,2025-01-23 07:15:00+00:00,continuous,102363.1,102500.0,102192.8,102300.0,78907522.66089998
2025-01-23 07:44:58.631000+00:00,2025-01-23 07:30:00+00:00,continuous,102300.0,102530.0,102108.0,102400.0,88026428.09280004
2025-01-23 07:59:59.958000+00:00,2025-01-23 07:45:00+00:00,continuous,102400.0,102753.0,102394.8,102668.4,88217284.53179972
2025-01-23 08:14:59.892000+00:00,2025-01-23 08:00:00+00:00,continuous,102668.3,102668.4,102340.2,102443.2,102052740.39769918
2025-01-23 08:29:59.930000+00:00,2025-01-23 08:15:00+00:00,continuous,102443.3,102571.4,102241.6,102348.7,78439304.8120004
2025-01-23 08:44:59.636000+00:00,2025-01-23 08:30:00+00:00,continuous,102348.7,102425.3,102207.1,102422.0,84160991.62900019
2025-01-23 08:59:59.912000+00:00,2025-01-23 08:45:00+00:00,continuous,102422.1,102478.4,102010.3,102181.8,122690759.34489948
2025-01-23 09:14:59.985000+00:00,2025-01-23 09:00:00+00:00,continuous,102181.8,102445.8,102150.0,102407.1,93513066.68950023
2025-01-23 09:29:59.434000+00:00,2025-01-23 09:15:00+00:00,continuous,102408.3,102410.2,102183.4,102283.8,52177458.1218001
2025-01-23 09:44:59.927000+00:00,2025-01-23 09:30:00+00:00,continuous,102283.7,102283.8,101821.6,101871.2,192480301.04070047
2025-01-23 09:59:59.952000+00:00,2025-01-23 09:45:00+00:00,continuous,101871.2,101959.0,101585.7,101635.9,222914849.01929912
2025-01-23 10:14:59.994000+00:00,2025-01-23 10:00:00+00:00,continuous,101635.8,101870.9,101550.0,101860.3,155266967.38199842
2025-01-23 10:29:59.983000+00:00,2025-01-23 10:15:00+00:00,continuous,101860.2,102040.1,101795.6,101913.0,108357949.97210039
2025-01-23 10:44:59.908000+00:00,2025-01-23 10:30:00+00:00,continuous,101913.1,101987.5,101211.0,101247.2,296855523.46859956
2025-01-23 10:59:59.969000+00:00,2025-01-23 10:45:00+00:00,continuous,101247.2,101650.0,101244.3,101641.8,166007747.17760104
2025-01-23 11:14:59.906000+00:00,2025-01-23 11:00:00+00:00,continuous,101641.8,101955.8,101641.8,101950.1,178559479.7320997
2025-01-23 11:29:59.617000+00:00,2025-01-23 11:15:00+00:00,continuous,101950.1,102128.5,101889.2,101981.8,138945815.3829991
2025-01-23 11:44:59.697000+00:00,2025-01-23 11:30:00+00:00,continuous,101981.8,102150.0,101806.6,101916.2,113631568.47920035
2025-01-23 11:59:59.929000+00:00,2025-01-23 11:45:00+00:00,continuous,101916.2,101974.7,101800.0,101909.2,70112952.2515999
2025-01-23 12:14:59.545000+00:00,2025-01-23 12:00:00+00:00,continuous,101909.2,102093.7,101709.9,101719.4,131812231.28999966
2025-01-23 12:29:59.980000+00:00,2025-01-23 12:15:00+00:00,continuous,101719.4,101736.0,101374.0,101668.5,197450321.675001
2025-01-23 12:44:59.935000+00:00,2025-01-23 12:30:00+00:00,continuous,101668.6,101903.3,101448.8,101561.2,118613005.49220034
2025-01-23 12:59:59.980000+00:00,2025-01-23 12:45:00+00:00,continuous,101561.2,101704.9,101379.5,101599.7,111305723.77520001
2025-01-23 13:14:59.753000+00:00,2025-01-23 13:00:00+00:00,continuous,101599.7,101747.7,101469.6,101684.3,95021718.99390033
2025-01-23 13:29:59.951000+00:00,2025-01-23 13:15:00+00:00,continuous,101684.4,101709.5,101279.8,101500.1,167946638.50380072
2025-01-23 13:44:59.978000+00:00,2025-01-23 13:30:00+00:00,continuous,101500.0,102189.5,101497.0,102130.5,361119257.4056987
2025-01-23 13:59:59.985000+00:00,2025-01-23 13:45:00+00:00,continuous,102130.4,102699.8,102096.4,102472.9,449745451.16100156
2025-01-23 14:14:59.722000+00:00,2025-01-23 14:00:00+00:00,continuous,102472.9,102493.2,102174.6,102265.2,179731485.15869993
2025-01-23 14:29:59.978000+00:00,2025-01-23 14:15:00+00:00,continuous,102265.2,102413.9,101932.1,102398.7,193627838.57390022
2025-01-23 14:44:59.998000+00:00,2025-01-23 14:30:00+00:00,continuous,102398.4,105029.6,102312.6,104889.1,2878621867.4132576
2025-01-23 14:59:59.986000+00:00,2025-01-23 14:45:00+00:00,continuous,104888.5,106000.0,104636.9,105167.7,2133874435.1676042
2025-01-23 15:14:59.995000+00:00,2025-01-23 15:00:00+00:00,continuous,105167.2,105757.3,102600.0,103462.3,3482715734.5635343
2025-01-23 15:29:59.987000+00:00,2025-01-23 15:15:00+00:00,continuous,103462.2,104530.9,102800.1,104165.3,1901963916.7095551
2025-01-23 15:44:59.871000+00:00,2025-01-23 15:30:00+00:00,continuous,104166.1,105056.5,104150.2,104991.4,902104744.9156055
2025-01-23 15:59:59.998000+00:00,2025-01-23 15:45:00+00:00,continuous,104991.3,105378.4,104622.1,105235.2,856954528.6490093
2025-01-23 16:14:59.924000+00:00,2025-01-23 16:00:00+00:00,continuous,105235.3,106588.0,105012.5,106461.5,1411792938.5844977
2025-01-23 16:29:59.980000+00:00,2025-01-23 16:15:00+00:00,continuous,106461.6,106840.2,105260.3,105941.7,1459748260.2106702
2025-01-23 16:44:59.790000+00:00,2025-01-23 16:30:00+00:00,continuous,105941.6,106145.0,105512.4,106012.0,431295353.177594
2025-01-23 16:59:59.982000+00:00,2025-01-23 16:45:00+00:00,continuous,106012.0,106385.9,105005.0,105100.1,934909568.9891087
2025-01-23 17:14:59.958000+00:00,2025-01-23 17:00:00+00:00,continuous,105100.0,105116.3,104135.3,104693.4,766267532.2797832
2025-01-23 17:29:59.918000+00:00,2025-01-23 17:15:00+00:00,continuous,104693.4,105337.8,104617.6,105228.6,378121335.37420005
2025-01-23 17:44:59.767000+00:00,2025-01-23 17:30:00+00:00,continuous,105228.5,105657.9,105174.7,105550.2,294213991.7273995
2025-01-23 17:59:59.941000+00:00,2025-01-23 17:45:00+00:00,continuous,105550.1,106197.9,105505.2,105899.5,424271062.49869484
2025-01-23 18:14:59.945000+00:00,2025-01-23 18:00:00+00:00,continuous,105899.5,106103.8,105121.5,105173.2,388743066.2568996
2025-01-23 18:29:59.806000+00:00,2025-01-23 18:15:00+00:00,continuous,105173.2,105834.0,105144.5,105719.5,241171013.208298
2025-01-23 18:44:59.931000+00:00,2025-01-23 18:30:00+00:00,continuous,105719.6,105881.6,105035.8,105134.9,264681709.71719998
2025-01-23 18:59:59.854000+00:00,2025-01-23 18:45:00+00:00,continuous,105134.9,105561.3,105128.4,105375.8,190382962.24540123
2025-01-23 19:14:59.957000+00:00,2025-01-23 19:00:00+00:00,continuous,105375.8,105455.6,104755.4,104911.9,314883469.5207027
2025-01-23 19:29:59.561000+00:00,2025-01-23 19:15:00+00:00,continuous,104911.8,105124.1,104385.0,104839.9,426015230.67400134
2025-01-23 19:44:59.774000+00:00,2025-01-23 19:30:00+00:00,continuous,104840.0,104870.7,104423.0,104729.0,195421038.32970005
2025-01-23 19:59:59.975000+00:00,2025-01-23 19:45:00+00:00,continuous,104729.0,104743.9,103342.0,103713.7,698850732.4887942
2025-01-23 20:14:59.935000+00:00,2025-01-23 20:00:00+00:00,continuous,103713.7,105999.9,103100.0,104788.0,1825808089.37859
2025-01-23 20:29:59.973000+00:00,2025-01-23 20:15:00+00:00,continuous,104787.9,106387.4,103645.0,105720.1,3573195081.379572
2025-01-23 20:44:59.937000+00:00,2025-01-23 20:30:00+00:00,continuous,105720.2,105798.8,104390.5,104754.6,1712525920.813858
2025-01-23 20:59:59.995000+00:00,2025-01-23 20:45:00+00:00,continuous,104756.1,104923.0,102526.6,103219.1,2064225032.4059398
2025-01-23 21:14:59.974000+00:00,2025-01-23 21:00:00+00:00,continuous,103218.8,103360.7,102604.8,102890.9,584151528.2862059
2025-01-23 21:29:59.992000+00:00,2025-01-23 21:15:00+00:00,continuous,102890.8,103246.6,102161.9,102681.2,569450026.8944012
2025-01-23 21:44:59.982000+00:00,2025-01-23 21:30:00+00:00,continuous,102681.1,103210.2,102214.4,102953.2,349251772.2581976
2025-01-23 21:59:59.672000+00:00,2025-01-23 21:45:00+00:00,continuous,102953.2,103227.0,102461.6,103025.2,208504742.33629996
2025-01-23 22:14:59.842000+00:00,2025-01-23 22:00:00+00:00,continuous,103025.1,103742.5,102922.2,103614.1,321235134.1345996
2025-01-23 22:29:59.937000+00:00,2025-01-23 22:15:00+00:00,continuous,103614.1,104110.3,103225.0,104081.6,403709147.94119644
2025-01-23 22:44:59.659000+00:00,2025-01-23 22:30:00+00:00,continuous,104081.5,104674.2,103737.8,103966.2,395189984.12220037
2025-01-23 22:59:59.472000+00:00,2025-01-23 22:45:00+00:00,continuous,103966.1,104195.2,103674.0,103936.6,133895408.67120041
2025-01-23 23:14:59.555000+00:00,2025-01-23 23:00:00+00:00,continuous,103937.0,104297.3,103730.2,104092.9,161660291.49690104
2025-01-23 23:29:59.625000+00:00,2025-01-23 23:15:00+00:00,continuous,104092.8,104501.4,104087.3,104257.9,158839215.01959932
2025-01-23 23:44:59.562000+00:00,2025-01-23 23:30:00+00:00,continuous,104257.9,104300.0,104056.4,104092.5,65251254.4204
2025-01-23 23:59:59.834000+00:00,2025-01-23 23:45:00+00:00,continuous,104092.6,104092.6,103813.1,103864.1,126877302.20190018
2025-01-24 00:14:59.465000+00:00,2025-01-24 00:00:00+00:00,continuous,103864.0,104117.5,103721.9,103786.8,207980780.849001
2025-01-24 00:29:59.863000+00:00,2025-01-24 00:15:00+00:00,continuous,103786.9,103911.2,103474.8,103621.7,159783062.50089982
2025-01-24 00:44:59.717000+00:00,2025-01-24 00:30:00+00:00,continuous,103621.7,103739.0,103521.9,103589.3,69258904.86940008
2025-01-24 00:59:59.864000+00:00,2025-01-24 00:45:00+00:00,continuous,103589.2,103750.6,103373.9,103416.8,94146058.27580014
2025-01-24 01:14:59.980000+00:00,2025-01-24 01:00:00+00:00,continuous,103416.8,103651.3,103373.8,103565.2,106332775.10839988
2025-01-24 01:29:59.594000+00:00,2025-01-24 01:15:00+00:00,continuous,103565.3,103848.2,103455.7,103593.7,97589470.56240006
2025-01-24 01:44:59.910000+00:00,2025-01-24 01:30:00+00:00,continuous,103593.7,103624.8,103305.4,103328.9,78631980.00140001
2025-01-24 01:59:59.828000+00:00,2025-01-24 01:45:00+00:00,continuous,103328.9,103338.7,103020.0,103184.8,134108235.28060001
2025-01-24 02:14:59.900000+00:00,2025-01-24 02:00:00+00:00,continuous,103184.8,103285.2,102955.2,103207.0,102908995.35520013
2025-01-24 02:29:59.869000+00:00,2025-01-24 02:15:00+00:00,continuous,103207.0,103454.8,103183.4,103329.1,107178821.10090046
2025-01-24 02:44:59.985000+00:00,2025-01-24 02:30:00+00:00,continuous,103329.1,103490.0,103205.2,103241.9,69911993.3547003
2025-01-24 02:59:59.960000+00:00,2025-01-24 02:45:00+00:00,continuous,103241.8,103262.0,102900.1,102968.2,147464906.76759946
2025-01-24 03:14:59.807000+00:00,2025-01-24 03:00:00+00:00,continuous,102968.3,103420.0,102968.2,103168.9,111946091.0479002
2025-01-24 03:29:59.885000+00:00,2025-01-24 03:15:00+00:00,continuous,103168.9,103785.0,102680.0,103427.1,412067186.5740999
2025-01-24 03:44:59.451000+00:00,2025-01-24 03:30:00+00:00,continuous,103427.1,104289.9,103399.9,104072.9,496404234.79559803
2025-01-24 03:59:59.984000+00:00,2025-01-24 03:45:00+00:00,continuous,104072.9,104148.7,103798.1,103842.6,165040690.64560047
2025-01-24 04:14:59.645000+00:00,2025-01-24 04:00:00+00:00,continuous,103842.6,104098.0,103745.5,103966.4,103305240.68719986
2025-01-24 04:29:59.716000+00:00,2025-01-24 04:15:00+00:00,continuous,103966.5,104061.0,103812.5,103938.0,72782210.99609986
2025-01-24 04:44:59.954000+00:00,2025-01-24 04:30:00+00:00,continuous,103938.0,104468.7,103857.9,104400.7,182536077.25399953
2025-01-24 04:59:59.568000+00:00,2025-01-24 04:45:00+00:00,continuous,104400.6,104900.1,104354.0,104580.1,237061798.8547986
2025-01-24 05:14:59.794000+00:00,2025-01-24 05:00:00+00:00,continuous,104580.0,105023.6,104500.0,104833.9,236474304.5843024
2025-01-24 05:29:59.996000+00:00,2025-01-24 05:15:00+00:00,continuous,104833.9,104985.2,104626.7,104840.4,128850488.63599996
2025-01-24 05:44:59.836000+00:00,2025-01-24 05:30:00+00:00,continuous,104840.5,104950.0,104806.7,104869.8,87612256.99789967
2025-01-24 05:59:59.990000+00:00,2025-01-24 05:45:00+00:00,continuous,104869.8,105238.5,104773.3,105180.0,198590149.23409998
2025-01-24 06:14:59.955000+00:00,2025-01-24 06:00:00+00:00,continuous,105180.1,105331.2,104823.4,104870.0,188016689.8365982
2025-01-24 06:29:59.350000+00:00,2025-01-24 06:15:00+00:00,continuous,104870.0,105000.0,104734.1,104869.6,119175113.51380034
2025-01-24 06:44:59.908000+00:00,2025-01-24 06:30:00+00:00,continuous,104869.6,104924.9,104574.3,104822.4,158407765.66660035
2025-01-24 06:59:59.924000+00:00,2025-01-24 06:45:00+00:00,continuous,104822.4,104965.5,104800.0,104956.0,64483587.843799785
2025-01-24 07:14:59.479000+00:00,2025-01-24 07:00:00+00:00,continuous,104956.1,105155.0,104656.8,104769.9,156910135.07749924
2025-01-24 07:29:59.893000+00:00,2025-01-24 07:15:00+00:00,continuous,104769.9,104814.2,104612.6,104695.1,83554464.17750025
2025-01-24 07:44:59.956000+00:00,2025-01-24 07:30:00+00:00,continuous,104695.1,104820.2,104636.3,104792.0,91813335.11089987
2025-01-24 07:59:59.949000+00:00,2025-01-24 07:45:00+00:00,continuous,104792.0,105042.8,104781.7,104999.9,139466279.70310068
2025-01-24 08:14:59.932000+00:00,2025-01-24 08:00:00+00:00,continuous,104999.9,105189.3,104875.7,105180.8,137007507.10060006
2025-01-24 08:29:59.998000+00:00,2025-01-24 08:15:00+00:00,continuous,105180.8,105548.8,105118.3,105500.0,232082848.97740015
2025-01-24 08:44:59.644000+00:00,2025-01-24 08:30:00+00:00,continuous,105499.6,105595.6,105272.8,105299.9,220891009.59609997
2025-01-24 08:59:59.982000+00:00,2025-01-24 08:45:00+00:00,continuous,105299.9,105560.7,105209.5,105454.3,103680567.12410016
2025-01-24 09:14:59.854000+00:00,2025-01-24 09:00:00+00:00,continuous,105453.3,105477.8,105333.0,105431.2,102972987.14569949
2025-01-24 09:29:59.606000+00:00,2025-01-24 09:15:00+00:00,continuous,105431.2,105732.1,105422.3,105564.0,186577754.84110007
2025-01-24 09:44:59.792000+00:00,2025-01-24 09:30:00+00:00,continuous,105564.0,105587.4,105156.0,105250.1,166655819.63049984
2025-01-24 09:59:59.837000+00:00,2025-01-24 09:45:00+00:00,continuous,105250.0,105250.1,105021.0,105105.9,144413971.89910063
2025-01-24 10:14:59.641000+00:00,2025-01-24 10:00:00+00:00,continuous,105106.0,105288.3,105007.1,105171.4,82011218.50349976
2025-01-24 10:29:59.998000+00:00,2025-01-24 10:15:00+00:00,continuous,105171.5,105242.9,105006.5,105224.0,75293330.18989988
2025-01-24 10:44:59.991000+00:00,2025-01-24 10:30:00+00:00,continuous,105223.9,105390.0,105151.6,105318.3,149244975.64309996
2025-01-24 10:59:59.673000+00:00,2025-01-24 10:45:00+00:00,continuous,105318.3,105372.7,105056.1,105368.8,75609244.36939988
2025-01-24 11:14:59.992000+00:00,2025-01-24 11:00:00+00:00,continuous,105368.8,105433.0,105279.9,105327.6,63257426.062999964
2025-01-24 11:29:59.568000+00:00,2025-01-24 11:15:00+00:00,continuous,105327.7,105494.1,105327.6,105331.3,45624241.303799696
2025-01-24 11:44:59.959000+00:00,2025-01-24 11:30:00+00:00,continuous,105331.3,105340.4,105171.7,105200.0,55885189.32749988
2025-01-24 11:59:59.344000+00:00,2025-01-24 11:45:00+00:00,continuous,105200.0,105431.4,105191.1,105374.0,77687555.32669982
2025-01-24 12:14:59.907000+00:00,2025-01-24 12:00:00+00:00,continuous,105374.1,105560.0,105133.7,105223.2,134215901.24699987
2025-01-24 12:29:59.913000+00:00,2025-01-24 12:15:00+00:00,continuous,105223.2,105391.5,105200.0,105280.0,101980174.40799972
2025-01-24 12:44:59.314000+00:00,2025-01-24 12:30:00+00:00,continuous,105280.1,105433.0,105254.4,105352.1,72452701.7083999
2025-01-24 12:59:59.935000+00:00,2025-01-24 12:45:00+00:00,continuous,105352.1,105489.0,105352.1,105484.4,50606476.24079993
2025-01-24 13:14:59.872000+00:00,2025-01-24 13:00:00+00:00,continuous,105484.4,105758.3,105135.9,105202.6,228225804.9862997
2025-01-24 13:29:59.793000+00:00,2025-01-24 13:15:00+00:00,continuous,105202.5,105321.4,104911.2,105242.5,221409917.3905003
2025-01-24 13:44:59.767000+00:00,2025-01-24 13:30:00+00:00,continuous,105242.5,105250.0,104933.3,105022.2,106310724.4216
2025-01-24 13:59:59.666000+00:00,2025-01-24 13:45:00+00:00,continuous,105022.2,105240.0,104934.9,105073.1,106881177.16030003
2025-01-24 14:14:59.940000+00:00,2025-01-24 14:00:00+00:00,continuous,105073.1,105200.0,104812.0,104974.4,138301098.2563001
2025-01-24 14:29:59.928000+00:00,2025-01-24 14:15:00+00:00,continuous,104974.4,105288.0,104974.3,105221.4,151782135.7374006
2025-01-24 14:44:59.991000+00:00,2025-01-24 14:30:00+00:00,continuous,105221.3,106240.0,104623.0,106215.3,913889419.6726009
2025-01-24 14:59:59.917000+00:00,2025-01-24 14:45:00+00:00,continuous,106215.2,106307.6,105516.3,105722.6,626194569.6567935
2025-01-24 15:14:59.716000+00:00,2025-01-24 15:00:00+00:00,continuous,105722.6,105907.3,105461.4,105524.8,259964048.83159903
2025-01-24 15:29:59.479000+00:00,2025-01-24 15:15:00+00:00,continuous,105524.8,105967.4,105202.5,105627.0,336365057.10330033
2025-01-24 15:44:59.955000+00:00,2025-01-24 15:30:00+00:00,continuous,105627.0,105928.5,105350.8,105596.9,228711656.70129707
2025-01-24 15:59:59.826000+00:00,2025-01-24 15:45:00+00:00,continuous,105596.9,105922.0,105535.1,105821.8,177473388.84709927
2025-01-24 16:14:59.908000+00:00,2025-01-24 16:00:00+00:00,continuous,105821.3,106088.0,105680.0,105933.4,274975959.1922996
2025-01-24 16:29:59.843000+00:00,2025-01-24 16:15:00+00:00,continuous,105933.3,106086.0,105782.2,105944.3,191917015.6001011
2025-01-24 16:44:59.993000+00:00,2025-01-24 16:30:00+00:00,continuous,105944.1,106131.7,105805.4,105952.3,170532666.3583995
2025-01-24 16:59:59.933000+00:00,2025-01-24 16:45:00+00:00,continuous,105950.2,106085.0,105533.0,105602.5,198041367.4116997
2025-01-24 17:14:59.782000+00:00,2025-01-24 17:00:00+00:00,continuous,105602.5,105975.1,105564.4,105916.8,187283441.74039927
2025-01-24 17:29:59.910000+00:00,2025-01-24 17:15:00+00:00,continuous,105916.5,106499.9,105909.4,106426.7,336286715.93470025
2025-01-24 17:44:59.544000+00:00,2025-01-24 17:30:00+00:00,continuous,106426.8,106467.9,106154.8,106266.2,175843034.03500023
2025-01-24 17:59:59.931000+00:00,2025-01-24 17:45:00+00:00,continuous,106266.1,106655.0,106214.2,106414.2,291379470.05900097
2025-01-24 18:14:59.998000+00:00,2025-01-24 18:00:00+00:00,continuous,106414.1,106946.0,106359.0,106592.4,571138969.2914969
2025-01-24 18:29:59.944000+00:00,2025-01-24 18:15:00+00:00,continuous,106592.3,107076.5,106592.3,106859.6,321118251.3645996
2025-01-24 18:44:59.987000+00:00,2025-01-24 18:30:00+00:00,continuous,106859.6,106932.4,106544.3,106594.6,191736933.52220112
2025-01-24 18:59:59.971000+00:00,2025-01-24 18:45:00+00:00,continuous,106594.7,106610.0,106033.0,106270.0,298266619.0152014
2025-01-24 19:14:59.947000+00:00,2025-01-24 19:00:00+00:00,continuous,106270.1,106568.0,105843.2,106060.0,358843593.9641992
2025-01-24 19:29:59.958000+00:00,2025-01-24 19:15:00+00:00,continuous,106060.1,106371.3,106058.0,106323.7,202413892.6320999
2025-01-24 19:44:59.967000+00:00,2025-01-24 19:30:00+00:00,continuous,106323.6,106371.3,105834.3,105860.4,124466248.11180034
2025-01-24 19:59:59.842000+00:00,2025-01-24 19:45:00+00:00,continuous,105860.3,105868.6,105633.1,105726.7,250905985.7185013
2025-01-24 20:14:59.644000+00:00,2025-01-24 20:00:00+00:00,continuous,105726.7,105733.4,105555.0,105629.8,173442769.6431995
2025-01-24 20:29:59.877000+00:00,2025-01-24 20:15:00+00:00,continuous,105629.8,105629.8,105062.4,105164.0,354049211.7858017
2025-01-24 20:44:59.894000+00:00,2025-01-24 20:30:00+00:00,continuous,105164.0,105267.3,104762.0,104985.6,314097124.90739906
2025-01-24 20:59:59.953000+00:00,2025-01-24 20:45:00+00:00,continuous,104985.6,105348.6,104670.1,104813.0,315565906.8760992
2025-01-24 21:14:59.750000+00:00,2025-01-24 21:00:00+00:00,continuous,104812.9,105228.9,104805.3,105050.1,238378515.0504998
2025-01-24 21:29:59.791000+00:00,2025-01-24 21:15:00+00:00,continuous,105050.1,105326.0,104976.3,105236.5,120424222.1076005
2025-01-24 21:44:59.661000+00:00,2025-01-24 21:30:00+00:00,continuous,105236.4,105341.0,104980.0,105098.0,126412753.32120055
2025-01-24 21:59:59.908000+00:00,2025-01-24 21:45:00+00:00,continuous,105098.1,105242.6,105000.0,105074.8,86315493.91349989
2025-01-24 22:14:59.836000+00:00,2025-01-24 22:00:00+00:00,continuous,105074.7,105433.0,104995.0,105156.2,124886301.72870006
2025-01-24 22:29:59.951000+00:00,2025-01-24 22:15:00+00:00,continuous,105156.2,105267.3,104890.2,104925.9,101405004.71090007
2025-01-24 22:44:59.766000+00:00,2025-01-24 22:30:00+00:00,continuous,104925.9,105183.4,104925.8,105183.3,62230718.11629999
2025-01-24 22:59:59.947000+00:00,2025-01-24 22:45:00+00:00,continuous,105183.4,105183.4,104657.0,104724.9,108944478.01700045
2025-01-24 23:14:59.677000+00:00,2025-01-24 23:00:00+00:00,continuous,104724.9,104882.8,104400.0,104528.1,331413272.8687007
2025-01-24 23:29:59.844000+00:00,2025-01-24 23:15:00+00:00,continuous,104528.1,104638.1,104408.2,104524.5,92289281.0631005
2025-01-24 23:44:59.810000+00:00,2025-01-24 23:30:00+00:00,continuous,104524.5,104723.8,104432.6,104676.2,74700850.87459973
2025-01-24 23:59:59.875000+00:00,2025-01-24 23:45:00+00:00,continuous,104676.2,104826.6,104622.6,104808.1,81959296.58739981
2025-01-25 00:14:59.980000+00:00,2025-01-25 00:00:00+00:00,continuous,104808.0,104808.1,104464.0,104484.0,137086718.66720048
2025-01-25 00:29:59.781000+00:00,2025-01-25 00:15:00+00:00,continuous,104483.9,104763.2,104453.5,104576.6,126224394.57139978
2025-01-25 00:44:59.960000+00:00,2025-01-25 00:30:00+00:00,continuous,104576.5,104700.0,104410.1,104537.8,129015641.64719951
2025-01-25 00:59:59.940000+00:00,2025-01-25 00:45:00+00:00,continuous,104537.8,104591.7,104310.0,104370.9,103166834.87239985
2025-01-25 01:14:59.561000+00:00,2025-01-25 01:00:00+00:00,continuous,104371.0,104600.0,104331.5,104506.4,72944754.0452998
2025-01-25 01:29:59.850000+00:00,2025-01-25 01:15:00+00:00,continuous,104506.3,104698.7,104470.3,104672.4,77381721.66700004
2025-01-25 01:44:59.709000+00:00,2025-01-25 01:30:00+00:00,continuous,104672.4,104779.8,104621.3,104726.1,98349607.1311997
2025-01-25 01:59:59.093000+00:00,2025-01-25 01:45:00+00:00,continuous,104726.0,104775.2,104636.0,104690.1,66678001.33320001
2025-01-25 02:14:59.729000+00:00,2025-01-25 02:00:00+00:00,continuous,104690.0,104690.1,104503.0,104657.0,63565837.162999675
2025-01-25 02:29:59.026000+00:00,2025-01-25 02:15:00+00:00,continuous,104657.1,104803.4,104561.6,104635.7,52514145.30650002
2025-01-25 02:44:59.712000+00:00,2025-01-25 02:30:00+00:00,continuous,104635.6,104692.3,104533.3,104558.7,31731609.975199867
2025-01-25 02:59:58.931000+00:00,2025-01-25 02:45:00+00:00,continuous,104558.6,104615.6,104413.1,104520.3,96235320.80530047
2025-01-25 03:14:59.980000+00:00,2025-01-25 03:00:00+00:00,continuous,104520.3,104576.5,104426.4,104481.5,38684971.066899955
2025-01-25 03:29:59.890000+00:00,2025-01-25 03:15:00+00:00,continuous,104481.4,104726.2,104413.8,104668.4,58875807.194399975
2025-01-25 03:44:59.795000+00:00,2025-01-25 03:30:00+00:00,continuous,104668.5,104950.0,104668.5,104823.7,104256214.14260009
2025-01-25 03:59:59.966000+00:00,2025-01-25 03:45:00+00:00,continuous,104823.8,105234.5,104785.0,105153.9,210943677.33639994
2025-01-25 04:14:59.391000+00:00,2025-01-25 04:00:00+00:00,continuous,105153.9,105153.9,104924.5,104952.7,70277340.20859985
2025-01-25 04:29:59.833000+00:00,2025-01-25 04:15:00+00:00,continuous,104952.7,104953.4,104790.0,104860.0,58733494.64929999
2025-01-25 04:44:59.713000+00:00,2025-01-25 04:30:00+00:00,continuous,104860.0,104860.0,104726.0,104793.5,36825163.9207
2025-01-25 04:59:59.625000+00:00,2025-01-25 04:45:00+00:00,continuous,104793.5,104834.1,104564.9,104609.4,75457482.8426
2025-01-25 05:14:59.724000+00:00,2025-01-25 05:00:00+00:00,continuous,104609.3,104653.2,104328.0,104430.6,98306372.46380015
2025-01-25 05:29:59.531000+00:00,2025-01-25 05:15:00+00:00,continuous,104430.6,104603.5,104331.3,104582.1,71032783.82659997
2025-01-25 05:44:59.681000+00:00,2025-01-25 05:30:00+00:00,continuous,104582.1,104635.2,104452.0,104522.1,67276623.17639993
2025-01-25 05:59:59.937000+00:00,2025-01-25 05:45:00+00:00,continuous,104522.1,104533.0,104128.2,104315.7,129853753.18560055
2025-01-25 06:14:59.907000+00:00,2025-01-25 06:00:00+00:00,continuous,104315.7,104439.2,104233.1,104384.2,88470323.8085
2025-01-25 06:29:59.985000+00:00,2025-01-25 06:15:00+00:00,continuous,104384.3,104422.8,104188.0,104337.2,121726161.65020023
2025-01-25 06:44:59.834000+00:00,2025-01-25 06:30:00+00:00,continuous,104337.2,104354.2,104199.4,104328.6,80520162.67710015
2025-01-25 06:59:59.867000+00:00,2025-01-25 06:45:00+00:00,continuous,104328.5,104328.5,104199.5,104265.1,39174429.316800006
2025-01-25 07:14:59.917000+00:00,2025-01-25 07:00:00+00:00,continuous,104265.1,104433.6,104240.0,104411.0,60153315.98150017
2025-01-25 07:29:59.888000+00:00,2025-01-25 07:15:00+00:00,continuous,104411.1,104479.2,104345.4,104407.4,44198505.79979995
2025-01-25 07:44:59.800000+00:00,2025-01-25 07:30:00+00:00,continuous,104407.4,104456.2,104323.9,104344.9,32626130.278100066
2025-01-25 07:59:59.913000+00:00,2025-01-25 07:45:00+00:00,continuous,104344.9,104408.2,104328.6,104349.3,29486379.210900053
2025-01-25 08:14:59.882000+00:00,2025-01-25 08:00:00+00:00,continuous,104349.4,104412.1,104271.8,104405.0,41097811.66500007
2025-01-25 08:29:59.948000+00:00,2025-01-25 08:15:00+00:00,continuous,104405.0,104461.5,104259.0,104306.0,55156738.78820002
2025-01-25 08:44:59.956000+00:00,2025-01-25 08:30:00+00:00,continuous,104306.1,104306.1,104071.0,104256.2,92994820.5965
2025-01-25 08:59:59.545000+00:00,2025-01-25 08:45:00+00:00,continuous,104256.3,104320.7,104188.0,104303.6,46190800.80110004
2025-01-25 09:14:59.811000+00:00,2025-01-25 09:00:00+00:00,continuous,104303.6,104360.0,104230.1,104249.9,33467476.66620012
2025-01-25 09:29:59.656000+00:00,2025-01-25 09:15:00+00:00,continuous,104250.0,104390.5,104250.0,104263.4,29110435.805200048
2025-01-25 09:44:59.895000+00:00,2025-01-25 09:30:00+00:00,continuous,104263.4,104412.6,104242.0,104384.9,40190079.45230032
2025-01-25 09:59:59.225000+00:00,2025-01-25 09:45:00+00:00,continuous,104385.0,104400.0,104266.1,104324.0,27665200.984400045
2025-01-25 10:14:59.892000+00:00,2025-01-25 10:00:00+00:00,continuous,104323.9,104430.0,104040.6,104272.0,180724392.82500032
2025-01-25 10:29:59.659000+00:00,2025-01-25 10:15:00+00:00,continuous,104272.1,104356.4,104161.5,104231.1,52381023.01880016
2025-01-25 10:44:59.767000+00:00,2025-01-25 10:30:00+00:00,continuous,104231.1,104420.0,104216.5,104400.9,51312840.1858
2025-01-25 10:59:59.579000+00:00,2025-01-25 10:45:00+00:00,continuous,104401.0,104629.9,104376.1,104480.6,95865554.69810018
2025-01-25 11:14:59.880000+00:00,2025-01-25 11:00:00+00:00,continuous,104480.6,104574.9,104435.8,104455.9,123219297.82119961
2025-01-25 11:29:59.799000+00:00,2025-01-25 11:15:00+00:00,continuous,104455.8,104455.9,104341.2,104400.0,51359454.82269994
2025-01-25 11:44:59.884000+00:00,2025-01-25 11:30:00+00:00,continuous,104400.0,104491.9,104384.4,104491.9,33174091.72629991
2025-01-25 11:59:59.651000+00:00,2025-01-25 11:45:00+00:00,continuous,104491.9,104650.5,104482.0,104626.8,93758411.83400026
2025-01-25 12:14:59.932000+00:00,2025-01-25 12:00:00+00:00,continuous,104626.9,104646.3,104449.3,104532.7,55923690.29329998
2025-01-25 12:29:59.903000+00:00,2025-01-25 12:15:00+00:00,continuous,104532.8,104587.1,104400.1,104403.8,45565395.168600135
2025-01-25 12:44:59.728000+00:00,2025-01-25 12:30:00+00:00,continuous,104403.8,104650.0,104400.1,104588.9,48701638.31319991
2025-01-25 12:59:59.790000+00:00,2025-01-25 12:45:00+00:00,continuous,104589.0,104747.2,104550.2,104699.9,66028934.09439996
2025-01-25 13:14:59.781000+00:00,2025-01-25 13:00:00+00:00,continuous,104699.8,104815.0,104632.9,104773.2,97753102.54420048
2025-01-25 13:29:59.924000+00:00,2025-01-25 13:15:00+00:00,continuous,104773.3,104810.1,104649.1,104676.1,82326529.32090034
2025-01-25 13:44:59.142000+00:00,2025-01-25 13:30:00+00:00,continuous,104676.0,104747.0,104648.0,104703.9,38268951.30719992
2025-01-25 13:59:59.864000+00:00,2025-01-25 13:45:00+00:00,continuous,104703.9,104747.0,104572.8,104658.6,48997959.799399674
2025-01-25 14:14:59.884000+00:00,2025-01-25 14:00:00+00:00,continuous,104658.7,104674.1,104484.6,104517.1,48770314.38959994
2025-01-25 14:29:59.813000+00:00,2025-01-25 14:15:00+00:00,continuous,104517.0,104603.5,104503.1,104558.9,30704487.597800016
2025-01-25 14:44:59.514000+00:00,2025-01-25 14:30:00+00:00,continuous,104558.9,104608.0,104411.8,104500.3,34851626.018800005
2025-01-25 14:59:59.542000+00:00,2025-01-25 14:45:00+00:00,continuous,104500.2,104584.9,104436.3,104551.2,34906578.088399924
2025-01-25 15:14:59.881000+00:00,2025-01-25 15:00:00+00:00,continuous,104551.1,104965.6,104551.1,104889.6,145750716.33250022
2025-01-25 15:29:59.945000+00:00,2025-01-25 15:15:00+00:00,continuous,104889.6,105066.0,104735.1,104872.4,214125071.3565015
2025-01-25 15:44:59.835000+00:00,2025-01-25 15:30:00+00:00,continuous,104872.3,104993.8,104736.4,104774.1,79022869.90870003
2025-01-25 15:59:59.902000+00:00,2025-01-25 15:45:00+00:00,continuous,104774.0,104884.4,104700.0,104852.1,58118907.778599806
2025-01-25 16:14:59.823000+00:00,2025-01-25 16:00:00+00:00,continuous,104852.1,104944.4,104774.3,104873.0,54947104.41810016
2025-01-25 16:29:59.887000+00:00,2025-01-25 16:15:00+00:00,continuous,104872.9,104919.4,104675.0,104747.2,64762967.20029996
2025-01-25 16:44:59.968000+00:00,2025-01-25 16:30:00+00:00,continuous,104747.2,104795.0,104529.8,104582.0,145310506.35219994
2025-01-25 16:59:59.839000+00:00,2025-01-25 16:45:00+00:00,continuous,104581.9,104686.6,104540.8,104618.8,59113847.768900156
2025-01-25 17:14:59.851000+00:00,2025-01-25 17:00:00+00:00,continuous,104618.8,104653.0,104500.1,104565.1,59305109.65829999
2025-01-25 17:29:59.759000+00:00,2025-01-25 17:15:00+00:00,continuous,104565.1,104796.5,104410.8,104723.6,171986085.65420187
2025-01-25 17:44:59.462000+00:00,2025-01-25 17:30:00+00:00,continuous,104723.6,104763.5,104511.3,104567.3,60826141.90910013
2025-01-25 17:59:59.675000+00:00,2025-01-25 17:45:00+00:00,continuous,104567.3,104895.6,104515.3,104850.1,83897263.56699976
2025-01-25 18:14:59.952000+00:00,2025-01-25 18:00:00+00:00,continuous,104850.0,105047.7,104820.0,104820.1,121191748.25549951
2025-01-25 18:29:59.658000+00:00,2025-01-25 18:15:00+00:00,continuous,104820.0,105057.2,104786.7,104995.1,87570530.94030039
2025-01-25 18:44:59.674000+00:00,2025-01-25 18:30:00+00:00,continuous,104995.0,105274.7,104931.4,104935.7,153517416.56780073
2025-01-25 18:59:59.869000+00:00,2025-01-25 18:45:00+00:00,continuous,104935.6,105023.6,104863.2,104935.9,67096445.643800095
2025-01-25 19:14:59.727000+00:00,2025-01-25 19:00:00+00:00,continuous,104935.8,105136.0,104935.8,105027.3,70685871.81090029
2025-01-25 19:29:59.478000+00:00,2025-01-25 19:15:00+00:00,continuous,105027.3,105140.0,104924.0,104952.9,86093892.48200037
2025-01-25 19:44:59.571000+00:00,2025-01-25 19:30:00+00:00,continuous,104953.0,105005.0,104905.3,104948.6,46114706.32809989
2025-01-25 19:59:59.492000+00:00,2025-01-25 19:45:00+00:00,continuous,104948.6,105023.6,104854.3,105005.6,40986583.38700022
2025-01-25 20:14:59.457000+00:00,2025-01-25 20:00:00+00:00,continuous,105005.7,105136.0,104978.0,105076.9,48551618.30749999
2025-01-25 20:29:59.332000+00:00,2025-01-25 20:15:00+00:00,continuous,105076.9,105167.3,104996.7,105045.2,38331435.52649994
2025-01-25 20:44:59.878000+00:00,2025-01-25 20:30:00+00:00,continuous,105045.1,105124.4,104923.0,104998.9,55858410.231300056
2025-01-25 20:59:59.881000+00:00,2025-01-25 20:45:00+00:00,continuous,104998.9,105073.8,104903.6,104925.6,28417335.510999974
2025-01-25 21:14:59.651000+00:00,2025-01-25 21:00:00+00:00,continuous,104925.6,104962.1,104823.4,104880.8,59969804.79309963
2025-01-25 21:29:59.815000+00:00,2025-01-25 21:15:00+00:00,continuous,104880.7,104959.9,104840.8,104930.6,28812853.03149994
2025-01-25 21:44:58.957000+00:00,2025-01-25 21:30:00+00:00,continuous,104930.6,104957.0,104834.3,104912.1,39353568.832399964
2025-01-25 21:59:59.764000+00:00,2025-01-25 21:45:00+00:00,continuous,104912.0,105096.6,104852.0,105061.5,58262326.85870017
2025-01-25 22:14:59.898000+00:00,2025-01-25 22:00:00+00:00,continuous,105061.6,105234.3,105007.8,105021.7,98548636.67840044
2025-01-25 22:29:59.844000+00:00,2025-01-25 22:15:00+00:00,continuous,105021.0,105088.0,104971.8,104974.6,25594721.777900036
2025-01-25 22:44:59.699000+00:00,2025-01-25 22:30:00+00:00,continuous,104974.6,105120.0,104956.7,105000.6,33086997.97499984
2025-01-25 22:59:59.798000+00:00,2025-01-25 22:45:00+00:00,continuous,105000.7,105087.0,104982.2,105025.1,13781846.366500026
2025-01-25 23:14:59.963000+00:00,2025-01-25 23:00:00+00:00,continuous,105025.1,105085.1,104810.0,104922.0,68170269.69379987
2025-01-25 23:29:59.720000+00:00,2025-01-25 23:15:00+00:00,continuous,104922.0,104957.3,104900.0,104946.7,19834312.07560007
2025-01-25 23:44:59.779000+00:00,2025-01-25 23:30:00+00:00,continuous,104946.7,104946.8,104834.3,104846.7,27799247.035700005
2025-01-25 23:59:59.884000+00:00,2025-01-25 23:45:00+00:00,continuous,104846.8,104860.5,104643.3,104702.0,102033611.19880009
2025-01-26 00:14:59.987000+00:00,2025-01-26 00:00:00+00:00,continuous,104702.0,104807.0,104657.0,104707.6,54064067.051599815
2025-01-26 00:29:59.339000+00:00,2025-01-26 00:15:00+00:00,continuous,104707.6,104774.4,104604.3,104630.4,33843498.76360003
2025-01-26 00:44:59.931000+00:00,2025-01-26 00:30:00+00:00,continuous,104630.4,104690.0,104542.5,104625.9,48290983.94110008
2025-01-26 00:59:59.945000+00:00,2025-01-26 00:45:00+00:00,continuous,104625.9,104704.4,104470.0,104562.4,61973773.81689974
2025-01-26 01:14:59.682000+00:00,2025-01-26 01:00:00+00:00,continuous,104562.4,104613.3,104461.6,104576.5,56329006.886200055
2025-01-26 01:29:59.935000+00:00,2025-01-26 01:15:00+00:00,continuous,104576.5,104673.0,104544.4,104668.3,36503461.14339988
2025-01-26 01:44:59.697000+00:00,2025-01-26 01:30:00+00:00,continuous,104668.3,104737.8,104573.8,104586.7,39311909.05259988
2025-01-26 01:59:59.156000+00:00,2025-01-26 01:45:00+00:00,continuous,104586.8,104637.2,104500.0,104572.4,23653061.0332999
2025-01-26 02:14:58.532000+00:00,2025-01-26 02:00:00+00:00,continuous,104572.4,104581.2,104471.8,104565.8,43281598.76650014
2025-01-26 02:29:59.251000+00:00,2025-01-26 02:15:00+00:00,continuous,104565.8,104663.3,104527.5,104663.3,22695957.609200034
2025-01-26 02:44:59.490000+00:00,2025-01-26 02:30:00+00:00,continuous,104663.2,104672.6,104525.4,104589.8,16600991.479299981
2025-01-26 02:59:59.453000+00:00,2025-01-26 02:45:00+00:00,continuous,104589.9,104654.1,104514.2,104654.1,19674053.77980004
2025-01-26 03:14:58.482000+00:00,2025-01-26 03:00:00+00:00,continuous,104654.1,104775.1,104653.9,104733.1,42494078.09909993
2025-01-26 03:29:59.670000+00:00,2025-01-26 03:15:00+00:00,continuous,104733.1,104810.9,104700.0,104744.3,34832096.00900004
2025-01-26 03:44:59.900000+00:00,2025-01-26 03:30:00+00:00,continuous,104744.3,105094.5,104728.2,105048.2,138776446.2874005
2025-01-26 03:59:59.958000+00:00,2025-01-26 03:45:00+00:00,continuous,105048.2,105263.3,104970.1,105036.5,221027471.7640003
2025-01-26 04:14:59.971000+00:00,2025-01-26 04:00:00+00:00,continuous,105036.6,105112.4,104942.7,105068.3,51181106.59440011
2025-01-26 04:29:59.962000+00:00,2025-01-26 04:15:00+00:00,continuous,105068.3,105496.9,105021.5,105337.6,163999942.92400047
2025-01-26 04:44:59.966000+00:00,2025-01-26 04:30:00+00:00,continuous,105337.5,105372.7,105125.2,105171.0,91598979.91979946
2025-01-26 04:59:59.902000+00:00,2025-01-26 04:45:00+00:00,continuous,105170.9,105203.7,105054.8,105137.0,65811140.23780021
2025-01-26 05:14:59.896000+00:00,2025-01-26 05:00:00+00:00,continuous,105137.0,105171.9,105054.0,105107.0,27871581.620999813
2025-01-26 05:29:59.734000+00:00,2025-01-26 05:15:00+00:00,continuous,105107.1,105162.9,105019.9,105023.1,40107654.18729984
2025-01-26 05:44:59.952000+00:00,2025-01-26 05:30:00+00:00,continuous,105023.0,105065.3,104976.3,105065.3,34100218.61139994
2025-01-26 05:59:59.661000+00:00,2025-01-26 05:45:00+00:00,continuous,105065.2,105166.0,105056.0,105056.6,27588541.203000005
2025-01-26 06:14:59.700000+00:00,2025-01-26 06:00:00+00:00,continuous,105056.5,105089.0,104982.2,105046.3,30217995.67919986
2025-01-26 06:29:59.941000+00:00,2025-01-26 06:15:00+00:00,continuous,105046.3,105072.8,104986.8,105031.8,18824075.90950003
2025-01-26 06:44:59.699000+00:00,2025-01-26 06:30:00+00:00,continuous,105031.9,105046.0,104923.0,104951.1,31198353.639099993
2025-01-26 06:59:59.692000+00:00,2025-01-26 06:45:00+00:00,continuous,104951.0,105007.9,104933.6,104966.0,18543504.415000003
2025-01-26 07:14:59.481000+00:00,2025-01-26 07:00:00+00:00,continuous,104965.9,105000.0,104936.2,104936.2,19794593.473200075
2025-01-26 07:29:59.812000+00:00,2025-01-26 07:15:00+00:00,continuous,104936.3,105073.2,104905.3,104976.3,47899739.77390013
2025-01-26 07:44:59.872000+00:00,2025-01-26 07:30:00+00:00,continuous,104976.3,105021.0,104923.0,104977.3,28526959.354300007
2025-01-26 07:59:59.832000+00:00,2025-01-26 07:45:00+00:00,continuous,104977.2,105000.0,104946.7,104963.7,18489537.43110005
2025-01-26 08:14:59.481000+00:00,2025-01-26 08:00:00+00:00,continuous,104963.7,105208.8,104837.7,105070.0,137146267.15380004
2025-01-26 08:29:59.544000+00:00,2025-01-26 08:15:00+00:00,continuous,105070.0,105118.3,104947.5,104947.5,35982049.73440007
2025-01-26 08:44:59.442000+00:00,2025-01-26 08:30:00+00:00,continuous,104947.6,104967.0,104828.0,104956.1,48708108.140599996
2025-01-26 08:59:59.866000+00:00,2025-01-26 08:45:00+00:00,continuous,104956.1,105103.8,104919.0,105000.0,41122313.68970014
2025-01-26 09:14:59.840000+00:00,2025-01-26 09:00:00+00:00,continuous,105000.0,105005.0,104876.6,104921.7,31482298.98789999
2025-01-26 09:29:59.208000+00:00,2025-01-26 09:15:00+00:00,continuous,104921.8,104976.3,104760.0,104821.0,60993618.34699998
2025-01-26 09:44:59.816000+00:00,2025-01-26 09:30:00+00:00,continuous,104821.1,104829.6,104358.3,104575.3,545998896.7235051
2025-01-26 09:59:59.852000+00:00,2025-01-26 09:45:00+00:00,continuous,104575.2,104639.6,104488.8,104578.8,78269035.2573999
2025-01-26 10:14:59.963000+00:00,2025-01-26 10:00:00+00:00,continuous,104578.7,104657.9,104576.6,104649.9,55648437.60209985
2025-01-26 10:29:59.923000+00:00,2025-01-26 10:15:00+00:00,continuous,104650.0,104650.0,104472.7,104582.4,35037350.0004002
2025-01-26 10:44:59.679000+00:00,2025-01-26 10:30:00+00:00,continuous,104582.4,104666.9,104444.1,104444.2,75581593.80750003
2025-01-26 10:59:59.783000+00:00,2025-01-26 10:45:00+00:00,continuous,104444.1,104674.1,104440.0,104664.5,72279851.81009956
2025-01-26 11:14:59.945000+00:00,2025-01-26 11:00:00+00:00,continuous,104664.6,104786.8,104637.9,104754.3,63531535.416799836
2025-01-26 11:29:59.786000+00:00,2025-01-26 11:15:00+00:00,continuous,104754.3,104804.0,104628.6,104655.0,46410868.64650024
2025-01-26 11:44:59.747000+00:00,2025-01-26 11:30:00+00:00,continuous,104655.0,104747.0,104612.4,104700.0,26101005.3453
2025-01-26 11:59:59.607000+00:00,2025-01-26 11:45:00+00:00,continuous,104700.0,104796.4,104624.0,104775.6,37922975.761300094
2025-01-26 12:14:59.920000+00:00,2025-01-26 12:00:00+00:00,continuous,104775.6,104775.6,104670.0,104670.1,27534886.167099986
2025-01-26 12:29:59.507000+00:00,2025-01-26 12:15:00+00:00,continuous,104670.1,104732.6,104648.8,104725.1,30623441.299799927
2025-01-26 12:44:58.549000+00:00,2025-01-26 12:30:00+00:00,continuous,104725.0,104725.1,104670.0,104674.9,30162591.270399995
2025-01-26 12:59:59.950000+00:00,2025-01-26 12:45:00+00:00,continuous,104675.0,104854.3,104674.9,104854.3,41155012.02659987
2025-01-26 13:14:59.610000+00:00,2025-01-26 13:00:00+00:00,continuous,104854.2,105000.0,104808.4,104952.5,113157204.9945996
2025-01-26 13:29:59.746000+00:00,2025-01-26 13:15:00+00:00,continuous,104952.6,104981.0,104780.0,104882.6,50476902.21519999
2025-01-26 13:44:59.931000+00:00,2025-01-26 13:30:00+00:00,continuous,104882.6,105020.4,104822.9,104888.1,71392617.65339978
2025-01-26 13:59:59.919000+00:00,2025-01-26 13:45:00+00:00,continuous,104888.0,104912.2,104791.0,104912.1,28936205.487599976
2025-01-26 14:14:59.866000+00:00,2025-01-26 14:00:00+00:00,continuous,104912.1,104917.5,104750.1,104787.5,47435952.62720023
2025-01-26 14:29:59.888000+00:00,2025-01-26 14:15:00+00:00,continuous,104787.5,104850.0,104750.0,104790.5,26448659.131200112
2025-01-26 14:44:59.821000+00:00,2025-01-26 14:30:00+00:00,continuous,104790.5,104918.3,104790.0,104914.4,30161434.729600094
2025-01-26 14:59:59.965000+00:00,2025-01-26 14:45:00+00:00,continuous,104914.5,104967.2,104861.0,104892.5,45483887.314799644
2025-01-26 15:14:58.957000+00:00,2025-01-26 15:00:00+00:00,continuous,104892.5,104997.3,104834.3,104936.1,55074794.966500066
2025-01-26 15:29:59.744000+00:00,2025-01-26 15:15:00+00:00,continuous,104936.0,105043.4,104936.0,104959.9,48914432.41360011
2025-01-26 15:44:59.907000+00:00,2025-01-26 15:30:00+00:00,continuous,104959.8,105028.0,104905.3,104935.2,62732782.99730014
2025-01-26 15:59:59.380000+00:00,2025-01-26 15:45:00+00:00,continuous,104935.1,104981.8,104916.6,104919.9,21492805.985200103
2025-01-26 16:14:59.996000+00:00,2025-01-26 16:00:00+00:00,continuous,104920.0,104978.7,104850.1,104850.2,40313614.68759973
2025-01-26 16:29:59.751000+00:00,2025-01-26 16:15:00+00:00,continuous,104850.1,104928.1,104850.1,104912.9,26871611.630299997
2025-01-26 16:44:59.894000+00:00,2025-01-26 16:30:00+00:00,continuous,104912.9,104992.6,104912.8,104976.7,36258495.81029991
2025-01-26 16:59:59.343000+00:00,2025-01-26 16:45:00+00:00,continuous,104976.7,105000.0,104888.0,104890.0,27901941.058699995
2025-01-26 17:14:59.887000+00:00,2025-01-26 17:00:00+00:00,continuous,104890.1,104958.5,104876.5,104956.8,33767111.274999976
2025-01-26 17:29:59.919000+00:00,2025-01-26 17:15:00+00:00,continuous,104956.8,104985.2,104905.3,104909.6,22674093.42740009
2025-01-26 17:44:59.802000+00:00,2025-01-26 17:30:00+00:00,continuous,104909.5,105025.6,104904.4,104939.3,32790789.063900203
2025-01-26 17:59:59.908000+00:00,2025-01-26 17:45:00+00:00,continuous,104939.4,105027.8,104904.9,104905.1,28275891.07540006
2025-01-26 18:14:59.946000+00:00,2025-01-26 18:00:00+00:00,continuous,104905.2,105138.4,104870.8,105056.3,173451251.86579993
2025-01-26 18:29:59.681000+00:00,2025-01-26 18:15:00+00:00,continuous,105056.4,105237.0,105056.3,105160.9,117196009.21520014
2025-01-26 18:44:59.861000+00:00,2025-01-26 18:30:00+00:00,continuous,105161.0,105236.8,105106.0,105106.1,42388408.68489983
2025-01-26 18:59:59.441000+00:00,2025-01-26 18:45:00+00:00,continuous,105106.1,105143.8,105050.0,105143.8,32439447.596700072
2025-01-26 19:14:59.747000+00:00,2025-01-26 19:00:00+00:00,continuous,105143.8,105210.8,105053.0,105058.9,30616398.32090003
2025-01-26 19:29:59.780000+00:00,2025-01-26 19:15:00+00:00,continuous,105058.9,105087.3,105010.0,105038.5,25064778.36579994
2025-01-26 19:44:57.732000+00:00,2025-01-26 19:30:00+00:00,continuous,105038.4,105127.3,104995.2,105050.1,26730373.702599857
2025-01-26 19:59:59.947000+00:00,2025-01-26 19:45:00+00:00,continuous,105050.1,105077.3,105030.2,105050.1,21326883.433199942
2025-01-26 20:14:58.874000+00:00,2025-01-26 20:00:00+00:00,continuous,105050.1,105050.2,104892.0,104979.1,54269919.17850027
2025-01-26 20:29:58.294000+00:00,2025-01-26 20:15:00+00:00,continuous,104979.0,105175.0,104979.0,105136.1,47985669.64119992
2025-01-26 20:44:59.122000+00:00,2025-01-26 20:30:00+00:00,continuous,105136.1,105136.1,105000.0,105012.0,23393673.9201
2025-01-26 20:59:59.965000+00:00,2025-01-26 20:45:00+00:00,continuous,105012.0,105062.5,104883.5,104914.7,35166387.87649996
2025-01-26 21:14:59.978000+00:00,2025-01-26 21:00:00+00:00,continuous,104914.7,104919.6,104667.8,104703.2,158773105.25599977
2025-01-26 21:29:59.217000+00:00,2025-01-26 21:15:00+00:00,continuous,104703.2,104994.4,104703.1,104856.6,70254173.22070034
2025-01-26 21:44:59.894000+00:00,2025-01-26 21:30:00+00:00,continuous,104856.7,104883.7,104760.0,104771.4,23674560.306699906
2025-01-26 21:59:59.827000+00:00,2025-01-26 21:45:00+00:00,continuous,104771.5,104771.5,104500.0,104500.0,138148653.7210003
2025-01-26 22:14:59.778000+00:00,2025-01-26 22:00:00+00:00,continuous,104500.0,104626.0,104254.4,104376.7,194063623.99089977
2025-01-26 22:29:59.277000+00:00,2025-01-26 22:15:00+00:00,continuous,104376.7,104513.2,104327.1,104479.0,52332041.775000006
2025-01-26 22:44:59.621000+00:00,2025-01-26 22:30:00+00:00,continuous,104479.0,104660.0,104479.0,104659.0,57179255.32859976
2025-01-26 22:59:59.878000+00:00,2025-01-26 22:45:00+00:00,continuous,104659.0,104663.3,104239.0,104273.9,86763376.23579982
2025-01-26 23:14:59.998000+00:00,2025-01-26 23:00:00+00:00,continuous,104273.8,104273.8,103189.2,103300.8,892413450.0802038
2025-01-26 23:29:59.779000+00:00,2025-01-26 23:15:00+00:00,continuous,103300.7,103316.6,102611.0,103074.6,938720045.8054937
2025-01-26 23:44:59.811000+00:00,2025-01-26 23:30:00+00:00,continuous,103074.5,103074.6,102680.1,102912.2,287131529.78750193
2025-01-26 23:59:59.671000+00:00,2025-01-26 23:45:00+00:00,continuous,102912.3,103054.9,102450.3,102560.1,392809838.9922989
2025-01-27 00:14:59.716000+00:00,2025-01-27 00:00:00+00:00,continuous,102560.0,103216.5,102255.0,102940.0,506039021.7994014
2025-01-27 00:29:59.997000+00:00,2025-01-27 00:15:00+00:00,continuous,102939.9,103003.6,102690.1,102810.0,184541398.30690113
2025-01-27 00:44:59.957000+00:00,2025-01-27 00:30:00+00:00,continuous,102810.6,102875.6,102441.8,102447.0,252365114.52230087
2025-01-27 00:59:59.942000+00:00,2025-01-27 00:45:00+00:00,continuous,102446.9,102491.1,101500.0,101670.6,871920351.2334943
2025-01-27 01:14:59.980000+00:00,2025-01-27 01:00:00+00:00,continuous,101670.7,102020.0,101100.0,101370.1,596877185.1470006
2025-01-27 01:29:59.999000+00:00,2025-01-27 01:15:00+00:00,continuous,101370.0,101867.5,101158.6,101614.2,349616625.511701
2025-01-27 01:44:59.675000+00:00,2025-01-27 01:30:00+00:00,continuous,101614.1,101915.1,101428.0,101661.2,269534139.8904004
2025-01-27 01:59:59.946000+00:00,2025-01-27 01:45:00+00:00,continuous,101661.3,101733.8,101237.9,101244.1,242406808.03530037
2025-01-27 02:14:59.945000+00:00,2025-01-27 02:00:00+00:00,continuous,101244.0,101513.1,100768.7,101501.9,566959945.7604008
2025-01-27 02:29:59.987000+00:00,2025-01-27 02:15:00+00:00,continuous,101501.9,101638.6,101142.0,101280.5,209782734.90809998
2025-01-27 02:44:59.865000+00:00,2025-01-27 02:30:00+00:00,continuous,101280.6,101307.3,100969.8,101159.0,200267176.14740226
2025-01-27 02:59:59.915000+00:00,2025-01-27 02:45:00+00:00,continuous,101159.1,101179.0,100798.2,100940.7,196732914.65630016
2025-01-27 03:14:59.837000+00:00,2025-01-27 03:00:00+00:00,continuous,100940.6,101421.6,100632.5,101376.6,378027295.1710001
2025-01-27 03:29:59.844000+00:00,2025-01-27 03:15:00+00:00,continuous,101376.5,101827.8,101308.9,101755.3,280998637.08010066
2025-01-27 03:44:59.863000+00:00,2025-01-27 03:30:00+00:00,continuous,101755.3,101755.3,101301.7,101449.9,137528500.50599995
2025-01-27 03:59:59.966000+00:00,2025-01-27 03:45:00+00:00,continuous,101450.0,101491.4,101250.0,101349.2,79612113.27759998
2025-01-27 04:14:59.827000+00:00,2025-01-27 04:00:00+00:00,continuous,101349.1,101349.3,100875.7,100987.0,196848402.4781005
2025-01-27 04:29:59.757000+00:00,2025-01-27 04:15:00+00:00,continuous,100987.0,101103.0,100542.0,100864.4,296578359.33559835
2025-01-27 04:44:59.877000+00:00,2025-01-27 04:30:00+00:00,continuous,100864.5,100950.8,100400.0,100558.6,354580883.0003974
2025-01-27 04:59:59.835000+00:00,2025-01-27 04:45:00+00:00,continuous,100558.6,100558.6,100210.0,100363.5,350565112.4036023
2025-01-27 05:14:59.999000+00:00,2025-01-27 05:00:00+00:00,continuous,100363.5,100650.0,100309.5,100531.2,178630608.44579968
2025-01-27 05:29:59.732000+00:00,2025-01-27 05:15:00+00:00,continuous,100531.3,100690.0,100250.0,100422.6,159351659.25700074
2025-01-27 05:44:59.999000+00:00,2025-01-27 05:30:00+00:00,continuous,100422.7,100489.0,99977.4,100259.2,370160120.15829974
2025-01-27 05:59:59.965000+00:00,2025-01-27 05:45:00+00:00,continuous,100259.1,100383.0,99656.0,100320.8,531575524.5716987
2025-01-27 06:14:59.968000+00:00,2025-01-27 06:00:00+00:00,continuous,100320.7,100441.2,100115.8,100204.8,232343345.0469994
2025-01-27 06:29:59.958000+00:00,2025-01-27 06:15:00+00:00,continuous,100204.7,100204.8,99702.5,99936.9,310367766.79419655
2025-01-27 06:44:59.989000+00:00,2025-01-27 06:30:00+00:00,continuous,99937.0,99937.0,99000.0,99089.0,749906539.486704
2025-01-27 06:59:59.902000+00:00,2025-01-27 06:45:00+00:00,continuous,99089.1,99357.8,98660.4,98917.9,721392869.8290038
2025-01-27 07:14:59.867000+00:00,2025-01-27 07:00:00+00:00,continuous,98918.0,99198.0,98794.3,98927.5,251965609.728001
2025-01-27 07:29:59.991000+00:00,2025-01-27 07:15:00+00:00,continuous,98927.6,98996.4,97680.0,97750.8,1007319482.5560958
2025-01-27 07:44:59.879000+00:00,2025-01-27 07:30:00+00:00,continuous,97751.1,99179.1,97712.6,99114.9,1029017189.4674904
2025-01-27 07:59:59.930000+00:00,2025-01-27 07:45:00+00:00,continuous,99114.9,99357.8,98859.1,98996.3,455993246.93270224
2025-01-27 08:14:59.962000+00:00,2025-01-27 08:00:00+00:00,continuous,98995.9,99171.5,98639.0,99106.4,384339074.665703
2025-01-27 08:29:59.822000+00:00,2025-01-27 08:15:00+00:00,continuous,99106.5,99309.2,98830.0,99084.9,253325557.75110245
2025-01-27 08:44:59.715000+00:00,2025-01-27 08:30:00+00:00,continuous,99084.8,99095.0,98640.1,98770.1,218437303.2249998
2025-01-27 08:59:59.823000+00:00,2025-01-27 08:45:00+00:00,continuous,98770.1,99000.0,98700.0,98986.7,162600769.20979896
2025-01-27 09:14:59.982000+00:00,2025-01-27 09:00:00+00:00,continuous,98986.7,99456.0,98891.1,99255.1,245652927.7791997
2025-01-27 09:29:59.755000+00:00,2025-01-27 09:15:00+00:00,continuous,99255.1,99495.0,98748.2,98764.1,259977361.51989928
2025-01-27 09:44:59.728000+00:00,2025-01-27 09:30:00+00:00,continuous,98764.1,99308.6,98745.5,99115.3,155387844.11020103
2025-01-27 09:59:59.958000+00:00,2025-01-27 09:45:00+00:00,continuous,99115.2,99372.9,99030.8,99365.9,109959840.50149958
2025-01-27 10:14:59.800000+00:00,2025-01-27 10:00:00+00:00,continuous,99365.8,99400.0,99073.6,99099.9,127374747.44950087
2025-01-27 10:29:59.917000+00:00,2025-01-27 10:15:00+00:00,continuous,99099.9,99268.0,98912.6,99064.2,114157011.67099966
2025-01-27 10:44:59.821000+00:00,2025-01-27 10:30:00+00:00,continuous,99064.2,99109.8,98568.8,98734.5,242886746.98660016
2025-01-27 10:59:59.896000+00:00,2025-01-27 10:45:00+00:00,continuous,98734.5,99019.3,98200.0,98357.7,413819173.9209991
2025-01-27 11:14:59.901000+00:00,2025-01-27 11:00:00+00:00,continuous,98357.7,98896.5,98275.3,98683.8,304154378.6340011
2025-01-27 11:29:59.835000+00:00,2025-01-27 11:15:00+00:00,continuous,98683.8,99099.0,98561.4,99008.4,239031470.16049957
2025-01-27 11:44:59.847000+00:00,2025-01-27 11:30:00+00:00,continuous,99008.4,99315.7,98841.6,98917.1,187868791.06710115
2025-01-27 11:59:59.954000+00:00,2025-01-27 11:45:00+00:00,continuous,98917.2,99000.0,98700.0,98700.0,101884239.34350008
2025-01-27 12:14:59.980000+00:00,2025-01-27 12:00:00+00:00,continuous,98700.1,99204.4,98666.0,98983.3,173386791.63820106
2025-01-27 12:29:59.927000+00:00,2025-01-27 12:15:00+00:00,continuous,98983.2,99120.0,98877.5,99050.2,113360544.99870002
2025-01-27 12:44:59.966000+00:00,2025-01-27 12:30:00+00:00,continuous,99050.2,99704.1,98968.5,99704.0,307659729.2658009
2025-01-27 12:59:59.990000+00:00,2025-01-27 12:45:00+00:00,continuous,99704.1,100860.3,99582.2,100567.7,986842706.7582971
2025-01-27 13:14:59.941000+00:00,2025-01-27 13:00:00+00:00,continuous,100567.6,101609.5,100247.4,101574.5,780977449.0040979
2025-01-27 13:29:59.909000+00:00,2025-01-27 13:15:00+00:00,continuous,101574.5,101640.6,100555.0,100838.4,761191507.8017989
2025-01-27 13:44:59.979000+00:00,2025-01-27 13:30:00+00:00,continuous,100838.3,101173.2,100632.3,100800.0,281578117.51530474
2025-01-27 13:59:59.883000+00:00,2025-01-27 13:45:00+00:00,continuous,100799.9,100911.7,99927.3,100440.0,511818647.6709998
2025-01-27 14:14:59.905000+00:00,2025-01-27 14:00:00+00:00,continuous,100440.0,100540.0,100050.0,100102.4,266646585.3828996
2025-01-27 14:29:59.893000+00:00,2025-01-27 14:15:00+00:00,continuous,100102.4,100798.1,100102.4,100715.8,243074153.02330267
2025-01-27 14:44:59.998000+00:00,2025-01-27 14:30:00+00:00,continuous,100715.9,101380.0,100352.5,101160.0,822816853.1582
2025-01-27 14:59:59.989000+00:00,2025-01-27 14:45:00+00:00,continuous,101166.9,102267.8,101071.0,101862.7,988592005.2639802
2025-01-27 15:14:59.839000+00:00,2025-01-27 15:00:00+00:00,continuous,101862.8,102065.0,101452.5,101491.3,563630010.521495
2025-01-27 15:29:59.938000+00:00,2025-01-27 15:15:00+00:00,continuous,101486.6,101920.0,100800.0,101609.2,647617996.3169
2025-01-27 15:44:59.942000+00:00,2025-01-27 15:30:00+00:00,continuous,101609.2,101786.9,101244.2,101290.8,387932312.7415982
2025-01-27 15:59:59.970000+00:00,2025-01-27 15:45:00+00:00,continuous,101290.7,101520.4,101050.0,101070.8,240876290.312399
2025-01-27 16:14:59.937000+00:00,2025-01-27 16:00:00+00:00,continuous,101070.8,101207.1,100810.0,101003.3,377736232.8792023
2025-01-27 16:29:59.821000+00:00,2025-01-27 16:15:00+00:00,continuous,101003.4,101121.0,100526.6,100785.1,301935498.7126008
2025-01-27 16:44:59.957000+00:00,2025-01-27 16:30:00+00:00,continuous,100784.7,100784.7,99502.0,99942.9,839712969.8698071
2025-01-27 16:59:59.942000+00:00,2025-01-27 16:45:00+00:00,continuous,99942.9,100235.2,99546.1,99708.0,431033220.2114993
2025-01-27 17:14:59.985000+00:00,2025-01-27 17:00:00+00:00,continuous,99708.0,100019.4,99233.0,99550.0,401852124.3109042
2025-01-27 17:29:59.981000+00:00,2025-01-27 17:15:00+00:00,continuous,99550.0,99622.2,99013.4,99534.3,342436449.7325986
2025-01-27 17:44:59.982000+00:00,2025-01-27 17:30:00+00:00,continuous,99534.4,99945.3,99343.5,99547.0,309498551.6444962
2025-01-27 17:59:59.981000+00:00,2025-01-27 17:45:00+00:00,continuous,99547.1,99775.1,99104.0,99120.0,237997334.4133
2025-01-27 18:14:59.899000+00:00,2025-01-27 18:00:00+00:00,continuous,99120.1,99555.0,99029.0,99458.7,208932105.5980988
2025-01-27 18:29:59.904000+00:00,2025-01-27 18:15:00+00:00,continuous,99458.7,99728.6,99072.9,99133.9,171567238.53800085
2025-01-27 18:44:59.722000+00:00,2025-01-27 18:30:00+00:00,continuous,99133.9,99514.7,99025.2,99134.2,156715881.46630064
2025-01-27 18:59:59.873000+00:00,2025-01-27 18:45:00+00:00,continuous,99134.5,99364.1,98820.6,99159.1,254977156.37640095
2025-01-27 19:14:59.955000+00:00,2025-01-27 19:00:00+00:00,continuous,99159.1,99677.5,99144.3,99171.9,213633405.68399948
2025-01-27 19:29:59.723000+00:00,2025-01-27 19:15:00+00:00,continuous,99171.8,99748.6,99148.6,99660.4,164735799.42280105
2025-01-27 19:44:59.860000+00:00,2025-01-27 19:30:00+00:00,continuous,99660.4,99917.1,99532.0,99696.5,156227227.27040014
2025-01-27 19:59:59.947000+00:00,2025-01-27 19:45:00+00:00,continuous,99696.6,99706.6,99361.5,99660.4,136189800.67750013
2025-01-27 20:14:59.784000+00:00,2025-01-27 20:00:00+00:00,continuous,99660.3,99895.0,99548.9,99716.6,140022328.526999
2025-01-27 20:29:59.911000+00:00,2025-01-27 20:15:00+00:00,continuous,99716.5,100375.5,99624.1,100305.9,262694965.50270015
2025-01-27 20:44:59.778000+00:00,2025-01-27 20:30:00+00:00,continuous,100307.8,100910.0,100307.8,100905.0,311034727.0105026
2025-01-27 20:59:59.998000+00:00,2025-01-27 20:45:00+00:00,continuous,100905.2,101715.9,100886.0,101349.1,571949701.0758013
2025-01-27 21:14:59.983000+00:00,2025-01-27 21:00:00+00:00,continuous,101348.9,102423.3,101286.3,102268.6,585743245.3375033
2025-01-27 21:29:59.963000+00:00,2025-01-27 21:15:00+00:00,continuous,102264.0,102340.0,101526.0,101647.6,496610296.0266953
2025-01-27 21:44:59.934000+00:00,2025-01-27 21:30:00+00:00,continuous,101647.1,101700.0,100905.0,101099.9,295606476.143
2025-01-27 21:59:59.816000+00:00,2025-01-27 21:45:00+00:00,continuous,101100.0,101473.7,101077.5,101306.9,184793776.46329886
2025-01-27 22:14:59.897000+00:00,2025-01-27 22:00:00+00:00,continuous,101306.8,101636.3,101306.8,101490.5,149399481.3646
2025-01-27 22:29:58.690000+00:00,2025-01-27 22:15:00+00:00,continuous,101490.6,101554.6,101217.6,101426.1,78977646.47629988
2025-01-27 22:44:59.989000+00:00,2025-01-27 22:30:00+00:00,continuous,101426.0,101683.0,101376.6,101674.3,68579693.72360045
2025-01-27 22:59:59.934000+00:00,2025-01-27 22:45:00+00:00,continuous,101674.4,101919.6,101536.7,101585.1,118412096.90150064
2025-01-27 23:14:59.831000+00:00,2025-01-27 23:00:00+00:00,continuous,101585.2,102081.8,101585.2,101939.8,175192988.2842996
2025-01-27 23:29:59.866000+00:00,2025-01-27 23:15:00+00:00,continuous,101939.8,102065.0,101639.0,101690.0,153976536.18950042
2025-01-27 23:44:59.850000+00:00,2025-01-27 23:30:00+00:00,continuous,101690.0,101998.9,101679.9,101713.6,167085033.06600058
2025-01-27 23:59:59.995000+00:00,2025-01-27 23:45:00+00:00,continuous,101713.6,102127.0,101713.6,102021.3,110523901.59180012
2025-01-28 00:14:59.985000+00:00,2025-01-28 00:00:00+00:00,continuous,102021.2,102846.1,102009.1,102406.3,446186766.0874985
2025-01-28 00:29:59.276000+00:00,2025-01-28 00:15:00+00:00,continuous,102406.2,102491.1,102118.9,102138.0,128919876.91169986
2025-01-28 00:44:59.991000+00:00,2025-01-28 00:30:00+00:00,continuous,102138.1,102307.6,101958.1,102247.5,149455500.29469985
2025-01-28 00:59:59.760000+00:00,2025-01-28 00:45:00+00:00,continuous,102247.6,102293.5,101727.8,101812.5,145409922.8390002
2025-01-28 01:14:59.366000+00:00,2025-01-28 01:00:00+00:00,continuous,101812.5,101856.4,101578.2,101801.5,131569787.09139954
2025-01-28 01:29:59.630000+00:00,2025-01-28 01:15:00+00:00,continuous,101801.5,101950.0,101411.2,101436.9,120350499.10420036
2025-01-28 01:44:59.454000+00:00,2025-01-28 01:30:00+00:00,continuous,101437.0,101683.5,101418.6,101520.0,111265356.47910087
2025-01-28 01:59:59.996000+00:00,2025-01-28 01:45:00+00:00,continuous,101520.0,101787.0,101319.6,101319.6,183007863.2976009
2025-01-28 02:14:59.586000+00:00,2025-01-28 02:00:00+00:00,continuous,101319.7,101540.0,101263.0,101471.2,198156159.37200004
2025-01-28 02:29:59.995000+00:00,2025-01-28 02:15:00+00:00,continuous,101471.2,102070.6,101434.6,101932.1,162679130.58080018
2025-01-28 02:44:59.946000+00:00,2025-01-28 02:30:00+00:00,continuous,101932.7,102274.3,101789.1,102228.9,156040450.1640996
2025-01-28 02:59:59.699000+00:00,2025-01-28 02:45:00+00:00,continuous,102228.8,102387.5,102100.0,102339.7,128423994.58139977
2025-01-28 03:14:59.763000+00:00,2025-01-28 03:00:00+00:00,continuous,102339.7,102382.4,101976.3,102305.2,139447539.4739002
2025-01-28 03:29:59.802000+00:00,2025-01-28 03:15:00+00:00,continuous,102305.3,102425.0,102183.4,102292.6,100681222.5132994
2025-01-28 03:44:59.939000+00:00,2025-01-28 03:30:00+00:00,continuous,102292.6,102562.0,102233.9,102561.4,106635647.61140002
2025-01-28 03:59:59.732000+00:00,2025-01-28 03:45:00+00:00,continuous,102561.4,102843.2,102471.8,102582.7,242314801.75150055
2025-01-28 04:14:59.803000+00:00,2025-01-28 04:00:00+00:00,continuous,102582.7,102812.0,102541.0,102750.1,125935712.90319969
2025-01-28 04:29:59.864000+00:00,2025-01-28 04:15:00+00:00,continuous,102750.0,102977.0,102600.0,102974.5,176064374.71800062
2025-01-28 04:44:59.894000+00:00,2025-01-28 04:30:00+00:00,continuous,102974.5,103325.3,102960.0,103052.1,351225620.57810265
2025-01-28 04:59:59.983000+00:00,2025-01-28 04:45:00+00:00,continuous,103052.1,103091.1,102854.2,102865.1,134321811.66409963
2025-01-28 05:14:59.595000+00:00,2025-01-28 05:00:00+00:00,continuous,102865.1,103128.8,102865.1,102938.8,98622701.42829981
2025-01-28 05:29:59.599000+00:00,2025-01-28 05:15:00+00:00,continuous,102938.8,103050.0,102753.7,103000.0,98219953.20220004
2025-01-28 05:44:59.968000+00:00,2025-01-28 05:30:00+00:00,continuous,102999.9,103243.0,102929.4,103162.7,82661656.18219936
2025-01-28 05:59:59.866000+00:00,2025-01-28 05:45:00+00:00,continuous,103162.7,103295.5,102870.0,102969.0,125672809.14360072
2025-01-28 06:14:59.975000+00:00,2025-01-28 06:00:00+00:00,continuous,102969.1,103157.8,102860.6,102905.4,78141508.58419992
2025-01-28 06:29:59.978000+00:00,2025-01-28 06:15:00+00:00,continuous,102905.3,102941.8,102726.0,102815.7,97226854.60270023
2025-01-28 06:44:59.819000+00:00,2025-01-28 06:30:00+00:00,continuous,102816.0,102879.8,102558.0,102638.4,142666870.1152007
2025-01-28 06:59:59.752000+00:00,2025-01-28 06:45:00+00:00,continuous,102638.4,102840.0,102614.2,102697.7,61337461.93159977
2025-01-28 07:14:59.629000+00:00,2025-01-28 07:00:00+00:00,continuous,102697.6,103036.0,102473.3,102979.9,148284839.8724996
2025-01-28 07:29:59.698000+00:00,2025-01-28 07:15:00+00:00,continuous,102980.0,103282.4,102963.7,103206.7,137862398.2139999
2025-01-28 07:44:59.697000+00:00,2025-01-28 07:30:00+00:00,continuous,103206.6,103259.1,102792.9,102812.0,151201725.3122998
2025-01-28 07:59:59.954000+00:00,2025-01-28 07:45:00+00:00,continuous,102811.9,102892.4,102571.5,102753.8,146754411.30490077
2025-01-28 08:14:59.997000+00:00,2025-01-28 08:00:00+00:00,continuous,102754.3,102873.2,102556.1,102787.4,138301759.63930047
2025-01-28 08:29:59.946000+00:00,2025-01-28 08:15:00+00:00,continuous,102787.5,102982.8,102714.2,102792.4,107703529.3175998
2025-01-28 08:44:59.697000+00:00,2025-01-28 08:30:00+00:00,continuous,102792.5,102839.0,102587.0,102792.3,81086553.85369954
2025-01-28 08:59:59.904000+00:00,2025-01-28 08:45:00+00:00,continuous,102792.3,102847.4,102652.8,102806.9,50130419.08549987
2025-01-28 09:14:59.941000+00:00,2025-01-28 09:00:00+00:00,continuous,102806.9,102916.7,102700.0,102793.5,94290636.81640004
2025-01-28 09:29:59.965000+00:00,2025-01-28 09:15:00+00:00,continuous,102793.5,102824.2,102352.3,102430.8,136827445.85059962
2025-01-28 09:44:59.908000+00:00,2025-01-28 09:30:00+00:00,continuous,102430.7,102765.4,102400.0,102594.2,109341520.41860013
2025-01-28 09:59:59.897000+00:00,2025-01-28 09:45:00+00:00,continuous,102594.2,102932.0,102500.0,102925.2,98365654.66200021
2025-01-28 10:14:59.967000+00:00,2025-01-28 10:00:00+00:00,continuous,102925.1,102950.0,102775.1,102941.4,77020512.6169002
2025-01-28 10:29:59.973000+00:00,2025-01-28 10:15:00+00:00,continuous,102941.5,103151.0,102899.4,102899.5,149923704.30989963
2025-01-28 10:44:59.966000+00:00,2025-01-28 10:30:00+00:00,continuous,102899.4,102959.1,102651.8,102669.0,85016491.77699946
2025-01-28 10:59:59.697000+00:00,2025-01-28 10:45:00+00:00,continuous,102669.0,102724.5,102553.5,102707.8,78633025.33680063
2025-01-28 11:14:59.997000+00:00,2025-01-28 11:00:00+00:00,continuous,102707.8,102884.5,102660.0,102835.0,65708606.01760006
2025-01-28 11:29:59.906000+00:00,2025-01-28 11:15:00+00:00,continuous,102834.9,102899.4,102597.6,102642.7,47789470.05380005
2025-01-28 11:44:59.606000+00:00,2025-01-28 11:30:00+00:00,continuous,102642.5,102692.9,102518.0,102657.7,74398116.43789987
2025-01-28 11:59:59.990000+00:00,2025-01-28 11:45:00+00:00,continuous,102657.8,102842.9,102655.4,102717.9,59692603.42449982
2025-01-28 12:14:59.891000+00:00,2025-01-28 12:00:00+00:00,continuous,102717.9,102941.9,102668.0,102817.2,97590528.66550015
2025-01-28 12:29:59.895000+00:00,2025-01-28 12:15:00+00:00,continuous,102817.1,102852.1,102557.3,102633.4,87356405.63970028
2025-01-28 12:44:59.706000+00:00,2025-01-28 12:30:00+00:00,continuous,102633.5,102686.7,102400.0,102612.2,102905133.26569939
2025-01-28 12:59:59.838000+00:00,2025-01-28 12:45:00+00:00,continuous,102612.1,102665.6,102450.0,102554.2,78264860.0518
2025-01-28 13:14:59.999000+00:00,2025-01-28 13:00:00+00:00,continuous,102554.2,102844.0,102511.5,102843.9,79289960.20349972
2025-01-28 13:29:59.985000+00:00,2025-01-28 13:15:00+00:00,continuous,102844.0,102894.6,102713.4,102768.0,57131778.49360012
2025-01-28 13:44:59.970000+00:00,2025-01-28 13:30:00+00:00,continuous,102768.0,102768.0,102422.2,102522.1,108170015.94200039
2025-01-28 13:59:59.931000+00:00,2025-01-28 13:45:00+00:00,continuous,102522.2,102670.0,102456.0,102549.8,80597678.12450045
2025-01-28 14:14:59.983000+00:00,2025-01-28 14:00:00+00:00,continuous,102549.7,102556.1,101770.5,101928.1,510228756.94339967
2025-01-28 14:29:59.787000+00:00,2025-01-28 14:15:00+00:00,continuous,101928.0,102580.0,101900.0,102530.5,306155742.5932008
2025-01-28 14:44:59.992000+00:00,2025-01-28 14:30:00+00:00,continuous,102530.5,102877.4,102010.0,102120.0,633811066.9311066
2025-01-28 14:59:59.894000+00:00,2025-01-28 14:45:00+00:00,continuous,102120.6,102768.0,102020.8,102599.9,326979145.3229028
2025-01-28 15:14:59.881000+00:00,2025-01-28 15:00:00+00:00,continuous,102600.0,103333.0,102571.6,102878.1,581399467.4395114
2025-01-28 15:29:59.919000+00:00,2025-01-28 15:15:00+00:00,continuous,102878.1,103238.0,102681.4,103167.9,233704336.3129991
2025-01-28 15:44:59.975000+00:00,2025-01-28 15:30:00+00:00,continuous,103168.0,103797.0,102847.2,102919.9,671604982.3767979
2025-01-28 15:59:59.622000+00:00,2025-01-28 15:45:00+00:00,continuous,102919.8,103079.6,102443.8,102730.6,339161229.10349846
2025-01-28 16:14:59.992000+00:00,2025-01-28 16:00:00+00:00,continuous,102730.6,102870.3,102205.0,102233.4,292033541.5759
2025-01-28 16:29:59.966000+00:00,2025-01-28 16:15:00+00:00,continuous,102233.5,102421.8,101850.0,102003.3,415618304.3071983
2025-01-28 16:44:59.932000+00:00,2025-01-28 16:30:00+00:00,continuous,102003.4,102374.7,101984.1,102330.6,236056663.67129952
2025-01-28 16:59:59.867000+00:00,2025-01-28 16:45:00+00:00,continuous,102330.7,102543.5,101921.2,102211.8,215217016.710899
2025-01-28 17:14:59.914000+00:00,2025-01-28 17:00:00+00:00,continuous,102211.8,103065.9,102170.3,102994.8,432578495.696402
2025-01-28 17:29:59.972000+00:00,2025-01-28 17:15:00+00:00,continuous,102994.9,103059.4,102700.0,102817.5,178017696.32910088
2025-01-28 17:44:59.890000+00:00,2025-01-28 17:30:00+00:00,continuous,102817.5,102899.3,102301.0,102407.8,198557781.39799955
2025-01-28 17:59:59.896000+00:00,2025-01-28 17:45:00+00:00,continuous,102407.9,102713.6,102308.3,102525.2,119847308.67200044
2025-01-28 18:14:59.795000+00:00,2025-01-28 18:00:00+00:00,continuous,102525.3,103089.9,102336.7,103002.3,318776337.61509806
2025-01-28 18:29:59.935000+00:00,2025-01-28 18:15:00+00:00,continuous,103002.3,103083.5,102733.2,102826.3,205965659.3008002
2025-01-28 18:44:59.951000+00:00,2025-01-28 18:30:00+00:00,continuous,102826.2,102914.6,102435.0,102499.2,134344806.70780042
2025-01-28 18:59:59.796000+00:00,2025-01-28 18:45:00+00:00,continuous,102499.1,102510.8,102123.9,102161.1,181984872.15180054
2025-01-28 19:14:59.990000+00:00,2025-01-28 19:00:00+00:00,continuous,102161.0,102204.8,101778.0,102033.8,295542552.6333
2025-01-28 19:29:59.963000+00:00,2025-01-28 19:15:00+00:00,continuous,102033.9,102366.8,101929.2,102191.6,137062039.1099001
2025-01-28 19:44:59.856000+00:00,2025-01-28 19:30:00+00:00,continuous,102191.6,102358.1,101994.0,102358.0,103387018.31389974
2025-01-28 19:59:59.853000+00:00,2025-01-28 19:45:00+00:00,continuous,102358.0,102624.0,102357.9,102368.7,150456640.5132016
2025-01-28 20:14:59.639000+00:00,2025-01-28 20:00:00+00:00,continuous,102368.7,102495.0,102241.4,102354.8,96944463.69069993
2025-01-28 20:29:59.680000+00:00,2025-01-28 20:15:00+00:00,continuous,102354.8,102354.9,101921.8,101928.4,155029704.65990022
2025-01-28 20:44:59.476000+00:00,2025-01-28 20:30:00+00:00,continuous,101928.3,102115.4,101852.7,101923.6,126560236.1535003
2025-01-28 20:59:59.625000+00:00,2025-01-28 20:45:00+00:00,continuous,101923.5,101933.7,101195.2,101226.3,459887952.75270224
2025-01-28 21:14:59.882000+00:00,2025-01-28 21:00:00+00:00,continuous,101226.3,101449.1,101056.1,101260.0,262150469.7703999
2025-01-28 21:29:59.929000+00:00,2025-01-28 21:15:00+00:00,continuous,101260.1,101489.0,101188.9,101432.9,102932844.35280009
2025-01-28 21:44:59.716000+00:00,2025-01-28 21:30:00+00:00,continuous,101433.4,101452.0,100585.1,100727.9,339904901.76079696
2025-01-28 21:59:59.984000+00:00,2025-01-28 21:45:00+00:00,continuous,100727.9,100892.8,100240.2,100298.7,367119087.6634005
2025-01-28 22:14:59.960000+00:00,2025-01-28 22:00:00+00:00,continuous,100298.7,100850.0,100235.0,100850.0,292346340.47149885
2025-01-28 22:29:59.836000+00:00,2025-01-28 22:15:00+00:00,continuous,100851.0,101079.1,100519.5,100693.7,226641594.3281997
2025-01-28 22:44:59.922000+00:00,2025-01-28 22:30:00+00:00,continuous,100693.7,101065.5,100524.6,101001.1,108032565.28770007
2025-01-28 22:59:59.925000+00:00,2025-01-28 22:45:00+00:00,continuous,101001.0,101379.2,100869.7,101220.4,199738808.75450072
2025-01-28 23:14:59.819000+00:00,2025-01-28 23:00:00+00:00,continuous,101220.4,101385.0,100952.3,101175.0,142706206.73270017
2025-01-28 23:29:59.634000+00:00,2025-01-28 23:15:00+00:00,continuous,101175.0,101243.0,100864.0,100917.3,117733839.42229907
2025-01-28 23:44:59.901000+00:00,2025-01-28 23:30:00+00:00,continuous,100917.3,101140.6,100700.0,101117.9,109523816.63660032
2025-01-28 23:59:59.836000+00:00,2025-01-28 23:45:00+00:00,continuous,101117.9,101400.0,101111.9,101279.6,102393234.89819986
2025-01-29 00:14:59.854000+00:00,2025-01-29 00:00:00+00:00,continuous,101279.7,101538.4,101269.7,101478.5,121361627.83180046
2025-01-29 00:29:59.826000+00:00,2025-01-29 00:15:00+00:00,continuous,101478.5,101629.0,101377.6,101433.3,128020574.2932001
2025-01-29 00:44:59.955000+00:00,2025-01-29 00:30:00+00:00,continuous,101433.3,101726.8,101344.1,101726.1,115273186.32799965
2025-01-29 00:59:59.957000+00:00,2025-01-29 00:45:00+00:00,continuous,101726.2,101770.3,101591.2,101651.6,122441182.27209976
2025-01-29 01:14:59.617000+00:00,2025-01-29 01:00:00+00:00,continuous,101651.6,101966.3,101651.6,101708.5,123247627.51529998
2025-01-29 01:29:59.907000+00:00,2025-01-29 01:15:00+00:00,continuous,101708.5,101806.9,101578.2,101627.5,71445912.06440024
2025-01-29 01:44:59.933000+00:00,2025-01-29 01:30:00+00:00,continuous,101627.4,101700.0,101422.2,101675.0,84976345.53930002
2025-01-29 01:59:59.639000+00:00,2025-01-29 01:45:00+00:00,continuous,101675.0,101852.7,101654.0,101806.1,98602527.15650108
2025-01-29 02:14:59.931000+00:00,2025-01-29 02:00:00+00:00,continuous,101806.0,102300.0,101806.0,101993.6,202939281.0677988
2025-01-29 02:29:59.866000+00:00,2025-01-29 02:15:00+00:00,continuous,101993.7,101993.7,101756.3,101809.9,70145946.7268998
2025-01-29 02:44:59.515000+00:00,2025-01-29 02:30:00+00:00,continuous,101810.0,101936.6,101720.9,101767.5,44858519.09190011
2025-01-29 02:59:59.955000+00:00,2025-01-29 02:45:00+00:00,continuous,101767.6,101780.7,101650.0,101744.8,64551615.8256999
2025-01-29 03:14:59.818000+00:00,2025-01-29 03:00:00+00:00,continuous,101744.9,102059.2,101725.5,101847.7,92413135.22500022
2025-01-29 03:29:59.821000+00:00,2025-01-29 03:15:00+00:00,continuous,101847.7,101962.7,101760.3,101962.7,44739874.79520007
2025-01-29 03:44:59.376000+00:00,2025-01-29 03:30:00+00:00,continuous,101962.7,102108.4,101839.2,101965.5,84422112.82569984
2025-01-29 03:59:59.936000+00:00,2025-01-29 03:45:00+00:00,continuous,101965.6,102118.3,101867.5,101994.0,49232117.42100003
2025-01-29 04:14:59.839000+00:00,2025-01-29 04:00:00+00:00,continuous,101994.1,102094.7,101908.5,102038.4,48862693.86139992
2025-01-29 04:29:59.527000+00:00,2025-01-29 04:15:00+00:00,continuous,102038.4,102111.1,101977.4,102100.0,60915730.17869996
2025-01-29 04:44:59.958000+00:00,2025-01-29 04:30:00+00:00,continuous,102099.9,102154.5,101937.0,101972.1,73166072.91889988
2025-01-29 04:59:59.984000+00:00,2025-01-29 04:45:00+00:00,continuous,101972.0,102032.6,101950.0,101956.5,27788607.792399988
2025-01-29 05:14:59.554000+00:00,2025-01-29 05:00:00+00:00,continuous,101956.0,102368.4,101933.6,102165.8,111082199.2038
2025-01-29 05:29:59.789000+00:00,2025-01-29 05:15:00+00:00,continuous,102165.7,102221.0,102084.4,102130.3,44168835.177699946
2025-01-29 05:44:59.834000+00:00,2025-01-29 05:30:00+00:00,continuous,102130.4,102260.2,102092.5,102159.5,45543296.988100015
2025-01-29 05:59:59.942000+00:00,2025-01-29 05:45:00+00:00,continuous,102159.5,102241.3,102080.0,102218.3,31062897.965900086
2025-01-29 06:14:59.701000+00:00,2025-01-29 06:00:00+00:00,continuous,102218.3,102382.3,102187.5,102371.7,78184144.49359998
2025-01-29 06:29:59.980000+00:00,2025-01-29 06:15:00+00:00,continuous,102371.6,102555.0,102312.8,102476.5,136538866.39659977
2025-01-29 06:44:59.852000+00:00,2025-01-29 06:30:00+00:00,continuous,102476.6,102800.6,102476.5,102590.9,156485217.66049945
2025-01-29 06:59:59.829000+00:00,2025-01-29 06:45:00+00:00,continuous,102591.0,102767.2,102499.9,102763.3,92475916.47779997
2025-01-29 07:14:59.901000+00:00,2025-01-29 07:00:00+00:00,continuous,102763.2,102768.2,102417.4,102503.1,104470921.7578998
2025-01-29 07:29:59.830000+00:00,2025-01-29 07:15:00+00:00,continuous,102503.1,102576.4,102440.2,102489.5,48642998.72319998
2025-01-29 07:44:59.578000+00:00,2025-01-29 07:30:00+00:00,continuous,102489.5,102575.0,102437.3,102570.6,75518543.23880024
2025-01-29 07:59:59.754000+00:00,2025-01-29 07:45:00+00:00,continuous,102570.7,102727.0,102535.4,102723.2,168593559.42829874
2025-01-29 08:14:59.872000+00:00,2025-01-29 08:00:00+00:00,continuous,102723.2,103012.6,102697.8,102743.6,229360598.64519924
2025-01-29 08:29:59.962000+00:00,2025-01-29 08:15:00+00:00,continuous,102743.7,102876.0,102644.1,102851.7,67655754.94140017
2025-01-29 08:44:59.698000+00:00,2025-01-29 08:30:00+00:00,continuous,102851.8,102949.1,102704.1,102779.3,94975360.37409928
2025-01-29 08:59:59.893000+00:00,2025-01-29 08:45:00+00:00,continuous,102779.2,102838.8,102669.7,102705.0,53194131.49560021
2025-01-29 09:14:59.998000+00:00,2025-01-29 09:00:00+00:00,continuous,102705.0,102744.8,102478.2,102611.9,190364572.18390048
2025-01-29 09:29:59.641000+00:00,2025-01-29 09:15:00+00:00,continuous,102611.9,102611.9,102304.6,102340.0,124894734.36500013
2025-01-29 09:44:59.805000+00:00,2025-01-29 09:30:00+00:00,continuous,102340.0,102521.8,102340.0,102521.8,82204571.44299982
2025-01-29 09:59:59.644000+00:00,2025-01-29 09:45:00+00:00,continuous,102521.8,102525.5,102258.4,102300.0,59046627.30410009
2025-01-29 10:14:59.552000+00:00,2025-01-29 10:00:00+00:00,continuous,102300.0,102469.8,102153.8,102387.9,136382545.57689998
2025-01-29 10:29:59.763000+00:00,2025-01-29 10:15:00+00:00,continuous,102387.8,102666.6,102349.1,102518.2,93106193.71420006
2025-01-29 10:44:59.731000+00:00,2025-01-29 10:30:00+00:00,continuous,102518.1,102690.0,102473.9,102488.1,49895601.04649968
2025-01-29 10:59:59.613000+00:00,2025-01-29 10:45:00+00:00,continuous,102488.0,102546.7,102429.9,102510.0,38973922.703499995
2025-01-29 11:14:59.270000+00:00,2025-01-29 11:00:00+00:00,continuous,102510.0,102562.1,102374.4,102456.4,69290326.9949002
2025-01-29 11:29:59.364000+00:00,2025-01-29 11:15:00+00:00,continuous,102456.4,102579.8,102423.2,102571.3,40143685.83400002
2025-01-29 11:44:59.613000+00:00,2025-01-29 11:30:00+00:00,continuous,102571.3,102781.6,102505.7,102677.2,63459011.68320006
2025-01-29 11:59:59.732000+00:00,2025-01-29 11:45:00+00:00,continuous,102677.3,102708.9,102485.7,102594.7,57452575.90490004
2025-01-29 12:14:59.703000+00:00,2025-01-29 12:00:00+00:00,continuous,102594.7,102722.0,102502.8,102719.1,107095936.43100014
2025-01-29 12:29:59.602000+00:00,2025-01-29 12:15:00+00:00,continuous,102719.1,102783.7,102328.2,102372.5,151964338.9204003
2025-01-29 12:44:59.843000+00:00,2025-01-29 12:30:00+00:00,continuous,102372.4,102470.0,102188.0,102314.5,153100100.6650002
2025-01-29 12:59:59.975000+00:00,2025-01-29 12:45:00+00:00,continuous,102314.5,102392.2,102158.0,102189.9,123840885.61699966
2025-01-29 13:14:59.980000+00:00,2025-01-29 13:00:00+00:00,continuous,102189.9,102291.6,101850.0,102143.4,387115349.4451984
2025-01-29 13:29:59.815000+00:00,2025-01-29 13:15:00+00:00,continuous,102143.4,102148.4,101769.2,101855.0,231106683.27420214
2025-01-29 13:44:59.881000+00:00,2025-01-29 13:30:00+00:00,continuous,101855.0,102085.4,101717.8,101949.1,166449471.3030004
2025-01-29 13:59:59.827000+00:00,2025-01-29 13:45:00+00:00,continuous,101949.1,102024.5,101652.0,101788.7,148979364.1591003
2025-01-29 14:14:59.935000+00:00,2025-01-29 14:00:00+00:00,continuous,101788.7,102019.1,101710.0,102011.1,120874475.26269995
2025-01-29 14:29:59.821000+00:00,2025-01-29 14:15:00+00:00,continuous,102011.2,102145.0,101900.0,102119.3,95767443.05470021
2025-01-29 14:44:59.590000+00:00,2025-01-29 14:30:00+00:00,continuous,102119.4,102356.7,101680.9,102073.8,361586248.8965959
2025-01-29 14:59:59.996000+00:00,2025-01-29 14:45:00+00:00,continuous,102073.9,102086.6,101526.8,101989.7,256365637.10669935
2025-01-29 15:14:59.904000+00:00,2025-01-29 15:00:00+00:00,continuous,101990.2,102481.6,101915.6,102230.5,244898498.85130033
2025-01-29 15:29:59.791000+00:00,2025-01-29 15:15:00+00:00,continuous,102230.4,102302.6,101814.0,101936.2,171185393.25850052
2025-01-29 15:44:59.776000+00:00,2025-01-29 15:30:00+00:00,continuous,101936.3,102065.0,101784.0,101796.0,122097919.3718003
2025-01-29 15:59:59.872000+00:00,2025-01-29 15:45:00+00:00,continuous,101795.9,102077.5,101737.0,101934.2,89470053.77009976
2025-01-29 16:14:59.737000+00:00,2025-01-29 16:00:00+00:00,continuous,101934.2,102084.7,101736.5,101834.4,112566428.6779004
2025-01-29 16:29:59.968000+00:00,2025-01-29 16:15:00+00:00,continuous,101834.3,101994.0,101633.4,101846.6,136588124.0552003
2025-01-29 16:44:59.855000+00:00,2025-01-29 16:30:00+00:00,continuous,101846.6,102082.9,101775.3,102009.1,95931984.48530014
2025-01-29 16:59:59.813000+00:00,2025-01-29 16:45:00+00:00,continuous,102009.1,102129.9,101908.4,102057.4,71839094.87059973
2025-01-29 17:14:59.685000+00:00,2025-01-29 17:00:00+00:00,continuous,102057.3,102277.2,101943.1,102255.2,117555795.05140036
2025-01-29 17:29:59.938000+00:00,2025-01-29 17:15:00+00:00,continuous,102255.1,102420.1,102218.1,102378.0,163611229.77710006
2025-01-29 17:44:59.822000+00:00,2025-01-29 17:30:00+00:00,continuous,102378.1,102753.0,102378.1,102551.3,246588809.94159937
2025-01-29 17:59:59.917000+00:00,2025-01-29 17:45:00+00:00,continuous,102551.3,102627.2,102307.8,102362.8,144156896.8511001
2025-01-29 18:14:59.612000+00:00,2025-01-29 18:00:00+00:00,continuous,102363.6,102464.6,101929.4,102266.9,283963890.67319936
2025-01-29 18:29:59.821000+00:00,2025-01-29 18:15:00+00:00,continuous,102266.8,102552.1,102110.6,102536.4,112649371.97980015
2025-01-29 18:44:59.552000+00:00,2025-01-29 18:30:00+00:00,continuous,102536.5,102813.5,102536.4,102705.2,236149216.84219968
2025-01-29 18:59:59.913000+00:00,2025-01-29 18:45:00+00:00,continuous,102705.1,102980.3,102700.0,102807.7,228024759.0968007
2025-01-29 19:14:59.802000+00:00,2025-01-29 19:00:00+00:00,continuous,102807.7,102873.5,101600.0,102000.0,1083969520.7372942
2025-01-29 19:29:59.929000+00:00,2025-01-29 19:15:00+00:00,continuous,102000.1,102009.6,101365.0,101508.7,484696983.8670972
2025-01-29 19:44:59.992000+00:00,2025-01-29 19:30:00+00:00,continuous,101508.6,103997.0,101416.9,103418.1,1599877007.4688184
2025-01-29 19:59:59.918000+00:00,2025-01-29 19:45:00+00:00,continuous,103418.3,103896.0,103122.5,103550.5,841912826.8936056
2025-01-29 20:14:59.983000+00:00,2025-01-29 20:00:00+00:00,continuous,103550.6,103743.6,102791.0,103392.0,600855341.5328035
2025-01-29 20:29:59.979000+00:00,2025-01-29 20:15:00+00:00,continuous,103392.1,104700.0,102966.4,104323.0,876931483.6823895
2025-01-29 20:44:59.920000+00:00,2025-01-29 20:30:00+00:00,continuous,104323.1,104755.0,103900.0,104229.8,574451977.9640907
2025-01-29 20:59:59.883000+00:00,2025-01-29 20:45:00+00:00,continuous,104229.9,104444.0,103964.3,104155.5,318379590.3860973
2025-01-29 21:14:59.752000+00:00,2025-01-29 21:00:00+00:00,continuous,104155.4,104331.3,103690.3,104163.8,469674955.6118962
2025-01-29 21:29:59.937000+00:00,2025-01-29 21:15:00+00:00,continuous,104163.8,104337.2,103879.8,104070.9,197817655.4922017
2025-01-29 21:44:59.836000+00:00,2025-01-29 21:30:00+00:00,continuous,104070.9,104356.2,103812.8,103850.0,152161507.18929988
2025-01-29 21:59:59.836000+00:00,2025-01-29 21:45:00+00:00,continuous,103849.9,104046.9,103669.1,103681.7,146704447.76539922
2025-01-29 22:14:59.897000+00:00,2025-01-29 22:00:00+00:00,continuous,103681.7,103788.5,103358.3,103485.4,180520052.85520014
2025-01-29 22:29:59.997000+00:00,2025-01-29 22:15:00+00:00,continuous,103485.4,103747.1,103350.0,103743.4,84543515.24589975
2025-01-29 22:44:59.931000+00:00,2025-01-29 22:30:00+00:00,continuous,103740.2,103975.0,103418.2,103440.0,124453936.71229962
2025-01-29 22:59:59.966000+00:00,2025-01-29 22:45:00+00:00,continuous,103440.0,103643.4,103377.0,103440.0,57016830.21930023
2025-01-29 23:14:59.842000+00:00,2025-01-29 23:00:00+00:00,continuous,103440.1,104080.0,103414.2,104070.9,177853272.6675001
2025-01-29 23:29:59.940000+00:00,2025-01-29 23:15:00+00:00,continuous,104070.9,104303.0,103911.2,104155.7,161533650.62579978
2025-01-29 23:44:59.895000+00:00,2025-01-29 23:30:00+00:00,continuous,104155.8,104160.1,103755.6,103780.9,84939040.81070012
2025-01-29 23:59:59.568000+00:00,2025-01-29 23:45:00+00:00,continuous,103780.9,103900.0,103602.4,103698.2,92340581.89129984
2025-01-30 00:14:59.925000+00:00,2025-01-30 00:00:00+00:00,continuous,103698.1,103769.1,103478.0,103526.8,144485351.8642999
2025-01-30 00:29:59.525000+00:00,2025-01-30 00:15:00+00:00,continuous,103526.8,103677.6,103438.9,103500.0,65729295.614900425
2025-01-30 00:44:59.823000+00:00,2025-01-30 00:30:00+00:00,continuous,103500.0,103750.0,103224.5,103584.6,163944740.7784997
2025-01-30 00:59:59.697000+00:00,2025-01-30 00:45:00+00:00,continuous,103584.6,104082.8,103556.3,103978.3,121289543.56900023
2025-01-30 01:14:59.920000+00:00,2025-01-30 01:00:00+00:00,continuous,103978.3,104121.7,103880.0,104121.6,82434102.80990039
2025-01-30 01:29:59.908000+00:00,2025-01-30 01:15:00+00:00,continuous,104121.6,104466.0,104089.3,104330.1,189940718.28479967
2025-01-30 01:44:59.991000+00:00,2025-01-30 01:30:00+00:00,continuous,104330.0,104533.3,104089.9,104296.6,179769702.00490016
2025-01-30 01:59:59.763000+00:00,2025-01-30 01:45:00+00:00,continuous,104296.5,104331.3,104127.3,104221.9,57033123.34059957
2025-01-30 02:14:59.954000+00:00,2025-01-30 02:00:00+00:00,continuous,104221.9,104240.6,103944.9,104085.2,104570872.98099953
2025-01-30 02:29:58.820000+00:00,2025-01-30 02:15:00+00:00,continuous,104085.3,104331.8,104004.5,104331.8,86295999.65400045
2025-01-30 02:44:59.728000+00:00,2025-01-30 02:30:00+00:00,continuous,104331.9,104577.6,104252.4,104363.6,158393044.0342003
2025-01-30 02:59:59.990000+00:00,2025-01-30 02:45:00+00:00,continuous,104363.6,104647.5,104278.1,104644.1,178654749.26240054
2025-01-30 03:14:59.749000+00:00,2025-01-30 03:00:00+00:00,continuous,104644.0,104709.0,104461.5,104677.7,155441806.60170013
2025-01-30 03:29:59.847000+00:00,2025-01-30 03:15:00+00:00,continuous,104677.7,104693.0,104500.0,104641.1,96190152.21159983
2025-01-30 03:44:59.829000+00:00,2025-01-30 03:30:00+00:00,continuous,104641.1,104900.0,104629.2,104858.4,209696797.84610042
2025-01-30 03:59:59.997000+00:00,2025-01-30 03:45:00+00:00,continuous,104858.4,105287.9,104826.9,105155.7,420644360.98809975
2025-01-30 04:14:59.833000+00:00,2025-01-30 04:00:00+00:00,continuous,105155.6,105256.9,104852.0,104924.8,190631103.040399
2025-01-30 04:29:59.808000+00:00,2025-01-30 04:15:00+00:00,continuous,104924.8,105137.6,104853.6,105041.6,126858868.68890108
2025-01-30 04:44:59.755000+00:00,2025-01-30 04:30:00+00:00,continuous,105041.5,105151.0,104800.0,105150.8,139074757.77349994
2025-01-30 04:59:59.932000+00:00,2025-01-30 04:45:00+00:00,continuous,105150.9,105564.5,105047.3,105432.3,275736841.6694021
2025-01-30 05:14:59.962000+00:00,2025-01-30 05:00:00+00:00,continuous,105432.4,105477.9,105189.3,105329.9,156697451.32429996
2025-01-30 05:29:59.937000+00:00,2025-01-30 05:15:00+00:00,continuous,105330.0,105450.0,105183.4,105270.6,167718496.31980023
2025-01-30 05:44:59.981000+00:00,2025-01-30 05:30:00+00:00,continuous,105270.7,105331.3,105078.7,105157.4,90528188.7846001
2025-01-30 05:59:59.718000+00:00,2025-01-30 05:45:00+00:00,continuous,105157.5,105343.1,104992.7,105343.1,158142635.15660086
2025-01-30 06:14:59.836000+00:00,2025-01-30 06:00:00+00:00,continuous,105343.1,105540.2,105304.8,105454.6,199590048.4050986
2025-01-30 06:29:59.797000+00:00,2025-01-30 06:15:00+00:00,continuous,105454.5,105458.3,105161.0,105163.9,73480154.77399984
2025-01-30 06:44:59.887000+00:00,2025-01-30 06:30:00+00:00,continuous,105164.0,105264.7,105118.3,105140.0,65782484.7460999
2025-01-30 06:59:59.192000+00:00,2025-01-30 06:45:00+00:00,continuous,105139.9,105209.9,105115.0,105140.1,54407500.49570009
2025-01-30 07:14:59.909000+00:00,2025-01-30 07:00:00+00:00,continuous,105140.1,105309.3,104795.2,104860.8,177563763.9048
2025-01-30 07:29:59.969000+00:00,2025-01-30 07:15:00+00:00,continuous,104860.9,105029.5,104855.0,104959.0,102174537.13259956
2025-01-30 07:44:59.631000+00:00,2025-01-30 07:30:00+00:00,continuous,104958.9,104970.8,104762.9,104874.8,228735506.99880102
2025-01-30 07:59:59.866000+00:00,2025-01-30 07:45:00+00:00,continuous,104874.7,105118.3,104829.9,105085.1,94244154.46030033
2025-01-30 08:14:59.699000+00:00,2025-01-30 08:00:00+00:00,continuous,105085.2,105294.2,104950.0,104959.9,134607176.36910003
2025-01-30 08:29:59.847000+00:00,2025-01-30 08:15:00+00:00,continuous,104959.8,105212.3,104879.3,105123.4,83308831.72549976
2025-01-30 08:44:59.886000+00:00,2025-01-30 08:30:00+00:00,continuous,105123.4,105159.5,104971.5,105078.4,52374382.72430013
2025-01-30 08:59:59.869000+00:00,2025-01-30 08:45:00+00:00,continuous,105078.4,105254.2,105010.0,105010.0,68083789.37250012
2025-01-30 09:14:58.958000+00:00,2025-01-30 09:00:00+00:00,continuous,105010.0,105183.4,104972.3,105146.3,59914194.91309992
2025-01-30 09:29:59.824000+00:00,2025-01-30 09:15:00+00:00,continuous,105146.3,105255.5,105118.2,105247.5,57510554.57510004
2025-01-30 09:44:59.665000+00:00,2025-01-30 09:30:00+00:00,continuous,105247.5,105473.2,105236.9,105397.1,142082265.99440038
2025-01-30 09:59:59.863000+00:00,2025-01-30 09:45:00+00:00,continuous,105397.1,105514.2,105320.0,105369.2,132481382.44739977
2025-01-30 10:14:59.736000+00:00,2025-01-30 10:00:00+00:00,continuous,105369.1,105369.2,105059.3,105156.9,172558452.21309996
2025-01-30 10:29:59.728000+00:00,2025-01-30 10:15:00+00:00,continuous,105156.9,105218.0,105081.4,105204.8,59183696.47280011
2025-01-30 10:44:59.842000+00:00,2025-01-30 10:30:00+00:00,continuous,105204.8,105267.8,105128.7,105176.9,35877359.143600054
2025-01-30 10:59:59.193000+00:00,2025-01-30 10:45:00+00:00,continuous,105176.9,105321.8,105143.9,105298.7,37470606.982600026
2025-01-30 11:14:59.659000+00:00,2025-01-30 11:00:00+00:00,continuous,105298.7,105298.8,105029.1,105102.2,69236606.46420036
2025-01-30 11:29:59.922000+00:00,2025-01-30 11:15:00+00:00,continuous,105102.2,105194.7,105024.3,105086.4,40487969.77639988
2025-01-30 11:44:59.675000+00:00,2025-01-30 11:30:00+00:00,continuous,105086.4,105318.2,105059.5,105216.5,61322630.2580996
2025-01-30 11:59:59.465000+00:00,2025-01-30 11:45:00+00:00,continuous,105216.5,105357.1,105160.0,105251.9,86383636.13779972
2025-01-30 12:14:59.611000+00:00,2025-01-30 12:00:00+00:00,continuous,105251.9,105279.4,105071.0,105081.2,59001631.00819996
2025-01-30 12:29:59.990000+00:00,2025-01-30 12:15:00+00:00,continuous,105081.3,105103.0,104956.0,105005.1,82946310.90140027
2025-01-30 12:44:59.912000+00:00,2025-01-30 12:30:00+00:00,continuous,105005.1,105072.3,104833.3,104856.4,100285509.4245998
2025-01-30 12:59:59.634000+00:00,2025-01-30 12:45:00+00:00,continuous,104856.3,105056.4,104813.8,104976.4,96746943.08829997
2025-01-30 13:14:59.813000+00:00,2025-01-30 13:00:00+00:00,continuous,104976.3,105081.0,104874.7,105039.3,69849632.45219988
2025-01-30 13:29:59.941000+00:00,2025-01-30 13:15:00+00:00,continuous,105039.3,105329.7,105029.5,105223.0,166740317.96070027
2025-01-30 13:44:59.981000+00:00,2025-01-30 13:30:00+00:00,continuous,105223.0,105299.8,104870.0,105000.2,202433319.98220086
2025-01-30 13:59:59.851000+00:00,2025-01-30 13:45:00+00:00,continuous,105000.1,105010.1,104787.2,104835.0,127025621.80340064
2025-01-30 14:14:59.987000+00:00,2025-01-30 14:00:00+00:00,continuous,104835.0,104992.5,104607.2,104785.4,273185988.61909866
2025-01-30 14:29:59.764000+00:00,2025-01-30 14:15:00+00:00,continuous,104785.5,104947.1,104688.0,104871.3,169032367.22949997
2025-01-30 14:44:59.941000+00:00,2025-01-30 14:30:00+00:00,continuous,104871.2,105184.9,104724.1,105105.3,271510322.36499923
2025-01-30 14:59:59.950000+00:00,2025-01-30 14:45:00+00:00,continuous,105105.2,106294.7,105101.7,105879.8,1259579366.149373
2025-01-30 15:14:59.838000+00:00,2025-01-30 15:00:00+00:00,continuous,105879.8,106450.0,105720.0,106169.9,552667956.7987977
2025-01-30 15:29:59.986000+00:00,2025-01-30 15:15:00+00:00,continuous,106169.8,106185.7,105333.0,105454.9,436168787.6305018
2025-01-30 15:44:59.767000+00:00,2025-01-30 15:30:00+00:00,continuous,105454.9,105952.0,105400.0,105765.7,245813760.28749776
2025-01-30 15:59:59.934000+00:00,2025-01-30 15:45:00+00:00,continuous,105765.6,106124.2,105450.0,105519.4,291588121.523402
2025-01-30 16:14:59.932000+00:00,2025-01-30 16:00:00+00:00,continuous,105519.4,105800.0,105402.3,105571.7,148923041.4497992
2025-01-30 16:29:59.930000+00:00,2025-01-30 16:15:00+00:00,continuous,105571.8,105959.1,105491.4,105887.2,142137448.5257999
2025-01-30 16:44:59.636000+00:00,2025-01-30 16:30:00+00:00,continuous,105887.1,105960.0,105642.1,105743.9,116206784.55199946
2025-01-30 16:59:59.786000+00:00,2025-01-30 16:45:00+00:00,continuous,105743.8,105797.1,105569.2,105657.3,75855992.82299972
2025-01-30 17:14:59.757000+00:00,2025-01-30 17:00:00+00:00,continuous,105657.4,105657.4,105222.2,105295.7,206404199.6618998
2025-01-30 17:29:59.994000+00:00,2025-01-30 17:15:00+00:00,continuous,105295.6,105420.5,105056.4,105083.8,156504622.3801006
2025-01-30 17:44:59.800000+00:00,2025-01-30 17:30:00+00:00,continuous,105084.1,105175.6,104850.0,104976.3,314884100.8853013
2025-01-30 17:59:59.941000+00:00,2025-01-30 17:45:00+00:00,continuous,104976.2,105290.5,104976.2,105240.1,107129635.38040002
2025-01-30 18:14:59.558000+00:00,2025-01-30 18:00:00+00:00,continuous,105240.1,105290.3,105096.8,105160.4,117458366.42820024
2025-01-30 18:29:59.806000+00:00,2025-01-30 18:15:00+00:00,continuous,105160.4,105200.0,104704.1,104863.4,203408464.57600066
2025-01-30 18:44:59.958000+00:00,2025-01-30 18:30:00+00:00,continuous,104863.4,105452.8,104831.4,105335.1,194084773.55789885
2025-01-30 18:59:59.641000+00:00,2025-01-30 18:45:00+00:00,continuous,105334.0,105537.6,105275.0,105523.4,139058627.03859976
2025-01-30 19:14:59.877000+00:00,2025-01-30 19:00:00+00:00,continuous,105523.4,105581.9,105397.4,105419.4,101345711.10179919
2025-01-30 19:29:59.787000+00:00,2025-01-30 19:15:00+00:00,continuous,105419.3,105451.4,105170.5,105358.4,92831797.0842
2025-01-30 19:44:59.916000+00:00,2025-01-30 19:30:00+00:00,continuous,105358.3,105435.6,105194.2,105435.5,73238125.76400027
2025-01-30 19:59:59.762000+00:00,2025-01-30 19:45:00+00:00,continuous,105435.5,105732.7,105350.5,105659.8,115972459.54120007
2025-01-30 20:14:59.969000+00:00,2025-01-30 20:00:00+00:00,continuous,105659.9,105756.4,105593.4,105713.3,130841020.51269986
2025-01-30 20:29:59.751000+00:00,2025-01-30 20:15:00+00:00,continuous,105713.3,105767.1,105580.0,105595.7,108884968.8258
2025-01-30 20:44:59.859000+00:00,2025-01-30 20:30:00+00:00,continuous,105595.7,105622.9,104823.6,104838.1,384196036.85109836
2025-01-30 20:59:59.995000+00:00,2025-01-30 20:45:00+00:00,continuous,104838.1,105219.6,104768.0,104836.2,292859892.50689876
2025-01-30 21:14:59.901000+00:00,2025-01-30 21:00:00+00:00,continuous,104836.3,104991.8,104737.0,104919.9,137846014.54420063
2025-01-30 21:29:59.713000+00:00,2025-01-30 21:15:00+00:00,continuous,104920.0,105150.0,104905.8,104960.2,73641366.09260015
2025-01-30 21:44:59.956000+00:00,2025-01-30 21:30:00+00:00,continuous,104960.0,105165.8,104864.2,105076.4,67143515.14040002
2025-01-30 21:59:59.875000+00:00,2025-01-30 21:45:00+00:00,continuous,105075.7,105112.4,104934.1,104996.4,45859829.52770006
2025-01-30 22:14:59.782000+00:00,2025-01-30 22:00:00+00:00,continuous,104996.4,105061.0,104923.0,105051.4,37853096.04029999
2025-01-30 22:29:59.074000+00:00,2025-01-30 22:15:00+00:00,continuous,105051.4,105085.2,105013.9,105037.8,14491343.547199963
2025-01-30 22:44:59.845000+00:00,2025-01-30 22:30:00+00:00,continuous,105037.8,105300.5,105037.7,105254.6,40411152.48120001
2025-01-30 22:59:58.950000+00:00,2025-01-30 22:45:00+00:00,continuous,105254.7,105254.7,105023.6,105041.9,44142353.032899976
2025-01-30 23:14:58.907000+00:00,2025-01-30 23:00:00+00:00,continuous,105041.9,105204.5,104997.7,105029.7,56909014.253399774
2025-01-30 23:29:59.901000+00:00,2025-01-30 23:15:00+00:00,continuous,105029.7,105213.5,105025.0,105148.7,49070855.726399936
2025-01-30 23:44:59.963000+00:00,2025-01-30 23:30:00+00:00,continuous,105148.8,105159.7,104933.2,104933.2,50820687.12279977
2025-01-30 23:59:59.876000+00:00,2025-01-30 23:45:00+00:00,continuous,104933.3,104933.3,104628.3,104676.9,149228493.82820016
2025-01-31 00:14:59.929000+00:00,2025-01-31 00:00:00+00:00,continuous,104676.9,104805.7,104502.0,104525.5,198734468.70079994
2025-01-31 00:29:59.946000+00:00,2025-01-31 00:15:00+00:00,continuous,104525.5,104792.4,104356.1,104708.5,246020737.0755995
2025-01-31 00:44:59.643000+00:00,2025-01-31 00:30:00+00:00,continuous,104708.4,104865.0,104618.7,104818.0,69894376.82529995
2025-01-31 00:59:59.782000+00:00,2025-01-31 00:45:00+00:00,continuous,104818.0,104982.2,104774.5,104844.6,75591691.90470016
2025-01-31 01:14:59.422000+00:00,2025-01-31 01:00:00+00:00,continuous,104844.6,104871.3,104641.0,104701.5,83129324.59980017
2025-01-31 01:29:59.910000+00:00,2025-01-31 01:15:00+00:00,continuous,104701.5,104719.9,104362.0,104462.5,124618425.77770013
2025-01-31 01:44:59.553000+00:00,2025-01-31 01:30:00+00:00,continuous,104462.6,104670.0,104462.5,104609.0,68170469.78489985
2025-01-31 01:59:59.551000+00:00,2025-01-31 01:45:00+00:00,continuous,104609.1,104734.3,104493.1,104693.3,53122014.232799806
2025-01-31 02:14:59.552000+00:00,2025-01-31 02:00:00+00:00,continuous,104693.4,104820.0,104658.8,104675.1,58856497.86679999
2025-01-31 02:29:59.940000+00:00,2025-01-31 02:15:00+00:00,continuous,104675.1,104697.6,104284.2,104325.1,120260129.34249976
2025-01-31 02:44:59.896000+00:00,2025-01-31 02:30:00+00:00,continuous,104325.1,104461.5,104204.5,104368.1,141570249.31419975
2025-01-31 02:59:59.989000+00:00,2025-01-31 02:45:00+00:00,continuous,104368.1,104446.9,104300.0,104300.1,87448519.77549984
2025-01-31 03:14:59.402000+00:00,2025-01-31 03:00:00+00:00,continuous,104300.0,104300.1,103967.0,104179.5,356578157.5250983
2025-01-31 03:29:59.520000+00:00,2025-01-31 03:15:00+00:00,continuous,104179.6,104193.7,103880.0,104075.8,161108031.0527006
2025-01-31 03:44:59.937000+00:00,2025-01-31 03:30:00+00:00,continuous,104075.9,104200.0,103954.8,104148.1,99696930.76600002
2025-01-31 03:59:59.808000+00:00,2025-01-31 03:45:00+00:00,continuous,104148.0,104346.1,104148.0,104286.7,100841537.26139961
2025-01-31 04:14:59.256000+00:00,2025-01-31 04:00:00+00:00,continuous,104286.6,104328.4,104233.7,104280.0,45259195.837600134
2025-01-31 04:29:59.751000+00:00,2025-01-31 04:15:00+00:00,continuous,104279.9,104522.7,104124.2,104458.9,97692639.86870036
2025-01-31 04:44:59.764000+00:00,2025-01-31 04:30:00+00:00,continuous,104458.9,104484.1,104165.4,104200.1,92644439.649
2025-01-31 04:59:59.698000+00:00,2025-01-31 04:45:00+00:00,continuous,104200.0,104208.5,103926.4,103977.7,137578465.12909988
2025-01-31 05:14:59.991000+00:00,2025-01-31 05:00:00+00:00,continuous,103977.8,104430.0,103970.7,104340.3,142341495.4654003
2025-01-31 05:29:59.525000+00:00,2025-01-31 05:15:00+00:00,continuous,104340.4,104450.0,104340.3,104373.9,55372030.11280012
2025-01-31 05:44:59.585000+00:00,2025-01-31 05:30:00+00:00,continuous,104373.8,104408.1,104284.0,104299.9,39961065.912100114
2025-01-31 05:59:59.802000+00:00,2025-01-31 05:45:00+00:00,continuous,104300.0,104327.6,104207.1,104274.8,48125227.85900003
2025-01-31 06:14:59.722000+00:00,2025-01-31 06:00:00+00:00,continuous,104274.7,104471.3,104250.6,104398.0,82553465.39490013
2025-01-31 06:29:59.584000+00:00,2025-01-31 06:15:00+00:00,continuous,104398.0,104516.6,104388.0,104500.0,40762374.9489999
2025-01-31 06:44:59.980000+00:00,2025-01-31 06:30:00+00:00,continuous,104500.0,104593.7,104480.5,104565.1,77738270.17579952
2025-01-31 06:59:59.886000+00:00,2025-01-31 06:45:00+00:00,continuous,104565.0,104710.0,104460.0,104468.1,123941975.9192999
2025-01-31 07:14:59.928000+00:00,2025-01-31 07:00:00+00:00,continuous,104468.1,104594.7,104426.8,104572.3,58703143.00649988
2025-01-31 07:29:59.525000+00:00,2025-01-31 07:15:00+00:00,continuous,104572.3,104776.4,104572.3,104630.0,100551746.91290018
2025-01-31 07:44:59.950000+00:00,2025-01-31 07:30:00+00:00,continuous,104630.0,104630.1,104222.0,104254.9,213929322.60270008
2025-01-31 07:59:59.957000+00:00,2025-01-31 07:45:00+00:00,continuous,104254.8,104254.8,103982.3,104160.1,238141992.82359886
2025-01-31 08:14:59.805000+00:00,2025-01-31 08:00:00+00:00,continuous,104160.0,104290.9,104071.0,104071.6,143947548.40579963
2025-01-31 08:29:59.987000+00:00,2025-01-31 08:15:00+00:00,continuous,104071.6,104330.4,103982.9,104036.4,179371848.78579998
2025-01-31 08:44:59.353000+00:00,2025-01-31 08:30:00+00:00,continuous,104036.5,104221.9,103992.0,104201.7,64757383.0370004
2025-01-31 08:59:59.966000+00:00,2025-01-31 08:45:00+00:00,continuous,104201.6,104201.7,103984.9,103990.1,69025486.92119993
2025-01-31 09:14:59.892000+00:00,2025-01-31 09:00:00+00:00,continuous,103990.2,104100.0,103911.2,103918.5,89029912.05770043
2025-01-31 09:29:58.839000+00:00,2025-01-31 09:15:00+00:00,continuous,103918.6,104195.2,103888.6,104150.9,92139541.19320005
2025-01-31 09:44:59.808000+00:00,2025-01-31 09:30:00+00:00,continuous,104150.9,104299.7,104103.9,104138.9,86977375.63970008
2025-01-31 09:59:59.698000+00:00,2025-01-31 09:45:00+00:00,continuous,104138.8,104231.3,104078.9,104221.9,47595372.9278999
2025-01-31 10:14:59.009000+00:00,2025-01-31 10:00:00+00:00,continuous,104221.9,104275.2,104164.5,104206.6,41704277.84890005
2025-01-31 10:29:59.856000+00:00,2025-01-31 10:15:00+00:00,continuous,104206.6,104272.5,104037.9,104123.1,38270606.63359999
2025-01-31 10:44:59.961000+00:00,2025-01-31 10:30:00+00:00,continuous,104123.1,104267.9,104067.4,104267.9,34227217.95789995
2025-01-31 10:59:59.983000+00:00,2025-01-31 10:45:00+00:00,continuous,104267.8,104408.2,104230.8,104249.0,82988074.19780004
2025-01-31 11:14:59.852000+00:00,2025-01-31 11:00:00+00:00,continuous,104249.1,104713.1,104249.0,104700.0,200364135.00299996
2025-01-31 11:29:59.962000+00:00,2025-01-31 11:15:00+00:00,continuous,104700.0,104821.8,104558.5,104786.3,176509222.0678997
2025-01-31 11:44:59.926000+00:00,2025-01-31 11:30:00+00:00,continuous,104786.4,104786.4,104582.9,104691.4,97293309.23730081
2025-01-31 11:59:59.948000+00:00,2025-01-31 11:45:00+00:00,continuous,104691.4,104791.1,104500.0,104691.9,98520159.2186999
2025-01-31 12:14:59.902000+00:00,2025-01-31 12:00:00+00:00,continuous,104692.0,104710.0,104556.0,104640.3,94911734.47640012
2025-01-31 12:29:59.964000+00:00,2025-01-31 12:15:00+00:00,continuous,104640.3,104890.0,104621.3,104665.9,134202089.14339955
2025-01-31 12:44:59.045000+00:00,2025-01-31 12:30:00+00:00,continuous,104665.8,104689.0,104492.2,104584.8,142542010.8464998
2025-01-31 12:59:59.646000+00:00,2025-01-31 12:45:00+00:00,continuous,104584.8,104737.6,104584.7,104665.3,45237826.43069999
2025-01-31 13:14:59.905000+00:00,2025-01-31 13:00:00+00:00,continuous,104665.2,104989.6,104665.2,104842.6,174487167.2987999
2025-01-31 13:29:58.796000+00:00,2025-01-31 13:15:00+00:00,continuous,104842.5,104916.6,104709.5,104827.1,94312340.57280006
2025-01-31 13:44:59.439000+00:00,2025-01-31 13:30:00+00:00,continuous,104827.1,104910.7,104514.5,104590.1,185334118.55240107
2025-01-31 13:59:59.886000+00:00,2025-01-31 13:45:00+00:00,continuous,104590.1,104692.3,104510.7,104631.6,75429878.50240012
2025-01-31 14:14:59.825000+00:00,2025-01-31 14:00:00+00:00,continuous,104631.6,104727.6,104502.0,104612.0,92821882.03599972
2025-01-31 14:29:59.687000+00:00,2025-01-31 14:15:00+00:00,continuous,104612.0,104720.0,104400.0,104681.2,120216946.27980071
2025-01-31 14:44:59.418000+00:00,2025-01-31 14:30:00+00:00,continuous,104681.1,104824.6,104101.1,104441.4,364992050.9721025
2025-01-31 14:59:59.997000+00:00,2025-01-31 14:45:00+00:00,continuous,104441.4,104483.9,104050.0,104407.5,179270159.29109913
2025-01-31 15:14:59.674000+00:00,2025-01-31 15:00:00+00:00,continuous,104408.2,104950.0,104408.1,104819.9,292219179.8928981
2025-01-31 15:29:59.954000+00:00,2025-01-31 15:15:00+00:00,continuous,104820.0,105180.7,104502.7,105117.8,438005572.99730027
2025-01-31 15:44:59.996000+00:00,2025-01-31 15:30:00+00:00,continuous,105117.8,105820.0,105057.8,105604.9,790937885.7257125
2025-01-31 15:59:59.926000+00:00,2025-01-31 15:45:00+00:00,continuous,105604.8,106000.0,105353.4,105407.0,588597401.8098012
2025-01-31 16:14:59.836000+00:00,2025-01-31 16:00:00+00:00,continuous,105406.9,105537.0,105082.8,105201.8,316859080.0962983
2025-01-31 16:29:59.858000+00:00,2025-01-31 16:15:00+00:00,continuous,105201.8,105294.0,104653.1,104766.4,351713309.0505017
2025-01-31 16:44:59.691000+00:00,2025-01-31 16:30:00+00:00,continuous,104766.3,105061.3,104750.0,104947.2,250608101.88100123
2025-01-31 16:59:59.866000+00:00,2025-01-31 16:45:00+00:00,continuous,104947.2,105069.5,104942.6,105041.6,133865802.26109987
2025-01-31 17:14:59.967000+00:00,2025-01-31 17:00:00+00:00,continuous,105041.5,105051.2,104450.0,104789.2,296353837.60789955
2025-01-31 17:29:59.986000+00:00,2025-01-31 17:15:00+00:00,continuous,104789.2,104974.2,104654.0,104974.2,96739524.95119981
2025-01-31 17:44:59.642000+00:00,2025-01-31 17:30:00+00:00,continuous,104974.3,104997.7,104591.7,104727.1,88821164.96040024
2025-01-31 17:59:59.960000+00:00,2025-01-31 17:45:00+00:00,continuous,104727.1,104795.9,104538.0,104538.9,71091727.3083999
2025-01-31 18:14:59.855000+00:00,2025-01-31 18:00:00+00:00,continuous,104538.9,104734.9,104450.1,104734.0,119352511.50240077
2025-01-31 18:29:59.950000+00:00,2025-01-31 18:15:00+00:00,continuous,104734.1,104786.8,103900.0,103967.1,499125361.97749954
2025-01-31 18:44:59.931000+00:00,2025-01-31 18:30:00+00:00,continuous,103967.0,103967.1,103009.0,103061.8,948267626.1262151
2025-01-31 18:59:59.975000+00:00,2025-01-31 18:45:00+00:00,continuous,103061.8,103152.7,102562.1,102600.1,833022987.7830074
2025-01-31 19:14:59.738000+00:00,2025-01-31 19:00:00+00:00,continuous,102600.0,102979.0,102451.1,102634.4,556564813.6003088
2025-01-31 19:29:59.796000+00:00,2025-01-31 19:15:00+00:00,continuous,102634.4,102929.7,102116.7,102475.4,495334489.75230175
2025-01-31 19:44:59.991000+00:00,2025-01-31 19:30:00+00:00,continuous,102475.4,102627.0,102219.1,102306.4,229887445.5871997
2025-01-31 19:59:59.873000+00:00,2025-01-31 19:45:00+00:00,continuous,102306.5,102486.4,102100.0,102275.8,317904141.9848977
2025-01-31 20:14:59.906000+00:00,2025-01-31 20:00:00+00:00,continuous,102275.7,102275.7,102012.0,102079.1,299458745.70790184
2025-01-31 20:29:59.962000+00:00,2025-01-31 20:15:00+00:00,continuous,102079.1,102233.3,101640.5,101913.3,467690863.5638991
2025-01-31 20:44:59.761000+00:00,2025-01-31 20:30:00+00:00,continuous,101913.2,102300.0,101714.2,101816.8,489747635.12850153
2025-01-31 20:59:59.910000+00:00,2025-01-31 20:45:00+00:00,continuous,101816.7,102041.4,101562.1,101647.5,482602651.5642011
2025-01-31 21:14:59.744000+00:00,2025-01-31 21:00:00+00:00,continuous,101647.5,101919.0,101563.4,101613.1,236030455.1188992
2025-01-31 21:29:59.866000+00:00,2025-01-31 21:15:00+00:00,continuous,101613.1,101845.8,101564.1,101580.1,166118186.28779975
2025-01-31 21:44:59.698000+00:00,2025-01-31 21:30:00+00:00,continuous,101580.1,101921.3,101509.0,101847.4,160080864.00959975
2025-01-31 21:59:59.949000+00:00,2025-01-31 21:45:00+00:00,continuous,101847.6,102111.0,101737.1,102099.9,205098227.53830007
2025-01-31 22:14:59.994000+00:00,2025-01-31 22:00:00+00:00,continuous,102100.0,102191.3,101867.7,101948.8,120028659.91739969
2025-01-31 22:29:59.914000+00:00,2025-01-31 22:15:00+00:00,continuous,101948.7,102317.3,101900.9,102307.1,91157738.9768998
2025-01-31 22:44:59.844000+00:00,2025-01-31 22:30:00+00:00,continuous,102307.0,102443.9,102193.5,102425.2,156086189.8741997
2025-01-31 22:59:59.855000+00:00,2025-01-31 22:45:00+00:00,continuous,102425.7,102443.9,102002.1,102212.9,117543405.24549952
2025-01-31 23:14:59.701000+00:00,2025-01-31 23:00:00+00:00,continuous,102212.8,102212.9,101900.5,102096.7,114774339.98460054
2025-01-31 23:29:59.950000+00:00,2025-01-31 23:15:00+00:00,continuous,102096.7,102235.4,102065.0,102235.4,50223147.132999994
2025-01-31 23:44:59.524000+00:00,2025-01-31 23:30:00+00:00,continuous,102235.6,102249.1,102047.3,102249.0,54994436.47840018
