timestamp,minute_start,session_id,open,high,low,close,volume
2025-08-01 00:14:59.915000+00:00,2025-08-01 00:00:00+00:00,continuous,115697.3,115772.6,115244.3,115248.3,358233960.5770991
2025-08-01 00:29:59.981000+00:00,2025-08-01 00:15:00+00:00,continuous,115248.2,115877.8,115248.2,115734.9,372214285.6451998
2025-08-01 00:44:59.893000+00:00,2025-08-01 00:30:00+00:00,continuous,115734.8,115734.8,115358.6,115450.0,163937948.70960018
2025-08-01 00:59:59.992000+00:00,2025-08-01 00:45:00+00:00,continuous,115450.1,115458.8,114239.0,115366.9,1579330514.6181676
2025-08-01 01:14:59.892000+00:00,2025-08-01 01:00:00+00:00,continuous,115366.9,115547.2,114525.0,114584.9,537979615.2077041
2025-08-01 01:29:59.997000+00:00,2025-08-01 01:15:00+00:00,continuous,114584.9,115215.5,114575.7,115130.7,404598941.8764019
2025-08-01 01:44:59.877000+00:00,2025-08-01 01:30:00+00:00,continuous,115130.7,115365.7,114926.4,115235.2,234993976.8598009
2025-08-01 01:59:59.993000+00:00,2025-08-01 01:45:00+00:00,continuous,115235.3,115363.0,115004.4,115270.2,179311566.2418993
2025-08-01 02:14:59.911000+00:00,2025-08-01 02:00:00+00:00,continuous,115270.0,115548.0,115159.6,115535.1,162744562.03299978
2025-08-01 02:29:59.981000+00:00,2025-08-01 02:15:00+00:00,continuous,115535.0,115756.4,115460.0,115563.8,215362182.80509943
2025-08-01 02:44:59.682000+00:00,2025-08-01 02:30:00+00:00,continuous,115563.9,115955.0,115512.2,115829.1,190743429.84600106
2025-08-01 02:59:59.706000+00:00,2025-08-01 02:45:00+00:00,continuous,115829.0,115958.1,115780.6,115908.8,108184329.14089966
2025-08-01 03:14:59.962000+00:00,2025-08-01 03:00:00+00:00,continuous,115908.7,115939.8,115730.0,115751.4,102097556.42290072
2025-08-01 03:29:59.872000+00:00,2025-08-01 03:15:00+00:00,continuous,115751.3,116000.0,115751.3,115963.6,109072704.11629999
2025-08-01 03:44:59.743000+00:00,2025-08-01 03:30:00+00:00,continuous,115963.5,115975.2,115766.6,115784.0,78763854.93220028
2025-08-01 03:59:59.834000+00:00,2025-08-01 03:45:00+00:00,continuous,115783.9,115836.2,115557.0,115595.7,111140176.90569942
2025-08-01 04:14:59.932000+00:00,2025-08-01 04:00:00+00:00,continuous,115595.6,115595.7,115208.7,115356.2,175684076.61609936
2025-08-01 04:29:59.934000+00:00,2025-08-01 04:15:00+00:00,continuous,115356.3,115505.1,115330.8,115463.5,92906944.67760009
2025-08-01 04:44:59.772000+00:00,2025-08-01 04:30:00+00:00,continuous,115463.4,115574.8,115399.9,115528.2,73080221.0658
2025-08-01 04:59:59.681000+00:00,2025-08-01 04:45:00+00:00,continuous,115528.2,115658.0,115423.5,115648.3,92831647.65829968
2025-08-01 05:14:59.113000+00:00,2025-08-01 05:00:00+00:00,continuous,115648.4,115873.4,115600.0,115791.5,123993416.91650021
2025-08-01 05:29:58.638000+00:00,2025-08-01 05:15:00+00:00,continuous,115791.5,115791.5,115417.1,115537.2,93670778.85719998
2025-08-01 05:44:59.962000+00:00,2025-08-01 05:30:00+00:00,continuous,115537.2,115700.0,115375.4,115442.7,89632906.76710032
2025-08-01 05:59:59.743000+00:00,2025-08-01 05:45:00+00:00,continuous,115442.7,115604.3,115313.3,115511.4,85634791.65939997
2025-08-01 06:14:59.927000+00:00,2025-08-01 06:00:00+00:00,continuous,115511.4,115600.0,115340.9,115370.0,80539749.3341
2025-08-01 06:29:59.765000+00:00,2025-08-01 06:15:00+00:00,continuous,115370.1,115437.9,115170.0,115199.0,112137698.04880005
2025-08-01 06:44:59.946000+00:00,2025-08-01 06:30:00+00:00,continuous,115199.0,115279.9,115022.5,115028.0,247819067.8826999
2025-08-01 06:59:59.002000+00:00,2025-08-01 06:45:00+00:00,continuous,115028.0,115163.4,115017.3,115112.8,129902192.2634999
2025-08-01 07:14:59.818000+00:00,2025-08-01 07:00:00+00:00,continuous,115112.9,115257.6,114820.0,114936.7,214519433.78469872
2025-08-01 07:29:59.803000+00:00,2025-08-01 07:15:00+00:00,continuous,114936.7,115095.7,114800.0,114800.1,202311774.39909917
2025-08-01 07:44:59.849000+00:00,2025-08-01 07:30:00+00:00,continuous,114800.1,114844.8,114579.5,114711.2,363415864.3888002
2025-08-01 07:59:59.757000+00:00,2025-08-01 07:45:00+00:00,continuous,114711.2,115056.5,114677.0,115015.1,264830291.5014
2025-08-01 08:14:59.831000+00:00,2025-08-01 08:00:00+00:00,continuous,115015.1,115015.1,114351.0,114616.8,341620173.88469946
2025-08-01 08:29:59.837000+00:00,2025-08-01 08:15:00+00:00,continuous,114616.9,114718.8,114300.0,114376.7,299540506.2941983
2025-08-01 08:44:59.830000+00:00,2025-08-01 08:30:00+00:00,continuous,114376.7,114592.8,114055.6,114541.3,419182018.8921994
2025-08-01 08:59:59.943000+00:00,2025-08-01 08:45:00+00:00,continuous,114541.3,114737.3,114513.3,114552.3,211185718.39270002
2025-08-01 09:14:59.395000+00:00,2025-08-01 09:00:00+00:00,continuous,114552.3,115067.7,114495.9,114938.4,323427597.49429697
2025-08-01 09:29:59.929000+00:00,2025-08-01 09:15:00+00:00,continuous,114938.4,115251.8,114911.2,115251.7,209425667.5830996
2025-08-01 09:44:59.501000+00:00,2025-08-01 09:30:00+00:00,continuous,115251.8,115291.1,115066.0,115144.7,129467886.4542994
2025-08-01 09:59:59.794000+00:00,2025-08-01 09:45:00+00:00,continuous,115144.7,115144.7,114874.4,114890.3,117382213.63740006
2025-08-01 10:14:59.886000+00:00,2025-08-01 10:00:00+00:00,continuous,114890.4,115103.8,114822.0,115103.7,94016872.56009977
2025-08-01 10:29:59.931000+00:00,2025-08-01 10:15:00+00:00,continuous,115103.7,115153.6,114947.0,114947.3,92055475.53049976
2025-08-01 10:44:59.928000+00:00,2025-08-01 10:30:00+00:00,continuous,114947.4,114972.6,114718.1,114871.6,187392554.7905994
2025-08-01 10:59:59.938000+00:00,2025-08-01 10:45:00+00:00,continuous,114871.6,114970.5,114633.1,114697.7,134278581.11369938
2025-08-01 11:14:59.951000+00:00,2025-08-01 11:00:00+00:00,continuous,114697.8,114936.1,114543.2,114935.5,172817876.92010018
2025-08-01 11:29:59.933000+00:00,2025-08-01 11:15:00+00:00,continuous,114935.6,115020.8,114739.0,115019.8,90302322.52470027
2025-08-01 11:44:59.880000+00:00,2025-08-01 11:30:00+00:00,continuous,115019.7,115186.2,115000.7,115114.9,97129271.06940006
2025-08-01 11:59:59.959000+00:00,2025-08-01 11:45:00+00:00,continuous,115114.8,115282.6,115097.4,115246.6,132254503.83640057
2025-08-01 12:14:59.868000+00:00,2025-08-01 12:00:00+00:00,continuous,115246.5,115469.3,115197.3,115441.2,198185320.4345003
2025-08-01 12:29:59.928000+00:00,2025-08-01 12:15:00+00:00,continuous,115441.2,115441.2,115160.8,115406.7,104297177.20519972
2025-08-01 12:44:59.971000+00:00,2025-08-01 12:30:00+00:00,continuous,115406.8,115839.4,115083.7,115818.6,636493912.9256984
2025-08-01 12:59:59.844000+00:00,2025-08-01 12:45:00+00:00,continuous,115818.6,115886.0,115588.0,115674.9,263610973.86689904
2025-08-01 13:14:59.900000+00:00,2025-08-01 13:00:00+00:00,continuous,115674.9,115956.0,115641.3,115720.0,207317750.09490103
2025-08-01 13:29:59.622000+00:00,2025-08-01 13:15:00+00:00,continuous,115720.0,115859.0,115470.5,115617.7,218739651.16680038
2025-08-01 13:44:59.955000+00:00,2025-08-01 13:30:00+00:00,continuous,115617.7,115623.3,114923.7,114932.7,484910443.7777965
2025-08-01 13:59:59.982000+00:00,2025-08-01 13:45:00+00:00,continuous,114932.7,114959.8,114121.0,114304.7,855343608.997398
2025-08-01 14:14:59.971000+00:00,2025-08-01 14:00:00+00:00,continuous,114304.6,115254.0,113871.1,115000.0,941556604.6867937
2025-08-01 14:29:59.830000+00:00,2025-08-01 14:15:00+00:00,continuous,115000.0,115711.0,114870.3,115700.9,494704638.7762016
2025-08-01 14:44:59.998000+00:00,2025-08-01 14:30:00+00:00,continuous,115700.9,115782.5,115314.0,115384.6,445046211.18249816
2025-08-01 14:59:59.931000+00:00,2025-08-01 14:45:00+00:00,continuous,115384.5,115715.8,115321.0,115568.7,353361330.40669966
2025-08-01 15:14:59.948000+00:00,2025-08-01 15:00:00+00:00,continuous,115568.7,115597.4,114987.4,115080.6,300871958.80579877
2025-08-01 15:29:59.884000+00:00,2025-08-01 15:15:00+00:00,continuous,115080.6,115160.2,114625.9,114751.1,354658488.7833992
2025-08-01 15:44:59.815000+00:00,2025-08-01 15:30:00+00:00,continuous,114752.1,115187.3,114631.3,115187.3,229663041.5595999
2025-08-01 15:59:59.924000+00:00,2025-08-01 15:45:00+00:00,continuous,115187.2,115460.1,115100.0,115305.3,221374767.9443002
2025-08-01 16:14:59.806000+00:00,2025-08-01 16:00:00+00:00,continuous,115305.3,115656.8,115251.3,115586.2,201018562.62549993
2025-08-01 16:29:59.371000+00:00,2025-08-01 16:15:00+00:00,continuous,115586.2,115649.0,115429.0,115545.9,179431495.6068989
2025-08-01 16:44:59.943000+00:00,2025-08-01 16:30:00+00:00,continuous,115545.8,115545.8,114957.4,115370.6,252792409.63320044
2025-08-01 16:59:59.766000+00:00,2025-08-01 16:45:00+00:00,continuous,115370.6,115480.1,114769.2,114962.2,347076789.9123988
2025-08-01 17:14:59.976000+00:00,2025-08-01 17:00:00+00:00,continuous,114962.2,115002.8,114456.0,114545.1,343981149.83060163
2025-08-01 17:29:59.795000+00:00,2025-08-01 17:15:00+00:00,continuous,114545.0,114768.5,114453.0,114620.4,181813077.44970033
2025-08-01 17:44:59.905000+00:00,2025-08-01 17:30:00+00:00,continuous,114620.5,115060.9,114347.3,114403.9,305377066.8109985
2025-08-01 17:59:59.928000+00:00,2025-08-01 17:45:00+00:00,continuous,114403.9,114583.0,114300.0,114387.3,163036414.1801997
2025-08-01 18:14:59.935000+00:00,2025-08-01 18:00:00+00:00,continuous,114387.2,114461.5,114026.0,114093.0,448083415.5225034
2025-08-01 18:29:59.958000+00:00,2025-08-01 18:15:00+00:00,continuous,114092.9,114349.9,113632.4,114111.0,829663836.689695
2025-08-01 18:44:59.707000+00:00,2025-08-01 18:30:00+00:00,continuous,114110.9,114304.9,114008.6,114136.3,207919463.27339995
2025-08-01 18:59:59.971000+00:00,2025-08-01 18:45:00+00:00,continuous,114136.2,114195.9,113702.5,113792.7,234906202.68360078
2025-08-01 19:14:59.828000+00:00,2025-08-01 19:00:00+00:00,continuous,113792.6,113887.6,113588.0,113645.1,244782781.0060977
2025-08-01 19:29:59.962000+00:00,2025-08-01 19:15:00+00:00,continuous,113645.0,113697.8,113205.0,113348.0,576106817.9613049
2025-08-01 19:44:59.951000+00:00,2025-08-01 19:30:00+00:00,continuous,113348.0,113853.9,113173.7,113187.2,498967483.7345023
2025-08-01 19:59:59.822000+00:00,2025-08-01 19:45:00+00:00,continuous,113187.3,113574.9,113187.3,113278.5,248623869.78019974
2025-08-01 20:14:59.987000+00:00,2025-08-01 20:00:00+00:00,continuous,113278.4,113600.0,113113.0,113243.7,332942603.5840988
2025-08-01 20:29:59.579000+00:00,2025-08-01 20:15:00+00:00,continuous,113243.8,113590.3,113132.9,113421.1,204163519.6968999
2025-08-01 20:44:59.859000+00:00,2025-08-01 20:30:00+00:00,continuous,113421.1,113669.5,113340.1,113596.9,156119087.2651988
2025-08-01 20:59:59.837000+00:00,2025-08-01 20:45:00+00:00,continuous,113596.9,113934.0,113519.5,113900.0,185641491.96049985
2025-08-01 21:14:59.915000+00:00,2025-08-01 21:00:00+00:00,continuous,113900.1,114030.0,113781.4,113804.2,197680461.51339987
2025-08-01 21:29:59.460000+00:00,2025-08-01 21:15:00+00:00,continuous,113804.3,113968.1,113617.9,113955.5,101456101.44619977
2025-08-01 21:44:59.549000+00:00,2025-08-01 21:30:00+00:00,continuous,113955.4,114039.0,113892.6,113899.8,87141648.95899975
2025-08-01 21:59:59.605000+00:00,2025-08-01 21:45:00+00:00,continuous,113899.9,114035.9,113828.7,113833.9,49898238.9691002
2025-08-01 22:14:59.827000+00:00,2025-08-01 22:00:00+00:00,continuous,113834.0,113958.3,113450.0,113584.2,189983479.601699
2025-08-01 22:29:59.992000+00:00,2025-08-01 22:15:00+00:00,continuous,113584.2,113757.0,113116.3,113392.8,281155524.53310215
2025-08-01 22:44:59.954000+00:00,2025-08-01 22:30:00+00:00,continuous,113392.8,113435.1,112813.9,113007.9,563107680.0265019
2025-08-01 22:59:59.897000+00:00,2025-08-01 22:45:00+00:00,continuous,113007.8,113204.6,112660.0,113086.2,488604258.29639643
2025-08-01 23:14:59.964000+00:00,2025-08-01 23:00:00+00:00,continuous,113086.3,113307.6,112850.7,113268.7,230116870.71199924
2025-08-01 23:29:59.772000+00:00,2025-08-01 23:15:00+00:00,continuous,113268.6,113518.7,113191.4,113499.9,123754820.8505001
2025-08-01 23:44:59.791000+00:00,2025-08-01 23:30:00+00:00,continuous,113499.9,113500.0,113175.3,113289.3,116541008.29840039
2025-08-01 23:59:59.980000+00:00,2025-08-01 23:45:00+00:00,continuous,113289.3,113358.0,113148.7,113244.8,89755676.36249942
2025-08-02 00:14:59.935000+00:00,2025-08-02 00:00:00+00:00,continuous,113244.7,113368.5,113145.0,113300.1,161973287.56810036
2025-08-02 00:29:59.747000+00:00,2025-08-02 00:15:00+00:00,continuous,113300.1,113568.0,113291.6,113514.7,143105363.3112999
2025-08-02 00:44:59.615000+00:00,2025-08-02 00:30:00+00:00,continuous,113514.6,113651.8,113387.2,113582.5,98977655.98500021
2025-08-02 00:59:59.919000+00:00,2025-08-02 00:45:00+00:00,continuous,113582.5,113788.0,113581.0,113762.7,106756444.85370003
2025-08-02 01:14:59.966000+00:00,2025-08-02 01:00:00+00:00,continuous,113762.6,113863.0,113620.3,113730.0,85833782.58740029
2025-08-02 01:29:59.850000+00:00,2025-08-02 01:15:00+00:00,continuous,113729.9,113808.0,113454.5,113521.8,97020363.62349977
2025-08-02 01:44:59.947000+00:00,2025-08-02 01:30:00+00:00,continuous,113521.8,113595.9,113357.1,113499.9,59460225.408299774
2025-08-02 01:59:59.553000+00:00,2025-08-02 01:45:00+00:00,continuous,113500.0,113627.6,113456.1,113620.1,45893498.30170005
2025-08-02 02:14:59.903000+00:00,2025-08-02 02:00:00+00:00,continuous,113620.0,113715.3,113559.8,113692.3,47433170.78440012
2025-08-02 02:29:59.917000+00:00,2025-08-02 02:15:00+00:00,continuous,113692.3,113692.3,113466.1,113583.0,74156436.38039938
2025-08-02 02:44:59.803000+00:00,2025-08-02 02:30:00+00:00,continuous,113582.9,113674.3,113560.2,113620.1,37023869.31800019
2025-08-02 02:59:59.934000+00:00,2025-08-02 02:45:00+00:00,continuous,113620.2,113664.9,113562.8,113647.2,43937959.267800026
2025-08-02 03:14:59.362000+00:00,2025-08-02 03:00:00+00:00,continuous,113647.2,113873.7,113647.2,113821.0,102922845.38599972
2025-08-02 03:29:59.973000+00:00,2025-08-02 03:15:00+00:00,continuous,113820.9,113838.0,113712.3,113746.7,54978194.15669967
2025-08-02 03:44:59.558000+00:00,2025-08-02 03:30:00+00:00,continuous,113746.6,113807.5,113696.2,113783.3,34239195.90240001
2025-08-02 03:59:59.801000+00:00,2025-08-02 03:45:00+00:00,continuous,113783.4,113860.0,113751.1,113859.9,58808099.57270005
2025-08-02 04:14:59.900000+00:00,2025-08-02 04:00:00+00:00,continuous,113860.0,113888.3,113793.6,113799.9,54238939.41380022
2025-08-02 04:29:59.541000+00:00,2025-08-02 04:15:00+00:00,continuous,113799.9,113946.7,113766.3,113938.7,84721743.00570054
2025-08-02 04:44:59.601000+00:00,2025-08-02 04:30:00+00:00,continuous,113938.6,114000.0,113938.6,113960.4,109247196.19789931
2025-08-02 04:59:59.951000+00:00,2025-08-02 04:45:00+00:00,continuous,113960.3,113985.3,113940.9,113969.6,53478373.54560033
2025-08-02 05:14:59.858000+00:00,2025-08-02 05:00:00+00:00,continuous,113969.6,113992.3,113823.9,113829.9,76665309.05340011
2025-08-02 05:29:59.821000+00:00,2025-08-02 05:15:00+00:00,continuous,113830.0,113992.3,113790.2,113992.3,54619691.75690016
2025-08-02 05:44:59.550000+00:00,2025-08-02 05:30:00+00:00,continuous,113992.3,113995.0,113901.4,113922.7,58035737.099700235
2025-08-02 05:59:59.888000+00:00,2025-08-02 05:45:00+00:00,continuous,113922.7,113948.5,113862.2,113929.1,30911102.885899875
2025-08-02 06:14:59.544000+00:00,2025-08-02 06:00:00+00:00,continuous,113929.1,113938.9,113779.3,113779.3,72859673.63879979
2025-08-02 06:29:59.943000+00:00,2025-08-02 06:15:00+00:00,continuous,113779.3,113779.4,113504.4,113509.1,185895043.57250077
2025-08-02 06:44:59.840000+00:00,2025-08-02 06:30:00+00:00,continuous,113509.2,113613.6,113415.8,113507.6,163401193.68630016
2025-08-02 06:59:59.747000+00:00,2025-08-02 06:45:00+00:00,continuous,113507.6,113699.6,113507.5,113655.1,81027347.04629925
2025-08-02 07:14:59.125000+00:00,2025-08-02 07:00:00+00:00,continuous,113655.0,113728.7,113509.0,113628.6,59441009.66070011
2025-08-02 07:29:59.970000+00:00,2025-08-02 07:15:00+00:00,continuous,113628.5,113888.8,113628.5,113881.0,72731166.61380002
2025-08-02 07:44:59.759000+00:00,2025-08-02 07:30:00+00:00,continuous,113881.1,113918.4,113795.3,113864.0,90906091.9334996
2025-08-02 07:59:59.899000+00:00,2025-08-02 07:45:00+00:00,continuous,113864.1,113965.7,113847.4,113919.9,110194985.22679983
2025-08-02 08:14:59.927000+00:00,2025-08-02 08:00:00+00:00,continuous,113920.0,113946.1,113885.2,113909.9,65955391.38379966
2025-08-02 08:29:59.729000+00:00,2025-08-02 08:15:00+00:00,continuous,113909.9,113988.0,113822.0,113822.0,61022849.54570022
2025-08-02 08:44:59.918000+00:00,2025-08-02 08:30:00+00:00,continuous,113822.0,113823.6,113605.5,113670.2,157162330.7918002
2025-08-02 08:59:58.911000+00:00,2025-08-02 08:45:00+00:00,continuous,113670.1,113771.4,113625.7,113633.8,51926812.79959985
2025-08-02 09:14:59.839000+00:00,2025-08-02 09:00:00+00:00,continuous,113633.8,113788.0,113624.8,113748.8,46048194.692299984
2025-08-02 09:29:59.965000+00:00,2025-08-02 09:15:00+00:00,continuous,113748.8,113804.7,113673.3,113673.4,47265119.4181998
2025-08-02 09:44:59.887000+00:00,2025-08-02 09:30:00+00:00,continuous,113673.3,113673.4,113520.0,113523.6,95025662.55219997
2025-08-02 09:59:58.727000+00:00,2025-08-02 09:45:00+00:00,continuous,113523.6,113647.5,113523.5,113634.3,51866847.30830005
2025-08-02 10:14:59.892000+00:00,2025-08-02 10:00:00+00:00,continuous,113634.4,113662.7,113550.2,113565.4,38440128.503799915
2025-08-02 10:29:59.811000+00:00,2025-08-02 10:15:00+00:00,continuous,113565.4,113641.2,113442.6,113597.0,77733614.65969984
2025-08-02 10:44:59.973000+00:00,2025-08-02 10:30:00+00:00,continuous,113597.0,113597.0,113370.0,113387.8,165045089.85899934
2025-08-02 10:59:59.603000+00:00,2025-08-02 10:45:00+00:00,continuous,113387.8,113597.7,113387.7,113504.2,66684745.101800025
2025-08-02 11:14:59.758000+00:00,2025-08-02 11:00:00+00:00,continuous,113504.1,113595.0,113401.0,113444.0,44979087.98880006
2025-08-02 11:29:59.771000+00:00,2025-08-02 11:15:00+00:00,continuous,113444.1,113815.7,113444.0,113808.2,80241958.73029985
2025-08-02 11:44:59.915000+00:00,2025-08-02 11:30:00+00:00,continuous,113808.3,113863.5,113750.8,113750.8,68846199.82690056
2025-08-02 11:59:59.615000+00:00,2025-08-02 11:45:00+00:00,continuous,113750.8,113793.4,113688.8,113732.5,43058802.47129952
2025-08-02 12:14:59.539000+00:00,2025-08-02 12:00:00+00:00,continuous,113732.6,113740.5,113650.7,113670.1,37478247.14710008
2025-08-02 12:29:59.831000+00:00,2025-08-02 12:15:00+00:00,continuous,113670.1,113703.9,113642.7,113665.1,28627583.558700096
2025-08-02 12:44:59.794000+00:00,2025-08-02 12:30:00+00:00,continuous,113665.1,113703.8,113525.9,113525.9,51874308.13550013
2025-08-02 12:59:59.392000+00:00,2025-08-02 12:45:00+00:00,continuous,113525.9,113647.3,113519.1,113574.1,40503493.190000035
2025-08-02 13:14:59.992000+00:00,2025-08-02 13:00:00+00:00,continuous,113574.1,113595.6,113399.9,113400.0,93070786.22619987
2025-08-02 13:29:59.963000+00:00,2025-08-02 13:15:00+00:00,continuous,113400.0,113436.1,113230.0,113230.0,172082746.05800018
2025-08-02 13:44:59.876000+00:00,2025-08-02 13:30:00+00:00,continuous,113230.1,113423.1,113168.0,113310.1,161745107.7779999
2025-08-02 13:59:59.943000+00:00,2025-08-02 13:45:00+00:00,continuous,113310.2,113491.5,113290.0,113410.1,68021493.4771002
2025-08-02 14:14:59.986000+00:00,2025-08-02 14:00:00+00:00,continuous,113410.1,113488.0,113307.9,113307.9,35695358.23370002
2025-08-02 14:29:59.893000+00:00,2025-08-02 14:15:00+00:00,continuous,113307.8,113307.9,113071.3,113215.0,158945196.9230996
2025-08-02 14:44:59.783000+00:00,2025-08-02 14:30:00+00:00,continuous,113215.0,113215.0,112911.0,112949.7,245117794.23539984
2025-08-02 14:59:59.911000+00:00,2025-08-02 14:45:00+00:00,continuous,112949.7,113128.0,112877.0,113054.6,247105373.74209976
2025-08-02 15:14:59.851000+00:00,2025-08-02 15:00:00+00:00,continuous,113054.5,113230.7,113049.6,113220.6,106997346.04150009
2025-08-02 15:29:59.574000+00:00,2025-08-02 15:15:00+00:00,continuous,113220.5,113384.6,113198.9,113198.9,102644560.23889989
2025-08-02 15:44:59.886000+00:00,2025-08-02 15:30:00+00:00,continuous,113198.9,113199.0,112921.5,112976.4,270419638.8894014
2025-08-02 15:59:59.646000+00:00,2025-08-02 15:45:00+00:00,continuous,112976.5,113012.5,112769.2,112798.6,272875732.2810997
2025-08-02 16:14:59.967000+00:00,2025-08-02 16:00:00+00:00,continuous,112798.6,112940.4,112674.7,112730.4,263466640.74570128
2025-08-02 16:29:59.674000+00:00,2025-08-02 16:15:00+00:00,continuous,112730.5,112964.1,112680.0,112877.1,128052571.91269957
2025-08-02 16:44:59.839000+00:00,2025-08-02 16:30:00+00:00,continuous,112877.1,113101.0,112834.0,113071.0,210654968.2600993
2025-08-02 16:59:59.860000+00:00,2025-08-02 16:45:00+00:00,continuous,113071.1,113219.6,112944.7,113156.9,170772787.6481999
2025-08-02 17:14:59.400000+00:00,2025-08-02 17:00:00+00:00,continuous,113156.9,113339.7,113110.9,113317.6,130500527.37609948
2025-08-02 17:29:59.088000+00:00,2025-08-02 17:15:00+00:00,continuous,113317.5,113388.9,113222.7,113324.9,94325570.58940014
2025-08-02 17:44:59.746000+00:00,2025-08-02 17:30:00+00:00,continuous,113324.9,113326.8,113057.9,113089.2,79839175.71539992
2025-08-02 17:59:59.924000+00:00,2025-08-02 17:45:00+00:00,continuous,113089.3,113089.3,112507.9,112689.4,635759340.0771939
2025-08-02 18:14:59.936000+00:00,2025-08-02 18:00:00+00:00,continuous,112689.4,112876.6,112400.0,112442.0,274054539.0972986
2025-08-02 18:29:59.774000+00:00,2025-08-02 18:15:00+00:00,continuous,112442.1,112687.5,112300.0,112341.3,356580154.7579012
2025-08-02 18:44:59.471000+00:00,2025-08-02 18:30:00+00:00,continuous,112341.3,112548.9,112250.0,112460.8,224538086.79810017
2025-08-02 18:59:59.778000+00:00,2025-08-02 18:45:00+00:00,continuous,112460.7,112492.8,111990.0,112285.2,446074322.28090113
2025-08-02 19:14:59.928000+00:00,2025-08-02 19:00:00+00:00,continuous,112285.1,112383.3,111910.0,112011.9,435441821.93000096
2025-08-02 19:29:59.993000+00:00,2025-08-02 19:15:00+00:00,continuous,112012.0,112665.2,111990.3,112665.1,272012625.34600055
2025-08-02 19:44:59.877000+00:00,2025-08-02 19:30:00+00:00,continuous,112665.2,112895.8,112560.9,112701.0,210253434.02359897
2025-08-02 19:59:59.874000+00:00,2025-08-02 19:45:00+00:00,continuous,112700.5,112709.2,112154.7,112175.5,159249978.19339976
2025-08-02 20:14:59.908000+00:00,2025-08-02 20:00:00+00:00,continuous,112175.5,112328.4,112007.9,112297.0,228835587.29580197
2025-08-02 20:29:59.997000+00:00,2025-08-02 20:15:00+00:00,continuous,112297.1,112445.2,112049.2,112382.1,152745202.4502999
2025-08-02 20:44:59.972000+00:00,2025-08-02 20:30:00+00:00,continuous,112381.8,112384.6,112242.7,112384.0,62103604.14200021
2025-08-02 20:59:59.979000+00:00,2025-08-02 20:45:00+00:00,continuous,112384.0,112750.3,112326.4,112750.3,102520208.2731
2025-08-02 21:14:59.231000+00:00,2025-08-02 21:00:00+00:00,continuous,112750.2,112895.0,112538.4,112558.8,155524661.2975996
2025-08-02 21:29:58.893000+00:00,2025-08-02 21:15:00+00:00,continuous,112558.9,112658.1,112506.2,112545.8,55818972.77619997
2025-08-02 21:44:59.967000+00:00,2025-08-02 21:30:00+00:00,continuous,112545.8,112850.2,112545.7,112816.3,45735075.51160003
2025-08-02 21:59:59.630000+00:00,2025-08-02 21:45:00+00:00,continuous,112817.2,113022.5,112779.4,112814.0,149696609.53810042
2025-08-02 22:14:59.894000+00:00,2025-08-02 22:00:00+00:00,continuous,112814.1,112965.9,112773.9,112775.3,71797734.51510002
2025-08-02 22:29:59.845000+00:00,2025-08-02 22:15:00+00:00,continuous,112775.3,112790.9,112497.7,112532.6,84746858.80130017
2025-08-02 22:44:59.740000+00:00,2025-08-02 22:30:00+00:00,continuous,112532.6,112802.1,112532.5,112734.5,57382548.81130002
2025-08-02 22:59:59.410000+00:00,2025-08-02 22:45:00+00:00,continuous,112734.5,112909.9,112732.3,112810.2,41802418.65610005
2025-08-02 23:14:59.436000+00:00,2025-08-02 23:00:00+00:00,continuous,112810.3,112824.9,112510.5,112565.4,67163407.40500012
2025-08-02 23:29:59.987000+00:00,2025-08-02 23:15:00+00:00,continuous,112565.3,112680.0,112266.8,112270.1,173321824.90659985
2025-08-02 23:44:59.546000+00:00,2025-08-02 23:30:00+00:00,continuous,112270.0,112728.5,112233.3,112668.6,130171108.62440024
2025-08-02 23:59:59.752000+00:00,2025-08-02 23:45:00+00:00,continuous,112668.7,112731.6,112468.6,112508.8,45977857.411199994
2025-08-03 00:14:59.754000+00:00,2025-08-03 00:00:00+00:00,continuous,112508.8,112681.4,112466.7,112622.2,81036702.0622003
2025-08-03 00:29:59.928000+00:00,2025-08-03 00:15:00+00:00,continuous,112622.3,112751.5,112248.5,112330.0,141775943.68549973
2025-08-03 00:44:59.902000+00:00,2025-08-03 00:30:00+00:00,continuous,112330.0,112650.0,111850.0,112589.0,432729798.6777008
2025-08-03 00:59:59.931000+00:00,2025-08-03 00:45:00+00:00,continuous,112589.0,112946.2,112548.6,112902.3,201241421.95649952
2025-08-03 01:14:59.873000+00:00,2025-08-03 01:00:00+00:00,continuous,112902.3,113132.5,112780.6,112962.9,189985306.36460093
2025-08-03 01:29:59.943000+00:00,2025-08-03 01:15:00+00:00,continuous,112962.9,113166.0,112871.7,113152.7,91031772.9783997
2025-08-03 01:44:58.488000+00:00,2025-08-03 01:30:00+00:00,continuous,113152.8,113225.8,113076.4,113148.1,99354224.49000047
2025-08-03 01:59:59.904000+00:00,2025-08-03 01:45:00+00:00,continuous,113148.2,113148.2,112933.0,113050.3,85935401.92679949
2025-08-03 02:14:59.758000+00:00,2025-08-03 02:00:00+00:00,continuous,113050.4,113350.0,113040.2,113336.9,137344441.11540085
2025-08-03 02:29:59.505000+00:00,2025-08-03 02:15:00+00:00,continuous,113336.8,113355.9,113231.4,113298.9,78844396.84280027
2025-08-03 02:44:58.862000+00:00,2025-08-03 02:30:00+00:00,continuous,113298.8,113385.1,113294.3,113370.1,45909407.92779976
2025-08-03 02:59:59.988000+00:00,2025-08-03 02:45:00+00:00,continuous,113370.0,113471.2,113281.3,113466.3,72465166.93490002
2025-08-03 03:14:59.097000+00:00,2025-08-03 03:00:00+00:00,continuous,113466.3,113478.0,113388.0,113417.6,76098163.58559988
2025-08-03 03:29:58.143000+00:00,2025-08-03 03:15:00+00:00,continuous,113417.5,113523.9,113380.5,113469.8,83350733.12639992
2025-08-03 03:44:59.439000+00:00,2025-08-03 03:30:00+00:00,continuous,113469.8,113694.0,113468.5,113658.8,121549597.86110023
2025-08-03 03:59:59.785000+00:00,2025-08-03 03:45:00+00:00,continuous,113658.8,113688.0,113550.9,113550.9,89403549.11179963
2025-08-03 04:14:59.941000+00:00,2025-08-03 04:00:00+00:00,continuous,113550.9,113550.9,113362.2,113362.2,86291243.78000034
2025-08-03 04:29:59.609000+00:00,2025-08-03 04:15:00+00:00,continuous,113362.2,113485.9,113356.0,113485.9,54136840.89949979
2025-08-03 04:44:59.142000+00:00,2025-08-03 04:30:00+00:00,continuous,113485.8,113485.9,113297.8,113335.6,73407805.88299999
2025-08-03 04:59:59.932000+00:00,2025-08-03 04:45:00+00:00,continuous,113335.6,113426.3,113285.7,113424.2,49005238.685499966
2025-08-03 05:14:59.947000+00:00,2025-08-03 05:00:00+00:00,continuous,113424.3,113457.5,113362.5,113442.2,43511060.39690004
2025-08-03 05:29:59.852000+00:00,2025-08-03 05:15:00+00:00,continuous,113442.2,113561.8,113425.5,113538.3,50882553.373100206
2025-08-03 05:44:59.907000+00:00,2025-08-03 05:30:00+00:00,continuous,113538.3,113621.7,113468.8,113489.0,52945938.39199985
2025-08-03 05:59:59.507000+00:00,2025-08-03 05:45:00+00:00,continuous,113489.1,113579.7,113433.9,113570.3,35713746.146100044
2025-08-03 06:14:59.871000+00:00,2025-08-03 06:00:00+00:00,continuous,113570.4,113584.8,113469.4,113473.7,26784960.685299985
2025-08-03 06:29:58.773000+00:00,2025-08-03 06:15:00+00:00,continuous,113473.8,113545.1,113446.9,113489.4,24397693.901500016
2025-08-03 06:44:59.655000+00:00,2025-08-03 06:30:00+00:00,continuous,113489.3,113539.6,113417.2,113430.0,32163306.078399964
2025-08-03 06:59:59.618000+00:00,2025-08-03 06:45:00+00:00,continuous,113430.0,113511.3,113429.9,113504.2,25646000.17449998
2025-08-03 07:14:59.376000+00:00,2025-08-03 07:00:00+00:00,continuous,113504.2,113638.6,113504.2,113628.5,38674855.41360006
2025-08-03 07:29:59.980000+00:00,2025-08-03 07:15:00+00:00,continuous,113628.6,113665.2,113572.0,113664.6,38156479.7752999
2025-08-03 07:44:59.341000+00:00,2025-08-03 07:30:00+00:00,continuous,113664.7,113676.4,113605.6,113656.8,43790249.664500095
2025-08-03 07:59:59.828000+00:00,2025-08-03 07:45:00+00:00,continuous,113656.7,113656.8,113605.1,113647.2,39652676.19320007
2025-08-03 08:14:59.291000+00:00,2025-08-03 08:00:00+00:00,continuous,113647.2,113731.7,113647.1,113731.7,82739517.92579998
2025-08-03 08:29:59.986000+00:00,2025-08-03 08:15:00+00:00,continuous,113731.7,113749.7,113610.6,113621.9,76477628.92599964
2025-08-03 08:44:58.536000+00:00,2025-08-03 08:30:00+00:00,continuous,113621.9,113632.6,113525.9,113555.0,60532705.18989987
2025-08-03 08:59:59.871000+00:00,2025-08-03 08:45:00+00:00,continuous,113555.1,113661.9,113492.5,113640.8,65058462.86559996
2025-08-03 09:14:59.547000+00:00,2025-08-03 09:00:00+00:00,continuous,113640.9,113672.0,113583.3,113624.1,34493178.963299654
2025-08-03 09:29:59.523000+00:00,2025-08-03 09:15:00+00:00,continuous,113624.1,113640.7,113563.0,113606.7,35084554.92290003
2025-08-03 09:44:59.530000+00:00,2025-08-03 09:30:00+00:00,continuous,113606.6,113640.7,113583.0,113620.3,27487494.09799993
2025-08-03 09:59:59.501000+00:00,2025-08-03 09:45:00+00:00,continuous,113620.3,113645.0,113601.8,113612.4,22231125.151600115
2025-08-03 10:14:59.554000+00:00,2025-08-03 10:00:00+00:00,continuous,113612.4,113726.0,113612.3,113726.0,34965030.45129993
2025-08-03 10:29:59.549000+00:00,2025-08-03 10:15:00+00:00,continuous,113726.0,113740.7,113688.7,113711.9,31123967.278300114
2025-08-03 10:44:59.120000+00:00,2025-08-03 10:30:00+00:00,continuous,113711.8,113780.0,113666.1,113752.5,50625225.85180005
2025-08-03 10:59:59.998000+00:00,2025-08-03 10:45:00+00:00,continuous,113752.4,113848.0,113747.9,113846.0,85360900.94950071
2025-08-03 11:14:59.807000+00:00,2025-08-03 11:00:00+00:00,continuous,113846.0,114200.0,113846.0,114175.9,294265112.88339984
2025-08-03 11:29:59.946000+00:00,2025-08-03 11:15:00+00:00,continuous,114176.0,114178.9,113939.5,113953.4,167967287.41559902
2025-08-03 11:44:59.738000+00:00,2025-08-03 11:30:00+00:00,continuous,113953.4,113978.9,113847.1,113894.5,123757384.74539968
2025-08-03 11:59:59.984000+00:00,2025-08-03 11:45:00+00:00,continuous,113894.4,114000.0,113810.0,113810.1,62622452.0473
2025-08-03 12:14:59.916000+00:00,2025-08-03 12:00:00+00:00,continuous,113810.0,113830.7,113639.0,113688.6,113955602.87220058
2025-08-03 12:29:59.651000+00:00,2025-08-03 12:15:00+00:00,continuous,113688.6,113759.6,113600.0,113740.0,81561566.98550047
2025-08-03 12:44:59.778000+00:00,2025-08-03 12:30:00+00:00,continuous,113740.1,113962.4,113718.0,113960.1,90297530.61050017
2025-08-03 12:59:58.286000+00:00,2025-08-03 12:45:00+00:00,continuous,113960.1,114049.8,113910.5,113957.0,103261433.82209975
2025-08-03 13:14:59.999000+00:00,2025-08-03 13:00:00+00:00,continuous,113957.1,114040.0,113870.0,114019.2,58272886.46939995
2025-08-03 13:29:59.583000+00:00,2025-08-03 13:15:00+00:00,continuous,114019.3,114022.8,113754.4,113800.0,69265083.59240003
2025-08-03 13:44:58.855000+00:00,2025-08-03 13:30:00+00:00,continuous,113799.9,113936.9,113799.9,113840.1,32758426.190500025
2025-08-03 13:59:58.833000+00:00,2025-08-03 13:45:00+00:00,continuous,113840.0,113898.6,113756.2,113896.9,32964121.318399925
2025-08-03 14:14:59.992000+00:00,2025-08-03 14:00:00+00:00,continuous,113897.0,114017.3,113681.1,113777.8,97823679.93319994
2025-08-03 14:29:59.509000+00:00,2025-08-03 14:15:00+00:00,continuous,113777.9,113840.0,113529.6,113604.4,235145867.29590076
2025-08-03 14:44:59.863000+00:00,2025-08-03 14:30:00+00:00,continuous,113604.4,113805.0,113561.0,113768.1,68000948.39120038
2025-08-03 14:59:59.203000+00:00,2025-08-03 14:45:00+00:00,continuous,113768.1,113786.8,113664.6,113732.2,33780524.326800145
2025-08-03 15:14:59.909000+00:00,2025-08-03 15:00:00+00:00,continuous,113732.2,113732.3,113625.0,113727.6,54014737.697600275
2025-08-03 15:29:59.435000+00:00,2025-08-03 15:15:00+00:00,continuous,113727.7,113836.1,113700.0,113792.9,37011203.99840005
2025-08-03 15:44:59.694000+00:00,2025-08-03 15:30:00+00:00,continuous,113793.0,113904.3,113617.8,113888.2,101066957.02750012
2025-08-03 15:59:59.526000+00:00,2025-08-03 15:45:00+00:00,continuous,113888.3,113922.2,113830.0,113904.3,31090143.517600045
2025-08-03 16:14:59.783000+00:00,2025-08-03 16:00:00+00:00,continuous,113904.3,113904.4,113727.8,113741.0,51432156.82750015
2025-08-03 16:29:59.924000+00:00,2025-08-03 16:15:00+00:00,continuous,113741.1,113841.1,113732.0,113841.0,26485961.458400033
2025-08-03 16:44:59.807000+00:00,2025-08-03 16:30:00+00:00,continuous,113841.0,113925.0,113840.0,113915.9,38234714.29530015
2025-08-03 16:59:58.998000+00:00,2025-08-03 16:45:00+00:00,continuous,113915.9,113987.4,113855.5,113950.1,63586263.40929961
2025-08-03 17:14:59.572000+00:00,2025-08-03 17:00:00+00:00,continuous,113950.1,114125.2,113937.2,114080.0,85401560.34500003
2025-08-03 17:29:59.615000+00:00,2025-08-03 17:15:00+00:00,continuous,114079.9,114117.0,113947.6,113962.2,46257451.16999984
2025-08-03 17:44:59.877000+00:00,2025-08-03 17:30:00+00:00,continuous,113962.2,114068.9,113894.1,113910.5,34185335.27610004
2025-08-03 17:59:59.518000+00:00,2025-08-03 17:45:00+00:00,continuous,113910.5,114069.0,113910.5,114068.9,27364304.17659993
2025-08-03 18:14:59.988000+00:00,2025-08-03 18:00:00+00:00,continuous,114068.9,114076.2,114008.7,114076.2,47523013.57179988
2025-08-03 18:29:59.931000+00:00,2025-08-03 18:15:00+00:00,continuous,114076.1,114420.5,114019.3,114239.8,178402728.82800004
2025-08-03 18:44:59.471000+00:00,2025-08-03 18:30:00+00:00,continuous,114239.8,114320.0,114073.6,114280.8,71143365.43890019
2025-08-03 18:59:59.648000+00:00,2025-08-03 18:45:00+00:00,continuous,114280.8,114361.0,114255.7,114328.4,66905421.504999995
2025-08-03 19:14:59.523000+00:00,2025-08-03 19:00:00+00:00,continuous,114328.5,114437.0,114239.3,114338.0,61914439.224800065
2025-08-03 19:29:59.931000+00:00,2025-08-03 19:15:00+00:00,continuous,114338.0,114595.3,114338.0,114465.1,136495800.19159943
2025-08-03 19:44:59.956000+00:00,2025-08-03 19:30:00+00:00,continuous,114465.0,114730.0,114357.3,114359.3,182856451.65609926
2025-08-03 19:59:59.918000+00:00,2025-08-03 19:45:00+00:00,continuous,114359.3,114426.4,114200.1,114259.0,89380720.16990024
2025-08-03 20:14:59.490000+00:00,2025-08-03 20:00:00+00:00,continuous,114259.1,114259.1,114120.4,114194.0,52052034.543099955
2025-08-03 20:29:59.974000+00:00,2025-08-03 20:15:00+00:00,continuous,114194.0,114198.3,114110.9,114157.7,33488675.711799886
2025-08-03 20:44:59.834000+00:00,2025-08-03 20:30:00+00:00,continuous,114157.6,114358.0,114118.6,114346.5,50824642.28329999
2025-08-03 20:59:59.753000+00:00,2025-08-03 20:45:00+00:00,continuous,114346.6,114418.9,114318.6,114370.2,42424250.9771
2025-08-03 21:14:59.725000+00:00,2025-08-03 21:00:00+00:00,continuous,114370.1,114469.4,114322.8,114469.3,33844392.84579999
2025-08-03 21:29:59.663000+00:00,2025-08-03 21:15:00+00:00,continuous,114469.3,114469.4,114370.4,114425.5,32258875.24469984
2025-08-03 21:44:59.797000+00:00,2025-08-03 21:30:00+00:00,continuous,114425.6,114459.0,114307.6,114307.7,34621667.84339989
2025-08-03 21:59:59.754000+00:00,2025-08-03 21:45:00+00:00,continuous,114307.6,114436.5,114307.6,114378.8,16085030.393399913
2025-08-03 22:14:59.353000+00:00,2025-08-03 22:00:00+00:00,continuous,114378.8,114567.3,114153.8,114180.1,102732859.1560003
2025-08-03 22:29:58.855000+00:00,2025-08-03 22:15:00+00:00,continuous,114180.1,114195.3,114011.3,114063.2,90875665.8577002
2025-08-03 22:44:59.244000+00:00,2025-08-03 22:30:00+00:00,continuous,114063.2,114228.0,114049.9,114224.1,52569452.96379992
2025-08-03 22:59:59.052000+00:00,2025-08-03 22:45:00+00:00,continuous,114224.2,114332.3,114191.5,114264.8,31579522.699599963
2025-08-03 23:14:59.839000+00:00,2025-08-03 23:00:00+00:00,continuous,114264.8,114356.7,114214.0,114349.9,48349497.45969998
2025-08-03 23:29:59.805000+00:00,2025-08-03 23:15:00+00:00,continuous,114350.0,114459.7,114215.3,114215.4,47879899.6326998
2025-08-03 23:44:59.519000+00:00,2025-08-03 23:30:00+00:00,continuous,114215.4,114258.9,114156.0,114185.5,34050874.0235
2025-08-03 23:59:59.605000+00:00,2025-08-03 23:45:00+00:00,continuous,114185.4,114190.3,114120.5,114150.8,30568667.628599945
2025-08-04 00:14:59.961000+00:00,2025-08-04 00:00:00+00:00,continuous,114150.9,114288.0,114053.8,114112.8,87162482.18520023
2025-08-04 00:29:59.782000+00:00,2025-08-04 00:15:00+00:00,continuous,114112.9,114358.6,114067.7,114306.1,87932063.36379978
2025-08-04 00:44:59.985000+00:00,2025-08-04 00:30:00+00:00,continuous,114306.0,114555.0,114239.6,114544.9,87815596.20810005
2025-08-04 00:59:59.968000+00:00,2025-08-04 00:45:00+00:00,continuous,114545.0,114890.0,114544.9,114856.6,290281011.85950077
2025-08-04 01:14:59.554000+00:00,2025-08-04 01:00:00+00:00,continuous,114856.7,114963.4,114600.1,114708.4,175537740.8373992
2025-08-04 01:29:59.886000+00:00,2025-08-04 01:15:00+00:00,continuous,114708.3,114892.5,114562.8,114780.0,108631545.41149995
2025-08-04 01:44:59.546000+00:00,2025-08-04 01:30:00+00:00,continuous,114780.0,114900.0,114661.0,114676.6,55842257.199400045
2025-08-04 01:59:59.697000+00:00,2025-08-04 01:45:00+00:00,continuous,114676.6,114740.0,114590.0,114637.8,51734853.07350007
2025-08-04 02:14:59.893000+00:00,2025-08-04 02:00:00+00:00,continuous,114637.8,114698.8,114358.1,114409.4,107180997.70949984
2025-08-04 02:29:59.875000+00:00,2025-08-04 02:15:00+00:00,continuous,114409.3,114708.9,114398.2,114670.7,66675091.60589992
2025-08-04 02:44:59.718000+00:00,2025-08-04 02:30:00+00:00,continuous,114670.7,114843.5,114514.3,114540.7,73716227.93300018
2025-08-04 02:59:59.803000+00:00,2025-08-04 02:45:00+00:00,continuous,114540.8,114764.4,114509.2,114754.9,50863983.859799705
2025-08-04 03:14:59.499000+00:00,2025-08-04 03:00:00+00:00,continuous,114755.0,114760.2,114644.9,114660.6,51988575.67459994
2025-08-04 03:29:59.606000+00:00,2025-08-04 03:15:00+00:00,continuous,114660.7,114718.0,114624.4,114642.1,31600551.258800033
2025-08-04 03:44:59.680000+00:00,2025-08-04 03:30:00+00:00,continuous,114642.0,114642.1,114469.6,114611.9,49507531.5159003
2025-08-04 03:59:59.566000+00:00,2025-08-04 03:45:00+00:00,continuous,114612.0,114614.8,114514.6,114520.2,32680730.264900204
2025-08-04 04:14:59.573000+00:00,2025-08-04 04:00:00+00:00,continuous,114520.3,114605.8,114520.2,114568.6,37238279.193899974
2025-08-04 04:29:59.069000+00:00,2025-08-04 04:15:00+00:00,continuous,114568.6,114568.6,114446.4,114549.6,39470990.019500025
2025-08-04 04:44:59.983000+00:00,2025-08-04 04:30:00+00:00,continuous,114549.6,114549.6,114324.1,114326.2,101855897.46459956
2025-08-04 04:59:59.947000+00:00,2025-08-04 04:45:00+00:00,continuous,114326.2,114385.5,114275.2,114336.6,92719580.26640004
2025-08-04 05:14:59.937000+00:00,2025-08-04 05:00:00+00:00,continuous,114336.5,114360.6,114233.0,114279.3,67534208.07049985
2025-08-04 05:29:59.966000+00:00,2025-08-04 05:15:00+00:00,continuous,114279.3,114279.3,114173.0,114173.0,106590325.82690011
2025-08-04 05:44:59.557000+00:00,2025-08-04 05:30:00+00:00,continuous,114173.0,114257.8,114130.5,114198.7,67780776.16669996
2025-08-04 05:59:59.859000+00:00,2025-08-04 05:45:00+00:00,continuous,114198.6,114384.6,114172.6,114335.6,54580384.47639974
2025-08-04 06:14:59.273000+00:00,2025-08-04 06:00:00+00:00,continuous,114335.7,114400.0,114208.3,114208.5,48798476.913299926
2025-08-04 06:29:59.581000+00:00,2025-08-04 06:15:00+00:00,continuous,114208.4,114279.1,114089.0,114206.5,91926739.94769993
2025-08-04 06:44:59.611000+00:00,2025-08-04 06:30:00+00:00,continuous,114206.5,114410.7,114128.9,114340.3,54099704.69819995
2025-08-04 06:59:59.885000+00:00,2025-08-04 06:45:00+00:00,continuous,114340.3,114447.2,114242.4,114372.1,52812389.33360017
2025-08-04 07:14:59.799000+00:00,2025-08-04 07:00:00+00:00,continuous,114372.2,114514.7,114350.3,114487.9,56159027.61679991
2025-08-04 07:29:59.965000+00:00,2025-08-04 07:15:00+00:00,continuous,114488.0,114498.5,114426.8,114456.4,25069119.321799997
2025-08-04 07:44:59.866000+00:00,2025-08-04 07:30:00+00:00,continuous,114456.3,114647.9,114442.7,114647.8,70817348.14449997
2025-08-04 07:59:59.968000+00:00,2025-08-04 07:45:00+00:00,continuous,114647.9,114739.3,114600.0,114607.0,93832099.12190032
2025-08-04 08:14:59.971000+00:00,2025-08-04 08:00:00+00:00,continuous,114607.0,114706.2,114549.6,114592.1,100005653.02709985
2025-08-04 08:29:59.724000+00:00,2025-08-04 08:15:00+00:00,continuous,114592.0,114715.0,114401.1,114410.5,117399625.62990017
2025-08-04 08:44:59.998000+00:00,2025-08-04 08:30:00+00:00,continuous,114410.5,114578.9,114301.8,114502.2,78075632.0252004
2025-08-04 08:59:59.578000+00:00,2025-08-04 08:45:00+00:00,continuous,114502.3,114546.0,114405.3,114493.4,42789306.580800086
2025-08-04 09:14:59.732000+00:00,2025-08-04 09:00:00+00:00,continuous,114493.4,114588.0,114493.4,114539.0,40936379.08140005
2025-08-04 09:29:59.318000+00:00,2025-08-04 09:15:00+00:00,continuous,114539.0,114700.0,114401.4,114579.8,63603932.89720023
2025-08-04 09:44:59.878000+00:00,2025-08-04 09:30:00+00:00,continuous,114579.8,114654.2,114436.6,114436.6,32539520.89509998
2025-08-04 09:59:59.625000+00:00,2025-08-04 09:45:00+00:00,continuous,114436.7,114438.5,114250.0,114273.0,53672455.58960001
2025-08-04 10:14:59.572000+00:00,2025-08-04 10:00:00+00:00,continuous,114272.9,114397.8,114239.1,114397.7,45560746.60979993
2025-08-04 10:29:59.710000+00:00,2025-08-04 10:15:00+00:00,continuous,114397.8,114459.9,114288.1,114294.6,52063618.99529993
2025-08-04 10:44:59.266000+00:00,2025-08-04 10:30:00+00:00,continuous,114294.6,114394.5,114273.5,114292.0,33545181.94969999
2025-08-04 10:59:58.843000+00:00,2025-08-04 10:45:00+00:00,continuous,114292.0,114328.0,114180.0,114201.7,42914623.315500155
2025-08-04 11:14:59.932000+00:00,2025-08-04 11:00:00+00:00,continuous,114201.7,114325.2,114166.0,114263.5,39903722.83210018
2025-08-04 11:29:59.835000+00:00,2025-08-04 11:15:00+00:00,continuous,114263.5,114332.7,114181.8,114332.4,47675958.42330006
2025-08-04 11:44:58.768000+00:00,2025-08-04 11:30:00+00:00,continuous,114332.4,114400.1,114281.2,114368.1,33279243.5364001
2025-08-04 11:59:59.243000+00:00,2025-08-04 11:45:00+00:00,continuous,114368.1,114476.7,114319.9,114450.0,50067218.58750014
2025-08-04 12:14:59.733000+00:00,2025-08-04 12:00:00+00:00,continuous,114450.1,114499.0,114392.0,114449.9,64164448.16530009
2025-08-04 12:29:59.592000+00:00,2025-08-04 12:15:00+00:00,continuous,114450.0,114470.4,114320.6,114376.2,39090387.98259989
2025-08-04 12:44:59.674000+00:00,2025-08-04 12:30:00+00:00,continuous,114376.3,114404.2,114270.5,114318.0,38441582.791200064
2025-08-04 12:59:59.937000+00:00,2025-08-04 12:45:00+00:00,continuous,114318.1,114404.9,114261.5,114395.3,55070416.94240001
2025-08-04 13:14:59.573000+00:00,2025-08-04 13:00:00+00:00,continuous,114395.2,114451.8,114271.6,114364.5,69501240.78299983
2025-08-04 13:29:59.429000+00:00,2025-08-04 13:15:00+00:00,continuous,114364.4,114412.0,114115.4,114151.3,125087564.18760012
2025-08-04 13:44:59.960000+00:00,2025-08-04 13:30:00+00:00,continuous,114151.2,114788.7,114070.0,114746.5,348501111.1267984
2025-08-04 13:59:59.827000+00:00,2025-08-04 13:45:00+00:00,continuous,114746.6,114879.2,114500.0,114870.1,325153641.5664998
2025-08-04 14:14:59.942000+00:00,2025-08-04 14:00:00+00:00,continuous,114870.0,115431.6,114868.2,115194.1,719398779.640502
2025-08-04 14:29:59.906000+00:00,2025-08-04 14:15:00+00:00,continuous,115194.1,115376.7,115121.4,115376.7,293628560.658501
2025-08-04 14:44:59.916000+00:00,2025-08-04 14:30:00+00:00,continuous,115376.7,115427.4,114912.0,114944.9,297419020.5457002
2025-08-04 14:59:59.738000+00:00,2025-08-04 14:45:00+00:00,continuous,114945.0,115109.3,114574.2,114686.6,340236067.453302
2025-08-04 15:14:59.529000+00:00,2025-08-04 15:00:00+00:00,continuous,114686.6,114969.9,114610.3,114937.1,154077955.83549973
2025-08-04 15:29:59.736000+00:00,2025-08-04 15:15:00+00:00,continuous,114937.1,114981.6,114720.6,114720.6,101227237.00639968
2025-08-04 15:44:59.873000+00:00,2025-08-04 15:30:00+00:00,continuous,114720.7,114874.2,114500.0,114666.6,110954743.55530004
2025-08-04 15:59:59.934000+00:00,2025-08-04 15:45:00+00:00,continuous,114666.7,114833.5,114538.4,114766.3,85133773.95019966
2025-08-04 16:14:59.869000+00:00,2025-08-04 16:00:00+00:00,continuous,114766.4,115148.0,114766.4,114972.3,224055952.8755998
2025-08-04 16:29:59.903000+00:00,2025-08-04 16:15:00+00:00,continuous,114972.3,115094.9,114843.2,114843.2,119974490.92939982
2025-08-04 16:44:59.692000+00:00,2025-08-04 16:30:00+00:00,continuous,114843.3,115122.0,114834.7,115018.9,137929271.77679977
2025-08-04 16:59:59.841000+00:00,2025-08-04 16:45:00+00:00,continuous,115018.9,115384.6,115018.9,115253.3,243538946.6656008
2025-08-04 17:14:59.959000+00:00,2025-08-04 17:00:00+00:00,continuous,115253.3,115665.3,115194.4,115663.7,334669874.3557012
2025-08-04 17:29:59.983000+00:00,2025-08-04 17:15:00+00:00,continuous,115663.8,115686.0,115381.6,115482.1,155675545.8512999
2025-08-04 17:44:59.826000+00:00,2025-08-04 17:30:00+00:00,continuous,115482.7,115494.0,115157.1,115192.7,125620079.28910019
2025-08-04 17:59:59.581000+00:00,2025-08-04 17:45:00+00:00,continuous,115192.7,115252.6,115091.6,115149.9,78130697.2596005
2025-08-04 18:14:59.886000+00:00,2025-08-04 18:00:00+00:00,continuous,115149.8,115227.2,115030.8,115030.8,70258264.39599983
2025-08-04 18:29:59.816000+00:00,2025-08-04 18:15:00+00:00,continuous,115030.9,115270.8,115002.3,115227.4,53962383.14960005
2025-08-04 18:44:59.822000+00:00,2025-08-04 18:30:00+00:00,continuous,115227.5,115227.5,115002.7,115021.3,47134848.33670015
2025-08-04 18:59:58.929000+00:00,2025-08-04 18:45:00+00:00,continuous,115021.4,115076.0,114857.4,114907.3,84814972.63939975
2025-08-04 19:14:59.752000+00:00,2025-08-04 19:00:00+00:00,continuous,114907.2,115018.2,114837.9,114924.0,60407210.057100095
2025-08-04 19:29:59.802000+00:00,2025-08-04 19:15:00+00:00,continuous,114924.0,115082.3,114838.0,114872.3,54771156.8028
2025-08-04 19:44:59.523000+00:00,2025-08-04 19:30:00+00:00,continuous,114872.3,114902.9,114718.2,114749.4,110167894.35530041
2025-08-04 19:59:59.741000+00:00,2025-08-04 19:45:00+00:00,continuous,114749.4,114795.8,114681.1,114724.0,59223496.510700025
2025-08-04 20:14:59.243000+00:00,2025-08-04 20:00:00+00:00,continuous,114724.0,114829.8,114581.2,114652.5,121573739.23919983
2025-08-04 20:29:59.871000+00:00,2025-08-04 20:15:00+00:00,continuous,114652.4,114787.1,114580.4,114680.7,64210539.39140008
2025-08-04 20:44:59.333000+00:00,2025-08-04 20:30:00+00:00,continuous,114680.6,115042.6,114680.6,114970.5,116575313.36529927
2025-08-04 20:59:59.199000+00:00,2025-08-04 20:45:00+00:00,continuous,114970.4,114970.5,114754.9,114754.9,87235272.32429986
2025-08-04 21:14:59.841000+00:00,2025-08-04 21:00:00+00:00,continuous,114754.9,114992.4,114754.7,114986.5,70627493.22689995
2025-08-04 21:29:59.932000+00:00,2025-08-04 21:15:00+00:00,continuous,114986.4,115119.1,114876.4,114944.6,70583652.35980019
2025-08-04 21:44:59.909000+00:00,2025-08-04 21:30:00+00:00,continuous,114944.5,115203.1,114915.7,115203.1,55933503.66180004
2025-08-04 21:59:59.903000+00:00,2025-08-04 21:45:00+00:00,continuous,115203.1,115222.0,115028.3,115066.3,45185959.20709999
2025-08-04 22:14:59.774000+00:00,2025-08-04 22:00:00+00:00,continuous,115066.2,115197.0,115042.3,115183.9,87805986.66399983
2025-08-04 22:29:58.509000+00:00,2025-08-04 22:15:00+00:00,continuous,115184.2,115240.7,115028.1,115028.1,43724287.392599896
2025-08-04 22:44:58.417000+00:00,2025-08-04 22:30:00+00:00,continuous,115028.2,115207.1,115028.1,115129.2,49405589.05209985
2025-08-04 22:59:59.114000+00:00,2025-08-04 22:45:00+00:00,continuous,115129.1,115284.2,115089.8,115284.1,45223266.00510018
2025-08-04 23:14:59.630000+00:00,2025-08-04 23:00:00+00:00,continuous,115284.2,115299.0,115196.5,115283.8,79299546.46780023
2025-08-04 23:29:59.501000+00:00,2025-08-04 23:15:00+00:00,continuous,115283.9,115289.8,115208.1,115255.9,22170038.270500153
2025-08-04 23:44:59.581000+00:00,2025-08-04 23:30:00+00:00,continuous,115255.9,115255.9,115142.0,115168.8,37743189.87819997
2025-08-04 23:59:59.513000+00:00,2025-08-04 23:45:00+00:00,continuous,115168.8,115179.9,114990.4,115002.1,97189735.02390021
2025-08-05 00:14:59.984000+00:00,2025-08-05 00:00:00+00:00,continuous,115002.1,115055.0,114886.6,114964.1,88166424.3610999
2025-08-05 00:29:58.507000+00:00,2025-08-05 00:15:00+00:00,continuous,114964.0,114964.1,114805.3,114832.0,67759563.10000019
2025-08-05 00:44:59.258000+00:00,2025-08-05 00:30:00+00:00,continuous,114832.1,115073.3,114828.4,114845.4,73338687.05269979
2025-08-05 00:59:59.522000+00:00,2025-08-05 00:45:00+00:00,continuous,114845.4,114951.6,114780.0,114837.5,41744269.979600005
2025-08-05 01:14:59.490000+00:00,2025-08-05 01:00:00+00:00,continuous,114837.5,115006.5,114799.8,114916.6,59788662.04980005
2025-08-05 01:29:59.859000+00:00,2025-08-05 01:15:00+00:00,continuous,114916.6,114920.7,114740.0,114841.9,59455936.91349993
2025-08-05 01:44:59.758000+00:00,2025-08-05 01:30:00+00:00,continuous,114841.8,114862.2,114688.7,114862.2,51821675.99140002
2025-08-05 01:59:59.973000+00:00,2025-08-05 01:45:00+00:00,continuous,114862.2,114880.5,114632.8,114668.3,52137080.870499946
2025-08-05 02:14:59.884000+00:00,2025-08-05 02:00:00+00:00,continuous,114668.2,114781.6,114595.0,114608.5,54176726.35189965
2025-08-05 02:29:59.829000+00:00,2025-08-05 02:15:00+00:00,continuous,114608.5,114694.1,114562.3,114572.6,47734879.00400019
2025-08-05 02:44:59.560000+00:00,2025-08-05 02:30:00+00:00,continuous,114572.5,114654.5,114572.5,114594.5,36009437.290400036
2025-08-05 02:59:59.612000+00:00,2025-08-05 02:45:00+00:00,continuous,114594.5,114789.3,114585.0,114683.1,62280213.2117999
2025-08-05 03:14:59.784000+00:00,2025-08-05 03:00:00+00:00,continuous,114683.1,114700.0,114347.0,114419.5,172240326.30610088
2025-08-05 03:29:59.759000+00:00,2025-08-05 03:15:00+00:00,continuous,114419.6,114454.9,114237.3,114303.4,163177760.02429947
2025-08-05 03:44:59.758000+00:00,2025-08-05 03:30:00+00:00,continuous,114303.3,114370.2,114229.3,114271.5,90831396.86810003
2025-08-05 03:59:59.581000+00:00,2025-08-05 03:45:00+00:00,continuous,114271.4,114317.7,114213.6,114215.0,62011696.62459975
2025-08-05 04:14:59.879000+00:00,2025-08-05 04:00:00+00:00,continuous,114214.9,114392.6,114175.7,114351.3,127608283.64829978
2025-08-05 04:29:59.913000+00:00,2025-08-05 04:15:00+00:00,continuous,114351.4,114365.8,114164.0,114199.0,91410430.41940057
2025-08-05 04:44:59.634000+00:00,2025-08-05 04:30:00+00:00,continuous,114199.1,114246.2,114114.0,114218.5,78847950.57189927
2025-08-05 04:59:59.420000+00:00,2025-08-05 04:45:00+00:00,continuous,114218.5,114341.1,114218.5,114287.8,54944378.75600001
2025-08-05 05:14:59.440000+00:00,2025-08-05 05:00:00+00:00,continuous,114287.8,114450.0,114260.0,114398.4,74477137.7236999
2025-08-05 05:29:59.122000+00:00,2025-08-05 05:15:00+00:00,continuous,114398.4,114413.3,114301.2,114368.6,38462783.6917001
2025-08-05 05:44:59.846000+00:00,2025-08-05 05:30:00+00:00,continuous,114368.6,114419.1,114201.1,114201.1,95483554.04980005
2025-08-05 05:59:59.345000+00:00,2025-08-05 05:45:00+00:00,continuous,114201.2,114400.0,114201.1,114373.8,61915609.46049991
2025-08-05 06:14:59.607000+00:00,2025-08-05 06:00:00+00:00,continuous,114373.8,114435.7,114316.5,114392.9,47998145.66289998
2025-08-05 06:29:57.448000+00:00,2025-08-05 06:15:00+00:00,continuous,114393.0,114468.1,114362.6,114432.1,55108178.760799795
2025-08-05 06:44:59.949000+00:00,2025-08-05 06:30:00+00:00,continuous,114432.2,114432.6,114245.9,114276.5,74153807.98409992
2025-08-05 06:59:59.933000+00:00,2025-08-05 06:45:00+00:00,continuous,114276.4,114276.5,114054.3,114135.0,179399683.4635005
2025-08-05 07:14:59.964000+00:00,2025-08-05 07:00:00+00:00,continuous,114134.9,114259.5,114085.0,114238.4,98920105.97559987
2025-08-05 07:29:59.885000+00:00,2025-08-05 07:15:00+00:00,continuous,114238.4,114359.7,114157.4,114157.4,94774056.32850021
2025-08-05 07:44:59.986000+00:00,2025-08-05 07:30:00+00:00,continuous,114157.4,114213.8,113650.0,114014.9,561569719.8037972
2025-08-05 07:59:59.943000+00:00,2025-08-05 07:45:00+00:00,continuous,114014.9,114172.6,113876.9,113924.7,192780444.27259937
2025-08-05 08:14:59.478000+00:00,2025-08-05 08:00:00+00:00,continuous,113924.7,114090.1,113869.5,113952.5,126896193.44169985
2025-08-05 08:29:59.851000+00:00,2025-08-05 08:15:00+00:00,continuous,113952.5,114342.5,113952.5,114334.3,191580401.4054997
2025-08-05 08:44:58.767000+00:00,2025-08-05 08:30:00+00:00,continuous,114334.2,114492.0,114215.7,114270.0,167963736.24549925
2025-08-05 08:59:59.389000+00:00,2025-08-05 08:45:00+00:00,continuous,114270.0,114307.1,114178.6,114239.8,70956487.86059964
2025-08-05 09:14:59.845000+00:00,2025-08-05 09:00:00+00:00,continuous,114239.8,114433.9,114239.8,114433.7,65900917.000899985
2025-08-05 09:29:59.636000+00:00,2025-08-05 09:15:00+00:00,continuous,114433.7,114553.8,114360.0,114545.6,105140000.56819957
2025-08-05 09:44:59.506000+00:00,2025-08-05 09:30:00+00:00,continuous,114545.5,114783.8,114471.1,114686.5,153313635.8924998
2025-08-05 09:59:59.780000+00:00,2025-08-05 09:45:00+00:00,continuous,114686.5,114761.0,114560.4,114649.7,122773252.3621
2025-08-05 10:14:59.145000+00:00,2025-08-05 10:00:00+00:00,continuous,114649.7,114769.2,114530.1,114593.4,112369132.83670014
2025-08-05 10:29:59.897000+00:00,2025-08-05 10:15:00+00:00,continuous,114593.4,115054.5,114593.3,114917.8,250162895.3701983
2025-08-05 10:44:59.945000+00:00,2025-08-05 10:30:00+00:00,continuous,114917.8,115057.0,114817.3,114942.2,138147730.39630002
2025-08-05 10:59:59.383000+00:00,2025-08-05 10:45:00+00:00,continuous,114942.2,114942.2,114769.2,114799.6,46833778.9732
2025-08-05 11:14:59.990000+00:00,2025-08-05 11:00:00+00:00,continuous,114799.7,114821.8,114700.0,114750.2,58709456.54780015
2025-08-05 11:29:59.858000+00:00,2025-08-05 11:15:00+00:00,continuous,114750.2,114882.9,114718.4,114863.8,45383362.3838999
2025-08-05 11:44:59.214000+00:00,2025-08-05 11:30:00+00:00,continuous,114863.7,114934.4,114722.0,114896.9,61197952.451500036
2025-08-05 11:59:59.963000+00:00,2025-08-05 11:45:00+00:00,continuous,114897.0,114897.0,114701.6,114782.0,63243240.97079956
2025-08-05 12:14:59.567000+00:00,2025-08-05 12:00:00+00:00,continuous,114782.1,114860.1,114708.8,114860.1,44559430.65759994
2025-08-05 12:29:59.877000+00:00,2025-08-05 12:15:00+00:00,continuous,114860.1,114860.1,114300.2,114470.0,279561067.0979993
2025-08-05 12:44:59.980000+00:00,2025-08-05 12:30:00+00:00,continuous,114470.0,114470.1,113407.1,113828.6,705019329.0552034
2025-08-05 12:59:59.963000+00:00,2025-08-05 12:45:00+00:00,continuous,113828.7,114060.0,113813.1,113897.0,228384450.5722006
2025-08-05 13:14:59.986000+00:00,2025-08-05 13:00:00+00:00,continuous,113897.0,114073.4,113812.9,113993.6,173761195.82910025
2025-08-05 13:29:59.628000+00:00,2025-08-05 13:15:00+00:00,continuous,113993.5,114166.0,113974.5,114117.6,132622254.53739983
2025-08-05 13:44:59.827000+00:00,2025-08-05 13:30:00+00:00,continuous,114117.7,114424.5,113984.4,114232.9,240573647.0936008
2025-08-05 13:59:59.695000+00:00,2025-08-05 13:45:00+00:00,continuous,114233.0,114530.0,114232.9,114322.6,151368801.0199001
2025-08-05 14:14:59.984000+00:00,2025-08-05 14:00:00+00:00,continuous,114322.6,114341.9,113640.8,113823.0,348978185.22829914
2025-08-05 14:29:59.889000+00:00,2025-08-05 14:15:00+00:00,continuous,113823.1,113846.1,113088.0,113211.7,839894133.2153025
2025-08-05 14:44:59.909000+00:00,2025-08-05 14:30:00+00:00,continuous,113211.8,113229.0,112666.6,112733.1,806814939.5338032
2025-08-05 14:59:59.953000+00:00,2025-08-05 14:45:00+00:00,continuous,112733.1,113015.5,112582.4,112975.6,518543736.9103984
2025-08-05 15:14:59.829000+00:00,2025-08-05 15:00:00+00:00,continuous,112975.5,113192.0,112625.1,113130.1,448814224.4740996
2025-08-05 15:29:59.836000+00:00,2025-08-05 15:15:00+00:00,continuous,113130.0,113176.7,112769.2,112916.4,243087410.4206004
2025-08-05 15:44:59.837000+00:00,2025-08-05 15:30:00+00:00,continuous,112916.3,113038.7,112650.0,112730.2,211064911.41579974
2025-08-05 15:59:59.977000+00:00,2025-08-05 15:45:00+00:00,continuous,112730.2,112942.5,112655.0,112871.8,161912018.49070057
2025-08-05 16:14:59.941000+00:00,2025-08-05 16:00:00+00:00,continuous,112871.7,113100.0,112767.6,113072.5,148173067.66099972
2025-08-05 16:29:59.545000+00:00,2025-08-05 16:15:00+00:00,continuous,113072.5,113183.4,112968.0,113146.5,149669947.73750037
2025-08-05 16:44:59.996000+00:00,2025-08-05 16:30:00+00:00,continuous,113146.5,113318.4,112755.1,112991.2,204433797.9154998
2025-08-05 16:59:59.431000+00:00,2025-08-05 16:45:00+00:00,continuous,112991.2,113149.4,112810.5,113120.0,119333691.91590014
2025-08-05 17:14:59.977000+00:00,2025-08-05 17:00:00+00:00,continuous,113120.1,113208.3,113034.4,113188.1,79791335.43809967
2025-08-05 17:29:59.826000+00:00,2025-08-05 17:15:00+00:00,continuous,113188.0,113442.1,113144.0,113340.1,155434711.58610052
2025-08-05 17:44:59.849000+00:00,2025-08-05 17:30:00+00:00,continuous,113340.0,113480.0,113248.5,113287.4,135807513.4057998
2025-08-05 17:59:59.659000+00:00,2025-08-05 17:45:00+00:00,continuous,113287.3,113641.2,113200.0,113579.7,181018051.83020008
2025-08-05 18:14:59.551000+00:00,2025-08-05 18:00:00+00:00,continuous,113579.7,113613.5,113450.0,113450.0,72563160.68840007
2025-08-05 18:29:59.162000+00:00,2025-08-05 18:15:00+00:00,continuous,113450.0,113565.0,113327.0,113399.9,78633821.08189964
2025-08-05 18:44:59.741000+00:00,2025-08-05 18:30:00+00:00,continuous,113399.9,113473.6,113309.9,113337.8,56997812.83429996
2025-08-05 18:59:59.721000+00:00,2025-08-05 18:45:00+00:00,continuous,113338.2,113597.6,113195.9,113595.9,127034072.99689989
2025-08-05 19:14:59.843000+00:00,2025-08-05 19:00:00+00:00,continuous,113595.9,113731.7,113550.0,113553.5,146393389.18769944
2025-08-05 19:29:58.796000+00:00,2025-08-05 19:15:00+00:00,continuous,113553.5,113662.7,113500.8,113550.4,56846514.29579986
2025-08-05 19:44:59.964000+00:00,2025-08-05 19:30:00+00:00,continuous,113550.4,113634.0,113535.6,113542.7,38843975.84040004
2025-08-05 19:59:59.438000+00:00,2025-08-05 19:45:00+00:00,continuous,113542.8,113669.9,113343.6,113573.1,94002422.70190038
2025-08-05 20:14:59.721000+00:00,2025-08-05 20:00:00+00:00,continuous,113573.8,113770.0,113573.8,113770.0,63045926.71840014
2025-08-05 20:29:59.824000+00:00,2025-08-05 20:15:00+00:00,continuous,113769.9,113947.8,113730.8,113945.6,114270080.69330047
2025-08-05 20:44:59.898000+00:00,2025-08-05 20:30:00+00:00,continuous,113945.7,113948.0,113561.0,113611.0,94877531.05370012
2025-08-05 20:59:59.579000+00:00,2025-08-05 20:45:00+00:00,continuous,113611.0,113656.5,113443.9,113655.8,102795892.74539961
2025-08-05 21:14:59.378000+00:00,2025-08-05 21:00:00+00:00,continuous,113655.8,113833.0,113615.0,113616.6,68702254.40829957
2025-08-05 21:29:59.499000+00:00,2025-08-05 21:15:00+00:00,continuous,113616.7,113800.0,113564.6,113786.9,70363047.19899996
2025-08-05 21:44:59.592000+00:00,2025-08-05 21:30:00+00:00,continuous,113786.9,113800.0,113624.6,113624.6,30992566.603200052
2025-08-05 21:59:59.911000+00:00,2025-08-05 21:45:00+00:00,continuous,113624.6,113624.6,113509.6,113544.0,38813194.76339993
2025-08-05 22:14:59.591000+00:00,2025-08-05 22:00:00+00:00,continuous,113544.0,113756.5,113240.1,113729.4,212849963.8490001
2025-08-05 22:29:59.960000+00:00,2025-08-05 22:15:00+00:00,continuous,113729.3,113827.0,113674.3,113827.0,64513834.589899786
2025-08-05 22:44:59.779000+00:00,2025-08-05 22:30:00+00:00,continuous,113826.9,113895.8,113787.0,113895.8,97921887.09240021
2025-08-05 22:59:59.991000+00:00,2025-08-05 22:45:00+00:00,continuous,113895.8,113944.6,113853.7,113910.0,48061487.17959997
2025-08-05 23:14:59.870000+00:00,2025-08-05 23:00:00+00:00,continuous,113910.0,114041.2,113866.4,114034.7,96671831.48420072
2025-08-05 23:29:59.429000+00:00,2025-08-05 23:15:00+00:00,continuous,114034.7,114100.0,113968.0,114004.3,96082438.96570078
2025-08-05 23:44:59.528000+00:00,2025-08-05 23:30:00+00:00,continuous,114004.4,114178.4,113984.1,114123.1,66224049.71660001
2025-08-05 23:59:59.709000+00:00,2025-08-05 23:45:00+00:00,continuous,114123.0,114133.4,114053.5,114069.6,41307683.43940002
2025-08-06 00:14:59.549000+00:00,2025-08-06 00:00:00+00:00,continuous,114069.6,114091.3,113902.4,114008.0,77537057.25369948
2025-08-06 00:29:59.196000+00:00,2025-08-06 00:15:00+00:00,continuous,114008.0,114008.0,113869.8,113900.0,57520249.42850003
2025-08-06 00:44:59.987000+00:00,2025-08-06 00:30:00+00:00,continuous,113899.9,113986.6,113821.9,113899.0,71201852.57590026
2025-08-06 00:59:59.777000+00:00,2025-08-06 00:45:00+00:00,continuous,113898.9,113898.9,113694.0,113834.5,90147467.00779961
2025-08-06 01:14:59.629000+00:00,2025-08-06 01:00:00+00:00,continuous,113834.5,113893.7,113723.0,113803.8,58978415.89080008
2025-08-06 01:29:59.739000+00:00,2025-08-06 01:15:00+00:00,continuous,113803.9,113842.0,113538.4,113549.4,103762068.20379995
2025-08-06 01:44:59.536000+00:00,2025-08-06 01:30:00+00:00,continuous,113549.3,113834.6,113534.3,113733.3,103836582.16910046
2025-08-06 01:59:59.703000+00:00,2025-08-06 01:45:00+00:00,continuous,113733.3,113846.1,113620.4,113777.3,59986475.23710008
2025-08-06 02:14:59.967000+00:00,2025-08-06 02:00:00+00:00,continuous,113777.2,113789.1,113444.8,113592.3,74647304.43040025
2025-08-06 02:29:59.594000+00:00,2025-08-06 02:15:00+00:00,continuous,113592.2,113707.0,113560.9,113638.9,45390555.70660001
2025-08-06 02:44:59.510000+00:00,2025-08-06 02:30:00+00:00,continuous,113639.0,113693.4,113487.1,113626.9,58029502.66609978
2025-08-06 02:59:59.609000+00:00,2025-08-06 02:45:00+00:00,continuous,113626.9,113653.8,113520.7,113588.7,40331975.583400086
2025-08-06 03:14:59.898000+00:00,2025-08-06 03:00:00+00:00,continuous,113588.8,113621.8,113444.8,113574.3,52872487.648300014
2025-08-06 03:29:59.341000+00:00,2025-08-06 03:15:00+00:00,continuous,113574.3,113574.3,113355.5,113397.8,74589167.48579988
2025-08-06 03:44:59.335000+00:00,2025-08-06 03:30:00+00:00,continuous,113397.8,113514.9,113385.0,113514.9,46025953.350700125
2025-08-06 03:59:59.633000+00:00,2025-08-06 03:45:00+00:00,continuous,113514.9,113580.8,113470.1,113470.1,29605675.83120007
2025-08-06 04:14:59.931000+00:00,2025-08-06 04:00:00+00:00,continuous,113470.2,113547.6,113345.0,113351.0,87709294.02369994
2025-08-06 04:29:59.202000+00:00,2025-08-06 04:15:00+00:00,continuous,113351.1,113463.4,113321.8,113416.9,64210997.87109999
2025-08-06 04:44:59.742000+00:00,2025-08-06 04:30:00+00:00,continuous,113417.0,113438.2,113304.5,113371.6,51516888.852800004
2025-08-06 04:59:58.686000+00:00,2025-08-06 04:45:00+00:00,continuous,113371.7,113445.3,113335.1,113385.7,39821500.15959986
2025-08-06 05:14:59.900000+00:00,2025-08-06 05:00:00+00:00,continuous,113385.8,113898.7,113340.3,113896.8,161984969.61880115
2025-08-06 05:29:59.700000+00:00,2025-08-06 05:15:00+00:00,continuous,113896.7,114107.6,113756.3,113882.6,275012620.33309937
2025-08-06 05:44:59.892000+00:00,2025-08-06 05:30:00+00:00,continuous,113882.5,114390.2,113882.5,114203.1,281360975.6504985
2025-08-06 05:59:59.388000+00:00,2025-08-06 05:45:00+00:00,continuous,114203.1,114288.0,114068.6,114114.8,126773321.23500033
2025-08-06 06:14:58.700000+00:00,2025-08-06 06:00:00+00:00,continuous,114114.8,114144.4,113878.8,113957.8,95161041.47230037
2025-08-06 06:29:58.113000+00:00,2025-08-06 06:15:00+00:00,continuous,113957.8,114063.6,113880.2,113943.6,57229779.24740019
2025-08-06 06:44:59.543000+00:00,2025-08-06 06:30:00+00:00,continuous,113943.6,114100.0,113880.9,114019.3,53932646.82359994
2025-08-06 06:59:59.766000+00:00,2025-08-06 06:45:00+00:00,continuous,114019.3,114159.3,113980.0,114042.2,52858461.289400004
2025-08-06 07:14:59.950000+00:00,2025-08-06 07:00:00+00:00,continuous,114042.3,114256.6,113965.4,114200.0,107493711.20479977
2025-08-06 07:29:59.922000+00:00,2025-08-06 07:15:00+00:00,continuous,114200.0,114259.1,114143.5,114240.6,53097880.58610015
2025-08-06 07:44:59.698000+00:00,2025-08-06 07:30:00+00:00,continuous,114240.6,114246.3,114049.4,114125.9,75906587.45249954
2025-08-06 07:59:59.835000+00:00,2025-08-06 07:45:00+00:00,continuous,114125.9,114197.2,114100.6,114179.2,50369210.41569996
2025-08-06 08:14:59.791000+00:00,2025-08-06 08:00:00+00:00,continuous,114179.2,114213.6,113971.5,114006.1,132100260.77040036
2025-08-06 08:29:59.733000+00:00,2025-08-06 08:15:00+00:00,continuous,114006.1,114088.7,113936.1,114010.3,54316485.31439976
2025-08-06 08:44:59.838000+00:00,2025-08-06 08:30:00+00:00,continuous,114010.4,114010.4,113704.0,113725.0,131549318.72640039
2025-08-06 08:59:59.517000+00:00,2025-08-06 08:45:00+00:00,continuous,113725.0,113922.0,113663.3,113900.1,106447690.00740036
2025-08-06 09:14:59.994000+00:00,2025-08-06 09:00:00+00:00,continuous,113900.1,114140.9,113862.5,114134.7,88192592.4389003
2025-08-06 09:29:59.575000+00:00,2025-08-06 09:15:00+00:00,continuous,114134.8,114337.1,114049.6,114056.7,169262670.13030034
2025-08-06 09:44:59.664000+00:00,2025-08-06 09:30:00+00:00,continuous,114056.6,114066.9,113897.0,113935.2,64449025.45019992
2025-08-06 09:59:59.280000+00:00,2025-08-06 09:45:00+00:00,continuous,113935.3,114109.3,113924.3,114049.6,38747674.45860008
2025-08-06 10:14:59.709000+00:00,2025-08-06 10:00:00+00:00,continuous,114049.5,114187.2,113989.2,114078.0,74459409.23730019
2025-08-06 10:29:59.253000+00:00,2025-08-06 10:15:00+00:00,continuous,114078.0,114180.7,113835.3,113930.2,101235473.46040013
2025-08-06 10:44:59.524000+00:00,2025-08-06 10:30:00+00:00,continuous,113930.3,114097.6,113884.9,114085.8,55518096.97909989
2025-08-06 10:59:59.628000+00:00,2025-08-06 10:45:00+00:00,continuous,114085.8,114097.0,113973.7,114019.2,37545847.98150008
2025-08-06 11:14:59.970000+00:00,2025-08-06 11:00:00+00:00,continuous,114019.2,114112.0,113953.2,114100.2,76141519.28600043
2025-08-06 11:29:59.623000+00:00,2025-08-06 11:15:00+00:00,continuous,114100.2,114212.5,114100.2,114209.9,57779418.06480027
2025-08-06 11:44:59.580000+00:00,2025-08-06 11:30:00+00:00,continuous,114210.0,114372.7,114209.7,114269.4,122880716.21950015
2025-08-06 11:59:59.947000+00:00,2025-08-06 11:45:00+00:00,continuous,114269.5,114269.5,114126.6,114188.0,35925720.95050002
2025-08-06 12:14:59.743000+00:00,2025-08-06 12:00:00+00:00,continuous,114187.9,114289.3,113878.0,113903.7,91994476.19250046
2025-08-06 12:29:59.994000+00:00,2025-08-06 12:15:00+00:00,continuous,113903.6,114153.8,113743.1,114015.2,171874648.19790003
2025-08-06 12:44:59.529000+00:00,2025-08-06 12:30:00+00:00,continuous,114015.2,114211.4,114002.0,114006.6,56127337.37839983
2025-08-06 12:59:59.982000+00:00,2025-08-06 12:45:00+00:00,continuous,114006.6,114049.3,113825.0,113872.7,126670323.56719998
2025-08-06 13:14:59.885000+00:00,2025-08-06 13:00:00+00:00,continuous,113872.7,113985.2,113769.2,113840.9,118322144.79069988
2025-08-06 13:29:59.690000+00:00,2025-08-06 13:15:00+00:00,continuous,113840.9,113923.0,113772.5,113869.6,58113665.931500115
2025-08-06 13:44:59.994000+00:00,2025-08-06 13:30:00+00:00,continuous,113869.6,114174.9,113520.0,114132.6,385039339.7392994
2025-08-06 13:59:59.917000+00:00,2025-08-06 13:45:00+00:00,continuous,114133.0,114364.7,113846.1,114218.6,398900079.1279972
2025-08-06 14:14:59.989000+00:00,2025-08-06 14:00:00+00:00,continuous,114218.5,114459.4,114180.5,114197.4,251675597.21319842
2025-08-06 14:29:59.945000+00:00,2025-08-06 14:15:00+00:00,continuous,114197.5,114296.0,113807.4,114050.0,259166943.6229004
2025-08-06 14:44:59.456000+00:00,2025-08-06 14:30:00+00:00,continuous,114049.9,114330.4,113964.3,114246.1,131119647.83069968
2025-08-06 14:59:59.980000+00:00,2025-08-06 14:45:00+00:00,continuous,114246.2,115179.2,114095.0,115142.7,743324051.1875991
2025-08-06 15:14:59.968000+00:00,2025-08-06 15:00:00+00:00,continuous,115142.6,115266.0,114775.5,114985.5,658398838.9071056
2025-08-06 15:29:59.778000+00:00,2025-08-06 15:15:00+00:00,continuous,114985.4,115035.0,114814.5,114895.0,181466097.94800058
2025-08-06 15:44:59.952000+00:00,2025-08-06 15:30:00+00:00,continuous,114895.1,115299.0,114884.9,115166.5,304020300.9810997
2025-08-06 15:59:59.951000+00:00,2025-08-06 15:45:00+00:00,continuous,115166.6,115488.0,115071.7,115366.3,391256942.258199
2025-08-06 16:14:59.985000+00:00,2025-08-06 16:00:00+00:00,continuous,115366.2,115438.3,115090.8,115152.5,385263867.3354985
2025-08-06 16:29:59.523000+00:00,2025-08-06 16:15:00+00:00,continuous,115152.5,115222.9,114984.4,115088.5,168452558.04370028
2025-08-06 16:44:59.738000+00:00,2025-08-06 16:30:00+00:00,continuous,115088.4,115167.3,114901.0,114906.8,130328054.12469974
2025-08-06 16:59:59.525000+00:00,2025-08-06 16:45:00+00:00,continuous,114906.7,115124.6,114867.0,115088.5,150575800.9030003
2025-08-06 17:14:59.884000+00:00,2025-08-06 17:00:00+00:00,continuous,115088.4,115143.0,114972.9,115119.0,90342032.87600018
2025-08-06 17:29:59.744000+00:00,2025-08-06 17:15:00+00:00,continuous,115119.0,115319.4,115112.3,115319.4,122952452.99949989
2025-08-06 17:44:59.847000+00:00,2025-08-06 17:30:00+00:00,continuous,115319.3,115422.0,115183.6,115418.3,87489026.34609933
2025-08-06 17:59:59.602000+00:00,2025-08-06 17:45:00+00:00,continuous,115418.3,115475.2,115332.4,115465.6,101890507.20920023
2025-08-06 18:14:59.852000+00:00,2025-08-06 18:00:00+00:00,continuous,115465.6,115661.3,115465.5,115650.9,234599132.6933002
2025-08-06 18:29:59.907000+00:00,2025-08-06 18:15:00+00:00,continuous,115650.9,115674.2,115381.1,115381.1,157584272.23609978
2025-08-06 18:44:59.875000+00:00,2025-08-06 18:30:00+00:00,continuous,115381.1,115532.6,115211.5,115281.0,156835000.75680053
2025-08-06 18:59:59.628000+00:00,2025-08-06 18:45:00+00:00,continuous,115281.0,115449.5,115262.0,115378.8,70560111.27610001
2025-08-06 19:14:59.998000+00:00,2025-08-06 19:00:00+00:00,continuous,115378.7,115484.0,115293.8,115359.6,76787944.69659987
2025-08-06 19:29:59.960000+00:00,2025-08-06 19:15:00+00:00,continuous,115359.6,115443.5,115336.4,115351.7,42702420.06080011
2025-08-06 19:44:59.992000+00:00,2025-08-06 19:30:00+00:00,continuous,115351.7,115361.7,115209.6,115209.6,76450018.49530071
2025-08-06 19:59:59.695000+00:00,2025-08-06 19:45:00+00:00,continuous,115209.6,115243.2,115072.3,115215.1,94429235.30929986
2025-08-06 20:14:58.578000+00:00,2025-08-06 20:00:00+00:00,continuous,115215.0,115228.5,115094.0,115178.3,47906530.6260999
2025-08-06 20:29:59.972000+00:00,2025-08-06 20:15:00+00:00,continuous,115178.3,115183.5,115130.9,115131.0,27495250.1519
2025-08-06 20:44:59.486000+00:00,2025-08-06 20:30:00+00:00,continuous,115131.0,115131.0,114950.1,115019.6,111594399.26450045
2025-08-06 20:59:59.499000+00:00,2025-08-06 20:45:00+00:00,continuous,115019.5,115057.7,114977.2,114989.5,40329665.33180005
2025-08-06 21:14:59.959000+00:00,2025-08-06 21:00:00+00:00,continuous,114989.6,115183.3,114971.2,115182.5,58205371.655199714
2025-08-06 21:29:59.641000+00:00,2025-08-06 21:15:00+00:00,continuous,115182.4,115182.5,115080.5,115080.5,43279137.293899916
2025-08-06 21:44:59.702000+00:00,2025-08-06 21:30:00+00:00,continuous,115080.5,115080.6,114732.8,114860.7,116462524.21910058
2025-08-06 21:59:59.538000+00:00,2025-08-06 21:45:00+00:00,continuous,114860.7,115010.5,114860.6,115010.5,41693444.710999854
2025-08-06 22:14:59.294000+00:00,2025-08-06 22:00:00+00:00,continuous,115010.5,115166.6,115010.1,115100.3,75136799.5016999
2025-08-06 22:29:59.605000+00:00,2025-08-06 22:15:00+00:00,continuous,115100.4,115130.4,114988.2,115044.3,34724389.75410001
2025-08-06 22:44:59.956000+00:00,2025-08-06 22:30:00+00:00,continuous,115044.3,115118.2,114988.0,115014.5,25745780.900999986
2025-08-06 22:59:59.952000+00:00,2025-08-06 22:45:00+00:00,continuous,115014.5,115117.7,115005.6,115046.4,32969210.58169994
2025-08-06 23:14:59.735000+00:00,2025-08-06 23:00:00+00:00,continuous,115046.4,115065.6,114980.3,115003.3,24806817.403199952
2025-08-06 23:29:59.964000+00:00,2025-08-06 23:15:00+00:00,continuous,115003.4,115030.8,114923.2,114949.3,26405741.6297998
2025-08-06 23:44:58.581000+00:00,2025-08-06 23:30:00+00:00,continuous,114949.3,114990.1,114919.6,114924.7,40799016.9498999
2025-08-06 23:59:59.921000+00:00,2025-08-06 23:45:00+00:00,continuous,114924.7,114987.1,114911.0,114941.0,41401611.74770016
2025-08-07 00:14:59.538000+00:00,2025-08-07 00:00:00+00:00,continuous,114941.0,114941.0,114853.6,114900.0,57590198.08259979
2025-08-07 00:29:59.912000+00:00,2025-08-07 00:15:00+00:00,continuous,114899.9,114900.0,114815.1,114899.0,31817717.83589986
2025-08-07 00:44:59.805000+00:00,2025-08-07 00:30:00+00:00,continuous,114898.9,114970.2,114868.0,114869.0,55669452.10039979
2025-08-07 00:59:59.237000+00:00,2025-08-07 00:45:00+00:00,continuous,114869.0,114884.3,114810.0,114847.2,31441171.858200174
2025-08-07 01:14:59.719000+00:00,2025-08-07 01:00:00+00:00,continuous,114847.2,114900.0,114818.1,114876.9,34289670.21550001
2025-08-07 01:29:59.807000+00:00,2025-08-07 01:15:00+00:00,continuous,114876.9,115144.0,114868.6,115100.1,81574410.73439966
2025-08-07 01:44:59.321000+00:00,2025-08-07 01:30:00+00:00,continuous,115100.1,115144.0,114954.2,114962.4,73832324.97720014
2025-08-07 01:59:59.582000+00:00,2025-08-07 01:45:00+00:00,continuous,114962.3,114962.4,114520.0,114703.6,192593616.66060045
2025-08-07 02:14:59.551000+00:00,2025-08-07 02:00:00+00:00,continuous,114703.6,114798.7,114591.8,114793.0,121373400.29420052
2025-08-07 02:29:58.986000+00:00,2025-08-07 02:15:00+00:00,continuous,114792.9,114828.7,114714.5,114748.0,50340009.34330033
2025-08-07 02:44:59.958000+00:00,2025-08-07 02:30:00+00:00,continuous,114748.0,114748.0,114538.8,114538.9,81302264.26859964
2025-08-07 02:59:59.825000+00:00,2025-08-07 02:45:00+00:00,continuous,114538.8,114575.0,114333.6,114507.2,197983292.6848005
2025-08-07 03:14:59.762000+00:00,2025-08-07 03:00:00+00:00,continuous,114507.2,114510.0,114386.6,114396.3,64668004.28619977
2025-08-07 03:29:59.980000+00:00,2025-08-07 03:15:00+00:00,continuous,114396.3,114469.6,114347.3,114469.5,72898758.02560003
2025-08-07 03:44:59.686000+00:00,2025-08-07 03:30:00+00:00,continuous,114469.5,114540.0,114469.4,114521.6,64103715.43210001
2025-08-07 03:59:59.331000+00:00,2025-08-07 03:45:00+00:00,continuous,114521.6,114578.5,114493.5,114500.8,32632921.851099998
2025-08-07 04:14:59.560000+00:00,2025-08-07 04:00:00+00:00,continuous,114500.9,114615.3,114459.6,114528.7,53551672.54059989
2025-08-07 04:29:59.545000+00:00,2025-08-07 04:15:00+00:00,continuous,114528.7,114569.1,114491.2,114491.2,37964425.60639981
2025-08-07 04:44:59.922000+00:00,2025-08-07 04:30:00+00:00,continuous,114491.3,114505.7,114351.2,114396.7,83523766.26099993
2025-08-07 04:59:59.861000+00:00,2025-08-07 04:45:00+00:00,continuous,114396.6,114396.7,114211.4,114308.5,133917137.58189969
2025-08-07 05:14:59.940000+00:00,2025-08-07 05:00:00+00:00,continuous,114308.5,114319.9,114222.0,114309.0,73274643.3350001
2025-08-07 05:29:59.589000+00:00,2025-08-07 05:15:00+00:00,continuous,114309.1,114511.9,114309.0,114413.3,115124495.52380015
2025-08-07 05:44:59.292000+00:00,2025-08-07 05:30:00+00:00,continuous,114413.4,114500.1,114413.3,114495.5,84506129.43009995
2025-08-07 05:59:59.923000+00:00,2025-08-07 05:45:00+00:00,continuous,114495.6,114530.0,114421.1,114530.0,64148616.340399936
2025-08-07 06:14:59.715000+00:00,2025-08-07 06:00:00+00:00,continuous,114529.9,114676.0,114491.0,114620.9,120031513.92689994
2025-08-07 06:29:59.683000+00:00,2025-08-07 06:15:00+00:00,continuous,114620.8,114637.7,114506.8,114506.9,71584844.26210019
2025-08-07 06:44:58.801000+00:00,2025-08-07 06:30:00+00:00,continuous,114506.9,114537.4,114450.2,114534.1,48841495.33930004
2025-08-07 06:59:59.682000+00:00,2025-08-07 06:45:00+00:00,continuous,114534.2,114749.9,114534.1,114603.0,96009442.22020029
2025-08-07 07:14:59.053000+00:00,2025-08-07 07:00:00+00:00,continuous,114603.1,114743.0,114591.4,114743.0,66227658.19860005
2025-08-07 07:29:59.911000+00:00,2025-08-07 07:15:00+00:00,continuous,114743.0,114834.4,114708.6,114788.0,74514718.8360003
2025-08-07 07:44:59.097000+00:00,2025-08-07 07:30:00+00:00,continuous,114788.0,114801.8,114696.1,114696.1,51559324.24270001
2025-08-07 07:59:59.748000+00:00,2025-08-07 07:45:00+00:00,continuous,114696.2,114753.8,114696.1,114751.1,48278337.26330022
2025-08-07 08:14:59.806000+00:00,2025-08-07 08:00:00+00:00,continuous,114751.2,114987.7,114750.0,114900.9,172961183.0125996
2025-08-07 08:29:59.977000+00:00,2025-08-07 08:15:00+00:00,continuous,114900.9,115149.7,114888.8,115117.1,155172926.74329957
2025-08-07 08:44:59.480000+00:00,2025-08-07 08:30:00+00:00,continuous,115117.2,115117.2,114939.0,115010.5,88805293.70889986
2025-08-07 08:59:59.743000+00:00,2025-08-07 08:45:00+00:00,continuous,115010.5,115020.0,114904.2,114913.3,56543575.16130027
2025-08-07 09:14:59.880000+00:00,2025-08-07 09:00:00+00:00,continuous,114913.3,114993.8,114824.0,114866.5,103194580.08319944
2025-08-07 09:29:59.374000+00:00,2025-08-07 09:15:00+00:00,continuous,114866.5,114979.0,114794.9,114978.9,70165594.33789968
2025-08-07 09:44:58.656000+00:00,2025-08-07 09:30:00+00:00,continuous,114979.0,114982.0,114842.0,114956.0,48828162.83950013
2025-08-07 09:59:59.180000+00:00,2025-08-07 09:45:00+00:00,continuous,114956.0,115040.7,114924.2,115020.4,67462602.44659969
2025-08-07 10:14:59.993000+00:00,2025-08-07 10:00:00+00:00,continuous,115020.5,115529.0,114988.8,115452.4,465434103.7197011
2025-08-07 10:29:59.920000+00:00,2025-08-07 10:15:00+00:00,continuous,115452.4,115838.7,115425.0,115824.9,725953586.8962959
2025-08-07 10:44:59.992000+00:00,2025-08-07 10:30:00+00:00,continuous,115824.8,116352.0,115787.5,116347.0,1111881720.9245007
2025-08-07 10:59:59.934000+00:00,2025-08-07 10:45:00+00:00,continuous,116346.9,116386.6,116201.5,116291.4,363068458.05680156
2025-08-07 11:14:59.968000+00:00,2025-08-07 11:00:00+00:00,continuous,116291.5,116462.7,116291.5,116432.3,330987947.3411007
2025-08-07 11:29:59.917000+00:00,2025-08-07 11:15:00+00:00,continuous,116432.3,116759.6,116381.1,116759.6,423263021.03430057
2025-08-07 11:44:59.973000+00:00,2025-08-07 11:30:00+00:00,continuous,116759.6,116782.6,116475.8,116588.4,341805242.4951983
2025-08-07 11:59:59.950000+00:00,2025-08-07 11:45:00+00:00,continuous,116588.4,116758.0,116448.6,116469.1,224064808.5601979
2025-08-07 12:14:59.563000+00:00,2025-08-07 12:00:00+00:00,continuous,116469.1,116547.1,116221.7,116244.2,345271521.8528051
2025-08-07 12:29:59.683000+00:00,2025-08-07 12:15:00+00:00,continuous,116244.2,116408.5,116208.8,116339.3,154787386.25160006
2025-08-07 12:44:59.718000+00:00,2025-08-07 12:30:00+00:00,continuous,116339.3,116430.0,116163.4,116198.0,170491167.2995001
2025-08-07 12:59:59.933000+00:00,2025-08-07 12:45:00+00:00,continuous,116198.0,116360.6,115950.1,116323.8,258832792.39109945
2025-08-07 13:14:59.859000+00:00,2025-08-07 13:00:00+00:00,continuous,116323.8,116376.9,116178.4,116191.2,96628218.1637
2025-08-07 13:29:59.995000+00:00,2025-08-07 13:15:00+00:00,continuous,116191.1,116400.0,116143.6,116361.1,118294091.69830036
2025-08-07 13:44:59.888000+00:00,2025-08-07 13:30:00+00:00,continuous,116361.2,116740.3,116272.7,116563.2,365561269.22040063
2025-08-07 13:59:59.855000+00:00,2025-08-07 13:45:00+00:00,continuous,116563.1,116653.4,116362.3,116590.7,179515377.19039991
2025-08-07 14:14:59.868000+00:00,2025-08-07 14:00:00+00:00,continuous,116590.7,116631.6,116180.0,116215.9,223185880.80559966
2025-08-07 14:29:59.865000+00:00,2025-08-07 14:15:00+00:00,continuous,116215.8,116435.0,116212.3,116301.3,124909232.90319933
2025-08-07 14:44:59.955000+00:00,2025-08-07 14:30:00+00:00,continuous,116301.4,116615.1,116145.0,116392.6,235147263.58029914
2025-08-07 14:59:59.981000+00:00,2025-08-07 14:45:00+00:00,continuous,116392.5,116464.0,116200.0,116313.2,149550352.05510044
2025-08-07 15:14:58.614000+00:00,2025-08-07 15:00:00+00:00,continuous,116313.2,116442.7,116173.7,116347.2,101827273.01709989
2025-08-07 15:29:59.857000+00:00,2025-08-07 15:15:00+00:00,continuous,116347.2,116547.8,116290.3,116485.1,97399292.91069998
2025-08-07 15:44:59.756000+00:00,2025-08-07 15:30:00+00:00,continuous,116485.2,116699.0,116450.1,116697.3,135372916.36659998
2025-08-07 15:59:59.582000+00:00,2025-08-07 15:45:00+00:00,continuous,116697.3,116747.6,116530.0,116634.6,150047364.45769992
2025-08-07 16:14:59.937000+00:00,2025-08-07 16:00:00+00:00,continuous,116634.6,116684.2,116462.5,116601.1,119758744.01589955
2025-08-07 16:29:59.521000+00:00,2025-08-07 16:15:00+00:00,continuous,116601.0,116711.8,116496.4,116626.4,77343873.47599983
2025-08-07 16:44:59.972000+00:00,2025-08-07 16:30:00+00:00,continuous,116626.4,116670.2,116025.3,116051.4,235084242.7631011
2025-08-07 16:59:59.635000+00:00,2025-08-07 16:45:00+00:00,continuous,116051.5,116265.0,115555.2,116199.2,658470724.8806946
2025-08-07 17:14:59.854000+00:00,2025-08-07 17:00:00+00:00,continuous,116199.2,116412.6,116051.9,116333.5,199087234.1025998
2025-08-07 17:29:59.780000+00:00,2025-08-07 17:15:00+00:00,continuous,116333.5,116518.2,116286.2,116341.5,185025318.28810003
2025-08-07 17:44:59.630000+00:00,2025-08-07 17:30:00+00:00,continuous,116341.6,116439.6,116139.8,116342.1,100814243.88409999
2025-08-07 17:59:59.014000+00:00,2025-08-07 17:45:00+00:00,continuous,116342.0,116497.0,116298.9,116451.2,67298311.97780007
2025-08-07 18:14:59.764000+00:00,2025-08-07 18:00:00+00:00,continuous,116451.2,116493.6,116111.0,116170.5,125889245.73559998
2025-08-07 18:29:59.722000+00:00,2025-08-07 18:15:00+00:00,continuous,116170.4,116341.8,116100.0,116296.5,89666825.06139956
2025-08-07 18:44:59.951000+00:00,2025-08-07 18:30:00+00:00,continuous,116296.5,116330.0,116186.9,116211.1,103782003.65019971
2025-08-07 18:59:59.595000+00:00,2025-08-07 18:45:00+00:00,continuous,116211.0,116537.8,116188.0,116504.6,232605456.59509993
2025-08-07 19:14:59.926000+00:00,2025-08-07 19:00:00+00:00,continuous,116504.5,116598.0,116427.5,116495.0,119497532.08950022
2025-08-07 19:29:59.452000+00:00,2025-08-07 19:15:00+00:00,continuous,116495.0,116676.1,116437.2,116646.9,137506579.6830003
2025-08-07 19:44:59.900000+00:00,2025-08-07 19:30:00+00:00,continuous,116647.0,117099.0,116622.3,117099.0,460432155.5029031
2025-08-07 19:59:59.785000+00:00,2025-08-07 19:45:00+00:00,continuous,117098.9,117487.2,117098.9,117407.6,757102876.4555042
2025-08-07 20:14:59.978000+00:00,2025-08-07 20:00:00+00:00,continuous,117407.5,117450.0,117210.6,117245.1,205554272.34290045
2025-08-07 20:29:59.868000+00:00,2025-08-07 20:15:00+00:00,continuous,117245.0,117421.4,117205.0,117363.5,146136203.71130022
2025-08-07 20:44:59.966000+00:00,2025-08-07 20:30:00+00:00,continuous,117363.6,117402.9,117252.5,117271.3,95895162.66900046
2025-08-07 20:59:59.869000+00:00,2025-08-07 20:45:00+00:00,continuous,117271.4,117279.1,117073.3,117120.4,177583167.9209998
2025-08-07 21:14:59.110000+00:00,2025-08-07 21:00:00+00:00,continuous,117120.4,117299.8,117120.4,117283.5,71118913.03039977
2025-08-07 21:29:59.565000+00:00,2025-08-07 21:15:00+00:00,continuous,117283.6,117299.7,117206.4,117257.9,46381400.72129958
2025-08-07 21:44:59.548000+00:00,2025-08-07 21:30:00+00:00,continuous,117257.9,117277.5,116942.2,117056.8,95639299.47160062
2025-08-07 21:59:59.818000+00:00,2025-08-07 21:45:00+00:00,continuous,117056.8,117254.7,117000.0,117029.9,81676181.39570008
2025-08-07 22:14:59.655000+00:00,2025-08-07 22:00:00+00:00,continuous,117029.9,117425.0,117020.8,117403.2,157786290.80940032
2025-08-07 22:29:59.854000+00:00,2025-08-07 22:15:00+00:00,continuous,117403.3,117461.8,117225.2,117435.6,155397294.03180012
2025-08-07 22:44:59.397000+00:00,2025-08-07 22:30:00+00:00,continuous,117435.7,117435.7,117262.9,117373.2,74697770.34930064
2025-08-07 22:59:59.788000+00:00,2025-08-07 22:45:00+00:00,continuous,117373.2,117580.0,117354.1,117500.1,215736948.48290014
2025-08-07 23:14:59.755000+00:00,2025-08-07 23:00:00+00:00,continuous,117500.1,117523.5,117317.6,117317.7,118876600.09239969
2025-08-07 23:29:59.795000+00:00,2025-08-07 23:15:00+00:00,continuous,117317.6,117345.9,117255.1,117258.1,53576018.47850001
2025-08-07 23:44:59.996000+00:00,2025-08-07 23:30:00+00:00,continuous,117258.1,117343.7,117230.7,117343.7,50811789.76059983
2025-08-07 23:59:59.488000+00:00,2025-08-07 23:45:00+00:00,continuous,117343.6,117420.0,117327.0,117419.9,64036393.97450023
2025-08-08 00:14:59.938000+00:00,2025-08-08 00:00:00+00:00,continuous,117419.9,117439.7,117231.3,117305.0,123145141.19059944
2025-08-08 00:29:59.638000+00:00,2025-08-08 00:15:00+00:00,continuous,117305.1,117305.1,116821.8,117087.3,323636188.86140245
2025-08-08 00:44:59.996000+00:00,2025-08-08 00:30:00+00:00,continuous,117087.3,117591.8,116980.0,117508.6,257055955.2128007
2025-08-08 00:59:59.991000+00:00,2025-08-08 00:45:00+00:00,continuous,117508.6,117550.0,117216.4,117216.5,126271321.62059936
2025-08-08 01:14:59.820000+00:00,2025-08-08 01:00:00+00:00,continuous,117216.4,117216.5,116818.1,117120.8,215054161.21309933
2025-08-08 01:29:59.529000+00:00,2025-08-08 01:15:00+00:00,continuous,117120.7,117120.7,116757.4,116873.7,152634612.50950032
2025-08-08 01:44:59.875000+00:00,2025-08-08 01:30:00+00:00,continuous,116873.7,116965.0,116783.1,116793.5,82455821.65959993
2025-08-08 01:59:59.842000+00:00,2025-08-08 01:45:00+00:00,continuous,116793.5,116875.3,116735.5,116843.0,64152150.33029996
2025-08-08 02:14:59.931000+00:00,2025-08-08 02:00:00+00:00,continuous,116843.0,116879.2,116733.3,116838.7,60533326.17470016
2025-08-08 02:29:59.690000+00:00,2025-08-08 02:15:00+00:00,continuous,116838.7,116838.7,116716.8,116740.4,48115017.482799925
2025-08-08 02:44:59.893000+00:00,2025-08-08 02:30:00+00:00,continuous,116740.5,116779.2,116645.6,116700.1,110372325.28840014
2025-08-08 02:59:59.774000+00:00,2025-08-08 02:45:00+00:00,continuous,116700.1,116849.3,116643.9,116655.6,100497427.48289973
2025-08-08 03:14:59.622000+00:00,2025-08-08 03:00:00+00:00,continuous,116655.7,116764.2,116639.9,116760.5,64360658.52240003
2025-08-08 03:29:59.921000+00:00,2025-08-08 03:15:00+00:00,continuous,116760.6,116942.3,116703.0,116875.3,175526306.8478005
2025-08-08 03:44:59.535000+00:00,2025-08-08 03:30:00+00:00,continuous,116875.3,116875.3,116677.0,116699.9,71736282.85530017
2025-08-08 03:59:59.028000+00:00,2025-08-08 03:45:00+00:00,continuous,116699.9,116709.8,116663.7,116692.2,51154863.56849978
2025-08-08 04:14:59.588000+00:00,2025-08-08 04:00:00+00:00,continuous,116692.2,116800.9,116615.3,116765.2,85649385.08729929
2025-08-08 04:29:59.576000+00:00,2025-08-08 04:15:00+00:00,continuous,116765.2,116823.6,116701.0,116734.8,42876465.34100018
2025-08-08 04:44:59.488000+00:00,2025-08-08 04:30:00+00:00,continuous,116734.7,116786.2,116701.2,116701.2,47847381.41010011
2025-08-08 04:59:59.718000+00:00,2025-08-08 04:45:00+00:00,continuous,116701.3,116744.4,116690.8,116700.0,33466980.34600005
2025-08-08 05:14:59.976000+00:00,2025-08-08 05:00:00+00:00,continuous,116700.0,116702.0,116556.1,116606.9,87819375.64459994
2025-08-08 05:29:59.324000+00:00,2025-08-08 05:15:00+00:00,continuous,116606.9,116652.0,116561.3,116607.0,41262897.948800124
2025-08-08 05:44:59.999000+00:00,2025-08-08 05:30:00+00:00,continuous,116606.9,116606.9,116528.0,116529.2,60063363.81830013
2025-08-08 05:59:59.836000+00:00,2025-08-08 05:45:00+00:00,continuous,116529.1,116529.2,116455.8,116484.0,96835601.98139952
2025-08-08 06:14:59.844000+00:00,2025-08-08 06:00:00+00:00,continuous,116484.0,116530.8,116342.0,116524.1,159234793.38729984
2025-08-08 06:29:59.680000+00:00,2025-08-08 06:15:00+00:00,continuous,116524.1,116626.6,116410.2,116593.8,94793910.74409996
2025-08-08 06:44:59.985000+00:00,2025-08-08 06:30:00+00:00,continuous,116593.9,116666.6,116529.5,116666.6,82802859.53680012
2025-08-08 06:59:59.813000+00:00,2025-08-08 06:45:00+00:00,continuous,116666.5,116713.9,116586.5,116686.1,75749874.91710003
2025-08-08 07:14:59.772000+00:00,2025-08-08 07:00:00+00:00,continuous,116686.1,116700.0,116501.7,116616.4,73916053.41969979
2025-08-08 07:29:59.821000+00:00,2025-08-08 07:15:00+00:00,continuous,116616.3,116917.1,116616.3,116917.0,150455996.96469927
2025-08-08 07:44:59.918000+00:00,2025-08-08 07:30:00+00:00,continuous,116917.0,116917.0,116769.7,116773.2,87430771.07969986
2025-08-08 07:59:59.800000+00:00,2025-08-08 07:45:00+00:00,continuous,116773.3,116850.0,116771.7,116772.0,53495472.75690027
2025-08-08 08:14:59.900000+00:00,2025-08-08 08:00:00+00:00,continuous,116772.0,116880.0,116669.0,116859.4,92780274.58860026
2025-08-08 08:29:59.975000+00:00,2025-08-08 08:15:00+00:00,continuous,116859.4,116870.2,116620.2,116623.3,66674305.316499814
2025-08-08 08:44:59.892000+00:00,2025-08-08 08:30:00+00:00,continuous,116623.3,116623.3,116387.4,116485.0,177456663.16680095
2025-08-08 08:59:59.750000+00:00,2025-08-08 08:45:00+00:00,continuous,116485.0,116594.3,116419.0,116570.4,73318364.52219999
2025-08-08 09:14:59.707000+00:00,2025-08-08 09:00:00+00:00,continuous,116570.4,116609.4,116480.0,116536.9,64549012.74740006
2025-08-08 09:29:59.845000+00:00,2025-08-08 09:15:00+00:00,continuous,116536.9,116589.0,116433.6,116491.2,51554677.39779963
2025-08-08 09:44:59.252000+00:00,2025-08-08 09:30:00+00:00,continuous,116491.2,116603.2,116477.8,116554.7,63749688.40380009
2025-08-08 09:59:59.899000+00:00,2025-08-08 09:45:00+00:00,continuous,116554.6,116682.9,116554.6,116628.9,43779073.17769995
2025-08-08 10:14:59.603000+00:00,2025-08-08 10:00:00+00:00,continuous,116628.9,116677.3,116558.5,116568.0,43447657.25770017
2025-08-08 10:29:59.791000+00:00,2025-08-08 10:15:00+00:00,continuous,116568.0,116585.6,116453.3,116453.3,31936980.3009
2025-08-08 10:44:59.581000+00:00,2025-08-08 10:30:00+00:00,continuous,116453.4,116510.7,116407.2,116410.0,43724778.942800105
2025-08-08 10:59:59.945000+00:00,2025-08-08 10:45:00+00:00,continuous,116410.0,116529.7,116256.0,116496.6,163146474.82349965
2025-08-08 11:14:59.685000+00:00,2025-08-08 11:00:00+00:00,continuous,116496.5,116761.2,116494.8,116720.0,83547864.55000044
2025-08-08 11:29:59.588000+00:00,2025-08-08 11:15:00+00:00,continuous,116719.9,116790.2,116703.9,116703.9,57883691.65199975
2025-08-08 11:44:59.817000+00:00,2025-08-08 11:30:00+00:00,continuous,116703.9,116796.3,116703.9,116717.1,39659250.42810008
2025-08-08 11:59:59.944000+00:00,2025-08-08 11:45:00+00:00,continuous,116717.1,116864.0,116692.6,116840.5,75118330.8437995
2025-08-08 12:14:59.885000+00:00,2025-08-08 12:00:00+00:00,continuous,116840.6,116840.6,116533.0,116578.8,108818205.92359968
2025-08-08 12:29:59.803000+00:00,2025-08-08 12:15:00+00:00,continuous,116578.8,116644.0,116514.2,116577.6,62145922.11650033
2025-08-08 12:44:59.808000+00:00,2025-08-08 12:30:00+00:00,continuous,116577.6,116625.6,116510.0,116556.1,43053860.35760011
2025-08-08 12:59:59.602000+00:00,2025-08-08 12:45:00+00:00,continuous,116556.0,116556.0,116447.4,116450.4,86242732.45579912
2025-08-08 13:14:59.711000+00:00,2025-08-08 13:00:00+00:00,continuous,116450.4,116568.5,116450.3,116513.4,56959384.78689988
2025-08-08 13:29:59.958000+00:00,2025-08-08 13:15:00+00:00,continuous,116513.5,116700.0,116479.9,116692.9,62028485.344599985
2025-08-08 13:44:59.847000+00:00,2025-08-08 13:30:00+00:00,continuous,116692.8,116910.6,116466.3,116777.6,160284953.4281005
2025-08-08 13:59:59.962000+00:00,2025-08-08 13:45:00+00:00,continuous,116777.6,116884.8,116634.3,116862.8,254287983.11179927
2025-08-08 14:14:59.798000+00:00,2025-08-08 14:00:00+00:00,continuous,116862.9,117229.9,116591.1,116713.5,554171395.3427018
2025-08-08 14:29:59.552000+00:00,2025-08-08 14:15:00+00:00,continuous,116713.5,116772.4,116573.5,116689.7,161060465.86580023
2025-08-08 14:44:59.670000+00:00,2025-08-08 14:30:00+00:00,continuous,116689.7,116696.4,116311.2,116488.0,259899467.41879866
2025-08-08 14:59:59.717000+00:00,2025-08-08 14:45:00+00:00,continuous,116488.1,116650.2,116370.0,116441.7,154195241.00609964
2025-08-08 15:14:59.850000+00:00,2025-08-08 15:00:00+00:00,continuous,116441.7,116459.0,116150.0,116292.7,233025978.03270128
2025-08-08 15:29:59.925000+00:00,2025-08-08 15:15:00+00:00,continuous,116292.6,116502.4,116162.1,116230.8,155155245.02920067
2025-08-08 15:44:59.917000+00:00,2025-08-08 15:30:00+00:00,continuous,116230.7,116238.5,115850.0,115880.3,403574957.5257987
2025-08-08 15:59:59.970000+00:00,2025-08-08 15:45:00+00:00,continuous,115880.3,116200.0,115852.0,116162.0,242905669.98430085
2025-08-08 16:14:59.868000+00:00,2025-08-08 16:00:00+00:00,continuous,116162.1,116331.9,116031.9,116091.0,217322937.45060003
2025-08-08 16:29:59.992000+00:00,2025-08-08 16:15:00+00:00,continuous,116091.0,116243.9,116017.5,116052.0,109320762.02620065
2025-08-08 16:44:59.533000+00:00,2025-08-08 16:30:00+00:00,continuous,116051.9,116210.3,115949.9,116076.8,115146871.44780052
2025-08-08 16:59:59.801000+00:00,2025-08-08 16:45:00+00:00,continuous,116076.7,116226.0,116076.7,116151.9,74226994.87959993
2025-08-08 17:14:59.918000+00:00,2025-08-08 17:00:00+00:00,continuous,116151.9,116450.0,116103.5,116374.0,194471755.15939978
2025-08-08 17:29:59.725000+00:00,2025-08-08 17:15:00+00:00,continuous,116374.0,116453.8,116258.9,116307.9,95052284.61119908
2025-08-08 17:44:59.483000+00:00,2025-08-08 17:30:00+00:00,continuous,116307.8,116524.6,116307.8,116514.5,99598993.63289985
2025-08-08 17:59:59.887000+00:00,2025-08-08 17:45:00+00:00,continuous,116514.6,116666.0,116470.4,116665.9,114369417.65640026
2025-08-08 18:14:59.999000+00:00,2025-08-08 18:00:00+00:00,continuous,116665.9,116850.0,116649.1,116705.9,247456909.47930095
2025-08-08 18:29:59.922000+00:00,2025-08-08 18:15:00+00:00,continuous,116705.9,116863.9,116551.4,116554.5,159248353.1404997
2025-08-08 18:44:59.728000+00:00,2025-08-08 18:30:00+00:00,continuous,116554.6,116640.0,116309.5,116355.3,260519851.08440015
2025-08-08 18:59:59.903000+00:00,2025-08-08 18:45:00+00:00,continuous,116355.2,116500.0,116277.5,116460.5,82655294.64340025
2025-08-08 19:14:59.974000+00:00,2025-08-08 19:00:00+00:00,continuous,116460.6,116605.5,116436.7,116568.5,74032427.61849962
2025-08-08 19:29:59.936000+00:00,2025-08-08 19:15:00+00:00,continuous,116568.5,116663.6,116406.3,116424.9,98343277.70929982
2025-08-08 19:44:59.586000+00:00,2025-08-08 19:30:00+00:00,continuous,116424.8,116431.4,116277.1,116383.8,84303057.74959938
2025-08-08 19:59:59.958000+00:00,2025-08-08 19:45:00+00:00,continuous,116383.8,116464.6,116331.9,116384.4,73211007.97530025
2025-08-08 20:14:59.453000+00:00,2025-08-08 20:00:00+00:00,continuous,116384.4,116426.7,116250.0,116426.3,68541243.46569984
2025-08-08 20:29:59.517000+00:00,2025-08-08 20:15:00+00:00,continuous,116426.2,116477.9,116341.4,116461.8,42270414.17690005
2025-08-08 20:44:59.144000+00:00,2025-08-08 20:30:00+00:00,continuous,116461.7,116730.3,116461.7,116730.3,102254427.57870002
2025-08-08 20:59:59.907000+00:00,2025-08-08 20:45:00+00:00,continuous,116730.3,116850.1,116726.4,116850.1,104717934.32460018
2025-08-08 21:14:59.592000+00:00,2025-08-08 21:00:00+00:00,continuous,116850.0,116850.0,116731.0,116783.3,69691403.43459971
2025-08-08 21:29:59.807000+00:00,2025-08-08 21:15:00+00:00,continuous,116783.3,116783.4,116683.4,116758.4,44026043.96570011
2025-08-08 21:44:59.992000+00:00,2025-08-08 21:30:00+00:00,continuous,116758.3,116930.0,116753.4,116926.0,103350100.24469985
2025-08-08 21:59:59.542000+00:00,2025-08-08 21:45:00+00:00,continuous,116925.9,116930.0,116865.0,116883.0,32368802.06380013
2025-08-08 22:14:59.499000+00:00,2025-08-08 22:00:00+00:00,continuous,116883.1,116889.2,116701.6,116889.2,79275040.69500004
2025-08-08 22:29:57.964000+00:00,2025-08-08 22:15:00+00:00,continuous,116889.1,116941.5,116858.1,116908.9,34902701.590000026
2025-08-08 22:44:59.540000+00:00,2025-08-08 22:30:00+00:00,continuous,116908.9,116915.0,116807.2,116877.7,39134201.897899754
2025-08-08 22:59:59.257000+00:00,2025-08-08 22:45:00+00:00,continuous,116877.7,116881.7,116822.0,116833.7,25459021.653000027
2025-08-08 23:14:59.553000+00:00,2025-08-08 23:00:00+00:00,continuous,116833.6,116870.0,116799.9,116830.6,32343518.276399948
2025-08-08 23:29:59.945000+00:00,2025-08-08 23:15:00+00:00,continuous,116830.6,116833.9,116745.3,116745.4,31207612.36470015
2025-08-08 23:44:59.583000+00:00,2025-08-08 23:30:00+00:00,continuous,116745.4,116745.4,116600.0,116668.3,71944314.16550049
2025-08-08 23:59:59.733000+00:00,2025-08-08 23:45:00+00:00,continuous,116668.3,116668.8,116618.8,116628.2,24861743.8263999
2025-08-09 00:14:59.990000+00:00,2025-08-09 00:00:00+00:00,continuous,116628.2,116668.8,116570.9,116668.8,80624025.94839971
2025-08-09 00:29:59.934000+00:00,2025-08-09 00:15:00+00:00,continuous,116668.9,116703.6,116611.6,116670.0,33861410.36969993
2025-08-09 00:44:59.501000+00:00,2025-08-09 00:30:00+00:00,continuous,116670.0,116670.1,116566.5,116591.7,37942836.422600016
2025-08-09 00:59:59.586000+00:00,2025-08-09 00:45:00+00:00,continuous,116591.7,116600.0,116516.8,116542.8,35986233.553700015
2025-08-09 01:14:59.498000+00:00,2025-08-09 01:00:00+00:00,continuous,116542.7,116608.8,116500.0,116563.7,31059850.501000024
2025-08-09 01:29:59.954000+00:00,2025-08-09 01:15:00+00:00,continuous,116563.7,116563.7,116479.9,116501.2,25595905.739199962
2025-08-09 01:44:59.868000+00:00,2025-08-09 01:30:00+00:00,continuous,116501.3,116599.9,116501.2,116599.9,30118073.00480004
2025-08-09 01:59:58.933000+00:00,2025-08-09 01:45:00+00:00,continuous,116599.9,116606.0,116517.0,116517.0,25057485.256400216
2025-08-09 02:14:59.923000+00:00,2025-08-09 02:00:00+00:00,continuous,116517.0,116517.1,116370.8,116381.4,58247397.80159988
2025-08-09 02:29:59.728000+00:00,2025-08-09 02:15:00+00:00,continuous,116381.4,116456.2,116360.4,116400.0,43423834.470900156
2025-08-09 02:44:59.579000+00:00,2025-08-09 02:30:00+00:00,continuous,116400.0,116414.8,116336.2,116396.4,35776298.90560001
2025-08-09 02:59:59.847000+00:00,2025-08-09 02:45:00+00:00,continuous,116396.4,116431.2,116349.0,116355.4,31989670.92179989
2025-08-09 03:14:59.626000+00:00,2025-08-09 03:00:00+00:00,continuous,116355.4,116430.3,116304.7,116412.2,66783431.356500044
2025-08-09 03:29:59.798000+00:00,2025-08-09 03:15:00+00:00,continuous,116412.2,116439.3,116364.0,116412.6,28526370.09900005
2025-08-09 03:44:59.491000+00:00,2025-08-09 03:30:00+00:00,continuous,116412.6,116412.6,116304.0,116374.1,40278833.84939992
2025-08-09 03:59:59.633000+00:00,2025-08-09 03:45:00+00:00,continuous,116374.1,116401.4,116315.2,116331.5,60128107.859099835
2025-08-09 04:14:59.916000+00:00,2025-08-09 04:00:00+00:00,continuous,116331.6,116520.8,116309.0,116510.2,82378130.74599993
2025-08-09 04:29:59.650000+00:00,2025-08-09 04:15:00+00:00,continuous,116510.2,116510.3,116394.0,116422.9,44458507.40519988
2025-08-09 04:44:59.498000+00:00,2025-08-09 04:30:00+00:00,continuous,116422.9,116645.0,116349.9,116370.1,124803235.26020004
2025-08-09 04:59:59.961000+00:00,2025-08-09 04:45:00+00:00,continuous,116370.1,116406.5,116328.0,116383.8,84084026.70650078
2025-08-09 05:14:59.983000+00:00,2025-08-09 05:00:00+00:00,continuous,116383.9,116709.9,116361.0,116502.6,285796470.2924994
2025-08-09 05:29:59.955000+00:00,2025-08-09 05:15:00+00:00,continuous,116502.5,116950.1,116500.0,116930.4,238782729.8676988
2025-08-09 05:44:59.923000+00:00,2025-08-09 05:30:00+00:00,continuous,116930.5,116930.6,116671.1,116859.0,175933041.53360042
2025-08-09 05:59:59.879000+00:00,2025-08-09 05:45:00+00:00,continuous,116859.1,116889.3,116660.4,116684.6,105954756.75909944
2025-08-09 06:14:59.883000+00:00,2025-08-09 06:00:00+00:00,continuous,116684.6,116700.0,116519.2,116521.9,105685524.25839964
2025-08-09 06:29:59.833000+00:00,2025-08-09 06:15:00+00:00,continuous,116521.8,116701.7,116486.0,116563.4,115487869.63669996
2025-08-09 06:44:59.599000+00:00,2025-08-09 06:30:00+00:00,continuous,116563.4,116617.2,116484.3,116555.0,65755319.29659986
2025-08-09 06:59:59.520000+00:00,2025-08-09 06:45:00+00:00,continuous,116555.1,116650.0,116519.1,116601.3,50586976.18939999
2025-08-09 07:14:59.552000+00:00,2025-08-09 07:00:00+00:00,continuous,116601.4,116700.2,116576.4,116690.4,77968604.73870012
2025-08-09 07:29:59.519000+00:00,2025-08-09 07:15:00+00:00,continuous,116690.5,116845.0,116690.4,116844.9,97395499.63399987
2025-08-09 07:44:59.624000+00:00,2025-08-09 07:30:00+00:00,continuous,116844.9,116861.0,116721.4,116731.8,58938578.10299947
2025-08-09 07:59:59.973000+00:00,2025-08-09 07:45:00+00:00,continuous,116731.9,116731.9,116700.0,116703.2,28001286.17119971
2025-08-09 08:14:59.549000+00:00,2025-08-09 08:00:00+00:00,continuous,116703.3,116765.8,116700.0,116721.6,36055591.10060003
2025-08-09 08:29:59.886000+00:00,2025-08-09 08:15:00+00:00,continuous,116721.7,116822.1,116702.8,116822.1,46206385.050300024
2025-08-09 08:44:59.981000+00:00,2025-08-09 08:30:00+00:00,continuous,116822.0,117132.7,116778.2,117132.1,188663268.23030078
2025-08-09 08:59:59.845000+00:00,2025-08-09 08:45:00+00:00,continuous,117132.2,117150.0,116738.5,117069.5,234866634.12579978
2025-08-09 09:14:59.876000+00:00,2025-08-09 09:00:00+00:00,continuous,117069.4,117373.6,117000.0,117373.5,262455736.91479954
2025-08-09 09:29:59.945000+00:00,2025-08-09 09:15:00+00:00,continuous,117373.6,117410.0,117184.4,117252.5,161897745.2727998
2025-08-09 09:44:59.956000+00:00,2025-08-09 09:30:00+00:00,continuous,117252.5,117333.4,117206.7,117228.0,77011832.37029965
2025-08-09 09:59:59.959000+00:00,2025-08-09 09:45:00+00:00,continuous,117227.9,117481.2,117183.4,117473.3,168838409.60680005
2025-08-09 10:14:59.940000+00:00,2025-08-09 10:00:00+00:00,continuous,117473.4,117750.0,117422.4,117714.8,297944687.88730055
2025-08-09 10:29:59.932000+00:00,2025-08-09 10:15:00+00:00,continuous,117714.8,117906.7,117636.0,117733.3,408352230.8974983
2025-08-09 10:44:59.692000+00:00,2025-08-09 10:30:00+00:00,continuous,117733.2,117740.0,117384.6,117470.0,359331959.795201
2025-08-09 10:59:59.916000+00:00,2025-08-09 10:45:00+00:00,continuous,117470.0,117595.6,117325.0,117370.0,135419169.9306006
2025-08-09 11:14:59.982000+00:00,2025-08-09 11:00:00+00:00,continuous,117369.9,117424.8,117176.9,117177.1,157624327.9735004
2025-08-09 11:29:59.245000+00:00,2025-08-09 11:15:00+00:00,continuous,117177.0,117248.1,117169.9,117218.6,100909912.99030042
2025-08-09 11:44:59.984000+00:00,2025-08-09 11:30:00+00:00,continuous,117218.7,117224.0,117011.0,117187.0,177109969.93250087
2025-08-09 11:59:59.456000+00:00,2025-08-09 11:45:00+00:00,continuous,117187.1,117200.1,117010.0,117064.9,184461635.8847004
2025-08-09 12:14:59.626000+00:00,2025-08-09 12:00:00+00:00,continuous,117065.0,117200.0,117000.0,117160.0,155469945.85999978
2025-08-09 12:29:59.814000+00:00,2025-08-09 12:15:00+00:00,continuous,117160.0,117166.2,117066.0,117120.0,67029374.94039985
2025-08-09 12:44:59.297000+00:00,2025-08-09 12:30:00+00:00,continuous,117120.1,117142.8,116942.5,116982.7,113414903.47809947
2025-08-09 12:59:59.638000+00:00,2025-08-09 12:45:00+00:00,continuous,116982.7,117095.6,116974.4,117057.1,43127941.04079968
2025-08-09 13:14:59.931000+00:00,2025-08-09 13:00:00+00:00,continuous,117057.0,117104.9,116826.9,116854.7,86541295.44670004
2025-08-09 13:29:59.520000+00:00,2025-08-09 13:15:00+00:00,continuous,116854.8,117025.2,116821.1,116959.9,114231564.55059926
2025-08-09 13:44:59.969000+00:00,2025-08-09 13:30:00+00:00,continuous,116959.9,116961.6,116830.0,116942.2,68241905.45779969
2025-08-09 13:59:59.829000+00:00,2025-08-09 13:45:00+00:00,continuous,116942.1,117013.7,116877.9,116914.9,59960510.03200001
2025-08-09 14:14:59.916000+00:00,2025-08-09 14:00:00+00:00,continuous,116914.9,116918.2,116700.0,116918.2,153675185.15669978
2025-08-09 14:29:59.902000+00:00,2025-08-09 14:15:00+00:00,continuous,116918.2,116956.4,116826.6,116875.2,47687557.56410042
2025-08-09 14:44:59.913000+00:00,2025-08-09 14:30:00+00:00,continuous,116875.2,116875.4,116767.1,116772.9,76671892.23049966
2025-08-09 14:59:59.795000+00:00,2025-08-09 14:45:00+00:00,continuous,116772.9,116936.7,116744.0,116915.0,81810167.84870024
2025-08-09 15:14:59.592000+00:00,2025-08-09 15:00:00+00:00,continuous,116914.9,116960.2,116838.2,116931.2,85423964.3936998
2025-08-09 15:29:59.902000+00:00,2025-08-09 15:15:00+00:00,continuous,116931.2,117094.0,116600.0,116774.8,343718713.70979977
2025-08-09 15:44:59.968000+00:00,2025-08-09 15:30:00+00:00,continuous,116774.8,116846.7,116735.4,116759.8,87758165.58139998
2025-08-09 15:59:59.439000+00:00,2025-08-09 15:45:00+00:00,continuous,116759.3,116835.6,116726.4,116835.6,45471605.22800018
2025-08-09 16:14:59.211000+00:00,2025-08-09 16:00:00+00:00,continuous,116835.5,116900.9,116763.4,116780.9,52403972.253000125
2025-08-09 16:29:59.945000+00:00,2025-08-09 16:15:00+00:00,continuous,116780.8,116783.9,116663.3,116674.8,72489342.3799002
2025-08-09 16:44:59.784000+00:00,2025-08-09 16:30:00+00:00,continuous,116674.7,116728.8,116581.4,116693.1,87534122.8203004
2025-08-09 16:59:59.800000+00:00,2025-08-09 16:45:00+00:00,continuous,116693.0,116693.0,116583.4,116596.8,53097968.67220012
2025-08-09 17:14:59.498000+00:00,2025-08-09 17:00:00+00:00,continuous,116596.8,116759.1,116581.3,116698.4,67846088.55150013
2025-08-09 17:29:59.785000+00:00,2025-08-09 17:15:00+00:00,continuous,116698.4,116725.0,116650.0,116695.9,42352081.22190013
2025-08-09 17:44:59.836000+00:00,2025-08-09 17:30:00+00:00,continuous,116695.9,116729.3,116619.4,116638.7,41617683.498000085
2025-08-09 17:59:59.898000+00:00,2025-08-09 17:45:00+00:00,continuous,116638.6,116651.4,116555.7,116627.1,58010213.25739958
2025-08-09 18:14:59.810000+00:00,2025-08-09 18:00:00+00:00,continuous,116627.0,116683.7,116592.1,116606.9,45785041.284299545
2025-08-09 18:29:59.903000+00:00,2025-08-09 18:15:00+00:00,continuous,116606.9,116671.4,116595.5,116623.3,29085867.808600035
2025-08-09 18:44:59.857000+00:00,2025-08-09 18:30:00+00:00,continuous,116623.3,116623.3,116555.0,116555.0,45194719.02449991
2025-08-09 18:59:59.739000+00:00,2025-08-09 18:45:00+00:00,continuous,116555.0,116627.9,116503.1,116579.9,95032858.45439953
2025-08-09 19:14:59.544000+00:00,2025-08-09 19:00:00+00:00,continuous,116579.9,116682.0,116579.9,116605.7,48058308.91460007
2025-08-09 19:29:59.754000+00:00,2025-08-09 19:15:00+00:00,continuous,116605.7,116629.5,116500.1,116574.1,61098055.72990047
2025-08-09 19:44:59.069000+00:00,2025-08-09 19:30:00+00:00,continuous,116574.2,116574.2,116502.5,116528.2,38350033.949500024
2025-08-09 19:59:59.526000+00:00,2025-08-09 19:45:00+00:00,continuous,116528.3,116585.0,116458.1,116499.9,47628836.2085998
2025-08-09 20:14:59.082000+00:00,2025-08-09 20:00:00+00:00,continuous,116499.9,116565.2,116457.7,116506.3,58436291.35109994
2025-08-09 20:29:59.506000+00:00,2025-08-09 20:15:00+00:00,continuous,116506.3,116705.0,116458.8,116691.9,180481471.1891005
2025-08-09 20:44:59.984000+00:00,2025-08-09 20:30:00+00:00,continuous,116691.9,117000.0,116664.7,116881.8,199243794.79190007
2025-08-09 20:59:59.536000+00:00,2025-08-09 20:45:00+00:00,continuous,116881.8,116881.8,116696.6,116732.9,69415837.51130015
2025-08-09 21:14:59.969000+00:00,2025-08-09 21:00:00+00:00,continuous,116732.9,116755.9,116643.1,116643.2,48829307.801299915
2025-08-09 21:29:59.881000+00:00,2025-08-09 21:15:00+00:00,continuous,116643.2,116643.2,116350.0,116365.3,157827695.06220028
2025-08-09 21:44:59.690000+00:00,2025-08-09 21:30:00+00:00,continuous,116365.3,116495.4,116350.6,116390.1,79400646.85690059
2025-08-09 21:59:59.844000+00:00,2025-08-09 21:45:00+00:00,continuous,116390.1,116563.2,116390.0,116479.0,35241292.34259995
2025-08-09 22:14:59.720000+00:00,2025-08-09 22:00:00+00:00,continuous,116479.0,116561.3,116445.0,116527.5,45581536.22499999
2025-08-09 22:29:59.463000+00:00,2025-08-09 22:15:00+00:00,continuous,116527.5,116690.0,116527.4,116636.6,89876503.46059991
2025-08-09 22:44:59.932000+00:00,2025-08-09 22:30:00+00:00,continuous,116636.7,116648.2,116517.1,116550.1,52304526.26609987
2025-08-09 22:59:59.420000+00:00,2025-08-09 22:45:00+00:00,continuous,116550.1,116556.1,116461.5,116502.3,52564007.53340006
2025-08-09 23:14:59.932000+00:00,2025-08-09 23:00:00+00:00,continuous,116502.3,116554.5,116450.9,116451.0,41562151.72440017
2025-08-09 23:29:59.189000+00:00,2025-08-09 23:15:00+00:00,continuous,116451.0,116478.6,116403.7,116403.7,24108014.53250019
2025-08-09 23:44:59.550000+00:00,2025-08-09 23:30:00+00:00,continuous,116403.7,116468.3,116382.5,116418.5,34062234.65200013
2025-08-09 23:59:59.897000+00:00,2025-08-09 23:45:00+00:00,continuous,116418.6,116460.7,116418.5,116422.1,19682785.261599973
2025-08-10 00:14:59.493000+00:00,2025-08-10 00:00:00+00:00,continuous,116422.1,116549.7,116413.2,116532.5,52447773.57600007
2025-08-10 00:29:59.432000+00:00,2025-08-10 00:15:00+00:00,continuous,116532.5,116584.4,116532.4,116544.9,28185365.90090002
2025-08-10 00:44:59.581000+00:00,2025-08-10 00:30:00+00:00,continuous,116544.9,116611.0,116500.8,116584.1,36314357.48469998
2025-08-10 00:59:59.811000+00:00,2025-08-10 00:45:00+00:00,continuous,116584.1,116702.6,116546.1,116691.2,60326889.37449973
2025-08-10 01:14:59.952000+00:00,2025-08-10 01:00:00+00:00,continuous,116691.2,116719.5,116564.8,116564.9,108642846.43409945
2025-08-10 01:29:59.633000+00:00,2025-08-10 01:15:00+00:00,continuous,116564.9,116643.5,116564.8,116568.5,30390039.14929986
2025-08-10 01:44:59.634000+00:00,2025-08-10 01:30:00+00:00,continuous,116568.4,116624.4,116555.7,116574.0,39276618.55909993
2025-08-10 01:59:59.983000+00:00,2025-08-10 01:45:00+00:00,continuous,116574.0,116574.0,116502.9,116535.1,36283059.394199945
2025-08-10 02:14:59.993000+00:00,2025-08-10 02:00:00+00:00,continuous,116535.0,116608.6,116535.0,116590.7,38228245.50310006
2025-08-10 02:29:59.802000+00:00,2025-08-10 02:15:00+00:00,continuous,116590.6,116755.5,116578.0,116755.4,154955086.5112002
2025-08-10 02:44:59.553000+00:00,2025-08-10 02:30:00+00:00,continuous,116755.5,117091.8,116719.8,117000.0,498361458.1062985
2025-08-10 02:59:59.956000+00:00,2025-08-10 02:45:00+00:00,continuous,117000.0,117282.0,116999.9,117273.7,208254515.06399947
2025-08-10 03:14:59.963000+00:00,2025-08-10 03:00:00+00:00,continuous,117273.6,117950.0,117201.3,117875.2,919338904.9505959
2025-08-10 03:29:59.978000+00:00,2025-08-10 03:15:00+00:00,continuous,117875.3,118500.0,117500.0,118339.4,1071932441.2089965
2025-08-10 03:44:59.858000+00:00,2025-08-10 03:30:00+00:00,continuous,118339.4,118471.8,118122.4,118186.2,444844716.108201
2025-08-10 03:59:59.848000+00:00,2025-08-10 03:45:00+00:00,continuous,118186.3,118499.8,118100.0,118480.1,383068459.38350046
2025-08-10 04:14:59.851000+00:00,2025-08-10 04:00:00+00:00,continuous,118480.0,118738.0,118480.0,118679.1,456540529.1632971
2025-08-10 04:29:59.832000+00:00,2025-08-10 04:15:00+00:00,continuous,118679.2,118689.7,118504.1,118599.5,138665771.25570014
2025-08-10 04:44:59.762000+00:00,2025-08-10 04:30:00+00:00,continuous,118599.4,118600.0,118359.2,118363.9,224903063.70779926
2025-08-10 04:59:59.740000+00:00,2025-08-10 04:45:00+00:00,continuous,118363.9,118536.5,118338.8,118460.4,197842707.836299
2025-08-10 05:14:59.941000+00:00,2025-08-10 05:00:00+00:00,continuous,118460.4,118483.9,118210.0,118227.3,176846174.29449868
2025-08-10 05:29:59.965000+00:00,2025-08-10 05:15:00+00:00,continuous,118227.4,118256.4,117837.0,117860.2,364368477.63039756
2025-08-10 05:44:59.263000+00:00,2025-08-10 05:30:00+00:00,continuous,117860.1,118231.8,117860.1,118222.0,174806657.6076997
2025-08-10 05:59:59.974000+00:00,2025-08-10 05:45:00+00:00,continuous,118222.0,118222.0,117880.1,117999.9,104487746.27029993
2025-08-10 06:14:59.912000+00:00,2025-08-10 06:00:00+00:00,continuous,118000.0,118126.9,117972.4,117972.4,104551323.9670002
2025-08-10 06:29:59.978000+00:00,2025-08-10 06:15:00+00:00,continuous,117972.4,117972.5,117777.0,117806.9,189138894.9932013
2025-08-10 06:44:59.897000+00:00,2025-08-10 06:30:00+00:00,continuous,117806.8,117954.2,117690.3,117935.8,181495840.79300115
2025-08-10 06:59:59.952000+00:00,2025-08-10 06:45:00+00:00,continuous,117935.8,118105.0,117883.6,118032.0,189285914.1626995
2025-08-10 07:14:59.683000+00:00,2025-08-10 07:00:00+00:00,continuous,118032.0,118201.4,118013.6,118113.6,142918338.85110006
2025-08-10 07:29:59.781000+00:00,2025-08-10 07:15:00+00:00,continuous,118113.5,118200.0,118043.7,118045.4,60007470.71510007
2025-08-10 07:44:59.973000+00:00,2025-08-10 07:30:00+00:00,continuous,118045.5,118080.0,117533.0,117591.8,284409656.8935997
2025-08-10 07:59:59.948000+00:00,2025-08-10 07:45:00+00:00,continuous,117591.8,117817.3,117342.0,117770.0,442445892.8502012
2025-08-10 08:14:59.861000+00:00,2025-08-10 08:00:00+00:00,continuous,117770.0,117996.7,117568.9,117982.7,244081501.32959914
2025-08-10 08:29:59.743000+00:00,2025-08-10 08:15:00+00:00,continuous,117982.7,118139.7,117962.3,118091.5,153554677.3903984
2025-08-10 08:44:59.919000+00:00,2025-08-10 08:30:00+00:00,continuous,118091.6,118180.0,118051.8,118095.0,67175118.82020022
2025-08-10 08:59:59.874000+00:00,2025-08-10 08:45:00+00:00,continuous,118095.0,118371.0,118095.0,118267.8,217191179.76910016
2025-08-10 09:14:59.586000+00:00,2025-08-10 09:00:00+00:00,continuous,118267.8,118334.8,118210.1,118276.8,132605274.43349993
2025-08-10 09:29:59.922000+00:00,2025-08-10 09:15:00+00:00,continuous,118276.8,118359.6,118223.0,118234.7,65234920.54510026
2025-08-10 09:44:59.817000+00:00,2025-08-10 09:30:00+00:00,continuous,118234.8,118234.8,118080.5,118080.5,96512743.38030048
2025-08-10 09:59:59.487000+00:00,2025-08-10 09:45:00+00:00,continuous,118080.5,118411.8,118080.5,118246.7,90744503.45380034
2025-08-10 10:14:59.802000+00:00,2025-08-10 10:00:00+00:00,continuous,118246.7,118255.0,118081.9,118111.4,78051187.34950049
2025-08-10 10:29:59.634000+00:00,2025-08-10 10:15:00+00:00,continuous,118111.4,118214.4,118059.3,118148.5,59200311.48120014
2025-08-10 10:44:59.956000+00:00,2025-08-10 10:30:00+00:00,continuous,118148.5,118175.0,117966.9,118158.2,91290483.2222997
2025-08-10 10:59:59.963000+00:00,2025-08-10 10:45:00+00:00,continuous,118158.2,118220.3,117975.2,117981.2,55898061.56119995
2025-08-10 11:14:59.798000+00:00,2025-08-10 11:00:00+00:00,continuous,117981.1,118028.3,117891.1,117977.9,87067586.62570025
2025-08-10 11:29:59.922000+00:00,2025-08-10 11:15:00+00:00,continuous,117977.8,118250.0,117923.3,118250.0,85996164.11150019
2025-08-10 11:44:59.841000+00:00,2025-08-10 11:30:00+00:00,continuous,118250.0,118435.0,118160.2,118352.0,183038836.4080992
2025-08-10 11:59:59.853000+00:00,2025-08-10 11:45:00+00:00,continuous,118352.0,118489.9,118247.0,118295.9,187445143.36070088
2025-08-10 12:14:59.709000+00:00,2025-08-10 12:00:00+00:00,continuous,118295.9,118525.0,118192.6,118472.4,251298261.89899912
2025-08-10 12:29:59.529000+00:00,2025-08-10 12:15:00+00:00,continuous,118472.4,118639.3,118420.5,118533.3,152765094.8028007
2025-08-10 12:44:59.783000+00:00,2025-08-10 12:30:00+00:00,continuous,118533.2,118667.8,118533.2,118653.3,107547147.71209924
2025-08-10 12:59:59.997000+00:00,2025-08-10 12:45:00+00:00,continuous,118653.2,118708.0,118415.9,118466.3,161861821.76630074
2025-08-10 13:14:59.828000+00:00,2025-08-10 13:00:00+00:00,continuous,118466.3,118649.9,118414.5,118535.6,90353025.44239998
2025-08-10 13:29:59.981000+00:00,2025-08-10 13:15:00+00:00,continuous,118535.6,118567.3,118330.0,118528.7,95672013.69690046
2025-08-10 13:44:59.405000+00:00,2025-08-10 13:30:00+00:00,continuous,118528.7,118528.7,118318.7,118523.8,119781594.30820018
2025-08-10 13:59:59.854000+00:00,2025-08-10 13:45:00+00:00,continuous,118523.8,118649.5,118391.2,118410.5,115128457.95559986
2025-08-10 14:14:59.756000+00:00,2025-08-10 14:00:00+00:00,continuous,118410.6,118594.9,118272.0,118559.3,171491819.61730042
2025-08-10 14:29:59.874000+00:00,2025-08-10 14:15:00+00:00,continuous,118559.3,118798.2,118511.8,118783.9,235233951.4230996
2025-08-10 14:44:59.881000+00:00,2025-08-10 14:30:00+00:00,continuous,118784.0,118792.9,118578.5,118732.2,139278706.14329982
2025-08-10 14:59:59.940000+00:00,2025-08-10 14:45:00+00:00,continuous,118732.3,118841.7,118539.1,118749.3,202991281.77270004
2025-08-10 15:14:59.865000+00:00,2025-08-10 15:00:00+00:00,continuous,118749.4,119094.0,118700.0,118853.2,447040939.7973991
2025-08-10 15:29:59.949000+00:00,2025-08-10 15:15:00+00:00,continuous,118853.2,118923.0,118600.0,118645.3,145731660.98860034
2025-08-10 15:44:59.999000+00:00,2025-08-10 15:30:00+00:00,continuous,118645.2,118699.0,118520.0,118698.9,127319433.35619971
2025-08-10 15:59:59.923000+00:00,2025-08-10 15:45:00+00:00,continuous,118698.9,118861.2,118675.0,118766.0,149382348.3763995
2025-08-10 16:14:59.439000+00:00,2025-08-10 16:00:00+00:00,continuous,118765.9,118917.4,118755.1,118802.3,95476275.23780012
2025-08-10 16:29:59.094000+00:00,2025-08-10 16:15:00+00:00,continuous,118802.2,118813.1,118633.1,118685.7,104389706.58629969
2025-08-10 16:44:59.930000+00:00,2025-08-10 16:30:00+00:00,continuous,118685.7,118750.1,118595.5,118750.0,87514840.85000046
2025-08-10 16:59:59.836000+00:00,2025-08-10 16:45:00+00:00,continuous,118750.1,118811.8,118601.6,118636.8,57685820.75070005
2025-08-10 17:14:59.833000+00:00,2025-08-10 17:00:00+00:00,continuous,118636.8,118670.9,118543.4,118545.5,58606795.14650003
2025-08-10 17:29:59.593000+00:00,2025-08-10 17:15:00+00:00,continuous,118545.5,118593.0,118421.2,118431.0,93314482.81929854
2025-08-10 17:44:59.650000+00:00,2025-08-10 17:30:00+00:00,continuous,118431.0,118581.0,118431.0,118493.3,33467505.46760006
2025-08-10 17:59:59.515000+00:00,2025-08-10 17:45:00+00:00,continuous,118493.3,118549.8,118489.5,118489.5,24223025.85650007
2025-08-10 18:14:59.303000+00:00,2025-08-10 18:00:00+00:00,continuous,118489.6,118532.5,118450.9,118510.2,34412721.81200008
2025-08-10 18:29:59.895000+00:00,2025-08-10 18:15:00+00:00,continuous,118510.2,118510.2,118395.8,118407.4,29002673.38620006
2025-08-10 18:44:59.951000+00:00,2025-08-10 18:30:00+00:00,continuous,118407.4,118538.4,118407.3,118527.8,29641601.34980005
2025-08-10 18:59:59.440000+00:00,2025-08-10 18:45:00+00:00,continuous,118527.9,118595.4,118488.0,118519.9,34223800.69820018
2025-08-10 19:14:59.548000+00:00,2025-08-10 19:00:00+00:00,continuous,118519.9,118626.7,118431.6,118621.5,53351915.665099934
2025-08-10 19:29:59.547000+00:00,2025-08-10 19:15:00+00:00,continuous,118621.6,118661.8,118523.0,118531.0,33557354.689500056
2025-08-10 19:44:59.670000+00:00,2025-08-10 19:30:00+00:00,continuous,118531.0,118692.3,118494.0,118624.1,69787134.05629969
2025-08-10 19:59:59.517000+00:00,2025-08-10 19:45:00+00:00,continuous,118624.0,118678.8,118588.8,118624.5,25212975.479900114
2025-08-10 20:14:59.834000+00:00,2025-08-10 20:00:00+00:00,continuous,118624.6,118661.4,118182.8,118261.1,280010488.8032992
2025-08-10 20:29:59.900000+00:00,2025-08-10 20:15:00+00:00,continuous,118261.1,118352.2,118010.0,118250.6,352033689.13359874
2025-08-10 20:44:59.653000+00:00,2025-08-10 20:30:00+00:00,continuous,118250.6,118670.2,118250.6,118649.9,127963446.78070037
2025-08-10 20:59:59.351000+00:00,2025-08-10 20:45:00+00:00,continuous,118649.9,118736.4,118277.0,118277.1,108129523.2251998
2025-08-10 21:14:59.893000+00:00,2025-08-10 21:00:00+00:00,continuous,118277.1,118307.6,118044.7,118199.9,211429109.612699
2025-08-10 21:29:59.553000+00:00,2025-08-10 21:15:00+00:00,continuous,118200.0,118428.9,118133.3,118190.1,74624097.01599996
2025-08-10 21:44:59.064000+00:00,2025-08-10 21:30:00+00:00,continuous,118190.1,118260.0,118111.1,118213.2,50975096.62170006
2025-08-10 21:59:59.792000+00:00,2025-08-10 21:45:00+00:00,continuous,118213.2,118678.0,118212.0,118678.0,55316801.23390027
2025-08-10 22:14:59.935000+00:00,2025-08-10 22:00:00+00:00,continuous,118678.0,118925.8,118573.7,118825.1,240002727.14869824
2025-08-10 22:29:59.967000+00:00,2025-08-10 22:15:00+00:00,continuous,118825.1,118949.9,118785.7,118807.5,101341526.25580075
2025-08-10 22:44:59.920000+00:00,2025-08-10 22:30:00+00:00,continuous,118807.6,118942.2,118807.5,118923.0,79383204.97609992
2025-08-10 22:59:59.995000+00:00,2025-08-10 22:45:00+00:00,continuous,118923.0,119046.6,118855.7,119046.6,97807914.30120015
2025-08-10 23:14:59.682000+00:00,2025-08-10 23:00:00+00:00,continuous,119046.7,119221.9,118917.1,118917.1,231711707.00320062
2025-08-10 23:29:59.422000+00:00,2025-08-10 23:15:00+00:00,continuous,118917.1,118988.0,118812.8,118978.0,115875983.75559996
2025-08-10 23:44:59.631000+00:00,2025-08-10 23:30:00+00:00,continuous,118978.1,119291.9,118961.7,119223.3,182627011.09270027
2025-08-10 23:59:59.999000+00:00,2025-08-10 23:45:00+00:00,continuous,119223.3,119271.6,119161.3,119255.3,78366836.82710013
2025-08-11 00:14:59.724000+00:00,2025-08-11 00:00:00+00:00,continuous,119255.3,119280.1,119093.3,119182.0,166427197.85790125
2025-08-11 00:29:59.930000+00:00,2025-08-11 00:15:00+00:00,continuous,119182.0,119490.3,119155.1,119377.7,319470421.28189933
2025-08-11 00:44:59.923000+00:00,2025-08-11 00:30:00+00:00,continuous,119377.8,119409.3,119111.5,119195.2,136052594.6300995
2025-08-11 00:59:59.983000+00:00,2025-08-11 00:45:00+00:00,continuous,119195.2,119307.5,119058.4,119093.1,101784977.52809991
2025-08-11 01:14:59.744000+00:00,2025-08-11 01:00:00+00:00,continuous,119093.0,119197.3,119011.1,119066.8,122386846.1095005
2025-08-11 01:29:59.967000+00:00,2025-08-11 01:15:00+00:00,continuous,119066.9,119217.2,118950.0,119139.6,148242232.5806004
2025-08-11 01:44:59.900000+00:00,2025-08-11 01:30:00+00:00,continuous,119139.7,119800.0,119135.0,119736.2,528484890.3574975
2025-08-11 01:59:59.998000+00:00,2025-08-11 01:45:00+00:00,continuous,119736.2,120095.2,119600.0,120050.1,412280073.16290027
2025-08-11 02:14:59.962000+00:00,2025-08-11 02:00:00+00:00,continuous,120050.0,121300.0,119888.3,121264.9,1827252205.8799918
2025-08-11 02:29:59.994000+00:00,2025-08-11 02:15:00+00:00,continuous,121264.9,121736.1,120918.0,121462.4,1177062003.3888948
2025-08-11 02:44:59.641000+00:00,2025-08-11 02:30:00+00:00,continuous,121462.5,121774.3,121324.8,121700.0,414715936.4695956
2025-08-11 02:59:59.814000+00:00,2025-08-11 02:45:00+00:00,continuous,121700.0,121880.9,121597.2,121837.5,313725782.7578014
2025-08-11 03:14:59.883000+00:00,2025-08-11 03:00:00+00:00,continuous,121837.5,121990.0,121564.0,121968.9,541655953.0744979
2025-08-11 03:29:59.572000+00:00,2025-08-11 03:15:00+00:00,continuous,121968.9,122165.4,121618.4,121731.2,491084235.9783987
2025-08-11 03:44:59.993000+00:00,2025-08-11 03:30:00+00:00,continuous,121731.2,121762.0,121539.0,121567.5,292115939.37909997
2025-08-11 03:59:59.749000+00:00,2025-08-11 03:45:00+00:00,continuous,121567.6,121941.4,121546.3,121700.1,198754529.67879957
2025-08-11 04:14:59.846000+00:00,2025-08-11 04:00:00+00:00,continuous,121700.1,121884.9,121621.8,121690.0,145556453.34599987
2025-08-11 04:29:59.922000+00:00,2025-08-11 04:15:00+00:00,continuous,121690.1,121888.0,121640.1,121690.3,134020480.16820067
2025-08-11 04:44:59.552000+00:00,2025-08-11 04:30:00+00:00,continuous,121690.3,121838.4,121601.0,121672.2,132309523.74190032
2025-08-11 04:59:59.926000+00:00,2025-08-11 04:45:00+00:00,continuous,121672.2,122450.0,121651.7,122069.7,701238780.1620952
2025-08-11 05:14:59.804000+00:00,2025-08-11 05:00:00+00:00,continuous,122069.8,122319.8,122004.2,122294.5,311220931.7422996
2025-08-11 05:29:59.787000+00:00,2025-08-11 05:15:00+00:00,continuous,122294.5,122294.5,121793.5,121967.4,260714103.95019904
2025-08-11 05:44:59.751000+00:00,2025-08-11 05:30:00+00:00,continuous,121967.4,122040.0,121852.6,121852.6,140283558.85270053
2025-08-11 05:59:59.864000+00:00,2025-08-11 05:45:00+00:00,continuous,121852.6,122116.9,121795.1,122042.3,191265958.12490043
2025-08-11 06:14:59.996000+00:00,2025-08-11 06:00:00+00:00,continuous,122042.3,122121.4,121974.4,122069.4,107648832.93959999
2025-08-11 06:29:59.790000+00:00,2025-08-11 06:15:00+00:00,continuous,122069.4,122150.0,121937.5,122087.6,118295395.05510001
2025-08-11 06:44:59.935000+00:00,2025-08-11 06:30:00+00:00,continuous,122087.6,122228.0,122064.9,122207.0,150153291.0253994
2025-08-11 06:59:59.996000+00:00,2025-08-11 06:45:00+00:00,continuous,122206.9,122332.4,122141.3,122288.9,172655645.4787007
2025-08-11 07:14:59.948000+00:00,2025-08-11 07:00:00+00:00,continuous,122289.0,122300.0,121965.1,121965.1,164041993.38729995
2025-08-11 07:29:59.937000+00:00,2025-08-11 07:15:00+00:00,continuous,121965.1,122102.7,121850.0,121893.7,131550231.94599986
2025-08-11 07:44:59.599000+00:00,2025-08-11 07:30:00+00:00,continuous,121893.6,121945.2,121653.0,121794.8,258787472.75509858
2025-08-11 07:59:59.820000+00:00,2025-08-11 07:45:00+00:00,continuous,121794.8,121809.8,121432.3,121534.8,271687979.7502999
2025-08-11 08:14:59.985000+00:00,2025-08-11 08:00:00+00:00,continuous,121534.9,121666.6,121166.8,121645.3,491637295.3062978
2025-08-11 08:29:59.791000+00:00,2025-08-11 08:15:00+00:00,continuous,121645.4,121732.8,121569.2,121715.0,128219419.64230007
2025-08-11 08:44:59.823000+00:00,2025-08-11 08:30:00+00:00,continuous,121715.1,121820.7,121584.0,121690.0,111536188.49119952
2025-08-11 08:59:59.564000+00:00,2025-08-11 08:45:00+00:00,continuous,121690.0,121784.7,121620.9,121673.2,57761513.582499854
2025-08-11 09:14:59.673000+00:00,2025-08-11 09:00:00+00:00,continuous,121673.2,121699.3,121468.1,121489.9,85605351.07269953
2025-08-11 09:29:59.961000+00:00,2025-08-11 09:15:00+00:00,continuous,121490.0,121490.0,121233.7,121282.0,164835100.3457001
2025-08-11 09:44:59.805000+00:00,2025-08-11 09:30:00+00:00,continuous,121281.9,121432.9,121090.4,121432.8,246848195.71880028
2025-08-11 09:59:59.902000+00:00,2025-08-11 09:45:00+00:00,continuous,121432.8,121461.5,121291.6,121412.3,76174116.03180043
2025-08-11 10:14:58.950000+00:00,2025-08-11 10:00:00+00:00,continuous,121412.4,121435.9,121119.8,121276.1,150537312.10819978
2025-08-11 10:29:59.932000+00:00,2025-08-11 10:15:00+00:00,continuous,121276.2,121388.0,121100.1,121271.1,130805913.37539941
2025-08-11 10:44:59.803000+00:00,2025-08-11 10:30:00+00:00,continuous,121271.1,121288.0,121090.0,121115.9,110455446.33329995
2025-08-11 10:59:59.846000+00:00,2025-08-11 10:45:00+00:00,continuous,121115.9,121230.7,120948.0,121167.6,245176567.64449877
2025-08-11 11:14:59.937000+00:00,2025-08-11 11:00:00+00:00,continuous,121167.6,121276.1,120787.0,120925.1,301401227.0854001
2025-08-11 11:29:59.900000+00:00,2025-08-11 11:15:00+00:00,continuous,120925.1,120925.1,120500.0,120500.1,414078442.08069897
2025-08-11 11:44:59.993000+00:00,2025-08-11 11:30:00+00:00,continuous,120500.1,120797.2,120302.0,120671.6,460892237.6330002
2025-08-11 11:59:59.917000+00:00,2025-08-11 11:45:00+00:00,continuous,120671.5,120683.7,120267.3,120545.0,319408734.6272044
2025-08-11 12:14:59.770000+00:00,2025-08-11 12:00:00+00:00,continuous,120545.0,120655.0,120029.8,120170.2,494921986.7067017
2025-08-11 12:29:59.302000+00:00,2025-08-11 12:15:00+00:00,continuous,120170.1,120277.3,119964.0,120155.3,362314305.2658017
2025-08-11 12:44:59.935000+00:00,2025-08-11 12:30:00+00:00,continuous,120155.4,120261.0,119557.0,119557.0,759395202.5085033
2025-08-11 12:59:59.958000+00:00,2025-08-11 12:45:00+00:00,continuous,119557.1,119754.8,119500.0,119632.8,413479463.8765964
2025-08-11 13:14:59.827000+00:00,2025-08-11 13:00:00+00:00,continuous,119632.8,119716.7,119345.0,119514.2,470917037.9346002
2025-08-11 13:29:59.952000+00:00,2025-08-11 13:15:00+00:00,continuous,119514.2,119728.6,119408.2,119514.8,257258448.0426989
2025-08-11 13:44:59.972000+00:00,2025-08-11 13:30:00+00:00,continuous,119514.9,120195.9,119463.0,120153.1,647021510.171098
2025-08-11 13:59:59.673000+00:00,2025-08-11 13:45:00+00:00,continuous,120153.2,120320.0,119777.0,119970.0,528817970.5516034
2025-08-11 14:14:59.983000+00:00,2025-08-11 14:00:00+00:00,continuous,119969.9,120200.0,119886.4,120026.4,379912569.41210526
2025-08-11 14:29:59.900000+00:00,2025-08-11 14:15:00+00:00,continuous,120026.3,120123.7,119754.8,119863.2,217519181.58519974
2025-08-11 14:44:59.980000+00:00,2025-08-11 14:30:00+00:00,continuous,119863.2,120555.0,119822.9,120065.1,410391979.3095022
2025-08-11 14:59:59.677000+00:00,2025-08-11 14:45:00+00:00,continuous,120065.0,120248.9,119863.0,120195.1,211552228.00300068
2025-08-11 15:14:59.880000+00:00,2025-08-11 15:00:00+00:00,continuous,120195.0,120212.8,119800.0,119973.5,191824196.86780033
2025-08-11 15:29:59.137000+00:00,2025-08-11 15:15:00+00:00,continuous,119973.4,120307.6,119954.0,120068.3,185560258.82849988
2025-08-11 15:44:59.905000+00:00,2025-08-11 15:30:00+00:00,continuous,120068.3,120387.3,120048.1,120343.2,130238821.11149982
2025-08-11 15:59:59.918000+00:00,2025-08-11 15:45:00+00:00,continuous,120343.2,120350.0,120127.2,120271.2,110299048.08879994
2025-08-11 16:14:59.963000+00:00,2025-08-11 16:00:00+00:00,continuous,120271.2,120799.0,120194.2,120663.5,416068627.51149696
2025-08-11 16:29:59.506000+00:00,2025-08-11 16:15:00+00:00,continuous,120663.6,120768.8,120384.6,120515.3,241328250.7760995
2025-08-11 16:44:59.834000+00:00,2025-08-11 16:30:00+00:00,continuous,120515.3,120578.0,119885.9,119920.9,334734103.56310105
2025-08-11 16:59:59.994000+00:00,2025-08-11 16:45:00+00:00,continuous,119920.9,120140.0,119864.7,119910.3,158787755.0163997
2025-08-11 17:14:59.957000+00:00,2025-08-11 17:00:00+00:00,continuous,119910.0,120118.9,119846.3,119870.0,129581197.06779999
2025-08-11 17:29:59.669000+00:00,2025-08-11 17:15:00+00:00,continuous,119870.0,119870.0,119603.9,119758.9,245496973.4533002
2025-08-11 17:44:59.993000+00:00,2025-08-11 17:30:00+00:00,continuous,119758.9,119823.6,119593.1,119721.6,137612017.53309983
2025-08-11 17:59:59.986000+00:00,2025-08-11 17:45:00+00:00,continuous,119721.7,119730.0,119418.9,119469.7,247247193.62260032
2025-08-11 18:14:59.608000+00:00,2025-08-11 18:00:00+00:00,continuous,119469.6,119569.9,119201.6,119457.2,452079577.90669966
2025-08-11 18:29:59.998000+00:00,2025-08-11 18:15:00+00:00,continuous,119457.2,119687.3,119384.6,119575.9,206357901.71999964
2025-08-11 18:44:59.858000+00:00,2025-08-11 18:30:00+00:00,continuous,119576.0,119854.1,119509.6,119509.6,158148927.10189968
2025-08-11 18:59:59.002000+00:00,2025-08-11 18:45:00+00:00,continuous,119509.6,119769.1,119452.9,119748.1,74101495.44089967
2025-08-11 19:14:59.403000+00:00,2025-08-11 19:00:00+00:00,continuous,119748.0,119760.0,119550.0,119550.1,61687254.800899856
2025-08-11 19:29:59.975000+00:00,2025-08-11 19:15:00+00:00,continuous,119550.1,119567.8,119437.8,119437.9,56696545.3370998
2025-08-11 19:44:59.452000+00:00,2025-08-11 19:30:00+00:00,continuous,119437.8,119445.3,119120.1,119140.0,256104638.1134005
2025-08-11 19:59:59.933000+00:00,2025-08-11 19:45:00+00:00,continuous,119140.0,119178.1,118499.0,119035.3,771259062.4658035
2025-08-11 20:14:59.779000+00:00,2025-08-11 20:00:00+00:00,continuous,119035.2,119050.1,118590.0,118682.5,264792899.2262983
2025-08-11 20:29:59.866000+00:00,2025-08-11 20:15:00+00:00,continuous,118682.5,118842.5,118527.4,118818.0,157908566.6624005
2025-08-11 20:44:59.376000+00:00,2025-08-11 20:30:00+00:00,continuous,118818.1,119039.2,118815.5,118959.4,112111397.87190081
2025-08-11 20:59:59.470000+00:00,2025-08-11 20:45:00+00:00,continuous,118959.4,119036.8,118757.3,118775.6,99758216.22029991
2025-08-11 21:14:59.599000+00:00,2025-08-11 21:00:00+00:00,continuous,118775.6,119032.0,118725.8,119015.5,81523640.09710002
2025-08-11 21:29:59.086000+00:00,2025-08-11 21:15:00+00:00,continuous,119015.6,119149.6,118903.6,118980.0,109179235.9026002
2025-08-11 21:44:59.711000+00:00,2025-08-11 21:30:00+00:00,continuous,118980.0,118980.1,118289.8,118668.6,351472293.11909956
2025-08-11 21:59:59.849000+00:00,2025-08-11 21:45:00+00:00,continuous,118668.6,118690.0,118050.0,118671.3,387133810.45159733
2025-08-11 22:14:59.680000+00:00,2025-08-11 22:00:00+00:00,continuous,118671.3,118703.8,118333.9,118537.5,137688779.47549972
2025-08-11 22:29:59.733000+00:00,2025-08-11 22:15:00+00:00,continuous,118537.6,118705.1,118230.7,118492.1,142465640.04209933
2025-08-11 22:44:59.630000+00:00,2025-08-11 22:30:00+00:00,continuous,118492.1,118685.9,118296.6,118678.4,117261554.0017999
2025-08-11 22:59:59.918000+00:00,2025-08-11 22:45:00+00:00,continuous,118678.5,118884.2,118673.1,118845.5,91176494.86370002
2025-08-11 23:14:59.995000+00:00,2025-08-11 23:00:00+00:00,continuous,118845.6,118854.1,118701.0,118815.6,112809457.7091
2025-08-11 23:29:59.757000+00:00,2025-08-11 23:15:00+00:00,continuous,118815.5,118820.4,118615.3,118638.2,57994320.92689995
2025-08-11 23:44:59.909000+00:00,2025-08-11 23:30:00+00:00,continuous,118638.2,118719.0,118537.1,118719.0,53601521.47330023
2025-08-11 23:59:59.881000+00:00,2025-08-11 23:45:00+00:00,continuous,118719.0,118781.0,118641.8,118641.9,66936885.73970013
2025-08-12 00:14:59.112000+00:00,2025-08-12 00:00:00+00:00,continuous,118641.8,118754.5,118551.7,118694.4,113946173.60190046
2025-08-12 00:29:59.968000+00:00,2025-08-12 00:15:00+00:00,continuous,118694.4,118946.8,118694.3,118836.3,168637475.71059918
2025-08-12 00:44:59.743000+00:00,2025-08-12 00:30:00+00:00,continuous,118836.3,118929.4,118601.8,118715.6,87030225.87649989
2025-08-12 00:59:59.615000+00:00,2025-08-12 00:45:00+00:00,continuous,118715.5,119000.0,118684.8,118907.9,95054311.83139983
2025-08-12 01:14:59.729000+00:00,2025-08-12 01:00:00+00:00,continuous,118907.9,119070.0,118800.0,118819.5,148730350.6008994
2025-08-12 01:29:59.924000+00:00,2025-08-12 01:15:00+00:00,continuous,118819.5,119011.9,118718.1,119004.6,124808642.93339977
2025-08-12 01:44:59.467000+00:00,2025-08-12 01:30:00+00:00,continuous,119004.6,119017.7,118870.4,119000.4,63905251.50600004
2025-08-12 01:59:59.575000+00:00,2025-08-12 01:45:00+00:00,continuous,119000.4,119030.8,118924.4,118924.4,59983314.762800395
2025-08-12 02:14:59.988000+00:00,2025-08-12 02:00:00+00:00,continuous,118924.5,119028.5,118776.0,118933.9,89398015.38589977
2025-08-12 02:29:59.639000+00:00,2025-08-12 02:15:00+00:00,continuous,118934.0,119112.0,118864.3,119068.6,73376935.55280009
2025-08-12 02:44:59.566000+00:00,2025-08-12 02:30:00+00:00,continuous,119068.7,119246.4,119050.0,119126.3,145291742.9296999
2025-08-12 02:59:59.500000+00:00,2025-08-12 02:45:00+00:00,continuous,119126.3,119126.4,119003.7,119003.7,62637325.789999716
2025-08-12 03:14:59.839000+00:00,2025-08-12 03:00:00+00:00,continuous,119003.7,119043.4,118809.0,118937.8,97868258.38049972
2025-08-12 03:29:59.831000+00:00,2025-08-12 03:15:00+00:00,continuous,118937.8,118953.1,118825.3,118896.1,84518330.67789972
2025-08-12 03:44:59.959000+00:00,2025-08-12 03:30:00+00:00,continuous,118896.2,119088.3,118816.8,118833.0,76750492.19920006
2025-08-12 03:59:59.559000+00:00,2025-08-12 03:45:00+00:00,continuous,118833.0,118888.0,118702.4,118813.1,89548364.49619927
2025-08-12 04:14:59.387000+00:00,2025-08-12 04:00:00+00:00,continuous,118813.2,118932.7,118759.6,118892.0,63516195.109200045
2025-08-12 04:29:59.966000+00:00,2025-08-12 04:15:00+00:00,continuous,118891.9,118990.0,118854.7,118990.0,52976914.85099992
2025-08-12 04:44:59.438000+00:00,2025-08-12 04:30:00+00:00,continuous,118989.9,119113.2,118935.2,119030.7,122926271.03559932
2025-08-12 04:59:59.550000+00:00,2025-08-12 04:45:00+00:00,continuous,119030.8,119120.0,118940.0,119024.0,53886363.37089977
2025-08-12 05:14:59.858000+00:00,2025-08-12 05:00:00+00:00,continuous,119024.0,119024.0,118603.0,118796.4,221560099.98389974
2025-08-12 05:29:59.206000+00:00,2025-08-12 05:15:00+00:00,continuous,118796.4,118820.5,118563.0,118575.4,117857820.11530033
2025-08-12 05:44:59.518000+00:00,2025-08-12 05:30:00+00:00,continuous,118575.3,118591.2,118377.2,118440.4,196717607.4113003
2025-08-12 05:59:59.900000+00:00,2025-08-12 05:45:00+00:00,continuous,118440.4,118783.1,118440.3,118783.0,96298804.42310058
2025-08-12 06:14:59.964000+00:00,2025-08-12 06:00:00+00:00,continuous,118783.1,118845.0,118655.9,118656.4,98929381.6303997
2025-08-12 06:29:59.972000+00:00,2025-08-12 06:15:00+00:00,continuous,118656.4,118982.9,118552.4,118947.5,148192914.1171993
2025-08-12 06:44:59.659000+00:00,2025-08-12 06:30:00+00:00,continuous,118947.4,118947.5,118834.6,118906.8,77910381.4194
2025-08-12 06:59:59.593000+00:00,2025-08-12 06:45:00+00:00,continuous,118906.8,118973.0,118776.9,118792.7,103021404.41349934
2025-08-12 07:14:59.357000+00:00,2025-08-12 07:00:00+00:00,continuous,118792.7,119065.0,118792.7,119054.3,105870154.60139994
2025-08-12 07:29:59.658000+00:00,2025-08-12 07:15:00+00:00,continuous,119054.4,119114.5,119037.4,119078.5,71522104.43960015
2025-08-12 07:44:59.818000+00:00,2025-08-12 07:30:00+00:00,continuous,119078.4,119078.5,118930.4,118956.0,91543583.12639973
2025-08-12 07:59:59.946000+00:00,2025-08-12 07:45:00+00:00,continuous,118956.0,119031.6,118911.0,118931.9,76371262.75849964
2025-08-12 08:14:59.958000+00:00,2025-08-12 08:00:00+00:00,continuous,118931.9,118963.6,118805.5,118868.0,64252235.752300024
2025-08-12 08:29:58.447000+00:00,2025-08-12 08:15:00+00:00,continuous,118867.9,118892.5,118740.0,118774.2,47527434.73159979
2025-08-12 08:44:59.991000+00:00,2025-08-12 08:30:00+00:00,continuous,118774.2,118991.6,118691.4,118985.9,80660698.0114
2025-08-12 08:59:59.991000+00:00,2025-08-12 08:45:00+00:00,continuous,118985.9,119011.9,118750.0,118761.4,85996635.45260017
2025-08-12 09:14:59.871000+00:00,2025-08-12 09:00:00+00:00,continuous,118761.3,118844.0,118500.0,118572.5,139275191.39799973
2025-08-12 09:29:59.478000+00:00,2025-08-12 09:15:00+00:00,continuous,118572.5,118718.3,118480.7,118632.1,151918267.01339978
2025-08-12 09:44:59.917000+00:00,2025-08-12 09:30:00+00:00,continuous,118632.2,118635.5,118481.4,118499.0,89382609.28420009
2025-08-12 09:59:59.984000+00:00,2025-08-12 09:45:00+00:00,continuous,118499.0,118545.1,118340.5,118359.9,107437318.01309964
2025-08-12 10:14:59.927000+00:00,2025-08-12 10:00:00+00:00,continuous,118360.0,118419.7,118154.3,118189.5,207365426.66990072
2025-08-12 10:29:59.989000+00:00,2025-08-12 10:15:00+00:00,continuous,118189.6,118544.4,118189.6,118478.0,139712442.08409905
2025-08-12 10:44:59.878000+00:00,2025-08-12 10:30:00+00:00,continuous,118477.9,118615.3,118316.0,118345.7,95791515.33670051
2025-08-12 10:59:59.714000+00:00,2025-08-12 10:45:00+00:00,continuous,118345.6,118562.5,118310.3,118407.1,76413785.03750026
2025-08-12 11:14:59.927000+00:00,2025-08-12 11:00:00+00:00,continuous,118407.1,118482.9,118189.2,118206.4,97143034.52380006
2025-08-12 11:29:59.937000+00:00,2025-08-12 11:15:00+00:00,continuous,118206.4,118461.5,118157.4,118448.5,104510341.11580078
2025-08-12 11:44:59.815000+00:00,2025-08-12 11:30:00+00:00,continuous,118448.4,118622.6,118344.3,118360.1,118461779.03909981
2025-08-12 11:59:59.837000+00:00,2025-08-12 11:45:00+00:00,continuous,118360.1,118533.1,118359.9,118464.1,53229631.81370013
2025-08-12 12:14:59.732000+00:00,2025-08-12 12:00:00+00:00,continuous,118464.2,118508.3,118294.7,118311.6,96071514.49970038
2025-08-12 12:29:59.687000+00:00,2025-08-12 12:15:00+00:00,continuous,118311.7,118571.0,118234.8,118441.3,167041790.82459977
2025-08-12 12:44:59.908000+00:00,2025-08-12 12:30:00+00:00,continuous,118441.4,119185.2,118441.3,119064.5,1082628717.6961007
2025-08-12 12:59:59.971000+00:00,2025-08-12 12:45:00+00:00,continuous,119064.5,119236.3,118900.6,119225.8,393546846.0894013
2025-08-12 13:14:59.974000+00:00,2025-08-12 13:00:00+00:00,continuous,119225.8,119280.0,118759.7,118992.0,355575925.7634999
2025-08-12 13:29:59.939000+00:00,2025-08-12 13:15:00+00:00,continuous,118992.0,119165.0,118918.2,119158.1,151928087.15119967
2025-08-12 13:44:59.999000+00:00,2025-08-12 13:30:00+00:00,continuous,119158.0,119682.0,118615.3,118688.5,829836440.2157027
2025-08-12 13:59:59.551000+00:00,2025-08-12 13:45:00+00:00,continuous,118688.6,119037.0,118557.5,118806.6,510980098.55000204
2025-08-12 14:14:59.878000+00:00,2025-08-12 14:00:00+00:00,continuous,118806.6,119225.8,118712.6,119132.6,284194926.90650076
2025-08-12 14:29:59.888000+00:00,2025-08-12 14:15:00+00:00,continuous,119132.7,119239.5,118950.0,119152.4,155142168.11960036
2025-08-12 14:44:59.938000+00:00,2025-08-12 14:30:00+00:00,continuous,119152.5,119299.3,119010.6,119080.0,143294177.901801
2025-08-12 14:59:59.800000+00:00,2025-08-12 14:45:00+00:00,continuous,119080.0,119420.8,118923.0,119419.0,191533362.64089936
2025-08-12 15:14:59.970000+00:00,2025-08-12 15:00:00+00:00,continuous,119418.9,119550.0,119262.4,119397.4,233280795.72979957
2025-08-12 15:29:59.782000+00:00,2025-08-12 15:15:00+00:00,continuous,119397.3,119744.9,119397.3,119738.9,253053394.8937991
2025-08-12 15:44:59.960000+00:00,2025-08-12 15:30:00+00:00,continuous,119738.8,119923.0,119588.2,119626.9,308559847.9309
2025-08-12 15:59:59.864000+00:00,2025-08-12 15:45:00+00:00,continuous,119626.9,119927.9,119545.4,119888.0,219831927.14800012
2025-08-12 16:14:59.950000+00:00,2025-08-12 16:00:00+00:00,continuous,119888.0,120163.6,119765.4,119777.2,378687015.2137999
2025-08-12 16:29:59.639000+00:00,2025-08-12 16:15:00+00:00,continuous,119777.2,119912.0,119549.4,119674.3,202511436.8979003
2025-08-12 16:44:59.802000+00:00,2025-08-12 16:30:00+00:00,continuous,119674.2,119674.3,119458.0,119510.8,226075062.17049986
2025-08-12 16:59:59.837000+00:00,2025-08-12 16:45:00+00:00,continuous,119510.7,119678.0,119480.0,119608.3,108678429.6525001
2025-08-12 17:14:59.746000+00:00,2025-08-12 17:00:00+00:00,continuous,119608.3,119797.0,119523.1,119645.0,115404805.55020002
2025-08-12 17:29:59.923000+00:00,2025-08-12 17:15:00+00:00,continuous,119645.0,119812.3,119194.9,119364.8,264038911.02820075
2025-08-12 17:44:59.922000+00:00,2025-08-12 17:30:00+00:00,continuous,119364.8,119512.4,119304.0,119376.1,150579123.08510023
2025-08-12 17:59:59.927000+00:00,2025-08-12 17:45:00+00:00,continuous,119376.1,119447.1,119124.5,119222.1,155138125.2059997
2025-08-12 18:14:59.961000+00:00,2025-08-12 18:00:00+00:00,continuous,119222.2,119754.1,119222.2,119750.1,204076615.13460058
2025-08-12 18:29:59.514000+00:00,2025-08-12 18:15:00+00:00,continuous,119750.0,120050.1,119656.3,119719.5,304150722.2953997
2025-08-12 18:44:59.648000+00:00,2025-08-12 18:30:00+00:00,continuous,119719.5,119775.8,119453.5,119506.9,99319009.7078002
2025-08-12 18:59:58.592000+00:00,2025-08-12 18:45:00+00:00,continuous,119506.9,119531.4,119202.2,119297.5,169927274.56030068
2025-08-12 19:14:59.512000+00:00,2025-08-12 19:00:00+00:00,continuous,119297.4,119491.4,119238.6,119485.8,94886296.18309993
2025-08-12 19:29:59.998000+00:00,2025-08-12 19:15:00+00:00,continuous,119485.8,119821.2,119485.8,119760.0,108907974.7932996
2025-08-12 19:44:59.971000+00:00,2025-08-12 19:30:00+00:00,continuous,119760.0,119920.0,119631.6,119679.1,91727203.88289993
2025-08-12 19:59:59.544000+00:00,2025-08-12 19:45:00+00:00,continuous,119679.2,119700.0,119567.2,119600.3,56815447.90279989
2025-08-12 20:14:59.457000+00:00,2025-08-12 20:00:00+00:00,continuous,119600.3,119750.0,119430.0,119699.9,108729720.86139974
2025-08-12 20:29:59.653000+00:00,2025-08-12 20:15:00+00:00,continuous,119700.0,119988.0,119694.0,119769.3,211441601.32880032
2025-08-12 20:44:59.460000+00:00,2025-08-12 20:30:00+00:00,continuous,119769.4,120120.0,119769.3,119987.7,196316076.71929947
2025-08-12 20:59:59.918000+00:00,2025-08-12 20:45:00+00:00,continuous,119987.7,120270.0,119984.4,120129.8,312701148.3341028
2025-08-12 21:14:59.658000+00:00,2025-08-12 21:00:00+00:00,continuous,120129.8,120153.5,119774.7,119965.3,145957783.46909985
2025-08-12 21:29:59.682000+00:00,2025-08-12 21:15:00+00:00,continuous,119965.2,120075.0,119936.0,120050.0,53472774.08320015
2025-08-12 21:44:59.951000+00:00,2025-08-12 21:30:00+00:00,continuous,120049.9,120049.9,119780.0,119954.9,73775206.51429957
2025-08-12 21:59:59.845000+00:00,2025-08-12 21:45:00+00:00,continuous,119955.0,119955.0,119730.1,119854.0,55105076.792600214
2025-08-12 22:14:59.411000+00:00,2025-08-12 22:00:00+00:00,continuous,119854.1,119950.2,119635.6,119712.8,126042163.3197999
2025-08-12 22:29:59.433000+00:00,2025-08-12 22:15:00+00:00,continuous,119712.8,119799.3,119585.4,119737.2,67520548.66569993
2025-08-12 22:44:59.845000+00:00,2025-08-12 22:30:00+00:00,continuous,119737.2,119911.6,119719.4,119835.8,92325553.85059972
2025-08-12 22:59:59.744000+00:00,2025-08-12 22:45:00+00:00,continuous,119835.9,120055.4,119787.8,120049.9,75626111.73649985
2025-08-12 23:14:59.562000+00:00,2025-08-12 23:00:00+00:00,continuous,120049.9,120062.8,119855.0,120048.0,78512238.42209993
2025-08-12 23:29:59.581000+00:00,2025-08-12 23:15:00+00:00,continuous,120048.1,120178.5,120036.2,120140.8,74870515.49179967
2025-08-12 23:44:59.949000+00:00,2025-08-12 23:30:00+00:00,continuous,120140.8,120207.6,119991.6,120190.0,105010382.26139966
2025-08-12 23:59:59.615000+00:00,2025-08-12 23:45:00+00:00,continuous,120190.0,120265.1,120041.4,120081.0,159571841.11500165
2025-08-13 00:14:59.777000+00:00,2025-08-13 00:00:00+00:00,continuous,120080.9,120146.6,119955.5,120017.4,119456567.19839998
2025-08-13 00:29:59.772000+00:00,2025-08-13 00:15:00+00:00,continuous,120017.5,120017.5,119854.9,119899.6,77653177.99279962
2025-08-13 00:44:59.222000+00:00,2025-08-13 00:30:00+00:00,continuous,119899.6,119988.0,119816.4,119862.2,61100769.68540015
2025-08-13 00:59:59.797000+00:00,2025-08-13 00:45:00+00:00,continuous,119862.1,119933.5,119547.8,119665.3,297698383.23590016
2025-08-13 01:14:59.907000+00:00,2025-08-13 01:00:00+00:00,continuous,119665.3,119673.2,119300.0,119323.5,245665915.79249966
2025-08-13 01:29:59.877000+00:00,2025-08-13 01:15:00+00:00,continuous,119323.5,119615.3,119320.0,119456.6,172085743.89640072
2025-08-13 01:44:59.480000+00:00,2025-08-13 01:30:00+00:00,continuous,119456.6,119526.9,119335.4,119384.4,71721953.45959996
2025-08-13 01:59:59.609000+00:00,2025-08-13 01:45:00+00:00,continuous,119384.4,119497.0,119333.5,119422.6,53731106.310799815
2025-08-13 02:14:59.709000+00:00,2025-08-13 02:00:00+00:00,continuous,119422.5,119422.6,119170.0,119172.5,104795676.82410035
2025-08-13 02:29:59.847000+00:00,2025-08-13 02:15:00+00:00,continuous,119172.4,119240.0,119028.0,119240.0,206571569.5434998
2025-08-13 02:44:59.919000+00:00,2025-08-13 02:30:00+00:00,continuous,119240.0,119665.3,119222.7,119560.9,143554230.82490057
2025-08-13 02:59:59.787000+00:00,2025-08-13 02:45:00+00:00,continuous,119560.9,119692.3,119500.0,119500.1,90516929.21420002
2025-08-13 03:14:59.556000+00:00,2025-08-13 03:00:00+00:00,continuous,119500.1,119596.2,119283.6,119334.0,112890281.86690019
2025-08-13 03:29:59.552000+00:00,2025-08-13 03:15:00+00:00,continuous,119334.1,119450.9,119261.7,119375.1,83411683.5076991
2025-08-13 03:44:59.934000+00:00,2025-08-13 03:30:00+00:00,continuous,119375.1,119586.0,119302.6,119404.0,103952601.43499994
2025-08-13 03:59:59.296000+00:00,2025-08-13 03:45:00+00:00,continuous,119404.0,119553.4,119327.3,119436.0,70176618.61970095
2025-08-13 04:14:59.958000+00:00,2025-08-13 04:00:00+00:00,continuous,119436.0,119798.6,119416.8,119680.7,212654708.54360053
2025-08-13 04:29:59.439000+00:00,2025-08-13 04:15:00+00:00,continuous,119675.6,119743.5,119538.5,119543.7,82695858.77300006
2025-08-13 04:44:59.538000+00:00,2025-08-13 04:30:00+00:00,continuous,119543.6,119643.6,119304.6,119365.5,92057366.11309974
2025-08-13 04:59:59.966000+00:00,2025-08-13 04:45:00+00:00,continuous,119365.5,119386.2,119278.3,119294.0,77359391.70630005
2025-08-13 05:14:59.856000+00:00,2025-08-13 05:00:00+00:00,continuous,119294.0,119352.6,119270.3,119352.6,59065028.22179997
2025-08-13 05:29:59.528000+00:00,2025-08-13 05:15:00+00:00,continuous,119352.5,119650.7,119296.2,119564.6,105004622.81759977
2025-08-13 05:44:59.920000+00:00,2025-08-13 05:30:00+00:00,continuous,119564.6,119570.0,119044.8,119120.1,340832995.99210083
2025-08-13 05:59:59.670000+00:00,2025-08-13 05:45:00+00:00,continuous,119120.1,119167.2,118829.0,119029.9,256139028.1549995
2025-08-13 06:14:59.881000+00:00,2025-08-13 06:00:00+00:00,continuous,119029.9,119204.4,118894.2,119195.6,108625578.7941002
2025-08-13 06:29:59.754000+00:00,2025-08-13 06:15:00+00:00,continuous,119195.5,119243.4,119021.2,119121.3,88959242.34769987
2025-08-13 06:44:59.427000+00:00,2025-08-13 06:30:00+00:00,continuous,119121.4,119288.2,119116.6,119116.6,51781184.11360016
2025-08-13 06:59:59.709000+00:00,2025-08-13 06:45:00+00:00,continuous,119116.6,119384.6,119076.9,119368.1,96810420.56179997
2025-08-13 07:14:59.873000+00:00,2025-08-13 07:00:00+00:00,continuous,119368.1,119455.0,119288.9,119294.0,87107118.47370009
2025-08-13 07:29:59.526000+00:00,2025-08-13 07:15:00+00:00,continuous,119294.0,119392.1,119278.0,119368.3,39833151.53749989
2025-08-13 07:44:59.701000+00:00,2025-08-13 07:30:00+00:00,continuous,119368.3,119385.6,119258.2,119287.4,45443601.824699745
2025-08-13 07:59:59.765000+00:00,2025-08-13 07:45:00+00:00,continuous,119287.4,119603.0,119261.2,119540.3,168703949.93140015
2025-08-13 08:14:59.821000+00:00,2025-08-13 08:00:00+00:00,continuous,119540.3,119850.0,119408.8,119752.0,262932035.9708994
2025-08-13 08:29:59.874000+00:00,2025-08-13 08:15:00+00:00,continuous,119752.0,119833.2,119660.1,119775.7,193212514.4796001
2025-08-13 08:44:59.857000+00:00,2025-08-13 08:30:00+00:00,continuous,119775.7,119921.4,119771.9,119903.4,150393736.5662001
2025-08-13 08:59:59.953000+00:00,2025-08-13 08:45:00+00:00,continuous,119903.4,120019.7,119786.5,120015.6,122851555.52240045
2025-08-13 09:14:59.908000+00:00,2025-08-13 09:00:00+00:00,continuous,120015.6,120149.9,119894.4,120123.7,176204984.78969976
2025-08-13 09:29:59.683000+00:00,2025-08-13 09:15:00+00:00,continuous,120123.6,120138.2,119756.0,119829.3,181048081.31770018
2025-08-13 09:44:59.785000+00:00,2025-08-13 09:30:00+00:00,continuous,119829.3,120050.0,119829.2,119987.1,106792227.3058003
2025-08-13 09:59:59.937000+00:00,2025-08-13 09:45:00+00:00,continuous,119987.0,120119.2,119976.0,120082.8,140274029.89060012
2025-08-13 10:14:59.822000+00:00,2025-08-13 10:00:00+00:00,continuous,120082.7,120432.0,120014.2,120350.4,334849694.2709013
2025-08-13 10:29:59.755000+00:00,2025-08-13 10:15:00+00:00,continuous,120350.4,120470.0,120254.2,120353.0,251547398.45100227
2025-08-13 10:44:59.889000+00:00,2025-08-13 10:30:00+00:00,continuous,120353.0,120450.0,120333.0,120427.6,138866728.63640055
2025-08-13 10:59:59.752000+00:00,2025-08-13 10:45:00+00:00,continuous,120427.5,120469.9,120349.3,120468.4,97241742.1959998
2025-08-13 11:14:59.844000+00:00,2025-08-13 11:00:00+00:00,continuous,120468.5,120683.0,120425.4,120607.9,288361750.0199012
2025-08-13 11:29:59.719000+00:00,2025-08-13 11:15:00+00:00,continuous,120607.9,120710.4,120397.1,120639.0,188698996.42270002
2025-08-13 11:44:59.802000+00:00,2025-08-13 11:30:00+00:00,continuous,120638.9,120705.0,120543.5,120687.6,127057494.9324002
2025-08-13 11:59:59.975000+00:00,2025-08-13 11:45:00+00:00,continuous,120687.6,120708.3,120538.4,120538.5,85493874.08960022
2025-08-13 12:14:59.962000+00:00,2025-08-13 12:00:00+00:00,continuous,120538.4,120665.3,120334.0,120440.0,217063401.9107987
2025-08-13 12:29:59.757000+00:00,2025-08-13 12:15:00+00:00,continuous,120440.0,120578.9,120439.9,120516.0,96740616.00080086
2025-08-13 12:44:59.739000+00:00,2025-08-13 12:30:00+00:00,continuous,120516.0,120600.0,120394.0,120509.9,123884740.90399958
2025-08-13 12:59:59.972000+00:00,2025-08-13 12:45:00+00:00,continuous,120509.9,120527.6,120176.0,120254.6,229655229.23589984
2025-08-13 13:14:59.649000+00:00,2025-08-13 13:00:00+00:00,continuous,120254.6,120529.0,120165.4,120470.1,176083099.5981986
2025-08-13 13:29:59.991000+00:00,2025-08-13 13:15:00+00:00,continuous,120470.2,120756.5,120450.0,120609.3,173753597.62599847
2025-08-13 13:44:59.960000+00:00,2025-08-13 13:30:00+00:00,continuous,120609.3,120745.9,120066.1,120315.6,433928561.1772999
2025-08-13 13:59:59.944000+00:00,2025-08-13 13:45:00+00:00,continuous,120315.7,122087.3,120265.1,121777.3,1939589613.7377155
2025-08-13 14:14:59.809000+00:00,2025-08-13 14:00:00+00:00,continuous,121777.3,122218.3,121742.2,122060.0,934477565.0182049
2025-08-13 14:29:59.642000+00:00,2025-08-13 14:15:00+00:00,continuous,122060.0,122170.7,121388.8,121693.1,1004000422.393094
2025-08-13 14:44:59.976000+00:00,2025-08-13 14:30:00+00:00,continuous,121693.1,121914.3,121470.9,121637.3,329619778.16549855
2025-08-13 14:59:59.918000+00:00,2025-08-13 14:45:00+00:00,continuous,121637.2,121637.2,120730.0,120880.0,772950743.9117017
2025-08-13 15:14:59.969000+00:00,2025-08-13 15:00:00+00:00,continuous,120880.0,121229.8,120782.6,120971.3,429229327.7203998
2025-08-13 15:29:59.897000+00:00,2025-08-13 15:15:00+00:00,continuous,120970.8,120970.8,120262.8,120550.4,445096864.9557995
2025-08-13 15:44:59.873000+00:00,2025-08-13 15:30:00+00:00,continuous,120550.4,121336.9,120402.1,121305.9,381529526.7228995
2025-08-13 15:59:59.956000+00:00,2025-08-13 15:45:00+00:00,continuous,121306.0,121315.9,120852.4,120897.2,246072468.32140008
2025-08-13 16:14:59.878000+00:00,2025-08-13 16:00:00+00:00,continuous,120897.3,121518.1,120897.3,121507.4,240337942.86680087
2025-08-13 16:29:59.951000+00:00,2025-08-13 16:15:00+00:00,continuous,121507.4,121728.9,121473.9,121509.8,334200565.44900066
2025-08-13 16:44:59.954000+00:00,2025-08-13 16:30:00+00:00,continuous,121509.9,121689.5,121307.6,121307.6,214423896.13010004
2025-08-13 16:59:59.807000+00:00,2025-08-13 16:45:00+00:00,continuous,121307.6,121477.3,121232.4,121420.0,172431552.12560126
2025-08-13 17:14:59.964000+00:00,2025-08-13 17:00:00+00:00,continuous,121420.0,121685.0,121394.9,121578.0,133666958.60209972
2025-08-13 17:29:59.874000+00:00,2025-08-13 17:15:00+00:00,continuous,121577.9,121817.7,121556.8,121767.7,174199262.74409986
2025-08-13 17:44:59.636000+00:00,2025-08-13 17:30:00+00:00,continuous,121767.6,121805.0,121514.2,121552.1,165142670.47390017
2025-08-13 17:59:59.453000+00:00,2025-08-13 17:45:00+00:00,continuous,121552.1,121835.9,121477.5,121774.6,139647509.3824995
2025-08-13 18:14:59.799000+00:00,2025-08-13 18:00:00+00:00,continuous,121774.6,121932.0,121600.0,121883.9,221775905.5108991
2025-08-13 18:29:59.273000+00:00,2025-08-13 18:15:00+00:00,continuous,121884.0,121923.0,121553.0,121600.3,103611175.3771998
2025-08-13 18:44:59.876000+00:00,2025-08-13 18:30:00+00:00,continuous,121600.4,121850.0,121363.6,121479.3,305785473.7816988
2025-08-13 18:59:59.855000+00:00,2025-08-13 18:45:00+00:00,continuous,121479.3,121676.1,121411.9,121587.3,87731942.07460047
2025-08-13 19:14:59.963000+00:00,2025-08-13 19:00:00+00:00,continuous,121587.3,122000.0,121461.4,121900.0,231760354.6332013
2025-08-13 19:29:59.996000+00:00,2025-08-13 19:15:00+00:00,continuous,121899.9,122541.8,121888.8,122329.5,791948753.0930005
2025-08-13 19:44:59.909000+00:00,2025-08-13 19:30:00+00:00,continuous,122330.0,122567.8,122178.5,122401.8,304191881.9254981
2025-08-13 19:59:59.701000+00:00,2025-08-13 19:45:00+00:00,continuous,122401.8,122831.1,122400.0,122719.9,396973411.740602
2025-08-13 20:14:59.897000+00:00,2025-08-13 20:00:00+00:00,continuous,122720.0,122850.1,122440.0,122786.3,307088731.70069903
2025-08-13 20:29:59.681000+00:00,2025-08-13 20:15:00+00:00,continuous,122786.3,122786.4,122540.0,122593.7,128224816.36869992
2025-08-13 20:44:59.998000+00:00,2025-08-13 20:30:00+00:00,continuous,122593.7,122800.1,122593.7,122795.9,131954383.81169942
2025-08-13 20:59:59.854000+00:00,2025-08-13 20:45:00+00:00,continuous,122796.0,122990.0,122772.7,122905.4,243024002.94189963
2025-08-13 21:14:59.885000+00:00,2025-08-13 21:00:00+00:00,continuous,122905.5,123061.9,122665.1,122723.9,358699756.2384989
2025-08-13 21:29:59.615000+00:00,2025-08-13 21:15:00+00:00,continuous,122724.0,122958.2,122675.2,122689.9,154932371.22490013
2025-08-13 21:44:59.941000+00:00,2025-08-13 21:30:00+00:00,continuous,122689.9,122853.3,122476.8,122484.1,214762259.37319928
2025-08-13 21:59:59.914000+00:00,2025-08-13 21:45:00+00:00,continuous,122484.2,122670.2,122314.1,122581.1,259616060.05530003
2025-08-13 22:14:59.900000+00:00,2025-08-13 22:00:00+00:00,continuous,122581.0,123000.0,122576.1,122988.0,248757018.99889922
2025-08-13 22:29:59.609000+00:00,2025-08-13 22:15:00+00:00,continuous,122988.1,123100.0,122854.8,122961.7,206371502.92550007
2025-08-13 22:44:59.967000+00:00,2025-08-13 22:30:00+00:00,continuous,122961.8,123669.3,122923.7,123531.7,642760371.7033985
2025-08-13 22:59:59.948000+00:00,2025-08-13 22:45:00+00:00,continuous,123531.6,123680.0,122900.0,122965.2,482012517.416701
2025-08-13 23:14:59.706000+00:00,2025-08-13 23:00:00+00:00,continuous,122965.3,123200.0,122917.5,123014.3,198743435.91089946
2025-08-13 23:29:59.894000+00:00,2025-08-13 23:15:00+00:00,continuous,123014.3,123338.7,122961.0,123324.3,113477201.14590012
2025-08-13 23:44:59.994000+00:00,2025-08-13 23:30:00+00:00,continuous,123324.3,123715.9,123324.2,123464.4,234298174.26200074
2025-08-13 23:59:59.749000+00:00,2025-08-13 23:45:00+00:00,continuous,123464.4,123602.7,123313.2,123323.9,146167609.2507003
2025-08-14 00:14:59.753000+00:00,2025-08-14 00:00:00+00:00,continuous,123323.9,123899.9,123272.1,123887.2,392755120.93229884
2025-08-14 00:29:59.948000+00:00,2025-08-14 00:15:00+00:00,continuous,123887.1,124300.1,123674.5,124300.0,554586056.3835992
2025-08-14 00:44:59.830000+00:00,2025-08-14 00:30:00+00:00,continuous,124300.1,124545.6,123671.0,123750.3,706268624.7143041
2025-08-14 00:59:59.874000+00:00,2025-08-14 00:45:00+00:00,continuous,123750.4,123881.8,123474.2,123871.1,260655895.89010185
2025-08-14 01:14:59.845000+00:00,2025-08-14 01:00:00+00:00,continuous,123871.0,123963.8,123588.4,123616.8,206405736.17610058
2025-08-14 01:29:59.748000+00:00,2025-08-14 01:15:00+00:00,continuous,123616.9,123749.0,123381.1,123593.8,263403467.1414009
2025-08-14 01:44:59.833000+00:00,2025-08-14 01:30:00+00:00,continuous,123593.7,123811.7,123520.3,123596.4,121498076.90090033
2025-08-14 01:59:59.998000+00:00,2025-08-14 01:45:00+00:00,continuous,123596.3,123596.3,123355.0,123367.8,104886882.30240014
2025-08-14 02:14:59.972000+00:00,2025-08-14 02:00:00+00:00,continuous,123367.7,123628.1,123351.9,123407.5,123327090.08539978
2025-08-14 02:29:59.969000+00:00,2025-08-14 02:15:00+00:00,continuous,123407.4,123484.2,123288.5,123350.1,115350918.77089877
2025-08-14 02:44:59.886000+00:00,2025-08-14 02:30:00+00:00,continuous,123350.1,123649.7,123325.0,123607.5,160845856.20140004
2025-08-14 02:59:59.660000+00:00,2025-08-14 02:45:00+00:00,continuous,123607.6,123744.2,123538.4,123702.3,141586302.34650066
2025-08-14 03:14:59.786000+00:00,2025-08-14 03:00:00+00:00,continuous,123702.2,123923.1,123661.1,123806.4,184633293.8938
2025-08-14 03:29:59.838000+00:00,2025-08-14 03:15:00+00:00,continuous,123806.4,123806.5,123594.7,123610.9,119891174.60929993
2025-08-14 03:44:59.745000+00:00,2025-08-14 03:30:00+00:00,continuous,123610.9,123636.8,123436.8,123560.1,94984232.29739983
2025-08-14 03:59:59.979000+00:00,2025-08-14 03:45:00+00:00,continuous,123560.0,123579.9,123330.8,123405.2,110659462.37109941
2025-08-14 04:14:59.823000+00:00,2025-08-14 04:00:00+00:00,continuous,123405.1,123485.3,123161.2,123161.2,153291805.33330023
2025-08-14 04:29:59.720000+00:00,2025-08-14 04:15:00+00:00,continuous,123161.3,123446.1,123152.6,123370.6,145214937.5924004
2025-08-14 04:44:59.845000+00:00,2025-08-14 04:30:00+00:00,continuous,123370.6,123392.0,123157.1,123263.3,128583451.84959956
2025-08-14 04:59:59.900000+00:00,2025-08-14 04:45:00+00:00,continuous,123263.4,123263.4,123050.0,123057.0,286161497.2256986
2025-08-14 05:14:59.987000+00:00,2025-08-14 05:00:00+00:00,continuous,123057.0,123188.3,122879.6,122921.2,257008346.16889998
2025-08-14 05:29:59.889000+00:00,2025-08-14 05:15:00+00:00,continuous,122921.2,123069.4,122737.2,122766.0,213757316.7364006
2025-08-14 05:44:59.976000+00:00,2025-08-14 05:30:00+00:00,continuous,122766.0,122873.6,122595.0,122635.2,257066333.00089976
2025-08-14 05:59:59.882000+00:00,2025-08-14 05:45:00+00:00,continuous,122635.1,122699.1,122092.6,122166.0,730629311.9170984
2025-08-14 06:14:59.731000+00:00,2025-08-14 06:00:00+00:00,continuous,122166.0,122166.1,121728.9,121781.6,692388370.6809038
2025-08-14 06:29:59.991000+00:00,2025-08-14 06:15:00+00:00,continuous,121781.6,121800.1,121318.5,121612.4,724968453.2990032
2025-08-14 06:44:59.531000+00:00,2025-08-14 06:30:00+00:00,continuous,121612.5,122000.0,121612.4,121783.1,478591916.2710023
2025-08-14 06:59:59.971000+00:00,2025-08-14 06:45:00+00:00,continuous,121783.1,121969.5,121738.1,121792.4,227836374.63439807
2025-08-14 07:14:59.682000+00:00,2025-08-14 07:00:00+00:00,continuous,121792.3,121957.2,121629.4,121688.0,242010237.93160102
2025-08-14 07:29:59.582000+00:00,2025-08-14 07:15:00+00:00,continuous,121688.0,121776.9,121550.0,121632.8,158864672.38829988
2025-08-14 07:44:59.663000+00:00,2025-08-14 07:30:00+00:00,continuous,121632.7,122081.6,121632.7,121934.2,250949558.55390027
2025-08-14 07:59:59.983000+00:00,2025-08-14 07:45:00+00:00,continuous,121934.2,121943.6,121622.2,121742.4,152765546.7596995
2025-08-14 08:14:59.353000+00:00,2025-08-14 08:00:00+00:00,continuous,121742.3,121871.6,121588.0,121819.7,180528849.33149973
2025-08-14 08:29:59.469000+00:00,2025-08-14 08:15:00+00:00,continuous,121819.7,122050.0,121810.6,122012.4,200692761.69560003
2025-08-14 08:44:59.860000+00:00,2025-08-14 08:30:00+00:00,continuous,122012.5,122012.5,121643.0,121690.2,151691964.669699
2025-08-14 08:59:59.828000+00:00,2025-08-14 08:45:00+00:00,continuous,121690.1,121762.7,121551.0,121643.7,122574963.94079986
2025-08-14 09:14:59.597000+00:00,2025-08-14 09:00:00+00:00,continuous,121643.7,121902.0,121514.5,121902.0,119048482.11370012
2025-08-14 09:29:59.849000+00:00,2025-08-14 09:15:00+00:00,continuous,121901.9,121920.0,121760.6,121816.3,87988504.48329946
2025-08-14 09:44:59.562000+00:00,2025-08-14 09:30:00+00:00,continuous,121816.2,121816.2,121576.9,121581.8,88972013.99459952
2025-08-14 09:59:59.892000+00:00,2025-08-14 09:45:00+00:00,continuous,121581.8,121695.5,121581.7,121646.0,60510806.350399844
2025-08-14 10:14:59.759000+00:00,2025-08-14 10:00:00+00:00,continuous,121646.1,121650.3,121422.0,121484.4,225713387.80859944
2025-08-14 10:29:59.713000+00:00,2025-08-14 10:15:00+00:00,continuous,121484.4,121784.8,121482.1,121521.0,139267279.13120005
2025-08-14 10:44:59.966000+00:00,2025-08-14 10:30:00+00:00,continuous,121521.1,121672.8,121101.0,121168.2,393587740.66999894
2025-08-14 10:59:59.870000+00:00,2025-08-14 10:45:00+00:00,continuous,121168.1,121260.3,120767.8,120952.9,499271060.4758973
2025-08-14 11:14:59.949000+00:00,2025-08-14 11:00:00+00:00,continuous,120952.9,121049.7,120780.1,120835.7,278119433.0718999
2025-08-14 11:29:59.730000+00:00,2025-08-14 11:15:00+00:00,continuous,120835.7,120920.0,120711.6,120871.7,186257625.64300022
2025-08-14 11:44:59.324000+00:00,2025-08-14 11:30:00+00:00,continuous,120871.7,120910.6,120657.6,120776.6,166004980.75309926
2025-08-14 11:59:59.942000+00:00,2025-08-14 11:45:00+00:00,continuous,120776.6,120947.9,120764.4,120947.9,177948818.43350026
2025-08-14 12:14:59.810000+00:00,2025-08-14 12:00:00+00:00,continuous,120947.8,120948.0,120832.6,120948.0,229175782.00109985
2025-08-14 12:29:59.957000+00:00,2025-08-14 12:15:00+00:00,continuous,120948.0,121154.7,120416.7,121140.6,1197741343.763705
2025-08-14 12:44:59.991000+00:00,2025-08-14 12:30:00+00:00,continuous,121140.5,121140.6,117410.0,119478.5,3659379246.1553793
2025-08-14 12:59:59.975000+00:00,2025-08-14 12:45:00+00:00,continuous,119480.0,119700.0,118635.3,118822.2,1061457141.8864919
2025-08-14 13:14:59.777000+00:00,2025-08-14 13:00:00+00:00,continuous,118822.1,119224.3,118015.1,119210.4,1196715337.2419038
2025-08-14 13:29:59.817000+00:00,2025-08-14 13:15:00+00:00,continuous,119210.4,119210.4,117980.0,118184.9,1190829764.43531
2025-08-14 13:44:59.959000+00:00,2025-08-14 13:30:00+00:00,continuous,118184.9,118633.0,117673.5,118215.2,847893563.8802043
2025-08-14 13:59:59.946000+00:00,2025-08-14 13:45:00+00:00,continuous,118215.1,118841.7,118109.8,118364.7,681498094.2306008
2025-08-14 14:14:59.923000+00:00,2025-08-14 14:00:00+00:00,continuous,118364.7,118400.0,117907.2,117980.8,388586137.96199816
2025-08-14 14:29:59.963000+00:00,2025-08-14 14:15:00+00:00,continuous,117980.7,118833.0,117953.0,118809.9,433599100.89099765
2025-08-14 14:44:59.952000+00:00,2025-08-14 14:30:00+00:00,continuous,118810.0,119256.0,118704.8,119009.1,685430611.8361988
2025-08-14 14:59:59.711000+00:00,2025-08-14 14:45:00+00:00,continuous,119008.4,119313.9,118644.9,118752.1,351197972.46920055
2025-08-14 15:14:59.975000+00:00,2025-08-14 15:00:00+00:00,continuous,118752.1,118849.4,118407.3,118476.6,276978711.28479886
2025-08-14 15:29:59.923000+00:00,2025-08-14 15:15:00+00:00,continuous,118476.5,118547.6,117989.4,118105.8,429434620.0511995
2025-08-14 15:44:59.985000+00:00,2025-08-14 15:30:00+00:00,continuous,118105.8,118244.3,117811.9,118036.5,458514370.2362986
2025-08-14 15:59:59.995000+00:00,2025-08-14 15:45:00+00:00,continuous,118036.4,118241.8,117853.8,118185.9,285191357.70790184
2025-08-14 16:14:59.933000+00:00,2025-08-14 16:00:00+00:00,continuous,118185.8,118200.0,117558.2,117591.8,450721768.7735974
2025-08-14 16:29:59.932000+00:00,2025-08-14 16:15:00+00:00,continuous,117591.8,117870.2,117359.1,117592.9,455435588.96489674
2025-08-14 16:44:59.982000+00:00,2025-08-14 16:30:00+00:00,continuous,117592.8,117840.2,117339.9,117659.3,298559752.69920206
2025-08-14 16:59:59.886000+00:00,2025-08-14 16:45:00+00:00,continuous,117659.2,117956.5,117482.6,117815.2,268106994.534499
2025-08-14 17:14:59.466000+00:00,2025-08-14 17:00:00+00:00,continuous,117815.2,117827.1,117437.8,117666.1,173963407.73029983
2025-08-14 17:29:59.789000+00:00,2025-08-14 17:15:00+00:00,continuous,117666.0,118093.0,117486.4,118064.8,196785047.31560072
2025-08-14 17:44:59.918000+00:00,2025-08-14 17:30:00+00:00,continuous,118064.8,118081.8,117626.7,117626.7,126021478.57960069
2025-08-14 17:59:59.859000+00:00,2025-08-14 17:45:00+00:00,continuous,117626.8,117900.0,117518.0,117878.7,138437970.54360038
2025-08-14 18:14:59.863000+00:00,2025-08-14 18:00:00+00:00,continuous,117878.7,117889.7,117589.3,117598.4,114353340.0002
2025-08-14 18:29:59.985000+00:00,2025-08-14 18:15:00+00:00,continuous,117598.4,117805.7,117004.0,117793.8,526461523.3997982
2025-08-14 18:44:59.795000+00:00,2025-08-14 18:30:00+00:00,continuous,117793.8,118050.0,117748.4,117984.3,163610310.93259987
2025-08-14 18:59:59.893000+00:00,2025-08-14 18:45:00+00:00,continuous,117984.3,118174.4,117926.1,118033.1,151041559.5638008
2025-08-14 19:14:59.922000+00:00,2025-08-14 19:00:00+00:00,continuous,118033.1,118136.0,118002.0,118058.4,76865376.04659982
2025-08-14 19:29:59.849000+00:00,2025-08-14 19:15:00+00:00,continuous,118058.3,118377.0,117917.2,118233.2,248487389.72129887
2025-08-14 19:44:59.598000+00:00,2025-08-14 19:30:00+00:00,continuous,118233.2,118237.2,118041.4,118126.0,106795283.11499995
2025-08-14 19:59:59.840000+00:00,2025-08-14 19:45:00+00:00,continuous,118126.0,118500.0,117850.0,117889.5,377615396.004398
2025-08-14 20:14:59.396000+00:00,2025-08-14 20:00:00+00:00,continuous,117889.4,117950.0,117666.6,117776.0,191349696.48980027
2025-08-14 20:29:59.914000+00:00,2025-08-14 20:15:00+00:00,continuous,117776.1,118086.8,117713.3,118080.5,73301383.58320004
2025-08-14 20:44:59.682000+00:00,2025-08-14 20:30:00+00:00,continuous,118080.5,118085.2,117811.4,117879.2,63188244.9028
2025-08-14 20:59:59.487000+00:00,2025-08-14 20:45:00+00:00,continuous,117879.2,117920.8,117692.3,117811.2,115680525.03319995
2025-08-14 21:14:59.971000+00:00,2025-08-14 21:00:00+00:00,continuous,117811.3,118151.4,117764.0,118082.6,130626323.12790057
2025-08-14 21:29:59.919000+00:00,2025-08-14 21:15:00+00:00,continuous,118082.7,118109.6,117565.9,117587.3,212043361.50669932
2025-08-14 21:44:59.930000+00:00,2025-08-14 21:30:00+00:00,continuous,117587.3,117835.8,117255.0,117517.1,328681170.20810163
2025-08-14 21:59:59.944000+00:00,2025-08-14 21:45:00+00:00,continuous,117517.1,117879.3,117405.6,117843.7,152219972.5372004
2025-08-14 22:14:59.543000+00:00,2025-08-14 22:00:00+00:00,continuous,117843.6,118010.8,117577.7,118009.7,152175048.76590073
2025-08-14 22:29:59.581000+00:00,2025-08-14 22:15:00+00:00,continuous,118009.7,118163.2,117931.4,118160.5,100399461.06790067
2025-08-14 22:44:59.293000+00:00,2025-08-14 22:30:00+00:00,continuous,118160.4,118300.0,118053.5,118138.1,134573460.82480022
2025-08-14 22:59:59.925000+00:00,2025-08-14 22:45:00+00:00,continuous,118138.2,118297.2,118118.7,118230.1,64724616.84170011
2025-08-14 23:14:59.759000+00:00,2025-08-14 23:00:00+00:00,continuous,118230.1,118371.5,118179.1,118327.0,71076248.45149994
2025-08-14 23:29:59.572000+00:00,2025-08-14 23:15:00+00:00,continuous,118326.9,118458.0,118326.9,118457.9,114951395.98200037
2025-08-14 23:44:59.868000+00:00,2025-08-14 23:30:00+00:00,continuous,118457.9,118461.5,118327.0,118383.9,105905423.86419965
2025-08-14 23:59:59.498000+00:00,2025-08-14 23:45:00+00:00,continuous,118383.9,118470.1,118175.9,118242.2,90414585.37299977
2025-08-15 00:14:59.909000+00:00,2025-08-15 00:00:00+00:00,continuous,118242.2,118422.9,118152.2,118422.9,82427601.3517003
2025-08-15 00:29:59.673000+00:00,2025-08-15 00:15:00+00:00,continuous,118422.8,118422.9,118142.1,118177.1,95472526.35420093
2025-08-15 00:44:59.428000+00:00,2025-08-15 00:30:00+00:00,continuous,118177.2,118388.1,117970.7,118320.8,192829194.6447003
2025-08-15 00:59:59.604000+00:00,2025-08-15 00:45:00+00:00,continuous,118320.7,118419.3,118084.1,118122.9,90766846.15349935
2025-08-15 01:14:59.949000+00:00,2025-08-15 01:00:00+00:00,continuous,118122.9,118164.2,117971.2,118090.3,59094712.498500034
2025-08-15 01:29:59.914000+00:00,2025-08-15 01:15:00+00:00,continuous,118090.2,118388.5,117974.7,118356.1,59738558.11640013
2025-08-15 01:44:59.210000+00:00,2025-08-15 01:30:00+00:00,continuous,118356.0,118589.0,118249.2,118567.5,174399845.21729913
2025-08-15 01:59:59.461000+00:00,2025-08-15 01:45:00+00:00,continuous,118568.4,118700.0,118504.2,118620.8,172241269.55619994
2025-08-15 02:14:59.853000+00:00,2025-08-15 02:00:00+00:00,continuous,118620.7,118749.0,118524.0,118642.9,127329991.95659941
2025-08-15 02:29:59.513000+00:00,2025-08-15 02:15:00+00:00,continuous,118643.0,118743.7,118572.3,118715.6,70336623.43580009
2025-08-15 02:44:59.976000+00:00,2025-08-15 02:30:00+00:00,continuous,118715.6,118852.3,118619.5,118771.4,114417011.53730041
2025-08-15 02:59:59.989000+00:00,2025-08-15 02:45:00+00:00,continuous,118771.4,118810.8,118591.1,118645.3,85676386.62560008
2025-08-15 03:14:59.743000+00:00,2025-08-15 03:00:00+00:00,continuous,118645.2,118861.7,118544.3,118811.5,96726244.67149976
2025-08-15 03:29:59.700000+00:00,2025-08-15 03:15:00+00:00,continuous,118811.5,118973.5,118732.8,118956.4,113882849.61070058
2025-08-15 03:44:59.934000+00:00,2025-08-15 03:30:00+00:00,continuous,118956.4,119039.9,118850.8,118913.7,132749340.07079971
2025-08-15 03:59:59.738000+00:00,2025-08-15 03:45:00+00:00,continuous,118913.6,118931.2,118819.0,118918.1,69300269.84139925
2025-08-15 04:14:59.895000+00:00,2025-08-15 04:00:00+00:00,continuous,118918.1,119066.0,118874.7,119050.2,111037445.0096999
2025-08-15 04:29:59.966000+00:00,2025-08-15 04:15:00+00:00,continuous,119050.2,119123.4,118986.9,119123.4,86810652.27840042
2025-08-15 04:44:59.973000+00:00,2025-08-15 04:30:00+00:00,continuous,119123.3,119150.0,118923.0,118923.1,75012075.8289
2025-08-15 04:59:59.874000+00:00,2025-08-15 04:45:00+00:00,continuous,118923.0,118923.1,118720.9,118781.8,114755052.14859977
2025-08-15 05:14:59.959000+00:00,2025-08-15 05:00:00+00:00,continuous,118781.8,118923.0,118629.6,118642.3,143504783.14969996
2025-08-15 05:29:59.734000+00:00,2025-08-15 05:15:00+00:00,continuous,118642.3,118795.2,118569.7,118714.7,80925883.6144
2025-08-15 05:44:59.863000+00:00,2025-08-15 05:30:00+00:00,continuous,118714.7,118841.2,118655.2,118658.5,59304912.012200356
2025-08-15 05:59:59.748000+00:00,2025-08-15 05:45:00+00:00,continuous,118658.3,118990.3,118609.1,118939.3,140993392.22109964
2025-08-15 06:14:59.769000+00:00,2025-08-15 06:00:00+00:00,continuous,118939.2,119147.9,118844.1,118881.1,153194147.56550008
2025-08-15 06:29:59.935000+00:00,2025-08-15 06:15:00+00:00,continuous,118881.2,119113.6,118822.8,119054.4,92847377.85930042
2025-08-15 06:44:59.810000+00:00,2025-08-15 06:30:00+00:00,continuous,119054.3,119181.6,119021.8,119181.5,71460513.0405
2025-08-15 06:59:59.990000+00:00,2025-08-15 06:45:00+00:00,continuous,119181.5,119184.0,119022.9,119044.2,60890793.52300044
2025-08-15 07:14:59.665000+00:00,2025-08-15 07:00:00+00:00,continuous,119044.1,119072.2,118834.2,118834.2,97668749.85409926
2025-08-15 07:29:59.906000+00:00,2025-08-15 07:15:00+00:00,continuous,118834.2,118946.7,118754.5,118840.7,76292968.77020027
2025-08-15 07:44:59.993000+00:00,2025-08-15 07:30:00+00:00,continuous,118840.7,118881.6,118711.0,118745.9,115972784.93120016
2025-08-15 07:59:59.772000+00:00,2025-08-15 07:45:00+00:00,continuous,118745.9,118908.4,118701.0,118908.3,97916378.09990005
2025-08-15 08:14:59.879000+00:00,2025-08-15 08:00:00+00:00,continuous,118908.4,119035.8,118887.3,118887.4,87607673.66129999
2025-08-15 08:29:59.506000+00:00,2025-08-15 08:15:00+00:00,continuous,118887.4,119057.1,118834.3,119036.1,47596165.91769999
2025-08-15 08:44:59.828000+00:00,2025-08-15 08:30:00+00:00,continuous,119036.0,119114.9,118989.6,119094.8,69589033.8838999
2025-08-15 08:59:59.972000+00:00,2025-08-15 08:45:00+00:00,continuous,119094.7,119094.8,118818.9,118823.3,90298629.05949987
2025-08-15 09:14:58.624000+00:00,2025-08-15 09:00:00+00:00,continuous,118823.4,119003.8,118813.5,118870.3,54533437.81400012
2025-08-15 09:29:59.909000+00:00,2025-08-15 09:15:00+00:00,continuous,118870.3,118887.7,118633.7,118667.8,116861757.24130037
2025-08-15 09:44:59.916000+00:00,2025-08-15 09:30:00+00:00,continuous,118667.8,118846.1,118651.3,118698.4,82367875.04119934
2025-08-15 09:59:58.466000+00:00,2025-08-15 09:45:00+00:00,continuous,118698.4,118784.4,118550.0,118665.8,97591690.98330006
2025-08-15 10:14:59.963000+00:00,2025-08-15 10:00:00+00:00,continuous,118665.8,118923.0,118665.8,118813.1,82978370.4768999
2025-08-15 10:29:59.639000+00:00,2025-08-15 10:15:00+00:00,continuous,118813.1,118980.2,118784.4,118932.0,53106464.844800025
2025-08-15 10:44:59.686000+00:00,2025-08-15 10:30:00+00:00,continuous,118932.0,118973.4,118825.5,118926.8,36709843.87079987
2025-08-15 10:59:59.893000+00:00,2025-08-15 10:45:00+00:00,continuous,118926.9,118966.8,118824.9,118824.9,30221627.748000097
2025-08-15 11:14:59.866000+00:00,2025-08-15 11:00:00+00:00,continuous,118825.0,119042.0,118824.9,119010.1,62330569.35909996
2025-08-15 11:29:59.786000+00:00,2025-08-15 11:15:00+00:00,continuous,119010.1,119038.0,118901.3,118949.9,50742517.33529989
2025-08-15 11:44:59.629000+00:00,2025-08-15 11:30:00+00:00,continuous,118949.8,119041.9,118933.5,119013.7,63400877.926199995
2025-08-15 11:59:59.741000+00:00,2025-08-15 11:45:00+00:00,continuous,119013.7,119046.0,118944.6,118950.0,34016036.23510009
2025-08-15 12:14:59.693000+00:00,2025-08-15 12:00:00+00:00,continuous,118950.1,119053.1,118888.2,119032.8,53715844.60100009
2025-08-15 12:29:59.798000+00:00,2025-08-15 12:15:00+00:00,continuous,119032.8,119032.8,118597.3,118599.9,239538269.10679978
2025-08-15 12:44:59.909000+00:00,2025-08-15 12:30:00+00:00,continuous,118599.9,119068.8,118440.7,118593.8,480131763.7783011
2025-08-15 12:59:59.854000+00:00,2025-08-15 12:45:00+00:00,continuous,118593.8,118724.3,118478.4,118587.2,116997154.27570014
2025-08-15 13:14:59.957000+00:00,2025-08-15 13:00:00+00:00,continuous,118587.1,118686.3,118260.9,118429.9,277418418.7040993
2025-08-15 13:29:59.303000+00:00,2025-08-15 13:15:00+00:00,continuous,118429.8,118555.0,118370.5,118413.1,164866799.66230008
2025-08-15 13:44:59.843000+00:00,2025-08-15 13:30:00+00:00,continuous,118413.0,118479.5,117905.2,117964.6,483135433.0305002
2025-08-15 13:59:59.998000+00:00,2025-08-15 13:45:00+00:00,continuous,117964.6,118074.8,117688.3,117721.9,411988941.3583995
2025-08-15 14:14:59.997000+00:00,2025-08-15 14:00:00+00:00,continuous,117723.2,118125.4,117625.7,117971.9,627668664.1576006
2025-08-15 14:29:59.681000+00:00,2025-08-15 14:15:00+00:00,continuous,117971.9,118246.0,117716.4,117850.8,259056154.51859966
2025-08-15 14:44:59.839000+00:00,2025-08-15 14:30:00+00:00,continuous,117850.8,117988.0,117700.1,117700.1,136394078.95869964
2025-08-15 14:59:59.838000+00:00,2025-08-15 14:45:00+00:00,continuous,117700.2,117741.3,117197.3,117354.9,679331892.6929924
2025-08-15 15:14:59.891000+00:00,2025-08-15 15:00:00+00:00,continuous,117354.9,117480.8,116900.5,117305.6,584125898.0369005
2025-08-15 15:29:59.807000+00:00,2025-08-15 15:15:00+00:00,continuous,117305.7,117547.0,116926.2,117010.6,407203280.5364979
2025-08-15 15:44:59.965000+00:00,2025-08-15 15:30:00+00:00,continuous,117010.6,117360.1,116750.0,116785.0,394604633.0386009
2025-08-15 15:59:59.986000+00:00,2025-08-15 15:45:00+00:00,continuous,116785.1,117345.9,116763.2,117216.8,347106845.7405015
2025-08-15 16:14:59.932000+00:00,2025-08-15 16:00:00+00:00,continuous,117216.8,117317.0,116743.5,116992.8,313009807.69959927
2025-08-15 16:29:59.944000+00:00,2025-08-15 16:15:00+00:00,continuous,116992.9,117125.0,116736.3,116996.0,217270216.533902
2025-08-15 16:44:59.875000+00:00,2025-08-15 16:30:00+00:00,continuous,116995.9,117228.6,116976.0,117137.7,159852908.9223996
2025-08-15 16:59:59.791000+00:00,2025-08-15 16:45:00+00:00,continuous,117137.8,117388.7,117082.4,117307.2,171751482.805501
2025-08-15 17:14:59.865000+00:00,2025-08-15 17:00:00+00:00,continuous,117307.2,117314.3,117050.1,117111.6,110727797.75790006
2025-08-15 17:29:59.955000+00:00,2025-08-15 17:15:00+00:00,continuous,117111.5,117647.3,116932.4,117493.1,372369647.0032002
2025-08-15 17:44:59.616000+00:00,2025-08-15 17:30:00+00:00,continuous,117493.0,117859.4,117350.3,117691.7,538599732.7301027
2025-08-15 17:59:59.517000+00:00,2025-08-15 17:45:00+00:00,continuous,117691.7,117731.7,117502.9,117543.8,122523761.85269956
2025-08-15 18:14:59.838000+00:00,2025-08-15 18:00:00+00:00,continuous,117543.9,117622.9,117250.0,117337.1,121207249.91520076
2025-08-15 18:29:59.890000+00:00,2025-08-15 18:15:00+00:00,continuous,117337.1,117354.7,117225.0,117284.4,66120358.4375001
2025-08-15 18:44:59.641000+00:00,2025-08-15 18:30:00+00:00,continuous,117284.3,117420.7,117211.0,117227.9,59655042.6953001
2025-08-15 18:59:59.619000+00:00,2025-08-15 18:45:00+00:00,continuous,117227.9,117379.0,116980.0,117119.5,142641015.99830046
2025-08-15 19:14:59.828000+00:00,2025-08-15 19:00:00+00:00,continuous,117119.5,117253.6,116954.1,117249.9,160751921.51019937
2025-08-15 19:29:59.832000+00:00,2025-08-15 19:15:00+00:00,continuous,117249.9,117381.2,117072.1,117080.8,90402799.69479947
2025-08-15 19:44:59.846000+00:00,2025-08-15 19:30:00+00:00,continuous,117080.8,117151.0,116901.5,116942.7,96449244.72189984
2025-08-15 19:59:59.950000+00:00,2025-08-15 19:45:00+00:00,continuous,116942.7,117017.2,116812.0,116900.0,147832511.35990062
2025-08-15 20:14:59.844000+00:00,2025-08-15 20:00:00+00:00,continuous,116900.0,117091.9,116820.5,117091.9,125687592.29709981
2025-08-15 20:29:59.994000+00:00,2025-08-15 20:15:00+00:00,continuous,117091.9,117162.9,117015.1,117141.4,66690248.27069998
2025-08-15 20:44:59.585000+00:00,2025-08-15 20:30:00+00:00,continuous,117141.3,117297.0,117124.5,117179.9,69289946.36340018
2025-08-15 20:59:59.814000+00:00,2025-08-15 20:45:00+00:00,continuous,117179.9,117288.5,117167.3,117230.5,53358232.72640011
2025-08-15 21:14:59.446000+00:00,2025-08-15 21:00:00+00:00,continuous,117230.4,117317.1,117017.4,117018.3,95993012.96310017
2025-08-15 21:29:59.750000+00:00,2025-08-15 21:15:00+00:00,continuous,117018.2,117236.6,116943.2,117205.6,54435787.716100074
2025-08-15 21:44:59.401000+00:00,2025-08-15 21:30:00+00:00,continuous,117205.6,117270.9,117108.3,117192.7,37223384.1206001
2025-08-15 21:59:59.499000+00:00,2025-08-15 21:45:00+00:00,continuous,117192.7,117273.7,117190.0,117273.6,31086385.66209997
2025-08-15 22:14:59.520000+00:00,2025-08-15 22:00:00+00:00,continuous,117273.6,117337.2,117255.0,117263.8,64505330.68969948
2025-08-15 22:29:59.473000+00:00,2025-08-15 22:15:00+00:00,continuous,117263.8,117329.6,117263.8,117329.6,35627035.470299855
2025-08-15 22:44:59.495000+00:00,2025-08-15 22:30:00+00:00,continuous,117329.6,117469.9,117325.8,117408.5,100796052.41970006
2025-08-15 22:59:59.996000+00:00,2025-08-15 22:45:00+00:00,continuous,117408.5,117690.2,117408.5,117650.1,172962114.68509927
2025-08-15 23:14:59.926000+00:00,2025-08-15 23:00:00+00:00,continuous,117650.2,117711.0,117261.1,117265.2,156230033.71100077
2025-08-15 23:29:59.362000+00:00,2025-08-15 23:15:00+00:00,continuous,117265.3,117265.3,116971.3,117123.8,126573774.89489995
2025-08-15 23:44:59.987000+00:00,2025-08-15 23:30:00+00:00,continuous,117123.9,117185.6,117023.1,117083.7,41595552.051400006
2025-08-15 23:59:59.932000+00:00,2025-08-15 23:45:00+00:00,continuous,117083.6,117285.8,117050.0,117279.2,52311562.93920029
2025-08-16 00:14:59.954000+00:00,2025-08-16 00:00:00+00:00,continuous,117279.1,117450.2,117162.6,117450.1,87306759.43840024
2025-08-16 00:29:59.954000+00:00,2025-08-16 00:15:00+00:00,continuous,117450.1,117524.3,117303.0,117432.8,125276261.17590015
2025-08-16 00:44:59.723000+00:00,2025-08-16 00:30:00+00:00,continuous,117432.8,117655.0,117423.6,117624.0,102390165.49119951
2025-08-16 00:59:59.798000+00:00,2025-08-16 00:45:00+00:00,continuous,117624.0,117747.0,117610.0,117696.1,127842338.84910057
2025-08-16 01:14:59.968000+00:00,2025-08-16 01:00:00+00:00,continuous,117696.1,117739.5,117578.4,117731.9,112395001.70780054
2025-08-16 01:29:59.582000+00:00,2025-08-16 01:15:00+00:00,continuous,117731.9,117776.8,117583.2,117668.4,84384064.51109964
2025-08-16 01:44:59.975000+00:00,2025-08-16 01:30:00+00:00,continuous,117668.5,117814.4,117658.8,117749.7,73082283.44139981
2025-08-16 01:59:59.402000+00:00,2025-08-16 01:45:00+00:00,continuous,117749.6,117853.5,117711.0,117778.4,52020006.8753997
2025-08-16 02:14:59.885000+00:00,2025-08-16 02:00:00+00:00,continuous,117778.5,117778.5,117561.6,117587.7,120020239.53449976
2025-08-16 02:29:59.500000+00:00,2025-08-16 02:15:00+00:00,continuous,117587.7,117670.9,117525.0,117574.5,47688107.31310011
2025-08-16 02:44:59.585000+00:00,2025-08-16 02:30:00+00:00,continuous,117574.5,117609.8,117466.3,117492.1,47459261.88909988
2025-08-16 02:59:59.372000+00:00,2025-08-16 02:45:00+00:00,continuous,117492.0,117564.8,117384.7,117458.8,64293464.11749993
2025-08-16 03:14:58.560000+00:00,2025-08-16 03:00:00+00:00,continuous,117458.9,117587.0,117368.0,117561.8,49903974.93410013
2025-08-16 03:29:59.551000+00:00,2025-08-16 03:15:00+00:00,continuous,117561.8,117619.2,117519.8,117587.8,37263036.093100056
2025-08-16 03:44:59.873000+00:00,2025-08-16 03:30:00+00:00,continuous,117587.7,117587.8,117465.0,117465.0,25108335.059099928
2025-08-16 03:59:59.976000+00:00,2025-08-16 03:45:00+00:00,continuous,117465.0,117547.6,117337.2,117385.0,74841850.90850006
2025-08-16 04:14:59.806000+00:00,2025-08-16 04:00:00+00:00,continuous,117385.0,117460.2,117369.6,117407.0,42307670.121800065
2025-08-16 04:29:59.824000+00:00,2025-08-16 04:15:00+00:00,continuous,117407.0,117784.1,117383.6,117770.1,130619739.76110044
2025-08-16 04:44:59.356000+00:00,2025-08-16 04:30:00+00:00,continuous,117770.0,117801.8,117652.1,117672.7,55084561.6481
2025-08-16 04:59:59.360000+00:00,2025-08-16 04:45:00+00:00,continuous,117672.7,117857.1,117672.7,117772.8,88666645.3950004
2025-08-16 05:14:59.915000+00:00,2025-08-16 05:00:00+00:00,continuous,117772.8,117817.9,117678.6,117688.9,41309319.71220008
2025-08-16 05:29:59.703000+00:00,2025-08-16 05:15:00+00:00,continuous,117688.8,117688.8,117502.5,117540.1,46888566.351400085
2025-08-16 05:44:59.718000+00:00,2025-08-16 05:30:00+00:00,continuous,117540.1,117616.8,117473.5,117518.4,68940099.29350011
2025-08-16 05:59:59.910000+00:00,2025-08-16 05:45:00+00:00,continuous,117518.3,117578.2,117479.2,117550.4,45645088.70439989
2025-08-16 06:14:59.675000+00:00,2025-08-16 06:00:00+00:00,continuous,117550.3,117586.4,117375.0,117375.0,71766948.39229973
2025-08-16 06:29:59.605000+00:00,2025-08-16 06:15:00+00:00,continuous,117375.1,117444.0,117340.0,117402.7,63262395.691499956
2025-08-16 06:44:59.244000+00:00,2025-08-16 06:30:00+00:00,continuous,117402.8,117430.9,117226.8,117315.7,118467826.0487002
2025-08-16 06:59:59.758000+00:00,2025-08-16 06:45:00+00:00,continuous,117315.8,117415.8,117304.3,117347.5,46372750.72249977
2025-08-16 07:14:59.680000+00:00,2025-08-16 07:00:00+00:00,continuous,117347.4,117482.7,117296.4,117429.4,44430036.05350014
2025-08-16 07:29:59.650000+00:00,2025-08-16 07:15:00+00:00,continuous,117429.4,117473.1,117330.8,117473.1,46797706.310100265
2025-08-16 07:44:59.410000+00:00,2025-08-16 07:30:00+00:00,continuous,117473.1,117622.0,117442.6,117587.3,80499325.52840014
2025-08-16 07:59:59.988000+00:00,2025-08-16 07:45:00+00:00,continuous,117587.3,117631.6,117543.5,117549.9,52403330.32550043
2025-08-16 08:14:59.644000+00:00,2025-08-16 08:00:00+00:00,continuous,117550.0,117552.0,117459.7,117495.1,47846648.1936002
2025-08-16 08:29:59.962000+00:00,2025-08-16 08:15:00+00:00,continuous,117495.2,117519.6,117446.8,117470.6,23100977.700200133
2025-08-16 08:44:59.680000+00:00,2025-08-16 08:30:00+00:00,continuous,117470.7,117632.8,117470.6,117581.3,38111668.84009995
2025-08-16 08:59:59.332000+00:00,2025-08-16 08:45:00+00:00,continuous,117581.3,117628.8,117516.5,117578.6,30686216.588600013
2025-08-16 09:14:59.590000+00:00,2025-08-16 09:00:00+00:00,continuous,117578.5,117664.9,117493.2,117609.8,51627638.10330018
2025-08-16 09:29:59.526000+00:00,2025-08-16 09:15:00+00:00,continuous,117609.7,117642.0,117572.4,117613.2,27939042.28479995
2025-08-16 09:44:59.547000+00:00,2025-08-16 09:30:00+00:00,continuous,117613.2,117655.2,117561.3,117610.9,27050653.189799923
2025-08-16 09:59:59.891000+00:00,2025-08-16 09:45:00+00:00,continuous,117610.9,117620.4,117250.0,117260.1,142131949.9396004
2025-08-16 10:14:59.968000+00:00,2025-08-16 10:00:00+00:00,continuous,117260.1,117407.8,117175.9,117249.5,165810707.69849905
2025-08-16 10:29:59.947000+00:00,2025-08-16 10:15:00+00:00,continuous,117249.4,117336.4,117089.7,117290.5,129612587.72099978
2025-08-16 10:44:59.589000+00:00,2025-08-16 10:30:00+00:00,continuous,117290.4,117348.9,117179.1,117284.5,55560287.04739993
2025-08-16 10:59:59.826000+00:00,2025-08-16 10:45:00+00:00,continuous,117284.5,117352.4,117268.7,117343.4,42723015.01730004
2025-08-16 11:14:59.852000+00:00,2025-08-16 11:00:00+00:00,continuous,117343.3,117459.3,117343.3,117455.0,49703501.40750007
2025-08-16 11:29:58.406000+00:00,2025-08-16 11:15:00+00:00,continuous,117455.1,117499.8,117450.9,117451.0,35634989.68870007
2025-08-16 11:44:59.550000+00:00,2025-08-16 11:30:00+00:00,continuous,117451.0,117451.0,117365.1,117365.2,38191962.340400115
2025-08-16 11:59:59.630000+00:00,2025-08-16 11:45:00+00:00,continuous,117365.1,117421.3,117312.8,117340.4,56474118.630799994
2025-08-16 12:14:59.560000+00:00,2025-08-16 12:00:00+00:00,continuous,117340.5,117402.9,117305.3,117395.7,39471364.973900065
2025-08-16 12:29:59.945000+00:00,2025-08-16 12:15:00+00:00,continuous,117395.7,117474.7,117268.5,117474.7,64577254.35759979
2025-08-16 12:44:59.795000+00:00,2025-08-16 12:30:00+00:00,continuous,117474.6,117697.7,117474.6,117612.5,161105021.8916998
2025-08-16 12:59:59.991000+00:00,2025-08-16 12:45:00+00:00,continuous,117612.6,117706.6,117564.1,117699.3,50879469.03149999
2025-08-16 13:14:59.642000+00:00,2025-08-16 13:00:00+00:00,continuous,117699.3,117750.0,117593.5,117659.9,79223544.9966008
2025-08-16 13:29:59.695000+00:00,2025-08-16 13:15:00+00:00,continuous,117660.0,117749.2,117639.9,117700.8,61182367.16690009
2025-08-16 13:44:59.927000+00:00,2025-08-16 13:30:00+00:00,continuous,117700.7,117749.2,117600.0,117617.6,53855906.76100005
2025-08-16 13:59:59.680000+00:00,2025-08-16 13:45:00+00:00,continuous,117617.5,117692.3,117538.3,117579.1,62073646.67359992
2025-08-16 14:14:58.080000+00:00,2025-08-16 14:00:00+00:00,continuous,117579.1,117683.2,117531.3,117611.1,43559370.04949998
2025-08-16 14:29:59.746000+00:00,2025-08-16 14:15:00+00:00,continuous,117611.1,117721.0,117500.0,117705.0,60908377.08789975
2025-08-16 14:44:59.714000+00:00,2025-08-16 14:30:00+00:00,continuous,117705.1,117705.1,117600.0,117648.0,40296300.92269989
2025-08-16 14:59:59.963000+00:00,2025-08-16 14:45:00+00:00,continuous,117648.1,117732.7,117648.1,117723.3,36835676.26669963
2025-08-16 15:14:58.769000+00:00,2025-08-16 15:00:00+00:00,continuous,117723.3,117786.0,117603.6,117693.0,69999587.78459981
2025-08-16 15:29:59.680000+00:00,2025-08-16 15:15:00+00:00,continuous,117692.9,117730.0,117658.0,117723.6,27550358.165099986
2025-08-16 15:44:59.680000+00:00,2025-08-16 15:30:00+00:00,continuous,117723.5,117729.1,117557.3,117608.4,38344094.64700009
2025-08-16 15:59:58.925000+00:00,2025-08-16 15:45:00+00:00,continuous,117608.3,117678.0,117595.8,117626.9,26350361.07770005
2025-08-16 16:14:59.703000+00:00,2025-08-16 16:00:00+00:00,continuous,117627.0,117732.9,117626.9,117732.9,50063905.898799784
2025-08-16 16:29:59.817000+00:00,2025-08-16 16:15:00+00:00,continuous,117732.9,117765.0,117700.0,117759.9,51312482.81919978
2025-08-16 16:44:59.533000+00:00,2025-08-16 16:30:00+00:00,continuous,117760.0,117774.5,117700.0,117700.0,40262904.973900005
2025-08-16 16:59:59.212000+00:00,2025-08-16 16:45:00+00:00,continuous,117700.0,117747.3,117700.0,117706.0,20624197.90789998
2025-08-16 17:14:59.838000+00:00,2025-08-16 17:00:00+00:00,continuous,117705.9,117721.7,117620.5,117662.5,112019529.23520014
2025-08-16 17:29:59.850000+00:00,2025-08-16 17:15:00+00:00,continuous,117662.4,117700.0,117620.6,117691.9,33450345.963699915
2025-08-16 17:44:59.551000+00:00,2025-08-16 17:30:00+00:00,continuous,117691.9,117692.0,117620.6,117637.3,31067489.5975999
2025-08-16 17:59:59.733000+00:00,2025-08-16 17:45:00+00:00,continuous,117637.3,117690.5,117621.1,117658.2,19405261.942299955
2025-08-16 18:14:59.531000+00:00,2025-08-16 18:00:00+00:00,continuous,117658.2,117694.4,117624.3,117694.3,23231763.2927
2025-08-16 18:29:59.879000+00:00,2025-08-16 18:15:00+00:00,continuous,117694.3,117717.6,117633.2,117660.4,25414426.114299864
2025-08-16 18:44:59.578000+00:00,2025-08-16 18:30:00+00:00,continuous,117660.4,117660.9,117623.5,117623.5,13377303.929099994
2025-08-16 18:59:59.068000+00:00,2025-08-16 18:45:00+00:00,continuous,117623.6,117661.8,117588.7,117649.8,69700963.99159971
2025-08-16 19:14:59.970000+00:00,2025-08-16 19:00:00+00:00,continuous,117649.9,117649.9,117611.6,117639.0,23091258.554699928
2025-08-16 19:29:59.292000+00:00,2025-08-16 19:15:00+00:00,continuous,117639.0,117660.0,117634.7,117655.9,15587929.47890008
2025-08-16 19:44:59.964000+00:00,2025-08-16 19:30:00+00:00,continuous,117656.0,117733.8,117655.9,117710.9,30668660.444099773
2025-08-16 19:59:59.524000+00:00,2025-08-16 19:45:00+00:00,continuous,117710.9,117711.0,117622.3,117622.3,16708579.815099958
2025-08-16 20:14:59.823000+00:00,2025-08-16 20:00:00+00:00,continuous,117622.3,117627.8,117469.5,117575.2,46919386.744899675
2025-08-16 20:29:59.520000+00:00,2025-08-16 20:15:00+00:00,continuous,117575.2,117673.9,117575.1,117613.0,24872592.996400133
2025-08-16 20:44:59.622000+00:00,2025-08-16 20:30:00+00:00,continuous,117613.1,117645.9,117586.1,117628.9,23900119.486200113
2025-08-16 20:59:59.462000+00:00,2025-08-16 20:45:00+00:00,continuous,117628.9,117663.9,117558.3,117606.7,33443389.103499833
2025-08-16 21:14:58.576000+00:00,2025-08-16 21:00:00+00:00,continuous,117606.8,117606.8,117526.8,117527.9,29633378.516599823
2025-08-16 21:29:57.708000+00:00,2025-08-16 21:15:00+00:00,continuous,117527.8,117559.0,117523.7,117552.7,15122372.37580001
2025-08-16 21:44:59.526000+00:00,2025-08-16 21:30:00+00:00,continuous,117552.7,117552.7,117377.3,117440.0,40185184.21000001
2025-08-16 21:59:59.977000+00:00,2025-08-16 21:45:00+00:00,continuous,117440.0,117494.4,117399.7,117399.7,19404148.479100004
2025-08-16 22:14:59.523000+00:00,2025-08-16 22:00:00+00:00,continuous,117399.8,117399.8,117137.4,117349.5,268174388.97750282
2025-08-16 22:29:59.516000+00:00,2025-08-16 22:15:00+00:00,continuous,117349.5,117418.5,117349.4,117378.3,44288113.93910017
2025-08-16 22:44:59.584000+00:00,2025-08-16 22:30:00+00:00,continuous,117378.3,117505.9,117378.2,117450.1,47367093.26540014
2025-08-16 22:59:59.991000+00:00,2025-08-16 22:45:00+00:00,continuous,117450.0,117485.0,117406.7,117413.5,29826022.905799866
2025-08-16 23:14:59.545000+00:00,2025-08-16 23:00:00+00:00,continuous,117413.6,117423.4,117363.2,117366.1,25878208.65169986
2025-08-16 23:29:59.707000+00:00,2025-08-16 23:15:00+00:00,continuous,117366.1,117366.2,117232.0,117232.0,42565323.04630007
2025-08-16 23:44:59.713000+00:00,2025-08-16 23:30:00+00:00,continuous,117232.0,117317.9,117227.5,117305.5,32493119.818600018
2025-08-16 23:59:59.228000+00:00,2025-08-16 23:45:00+00:00,continuous,117305.4,117413.0,117305.4,117329.7,32125205.07160001
2025-08-17 00:14:59.864000+00:00,2025-08-17 00:00:00+00:00,continuous,117329.8,117338.1,117258.0,117285.6,46964897.74720024
2025-08-17 00:29:59.273000+00:00,2025-08-17 00:15:00+00:00,continuous,117285.7,117323.6,117230.7,117305.8,29177739.21429992
2025-08-17 00:44:59.703000+00:00,2025-08-17 00:30:00+00:00,continuous,117305.9,117380.5,117235.6,117265.4,36848610.58590003
2025-08-17 00:59:59.596000+00:00,2025-08-17 00:45:00+00:00,continuous,117265.3,117290.1,117191.5,117204.2,38646355.18529994
2025-08-17 01:14:59.814000+00:00,2025-08-17 01:00:00+00:00,continuous,117204.1,117243.8,117121.6,117214.4,61365142.95250002
2025-08-17 01:29:59.845000+00:00,2025-08-17 01:15:00+00:00,continuous,117214.3,117295.3,117150.0,117260.0,47303180.45399996
2025-08-17 01:44:59.528000+00:00,2025-08-17 01:30:00+00:00,continuous,117260.0,117449.4,117253.2,117333.9,46222552.828599915
2025-08-17 01:59:59.267000+00:00,2025-08-17 01:45:00+00:00,continuous,117334.0,117426.5,117287.5,117383.7,40809998.51599999
2025-08-17 02:14:59.543000+00:00,2025-08-17 02:00:00+00:00,continuous,117383.8,117460.0,117357.4,117357.4,28036626.960300144
2025-08-17 02:29:59.487000+00:00,2025-08-17 02:15:00+00:00,continuous,117357.4,117508.5,117330.1,117508.5,32949049.274600025
2025-08-17 02:44:59.536000+00:00,2025-08-17 02:30:00+00:00,continuous,117508.4,117515.0,117396.8,117493.0,40770797.072600216
2025-08-17 02:59:59.664000+00:00,2025-08-17 02:45:00+00:00,continuous,117493.1,117594.0,117447.5,117559.1,67224150.64569981
2025-08-17 03:14:59.679000+00:00,2025-08-17 03:00:00+00:00,continuous,117559.0,117587.1,117487.6,117515.8,35629735.84310001
2025-08-17 03:29:59.784000+00:00,2025-08-17 03:15:00+00:00,continuous,117515.7,117526.2,117459.0,117526.1,23623059.477100007
2025-08-17 03:44:59.735000+00:00,2025-08-17 03:30:00+00:00,continuous,117526.1,117662.9,117500.0,117653.0,47268325.439799786
2025-08-17 03:59:59.855000+00:00,2025-08-17 03:45:00+00:00,continuous,117653.1,117722.5,117627.3,117627.4,50079638.115399994
2025-08-17 04:14:59.551000+00:00,2025-08-17 04:00:00+00:00,continuous,117627.3,117693.6,117627.3,117663.3,37866480.80070017
2025-08-17 04:29:59.690000+00:00,2025-08-17 04:15:00+00:00,continuous,117663.3,117722.1,117663.3,117722.0,38299520.92079996
2025-08-17 04:44:59.975000+00:00,2025-08-17 04:30:00+00:00,continuous,117722.1,117739.5,117722.1,117735.7,37152338.67299989
2025-08-17 04:59:59.814000+00:00,2025-08-17 04:45:00+00:00,continuous,117735.8,118146.4,117735.7,118023.5,323568457.29039764
2025-08-17 05:14:59.775000+00:00,2025-08-17 05:00:00+00:00,continuous,118023.5,118187.0,117968.5,118128.8,137240662.0614001
2025-08-17 05:29:59.633000+00:00,2025-08-17 05:15:00+00:00,continuous,118128.8,118145.2,118035.6,118078.5,86343015.79919995
2025-08-17 05:44:59.544000+00:00,2025-08-17 05:30:00+00:00,continuous,118078.5,118090.5,117938.8,117974.1,64533675.89110013
2025-08-17 05:59:59.470000+00:00,2025-08-17 05:45:00+00:00,continuous,117974.1,118038.7,117938.4,117945.5,65271621.07430015
2025-08-17 06:14:59.268000+00:00,2025-08-17 06:00:00+00:00,continuous,117945.6,118063.3,117945.5,118063.3,33136506.35449987
2025-08-17 06:29:59.481000+00:00,2025-08-17 06:15:00+00:00,continuous,118063.3,118063.3,117983.3,118034.3,32950946.214400053
2025-08-17 06:44:59.452000+00:00,2025-08-17 06:30:00+00:00,continuous,118034.4,118034.4,117860.0,117927.6,52793787.82669997
2025-08-17 06:59:59.279000+00:00,2025-08-17 06:45:00+00:00,continuous,117927.6,117935.9,117850.0,117876.0,34245745.15340015
2025-08-17 07:14:59.123000+00:00,2025-08-17 07:00:00+00:00,continuous,117876.0,117973.4,117789.4,117961.3,76391649.57120001
2025-08-17 07:29:59.763000+00:00,2025-08-17 07:15:00+00:00,continuous,117961.3,117990.6,117900.0,117900.0,25722243.279199976
2025-08-17 07:44:59.537000+00:00,2025-08-17 07:30:00+00:00,continuous,117900.1,117935.0,117838.6,117928.6,33572508.12309988
2025-08-17 07:59:59.130000+00:00,2025-08-17 07:45:00+00:00,continuous,117928.7,117959.8,117900.0,117949.9,34352684.64940008
2025-08-17 08:14:59.967000+00:00,2025-08-17 08:00:00+00:00,continuous,117950.0,117980.5,117865.0,117865.0,34020115.76659985
2025-08-17 08:29:59.236000+00:00,2025-08-17 08:15:00+00:00,continuous,117865.1,117942.0,117865.0,117941.9,22762136.517200068
2025-08-17 08:44:59.703000+00:00,2025-08-17 08:30:00+00:00,continuous,117942.0,118100.0,117941.9,118057.7,42650262.55960001
2025-08-17 08:59:59.530000+00:00,2025-08-17 08:45:00+00:00,continuous,118057.7,118347.3,118051.6,118323.7,216015006.62359935
2025-08-17 09:14:59.959000+00:00,2025-08-17 09:00:00+00:00,continuous,118323.7,118363.7,118165.4,118244.1,124836301.8190003
2025-08-17 09:29:59.860000+00:00,2025-08-17 09:15:00+00:00,continuous,118244.2,118435.0,118206.1,118282.1,129141554.5557999
2025-08-17 09:44:59.760000+00:00,2025-08-17 09:30:00+00:00,continuous,118282.2,118329.6,118172.2,118244.1,71850216.47319965
2025-08-17 09:59:59.929000+00:00,2025-08-17 09:45:00+00:00,continuous,118244.1,118308.7,118217.2,118278.6,54522046.61539986
2025-08-17 10:14:59.977000+00:00,2025-08-17 10:00:00+00:00,continuous,118278.5,118284.0,118162.0,118187.8,124936108.52209976
2025-08-17 10:29:59.392000+00:00,2025-08-17 10:15:00+00:00,continuous,118187.7,118200.0,118119.4,118165.3,38147617.93640023
2025-08-17 10:44:59.034000+00:00,2025-08-17 10:30:00+00:00,continuous,118165.3,118241.5,118134.1,118241.4,44082119.583300315
2025-08-17 10:59:59.995000+00:00,2025-08-17 10:45:00+00:00,continuous,118241.5,118349.7,118219.6,118346.4,56005914.88780006
2025-08-17 11:14:59.962000+00:00,2025-08-17 11:00:00+00:00,continuous,118346.3,118347.2,118233.9,118249.0,46651880.25870033
2025-08-17 11:29:59.299000+00:00,2025-08-17 11:15:00+00:00,continuous,118249.0,118305.1,118201.0,118296.7,28092800.415500082
2025-08-17 11:44:59.227000+00:00,2025-08-17 11:30:00+00:00,continuous,118296.8,118319.9,118224.8,118264.7,35420778.80869991
2025-08-17 11:59:59.186000+00:00,2025-08-17 11:45:00+00:00,continuous,118264.8,118306.9,118240.9,118253.9,26353029.462100107
2025-08-17 12:14:59.971000+00:00,2025-08-17 12:00:00+00:00,continuous,118254.0,118309.5,118144.5,118257.4,63931744.63100033
2025-08-17 12:29:59.858000+00:00,2025-08-17 12:15:00+00:00,continuous,118257.5,118288.0,118188.7,118188.8,30064306.323500045
2025-08-17 12:44:59.602000+00:00,2025-08-17 12:30:00+00:00,continuous,118188.8,118238.2,118155.7,118181.9,31875552.77420006
2025-08-17 12:59:59.557000+00:00,2025-08-17 12:45:00+00:00,continuous,118181.9,118200.0,118066.7,118109.3,44374766.67890004
2025-08-17 13:14:59.908000+00:00,2025-08-17 13:00:00+00:00,continuous,118109.3,118126.9,118010.0,118010.0,64667809.980800055
2025-08-17 13:29:59.333000+00:00,2025-08-17 13:15:00+00:00,continuous,118010.1,118129.3,118010.1,118129.2,70368395.32539932
2025-08-17 13:44:59.941000+00:00,2025-08-17 13:30:00+00:00,continuous,118129.3,118309.8,118102.4,118287.0,77429656.5581998
2025-08-17 13:59:59.888000+00:00,2025-08-17 13:45:00+00:00,continuous,118287.1,118558.0,118267.4,118391.0,162545962.60239992
2025-08-17 14:14:59.720000+00:00,2025-08-17 14:00:00+00:00,continuous,118391.0,118431.6,118295.5,118295.5,62896274.16520004
2025-08-17 14:29:59.710000+00:00,2025-08-17 14:15:00+00:00,continuous,118295.5,118295.6,118102.0,118195.4,92976281.65179959
2025-08-17 14:44:58.212000+00:00,2025-08-17 14:30:00+00:00,continuous,118195.4,118213.1,118107.1,118208.2,44898631.89929993
2025-08-17 14:59:59.919000+00:00,2025-08-17 14:45:00+00:00,continuous,118208.1,118255.0,118088.3,118092.7,46144967.482499935
2025-08-17 15:14:59.896000+00:00,2025-08-17 15:00:00+00:00,continuous,118092.6,118207.3,118072.0,118183.2,44607482.04019977
2025-08-17 15:29:59.561000+00:00,2025-08-17 15:15:00+00:00,continuous,118183.2,118183.3,118089.2,118095.1,31889487.490600094
2025-08-17 15:44:59.917000+00:00,2025-08-17 15:30:00+00:00,continuous,118095.0,118190.5,118095.0,118190.5,32142547.948800016
2025-08-17 15:59:59.895000+00:00,2025-08-17 15:45:00+00:00,continuous,118190.4,118216.5,118156.0,118191.0,31091633.56789995
2025-08-17 16:14:59.937000+00:00,2025-08-17 16:00:00+00:00,continuous,118191.0,118267.9,117982.8,118049.1,170622687.76559997
2025-08-17 16:29:59.666000+00:00,2025-08-17 16:15:00+00:00,continuous,118049.0,118142.0,117913.9,118018.9,137387665.3842994
2025-08-17 16:44:59.683000+00:00,2025-08-17 16:30:00+00:00,continuous,118018.9,118067.8,117868.3,117926.5,110746909.87500007
2025-08-17 16:59:59.928000+00:00,2025-08-17 16:45:00+00:00,continuous,117926.5,117944.6,117636.3,117774.5,396177616.6896006
2025-08-17 17:14:59.573000+00:00,2025-08-17 17:00:00+00:00,continuous,117774.4,117838.0,117686.9,117696.3,85967669.98340017
2025-08-17 17:29:59.805000+00:00,2025-08-17 17:15:00+00:00,continuous,117696.3,117825.8,117581.8,117765.2,99842881.46660033
2025-08-17 17:44:59.708000+00:00,2025-08-17 17:30:00+00:00,continuous,117765.2,117882.9,117765.2,117844.9,48927606.12419998
2025-08-17 17:59:59.952000+00:00,2025-08-17 17:45:00+00:00,continuous,117844.9,117878.4,117798.1,117846.2,24851521.25289998
2025-08-17 18:14:59.941000+00:00,2025-08-17 18:00:00+00:00,continuous,117846.3,117908.9,117836.6,117863.6,50351783.82520009
2025-08-17 18:29:59.973000+00:00,2025-08-17 18:15:00+00:00,continuous,117863.6,117881.3,117681.0,117755.9,43563097.08140025
2025-08-17 18:44:59.315000+00:00,2025-08-17 18:30:00+00:00,continuous,117756.0,117798.7,117723.0,117767.8,20622155.183400016
2025-08-17 18:59:59.882000+00:00,2025-08-17 18:45:00+00:00,continuous,117767.7,117777.7,117245.0,117500.8,294407966.2835008
2025-08-17 19:14:59.580000+00:00,2025-08-17 19:00:00+00:00,continuous,117501.1,117686.9,117407.3,117630.0,108725683.27200043
2025-08-17 19:29:59.962000+00:00,2025-08-17 19:15:00+00:00,continuous,117630.1,117700.0,117602.8,117695.1,30528191.25929985
2025-08-17 19:44:59.642000+00:00,2025-08-17 19:30:00+00:00,continuous,117695.0,117695.1,117437.8,117451.0,98157566.6541999
2025-08-17 19:59:59.635000+00:00,2025-08-17 19:45:00+00:00,continuous,117451.1,117580.0,117409.0,117527.0,49105524.33190004
2025-08-17 20:14:59.866000+00:00,2025-08-17 20:00:00+00:00,continuous,117527.0,117610.8,117455.6,117609.7,50054870.20250029
2025-08-17 20:29:57.136000+00:00,2025-08-17 20:15:00+00:00,continuous,117609.8,117651.0,117523.4,117580.2,48362271.09220014
2025-08-17 20:44:59.845000+00:00,2025-08-17 20:30:00+00:00,continuous,117580.2,117688.5,117580.1,117685.1,21528506.534300044
2025-08-17 20:59:59.253000+00:00,2025-08-17 20:45:00+00:00,continuous,117685.1,117699.0,117547.1,117547.1,23461610.30050007
2025-08-17 21:14:59.989000+00:00,2025-08-17 21:00:00+00:00,continuous,117547.2,117637.4,117547.1,117635.1,31038168.559099954
2025-08-17 21:29:59.643000+00:00,2025-08-17 21:15:00+00:00,continuous,117635.2,117651.8,117546.7,117592.1,16425695.329899846
2025-08-17 21:44:59.958000+00:00,2025-08-17 21:30:00+00:00,continuous,117592.2,117690.0,117558.8,117686.4,32746048.697399974
2025-08-17 21:59:59.641000+00:00,2025-08-17 21:45:00+00:00,continuous,117686.2,117732.3,117619.7,117648.1,25271863.711400025
2025-08-17 22:14:58.562000+00:00,2025-08-17 22:00:00+00:00,continuous,117648.1,117829.6,117631.2,117746.2,106402241.85510036
2025-08-17 22:29:59.744000+00:00,2025-08-17 22:15:00+00:00,continuous,117746.3,117786.3,117672.6,117713.6,58051230.95110017
2025-08-17 22:44:59.532000+00:00,2025-08-17 22:30:00+00:00,continuous,117713.5,117915.9,117706.8,117900.3,67771884.22089995
2025-08-17 22:59:59.488000+00:00,2025-08-17 22:45:00+00:00,continuous,117900.3,117945.0,117872.9,117898.5,46719218.23609986
2025-08-17 23:14:59.216000+00:00,2025-08-17 23:00:00+00:00,continuous,117898.5,117921.8,117700.0,117734.9,56654004.830800146
2025-08-17 23:29:59.524000+00:00,2025-08-17 23:15:00+00:00,continuous,117734.9,117789.6,117420.0,117505.8,119820985.61190058
2025-08-17 23:44:59.503000+00:00,2025-08-17 23:30:00+00:00,continuous,117505.8,117555.6,117430.0,117517.6,47090707.609799884
2025-08-17 23:59:59.843000+00:00,2025-08-17 23:45:00+00:00,continuous,117517.5,117521.6,117322.2,117353.8,75992213.93339969
2025-08-18 00:14:59.444000+00:00,2025-08-18 00:00:00+00:00,continuous,117353.9,117499.4,117274.5,117451.3,102151657.18449974
2025-08-18 00:29:59.777000+00:00,2025-08-18 00:15:00+00:00,continuous,117451.3,117451.3,117037.0,117099.4,247161727.47080043
2025-08-18 00:44:59.434000+00:00,2025-08-18 00:30:00+00:00,continuous,117099.4,117319.5,116927.7,117214.8,191098212.3219982
2025-08-18 00:59:59.821000+00:00,2025-08-18 00:45:00+00:00,continuous,117214.7,117300.0,117110.3,117244.6,79202120.38699995
2025-08-18 01:14:59.348000+00:00,2025-08-18 01:00:00+00:00,continuous,117244.5,117354.3,117205.6,117248.9,57867768.69360024
2025-08-18 01:29:59.957000+00:00,2025-08-18 01:15:00+00:00,continuous,117248.8,117358.7,116584.0,116597.9,388528963.11500055
2025-08-18 01:44:59.922000+00:00,2025-08-18 01:30:00+00:00,continuous,116597.9,116871.2,116267.0,116365.1,819615469.1557976
2025-08-18 01:59:59.902000+00:00,2025-08-18 01:45:00+00:00,continuous,116365.0,116415.8,116088.0,116214.0,547797985.0374007
2025-08-18 02:14:59.998000+00:00,2025-08-18 02:00:00+00:00,continuous,116214.0,116278.7,115844.9,115933.3,509047103.4730992
2025-08-18 02:29:59.816000+00:00,2025-08-18 02:15:00+00:00,continuous,115933.2,115977.0,115671.0,115739.2,527802036.9193007
2025-08-18 02:44:59.670000+00:00,2025-08-18 02:30:00+00:00,continuous,115739.2,116016.0,115623.5,115841.6,273645944.8326
2025-08-18 02:59:59.878000+00:00,2025-08-18 02:45:00+00:00,continuous,115841.7,115874.4,115241.1,115394.8,596384842.1483968
2025-08-18 03:14:59.533000+00:00,2025-08-18 03:00:00+00:00,continuous,115394.8,115580.3,115365.4,115413.8,192602228.66970095
2025-08-18 03:29:59.836000+00:00,2025-08-18 03:15:00+00:00,continuous,115413.9,115484.9,115266.0,115308.7,175980744.92089984
2025-08-18 03:44:59.930000+00:00,2025-08-18 03:30:00+00:00,continuous,115308.7,115371.5,115059.5,115124.6,355926556.31449974
2025-08-18 03:59:59.872000+00:00,2025-08-18 03:45:00+00:00,continuous,115124.6,115341.5,114950.3,115264.9,387691093.63090414
2025-08-18 04:14:59.928000+00:00,2025-08-18 04:00:00+00:00,continuous,115264.8,115345.0,115024.3,115282.0,188907570.20480034
2025-08-18 04:29:59.799000+00:00,2025-08-18 04:15:00+00:00,continuous,115282.0,115411.7,115126.7,115383.8,142519036.55979958
2025-08-18 04:44:59.674000+00:00,2025-08-18 04:30:00+00:00,continuous,115383.7,115476.1,115328.8,115356.1,141044643.46749946
2025-08-18 04:59:59.439000+00:00,2025-08-18 04:45:00+00:00,continuous,115356.0,115478.1,115356.0,115414.7,83836944.6076001
2025-08-18 05:14:59.916000+00:00,2025-08-18 05:00:00+00:00,continuous,115414.6,115640.4,115414.6,115618.6,141864425.6216003
2025-08-18 05:29:59.936000+00:00,2025-08-18 05:15:00+00:00,continuous,115618.6,115621.3,115515.0,115515.1,85341675.92340048
2025-08-18 05:44:59.847000+00:00,2025-08-18 05:30:00+00:00,continuous,115515.0,115515.1,115067.7,115115.3,203669146.04699922
2025-08-18 05:59:59.992000+00:00,2025-08-18 05:45:00+00:00,continuous,115115.4,115640.1,114923.6,115640.1,251659019.53279957
2025-08-18 06:14:59.976000+00:00,2025-08-18 06:00:00+00:00,continuous,115640.0,115684.5,115363.8,115380.0,211502346.73180145
2025-08-18 06:29:59.844000+00:00,2025-08-18 06:15:00+00:00,continuous,115380.1,115481.3,114942.9,115139.5,361805260.8064982
2025-08-18 06:44:59.906000+00:00,2025-08-18 06:30:00+00:00,continuous,115139.5,115312.4,114840.2,114987.9,227150755.83369976
2025-08-18 06:59:59.895000+00:00,2025-08-18 06:45:00+00:00,continuous,114987.8,115223.7,114815.2,115200.1,184644594.95249933
2025-08-18 07:14:59.508000+00:00,2025-08-18 07:00:00+00:00,continuous,115200.1,115426.0,115168.5,115200.0,137700061.0647997
2025-08-18 07:29:59.897000+00:00,2025-08-18 07:15:00+00:00,continuous,115199.9,115415.0,115150.0,115297.8,99295349.75380002
2025-08-18 07:44:59.818000+00:00,2025-08-18 07:30:00+00:00,continuous,115297.8,115416.7,115136.0,115329.7,94866758.02750005
2025-08-18 07:59:59.792000+00:00,2025-08-18 07:45:00+00:00,continuous,115329.7,115373.1,115133.6,115153.2,75493186.81840058
2025-08-18 08:14:59.981000+00:00,2025-08-18 08:00:00+00:00,continuous,115153.2,115314.5,115026.7,115026.7,142889906.54240006
2025-08-18 08:29:59.871000+00:00,2025-08-18 08:15:00+00:00,continuous,115026.8,115284.0,115008.4,115283.9,83098972.24170035
2025-08-18 08:44:59.785000+00:00,2025-08-18 08:30:00+00:00,continuous,115284.0,115342.5,115200.3,115224.9,77694834.12699994
2025-08-18 08:59:59.903000+00:00,2025-08-18 08:45:00+00:00,continuous,115224.8,115240.1,115048.8,115087.7,76945867.65200035
2025-08-18 09:14:59.904000+00:00,2025-08-18 09:00:00+00:00,continuous,115087.6,115095.4,114813.8,114875.7,164494015.89610037
2025-08-18 09:29:59.981000+00:00,2025-08-18 09:15:00+00:00,continuous,114875.7,114908.2,114610.0,114640.4,394728821.04670095
2025-08-18 09:44:59.956000+00:00,2025-08-18 09:30:00+00:00,continuous,114640.4,115049.9,114605.0,114971.3,285003804.6489995
2025-08-18 09:59:59.865000+00:00,2025-08-18 09:45:00+00:00,continuous,114971.4,115103.6,114929.9,114999.9,194678940.0801988
2025-08-18 10:14:59.872000+00:00,2025-08-18 10:00:00+00:00,continuous,115000.0,115144.7,114955.0,115045.7,89409878.08930005
2025-08-18 10:29:59.885000+00:00,2025-08-18 10:15:00+00:00,continuous,115045.7,115218.8,114933.4,114939.5,156440368.2298003
2025-08-18 10:44:59.721000+00:00,2025-08-18 10:30:00+00:00,continuous,114939.6,115217.6,114939.6,115203.9,62630086.056700185
2025-08-18 10:59:59.643000+00:00,2025-08-18 10:45:00+00:00,continuous,115203.8,115222.0,114976.0,115010.7,67828140.45370005
2025-08-18 11:14:59.603000+00:00,2025-08-18 11:00:00+00:00,continuous,115010.7,115084.3,114960.0,115058.5,50988525.055900194
2025-08-18 11:29:59.321000+00:00,2025-08-18 11:15:00+00:00,continuous,115058.5,115058.5,114874.6,114952.5,68077174.37729992
2025-08-18 11:44:59.927000+00:00,2025-08-18 11:30:00+00:00,continuous,114952.5,114980.2,114863.0,114934.4,72494302.24879996
2025-08-18 11:59:59.196000+00:00,2025-08-18 11:45:00+00:00,continuous,114934.4,114963.3,114811.0,114900.0,79837985.86160016
2025-08-18 12:14:59.856000+00:00,2025-08-18 12:00:00+00:00,continuous,114900.1,115136.0,114853.3,115085.4,88750694.27649978
2025-08-18 12:29:59.641000+00:00,2025-08-18 12:15:00+00:00,continuous,115085.3,115150.1,114928.8,115088.8,79606411.62400022
2025-08-18 12:44:59.872000+00:00,2025-08-18 12:30:00+00:00,continuous,115088.7,115305.2,115035.5,115278.4,153865523.90900064
2025-08-18 12:59:59.822000+00:00,2025-08-18 12:45:00+00:00,continuous,115278.4,115475.0,115151.6,115475.0,220250441.31699923
2025-08-18 13:14:59.757000+00:00,2025-08-18 13:00:00+00:00,continuous,115475.0,115598.2,115377.0,115487.3,359017799.0881009
2025-08-18 13:29:59.740000+00:00,2025-08-18 13:15:00+00:00,continuous,115487.2,115648.0,115487.0,115607.9,136225201.6852004
2025-08-18 13:44:59.988000+00:00,2025-08-18 13:30:00+00:00,continuous,115607.9,115688.0,115229.7,115307.1,255774602.8878027
2025-08-18 13:59:59.955000+00:00,2025-08-18 13:45:00+00:00,continuous,115307.1,115450.0,114769.2,114790.8,339283680.89820015
2025-08-18 14:14:59.861000+00:00,2025-08-18 14:00:00+00:00,continuous,114790.9,115177.7,114790.9,115166.4,250282697.14140093
2025-08-18 14:29:59.997000+00:00,2025-08-18 14:15:00+00:00,continuous,115166.4,115474.6,115087.4,115320.6,169792906.10830116
2025-08-18 14:44:59.841000+00:00,2025-08-18 14:30:00+00:00,continuous,115320.5,115320.5,115076.9,115089.0,130904836.32329999
2025-08-18 14:59:59.890000+00:00,2025-08-18 14:45:00+00:00,continuous,115089.0,115597.8,114862.5,115592.4,217314810.22920024
2025-08-18 15:14:59.898000+00:00,2025-08-18 15:00:00+00:00,continuous,115592.3,115674.5,115392.9,115412.4,142136311.19390067
2025-08-18 15:29:59.942000+00:00,2025-08-18 15:15:00+00:00,continuous,115412.5,115648.5,115349.9,115578.0,98083808.14590007
2025-08-18 15:44:59.940000+00:00,2025-08-18 15:30:00+00:00,continuous,115578.1,115872.7,115487.1,115719.4,203426378.0428005
2025-08-18 15:59:59.943000+00:00,2025-08-18 15:45:00+00:00,continuous,115719.4,116137.8,115719.3,116099.4,454340051.48929846
2025-08-18 16:14:59.890000+00:00,2025-08-18 16:00:00+00:00,continuous,116099.5,116304.3,116022.2,116023.3,419796910.7946973
2025-08-18 16:29:59.914000+00:00,2025-08-18 16:15:00+00:00,continuous,116023.2,116129.6,115928.9,115981.1,203706822.58229953
2025-08-18 16:44:59.997000+00:00,2025-08-18 16:30:00+00:00,continuous,115981.2,116055.3,115773.3,116007.6,141720279.13530058
2025-08-18 16:59:59.050000+00:00,2025-08-18 16:45:00+00:00,continuous,116007.6,116204.9,115883.5,115911.3,103041769.39479986
2025-08-18 17:14:59.753000+00:00,2025-08-18 17:00:00+00:00,continuous,115911.3,116197.0,115911.2,116197.0,72743516.73099992
2025-08-18 17:29:59.823000+00:00,2025-08-18 17:15:00+00:00,continuous,116196.9,116638.0,116196.9,116470.0,307868388.8716004
2025-08-18 17:44:59.697000+00:00,2025-08-18 17:30:00+00:00,continuous,116470.0,116761.0,116470.0,116481.6,229548838.21219844
2025-08-18 17:59:59.952000+00:00,2025-08-18 17:45:00+00:00,continuous,116481.6,116578.8,116366.4,116371.1,136758654.00549918
2025-08-18 18:14:59.742000+00:00,2025-08-18 18:00:00+00:00,continuous,116371.2,116400.1,116249.8,116315.9,124815406.09479971
2025-08-18 18:29:59.656000+00:00,2025-08-18 18:15:00+00:00,continuous,116315.9,116422.3,116175.9,116308.9,97752250.62050006
2025-08-18 18:44:59.191000+00:00,2025-08-18 18:30:00+00:00,continuous,116309.0,116494.0,116308.9,116415.4,66712725.359599724
2025-08-18 18:59:59.575000+00:00,2025-08-18 18:45:00+00:00,continuous,116415.4,116531.7,116405.1,116428.8,59085911.469399855
2025-08-18 19:14:59.996000+00:00,2025-08-18 19:00:00+00:00,continuous,116428.8,116590.0,116201.0,116229.9,140794419.57589975
2025-08-18 19:29:59.625000+00:00,2025-08-18 19:15:00+00:00,continuous,116230.0,116311.8,116139.7,116310.8,67766626.90209989
2025-08-18 19:44:59.960000+00:00,2025-08-18 19:30:00+00:00,continuous,116310.8,116352.9,116174.3,116210.3,59122713.3178
2025-08-18 19:59:59.967000+00:00,2025-08-18 19:45:00+00:00,continuous,116210.3,116350.3,116171.5,116273.4,67547227.22289994
2025-08-18 20:14:59.413000+00:00,2025-08-18 20:00:00+00:00,continuous,116273.4,116428.5,116184.8,116418.5,55727343.626700245
2025-08-18 20:29:59.693000+00:00,2025-08-18 20:15:00+00:00,continuous,116418.5,116461.5,116282.3,116461.5,34245558.52449996
2025-08-18 20:44:59.954000+00:00,2025-08-18 20:30:00+00:00,continuous,116461.5,116488.0,115929.9,116029.4,139686144.37899965
2025-08-18 20:59:59.970000+00:00,2025-08-18 20:45:00+00:00,continuous,116029.5,116366.8,116029.4,116364.8,76188836.5604997
2025-08-18 21:14:59.586000+00:00,2025-08-18 21:00:00+00:00,continuous,116364.7,116535.1,116360.2,116535.1,61680199.862199806
2025-08-18 21:29:59.965000+00:00,2025-08-18 21:15:00+00:00,continuous,116535.1,116636.0,116482.1,116596.0,57861161.438000135
2025-08-18 21:44:59.996000+00:00,2025-08-18 21:30:00+00:00,continuous,116595.9,116614.8,116382.7,116410.4,66487535.02789949
2025-08-18 21:59:59.940000+00:00,2025-08-18 21:45:00+00:00,continuous,116410.4,116615.2,116409.8,116609.9,43208235.34760004
2025-08-18 22:14:59.798000+00:00,2025-08-18 22:00:00+00:00,continuous,116610.0,116934.9,116610.0,116847.7,202011242.34870282
2025-08-18 22:29:59.790000+00:00,2025-08-18 22:15:00+00:00,continuous,116847.7,116938.7,116828.3,116870.0,54686257.47220009
2025-08-18 22:44:59.511000+00:00,2025-08-18 22:30:00+00:00,continuous,116870.0,116888.8,116680.3,116680.3,65276698.37130019
2025-08-18 22:59:59.655000+00:00,2025-08-18 22:45:00+00:00,continuous,116680.3,116692.8,116324.9,116342.2,137560848.29569954
2025-08-18 23:14:59.953000+00:00,2025-08-18 23:00:00+00:00,continuous,116342.3,116523.5,116340.7,116356.6,69512243.29019982
2025-08-18 23:29:59.470000+00:00,2025-08-18 23:15:00+00:00,continuous,116356.6,116384.7,116222.0,116236.4,83959666.64719953
2025-08-18 23:44:59.761000+00:00,2025-08-18 23:30:00+00:00,continuous,116236.3,116293.0,116153.8,116153.8,65365485.001900166
2025-08-18 23:59:59.583000+00:00,2025-08-18 23:45:00+00:00,continuous,116153.8,116214.3,116026.6,116183.6,76744728.0381
2025-08-19 00:14:59.890000+00:00,2025-08-19 00:00:00+00:00,continuous,116183.6,116254.3,116108.1,116224.7,70102041.8620001
2025-08-19 00:29:59.630000+00:00,2025-08-19 00:15:00+00:00,continuous,116224.7,116264.4,115861.9,115875.0,181847713.97279948
2025-08-19 00:44:58.980000+00:00,2025-08-19 00:30:00+00:00,continuous,115875.0,116145.7,115463.8,115973.7,403719888.6172983
2025-08-19 00:59:59.908000+00:00,2025-08-19 00:45:00+00:00,continuous,115973.7,116524.6,115966.9,116519.3,178629065.6471004
2025-08-19 01:14:59.975000+00:00,2025-08-19 01:00:00+00:00,continuous,116519.2,116687.7,116354.0,116375.4,142991315.45770028
2025-08-19 01:29:59.647000+00:00,2025-08-19 01:15:00+00:00,continuous,116375.4,116434.8,116143.5,116150.7,82593217.4838997
2025-08-19 01:44:59.965000+00:00,2025-08-19 01:30:00+00:00,continuous,116150.7,116150.8,115875.0,115953.7,146936304.25669965
2025-08-19 01:59:59.810000+00:00,2025-08-19 01:45:00+00:00,continuous,115953.7,115988.6,115670.0,115760.6,133303140.64260027
2025-08-19 02:14:59.722000+00:00,2025-08-19 02:00:00+00:00,continuous,115760.5,115891.9,115654.8,115820.1,82565878.6436998
2025-08-19 02:29:59.050000+00:00,2025-08-19 02:15:00+00:00,continuous,115820.0,115862.4,115580.0,115775.6,62860577.160400145
2025-08-19 02:44:59.579000+00:00,2025-08-19 02:30:00+00:00,continuous,115775.5,115923.0,115700.1,115831.3,41292719.22409996
2025-08-19 02:59:59.511000+00:00,2025-08-19 02:45:00+00:00,continuous,115831.2,116012.8,115668.0,115709.9,49358487.39019998
2025-08-19 03:14:59.789000+00:00,2025-08-19 03:00:00+00:00,continuous,115709.9,115727.3,115402.6,115569.2,183810910.05309978
2025-08-19 03:29:59.944000+00:00,2025-08-19 03:15:00+00:00,continuous,115569.2,115630.9,115223.0,115323.1,192385869.47440088
2025-08-19 03:44:59.945000+00:00,2025-08-19 03:30:00+00:00,continuous,115323.0,115325.3,114812.6,114918.3,379473270.6753009
2025-08-19 03:59:59.978000+00:00,2025-08-19 03:45:00+00:00,continuous,114918.3,114984.1,114734.8,114756.6,190848512.9362998
2025-08-19 04:14:59.931000+00:00,2025-08-19 04:00:00+00:00,continuous,114756.7,114929.6,114303.8,114702.2,510753938.6315032
2025-08-19 04:29:59.744000+00:00,2025-08-19 04:15:00+00:00,continuous,114702.3,114984.0,114585.0,114843.3,173375727.3245993
2025-08-19 04:44:59.712000+00:00,2025-08-19 04:30:00+00:00,continuous,114843.2,115200.0,114827.6,115186.6,154421564.92639965
2025-08-19 04:59:59.972000+00:00,2025-08-19 04:45:00+00:00,continuous,115186.6,115333.0,115079.3,115256.3,144575692.6605001
2025-08-19 05:14:59.849000+00:00,2025-08-19 05:00:00+00:00,continuous,115256.4,115430.0,115076.9,115171.2,224154494.84480205
2025-08-19 05:29:59.438000+00:00,2025-08-19 05:15:00+00:00,continuous,115171.1,115378.2,115115.6,115334.5,83377764.84889989
2025-08-19 05:44:59.845000+00:00,2025-08-19 05:30:00+00:00,continuous,115334.4,115369.5,115055.0,115055.0,88475504.62069947
2025-08-19 05:59:59.879000+00:00,2025-08-19 05:45:00+00:00,continuous,115055.0,115063.3,114894.0,114926.0,108892309.29579955
2025-08-19 06:14:58.850000+00:00,2025-08-19 06:00:00+00:00,continuous,114926.0,115073.5,114861.0,114997.6,80007314.39739984
2025-08-19 06:29:59.893000+00:00,2025-08-19 06:15:00+00:00,continuous,114997.6,115182.7,114860.0,115088.4,79233948.99499977
2025-08-19 06:44:59.935000+00:00,2025-08-19 06:30:00+00:00,continuous,115088.4,115093.2,114908.0,114943.3,63846796.81259962
2025-08-19 06:59:59.250000+00:00,2025-08-19 06:45:00+00:00,continuous,114943.3,115039.9,114868.5,114963.3,66895304.84200014
2025-08-19 07:14:59.946000+00:00,2025-08-19 07:00:00+00:00,continuous,114963.2,115008.9,114775.0,114829.9,90339615.30350019
2025-08-19 07:29:59.873000+00:00,2025-08-19 07:15:00+00:00,continuous,114829.9,114845.2,114600.0,114656.2,157625350.0439995
2025-08-19 07:44:59.884000+00:00,2025-08-19 07:30:00+00:00,continuous,114656.1,114923.0,114560.0,114749.9,146949891.43039975
2025-08-19 07:59:59.806000+00:00,2025-08-19 07:45:00+00:00,continuous,114750.0,114948.4,114740.5,114928.7,114395401.39680003
2025-08-19 08:14:59.697000+00:00,2025-08-19 08:00:00+00:00,continuous,114928.7,114994.9,114751.2,114981.4,102814013.43550014
2025-08-19 08:29:59.815000+00:00,2025-08-19 08:15:00+00:00,continuous,114981.3,115052.4,114897.6,114909.3,68773289.17939962
2025-08-19 08:44:59.836000+00:00,2025-08-19 08:30:00+00:00,continuous,114909.4,114994.2,114750.0,114967.2,57417191.56280004
2025-08-19 08:59:59.528000+00:00,2025-08-19 08:45:00+00:00,continuous,114967.2,115266.9,114920.0,115144.9,133872998.90170014
2025-08-19 09:14:59.946000+00:00,2025-08-19 09:00:00+00:00,continuous,115144.9,115349.0,115137.0,115305.7,178116196.34040064
2025-08-19 09:29:59.322000+00:00,2025-08-19 09:15:00+00:00,continuous,115305.6,115399.8,115219.1,115385.3,100742029.61209996
2025-08-19 09:44:59.793000+00:00,2025-08-19 09:30:00+00:00,continuous,115385.3,115450.0,115293.0,115358.4,100417727.28809929
2025-08-19 09:59:59.557000+00:00,2025-08-19 09:45:00+00:00,continuous,115358.3,115399.3,115222.0,115281.5,58643348.95139991
2025-08-19 10:14:59.586000+00:00,2025-08-19 10:00:00+00:00,continuous,115281.5,115468.3,115265.3,115354.8,73770328.32249936
2025-08-19 10:29:59.926000+00:00,2025-08-19 10:15:00+00:00,continuous,115354.8,115543.8,115354.8,115451.4,76991449.81170017
2025-08-19 10:44:59.746000+00:00,2025-08-19 10:30:00+00:00,continuous,115451.3,115488.0,115272.5,115372.3,59358339.614799984
2025-08-19 10:59:59.221000+00:00,2025-08-19 10:45:00+00:00,continuous,115372.4,115390.7,115270.0,115347.6,38990800.256499864
2025-08-19 11:14:59.858000+00:00,2025-08-19 11:00:00+00:00,continuous,115347.7,115561.1,115347.7,115543.8,85013989.3356998
2025-08-19 11:29:59.975000+00:00,2025-08-19 11:15:00+00:00,continuous,115543.7,115608.5,115500.0,115509.7,58219864.85209981
2025-08-19 11:44:59.740000+00:00,2025-08-19 11:30:00+00:00,continuous,115509.7,115538.3,115413.7,115423.9,51967664.41650032
2025-08-19 11:59:59.922000+00:00,2025-08-19 11:45:00+00:00,continuous,115423.9,115544.2,115423.9,115461.0,43436785.88209992
2025-08-19 12:14:59.838000+00:00,2025-08-19 12:00:00+00:00,continuous,115461.0,115552.1,115360.0,115525.5,65602096.50970036
2025-08-19 12:29:59.398000+00:00,2025-08-19 12:15:00+00:00,continuous,115525.6,115574.9,115423.8,115450.1,63361166.0598999
2025-08-19 12:44:57.928000+00:00,2025-08-19 12:30:00+00:00,continuous,115450.0,115511.0,115340.4,115457.5,60590061.34780027
2025-08-19 12:59:59.948000+00:00,2025-08-19 12:45:00+00:00,continuous,115457.5,115555.0,115224.8,115555.0,115689161.25650005
2025-08-19 13:14:59.400000+00:00,2025-08-19 13:00:00+00:00,continuous,115554.9,115630.0,115453.4,115467.7,86572543.98350023
2025-08-19 13:29:59.961000+00:00,2025-08-19 13:15:00+00:00,continuous,115467.7,115746.3,115467.6,115701.8,93496810.02710035
2025-08-19 13:44:59.940000+00:00,2025-08-19 13:30:00+00:00,continuous,115701.8,115847.4,114979.9,115063.7,632198926.9575002
2025-08-19 13:59:59.161000+00:00,2025-08-19 13:45:00+00:00,continuous,115063.6,115328.7,114822.4,115151.3,432043463.2062026
2025-08-19 14:14:59.734000+00:00,2025-08-19 14:00:00+00:00,continuous,115151.3,115325.2,114708.0,114753.8,278050039.8192019
2025-08-19 14:29:59.987000+00:00,2025-08-19 14:15:00+00:00,continuous,114753.7,114794.5,114070.0,114083.3,644158150.3248979
2025-08-19 14:44:59.912000+00:00,2025-08-19 14:30:00+00:00,continuous,114083.4,114438.7,113745.5,113879.6,868928719.2515992
2025-08-19 14:59:59.899000+00:00,2025-08-19 14:45:00+00:00,continuous,113879.5,114029.0,113705.3,113827.3,417384994.1197979
2025-08-19 15:14:59.954000+00:00,2025-08-19 15:00:00+00:00,continuous,113827.4,113967.4,113506.0,113593.1,529629951.4097029
2025-08-19 15:29:59.941000+00:00,2025-08-19 15:15:00+00:00,continuous,113593.2,114134.8,113576.2,114026.6,434848635.1496998
2025-08-19 15:44:59.943000+00:00,2025-08-19 15:30:00+00:00,continuous,114026.6,114097.9,113829.1,114046.6,142696815.68270025
2025-08-19 15:59:59.882000+00:00,2025-08-19 15:45:00+00:00,continuous,114046.7,114046.7,113674.0,113730.0,196476152.0980996
2025-08-19 16:14:59.934000+00:00,2025-08-19 16:00:00+00:00,continuous,113730.1,113844.0,113638.5,113650.0,168879361.8300992
2025-08-19 16:29:59.780000+00:00,2025-08-19 16:15:00+00:00,continuous,113650.1,113788.0,113576.2,113599.9,111872320.86739996
2025-08-19 16:44:59.986000+00:00,2025-08-19 16:30:00+00:00,continuous,113599.8,113787.9,113373.0,113548.0,379798312.80339843
2025-08-19 16:59:59.992000+00:00,2025-08-19 16:45:00+00:00,continuous,113547.9,113567.8,113273.3,113338.9,309250000.64209986
2025-08-19 17:14:59.750000+00:00,2025-08-19 17:00:00+00:00,continuous,113339.0,113459.9,113011.0,113260.5,468600465.5043974
2025-08-19 17:29:59.957000+00:00,2025-08-19 17:15:00+00:00,continuous,113260.5,113431.9,113113.0,113374.4,140952509.78510073
2025-08-19 17:44:59.406000+00:00,2025-08-19 17:30:00+00:00,continuous,113374.3,113534.7,113360.3,113417.9,155344960.44820118
2025-08-19 17:59:59.825000+00:00,2025-08-19 17:45:00+00:00,continuous,113417.9,113494.4,113239.6,113459.8,102179456.09200005
2025-08-19 18:14:59.761000+00:00,2025-08-19 18:00:00+00:00,continuous,113459.9,113459.9,113314.5,113315.3,91837833.76929952
2025-08-19 18:29:59.918000+00:00,2025-08-19 18:15:00+00:00,continuous,113315.3,113428.5,113189.1,113189.1,70453123.43780033
2025-08-19 18:44:59.901000+00:00,2025-08-19 18:30:00+00:00,continuous,113189.2,113215.3,112893.0,112958.1,202301184.41579935
2025-08-19 18:59:59.972000+00:00,2025-08-19 18:45:00+00:00,continuous,112958.1,113094.6,112770.1,113013.1,306135386.8630022
2025-08-19 19:14:59.978000+00:00,2025-08-19 19:00:00+00:00,continuous,113013.0,113013.0,112753.0,112772.0,230686223.3609003
2025-08-19 19:29:59.649000+00:00,2025-08-19 19:15:00+00:00,continuous,112771.9,113400.1,112714.4,113339.3,295880830.2552997
2025-08-19 19:44:59.975000+00:00,2025-08-19 19:30:00+00:00,continuous,113339.4,113490.3,113246.0,113372.9,140581994.85499966
2025-08-19 19:59:59.795000+00:00,2025-08-19 19:45:00+00:00,continuous,113372.8,113461.5,113000.1,113078.3,156267096.58180028
2025-08-19 20:14:59.952000+00:00,2025-08-19 20:00:00+00:00,continuous,113078.2,113245.2,112858.8,112935.4,181871180.4037993
2025-08-19 20:29:59.185000+00:00,2025-08-19 20:15:00+00:00,continuous,112935.6,113265.8,112935.5,113259.9,84732193.53809994
2025-08-19 20:44:59.672000+00:00,2025-08-19 20:30:00+00:00,continuous,113259.9,113455.2,113259.8,113360.0,156126946.58350015
2025-08-19 20:59:59.884000+00:00,2025-08-19 20:45:00+00:00,continuous,113359.9,113524.5,113338.3,113517.6,72910462.52039988
2025-08-19 21:14:59.726000+00:00,2025-08-19 21:00:00+00:00,continuous,113517.6,113523.0,113404.8,113456.6,60482627.71480006
2025-08-19 21:29:59.545000+00:00,2025-08-19 21:15:00+00:00,continuous,113456.7,113513.2,113410.0,113459.6,73134575.54310058
2025-08-19 21:44:59.972000+00:00,2025-08-19 21:30:00+00:00,continuous,113459.6,113511.5,113404.8,113445.8,48284095.35710016
2025-08-19 21:59:59.784000+00:00,2025-08-19 21:45:00+00:00,continuous,113445.9,113451.6,113350.0,113365.0,40502447.22049975
2025-08-19 22:14:59.812000+00:00,2025-08-19 22:00:00+00:00,continuous,113364.9,113391.1,113056.6,113114.4,211863690.53589973
2025-08-19 22:29:59.509000+00:00,2025-08-19 22:15:00+00:00,continuous,113114.4,113286.2,113020.0,113250.6,85007614.45089994
2025-08-19 22:44:59.700000+00:00,2025-08-19 22:30:00+00:00,continuous,113250.6,113289.0,113002.0,113153.6,52179502.831200205
2025-08-19 22:59:58.502000+00:00,2025-08-19 22:45:00+00:00,continuous,113153.7,113249.0,113068.0,113119.2,39653439.80429988
2025-08-19 23:14:59.922000+00:00,2025-08-19 23:00:00+00:00,continuous,113119.3,113145.6,112927.2,112952.6,73936149.45359974
2025-08-19 23:29:59.853000+00:00,2025-08-19 23:15:00+00:00,continuous,112952.7,113027.2,112770.0,112872.5,117920825.09599973
2025-08-19 23:44:59.674000+00:00,2025-08-19 23:30:00+00:00,continuous,112872.5,113091.2,112755.0,112917.1,177894296.67819935
2025-08-19 23:59:59.641000+00:00,2025-08-19 23:45:00+00:00,continuous,112917.0,112917.1,112666.6,112824.2,163623860.00600073
2025-08-20 00:14:59.462000+00:00,2025-08-20 00:00:00+00:00,continuous,112824.1,113213.6,112782.4,112977.5,188271412.0035001
2025-08-20 00:29:59.636000+00:00,2025-08-20 00:15:00+00:00,continuous,112977.4,113153.2,112804.0,112946.2,119952828.63320011
2025-08-20 00:44:59.994000+00:00,2025-08-20 00:30:00+00:00,continuous,112946.3,113224.3,112904.7,113200.5,104317735.11649992
2025-08-20 00:59:59.927000+00:00,2025-08-20 00:45:00+00:00,continuous,113200.4,113272.3,113146.7,113150.3,99946891.22080013
2025-08-20 01:14:59.715000+00:00,2025-08-20 01:00:00+00:00,continuous,113150.2,113353.9,113114.9,113178.5,107112787.70340009
2025-08-20 01:29:59.950000+00:00,2025-08-20 01:15:00+00:00,continuous,113178.5,113314.4,112848.8,112891.0,128608295.14739972
2025-08-20 01:44:59.776000+00:00,2025-08-20 01:30:00+00:00,continuous,112890.9,112951.9,112500.0,112637.9,340235612.94109845
2025-08-20 01:59:59.667000+00:00,2025-08-20 01:45:00+00:00,continuous,112638.0,113076.4,112637.9,112963.1,350201777.3947003
2025-08-20 02:14:59.914000+00:00,2025-08-20 02:00:00+00:00,continuous,112963.0,113245.2,112907.3,113231.3,206017050.52369913
2025-08-20 02:29:59.976000+00:00,2025-08-20 02:15:00+00:00,continuous,113231.3,113261.5,113184.7,113251.2,155969450.9652997
2025-08-20 02:44:59.548000+00:00,2025-08-20 02:30:00+00:00,continuous,113251.1,113295.5,113229.5,113295.4,148777169.69339943
2025-08-20 02:59:59.930000+00:00,2025-08-20 02:45:00+00:00,continuous,113295.5,113440.2,113247.4,113386.8,113676341.85350017
2025-08-20 03:14:58.215000+00:00,2025-08-20 03:00:00+00:00,continuous,113386.8,113473.4,113258.5,113322.0,130910062.38780034
2025-08-20 03:29:59.871000+00:00,2025-08-20 03:15:00+00:00,continuous,113322.0,113567.0,113298.7,113566.9,84374375.37349978
2025-08-20 03:44:59.911000+00:00,2025-08-20 03:30:00+00:00,continuous,113567.0,113599.4,113380.9,113430.0,122134863.46510017
2025-08-20 03:59:59.832000+00:00,2025-08-20 03:45:00+00:00,continuous,113430.0,113490.0,113360.0,113465.4,44430757.66760004
2025-08-20 04:14:59.593000+00:00,2025-08-20 04:00:00+00:00,continuous,113465.4,113616.7,113465.3,113555.7,74941289.19459994
2025-08-20 04:29:59.396000+00:00,2025-08-20 04:15:00+00:00,continuous,113555.7,113609.8,113527.9,113571.6,53331616.25889999
2025-08-20 04:44:59.581000+00:00,2025-08-20 04:30:00+00:00,continuous,113571.6,113639.0,113404.0,113500.2,120276233.78630026
2025-08-20 04:59:59.746000+00:00,2025-08-20 04:45:00+00:00,continuous,113500.1,113582.4,113428.0,113579.2,36859195.611900136
2025-08-20 05:14:59.983000+00:00,2025-08-20 05:00:00+00:00,continuous,113579.1,113590.2,113437.1,113469.4,42746352.99560001
2025-08-20 05:29:59.553000+00:00,2025-08-20 05:15:00+00:00,continuous,113469.4,113571.4,113404.4,113559.6,48092841.51509963
2025-08-20 05:44:59.903000+00:00,2025-08-20 05:30:00+00:00,continuous,113559.5,113599.9,113518.3,113586.6,53224550.57450021
2025-08-20 05:59:59.625000+00:00,2025-08-20 05:45:00+00:00,continuous,113586.5,113732.8,113549.7,113671.7,89780156.53100014
2025-08-20 06:14:59.831000+00:00,2025-08-20 06:00:00+00:00,continuous,113671.8,113695.8,113446.0,113480.0,86409697.32940018
2025-08-20 06:29:59.548000+00:00,2025-08-20 06:15:00+00:00,continuous,113480.1,113621.3,113448.0,113608.8,60855833.96249983
2025-08-20 06:44:59.839000+00:00,2025-08-20 06:30:00+00:00,continuous,113608.7,113691.7,113600.4,113622.6,46764472.28080026
2025-08-20 06:59:59.566000+00:00,2025-08-20 06:45:00+00:00,continuous,113622.7,113650.0,113519.5,113609.6,37792278.94010011
2025-08-20 07:14:59.933000+00:00,2025-08-20 07:00:00+00:00,continuous,113609.6,113714.2,113575.9,113683.3,51170198.35110013
2025-08-20 07:29:59.572000+00:00,2025-08-20 07:15:00+00:00,continuous,113683.3,113805.5,113659.9,113660.0,81411156.59110008
2025-08-20 07:44:59.630000+00:00,2025-08-20 07:30:00+00:00,continuous,113659.9,113660.0,113520.1,113550.0,52432309.42119991
2025-08-20 07:59:59.979000+00:00,2025-08-20 07:45:00+00:00,continuous,113550.1,113618.0,113360.9,113436.7,102391816.48250026
2025-08-20 08:14:59.853000+00:00,2025-08-20 08:00:00+00:00,continuous,113436.7,113558.6,113336.7,113558.5,112319700.22690031
2025-08-20 08:29:59.752000+00:00,2025-08-20 08:15:00+00:00,continuous,113558.5,113819.8,113558.5,113796.0,105286233.56609902
2025-08-20 08:44:59.962000+00:00,2025-08-20 08:30:00+00:00,continuous,113796.1,113917.1,113737.8,113898.1,169594886.64000082
2025-08-20 08:59:59.946000+00:00,2025-08-20 08:45:00+00:00,continuous,113898.2,113978.0,113788.0,113954.2,106214570.39320013
2025-08-20 09:14:59.737000+00:00,2025-08-20 09:00:00+00:00,continuous,113954.2,113954.2,113760.4,113810.0,88410399.4482005
2025-08-20 09:29:59.438000+00:00,2025-08-20 09:15:00+00:00,continuous,113810.1,113824.7,113702.0,113747.6,50526158.98779983
2025-08-20 09:44:59.985000+00:00,2025-08-20 09:30:00+00:00,continuous,113747.6,113917.1,113708.9,113821.8,67227470.64679968
2025-08-20 09:59:59.218000+00:00,2025-08-20 09:45:00+00:00,continuous,113821.7,113875.9,113570.6,113650.1,76610418.35360007
2025-08-20 10:14:59.957000+00:00,2025-08-20 10:00:00+00:00,continuous,113650.1,113772.3,113596.8,113626.3,56215004.3395998
2025-08-20 10:29:59.922000+00:00,2025-08-20 10:15:00+00:00,continuous,113626.3,113764.8,113538.6,113546.4,59957483.979100205
2025-08-20 10:44:59.246000+00:00,2025-08-20 10:30:00+00:00,continuous,113546.5,113741.5,113546.4,113733.8,63604779.3389999
2025-08-20 10:59:59.524000+00:00,2025-08-20 10:45:00+00:00,continuous,113733.9,113834.0,113702.6,113745.5,61956901.61979977
2025-08-20 11:14:59.452000+00:00,2025-08-20 11:00:00+00:00,continuous,113745.6,113823.6,113528.0,113561.4,83509782.09710008
2025-08-20 11:29:59.500000+00:00,2025-08-20 11:15:00+00:00,continuous,113561.4,113569.7,113408.0,113414.9,105161928.1635001
2025-08-20 11:44:59.808000+00:00,2025-08-20 11:30:00+00:00,continuous,113414.9,113414.9,113009.5,113139.0,324219271.918
2025-08-20 11:59:59.934000+00:00,2025-08-20 11:45:00+00:00,continuous,113139.1,113627.5,113075.0,113627.5,243484440.16930112
2025-08-20 12:14:59.789000+00:00,2025-08-20 12:00:00+00:00,continuous,113627.4,113908.3,113627.4,113781.4,185237822.78830034
2025-08-20 12:29:59.370000+00:00,2025-08-20 12:15:00+00:00,continuous,113781.4,113832.7,113459.1,113681.3,112481445.25289978
2025-08-20 12:44:59.705000+00:00,2025-08-20 12:30:00+00:00,continuous,113681.3,113816.5,113622.3,113809.4,99787347.0733999
2025-08-20 12:59:59.911000+00:00,2025-08-20 12:45:00+00:00,continuous,113809.4,113830.0,113611.3,113611.3,93014864.35859916
2025-08-20 13:14:59.731000+00:00,2025-08-20 13:00:00+00:00,continuous,113611.4,113611.4,113264.9,113274.9,121927489.60009927
2025-08-20 13:29:59.921000+00:00,2025-08-20 13:15:00+00:00,continuous,113274.7,113415.7,113200.0,113368.7,118403001.23689961
2025-08-20 13:44:59.863000+00:00,2025-08-20 13:30:00+00:00,continuous,113368.7,113605.7,113071.5,113089.9,302839990.67219687
2025-08-20 13:59:59.841000+00:00,2025-08-20 13:45:00+00:00,continuous,113089.9,113116.3,112536.3,112632.7,607599250.4474016
2025-08-20 14:14:59.938000+00:00,2025-08-20 14:00:00+00:00,continuous,112632.7,112955.0,112357.0,112654.3,494082862.96179885
2025-08-20 14:29:59.906000+00:00,2025-08-20 14:15:00+00:00,continuous,112654.2,113186.9,112301.8,113096.2,511625504.192599
2025-08-20 14:44:59.952000+00:00,2025-08-20 14:30:00+00:00,continuous,113096.1,113800.0,113096.1,113453.6,587758562.4469029
2025-08-20 14:59:59.842000+00:00,2025-08-20 14:45:00+00:00,continuous,113453.5,113816.5,113325.4,113413.4,273064674.79389966
2025-08-20 15:14:59.803000+00:00,2025-08-20 15:00:00+00:00,continuous,113413.4,113988.7,113325.0,113841.2,315909122.3965016
2025-08-20 15:29:59.746000+00:00,2025-08-20 15:15:00+00:00,continuous,113841.1,114279.3,113827.1,114227.6,515045119.2207993
2025-08-20 15:44:59.994000+00:00,2025-08-20 15:30:00+00:00,continuous,114227.6,114241.8,113847.5,113847.6,267540428.5567998
2025-08-20 15:59:59.991000+00:00,2025-08-20 15:45:00+00:00,continuous,113847.5,113874.6,113156.1,113297.0,509230155.9252018
2025-08-20 16:14:59.756000+00:00,2025-08-20 16:00:00+00:00,continuous,113296.9,113589.0,113216.1,113589.0,262614794.67519954
2025-08-20 16:29:59.978000+00:00,2025-08-20 16:15:00+00:00,continuous,113589.0,114285.7,113580.3,114216.5,418344255.73569685
2025-08-20 16:44:59.821000+00:00,2025-08-20 16:30:00+00:00,continuous,114216.4,114230.0,113795.5,113906.3,249457116.0338999
2025-08-20 16:59:59.682000+00:00,2025-08-20 16:45:00+00:00,continuous,113906.2,114055.8,113714.3,113797.2,139250474.79350007
2025-08-20 17:14:59.557000+00:00,2025-08-20 17:00:00+00:00,continuous,113797.1,114099.0,113737.7,113850.0,125064756.57730033
2025-08-20 17:29:59.434000+00:00,2025-08-20 17:15:00+00:00,continuous,113850.1,114030.8,113732.3,113739.9,87600294.05259977
2025-08-20 17:44:59.989000+00:00,2025-08-20 17:30:00+00:00,continuous,113739.8,114220.0,113723.8,114219.0,103917085.51829998
2025-08-20 17:59:59.545000+00:00,2025-08-20 17:45:00+00:00,continuous,114219.0,114411.0,114050.9,114150.0,221563333.22420067
2025-08-20 18:14:59.437000+00:00,2025-08-20 18:00:00+00:00,continuous,114150.0,114237.7,113607.0,113614.7,289290757.44099915
2025-08-20 18:29:59.984000+00:00,2025-08-20 18:15:00+00:00,continuous,113614.7,113643.4,113245.2,113282.2,245459498.29229972
2025-08-20 18:44:59.923000+00:00,2025-08-20 18:30:00+00:00,continuous,113282.3,113635.2,113200.0,113553.4,187183672.371299
2025-08-20 18:59:58.922000+00:00,2025-08-20 18:45:00+00:00,continuous,113553.3,113633.4,113414.2,113435.4,114078577.70129973
2025-08-20 19:14:59.631000+00:00,2025-08-20 19:00:00+00:00,continuous,113435.3,113924.3,113408.0,113888.1,150821805.18290055
2025-08-20 19:29:59.922000+00:00,2025-08-20 19:15:00+00:00,continuous,113888.1,114235.5,113837.0,113995.0,312026059.88999784
2025-08-20 19:44:59.189000+00:00,2025-08-20 19:30:00+00:00,continuous,113995.1,114107.8,113844.5,113942.0,110283342.55969997
2025-08-20 19:59:59.988000+00:00,2025-08-20 19:45:00+00:00,continuous,113942.0,114280.0,113905.0,114216.3,133992865.28560016
2025-08-20 20:14:59.755000+00:00,2025-08-20 20:00:00+00:00,continuous,114216.2,114220.0,114036.9,114036.9,75559672.67030019
2025-08-20 20:29:59.297000+00:00,2025-08-20 20:15:00+00:00,continuous,114036.9,114086.1,113941.9,114082.9,55315068.82509979
2025-08-20 20:44:59.548000+00:00,2025-08-20 20:30:00+00:00,continuous,114082.8,114234.7,114069.1,114167.4,84944878.75060031
2025-08-20 20:59:59.978000+00:00,2025-08-20 20:45:00+00:00,continuous,114167.4,114339.2,114139.3,114330.9,94521881.34000006
2025-08-20 21:14:59.809000+00:00,2025-08-20 21:00:00+00:00,continuous,114331.0,114440.0,114306.4,114321.6,93229975.67020056
2025-08-20 21:29:59.056000+00:00,2025-08-20 21:15:00+00:00,continuous,114321.7,114350.0,113949.3,113981.6,136689464.46639937
2025-08-20 21:44:59.939000+00:00,2025-08-20 21:30:00+00:00,continuous,113981.6,114336.0,113942.8,114292.4,64365475.284099914
2025-08-20 21:59:59.993000+00:00,2025-08-20 21:45:00+00:00,continuous,114292.4,114420.4,114203.6,114297.2,78503262.5870001
2025-08-20 22:14:59.953000+00:00,2025-08-20 22:00:00+00:00,continuous,114297.3,114415.0,114164.9,114262.0,76529815.29850037
2025-08-20 22:29:59.279000+00:00,2025-08-20 22:15:00+00:00,continuous,114261.9,114345.8,114145.5,114341.7,59874038.64979996
2025-08-20 22:44:59.823000+00:00,2025-08-20 22:30:00+00:00,continuous,114341.8,114487.9,114245.0,114469.6,95403823.01000017
2025-08-20 22:59:59.574000+00:00,2025-08-20 22:45:00+00:00,continuous,114469.6,114569.0,114469.5,114527.6,149352823.38490078
2025-08-20 23:14:59.643000+00:00,2025-08-20 23:00:00+00:00,continuous,114527.5,114547.4,114261.3,114261.4,89134535.02289967
2025-08-20 23:29:59.260000+00:00,2025-08-20 23:15:00+00:00,continuous,114261.4,114289.9,114160.0,114180.7,62627114.150400296
2025-08-20 23:44:59.472000+00:00,2025-08-20 23:30:00+00:00,continuous,114180.7,114328.6,114157.8,114290.0,46583416.95079985
2025-08-20 23:59:59.833000+00:00,2025-08-20 23:45:00+00:00,continuous,114290.0,114290.0,114162.0,114220.5,32425727.261599988
2025-08-21 00:14:59.374000+00:00,2025-08-21 00:00:00+00:00,continuous,114220.5,114220.5,114078.0,114086.3,63995357.46399986
2025-08-21 00:29:59.722000+00:00,2025-08-21 00:15:00+00:00,continuous,114086.3,114086.4,113960.3,114028.1,124821797.63409965
2025-08-21 00:44:59.923000+00:00,2025-08-21 00:30:00+00:00,continuous,114028.1,114403.9,114028.0,114364.8,118515523.07890017
2025-08-21 00:59:59.571000+00:00,2025-08-21 00:45:00+00:00,continuous,114364.9,114461.5,114219.9,114242.1,66421500.67820008
2025-08-21 01:14:59.884000+00:00,2025-08-21 01:00:00+00:00,continuous,114242.1,114289.2,114136.3,114136.3,42815860.64959997
2025-08-21 01:29:59.785000+00:00,2025-08-21 01:15:00+00:00,continuous,114136.3,114175.6,113901.1,114068.6,92484681.7850001
2025-08-21 01:44:59.873000+00:00,2025-08-21 01:30:00+00:00,continuous,114068.5,114385.9,114055.9,114287.9,58136252.57970012
2025-08-21 01:59:59.841000+00:00,2025-08-21 01:45:00+00:00,continuous,114287.9,114703.5,114200.0,114684.0,214088257.2304993
2025-08-21 02:14:59.544000+00:00,2025-08-21 02:00:00+00:00,continuous,114684.0,114777.0,114200.0,114211.6,187202301.91850036
2025-08-21 02:29:59.541000+00:00,2025-08-21 02:15:00+00:00,continuous,114211.6,114211.7,113843.7,113961.7,186471545.03320026
2025-08-21 02:44:59.003000+00:00,2025-08-21 02:30:00+00:00,continuous,113961.7,113989.6,113866.6,113936.0,56534742.191000156
2025-08-21 02:59:59.256000+00:00,2025-08-21 02:45:00+00:00,continuous,113936.0,114015.2,113852.6,113997.2,66624979.99510027
2025-08-21 03:14:59.749000+00:00,2025-08-21 03:00:00+00:00,continuous,113997.2,114490.0,113969.8,114313.9,153708957.4893999
2025-08-21 03:29:59.961000+00:00,2025-08-21 03:15:00+00:00,continuous,114314.0,114406.2,114161.6,114180.0,48810033.87180006
2025-08-21 03:44:59.779000+00:00,2025-08-21 03:30:00+00:00,continuous,114179.9,114222.2,114122.9,114138.6,41388416.6373001
2025-08-21 03:59:58.641000+00:00,2025-08-21 03:45:00+00:00,continuous,114138.6,114159.8,113903.0,113912.1,57600400.32750005
2025-08-21 04:14:59.938000+00:00,2025-08-21 04:00:00+00:00,continuous,113912.0,113979.5,113821.7,113870.0,86203570.26150009
2025-08-21 04:29:59.478000+00:00,2025-08-21 04:15:00+00:00,continuous,113870.1,113903.2,113821.4,113876.1,44796751.111699976
2025-08-21 04:44:59.499000+00:00,2025-08-21 04:30:00+00:00,continuous,113876.1,113997.1,113754.0,113820.0,71843337.9926001
2025-08-21 04:59:59.625000+00:00,2025-08-21 04:45:00+00:00,continuous,113819.9,113952.6,113746.0,113757.3,49345364.42929993
2025-08-21 05:14:59.997000+00:00,2025-08-21 05:00:00+00:00,continuous,113757.4,113802.6,113585.5,113641.7,126676752.48390031
2025-08-21 05:29:59.884000+00:00,2025-08-21 05:15:00+00:00,continuous,113641.6,113800.0,113641.6,113693.9,102122712.23560005
2025-08-21 05:44:59.715000+00:00,2025-08-21 05:30:00+00:00,continuous,113694.0,113834.3,113682.4,113830.0,37936889.25760013
2025-08-21 05:59:59.487000+00:00,2025-08-21 05:45:00+00:00,continuous,113829.9,113973.9,113819.2,113934.7,57072427.019300334
2025-08-21 06:14:59.647000+00:00,2025-08-21 06:00:00+00:00,continuous,113934.8,113934.8,113571.1,113600.0,124762439.90210038
2025-08-21 06:29:59.862000+00:00,2025-08-21 06:15:00+00:00,continuous,113600.0,113659.7,113562.2,113563.1,50487188.2385
2025-08-21 06:44:59.634000+00:00,2025-08-21 06:30:00+00:00,continuous,113563.1,113765.6,113563.0,113724.9,59540759.394899875
2025-08-21 06:59:59.899000+00:00,2025-08-21 06:45:00+00:00,continuous,113724.9,113829.8,113681.6,113750.1,54563340.20579998
2025-08-21 07:14:59.834000+00:00,2025-08-21 07:00:00+00:00,continuous,113750.0,113846.1,113593.0,113593.0,66428518.600299835
2025-08-21 07:29:59.899000+00:00,2025-08-21 07:15:00+00:00,continuous,113593.0,113725.6,113520.0,113668.7,86170737.13130015
2025-08-21 07:44:59.503000+00:00,2025-08-21 07:30:00+00:00,continuous,113668.7,113888.0,113606.9,113817.9,72385113.42530082
2025-08-21 07:59:59.769000+00:00,2025-08-21 07:45:00+00:00,continuous,113817.9,113880.5,113793.8,113836.8,38182796.735000126
2025-08-21 08:14:59.877000+00:00,2025-08-21 08:00:00+00:00,continuous,113836.8,113947.4,113762.7,113900.0,50589107.48380017
2025-08-21 08:29:59.468000+00:00,2025-08-21 08:15:00+00:00,continuous,113899.9,113900.0,113620.0,113714.6,62711610.90639975
2025-08-21 08:44:59.795000+00:00,2025-08-21 08:30:00+00:00,continuous,113714.7,113780.3,113654.2,113717.6,30137220.556099977
2025-08-21 08:59:59.681000+00:00,2025-08-21 08:45:00+00:00,continuous,113717.6,113763.1,113535.8,113535.8,65164745.94029994
2025-08-21 09:14:59.404000+00:00,2025-08-21 09:00:00+00:00,continuous,113535.8,113564.5,113368.0,113411.3,209640949.61089996
2025-08-21 09:29:59.913000+00:00,2025-08-21 09:15:00+00:00,continuous,113411.3,113411.4,113259.0,113386.8,147738938.48080057
2025-08-21 09:44:59.998000+00:00,2025-08-21 09:30:00+00:00,continuous,113386.8,113573.0,113375.4,113573.0,66724309.958900005
2025-08-21 09:59:59.959000+00:00,2025-08-21 09:45:00+00:00,continuous,113572.9,113578.8,113332.5,113332.5,58270448.10490013
2025-08-21 10:14:59.963000+00:00,2025-08-21 10:00:00+00:00,continuous,113332.5,113414.2,113180.0,113335.8,108173960.84180024
2025-08-21 10:29:59.281000+00:00,2025-08-21 10:15:00+00:00,continuous,113335.8,113433.3,113216.7,113403.3,89127527.50290024
2025-08-21 10:44:59.508000+00:00,2025-08-21 10:30:00+00:00,continuous,113403.3,113426.7,113300.0,113380.1,38361206.71959999
2025-08-21 10:59:59.755000+00:00,2025-08-21 10:45:00+00:00,continuous,113380.0,113400.0,113249.7,113296.7,65707077.18730005
2025-08-21 11:14:59.754000+00:00,2025-08-21 11:00:00+00:00,continuous,113296.6,113491.6,113290.3,113458.4,57797076.36300035
2025-08-21 11:29:59.722000+00:00,2025-08-21 11:15:00+00:00,continuous,113458.3,113478.9,113386.3,113436.6,38007321.586200014
2025-08-21 11:44:59.785000+00:00,2025-08-21 11:30:00+00:00,continuous,113436.5,113508.8,113222.0,113327.2,84904084.24289986
2025-08-21 11:59:59.620000+00:00,2025-08-21 11:45:00+00:00,continuous,113327.2,113327.2,112924.6,113100.2,280916056.2871972
2025-08-21 12:14:59.949000+00:00,2025-08-21 12:00:00+00:00,continuous,113100.0,113172.6,113009.2,113122.8,92540427.88979949
2025-08-21 12:29:59.263000+00:00,2025-08-21 12:15:00+00:00,continuous,113122.8,113320.3,112963.7,113189.5,122878870.863
2025-08-21 12:44:59.993000+00:00,2025-08-21 12:30:00+00:00,continuous,113189.4,113370.0,113103.4,113110.4,90659211.27180026
2025-08-21 12:59:59.824000+00:00,2025-08-21 12:45:00+00:00,continuous,113110.3,113110.4,112902.5,113055.9,171442770.8717998
2025-08-21 13:14:59.502000+00:00,2025-08-21 13:00:00+00:00,continuous,113055.8,113220.0,113002.4,113132.9,68057467.42230017
2025-08-21 13:29:59.950000+00:00,2025-08-21 13:15:00+00:00,continuous,113132.9,113313.6,113070.8,113275.8,84166579.83249976
2025-08-21 13:44:59.802000+00:00,2025-08-21 13:30:00+00:00,continuous,113275.7,113549.6,113083.2,113489.0,231839568.74599975
2025-08-21 13:59:59.813000+00:00,2025-08-21 13:45:00+00:00,continuous,113489.0,113672.6,113085.9,113450.0,387986926.93669593
2025-08-21 14:14:59.924000+00:00,2025-08-21 14:00:00+00:00,continuous,113450.0,113830.0,113300.0,113780.8,258957846.51149866
2025-08-21 14:29:59.947000+00:00,2025-08-21 14:15:00+00:00,continuous,113780.8,113936.0,113540.6,113674.2,160695475.16570032
2025-08-21 14:44:59.932000+00:00,2025-08-21 14:30:00+00:00,continuous,113674.3,113685.0,112848.1,113149.6,385880166.2496985
2025-08-21 14:59:59.736000+00:00,2025-08-21 14:45:00+00:00,continuous,113149.5,113354.1,112977.9,113232.0,139454198.7257998
2025-08-21 15:14:59.966000+00:00,2025-08-21 15:00:00+00:00,continuous,113231.9,113346.0,112655.0,112655.0,289106735.42690057
2025-08-21 15:29:59.258000+00:00,2025-08-21 15:15:00+00:00,continuous,112655.1,113140.2,112545.4,112978.0,373560471.7557001
2025-08-21 15:44:59.271000+00:00,2025-08-21 15:30:00+00:00,continuous,112977.7,113106.0,112828.8,112977.1,115566902.87260015
2025-08-21 15:59:59.806000+00:00,2025-08-21 15:45:00+00:00,continuous,112977.1,112977.2,112706.1,112748.9,119980525.99820001
2025-08-21 16:14:59.995000+00:00,2025-08-21 16:00:00+00:00,continuous,112748.8,112888.0,112600.0,112802.7,151811453.0469002
2025-08-21 16:29:59.857000+00:00,2025-08-21 16:15:00+00:00,continuous,112802.8,112940.6,112576.5,112708.9,107333833.71190068
2025-08-21 16:44:59.766000+00:00,2025-08-21 16:30:00+00:00,continuous,112709.0,112846.0,112535.0,112580.5,121518146.26240052
2025-08-21 16:59:59.970000+00:00,2025-08-21 16:45:00+00:00,continuous,112580.6,112626.0,112271.1,112350.8,268895937.4898982
2025-08-21 17:14:59.959000+00:00,2025-08-21 17:00:00+00:00,continuous,112350.8,112420.3,112158.8,112198.2,294762400.4225995
2025-08-21 17:29:59.904000+00:00,2025-08-21 17:15:00+00:00,continuous,112198.1,112390.0,112174.3,112211.7,175387889.73140112
2025-08-21 17:44:59.987000+00:00,2025-08-21 17:30:00+00:00,continuous,112211.7,112563.1,112157.2,112405.2,149299257.35150015
2025-08-21 17:59:59.497000+00:00,2025-08-21 17:45:00+00:00,continuous,112405.2,112522.5,112269.7,112375.9,65424498.29339976
2025-08-21 18:14:59.327000+00:00,2025-08-21 18:00:00+00:00,continuous,112376.0,112426.2,112206.1,112320.0,107878806.29130009
2025-08-21 18:29:59.799000+00:00,2025-08-21 18:15:00+00:00,continuous,112320.1,112576.9,112260.0,112458.2,85825034.83010006
2025-08-21 18:44:59.772000+00:00,2025-08-21 18:30:00+00:00,continuous,112458.1,112466.0,112297.0,112307.9,53478423.52070004
2025-08-21 18:59:59.944000+00:00,2025-08-21 18:45:00+00:00,continuous,112308.0,112624.2,112159.6,112553.2,160281188.69400024
2025-08-21 19:14:59.610000+00:00,2025-08-21 19:00:00+00:00,continuous,112553.2,112688.3,112495.3,112518.6,98028598.64730002
2025-08-21 19:29:59.577000+00:00,2025-08-21 19:15:00+00:00,continuous,112518.6,112579.6,112101.0,112210.1,159903114.8476009
2025-08-21 19:44:59.272000+00:00,2025-08-21 19:30:00+00:00,continuous,112210.0,112240.0,111944.0,112054.1,272536161.82820094
2025-08-21 19:59:59.931000+00:00,2025-08-21 19:45:00+00:00,continuous,112054.1,112160.8,111967.8,112152.8,88562026.13780004
2025-08-21 20:14:59.782000+00:00,2025-08-21 20:00:00+00:00,continuous,112152.7,112298.0,112107.2,112275.8,89327067.80420007
2025-08-21 20:29:59.975000+00:00,2025-08-21 20:15:00+00:00,continuous,112275.8,112423.0,112241.0,112403.6,101186561.04140112
2025-08-21 20:44:59.950000+00:00,2025-08-21 20:30:00+00:00,continuous,112403.6,112403.6,112010.0,112313.8,136284156.4804997
2025-08-21 20:59:59.549000+00:00,2025-08-21 20:45:00+00:00,continuous,112313.8,112833.3,112287.4,112400.0,195022001.03659943
2025-08-21 21:14:59.644000+00:00,2025-08-21 21:00:00+00:00,continuous,112400.1,112541.4,112050.0,112470.8,170801801.4905
2025-08-21 21:29:58.971000+00:00,2025-08-21 21:15:00+00:00,continuous,112470.9,112596.4,112255.0,112503.2,144960673.76760024
2025-08-21 21:44:59.458000+00:00,2025-08-21 21:30:00+00:00,continuous,112503.2,112700.0,112400.0,112434.3,71072139.02130002
2025-08-21 21:59:59.486000+00:00,2025-08-21 21:45:00+00:00,continuous,112434.4,112587.6,112413.5,112581.7,22758236.505899955
2025-08-21 22:14:59.611000+00:00,2025-08-21 22:00:00+00:00,continuous,112581.8,112602.9,112455.0,112578.0,27842766.882099926
2025-08-21 22:29:59.797000+00:00,2025-08-21 22:15:00+00:00,continuous,112577.9,112692.2,112523.5,112576.5,54861598.70910002
2025-08-21 22:44:59.925000+00:00,2025-08-21 22:30:00+00:00,continuous,112576.5,112592.4,112368.0,112384.5,50306702.155100085
2025-08-21 22:59:59.578000+00:00,2025-08-21 22:45:00+00:00,continuous,112384.6,112497.9,112360.0,112453.6,30817486.54280008
2025-08-21 23:14:59.356000+00:00,2025-08-21 23:00:00+00:00,continuous,112453.6,112453.7,112258.5,112274.2,42599210.29500004
2025-08-21 23:29:59.732000+00:00,2025-08-21 23:15:00+00:00,continuous,112274.3,112417.0,112210.3,112417.0,64625552.906099856
2025-08-21 23:44:59.716000+00:00,2025-08-21 23:30:00+00:00,continuous,112416.9,112421.7,112221.7,112221.8,51421021.641900264
2025-08-21 23:59:59.897000+00:00,2025-08-21 23:45:00+00:00,continuous,112221.7,112462.2,112221.7,112462.2,38141225.485600114
2025-08-22 00:14:59.923000+00:00,2025-08-22 00:00:00+00:00,continuous,112462.2,112700.0,112436.4,112641.8,134546668.06440002
2025-08-22 00:29:59.441000+00:00,2025-08-22 00:15:00+00:00,continuous,112641.8,112750.0,112583.3,112602.4,83197007.94359986
2025-08-22 00:44:59.644000+00:00,2025-08-22 00:30:00+00:00,continuous,112602.5,112799.0,112558.6,112651.0,138561524.68589953
2025-08-22 00:59:59.810000+00:00,2025-08-22 00:45:00+00:00,continuous,112651.0,112662.7,112521.4,112590.7,43020139.35219986
2025-08-22 01:14:59.734000+00:00,2025-08-22 01:00:00+00:00,continuous,112590.7,112637.3,112273.2,112343.0,92094428.00399987
2025-08-22 01:29:59.918000+00:00,2025-08-22 01:15:00+00:00,continuous,112343.0,112732.4,112343.0,112726.9,72604515.42560016
2025-08-22 01:44:59.677000+00:00,2025-08-22 01:30:00+00:00,continuous,112727.0,112880.4,112660.0,112864.1,83809912.15890005
2025-08-22 01:59:59.112000+00:00,2025-08-22 01:45:00+00:00,continuous,112864.2,112864.2,112725.9,112791.1,51182288.295000054
2025-08-22 02:14:59.754000+00:00,2025-08-22 02:00:00+00:00,continuous,112791.1,113152.9,112734.4,113148.6,220084758.2534986
2025-08-22 02:29:59.936000+00:00,2025-08-22 02:15:00+00:00,continuous,113148.6,113485.9,112975.7,113455.1,286418982.7813993
2025-08-22 02:44:59.889000+00:00,2025-08-22 02:30:00+00:00,continuous,113455.1,113463.8,113213.4,113259.9,145005255.35110006
2025-08-22 02:59:59.603000+00:00,2025-08-22 02:45:00+00:00,continuous,113259.9,113380.0,113085.8,113111.9,94425077.13920002
2025-08-22 03:14:59.939000+00:00,2025-08-22 03:00:00+00:00,continuous,113111.8,113398.8,113065.0,113306.7,91536964.4836005
2025-08-22 03:29:59.774000+00:00,2025-08-22 03:15:00+00:00,continuous,113306.7,113306.8,113137.8,113158.8,56008327.31739995
2025-08-22 03:44:59.803000+00:00,2025-08-22 03:30:00+00:00,continuous,113158.9,113264.6,113042.1,113065.9,58095167.30279986
2025-08-22 03:59:59.647000+00:00,2025-08-22 03:45:00+00:00,continuous,113066.0,113075.7,112833.4,112889.9,136211576.7977999
2025-08-22 04:14:59.598000+00:00,2025-08-22 04:00:00+00:00,continuous,112890.0,113115.7,112885.3,113059.2,100108030.85700047
2025-08-22 04:29:59.384000+00:00,2025-08-22 04:15:00+00:00,continuous,113059.2,113219.0,112989.4,113005.7,61288160.48869974
2025-08-22 04:44:59.855000+00:00,2025-08-22 04:30:00+00:00,continuous,113005.7,113173.3,112950.0,113044.6,42525892.02969988
2025-08-22 04:59:59.761000+00:00,2025-08-22 04:45:00+00:00,continuous,113044.6,113044.6,112655.5,112805.2,159093031.0689002
2025-08-22 05:14:59.899000+00:00,2025-08-22 05:00:00+00:00,continuous,112805.1,113000.0,112800.0,112990.1,129438385.3123001
2025-08-22 05:29:59.739000+00:00,2025-08-22 05:15:00+00:00,continuous,112990.0,113035.0,112825.6,112918.2,71661461.63500042
2025-08-22 05:44:59.754000+00:00,2025-08-22 05:30:00+00:00,continuous,112918.1,113170.0,112918.1,113094.2,86480939.63119951
2025-08-22 05:59:59.974000+00:00,2025-08-22 05:45:00+00:00,continuous,113094.2,113244.0,113089.5,113197.1,82766852.97399993
2025-08-22 06:14:59.808000+00:00,2025-08-22 06:00:00+00:00,continuous,113197.2,113276.7,113000.4,113255.1,82544144.3941004
2025-08-22 06:29:59.670000+00:00,2025-08-22 06:15:00+00:00,continuous,113255.0,113350.2,113130.6,113185.7,119233748.48719993
2025-08-22 06:44:59.626000+00:00,2025-08-22 06:30:00+00:00,continuous,113185.7,113240.3,112787.1,112871.0,173244775.60319903
2025-08-22 06:59:59.380000+00:00,2025-08-22 06:45:00+00:00,continuous,112871.0,113034.5,112807.5,112946.8,62332760.674200326
2025-08-22 07:14:59.585000+00:00,2025-08-22 07:00:00+00:00,continuous,112946.9,113155.9,112906.6,113087.8,63970487.76839995
2025-08-22 07:29:59.908000+00:00,2025-08-22 07:15:00+00:00,continuous,113087.8,113205.7,112900.0,113114.1,84915729.00249948
2025-08-22 07:44:59.754000+00:00,2025-08-22 07:30:00+00:00,continuous,113114.1,113173.3,113050.0,113165.1,65905566.05820001
2025-08-22 07:59:59.856000+00:00,2025-08-22 07:45:00+00:00,continuous,113165.0,113165.0,113029.5,113040.1,66548415.321800046
2025-08-22 08:14:59.698000+00:00,2025-08-22 08:00:00+00:00,continuous,113040.0,113221.0,113000.0,113221.0,67210980.09900025
2025-08-22 08:29:59.790000+00:00,2025-08-22 08:15:00+00:00,continuous,113220.9,113273.9,113048.8,113208.7,102963253.1154
2025-08-22 08:44:59.955000+00:00,2025-08-22 08:30:00+00:00,continuous,113208.7,113225.1,112945.4,113049.3,64522957.39760018
2025-08-22 08:59:59.471000+00:00,2025-08-22 08:45:00+00:00,continuous,113046.7,113046.7,112900.0,112936.5,54431329.24079949
2025-08-22 09:14:59.967000+00:00,2025-08-22 09:00:00+00:00,continuous,112936.5,112972.2,112800.9,112834.6,111957310.28710015
2025-08-22 09:29:59.712000+00:00,2025-08-22 09:15:00+00:00,continuous,112834.5,112936.0,112815.0,112923.2,67034389.36479981
2025-08-22 09:44:59.987000+00:00,2025-08-22 09:30:00+00:00,continuous,112923.1,112996.6,112757.0,112843.1,69879469.06790002
2025-08-22 09:59:59.848000+00:00,2025-08-22 09:45:00+00:00,continuous,112843.0,113093.0,112842.1,113009.9,61551703.02209943
2025-08-22 10:14:59.934000+00:00,2025-08-22 10:00:00+00:00,continuous,113010.0,113025.3,112721.0,112721.0,71353898.33339997
2025-08-22 10:29:59.368000+00:00,2025-08-22 10:15:00+00:00,continuous,112721.1,112728.2,112586.5,112682.4,114851937.30200022
2025-08-22 10:44:59.884000+00:00,2025-08-22 10:30:00+00:00,continuous,112682.4,112682.4,112511.6,112533.3,91171067.38539983
2025-08-22 10:59:59.842000+00:00,2025-08-22 10:45:00+00:00,continuous,112533.4,112598.0,112473.4,112488.9,83925144.50929965
2025-08-22 11:14:59.755000+00:00,2025-08-22 11:00:00+00:00,continuous,112489.0,112587.9,112237.4,112265.2,153816562.74519956
2025-08-22 11:29:59.720000+00:00,2025-08-22 11:15:00+00:00,continuous,112265.2,112350.0,112213.4,112244.7,107351846.7721999
2025-08-22 11:44:59.941000+00:00,2025-08-22 11:30:00+00:00,continuous,112244.7,112300.0,112130.3,112197.0,129127549.33150013
2025-08-22 11:59:59.980000+00:00,2025-08-22 11:45:00+00:00,continuous,112197.3,112347.0,112192.4,112272.8,121984771.93430051
2025-08-22 12:14:59.991000+00:00,2025-08-22 12:00:00+00:00,continuous,112272.9,112319.2,111929.5,112031.2,330376836.0900001
2025-08-22 12:29:59.441000+00:00,2025-08-22 12:15:00+00:00,continuous,112031.1,112153.8,111944.0,111992.0,145100107.0201997
2025-08-22 12:44:59.897000+00:00,2025-08-22 12:30:00+00:00,continuous,111992.0,112250.0,111625.9,112242.4,773940674.4418982
2025-08-22 12:59:59.943000+00:00,2025-08-22 12:45:00+00:00,continuous,112242.3,112760.4,112180.7,112299.9,635005819.5108016
2025-08-22 13:14:59.826000+00:00,2025-08-22 13:00:00+00:00,continuous,112300.0,112500.1,112124.3,112156.2,175831879.46560088
2025-08-22 13:29:59.875000+00:00,2025-08-22 13:15:00+00:00,continuous,112156.2,112307.6,112010.1,112242.2,132021111.00770082
2025-08-22 13:44:59.901000+00:00,2025-08-22 13:30:00+00:00,continuous,112242.3,112615.9,111888.0,112440.8,432331724.3750029
2025-08-22 13:59:59.832000+00:00,2025-08-22 13:45:00+00:00,continuous,112440.9,112631.6,112292.1,112434.1,363125807.59830606
2025-08-22 14:14:59.964000+00:00,2025-08-22 14:00:00+00:00,continuous,112434.0,115149.7,112413.5,115127.9,3304239090.7554116
2025-08-22 14:29:59.982000+00:00,2025-08-22 14:15:00+00:00,continuous,115128.0,115688.0,114548.8,115136.0,1825532762.2338283
2025-08-22 14:44:59.966000+00:00,2025-08-22 14:30:00+00:00,continuous,115136.0,116099.9,115135.9,115715.0,1259101227.4690826
2025-08-22 14:59:59.891000+00:00,2025-08-22 14:45:00+00:00,continuous,115714.8,116066.6,115680.0,115744.5,658409689.3588979
2025-08-22 15:14:59.863000+00:00,2025-08-22 15:00:00+00:00,continuous,115744.5,116673.0,115744.5,116571.4,820337547.5688969
2025-08-22 15:29:59.917000+00:00,2025-08-22 15:15:00+00:00,continuous,116571.3,116929.5,116539.8,116673.3,567193322.556103
2025-08-22 15:44:59.905000+00:00,2025-08-22 15:30:00+00:00,continuous,116673.3,116923.6,116624.0,116899.7,326305084.11460114
2025-08-22 15:59:59.959000+00:00,2025-08-22 15:45:00+00:00,continuous,116899.6,117266.9,116318.1,116319.3,877495561.4787993
2025-08-22 16:14:59.885000+00:00,2025-08-22 16:00:00+00:00,continuous,116319.4,116732.6,116319.3,116538.1,642138940.7351997
2025-08-22 16:29:59.976000+00:00,2025-08-22 16:15:00+00:00,continuous,116538.0,116538.1,116094.9,116374.1,513467321.44740057
2025-08-22 16:44:59.998000+00:00,2025-08-22 16:30:00+00:00,continuous,116374.0,116500.0,116341.5,116413.4,158479990.88040003
2025-08-22 16:59:59.826000+00:00,2025-08-22 16:45:00+00:00,continuous,116413.3,116413.3,116046.5,116105.8,255580623.50629914
2025-08-22 17:14:59.779000+00:00,2025-08-22 17:00:00+00:00,continuous,116105.7,116704.2,116105.7,116704.2,376321805.80639964
2025-08-22 17:29:59.943000+00:00,2025-08-22 17:15:00+00:00,continuous,116704.2,116976.3,116689.3,116890.1,353986293.40899926
2025-08-22 17:44:59.536000+00:00,2025-08-22 17:30:00+00:00,continuous,116890.1,116890.2,116490.0,116720.6,307309220.3502982
2025-08-22 17:59:59.916000+00:00,2025-08-22 17:45:00+00:00,continuous,116720.6,116985.0,116623.0,116972.9,138034515.7915006
2025-08-22 18:14:59.948000+00:00,2025-08-22 18:00:00+00:00,continuous,116972.8,117397.4,116972.8,117356.0,444103622.8560983
2025-08-22 18:29:59.701000+00:00,2025-08-22 18:15:00+00:00,continuous,117355.9,117378.1,116769.2,116844.3,332592095.9301992
2025-08-22 18:44:59.977000+00:00,2025-08-22 18:30:00+00:00,continuous,116844.3,117109.4,116834.3,116867.7,101114496.81719989
2025-08-22 18:59:59.891000+00:00,2025-08-22 18:45:00+00:00,continuous,116867.7,116867.7,116690.5,116758.1,73023332.43200025
2025-08-22 19:14:59.877000+00:00,2025-08-22 19:00:00+00:00,continuous,116758.1,116875.6,116695.2,116846.0,72274387.51109993
2025-08-22 19:29:59.614000+00:00,2025-08-22 19:15:00+00:00,continuous,116846.1,116866.2,116690.4,116690.4,73459535.15200002
2025-08-22 19:44:59.872000+00:00,2025-08-22 19:30:00+00:00,continuous,116690.5,116746.7,116580.6,116647.9,157283343.89390075
2025-08-22 19:59:59.821000+00:00,2025-08-22 19:45:00+00:00,continuous,116648.0,116700.0,116470.9,116625.5,147716677.25949982
2025-08-22 20:14:59.899000+00:00,2025-08-22 20:00:00+00:00,continuous,116625.4,116834.5,116533.4,116817.0,80985172.20680001
2025-08-22 20:29:59.869000+00:00,2025-08-22 20:15:00+00:00,continuous,116817.0,117116.7,116811.1,117061.0,144634936.40410024
2025-08-22 20:44:59.943000+00:00,2025-08-22 20:30:00+00:00,continuous,117061.0,117069.4,116838.5,116983.9,116305931.8318003
2025-08-22 20:59:59.940000+00:00,2025-08-22 20:45:00+00:00,continuous,116983.8,117022.0,116827.6,117015.7,76926653.50810021
2025-08-22 21:14:59.899000+00:00,2025-08-22 21:00:00+00:00,continuous,117015.7,117035.5,116821.8,116833.5,118395882.49589986
2025-08-22 21:29:59.894000+00:00,2025-08-22 21:15:00+00:00,continuous,116833.6,116997.8,116778.6,116927.4,74913592.41939962
2025-08-22 21:44:59.641000+00:00,2025-08-22 21:30:00+00:00,continuous,116927.3,116996.7,116852.4,116985.6,65714711.80769979
2025-08-22 21:59:59.753000+00:00,2025-08-22 21:45:00+00:00,continuous,116985.7,117140.6,116923.0,116978.4,87446724.20260012
2025-08-22 22:14:59.962000+00:00,2025-08-22 22:00:00+00:00,continuous,116978.4,117000.0,116692.5,116729.9,147536935.73110083
2025-08-22 22:29:59.511000+00:00,2025-08-22 22:15:00+00:00,continuous,116730.0,116796.5,116512.2,116585.6,131376090.06160043
2025-08-22 22:44:59.561000+00:00,2025-08-22 22:30:00+00:00,continuous,116585.5,116700.0,116510.0,116626.6,105830404.14620034
2025-08-22 22:59:59.882000+00:00,2025-08-22 22:45:00+00:00,continuous,116626.5,116733.7,116626.5,116714.2,56233021.440999605
2025-08-22 23:14:59.901000+00:00,2025-08-22 23:00:00+00:00,continuous,116714.1,116780.2,116633.1,116633.1,38889442.92849986
2025-08-22 23:29:59.996000+00:00,2025-08-22 23:15:00+00:00,continuous,116633.2,116700.0,116633.1,116693.7,31488934.634199947
2025-08-22 23:44:59.879000+00:00,2025-08-22 23:30:00+00:00,continuous,116693.6,116876.1,116693.6,116847.6,75434421.73120008
2025-08-22 23:59:59.539000+00:00,2025-08-22 23:45:00+00:00,continuous,116847.5,116901.0,116794.8,116897.5,46214649.78530012
2025-08-23 00:14:59.966000+00:00,2025-08-23 00:00:00+00:00,continuous,116897.5,116934.9,116679.9,116679.9,105061948.31580032
2025-08-23 00:29:59.715000+00:00,2025-08-23 00:15:00+00:00,continuous,116680.0,116950.0,116680.0,116909.7,69197745.9707998
2025-08-23 00:44:59.897000+00:00,2025-08-23 00:30:00+00:00,continuous,116909.6,116988.0,116790.7,116795.1,61903404.42560018
2025-08-23 00:59:59.961000+00:00,2025-08-23 00:45:00+00:00,continuous,116795.1,116935.6,116795.1,116826.1,53101109.14950038
2025-08-23 01:14:59.987000+00:00,2025-08-23 01:00:00+00:00,continuous,116826.0,116832.9,116726.0,116768.5,41170217.090699755
2025-08-23 01:29:59.994000+00:00,2025-08-23 01:15:00+00:00,continuous,116768.4,116768.4,116530.0,116530.0,108158034.23940031
2025-08-23 01:44:59.986000+00:00,2025-08-23 01:30:00+00:00,continuous,116529.7,116619.6,116239.8,116260.9,233922746.99360022
2025-08-23 01:59:59.723000+00:00,2025-08-23 01:45:00+00:00,continuous,116260.8,116458.4,116260.8,116400.0,84495329.44610053
2025-08-23 02:14:59.948000+00:00,2025-08-23 02:00:00+00:00,continuous,116399.9,116510.7,116120.8,116180.3,178555181.87180036
2025-08-23 02:29:59.613000+00:00,2025-08-23 02:15:00+00:00,continuous,116180.4,116239.1,115830.0,115830.0,262698235.8689007
2025-08-23 02:44:59.894000+00:00,2025-08-23 02:30:00+00:00,continuous,115830.0,115968.6,115434.8,115826.0,507148075.58460057
2025-08-23 02:59:59.918000+00:00,2025-08-23 02:45:00+00:00,continuous,115825.9,116150.5,115727.8,115892.1,226523192.33200026
2025-08-23 03:14:59.609000+00:00,2025-08-23 03:00:00+00:00,continuous,115892.0,116002.5,115666.0,115960.4,123578846.02850036
2025-08-23 03:29:59.709000+00:00,2025-08-23 03:15:00+00:00,continuous,115960.4,115960.5,115579.8,115680.1,245203749.34330004
2025-08-23 03:44:59.685000+00:00,2025-08-23 03:30:00+00:00,continuous,115680.1,115694.7,115431.8,115431.9,124886233.02339989
2025-08-23 03:59:59.608000+00:00,2025-08-23 03:45:00+00:00,continuous,115431.9,115607.9,115414.3,115522.5,108174327.68819933
2025-08-23 04:14:59.595000+00:00,2025-08-23 04:00:00+00:00,continuous,115522.6,115749.2,115504.6,115727.9,105606716.99960005
2025-08-23 04:29:59.882000+00:00,2025-08-23 04:15:00+00:00,continuous,115727.8,115739.9,115618.1,115689.2,50129060.3786996
2025-08-23 04:44:59.767000+00:00,2025-08-23 04:30:00+00:00,continuous,115689.3,115950.1,115677.5,115847.8,183403055.05839977
2025-08-23 04:59:59.863000+00:00,2025-08-23 04:45:00+00:00,continuous,115847.8,115895.8,115737.8,115890.8,58089857.62549951
2025-08-23 05:14:59.949000+00:00,2025-08-23 05:00:00+00:00,continuous,115890.8,115935.4,115766.3,115826.1,85598571.46490017
2025-08-23 05:29:59.933000+00:00,2025-08-23 05:15:00+00:00,continuous,115826.0,115970.3,115820.5,115919.9,78438084.57939988
2025-08-23 05:44:59.978000+00:00,2025-08-23 05:30:00+00:00,continuous,115920.0,115997.0,115897.5,115940.6,82464532.24969989
2025-08-23 05:59:59.764000+00:00,2025-08-23 05:45:00+00:00,continuous,115940.6,116015.3,115871.0,115920.0,64968736.68450013
2025-08-23 06:14:59.832000+00:00,2025-08-23 06:00:00+00:00,continuous,115919.9,115989.3,115802.3,115802.4,75339115.82550004
2025-08-23 06:29:59.318000+00:00,2025-08-23 06:15:00+00:00,continuous,115802.4,115833.1,115718.3,115733.1,93300034.22980039
2025-08-23 06:44:59.548000+00:00,2025-08-23 06:30:00+00:00,continuous,115733.2,115824.0,115722.5,115729.2,35853951.04730036
2025-08-23 06:59:59.612000+00:00,2025-08-23 06:45:00+00:00,continuous,115729.3,115803.4,115655.7,115750.1,72204796.80600005
2025-08-23 07:14:59.978000+00:00,2025-08-23 07:00:00+00:00,continuous,115750.2,115858.3,115641.0,115830.6,69336970.74100052
2025-08-23 07:29:59.786000+00:00,2025-08-23 07:15:00+00:00,continuous,115830.5,115868.0,115692.0,115692.0,47807708.258700304
2025-08-23 07:44:59.545000+00:00,2025-08-23 07:30:00+00:00,continuous,115692.1,115888.2,115634.1,115856.0,68435260.63659965
2025-08-23 07:59:58.483000+00:00,2025-08-23 07:45:00+00:00,continuous,115856.0,115856.0,115727.8,115769.9,57123996.06590025
2025-08-23 08:14:59.833000+00:00,2025-08-23 08:00:00+00:00,continuous,115770.0,115840.4,115770.0,115791.3,43235591.7539999
2025-08-23 08:29:59.344000+00:00,2025-08-23 08:15:00+00:00,continuous,115791.2,115828.1,115601.1,115621.9,65218253.49519998
2025-08-23 08:44:59.743000+00:00,2025-08-23 08:30:00+00:00,continuous,115621.9,115798.3,115575.0,115791.2,82927676.72130081
2025-08-23 08:59:59.914000+00:00,2025-08-23 08:45:00+00:00,continuous,115791.1,115820.1,115709.9,115713.7,43311963.30319995
2025-08-23 09:14:59.589000+00:00,2025-08-23 09:00:00+00:00,continuous,115713.6,115757.5,115605.8,115626.8,66779736.42730011
2025-08-23 09:29:59.937000+00:00,2025-08-23 09:15:00+00:00,continuous,115626.7,115626.7,115570.0,115580.1,70218071.41359927
2025-08-23 09:44:59.632000+00:00,2025-08-23 09:30:00+00:00,continuous,115580.0,115659.6,115580.0,115657.0,57896119.7409998
2025-08-23 09:59:59.687000+00:00,2025-08-23 09:45:00+00:00,continuous,115657.1,115740.5,115600.0,115740.5,53143722.31809983
2025-08-23 10:14:59.471000+00:00,2025-08-23 10:00:00+00:00,continuous,115740.5,115750.2,115600.1,115612.9,108307986.17040013
2025-08-23 10:29:59.666000+00:00,2025-08-23 10:15:00+00:00,continuous,115612.8,115612.8,115560.0,115560.1,76430329.87510003
2025-08-23 10:44:59.949000+00:00,2025-08-23 10:30:00+00:00,continuous,115560.0,115590.7,115552.6,115571.5,29496575.320099924
2025-08-23 10:59:59.936000+00:00,2025-08-23 10:45:00+00:00,continuous,115571.5,115571.5,115540.1,115540.1,27276464.78520017
2025-08-23 11:14:59.862000+00:00,2025-08-23 11:00:00+00:00,continuous,115540.2,115559.4,115467.0,115529.2,80131418.25800097
2025-08-23 11:29:59.680000+00:00,2025-08-23 11:15:00+00:00,continuous,115529.1,115588.0,115471.8,115471.9,35827312.55429996
2025-08-23 11:44:59.687000+00:00,2025-08-23 11:30:00+00:00,continuous,115471.9,115535.3,115398.1,115398.2,80619181.7807
2025-08-23 11:59:59.960000+00:00,2025-08-23 11:45:00+00:00,continuous,115398.1,115446.6,115180.0,115266.7,207090451.37109992
2025-08-23 12:14:59.907000+00:00,2025-08-23 12:00:00+00:00,continuous,115266.8,115422.2,115157.6,115373.4,139932154.52449998
2025-08-23 12:29:59.689000+00:00,2025-08-23 12:15:00+00:00,continuous,115373.4,115450.0,115291.0,115311.6,69874517.58209983
2025-08-23 12:44:59.656000+00:00,2025-08-23 12:30:00+00:00,continuous,115311.6,115440.0,115284.0,115356.1,139663214.99149996
2025-08-23 12:59:59.987000+00:00,2025-08-23 12:45:00+00:00,continuous,115356.0,115392.7,115138.5,115175.8,82987989.68669933
2025-08-23 13:14:59.854000+00:00,2025-08-23 13:00:00+00:00,continuous,115175.8,115175.9,115109.1,115142.9,107045240.11170013
2025-08-23 13:29:59.928000+00:00,2025-08-23 13:15:00+00:00,continuous,115142.9,115145.9,114949.0,114983.2,181384586.42540056
2025-08-23 13:44:59.915000+00:00,2025-08-23 13:30:00+00:00,continuous,114983.2,114988.3,114691.3,114902.5,583167036.8744037
2025-08-23 13:59:59.642000+00:00,2025-08-23 13:45:00+00:00,continuous,114902.5,115072.5,114777.0,114817.2,187895818.53989995
2025-08-23 14:14:59.941000+00:00,2025-08-23 14:00:00+00:00,continuous,114817.3,114900.0,114759.5,114880.0,110064954.89900072
2025-08-23 14:29:59.955000+00:00,2025-08-23 14:15:00+00:00,continuous,114880.1,115026.2,114811.1,114987.4,175161666.34909946
2025-08-23 14:44:59.958000+00:00,2025-08-23 14:30:00+00:00,continuous,114987.3,115042.3,114654.0,114680.3,217344714.6449996
2025-08-23 14:59:59.779000+00:00,2025-08-23 14:45:00+00:00,continuous,114680.4,114781.4,114557.5,114578.0,172241610.74069977
2025-08-23 15:14:59.902000+00:00,2025-08-23 15:00:00+00:00,continuous,114578.1,114696.9,114510.0,114675.4,169806691.1881996
2025-08-23 15:29:59.996000+00:00,2025-08-23 15:15:00+00:00,continuous,114675.4,114867.3,114675.3,114848.9,130639323.74060024
2025-08-23 15:44:59.918000+00:00,2025-08-23 15:30:00+00:00,continuous,114848.8,114905.9,114779.2,114842.5,69504178.53710005
2025-08-23 15:59:59.877000+00:00,2025-08-23 15:45:00+00:00,continuous,114842.4,114887.2,114771.2,114776.5,71661772.7678
2025-08-23 16:14:59.292000+00:00,2025-08-23 16:00:00+00:00,continuous,114776.4,114798.9,114648.7,114687.9,85403063.69230025
2025-08-23 16:29:59.857000+00:00,2025-08-23 16:15:00+00:00,continuous,114687.8,114938.6,114687.8,114836.0,122775211.649
2025-08-23 16:44:59.635000+00:00,2025-08-23 16:30:00+00:00,continuous,114835.9,114850.0,114732.8,114760.5,43466450.64729998
2025-08-23 16:59:59.589000+00:00,2025-08-23 16:45:00+00:00,continuous,114760.5,115065.1,114760.5,114967.8,126396670.79260015
2025-08-23 17:14:59.685000+00:00,2025-08-23 17:00:00+00:00,continuous,114967.9,115085.0,114954.2,115085.0,69599721.47939993
2025-08-23 17:29:59.563000+00:00,2025-08-23 17:15:00+00:00,continuous,115084.9,115085.0,114906.0,114958.3,70361794.22169974
2025-08-23 17:44:59.488000+00:00,2025-08-23 17:30:00+00:00,continuous,114958.3,115136.0,114950.3,115049.7,78088731.75419974
2025-08-23 17:59:59.314000+00:00,2025-08-23 17:45:00+00:00,continuous,115049.7,115082.6,115030.4,115049.9,22885842.78160007
2025-08-23 18:14:59.332000+00:00,2025-08-23 18:00:00+00:00,continuous,115050.0,115149.2,115050.0,115114.7,62721589.80039985
2025-08-23 18:29:59.727000+00:00,2025-08-23 18:15:00+00:00,continuous,115114.7,115160.6,115014.9,115040.1,51525891.711700164
2025-08-23 18:44:59.976000+00:00,2025-08-23 18:30:00+00:00,continuous,115040.0,115124.2,115004.0,115121.9,24493486.96559998
2025-08-23 18:59:59.002000+00:00,2025-08-23 18:45:00+00:00,continuous,115122.0,115166.5,115089.7,115111.5,30312217.161200047
2025-08-23 19:14:59.368000+00:00,2025-08-23 19:00:00+00:00,continuous,115111.4,115140.9,115054.2,115054.2,27511578.309399974
2025-08-23 19:29:58.884000+00:00,2025-08-23 19:15:00+00:00,continuous,115054.3,115105.7,115005.2,115047.1,63816622.135900244
2025-08-23 19:44:59.505000+00:00,2025-08-23 19:30:00+00:00,continuous,115047.0,115064.4,115030.1,115043.5,16730365.147500085
2025-08-23 19:59:59.839000+00:00,2025-08-23 19:45:00+00:00,continuous,115043.6,115125.1,115043.5,115104.9,18884494.78749996
2025-08-23 20:14:58.352000+00:00,2025-08-23 20:00:00+00:00,continuous,115104.9,115137.8,115070.7,115100.6,29093521.545499936
2025-08-23 20:29:59.862000+00:00,2025-08-23 20:15:00+00:00,continuous,115100.5,115185.0,115090.8,115185.0,25310710.34780017
2025-08-23 20:44:59.626000+00:00,2025-08-23 20:30:00+00:00,continuous,115184.9,115250.8,115100.7,115112.5,57626719.3276999
2025-08-23 20:59:59.975000+00:00,2025-08-23 20:45:00+00:00,continuous,115112.3,115299.9,115101.6,115281.1,65125817.00660009
2025-08-23 21:14:59.529000+00:00,2025-08-23 21:00:00+00:00,continuous,115281.0,115281.1,115068.8,115068.8,56328744.75300011
2025-08-23 21:29:58.231000+00:00,2025-08-23 21:15:00+00:00,continuous,115068.8,115085.0,115028.2,115028.2,34938572.25090004
2025-08-23 21:44:59.581000+00:00,2025-08-23 21:30:00+00:00,continuous,115028.2,115028.2,114957.7,115019.0,40407815.77810004
2025-08-23 21:59:59.887000+00:00,2025-08-23 21:45:00+00:00,continuous,115019.0,115175.5,114979.2,114979.2,41589229.58509996
2025-08-23 22:14:59.963000+00:00,2025-08-23 22:00:00+00:00,continuous,114979.3,115247.6,114979.2,115207.9,56969068.4754
2025-08-23 22:29:59.172000+00:00,2025-08-23 22:15:00+00:00,continuous,115207.8,115242.3,115197.6,115239.6,21661091.547699913
2025-08-23 22:44:59.549000+00:00,2025-08-23 22:30:00+00:00,continuous,115239.5,115245.0,115203.0,115203.0,14314906.065800058
2025-08-23 22:59:59.669000+00:00,2025-08-23 22:45:00+00:00,continuous,115203.0,115270.0,115197.4,115270.0,27927468.5216
2025-08-23 23:14:59.213000+00:00,2025-08-23 23:00:00+00:00,continuous,115270.0,115279.2,115200.4,115200.4,44344274.664099775
2025-08-23 23:29:58.492000+00:00,2025-08-23 23:15:00+00:00,continuous,115200.5,115265.5,115200.4,115231.3,25230979.53959992
2025-08-23 23:44:59.597000+00:00,2025-08-23 23:30:00+00:00,continuous,115231.3,115250.0,115200.0,115250.0,19406359.107700072
2025-08-23 23:59:59.753000+00:00,2025-08-23 23:45:00+00:00,continuous,115250.0,115380.0,115249.9,115377.1,80821117.15789996
2025-08-24 00:14:59.577000+00:00,2025-08-24 00:00:00+00:00,continuous,115377.1,115377.1,115262.4,115324.4,52022775.81279994
2025-08-24 00:29:59.166000+00:00,2025-08-24 00:15:00+00:00,continuous,115324.3,115379.6,115293.0,115379.6,34045774.25250005
2025-08-24 00:44:59.993000+00:00,2025-08-24 00:30:00+00:00,continuous,115379.6,115520.2,115327.3,115435.0,113050540.24119939
2025-08-24 00:59:59.578000+00:00,2025-08-24 00:45:00+00:00,continuous,115434.6,115434.6,115300.0,115335.0,101678642.17130017
2025-08-24 01:14:59.814000+00:00,2025-08-24 01:00:00+00:00,continuous,115335.0,115383.3,115222.4,115328.9,89034420.35980019
2025-08-24 01:29:59.975000+00:00,2025-08-24 01:15:00+00:00,continuous,115328.9,115356.0,115133.2,115246.4,50211454.45839997
2025-08-24 01:44:59.993000+00:00,2025-08-24 01:30:00+00:00,continuous,115246.4,115457.2,115208.1,115454.2,35671909.3980001
2025-08-24 01:59:59.589000+00:00,2025-08-24 01:45:00+00:00,continuous,115454.1,115548.0,115410.9,115431.7,114360529.77510045
2025-08-24 02:14:59.941000+00:00,2025-08-24 02:00:00+00:00,continuous,115431.7,115640.0,115379.1,115579.2,103667051.91669957
2025-08-24 02:29:59.286000+00:00,2025-08-24 02:15:00+00:00,continuous,115579.1,115580.9,115419.1,115488.9,64433348.42050014
2025-08-24 02:44:59.666000+00:00,2025-08-24 02:30:00+00:00,continuous,115488.9,115518.0,115133.7,115167.6,168696468.365299
2025-08-24 02:59:59.932000+00:00,2025-08-24 02:45:00+00:00,continuous,115167.7,115206.6,114957.2,114969.9,127789021.91169952
2025-08-24 03:14:59.885000+00:00,2025-08-24 03:00:00+00:00,continuous,114970.0,115133.5,114902.0,115036.8,106299946.30259998
2025-08-24 03:29:59.482000+00:00,2025-08-24 03:15:00+00:00,continuous,115036.8,115075.0,114915.7,114926.8,70944588.5301002
2025-08-24 03:44:59.388000+00:00,2025-08-24 03:30:00+00:00,continuous,114926.9,115014.9,114924.6,114945.6,49345160.8726998
2025-08-24 03:59:59.507000+00:00,2025-08-24 03:45:00+00:00,continuous,114945.5,115120.9,114925.5,115006.5,85256930.00620009
2025-08-24 04:14:59.982000+00:00,2025-08-24 04:00:00+00:00,continuous,115006.5,115264.4,115006.5,115184.9,102548182.92600021
2025-08-24 04:29:59.576000+00:00,2025-08-24 04:15:00+00:00,continuous,115184.8,115257.2,115150.0,115201.2,32403560.21839995
2025-08-24 04:44:59.814000+00:00,2025-08-24 04:30:00+00:00,continuous,115201.2,115201.2,115057.8,115095.9,59352501.1759999
2025-08-24 04:59:57.850000+00:00,2025-08-24 04:45:00+00:00,continuous,115095.8,115144.5,115068.6,115140.0,23586922.630600132
2025-08-24 05:14:59.958000+00:00,2025-08-24 05:00:00+00:00,continuous,115140.0,115186.3,115076.7,115108.3,63954781.97149995
2025-08-24 05:29:59.601000+00:00,2025-08-24 05:15:00+00:00,continuous,115108.3,115137.4,115050.0,115050.0,50909528.39350002
2025-08-24 05:44:59.828000+00:00,2025-08-24 05:30:00+00:00,continuous,115050.1,115050.1,114901.9,114937.1,67190376.94369991
2025-08-24 05:59:59.657000+00:00,2025-08-24 05:45:00+00:00,continuous,114937.1,114990.0,114900.7,114970.9,35739119.07140004
2025-08-24 06:14:59.815000+00:00,2025-08-24 06:00:00+00:00,continuous,114970.9,114984.8,114863.5,114911.5,45794398.573100336
2025-08-24 06:29:59.993000+00:00,2025-08-24 06:15:00+00:00,continuous,114911.6,115038.4,114834.0,114985.7,111982840.7440006
2025-08-24 06:44:59.237000+00:00,2025-08-24 06:30:00+00:00,continuous,114985.7,115014.3,114901.3,114982.2,58891265.294099875
2025-08-24 06:59:59.864000+00:00,2025-08-24 06:45:00+00:00,continuous,114982.2,114982.2,114814.2,114835.3,69419779.30859974
2025-08-24 07:14:59.533000+00:00,2025-08-24 07:00:00+00:00,continuous,114835.2,114937.7,114827.5,114925.0,80674024.11950018
2025-08-24 07:29:59.378000+00:00,2025-08-24 07:15:00+00:00,continuous,114925.0,115020.7,114841.4,115020.7,34601523.824999966
2025-08-24 07:44:59.508000+00:00,2025-08-24 07:30:00+00:00,continuous,115020.9,115100.0,114923.0,114961.1,54922551.59500016
2025-08-24 07:59:57.421000+00:00,2025-08-24 07:45:00+00:00,continuous,114961.2,114975.6,114854.8,114854.8,61456986.562499925
2025-08-24 08:14:59.977000+00:00,2025-08-24 08:00:00+00:00,continuous,114854.9,114952.6,114715.5,114858.5,132321621.17949997
2025-08-24 08:29:59.902000+00:00,2025-08-24 08:15:00+00:00,continuous,114858.4,114895.8,114752.0,114804.9,110683807.33399954
2025-08-24 08:44:59.956000+00:00,2025-08-24 08:30:00+00:00,continuous,114804.9,114835.3,114733.7,114742.8,49285656.84839994
2025-08-24 08:59:59.621000+00:00,2025-08-24 08:45:00+00:00,continuous,114742.9,114811.4,114728.1,114811.4,45917217.3874002
2025-08-24 09:14:59.935000+00:00,2025-08-24 09:00:00+00:00,continuous,114811.4,114856.1,114638.9,114652.9,61153296.48979987
2025-08-24 09:29:59.989000+00:00,2025-08-24 09:15:00+00:00,continuous,114652.9,114821.3,114652.9,114803.8,42444546.8333003
2025-08-24 09:44:59.618000+00:00,2025-08-24 09:30:00+00:00,continuous,114803.8,115033.4,114803.7,114990.0,90835850.25619957
2025-08-24 09:59:59.754000+00:00,2025-08-24 09:45:00+00:00,continuous,114990.0,114990.0,114823.3,114823.3,52542748.94059997
2025-08-24 10:14:59.502000+00:00,2025-08-24 10:00:00+00:00,continuous,114823.4,114886.5,114750.0,114802.0,53915649.990800194
2025-08-24 10:29:59.839000+00:00,2025-08-24 10:15:00+00:00,continuous,114802.0,114809.0,114661.3,114711.0,69731256.10980032
2025-08-24 10:44:59.796000+00:00,2025-08-24 10:30:00+00:00,continuous,114711.0,114837.1,114574.1,114837.1,151860086.2243001
2025-08-24 10:59:59.990000+00:00,2025-08-24 10:45:00+00:00,continuous,114837.1,114928.6,114735.5,114755.6,71787644.92309985
2025-08-24 11:14:59.384000+00:00,2025-08-24 11:00:00+00:00,continuous,114755.5,114868.5,114693.7,114743.3,48423004.499199934
2025-08-24 11:29:59.664000+00:00,2025-08-24 11:15:00+00:00,continuous,114743.3,114802.6,114599.9,114619.9,109134199.31130075
2025-08-24 11:44:59.719000+00:00,2025-08-24 11:30:00+00:00,continuous,114619.9,114675.0,114605.0,114627.1,46528088.13880006
2025-08-24 11:59:59.554000+00:00,2025-08-24 11:45:00+00:00,continuous,114627.2,114738.3,114627.1,114702.0,26267931.834800098
2025-08-24 12:14:59.909000+00:00,2025-08-24 12:00:00+00:00,continuous,114701.9,114804.1,114668.3,114760.8,45687195.01679988
2025-08-24 12:29:59.676000+00:00,2025-08-24 12:15:00+00:00,continuous,114760.7,114800.0,114650.0,114660.7,32178397.462399993
2025-08-24 12:44:59.980000+00:00,2025-08-24 12:30:00+00:00,continuous,114660.8,114719.9,114560.5,114623.8,67972719.40530008
2025-08-24 12:59:59.747000+00:00,2025-08-24 12:45:00+00:00,continuous,114623.7,114666.9,114580.0,114647.2,45736770.26699982
2025-08-24 13:14:59.915000+00:00,2025-08-24 13:00:00+00:00,continuous,114647.2,114671.8,114605.7,114637.9,51929682.14259997
2025-08-24 13:29:59.887000+00:00,2025-08-24 13:15:00+00:00,continuous,114637.9,114843.5,114628.9,114628.9,75377083.30480006
2025-08-24 13:44:59.717000+00:00,2025-08-24 13:30:00+00:00,continuous,114629.0,114737.3,114551.4,114610.6,103080966.9907996
2025-08-24 13:59:59.630000+00:00,2025-08-24 13:45:00+00:00,continuous,114610.6,114761.5,114526.2,114534.9,89662136.17019993
2025-08-24 14:14:59.881000+00:00,2025-08-24 14:00:00+00:00,continuous,114535.0,114549.5,114324.9,114377.8,298281346.4200002
2025-08-24 14:29:59.621000+00:00,2025-08-24 14:15:00+00:00,continuous,114377.8,114585.3,114350.5,114431.5,127661592.33419982
2025-08-24 14:44:59.665000+00:00,2025-08-24 14:30:00+00:00,continuous,114431.5,114500.0,114378.3,114412.9,80012782.09530018
2025-08-24 14:59:59.888000+00:00,2025-08-24 14:45:00+00:00,continuous,114413.0,114640.5,114412.9,114489.8,89680177.50279985
2025-08-24 15:14:59.802000+00:00,2025-08-24 15:00:00+00:00,continuous,114489.8,114845.0,114426.4,114667.7,191447812.1561
2025-08-24 15:29:59.990000+00:00,2025-08-24 15:15:00+00:00,continuous,114667.7,114721.8,114540.7,114618.9,134542594.44789943
2025-08-24 15:44:59.811000+00:00,2025-08-24 15:30:00+00:00,continuous,114619.0,114764.3,114558.0,114615.9,112289298.71740015
2025-08-24 15:59:59.684000+00:00,2025-08-24 15:45:00+00:00,continuous,114615.9,114623.2,114370.5,114372.6,81798928.34389989
2025-08-24 16:14:59.886000+00:00,2025-08-24 16:00:00+00:00,continuous,114372.7,114515.6,114334.0,114491.7,138574288.55729935
2025-08-24 16:29:59.847000+00:00,2025-08-24 16:15:00+00:00,continuous,114491.7,114528.9,114350.0,114412.0,72014300.87589979
2025-08-24 16:44:59.974000+00:00,2025-08-24 16:30:00+00:00,continuous,114411.9,114462.7,114369.7,114370.0,62828140.12170026
2025-08-24 16:59:59.738000+00:00,2025-08-24 16:45:00+00:00,continuous,114370.0,114386.2,114222.0,114253.9,144566450.61719945
2025-08-24 17:14:59.981000+00:00,2025-08-24 17:00:00+00:00,continuous,114253.8,114520.7,114216.1,114434.5,123948970.9897004
2025-08-24 17:29:59.898000+00:00,2025-08-24 17:15:00+00:00,continuous,114434.4,114500.0,114260.0,114270.2,63195193.24849979
2025-08-24 17:44:59.971000+00:00,2025-08-24 17:30:00+00:00,continuous,114270.3,114571.1,114256.6,114519.7,132667356.3097997
2025-08-24 17:59:59.898000+00:00,2025-08-24 17:45:00+00:00,continuous,114519.6,114543.2,114288.1,114403.4,117496722.9986001
2025-08-24 18:14:59.814000+00:00,2025-08-24 18:00:00+00:00,continuous,114403.4,114724.8,114283.0,114724.8,148618176.8149003
2025-08-24 18:29:59.831000+00:00,2025-08-24 18:15:00+00:00,continuous,114724.7,114808.5,114588.9,114655.7,168053138.28939983
2025-08-24 18:44:59.644000+00:00,2025-08-24 18:30:00+00:00,continuous,114655.8,114914.8,114615.3,114763.2,171510578.60670114
2025-08-24 18:59:59.671000+00:00,2025-08-24 18:45:00+00:00,continuous,114763.2,114785.0,114521.1,114606.9,130302916.03739998
2025-08-24 19:14:59.799000+00:00,2025-08-24 19:00:00+00:00,continuous,114606.8,114646.0,114533.0,114567.0,88986471.05869956
2025-08-24 19:29:59.970000+00:00,2025-08-24 19:15:00+00:00,continuous,114567.0,114704.1,114476.5,114704.1,98395510.2800008
2025-08-24 19:44:59.944000+00:00,2025-08-24 19:30:00+00:00,continuous,114704.0,114780.7,110484.0,113023.7,3824717893.3822317
2025-08-24 19:59:59.989000+00:00,2025-08-24 19:45:00+00:00,continuous,113023.7,113031.0,111906.4,112556.4,1169743248.0150938
2025-08-24 20:14:59.743000+00:00,2025-08-24 20:00:00+00:00,continuous,112556.4,112556.7,111555.0,112101.8,712716349.5391972
2025-08-24 20:29:59.861000+00:00,2025-08-24 20:15:00+00:00,continuous,112101.8,112921.3,112059.2,112816.5,456292078.5307004
2025-08-24 20:44:59.856000+00:00,2025-08-24 20:30:00+00:00,continuous,112816.4,112968.0,112486.0,112960.1,206136551.16769883
2025-08-24 20:59:59.800000+00:00,2025-08-24 20:45:00+00:00,continuous,112960.1,112960.1,112481.6,112740.0,218837960.44609883
2025-08-24 21:14:59.975000+00:00,2025-08-24 21:00:00+00:00,continuous,112739.9,112810.6,112324.1,112592.0,179639288.9940994
2025-08-24 21:29:59.793000+00:00,2025-08-24 21:15:00+00:00,continuous,112591.9,112876.5,112556.7,112873.4,86885138.68419982
2025-08-24 21:44:59.874000+00:00,2025-08-24 21:30:00+00:00,continuous,112873.4,113373.1,112846.5,112910.1,239739965.8067007
2025-08-24 21:59:59.968000+00:00,2025-08-24 21:45:00+00:00,continuous,112910.1,113161.0,112881.6,112947.2,94310062.68570004
2025-08-24 22:14:59.829000+00:00,2025-08-24 22:00:00+00:00,continuous,112947.2,113100.0,112707.2,112881.6,176574484.38719997
2025-08-24 22:29:59.751000+00:00,2025-08-24 22:15:00+00:00,continuous,112881.7,112881.7,112561.1,112602.7,170045802.90259954
2025-08-24 22:44:59.761000+00:00,2025-08-24 22:30:00+00:00,continuous,112602.8,113341.4,112588.1,113308.7,210984850.50110078
2025-08-24 22:59:59.668000+00:00,2025-08-24 22:45:00+00:00,continuous,113308.8,113456.0,113173.2,113400.6,170844286.24839962
2025-08-24 23:14:59.092000+00:00,2025-08-24 23:00:00+00:00,continuous,113400.6,113543.9,113312.7,113406.0,196335880.1264002
2025-08-24 23:29:59.524000+00:00,2025-08-24 23:15:00+00:00,continuous,113405.9,113600.0,113386.1,113590.9,71356492.35869996
2025-08-24 23:44:59.855000+00:00,2025-08-24 23:30:00+00:00,continuous,113591.0,113646.5,113409.0,113600.0,123442507.82339929
2025-08-24 23:59:59.958000+00:00,2025-08-24 23:45:00+00:00,continuous,113600.0,113615.0,113350.2,113446.3,68197919.71749969
2025-08-25 00:14:59.731000+00:00,2025-08-25 00:00:00+00:00,continuous,113446.2,113472.7,113313.6,113366.4,160646427.3670993
2025-08-25 00:29:59.753000+00:00,2025-08-25 00:15:00+00:00,continuous,113366.4,113438.3,113014.4,113029.3,241159748.39550078
2025-08-25 00:44:59.983000+00:00,2025-08-25 00:30:00+00:00,continuous,113029.3,113047.4,112100.2,112220.6,534886446.8069002
2025-08-25 00:59:59.780000+00:00,2025-08-25 00:45:00+00:00,continuous,112220.6,112615.3,112124.1,112598.8,219944559.26280075
2025-08-25 01:14:59.633000+00:00,2025-08-25 01:00:00+00:00,continuous,112598.8,112855.0,112586.3,112770.1,144960304.46630004
2025-08-25 01:29:59.985000+00:00,2025-08-25 01:15:00+00:00,continuous,112770.2,113096.0,112560.1,112945.4,166819959.25319958
2025-08-25 01:44:59.566000+00:00,2025-08-25 01:30:00+00:00,continuous,112945.5,113011.8,112663.8,112669.1,87619122.68329997
2025-08-25 01:59:59.586000+00:00,2025-08-25 01:45:00+00:00,continuous,112669.2,113054.7,112669.2,113028.9,64816772.86450033
2025-08-25 02:14:59.680000+00:00,2025-08-25 02:00:00+00:00,continuous,113028.9,113350.0,113023.3,113330.0,128500573.53539978
2025-08-25 02:29:59.680000+00:00,2025-08-25 02:15:00+00:00,continuous,113329.9,113588.8,113260.8,113379.9,182085301.28069964
2025-08-25 02:44:59.931000+00:00,2025-08-25 02:30:00+00:00,continuous,113379.9,113485.5,113250.0,113275.0,88527178.82879975
2025-08-25 02:59:59.887000+00:00,2025-08-25 02:45:00+00:00,continuous,113275.0,113453.7,113260.0,113366.4,62298079.97190015
2025-08-25 03:14:59.920000+00:00,2025-08-25 03:00:00+00:00,continuous,113366.3,113621.3,113287.3,113365.9,96322428.95380062
2025-08-25 03:29:59.310000+00:00,2025-08-25 03:15:00+00:00,continuous,113366.0,113522.7,113275.1,113329.0,62913815.05310024
2025-08-25 03:44:59.864000+00:00,2025-08-25 03:30:00+00:00,continuous,113329.1,113431.9,113240.3,113300.9,82025197.18920006
2025-08-25 03:59:59.771000+00:00,2025-08-25 03:45:00+00:00,continuous,113301.0,113346.3,112793.5,112867.7,203250639.06180057
2025-08-25 04:14:59.993000+00:00,2025-08-25 04:00:00+00:00,continuous,112867.8,113022.9,112800.0,112800.0,167850665.29030073
2025-08-25 04:29:59.956000+00:00,2025-08-25 04:15:00+00:00,continuous,112800.0,112877.6,112624.8,112675.2,141766054.58069977
2025-08-25 04:44:59.632000+00:00,2025-08-25 04:30:00+00:00,continuous,112675.2,112771.5,112566.0,112740.0,114690475.18789965
2025-08-25 04:59:59.697000+00:00,2025-08-25 04:45:00+00:00,continuous,112740.1,112807.7,112601.0,112727.6,94470609.00799972
2025-08-25 05:14:59.838000+00:00,2025-08-25 05:00:00+00:00,continuous,112727.6,112827.1,112487.7,112514.7,123491063.48430005
2025-08-25 05:29:59.248000+00:00,2025-08-25 05:15:00+00:00,continuous,112514.7,112620.0,112461.5,112515.0,64329166.123700224
2025-08-25 05:44:59.762000+00:00,2025-08-25 05:30:00+00:00,continuous,112515.0,112581.6,112370.0,112479.9,105772309.76650086
2025-08-25 05:59:59.938000+00:00,2025-08-25 05:45:00+00:00,continuous,112479.8,112592.8,112297.3,112297.3,93545066.02940045
2025-08-25 06:14:59.988000+00:00,2025-08-25 06:00:00+00:00,continuous,112297.3,112395.0,112202.5,112257.1,142717405.6234995
2025-08-25 06:29:59.964000+00:00,2025-08-25 06:15:00+00:00,continuous,112257.2,112435.1,112152.0,112226.4,168909594.4760997
2025-08-25 06:44:59.728000+00:00,2025-08-25 06:30:00+00:00,continuous,112226.5,112302.0,112014.0,112014.1,235624454.6427985
2025-08-25 06:59:59.802000+00:00,2025-08-25 06:45:00+00:00,continuous,112014.1,112040.0,111722.0,111900.9,333618987.6506003
2025-08-25 07:14:59.510000+00:00,2025-08-25 07:00:00+00:00,continuous,111900.9,112022.2,111761.7,112005.3,181090441.7022999
2025-08-25 07:29:59.837000+00:00,2025-08-25 07:15:00+00:00,continuous,112005.2,112123.6,111841.4,111852.3,146657848.14019963
2025-08-25 07:44:59.509000+00:00,2025-08-25 07:30:00+00:00,continuous,111852.2,111910.9,111374.5,111811.1,446441113.97379804
2025-08-25 07:59:59.948000+00:00,2025-08-25 07:45:00+00:00,continuous,111811.2,111830.7,111245.9,111469.7,414801087.67940277
2025-08-25 08:14:59.796000+00:00,2025-08-25 08:00:00+00:00,continuous,111469.7,111572.2,110893.6,111570.0,640527621.859595
2025-08-25 08:29:59.987000+00:00,2025-08-25 08:15:00+00:00,continuous,111570.0,111744.0,111532.6,111613.5,177013385.00280035
2025-08-25 08:44:59.954000+00:00,2025-08-25 08:30:00+00:00,continuous,111613.4,111786.4,111485.4,111489.2,147136771.75990033
2025-08-25 08:59:59.896000+00:00,2025-08-25 08:45:00+00:00,continuous,111489.2,111650.2,111355.2,111362.1,116845325.19010036
2025-08-25 09:14:59.683000+00:00,2025-08-25 09:00:00+00:00,continuous,111362.1,111423.9,111215.3,111342.4,196632263.2089995
2025-08-25 09:29:59.538000+00:00,2025-08-25 09:15:00+00:00,continuous,111342.3,111629.4,111342.3,111430.0,174963812.92400065
2025-08-25 09:44:59.848000+00:00,2025-08-25 09:30:00+00:00,continuous,111430.0,111636.1,111326.7,111605.1,99981011.27340008
2025-08-25 09:59:59.573000+00:00,2025-08-25 09:45:00+00:00,continuous,111605.0,111789.9,111563.8,111747.6,152567399.72259995
2025-08-25 10:14:59.987000+00:00,2025-08-25 10:00:00+00:00,continuous,111747.6,111757.6,111587.3,111620.0,87953804.60719971
2025-08-25 10:29:59.601000+00:00,2025-08-25 10:15:00+00:00,continuous,111619.9,111679.7,111050.0,111189.1,263509544.57049915
2025-08-25 10:44:59.967000+00:00,2025-08-25 10:30:00+00:00,continuous,111189.2,111390.4,111003.9,111162.3,245277150.84129962
2025-08-25 10:59:59.969000+00:00,2025-08-25 10:45:00+00:00,continuous,111162.3,111200.0,110903.2,110958.8,217318861.01610088
2025-08-25 11:14:59.929000+00:00,2025-08-25 11:00:00+00:00,continuous,110958.9,111117.3,110891.0,111097.1,148791138.2283006
2025-08-25 11:29:59.359000+00:00,2025-08-25 11:15:00+00:00,continuous,111097.0,111136.3,110962.5,111048.7,110927810.32529992
2025-08-25 11:44:59.893000+00:00,2025-08-25 11:30:00+00:00,continuous,111048.6,111249.9,110922.3,111073.3,155584344.75329942
2025-08-25 11:59:59.552000+00:00,2025-08-25 11:45:00+00:00,continuous,111073.2,111246.0,111064.7,111183.7,74657377.71240014
2025-08-25 12:14:59.951000+00:00,2025-08-25 12:00:00+00:00,continuous,111183.7,111360.0,111037.0,111200.0,223199338.1086004
2025-08-25 12:29:59.951000+00:00,2025-08-25 12:15:00+00:00,continuous,111199.9,111653.0,111140.0,111652.2,197846197.58490017
2025-08-25 12:44:59.925000+00:00,2025-08-25 12:30:00+00:00,continuous,111652.1,111652.2,111289.9,111567.4,145790340.73090076
2025-08-25 12:59:59.791000+00:00,2025-08-25 12:45:00+00:00,continuous,111567.4,111575.0,111363.8,111541.5,128727351.47799946
2025-08-25 13:14:59.793000+00:00,2025-08-25 13:00:00+00:00,continuous,111540.7,111550.0,111290.1,111451.1,107411266.70589946
2025-08-25 13:29:59.985000+00:00,2025-08-25 13:15:00+00:00,continuous,111451.2,111714.0,111269.6,111622.0,128295775.81729966
2025-08-25 13:44:59.986000+00:00,2025-08-25 13:30:00+00:00,continuous,111622.0,111671.2,110750.0,110785.6,790839965.038998
2025-08-25 13:59:59.985000+00:00,2025-08-25 13:45:00+00:00,continuous,110785.7,111500.0,110532.2,111449.8,592490020.6206042
2025-08-25 14:14:59.883000+00:00,2025-08-25 14:00:00+00:00,continuous,111449.7,111876.0,111268.5,111781.1,481091694.4159988
2025-08-25 14:29:59.909000+00:00,2025-08-25 14:15:00+00:00,continuous,111781.0,112157.0,111761.9,111861.1,485662254.09629864
2025-08-25 14:44:59.633000+00:00,2025-08-25 14:30:00+00:00,continuous,111861.2,112191.9,111801.8,111988.9,233718883.7472995
2025-08-25 14:59:59.969000+00:00,2025-08-25 14:45:00+00:00,continuous,111988.8,112258.0,111965.1,112212.5,222967089.17760083
2025-08-25 15:14:59.917000+00:00,2025-08-25 15:00:00+00:00,continuous,112213.1,112346.0,111772.4,111953.1,273951855.8707996
2025-08-25 15:29:59.884000+00:00,2025-08-25 15:15:00+00:00,continuous,111953.0,112533.2,111953.0,112408.8,284166632.4609018
2025-08-25 15:44:59.916000+00:00,2025-08-25 15:30:00+00:00,continuous,112408.7,112480.0,112153.8,112369.7,174548535.40709946
2025-08-25 15:59:59.745000+00:00,2025-08-25 15:45:00+00:00,continuous,112369.3,112369.3,112066.3,112142.2,180231053.17529994
2025-08-25 16:14:59.975000+00:00,2025-08-25 16:00:00+00:00,continuous,112142.2,112550.0,111948.8,112540.1,229261701.47089887
2025-08-25 16:29:59.936000+00:00,2025-08-25 16:15:00+00:00,continuous,112540.1,112897.7,112523.7,112580.6,346496370.0205978
2025-08-25 16:44:59.355000+00:00,2025-08-25 16:30:00+00:00,continuous,112580.5,112769.2,112505.0,112651.4,96676314.1266999
2025-08-25 16:59:59.969000+00:00,2025-08-25 16:45:00+00:00,continuous,112651.4,112748.0,112446.1,112446.1,173840780.03070036
2025-08-25 17:14:59.823000+00:00,2025-08-25 17:00:00+00:00,continuous,112446.1,112558.0,112100.0,112447.0,281234892.5884981
2025-08-25 17:29:59.647000+00:00,2025-08-25 17:15:00+00:00,continuous,112447.0,112764.6,112297.4,112675.4,235848412.40210062
2025-08-25 17:44:59.901000+00:00,2025-08-25 17:30:00+00:00,continuous,112675.4,112741.9,112307.6,112397.9,105034570.51749963
2025-08-25 17:59:59.866000+00:00,2025-08-25 17:45:00+00:00,continuous,112397.9,112524.3,112211.4,112387.4,92280946.35599986
2025-08-25 18:14:59.646000+00:00,2025-08-25 18:00:00+00:00,continuous,112387.4,112450.0,112234.5,112410.2,106085218.96090071
2025-08-25 18:29:59.911000+00:00,2025-08-25 18:15:00+00:00,continuous,112410.2,112580.0,112388.0,112533.4,76444438.74739988
2025-08-25 18:44:59.508000+00:00,2025-08-25 18:30:00+00:00,continuous,112533.3,112539.6,112194.5,112249.9,112100627.92379966
2025-08-25 18:59:59.830000+00:00,2025-08-25 18:45:00+00:00,continuous,112249.8,112430.8,112235.2,112355.2,66361079.156499885
2025-08-25 19:14:59.959000+00:00,2025-08-25 19:00:00+00:00,continuous,112355.3,112391.3,112102.0,112102.1,128605992.18669932
2025-08-25 19:29:59.938000+00:00,2025-08-25 19:15:00+00:00,continuous,112102.0,112138.4,111688.0,111924.4,432679481.69930136
2025-08-25 19:44:59.629000+00:00,2025-08-25 19:30:00+00:00,continuous,111924.3,111943.2,111014.4,111119.6,536104080.8489007
2025-08-25 19:59:59.789000+00:00,2025-08-25 19:45:00+00:00,continuous,111119.7,111346.7,110601.7,110650.4,395015943.1236981
2025-08-25 20:14:59.976000+00:00,2025-08-25 20:00:00+00:00,continuous,110650.4,111050.0,109855.4,110000.8,1620110972.5675704
2025-08-25 20:29:59.966000+00:00,2025-08-25 20:15:00+00:00,continuous,110000.7,110597.8,110000.4,110463.4,438958069.08630127
2025-08-25 20:44:59.899000+00:00,2025-08-25 20:30:00+00:00,continuous,110463.5,110498.4,109321.0,109882.0,1372293821.2382185
2025-08-25 20:59:59.974000+00:00,2025-08-25 20:45:00+00:00,continuous,109882.1,110000.0,109354.8,109501.1,395565053.8096981
2025-08-25 21:14:59.764000+00:00,2025-08-25 21:00:00+00:00,continuous,109501.2,109855.7,109389.0,109439.0,497750149.23590636
2025-08-25 21:29:59.861000+00:00,2025-08-25 21:15:00+00:00,continuous,109439.1,109857.0,109432.2,109474.2,231482725.09829858
2025-08-25 21:44:59.881000+00:00,2025-08-25 21:30:00+00:00,continuous,109474.2,110120.9,109219.8,110007.5,430639117.6487988
2025-08-25 21:59:59.968000+00:00,2025-08-25 21:45:00+00:00,continuous,110007.5,110242.0,109829.5,109839.5,208891398.46699888
2025-08-25 22:14:59.943000+00:00,2025-08-25 22:00:00+00:00,continuous,109839.8,110129.9,109839.8,109980.7,136658156.82840002
2025-08-25 22:29:59.945000+00:00,2025-08-25 22:15:00+00:00,continuous,109980.7,110328.6,109913.9,110326.7,137247891.1517998
2025-08-25 22:44:59.507000+00:00,2025-08-25 22:30:00+00:00,continuous,110326.6,110543.0,110281.5,110514.1,173991008.9205992
2025-08-25 22:59:58.902000+00:00,2025-08-25 22:45:00+00:00,continuous,110514.1,110543.0,110063.3,110096.9,163090290.06779978
2025-08-25 23:14:59.362000+00:00,2025-08-25 23:00:00+00:00,continuous,110096.8,110123.0,109757.5,110005.6,178903855.04739943
2025-08-25 23:29:59.924000+00:00,2025-08-25 23:15:00+00:00,continuous,110005.6,110069.2,109730.0,109888.9,111328451.62070006
2025-08-25 23:44:59.960000+00:00,2025-08-25 23:30:00+00:00,continuous,109888.9,110125.4,109853.2,110122.2,61972828.67630031
2025-08-25 23:59:59.842000+00:00,2025-08-25 23:45:00+00:00,continuous,110122.1,110222.0,109985.7,110064.0,82588618.94629988
2025-08-26 00:14:59.950000+00:00,2025-08-26 00:00:00+00:00,continuous,110064.1,110064.1,109443.0,109667.7,423503688.76170063
2025-08-26 00:29:59.759000+00:00,2025-08-26 00:15:00+00:00,continuous,109667.8,109813.2,109347.3,109603.8,381688237.88139886
2025-08-26 00:44:59.978000+00:00,2025-08-26 00:30:00+00:00,continuous,109603.7,109834.7,109130.1,109157.3,341274818.2692003
2025-08-26 00:59:59.859000+00:00,2025-08-26 00:45:00+00:00,continuous,109157.2,109539.3,108858.8,109049.6,645138995.0631961
2025-08-26 01:14:59.989000+00:00,2025-08-26 01:00:00+00:00,continuous,109049.5,109627.2,108559.7,109365.9,613181114.6488012
2025-08-26 01:29:59.997000+00:00,2025-08-26 01:15:00+00:00,continuous,109365.9,109765.9,109256.0,109700.0,147743457.70509985
2025-08-26 01:44:59.724000+00:00,2025-08-26 01:30:00+00:00,continuous,109700.0,109775.0,109469.6,109581.2,128019844.44460006
2025-08-26 01:59:59.801000+00:00,2025-08-26 01:45:00+00:00,continuous,109581.2,109873.0,109546.7,109850.0,191094637.73239928
2025-08-26 02:14:59.832000+00:00,2025-08-26 02:00:00+00:00,continuous,109850.1,109965.0,109647.6,109950.6,147963027.15899953
2025-08-26 02:29:59.759000+00:00,2025-08-26 02:15:00+00:00,continuous,109950.5,109952.9,109628.7,109798.8,76238816.60890007
2025-08-26 02:44:59.630000+00:00,2025-08-26 02:30:00+00:00,continuous,109798.8,109846.1,109502.7,109606.1,81522191.2726999
2025-08-26 02:59:59.563000+00:00,2025-08-26 02:45:00+00:00,continuous,109606.1,109766.4,109454.2,109668.8,109850817.80849917
2025-08-26 03:14:59.798000+00:00,2025-08-26 03:00:00+00:00,continuous,109668.7,109708.2,109499.5,109528.1,73420584.51130082
2025-08-26 03:29:59.878000+00:00,2025-08-26 03:15:00+00:00,continuous,109528.2,109886.5,109382.0,109733.2,111833250.1587
2025-08-26 03:44:58.125000+00:00,2025-08-26 03:30:00+00:00,continuous,109733.3,109888.8,109733.2,109817.8,65472859.36930005
2025-08-26 03:59:59.724000+00:00,2025-08-26 03:45:00+00:00,continuous,109817.8,109861.7,109757.4,109825.0,45732503.27510001
2025-08-26 04:14:59.999000+00:00,2025-08-26 04:00:00+00:00,continuous,109825.1,110136.7,109825.1,110096.3,138200928.98489982
2025-08-26 04:29:59.986000+00:00,2025-08-26 04:15:00+00:00,continuous,110096.4,110135.2,109923.0,110116.9,105372054.81990068
2025-08-26 04:44:59.811000+00:00,2025-08-26 04:30:00+00:00,continuous,110116.8,110188.4,109954.6,109977.0,99803065.63420056
2025-08-26 04:59:59.590000+00:00,2025-08-26 04:45:00+00:00,continuous,109976.9,110106.4,109880.0,110041.0,57071107.76230017
2025-08-26 05:14:59.729000+00:00,2025-08-26 05:00:00+00:00,continuous,110041.1,110226.4,110041.0,110190.0,85153059.84940019
2025-08-26 05:29:59.793000+00:00,2025-08-26 05:15:00+00:00,continuous,110190.0,110217.5,110101.6,110101.6,55957405.972200334
2025-08-26 05:44:59.831000+00:00,2025-08-26 05:30:00+00:00,continuous,110101.7,110267.3,110026.9,110255.6,74913255.42830002
2025-08-26 05:59:59.858000+00:00,2025-08-26 05:45:00+00:00,continuous,110255.6,110320.1,110141.2,110141.3,66982307.81329993
2025-08-26 06:14:59.123000+00:00,2025-08-26 06:00:00+00:00,continuous,110141.2,110269.6,110043.1,110226.6,72439454.15320022
2025-08-26 06:29:59.960000+00:00,2025-08-26 06:15:00+00:00,continuous,110226.6,110287.5,109846.1,109961.8,157530364.73640046
2025-08-26 06:44:59.789000+00:00,2025-08-26 06:30:00+00:00,continuous,109961.9,110048.8,109924.5,109957.7,52847203.4207995
2025-08-26 06:59:59.757000+00:00,2025-08-26 06:45:00+00:00,continuous,109957.8,110054.6,109858.9,109949.4,55483561.45730014
2025-08-26 07:14:58.623000+00:00,2025-08-26 07:00:00+00:00,continuous,109949.3,110007.8,109725.0,109749.7,111179934.13049988
2025-08-26 07:29:59.955000+00:00,2025-08-26 07:15:00+00:00,continuous,109749.8,109947.9,109711.0,109932.8,80639013.38999966
2025-08-26 07:44:59.867000+00:00,2025-08-26 07:30:00+00:00,continuous,109932.7,110508.5,109894.2,110263.2,295625949.4834011
2025-08-26 07:59:59.446000+00:00,2025-08-26 07:45:00+00:00,continuous,110263.2,110330.8,110131.7,110244.2,95145987.00679979
2025-08-26 08:14:59.506000+00:00,2025-08-26 08:00:00+00:00,continuous,110244.2,110331.8,110139.4,110228.5,65050602.89020021
2025-08-26 08:29:59.954000+00:00,2025-08-26 08:15:00+00:00,continuous,110228.4,110405.6,109943.1,110023.2,123748630.92039987
2025-08-26 08:44:59.893000+00:00,2025-08-26 08:30:00+00:00,continuous,110023.3,110127.7,109963.2,110127.7,53081880.54750003
2025-08-26 08:59:59.332000+00:00,2025-08-26 08:45:00+00:00,continuous,110127.7,110377.9,110042.4,110047.5,99751648.8340995
2025-08-26 09:14:59.665000+00:00,2025-08-26 09:00:00+00:00,continuous,110047.6,110284.2,110047.5,110214.0,50119573.34410012
2025-08-26 09:29:59.880000+00:00,2025-08-26 09:15:00+00:00,continuous,110213.9,110365.6,110181.8,110277.0,63072209.170000106
2025-08-26 09:44:59.914000+00:00,2025-08-26 09:30:00+00:00,continuous,110277.0,110313.2,110000.0,110012.3,57757777.96630014
2025-08-26 09:59:59.588000+00:00,2025-08-26 09:45:00+00:00,continuous,110012.4,110108.6,109976.9,110108.6,49101360.21970004
2025-08-26 10:14:59.964000+00:00,2025-08-26 10:00:00+00:00,continuous,110108.6,110317.6,110015.0,110312.1,81279449.37859991
2025-08-26 10:29:59.125000+00:00,2025-08-26 10:15:00+00:00,continuous,110312.0,110366.8,110207.3,110277.7,65373959.98430013
2025-08-26 10:44:59.501000+00:00,2025-08-26 10:30:00+00:00,continuous,110277.7,110340.5,110228.4,110310.3,69670747.23730013
2025-08-26 10:59:59.180000+00:00,2025-08-26 10:45:00+00:00,continuous,110310.3,110332.3,110088.0,110169.0,74577415.0885003
2025-08-26 11:14:59.567000+00:00,2025-08-26 11:00:00+00:00,continuous,110169.0,110180.6,109968.5,109989.0,83215812.36689983
2025-08-26 11:29:59.823000+00:00,2025-08-26 11:15:00+00:00,continuous,109988.9,109989.0,109775.1,109823.8,210372838.1014997
2025-08-26 11:44:59.881000+00:00,2025-08-26 11:30:00+00:00,continuous,109823.7,109823.9,109575.0,109625.1,185371602.8659996
2025-08-26 11:59:59.967000+00:00,2025-08-26 11:45:00+00:00,continuous,109625.1,109842.2,109529.5,109842.2,146386386.3830001
2025-08-26 12:14:59.935000+00:00,2025-08-26 12:00:00+00:00,continuous,109842.3,109875.1,109576.5,109590.4,125638221.01319954
2025-08-26 12:29:59.521000+00:00,2025-08-26 12:15:00+00:00,continuous,109590.4,109726.2,109572.7,109681.2,54725167.520100184
2025-08-26 12:44:59.937000+00:00,2025-08-26 12:30:00+00:00,continuous,109681.2,110817.5,109681.1,110479.0,602599392.8334014
2025-08-26 12:59:59.900000+00:00,2025-08-26 12:45:00+00:00,continuous,110479.0,110645.0,109729.0,110172.5,565373894.536399
2025-08-26 13:14:59.714000+00:00,2025-08-26 13:00:00+00:00,continuous,110172.4,110235.6,110009.3,110113.9,137384710.42789975
2025-08-26 13:29:59.257000+00:00,2025-08-26 13:15:00+00:00,continuous,110113.9,110159.8,109740.6,109808.1,164823882.71989983
2025-08-26 13:44:59.856000+00:00,2025-08-26 13:30:00+00:00,continuous,109808.1,110198.3,109659.0,109851.2,443593500.46790266
2025-08-26 13:59:59.996000+00:00,2025-08-26 13:45:00+00:00,continuous,109851.1,110079.6,109350.0,110051.2,593209341.9967041
2025-08-26 14:14:59.911000+00:00,2025-08-26 14:00:00+00:00,continuous,110051.2,110272.2,109756.2,109844.1,265910623.3273992
2025-08-26 14:29:59.888000+00:00,2025-08-26 14:15:00+00:00,continuous,109844.1,110515.1,109750.0,110159.8,274070492.15019745
2025-08-26 14:44:59.799000+00:00,2025-08-26 14:30:00+00:00,continuous,110159.7,110455.3,110095.6,110340.6,186551041.32690036
2025-08-26 14:59:59.100000+00:00,2025-08-26 14:45:00+00:00,continuous,110340.7,110461.5,110113.9,110323.9,147239203.6955004
2025-08-26 15:14:59.864000+00:00,2025-08-26 15:00:00+00:00,continuous,110323.9,110525.4,110186.8,110204.4,207282597.15850085
2025-08-26 15:29:59.949000+00:00,2025-08-26 15:15:00+00:00,continuous,110204.4,110404.0,110000.0,110029.0,195602896.42970064
2025-08-26 15:44:59.988000+00:00,2025-08-26 15:30:00+00:00,continuous,110029.1,110032.6,109499.9,109554.8,374812904.8687993
2025-08-26 15:59:59.957000+00:00,2025-08-26 15:45:00+00:00,continuous,109554.9,109757.0,109537.8,109624.6,163635783.4487001
2025-08-26 16:14:59.868000+00:00,2025-08-26 16:00:00+00:00,continuous,109624.6,109742.4,109446.1,109479.5,109666076.9955994
2025-08-26 16:29:59.833000+00:00,2025-08-26 16:15:00+00:00,continuous,109479.5,109708.2,109400.0,109708.2,148408786.60849902
2025-08-26 16:44:59.901000+00:00,2025-08-26 16:30:00+00:00,continuous,109708.2,109814.8,109559.0,109772.8,145522961.34130043
2025-08-26 16:59:59.874000+00:00,2025-08-26 16:45:00+00:00,continuous,109772.8,110129.7,109662.7,110129.6,126904133.01269981
2025-08-26 17:14:59.803000+00:00,2025-08-26 17:00:00+00:00,continuous,110129.6,110174.4,109727.9,109827.3,154970386.16869867
2025-08-26 17:29:59.352000+00:00,2025-08-26 17:15:00+00:00,continuous,109827.2,109920.1,109722.4,109808.1,77124783.75740024
2025-08-26 17:44:59.983000+00:00,2025-08-26 17:30:00+00:00,continuous,109808.1,109844.8,109548.0,109623.7,102708409.76919977
2025-08-26 17:59:59.916000+00:00,2025-08-26 17:45:00+00:00,continuous,109623.8,109950.0,109606.9,109950.0,72410537.00739999
2025-08-26 18:14:59.979000+00:00,2025-08-26 18:00:00+00:00,continuous,109950.0,110139.8,109924.6,110068.6,104318234.69449915
2025-08-26 18:29:59.744000+00:00,2025-08-26 18:15:00+00:00,continuous,110068.5,110459.6,110034.2,110444.4,155921673.3036996
2025-08-26 18:44:59.832000+00:00,2025-08-26 18:30:00+00:00,continuous,110444.4,110939.2,110341.3,110842.6,290746875.6594982
2025-08-26 18:59:59.831000+00:00,2025-08-26 18:45:00+00:00,continuous,110842.6,110891.0,110611.5,110650.0,157269980.442701
2025-08-26 19:14:59.827000+00:00,2025-08-26 19:00:00+00:00,continuous,110650.0,110653.5,110447.1,110612.1,104976623.65119973
2025-08-26 19:29:59.736000+00:00,2025-08-26 19:15:00+00:00,continuous,110612.2,111099.6,110555.8,111059.3,287331814.35039806
2025-08-26 19:44:59.965000+00:00,2025-08-26 19:30:00+00:00,continuous,111059.4,111069.5,110772.5,110772.6,158627362.51310048
2025-08-26 19:59:59.910000+00:00,2025-08-26 19:45:00+00:00,continuous,110772.5,111106.5,110772.5,111053.5,177958301.89910024
2025-08-26 20:14:59.966000+00:00,2025-08-26 20:00:00+00:00,continuous,111053.5,111200.0,110855.0,111199.9,131313509.4826
2025-08-26 20:29:59.976000+00:00,2025-08-26 20:15:00+00:00,continuous,111199.8,111311.0,111110.3,111269.0,175677011.66059762
2025-08-26 20:44:59.875000+00:00,2025-08-26 20:30:00+00:00,continuous,111268.9,111269.0,111121.3,111139.6,114590499.40530041
2025-08-26 20:59:59.680000+00:00,2025-08-26 20:45:00+00:00,continuous,111139.5,111311.0,111081.1,111258.6,99739944.3538006
2025-08-26 21:14:59.972000+00:00,2025-08-26 21:00:00+00:00,continuous,111258.5,111287.6,111052.5,111062.5,65389844.47140025
2025-08-26 21:29:59.571000+00:00,2025-08-26 21:15:00+00:00,continuous,111062.6,111269.1,111062.5,111219.9,46020963.11690017
2025-08-26 21:44:58.302000+00:00,2025-08-26 21:30:00+00:00,continuous,111219.9,111419.6,111157.3,111197.3,138434955.87219962
2025-08-26 21:59:59.976000+00:00,2025-08-26 21:45:00+00:00,continuous,111197.2,111537.4,111114.8,111530.3,92500620.01880023
2025-08-26 22:14:59.995000+00:00,2025-08-26 22:00:00+00:00,continuous,111530.3,111826.2,111523.5,111820.5,338278759.4326995
2025-08-26 22:29:59.935000+00:00,2025-08-26 22:15:00+00:00,continuous,111820.4,111877.1,111576.4,111579.2,138357060.5037005
2025-08-26 22:44:59.835000+00:00,2025-08-26 22:30:00+00:00,continuous,111579.1,111704.5,111501.6,111541.4,89942080.1360004
2025-08-26 22:59:59.758000+00:00,2025-08-26 22:45:00+00:00,continuous,111541.5,111871.0,111520.0,111848.1,69547173.19759998
2025-08-26 23:14:59.840000+00:00,2025-08-26 23:00:00+00:00,continuous,111848.0,112330.0,111827.5,112270.0,373004694.8045993
2025-08-26 23:29:59.904000+00:00,2025-08-26 23:15:00+00:00,continuous,112270.0,112277.0,111869.1,111886.1,319524784.7288011
2025-08-26 23:44:59.624000+00:00,2025-08-26 23:30:00+00:00,continuous,111886.2,111906.3,111721.8,111836.9,177192679.03750083
2025-08-26 23:59:59.975000+00:00,2025-08-26 23:45:00+00:00,continuous,111836.9,111837.0,111674.8,111709.9,70652871.56160018
2025-08-27 00:14:59.847000+00:00,2025-08-27 00:00:00+00:00,continuous,111710.0,111731.1,111572.9,111655.0,118389687.25270016
2025-08-27 00:29:59.957000+00:00,2025-08-27 00:15:00+00:00,continuous,111655.0,111716.5,111547.9,111578.9,91811529.60899991
2025-08-27 00:44:59.911000+00:00,2025-08-27 00:30:00+00:00,continuous,111579.0,111765.6,111477.7,111500.0,103626588.40029985
2025-08-27 00:59:59.525000+00:00,2025-08-27 00:45:00+00:00,continuous,111499.9,111513.0,111281.3,111307.7,229883191.87560108
2025-08-27 01:14:59.884000+00:00,2025-08-27 01:00:00+00:00,continuous,111307.8,111432.3,111234.5,111352.6,95064963.49319945
2025-08-27 01:29:59.406000+00:00,2025-08-27 01:15:00+00:00,continuous,111352.5,111354.9,111153.8,111206.2,75418161.36130044
2025-08-27 01:44:59.982000+00:00,2025-08-27 01:30:00+00:00,continuous,111206.3,111323.3,111053.3,111080.5,79634123.3383999
2025-08-27 01:59:59.929000+00:00,2025-08-27 01:45:00+00:00,continuous,111081.0,111296.0,111081.0,111249.5,72835708.84869988
2025-08-27 02:14:59.479000+00:00,2025-08-27 02:00:00+00:00,continuous,111249.6,111294.6,111066.6,111102.4,74365796.31420009
2025-08-27 02:29:59.798000+00:00,2025-08-27 02:15:00+00:00,continuous,111102.5,111427.0,111102.4,111261.8,116892834.66379999
2025-08-27 02:44:59.914000+00:00,2025-08-27 02:30:00+00:00,continuous,111261.8,111412.9,111250.0,111321.7,74578871.79920012
2025-08-27 02:59:59.930000+00:00,2025-08-27 02:45:00+00:00,continuous,111321.6,111321.7,111057.5,111084.4,56638429.62839984
2025-08-27 03:14:59.991000+00:00,2025-08-27 03:00:00+00:00,continuous,111084.5,111186.3,110936.7,110996.6,104831658.92939986
2025-08-27 03:29:59.354000+00:00,2025-08-27 03:15:00+00:00,continuous,110996.5,111046.9,110867.1,110927.1,94582188.08810014
2025-08-27 03:44:59.223000+00:00,2025-08-27 03:30:00+00:00,continuous,110927.1,111159.9,110927.1,111150.6,83756347.17349954
2025-08-27 03:59:59.929000+00:00,2025-08-27 03:45:00+00:00,continuous,111150.6,111678.3,111150.5,111373.7,239374820.4491985
2025-08-27 04:14:59.961000+00:00,2025-08-27 04:00:00+00:00,continuous,111373.8,111700.4,111359.0,111462.7,134679750.8878
2025-08-27 04:29:59.807000+00:00,2025-08-27 04:15:00+00:00,continuous,111462.7,111594.0,111364.4,111408.0,69792331.9454998
2025-08-27 04:44:59.558000+00:00,2025-08-27 04:30:00+00:00,continuous,111407.9,111608.0,111366.2,111511.8,49638357.80929989
2025-08-27 04:59:59.869000+00:00,2025-08-27 04:45:00+00:00,continuous,111511.8,111627.2,111464.9,111521.3,44276434.23250007
2025-08-27 05:14:59.609000+00:00,2025-08-27 05:00:00+00:00,continuous,111521.3,111549.9,111331.7,111538.9,90485905.92660023
2025-08-27 05:29:59.900000+00:00,2025-08-27 05:15:00+00:00,continuous,111538.8,111628.1,111275.0,111317.3,116817131.99529965
2025-08-27 05:44:59.573000+00:00,2025-08-27 05:30:00+00:00,continuous,111317.3,111431.2,111275.0,111362.4,46887222.71670042
2025-08-27 05:59:59.851000+00:00,2025-08-27 05:45:00+00:00,continuous,111362.3,111377.4,111292.7,111316.8,30299140.16489987
2025-08-27 06:14:59.681000+00:00,2025-08-27 06:00:00+00:00,continuous,111316.8,111326.2,111211.3,111232.0,58811930.18069993
2025-08-27 06:29:59.927000+00:00,2025-08-27 06:15:00+00:00,continuous,111232.0,111320.0,111121.2,111217.9,89510587.33029988
2025-08-27 06:44:59.880000+00:00,2025-08-27 06:30:00+00:00,continuous,111217.9,111269.1,111059.6,111092.0,59086067.34659987
2025-08-27 06:59:59.733000+00:00,2025-08-27 06:45:00+00:00,continuous,111091.9,111104.0,110969.6,110994.2,68059031.56690033
2025-08-27 07:14:59.672000+00:00,2025-08-27 07:00:00+00:00,continuous,110994.3,111096.4,110954.8,110958.9,65975419.74649993
2025-08-27 07:29:59.935000+00:00,2025-08-27 07:15:00+00:00,continuous,110958.8,110966.5,110665.1,110795.1,165123299.70820025
2025-08-27 07:44:59.830000+00:00,2025-08-27 07:30:00+00:00,continuous,110795.2,110872.7,110637.2,110680.5,95179066.84320012
2025-08-27 07:59:59.536000+00:00,2025-08-27 07:45:00+00:00,continuous,110680.6,110816.2,110586.5,110688.0,125874537.0132997
2025-08-27 08:14:59.475000+00:00,2025-08-27 08:00:00+00:00,continuous,110688.0,110800.0,110601.7,110650.5,92054471.18079968
2025-08-27 08:29:59.637000+00:00,2025-08-27 08:15:00+00:00,continuous,110650.5,110675.6,110535.0,110557.6,91062704.53110026
2025-08-27 08:44:59.692000+00:00,2025-08-27 08:30:00+00:00,continuous,110557.5,110602.2,110466.9,110503.6,116587272.79310054
2025-08-27 08:59:59.905000+00:00,2025-08-27 08:45:00+00:00,continuous,110503.5,110723.0,110306.9,110705.2,199224916.50489992
2025-08-27 09:14:59.874000+00:00,2025-08-27 09:00:00+00:00,continuous,110705.1,110888.0,110669.2,110800.0,132639022.47459981
2025-08-27 09:29:59.259000+00:00,2025-08-27 09:15:00+00:00,continuous,110799.9,110950.0,110785.5,110920.9,100138505.69599995
2025-08-27 09:44:59.989000+00:00,2025-08-27 09:30:00+00:00,continuous,110921.0,111076.9,110830.9,110855.3,99891411.15509929
2025-08-27 09:59:59.320000+00:00,2025-08-27 09:45:00+00:00,continuous,110855.3,110855.4,110753.8,110763.9,65226284.61329992
2025-08-27 10:14:59.979000+00:00,2025-08-27 10:00:00+00:00,continuous,110763.9,111040.4,110763.9,111040.4,60667963.118500106
2025-08-27 10:29:59.972000+00:00,2025-08-27 10:15:00+00:00,continuous,111040.3,111232.0,110905.3,110997.9,130903512.09179994
2025-08-27 10:44:59.707000+00:00,2025-08-27 10:30:00+00:00,continuous,110997.9,111086.6,110855.0,111009.6,66964041.81290005
2025-08-27 10:59:59.284000+00:00,2025-08-27 10:45:00+00:00,continuous,111009.7,111054.0,110923.6,110928.5,25073876.950100075
2025-08-27 11:14:59.871000+00:00,2025-08-27 11:00:00+00:00,continuous,110928.5,111229.0,110928.5,111228.9,83183422.09329948
2025-08-27 11:29:59.768000+00:00,2025-08-27 11:15:00+00:00,continuous,111229.0,111229.0,111079.9,111128.2,47994647.0917002
2025-08-27 11:44:58.533000+00:00,2025-08-27 11:30:00+00:00,continuous,111128.2,111256.2,111128.2,111193.5,42727030.29410005
2025-08-27 11:59:59.795000+00:00,2025-08-27 11:45:00+00:00,continuous,111193.6,111328.9,111193.5,111270.8,65796260.267800234
2025-08-27 12:14:59.745000+00:00,2025-08-27 12:00:00+00:00,continuous,111270.7,111351.7,111092.7,111272.3,88029968.59559968
2025-08-27 12:29:59.805000+00:00,2025-08-27 12:15:00+00:00,continuous,111272.4,111329.6,111077.1,111082.6,55135398.85760009
2025-08-27 12:44:59.964000+00:00,2025-08-27 12:30:00+00:00,continuous,111082.6,111150.0,110958.2,111008.7,80774003.50800012
2025-08-27 12:59:59.765000+00:00,2025-08-27 12:45:00+00:00,continuous,111008.8,111325.3,111005.8,111288.4,79157111.85260047
2025-08-27 13:14:59.904000+00:00,2025-08-27 13:00:00+00:00,continuous,111288.5,111291.5,111043.6,111071.0,77753515.48989971
2025-08-27 13:29:59.627000+00:00,2025-08-27 13:15:00+00:00,continuous,111071.1,111289.8,111030.1,111272.0,60655996.61659979
2025-08-27 13:44:59.994000+00:00,2025-08-27 13:30:00+00:00,continuous,111271.9,111772.8,110958.3,111509.4,406270823.64130014
2025-08-27 13:59:59.895000+00:00,2025-08-27 13:45:00+00:00,continuous,111509.3,111845.2,111321.9,111434.3,376211021.8093
2025-08-27 14:14:59.827000+00:00,2025-08-27 14:00:00+00:00,continuous,111434.4,111685.2,111211.1,111597.1,180382169.6038
2025-08-27 14:29:59.879000+00:00,2025-08-27 14:15:00+00:00,continuous,111597.1,112152.7,111467.3,112141.2,314406712.3043992
2025-08-27 14:44:59.976000+00:00,2025-08-27 14:30:00+00:00,continuous,112141.3,112568.5,111863.6,111863.6,666276903.2837003
2025-08-27 14:59:59.931000+00:00,2025-08-27 14:45:00+00:00,continuous,111863.7,112116.4,111601.5,111758.0,361492918.2789006
2025-08-27 15:14:59.930000+00:00,2025-08-27 15:00:00+00:00,continuous,111757.9,112037.2,111621.6,111932.8,154133626.82180002
2025-08-27 15:29:59.267000+00:00,2025-08-27 15:15:00+00:00,continuous,111932.8,112003.3,111628.3,111724.7,116890201.80769981
2025-08-27 15:44:59.726000+00:00,2025-08-27 15:30:00+00:00,continuous,111724.8,111820.1,111455.7,111748.9,157725152.18649945
2025-08-27 15:59:59.883000+00:00,2025-08-27 15:45:00+00:00,continuous,111749.0,111975.0,111680.8,111965.1,128011166.79629984
2025-08-27 16:14:59.979000+00:00,2025-08-27 16:00:00+00:00,continuous,111965.0,111991.6,111758.0,111861.8,115818298.32120034
2025-08-27 16:29:59.374000+00:00,2025-08-27 16:15:00+00:00,continuous,111861.8,112086.9,111603.9,111773.8,140167204.23329943
2025-08-27 16:44:59.954000+00:00,2025-08-27 16:30:00+00:00,continuous,111773.8,111866.1,111489.8,111821.9,141667683.01890042
2025-08-27 16:59:59.481000+00:00,2025-08-27 16:45:00+00:00,continuous,111821.8,112198.8,111738.9,112062.0,126941562.92269957
2025-08-27 17:14:59.928000+00:00,2025-08-27 17:00:00+00:00,continuous,112062.0,112062.1,111859.9,111919.3,73358475.95580015
2025-08-27 17:29:59.763000+00:00,2025-08-27 17:15:00+00:00,continuous,111919.4,112354.0,111837.2,112255.3,152444843.1161997
2025-08-27 17:44:59.309000+00:00,2025-08-27 17:30:00+00:00,continuous,112255.3,112400.0,112182.8,112237.9,128110683.49080001
2025-08-27 17:59:59.956000+00:00,2025-08-27 17:45:00+00:00,continuous,112237.9,112355.6,112206.0,112286.2,54866690.99799993
2025-08-27 18:14:59.785000+00:00,2025-08-27 18:00:00+00:00,continuous,112286.3,112470.7,112266.1,112412.2,119049651.40020019
2025-08-27 18:29:59.355000+00:00,2025-08-27 18:15:00+00:00,continuous,112412.3,112550.0,112318.6,112415.1,127549025.08209932
2025-08-27 18:44:59.980000+00:00,2025-08-27 18:30:00+00:00,continuous,112415.1,112423.5,112168.1,112175.5,108149015.20920031
2025-08-27 18:59:59.966000+00:00,2025-08-27 18:45:00+00:00,continuous,112175.4,112271.0,111863.0,111890.3,137444103.1837997
2025-08-27 19:14:59.846000+00:00,2025-08-27 19:00:00+00:00,continuous,111890.4,112098.0,111502.0,111623.6,306342616.0491998
2025-08-27 19:29:59.444000+00:00,2025-08-27 19:15:00+00:00,continuous,111623.7,112031.2,111600.0,111971.0,135908899.24949956
2025-08-27 19:44:59.990000+00:00,2025-08-27 19:30:00+00:00,continuous,111971.0,112174.0,111954.9,112044.0,95169861.30979998
2025-08-27 19:59:59.926000+00:00,2025-08-27 19:45:00+00:00,continuous,112044.1,112073.4,111872.7,112032.8,73162565.5409996
2025-08-27 20:14:59.745000+00:00,2025-08-27 20:00:00+00:00,continuous,112032.9,112065.1,111522.3,111875.7,177857080.84529966
2025-08-27 20:29:59.876000+00:00,2025-08-27 20:15:00+00:00,continuous,111875.7,112307.6,110854.4,112030.0,1110625758.5225687
2025-08-27 20:44:59.937000+00:00,2025-08-27 20:30:00+00:00,continuous,112029.5,112337.9,111940.9,112278.5,310991657.71979976
2025-08-27 20:59:59.516000+00:00,2025-08-27 20:45:00+00:00,continuous,112278.5,112368.6,112051.0,112363.1,127667315.71499951
2025-08-27 21:14:59.420000+00:00,2025-08-27 21:00:00+00:00,continuous,112363.2,112401.5,111993.0,112052.6,133026980.46169978
2025-08-27 21:29:59.165000+00:00,2025-08-27 21:15:00+00:00,continuous,112052.7,112076.0,111603.5,111747.2,195593324.62199956
2025-08-27 21:44:59.968000+00:00,2025-08-27 21:30:00+00:00,continuous,111747.3,111860.4,111550.0,111613.4,80147717.55760005
2025-08-27 21:59:59.926000+00:00,2025-08-27 21:45:00+00:00,continuous,111613.5,111660.8,111322.7,111480.7,101265537.96260023
2025-08-27 22:14:59.808000+00:00,2025-08-27 22:00:00+00:00,continuous,111480.7,111496.2,111003.3,111117.3,190832801.96279857
2025-08-27 22:29:59.229000+00:00,2025-08-27 22:15:00+00:00,continuous,111117.3,111327.3,111117.2,111265.5,95647356.35889988
2025-08-27 22:44:59.918000+00:00,2025-08-27 22:30:00+00:00,continuous,111265.4,111545.2,111240.4,111545.2,71799461.56739992
2025-08-27 22:59:59.546000+00:00,2025-08-27 22:45:00+00:00,continuous,111545.1,111551.7,111340.4,111355.1,48484621.07259982
2025-08-27 23:14:59.934000+00:00,2025-08-27 23:00:00+00:00,continuous,111355.1,111491.2,111296.6,111313.0,50721565.18010009
2025-08-27 23:29:59.765000+00:00,2025-08-27 23:15:00+00:00,continuous,111313.0,111373.2,111169.2,111297.3,86444126.21750012
2025-08-27 23:44:59.394000+00:00,2025-08-27 23:30:00+00:00,continuous,111297.3,111380.4,111039.9,111069.4,77891541.04239985
2025-08-27 23:59:59.890000+00:00,2025-08-27 23:45:00+00:00,continuous,111069.4,111215.8,111064.6,111194.9,98466471.99699998
2025-08-28 00:14:59.996000+00:00,2025-08-28 00:00:00+00:00,continuous,111194.9,111425.0,111151.7,111413.5,93902483.46979949
2025-08-28 00:29:59.886000+00:00,2025-08-28 00:15:00+00:00,continuous,111413.5,111493.0,110879.2,111093.1,210898559.96949962
2025-08-28 00:44:59.961000+00:00,2025-08-28 00:30:00+00:00,continuous,111093.1,111260.2,110811.0,111260.2,140681492.23709917
2025-08-28 00:59:59.314000+00:00,2025-08-28 00:45:00+00:00,continuous,111260.1,111423.0,111098.2,111287.0,114506213.54189992
2025-08-28 01:14:58.875000+00:00,2025-08-28 01:00:00+00:00,continuous,111286.9,111520.0,111282.7,111463.1,71574877.67379993
2025-08-28 01:29:59.536000+00:00,2025-08-28 01:15:00+00:00,continuous,111463.1,111545.2,111334.5,111390.4,66994025.121099986
2025-08-28 01:44:58.380000+00:00,2025-08-28 01:30:00+00:00,continuous,111390.4,111585.7,111374.3,111510.0,62907508.15310005
2025-08-28 01:59:59.757000+00:00,2025-08-28 01:45:00+00:00,continuous,111510.0,111674.5,111487.3,111600.1,83407680.34779963
2025-08-28 02:14:59.966000+00:00,2025-08-28 02:00:00+00:00,continuous,111600.1,111719.8,111530.0,111530.1,64266752.32560008
2025-08-28 02:29:59.979000+00:00,2025-08-28 02:15:00+00:00,continuous,111530.0,111600.0,111412.2,111565.7,50397898.61270036
2025-08-28 02:44:59.494000+00:00,2025-08-28 02:30:00+00:00,continuous,111565.6,111620.0,111413.0,111453.3,33722718.80619988
2025-08-28 02:59:59.546000+00:00,2025-08-28 02:45:00+00:00,continuous,111453.3,111550.2,111389.9,111442.4,31757532.594899915
2025-08-28 03:14:59.492000+00:00,2025-08-28 03:00:00+00:00,continuous,111442.3,111819.1,111352.3,111819.0,93848113.23670028
2025-08-28 03:29:59.931000+00:00,2025-08-28 03:15:00+00:00,continuous,111819.1,111888.0,111729.4,111881.6,52609959.401899934
2025-08-28 03:44:58.957000+00:00,2025-08-28 03:30:00+00:00,continuous,111881.5,111972.0,111822.5,111878.1,81972091.46050037
2025-08-28 03:59:59.816000+00:00,2025-08-28 03:45:00+00:00,continuous,111878.0,111993.0,111810.5,111954.1,46505717.94730017
2025-08-28 04:14:59.739000+00:00,2025-08-28 04:00:00+00:00,continuous,111954.0,112139.7,111892.4,112123.9,96656735.37229939
2025-08-28 04:29:59.465000+00:00,2025-08-28 04:15:00+00:00,continuous,112123.8,112265.3,112063.0,112251.4,102723075.79119973
2025-08-28 04:44:59.769000+00:00,2025-08-28 04:30:00+00:00,continuous,112251.4,112760.0,112231.6,112737.6,381289337.15220076
2025-08-28 04:59:59.856000+00:00,2025-08-28 04:45:00+00:00,continuous,112737.7,113049.0,112720.0,112931.2,415180675.08089775
2025-08-28 05:14:59.837000+00:00,2025-08-28 05:00:00+00:00,continuous,112931.1,113144.7,112823.9,112878.7,248680634.81839973
2025-08-28 05:29:59.405000+00:00,2025-08-28 05:15:00+00:00,continuous,112878.6,112962.9,112771.5,112818.3,129945439.6497005
2025-08-28 05:44:59.999000+00:00,2025-08-28 05:30:00+00:00,continuous,112818.3,112901.8,112755.1,112755.1,72778514.4481996
2025-08-28 05:59:59.969000+00:00,2025-08-28 05:45:00+00:00,continuous,112755.1,112853.2,112659.3,112807.9,144462862.00480068
2025-08-28 06:14:59.928000+00:00,2025-08-28 06:00:00+00:00,continuous,112807.8,112881.0,112664.3,112716.3,92040014.45980002
2025-08-28 06:29:59.741000+00:00,2025-08-28 06:15:00+00:00,continuous,112716.3,112953.2,112698.5,112953.2,110139072.67740014
2025-08-28 06:44:59.617000+00:00,2025-08-28 06:30:00+00:00,continuous,112953.2,113085.8,112900.5,113003.9,172065321.9140006
2025-08-28 06:59:59.902000+00:00,2025-08-28 06:45:00+00:00,continuous,113003.9,113240.3,112911.2,113160.3,166684720.17919978
2025-08-28 07:14:59.974000+00:00,2025-08-28 07:00:00+00:00,continuous,113160.2,113288.0,113160.2,113281.6,142323876.32919973
2025-08-28 07:29:59.913000+00:00,2025-08-28 07:15:00+00:00,continuous,113281.7,113318.2,113065.4,113111.2,183178643.68879887
2025-08-28 07:44:59.920000+00:00,2025-08-28 07:30:00+00:00,continuous,113111.3,113124.2,112958.7,113090.5,88470770.73240027
2025-08-28 07:59:59.967000+00:00,2025-08-28 07:45:00+00:00,continuous,113090.5,113120.7,113019.9,113079.2,58636925.75509991
2025-08-28 08:14:59.951000+00:00,2025-08-28 08:00:00+00:00,continuous,113079.3,113301.6,113070.0,113170.0,158108543.42240143
2025-08-28 08:29:59.815000+00:00,2025-08-28 08:15:00+00:00,continuous,113169.9,113169.9,112988.0,113004.1,116364283.4489004
2025-08-28 08:44:59.638000+00:00,2025-08-28 08:30:00+00:00,continuous,113004.2,113230.7,112959.3,113112.5,79708150.82960035
2025-08-28 08:59:59.678000+00:00,2025-08-28 08:45:00+00:00,continuous,113112.5,113127.7,112961.6,113072.0,66675503.45990003
2025-08-28 09:14:59.547000+00:00,2025-08-28 09:00:00+00:00,continuous,113071.9,113088.0,112979.5,112979.5,63850265.96519964
2025-08-28 09:29:59.984000+00:00,2025-08-28 09:15:00+00:00,continuous,112979.5,113015.0,112851.2,112936.3,119694226.22909954
2025-08-28 09:44:59.740000+00:00,2025-08-28 09:30:00+00:00,continuous,112936.2,112936.3,112853.0,112853.1,70327427.1487
2025-08-28 09:59:59.859000+00:00,2025-08-28 09:45:00+00:00,continuous,112853.1,112869.6,112806.9,112819.9,45480505.108399816
2025-08-28 10:14:59.156000+00:00,2025-08-28 10:00:00+00:00,continuous,112819.9,113000.0,112780.3,112980.1,96987212.48379986
2025-08-28 10:29:59.865000+00:00,2025-08-28 10:15:00+00:00,continuous,112980.1,112987.6,112841.9,112867.4,38689489.16120003
2025-08-28 10:44:59.480000+00:00,2025-08-28 10:30:00+00:00,continuous,112867.5,113043.3,112867.4,113002.1,80664847.26609989
2025-08-28 10:59:59.949000+00:00,2025-08-28 10:45:00+00:00,continuous,113002.2,113075.6,112875.4,113075.5,61495381.70710011
2025-08-28 11:14:59.804000+00:00,2025-08-28 11:00:00+00:00,continuous,113075.6,113107.8,112941.6,112941.6,59980364.5900999
2025-08-28 11:29:59.636000+00:00,2025-08-28 11:15:00+00:00,continuous,112941.6,112976.6,112890.8,112902.5,29223952.74109991
2025-08-28 11:44:59.716000+00:00,2025-08-28 11:30:00+00:00,continuous,112902.5,112920.0,112813.3,112813.3,34544120.36219993
2025-08-28 11:59:59.853000+00:00,2025-08-28 11:45:00+00:00,continuous,112813.4,112967.1,112800.0,112876.5,65809506.1188
2025-08-28 12:14:59.893000+00:00,2025-08-28 12:00:00+00:00,continuous,112876.5,112926.8,112800.0,112800.0,50645617.24880018
2025-08-28 12:29:59.798000+00:00,2025-08-28 12:15:00+00:00,continuous,112800.0,112911.0,112769.0,112806.3,65684943.950699955
2025-08-28 12:44:59.908000+00:00,2025-08-28 12:30:00+00:00,continuous,112806.3,113162.9,112728.9,113091.1,218106994.94109872
2025-08-28 12:59:59.910000+00:00,2025-08-28 12:45:00+00:00,continuous,113091.0,113285.8,113034.1,113187.6,141781072.38760006
2025-08-28 13:14:59.976000+00:00,2025-08-28 13:00:00+00:00,continuous,113187.7,113199.7,113029.5,113060.5,74215647.32860006
2025-08-28 13:29:59.904000+00:00,2025-08-28 13:15:00+00:00,continuous,113060.5,113429.0,112962.0,112987.2,239425950.5726001
2025-08-28 13:44:59.861000+00:00,2025-08-28 13:30:00+00:00,continuous,112987.2,113166.0,112785.5,112871.3,277789469.1381004
2025-08-28 13:59:59.969000+00:00,2025-08-28 13:45:00+00:00,continuous,112872.1,112905.6,112525.0,112787.1,436647345.2090039
2025-08-28 14:14:59.472000+00:00,2025-08-28 14:00:00+00:00,continuous,112787.2,113112.9,112676.0,112951.0,202942836.32609963
2025-08-28 14:29:59.892000+00:00,2025-08-28 14:15:00+00:00,continuous,112950.9,113100.0,112586.4,112592.6,162926067.00720108
2025-08-28 14:44:59.768000+00:00,2025-08-28 14:30:00+00:00,continuous,112592.6,113126.4,112468.5,112947.1,254238433.6700004
2025-08-28 14:59:59.994000+00:00,2025-08-28 14:45:00+00:00,continuous,112947.1,113270.4,112898.1,113115.5,138792950.94259974
2025-08-28 15:14:59.908000+00:00,2025-08-28 15:00:00+00:00,continuous,113115.6,113150.0,112950.0,112991.2,103963648.12210019
2025-08-28 15:29:59.699000+00:00,2025-08-28 15:15:00+00:00,continuous,112991.2,113218.2,112391.5,112518.8,277539245.1997994
2025-08-28 15:44:59.315000+00:00,2025-08-28 15:30:00+00:00,continuous,112518.8,112774.3,112484.1,112532.9,139052128.3399995
2025-08-28 15:59:59.688000+00:00,2025-08-28 15:45:00+00:00,continuous,112533.0,112641.2,112344.4,112633.1,177226658.52140063
2025-08-28 16:14:59.936000+00:00,2025-08-28 16:00:00+00:00,continuous,112633.1,112921.2,112590.7,112883.9,124450306.92210023
2025-08-28 16:29:59.748000+00:00,2025-08-28 16:15:00+00:00,continuous,112883.9,113153.1,112791.7,112958.6,218377962.41720134
2025-08-28 16:44:59.771000+00:00,2025-08-28 16:30:00+00:00,continuous,112958.6,112996.7,112737.2,112833.7,73895110.38310046
2025-08-28 16:59:59.999000+00:00,2025-08-28 16:45:00+00:00,continuous,112833.8,112848.9,112274.4,112283.2,180332170.7680006
2025-08-28 17:14:59.851000+00:00,2025-08-28 17:00:00+00:00,continuous,112283.1,112375.0,112160.0,112214.2,202402445.66270077
2025-08-28 17:29:59.830000+00:00,2025-08-28 17:15:00+00:00,continuous,112214.2,112505.0,112180.0,112471.2,126260572.74059978
2025-08-28 17:44:59.946000+00:00,2025-08-28 17:30:00+00:00,continuous,112471.2,112578.1,112341.1,112565.6,83144878.58759984
2025-08-28 17:59:59.131000+00:00,2025-08-28 17:45:00+00:00,continuous,112565.6,112565.6,112300.0,112338.8,74776825.78249998
2025-08-28 18:14:59.994000+00:00,2025-08-28 18:00:00+00:00,continuous,112338.7,112356.8,112176.2,112224.6,101441780.44570017
2025-08-28 18:29:59.644000+00:00,2025-08-28 18:15:00+00:00,continuous,112224.7,112604.2,112224.6,112596.1,61484870.25109976
2025-08-28 18:44:58.987000+00:00,2025-08-28 18:30:00+00:00,continuous,112596.0,112662.3,112486.5,112486.6,75632753.93579972
2025-08-28 18:59:59.545000+00:00,2025-08-28 18:45:00+00:00,continuous,112486.5,112515.5,112252.8,112318.2,71991998.13449958
2025-08-28 19:14:59.928000+00:00,2025-08-28 19:00:00+00:00,continuous,112318.3,112530.4,112256.6,112372.5,70035088.90179999
2025-08-28 19:29:59.917000+00:00,2025-08-28 19:15:00+00:00,continuous,112372.6,112372.6,112127.0,112318.4,118376913.17410003
2025-08-28 19:44:59.802000+00:00,2025-08-28 19:30:00+00:00,continuous,112318.4,112372.4,111956.0,111996.2,181487196.23659965
2025-08-28 19:59:59.860000+00:00,2025-08-28 19:45:00+00:00,continuous,111996.2,112130.6,111853.6,111864.7,163385779.99070072
2025-08-28 20:14:59.539000+00:00,2025-08-28 20:00:00+00:00,continuous,111864.8,111965.4,111829.4,111957.0,122561343.36860004
2025-08-28 20:29:59.446000+00:00,2025-08-28 20:15:00+00:00,continuous,111956.9,112075.0,111926.3,111969.0,73771281.11810012
2025-08-28 20:44:59.518000+00:00,2025-08-28 20:30:00+00:00,continuous,111969.0,112029.9,111855.6,111975.7,58545678.80279976
2025-08-28 20:59:59.999000+00:00,2025-08-28 20:45:00+00:00,continuous,111975.7,112009.9,111847.0,111850.0,64275512.40619986
2025-08-28 21:14:59.759000+00:00,2025-08-28 21:00:00+00:00,continuous,111850.0,112083.9,111850.0,112083.9,49942880.49950018
2025-08-28 21:29:59.121000+00:00,2025-08-28 21:15:00+00:00,continuous,112083.8,112092.3,111875.7,111920.3,44913831.22050015
2025-08-28 21:44:59.823000+00:00,2025-08-28 21:30:00+00:00,continuous,111920.2,111923.8,111848.0,111849.5,46960593.99340009
2025-08-28 21:59:59.695000+00:00,2025-08-28 21:45:00+00:00,continuous,111849.6,112037.9,111849.5,111965.1,48312900.519700125
2025-08-28 22:14:59.560000+00:00,2025-08-28 22:00:00+00:00,continuous,111965.0,112254.6,111965.0,112228.7,78810625.09819965
2025-08-28 22:29:59.637000+00:00,2025-08-28 22:15:00+00:00,continuous,112228.8,112358.3,112188.6,112353.4,72623203.99799952
2025-08-28 22:44:59.273000+00:00,2025-08-28 22:30:00+00:00,continuous,112353.4,112461.5,112270.7,112322.5,85114398.07810056
2025-08-28 22:59:59.505000+00:00,2025-08-28 22:45:00+00:00,continuous,112322.5,112417.3,112289.9,112292.0,48326147.31200014
2025-08-28 23:14:59.252000+00:00,2025-08-28 23:00:00+00:00,continuous,112292.0,112425.1,112247.4,112317.5,49594245.395500146
2025-08-28 23:29:59.562000+00:00,2025-08-28 23:15:00+00:00,continuous,112317.6,112419.9,112267.0,112336.4,42408839.06860011
2025-08-28 23:44:59.886000+00:00,2025-08-28 23:30:00+00:00,continuous,112336.4,112457.7,112277.7,112420.3,61686702.63899993
2025-08-28 23:59:59.884000+00:00,2025-08-28 23:45:00+00:00,continuous,112420.2,112519.1,112388.8,112507.3,59103494.76899986
2025-08-29 00:14:59.650000+00:00,2025-08-29 00:00:00+00:00,continuous,112507.3,112507.4,112301.5,112366.3,79744494.40120047
2025-08-29 00:29:59.652000+00:00,2025-08-29 00:15:00+00:00,continuous,112366.2,112585.7,112277.7,112547.7,90330287.78950036
2025-08-29 00:44:58.774000+00:00,2025-08-29 00:30:00+00:00,continuous,112547.7,112562.8,112155.0,112185.8,117788064.26839991
2025-08-29 00:59:59.238000+00:00,2025-08-29 00:45:00+00:00,continuous,112185.7,112233.0,112072.7,112160.8,60943532.952300064
2025-08-29 01:14:59.950000+00:00,2025-08-29 01:00:00+00:00,continuous,112160.7,112227.3,111840.0,111865.6,135497361.0535
2025-08-29 01:29:59.715000+00:00,2025-08-29 01:15:00+00:00,continuous,111865.6,111865.7,111350.1,111494.0,470088780.64479434
2025-08-29 01:44:59.601000+00:00,2025-08-29 01:30:00+00:00,continuous,111493.9,111658.1,111400.4,111595.9,130352410.36689974
2025-08-29 01:59:59.650000+00:00,2025-08-29 01:45:00+00:00,continuous,111596.0,111661.0,111376.1,111425.0,109804726.00740027
2025-08-29 02:14:59.812000+00:00,2025-08-29 02:00:00+00:00,continuous,111425.0,111636.2,111356.0,111600.1,113486041.8701
2025-08-29 02:29:59.846000+00:00,2025-08-29 02:15:00+00:00,continuous,111600.0,111720.0,111402.3,111486.3,121291675.23600048
2025-08-29 02:44:59.653000+00:00,2025-08-29 02:30:00+00:00,continuous,111486.3,111544.3,111353.0,111367.1,77140375.12849975
2025-08-29 02:59:59.947000+00:00,2025-08-29 02:45:00+00:00,continuous,111367.2,111466.3,111311.0,111370.1,72700998.25029983
2025-08-29 03:14:59.593000+00:00,2025-08-29 03:00:00+00:00,continuous,111370.0,111569.0,111238.5,111472.1,141676359.2617998
2025-08-29 03:29:59.805000+00:00,2025-08-29 03:15:00+00:00,continuous,111472.2,111598.5,111455.0,111560.1,70676650.77760008
2025-08-29 03:44:59.526000+00:00,2025-08-29 03:30:00+00:00,continuous,111560.0,111754.0,111514.6,111689.7,76104937.36400023
2025-08-29 03:59:59.974000+00:00,2025-08-29 03:45:00+00:00,continuous,111689.7,111772.0,111648.5,111648.6,59375106.66810014
2025-08-29 04:14:59.819000+00:00,2025-08-29 04:00:00+00:00,continuous,111648.5,111797.2,111558.7,111621.8,95950942.38380033
2025-08-29 04:29:59.686000+00:00,2025-08-29 04:15:00+00:00,continuous,111621.9,111677.8,111561.2,111623.0,47930960.44599991
2025-08-29 04:44:59.905000+00:00,2025-08-29 04:30:00+00:00,continuous,111623.0,111623.1,111475.0,111525.0,43617062.49360021
2025-08-29 04:59:59.871000+00:00,2025-08-29 04:45:00+00:00,continuous,111525.0,111572.6,111365.8,111456.8,63917578.69749999
2025-08-29 05:14:59.563000+00:00,2025-08-29 05:00:00+00:00,continuous,111456.8,111538.4,111355.0,111392.6,69134589.66840005
2025-08-29 05:29:59.846000+00:00,2025-08-29 05:15:00+00:00,continuous,111392.6,111392.7,111200.0,111266.2,106195887.46900043
2025-08-29 05:44:59.959000+00:00,2025-08-29 05:30:00+00:00,continuous,111266.2,111266.2,111119.7,111143.5,118240739.33320007
2025-08-29 05:59:59.601000+00:00,2025-08-29 05:45:00+00:00,continuous,111143.5,111271.3,111088.5,111265.8,94026646.39459969
2025-08-29 06:14:59.873000+00:00,2025-08-29 06:00:00+00:00,continuous,111265.8,111361.4,111088.1,111101.1,93731266.70360002
2025-08-29 06:17:34.786000+00:00,2025-08-29 06:15:00+00:00,continuous,111101.0,111124.7,110926.2,110966.4,91401267.2059998
2025-08-29 06:44:59.976000+00:00,2025-08-29 06:30:00+00:00,continuous,110966.3,111280.0,110850.0,111246.6,219043835.4834009
2025-08-29 06:59:59.357000+00:00,2025-08-29 06:45:00+00:00,continuous,111265.0,111284.9,111098.4,111223.9,189471120.98580137
2025-08-29 07:14:59.994000+00:00,2025-08-29 07:00:00+00:00,continuous,111224.0,111238.8,110472.9,110479.9,407706977.3443011
2025-08-29 07:29:59.930000+00:00,2025-08-29 07:15:00+00:00,continuous,110480.0,110600.7,110064.0,110100.1,533214679.78029984
2025-08-29 07:44:59.903000+00:00,2025-08-29 07:30:00+00:00,continuous,110100.1,110305.3,110024.3,110026.0,304708555.9506958
2025-08-29 07:59:59.967000+00:00,2025-08-29 07:45:00+00:00,continuous,110026.0,110133.3,109850.0,109969.0,304538603.2540974
2025-08-29 08:14:59.608000+00:00,2025-08-29 08:00:00+00:00,continuous,109969.0,110254.9,109900.4,110002.2,283269670.26110035
2025-08-29 08:29:59.959000+00:00,2025-08-29 08:15:00+00:00,continuous,110002.2,110148.0,109881.3,109970.6,208009775.14790082
2025-08-29 08:44:59.621000+00:00,2025-08-29 08:30:00+00:00,continuous,109970.5,110114.2,109653.1,109836.7,373068938.41510385
2025-08-29 08:59:59.705000+00:00,2025-08-29 08:45:00+00:00,continuous,109836.6,109878.2,109555.5,109579.7,214481777.7318993
2025-08-29 09:14:59.917000+00:00,2025-08-29 09:00:00+00:00,continuous,109579.8,109644.7,109360.0,109512.3,309759308.1065989
2025-08-29 09:29:59.943000+00:00,2025-08-29 09:15:00+00:00,continuous,109512.2,109775.6,109508.1,109699.3,164023271.77080113
2025-08-29 09:44:59.853000+00:00,2025-08-29 09:30:00+00:00,continuous,109699.3,109763.7,109590.0,109763.7,105825808.60160004
2025-08-29 09:59:59.581000+00:00,2025-08-29 09:45:00+00:00,continuous,109763.7,109868.3,109710.6,109710.6,112009412.19790006
2025-08-29 10:14:59.582000+00:00,2025-08-29 10:00:00+00:00,continuous,109710.7,109928.5,109687.8,109791.3,147678694.54409984
2025-08-29 10:29:59.667000+00:00,2025-08-29 10:15:00+00:00,continuous,109791.3,109963.9,109726.4,109885.8,88718815.86709985
2025-08-29 10:44:58.856000+00:00,2025-08-29 10:30:00+00:00,continuous,109885.8,109961.2,109800.0,109949.3,86586040.41379961
2025-08-29 10:59:59.813000+00:00,2025-08-29 10:45:00+00:00,continuous,109949.4,109983.9,109795.4,109949.8,70035438.6486
2025-08-29 11:14:59.807000+00:00,2025-08-29 11:00:00+00:00,continuous,109949.8,110115.0,109851.4,110059.5,159431419.38710013
2025-08-29 11:29:59.506000+00:00,2025-08-29 11:15:00+00:00,continuous,110059.5,110072.5,109959.5,109995.8,81095610.82090077
2025-08-29 11:44:59.577000+00:00,2025-08-29 11:30:00+00:00,continuous,109995.7,110015.2,109776.9,109842.8,101126120.87959954
2025-08-29 11:59:59.990000+00:00,2025-08-29 11:45:00+00:00,continuous,109842.8,110047.9,109842.8,110047.8,61340120.99859984
2025-08-29 12:14:59.687000+00:00,2025-08-29 12:00:00+00:00,continuous,110047.8,110224.0,110020.6,110224.0,135089205.99140063
2025-08-29 12:29:59.933000+00:00,2025-08-29 12:15:00+00:00,continuous,110224.0,110314.0,110115.1,110292.2,126339449.07730046
2025-08-29 12:44:59.899000+00:00,2025-08-29 12:30:00+00:00,continuous,110292.2,111489.5,110292.1,110502.6,1421221037.9128034
2025-08-29 12:59:59.536000+00:00,2025-08-29 12:45:00+00:00,continuous,110502.6,110745.0,110455.4,110667.7,176804948.8491998
2025-08-29 13:14:59.437000+00:00,2025-08-29 13:00:00+00:00,continuous,110667.6,110728.8,110440.7,110622.7,105034042.46770005
2025-08-29 13:29:59.954000+00:00,2025-08-29 13:15:00+00:00,continuous,110622.7,110655.9,110364.2,110450.0,110654564.59950006
2025-08-29 13:44:59.480000+00:00,2025-08-29 13:30:00+00:00,continuous,110450.0,110507.6,109503.6,109669.3,746555853.4618928
2025-08-29 13:59:59.912000+00:00,2025-08-29 13:45:00+00:00,continuous,109669.3,109677.3,108808.1,109056.4,963647010.5736027
2025-08-29 14:14:59.685000+00:00,2025-08-29 14:00:00+00:00,continuous,109056.5,109490.5,108400.0,108707.5,1119743418.336115
2025-08-29 14:29:59.880000+00:00,2025-08-29 14:15:00+00:00,continuous,108707.4,108911.7,108240.0,108599.9,821911246.6862992
2025-08-29 14:44:59.840000+00:00,2025-08-29 14:30:00+00:00,continuous,108599.8,108810.9,108359.9,108509.4,325951357.49839914
2025-08-29 14:59:59.969000+00:00,2025-08-29 14:45:00+00:00,continuous,108509.3,108671.0,108034.1,108154.5,453089200.22759986
2025-08-29 15:14:59.847000+00:00,2025-08-29 15:00:00+00:00,continuous,108154.4,108421.3,108125.0,108184.0,312697807.1561997
2025-08-29 15:29:59.789000+00:00,2025-08-29 15:15:00+00:00,continuous,108184.0,108666.0,108183.9,108300.3,421312171.8310993
2025-08-29 15:44:59.931000+00:00,2025-08-29 15:30:00+00:00,continuous,108300.3,108547.7,108150.0,108426.3,342145318.9870976
2025-08-29 15:59:59.757000+00:00,2025-08-29 15:45:00+00:00,continuous,108426.3,108531.5,108234.7,108334.4,181045571.23859993
2025-08-29 16:14:59.781000+00:00,2025-08-29 16:00:00+00:00,continuous,108334.4,108637.9,108088.0,108577.0,259832212.62279844
2025-08-29 16:29:59.647000+00:00,2025-08-29 16:15:00+00:00,continuous,108577.1,108711.0,108431.9,108453.2,150936038.58430058
2025-08-29 16:44:59.840000+00:00,2025-08-29 16:30:00+00:00,continuous,108453.3,108777.0,108450.0,108693.3,158375730.1692996
2025-08-29 16:59:59.585000+00:00,2025-08-29 16:45:00+00:00,continuous,108693.2,108773.7,108495.7,108648.0,115252335.6767002
2025-08-29 17:14:59.829000+00:00,2025-08-29 17:00:00+00:00,continuous,108648.0,108674.6,108163.1,108181.0,152063721.57569918
2025-08-29 17:29:59.685000+00:00,2025-08-29 17:15:00+00:00,continuous,108180.9,108500.0,108108.0,108352.2,137117148.15430033
2025-08-29 17:44:59.905000+00:00,2025-08-29 17:30:00+00:00,continuous,108352.2,108570.5,108276.3,108396.1,88719332.05220003
2025-08-29 17:59:59.868000+00:00,2025-08-29 17:45:00+00:00,continuous,108396.2,108533.4,108368.3,108411.5,80763599.86720008
2025-08-29 18:14:59.961000+00:00,2025-08-29 18:00:00+00:00,continuous,108411.5,108459.9,108242.8,108297.6,98061017.49889961
2025-08-29 18:29:59.987000+00:00,2025-08-29 18:15:00+00:00,continuous,108298.0,108354.4,108045.0,108081.4,210104192.0445
2025-08-29 18:44:59.650000+00:00,2025-08-29 18:30:00+00:00,continuous,108081.5,108200.0,108054.1,108091.8,92239102.08170006
2025-08-29 18:59:59.518000+00:00,2025-08-29 18:45:00+00:00,continuous,108091.9,108186.1,108054.1,108092.5,74560422.6643005
2025-08-29 19:14:59.109000+00:00,2025-08-29 19:00:00+00:00,continuous,108092.4,108423.7,107869.6,108311.2,312033720.3577986
2025-08-29 19:29:59.997000+00:00,2025-08-29 19:15:00+00:00,continuous,108311.1,108696.7,108302.4,108598.0,169856801.97059825
2025-08-29 19:44:58.740000+00:00,2025-08-29 19:30:00+00:00,continuous,108597.9,108697.7,108331.4,108477.6,91366538.04580016
2025-08-29 19:59:59.968000+00:00,2025-08-29 19:45:00+00:00,continuous,108477.7,108585.4,108121.6,108155.5,123729129.59250014
2025-08-29 20:14:59.667000+00:00,2025-08-29 20:00:00+00:00,continuous,108155.5,108213.5,107654.0,107853.8,485171672.11199915
2025-08-29 20:29:59.878000+00:00,2025-08-29 20:15:00+00:00,continuous,107853.8,107999.9,107710.0,107929.8,164773125.34529975
2025-08-29 20:44:59.978000+00:00,2025-08-29 20:30:00+00:00,continuous,107929.8,107929.8,107613.6,107613.6,153542831.7223997
2025-08-29 20:59:59.873000+00:00,2025-08-29 20:45:00+00:00,continuous,107613.6,107837.4,107468.1,107742.6,328705062.0474017
2025-08-29 21:14:59.878000+00:00,2025-08-29 21:00:00+00:00,continuous,107742.5,107850.0,107411.4,107850.0,212989969.04070017
2025-08-29 21:29:59.836000+00:00,2025-08-29 21:15:00+00:00,continuous,107850.0,107918.9,107692.3,107918.9,87199070.44129936
2025-08-29 21:44:59.984000+00:00,2025-08-29 21:30:00+00:00,continuous,107918.9,108375.9,107918.9,108363.0,301589632.35770375
2025-08-29 21:59:59.920000+00:00,2025-08-29 21:45:00+00:00,continuous,108363.1,108430.3,108200.0,108393.4,110304394.13880007
2025-08-29 22:14:59.872000+00:00,2025-08-29 22:00:00+00:00,continuous,108393.4,108433.4,108250.0,108250.0,89876837.18090005
2025-08-29 22:29:59.554000+00:00,2025-08-29 22:15:00+00:00,continuous,108250.0,108393.8,108230.0,108293.7,60112101.733999826
2025-08-29 22:44:59.556000+00:00,2025-08-29 22:30:00+00:00,continuous,108293.8,108360.9,108160.0,108198.0,50491838.11649975
2025-08-29 22:59:59.934000+00:00,2025-08-29 22:45:00+00:00,continuous,108198.0,108337.5,108160.0,108337.5,37149856.84899983
2025-08-29 23:14:59.719000+00:00,2025-08-29 23:00:00+00:00,continuous,108337.5,108461.5,108300.0,108371.9,75657317.53530015
2025-08-29 23:29:59.287000+00:00,2025-08-29 23:15:00+00:00,continuous,108372.0,108488.0,108361.1,108405.0,55497713.06879998
2025-08-29 23:44:59.631000+00:00,2025-08-29 23:30:00+00:00,continuous,108405.0,108513.0,108396.6,108494.4,59196630.79400004
2025-08-29 23:59:59.404000+00:00,2025-08-29 23:45:00+00:00,continuous,108494.4,108494.5,108288.3,108332.4,61726881.958300084
2025-08-30 00:14:59.578000+00:00,2025-08-30 00:00:00+00:00,continuous,108332.4,108355.5,108213.3,108213.4,84813882.33330005
2025-08-30 00:29:59.789000+00:00,2025-08-30 00:15:00+00:00,continuous,108213.4,108377.2,108184.9,108263.9,51635941.04050029
2025-08-30 00:44:59.933000+00:00,2025-08-30 00:30:00+00:00,continuous,108263.9,108278.7,108101.9,108120.6,90602683.02300026
2025-08-30 00:59:59.027000+00:00,2025-08-30 00:45:00+00:00,continuous,108120.6,108280.1,108120.6,108259.4,57823026.04360004
2025-08-30 01:14:59.964000+00:00,2025-08-30 01:00:00+00:00,continuous,108259.4,108318.1,108218.1,108264.1,49575966.802099966
2025-08-30 01:29:59.549000+00:00,2025-08-30 01:15:00+00:00,continuous,108264.0,108264.0,107985.0,108003.5,77313785.98299986
2025-08-30 01:44:59.539000+00:00,2025-08-30 01:30:00+00:00,continuous,108003.5,108090.7,107985.0,107997.9,57079268.26969957
2025-08-30 01:59:59.935000+00:00,2025-08-30 01:45:00+00:00,continuous,107997.9,107997.9,107281.0,107404.9,339340724.77440065
2025-08-30 02:14:59.931000+00:00,2025-08-30 02:00:00+00:00,continuous,107405.0,107751.6,107340.6,107736.4,200718331.1195999
2025-08-30 02:29:59.514000+00:00,2025-08-30 02:15:00+00:00,continuous,107736.3,107825.3,107569.0,107786.7,86502428.72780001
2025-08-30 02:44:59.906000+00:00,2025-08-30 02:30:00+00:00,continuous,107786.7,107910.7,107786.6,107897.9,74036461.37539983
2025-08-30 02:59:59.859000+00:00,2025-08-30 02:45:00+00:00,continuous,107897.9,107903.5,107738.2,107738.3,68015149.32229982
2025-08-30 03:14:59.822000+00:00,2025-08-30 03:00:00+00:00,continuous,107738.2,108020.3,107723.7,107990.3,92937298.06450017
2025-08-30 03:29:59.995000+00:00,2025-08-30 03:15:00+00:00,continuous,107990.2,108256.5,107946.5,108176.2,179879208.30840027
2025-08-30 03:44:59.776000+00:00,2025-08-30 03:30:00+00:00,continuous,108176.3,108366.1,108176.2,108282.5,162022122.85120025
2025-08-30 03:59:59.942000+00:00,2025-08-30 03:45:00+00:00,continuous,108282.6,108378.0,108274.2,108367.9,97876088.31329983
2025-08-30 04:14:59.982000+00:00,2025-08-30 04:00:00+00:00,continuous,108368.0,108444.0,108316.4,108409.6,119531137.51269947
2025-08-30 04:29:59.862000+00:00,2025-08-30 04:15:00+00:00,continuous,108409.7,108615.3,108400.5,108581.2,146517310.02349952
2025-08-30 04:44:59.555000+00:00,2025-08-30 04:30:00+00:00,continuous,108581.1,108584.4,108417.1,108441.3,87209738.78769924
2025-08-30 04:59:59.757000+00:00,2025-08-30 04:45:00+00:00,continuous,108441.4,108481.0,108345.2,108373.8,70725743.06479976
2025-08-30 05:14:59.892000+00:00,2025-08-30 05:00:00+00:00,continuous,108373.8,108424.4,108203.0,108203.0,95203914.79239982
2025-08-30 05:29:59.905000+00:00,2025-08-30 05:15:00+00:00,continuous,108203.1,108277.7,108168.7,108168.9,67202313.22199985
2025-08-30 05:44:59.973000+00:00,2025-08-30 05:30:00+00:00,continuous,108168.9,108403.3,108082.4,108334.5,107390132.06459926
2025-08-30 05:59:59.581000+00:00,2025-08-30 05:45:00+00:00,continuous,108334.6,108392.5,108242.5,108300.1,62569016.4850003
2025-08-30 06:14:59.938000+00:00,2025-08-30 06:00:00+00:00,continuous,108300.1,108515.9,108267.2,108284.9,116829505.21679984
2025-08-30 06:29:59.483000+00:00,2025-08-30 06:15:00+00:00,continuous,108284.8,108369.8,108214.5,108226.8,47909558.344099805
2025-08-30 06:44:59.939000+00:00,2025-08-30 06:30:00+00:00,continuous,108226.8,108298.5,108200.1,108241.1,27852131.674000002
2025-08-30 06:59:59.920000+00:00,2025-08-30 06:45:00+00:00,continuous,108241.0,108276.0,108172.2,108276.0,55597255.21969991
2025-08-30 07:14:59.237000+00:00,2025-08-30 07:00:00+00:00,continuous,108275.9,108340.6,108067.5,108225.1,81032125.56650001
2025-08-30 07:29:59.492000+00:00,2025-08-30 07:15:00+00:00,continuous,108225.1,108235.0,108156.1,108234.9,30462372.74779993
2025-08-30 07:44:59.859000+00:00,2025-08-30 07:30:00+00:00,continuous,108234.9,108446.7,108230.0,108446.7,71047715.60750036
2025-08-30 07:59:59.514000+00:00,2025-08-30 07:45:00+00:00,continuous,108446.6,108467.8,108422.0,108466.6,55385782.84009989
2025-08-30 08:14:59.570000+00:00,2025-08-30 08:00:00+00:00,continuous,108466.6,108639.7,108431.9,108595.4,167416310.561901
2025-08-30 08:29:59.853000+00:00,2025-08-30 08:15:00+00:00,continuous,108595.4,108742.9,108558.6,108678.6,121664150.57249977
2025-08-30 08:44:59.613000+00:00,2025-08-30 08:30:00+00:00,continuous,108678.7,108678.7,108520.1,108560.5,80179857.54540004
2025-08-30 08:59:59.930000+00:00,2025-08-30 08:45:00+00:00,continuous,108560.6,108564.2,108480.5,108521.8,40885306.85700015
2025-08-30 09:14:59.970000+00:00,2025-08-30 09:00:00+00:00,continuous,108521.7,108561.8,108451.0,108451.4,46380551.08110007
2025-08-30 09:29:59.934000+00:00,2025-08-30 09:15:00+00:00,continuous,108451.5,108540.0,108443.7,108485.7,26583939.62
2025-08-30 09:44:59.522000+00:00,2025-08-30 09:30:00+00:00,continuous,108485.6,108485.7,108420.3,108434.0,33102897.645700008
2025-08-30 09:59:59.739000+00:00,2025-08-30 09:45:00+00:00,continuous,108434.0,108558.9,108419.2,108476.0,31796378.947700005
2025-08-30 10:14:59.783000+00:00,2025-08-30 10:00:00+00:00,continuous,108476.1,108591.7,108442.5,108545.0,99109942.6212997
2025-08-30 10:29:59.597000+00:00,2025-08-30 10:15:00+00:00,continuous,108545.0,108660.1,108545.0,108648.1,50827647.82600018
2025-08-30 10:44:59.565000+00:00,2025-08-30 10:30:00+00:00,continuous,108648.1,108648.2,108432.5,108446.2,68678779.86759996
2025-08-30 10:59:59.791000+00:00,2025-08-30 10:45:00+00:00,continuous,108446.3,108446.3,108359.6,108380.8,72350949.1107998
2025-08-30 11:14:59.621000+00:00,2025-08-30 11:00:00+00:00,continuous,108380.9,108500.0,108374.5,108488.6,32892138.170200106
2025-08-30 11:29:59.802000+00:00,2025-08-30 11:15:00+00:00,continuous,108488.6,108504.0,108426.0,108504.0,22565012.992299993
2025-08-30 11:44:59.886000+00:00,2025-08-30 11:30:00+00:00,continuous,108504.0,108551.9,108467.8,108547.4,34684482.07420015
2025-08-30 11:59:59.921000+00:00,2025-08-30 11:45:00+00:00,continuous,108547.3,108668.8,108547.3,108638.6,65191980.1268999
2025-08-30 12:14:59.680000+00:00,2025-08-30 12:00:00+00:00,continuous,108638.6,108638.7,108414.8,108525.6,55256834.2905999
2025-08-30 12:29:59.354000+00:00,2025-08-30 12:15:00+00:00,continuous,108525.5,108525.6,108430.8,108462.6,44970770.097499885
2025-08-30 12:44:59.885000+00:00,2025-08-30 12:30:00+00:00,continuous,108462.6,108480.0,108289.0,108402.4,151827636.17600048
2025-08-30 12:59:59.732000+00:00,2025-08-30 12:45:00+00:00,continuous,108402.4,108564.0,108402.3,108563.9,84905958.81109972
2025-08-30 13:14:59.805000+00:00,2025-08-30 13:00:00+00:00,continuous,108563.9,108564.0,108155.0,108222.1,240966959.6821009
2025-08-30 13:29:59.894000+00:00,2025-08-30 13:15:00+00:00,continuous,108222.0,108372.4,108163.9,108372.3,110827103.85620078
2025-08-30 13:44:59.492000+00:00,2025-08-30 13:30:00+00:00,continuous,108372.3,108475.4,108355.3,108355.4,54024889.4364
2025-08-30 13:59:59.998000+00:00,2025-08-30 13:45:00+00:00,continuous,108355.3,108499.0,108300.4,108492.3,45116289.424299784
2025-08-30 14:14:59.596000+00:00,2025-08-30 14:00:00+00:00,continuous,108492.2,108492.3,108398.0,108421.3,44506170.89830016
2025-08-30 14:29:59.505000+00:00,2025-08-30 14:15:00+00:00,continuous,108421.4,108509.8,108358.1,108509.7,55865917.465799876
2025-08-30 14:44:59.598000+00:00,2025-08-30 14:30:00+00:00,continuous,108509.7,108600.0,108491.5,108575.8,70926959.53350043
2025-08-30 14:59:59.811000+00:00,2025-08-30 14:45:00+00:00,continuous,108575.8,108678.9,108575.8,108607.2,72575876.15709999
2025-08-30 15:14:59.827000+00:00,2025-08-30 15:00:00+00:00,continuous,108607.1,108607.2,108495.8,108545.3,43828080.678899996
2025-08-30 15:29:59.881000+00:00,2025-08-30 15:15:00+00:00,continuous,108545.4,108822.4,108545.4,108719.6,162239299.52809975
2025-08-30 15:44:59.776000+00:00,2025-08-30 15:30:00+00:00,continuous,108719.7,108879.6,108595.9,108867.0,143618603.2948006
2025-08-30 15:59:59.804000+00:00,2025-08-30 15:45:00+00:00,continuous,108867.0,108867.0,108772.7,108809.8,72036761.8837998
2025-08-30 16:14:59.882000+00:00,2025-08-30 16:00:00+00:00,continuous,108809.8,108813.1,108619.4,108639.9,51674745.11889991
2025-08-30 16:29:59.975000+00:00,2025-08-30 16:15:00+00:00,continuous,108640.0,108726.8,108619.3,108665.2,45242913.51650006
2025-08-30 16:44:59.459000+00:00,2025-08-30 16:30:00+00:00,continuous,108665.1,108762.1,108637.0,108762.0,34748723.90659998
2025-08-30 16:59:59.842000+00:00,2025-08-30 16:45:00+00:00,continuous,108762.0,108830.0,108762.0,108762.1,37082157.202700146
2025-08-30 17:14:59.567000+00:00,2025-08-30 17:00:00+00:00,continuous,108762.1,108849.0,108740.5,108826.0,53520928.983300045
2025-08-30 17:29:59.938000+00:00,2025-08-30 17:15:00+00:00,continuous,108826.1,108829.3,108747.8,108777.2,47685579.633300096
2025-08-30 17:44:59.545000+00:00,2025-08-30 17:30:00+00:00,continuous,108777.1,108799.0,108633.7,108651.4,38995912.28229997
2025-08-30 17:59:59.494000+00:00,2025-08-30 17:45:00+00:00,continuous,108651.3,108729.0,108562.0,108729.0,50242601.669500165
2025-08-30 18:14:59.193000+00:00,2025-08-30 18:00:00+00:00,continuous,108728.9,108763.6,108684.8,108703.1,30419513.936199922
2025-08-30 18:29:59.610000+00:00,2025-08-30 18:15:00+00:00,continuous,108703.1,108703.1,108591.7,108642.6,32694764.758800227
2025-08-30 18:44:59.687000+00:00,2025-08-30 18:30:00+00:00,continuous,108642.7,108674.5,108567.5,108674.5,29075442.337200027
2025-08-30 18:59:59.441000+00:00,2025-08-30 18:45:00+00:00,continuous,108674.7,108787.3,108661.6,108684.7,37986277.70169995
2025-08-30 19:14:59.635000+00:00,2025-08-30 19:00:00+00:00,continuous,108684.7,108712.6,108642.6,108665.8,19382347.716299996
2025-08-30 19:29:59.513000+00:00,2025-08-30 19:15:00+00:00,continuous,108665.8,108753.0,108594.2,108752.9,26786280.94029993
2025-08-30 19:44:59.970000+00:00,2025-08-30 19:30:00+00:00,continuous,108753.0,108830.0,108742.2,108830.0,22918179.69359997
2025-08-30 19:59:59.743000+00:00,2025-08-30 19:45:00+00:00,continuous,108830.0,108851.0,108708.9,108769.4,35990590.69770004
2025-08-30 20:14:59.257000+00:00,2025-08-30 20:00:00+00:00,continuous,108769.5,108776.1,108635.7,108675.7,24956943.796700004
2025-08-30 20:29:59.579000+00:00,2025-08-30 20:15:00+00:00,continuous,108675.7,108720.2,108624.3,108720.2,25178915.348499916
2025-08-30 20:44:59.186000+00:00,2025-08-30 20:30:00+00:00,continuous,108720.1,108727.6,108526.5,108579.8,47639748.417799614
2025-08-30 20:59:59.605000+00:00,2025-08-30 20:45:00+00:00,continuous,108579.9,108600.8,108544.8,108596.4,26536540.031299967
2025-08-30 21:14:59.809000+00:00,2025-08-30 21:00:00+00:00,continuous,108596.3,108631.7,108430.0,108587.5,84026400.20909955
2025-08-30 21:29:58.832000+00:00,2025-08-30 21:15:00+00:00,continuous,108587.5,108587.5,108521.3,108562.4,29851060.445699945
2025-08-30 21:44:59.587000+00:00,2025-08-30 21:30:00+00:00,continuous,108562.4,108562.4,108472.1,108525.2,23237863.61770004
2025-08-30 21:59:59.618000+00:00,2025-08-30 21:45:00+00:00,continuous,108525.1,108566.6,108490.3,108528.4,26026067.501199983
2025-08-30 22:14:59.607000+00:00,2025-08-30 22:00:00+00:00,continuous,108528.4,108535.6,108412.2,108462.1,39731484.388400115
2025-08-30 22:29:59.813000+00:00,2025-08-30 22:15:00+00:00,continuous,108462.0,108500.0,108451.9,108498.1,22866271.65240006
2025-08-30 22:44:58.513000+00:00,2025-08-30 22:30:00+00:00,continuous,108498.2,108513.8,108457.7,108513.7,22561211.117399827
2025-08-30 22:59:58.511000+00:00,2025-08-30 22:45:00+00:00,continuous,108513.7,108513.8,108472.8,108473.5,20042256.372300047
2025-08-30 23:14:59.739000+00:00,2025-08-30 23:00:00+00:00,continuous,108473.6,108586.4,108470.0,108561.7,37696815.81509991
2025-08-30 23:29:59.534000+00:00,2025-08-30 23:15:00+00:00,continuous,108561.6,108678.1,108552.5,108645.8,28513031.10529988
2025-08-30 23:44:59.448000+00:00,2025-08-30 23:30:00+00:00,continuous,108645.7,108735.0,108603.9,108721.3,33477037.525699895
2025-08-30 23:59:59.612000+00:00,2025-08-30 23:45:00+00:00,continuous,108721.4,108758.0,108691.2,108757.9,25405512.30439999
2025-08-31 00:14:59.830000+00:00,2025-08-31 00:00:00+00:00,continuous,108758.0,108810.5,108750.0,108784.7,63081765.209800154
2025-08-31 00:29:59.899000+00:00,2025-08-31 00:15:00+00:00,continuous,108784.7,108826.3,108754.0,108820.7,30540685.717700105
2025-08-31 00:44:59.919000+00:00,2025-08-31 00:30:00+00:00,continuous,108820.8,109177.9,108820.7,109152.2,214088170.37359947
2025-08-31 00:59:59.968000+00:00,2025-08-31 00:45:00+00:00,continuous,109152.1,109355.0,109089.1,109339.9,306093585.59600145
2025-08-31 01:14:59.476000+00:00,2025-08-31 01:00:00+00:00,continuous,109340.0,109354.0,109085.6,109095.2,119393734.41349979
2025-08-31 01:29:59.929000+00:00,2025-08-31 01:15:00+00:00,continuous,109095.2,109308.7,109091.9,109280.1,83815658.07489987
2025-08-31 01:44:59.655000+00:00,2025-08-31 01:30:00+00:00,continuous,109280.0,109398.5,109239.4,109281.0,102960912.58979978
2025-08-31 01:59:59.869000+00:00,2025-08-31 01:45:00+00:00,continuous,109281.1,109439.9,109244.5,109380.0,91126367.36680004
2025-08-31 02:14:59.471000+00:00,2025-08-31 02:00:00+00:00,continuous,109380.0,109395.0,109250.0,109333.4,81742018.51649973
2025-08-31 02:29:59.842000+00:00,2025-08-31 02:15:00+00:00,continuous,109333.4,109368.1,109230.7,109275.2,36919444.98580004
2025-08-31 02:44:59.569000+00:00,2025-08-31 02:30:00+00:00,continuous,109275.1,109275.2,109175.0,109175.0,45028662.817499965
2025-08-31 02:59:59.867000+00:00,2025-08-31 02:45:00+00:00,continuous,109175.1,109177.2,109121.7,109171.6,32517295.120700113
2025-08-31 03:14:59.694000+00:00,2025-08-31 03:00:00+00:00,continuous,109171.6,109292.6,109171.6,109269.6,47520820.55350022
2025-08-31 03:29:59.565000+00:00,2025-08-31 03:15:00+00:00,continuous,109269.6,109269.7,109144.2,109175.4,111902562.82009964
2025-08-31 03:44:59.550000+00:00,2025-08-31 03:30:00+00:00,continuous,109175.5,109269.7,109118.0,109269.7,63562316.64840008
2025-08-31 03:59:59.412000+00:00,2025-08-31 03:45:00+00:00,continuous,109269.6,109331.3,109101.2,109175.4,72633598.86330016
2025-08-31 04:14:59.239000+00:00,2025-08-31 04:00:00+00:00,continuous,109175.5,109190.4,108966.6,108972.0,104496361.28460133
2025-08-31 04:29:59.632000+00:00,2025-08-31 04:15:00+00:00,continuous,108971.9,108972.0,108766.1,108791.1,94308157.7854001
2025-08-31 04:44:59.566000+00:00,2025-08-31 04:30:00+00:00,continuous,108791.1,108820.6,108685.0,108685.1,97032930.74599998
2025-08-31 04:59:59.807000+00:00,2025-08-31 04:45:00+00:00,continuous,108685.0,108778.2,108628.0,108775.0,111283648.80749951
2025-08-31 05:14:59.579000+00:00,2025-08-31 05:00:00+00:00,continuous,108774.9,108775.0,108539.6,108650.5,97004493.41349943
2025-08-31 05:29:59.600000+00:00,2025-08-31 05:15:00+00:00,continuous,108650.4,108650.5,108514.2,108532.5,111113543.09450017
2025-08-31 05:44:59.863000+00:00,2025-08-31 05:30:00+00:00,continuous,108532.5,108702.4,108532.4,108697.9,66660100.916499816
2025-08-31 05:59:59.705000+00:00,2025-08-31 05:45:00+00:00,continuous,108698.0,108725.3,108630.2,108708.0,32154571.534700103
2025-08-31 06:14:59.639000+00:00,2025-08-31 06:00:00+00:00,continuous,108707.9,108730.4,108639.9,108720.7,40942134.95969992
2025-08-31 06:29:59.234000+00:00,2025-08-31 06:15:00+00:00,continuous,108720.8,108731.4,108518.1,108523.2,58912869.601200126
2025-08-31 06:44:59.496000+00:00,2025-08-31 06:30:00+00:00,continuous,108523.2,108693.2,108455.0,108622.1,89308168.47420017
2025-08-31 06:59:59.767000+00:00,2025-08-31 06:45:00+00:00,continuous,108622.1,108692.7,108614.3,108667.9,25647914.63390006
2025-08-31 07:14:58.460000+00:00,2025-08-31 07:00:00+00:00,continuous,108667.8,108781.1,108642.6,108727.2,32777629.513799988
2025-08-31 07:29:59.829000+00:00,2025-08-31 07:15:00+00:00,continuous,108727.3,108740.1,108615.3,108645.0,25659399.131200023
2025-08-31 07:44:59.809000+00:00,2025-08-31 07:30:00+00:00,continuous,108645.0,108750.0,108645.0,108726.3,24605697.12669993
2025-08-31 07:59:59.950000+00:00,2025-08-31 07:45:00+00:00,continuous,108726.3,108726.3,108636.9,108656.9,21489100.916299894
2025-08-31 08:14:59.998000+00:00,2025-08-31 08:00:00+00:00,continuous,108656.9,108785.2,108656.8,108785.2,33381344.965600066
2025-08-31 08:29:58.960000+00:00,2025-08-31 08:15:00+00:00,continuous,108785.1,108882.4,108765.4,108851.8,42830229.61640006
2025-08-31 08:44:59.985000+00:00,2025-08-31 08:30:00+00:00,continuous,108851.8,108945.7,108752.7,108945.6,62301939.967100285
2025-08-31 08:59:59.767000+00:00,2025-08-31 08:45:00+00:00,continuous,108945.7,108980.0,108874.9,108965.1,43478010.09720016
2025-08-31 09:14:58.941000+00:00,2025-08-31 09:00:00+00:00,continuous,108965.1,109065.0,108917.1,109002.5,53795815.25229994
2025-08-31 09:29:59.830000+00:00,2025-08-31 09:15:00+00:00,continuous,109002.5,109067.2,108841.7,108841.7,61678245.83300038
2025-08-31 09:44:59.586000+00:00,2025-08-31 09:30:00+00:00,continuous,108841.7,108867.6,108657.4,108660.4,95365445.48430006
2025-08-31 09:59:59.959000+00:00,2025-08-31 09:45:00+00:00,continuous,108660.3,108708.0,108404.7,108471.0,186889880.78340155
2025-08-31 10:14:59.986000+00:00,2025-08-31 10:00:00+00:00,continuous,108471.1,108514.0,108313.3,108405.0,181709145.1907999
2025-08-31 10:29:59.863000+00:00,2025-08-31 10:15:00+00:00,continuous,108404.9,108460.0,108310.0,108422.4,118461798.35700083
2025-08-31 10:44:59.771000+00:00,2025-08-31 10:30:00+00:00,continuous,108422.3,108467.9,108338.0,108350.0,58261253.631500125
2025-08-31 10:59:59.747000+00:00,2025-08-31 10:45:00+00:00,continuous,108350.0,108595.0,108251.3,108526.6,178105878.13849974
2025-08-31 11:14:59.860000+00:00,2025-08-31 11:00:00+00:00,continuous,108526.6,108560.1,108470.2,108472.5,40543238.95590007
2025-08-31 11:29:59.846000+00:00,2025-08-31 11:15:00+00:00,continuous,108472.4,108513.8,108274.4,108486.3,98393720.69070074
2025-08-31 11:44:59.512000+00:00,2025-08-31 11:30:00+00:00,continuous,108486.3,108522.2,108326.5,108342.3,51006381.18149998
2025-08-31 11:59:59.391000+00:00,2025-08-31 11:45:00+00:00,continuous,108342.4,108442.1,108332.1,108350.0,82493947.88790017
2025-08-31 12:14:59.973000+00:00,2025-08-31 12:00:00+00:00,continuous,108350.0,108409.1,108284.2,108296.1,102286947.15010057
2025-08-31 12:29:59.985000+00:00,2025-08-31 12:15:00+00:00,continuous,108296.1,108394.2,108274.3,108362.7,63361656.85680011
2025-08-31 12:44:59.986000+00:00,2025-08-31 12:30:00+00:00,continuous,108362.6,108450.0,108336.5,108347.0,49491079.459299766
2025-08-31 12:59:59.809000+00:00,2025-08-31 12:45:00+00:00,continuous,108347.1,108400.0,108264.8,108279.4,66711023.647199936
2025-08-31 13:14:59.798000+00:00,2025-08-31 13:00:00+00:00,continuous,108279.5,108383.9,108155.0,108171.9,123440130.62040055
2025-08-31 13:29:59.640000+00:00,2025-08-31 13:15:00+00:00,continuous,108171.8,108419.0,108153.8,108252.6,81687958.3242998
2025-08-31 13:44:59.751000+00:00,2025-08-31 13:30:00+00:00,continuous,108252.5,108345.7,108173.3,108342.0,51623168.95069991
2025-08-31 13:59:59.809000+00:00,2025-08-31 13:45:00+00:00,continuous,108342.0,108400.0,108271.6,108376.0,51133063.485900074
2025-08-31 14:14:59.840000+00:00,2025-08-31 14:00:00+00:00,continuous,108375.9,108440.0,108210.7,108283.1,70322226.46709964
2025-08-31 14:29:59.456000+00:00,2025-08-31 14:15:00+00:00,continuous,108283.0,108379.0,108233.5,108331.7,38642826.032800004
2025-08-31 14:44:59.534000+00:00,2025-08-31 14:30:00+00:00,continuous,108331.6,108475.3,108323.4,108402.1,65983846.02339989
2025-08-31 14:59:59.522000+00:00,2025-08-31 14:45:00+00:00,continuous,108402.1,108460.1,108388.9,108422.6,47588411.12880033
2025-08-31 15:14:59.527000+00:00,2025-08-31 15:00:00+00:00,continuous,108422.6,108660.3,108412.7,108417.2,114700651.45800006
2025-08-31 15:29:59.821000+00:00,2025-08-31 15:15:00+00:00,continuous,108417.3,108532.0,108415.6,108514.5,54883648.190300085
2025-08-31 15:44:59.604000+00:00,2025-08-31 15:30:00+00:00,continuous,108514.6,108665.0,108429.9,108664.7,77160842.7603999
2025-08-31 15:59:59.994000+00:00,2025-08-31 15:45:00+00:00,continuous,108664.8,108808.5,108650.0,108758.2,120618829.63599974
2025-08-31 16:14:59.867000+00:00,2025-08-31 16:00:00+00:00,continuous,108758.2,108822.8,108644.5,108744.4,147095142.17959946
2025-08-31 16:29:59.751000+00:00,2025-08-31 16:15:00+00:00,continuous,108744.4,108765.7,108504.7,108633.4,178123282.55899987
2025-08-31 16:44:59.021000+00:00,2025-08-31 16:30:00+00:00,continuous,108633.4,108838.1,108562.7,108820.6,82104613.54620017
2025-08-31 16:59:59.564000+00:00,2025-08-31 16:45:00+00:00,continuous,108820.7,108930.0,108783.6,108867.0,133084371.5271997
2025-08-31 17:14:59.224000+00:00,2025-08-31 17:00:00+00:00,continuous,108867.0,108898.2,108830.0,108883.4,43560012.34790023
2025-08-31 17:29:59.622000+00:00,2025-08-31 17:15:00+00:00,continuous,108883.4,108921.7,108796.3,108904.3,42193006.959399685
2025-08-31 17:44:59.921000+00:00,2025-08-31 17:30:00+00:00,continuous,108904.4,108940.0,108806.1,108931.9,49349052.27310003
2025-08-31 17:59:59.438000+00:00,2025-08-31 17:45:00+00:00,continuous,108931.8,108948.1,108869.5,108945.0,43358508.82020006
2025-08-31 18:14:59.852000+00:00,2025-08-31 18:00:00+00:00,continuous,108945.0,108965.0,108873.0,108908.1,56376482.931900024
2025-08-31 18:29:59.913000+00:00,2025-08-31 18:15:00+00:00,continuous,108908.0,109089.7,108908.0,108954.1,74530210.02979977
2025-08-31 18:44:59.221000+00:00,2025-08-31 18:30:00+00:00,continuous,108954.1,109143.8,108939.8,109093.9,80466816.82779998
2025-08-31 18:59:59.957000+00:00,2025-08-31 18:45:00+00:00,continuous,109093.9,109196.5,109052.5,109089.0,62964252.03359966
2025-08-31 19:14:59.555000+00:00,2025-08-31 19:00:00+00:00,continuous,109089.0,109112.3,108908.9,108948.2,42823628.86700006
2025-08-31 19:29:59.903000+00:00,2025-08-31 19:15:00+00:00,continuous,108948.3,109021.9,108883.5,108922.5,32044334.203799922
2025-08-31 19:44:58.847000+00:00,2025-08-31 19:30:00+00:00,continuous,108922.6,109074.3,108922.5,109063.4,25466998.142400075
2025-08-31 19:59:59.591000+00:00,2025-08-31 19:45:00+00:00,continuous,109063.5,109063.5,108857.1,108877.2,47319288.12900023
2025-08-31 20:14:59.237000+00:00,2025-08-31 20:00:00+00:00,continuous,108877.3,109060.5,108821.8,108994.2,71203577.58359984
2025-08-31 20:29:59.305000+00:00,2025-08-31 20:15:00+00:00,continuous,108994.2,109027.2,108902.9,109013.7,40341964.61470015
2025-08-31 20:44:59.630000+00:00,2025-08-31 20:30:00+00:00,continuous,109013.7,109076.6,108915.9,108985.0,28403135.432699993
2025-08-31 20:59:57.878000+00:00,2025-08-31 20:45:00+00:00,continuous,108985.0,109079.3,108964.6,109079.3,19484504.598700028
2025-08-31 21:14:59.678000+00:00,2025-08-31 21:00:00+00:00,continuous,109079.2,109079.2,108896.3,108967.6,44581510.08719995
2025-08-31 21:29:58.653000+00:00,2025-08-31 21:15:00+00:00,continuous,108967.6,109022.9,108952.5,108973.5,45440140.16439996
2025-08-31 21:44:59.839000+00:00,2025-08-31 21:30:00+00:00,continuous,108973.5,109052.6,108953.3,109052.5,24140210.946700003
2025-08-31 21:59:58.328000+00:00,2025-08-31 21:45:00+00:00,continuous,109052.5,109061.7,108957.6,108986.4,19977677.996600017
2025-08-31 22:14:59.153000+00:00,2025-08-31 22:00:00+00:00,continuous,108986.5,109027.8,108820.0,109027.8,73071327.01170023
2025-08-31 22:29:59.918000+00:00,2025-08-31 22:15:00+00:00,continuous,109027.8,109192.3,109027.7,109126.0,55127966.56219996
2025-08-31 22:44:59.754000+00:00,2025-08-31 22:30:00+00:00,continuous,109126.1,109126.3,108789.0,108796.8,71655850.80880016
2025-08-31 22:59:59.629000+00:00,2025-08-31 22:45:00+00:00,continuous,108796.7,108887.5,108700.0,108842.4,65291948.76000021
2025-08-31 23:14:59.540000+00:00,2025-08-31 23:00:00+00:00,continuous,108842.3,108866.7,108557.6,108635.1,107097198.80619988
2025-08-31 23:29:59.002000+00:00,2025-08-31 23:15:00+00:00,continuous,108635.1,108635.1,108300.0,108336.8,216727479.29819962
2025-08-31 23:44:59.884000+00:00,2025-08-31 23:30:00+00:00,continuous,108336.7,108388.4,108021.0,108218.9,351165828.52160025
