timestamp,minute_start,session_id,open,high,low,close,volume
2026-01-01 00:14:59.294000+00:00,2026-01-01 00:00:00+00:00,continuous,87608.3,87791.9,87600.0,87705.0,65994654.30960019
2026-01-01 00:29:59.607000+00:00,2026-01-01 00:15:00+00:00,continuous,87705.0,87754.0,87705.0,87746.4,20784197.846699953
2026-01-01 00:44:58.576000+00:00,2026-01-01 00:30:00+00:00,continuous,87746.3,87747.0,87701.7,87715.0,21335727.50690005
2026-01-01 00:59:59.962000+00:00,2026-01-01 00:45:00+00:00,continuous,87715.0,87819.0,87714.9,87773.4,29694984.762500104
2026-01-01 01:14:59.621000+00:00,2026-01-01 01:00:00+00:00,continuous,87773.4,87983.3,87773.3,87960.8,79675536.26210003
2026-01-01 01:29:59.786000+00:00,2026-01-01 01:15:00+00:00,continuous,87960.9,88021.4,87833.6,87837.5,68534729.74610046
2026-01-01 01:44:59.140000+00:00,2026-01-01 01:30:00+00:00,continuous,87837.4,87866.5,87797.9,87858.6,27354970.345900025
2026-01-01 01:59:59.698000+00:00,2026-01-01 01:45:00+00:00,continuous,87858.7,87980.0,87841.2,87916.5,39022932.85370004
2026-01-01 02:14:59.625000+00:00,2026-01-01 02:00:00+00:00,continuous,87916.6,87997.5,87869.3,87963.1,29540364.064400043
2026-01-01 02:29:59.877000+00:00,2026-01-01 02:15:00+00:00,continuous,87963.1,88065.0,87904.2,87925.6,49133214.06040016
2026-01-01 02:44:59.553000+00:00,2026-01-01 02:30:00+00:00,continuous,87925.6,88029.2,87913.9,87928.4,49642254.61470018
2026-01-01 02:59:57.779000+00:00,2026-01-01 02:45:00+00:00,continuous,87928.3,87938.5,87866.0,87884.6,38434378.38109991
2026-01-01 03:14:59.612000+00:00,2026-01-01 03:00:00+00:00,continuous,87884.6,87968.5,87854.8,87962.4,36383288.17620002
2026-01-01 03:29:58.220000+00:00,2026-01-01 03:15:00+00:00,continuous,87962.3,87995.0,87863.4,87900.0,27889761.16750004
2026-01-01 03:44:58.796000+00:00,2026-01-01 03:30:00+00:00,continuous,87900.1,87925.0,87875.0,87907.6,14721646.2956
2026-01-01 03:59:59.946000+00:00,2026-01-01 03:45:00+00:00,continuous,87907.6,87907.7,87801.9,87824.6,26007074.41009996
2026-01-01 04:14:59.971000+00:00,2026-01-01 04:00:00+00:00,continuous,87824.6,87831.6,87608.3,87625.7,73825976.70590034
2026-01-01 04:29:58.323000+00:00,2026-01-01 04:15:00+00:00,continuous,87625.7,87668.0,87508.4,87605.6,85683082.5410996
2026-01-01 04:44:59.501000+00:00,2026-01-01 04:30:00+00:00,continuous,87605.6,87639.7,87528.0,87528.2,42327708.899900004
2026-01-01 04:59:59.628000+00:00,2026-01-01 04:45:00+00:00,continuous,87528.3,87647.3,87528.3,87567.0,41167340.98819982
2026-01-01 05:14:59.698000+00:00,2026-01-01 05:00:00+00:00,continuous,87566.9,87701.2,87566.9,87669.7,27325376.899399936
2026-01-01 05:29:59.315000+00:00,2026-01-01 05:15:00+00:00,continuous,87669.7,87709.1,87624.1,87680.0,21352699.76599999
2026-01-01 05:44:57.283000+00:00,2026-01-01 05:30:00+00:00,continuous,87680.0,87720.6,87620.0,87674.3,28741402.03340011
2026-01-01 05:59:57.533000+00:00,2026-01-01 05:45:00+00:00,continuous,87674.4,87700.0,87667.5,87674.7,10523210.934399955
2026-01-01 06:14:59.230000+00:00,2026-01-01 06:00:00+00:00,continuous,87674.7,87674.7,87602.8,87624.6,30500487.31080016
2026-01-01 06:29:58.080000+00:00,2026-01-01 06:15:00+00:00,continuous,87624.6,87635.3,87621.4,87632.6,9525019.240699964
2026-01-01 06:44:57.189000+00:00,2026-01-01 06:30:00+00:00,continuous,87632.6,87646.8,87621.6,87630.6,19353749.170300003
2026-01-01 06:59:59.989000+00:00,2026-01-01 06:45:00+00:00,continuous,87630.6,87635.6,87621.5,87621.5,8881042.275500003
2026-01-01 07:14:59.656000+00:00,2026-01-01 07:00:00+00:00,continuous,87621.6,87640.1,87558.5,87615.5,28520325.113399968
2026-01-01 07:29:59.395000+00:00,2026-01-01 07:15:00+00:00,continuous,87615.5,87639.7,87570.0,87572.6,22990326.26739998
2026-01-01 07:44:59.466000+00:00,2026-01-01 07:30:00+00:00,continuous,87572.7,87637.5,87572.7,87608.3,20945346.092100028
2026-01-01 07:59:59.002000+00:00,2026-01-01 07:45:00+00:00,continuous,87608.2,87640.1,87580.9,87603.7,26536583.721199974
2026-01-01 08:14:59.983000+00:00,2026-01-01 08:00:00+00:00,continuous,87603.7,87799.5,87590.0,87731.1,109992119.53290007
2026-01-01 08:29:59.682000+00:00,2026-01-01 08:15:00+00:00,continuous,87731.1,87746.8,87683.0,87710.0,20190582.043700285
2026-01-01 08:44:59.958000+00:00,2026-01-01 08:30:00+00:00,continuous,87709.9,87755.3,87666.3,87666.4,40507321.02890009
2026-01-01 08:59:59.584000+00:00,2026-01-01 08:45:00+00:00,continuous,87666.3,87745.9,87666.3,87741.5,18341984.461699963
2026-01-01 09:14:59.815000+00:00,2026-01-01 09:00:00+00:00,continuous,87741.5,87834.2,87716.8,87822.7,32292680.492900074
2026-01-01 09:29:59.340000+00:00,2026-01-01 09:15:00+00:00,continuous,87822.7,87941.2,87782.8,87799.3,66061698.51070036
2026-01-01 09:44:59.341000+00:00,2026-01-01 09:30:00+00:00,continuous,87799.3,87848.1,87799.3,87842.4,17660291.99599991
2026-01-01 09:59:59.796000+00:00,2026-01-01 09:45:00+00:00,continuous,87842.3,87846.8,87815.6,87846.7,17449202.69179999
2026-01-01 10:14:59.265000+00:00,2026-01-01 10:00:00+00:00,continuous,87846.8,87853.5,87820.0,87831.0,17734194.98450006
2026-01-01 10:29:59.797000+00:00,2026-01-01 10:15:00+00:00,continuous,87831.1,87831.1,87753.0,87824.4,26566221.420500007
2026-01-01 10:44:59.241000+00:00,2026-01-01 10:30:00+00:00,continuous,87824.4,87832.9,87796.9,87800.2,11973891.58229998
2026-01-01 10:59:59.682000+00:00,2026-01-01 10:45:00+00:00,continuous,87800.2,87853.9,87797.1,87833.9,16140598.010300053
2026-01-01 11:14:59.640000+00:00,2026-01-01 11:00:00+00:00,continuous,87833.8,87931.5,87820.0,87892.3,42589585.25009999
2026-01-01 11:29:59.691000+00:00,2026-01-01 11:15:00+00:00,continuous,87892.4,87949.0,87884.3,87890.1,24031973.18249984
2026-01-01 11:44:59.933000+00:00,2026-01-01 11:30:00+00:00,continuous,87890.1,87925.1,87839.6,87880.0,26611117.23740005
2026-01-01 11:59:59.777000+00:00,2026-01-01 11:45:00+00:00,continuous,87880.0,87985.6,87880.0,87980.1,42770440.53280007
2026-01-01 12:14:59.821000+00:00,2026-01-01 12:00:00+00:00,continuous,87980.1,88000.0,87938.2,87959.8,53325882.41870007
2026-01-01 12:29:59.199000+00:00,2026-01-01 12:15:00+00:00,continuous,87959.8,87989.7,87903.7,87962.3,42882761.980399966
2026-01-01 12:44:59.950000+00:00,2026-01-01 12:30:00+00:00,continuous,87962.4,87962.4,87883.3,87930.0,34125981.81919988
2026-01-01 12:59:59.568000+00:00,2026-01-01 12:45:00+00:00,continuous,87930.0,87946.0,87898.6,87898.7,20172274.486099996
2026-01-01 13:14:59.899000+00:00,2026-01-01 13:00:00+00:00,continuous,87898.6,87954.2,87843.0,87940.4,27264830.85430001
2026-01-01 13:29:59.624000+00:00,2026-01-01 13:15:00+00:00,continuous,87940.3,87981.6,87914.4,87938.1,23483820.67290003
2026-01-01 13:44:59.889000+00:00,2026-01-01 13:30:00+00:00,continuous,87938.1,87950.0,87901.1,87945.4,23561668.94159996
2026-01-01 13:59:59.702000+00:00,2026-01-01 13:45:00+00:00,continuous,87945.3,87945.3,87809.4,87871.7,73333518.85660015
2026-01-01 14:14:59.148000+00:00,2026-01-01 14:00:00+00:00,continuous,87871.8,87923.0,87777.7,87910.1,90971058.62559927
2026-01-01 14:29:59.531000+00:00,2026-01-01 14:15:00+00:00,continuous,87910.0,87924.0,87799.3,87822.3,42320741.41409992
2026-01-01 14:44:58.893000+00:00,2026-01-01 14:30:00+00:00,continuous,87822.4,87867.8,87758.4,87860.3,45917075.283600256
2026-01-01 14:59:58.966000+00:00,2026-01-01 14:45:00+00:00,continuous,87860.3,87930.0,87842.2,87917.6,23326999.011100117
2026-01-01 15:14:59.669000+00:00,2026-01-01 15:00:00+00:00,continuous,87917.6,87942.9,87871.8,87942.9,32169284.432199903
2026-01-01 15:29:59.412000+00:00,2026-01-01 15:15:00+00:00,continuous,87942.9,88042.0,87925.0,87965.9,57276915.094500035
2026-01-01 15:44:59.820000+00:00,2026-01-01 15:30:00+00:00,continuous,87965.9,88079.3,87888.4,87975.0,78146957.71570002
2026-01-01 15:59:59.889000+00:00,2026-01-01 15:45:00+00:00,continuous,87975.0,88049.9,87942.4,87986.8,46476486.0735001
2026-01-01 16:14:59.658000+00:00,2026-01-01 16:00:00+00:00,continuous,87986.8,88006.8,87868.3,87896.8,54173252.97039998
2026-01-01 16:29:59.572000+00:00,2026-01-01 16:15:00+00:00,continuous,87896.9,87921.2,87833.1,87913.6,33281818.95600003
2026-01-01 16:44:59.225000+00:00,2026-01-01 16:30:00+00:00,continuous,87913.7,87956.2,87895.2,87898.6,22211864.001299903
2026-01-01 16:59:59.894000+00:00,2026-01-01 16:45:00+00:00,continuous,87898.6,87955.1,87898.6,87955.0,18496070.462299973
2026-01-01 17:14:59.179000+00:00,2026-01-01 17:00:00+00:00,continuous,87955.1,88045.0,87933.4,88016.6,23461626.821299925
2026-01-01 17:29:59.918000+00:00,2026-01-01 17:15:00+00:00,continuous,88016.6,88240.0,87991.8,88217.4,125801364.37580001
2026-01-01 17:44:59.804000+00:00,2026-01-01 17:30:00+00:00,continuous,88217.5,88475.8,88217.5,88308.5,252806722.30409765
2026-01-01 17:59:59.713000+00:00,2026-01-01 17:45:00+00:00,continuous,88308.5,88427.3,88250.3,88281.3,74989037.21840027
2026-01-01 18:14:59.917000+00:00,2026-01-01 18:00:00+00:00,continuous,88281.4,88332.8,88126.3,88135.0,126076038.26779993
2026-01-01 18:29:59.528000+00:00,2026-01-01 18:15:00+00:00,continuous,88134.9,88225.2,88066.6,88066.7,69637072.24229982
2026-01-01 18:44:59.860000+00:00,2026-01-01 18:30:00+00:00,continuous,88066.6,88155.9,88066.6,88144.9,26235189.265599966
2026-01-01 18:59:58.790000+00:00,2026-01-01 18:45:00+00:00,continuous,88144.9,88186.7,88117.5,88165.3,19761169.610299993
2026-01-01 19:14:59.706000+00:00,2026-01-01 19:00:00+00:00,continuous,88165.2,88165.3,88034.7,88081.2,30322184.853999976
2026-01-01 19:29:57.616000+00:00,2026-01-01 19:15:00+00:00,continuous,88081.1,88144.8,88081.1,88130.3,18059970.318799995
2026-01-01 19:44:58.671000+00:00,2026-01-01 19:30:00+00:00,continuous,88130.4,88306.9,88127.7,88295.0,39093173.8764
2026-01-01 19:59:59.640000+00:00,2026-01-01 19:45:00+00:00,continuous,88294.9,88403.8,88265.9,88354.8,63576564.229300275
2026-01-01 20:14:59.501000+00:00,2026-01-01 20:00:00+00:00,continuous,88354.8,88354.8,88260.4,88299.2,37331388.47109989
2026-01-01 20:29:59.888000+00:00,2026-01-01 20:15:00+00:00,continuous,88299.2,88328.0,88272.0,88326.8,20063594.361300044
2026-01-01 20:44:59.387000+00:00,2026-01-01 20:30:00+00:00,continuous,88326.8,88335.6,88202.4,88210.3,38619724.329299964
2026-01-01 20:59:59.834000+00:00,2026-01-01 20:45:00+00:00,continuous,88210.3,88248.5,88193.2,88220.4,17489757.926300045
2026-01-01 21:14:59.961000+00:00,2026-01-01 21:00:00+00:00,continuous,88220.5,88400.0,88211.8,88345.5,24243635.23339999
2026-01-01 21:29:58.879000+00:00,2026-01-01 21:15:00+00:00,continuous,88345.6,88360.4,88313.5,88341.5,14501248.762700045
2026-01-01 21:44:59.695000+00:00,2026-01-01 21:30:00+00:00,continuous,88341.5,88378.8,88286.3,88286.4,26872487.35209999
2026-01-01 21:59:59.779000+00:00,2026-01-01 21:45:00+00:00,continuous,88286.3,88355.6,88263.3,88346.9,16720815.244200023
2026-01-01 22:14:59.680000+00:00,2026-01-01 22:00:00+00:00,continuous,88347.0,88597.7,88347.0,88473.6,87193510.89110035
2026-01-01 22:29:59.799000+00:00,2026-01-01 22:15:00+00:00,continuous,88473.5,88545.3,88432.5,88489.4,34612329.31940007
2026-01-01 22:44:59.282000+00:00,2026-01-01 22:30:00+00:00,continuous,88489.4,88557.2,88377.3,88550.0,48055008.145100094
2026-01-01 22:59:59.727000+00:00,2026-01-01 22:45:00+00:00,continuous,88549.9,88665.4,88494.6,88603.5,65617970.87300014
2026-01-01 23:14:59.879000+00:00,2026-01-01 23:00:00+00:00,continuous,88603.5,88739.4,88431.1,88537.2,152410843.8160003
2026-01-01 23:29:59.850000+00:00,2026-01-01 23:15:00+00:00,continuous,88537.1,88756.0,88537.1,88687.2,77929220.99989979
2026-01-01 23:44:59.964000+00:00,2026-01-01 23:30:00+00:00,continuous,88687.2,88844.0,88687.2,88844.0,85896022.67419998
2026-01-01 23:59:59.948000+00:00,2026-01-01 23:45:00+00:00,continuous,88843.9,88881.4,88710.8,88800.0,108123839.94610043
2026-01-02 00:14:59.889000+00:00,2026-01-02 00:00:00+00:00,continuous,88800.0,88841.0,88545.2,88599.9,171226510.02370065
2026-01-02 00:29:59.503000+00:00,2026-01-02 00:15:00+00:00,continuous,88599.9,88680.0,88545.4,88665.3,63988241.53489999
2026-01-02 00:44:59.752000+00:00,2026-01-02 00:30:00+00:00,continuous,88665.4,88836.6,88600.0,88650.0,126344673.89529957
2026-01-02 00:59:59.397000+00:00,2026-01-02 00:45:00+00:00,continuous,88650.0,88850.0,88650.0,88794.2,116213455.08020031
2026-01-02 01:14:59.502000+00:00,2026-01-02 01:00:00+00:00,continuous,88794.2,88838.0,88695.0,88714.6,68851423.1464997
2026-01-02 01:29:59.898000+00:00,2026-01-02 01:15:00+00:00,continuous,88714.5,88714.5,88637.5,88641.8,48098918.76930015
2026-01-02 01:44:59.842000+00:00,2026-01-02 01:30:00+00:00,continuous,88641.9,88666.1,88474.2,88595.1,110676210.89740074
2026-01-02 01:59:59.443000+00:00,2026-01-02 01:45:00+00:00,continuous,88595.2,88622.7,88529.0,88599.9,37174418.60529981
2026-01-02 02:14:58.996000+00:00,2026-01-02 02:00:00+00:00,continuous,88600.0,88629.4,88375.7,88449.4,100509915.75060052
2026-01-02 02:29:59.825000+00:00,2026-01-02 02:15:00+00:00,continuous,88449.5,88495.7,88324.4,88389.3,69496130.07150011
2026-01-02 02:44:59.790000+00:00,2026-01-02 02:30:00+00:00,continuous,88389.2,88489.0,88380.0,88447.7,33721970.84940006
2026-01-02 02:59:59.735000+00:00,2026-01-02 02:45:00+00:00,continuous,88447.8,88608.2,88426.4,88600.0,48002183.050699696
2026-01-02 03:14:59.924000+00:00,2026-01-02 03:00:00+00:00,continuous,88599.9,88945.0,88525.0,88926.7,184041627.7710001
2026-01-02 03:29:59.906000+00:00,2026-01-02 03:15:00+00:00,continuous,88926.7,88948.2,88772.0,88843.3,94193881.9765002
2026-01-02 03:44:59.917000+00:00,2026-01-02 03:30:00+00:00,continuous,88843.2,89088.0,88805.4,88930.0,181771457.38609916
2026-01-02 03:59:59.947000+00:00,2026-01-02 03:45:00+00:00,continuous,88930.1,89088.0,88820.0,88899.3,303692986.3685996
2026-01-02 04:14:59.703000+00:00,2026-01-02 04:00:00+00:00,continuous,88899.2,88950.0,88760.0,88767.0,113159943.30989994
2026-01-02 04:29:59.969000+00:00,2026-01-02 04:15:00+00:00,continuous,88767.1,88800.0,88638.1,88694.4,77794278.82100013
2026-01-02 04:44:59.982000+00:00,2026-01-02 04:30:00+00:00,continuous,88694.5,88797.9,88662.0,88673.5,64266980.20869994
2026-01-02 04:59:59.550000+00:00,2026-01-02 04:45:00+00:00,continuous,88673.4,88733.0,88575.5,88595.1,68787948.9937999
2026-01-02 05:14:59.415000+00:00,2026-01-02 05:00:00+00:00,continuous,88595.0,88672.3,88583.6,88630.1,34892682.68340004
2026-01-02 05:29:59.439000+00:00,2026-01-02 05:15:00+00:00,continuous,88630.2,88720.0,88540.0,88542.9,61825973.18160012
2026-01-02 05:44:59.917000+00:00,2026-01-02 05:30:00+00:00,continuous,88542.9,88656.5,88533.6,88642.1,39280737.02329992
2026-01-02 05:59:59.895000+00:00,2026-01-02 05:45:00+00:00,continuous,88642.1,88749.6,88642.1,88720.7,57080264.6982
2026-01-02 06:14:58.537000+00:00,2026-01-02 06:00:00+00:00,continuous,88720.8,88817.9,88683.7,88750.0,52068685.82870003
2026-01-02 06:29:59.599000+00:00,2026-01-02 06:15:00+00:00,continuous,88750.1,88888.0,88747.9,88881.2,49937548.17420002
2026-01-02 06:44:59.893000+00:00,2026-01-02 06:30:00+00:00,continuous,88881.2,89055.0,88866.9,88932.3,137034747.86119965
2026-01-02 06:59:59.963000+00:00,2026-01-02 06:45:00+00:00,continuous,88932.4,89010.0,88883.5,88899.9,67635253.24929987
2026-01-02 07:14:59.865000+00:00,2026-01-02 07:00:00+00:00,continuous,88900.0,89024.4,88899.9,88995.9,58603942.90029996
2026-01-02 07:29:59.587000+00:00,2026-01-02 07:15:00+00:00,continuous,88996.0,89003.0,88806.0,88857.3,87385121.39990006
2026-01-02 07:44:59.392000+00:00,2026-01-02 07:30:00+00:00,continuous,88857.4,88883.4,88800.9,88826.4,53940018.08880008
2026-01-02 07:59:59.940000+00:00,2026-01-02 07:45:00+00:00,continuous,88826.4,88864.8,88800.0,88829.3,63462141.81199994
2026-01-02 08:14:59.906000+00:00,2026-01-02 08:00:00+00:00,continuous,88829.3,89065.9,88780.0,89040.6,96467113.77090013
2026-01-02 08:29:59.801000+00:00,2026-01-02 08:15:00+00:00,continuous,89040.6,89069.5,88940.0,89021.6,54077202.7985998
2026-01-02 08:44:59.934000+00:00,2026-01-02 08:30:00+00:00,continuous,89021.6,89149.0,88980.2,89057.3,85588159.45700051
2026-01-02 08:59:59.846000+00:00,2026-01-02 08:45:00+00:00,continuous,89057.4,89160.0,89030.9,89138.2,66794134.19219973
2026-01-02 09:14:59.803000+00:00,2026-01-02 09:00:00+00:00,continuous,89138.1,89295.5,89074.1,89211.0,187134385.62569997
2026-01-02 09:29:59.781000+00:00,2026-01-02 09:15:00+00:00,continuous,89211.1,89240.0,89070.5,89130.2,94710533.97629997
2026-01-02 09:44:59.860000+00:00,2026-01-02 09:30:00+00:00,continuous,89130.3,89213.1,89087.2,89213.0,88845211.5038997
2026-01-02 09:59:59.873000+00:00,2026-01-02 09:45:00+00:00,continuous,89213.0,89468.0,89178.2,89429.9,296176322.0500006
2026-01-02 10:14:59.996000+00:00,2026-01-02 10:00:00+00:00,continuous,89430.0,89811.4,89399.4,89805.3,486216810.6828018
2026-01-02 10:29:59.898000+00:00,2026-01-02 10:15:00+00:00,continuous,89805.2,89900.0,89528.0,89558.5,351874842.97189784
2026-01-02 10:44:59.947000+00:00,2026-01-02 10:30:00+00:00,continuous,89558.5,89685.1,89557.6,89651.4,145967545.3028001
2026-01-02 10:59:59.860000+00:00,2026-01-02 10:45:00+00:00,continuous,89651.4,89713.3,89569.8,89618.5,117307525.65119939
2026-01-02 11:14:59.900000+00:00,2026-01-02 11:00:00+00:00,continuous,89618.5,89636.6,89467.0,89485.4,111454738.14909965
2026-01-02 11:29:59.819000+00:00,2026-01-02 11:15:00+00:00,continuous,89485.4,89520.0,89306.2,89329.6,159401607.9358992
2026-01-02 11:44:59.787000+00:00,2026-01-02 11:30:00+00:00,continuous,89329.6,89503.0,89329.5,89486.1,86273583.81099997
2026-01-02 11:59:59.507000+00:00,2026-01-02 11:45:00+00:00,continuous,89486.1,89530.0,89443.4,89458.3,66009686.20179981
2026-01-02 12:14:59.957000+00:00,2026-01-02 12:00:00+00:00,continuous,89458.3,89493.8,89338.9,89435.3,65449905.81559989
2026-01-02 12:29:59.985000+00:00,2026-01-02 12:15:00+00:00,continuous,89435.3,89550.0,89386.5,89415.2,94269826.06880003
2026-01-02 12:44:59.226000+00:00,2026-01-02 12:30:00+00:00,continuous,89415.3,89500.0,89378.5,89472.6,72281749.10420005
2026-01-02 12:59:59.461000+00:00,2026-01-02 12:45:00+00:00,continuous,89472.5,89522.2,89360.0,89360.1,61953327.679599755
2026-01-02 13:14:59.591000+00:00,2026-01-02 13:00:00+00:00,continuous,89360.0,89484.3,89338.0,89421.6,85746557.07650036
2026-01-02 13:29:59.944000+00:00,2026-01-02 13:15:00+00:00,continuous,89421.6,89679.0,89421.6,89511.3,190588139.9298003
2026-01-02 13:44:59.895000+00:00,2026-01-02 13:30:00+00:00,continuous,89511.6,89539.6,89355.7,89407.9,105078651.97750004
2026-01-02 13:59:59.924000+00:00,2026-01-02 13:45:00+00:00,continuous,89407.9,89487.8,89262.3,89311.6,113258803.23580001
2026-01-02 14:14:59.871000+00:00,2026-01-02 14:00:00+00:00,continuous,89311.6,89355.0,89072.9,89105.5,202516765.60399935
2026-01-02 14:29:59.990000+00:00,2026-01-02 14:15:00+00:00,continuous,89105.6,89127.4,88680.0,88862.4,485895168.94940037
2026-01-02 14:44:59.963000+00:00,2026-01-02 14:30:00+00:00,continuous,88862.4,89465.0,88401.2,89356.4,711907114.5535063
2026-01-02 14:59:59.842000+00:00,2026-01-02 14:45:00+00:00,continuous,89356.5,90126.5,89088.0,89536.4,906118137.2502034
2026-01-02 15:14:59.953000+00:00,2026-01-02 15:00:00+00:00,continuous,89536.5,89829.1,89044.8,89129.7,468060116.2602977
2026-01-02 15:29:59.861000+00:00,2026-01-02 15:15:00+00:00,continuous,89129.6,89334.2,88756.5,89099.7,351015080.00580204
2026-01-02 15:44:59.991000+00:00,2026-01-02 15:30:00+00:00,continuous,89099.6,89752.6,89028.8,89711.4,338396761.3728039
2026-01-02 15:59:59.897000+00:00,2026-01-02 15:45:00+00:00,continuous,89711.0,89850.0,89252.6,89373.1,270732229.58059996
2026-01-02 16:14:59.947000+00:00,2026-01-02 16:00:00+00:00,continuous,89373.0,89742.8,89145.2,89738.9,290177937.6642009
2026-01-02 16:29:59.995000+00:00,2026-01-02 16:15:00+00:00,continuous,89739.0,90172.5,89689.9,90005.5,609678225.6834954
2026-01-02 16:44:59.965000+00:00,2026-01-02 16:30:00+00:00,continuous,90005.6,90881.3,90005.6,90091.6,1040079959.7531182
2026-01-02 16:59:59.942000+00:00,2026-01-02 16:45:00+00:00,continuous,90091.5,90404.1,89849.1,90334.0,369431421.9678024
2026-01-02 17:14:59.888000+00:00,2026-01-02 17:00:00+00:00,continuous,90333.9,90725.3,90322.3,90579.4,391361407.98669744
2026-01-02 17:29:59.937000+00:00,2026-01-02 17:15:00+00:00,continuous,90579.4,90945.1,90476.6,90551.7,382421670.8220019
2026-01-02 17:44:59.911000+00:00,2026-01-02 17:30:00+00:00,continuous,90551.6,90638.1,90292.6,90468.9,160163390.25880104
2026-01-02 17:59:59.941000+00:00,2026-01-02 17:45:00+00:00,continuous,90468.9,90520.0,90131.1,90319.9,146394070.7790999
2026-01-02 18:14:59.775000+00:00,2026-01-02 18:00:00+00:00,continuous,90320.0,90512.6,90177.3,90302.0,127207498.6749999
2026-01-02 18:29:59.932000+00:00,2026-01-02 18:15:00+00:00,continuous,90302.0,90509.8,90202.3,90252.9,111862371.20669991
2026-01-02 18:44:59.750000+00:00,2026-01-02 18:30:00+00:00,continuous,90252.9,90276.4,89927.3,89968.2,206113524.58300027
2026-01-02 18:59:59.922000+00:00,2026-01-02 18:45:00+00:00,continuous,89968.3,90052.3,89510.9,89735.3,479447652.68890077
2026-01-02 19:14:59.904000+00:00,2026-01-02 19:00:00+00:00,continuous,89735.3,89966.8,89609.1,89939.1,219253620.53710026
2026-01-02 19:29:59.796000+00:00,2026-01-02 19:15:00+00:00,continuous,89939.2,90120.9,89800.0,89913.8,126103412.85509929
2026-01-02 19:44:59.775000+00:00,2026-01-02 19:30:00+00:00,continuous,89913.8,90042.6,89840.6,89959.5,104531795.37869968
2026-01-02 19:59:59.976000+00:00,2026-01-02 19:45:00+00:00,continuous,89959.6,90080.5,89825.0,89865.0,71932433.69000025
2026-01-02 20:14:59.775000+00:00,2026-01-02 20:00:00+00:00,continuous,89865.0,90037.1,89743.8,90031.6,93011903.42510018
2026-01-02 20:29:59.904000+00:00,2026-01-02 20:15:00+00:00,continuous,90031.6,90040.9,89833.9,89850.1,59958869.15409998
2026-01-02 20:44:58.276000+00:00,2026-01-02 20:30:00+00:00,continuous,89850.0,89918.0,89759.1,89854.3,66977685.6158998
2026-01-02 20:59:59.904000+00:00,2026-01-02 20:45:00+00:00,continuous,89854.4,89894.9,89588.0,89700.1,114502814.39849983
2026-01-02 21:14:59.848000+00:00,2026-01-02 21:00:00+00:00,continuous,89700.2,89790.0,89686.7,89765.1,45712035.3874999
2026-01-02 21:29:59.659000+00:00,2026-01-02 21:15:00+00:00,continuous,89765.1,89990.0,89753.4,89946.7,38172260.37640005
2026-01-02 21:44:59.576000+00:00,2026-01-02 21:30:00+00:00,continuous,89946.7,89946.8,89828.8,89901.9,41983222.1418
2026-01-02 21:59:59.659000+00:00,2026-01-02 21:45:00+00:00,continuous,89902.0,90145.5,89865.0,90015.4,120573879.4045004
2026-01-02 22:14:59.763000+00:00,2026-01-02 22:00:00+00:00,continuous,90015.4,90304.0,89975.0,90072.1,106205970.23550013
2026-01-02 22:29:59.976000+00:00,2026-01-02 22:15:00+00:00,continuous,90072.2,90178.8,90040.8,90077.8,33080882.538599905
2026-01-02 22:44:59.681000+00:00,2026-01-02 22:30:00+00:00,continuous,90077.8,90297.0,90005.1,90262.8,86132244.16959988
2026-01-02 22:59:59.658000+00:00,2026-01-02 22:45:00+00:00,continuous,90262.7,90368.7,90134.1,90154.9,54198263.847699866
2026-01-02 23:14:58.987000+00:00,2026-01-02 23:00:00+00:00,continuous,90155.0,90158.4,90045.0,90045.1,40082806.16200019
2026-01-02 23:29:59.835000+00:00,2026-01-02 23:15:00+00:00,continuous,90045.1,90088.9,89877.8,89896.5,73238223.48350014
2026-01-02 23:44:59.985000+00:00,2026-01-02 23:30:00+00:00,continuous,89896.5,89947.0,89850.0,89914.7,90803647.96559992
2026-01-02 23:59:59.818000+00:00,2026-01-02 23:45:00+00:00,continuous,89914.7,89993.8,89874.8,89951.4,54913249.72040023
2026-01-03 00:14:59.553000+00:00,2026-01-03 00:00:00+00:00,continuous,89951.5,90093.9,89943.9,89997.9,68362605.94899999
2026-01-03 00:29:59.802000+00:00,2026-01-03 00:15:00+00:00,continuous,89997.8,90053.6,89914.5,90037.1,34393428.380900055
2026-01-03 00:44:58.954000+00:00,2026-01-03 00:30:00+00:00,continuous,90037.1,90063.0,89977.2,90025.8,32773648.567599997
2026-01-03 00:59:59.177000+00:00,2026-01-03 00:45:00+00:00,continuous,90025.8,90149.8,90012.1,90114.0,43104095.45650007
2026-01-03 01:14:59.964000+00:00,2026-01-03 01:00:00+00:00,continuous,90113.9,90197.4,90092.6,90197.3,39451680.1956
2026-01-03 01:29:58.852000+00:00,2026-01-03 01:15:00+00:00,continuous,90197.3,90197.4,90022.8,90032.3,35240466.45240007
2026-01-03 01:44:59.641000+00:00,2026-01-03 01:30:00+00:00,continuous,90032.4,90144.0,90032.3,90124.2,19976094.50070006
2026-01-03 01:59:59.930000+00:00,2026-01-03 01:45:00+00:00,continuous,90124.2,90254.9,90124.2,90232.9,43018298.20640005
2026-01-03 02:14:58.778000+00:00,2026-01-03 02:00:00+00:00,continuous,90232.8,90232.9,90085.3,90117.4,41257076.90690001
2026-01-03 02:29:59.854000+00:00,2026-01-03 02:15:00+00:00,continuous,90117.3,90225.2,90100.9,90221.4,25169580.22099991
2026-01-03 02:44:59.809000+00:00,2026-01-03 02:30:00+00:00,continuous,90221.4,90293.1,90190.8,90259.9,32110528.398299903
2026-01-03 02:59:59.341000+00:00,2026-01-03 02:45:00+00:00,continuous,90260.0,90365.9,90257.5,90291.2,43561544.98190008
2026-01-03 03:14:59.480000+00:00,2026-01-03 03:00:00+00:00,continuous,90291.1,90320.0,90157.6,90171.9,43153123.23369981
2026-01-03 03:29:59.910000+00:00,2026-01-03 03:15:00+00:00,continuous,90172.0,90249.9,90150.0,90175.2,25300333.470600076
2026-01-03 03:44:59.908000+00:00,2026-01-03 03:30:00+00:00,continuous,90175.2,90234.8,90150.0,90234.8,20157044.2826001
2026-01-03 03:59:59.531000+00:00,2026-01-03 03:45:00+00:00,continuous,90234.8,90347.2,90216.8,90279.9,37474509.00160018
2026-01-03 04:14:59.753000+00:00,2026-01-03 04:00:00+00:00,continuous,90280.0,90456.0,90200.0,90200.1,85834769.9924003
2026-01-03 04:29:59.742000+00:00,2026-01-03 04:15:00+00:00,continuous,90200.1,90259.9,90200.1,90201.5,24216820.259400047
2026-01-03 04:44:59.794000+00:00,2026-01-03 04:30:00+00:00,continuous,90201.5,90236.7,89989.9,90033.8,156992090.27859992
2026-01-03 04:59:59.811000+00:00,2026-01-03 04:45:00+00:00,continuous,90033.9,90137.4,90033.5,90121.8,52221052.520600006
2026-01-03 05:14:59.982000+00:00,2026-01-03 05:00:00+00:00,continuous,90121.8,90158.0,89990.1,90003.9,64349915.017399915
2026-01-03 05:29:59.644000+00:00,2026-01-03 05:15:00+00:00,continuous,90004.0,90036.7,89962.9,89975.7,39985403.35810013
2026-01-03 05:44:59.983000+00:00,2026-01-03 05:30:00+00:00,continuous,89975.6,90016.2,89866.0,89908.3,61933213.03850008
2026-01-03 05:59:59.785000+00:00,2026-01-03 05:45:00+00:00,continuous,89908.2,89996.2,89878.4,89989.9,40235926.72960019
2026-01-03 06:14:59.976000+00:00,2026-01-03 06:00:00+00:00,continuous,89989.9,90091.2,89977.3,90037.5,32117349.41480015
2026-01-03 06:29:58.884000+00:00,2026-01-03 06:15:00+00:00,continuous,90037.4,90062.8,89919.5,89937.9,34882843.938299954
2026-01-03 06:44:59.995000+00:00,2026-01-03 06:30:00+00:00,continuous,89937.8,90000.0,89829.9,89838.9,46183685.433800064
2026-01-03 06:59:59.778000+00:00,2026-01-03 06:45:00+00:00,continuous,89838.8,89866.5,89802.8,89827.3,45127386.56380001
2026-01-03 07:14:59.991000+00:00,2026-01-03 07:00:00+00:00,continuous,89827.4,89913.4,89712.3,89727.3,66891733.68880002
2026-01-03 07:29:59.834000+00:00,2026-01-03 07:15:00+00:00,continuous,89727.4,89730.0,89366.0,89375.6,279903922.14570206
2026-01-03 07:44:59.874000+00:00,2026-01-03 07:30:00+00:00,continuous,89375.6,89555.0,89261.2,89516.7,192502102.32940114
2026-01-03 07:59:59.784000+00:00,2026-01-03 07:45:00+00:00,continuous,89516.8,89550.1,89419.5,89535.9,66063868.24879992
2026-01-03 08:14:59.930000+00:00,2026-01-03 08:00:00+00:00,continuous,89535.9,89672.1,89380.2,89485.2,108719659.63309927
2026-01-03 08:29:59.955000+00:00,2026-01-03 08:15:00+00:00,continuous,89485.2,89797.0,89468.0,89694.4,94899771.97319978
2026-01-03 08:44:59.101000+00:00,2026-01-03 08:30:00+00:00,continuous,89694.5,89786.7,89621.6,89756.2,89096514.2622996
2026-01-03 08:59:59.729000+00:00,2026-01-03 08:45:00+00:00,continuous,89756.2,89796.0,89609.9,89625.3,75680338.39390014
2026-01-03 09:14:59.972000+00:00,2026-01-03 09:00:00+00:00,continuous,89625.2,89679.8,89600.0,89638.6,31159409.897500042
2026-01-03 09:29:58.905000+00:00,2026-01-03 09:15:00+00:00,continuous,89638.5,89815.5,89582.3,89762.0,52907643.49940009
2026-01-03 09:44:59.716000+00:00,2026-01-03 09:30:00+00:00,continuous,89762.1,89943.9,89735.6,89893.0,114629062.32189967
2026-01-03 09:59:59.227000+00:00,2026-01-03 09:45:00+00:00,continuous,89893.0,89908.5,89737.3,89756.1,62327813.89999993
2026-01-03 10:14:59.417000+00:00,2026-01-03 10:00:00+00:00,continuous,89756.1,89762.0,89664.4,89687.5,48129980.04649983
2026-01-03 10:29:59.974000+00:00,2026-01-03 10:15:00+00:00,continuous,89687.5,89766.6,89680.0,89748.2,34773868.41689993
2026-01-03 10:44:59.710000+00:00,2026-01-03 10:30:00+00:00,continuous,89748.2,89833.0,89703.9,89781.6,34469038.31039995
2026-01-03 10:59:59.386000+00:00,2026-01-03 10:45:00+00:00,continuous,89781.6,89789.1,89704.2,89712.8,16486490.581299985
2026-01-03 11:14:58.736000+00:00,2026-01-03 11:00:00+00:00,continuous,89712.8,89731.4,89627.0,89649.9,27465827.2304999
2026-01-03 11:29:59.909000+00:00,2026-01-03 11:15:00+00:00,continuous,89649.9,89707.7,89638.5,89676.4,19006048.82050001
2026-01-03 11:44:59.597000+00:00,2026-01-03 11:30:00+00:00,continuous,89676.4,89735.2,89644.5,89725.3,19517236.30470005
2026-01-03 11:59:59.264000+00:00,2026-01-03 11:45:00+00:00,continuous,89725.3,89754.9,89670.6,89706.4,38009066.58070009
2026-01-03 12:14:59.421000+00:00,2026-01-03 12:00:00+00:00,continuous,89706.4,89706.5,89620.0,89634.5,21434287.83179999
2026-01-03 12:29:59.729000+00:00,2026-01-03 12:15:00+00:00,continuous,89634.4,89763.8,89634.4,89754.2,26891060.09729998
2026-01-03 12:44:59.235000+00:00,2026-01-03 12:30:00+00:00,continuous,89754.2,89764.0,89705.0,89754.3,20186633.837300036
2026-01-03 12:59:59.888000+00:00,2026-01-03 12:45:00+00:00,continuous,89754.3,90022.6,89747.5,90001.8,234244602.6408003
2026-01-03 13:14:59.845000+00:00,2026-01-03 13:00:00+00:00,continuous,90001.9,90001.9,89881.8,89886.1,38467944.17579991
2026-01-03 13:29:59.803000+00:00,2026-01-03 13:15:00+00:00,continuous,89886.2,90026.0,89886.2,89929.2,52389059.47709977
2026-01-03 13:44:59.711000+00:00,2026-01-03 13:30:00+00:00,continuous,89929.1,90007.2,89902.4,89921.2,30528719.540599864
2026-01-03 13:59:59.461000+00:00,2026-01-03 13:45:00+00:00,continuous,89921.2,90020.0,89921.2,89972.3,35284160.12870042
2026-01-03 14:14:59.822000+00:00,2026-01-03 14:00:00+00:00,continuous,89972.2,90019.4,89915.7,90019.3,29292674.56120009
2026-01-03 14:29:59.825000+00:00,2026-01-03 14:15:00+00:00,continuous,90019.4,90200.0,89984.8,90148.5,106947015.79869954
2026-01-03 14:44:59.871000+00:00,2026-01-03 14:30:00+00:00,continuous,90148.4,90200.0,90106.0,90117.0,86905794.89730014
2026-01-03 14:59:59.984000+00:00,2026-01-03 14:45:00+00:00,continuous,90117.1,90128.9,90000.7,90091.3,66629691.07699995
2026-01-03 15:14:58.821000+00:00,2026-01-03 15:00:00+00:00,continuous,90091.3,90091.4,89952.5,89975.6,65544702.74939991
2026-01-03 15:29:59.702000+00:00,2026-01-03 15:15:00+00:00,continuous,89975.6,90050.0,89929.9,90031.5,40982087.88169992
2026-01-03 15:44:59.159000+00:00,2026-01-03 15:30:00+00:00,continuous,90031.4,90087.2,89949.8,89960.0,29993549.685199995
2026-01-03 15:59:59.519000+00:00,2026-01-03 15:45:00+00:00,continuous,89960.1,89982.0,89919.6,89931.8,21208318.36910005
2026-01-03 16:14:59.727000+00:00,2026-01-03 16:00:00+00:00,continuous,89931.7,90000.0,89920.0,89974.5,36196254.21730003
2026-01-03 16:29:59.709000+00:00,2026-01-03 16:15:00+00:00,continuous,89974.5,90056.8,89866.5,90020.2,56502361.20470019
2026-01-03 16:44:59.718000+00:00,2026-01-03 16:30:00+00:00,continuous,90020.3,90147.6,90020.2,90088.3,56240251.98050004
2026-01-03 16:59:59.649000+00:00,2026-01-03 16:45:00+00:00,continuous,90088.3,90189.0,90056.9,90065.0,46908034.76949994
2026-01-03 17:14:59.414000+00:00,2026-01-03 17:00:00+00:00,continuous,90064.9,90089.5,89985.7,90027.2,31708619.572200067
2026-01-03 17:29:57.662000+00:00,2026-01-03 17:15:00+00:00,continuous,90027.3,90040.7,89981.6,90024.5,27908251.28870006
2026-01-03 17:44:59.728000+00:00,2026-01-03 17:30:00+00:00,continuous,90024.5,90084.3,90024.5,90076.0,16724892.206800003
2026-01-03 17:59:59.167000+00:00,2026-01-03 17:45:00+00:00,continuous,90076.0,90076.0,90020.1,90054.5,14707252.588500028
2026-01-03 18:14:59.728000+00:00,2026-01-03 18:00:00+00:00,continuous,90054.4,90063.5,89991.2,90014.2,17658732.86350004
2026-01-03 18:29:59.997000+00:00,2026-01-03 18:15:00+00:00,continuous,90014.1,90156.0,90001.5,90135.4,39775569.41
2026-01-03 18:44:59.832000+00:00,2026-01-03 18:30:00+00:00,continuous,90135.5,90156.0,90090.7,90103.5,16777114.169199945
2026-01-03 18:59:59.002000+00:00,2026-01-03 18:45:00+00:00,continuous,90103.6,90129.2,90074.9,90105.4,15071122.568299977
2026-01-03 19:14:59.319000+00:00,2026-01-03 19:00:00+00:00,continuous,90105.3,90105.4,90021.0,90030.7,17953507.27119991
2026-01-03 19:29:59.824000+00:00,2026-01-03 19:15:00+00:00,continuous,90030.7,90119.8,90030.7,90119.7,15375696.560700135
2026-01-03 19:44:59.176000+00:00,2026-01-03 19:30:00+00:00,continuous,90119.7,90119.7,90081.2,90095.5,16791925.511599958
2026-01-03 19:59:59.950000+00:00,2026-01-03 19:45:00+00:00,continuous,90095.5,90095.5,90073.4,90091.8,6999473.048499963
2026-01-03 20:14:56.834000+00:00,2026-01-03 20:00:00+00:00,continuous,90091.8,90095.9,89972.9,90029.7,50169088.53180028
2026-01-03 20:29:59.533000+00:00,2026-01-03 20:15:00+00:00,continuous,90029.7,90089.4,90029.6,90089.4,13034574.025200024
2026-01-03 20:44:59.994000+00:00,2026-01-03 20:30:00+00:00,continuous,90089.4,90290.0,90089.3,90229.9,94072311.72810005
2026-01-03 20:59:59.877000+00:00,2026-01-03 20:45:00+00:00,continuous,90230.0,90340.0,90229.9,90333.0,100593089.30749997
2026-01-03 21:14:59.636000+00:00,2026-01-03 21:00:00+00:00,continuous,90333.1,90384.1,90305.6,90337.6,72925034.72800012
2026-01-03 21:29:59.494000+00:00,2026-01-03 21:15:00+00:00,continuous,90337.5,90450.0,90337.5,90436.1,68560236.16479994
2026-01-03 21:44:59.961000+00:00,2026-01-03 21:30:00+00:00,continuous,90436.1,90716.3,90428.4,90567.2,173362774.88150203
2026-01-03 21:59:59.891000+00:00,2026-01-03 21:45:00+00:00,continuous,90567.1,90567.2,90437.6,90530.3,48982850.30689994
2026-01-03 22:14:59.843000+00:00,2026-01-03 22:00:00+00:00,continuous,90530.3,90530.3,90456.2,90484.9,32439712.4352
2026-01-03 22:29:59.745000+00:00,2026-01-03 22:15:00+00:00,continuous,90485.0,90716.9,90484.9,90582.4,72875281.2536999
2026-01-03 22:44:58.934000+00:00,2026-01-03 22:30:00+00:00,continuous,90582.7,90683.3,90534.5,90572.2,45892239.102199875
2026-01-03 22:59:59.494000+00:00,2026-01-03 22:45:00+00:00,continuous,90572.2,90583.1,90455.8,90557.4,40095991.7245999
2026-01-03 23:14:59.218000+00:00,2026-01-03 23:00:00+00:00,continuous,90557.4,90632.6,90426.7,90506.2,88593240.72189966
2026-01-03 23:29:59.792000+00:00,2026-01-03 23:15:00+00:00,continuous,90506.2,90650.0,90506.1,90598.7,68027680.65759993
2026-01-03 23:44:59.956000+00:00,2026-01-03 23:30:00+00:00,continuous,90598.7,90665.0,90572.9,90619.9,43123924.239599735
2026-01-03 23:59:58.713000+00:00,2026-01-03 23:45:00+00:00,continuous,90620.0,90620.0,90570.2,90595.8,26502861.534799803
2026-01-04 00:14:59.998000+00:00,2026-01-04 00:00:00+00:00,continuous,90595.8,91597.6,90595.7,91372.7,748334087.5268189
2026-01-04 00:29:59.916000+00:00,2026-01-04 00:15:00+00:00,continuous,91372.7,91427.9,91051.9,91060.0,197914294.48480123
2026-01-04 00:44:59.728000+00:00,2026-01-04 00:30:00+00:00,continuous,91060.0,91230.0,91018.3,91131.5,94786474.96230066
2026-01-04 00:59:59.848000+00:00,2026-01-04 00:45:00+00:00,continuous,91131.4,91443.1,91074.9,91301.4,108875163.12309957
2026-01-04 01:14:59.271000+00:00,2026-01-04 01:00:00+00:00,continuous,91301.4,91452.1,91235.0,91249.8,108576051.88569975
2026-01-04 01:29:59.994000+00:00,2026-01-04 01:15:00+00:00,continuous,91249.8,91274.4,91060.6,91088.5,104564270.42500009
2026-01-04 01:44:59.987000+00:00,2026-01-04 01:30:00+00:00,continuous,91088.6,91140.9,90969.5,91055.0,68042057.87210003
2026-01-04 01:59:59.553000+00:00,2026-01-04 01:45:00+00:00,continuous,91055.1,91227.9,90966.5,91190.0,79579716.57229988
2026-01-04 02:14:59.992000+00:00,2026-01-04 02:00:00+00:00,continuous,91190.0,91265.3,91062.1,91085.4,57280313.32160003
2026-01-04 02:29:59.657000+00:00,2026-01-04 02:15:00+00:00,continuous,91085.5,91189.9,91085.4,91173.5,26931941.6869001
2026-01-04 02:44:59.885000+00:00,2026-01-04 02:30:00+00:00,continuous,91173.4,91239.4,91100.0,91128.9,56879996.683999866
2026-01-04 02:59:59.847000+00:00,2026-01-04 02:45:00+00:00,continuous,91129.0,91138.6,91034.1,91099.2,32989776.196199954
2026-01-04 03:14:59.660000+00:00,2026-01-04 03:00:00+00:00,continuous,91099.2,91322.0,91092.5,91300.4,68906954.15510018
2026-01-04 03:29:59.695000+00:00,2026-01-04 03:15:00+00:00,continuous,91300.5,91300.5,91102.6,91129.4,63029309.09119999
2026-01-04 03:44:59.629000+00:00,2026-01-04 03:30:00+00:00,continuous,91129.4,91232.3,91034.6,91206.1,60659333.91120031
2026-01-04 03:59:59.728000+00:00,2026-01-04 03:45:00+00:00,continuous,91206.0,91303.0,91192.6,91192.7,41256194.747399904
2026-01-04 04:14:59.832000+00:00,2026-01-04 04:00:00+00:00,continuous,91192.7,91281.6,91142.3,91274.6,43901770.663499594
2026-01-04 04:29:59.725000+00:00,2026-01-04 04:15:00+00:00,continuous,91274.7,91463.1,91270.5,91331.1,109413731.77400002
2026-01-04 04:44:59.927000+00:00,2026-01-04 04:30:00+00:00,continuous,91331.2,91558.0,91322.3,91470.0,100550375.24710006
2026-01-04 04:59:59.730000+00:00,2026-01-04 04:45:00+00:00,continuous,91470.1,91487.0,91337.0,91355.0,41829965.483999915
2026-01-04 05:14:59.762000+00:00,2026-01-04 05:00:00+00:00,continuous,91354.9,91371.7,91300.2,91340.7,37508695.10960001
2026-01-04 05:29:58.913000+00:00,2026-01-04 05:15:00+00:00,continuous,91340.8,91437.9,91325.8,91412.1,29176188.31370005
2026-01-04 05:44:59.641000+00:00,2026-01-04 05:30:00+00:00,continuous,91412.1,91438.0,91305.2,91344.1,29313843.213700023
2026-01-04 05:59:59.626000+00:00,2026-01-04 05:45:00+00:00,continuous,91344.1,91450.0,91344.0,91437.0,27179761.24230001
2026-01-04 06:14:59.903000+00:00,2026-01-04 06:00:00+00:00,continuous,91437.1,91779.7,91404.1,91622.3,200044523.57550058
2026-01-04 06:29:59.553000+00:00,2026-01-04 06:15:00+00:00,continuous,91622.4,91764.3,91500.0,91500.0,129030045.86390004
2026-01-04 06:44:59.978000+00:00,2026-01-04 06:30:00+00:00,continuous,91500.1,91570.0,91213.3,91260.0,151269561.19850016
2026-01-04 06:59:59.887000+00:00,2026-01-04 06:45:00+00:00,continuous,91259.9,91332.6,91177.8,91187.1,104672317.77709997
2026-01-04 07:14:59.171000+00:00,2026-01-04 07:00:00+00:00,continuous,91187.1,91346.2,91169.1,91281.9,68324726.04639965
2026-01-04 07:29:59.393000+00:00,2026-01-04 07:15:00+00:00,continuous,91281.9,91300.0,91189.5,91264.0,40103541.43629995
2026-01-04 07:44:59.987000+00:00,2026-01-04 07:30:00+00:00,continuous,91264.0,91463.1,91264.0,91456.7,66563813.884799935
2026-01-04 07:59:59.199000+00:00,2026-01-04 07:45:00+00:00,continuous,91456.8,91500.0,91400.0,91477.5,59569719.53559981
2026-01-04 08:14:59.889000+00:00,2026-01-04 08:00:00+00:00,continuous,91477.5,91498.2,91221.8,91278.7,124788212.12209973
2026-01-04 08:29:59.889000+00:00,2026-01-04 08:15:00+00:00,continuous,91278.8,91345.4,91111.9,91197.0,106057560.37260015
2026-01-04 08:44:59.942000+00:00,2026-01-04 08:30:00+00:00,continuous,91197.1,91387.1,91193.2,91366.8,61294323.09049997
2026-01-04 08:59:59.799000+00:00,2026-01-04 08:45:00+00:00,continuous,91366.7,91397.6,91260.5,91325.7,48730067.36120016
2026-01-04 09:14:59.631000+00:00,2026-01-04 09:00:00+00:00,continuous,91325.7,91386.3,91202.5,91300.0,42664496.40699986
2026-01-04 09:29:59.207000+00:00,2026-01-04 09:15:00+00:00,continuous,91300.0,91400.0,91244.5,91274.3,59291866.669900194
2026-01-04 09:44:59.701000+00:00,2026-01-04 09:30:00+00:00,continuous,91274.3,91393.1,91274.2,91393.0,32029522.742700025
2026-01-04 09:59:59.726000+00:00,2026-01-04 09:45:00+00:00,continuous,91393.1,91436.7,91331.8,91413.7,58424439.94010002
2026-01-04 10:14:59.659000+00:00,2026-01-04 10:00:00+00:00,continuous,91413.8,91561.0,91394.9,91496.6,72169607.54089983
2026-01-04 10:29:59.952000+00:00,2026-01-04 10:15:00+00:00,continuous,91496.7,91529.5,91367.8,91440.5,72714851.36159965
2026-01-04 10:44:59.915000+00:00,2026-01-04 10:30:00+00:00,continuous,91440.5,91550.6,91420.0,91550.6,53006105.46669997
2026-01-04 10:59:59.875000+00:00,2026-01-04 10:45:00+00:00,continuous,91550.6,91581.7,91515.0,91553.4,68825593.20800033
2026-01-04 11:14:59.992000+00:00,2026-01-04 11:00:00+00:00,continuous,91553.4,91553.4,91296.1,91313.5,101551069.00610004
2026-01-04 11:29:59.410000+00:00,2026-01-04 11:15:00+00:00,continuous,91313.6,91365.4,91290.6,91331.3,50533711.661899805
2026-01-04 11:44:59.539000+00:00,2026-01-04 11:30:00+00:00,continuous,91331.4,91413.0,91300.0,91332.3,34479146.60520002
2026-01-04 11:59:56.347000+00:00,2026-01-04 11:45:00+00:00,continuous,91332.4,91334.2,91181.2,91262.7,105447000.51519938
2026-01-04 12:14:59.606000+00:00,2026-01-04 12:00:00+00:00,continuous,91262.8,91295.4,91156.3,91215.2,109610539.24290071
2026-01-04 12:29:58.175000+00:00,2026-01-04 12:15:00+00:00,continuous,91215.2,91300.0,91188.8,91294.5,37902085.26089998
2026-01-04 12:44:59.881000+00:00,2026-01-04 12:30:00+00:00,continuous,91294.5,91321.6,91057.2,91058.5,107320496.11680013
2026-01-04 12:59:59.642000+00:00,2026-01-04 12:45:00+00:00,continuous,91058.5,91140.9,91033.0,91096.4,84533240.12450048
2026-01-04 13:14:59.968000+00:00,2026-01-04 13:00:00+00:00,continuous,91096.4,91181.1,91059.3,91148.1,43200133.92490018
2026-01-04 13:29:58.736000+00:00,2026-01-04 13:15:00+00:00,continuous,91148.1,91171.4,90968.0,91154.1,93951476.6456999
2026-01-04 13:44:59.473000+00:00,2026-01-04 13:30:00+00:00,continuous,91154.1,91231.0,91116.2,91180.8,41691964.94939992
2026-01-04 13:59:59.890000+00:00,2026-01-04 13:45:00+00:00,continuous,91180.8,91236.4,91180.7,91227.4,28988532.629300058
2026-01-04 14:14:59.703000+00:00,2026-01-04 14:00:00+00:00,continuous,91227.5,91377.2,91208.8,91350.1,70516080.37930016
2026-01-04 14:29:58.545000+00:00,2026-01-04 14:15:00+00:00,continuous,91350.1,91365.3,91163.0,91197.3,42344414.05529998
2026-01-04 14:44:59.701000+00:00,2026-01-04 14:30:00+00:00,continuous,91197.3,91213.6,91104.5,91170.1,46047450.3392
2026-01-04 14:59:59.955000+00:00,2026-01-04 14:45:00+00:00,continuous,91170.0,91318.5,91101.0,91305.0,58859248.70180012
2026-01-04 15:14:59.871000+00:00,2026-01-04 15:00:00+00:00,continuous,91304.9,91350.0,91240.3,91271.2,40688034.056800164
2026-01-04 15:29:59.800000+00:00,2026-01-04 15:15:00+00:00,continuous,91271.3,91271.3,91175.0,91204.9,31826810.118799902
2026-01-04 15:44:59.778000+00:00,2026-01-04 15:30:00+00:00,continuous,91205.0,91264.3,91130.0,91179.0,34885563.16889997
2026-01-04 15:59:59.605000+00:00,2026-01-04 15:45:00+00:00,continuous,91179.0,91300.0,91050.0,91292.8,68395916.20759971
2026-01-04 16:14:59.824000+00:00,2026-01-04 16:00:00+00:00,continuous,91292.8,91429.4,91211.0,91239.4,89309096.00759949
2026-01-04 16:29:59.091000+00:00,2026-01-04 16:15:00+00:00,continuous,91239.4,91330.0,91210.0,91306.2,37734839.58819987
2026-01-04 16:44:59.655000+00:00,2026-01-04 16:30:00+00:00,continuous,91306.3,91408.9,91255.0,91260.7,44816206.225499794
2026-01-04 16:59:59.853000+00:00,2026-01-04 16:45:00+00:00,continuous,91260.7,91301.1,91253.1,91282.3,18042806.16579995
2026-01-04 17:14:59.992000+00:00,2026-01-04 17:00:00+00:00,continuous,91282.3,91398.7,91262.7,91301.7,41801795.039200105
2026-01-04 17:29:59.205000+00:00,2026-01-04 17:15:00+00:00,continuous,91301.7,91398.2,91275.7,91324.4,22679188.216900047
2026-01-04 17:44:59.947000+00:00,2026-01-04 17:30:00+00:00,continuous,91324.3,91403.9,91324.3,91350.1,27716071.23249997
2026-01-04 17:59:59.893000+00:00,2026-01-04 17:45:00+00:00,continuous,91350.1,91372.6,91293.4,91293.5,19161929.969700065
2026-01-04 18:14:59.628000+00:00,2026-01-04 18:00:00+00:00,continuous,91293.4,91293.5,91193.1,91200.0,36676897.75859985
2026-01-04 18:29:59.259000+00:00,2026-01-04 18:15:00+00:00,continuous,91200.0,91219.4,91093.1,91134.9,53549536.627299875
2026-01-04 18:44:59.937000+00:00,2026-01-04 18:30:00+00:00,continuous,91134.8,91201.4,90934.4,91189.2,152710883.80309966
2026-01-04 18:59:59.002000+00:00,2026-01-04 18:45:00+00:00,continuous,91189.1,91197.0,91110.5,91168.0,23548103.406100012
2026-01-04 19:14:59.654000+00:00,2026-01-04 19:00:00+00:00,continuous,91168.0,91172.0,90790.1,90972.8,170022763.4107993
2026-01-04 19:29:59.874000+00:00,2026-01-04 19:15:00+00:00,continuous,90972.8,91179.9,90955.0,91083.5,64657022.76989994
2026-01-04 19:44:58.071000+00:00,2026-01-04 19:30:00+00:00,continuous,91083.4,91150.0,91005.6,91025.2,37510787.097200185
2026-01-04 19:59:59.002000+00:00,2026-01-04 19:45:00+00:00,continuous,91025.3,91140.9,91025.2,91102.9,15462034.126799958
2026-01-04 20:14:59.894000+00:00,2026-01-04 20:00:00+00:00,continuous,91102.9,91249.6,91085.1,91220.1,49307224.38970001
2026-01-04 20:29:59.373000+00:00,2026-01-04 20:15:00+00:00,continuous,91220.1,91309.1,91190.8,91296.2,30476852.071199976
2026-01-04 20:44:59.823000+00:00,2026-01-04 20:30:00+00:00,continuous,91296.3,91301.8,91217.7,91248.4,22463490.796900008
2026-01-04 20:59:59.607000+00:00,2026-01-04 20:45:00+00:00,continuous,91248.3,91308.0,91215.1,91275.9,27855265.95929999
2026-01-04 21:14:59.868000+00:00,2026-01-04 21:00:00+00:00,continuous,91275.9,91385.6,91222.3,91312.0,43166357.6308
2026-01-04 21:29:59.259000+00:00,2026-01-04 21:15:00+00:00,continuous,91312.1,91320.2,91262.9,91270.2,18634700.281699967
2026-01-04 21:44:59.867000+00:00,2026-01-04 21:30:00+00:00,continuous,91270.2,91312.4,91171.0,91174.4,21366612.71019998
2026-01-04 21:59:59.936000+00:00,2026-01-04 21:45:00+00:00,continuous,91174.3,91265.0,91142.0,91247.0,27276823.321699988
2026-01-04 22:14:59.828000+00:00,2026-01-04 22:00:00+00:00,continuous,91247.1,91372.6,91112.7,91154.8,39029461.721399896
2026-01-04 22:29:59.480000+00:00,2026-01-04 22:15:00+00:00,continuous,91154.7,91259.7,91106.7,91255.7,24714174.882500038
2026-01-04 22:44:59.791000+00:00,2026-01-04 22:30:00+00:00,continuous,91255.7,91266.7,91142.2,91165.6,36763848.207799956
2026-01-04 22:59:53.349000+00:00,2026-01-04 22:45:00+00:00,continuous,91165.7,91230.3,91143.7,91180.9,17553996.740400035
2026-01-04 23:14:59.926000+00:00,2026-01-04 23:00:00+00:00,continuous,91181.0,91513.0,91181.0,91305.1,134931460.21279946
2026-01-04 23:29:59.739000+00:00,2026-01-04 23:15:00+00:00,continuous,91305.1,91497.4,91248.3,91340.1,69876152.08710037
2026-01-04 23:44:58.090000+00:00,2026-01-04 23:30:00+00:00,continuous,91340.1,91412.9,91257.7,91287.4,50910406.4985003
2026-01-04 23:59:59.974000+00:00,2026-01-04 23:45:00+00:00,continuous,91287.4,91567.0,91230.0,91497.1,73668294.23930004
2026-01-05 00:14:59.947000+00:00,2026-01-05 00:00:00+00:00,continuous,91497.2,92108.5,91476.5,91866.3,804596516.2631031
2026-01-05 00:29:59.707000+00:00,2026-01-05 00:15:00+00:00,continuous,91866.4,91970.0,91666.0,91823.4,166124825.3902997
2026-01-05 00:44:59.845000+00:00,2026-01-05 00:30:00+00:00,continuous,91823.5,92036.1,91681.7,92015.1,135123658.8628997
2026-01-05 00:59:59.894000+00:00,2026-01-05 00:45:00+00:00,continuous,92015.1,92396.8,91938.6,92368.1,498945509.8827034
2026-01-05 01:14:59.981000+00:00,2026-01-05 01:00:00+00:00,continuous,92368.0,92936.0,92230.5,92907.9,717906427.7274975
2026-01-05 01:29:59.991000+00:00,2026-01-05 01:15:00+00:00,continuous,92908.0,92951.0,92660.0,92930.0,248459562.09829903
2026-01-05 01:44:59.830000+00:00,2026-01-05 01:30:00+00:00,continuous,92929.9,93382.5,92765.0,93153.9,719384637.8592007
2026-01-05 01:59:59.831000+00:00,2026-01-05 01:45:00+00:00,continuous,93154.0,93216.2,92877.8,92917.0,233339751.08330017
2026-01-05 02:14:59.898000+00:00,2026-01-05 02:00:00+00:00,continuous,92916.9,93114.7,92740.0,92821.8,260884540.7546997
2026-01-05 02:29:59.987000+00:00,2026-01-05 02:15:00+00:00,continuous,92821.7,92963.9,92683.9,92700.0,114608445.8102999
2026-01-05 02:44:59.959000+00:00,2026-01-05 02:30:00+00:00,continuous,92699.9,92950.5,92699.9,92874.7,118218540.7282003
2026-01-05 02:59:59.678000+00:00,2026-01-05 02:45:00+00:00,continuous,92874.7,93056.3,92874.6,92990.4,139333883.4902001
2026-01-05 03:14:59.966000+00:00,2026-01-05 03:00:00+00:00,continuous,92990.3,93167.9,92910.2,92973.7,230824677.49660105
2026-01-05 03:29:59.781000+00:00,2026-01-05 03:15:00+00:00,continuous,92973.8,93000.0,92889.1,92965.4,110660776.45220031
2026-01-05 03:44:59.529000+00:00,2026-01-05 03:30:00+00:00,continuous,92965.5,93098.9,92901.6,92901.7,169667412.00970054
2026-01-05 03:59:59.985000+00:00,2026-01-05 03:45:00+00:00,continuous,92901.7,92936.0,92823.1,92835.2,58190980.77249993
2026-01-05 04:14:59.790000+00:00,2026-01-05 04:00:00+00:00,continuous,92835.3,92920.0,92715.9,92715.9,106448103.74359988
2026-01-05 04:29:59.879000+00:00,2026-01-05 04:15:00+00:00,continuous,92715.9,92795.0,92373.1,92434.1,287035157.2713981
2026-01-05 04:44:59.910000+00:00,2026-01-05 04:30:00+00:00,continuous,92434.1,92524.8,92269.3,92361.6,195867922.8989002
2026-01-05 04:59:59.947000+00:00,2026-01-05 04:45:00+00:00,continuous,92361.5,92597.9,92361.5,92556.8,131649665.64379956
2026-01-05 05:14:59.885000+00:00,2026-01-05 05:00:00+00:00,continuous,92556.9,92673.0,92521.4,92601.3,91250329.19639967
2026-01-05 05:29:59.500000+00:00,2026-01-05 05:15:00+00:00,continuous,92601.2,92687.9,92553.2,92667.8,57549579.19720026
2026-01-05 05:44:59.953000+00:00,2026-01-05 05:30:00+00:00,continuous,92667.8,92667.9,92500.0,92520.4,80035508.0659001
2026-01-05 05:59:59.647000+00:00,2026-01-05 05:45:00+00:00,continuous,92520.4,92536.8,92307.3,92323.2,132791348.16260007
2026-01-05 06:14:59.975000+00:00,2026-01-05 06:00:00+00:00,continuous,92323.2,92450.0,92314.2,92396.2,71685934.37180026
2026-01-05 06:29:59.915000+00:00,2026-01-05 06:15:00+00:00,continuous,92396.2,92427.1,92216.0,92239.9,90042817.95459989
2026-01-05 06:44:59.808000+00:00,2026-01-05 06:30:00+00:00,continuous,92239.9,92396.6,92102.0,92380.2,153668698.99010068
2026-01-05 06:59:59.069000+00:00,2026-01-05 06:45:00+00:00,continuous,92380.1,92473.3,92328.4,92454.4,125873420.44550039
2026-01-05 07:14:59.887000+00:00,2026-01-05 07:00:00+00:00,continuous,92454.4,92589.4,92450.0,92584.3,139130656.0074993
2026-01-05 07:29:59.988000+00:00,2026-01-05 07:15:00+00:00,continuous,92584.3,92610.0,92510.1,92528.5,53272467.122299895
2026-01-05 07:44:59.251000+00:00,2026-01-05 07:30:00+00:00,continuous,92528.4,92571.6,92502.8,92511.3,105115491.17050008
2026-01-05 07:59:59.869000+00:00,2026-01-05 07:45:00+00:00,continuous,92511.3,92513.0,92489.6,92492.1,50022279.359799966
2026-01-05 08:14:59.912000+00:00,2026-01-05 08:00:00+00:00,continuous,92492.1,92635.9,92489.8,92612.6,88386114.65110002
2026-01-05 08:29:59.824000+00:00,2026-01-05 08:15:00+00:00,continuous,92612.6,92745.9,92580.6,92664.5,101605806.6773998
2026-01-05 08:44:59.400000+00:00,2026-01-05 08:30:00+00:00,continuous,92664.5,92684.0,92440.0,92444.0,75690943.3408996
2026-01-05 08:59:59.322000+00:00,2026-01-05 08:45:00+00:00,continuous,92444.0,92552.0,92415.4,92436.0,54046415.18790028
2026-01-05 09:14:59.949000+00:00,2026-01-05 09:00:00+00:00,continuous,92436.0,92510.1,92292.0,92405.4,205716284.3309976
2026-01-05 09:29:59.817000+00:00,2026-01-05 09:15:00+00:00,continuous,92405.3,92640.1,92393.6,92606.6,96247436.84390005
2026-01-05 09:44:59.987000+00:00,2026-01-05 09:30:00+00:00,continuous,92606.7,92623.4,92507.5,92618.5,52976272.01779978
2026-01-05 09:59:59.190000+00:00,2026-01-05 09:45:00+00:00,continuous,92618.5,92828.0,92618.5,92654.3,127214231.97119965
2026-01-05 10:14:59.981000+00:00,2026-01-05 10:00:00+00:00,continuous,92654.2,92925.0,92633.3,92871.6,124333044.95560002
2026-01-05 10:29:59.766000+00:00,2026-01-05 10:15:00+00:00,continuous,92871.6,92907.0,92807.9,92850.6,102563296.99179997
2026-01-05 10:44:59.711000+00:00,2026-01-05 10:30:00+00:00,continuous,92850.6,93000.0,92725.0,92820.0,187462497.8414012
2026-01-05 10:59:59.990000+00:00,2026-01-05 10:45:00+00:00,continuous,92820.0,93120.7,92820.0,93048.4,184249571.50569996
2026-01-05 11:14:59.885000+00:00,2026-01-05 11:00:00+00:00,continuous,93048.3,93048.4,92859.0,92859.0,107116062.97689974
2026-01-05 11:29:59.662000+00:00,2026-01-05 11:15:00+00:00,continuous,92859.1,93131.8,92850.0,92935.7,116105551.38200012
2026-01-05 11:44:59.849000+00:00,2026-01-05 11:30:00+00:00,continuous,92935.7,93019.7,92863.2,92979.7,118074283.1907999
2026-01-05 11:59:59.621000+00:00,2026-01-05 11:45:00+00:00,continuous,92979.8,93110.8,92958.6,93093.3,133537618.62090002
2026-01-05 12:14:59.734000+00:00,2026-01-05 12:00:00+00:00,continuous,93093.3,93150.0,93015.6,93117.3,106502770.39189933
2026-01-05 12:29:59.867000+00:00,2026-01-05 12:15:00+00:00,continuous,93117.2,93186.0,92877.8,92881.7,112041157.94579999
2026-01-05 12:44:59.954000+00:00,2026-01-05 12:30:00+00:00,continuous,92881.7,92932.4,92756.0,92773.3,108707081.23300031
2026-01-05 12:59:59.265000+00:00,2026-01-05 12:45:00+00:00,continuous,92773.4,92871.0,92710.2,92837.2,93293478.49020031
2026-01-05 13:14:59.814000+00:00,2026-01-05 13:00:00+00:00,continuous,92837.2,92984.3,92769.2,92892.2,74049489.75430009
2026-01-05 13:29:59.727000+00:00,2026-01-05 13:15:00+00:00,continuous,92892.2,92892.2,92666.1,92755.5,85958421.47829956
2026-01-05 13:44:59.961000+00:00,2026-01-05 13:30:00+00:00,continuous,92755.6,92755.6,92496.9,92560.9,214560232.92419907
2026-01-05 13:59:59.220000+00:00,2026-01-05 13:45:00+00:00,continuous,92561.0,92726.0,92542.1,92708.0,99076012.70070034
2026-01-05 14:14:59.424000+00:00,2026-01-05 14:00:00+00:00,continuous,92708.0,92844.1,92669.9,92707.5,131353449.15709995
2026-01-05 14:29:59.864000+00:00,2026-01-05 14:15:00+00:00,continuous,92707.5,92800.0,92658.0,92735.3,54614291.395800196
2026-01-05 14:44:59.938000+00:00,2026-01-05 14:30:00+00:00,continuous,92735.3,93307.9,92370.9,93250.5,637959826.4224962
2026-01-05 14:59:59.995000+00:00,2026-01-05 14:45:00+00:00,continuous,93250.4,93650.0,92883.2,93390.0,732169478.3373995
2026-01-05 15:14:59.869000+00:00,2026-01-05 15:00:00+00:00,continuous,93389.9,93500.0,93114.5,93390.5,358209381.1856007
2026-01-05 15:29:59.826000+00:00,2026-01-05 15:15:00+00:00,continuous,93390.5,93750.0,93168.5,93334.2,423174886.46200085
2026-01-05 15:44:59.932000+00:00,2026-01-05 15:30:00+00:00,continuous,93334.3,93931.6,93260.6,93805.2,488482972.72400045
2026-01-05 15:59:59.971000+00:00,2026-01-05 15:45:00+00:00,continuous,93805.1,93998.9,93669.0,93899.9,300337133.14699954
2026-01-05 16:14:59.900000+00:00,2026-01-05 16:00:00+00:00,continuous,93900.0,94010.0,93712.4,93866.7,324905502.524701
2026-01-05 16:29:59.953000+00:00,2026-01-05 16:15:00+00:00,continuous,93866.7,94044.6,93620.4,93779.4,310073838.9453003
2026-01-05 16:44:59.875000+00:00,2026-01-05 16:30:00+00:00,continuous,93779.5,93869.2,93666.0,93670.3,135933115.79710025
2026-01-05 16:59:59.924000+00:00,2026-01-05 16:45:00+00:00,continuous,93670.4,93756.9,93528.8,93646.6,140768225.4756001
2026-01-05 17:14:59.760000+00:00,2026-01-05 17:00:00+00:00,continuous,93646.6,93730.3,93567.5,93629.9,89565169.1086003
2026-01-05 17:29:59.653000+00:00,2026-01-05 17:15:00+00:00,continuous,93630.0,93660.0,93201.0,93394.8,249812674.64179885
2026-01-05 17:44:59.791000+00:00,2026-01-05 17:30:00+00:00,continuous,93394.7,93855.5,93394.7,93744.2,256798834.41619992
2026-01-05 17:59:59.964000+00:00,2026-01-05 17:45:00+00:00,continuous,93744.2,94429.9,93744.2,94273.0,601217223.7561991
2026-01-05 18:14:59.966000+00:00,2026-01-05 18:00:00+00:00,continuous,94273.1,94373.1,94030.0,94168.5,270011374.33969945
2026-01-05 18:29:59.674000+00:00,2026-01-05 18:15:00+00:00,continuous,94168.4,94182.9,93906.1,93982.9,161193864.11609873
2026-01-05 18:44:59.670000+00:00,2026-01-05 18:30:00+00:00,continuous,93982.9,94074.7,93865.2,93957.7,104913953.66369972
2026-01-05 18:59:59.926000+00:00,2026-01-05 18:45:00+00:00,continuous,93957.8,94475.7,93936.1,94400.4,217811763.97820017
2026-01-05 19:14:59.851000+00:00,2026-01-05 19:00:00+00:00,continuous,94400.5,94406.4,94166.6,94271.2,147101683.4099005
2026-01-05 19:29:59.798000+00:00,2026-01-05 19:15:00+00:00,continuous,94271.2,94408.0,94185.0,94361.9,87183485.95279989
2026-01-05 19:44:59.666000+00:00,2026-01-05 19:30:00+00:00,continuous,94361.8,94450.0,94117.2,94213.3,139958781.26979938
2026-01-05 19:59:59.870000+00:00,2026-01-05 19:45:00+00:00,continuous,94213.3,94300.0,94075.7,94248.6,99635253.67119992
2026-01-05 20:14:59.884000+00:00,2026-01-05 20:00:00+00:00,continuous,94248.6,94488.1,94143.4,94362.9,210628010.71570113
2026-01-05 20:29:59.986000+00:00,2026-01-05 20:15:00+00:00,continuous,94362.8,94760.3,94243.2,94686.9,355745975.5011009
2026-01-05 20:44:59.861000+00:00,2026-01-05 20:30:00+00:00,continuous,94687.0,94687.0,94100.0,94130.9,213568479.76480138
2026-01-05 20:59:59.956000+00:00,2026-01-05 20:45:00+00:00,continuous,94130.9,94217.7,93980.0,94131.0,135644490.2650996
2026-01-05 21:14:59.421000+00:00,2026-01-05 21:00:00+00:00,continuous,94131.0,94169.2,93920.1,93944.5,107420099.50900015
2026-01-05 21:29:59.994000+00:00,2026-01-05 21:15:00+00:00,continuous,93944.6,94094.3,93782.4,93790.7,125575704.56310011
2026-01-05 21:44:59.663000+00:00,2026-01-05 21:30:00+00:00,continuous,93790.8,94094.5,93757.9,94040.0,91123644.66150008
2026-01-05 21:59:59.520000+00:00,2026-01-05 21:45:00+00:00,continuous,94039.9,94193.4,94028.1,94049.1,49852178.32030026
2026-01-05 22:14:59.417000+00:00,2026-01-05 22:00:00+00:00,continuous,94049.1,94186.5,93952.6,94143.0,65067691.39469992
2026-01-05 22:29:59.807000+00:00,2026-01-05 22:15:00+00:00,continuous,94142.9,94361.0,94142.9,94202.9,90021433.08670019
2026-01-05 22:44:59.671000+00:00,2026-01-05 22:30:00+00:00,continuous,94203.0,94313.2,94153.2,94224.9,45732887.68320013
2026-01-05 22:59:59.937000+00:00,2026-01-05 22:45:00+00:00,continuous,94224.9,94310.0,94005.5,94125.2,49445064.970800124
2026-01-05 23:14:59.460000+00:00,2026-01-05 23:00:00+00:00,continuous,94125.3,94154.2,93960.8,93999.9,67323375.57599972
2026-01-05 23:29:59.782000+00:00,2026-01-05 23:15:00+00:00,continuous,93999.9,94091.4,93900.1,93950.2,82934752.16259955
2026-01-05 23:44:59.621000+00:00,2026-01-05 23:30:00+00:00,continuous,93950.2,94014.6,93813.7,93869.9,78943452.88910003
2026-01-05 23:59:59.778000+00:00,2026-01-05 23:45:00+00:00,continuous,93869.9,93946.3,93815.0,93822.4,46734275.090199865
2026-01-06 00:14:59.962000+00:00,2026-01-06 00:00:00+00:00,continuous,93822.3,93950.0,93670.9,93680.0,129246260.08739983
2026-01-06 00:29:59.932000+00:00,2026-01-06 00:15:00+00:00,continuous,93680.1,93778.1,93621.1,93763.8,85665723.5142992
2026-01-06 00:44:59.359000+00:00,2026-01-06 00:30:00+00:00,continuous,93763.7,93763.7,93510.0,93607.8,105809513.74039978
2026-01-06 00:59:59.998000+00:00,2026-01-06 00:45:00+00:00,continuous,93607.7,93794.3,93531.9,93768.8,91127654.98560035
2026-01-06 01:14:59.904000+00:00,2026-01-06 01:00:00+00:00,continuous,93768.7,93935.8,93752.6,93865.9,93222042.27959993
2026-01-06 01:29:59.986000+00:00,2026-01-06 01:15:00+00:00,continuous,93865.9,94125.1,93836.4,94070.8,113940088.85060006
2026-01-06 01:44:59.912000+00:00,2026-01-06 01:30:00+00:00,continuous,94070.7,94075.8,93770.0,93787.1,76664833.61830024
2026-01-06 01:59:59.949000+00:00,2026-01-06 01:45:00+00:00,continuous,93787.0,93924.8,93688.0,93736.0,63705932.94520002
2026-01-06 02:14:59.929000+00:00,2026-01-06 02:00:00+00:00,continuous,93736.1,93829.8,93644.5,93708.5,65518097.51339977
2026-01-06 02:29:59.914000+00:00,2026-01-06 02:15:00+00:00,continuous,93708.5,93734.3,93623.0,93650.0,50891967.21299981
2026-01-06 02:44:59.868000+00:00,2026-01-06 02:30:00+00:00,continuous,93650.0,93669.5,93467.1,93578.8,81533771.25010046
2026-01-06 02:59:59.546000+00:00,2026-01-06 02:45:00+00:00,continuous,93578.7,93625.0,93500.0,93587.0,61044855.40359979
2026-01-06 03:14:59.917000+00:00,2026-01-06 03:00:00+00:00,continuous,93587.0,93727.4,93563.0,93727.4,52141130.12780029
2026-01-06 03:29:59.551000+00:00,2026-01-06 03:15:00+00:00,continuous,93727.3,93793.8,93700.0,93753.5,54858492.86849994
2026-01-06 03:44:59.888000+00:00,2026-01-06 03:30:00+00:00,continuous,93753.5,93900.7,93730.0,93731.0,71167400.42980018
2026-01-06 03:59:59.192000+00:00,2026-01-06 03:45:00+00:00,continuous,93731.0,93793.0,93696.2,93725.8,36626663.64339984
2026-01-06 04:14:59.716000+00:00,2026-01-06 04:00:00+00:00,continuous,93725.7,93951.4,93688.0,93915.8,68015451.70990013
2026-01-06 04:29:59.771000+00:00,2026-01-06 04:15:00+00:00,continuous,93915.8,93966.4,93800.0,93829.4,46792930.48409984
2026-01-06 04:44:59.868000+00:00,2026-01-06 04:30:00+00:00,continuous,93829.4,93903.6,93767.0,93784.4,38026630.52299991
2026-01-06 04:59:59.809000+00:00,2026-01-06 04:45:00+00:00,continuous,93784.4,93815.4,93758.8,93758.8,30758059.759499986
2026-01-06 05:14:59.748000+00:00,2026-01-06 05:00:00+00:00,continuous,93758.8,93786.0,93614.9,93695.6,73956774.35520008
2026-01-06 05:29:59.126000+00:00,2026-01-06 05:15:00+00:00,continuous,93695.6,93760.8,93628.5,93654.1,55722195.975199945
2026-01-06 05:44:59.314000+00:00,2026-01-06 05:30:00+00:00,continuous,93654.0,93736.5,93552.4,93575.4,50872537.62659988
2026-01-06 05:59:59.991000+00:00,2026-01-06 05:45:00+00:00,continuous,93575.3,93627.2,93520.8,93552.0,65699525.560899965
2026-01-06 06:14:59.682000+00:00,2026-01-06 06:00:00+00:00,continuous,93552.0,93764.7,93500.0,93713.5,113824377.16660017
2026-01-06 06:29:59.892000+00:00,2026-01-06 06:15:00+00:00,continuous,93713.5,93721.6,93604.8,93717.6,53185203.71529969
2026-01-06 06:44:59.050000+00:00,2026-01-06 06:30:00+00:00,continuous,93717.6,93898.9,93717.6,93867.9,151106900.26590022
2026-01-06 06:59:59.794000+00:00,2026-01-06 06:45:00+00:00,continuous,93867.9,93906.6,93727.5,93727.5,101396243.04469992
2026-01-06 07:14:59.851000+00:00,2026-01-06 07:00:00+00:00,continuous,93727.5,93740.3,93500.3,93510.5,110239115.5461998
2026-01-06 07:29:59.819000+00:00,2026-01-06 07:15:00+00:00,continuous,93510.5,93561.0,93276.0,93359.9,203010119.5942001
2026-01-06 07:44:59.693000+00:00,2026-01-06 07:30:00+00:00,continuous,93360.0,93379.6,93160.5,93237.6,227933759.37340012
2026-01-06 07:59:59.986000+00:00,2026-01-06 07:45:00+00:00,continuous,93237.7,93301.6,93088.0,93207.4,167416341.84079853
2026-01-06 08:14:59.995000+00:00,2026-01-06 08:00:00+00:00,continuous,93207.4,93379.4,93168.0,93338.8,123473407.90910083
2026-01-06 08:29:59.796000+00:00,2026-01-06 08:15:00+00:00,continuous,93338.7,93358.9,93201.0,93292.9,88572636.14089978
2026-01-06 08:44:59.743000+00:00,2026-01-06 08:30:00+00:00,continuous,93292.9,93304.8,93183.2,93211.0,81297995.1644002
2026-01-06 08:59:58.927000+00:00,2026-01-06 08:45:00+00:00,continuous,93210.9,93292.0,93130.4,93197.0,67160213.22529987
2026-01-06 09:14:59.866000+00:00,2026-01-06 09:00:00+00:00,continuous,93196.9,93489.8,93186.5,93322.9,114456852.09690021
2026-01-06 09:29:59.591000+00:00,2026-01-06 09:15:00+00:00,continuous,93322.9,93529.8,93322.9,93431.2,87275093.5202995
2026-01-06 09:44:59.677000+00:00,2026-01-06 09:30:00+00:00,continuous,93431.3,93445.8,93338.1,93416.6,47096027.92310001
2026-01-06 09:59:59.225000+00:00,2026-01-06 09:45:00+00:00,continuous,93416.5,93520.1,93384.1,93420.4,49917310.44769996
2026-01-06 10:14:59.958000+00:00,2026-01-06 10:00:00+00:00,continuous,93420.4,93614.6,93359.6,93550.9,77366726.8394997
2026-01-06 10:29:59.945000+00:00,2026-01-06 10:15:00+00:00,continuous,93550.9,93620.7,93469.7,93551.1,81048561.99490021
2026-01-06 10:44:59.508000+00:00,2026-01-06 10:30:00+00:00,continuous,93551.1,93586.4,93510.8,93547.5,32390965.913200077
2026-01-06 10:59:59.598000+00:00,2026-01-06 10:45:00+00:00,continuous,93547.6,93597.7,93462.2,93536.3,44678914.31620006
2026-01-06 11:14:59.410000+00:00,2026-01-06 11:00:00+00:00,continuous,93536.4,93765.6,93530.5,93742.5,104606505.9401997
2026-01-06 11:29:59.754000+00:00,2026-01-06 11:15:00+00:00,continuous,93742.5,93798.0,93648.0,93795.1,82730987.09909968
2026-01-06 11:44:59.559000+00:00,2026-01-06 11:30:00+00:00,continuous,93795.0,93795.1,93724.9,93754.8,52345748.81739983
2026-01-06 11:59:59.625000+00:00,2026-01-06 11:45:00+00:00,continuous,93754.9,93865.5,93742.9,93799.9,86514993.68730001
2026-01-06 12:14:59.942000+00:00,2026-01-06 12:00:00+00:00,continuous,93800.0,93950.0,93758.9,93857.6,102542201.95220019
2026-01-06 12:29:59.814000+00:00,2026-01-06 12:15:00+00:00,continuous,93857.6,93933.2,93813.9,93826.4,58500966.85380011
2026-01-06 12:44:59.804000+00:00,2026-01-06 12:30:00+00:00,continuous,93826.4,93833.4,93737.5,93788.1,59023776.42300014
2026-01-06 12:59:59.770000+00:00,2026-01-06 12:45:00+00:00,continuous,93788.1,93872.0,93773.7,93819.4,45987513.46489987
2026-01-06 13:14:59.897000+00:00,2026-01-06 13:00:00+00:00,continuous,93819.4,93826.8,93706.6,93779.2,90970214.66090012
2026-01-06 13:29:59.998000+00:00,2026-01-06 13:15:00+00:00,continuous,93779.1,93821.5,93678.6,93687.5,59944118.01069995
2026-01-06 13:44:59.889000+00:00,2026-01-06 13:30:00+00:00,continuous,93687.5,93724.6,93619.9,93657.8,63129666.02170005
2026-01-06 13:59:59.888000+00:00,2026-01-06 13:45:00+00:00,continuous,93657.9,93705.1,93590.7,93678.1,79758910.67459998
2026-01-06 14:14:59.880000+00:00,2026-01-06 14:00:00+00:00,continuous,93678.0,94150.0,93678.0,94063.6,317196255.30790126
2026-01-06 14:29:59.880000+00:00,2026-01-06 14:15:00+00:00,continuous,94063.7,94415.4,93992.3,94287.9,558662909.2895006
2026-01-06 14:44:59.945000+00:00,2026-01-06 14:30:00+00:00,continuous,94288.0,94313.5,93954.7,94054.2,453090986.2411972
2026-01-06 14:59:59.987000+00:00,2026-01-06 14:45:00+00:00,continuous,94054.3,94114.9,93469.3,93796.2,682932242.5852985
2026-01-06 15:14:59.837000+00:00,2026-01-06 15:00:00+00:00,continuous,93796.2,93923.4,93639.9,93711.8,359431554.12500036
2026-01-06 15:29:59.959000+00:00,2026-01-06 15:15:00+00:00,continuous,93711.9,94274.0,93711.9,94085.1,314948171.9986013
2026-01-06 15:44:59.891000+00:00,2026-01-06 15:30:00+00:00,continuous,94085.2,94132.6,93300.1,93437.0,435317741.70240057
2026-01-06 15:59:59.775000+00:00,2026-01-06 15:45:00+00:00,continuous,93436.9,93614.0,93292.0,93608.2,271516577.3090004
2026-01-06 16:14:59.968000+00:00,2026-01-06 16:00:00+00:00,continuous,93608.2,93728.9,93319.2,93442.9,262850461.50299677
2026-01-06 16:29:59.948000+00:00,2026-01-06 16:15:00+00:00,continuous,93442.9,93457.0,92767.6,92805.9,632883794.6934
2026-01-06 16:44:59.968000+00:00,2026-01-06 16:30:00+00:00,continuous,92805.9,92970.8,92346.3,92517.7,661460794.5251997
2026-01-06 16:59:59.982000+00:00,2026-01-06 16:45:00+00:00,continuous,92517.8,92681.0,92280.4,92651.3,510388511.9330022
2026-01-06 17:14:59.535000+00:00,2026-01-06 17:00:00+00:00,continuous,92651.3,92743.1,92499.9,92572.9,230310841.94490078
2026-01-06 17:29:59.660000+00:00,2026-01-06 17:15:00+00:00,continuous,92572.9,92667.0,92344.4,92478.0,167684798.6206013
2026-01-06 17:44:59.989000+00:00,2026-01-06 17:30:00+00:00,continuous,92478.0,92617.9,91884.8,92199.4,567277980.0024962
2026-01-06 17:59:59.988000+00:00,2026-01-06 17:45:00+00:00,continuous,92199.5,92199.5,91480.2,91547.6,1119502429.3908985
2026-01-06 18:14:59.499000+00:00,2026-01-06 18:00:00+00:00,continuous,91547.5,91931.5,91209.0,91784.2,953029601.6670963
2026-01-06 18:29:59.919000+00:00,2026-01-06 18:15:00+00:00,continuous,91784.2,92096.3,91757.1,91959.4,261164278.26839936
2026-01-06 18:44:59.819000+00:00,2026-01-06 18:30:00+00:00,continuous,91959.4,92042.1,91783.9,91904.6,178766247.1632004
2026-01-06 18:59:59.832000+00:00,2026-01-06 18:45:00+00:00,continuous,91904.5,92211.3,91899.9,92006.4,381836055.0365991
2026-01-06 19:14:59.726000+00:00,2026-01-06 19:00:00+00:00,continuous,92006.4,92222.0,91862.5,92188.3,199559797.05249983
2026-01-06 19:29:59.517000+00:00,2026-01-06 19:15:00+00:00,continuous,92188.2,92369.5,92088.0,92213.8,144728271.87579876
2026-01-06 19:44:59.854000+00:00,2026-01-06 19:30:00+00:00,continuous,92213.8,92274.1,92022.0,92082.3,94138931.10700029
2026-01-06 19:59:59.636000+00:00,2026-01-06 19:45:00+00:00,continuous,92082.3,92159.8,92002.4,92062.2,65081840.60390029
2026-01-06 20:14:59.832000+00:00,2026-01-06 20:00:00+00:00,continuous,92062.2,92469.7,92062.2,92395.0,177095541.50939918
2026-01-06 20:29:59.987000+00:00,2026-01-06 20:15:00+00:00,continuous,92395.1,92548.3,92350.1,92465.7,111515535.93990001
2026-01-06 20:44:59.579000+00:00,2026-01-06 20:30:00+00:00,continuous,92465.8,92668.7,92451.7,92602.3,146000104.34830034
2026-01-06 20:59:59.892000+00:00,2026-01-06 20:45:00+00:00,continuous,92602.3,92630.0,92451.1,92472.8,97284556.78149988
2026-01-06 21:14:59.963000+00:00,2026-01-06 21:00:00+00:00,continuous,92472.7,92887.9,92338.0,92859.3,286239307.4726984
2026-01-06 21:29:59.957000+00:00,2026-01-06 21:15:00+00:00,continuous,92859.2,93825.0,92838.1,93488.6,924005341.861197
2026-01-06 21:44:59.483000+00:00,2026-01-06 21:30:00+00:00,continuous,93488.7,93736.8,93432.0,93582.0,173681254.32390067
2026-01-06 21:59:59.980000+00:00,2026-01-06 21:45:00+00:00,continuous,93582.1,93619.7,93098.9,93207.8,273222926.47560257
2026-01-06 22:14:59.998000+00:00,2026-01-06 22:00:00+00:00,continuous,93207.9,93490.1,93046.0,93057.0,173265056.70309994
2026-01-06 22:29:59.194000+00:00,2026-01-06 22:15:00+00:00,continuous,93057.1,93185.3,92922.4,93134.6,149147103.48759976
2026-01-06 22:44:59.005000+00:00,2026-01-06 22:30:00+00:00,continuous,93134.5,93143.0,92920.1,92996.6,67873635.57269976
2026-01-06 22:59:59.231000+00:00,2026-01-06 22:45:00+00:00,continuous,92996.7,93323.3,92980.5,93320.0,129904467.36120014
2026-01-06 23:14:59.917000+00:00,2026-01-06 23:00:00+00:00,continuous,93319.9,93508.1,93279.6,93440.4,109081616.59049965
2026-01-06 23:29:59.724000+00:00,2026-01-06 23:15:00+00:00,continuous,93440.5,93535.3,93353.4,93492.8,65766689.602299765
2026-01-06 23:44:59.372000+00:00,2026-01-06 23:30:00+00:00,continuous,93492.8,93620.0,93490.4,93500.0,79345891.10419974
2026-01-06 23:59:59.492000+00:00,2026-01-06 23:45:00+00:00,continuous,93500.0,93743.4,93495.3,93708.0,86385733.26100017
2026-01-07 00:14:59.914000+00:00,2026-01-07 00:00:00+00:00,continuous,93708.1,93708.1,93500.0,93530.5,123236483.93339923
2026-01-07 00:29:59.946000+00:00,2026-01-07 00:15:00+00:00,continuous,93530.4,93530.5,93299.9,93318.3,133526045.58860062
2026-01-07 00:44:59.896000+00:00,2026-01-07 00:30:00+00:00,continuous,93318.4,93347.9,93049.6,93158.0,182079178.61250028
2026-01-07 00:59:59.969000+00:00,2026-01-07 00:45:00+00:00,continuous,93158.0,93159.5,92607.9,92670.4,261193360.04949963
2026-01-07 01:14:59.561000+00:00,2026-01-07 01:00:00+00:00,continuous,92670.4,92866.7,92662.0,92769.1,152031880.72899956
2026-01-07 01:29:59.990000+00:00,2026-01-07 01:15:00+00:00,continuous,92769.1,92769.1,92293.8,92516.0,275300402.7237993
2026-01-07 01:44:59.422000+00:00,2026-01-07 01:30:00+00:00,continuous,92516.1,92596.6,92393.0,92402.0,138331552.02299917
2026-01-07 01:59:59.994000+00:00,2026-01-07 01:45:00+00:00,continuous,92402.0,92484.6,92331.6,92405.7,103208421.17069957
2026-01-07 02:14:59.864000+00:00,2026-01-07 02:00:00+00:00,continuous,92405.6,92655.0,92202.9,92625.7,189529300.99469963
2026-01-07 02:29:59.805000+00:00,2026-01-07 02:15:00+00:00,continuous,92625.7,92740.0,92467.5,92650.1,93668515.36369991
2026-01-07 02:44:59.943000+00:00,2026-01-07 02:30:00+00:00,continuous,92650.0,92918.5,92613.0,92890.6,122232535.19039978
2026-01-07 02:59:59.872000+00:00,2026-01-07 02:45:00+00:00,continuous,92890.6,93028.3,92850.0,92923.2,107738077.27479984
2026-01-07 03:14:59.609000+00:00,2026-01-07 03:00:00+00:00,continuous,92923.2,92989.8,92869.9,92931.3,54922745.256099805
2026-01-07 03:29:59.319000+00:00,2026-01-07 03:15:00+00:00,continuous,92931.3,93080.0,92900.0,92965.5,78135896.1138999
2026-01-07 03:44:59.430000+00:00,2026-01-07 03:30:00+00:00,continuous,92965.5,92988.9,92707.2,92825.8,123708755.19699977
2026-01-07 03:59:59.057000+00:00,2026-01-07 03:45:00+00:00,continuous,92825.9,92846.7,92729.6,92778.2,54941302.31129996
2026-01-07 04:14:59.698000+00:00,2026-01-07 04:00:00+00:00,continuous,92778.1,92893.0,92709.8,92764.9,74452457.62260017
2026-01-07 04:29:58.797000+00:00,2026-01-07 04:15:00+00:00,continuous,92764.8,92772.6,92643.4,92741.6,77154634.74989967
2026-01-07 04:44:59.759000+00:00,2026-01-07 04:30:00+00:00,continuous,92741.6,92784.6,92565.9,92736.1,74265157.07060012
2026-01-07 04:59:59.255000+00:00,2026-01-07 04:45:00+00:00,continuous,92736.0,92736.1,92621.1,92637.3,30150887.34879999
2026-01-07 05:14:59.942000+00:00,2026-01-07 05:00:00+00:00,continuous,92637.3,92713.5,92597.2,92710.3,34620914.82980009
2026-01-07 05:29:59.846000+00:00,2026-01-07 05:15:00+00:00,continuous,92710.2,92770.9,92659.0,92690.0,41887326.869700015
2026-01-07 05:44:59.261000+00:00,2026-01-07 05:30:00+00:00,continuous,92690.0,92818.0,92690.0,92715.0,60525819.64550009
2026-01-07 05:59:59.990000+00:00,2026-01-07 05:45:00+00:00,continuous,92715.0,92715.0,92457.9,92504.0,105629126.32009955
2026-01-07 06:14:59.949000+00:00,2026-01-07 06:00:00+00:00,continuous,92504.0,92642.2,92483.1,92640.5,42144061.14470001
2026-01-07 06:29:59.846000+00:00,2026-01-07 06:15:00+00:00,continuous,92640.6,92810.0,92633.9,92798.2,44458733.26330002
2026-01-07 06:44:58.175000+00:00,2026-01-07 06:30:00+00:00,continuous,92798.1,92869.4,92637.9,92638.1,53386321.41999999
2026-01-07 06:59:59.622000+00:00,2026-01-07 06:45:00+00:00,continuous,92638.2,92702.6,92567.2,92576.4,50112147.623099945
2026-01-07 07:14:59.300000+00:00,2026-01-07 07:00:00+00:00,continuous,92576.4,92741.6,92576.4,92724.4,32206371.482299984
2026-01-07 07:29:59.921000+00:00,2026-01-07 07:15:00+00:00,continuous,92724.4,92809.6,92724.3,92775.2,40766746.73719994
2026-01-07 07:44:59.963000+00:00,2026-01-07 07:30:00+00:00,continuous,92775.2,92862.4,92735.5,92790.3,55573001.62879986
2026-01-07 07:59:59.785000+00:00,2026-01-07 07:45:00+00:00,continuous,92790.2,92850.1,92771.4,92848.1,47672777.11770014
2026-01-07 08:14:59.587000+00:00,2026-01-07 08:00:00+00:00,continuous,92848.1,92915.2,92805.9,92893.2,63750238.23199981
2026-01-07 08:29:59.786000+00:00,2026-01-07 08:15:00+00:00,continuous,92893.2,92928.0,92736.0,92824.1,58164004.794500306
2026-01-07 08:44:59.906000+00:00,2026-01-07 08:30:00+00:00,continuous,92824.1,92907.0,92735.5,92735.6,78510815.02089997
2026-01-07 08:59:59.360000+00:00,2026-01-07 08:45:00+00:00,continuous,92735.5,92768.1,92656.6,92680.3,132701977.94709978
2026-01-07 09:14:59.897000+00:00,2026-01-07 09:00:00+00:00,continuous,92680.4,92680.4,92217.8,92237.3,429616991.0817983
2026-01-07 09:29:59.920000+00:00,2026-01-07 09:15:00+00:00,continuous,92237.4,92317.8,91850.0,91921.8,458738909.5958021
2026-01-07 09:44:59.957000+00:00,2026-01-07 09:30:00+00:00,continuous,91921.9,91972.2,91615.7,91700.6,296359142.7530013
2026-01-07 09:59:59.957000+00:00,2026-01-07 09:45:00+00:00,continuous,91700.6,91729.0,91551.3,91672.0,260257902.8493988
2026-01-07 10:14:59.962000+00:00,2026-01-07 10:00:00+00:00,continuous,91672.0,91838.7,91549.9,91790.0,329830881.33840233
2026-01-07 10:29:59.880000+00:00,2026-01-07 10:15:00+00:00,continuous,91789.9,91824.5,91710.9,91751.7,114948736.22940049
2026-01-07 10:44:59.713000+00:00,2026-01-07 10:30:00+00:00,continuous,91751.7,91947.1,91743.2,91836.5,165899784.4793003
2026-01-07 10:59:59.697000+00:00,2026-01-07 10:45:00+00:00,continuous,91836.6,91953.0,91800.0,91924.1,72840387.35439998
2026-01-07 11:14:59.775000+00:00,2026-01-07 11:00:00+00:00,continuous,91924.1,92101.1,91874.0,92071.9,157325995.42410037
2026-01-07 11:29:58.909000+00:00,2026-01-07 11:15:00+00:00,continuous,92071.9,92194.8,92020.2,92129.6,94821646.70880027
2026-01-07 11:44:59.987000+00:00,2026-01-07 11:30:00+00:00,continuous,92129.6,92219.8,92083.9,92150.1,76943692.1846001
2026-01-07 11:59:59.999000+00:00,2026-01-07 11:45:00+00:00,continuous,92150.2,92158.0,92026.7,92041.9,105700093.57849944
2026-01-07 12:14:59.861000+00:00,2026-01-07 12:00:00+00:00,continuous,92041.8,92140.3,91970.9,92000.4,112726979.18079971
2026-01-07 12:29:59.815000+00:00,2026-01-07 12:15:00+00:00,continuous,92000.4,92135.0,91956.8,92011.1,58151995.35609998
2026-01-07 12:44:59.938000+00:00,2026-01-07 12:30:00+00:00,continuous,92011.1,92083.5,91920.0,91969.9,68075009.11889985
2026-01-07 12:59:59.946000+00:00,2026-01-07 12:45:00+00:00,continuous,91969.9,92020.0,91944.3,91953.4,54214798.06789998
2026-01-07 13:14:59.977000+00:00,2026-01-07 13:00:00+00:00,continuous,91953.3,92019.0,91815.6,91855.1,103553201.91710003
2026-01-07 13:29:59.768000+00:00,2026-01-07 13:15:00+00:00,continuous,91855.0,92249.3,91833.4,92183.9,143767157.644901
2026-01-07 13:44:59.535000+00:00,2026-01-07 13:30:00+00:00,continuous,92183.8,92217.0,92017.6,92104.3,72204849.43169999
2026-01-07 13:59:59.730000+00:00,2026-01-07 13:45:00+00:00,continuous,92104.3,92139.7,91965.1,91994.4,55719081.53150012
2026-01-07 14:14:59.940000+00:00,2026-01-07 14:00:00+00:00,continuous,91994.4,92007.8,91552.2,91659.8,310184164.2814991
2026-01-07 14:29:59.974000+00:00,2026-01-07 14:15:00+00:00,continuous,91659.9,91719.3,91456.2,91517.3,254235428.0409003
2026-01-07 14:44:59.798000+00:00,2026-01-07 14:30:00+00:00,continuous,91517.4,92042.6,91321.2,91795.3,605285250.5732963
2026-01-07 14:59:59.975000+00:00,2026-01-07 14:45:00+00:00,continuous,91795.3,92108.1,91736.4,91920.8,203126029.58120054
2026-01-07 15:14:59.726000+00:00,2026-01-07 15:00:00+00:00,continuous,91920.9,91957.5,91378.2,91619.1,373292570.8532044
2026-01-07 15:29:59.759000+00:00,2026-01-07 15:15:00+00:00,continuous,91619.1,91636.1,90987.0,91238.1,729332013.7618029
2026-01-07 15:44:59.669000+00:00,2026-01-07 15:30:00+00:00,continuous,91238.0,91459.8,91072.8,91325.7,300962430.1164005
2026-01-07 15:59:59.908000+00:00,2026-01-07 15:45:00+00:00,continuous,91325.7,91550.0,91238.8,91303.1,210979442.99730065
2026-01-07 16:14:59.801000+00:00,2026-01-07 16:00:00+00:00,continuous,91303.2,91616.0,91240.8,91559.9,190178816.9995014
2026-01-07 16:29:59.622000+00:00,2026-01-07 16:15:00+00:00,continuous,91560.0,91750.0,91450.0,91552.7,154701340.3887
2026-01-07 16:44:59.961000+00:00,2026-01-07 16:30:00+00:00,continuous,91552.8,91591.1,91100.8,91423.1,195020841.48179984
2026-01-07 16:59:59.509000+00:00,2026-01-07 16:45:00+00:00,continuous,91423.2,91516.7,91188.0,91229.9,100945110.6983997
2026-01-07 17:14:59.720000+00:00,2026-01-07 17:00:00+00:00,continuous,91229.9,91282.9,90994.5,91229.6,168300026.36720002
2026-01-07 17:29:59.799000+00:00,2026-01-07 17:15:00+00:00,continuous,91229.7,91637.1,91213.6,91564.1,109836614.51759979
2026-01-07 17:44:59.195000+00:00,2026-01-07 17:30:00+00:00,continuous,91564.2,91660.0,91438.9,91559.8,72548473.22419992
2026-01-07 17:59:59.666000+00:00,2026-01-07 17:45:00+00:00,continuous,91559.8,91599.6,91157.2,91215.0,85693947.80039974
2026-01-07 18:14:59.279000+00:00,2026-01-07 18:00:00+00:00,continuous,91214.9,91300.0,91123.1,91226.2,87906374.8418009
2026-01-07 18:29:59.835000+00:00,2026-01-07 18:15:00+00:00,continuous,91226.2,91296.9,91022.7,91250.1,111593289.52140002
2026-01-07 18:44:59.926000+00:00,2026-01-07 18:30:00+00:00,continuous,91250.0,91411.3,91112.6,91116.8,135868666.5517004
2026-01-07 18:59:59.951000+00:00,2026-01-07 18:45:00+00:00,continuous,91116.8,91204.2,90700.0,90857.4,512578221.70749956
2026-01-07 19:14:59.786000+00:00,2026-01-07 19:00:00+00:00,continuous,90857.4,91070.4,90701.2,90756.5,201922591.79510045
2026-01-07 19:29:59.989000+00:00,2026-01-07 19:15:00+00:00,continuous,90756.5,90880.2,90634.1,90872.7,214966848.12889925
2026-01-07 19:44:59.916000+00:00,2026-01-07 19:30:00+00:00,continuous,90872.7,91141.3,90864.8,91057.5,147043874.45789948
2026-01-07 19:59:59.771000+00:00,2026-01-07 19:45:00+00:00,continuous,91057.4,91250.0,91045.8,91143.6,95981491.09730014
2026-01-07 20:14:59.876000+00:00,2026-01-07 20:00:00+00:00,continuous,91143.6,91266.0,90934.9,90962.2,96397048.75530064
2026-01-07 20:29:59.574000+00:00,2026-01-07 20:15:00+00:00,continuous,90962.1,91013.4,90740.5,90870.2,90013498.8821999
2026-01-07 20:44:59.456000+00:00,2026-01-07 20:30:00+00:00,continuous,90870.1,91132.3,90868.8,90996.2,88763488.49220029
2026-01-07 20:59:59.911000+00:00,2026-01-07 20:45:00+00:00,continuous,90996.3,91111.7,90950.0,91015.6,71568019.1461999
2026-01-07 21:14:59.712000+00:00,2026-01-07 21:00:00+00:00,continuous,91015.6,91200.0,91006.8,91140.8,54601392.483200006
2026-01-07 21:29:59.191000+00:00,2026-01-07 21:15:00+00:00,continuous,91140.8,91196.3,91095.3,91148.7,31851121.169999994
2026-01-07 21:44:59.680000+00:00,2026-01-07 21:30:00+00:00,continuous,91148.6,91206.6,91010.0,91083.2,52776529.42590008
2026-01-07 21:59:59.933000+00:00,2026-01-07 21:45:00+00:00,continuous,91083.2,91126.0,91038.7,91050.0,35690428.226899974
2026-01-07 22:14:59.914000+00:00,2026-01-07 22:00:00+00:00,continuous,91050.0,91053.4,90842.2,90945.9,79493300.67560062
2026-01-07 22:29:59.058000+00:00,2026-01-07 22:15:00+00:00,continuous,90945.9,91047.0,90938.1,91033.5,25919889.29519999
2026-01-07 22:44:59.812000+00:00,2026-01-07 22:30:00+00:00,continuous,91033.5,91361.8,91010.6,91015.1,153314715.12429994
2026-01-07 22:59:59.852000+00:00,2026-01-07 22:45:00+00:00,continuous,91015.2,91246.5,90931.5,91143.6,97456545.17500046
2026-01-07 23:14:59.904000+00:00,2026-01-07 23:00:00+00:00,continuous,91143.5,91192.3,90966.1,91192.3,101483133.65230015
2026-01-07 23:29:59.248000+00:00,2026-01-07 23:15:00+00:00,continuous,91192.2,91462.1,91189.0,91280.0,390416919.8285998
2026-01-07 23:44:59.788000+00:00,2026-01-07 23:30:00+00:00,continuous,91280.1,91402.2,91125.5,91190.0,73089946.77780037
2026-01-07 23:59:59.806000+00:00,2026-01-07 23:45:00+00:00,continuous,91190.0,91382.3,91150.9,91328.0,41157105.68949989
2026-01-08 00:14:59.764000+00:00,2026-01-08 00:00:00+00:00,continuous,91328.1,91524.1,91155.7,91188.8,127269218.45750017
2026-01-08 00:29:59.895000+00:00,2026-01-08 00:15:00+00:00,continuous,91188.8,91190.0,91037.9,91076.3,54371729.2022001
2026-01-08 00:44:59.842000+00:00,2026-01-08 00:30:00+00:00,continuous,91076.2,91207.1,91058.5,91207.1,42262525.680200085
2026-01-08 00:59:59.371000+00:00,2026-01-08 00:45:00+00:00,continuous,91207.0,91393.2,91207.0,91356.8,61529664.93509993
2026-01-08 01:14:59.761000+00:00,2026-01-08 01:00:00+00:00,continuous,91356.8,91397.0,91259.0,91390.1,44800186.796299964
2026-01-08 01:29:59.987000+00:00,2026-01-08 01:15:00+00:00,continuous,91390.2,91666.0,91277.4,91471.6,165756185.34909958
2026-01-08 01:44:59.939000+00:00,2026-01-08 01:30:00+00:00,continuous,91471.5,91484.0,91300.0,91321.1,55173582.68559978
2026-01-08 01:59:59.175000+00:00,2026-01-08 01:45:00+00:00,continuous,91321.0,91432.0,91276.4,91386.0,33678710.20199991
2026-01-08 02:14:59.754000+00:00,2026-01-08 02:00:00+00:00,continuous,91386.1,91440.5,91275.6,91389.4,64170240.928899825
2026-01-08 02:29:59.866000+00:00,2026-01-08 02:15:00+00:00,continuous,91389.4,91414.3,91032.9,91182.9,89319286.97219937
2026-01-08 02:44:59.720000+00:00,2026-01-08 02:30:00+00:00,continuous,91183.0,91184.3,90830.0,90861.6,162956682.6291999
2026-01-08 02:59:59.822000+00:00,2026-01-08 02:45:00+00:00,continuous,90861.5,90978.4,90713.7,90925.6,111390633.3193001
2026-01-08 03:14:59.715000+00:00,2026-01-08 03:00:00+00:00,continuous,90925.5,91099.9,90876.2,91031.0,73749161.13690017
2026-01-08 03:29:59.448000+00:00,2026-01-08 03:15:00+00:00,continuous,91031.0,91065.1,90900.5,90913.3,44985783.902600095
2026-01-08 03:44:59.977000+00:00,2026-01-08 03:30:00+00:00,continuous,90913.2,91012.8,90700.0,90772.9,92685293.95060068
2026-01-08 03:59:59.799000+00:00,2026-01-08 03:45:00+00:00,continuous,90772.9,90820.3,90555.1,90780.1,215369576.10070026
2026-01-08 04:14:59.705000+00:00,2026-01-08 04:00:00+00:00,continuous,90780.0,90850.0,90665.2,90783.5,101793382.4847001
2026-01-08 04:29:59.967000+00:00,2026-01-08 04:15:00+00:00,continuous,90783.5,91142.2,90775.0,91065.0,109343178.39709988
2026-01-08 04:44:59.843000+00:00,2026-01-08 04:30:00+00:00,continuous,91065.1,91107.4,90960.1,91016.9,63968739.399300404
2026-01-08 04:59:59.898000+00:00,2026-01-08 04:45:00+00:00,continuous,91017.0,91084.4,90960.3,90987.9,38789018.35260014
2026-01-08 05:14:59.320000+00:00,2026-01-08 05:00:00+00:00,continuous,90988.0,91157.6,90988.0,91053.3,70763963.30920002
2026-01-08 05:29:59.868000+00:00,2026-01-08 05:15:00+00:00,continuous,91053.2,91130.8,90954.3,90977.6,56352804.3833002
2026-01-08 05:44:59.728000+00:00,2026-01-08 05:30:00+00:00,continuous,90977.7,91042.7,90850.0,90860.1,47920284.354400344
2026-01-08 05:59:59.934000+00:00,2026-01-08 05:45:00+00:00,continuous,90860.2,90886.4,90749.3,90788.0,56429358.97719989
2026-01-08 06:14:59.899000+00:00,2026-01-08 06:00:00+00:00,continuous,90788.0,90835.1,90375.2,90491.8,349611524.7040997
2026-01-08 06:29:59.793000+00:00,2026-01-08 06:15:00+00:00,continuous,90491.8,90491.9,90150.0,90231.4,398148096.5094009
2026-01-08 06:44:59.975000+00:00,2026-01-08 06:30:00+00:00,continuous,90231.3,90378.3,90180.0,90339.0,163226445.76920033
2026-01-08 06:59:59.988000+00:00,2026-01-08 06:45:00+00:00,continuous,90338.9,90339.0,89828.4,89844.0,404535345.1751964
2026-01-08 07:14:59.785000+00:00,2026-01-08 07:00:00+00:00,continuous,89844.1,90085.0,89588.1,90008.8,632140168.6826991
2026-01-08 07:29:59.934000+00:00,2026-01-08 07:15:00+00:00,continuous,90008.8,90242.5,89959.3,90229.3,203160206.6352989
2026-01-08 07:44:59.728000+00:00,2026-01-08 07:30:00+00:00,continuous,90229.3,90429.2,90165.6,90405.1,206406128.00809997
2026-01-08 07:59:59.858000+00:00,2026-01-08 07:45:00+00:00,continuous,90405.0,90555.1,90380.0,90509.9,162352258.02770087
2026-01-08 08:14:59.821000+00:00,2026-01-08 08:00:00+00:00,continuous,90509.8,90607.9,90410.5,90589.2,166849763.37359914
2026-01-08 08:29:59.968000+00:00,2026-01-08 08:15:00+00:00,continuous,90589.1,90677.0,90534.5,90676.9,126282715.63669908
2026-01-08 08:44:59.950000+00:00,2026-01-08 08:30:00+00:00,continuous,90676.9,90741.2,90350.0,90401.2,208457765.47199956
2026-01-08 08:59:59.898000+00:00,2026-01-08 08:45:00+00:00,continuous,90401.2,90410.1,90123.0,90200.0,159702395.15689936
2026-01-08 09:14:59.685000+00:00,2026-01-08 09:00:00+00:00,continuous,90200.0,90345.2,90125.0,90294.9,116956434.94210005
2026-01-08 09:29:59.933000+00:00,2026-01-08 09:15:00+00:00,continuous,90294.9,90322.8,89989.6,90000.1,206903249.85620096
2026-01-08 09:44:59.671000+00:00,2026-01-08 09:30:00+00:00,continuous,90000.0,90090.0,89927.0,90029.3,146823651.6253003
2026-01-08 09:59:59.891000+00:00,2026-01-08 09:45:00+00:00,continuous,90029.4,90118.9,89909.8,89979.4,98937577.52870008
2026-01-08 10:14:59.978000+00:00,2026-01-08 10:00:00+00:00,continuous,89979.3,90044.1,89733.6,89900.1,241308884.7275995
2026-01-08 10:29:59.283000+00:00,2026-01-08 10:15:00+00:00,continuous,89900.0,90249.2,89875.2,90160.1,124464016.24700046
2026-01-08 10:44:59.833000+00:00,2026-01-08 10:30:00+00:00,continuous,90160.0,90263.2,90096.4,90127.7,86497555.5871
2026-01-08 10:59:59.997000+00:00,2026-01-08 10:45:00+00:00,continuous,90127.8,90466.0,90127.7,90366.8,146426475.3614995
2026-01-08 11:14:58.899000+00:00,2026-01-08 11:00:00+00:00,continuous,90366.7,90459.0,90219.1,90249.5,105026501.67539982
2026-01-08 11:29:59.685000+00:00,2026-01-08 11:15:00+00:00,continuous,90249.5,90278.3,90033.0,90177.5,129603289.14100006
2026-01-08 11:44:59.939000+00:00,2026-01-08 11:30:00+00:00,continuous,90177.4,90236.2,90010.1,90042.4,110574982.52030008
2026-01-08 11:59:59.890000+00:00,2026-01-08 11:45:00+00:00,continuous,90042.3,90249.9,89990.6,90192.3,237847553.5364982
2026-01-08 12:14:59.885000+00:00,2026-01-08 12:00:00+00:00,continuous,90192.2,90210.5,89790.8,89852.6,223076127.9015004
2026-01-08 12:29:59.977000+00:00,2026-01-08 12:15:00+00:00,continuous,89852.7,90000.0,89775.0,89919.8,657695495.5320942
2026-01-08 12:44:59.726000+00:00,2026-01-08 12:30:00+00:00,continuous,89919.9,89999.0,89750.0,89972.0,114904144.40320024
2026-01-08 12:59:59.567000+00:00,2026-01-08 12:45:00+00:00,continuous,89972.0,90050.2,89900.1,89953.8,77774149.67320041
2026-01-08 13:14:59.748000+00:00,2026-01-08 13:00:00+00:00,continuous,89953.7,89987.9,89895.4,89942.4,46861611.03420009
2026-01-08 13:29:59.903000+00:00,2026-01-08 13:15:00+00:00,continuous,89942.4,90072.9,89889.7,90038.1,64649287.43129998
2026-01-08 13:44:59.878000+00:00,2026-01-08 13:30:00+00:00,continuous,90038.1,90067.8,89845.7,89990.6,74383408.29590024
2026-01-08 13:59:59.948000+00:00,2026-01-08 13:45:00+00:00,continuous,89990.6,90026.6,89831.8,89930.0,77120589.01840013
2026-01-08 14:14:59.520000+00:00,2026-01-08 14:00:00+00:00,continuous,89930.0,89930.1,89681.6,89825.3,157868900.55799943
2026-01-08 14:29:59.896000+00:00,2026-01-08 14:15:00+00:00,continuous,89825.3,89845.9,89300.0,89600.4,432959830.44820124
2026-01-08 14:44:59.950000+00:00,2026-01-08 14:30:00+00:00,continuous,89600.3,89889.5,89310.8,89390.0,497287367.15270424
2026-01-08 14:59:59.944000+00:00,2026-01-08 14:45:00+00:00,continuous,89390.0,90134.2,89242.0,89978.5,653154278.3834928
2026-01-08 15:14:59.940000+00:00,2026-01-08 15:00:00+00:00,continuous,89978.5,90428.6,89761.3,90270.7,431267820.8641083
2026-01-08 15:29:59.922000+00:00,2026-01-08 15:15:00+00:00,continuous,90270.7,90600.0,90230.1,90541.1,449301677.5570031
2026-01-08 15:44:59.982000+00:00,2026-01-08 15:30:00+00:00,continuous,90541.0,90648.4,90233.6,90419.3,244493324.225602
2026-01-08 15:59:59.938000+00:00,2026-01-08 15:45:00+00:00,continuous,90419.3,90790.0,90220.2,90730.0,221233858.44129983
2026-01-08 16:14:59.896000+00:00,2026-01-08 16:00:00+00:00,continuous,90730.1,90868.0,90499.9,90646.9,415753942.1676996
2026-01-08 16:29:59.818000+00:00,2026-01-08 16:15:00+00:00,continuous,90646.8,90666.0,90400.0,90622.7,160729377.01580095
2026-01-08 16:44:59.795000+00:00,2026-01-08 16:30:00+00:00,continuous,90622.7,90731.0,90244.7,90669.2,189415685.58119962
2026-01-08 16:59:59.975000+00:00,2026-01-08 16:45:00+00:00,continuous,90669.3,90888.0,90638.1,90887.9,165488120.1233012
2026-01-08 17:14:59.799000+00:00,2026-01-08 17:00:00+00:00,continuous,90888.0,91222.0,90819.9,91057.5,342431761.48020035
2026-01-08 17:29:59.937000+00:00,2026-01-08 17:15:00+00:00,continuous,91057.5,91146.5,90789.6,90813.4,168927438.08029965
2026-01-08 17:44:59.758000+00:00,2026-01-08 17:30:00+00:00,continuous,90813.5,91178.1,90813.5,91155.7,125947140.57639983
2026-01-08 17:59:59.867000+00:00,2026-01-08 17:45:00+00:00,continuous,91155.7,91400.0,91144.8,91320.0,185508035.79939878
2026-01-08 18:14:59.889000+00:00,2026-01-08 18:00:00+00:00,continuous,91320.1,91425.1,91123.0,91125.0,187809114.16300103
2026-01-08 18:29:59.719000+00:00,2026-01-08 18:15:00+00:00,continuous,91125.1,91258.0,91070.1,91207.8,64928201.86220007
2026-01-08 18:44:59.963000+00:00,2026-01-08 18:30:00+00:00,continuous,91207.7,91264.1,90900.0,90959.4,150824742.67720073
2026-01-08 18:59:59.928000+00:00,2026-01-08 18:45:00+00:00,continuous,90959.4,91119.7,90888.5,91070.3,126610866.43859999
2026-01-08 19:14:59.738000+00:00,2026-01-08 19:00:00+00:00,continuous,91070.3,91264.1,90955.5,91177.8,75450814.31209998
2026-01-08 19:29:59.406000+00:00,2026-01-08 19:15:00+00:00,continuous,91177.8,91177.9,90898.7,91037.1,73695934.28999996
2026-01-08 19:44:59.681000+00:00,2026-01-08 19:30:00+00:00,continuous,91037.1,91291.7,91031.3,91122.3,56637691.11220004
2026-01-08 19:59:59.982000+00:00,2026-01-08 19:45:00+00:00,continuous,91122.3,91130.3,90737.6,90890.9,113225337.23969993
2026-01-08 20:14:59.971000+00:00,2026-01-08 20:00:00+00:00,continuous,90890.9,90890.9,90519.9,90644.4,196857581.08200008
2026-01-08 20:29:59.440000+00:00,2026-01-08 20:15:00+00:00,continuous,90644.3,90695.4,90537.6,90550.2,57929514.439299926
2026-01-08 20:44:59.318000+00:00,2026-01-08 20:30:00+00:00,continuous,90550.2,90805.0,90545.7,90735.1,77575507.85410014
2026-01-08 20:59:59.795000+00:00,2026-01-08 20:45:00+00:00,continuous,90735.1,90954.1,90735.1,90875.1,64246454.822699845
2026-01-08 21:14:59.924000+00:00,2026-01-08 21:00:00+00:00,continuous,90875.0,91098.1,90872.7,91084.5,62151374.7498999
2026-01-08 21:29:59.901000+00:00,2026-01-08 21:15:00+00:00,continuous,91084.5,91143.0,90970.5,91059.6,101644168.23290005
2026-01-08 21:44:59.887000+00:00,2026-01-08 21:30:00+00:00,continuous,91059.6,91263.0,91010.3,91219.8,102362635.60969989
2026-01-08 21:59:59.963000+00:00,2026-01-08 21:45:00+00:00,continuous,91219.7,91298.0,91188.9,91223.2,89717180.16469945
2026-01-08 22:14:59.513000+00:00,2026-01-08 22:00:00+00:00,continuous,91223.2,91449.9,91104.5,91389.3,129158360.19759956
2026-01-08 22:29:59.241000+00:00,2026-01-08 22:15:00+00:00,continuous,91389.2,91389.3,91180.0,91236.3,77723090.90130003
2026-01-08 22:44:59.045000+00:00,2026-01-08 22:30:00+00:00,continuous,91236.2,91236.6,90975.0,91091.8,88508922.38479984
2026-01-08 22:59:59.929000+00:00,2026-01-08 22:45:00+00:00,continuous,91091.7,91184.2,91083.3,91184.2,36368471.902499974
2026-01-08 23:14:59.685000+00:00,2026-01-08 23:00:00+00:00,continuous,91184.2,91288.8,91175.8,91223.8,63499139.85929997
2026-01-08 23:29:58.315000+00:00,2026-01-08 23:15:00+00:00,continuous,91223.8,91271.2,91198.2,91239.4,39079795.98119997
2026-01-08 23:44:59.692000+00:00,2026-01-08 23:30:00+00:00,continuous,91239.4,91256.0,91058.9,91075.5,47277160.47110015
2026-01-08 23:59:59.973000+00:00,2026-01-08 23:45:00+00:00,continuous,91075.5,91116.2,91000.0,91059.8,56258176.91959998
2026-01-09 00:14:59.620000+00:00,2026-01-09 00:00:00+00:00,continuous,91059.9,91123.6,91013.9,91102.2,47043795.40030012
2026-01-09 00:29:59.545000+00:00,2026-01-09 00:15:00+00:00,continuous,91102.1,91119.6,91013.6,91023.8,36935991.310899846
2026-01-09 00:44:59.358000+00:00,2026-01-09 00:30:00+00:00,continuous,91023.8,91188.0,91023.8,91180.1,54554634.19319989
2026-01-09 00:59:59.844000+00:00,2026-01-09 00:45:00+00:00,continuous,91180.0,91269.2,91165.7,91248.1,42683155.24320012
2026-01-09 01:14:59.970000+00:00,2026-01-09 01:00:00+00:00,continuous,91248.1,91294.7,91180.5,91221.9,44592183.04340007
2026-01-09 01:29:59.924000+00:00,2026-01-09 01:15:00+00:00,continuous,91222.0,91500.0,90973.2,91452.3,140784192.29710007
2026-01-09 01:44:59.965000+00:00,2026-01-09 01:30:00+00:00,continuous,91452.3,91600.0,90800.6,90911.6,272182686.6936995
2026-01-09 01:59:59.404000+00:00,2026-01-09 01:45:00+00:00,continuous,90911.6,91032.9,90904.5,91016.0,48832377.8475999
2026-01-09 02:14:59.857000+00:00,2026-01-09 02:00:00+00:00,continuous,91016.0,91432.4,90989.4,91392.9,123162600.26849988
2026-01-09 02:29:59.655000+00:00,2026-01-09 02:15:00+00:00,continuous,91392.8,91446.7,91244.2,91252.7,73083808.39220025
2026-01-09 02:44:59.888000+00:00,2026-01-09 02:30:00+00:00,continuous,91252.7,91311.9,91091.6,91183.8,47335170.83159998
2026-01-09 02:59:59.827000+00:00,2026-01-09 02:45:00+00:00,continuous,91183.9,91209.0,90970.0,90999.5,62662443.36050003
2026-01-09 03:14:59.909000+00:00,2026-01-09 03:00:00+00:00,continuous,90999.6,91170.1,90922.3,91110.2,56764546.258399926
2026-01-09 03:29:59.785000+00:00,2026-01-09 03:15:00+00:00,continuous,91110.3,91212.7,90916.1,90976.6,53671377.22899995
2026-01-09 03:44:58.584000+00:00,2026-01-09 03:30:00+00:00,continuous,90976.5,91211.1,90930.5,91154.0,51455431.86449992
2026-01-09 03:59:59.383000+00:00,2026-01-09 03:45:00+00:00,continuous,91154.0,91232.3,91130.0,91190.1,39629215.905099936
2026-01-09 04:14:59.611000+00:00,2026-01-09 04:00:00+00:00,continuous,91190.1,91203.0,90996.9,91023.3,37619928.80129999
2026-01-09 04:29:59.275000+00:00,2026-01-09 04:15:00+00:00,continuous,91023.2,91103.8,91005.0,91094.4,22042144.758200023
2026-01-09 04:44:59.720000+00:00,2026-01-09 04:30:00+00:00,continuous,91094.5,91104.2,90886.3,90980.8,66040704.424700014
2026-01-09 04:59:59.393000+00:00,2026-01-09 04:45:00+00:00,continuous,90980.8,91027.6,90967.5,90978.7,22375018.79440003
2026-01-09 05:14:59.792000+00:00,2026-01-09 05:00:00+00:00,continuous,90978.7,91086.9,90978.7,91043.2,26901881.200500067
2026-01-09 05:29:58.563000+00:00,2026-01-09 05:15:00+00:00,continuous,91043.1,91046.5,90875.0,90981.4,43315810.89680003
2026-01-09 05:44:59.214000+00:00,2026-01-09 05:30:00+00:00,continuous,90981.4,91000.0,90880.2,90963.5,35788827.35700004
2026-01-09 05:59:59.936000+00:00,2026-01-09 05:45:00+00:00,continuous,90963.4,91066.3,90945.8,91058.2,25892593.734099984
2026-01-09 06:14:59.759000+00:00,2026-01-09 06:00:00+00:00,continuous,91058.2,91073.4,90996.4,90996.4,25214024.96840008
2026-01-09 06:29:59.939000+00:00,2026-01-09 06:15:00+00:00,continuous,90996.4,91107.9,90953.7,90953.7,44432697.25079992
2026-01-09 06:44:59.869000+00:00,2026-01-09 06:30:00+00:00,continuous,90953.4,91114.1,90951.6,91080.5,39431704.01779995
2026-01-09 06:59:59.652000+00:00,2026-01-09 06:45:00+00:00,continuous,91080.5,91115.8,91050.0,91103.8,42071370.04379994
2026-01-09 07:14:58.589000+00:00,2026-01-09 07:00:00+00:00,continuous,91103.8,91103.9,91003.0,91034.4,24201633.21319984
2026-01-09 07:29:58.401000+00:00,2026-01-09 07:15:00+00:00,continuous,91034.4,91036.0,90959.0,90993.7,30605664.348299984
2026-01-09 07:44:59.872000+00:00,2026-01-09 07:30:00+00:00,continuous,90993.7,90993.7,90866.6,90940.9,81550323.64289978
2026-01-09 07:59:59.988000+00:00,2026-01-09 07:45:00+00:00,continuous,90940.9,90943.2,90704.0,90712.1,134680936.70349988
2026-01-09 08:14:59.928000+00:00,2026-01-09 08:00:00+00:00,continuous,90712.2,90800.0,90416.5,90647.1,356565653.6977982
2026-01-09 08:29:59.879000+00:00,2026-01-09 08:15:00+00:00,continuous,90647.0,90812.0,90602.8,90642.6,90556332.3355998
2026-01-09 08:44:59.984000+00:00,2026-01-09 08:30:00+00:00,continuous,90642.7,90665.1,90255.9,90284.7,262963731.3568977
2026-01-09 08:59:59.982000+00:00,2026-01-09 08:45:00+00:00,continuous,90284.7,90308.5,89632.8,89989.4,873586011.0444056
2026-01-09 09:14:59.854000+00:00,2026-01-09 09:00:00+00:00,continuous,89989.3,90225.0,89962.8,90118.3,302605814.9125018
2026-01-09 09:29:59.937000+00:00,2026-01-09 09:15:00+00:00,continuous,90118.3,90437.7,90019.1,90365.5,184126755.1314992
2026-01-09 09:44:59.945000+00:00,2026-01-09 09:30:00+00:00,continuous,90365.4,90366.7,90251.6,90313.0,92249049.73280004
2026-01-09 09:59:59.534000+00:00,2026-01-09 09:45:00+00:00,continuous,90313.1,90395.8,90233.8,90299.0,51670382.62820023
2026-01-09 10:14:59.942000+00:00,2026-01-09 10:00:00+00:00,continuous,90299.1,90463.7,90231.4,90349.2,69199836.51319985
2026-01-09 10:29:59.745000+00:00,2026-01-09 10:15:00+00:00,continuous,90349.2,90515.5,90349.2,90390.9,79457463.26900017
2026-01-09 10:44:59.862000+00:00,2026-01-09 10:30:00+00:00,continuous,90391.0,90494.6,90359.2,90460.0,43379769.42470013
2026-01-09 10:59:59.071000+00:00,2026-01-09 10:45:00+00:00,continuous,90460.1,90490.9,90435.6,90443.6,29274873.629600003
2026-01-09 11:14:59.707000+00:00,2026-01-09 11:00:00+00:00,continuous,90443.5,90543.9,90390.7,90543.9,65080948.25309999
2026-01-09 11:29:59.693000+00:00,2026-01-09 11:15:00+00:00,continuous,90543.9,90638.5,90445.5,90522.1,86365628.64729992
2026-01-09 11:44:59.996000+00:00,2026-01-09 11:30:00+00:00,continuous,90522.1,90557.5,90424.1,90477.8,40276483.50059992
2026-01-09 11:59:59.786000+00:00,2026-01-09 11:45:00+00:00,continuous,90477.8,90515.7,90356.9,90398.1,66835739.337900065
2026-01-09 12:14:59.903000+00:00,2026-01-09 12:00:00+00:00,continuous,90398.1,90559.8,90318.2,90367.1,91563510.43400007
2026-01-09 12:29:59.820000+00:00,2026-01-09 12:15:00+00:00,continuous,90367.1,90382.3,90166.5,90285.8,134228197.02800032
2026-01-09 12:44:59.955000+00:00,2026-01-09 12:30:00+00:00,continuous,90285.8,90404.6,90258.4,90366.9,66108358.08110006
2026-01-09 12:59:59.971000+00:00,2026-01-09 12:45:00+00:00,continuous,90366.8,90431.7,90330.2,90404.8,48103499.31839983
2026-01-09 13:14:59.953000+00:00,2026-01-09 13:00:00+00:00,continuous,90404.8,90621.4,90390.9,90589.5,84636711.13970014
2026-01-09 13:29:59.875000+00:00,2026-01-09 13:15:00+00:00,continuous,90589.4,90689.1,90537.6,90550.2,122878940.11329995
2026-01-09 13:44:59.983000+00:00,2026-01-09 13:30:00+00:00,continuous,90550.2,91000.0,90346.9,90574.1,333229452.4363024
2026-01-09 13:59:59.870000+00:00,2026-01-09 13:45:00+00:00,continuous,90574.1,90687.6,90435.6,90559.9,89257440.57670051
2026-01-09 14:14:59.955000+00:00,2026-01-09 14:00:00+00:00,continuous,90560.0,90566.1,90200.0,90304.0,120941095.89280002
2026-01-09 14:29:59.805000+00:00,2026-01-09 14:15:00+00:00,continuous,90304.1,90557.8,90279.0,90523.8,93553562.20719938
2026-01-09 14:44:59.950000+00:00,2026-01-09 14:30:00+00:00,continuous,90523.8,90630.2,90030.0,90050.6,331496346.7873965
2026-01-09 14:59:59.789000+00:00,2026-01-09 14:45:00+00:00,continuous,90050.5,90200.0,89888.0,90110.8,336488418.4270022
2026-01-09 15:14:59.963000+00:00,2026-01-09 15:00:00+00:00,continuous,90110.7,90297.3,89800.0,90217.9,330754723.4933007
2026-01-09 15:29:59.854000+00:00,2026-01-09 15:15:00+00:00,continuous,90217.8,91700.0,90129.7,91641.6,925226771.965805
2026-01-09 15:44:59.862000+00:00,2026-01-09 15:30:00+00:00,continuous,91641.7,91999.0,91149.9,91199.8,978882202.563294
2026-01-09 15:59:59.953000+00:00,2026-01-09 15:45:00+00:00,continuous,91199.8,91520.2,90808.3,91137.7,473811010.2997016
2026-01-09 16:14:59.999000+00:00,2026-01-09 16:00:00+00:00,continuous,91137.8,91728.5,91124.5,91722.5,318597468.4597009
2026-01-09 16:29:59.981000+00:00,2026-01-09 16:15:00+00:00,continuous,91722.6,91749.9,91272.6,91347.2,214495924.8448
2026-01-09 16:44:59.533000+00:00,2026-01-09 16:30:00+00:00,continuous,91347.3,91450.0,91210.0,91422.2,116483182.85380028
2026-01-09 16:59:59.688000+00:00,2026-01-09 16:45:00+00:00,continuous,91422.3,91645.7,91380.1,91589.9,144932010.6953006
2026-01-09 17:14:59.973000+00:00,2026-01-09 17:00:00+00:00,continuous,91589.9,91639.0,91194.6,91313.8,178744849.4624002
2026-01-09 17:29:59.614000+00:00,2026-01-09 17:15:00+00:00,continuous,91313.8,91317.8,90960.1,91090.0,194747570.3838003
2026-01-09 17:44:59.845000+00:00,2026-01-09 17:30:00+00:00,continuous,91090.0,91252.9,91010.0,91125.4,69509535.27669963
2026-01-09 17:59:59.597000+00:00,2026-01-09 17:45:00+00:00,continuous,91125.4,91492.3,91100.0,91372.8,101655868.94079994
2026-01-09 18:14:58.290000+00:00,2026-01-09 18:00:00+00:00,continuous,91372.9,91467.2,91187.6,91236.4,94735767.9226998
2026-01-09 18:29:59.877000+00:00,2026-01-09 18:15:00+00:00,continuous,91236.3,91236.3,90532.3,90542.0,337407973.0771975
2026-01-09 18:44:59.720000+00:00,2026-01-09 18:30:00+00:00,continuous,90542.1,90823.8,90272.6,90769.9,324967236.74969965
2026-01-09 18:59:59.988000+00:00,2026-01-09 18:45:00+00:00,continuous,90769.8,90915.0,90597.5,90772.3,98882169.6739002
2026-01-09 19:14:59.981000+00:00,2026-01-09 19:00:00+00:00,continuous,90772.2,90772.2,90481.5,90505.8,120191315.4488
2026-01-09 19:29:59.311000+00:00,2026-01-09 19:15:00+00:00,continuous,90505.9,90545.6,90250.0,90284.0,177192481.61619943
2026-01-09 19:44:59.992000+00:00,2026-01-09 19:30:00+00:00,continuous,90284.0,90433.0,90145.0,90300.0,152686715.80299932
2026-01-09 19:59:59.993000+00:00,2026-01-09 19:45:00+00:00,continuous,90300.0,90577.4,90290.6,90290.6,88539066.50659989
2026-01-09 20:14:59.628000+00:00,2026-01-09 20:00:00+00:00,continuous,90290.6,90421.9,90191.7,90363.5,116741411.45630021
2026-01-09 20:29:59.651000+00:00,2026-01-09 20:15:00+00:00,continuous,90363.6,90531.0,90315.0,90437.6,51852382.83789992
2026-01-09 20:44:59.694000+00:00,2026-01-09 20:30:00+00:00,continuous,90437.6,90552.8,90229.6,90229.7,52115425.5348001
2026-01-09 20:59:59.821000+00:00,2026-01-09 20:45:00+00:00,continuous,90229.7,90364.4,90200.0,90272.3,102615284.84659936
2026-01-09 21:14:59.429000+00:00,2026-01-09 21:00:00+00:00,continuous,90272.4,90399.9,90082.6,90321.1,90865189.51269986
2026-01-09 21:29:59.995000+00:00,2026-01-09 21:15:00+00:00,continuous,90321.0,90630.9,90278.1,90530.3,90240024.69439967
2026-01-09 21:44:58.580000+00:00,2026-01-09 21:30:00+00:00,continuous,90530.2,90598.6,90384.3,90420.4,54973677.5104
2026-01-09 21:59:59.110000+00:00,2026-01-09 21:45:00+00:00,continuous,90420.4,90535.8,90393.5,90503.8,24575223.220699936
2026-01-09 22:14:59.762000+00:00,2026-01-09 22:00:00+00:00,continuous,90503.9,90530.0,90320.3,90359.3,32007991.347299952
2026-01-09 22:29:59.860000+00:00,2026-01-09 22:15:00+00:00,continuous,90359.3,90573.2,90321.7,90551.7,52014426.730699934
2026-01-09 22:44:59.529000+00:00,2026-01-09 22:30:00+00:00,continuous,90551.7,90679.7,90500.0,90510.5,40586913.53670004
2026-01-09 22:59:59.843000+00:00,2026-01-09 22:45:00+00:00,continuous,90510.5,90645.8,90510.5,90585.0,26154163.207600035
2026-01-09 23:14:59.457000+00:00,2026-01-09 23:00:00+00:00,continuous,90584.9,90664.3,90563.4,90664.2,28220604.594299924
2026-01-09 23:29:58.771000+00:00,2026-01-09 23:15:00+00:00,continuous,90664.3,90693.0,90619.6,90671.0,27327362.06449995
2026-01-09 23:44:59.539000+00:00,2026-01-09 23:30:00+00:00,continuous,90671.1,90692.0,90605.0,90644.1,39322238.37029993
2026-01-09 23:59:59.973000+00:00,2026-01-09 23:45:00+00:00,continuous,90644.1,90661.1,90557.0,90603.6,24930622.024799913
2026-01-10 00:14:59.987000+00:00,2026-01-10 00:00:00+00:00,continuous,90603.7,90649.4,90528.7,90528.7,35343390.3556999
2026-01-10 00:29:58.538000+00:00,2026-01-10 00:15:00+00:00,continuous,90528.8,90588.6,90474.4,90588.6,44595951.7168002
2026-01-10 00:44:59.836000+00:00,2026-01-10 00:30:00+00:00,continuous,90588.5,90625.6,90558.4,90574.3,18186562.87219996
2026-01-10 00:59:58.204000+00:00,2026-01-10 00:45:00+00:00,continuous,90574.3,90574.3,90506.1,90565.1,18515682.627100028
2026-01-10 01:14:59.670000+00:00,2026-01-10 01:00:00+00:00,continuous,90565.1,90616.0,90538.9,90609.9,17680064.990299974
2026-01-10 01:29:58.225000+00:00,2026-01-10 01:15:00+00:00,continuous,90609.9,90663.7,90569.7,90627.9,30724635.68940004
2026-01-10 01:44:59.898000+00:00,2026-01-10 01:30:00+00:00,continuous,90627.9,90691.0,90620.1,90690.0,23235510.625900064
2026-01-10 01:59:59.606000+00:00,2026-01-10 01:45:00+00:00,continuous,90690.0,90704.0,90624.0,90649.6,23214123.985999975
2026-01-10 02:14:59.856000+00:00,2026-01-10 02:00:00+00:00,continuous,90649.6,90709.1,90649.6,90705.8,17793503.950100068
2026-01-10 02:29:59.696000+00:00,2026-01-10 02:15:00+00:00,continuous,90705.8,90748.6,90665.4,90738.2,35888133.671600044
2026-01-10 02:44:59.939000+00:00,2026-01-10 02:30:00+00:00,continuous,90738.2,90738.2,90560.0,90575.0,32274356.403699998
2026-01-10 02:59:59.853000+00:00,2026-01-10 02:45:00+00:00,continuous,90574.9,90662.2,90572.6,90652.7,21644139.973999925
2026-01-10 03:14:59.502000+00:00,2026-01-10 03:00:00+00:00,continuous,90652.7,90656.4,90512.2,90537.1,30976609.96300007
2026-01-10 03:29:58.513000+00:00,2026-01-10 03:15:00+00:00,continuous,90537.1,90602.2,90537.0,90595.7,12667157.706400067
2026-01-10 03:44:59.338000+00:00,2026-01-10 03:30:00+00:00,continuous,90595.6,90619.6,90557.2,90557.3,12348980.100099994
2026-01-10 03:59:59.919000+00:00,2026-01-10 03:45:00+00:00,continuous,90557.3,90616.5,90535.1,90591.3,14162186.347300038
2026-01-10 04:14:59.921000+00:00,2026-01-10 04:00:00+00:00,continuous,90591.3,90610.0,90475.3,90500.1,42465387.29460008
2026-01-10 04:29:58.922000+00:00,2026-01-10 04:15:00+00:00,continuous,90500.0,90525.0,90472.5,90494.2,21741774.88330006
2026-01-10 04:44:59.478000+00:00,2026-01-10 04:30:00+00:00,continuous,90494.3,90510.0,90415.9,90475.0,34301739.689199805
2026-01-10 04:59:59.869000+00:00,2026-01-10 04:45:00+00:00,continuous,90475.0,90483.3,90351.6,90421.9,42170938.5579
2026-01-10 05:14:59.654000+00:00,2026-01-10 05:00:00+00:00,continuous,90422.0,90500.0,90390.0,90499.9,22648035.090500034
2026-01-10 05:29:59.193000+00:00,2026-01-10 05:15:00+00:00,continuous,90499.9,90533.9,90492.3,90529.3,17378846.388099954
2026-01-10 05:44:59.477000+00:00,2026-01-10 05:30:00+00:00,continuous,90529.3,90584.9,90490.6,90569.2,21837099.74689994
2026-01-10 05:59:59.502000+00:00,2026-01-10 05:45:00+00:00,continuous,90569.3,90577.1,90555.0,90563.5,12847755.215899952
2026-01-10 06:14:59.031000+00:00,2026-01-10 06:00:00+00:00,continuous,90563.5,90569.5,90536.0,90536.0,8038848.361799965
2026-01-10 06:29:59.311000+00:00,2026-01-10 06:15:00+00:00,continuous,90536.0,90536.1,90432.4,90494.9,20740126.02819993
2026-01-10 06:44:59.764000+00:00,2026-01-10 06:30:00+00:00,continuous,90494.9,90515.3,90468.1,90508.6,10445217.481400024
2026-01-10 06:59:59.360000+00:00,2026-01-10 06:45:00+00:00,continuous,90508.6,90515.3,90472.3,90475.1,9171359.70819996
2026-01-10 07:14:59.954000+00:00,2026-01-10 07:00:00+00:00,continuous,90475.0,90600.0,90467.2,90569.2,20051306.213899985
2026-01-10 07:29:59.244000+00:00,2026-01-10 07:15:00+00:00,continuous,90569.3,90570.0,90527.9,90569.9,11576313.4571
2026-01-10 07:44:59.884000+00:00,2026-01-10 07:30:00+00:00,continuous,90570.0,90650.4,90562.3,90573.6,29650236.11080003
2026-01-10 07:59:59.308000+00:00,2026-01-10 07:45:00+00:00,continuous,90573.6,90636.1,90573.5,90627.1,27675066.249899995
2026-01-10 08:14:59.943000+00:00,2026-01-10 08:00:00+00:00,continuous,90627.1,90710.0,90593.1,90657.0,62657411.01420004
2026-01-10 08:29:59.864000+00:00,2026-01-10 08:15:00+00:00,continuous,90657.0,90685.8,90570.0,90649.8,51313250.61679999
2026-01-10 08:44:59.082000+00:00,2026-01-10 08:30:00+00:00,continuous,90649.8,90649.9,90600.0,90600.0,14495482.194899973
2026-01-10 08:59:59.013000+00:00,2026-01-10 08:45:00+00:00,continuous,90600.0,90630.0,90579.4,90628.6,14695344.972199988
2026-01-10 09:14:59.950000+00:00,2026-01-10 09:00:00+00:00,continuous,90628.6,90678.7,90595.9,90599.9,20269102.241499893
2026-01-10 09:29:59.765000+00:00,2026-01-10 09:15:00+00:00,continuous,90599.9,90655.3,90599.9,90635.7,8640261.83140002
2026-01-10 09:44:59.844000+00:00,2026-01-10 09:30:00+00:00,continuous,90635.6,90710.0,90579.7,90646.3,48117349.94289995
2026-01-10 09:59:59.995000+00:00,2026-01-10 09:45:00+00:00,continuous,90646.3,90730.0,90645.4,90729.9,34563785.28040017
2026-01-10 10:14:59.939000+00:00,2026-01-10 10:00:00+00:00,continuous,90730.0,90730.0,90680.0,90720.8,26567122.312100053
2026-01-10 10:29:59.935000+00:00,2026-01-10 10:15:00+00:00,continuous,90720.8,90765.0,90685.8,90725.0,34284843.36660001
2026-01-10 10:44:59.765000+00:00,2026-01-10 10:30:00+00:00,continuous,90725.0,90779.2,90720.4,90749.9,23971946.284099996
2026-01-10 10:59:59.909000+00:00,2026-01-10 10:45:00+00:00,continuous,90749.9,90800.0,90749.8,90795.4,48904995.032700256
2026-01-10 11:14:58.968000+00:00,2026-01-10 11:00:00+00:00,continuous,90795.3,90795.3,90714.6,90744.3,23439949.35919986
2026-01-10 11:29:59.590000+00:00,2026-01-10 11:15:00+00:00,continuous,90744.2,90767.1,90734.6,90734.6,12019914.546999998
2026-01-10 11:44:59.673000+00:00,2026-01-10 11:30:00+00:00,continuous,90734.6,90770.0,90734.6,90738.0,15708562.99429999
2026-01-10 11:59:59.829000+00:00,2026-01-10 11:45:00+00:00,continuous,90738.0,90738.1,90656.1,90692.8,23988700.891600005
2026-01-10 12:14:59.763000+00:00,2026-01-10 12:00:00+00:00,continuous,90692.9,90734.6,90672.3,90705.8,28767689.938499976
2026-01-10 12:29:59.873000+00:00,2026-01-10 12:15:00+00:00,continuous,90705.7,90758.7,90675.0,90675.0,22230528.33640006
2026-01-10 12:44:59.298000+00:00,2026-01-10 12:30:00+00:00,continuous,90675.0,90676.7,90623.5,90669.0,28347483.266699966
2026-01-10 12:59:59.767000+00:00,2026-01-10 12:45:00+00:00,continuous,90669.0,90701.1,90659.8,90696.6,23985593.009999998
2026-01-10 13:14:59.096000+00:00,2026-01-10 13:00:00+00:00,continuous,90696.6,90727.1,90663.0,90663.0,19872824.46760004
2026-01-10 13:29:59.545000+00:00,2026-01-10 13:15:00+00:00,continuous,90663.1,90707.4,90663.0,90685.4,19598790.199499965
2026-01-10 13:44:58.415000+00:00,2026-01-10 13:30:00+00:00,continuous,90685.5,90694.3,90663.8,90687.6,12022371.336899968
2026-01-10 13:59:59.480000+00:00,2026-01-10 13:45:00+00:00,continuous,90687.7,90690.2,90599.9,90620.9,27008815.803799983
2026-01-10 14:14:59.622000+00:00,2026-01-10 14:00:00+00:00,continuous,90620.9,90631.6,90494.0,90575.8,87207480.01219995
2026-01-10 14:29:59.876000+00:00,2026-01-10 14:15:00+00:00,continuous,90575.8,90615.8,90552.0,90575.1,27812892.23129976
2026-01-10 14:44:59.943000+00:00,2026-01-10 14:30:00+00:00,continuous,90575.2,90575.2,90516.7,90516.8,22233614.770200126
2026-01-10 14:59:59.880000+00:00,2026-01-10 14:45:00+00:00,continuous,90516.7,90554.6,90516.7,90551.8,19345179.923899945
2026-01-10 15:14:58.493000+00:00,2026-01-10 15:00:00+00:00,continuous,90551.8,90600.0,90537.8,90590.3,25154499.951099955
2026-01-10 15:29:59.328000+00:00,2026-01-10 15:15:00+00:00,continuous,90590.2,90600.7,90535.9,90555.9,27672492.059899975
2026-01-10 15:44:58.654000+00:00,2026-01-10 15:30:00+00:00,continuous,90555.8,90602.6,90555.8,90602.6,15508329.386999935
2026-01-10 15:59:59.711000+00:00,2026-01-10 15:45:00+00:00,continuous,90602.5,90630.0,90570.0,90622.7,16679508.840300102
2026-01-10 16:14:59.628000+00:00,2026-01-10 16:00:00+00:00,continuous,90622.8,90688.1,90611.2,90632.6,31523753.069699872
2026-01-10 16:29:59.887000+00:00,2026-01-10 16:15:00+00:00,continuous,90632.5,90632.6,90573.4,90609.6,15029615.364000097
2026-01-10 16:44:59.771000+00:00,2026-01-10 16:30:00+00:00,continuous,90609.6,90663.1,90562.5,90661.8,19588526.52310001
2026-01-10 16:59:59.576000+00:00,2026-01-10 16:45:00+00:00,continuous,90661.7,90664.9,90631.0,90640.6,10594489.002400126
2026-01-10 17:14:59.255000+00:00,2026-01-10 17:00:00+00:00,continuous,90640.7,90678.7,90640.6,90678.7,17203387.511699956
2026-01-10 17:29:57.691000+00:00,2026-01-10 17:15:00+00:00,continuous,90678.6,90708.0,90678.6,90708.0,20165278.49030016
2026-01-10 17:44:59.366000+00:00,2026-01-10 17:30:00+00:00,continuous,90707.9,90708.0,90620.4,90621.8,25347632.905399974
2026-01-10 17:59:59.409000+00:00,2026-01-10 17:45:00+00:00,continuous,90621.8,90625.0,90503.9,90512.3,62211234.41529986
2026-01-10 18:14:59.807000+00:00,2026-01-10 18:00:00+00:00,continuous,90512.3,90542.3,90450.0,90497.0,45641987.860399865
2026-01-10 18:29:59.772000+00:00,2026-01-10 18:15:00+00:00,continuous,90497.1,90539.8,90497.0,90539.7,18605602.933699887
2026-01-10 18:44:59.903000+00:00,2026-01-10 18:30:00+00:00,continuous,90539.6,90561.1,90528.8,90558.5,14176219.676500047
2026-01-10 18:59:58.890000+00:00,2026-01-10 18:45:00+00:00,continuous,90558.4,90564.3,90545.3,90555.2,13601292.497600049
2026-01-10 19:14:58.726000+00:00,2026-01-10 19:00:00+00:00,continuous,90555.2,90561.9,90545.0,90545.1,7864556.816499961
2026-01-10 19:29:59.980000+00:00,2026-01-10 19:15:00+00:00,continuous,90545.1,90573.8,90545.0,90573.8,6510545.366799978
2026-01-10 19:44:58.313000+00:00,2026-01-10 19:30:00+00:00,continuous,90573.7,90597.9,90567.8,90597.9,12835874.667599931
2026-01-10 19:59:59.002000+00:00,2026-01-10 19:45:00+00:00,continuous,90597.8,90597.9,90567.6,90591.4,8181623.721900018
2026-01-10 20:14:58.136000+00:00,2026-01-10 20:00:00+00:00,continuous,90591.3,90627.6,90585.0,90627.6,17004101.322399992
2026-01-10 20:29:57.611000+00:00,2026-01-10 20:15:00+00:00,continuous,90627.6,90627.6,90601.8,90601.9,6082992.373299991
2026-01-10 20:44:59.457000+00:00,2026-01-10 20:30:00+00:00,continuous,90601.9,90601.9,90541.0,90548.3,10998368.805099966
2026-01-10 20:59:58.542000+00:00,2026-01-10 20:45:00+00:00,continuous,90548.3,90550.0,90538.0,90539.0,12406222.197099967
2026-01-10 21:14:59.611000+00:00,2026-01-10 21:00:00+00:00,continuous,90539.0,90539.0,90451.4,90497.2,40657372.80500021
2026-01-10 21:29:59.777000+00:00,2026-01-10 21:15:00+00:00,continuous,90497.2,90538.2,90481.6,90523.4,10537005.223499976
2026-01-10 21:44:59.878000+00:00,2026-01-10 21:30:00+00:00,continuous,90523.3,90523.5,90475.0,90498.0,12015956.488300012
2026-01-10 21:59:59.307000+00:00,2026-01-10 21:45:00+00:00,continuous,90498.0,90498.1,90463.6,90469.9,9545004.09289995
2026-01-10 22:14:59.274000+00:00,2026-01-10 22:00:00+00:00,continuous,90470.0,90470.0,90363.9,90373.5,72693402.14060012
2026-01-10 22:29:59.580000+00:00,2026-01-10 22:15:00+00:00,continuous,90373.5,90455.8,90358.5,90455.8,29184416.328399815
2026-01-10 22:44:59.728000+00:00,2026-01-10 22:30:00+00:00,continuous,90455.7,90556.3,90455.7,90556.3,22223573.381000064
2026-01-10 22:59:59.770000+00:00,2026-01-10 22:45:00+00:00,continuous,90556.2,90562.2,90384.9,90384.9,17769912.287899945
2026-01-10 23:14:59.689000+00:00,2026-01-10 23:00:00+00:00,continuous,90384.9,90500.0,90384.9,90471.2,23081941.757999998
2026-01-10 23:29:59.825000+00:00,2026-01-10 23:15:00+00:00,continuous,90471.3,90516.3,90471.2,90502.6,10420715.38709998
2026-01-10 23:44:59.064000+00:00,2026-01-10 23:30:00+00:00,continuous,90502.6,90535.7,90471.7,90495.1,11844727.969599996
2026-01-10 23:59:59.766000+00:00,2026-01-10 23:45:00+00:00,continuous,90495.1,90531.0,90435.6,90469.6,24603373.889099937
2026-01-11 00:14:59.431000+00:00,2026-01-11 00:00:00+00:00,continuous,90469.7,90488.1,90410.6,90469.6,20171752.98709996
2026-01-11 00:29:59.435000+00:00,2026-01-11 00:15:00+00:00,continuous,90469.7,90577.8,90469.6,90569.7,37425651.68350006
2026-01-11 00:44:59.804000+00:00,2026-01-11 00:30:00+00:00,continuous,90569.7,90569.8,90518.3,90519.2,8882627.30950001
2026-01-11 00:59:59.737000+00:00,2026-01-11 00:45:00+00:00,continuous,90519.3,90609.8,90519.2,90600.0,17936773.678299986
2026-01-11 01:14:59.858000+00:00,2026-01-11 01:00:00+00:00,continuous,90600.1,90639.8,90570.8,90589.1,21488421.10509987
2026-01-11 01:29:59.704000+00:00,2026-01-11 01:15:00+00:00,continuous,90589.1,90611.0,90542.0,90549.6,17015368.083699957
2026-01-11 01:44:59.856000+00:00,2026-01-11 01:30:00+00:00,continuous,90549.6,90557.6,90521.1,90557.6,9455141.111799972
2026-01-11 01:59:59.775000+00:00,2026-01-11 01:45:00+00:00,continuous,90557.6,90597.9,90553.7,90597.9,7153335.870800003
2026-01-11 02:14:58.566000+00:00,2026-01-11 02:00:00+00:00,continuous,90597.8,90657.1,90579.2,90649.9,19059074.094200063
2026-01-11 02:29:57.005000+00:00,2026-01-11 02:15:00+00:00,continuous,90649.9,90655.4,90606.5,90639.6,16559200.604499979
2026-01-11 02:44:59.685000+00:00,2026-01-11 02:30:00+00:00,continuous,90639.6,90653.7,90603.1,90653.7,9778975.840699984
2026-01-11 02:59:59.055000+00:00,2026-01-11 02:45:00+00:00,continuous,90653.7,90699.9,90635.9,90654.8,40257238.81539994
2026-01-11 03:14:58.498000+00:00,2026-01-11 03:00:00+00:00,continuous,90654.9,90654.9,90585.8,90602.5,20206016.410299964
2026-01-11 03:29:59.771000+00:00,2026-01-11 03:15:00+00:00,continuous,90602.5,90693.2,90594.5,90671.0,27090517.24909995
2026-01-11 03:44:59.837000+00:00,2026-01-11 03:30:00+00:00,continuous,90670.9,90671.0,90639.0,90664.2,8676938.007800125
2026-01-11 03:59:59.746000+00:00,2026-01-11 03:45:00+00:00,continuous,90664.1,90696.5,90644.3,90696.5,17714346.95210001
2026-01-11 04:14:59.805000+00:00,2026-01-11 04:00:00+00:00,continuous,90696.4,90696.5,90629.9,90685.6,21432745.054299966
2026-01-11 04:29:59.919000+00:00,2026-01-11 04:15:00+00:00,continuous,90685.6,90714.9,90664.4,90672.9,15875982.70419997
2026-01-11 04:44:59.890000+00:00,2026-01-11 04:30:00+00:00,continuous,90673.0,90740.0,90668.4,90709.8,19846894.915500015
2026-01-11 04:59:59.543000+00:00,2026-01-11 04:45:00+00:00,continuous,90709.9,90750.0,90709.8,90750.0,14518878.306799995
2026-01-11 05:14:59.802000+00:00,2026-01-11 05:00:00+00:00,continuous,90750.0,90750.0,90736.7,90744.3,12993132.75610009
2026-01-11 05:29:57.818000+00:00,2026-01-11 05:15:00+00:00,continuous,90744.4,90744.4,90696.2,90725.0,13612325.656399956
2026-01-11 05:44:59.991000+00:00,2026-01-11 05:30:00+00:00,continuous,90724.9,90778.7,90724.9,90778.7,24024626.963399913
2026-01-11 05:59:59.332000+00:00,2026-01-11 05:45:00+00:00,continuous,90778.7,90818.0,90703.4,90730.4,37979575.83439996
2026-01-11 06:14:59.259000+00:00,2026-01-11 06:00:00+00:00,continuous,90730.4,90757.4,90730.3,90744.5,18913521.544600025
2026-01-11 06:29:58.845000+00:00,2026-01-11 06:15:00+00:00,continuous,90744.5,90744.5,90530.9,90627.6,54015838.14269973
2026-01-11 06:44:59.101000+00:00,2026-01-11 06:30:00+00:00,continuous,90627.5,90642.7,90617.4,90624.9,10036473.156699985
2026-01-11 06:59:59.944000+00:00,2026-01-11 06:45:00+00:00,continuous,90624.9,90705.2,90624.9,90697.4,16421075.623999946
2026-01-11 07:14:59.160000+00:00,2026-01-11 07:00:00+00:00,continuous,90697.5,90697.5,90629.9,90637.7,13810936.313299999
2026-01-11 07:29:59.420000+00:00,2026-01-11 07:15:00+00:00,continuous,90637.7,90708.5,90628.1,90685.0,14575537.651699958
2026-01-11 07:44:59.706000+00:00,2026-01-11 07:30:00+00:00,continuous,90685.0,90698.9,90654.7,90669.6,11233431.65079993
2026-01-11 07:59:59.989000+00:00,2026-01-11 07:45:00+00:00,continuous,90669.5,90669.6,90658.1,90664.0,6845511.388899982
2026-01-11 08:14:59.369000+00:00,2026-01-11 08:00:00+00:00,continuous,90663.9,90683.6,90555.0,90629.5,37906957.017799966
2026-01-11 08:29:59.233000+00:00,2026-01-11 08:15:00+00:00,continuous,90629.5,90692.6,90629.5,90681.9,16654371.193599919
2026-01-11 08:44:59.958000+00:00,2026-01-11 08:30:00+00:00,continuous,90681.8,90760.0,90635.1,90690.4,67770626.77909991
2026-01-11 08:59:59.960000+00:00,2026-01-11 08:45:00+00:00,continuous,90690.3,90787.8,90664.5,90756.0,47008678.31389999
2026-01-11 09:14:59.357000+00:00,2026-01-11 09:00:00+00:00,continuous,90755.9,90778.5,90726.5,90729.0,58362361.80279986
2026-01-11 09:29:59.778000+00:00,2026-01-11 09:15:00+00:00,continuous,90729.0,90776.1,90704.5,90704.5,22729278.55540023
2026-01-11 09:44:59.319000+00:00,2026-01-11 09:30:00+00:00,continuous,90704.6,90727.3,90625.3,90707.2,33407518.803299982
2026-01-11 09:59:59.041000+00:00,2026-01-11 09:45:00+00:00,continuous,90707.2,90747.9,90685.3,90689.9,26390660.004099853
2026-01-11 10:14:59.284000+00:00,2026-01-11 10:00:00+00:00,continuous,90690.0,90700.0,90640.0,90694.1,18200932.03969985
2026-01-11 10:29:58.911000+00:00,2026-01-11 10:15:00+00:00,continuous,90694.2,90694.2,90666.6,90682.2,9964946.641100002
2026-01-11 10:44:59.922000+00:00,2026-01-11 10:30:00+00:00,continuous,90682.2,90694.9,90642.3,90651.5,16764058.303899974
2026-01-11 10:59:59.368000+00:00,2026-01-11 10:45:00+00:00,continuous,90651.5,90694.2,90651.5,90689.4,9026987.811899997
2026-01-11 11:14:58.795000+00:00,2026-01-11 11:00:00+00:00,continuous,90689.4,90689.5,90649.9,90658.4,16128432.457500055
2026-01-11 11:29:59.516000+00:00,2026-01-11 11:15:00+00:00,continuous,90658.5,90668.2,90653.2,90668.2,16098262.021100035
2026-01-11 11:44:59.561000+00:00,2026-01-11 11:30:00+00:00,continuous,90668.2,90700.0,90668.1,90676.9,19454249.75279995
2026-01-11 11:59:59.989000+00:00,2026-01-11 11:45:00+00:00,continuous,90676.8,90730.2,90652.9,90707.3,25011752.953000024
2026-01-11 12:14:59.446000+00:00,2026-01-11 12:00:00+00:00,continuous,90707.2,90754.7,90670.1,90754.7,34714241.108800024
2026-01-11 12:29:59.783000+00:00,2026-01-11 12:15:00+00:00,continuous,90754.6,90829.9,90736.1,90827.0,53654417.32589986
2026-01-11 12:44:59.605000+00:00,2026-01-11 12:30:00+00:00,continuous,90826.9,90861.2,90769.9,90853.0,50693074.471199885
2026-01-11 12:59:59.976000+00:00,2026-01-11 12:45:00+00:00,continuous,90853.1,90980.0,90853.0,90889.3,123044540.83360015
2026-01-11 13:14:59.854000+00:00,2026-01-11 13:00:00+00:00,continuous,90889.3,90926.9,90863.5,90899.6,51948348.25519958
2026-01-11 13:29:57.968000+00:00,2026-01-11 13:15:00+00:00,continuous,90899.6,90921.8,90779.5,90841.6,46700278.77520009
2026-01-11 13:44:59.918000+00:00,2026-01-11 13:30:00+00:00,continuous,90841.6,90841.6,90780.0,90780.0,24374266.298099987
2026-01-11 13:59:59.710000+00:00,2026-01-11 13:45:00+00:00,continuous,90780.0,90850.0,90780.0,90812.0,32639528.896299988
2026-01-11 14:14:59.256000+00:00,2026-01-11 14:00:00+00:00,continuous,90811.9,90925.5,90811.9,90894.2,27685961.18450003
2026-01-11 14:29:59.746000+00:00,2026-01-11 14:15:00+00:00,continuous,90894.1,90944.0,90881.2,90943.9,19752955.249000054
2026-01-11 14:44:59.818000+00:00,2026-01-11 14:30:00+00:00,continuous,90943.9,91019.7,90907.4,90987.1,78030205.53790031
2026-01-11 14:59:59.410000+00:00,2026-01-11 14:45:00+00:00,continuous,90987.1,91143.1,90938.6,91074.8,85477096.00859968
2026-01-11 15:14:59.972000+00:00,2026-01-11 15:00:00+00:00,continuous,91074.7,91103.2,90825.0,90869.3,146310123.18979988
2026-01-11 15:29:59.926000+00:00,2026-01-11 15:15:00+00:00,continuous,90869.4,90970.0,90816.0,90912.9,42042442.67250118
2026-01-11 15:44:59.823000+00:00,2026-01-11 15:30:00+00:00,continuous,90912.9,90975.6,90719.9,90796.3,101898036.77790007
2026-01-11 15:59:59.099000+00:00,2026-01-11 15:45:00+00:00,continuous,90796.3,90852.2,90650.0,90834.1,97946514.86989988
2026-01-11 16:14:59.041000+00:00,2026-01-11 16:00:00+00:00,continuous,90834.0,90950.0,90834.0,90849.3,49579418.19469987
2026-01-11 16:29:59.694000+00:00,2026-01-11 16:15:00+00:00,continuous,90849.3,91029.6,90835.6,90992.5,45750535.059000164
2026-01-11 16:44:59.463000+00:00,2026-01-11 16:30:00+00:00,continuous,90992.5,91252.5,90986.6,91080.9,151404798.00099975
2026-01-11 16:59:59.724000+00:00,2026-01-11 16:45:00+00:00,continuous,91080.9,91090.7,90915.0,90996.0,48309863.099100396
2026-01-11 17:14:59.938000+00:00,2026-01-11 17:00:00+00:00,continuous,90996.0,91103.3,90972.1,91010.5,57270001.28820024
2026-01-11 17:29:58.382000+00:00,2026-01-11 17:15:00+00:00,continuous,91010.5,91017.9,90888.0,91004.6,42438025.28940003
2026-01-11 17:44:59.796000+00:00,2026-01-11 17:30:00+00:00,continuous,91004.5,91016.2,90853.5,90949.9,47230546.69240002
2026-01-11 17:59:59.002000+00:00,2026-01-11 17:45:00+00:00,continuous,90949.9,90983.8,90908.5,90944.7,17989196.08850005
2026-01-11 18:14:59.841000+00:00,2026-01-11 18:00:00+00:00,continuous,90944.8,90944.8,90850.0,90850.0,19223339.46909999
2026-01-11 18:29:59.836000+00:00,2026-01-11 18:15:00+00:00,continuous,90850.1,90911.0,90850.0,90886.7,17491167.965099964
2026-01-11 18:44:59.122000+00:00,2026-01-11 18:30:00+00:00,continuous,90886.7,90891.3,90750.8,90811.0,38701951.185700044
2026-01-11 18:59:59.079000+00:00,2026-01-11 18:45:00+00:00,continuous,90810.9,90912.9,90803.2,90840.9,30952819.700099938
2026-01-11 19:14:59.162000+00:00,2026-01-11 19:00:00+00:00,continuous,90840.8,90884.6,90803.1,90884.6,18805279.180799965
2026-01-11 19:29:59.950000+00:00,2026-01-11 19:15:00+00:00,continuous,90884.5,90892.2,90827.3,90860.8,15532670.035699954
2026-01-11 19:44:59.891000+00:00,2026-01-11 19:30:00+00:00,continuous,90860.7,90863.4,90729.2,90743.7,22725628.217899974
2026-01-11 19:59:59.918000+00:00,2026-01-11 19:45:00+00:00,continuous,90743.7,90750.0,90609.5,90644.7,72963270.30569994
2026-01-11 20:14:59.588000+00:00,2026-01-11 20:00:00+00:00,continuous,90644.7,90658.1,90314.9,90522.0,205251972.07669908
2026-01-11 20:29:58.973000+00:00,2026-01-11 20:15:00+00:00,continuous,90522.1,90543.1,90366.8,90485.1,61982196.215899795
2026-01-11 20:44:58.831000+00:00,2026-01-11 20:30:00+00:00,continuous,90485.0,90622.8,90420.7,90559.4,86528348.67890051
2026-01-11 20:59:59.731000+00:00,2026-01-11 20:45:00+00:00,continuous,90559.4,90706.8,90559.4,90654.2,28335060.363999974
2026-01-11 21:14:58.612000+00:00,2026-01-11 21:00:00+00:00,continuous,90654.2,90654.2,90544.2,90617.1,28441868.43340006
2026-01-11 21:29:59.935000+00:00,2026-01-11 21:15:00+00:00,continuous,90617.0,90734.0,90588.8,90596.6,31635348.877000067
2026-01-11 21:44:58.294000+00:00,2026-01-11 21:30:00+00:00,continuous,90596.6,90693.8,90594.0,90645.0,25550898.557000123
2026-01-11 21:59:59.002000+00:00,2026-01-11 21:45:00+00:00,continuous,90644.9,90795.0,90631.6,90711.1,33139545.88930002
2026-01-11 22:14:59.780000+00:00,2026-01-11 22:00:00+00:00,continuous,90711.1,90711.2,90410.0,90512.2,63038905.824599884
2026-01-11 22:29:59.913000+00:00,2026-01-11 22:15:00+00:00,continuous,90512.2,90679.6,90512.2,90641.7,31472385.909899984
2026-01-11 22:44:59.902000+00:00,2026-01-11 22:30:00+00:00,continuous,90641.7,90693.6,90586.0,90661.6,17262696.2054
2026-01-11 22:59:59.370000+00:00,2026-01-11 22:45:00+00:00,continuous,90661.5,90661.6,90479.9,90482.4,24141340.539499886
2026-01-11 23:14:59.998000+00:00,2026-01-11 23:00:00+00:00,continuous,90482.3,90695.2,90175.3,90668.3,227648818.60889763
2026-01-11 23:29:59.987000+00:00,2026-01-11 23:15:00+00:00,continuous,90668.2,91000.0,90659.7,90720.4,209814472.1438986
2026-01-11 23:44:59.372000+00:00,2026-01-11 23:30:00+00:00,continuous,90720.4,90905.0,90648.8,90890.1,49556057.43329989
2026-01-11 23:59:59.999000+00:00,2026-01-11 23:45:00+00:00,continuous,90890.0,90996.6,90816.9,90964.4,68621990.58460018
2026-01-12 00:14:59.345000+00:00,2026-01-12 00:00:00+00:00,continuous,90964.4,91000.0,90753.3,90875.2,91578999.64539999
2026-01-12 00:29:59.064000+00:00,2026-01-12 00:15:00+00:00,continuous,90875.3,91188.0,90838.5,91108.0,112133330.09100008
2026-01-12 00:44:59.585000+00:00,2026-01-12 00:30:00+00:00,continuous,91107.9,91154.0,90759.2,90785.4,110988482.75160067
2026-01-12 00:59:59.980000+00:00,2026-01-12 00:45:00+00:00,continuous,90785.5,91229.2,90642.0,91229.1,148652865.2535004
2026-01-12 01:14:59.927000+00:00,2026-01-12 01:00:00+00:00,continuous,91229.2,91770.0,91178.9,91491.2,524259302.25899583
2026-01-12 01:29:59.996000+00:00,2026-01-12 01:15:00+00:00,continuous,91491.2,91539.2,91335.2,91476.0,104936348.42810042
2026-01-12 01:44:59.728000+00:00,2026-01-12 01:30:00+00:00,continuous,91476.0,91494.2,91047.9,91341.1,202010511.49160066
2026-01-12 01:59:59.728000+00:00,2026-01-12 01:45:00+00:00,continuous,91341.1,91477.7,91333.0,91370.0,49562035.53959989
2026-01-12 02:14:59.993000+00:00,2026-01-12 02:00:00+00:00,continuous,91369.9,91699.3,91323.8,91696.1,125426738.1015994
2026-01-12 02:29:59.745000+00:00,2026-01-12 02:15:00+00:00,continuous,91696.1,91920.0,91589.1,91742.6,229076720.12780008
2026-01-12 02:44:59.808000+00:00,2026-01-12 02:30:00+00:00,continuous,91742.5,91983.5,91680.3,91901.9,147919638.37390015
2026-01-12 02:59:59.966000+00:00,2026-01-12 02:45:00+00:00,continuous,91901.9,92379.5,91901.9,92168.8,413490231.40390074
2026-01-12 03:14:59.608000+00:00,2026-01-12 03:00:00+00:00,continuous,92168.9,92450.0,92105.0,92389.9,237752298.55520204
2026-01-12 03:29:59.721000+00:00,2026-01-12 03:15:00+00:00,continuous,92389.9,92488.0,92316.1,92344.9,154228073.1195995
2026-01-12 03:44:59.885000+00:00,2026-01-12 03:30:00+00:00,continuous,92344.9,92415.0,91890.2,91950.1,377986621.85450166
2026-01-12 03:59:59.948000+00:00,2026-01-12 03:45:00+00:00,continuous,91950.1,91980.1,91757.1,91766.2,144567793.8079997
2026-01-12 04:14:59.790000+00:00,2026-01-12 04:00:00+00:00,continuous,91766.2,92053.0,91700.0,92043.5,160267765.7194012
2026-01-12 04:29:59.728000+00:00,2026-01-12 04:15:00+00:00,continuous,92043.4,92077.7,91969.3,91998.4,50478940.44549995
2026-01-12 04:44:59.868000+00:00,2026-01-12 04:30:00+00:00,continuous,91998.5,92187.9,91971.3,92149.9,58288465.98209976
2026-01-12 04:59:59.965000+00:00,2026-01-12 04:45:00+00:00,continuous,92150.0,92245.1,92100.0,92126.7,60984643.192100085
2026-01-12 05:14:59.345000+00:00,2026-01-12 05:00:00+00:00,continuous,92126.6,92196.3,91986.1,92086.6,94049927.2879997
2026-01-12 05:29:59.445000+00:00,2026-01-12 05:15:00+00:00,continuous,92086.7,92216.6,92053.1,92189.9,33187583.249999963
2026-01-12 05:44:59.745000+00:00,2026-01-12 05:30:00+00:00,continuous,92190.0,92220.0,92039.5,92059.9,81703729.10090041
2026-01-12 05:59:59.117000+00:00,2026-01-12 05:45:00+00:00,continuous,92060.0,92089.9,92033.2,92066.6,33384527.5824001
2026-01-12 06:14:59.770000+00:00,2026-01-12 06:00:00+00:00,continuous,92066.7,92166.7,91990.4,92120.0,69395257.63089983
2026-01-12 06:29:59.863000+00:00,2026-01-12 06:15:00+00:00,continuous,92119.9,92156.9,91910.0,91911.0,68401811.36009997
2026-01-12 06:44:59.781000+00:00,2026-01-12 06:30:00+00:00,continuous,91911.0,91911.0,91760.0,91884.4,97004195.12739976
2026-01-12 06:59:59.953000+00:00,2026-01-12 06:45:00+00:00,continuous,91884.4,91884.5,91764.2,91789.3,50032392.9436999
2026-01-12 07:14:59.191000+00:00,2026-01-12 07:00:00+00:00,continuous,91789.4,91932.3,91733.8,91778.6,79057441.34200007
2026-01-12 07:29:59.404000+00:00,2026-01-12 07:15:00+00:00,continuous,91778.6,91883.8,91710.8,91846.0,62167295.5753003
2026-01-12 07:44:59.959000+00:00,2026-01-12 07:30:00+00:00,continuous,91845.9,91858.5,91487.6,91534.3,146981101.3773
2026-01-12 07:59:59.360000+00:00,2026-01-12 07:45:00+00:00,continuous,91534.4,91536.3,91342.0,91369.2,222254021.4082002
2026-01-12 08:14:59.636000+00:00,2026-01-12 08:00:00+00:00,continuous,91369.2,91586.5,91300.0,91500.2,191960486.1570994
2026-01-12 08:29:59.980000+00:00,2026-01-12 08:15:00+00:00,continuous,91500.1,91561.6,91412.0,91412.1,69274207.49719973
2026-01-12 08:44:59.980000+00:00,2026-01-12 08:30:00+00:00,continuous,91412.1,91412.1,90451.0,90519.6,834284448.6536922
2026-01-12 08:59:59.841000+00:00,2026-01-12 08:45:00+00:00,continuous,90519.5,90814.3,90341.3,90714.0,394476148.36759686
2026-01-12 09:14:59.615000+00:00,2026-01-12 09:00:00+00:00,continuous,90714.0,90812.5,90610.0,90768.0,151550301.5000993
2026-01-12 09:29:59.860000+00:00,2026-01-12 09:15:00+00:00,continuous,90768.0,90869.0,90732.6,90758.6,105439806.91639975
2026-01-12 09:44:59.707000+00:00,2026-01-12 09:30:00+00:00,continuous,90758.5,90895.1,90709.2,90797.1,93640370.02089985
2026-01-12 09:59:59.980000+00:00,2026-01-12 09:45:00+00:00,continuous,90797.1,90843.3,90628.9,90646.8,89228442.36509986
2026-01-12 10:14:58.186000+00:00,2026-01-12 10:00:00+00:00,continuous,90646.9,90755.6,90542.5,90655.1,93772635.24120043
2026-01-12 10:29:59.793000+00:00,2026-01-12 10:15:00+00:00,continuous,90655.1,90673.3,90498.7,90520.2,90574379.67259985
2026-01-12 10:44:59.989000+00:00,2026-01-12 10:30:00+00:00,continuous,90520.2,90596.7,90479.6,90496.0,75850640.70470022
2026-01-12 10:59:59.810000+00:00,2026-01-12 10:45:00+00:00,continuous,90495.9,90496.0,90319.4,90394.6,141654545.1309
2026-01-12 11:14:59.840000+00:00,2026-01-12 11:00:00+00:00,continuous,90394.6,90584.0,90381.6,90542.1,130103937.62800036
2026-01-12 11:29:59.412000+00:00,2026-01-12 11:15:00+00:00,continuous,90542.0,90795.9,90512.0,90650.1,145415643.85729942
2026-01-12 11:44:59.863000+00:00,2026-01-12 11:30:00+00:00,continuous,90650.1,90713.7,90512.8,90555.2,102414206.7346002
2026-01-12 11:59:59.953000+00:00,2026-01-12 11:45:00+00:00,continuous,90555.2,90648.8,90548.2,90573.9,45778906.123900004
2026-01-12 12:14:59.885000+00:00,2026-01-12 12:00:00+00:00,continuous,90573.9,90745.7,90573.8,90724.4,62607351.26640003
2026-01-12 12:29:58.571000+00:00,2026-01-12 12:15:00+00:00,continuous,90724.4,90828.2,90724.4,90741.0,57590161.9981001
2026-01-12 12:44:59.029000+00:00,2026-01-12 12:30:00+00:00,continuous,90740.9,90767.8,90631.3,90692.6,43758635.75609991
2026-01-12 12:59:58.235000+00:00,2026-01-12 12:45:00+00:00,continuous,90692.7,90787.6,90665.8,90741.6,26691822.64260014
2026-01-12 13:14:59.721000+00:00,2026-01-12 13:00:00+00:00,continuous,90741.6,90788.0,90490.9,90517.0,129903977.80690095
2026-01-12 13:29:59.336000+00:00,2026-01-12 13:15:00+00:00,continuous,90516.9,90715.4,90516.9,90654.7,91260946.35209975
2026-01-12 13:44:59.714000+00:00,2026-01-12 13:30:00+00:00,continuous,90654.6,90753.5,90555.9,90613.7,57665242.64630028
2026-01-12 13:59:59.847000+00:00,2026-01-12 13:45:00+00:00,continuous,90613.7,90660.3,90527.6,90596.8,52182414.84609986
2026-01-12 14:14:59.047000+00:00,2026-01-12 14:00:00+00:00,continuous,90596.7,90628.6,90545.4,90606.3,38856092.97499999
2026-01-12 14:29:59.985000+00:00,2026-01-12 14:15:00+00:00,continuous,90606.2,90625.3,90066.0,90241.8,407237535.5916977
2026-01-12 14:44:59.645000+00:00,2026-01-12 14:30:00+00:00,continuous,90241.7,90995.0,90156.7,90761.3,544691108.4192945
2026-01-12 14:59:59.795000+00:00,2026-01-12 14:45:00+00:00,continuous,90761.2,91100.0,90533.0,90852.8,320817088.5290992
2026-01-12 15:14:59.931000+00:00,2026-01-12 15:00:00+00:00,continuous,90852.7,90922.6,90657.0,90888.0,187904662.12079978
2026-01-12 15:29:59.978000+00:00,2026-01-12 15:15:00+00:00,continuous,90888.0,91389.7,90848.5,91281.3,368754921.0700978
2026-01-12 15:44:59.982000+00:00,2026-01-12 15:30:00+00:00,continuous,91281.3,91543.0,91185.5,91472.2,398707130.28779966
2026-01-12 15:59:59.983000+00:00,2026-01-12 15:45:00+00:00,continuous,91472.2,91637.8,91324.8,91618.7,244684255.21139848
2026-01-12 16:14:59.998000+00:00,2026-01-12 16:00:00+00:00,continuous,91618.6,91838.6,91558.3,91741.5,418310718.30669916
2026-01-12 16:29:59.920000+00:00,2026-01-12 16:15:00+00:00,continuous,91741.9,92185.3,91520.1,92170.3,420202197.49549705
2026-01-12 16:44:59.911000+00:00,2026-01-12 16:30:00+00:00,continuous,92170.3,92299.0,91901.9,92127.1,486580018.7595958
2026-01-12 16:59:59.892000+00:00,2026-01-12 16:45:00+00:00,continuous,92127.0,92213.7,91987.3,92078.8,249429734.94470146
2026-01-12 17:14:59.969000+00:00,2026-01-12 17:00:00+00:00,continuous,92078.9,92264.2,91826.2,91926.1,299770712.18640035
2026-01-12 17:29:59.959000+00:00,2026-01-12 17:15:00+00:00,continuous,91926.0,92058.8,91600.0,91677.4,282524204.02479696
2026-01-12 17:44:59.712000+00:00,2026-01-12 17:30:00+00:00,continuous,91677.3,91716.7,90966.0,91286.7,752713978.2888029
2026-01-12 17:59:58.774000+00:00,2026-01-12 17:45:00+00:00,continuous,91286.7,91500.0,91265.2,91469.9,203687383.7162983
2026-01-12 18:14:59.650000+00:00,2026-01-12 18:00:00+00:00,continuous,91469.9,91795.3,91358.9,91661.4,186125211.22559947
2026-01-12 18:29:59.994000+00:00,2026-01-12 18:15:00+00:00,continuous,91661.4,91911.1,91661.0,91875.7,148079950.28979978
2026-01-12 18:44:59.772000+00:00,2026-01-12 18:30:00+00:00,continuous,91875.6,91885.3,91440.8,91617.1,197327220.44080034
2026-01-12 18:59:59.793000+00:00,2026-01-12 18:45:00+00:00,continuous,91617.1,91735.0,91586.0,91648.2,66277010.49719992
2026-01-12 19:14:59.728000+00:00,2026-01-12 19:00:00+00:00,continuous,91648.2,91725.7,91383.1,91636.2,134536319.03420082
2026-01-12 19:29:59.998000+00:00,2026-01-12 19:15:00+00:00,continuous,91636.1,91795.2,91636.1,91788.1,63296883.56659968
2026-01-12 19:44:59.815000+00:00,2026-01-12 19:30:00+00:00,continuous,91788.0,91847.2,91700.0,91754.5,39109932.64719999
2026-01-12 19:59:59.632000+00:00,2026-01-12 19:45:00+00:00,continuous,91754.5,91830.2,91671.2,91821.9,38064038.932599925
2026-01-12 20:14:59.601000+00:00,2026-01-12 20:00:00+00:00,continuous,91821.9,92017.0,91781.9,91828.9,119020123.08429968
2026-01-12 20:29:59.202000+00:00,2026-01-12 20:15:00+00:00,continuous,91828.8,91828.9,91647.2,91694.1,56364395.86419999
2026-01-12 20:44:59.959000+00:00,2026-01-12 20:30:00+00:00,continuous,91694.0,91694.1,91398.0,91430.6,81704255.31129953
2026-01-12 20:59:59.661000+00:00,2026-01-12 20:45:00+00:00,continuous,91430.6,91474.7,91366.8,91446.5,94177294.49149972
2026-01-12 21:14:59.729000+00:00,2026-01-12 21:00:00+00:00,continuous,91446.5,91448.7,91155.4,91428.4,112055109.38009985
2026-01-12 21:29:59.684000+00:00,2026-01-12 21:15:00+00:00,continuous,91428.4,91461.2,91287.9,91293.0,65851246.73869973
2026-01-12 21:44:59.624000+00:00,2026-01-12 21:30:00+00:00,continuous,91293.0,91337.9,91231.0,91247.1,45314482.24800013
2026-01-12 21:59:59.909000+00:00,2026-01-12 21:45:00+00:00,continuous,91247.1,91247.1,90870.0,91005.6,224172205.0435001
2026-01-12 22:14:59.654000+00:00,2026-01-12 22:00:00+00:00,continuous,91005.6,91395.8,91005.5,91360.8,73334972.86560012
2026-01-12 22:29:58.861000+00:00,2026-01-12 22:15:00+00:00,continuous,91360.8,91360.9,91166.8,91217.0,33103181.43979981
2026-01-12 22:44:59.012000+00:00,2026-01-12 22:30:00+00:00,continuous,91217.0,91366.0,91146.6,91299.9,52296914.76550048
2026-01-12 22:59:59.522000+00:00,2026-01-12 22:45:00+00:00,continuous,91299.9,91300.0,91160.8,91204.0,29302328.597700074
2026-01-12 23:14:57.115000+00:00,2026-01-12 23:00:00+00:00,continuous,91203.9,91243.3,91023.0,91116.9,56444777.89969978
2026-01-12 23:29:59.039000+00:00,2026-01-12 23:15:00+00:00,continuous,91116.9,91247.4,91089.4,91230.3,39667189.57769999
2026-01-12 23:44:59.840000+00:00,2026-01-12 23:30:00+00:00,continuous,91230.3,91280.1,91148.9,91233.9,35520661.790099934
2026-01-12 23:59:59.462000+00:00,2026-01-12 23:45:00+00:00,continuous,91234.0,91260.4,91180.5,91252.6,25478643.670999963
2026-01-13 00:14:59.819000+00:00,2026-01-13 00:00:00+00:00,continuous,91252.5,91372.2,91215.4,91282.8,89952070.14789991
2026-01-13 00:29:59.924000+00:00,2026-01-13 00:15:00+00:00,continuous,91282.7,91499.5,91255.5,91402.3,94303086.36920051
2026-01-13 00:44:59.625000+00:00,2026-01-13 00:30:00+00:00,continuous,91402.3,91524.5,91202.9,91275.2,113286361.3729001
2026-01-13 00:59:59.868000+00:00,2026-01-13 00:45:00+00:00,continuous,91275.2,91480.0,91268.1,91436.3,66701612.72359978
2026-01-13 01:14:59.739000+00:00,2026-01-13 01:00:00+00:00,continuous,91436.4,91514.2,91356.2,91437.3,50848934.3877
2026-01-13 01:29:59.536000+00:00,2026-01-13 01:15:00+00:00,continuous,91437.2,91437.2,91252.7,91295.9,39352732.36009997
2026-01-13 01:44:59.200000+00:00,2026-01-13 01:30:00+00:00,continuous,91295.9,91310.0,91011.0,91060.2,120230384.4625002
2026-01-13 01:59:59.432000+00:00,2026-01-13 01:45:00+00:00,continuous,91060.2,91178.3,91057.1,91157.4,59729878.70489998
2026-01-13 02:14:59.268000+00:00,2026-01-13 02:00:00+00:00,continuous,91157.3,91344.9,91157.3,91252.3,74595659.11499971
2026-01-13 02:29:59.533000+00:00,2026-01-13 02:15:00+00:00,continuous,91252.3,91278.7,91214.2,91237.2,26219233.254199956
2026-01-13 02:44:59.800000+00:00,2026-01-13 02:30:00+00:00,continuous,91237.2,91275.9,91079.8,91085.1,53024214.86179981
2026-01-13 02:59:59.631000+00:00,2026-01-13 02:45:00+00:00,continuous,91085.0,91205.0,91035.0,91093.5,58428398.85240007
2026-01-13 03:14:59.901000+00:00,2026-01-13 03:00:00+00:00,continuous,91093.5,91251.0,91076.1,91235.0,61636853.12549996
2026-01-13 03:29:59.387000+00:00,2026-01-13 03:15:00+00:00,continuous,91235.0,91438.8,91231.2,91356.3,81490173.8849
2026-01-13 03:44:58.247000+00:00,2026-01-13 03:30:00+00:00,continuous,91356.3,91389.6,91276.6,91297.9,37709223.04019998
2026-01-13 03:59:59.308000+00:00,2026-01-13 03:45:00+00:00,continuous,91297.9,91380.9,91254.4,91380.9,29954282.19440008
2026-01-13 04:14:59.989000+00:00,2026-01-13 04:00:00+00:00,continuous,91380.9,91448.8,91355.7,91425.7,47852588.93499979
2026-01-13 04:29:59.855000+00:00,2026-01-13 04:15:00+00:00,continuous,91425.8,91621.0,91361.6,91436.4,95667108.66460007
2026-01-13 04:44:59.421000+00:00,2026-01-13 04:30:00+00:00,continuous,91436.4,91445.0,91316.3,91330.1,34015634.2146
2026-01-13 04:59:58.682000+00:00,2026-01-13 04:45:00+00:00,continuous,91330.0,91499.8,91320.7,91479.3,30588773.006500028
2026-01-13 05:14:59.538000+00:00,2026-01-13 05:00:00+00:00,continuous,91479.3,91719.2,91425.6,91711.4,124753567.62369953
2026-01-13 05:29:59.992000+00:00,2026-01-13 05:15:00+00:00,continuous,91711.5,92222.0,91658.2,92046.2,450752656.19499755
2026-01-13 05:44:59.650000+00:00,2026-01-13 05:30:00+00:00,continuous,92046.2,92086.9,91815.2,91906.1,175143539.76910076
2026-01-13 05:59:59.793000+00:00,2026-01-13 05:45:00+00:00,continuous,91906.1,92078.6,91864.9,91883.6,107104639.23580024
2026-01-13 06:14:59.956000+00:00,2026-01-13 06:00:00+00:00,continuous,91883.7,92047.4,91764.9,91892.4,146277037.48140034
2026-01-13 06:29:59.433000+00:00,2026-01-13 06:15:00+00:00,continuous,91892.5,92017.9,91830.8,91851.9,108268408.05379976
2026-01-13 06:44:59.389000+00:00,2026-01-13 06:30:00+00:00,continuous,91851.9,92100.0,91851.9,91957.4,110168956.99839973
2026-01-13 06:59:59.910000+00:00,2026-01-13 06:45:00+00:00,continuous,91957.5,92258.0,91957.4,92146.9,187486816.81590074
2026-01-13 07:14:59.945000+00:00,2026-01-13 07:00:00+00:00,continuous,92146.9,92180.6,91992.6,91992.6,80570476.69759989
2026-01-13 07:29:59.668000+00:00,2026-01-13 07:15:00+00:00,continuous,91992.6,92032.5,91866.3,91985.9,90660012.87090012
2026-01-13 07:44:59.907000+00:00,2026-01-13 07:30:00+00:00,continuous,91985.9,92000.0,91898.7,91908.7,44079170.39439999
2026-01-13 07:59:59.955000+00:00,2026-01-13 07:45:00+00:00,continuous,91908.8,91931.6,91871.5,91908.0,48289344.199699886
2026-01-13 08:14:58.747000+00:00,2026-01-13 08:00:00+00:00,continuous,91908.0,91986.8,91881.1,91943.8,59755501.97049992
2026-01-13 08:29:58.441000+00:00,2026-01-13 08:15:00+00:00,continuous,91943.9,92041.4,91900.0,91916.8,62071033.23350008
2026-01-13 08:44:59.831000+00:00,2026-01-13 08:30:00+00:00,continuous,91916.9,92159.0,91916.8,92103.3,123339968.44070026
2026-01-13 08:59:59.914000+00:00,2026-01-13 08:45:00+00:00,continuous,92103.3,92234.7,92086.8,92137.8,82024264.41130033
2026-01-13 09:14:59.926000+00:00,2026-01-13 09:00:00+00:00,continuous,92137.7,92400.0,92122.2,92398.5,224406280.11179966
2026-01-13 09:29:59.999000+00:00,2026-01-13 09:15:00+00:00,continuous,92398.4,92676.6,92313.7,92519.9,373566580.4309012
2026-01-13 09:44:59.945000+00:00,2026-01-13 09:30:00+00:00,continuous,92520.0,92549.7,91850.6,92097.4,494052540.4281972
2026-01-13 09:59:59.956000+00:00,2026-01-13 09:45:00+00:00,continuous,92097.4,92292.2,92086.3,92239.6,119408940.33160041
2026-01-13 10:14:59.446000+00:00,2026-01-13 10:00:00+00:00,continuous,92239.6,92317.4,92153.7,92192.5,87831603.57710016
2026-01-13 10:29:59.224000+00:00,2026-01-13 10:15:00+00:00,continuous,92192.6,92217.1,92087.4,92211.9,60161915.750800066
2026-01-13 10:44:59.722000+00:00,2026-01-13 10:30:00+00:00,continuous,92211.8,92250.0,91989.4,92015.9,75461939.33890009
2026-01-13 10:59:59.762000+00:00,2026-01-13 10:45:00+00:00,continuous,92015.9,92105.2,91980.0,92092.5,76309876.15340008
2026-01-13 11:14:59.887000+00:00,2026-01-13 11:00:00+00:00,continuous,92092.6,92226.7,91989.8,92178.1,78348845.93570033
2026-01-13 11:29:59.493000+00:00,2026-01-13 11:15:00+00:00,continuous,92178.2,92211.4,92069.8,92167.9,57514133.28800013
2026-01-13 11:44:59.865000+00:00,2026-01-13 11:30:00+00:00,continuous,92168.0,92171.0,92017.4,92022.3,74796018.37370001
2026-01-13 11:59:59.807000+00:00,2026-01-13 11:45:00+00:00,continuous,92022.3,92058.9,91928.8,91962.1,80311494.18500017
2026-01-13 12:14:59.772000+00:00,2026-01-13 12:00:00+00:00,continuous,91962.1,92027.5,91868.0,91904.7,74007667.97490044
2026-01-13 12:29:59.611000+00:00,2026-01-13 12:15:00+00:00,continuous,91904.6,92087.8,91871.0,92039.1,60199135.04049979
2026-01-13 12:44:59.302000+00:00,2026-01-13 12:30:00+00:00,continuous,92039.1,92125.5,92039.0,92103.1,51117654.62100019
2026-01-13 12:59:59.527000+00:00,2026-01-13 12:45:00+00:00,continuous,92103.2,92108.9,92026.9,92076.2,33202577.587800093
2026-01-13 13:14:59.990000+00:00,2026-01-13 13:00:00+00:00,continuous,92076.3,92076.3,91943.3,91971.9,69827914.00050002
2026-01-13 13:29:59.881000+00:00,2026-01-13 13:15:00+00:00,continuous,91972.0,92102.8,91954.0,92100.0,85959927.35230036
2026-01-13 13:44:59.790000+00:00,2026-01-13 13:30:00+00:00,continuous,92100.3,92555.1,91836.3,92154.6,856429252.4464943
2026-01-13 13:59:59.530000+00:00,2026-01-13 13:45:00+00:00,continuous,92154.9,92212.4,92003.0,92021.0,151487013.1103995
2026-01-13 14:14:59.681000+00:00,2026-01-13 14:00:00+00:00,continuous,92021.0,92021.1,91700.6,91928.7,257278330.11669928
2026-01-13 14:29:59.904000+00:00,2026-01-13 14:15:00+00:00,continuous,91928.6,92394.1,91924.7,92382.2,200179635.71259978
2026-01-13 14:44:59.890000+00:00,2026-01-13 14:30:00+00:00,continuous,92382.3,92888.0,92272.6,92653.2,672122985.9425035
2026-01-13 14:59:59.486000+00:00,2026-01-13 14:45:00+00:00,continuous,92653.2,92730.4,92348.7,92414.3,304862965.5607029
2026-01-13 15:14:59.925000+00:00,2026-01-13 15:00:00+00:00,continuous,92414.2,92560.0,92060.2,92547.3,324076141.5691005
2026-01-13 15:29:59.906000+00:00,2026-01-13 15:15:00+00:00,continuous,92547.3,92547.5,92148.0,92353.6,189939176.7186996
2026-01-13 15:44:59.869000+00:00,2026-01-13 15:30:00+00:00,continuous,92353.5,93125.0,92320.2,92888.3,645162122.3909004
2026-01-13 15:59:59.948000+00:00,2026-01-13 15:45:00+00:00,continuous,92888.2,93408.0,92778.5,93407.9,518211898.809
2026-01-13 16:14:59.996000+00:00,2026-01-13 16:00:00+00:00,continuous,93407.8,93665.9,93238.3,93241.9,712246504.4949015
2026-01-13 16:29:59.652000+00:00,2026-01-13 16:15:00+00:00,continuous,93241.8,93435.3,93009.8,93150.0,325470256.7553029
2026-01-13 16:44:59.767000+00:00,2026-01-13 16:30:00+00:00,continuous,93149.9,93621.6,93087.9,93498.9,260657968.50309947
2026-01-13 16:59:59.930000+00:00,2026-01-13 16:45:00+00:00,continuous,93498.9,93707.0,93314.5,93341.6,279920469.09379905
2026-01-13 17:14:59.775000+00:00,2026-01-13 17:00:00+00:00,continuous,93341.6,93451.4,93187.1,93275.7,173861783.45000106
2026-01-13 17:29:59.903000+00:00,2026-01-13 17:15:00+00:00,continuous,93275.6,93411.2,93050.0,93361.6,138006825.41859877
2026-01-13 17:44:59.654000+00:00,2026-01-13 17:30:00+00:00,continuous,93361.6,93415.0,93112.4,93340.1,152571282.0508004
2026-01-13 17:59:59.942000+00:00,2026-01-13 17:45:00+00:00,continuous,93340.0,93414.5,93177.5,93190.6,100612601.99119958
2026-01-13 18:14:59.497000+00:00,2026-01-13 18:00:00+00:00,continuous,93190.5,93617.6,93138.7,93519.5,233520945.37799978
2026-01-13 18:29:59.701000+00:00,2026-01-13 18:15:00+00:00,continuous,93519.5,93684.9,93482.1,93520.2,133040923.27839997
2026-01-13 18:44:59.925000+00:00,2026-01-13 18:30:00+00:00,continuous,93520.3,93695.0,93454.2,93570.3,108757107.54149993
2026-01-13 18:59:59.966000+00:00,2026-01-13 18:45:00+00:00,continuous,93570.2,93840.7,93433.5,93581.0,191271382.34240088
2026-01-13 19:14:59.715000+00:00,2026-01-13 19:00:00+00:00,continuous,93581.1,93621.8,93421.9,93500.7,79546216.09359996
2026-01-13 19:29:59.995000+00:00,2026-01-13 19:15:00+00:00,continuous,93500.7,93825.4,93430.0,93808.5,178361118.55910084
2026-01-13 19:44:59.710000+00:00,2026-01-13 19:30:00+00:00,continuous,93808.5,94149.5,93752.5,93980.6,420130044.9366982
2026-01-13 19:59:59.758000+00:00,2026-01-13 19:45:00+00:00,continuous,93980.7,94189.0,93951.1,94179.5,173259002.42950192
2026-01-13 20:14:59.973000+00:00,2026-01-13 20:00:00+00:00,continuous,94179.6,94399.9,94123.5,94289.9,419185838.57349956
2026-01-13 20:29:59.566000+00:00,2026-01-13 20:15:00+00:00,continuous,94290.0,94462.7,94200.0,94289.8,255186659.8476003
2026-01-13 20:44:59.921000+00:00,2026-01-13 20:30:00+00:00,continuous,94289.7,94319.0,94036.0,94240.2,498462834.49399686
2026-01-13 20:59:59.952000+00:00,2026-01-13 20:45:00+00:00,continuous,94240.1,94396.4,94142.2,94349.1,287012170.9945992
2026-01-13 21:14:59.940000+00:00,2026-01-13 21:00:00+00:00,continuous,94349.0,94440.0,94292.1,94327.2,136478106.38640016
2026-01-13 21:29:59.892000+00:00,2026-01-13 21:15:00+00:00,continuous,94327.2,94478.3,94261.5,94264.9,143259678.18849954
2026-01-13 21:44:59.878000+00:00,2026-01-13 21:30:00+00:00,continuous,94264.8,94327.6,94079.5,94100.0,146011983.7321008
2026-01-13 21:59:59.695000+00:00,2026-01-13 21:45:00+00:00,continuous,94099.9,94134.6,94011.7,94040.0,99281877.63340041
2026-01-13 22:14:59.857000+00:00,2026-01-13 22:00:00+00:00,continuous,94040.0,96863.7,94037.8,95576.0,1696383558.027006
2026-01-13 22:29:59.908000+00:00,2026-01-13 22:15:00+00:00,continuous,95575.9,95670.7,94986.4,95281.7,432096914.71310025
2026-01-13 22:44:59.889000+00:00,2026-01-13 22:30:00+00:00,continuous,95281.8,95605.2,95068.9,95547.2,223804386.7283
2026-01-13 22:59:59.961000+00:00,2026-01-13 22:45:00+00:00,continuous,95547.1,96028.5,95456.7,95730.5,237076703.35139903
2026-01-13 23:14:59.970000+00:00,2026-01-13 23:00:00+00:00,continuous,95730.4,96089.9,95614.4,95695.3,374604589.1894003
2026-01-13 23:29:59.993000+00:00,2026-01-13 23:15:00+00:00,continuous,95695.3,95700.0,95305.0,95350.0,162537819.59660015
2026-01-13 23:44:59.879000+00:00,2026-01-13 23:30:00+00:00,continuous,95349.9,95401.0,95061.7,95160.0,208826134.90270025
2026-01-13 23:59:59.931000+00:00,2026-01-13 23:45:00+00:00,continuous,95159.9,95444.8,95025.6,95375.2,158749314.82900012
2026-01-14 00:14:59.561000+00:00,2026-01-14 00:00:00+00:00,continuous,95375.2,95627.6,95309.7,95465.2,199059323.34040168
2026-01-14 00:29:59.822000+00:00,2026-01-14 00:15:00+00:00,continuous,95465.3,95580.0,95391.9,95417.5,77330715.74249975
2026-01-14 00:44:59.894000+00:00,2026-01-14 00:30:00+00:00,continuous,95417.5,95417.6,95120.5,95252.9,152132211.2025003
2026-01-14 00:59:58.463000+00:00,2026-01-14 00:45:00+00:00,continuous,95252.9,95318.4,95150.0,95196.2,69950401.30050018
2026-01-14 01:14:59.870000+00:00,2026-01-14 01:00:00+00:00,continuous,95196.2,95460.0,95100.0,95439.5,194165797.8798999
2026-01-14 01:29:59.851000+00:00,2026-01-14 01:15:00+00:00,continuous,95439.5,95545.2,95363.6,95430.1,70704319.72530022
2026-01-14 01:44:59.765000+00:00,2026-01-14 01:30:00+00:00,continuous,95430.1,95505.2,95136.3,95228.0,92641828.2359
2026-01-14 01:59:59.526000+00:00,2026-01-14 01:45:00+00:00,continuous,95227.9,95300.0,95082.0,95191.4,101512639.33700019
2026-01-14 02:14:59.885000+00:00,2026-01-14 02:00:00+00:00,continuous,95191.4,95505.5,95153.0,95437.1,86305941.23490041
2026-01-14 02:29:59.945000+00:00,2026-01-14 02:15:00+00:00,continuous,95437.1,95527.5,95327.3,95485.2,92641523.11239985
2026-01-14 02:44:59.922000+00:00,2026-01-14 02:30:00+00:00,continuous,95485.2,95485.2,95292.3,95444.9,64700252.49660003
2026-01-14 02:59:59.632000+00:00,2026-01-14 02:45:00+00:00,continuous,95444.8,95492.7,95214.1,95299.9,81831648.12120031
2026-01-14 03:14:59.607000+00:00,2026-01-14 03:00:00+00:00,continuous,95300.0,95446.0,95235.8,95382.1,55288851.23890005
2026-01-14 03:29:59.885000+00:00,2026-01-14 03:15:00+00:00,continuous,95382.0,95449.5,95312.8,95323.9,54017627.48250019
2026-01-14 03:44:59.906000+00:00,2026-01-14 03:30:00+00:00,continuous,95324.0,95549.1,95323.9,95499.9,77402527.62769993
2026-01-14 03:59:59.886000+00:00,2026-01-14 03:45:00+00:00,continuous,95499.9,95670.0,95485.0,95665.7,100374354.6305002
2026-01-14 04:14:59.816000+00:00,2026-01-14 04:00:00+00:00,continuous,95665.6,95755.0,95318.0,95379.1,232787905.92650095
2026-01-14 04:29:59.923000+00:00,2026-01-14 04:15:00+00:00,continuous,95379.0,95482.0,95366.0,95411.1,48051149.07039985
2026-01-14 04:44:59.889000+00:00,2026-01-14 04:30:00+00:00,continuous,95411.0,95412.4,95219.5,95233.0,75692519.44640033
2026-01-14 04:59:59.593000+00:00,2026-01-14 04:45:00+00:00,continuous,95232.9,95280.1,95172.9,95192.2,62722908.61869983
2026-01-14 05:14:59.944000+00:00,2026-01-14 05:00:00+00:00,continuous,95192.2,95212.4,95060.0,95200.2,138435434.01289937
2026-01-14 05:29:59.898000+00:00,2026-01-14 05:15:00+00:00,continuous,95200.2,95236.8,94888.0,94994.9,272686389.0264015
2026-01-14 05:44:59.762000+00:00,2026-01-14 05:30:00+00:00,continuous,94994.9,95180.8,94911.1,94975.9,128357525.85130003
2026-01-14 05:59:59.913000+00:00,2026-01-14 05:45:00+00:00,continuous,94975.9,95098.2,94941.3,94963.1,77667072.37529989
2026-01-14 06:14:59.856000+00:00,2026-01-14 06:00:00+00:00,continuous,94963.1,94972.9,94559.5,94828.9,241246268.30580068
2026-01-14 06:29:59.999000+00:00,2026-01-14 06:15:00+00:00,continuous,94829.0,94843.5,94622.2,94656.9,115718881.12070051
2026-01-14 06:44:59.938000+00:00,2026-01-14 06:30:00+00:00,continuous,94656.9,94869.0,94413.4,94844.4,233212524.48099837
2026-01-14 06:59:59.920000+00:00,2026-01-14 06:45:00+00:00,continuous,94844.4,94986.8,94844.3,94984.8,125859375.86999986
2026-01-14 07:14:59.545000+00:00,2026-01-14 07:00:00+00:00,continuous,94984.7,95098.3,94859.9,95006.4,119602339.28469929
2026-01-14 07:29:59.948000+00:00,2026-01-14 07:15:00+00:00,continuous,95006.3,95146.4,94877.5,94894.9,117859122.9909994
2026-01-14 07:44:59.726000+00:00,2026-01-14 07:30:00+00:00,continuous,94894.9,95009.7,94812.0,94989.7,114649889.25129999
2026-01-14 07:59:59.511000+00:00,2026-01-14 07:45:00+00:00,continuous,94989.7,95226.7,94978.9,95166.6,123448403.20850031
2026-01-14 08:14:59.545000+00:00,2026-01-14 08:00:00+00:00,continuous,95166.6,95288.0,95134.0,95229.0,122826584.97399981
2026-01-14 08:29:59.729000+00:00,2026-01-14 08:15:00+00:00,continuous,95229.0,95249.0,95126.3,95132.3,44883887.48520008
2026-01-14 08:44:59.851000+00:00,2026-01-14 08:30:00+00:00,continuous,95132.3,95161.9,94908.3,94918.6,97157172.02729966
2026-01-14 08:59:59.885000+00:00,2026-01-14 08:45:00+00:00,continuous,94918.6,94945.5,94855.6,94866.3,66319532.87830008
2026-01-14 09:14:59.953000+00:00,2026-01-14 09:00:00+00:00,continuous,94866.2,95096.1,94841.3,95045.8,111062969.76109943
2026-01-14 09:29:59.757000+00:00,2026-01-14 09:15:00+00:00,continuous,95045.8,95152.1,95010.8,95033.0,93152992.8308001
2026-01-14 09:44:59.663000+00:00,2026-01-14 09:30:00+00:00,continuous,95033.1,95104.3,94953.1,94977.4,76517705.62810053
2026-01-14 09:59:59.995000+00:00,2026-01-14 09:45:00+00:00,continuous,94977.4,95070.1,94932.0,95051.6,48800659.631300345
2026-01-14 10:14:59.975000+00:00,2026-01-14 10:00:00+00:00,continuous,95051.5,95147.2,95025.2,95146.1,44307719.51789983
2026-01-14 10:29:59.899000+00:00,2026-01-14 10:15:00+00:00,continuous,95146.2,95256.8,94841.7,94996.6,160358667.66749957
2026-01-14 10:44:59.558000+00:00,2026-01-14 10:30:00+00:00,continuous,94996.6,95136.3,94866.1,95063.7,81518894.82200058
2026-01-14 10:59:59.669000+00:00,2026-01-14 10:45:00+00:00,continuous,95063.7,95150.0,95049.1,95050.1,74627457.9140999
2026-01-14 11:14:59.972000+00:00,2026-01-14 11:00:00+00:00,continuous,95050.0,95058.5,94850.1,94892.4,94008114.38190064
2026-01-14 11:29:58.471000+00:00,2026-01-14 11:15:00+00:00,continuous,94892.5,94971.1,94770.1,94936.4,102541935.61540015
2026-01-14 11:44:59.726000+00:00,2026-01-14 11:30:00+00:00,continuous,94936.4,94979.8,94880.2,94886.2,51144315.11989968
2026-01-14 11:59:59.832000+00:00,2026-01-14 11:45:00+00:00,continuous,94886.1,94905.1,94700.0,94763.6,88532318.91159958
2026-01-14 12:14:59.959000+00:00,2026-01-14 12:00:00+00:00,continuous,94763.7,94990.0,94643.0,94988.0,125643702.63880011
2026-01-14 12:29:59.590000+00:00,2026-01-14 12:15:00+00:00,continuous,94987.9,95095.3,94941.7,95043.0,66414186.139599994
2026-01-14 12:44:59.141000+00:00,2026-01-14 12:30:00+00:00,continuous,95043.0,95129.8,94995.8,95028.7,77410724.53849989
2026-01-14 12:59:58.715000+00:00,2026-01-14 12:45:00+00:00,continuous,95028.7,95058.3,95013.4,95041.5,44013637.397199914
2026-01-14 13:14:59.481000+00:00,2026-01-14 13:00:00+00:00,continuous,95041.5,95049.5,94901.0,94932.9,65637714.850899905
2026-01-14 13:29:59.968000+00:00,2026-01-14 13:15:00+00:00,continuous,94932.9,95213.6,94930.9,95152.9,127149960.38380058
2026-01-14 13:44:59.851000+00:00,2026-01-14 13:30:00+00:00,continuous,95152.8,95169.8,95008.0,95031.9,75736520.89119972
2026-01-14 13:59:59.573000+00:00,2026-01-14 13:45:00+00:00,continuous,95031.8,95056.7,94844.6,94964.3,70070442.29760005
2026-01-14 14:14:59.922000+00:00,2026-01-14 14:00:00+00:00,continuous,94964.3,95517.8,94944.6,95428.7,441959092.0405983
2026-01-14 14:29:59.902000+00:00,2026-01-14 14:15:00+00:00,continuous,95428.7,95773.7,95389.1,95583.8,359935035.3374992
2026-01-14 14:44:59.889000+00:00,2026-01-14 14:30:00+00:00,continuous,95583.8,95997.1,95310.0,95810.4,563773840.3715038
2026-01-14 14:59:59.957000+00:00,2026-01-14 14:45:00+00:00,continuous,95810.4,96780.0,95800.0,96449.0,1285744164.062918
2026-01-14 15:14:59.977000+00:00,2026-01-14 15:00:00+00:00,continuous,96449.0,97100.0,96129.8,96900.0,874338128.758197
2026-01-14 15:29:59.999000+00:00,2026-01-14 15:15:00+00:00,continuous,96900.0,96953.2,96666.6,96688.6,486767524.61200315
2026-01-14 15:44:59.967000+00:00,2026-01-14 15:30:00+00:00,continuous,96688.7,96900.0,96250.9,96366.4,481086620.4335993
2026-01-14 15:59:59.868000+00:00,2026-01-14 15:45:00+00:00,continuous,96366.3,96772.8,96234.0,96691.9,249353156.31030098
2026-01-14 16:14:59.989000+00:00,2026-01-14 16:00:00+00:00,continuous,96691.9,97438.6,96664.3,97329.9,606951226.0008991
2026-01-14 16:29:59.985000+00:00,2026-01-14 16:15:00+00:00,continuous,97329.8,97414.9,97036.3,97190.6,316260425.5548953
2026-01-14 16:44:59.959000+00:00,2026-01-14 16:30:00+00:00,continuous,97190.6,97496.9,96945.0,97454.4,407593379.6108006
2026-01-14 16:59:59.825000+00:00,2026-01-14 16:45:00+00:00,continuous,97454.5,97667.7,97066.0,97232.2,483662080.3917032
2026-01-14 17:14:59.954000+00:00,2026-01-14 17:00:00+00:00,continuous,97232.1,97666.1,97133.1,97602.1,272232536.7472019
2026-01-14 17:29:59.911000+00:00,2026-01-14 17:15:00+00:00,continuous,97602.1,97733.9,97450.0,97473.7,262462401.79100066
2026-01-14 17:44:59.877000+00:00,2026-01-14 17:30:00+00:00,continuous,97473.7,97473.7,96681.6,97105.2,551504007.0505025
2026-01-14 17:59:59.949000+00:00,2026-01-14 17:45:00+00:00,continuous,97105.1,97390.0,96838.2,96895.2,259604791.31679958
2026-01-14 18:14:59.965000+00:00,2026-01-14 18:00:00+00:00,continuous,96895.1,97040.6,96622.0,96706.5,208364555.8016998
2026-01-14 18:29:59.675000+00:00,2026-01-14 18:15:00+00:00,continuous,96706.4,96999.9,96538.8,96975.1,200879933.12759924
2026-01-14 18:44:59.739000+00:00,2026-01-14 18:30:00+00:00,continuous,96975.1,97065.8,96257.3,96326.9,331571224.0368987
2026-01-14 18:59:59.845000+00:00,2026-01-14 18:45:00+00:00,continuous,96326.8,96860.0,96180.0,96764.5,306538381.667599
2026-01-14 19:14:59.898000+00:00,2026-01-14 19:00:00+00:00,continuous,96764.5,96950.0,96631.9,96949.9,140917951.20900086
2026-01-14 19:29:59.793000+00:00,2026-01-14 19:15:00+00:00,continuous,96949.9,97561.5,96927.2,97515.7,488465549.4069045
2026-01-14 19:44:59.990000+00:00,2026-01-14 19:30:00+00:00,continuous,97515.8,97611.8,97071.3,97310.4,216906805.29059902
2026-01-14 19:59:59.859000+00:00,2026-01-14 19:45:00+00:00,continuous,97310.4,97471.5,97170.5,97221.8,79607653.07500003
2026-01-14 20:14:59.827000+00:00,2026-01-14 20:00:00+00:00,continuous,97221.8,97932.1,97157.4,97577.2,350593207.76799643
2026-01-14 20:29:59.937000+00:00,2026-01-14 20:15:00+00:00,continuous,97577.2,97590.7,97250.0,97296.9,123269505.27099942
2026-01-14 20:44:59.845000+00:00,2026-01-14 20:30:00+00:00,continuous,97296.9,97727.2,97278.9,97511.6,125274591.24580054
2026-01-14 20:59:59.813000+00:00,2026-01-14 20:45:00+00:00,continuous,97511.5,97625.3,97335.5,97606.0,139249044.24340004
2026-01-14 21:14:59.655000+00:00,2026-01-14 21:00:00+00:00,continuous,97606.0,97606.0,97384.0,97454.3,83910917.81349973
2026-01-14 21:29:59.184000+00:00,2026-01-14 21:15:00+00:00,continuous,97454.3,97559.8,97400.0,97527.9,53564635.602999866
2026-01-14 21:44:59.993000+00:00,2026-01-14 21:30:00+00:00,continuous,97527.9,97667.0,97442.6,97447.3,57191395.71940006
2026-01-14 21:59:59.319000+00:00,2026-01-14 21:45:00+00:00,continuous,97447.3,97560.9,97328.5,97515.0,98121329.6897001
2026-01-14 22:14:59.361000+00:00,2026-01-14 22:00:00+00:00,continuous,97515.0,97535.9,97244.1,97284.4,75583147.68860012
2026-01-14 22:29:59.942000+00:00,2026-01-14 22:15:00+00:00,continuous,97284.5,97442.4,97268.8,97272.0,53852288.62210015
2026-01-14 22:44:59.617000+00:00,2026-01-14 22:30:00+00:00,continuous,97272.1,97330.4,96848.0,96982.1,182464252.2859008
2026-01-14 22:59:59.754000+00:00,2026-01-14 22:45:00+00:00,continuous,96982.1,97250.8,96666.6,96825.5,164143926.8014015
2026-01-14 23:14:59.358000+00:00,2026-01-14 23:00:00+00:00,continuous,96825.6,97211.2,96825.6,97196.2,86441891.43450026
2026-01-14 23:29:59.871000+00:00,2026-01-14 23:15:00+00:00,continuous,97196.2,97331.4,96936.6,96942.1,83376586.32650018
2026-01-14 23:44:59.796000+00:00,2026-01-14 23:30:00+00:00,continuous,96942.1,97077.2,96805.7,97000.0,97915573.31520008
2026-01-14 23:59:59.698000+00:00,2026-01-14 23:45:00+00:00,continuous,96999.9,97040.0,96877.3,96907.9,58535706.96039995
2026-01-15 00:14:59.882000+00:00,2026-01-15 00:00:00+00:00,continuous,96908.0,96960.9,96726.6,96932.7,120780861.50850046
2026-01-15 00:29:59.848000+00:00,2026-01-15 00:15:00+00:00,continuous,96932.7,96952.5,96614.9,96684.3,76240547.09020033
2026-01-15 00:44:59.730000+00:00,2026-01-15 00:30:00+00:00,continuous,96684.3,96700.0,96450.0,96554.1,183969747.25389928
2026-01-15 00:59:59.861000+00:00,2026-01-15 00:45:00+00:00,continuous,96554.1,96634.0,96455.1,96613.3,89455714.37210009
2026-01-15 01:14:59.752000+00:00,2026-01-15 01:00:00+00:00,continuous,96613.3,96940.0,96613.3,96700.0,126206252.9875002
2026-01-15 01:29:59.988000+00:00,2026-01-15 01:15:00+00:00,continuous,96700.0,96724.9,96338.0,96351.5,110208697.74920012
2026-01-15 01:44:59.622000+00:00,2026-01-15 01:30:00+00:00,continuous,96350.2,96547.9,96257.0,96441.2,127201572.00559953
2026-01-15 01:59:59.842000+00:00,2026-01-15 01:45:00+00:00,continuous,96441.2,96514.3,96350.0,96400.1,58224994.72989975
2026-01-15 02:14:59.793000+00:00,2026-01-15 02:00:00+00:00,continuous,96400.0,96553.0,96336.0,96339.6,60993824.19920004
2026-01-15 02:29:59.653000+00:00,2026-01-15 02:15:00+00:00,continuous,96339.6,96553.0,96332.8,96490.0,55310119.36859978
2026-01-15 02:44:59.716000+00:00,2026-01-15 02:30:00+00:00,continuous,96490.1,96574.8,96043.4,96284.0,199886367.6177998
2026-01-15 02:59:59.974000+00:00,2026-01-15 02:45:00+00:00,continuous,96284.0,96302.4,96109.9,96297.3,81211441.58840014
2026-01-15 03:14:59.930000+00:00,2026-01-15 03:00:00+00:00,continuous,96297.2,96358.9,96155.5,96234.9,79096724.45830023
2026-01-15 03:29:59.873000+00:00,2026-01-15 03:15:00+00:00,continuous,96234.8,96342.9,95868.3,95868.3,201036510.7954997
2026-01-15 03:44:59.655000+00:00,2026-01-15 03:30:00+00:00,continuous,95868.3,96064.5,95733.1,95864.1,222656410.41390115
2026-01-15 03:59:59.940000+00:00,2026-01-15 03:45:00+00:00,continuous,95864.0,95986.8,95792.8,95943.1,106704743.18759984
2026-01-15 04:14:59.107000+00:00,2026-01-15 04:00:00+00:00,continuous,95943.1,96088.0,95909.1,96032.7,94861586.9512001
2026-01-15 04:29:59.885000+00:00,2026-01-15 04:15:00+00:00,continuous,96032.6,96349.6,95971.7,96197.3,164758113.12129983
2026-01-15 04:44:59.761000+00:00,2026-01-15 04:30:00+00:00,continuous,96197.3,96268.4,96129.0,96196.9,73800844.20739976
2026-01-15 04:59:59.921000+00:00,2026-01-15 04:45:00+00:00,continuous,96196.8,96289.1,96108.1,96273.3,81539593.51899953
2026-01-15 05:14:59.946000+00:00,2026-01-15 05:00:00+00:00,continuous,96273.4,96460.4,96216.8,96217.7,144693106.40309918
2026-01-15 05:29:59.409000+00:00,2026-01-15 05:15:00+00:00,continuous,96217.7,96374.4,96196.6,96200.5,80447322.52279983
2026-01-15 05:44:59.908000+00:00,2026-01-15 05:30:00+00:00,continuous,96200.5,96400.0,96190.0,96395.7,81322114.81630011
2026-01-15 05:59:59.927000+00:00,2026-01-15 05:45:00+00:00,continuous,96395.8,96485.6,96342.7,96372.5,110020657.90719986
2026-01-15 06:14:59.997000+00:00,2026-01-15 06:00:00+00:00,continuous,96372.6,96473.9,96325.7,96404.7,87471309.38760003
2026-01-15 06:29:59.862000+00:00,2026-01-15 06:15:00+00:00,continuous,96404.6,96533.0,96289.5,96451.4,128390138.38859706
2026-01-15 06:44:59.911000+00:00,2026-01-15 06:30:00+00:00,continuous,96451.4,96475.6,96152.7,96156.9,117231286.44559956
2026-01-15 06:59:59.933000+00:00,2026-01-15 06:45:00+00:00,continuous,96156.9,96307.0,96123.4,96195.2,92826114.12109971
2026-01-15 07:14:59.852000+00:00,2026-01-15 07:00:00+00:00,continuous,96195.2,96278.2,96133.7,96156.9,66156915.77800001
2026-01-15 07:29:59.727000+00:00,2026-01-15 07:15:00+00:00,continuous,96156.9,96450.0,96150.0,96432.7,98591631.85709979
2026-01-15 07:44:59.732000+00:00,2026-01-15 07:30:00+00:00,continuous,96432.8,96744.2,96408.0,96549.8,200079895.00120017
2026-01-15 07:59:59.904000+00:00,2026-01-15 07:45:00+00:00,continuous,96549.9,96638.7,96473.0,96601.2,104978540.71860023
2026-01-15 08:14:59.817000+00:00,2026-01-15 08:00:00+00:00,continuous,96601.2,96610.5,96405.6,96437.2,108397905.24230033
2026-01-15 08:29:59.991000+00:00,2026-01-15 08:15:00+00:00,continuous,96437.2,96529.0,96321.3,96324.1,59216755.04679998
2026-01-15 08:44:59.191000+00:00,2026-01-15 08:30:00+00:00,continuous,96324.2,96408.0,96243.8,96392.8,64570702.25459964
2026-01-15 08:59:59.902000+00:00,2026-01-15 08:45:00+00:00,continuous,96392.9,96645.2,96392.9,96596.2,70721976.16059998
2026-01-15 09:14:59.936000+00:00,2026-01-15 09:00:00+00:00,continuous,96596.1,96656.0,96538.1,96538.5,62077132.76470013
2026-01-15 09:29:59.739000+00:00,2026-01-15 09:15:00+00:00,continuous,96538.4,96784.3,96508.1,96700.3,90797335.19989944
2026-01-15 09:44:59.794000+00:00,2026-01-15 09:30:00+00:00,continuous,96700.4,97065.0,96655.4,97027.7,235062479.83420017
2026-01-15 09:59:59.932000+00:00,2026-01-15 09:45:00+00:00,continuous,97027.7,97155.0,96924.5,96993.8,192264838.86110085
2026-01-15 10:14:59.801000+00:00,2026-01-15 10:00:00+00:00,continuous,96993.9,97020.0,96806.4,96814.4,142050033.4218004
2026-01-15 10:29:59.845000+00:00,2026-01-15 10:15:00+00:00,continuous,96814.3,96883.2,96727.5,96743.3,87927105.30750002
2026-01-15 10:44:59.451000+00:00,2026-01-15 10:30:00+00:00,continuous,96743.3,96791.1,96686.0,96728.6,61334989.95529965
2026-01-15 10:59:59.617000+00:00,2026-01-15 10:45:00+00:00,continuous,96728.5,96822.4,96725.3,96763.2,48428580.28800001
2026-01-15 11:14:59.782000+00:00,2026-01-15 11:00:00+00:00,continuous,96763.1,96812.9,96673.1,96703.1,49033025.190800056
2026-01-15 11:29:59.998000+00:00,2026-01-15 11:15:00+00:00,continuous,96703.0,96827.8,96667.0,96827.8,52145642.38230003
2026-01-15 11:44:59.637000+00:00,2026-01-15 11:30:00+00:00,continuous,96827.8,96884.3,96622.6,96640.0,90485606.65260035
2026-01-15 11:59:59.727000+00:00,2026-01-15 11:45:00+00:00,continuous,96639.9,96671.3,96532.9,96548.9,83669652.04949987
2026-01-15 12:14:59.879000+00:00,2026-01-15 12:00:00+00:00,continuous,96548.9,96659.2,96471.1,96642.8,85340329.06100067
2026-01-15 12:29:59.976000+00:00,2026-01-15 12:15:00+00:00,continuous,96642.8,96650.9,96506.7,96593.6,49917445.53880001
2026-01-15 12:44:59.851000+00:00,2026-01-15 12:30:00+00:00,continuous,96593.6,96746.9,96557.0,96700.0,59075255.32729986
2026-01-15 12:59:59.937000+00:00,2026-01-15 12:45:00+00:00,continuous,96700.0,96963.3,96692.1,96931.3,128013248.74390022
2026-01-15 13:14:59.704000+00:00,2026-01-15 13:00:00+00:00,continuous,96931.3,96950.5,96809.5,96817.3,65445270.51010018
2026-01-15 13:29:59.918000+00:00,2026-01-15 13:15:00+00:00,continuous,96817.3,96947.5,96817.3,96880.9,75898878.20850043
2026-01-15 13:44:59.750000+00:00,2026-01-15 13:30:00+00:00,continuous,96880.8,96896.2,96562.5,96730.9,123870873.17440057
2026-01-15 13:59:59.914000+00:00,2026-01-15 13:45:00+00:00,continuous,96731.0,96988.0,96731.0,96801.0,87181453.73999949
2026-01-15 14:14:59.983000+00:00,2026-01-15 14:00:00+00:00,continuous,96800.9,97100.0,96800.9,97081.7,128935465.98790005
2026-01-15 14:29:59.905000+00:00,2026-01-15 14:15:00+00:00,continuous,97081.6,97100.0,96671.5,96740.0,124494207.6360991
2026-01-15 14:44:59.992000+00:00,2026-01-15 14:30:00+00:00,continuous,96739.9,96858.7,95765.6,95780.0,692111080.1149082
2026-01-15 14:59:59.967000+00:00,2026-01-15 14:45:00+00:00,continuous,95780.4,96379.2,95550.0,96013.6,733942359.9311
2026-01-15 15:14:59.722000+00:00,2026-01-15 15:00:00+00:00,continuous,96013.6,96350.0,95852.4,96208.5,270380619.4941001
2026-01-15 15:29:59.826000+00:00,2026-01-15 15:15:00+00:00,continuous,96208.5,96405.1,95779.8,95844.2,278715027.56590205
2026-01-15 15:44:59.644000+00:00,2026-01-15 15:30:00+00:00,continuous,95844.1,96038.2,95521.3,95831.8,316298697.4120005
2026-01-15 15:59:59.983000+00:00,2026-01-15 15:45:00+00:00,continuous,95831.7,96833.0,95403.7,96717.3,1167471413.6000016
2026-01-15 16:14:59.933000+00:00,2026-01-15 16:00:00+00:00,continuous,96717.2,97000.0,96225.7,96330.1,664190296.3152043
2026-01-15 16:29:59.845000+00:00,2026-01-15 16:15:00+00:00,continuous,96330.0,96571.2,96288.0,96377.7,158868219.98679927
2026-01-15 16:44:59.906000+00:00,2026-01-15 16:30:00+00:00,continuous,96377.6,96850.0,96320.0,96745.8,139521467.5137003
2026-01-15 16:59:59.856000+00:00,2026-01-15 16:45:00+00:00,continuous,96745.7,96808.4,96553.0,96684.7,107583373.44370121
2026-01-15 17:14:59.796000+00:00,2026-01-15 17:00:00+00:00,continuous,96684.7,96805.0,96389.2,96448.2,118346460.51860054
2026-01-15 17:29:59.957000+00:00,2026-01-15 17:15:00+00:00,continuous,96448.2,96685.0,96368.0,96684.9,69808228.56839964
2026-01-15 17:44:59.859000+00:00,2026-01-15 17:30:00+00:00,continuous,96685.0,97047.6,96607.7,96896.4,200431594.89359924
2026-01-15 17:59:59.874000+00:00,2026-01-15 17:45:00+00:00,continuous,96896.4,97027.7,96538.7,96587.4,168096174.38280115
2026-01-15 18:14:59.665000+00:00,2026-01-15 18:00:00+00:00,continuous,96587.4,96592.6,96077.0,96206.7,343088206.5304969
2026-01-15 18:29:59.806000+00:00,2026-01-15 18:15:00+00:00,continuous,96206.8,96240.7,96006.0,96143.1,151077915.0419014
2026-01-15 18:44:59.877000+00:00,2026-01-15 18:30:00+00:00,continuous,96143.1,96212.3,95700.0,95994.8,245761681.2774018
2026-01-15 18:59:59.784000+00:00,2026-01-15 18:45:00+00:00,continuous,95994.7,95996.2,95785.0,95806.9,146946694.2835984
2026-01-15 19:14:59.747000+00:00,2026-01-15 19:00:00+00:00,continuous,95806.8,95901.6,95526.3,95753.1,273343818.7462993
2026-01-15 19:29:59.913000+00:00,2026-01-15 19:15:00+00:00,continuous,95753.0,95864.7,95407.5,95474.6,253276902.79809913
2026-01-15 19:44:59.534000+00:00,2026-01-15 19:30:00+00:00,continuous,95474.6,95546.0,95080.0,95359.0,442022756.37060046
2026-01-15 19:59:59.984000+00:00,2026-01-15 19:45:00+00:00,continuous,95358.9,95678.4,95334.1,95469.2,141965568.2846001
2026-01-15 20:14:59.243000+00:00,2026-01-15 20:00:00+00:00,continuous,95469.1,95623.8,95395.4,95501.9,105502321.83590037
2026-01-15 20:29:59.948000+00:00,2026-01-15 20:15:00+00:00,continuous,95502.0,95543.1,95124.1,95169.0,139151145.69820017
2026-01-15 20:44:59.061000+00:00,2026-01-15 20:30:00+00:00,continuous,95168.9,95366.8,95089.0,95230.9,130213978.21020071
2026-01-15 20:59:59.610000+00:00,2026-01-15 20:45:00+00:00,continuous,95231.0,95282.2,95100.3,95220.7,107080470.89720032
2026-01-15 21:14:59.926000+00:00,2026-01-15 21:00:00+00:00,continuous,95220.8,95429.4,95145.1,95291.7,89178465.7423998
2026-01-15 21:29:59.755000+00:00,2026-01-15 21:15:00+00:00,continuous,95291.8,95454.0,95289.2,95406.2,42326445.28109977
2026-01-15 21:44:59.904000+00:00,2026-01-15 21:30:00+00:00,continuous,95406.2,95478.9,95356.0,95453.9,41609908.430200145
2026-01-15 21:59:59.559000+00:00,2026-01-15 21:45:00+00:00,continuous,95453.9,95600.0,95453.9,95545.3,70632514.67729999
2026-01-15 22:14:59.793000+00:00,2026-01-15 22:00:00+00:00,continuous,95545.3,95699.3,95452.4,95521.5,59062910.31020026
2026-01-15 22:29:59.981000+00:00,2026-01-15 22:15:00+00:00,continuous,95521.6,95717.1,95447.6,95665.4,48773204.612399995
2026-01-15 22:44:59.942000+00:00,2026-01-15 22:30:00+00:00,continuous,95665.4,95837.8,95618.0,95626.3,73178920.9779998
2026-01-15 22:59:59.521000+00:00,2026-01-15 22:45:00+00:00,continuous,95626.3,95676.8,95512.5,95536.3,36383722.78659995
2026-01-15 23:14:59.733000+00:00,2026-01-15 23:00:00+00:00,continuous,95536.3,95611.6,95362.6,95559.3,109415391.27929962
2026-01-15 23:29:59.884000+00:00,2026-01-15 23:15:00+00:00,continuous,95559.2,95688.9,95483.2,95522.7,86272969.80230007
2026-01-15 23:44:59.388000+00:00,2026-01-15 23:30:00+00:00,continuous,95522.8,95522.8,95417.3,95473.9,40882569.11420015
2026-01-15 23:59:59.561000+00:00,2026-01-15 23:45:00+00:00,continuous,95474.0,95593.5,95474.0,95567.3,39153887.111599974
2026-01-16 00:14:58.918000+00:00,2026-01-16 00:00:00+00:00,continuous,95567.4,95705.9,95526.6,95629.0,82093367.61209984
2026-01-16 00:29:59.121000+00:00,2026-01-16 00:15:00+00:00,continuous,95629.0,95728.1,95585.5,95651.8,54467066.542499885
2026-01-16 00:44:59.829000+00:00,2026-01-16 00:30:00+00:00,continuous,95651.8,95788.4,95633.3,95766.4,55663235.249199785
2026-01-16 00:59:59.789000+00:00,2026-01-16 00:45:00+00:00,continuous,95766.3,95766.6,95563.5,95589.6,51391862.31590023
2026-01-16 01:14:59.758000+00:00,2026-01-16 01:00:00+00:00,continuous,95589.6,95589.7,95380.0,95440.3,95248287.96360016
2026-01-16 01:29:59.755000+00:00,2026-01-16 01:15:00+00:00,continuous,95440.3,95620.8,95421.6,95614.2,48758553.492800064
2026-01-16 01:44:59.788000+00:00,2026-01-16 01:30:00+00:00,continuous,95614.3,95825.0,95599.9,95609.3,80094388.32100031
2026-01-16 01:59:59.545000+00:00,2026-01-16 01:45:00+00:00,continuous,95609.3,95728.1,95609.2,95623.7,28980337.593900196
2026-01-16 02:14:59.344000+00:00,2026-01-16 02:00:00+00:00,continuous,95623.7,95623.7,95400.0,95423.4,80596363.46629955
2026-01-16 02:29:59.691000+00:00,2026-01-16 02:15:00+00:00,continuous,95423.4,95648.6,95350.0,95636.1,100139964.14949973
2026-01-16 02:44:59.532000+00:00,2026-01-16 02:30:00+00:00,continuous,95636.1,95639.4,95399.8,95449.8,50071365.636500284
2026-01-16 02:59:59.762000+00:00,2026-01-16 02:45:00+00:00,continuous,95449.8,95516.3,95443.7,95469.5,35693401.4042
2026-01-16 03:14:59.868000+00:00,2026-01-16 03:00:00+00:00,continuous,95469.4,95550.0,95469.4,95540.1,31448181.59819997
2026-01-16 03:29:58.678000+00:00,2026-01-16 03:15:00+00:00,continuous,95540.1,95540.2,95452.8,95462.8,27170084.261099964
2026-01-16 03:44:59.841000+00:00,2026-01-16 03:30:00+00:00,continuous,95462.8,95462.9,95355.0,95407.0,40268601.81880038
2026-01-16 03:59:59.941000+00:00,2026-01-16 03:45:00+00:00,continuous,95407.0,95407.0,95279.8,95319.6,51444232.196300425
2026-01-16 04:14:58.033000+00:00,2026-01-16 04:00:00+00:00,continuous,95319.6,95412.8,95301.5,95396.4,44020660.444799885
2026-01-16 04:29:59.817000+00:00,2026-01-16 04:15:00+00:00,continuous,95396.4,95546.6,95342.0,95360.1,96286936.42989977
2026-01-16 04:44:59.903000+00:00,2026-01-16 04:30:00+00:00,continuous,95360.0,95411.6,95151.0,95194.4,140072698.4843
2026-01-16 04:59:59.726000+00:00,2026-01-16 04:45:00+00:00,continuous,95194.5,95250.0,95111.1,95233.4,114506474.81190003
2026-01-16 05:14:59.647000+00:00,2026-01-16 05:00:00+00:00,continuous,95233.4,95409.4,95211.0,95363.6,79867688.83500023
2026-01-16 05:29:59.959000+00:00,2026-01-16 05:15:00+00:00,continuous,95363.6,95393.6,95223.9,95265.0,63098288.30389996
2026-01-16 05:44:59.575000+00:00,2026-01-16 05:30:00+00:00,continuous,95265.0,95624.5,95255.7,95552.3,120718427.03760035
2026-01-16 05:59:59.879000+00:00,2026-01-16 05:45:00+00:00,continuous,95552.3,95654.4,95529.0,95615.9,125325429.93730086
2026-01-16 06:14:59.417000+00:00,2026-01-16 06:00:00+00:00,continuous,95615.9,95790.0,95547.6,95570.7,147631175.77029926
2026-01-16 06:29:59.677000+00:00,2026-01-16 06:15:00+00:00,continuous,95570.7,95651.1,95480.5,95620.5,57518718.655099906
2026-01-16 06:44:58.898000+00:00,2026-01-16 06:30:00+00:00,continuous,95620.4,95700.0,95592.5,95649.9,49074573.03549991
2026-01-16 06:59:59.767000+00:00,2026-01-16 06:45:00+00:00,continuous,95650.0,95720.1,95625.3,95702.5,59488484.255299866
2026-01-16 07:14:59.044000+00:00,2026-01-16 07:00:00+00:00,continuous,95702.5,95750.0,95652.3,95652.3,41224461.25579996
2026-01-16 07:29:59.928000+00:00,2026-01-16 07:15:00+00:00,continuous,95652.3,95652.3,95527.0,95547.9,45175617.7738001
2026-01-16 07:44:59.750000+00:00,2026-01-16 07:30:00+00:00,continuous,95547.9,95548.0,95432.6,95449.9,91570246.90350047
2026-01-16 07:59:59.774000+00:00,2026-01-16 07:45:00+00:00,continuous,95449.9,95633.9,95449.9,95608.4,71266721.92440012
2026-01-16 08:14:59.947000+00:00,2026-01-16 08:00:00+00:00,continuous,95608.4,95675.0,95526.2,95668.1,52344229.044499926
2026-01-16 08:29:59.978000+00:00,2026-01-16 08:15:00+00:00,continuous,95668.0,95787.4,95637.1,95767.2,60692079.80779998
2026-01-16 08:44:59.575000+00:00,2026-01-16 08:30:00+00:00,continuous,95767.2,95805.0,95622.4,95735.3,69185460.26530005
2026-01-16 08:59:59.257000+00:00,2026-01-16 08:45:00+00:00,continuous,95735.3,95738.5,95622.9,95628.3,51433477.173300214
2026-01-16 09:14:59.754000+00:00,2026-01-16 09:00:00+00:00,continuous,95628.4,95741.0,95614.7,95645.2,41030617.28830001
2026-01-16 09:29:59.592000+00:00,2026-01-16 09:15:00+00:00,continuous,95645.1,95681.0,95542.4,95681.0,48902440.1833998
2026-01-16 09:44:56.705000+00:00,2026-01-16 09:30:00+00:00,continuous,95680.9,95691.8,95596.2,95617.0,30680081.77459985
2026-01-16 09:59:59.920000+00:00,2026-01-16 09:45:00+00:00,continuous,95617.0,95623.9,95550.0,95568.1,31589591.66129994
2026-01-16 10:14:59.070000+00:00,2026-01-16 10:00:00+00:00,continuous,95568.1,95586.4,95442.9,95521.5,52601107.54040055
2026-01-16 10:29:59.774000+00:00,2026-01-16 10:15:00+00:00,continuous,95521.5,95521.6,95376.3,95382.2,63250937.73359978
2026-01-16 10:44:59.829000+00:00,2026-01-16 10:30:00+00:00,continuous,95382.2,95390.4,95278.0,95342.4,83820791.25070019
2026-01-16 10:59:59.988000+00:00,2026-01-16 10:45:00+00:00,continuous,95342.5,95376.4,95254.0,95272.6,70895453.15640062
2026-01-16 11:14:59.609000+00:00,2026-01-16 11:00:00+00:00,continuous,95272.5,95343.5,95210.5,95267.8,76694878.1775998
2026-01-16 11:29:59.811000+00:00,2026-01-16 11:15:00+00:00,continuous,95267.8,95338.9,95212.8,95313.6,70318650.56620038
2026-01-16 11:44:59.698000+00:00,2026-01-16 11:30:00+00:00,continuous,95313.6,95375.0,95266.0,95266.1,56786623.69600001
2026-01-16 11:59:59.990000+00:00,2026-01-16 11:45:00+00:00,continuous,95266.0,95436.0,95256.5,95382.6,64330147.677599765
2026-01-16 12:14:59.238000+00:00,2026-01-16 12:00:00+00:00,continuous,95382.5,95449.0,95365.8,95432.9,51850263.36760037
2026-01-16 12:29:59.610000+00:00,2026-01-16 12:15:00+00:00,continuous,95432.8,95536.8,95422.9,95530.8,67644640.75770015
2026-01-16 12:44:59.865000+00:00,2026-01-16 12:30:00+00:00,continuous,95530.8,95530.8,95389.3,95453.7,65624930.68940001
2026-01-16 12:59:59.061000+00:00,2026-01-16 12:45:00+00:00,continuous,95453.6,95470.0,95313.4,95414.6,40126867.49439982
2026-01-16 13:14:59.025000+00:00,2026-01-16 13:00:00+00:00,continuous,95414.6,95493.3,95348.8,95492.2,46079602.25320012
2026-01-16 13:29:59.670000+00:00,2026-01-16 13:15:00+00:00,continuous,95492.2,95519.4,95430.9,95474.0,37750857.660900004
2026-01-16 13:44:59.891000+00:00,2026-01-16 13:30:00+00:00,continuous,95473.9,95537.9,95238.0,95371.0,97162971.63300002
2026-01-16 13:59:59.460000+00:00,2026-01-16 13:45:00+00:00,continuous,95371.0,95444.0,95353.1,95400.2,35402171.02459987
2026-01-16 14:14:59.023000+00:00,2026-01-16 14:00:00+00:00,continuous,95400.1,95521.7,95387.3,95404.6,38977436.34749999
2026-01-16 14:29:59.989000+00:00,2026-01-16 14:15:00+00:00,continuous,95404.5,95669.7,95301.4,95669.7,92186975.39310028
2026-01-16 14:44:59.868000+00:00,2026-01-16 14:30:00+00:00,continuous,95669.6,95763.0,95170.0,95170.0,302642667.1268981
2026-01-16 14:59:59.934000+00:00,2026-01-16 14:45:00+00:00,continuous,95170.0,95452.3,95130.0,95137.0,207299920.37380004
2026-01-16 15:14:59.702000+00:00,2026-01-16 15:00:00+00:00,continuous,95137.0,95658.8,95005.3,95534.8,403372979.2972989
2026-01-16 15:29:59.966000+00:00,2026-01-16 15:15:00+00:00,continuous,95534.7,95555.0,94637.7,94673.2,763512583.3732009
2026-01-16 15:44:59.866000+00:00,2026-01-16 15:30:00+00:00,continuous,94673.3,94780.7,94333.1,94489.4,847966043.5689031
2026-01-16 15:59:59.890000+00:00,2026-01-16 15:45:00+00:00,continuous,94489.4,94633.8,94234.5,94537.5,465103719.5015994
2026-01-16 16:14:59.886000+00:00,2026-01-16 16:00:00+00:00,continuous,94537.6,94825.0,94454.5,94760.0,357283313.5038997
2026-01-16 16:29:59.860000+00:00,2026-01-16 16:15:00+00:00,continuous,94760.1,94900.0,94550.0,94826.5,174049189.982999
2026-01-16 16:44:59.714000+00:00,2026-01-16 16:30:00+00:00,continuous,94826.5,94928.5,94644.9,94850.1,109967080.25750044
2026-01-16 16:59:59.669000+00:00,2026-01-16 16:45:00+00:00,continuous,94850.0,94950.0,94730.4,94826.6,89766624.19880004
2026-01-16 17:14:59.988000+00:00,2026-01-16 17:00:00+00:00,continuous,94826.5,94826.6,94611.3,94755.0,66646246.993400164
2026-01-16 17:29:59.201000+00:00,2026-01-16 17:15:00+00:00,continuous,94755.1,94876.6,94502.8,94719.0,106453548.31730008
2026-01-16 17:44:59.888000+00:00,2026-01-16 17:30:00+00:00,continuous,94719.1,94892.8,94698.6,94892.8,79459124.39350016
2026-01-16 17:59:59.924000+00:00,2026-01-16 17:45:00+00:00,continuous,94892.8,95095.4,94741.9,95041.6,119624358.45819974
2026-01-16 18:14:59.904000+00:00,2026-01-16 18:00:00+00:00,continuous,95041.7,95191.8,95004.9,95015.9,154328224.4576999
2026-01-16 18:29:59.871000+00:00,2026-01-16 18:15:00+00:00,continuous,95015.8,95180.4,94974.4,95165.4,74014217.83739978
2026-01-16 18:44:59.734000+00:00,2026-01-16 18:30:00+00:00,continuous,95165.4,95175.0,95067.2,95098.6,64170448.629199915
2026-01-16 18:59:59.666000+00:00,2026-01-16 18:45:00+00:00,continuous,95098.7,95149.4,94931.0,94966.6,59220753.87289996
2026-01-16 19:14:59.556000+00:00,2026-01-16 19:00:00+00:00,continuous,94966.7,94985.2,94877.4,94937.5,49221015.65199955
2026-01-16 19:29:59.853000+00:00,2026-01-16 19:15:00+00:00,continuous,94937.4,94957.1,94793.1,94818.4,57272432.81360019
2026-01-16 19:44:59.577000+00:00,2026-01-16 19:30:00+00:00,continuous,94818.4,95018.3,94818.3,94899.9,40929494.454799704
2026-01-16 19:59:59.792000+00:00,2026-01-16 19:45:00+00:00,continuous,94899.9,94999.0,94899.2,94961.0,23874433.333400022
2026-01-16 20:14:59.958000+00:00,2026-01-16 20:00:00+00:00,continuous,94961.0,94961.0,94630.0,94842.1,88941320.27510016
2026-01-16 20:29:59.956000+00:00,2026-01-16 20:15:00+00:00,continuous,94842.1,95108.1,94812.1,95083.9,89336712.17479995
2026-01-16 20:44:59.825000+00:00,2026-01-16 20:30:00+00:00,continuous,95084.0,95220.9,95047.8,95200.5,87664527.29139997
2026-01-16 20:59:59.992000+00:00,2026-01-16 20:45:00+00:00,continuous,95200.5,95527.4,95150.2,95517.1,290915827.4416001
2026-01-16 21:14:59.683000+00:00,2026-01-16 21:00:00+00:00,continuous,95517.2,95550.0,95363.8,95363.8,150506036.60959974
2026-01-16 21:29:59.697000+00:00,2026-01-16 21:15:00+00:00,continuous,95363.8,95415.6,95300.1,95375.4,52668461.15719957
2026-01-16 21:44:59.683000+00:00,2026-01-16 21:30:00+00:00,continuous,95375.3,95525.6,95323.3,95496.5,63267568.904999964
2026-01-16 21:59:59.173000+00:00,2026-01-16 21:45:00+00:00,continuous,95496.5,95515.3,95414.1,95469.6,41700257.43349983
2026-01-16 22:14:59.538000+00:00,2026-01-16 22:00:00+00:00,continuous,95469.6,95535.6,95193.9,95331.1,75958918.65170005
2026-01-16 22:29:59.779000+00:00,2026-01-16 22:15:00+00:00,continuous,95331.1,95412.7,95270.0,95325.1,46804782.94170001
2026-01-16 22:44:59.772000+00:00,2026-01-16 22:30:00+00:00,continuous,95325.0,95400.8,95202.0,95371.4,73816970.18050008
2026-01-16 22:59:59.671000+00:00,2026-01-16 22:45:00+00:00,continuous,95371.5,95477.0,95264.8,95473.6,37945251.28939997
2026-01-16 23:14:59.725000+00:00,2026-01-16 23:00:00+00:00,continuous,95473.5,95485.6,95380.0,95481.7,45192376.74470011
2026-01-16 23:29:59.656000+00:00,2026-01-16 23:15:00+00:00,continuous,95481.8,95530.1,95429.4,95502.4,52542910.79009999
2026-01-16 23:44:59.227000+00:00,2026-01-16 23:30:00+00:00,continuous,95502.4,95526.7,95400.5,95414.2,33406831.02930001
2026-01-16 23:59:59.337000+00:00,2026-01-16 23:45:00+00:00,continuous,95414.3,95536.2,95414.3,95503.7,27197425.05650001
2026-01-17 00:14:59.762000+00:00,2026-01-17 00:00:00+00:00,continuous,95503.8,95536.9,95467.3,95489.7,46874704.35149998
2026-01-17 00:29:59.561000+00:00,2026-01-17 00:15:00+00:00,continuous,95489.7,95520.0,95428.3,95428.4,36467720.66350006
2026-01-17 00:44:59.490000+00:00,2026-01-17 00:30:00+00:00,continuous,95428.4,95485.8,95380.4,95414.3,29591256.05030001
2026-01-17 00:59:59.705000+00:00,2026-01-17 00:45:00+00:00,continuous,95414.3,95483.5,95401.5,95416.9,26616340.22030007
2026-01-17 01:14:59.468000+00:00,2026-01-17 01:00:00+00:00,continuous,95416.8,95487.9,95388.7,95410.8,42621551.7124999
2026-01-17 01:29:59.891000+00:00,2026-01-17 01:15:00+00:00,continuous,95410.8,95453.4,95410.8,95425.7,12536390.05099999
2026-01-17 01:44:59.771000+00:00,2026-01-17 01:30:00+00:00,continuous,95425.7,95446.1,95340.1,95345.0,31257573.509800017
2026-01-17 01:59:57.290000+00:00,2026-01-17 01:45:00+00:00,continuous,95345.0,95375.0,95332.8,95344.2,23495728.24520004
2026-01-17 02:14:59.933000+00:00,2026-01-17 02:00:00+00:00,continuous,95344.1,95372.8,95227.2,95238.4,81633488.14189951
2026-01-17 02:29:59.256000+00:00,2026-01-17 02:15:00+00:00,continuous,95238.5,95250.0,95205.3,95248.6,29843356.860200047
2026-01-17 02:44:59.270000+00:00,2026-01-17 02:30:00+00:00,continuous,95248.5,95323.0,95136.2,95263.4,51844175.14759984
2026-01-17 02:59:58.984000+00:00,2026-01-17 02:45:00+00:00,continuous,95263.5,95349.2,95223.4,95318.9,21885171.76170004
2026-01-17 03:14:56.828000+00:00,2026-01-17 03:00:00+00:00,continuous,95318.8,95329.0,95265.1,95265.2,18656732.293500017
2026-01-17 03:29:58.076000+00:00,2026-01-17 03:15:00+00:00,continuous,95265.1,95286.9,95249.9,95286.8,16919570.854099978
2026-01-17 03:44:59.212000+00:00,2026-01-17 03:30:00+00:00,continuous,95286.8,95297.0,95220.6,95297.0,18792051.341599997
2026-01-17 03:59:59.947000+00:00,2026-01-17 03:45:00+00:00,continuous,95297.0,95344.2,95214.9,95324.0,37692721.71550004
2026-01-17 04:14:59.291000+00:00,2026-01-17 04:00:00+00:00,continuous,95324.1,95326.1,95272.0,95278.3,13614951.005199954
2026-01-17 04:29:59.414000+00:00,2026-01-17 04:15:00+00:00,continuous,95278.3,95292.0,95209.2,95289.0,20466504.395899992
2026-01-17 04:44:59.031000+00:00,2026-01-17 04:30:00+00:00,continuous,95289.0,95301.8,95226.1,95296.3,28191731.147999987
2026-01-17 04:59:59.176000+00:00,2026-01-17 04:45:00+00:00,continuous,95296.2,95319.2,95235.7,95267.4,38377149.626899764
2026-01-17 05:14:59.965000+00:00,2026-01-17 05:00:00+00:00,continuous,95267.4,95346.1,95230.0,95239.3,44443725.557000004
2026-01-17 05:29:59.728000+00:00,2026-01-17 05:15:00+00:00,continuous,95239.4,95290.2,95239.3,95277.4,15658454.615100034
2026-01-17 05:44:59.980000+00:00,2026-01-17 05:30:00+00:00,continuous,95277.4,95279.5,95245.8,95262.0,13308424.308700025
2026-01-17 05:59:59.909000+00:00,2026-01-17 05:45:00+00:00,continuous,95261.9,95280.4,95246.7,95270.5,14541006.8795
2026-01-17 06:14:59.492000+00:00,2026-01-17 06:00:00+00:00,continuous,95270.4,95270.5,95133.0,95194.2,33120034.92360008
2026-01-17 06:29:59.477000+00:00,2026-01-17 06:15:00+00:00,continuous,95194.2,95194.2,95161.6,95174.5,17782115.16110002
2026-01-17 06:44:59.244000+00:00,2026-01-17 06:30:00+00:00,continuous,95174.5,95302.9,95174.4,95222.1,23918791.74279988
2026-01-17 06:59:59.728000+00:00,2026-01-17 06:45:00+00:00,continuous,95222.0,95222.1,95180.8,95191.0,10671916.62779999
2026-01-17 07:14:59.703000+00:00,2026-01-17 07:00:00+00:00,continuous,95190.9,95190.9,95043.4,95086.6,77693801.56700046
2026-01-17 07:29:58.730000+00:00,2026-01-17 07:15:00+00:00,continuous,95086.6,95154.3,95070.6,95134.1,20638235.051500052
2026-01-17 07:44:59.233000+00:00,2026-01-17 07:30:00+00:00,continuous,95134.0,95147.8,95102.2,95105.9,10513952.616199974
2026-01-17 07:59:59.755000+00:00,2026-01-17 07:45:00+00:00,continuous,95106.0,95106.0,94999.9,95061.1,70778928.49520002
2026-01-17 08:14:59.017000+00:00,2026-01-17 08:00:00+00:00,continuous,95061.1,95152.3,94977.5,95127.3,41365420.790599495
2026-01-17 08:29:58.790000+00:00,2026-01-17 08:15:00+00:00,continuous,95127.3,95193.3,95116.3,95168.0,23752855.40140001
2026-01-17 08:44:59.563000+00:00,2026-01-17 08:30:00+00:00,continuous,95168.1,95212.5,95168.0,95168.3,20375212.2820999
2026-01-17 08:59:59.694000+00:00,2026-01-17 08:45:00+00:00,continuous,95168.2,95220.0,95168.2,95213.6,17384602.92460005
2026-01-17 09:14:58.761000+00:00,2026-01-17 09:00:00+00:00,continuous,95213.6,95213.7,95161.8,95161.8,16202763.204399945
2026-01-17 09:29:58.027000+00:00,2026-01-17 09:15:00+00:00,continuous,95161.9,95192.3,95124.4,95192.3,14787380.900100052
2026-01-17 09:44:59.974000+00:00,2026-01-17 09:30:00+00:00,continuous,95192.2,95245.3,95152.3,95225.2,22695393.402999986
2026-01-17 09:59:59.973000+00:00,2026-01-17 09:45:00+00:00,continuous,95225.1,95260.0,95212.7,95219.5,18706783.278200015
2026-01-17 10:14:59.728000+00:00,2026-01-17 10:00:00+00:00,continuous,95219.5,95219.5,95172.2,95215.7,14741831.067699939
2026-01-17 10:29:58.729000+00:00,2026-01-17 10:15:00+00:00,continuous,95215.7,95236.2,95188.1,95197.4,10103702.413900003
2026-01-17 10:44:59.662000+00:00,2026-01-17 10:30:00+00:00,continuous,95197.3,95197.4,95126.0,95126.1,15376217.12349999
2026-01-17 10:59:59.339000+00:00,2026-01-17 10:45:00+00:00,continuous,95126.0,95126.1,95075.6,95076.6,24420506.952900007
2026-01-17 11:14:59.849000+00:00,2026-01-17 11:00:00+00:00,continuous,95076.7,95094.9,95036.0,95091.2,39538158.86640011
2026-01-17 11:29:59.951000+00:00,2026-01-17 11:15:00+00:00,continuous,95091.1,95255.1,95091.1,95250.5,35435996.35950011
2026-01-17 11:44:59.926000+00:00,2026-01-17 11:30:00+00:00,continuous,95250.6,95272.5,95207.2,95272.5,36161299.94979985
2026-01-17 11:59:59.961000+00:00,2026-01-17 11:45:00+00:00,continuous,95272.4,95287.1,95245.5,95283.9,32679985.32419997
2026-01-17 12:14:59.995000+00:00,2026-01-17 12:00:00+00:00,continuous,95283.8,95315.9,95244.5,95307.8,38656354.071199216
2026-01-17 12:29:59.628000+00:00,2026-01-17 12:15:00+00:00,continuous,95307.7,95386.0,95189.1,95227.3,73351804.58590001
2026-01-17 12:44:59.421000+00:00,2026-01-17 12:30:00+00:00,continuous,95227.4,95244.9,95200.1,95223.9,16860107.949599992
2026-01-17 12:59:59.086000+00:00,2026-01-17 12:45:00+00:00,continuous,95223.9,95224.0,95201.0,95212.7,13166210.115900042
2026-01-17 13:14:59.993000+00:00,2026-01-17 13:00:00+00:00,continuous,95212.7,95223.6,95152.1,95189.9,28977103.35010015
2026-01-17 13:29:59.707000+00:00,2026-01-17 13:15:00+00:00,continuous,95190.0,95336.0,95179.4,95318.3,52171112.79630003
2026-01-17 13:44:59.981000+00:00,2026-01-17 13:30:00+00:00,continuous,95318.3,95396.8,95276.1,95389.0,46384365.90819971
2026-01-17 13:59:59.947000+00:00,2026-01-17 13:45:00+00:00,continuous,95388.9,95399.7,95356.0,95399.7,42532982.31490002
2026-01-17 14:14:59.378000+00:00,2026-01-17 14:00:00+00:00,continuous,95399.6,95399.7,95311.5,95390.9,21335783.305500265
2026-01-17 14:29:58.757000+00:00,2026-01-17 14:15:00+00:00,continuous,95390.9,95436.3,95333.0,95416.2,88068720.88039997
2026-01-17 14:44:59.825000+00:00,2026-01-17 14:30:00+00:00,continuous,95416.1,95500.0,95371.7,95405.0,119669845.23780073
2026-01-17 14:59:59.544000+00:00,2026-01-17 14:45:00+00:00,continuous,95405.0,95440.1,95347.6,95419.9,101929510.20419958
2026-01-17 15:14:59.290000+00:00,2026-01-17 15:00:00+00:00,continuous,95419.9,95621.9,95401.8,95450.0,199204793.2438002
2026-01-17 15:29:59.913000+00:00,2026-01-17 15:15:00+00:00,continuous,95449.9,95514.2,95378.1,95466.4,69005059.94769996
2026-01-17 15:44:58.293000+00:00,2026-01-17 15:30:00+00:00,continuous,95466.5,95546.0,95454.1,95540.6,100382539.52920017
2026-01-17 15:59:59.897000+00:00,2026-01-17 15:45:00+00:00,continuous,95540.6,95561.7,95387.3,95529.0,56103997.59
2026-01-17 16:14:59.800000+00:00,2026-01-17 16:00:00+00:00,continuous,95529.0,95529.0,95431.5,95451.1,34581705.00490004
2026-01-17 16:29:59.860000+00:00,2026-01-17 16:15:00+00:00,continuous,95451.2,95472.3,95207.8,95434.0,178499250.15240017
2026-01-17 16:44:59.544000+00:00,2026-01-17 16:30:00+00:00,continuous,95433.9,95434.0,95251.6,95330.0,96618293.21219978
2026-01-17 16:59:59.977000+00:00,2026-01-17 16:45:00+00:00,continuous,95330.0,95330.0,95165.5,95265.1,124979738.04670008
2026-01-17 17:14:59.975000+00:00,2026-01-17 17:00:00+00:00,continuous,95265.0,95345.9,95247.0,95317.5,56484302.65880006
2026-01-17 17:29:59.843000+00:00,2026-01-17 17:15:00+00:00,continuous,95317.5,95371.5,95295.8,95366.1,22701204.801600028
2026-01-17 17:44:59.188000+00:00,2026-01-17 17:30:00+00:00,continuous,95366.0,95395.9,95339.9,95392.2,38411557.160799876
2026-01-17 17:59:59.861000+00:00,2026-01-17 17:45:00+00:00,continuous,95392.1,95392.2,95275.1,95318.1,20919545.239799876
2026-01-17 18:14:59.187000+00:00,2026-01-17 18:00:00+00:00,continuous,95318.1,95400.3,95294.0,95383.9,28974711.754299965
2026-01-17 18:29:59.673000+00:00,2026-01-17 18:15:00+00:00,continuous,95383.9,95423.0,95383.9,95406.9,16868037.10689997
2026-01-17 18:44:59.064000+00:00,2026-01-17 18:30:00+00:00,continuous,95406.8,95422.7,95388.4,95405.4,14316528.642599994
2026-01-17 18:59:59.759000+00:00,2026-01-17 18:45:00+00:00,continuous,95405.5,95405.5,95371.3,95384.5,18965515.206100024
2026-01-17 19:14:59.388000+00:00,2026-01-17 19:00:00+00:00,continuous,95384.6,95384.6,95342.1,95344.6,19883415.75060006
2026-01-17 19:29:59.098000+00:00,2026-01-17 19:15:00+00:00,continuous,95344.6,95344.7,95295.7,95296.5,18560488.82859998
2026-01-17 19:44:59.548000+00:00,2026-01-17 19:30:00+00:00,continuous,95296.6,95314.6,95251.0,95251.1,25269291.194100115
2026-01-17 19:59:59.729000+00:00,2026-01-17 19:45:00+00:00,continuous,95251.1,95258.9,95247.0,95258.3,26778070.285999935
2026-01-17 20:14:59.066000+00:00,2026-01-17 20:00:00+00:00,continuous,95258.3,95258.3,95247.0,95247.1,19111823.118999958
2026-01-17 20:29:59.834000+00:00,2026-01-17 20:15:00+00:00,continuous,95247.1,95351.6,95247.0,95283.3,32896700.94540002
2026-01-17 20:44:59.848000+00:00,2026-01-17 20:30:00+00:00,continuous,95283.3,95283.3,95247.0,95270.8,8488730.669300044
2026-01-17 20:59:59.999000+00:00,2026-01-17 20:45:00+00:00,continuous,95270.8,95338.8,95270.7,95332.8,18153440.56520009
2026-01-17 21:14:59.962000+00:00,2026-01-17 21:00:00+00:00,continuous,95332.9,95344.8,95298.5,95298.5,15399155.509000098
2026-01-17 21:29:59.370000+00:00,2026-01-17 21:15:00+00:00,continuous,95298.6,95373.2,95298.5,95324.0,25756443.42419999
2026-01-17 21:44:59.017000+00:00,2026-01-17 21:30:00+00:00,continuous,95324.0,95324.0,95247.0,95247.5,26538537.338099986
2026-01-17 21:59:59.971000+00:00,2026-01-17 21:45:00+00:00,continuous,95247.6,95272.8,95247.0,95272.7,10809683.792900002
2026-01-17 22:14:59.727000+00:00,2026-01-17 22:00:00+00:00,continuous,95272.8,95272.8,95111.2,95140.8,81286380.8976998
2026-01-17 22:29:59.728000+00:00,2026-01-17 22:15:00+00:00,continuous,95140.7,95200.9,95115.0,95132.2,44681673.04419986
2026-01-17 22:44:58.800000+00:00,2026-01-17 22:30:00+00:00,continuous,95132.1,95132.2,95017.0,95099.7,85803021.47829995
2026-01-17 22:59:57.675000+00:00,2026-01-17 22:45:00+00:00,continuous,95099.6,95200.9,95000.0,95120.8,59510939.295799926
2026-01-17 23:14:58.250000+00:00,2026-01-17 23:00:00+00:00,continuous,95120.8,95169.5,95100.0,95136.1,30849553.125100117
2026-01-17 23:29:59.903000+00:00,2026-01-17 23:15:00+00:00,continuous,95136.1,95141.2,95077.3,95077.3,27604378.382199902
2026-01-17 23:44:59.785000+00:00,2026-01-17 23:30:00+00:00,continuous,95077.4,95128.5,95066.1,95115.1,27363999.00379993
2026-01-17 23:59:59.917000+00:00,2026-01-17 23:45:00+00:00,continuous,95115.0,95115.1,95081.2,95107.9,24623863.867399998
2026-01-18 00:14:59.033000+00:00,2026-01-18 00:00:00+00:00,continuous,95107.9,95191.3,95051.1,95143.3,44963842.9239
2026-01-18 00:29:59.690000+00:00,2026-01-18 00:15:00+00:00,continuous,95143.4,95200.9,95143.3,95153.6,27524630.396099992
2026-01-18 00:44:59.828000+00:00,2026-01-18 00:30:00+00:00,continuous,95153.6,95189.6,95089.1,95100.0,19851690.21030003
2026-01-18 00:59:59.642000+00:00,2026-01-18 00:45:00+00:00,continuous,95100.1,95100.1,95022.8,95073.1,39598956.50879995
2026-01-18 01:14:59.957000+00:00,2026-01-18 01:00:00+00:00,continuous,95073.2,95074.1,94819.5,94901.6,167959948.6927003
2026-01-18 01:29:59.139000+00:00,2026-01-18 01:15:00+00:00,continuous,94901.5,95001.8,94861.7,95001.7,33858499.73839996
2026-01-18 01:44:59.955000+00:00,2026-01-18 01:30:00+00:00,continuous,95001.8,95044.9,94950.0,94950.0,26174915.337600056
2026-01-18 01:59:59.874000+00:00,2026-01-18 01:45:00+00:00,continuous,94950.0,94974.0,94843.5,94928.9,36407762.71170012
2026-01-18 02:14:59.338000+00:00,2026-01-18 02:00:00+00:00,continuous,94928.8,94994.0,94928.8,94973.2,24982086.83530039
2026-01-18 02:29:59.728000+00:00,2026-01-18 02:15:00+00:00,continuous,94973.2,95034.1,94973.2,94976.5,18792607.787199903
2026-01-18 02:44:59.599000+00:00,2026-01-18 02:30:00+00:00,continuous,94976.5,94976.5,94826.1,94920.7,46322577.06590005
2026-01-18 02:59:59.891000+00:00,2026-01-18 02:45:00+00:00,continuous,94920.7,94998.8,94920.6,94989.0,34926620.01469993
2026-01-18 03:14:59.045000+00:00,2026-01-18 03:00:00+00:00,continuous,94989.1,95033.8,94981.2,95021.0,21884669.644499846
2026-01-18 03:29:59.740000+00:00,2026-01-18 03:15:00+00:00,continuous,95021.0,95101.0,94993.8,95093.6,35072911.60540012
2026-01-18 03:44:59.872000+00:00,2026-01-18 03:30:00+00:00,continuous,95093.6,95150.2,95093.6,95121.1,30783201.236100208
2026-01-18 03:59:59.991000+00:00,2026-01-18 03:45:00+00:00,continuous,95121.0,95175.0,95112.6,95155.0,17887360.248599973
2026-01-18 04:14:59.837000+00:00,2026-01-18 04:00:00+00:00,continuous,95155.0,95155.0,95072.7,95122.3,28321128.48079998
2026-01-18 04:29:59.723000+00:00,2026-01-18 04:15:00+00:00,continuous,95122.2,95122.3,95060.2,95070.0,14810805.278100012
2026-01-18 04:44:59.466000+00:00,2026-01-18 04:30:00+00:00,continuous,95070.0,95091.4,95035.1,95080.0,18237842.645099953
2026-01-18 04:59:59.260000+00:00,2026-01-18 04:45:00+00:00,continuous,95080.0,95080.1,95050.0,95057.4,12667612.956699997
2026-01-18 05:14:59.726000+00:00,2026-01-18 05:00:00+00:00,continuous,95057.4,95070.1,95008.9,95070.1,19954351.025199983
2026-01-18 05:29:59.331000+00:00,2026-01-18 05:15:00+00:00,continuous,95070.1,95110.1,95029.8,95099.6,27891564.36520001
2026-01-18 05:44:59.358000+00:00,2026-01-18 05:30:00+00:00,continuous,95099.6,95150.0,95016.3,95150.0,47399369.9611002
2026-01-18 05:59:59.904000+00:00,2026-01-18 05:45:00+00:00,continuous,95150.0,95236.5,95111.6,95154.5,49176341.657099806
2026-01-18 06:14:58.613000+00:00,2026-01-18 06:00:00+00:00,continuous,95154.6,95169.6,95123.3,95141.4,18536593.47839996
2026-01-18 06:29:59.726000+00:00,2026-01-18 06:15:00+00:00,continuous,95141.4,95163.1,95110.0,95163.1,29500959.60340005
2026-01-18 06:44:59.256000+00:00,2026-01-18 06:30:00+00:00,continuous,95163.1,95177.5,95117.3,95151.5,28760797.1511999
2026-01-18 06:59:59.040000+00:00,2026-01-18 06:45:00+00:00,continuous,95151.5,95152.3,95111.4,95142.1,18808137.992900033
2026-01-18 07:14:59.727000+00:00,2026-01-18 07:00:00+00:00,continuous,95142.1,95152.2,95044.3,95045.1,28093372.380699903
2026-01-18 07:29:59.200000+00:00,2026-01-18 07:15:00+00:00,continuous,95045.0,95073.0,95019.2,95072.9,27099803.58579996
2026-01-18 07:44:59.694000+00:00,2026-01-18 07:30:00+00:00,continuous,95073.0,95073.0,94980.0,94998.8,40640580.56809979
2026-01-18 07:59:59.484000+00:00,2026-01-18 07:45:00+00:00,continuous,94998.9,95050.6,94989.9,94989.9,47799996.05569992
2026-01-18 08:14:59.991000+00:00,2026-01-18 08:00:00+00:00,continuous,94989.9,95032.5,94980.0,95009.2,32252110.794299938
2026-01-18 08:29:59.518000+00:00,2026-01-18 08:15:00+00:00,continuous,95009.2,95077.0,94999.6,95075.7,32549076.690599732
2026-01-18 08:44:59.915000+00:00,2026-01-18 08:30:00+00:00,continuous,95075.7,95165.5,95069.7,95127.0,27845998.47640007
2026-01-18 08:59:59.248000+00:00,2026-01-18 08:45:00+00:00,continuous,95127.0,95156.2,95114.3,95150.0,19166491.641199823
2026-01-18 09:14:59.846000+00:00,2026-01-18 09:00:00+00:00,continuous,95150.0,95156.0,95116.0,95153.6,33480039.559199814
2026-01-18 09:29:59.555000+00:00,2026-01-18 09:15:00+00:00,continuous,95153.7,95200.0,95132.7,95139.9,38624892.121299975
2026-01-18 09:44:59.528000+00:00,2026-01-18 09:30:00+00:00,continuous,95139.9,95235.1,95139.9,95203.6,56059250.51840009
2026-01-18 09:59:59.911000+00:00,2026-01-18 09:45:00+00:00,continuous,95203.6,95252.4,95203.6,95233.3,31739645.54109999
2026-01-18 10:14:59.964000+00:00,2026-01-18 10:00:00+00:00,continuous,95233.4,95257.4,95043.9,95101.7,60930786.64759981
2026-01-18 10:29:59.726000+00:00,2026-01-18 10:15:00+00:00,continuous,95101.8,95113.9,95072.1,95096.7,26069585.73299999
2026-01-18 10:44:59.240000+00:00,2026-01-18 10:30:00+00:00,continuous,95096.6,95142.2,95079.9,95136.0,19894662.04470001
2026-01-18 10:59:59.002000+00:00,2026-01-18 10:45:00+00:00,continuous,95136.0,95152.5,95113.6,95139.9,16960186.979000088
2026-01-18 11:14:59.423000+00:00,2026-01-18 11:00:00+00:00,continuous,95139.9,95140.0,95065.9,95092.0,20189107.234300055
2026-01-18 11:29:59.665000+00:00,2026-01-18 11:15:00+00:00,continuous,95092.0,95095.9,95058.3,95072.0,15507401.786699973
2026-01-18 11:44:59.497000+00:00,2026-01-18 11:30:00+00:00,continuous,95071.9,95117.1,95034.5,95085.7,33389358.477400098
2026-01-18 11:59:59.967000+00:00,2026-01-18 11:45:00+00:00,continuous,95085.6,95145.9,95069.8,95133.4,24974402.59160002
2026-01-18 12:14:58.971000+00:00,2026-01-18 12:00:00+00:00,continuous,95133.3,95145.9,95081.0,95081.1,15826397.751000063
2026-01-18 12:29:58.823000+00:00,2026-01-18 12:15:00+00:00,continuous,95081.0,95109.2,95063.3,95109.0,15659946.714799901
2026-01-18 12:44:59.231000+00:00,2026-01-18 12:30:00+00:00,continuous,95108.9,95134.8,95083.5,95131.4,17712771.920999892
2026-01-18 12:59:57.866000+00:00,2026-01-18 12:45:00+00:00,continuous,95131.3,95131.4,95044.0,95071.4,25426605.05800001
2026-01-18 13:14:59.620000+00:00,2026-01-18 13:00:00+00:00,continuous,95071.5,95076.8,94951.9,95000.0,59468177.36189921
2026-01-18 13:29:59.876000+00:00,2026-01-18 13:15:00+00:00,continuous,94999.9,95009.0,94850.4,94924.7,104020574.69129974
2026-01-18 13:44:59.954000+00:00,2026-01-18 13:30:00+00:00,continuous,94924.7,95158.0,94903.5,95118.6,174675985.15339994
2026-01-18 13:59:59.094000+00:00,2026-01-18 13:45:00+00:00,continuous,95118.6,95168.4,95100.0,95104.9,263812541.06330028
2026-01-18 14:14:59.873000+00:00,2026-01-18 14:00:00+00:00,continuous,95105.0,95199.0,95100.0,95196.6,63653505.39590017
2026-01-18 14:29:59.287000+00:00,2026-01-18 14:15:00+00:00,continuous,95196.5,95326.4,95102.0,95132.6,114952004.60259998
2026-01-18 14:44:59.605000+00:00,2026-01-18 14:30:00+00:00,continuous,95132.5,95217.5,95100.0,95100.0,61776891.043700024
2026-01-18 14:59:59.912000+00:00,2026-01-18 14:45:00+00:00,continuous,95100.1,95100.1,94890.0,94917.8,133025558.3598998
2026-01-18 15:14:59.707000+00:00,2026-01-18 15:00:00+00:00,continuous,94917.9,94987.1,94872.9,94973.4,58769589.970299795
2026-01-18 15:29:59.888000+00:00,2026-01-18 15:15:00+00:00,continuous,94973.4,95022.4,94953.1,95016.7,27313466.8594001
2026-01-18 15:44:59.905000+00:00,2026-01-18 15:30:00+00:00,continuous,95016.6,95076.0,94983.6,94993.3,42354618.9693998
2026-01-18 15:59:59.489000+00:00,2026-01-18 15:45:00+00:00,continuous,94993.3,95076.5,94989.9,95067.8,25275073.632100172
2026-01-18 16:14:59.826000+00:00,2026-01-18 16:00:00+00:00,continuous,95067.7,95159.9,95024.6,95110.0,48045677.82850012
2026-01-18 16:29:59.853000+00:00,2026-01-18 16:15:00+00:00,continuous,95109.9,95140.8,95037.0,95058.0,28284051.576500125
2026-01-18 16:44:59.883000+00:00,2026-01-18 16:30:00+00:00,continuous,95057.9,95147.9,95033.3,95134.8,27139381.360599976
2026-01-18 16:59:59.082000+00:00,2026-01-18 16:45:00+00:00,continuous,95134.8,95145.0,95080.0,95123.6,19228048.250099927
2026-01-18 17:14:59.824000+00:00,2026-01-18 17:00:00+00:00,continuous,95123.6,95190.9,95083.0,95100.8,57991865.260900185
2026-01-18 17:29:57.709000+00:00,2026-01-18 17:15:00+00:00,continuous,95100.8,95243.7,95100.8,95224.0,61938918.05159999
2026-01-18 17:44:59.659000+00:00,2026-01-18 17:30:00+00:00,continuous,95224.1,95244.0,95152.2,95158.1,37533417.8901
2026-01-18 17:59:59.997000+00:00,2026-01-18 17:45:00+00:00,continuous,95158.2,95239.0,95158.1,95231.2,20257982.06060004
2026-01-18 18:14:59.939000+00:00,2026-01-18 18:00:00+00:00,continuous,95231.1,95236.0,95136.4,95188.7,22127161.250000015
2026-01-18 18:29:59.925000+00:00,2026-01-18 18:15:00+00:00,continuous,95188.8,95375.9,95136.4,95327.8,62653491.935100086
2026-01-18 18:44:59.541000+00:00,2026-01-18 18:30:00+00:00,continuous,95327.9,95398.5,95252.5,95294.2,97659093.89519987
2026-01-18 18:59:59.905000+00:00,2026-01-18 18:45:00+00:00,continuous,95294.2,95481.8,95294.1,95396.2,78691024.2767
2026-01-18 19:14:59.811000+00:00,2026-01-18 19:00:00+00:00,continuous,95396.3,95485.9,95377.0,95377.0,55959075.53729984
2026-01-18 19:29:59.108000+00:00,2026-01-18 19:15:00+00:00,continuous,95377.0,95450.2,95320.5,95400.0,68181606.41309987
2026-01-18 19:44:59.733000+00:00,2026-01-18 19:30:00+00:00,continuous,95400.1,95460.8,95359.7,95359.7,27710414.112399954
2026-01-18 19:59:59.835000+00:00,2026-01-18 19:45:00+00:00,continuous,95359.7,95359.8,95281.0,95335.6,26245492.442299977
2026-01-18 20:14:57.798000+00:00,2026-01-18 20:00:00+00:00,continuous,95335.6,95343.0,95245.0,95255.5,32393072.9798
2026-01-18 20:29:59.352000+00:00,2026-01-18 20:15:00+00:00,continuous,95255.5,95403.2,95255.5,95403.1,17556799.092300035
2026-01-18 20:44:59.121000+00:00,2026-01-18 20:30:00+00:00,continuous,95403.1,95403.2,95240.9,95297.7,22981673.090299983
2026-01-18 20:59:59.998000+00:00,2026-01-18 20:45:00+00:00,continuous,95297.7,95323.2,95253.0,95259.3,14869480.125199996
2026-01-18 21:14:59.728000+00:00,2026-01-18 21:00:00+00:00,continuous,95259.4,95323.1,95240.3,95308.1,17798375.070299964
2026-01-18 21:29:59.043000+00:00,2026-01-18 21:15:00+00:00,continuous,95308.1,95309.6,95250.6,95265.5,12640775.250899967
2026-01-18 21:44:59.370000+00:00,2026-01-18 21:30:00+00:00,continuous,95265.5,95360.0,95265.5,95360.0,14768320.123199996
2026-01-18 21:59:55.822000+00:00,2026-01-18 21:45:00+00:00,continuous,95360.0,95393.9,95336.9,95386.4,18317104.98009997
2026-01-18 22:14:59.950000+00:00,2026-01-18 22:00:00+00:00,continuous,95386.5,95490.0,95355.5,95472.3,31387005.43440002
2026-01-18 22:29:59.864000+00:00,2026-01-18 22:15:00+00:00,continuous,95472.2,95472.2,95414.5,95415.1,18386929.049299985
2026-01-18 22:44:59.867000+00:00,2026-01-18 22:30:00+00:00,continuous,95415.2,95460.0,95380.0,95434.1,25798558.693200003
2026-01-18 22:59:59.961000+00:00,2026-01-18 22:45:00+00:00,continuous,95434.1,95489.8,95400.0,95442.9,17908771.400099985
2026-01-18 23:14:59.990000+00:00,2026-01-18 23:00:00+00:00,continuous,95442.9,95443.0,94905.0,95023.0,323656986.0737014
2026-01-18 23:29:59.957000+00:00,2026-01-18 23:15:00+00:00,continuous,95023.0,95131.1,94506.4,94561.1,332353033.44320136
2026-01-18 23:44:59.782000+00:00,2026-01-18 23:30:00+00:00,continuous,94561.2,94776.1,94388.0,94429.0,335562902.454004
2026-01-18 23:59:59.938000+00:00,2026-01-18 23:45:00+00:00,continuous,94429.0,94429.1,93550.3,93614.0,1179311176.9460144
2026-01-19 00:14:59.996000+00:00,2026-01-19 00:00:00+00:00,continuous,93614.0,93614.1,91800.0,92399.1,1843797248.5422935
2026-01-19 00:29:59.969000+00:00,2026-01-19 00:15:00+00:00,continuous,92399.0,92780.0,92086.9,92582.6,766815797.4550992
2026-01-19 00:44:59.916000+00:00,2026-01-19 00:30:00+00:00,continuous,92582.5,93000.0,92226.2,92916.0,504812016.8163025
2026-01-19 00:59:59.996000+00:00,2026-01-19 00:45:00+00:00,continuous,92916.0,92916.1,92650.0,92658.3,162254320.74149933
2026-01-19 01:14:59.965000+00:00,2026-01-19 01:00:00+00:00,continuous,92658.2,92811.0,92438.0,92696.2,202878097.16069734
2026-01-19 01:29:59.638000+00:00,2026-01-19 01:15:00+00:00,continuous,92696.2,92825.6,92511.9,92511.9,150173813.23839936
2026-01-19 01:44:59.952000+00:00,2026-01-19 01:30:00+00:00,continuous,92512.0,92749.4,92450.4,92458.0,113094453.02990016
2026-01-19 01:59:59.930000+00:00,2026-01-19 01:45:00+00:00,continuous,92458.0,92550.0,92173.7,92542.2,264516150.6114
2026-01-19 02:14:59.983000+00:00,2026-01-19 02:00:00+00:00,continuous,92542.3,92565.9,92338.3,92375.3,99112975.6951998
2026-01-19 02:29:59.918000+00:00,2026-01-19 02:15:00+00:00,continuous,92375.2,92639.4,92333.4,92448.8,97066927.45090057
2026-01-19 02:44:59.742000+00:00,2026-01-19 02:30:00+00:00,continuous,92448.9,92565.3,92395.5,92517.3,62631276.7164001
2026-01-19 02:59:59.927000+00:00,2026-01-19 02:45:00+00:00,continuous,92517.4,92574.7,92450.0,92516.7,69448264.44590025
2026-01-19 03:14:59.889000+00:00,2026-01-19 03:00:00+00:00,continuous,92516.8,92721.5,92500.6,92697.5,88931548.50540026
2026-01-19 03:29:59.887000+00:00,2026-01-19 03:15:00+00:00,continuous,92697.5,92748.4,92450.0,92505.5,107884189.44009991
2026-01-19 03:44:59.699000+00:00,2026-01-19 03:30:00+00:00,continuous,92505.6,92619.8,92475.0,92600.0,60724695.1456998
2026-01-19 03:59:59.552000+00:00,2026-01-19 03:45:00+00:00,continuous,92600.0,92675.1,92575.2,92656.6,35604370.88120004
2026-01-19 04:14:59.865000+00:00,2026-01-19 04:00:00+00:00,continuous,92656.7,92708.8,92566.0,92566.1,65924203.355099775
2026-01-19 04:29:59.938000+00:00,2026-01-19 04:15:00+00:00,continuous,92566.2,92665.9,92459.0,92639.6,82159716.76970004
2026-01-19 04:44:59.956000+00:00,2026-01-19 04:30:00+00:00,continuous,92639.6,92664.1,92513.5,92640.2,52701393.912999935
2026-01-19 04:59:59.942000+00:00,2026-01-19 04:45:00+00:00,continuous,92640.2,92700.0,92610.1,92614.4,68847916.14770004
2026-01-19 05:14:59.954000+00:00,2026-01-19 05:00:00+00:00,continuous,92614.3,92726.5,92606.2,92606.2,57400839.659799665
2026-01-19 05:29:59.936000+00:00,2026-01-19 05:15:00+00:00,continuous,92606.3,92635.3,92524.3,92618.5,78209427.2691999
2026-01-19 05:44:59.190000+00:00,2026-01-19 05:30:00+00:00,continuous,92618.6,92767.5,92536.7,92567.7,64472767.652100086
2026-01-19 05:59:59.111000+00:00,2026-01-19 05:45:00+00:00,continuous,92567.7,92616.2,92454.5,92471.4,54110660.38540018
2026-01-19 06:14:59.962000+00:00,2026-01-19 06:00:00+00:00,continuous,92471.4,92549.6,92367.2,92496.8,77961340.8273003
2026-01-19 06:29:59.670000+00:00,2026-01-19 06:15:00+00:00,continuous,92496.9,92564.1,92344.5,92489.9,99474991.98399985
2026-01-19 06:44:59.656000+00:00,2026-01-19 06:30:00+00:00,continuous,92490.0,92569.6,92424.4,92504.0,96479739.26470028
2026-01-19 06:59:59.925000+00:00,2026-01-19 06:45:00+00:00,continuous,92504.0,92591.9,92498.7,92542.8,37661233.245100014
2026-01-19 07:14:59.671000+00:00,2026-01-19 07:00:00+00:00,continuous,92542.9,92600.0,92510.0,92580.3,26431645.11380005
2026-01-19 07:29:59.977000+00:00,2026-01-19 07:15:00+00:00,continuous,92580.2,92620.0,92554.1,92569.3,34179383.21340006
2026-01-19 07:44:59.761000+00:00,2026-01-19 07:30:00+00:00,continuous,92569.2,92665.1,92527.3,92656.6,51173805.597799964
2026-01-19 07:59:59.900000+00:00,2026-01-19 07:45:00+00:00,continuous,92656.6,92810.0,92606.4,92787.9,103752759.84130028
2026-01-19 08:14:59.759000+00:00,2026-01-19 08:00:00+00:00,continuous,92787.8,92791.6,92635.0,92714.3,75891506.91080001
2026-01-19 08:29:59.961000+00:00,2026-01-19 08:15:00+00:00,continuous,92714.3,93192.2,92695.5,92907.0,294952584.128002
2026-01-19 08:44:59.736000+00:00,2026-01-19 08:30:00+00:00,continuous,92907.1,93117.6,92816.9,93094.5,140367465.34260026
2026-01-19 08:59:59.977000+00:00,2026-01-19 08:45:00+00:00,continuous,93094.6,93312.8,93084.8,93200.3,150085198.43429998
2026-01-19 09:14:59.667000+00:00,2026-01-19 09:00:00+00:00,continuous,93200.2,93208.7,92930.1,92988.9,122691089.63179974
2026-01-19 09:29:59.986000+00:00,2026-01-19 09:15:00+00:00,continuous,92988.9,93088.0,92893.1,93006.7,83653301.15439999
2026-01-19 09:44:59.742000+00:00,2026-01-19 09:30:00+00:00,continuous,93006.8,93028.8,92888.0,92908.6,47379295.86939999
2026-01-19 09:59:59.815000+00:00,2026-01-19 09:45:00+00:00,continuous,92908.6,93035.3,92908.5,93000.0,44217206.42989996
2026-01-19 10:14:59.929000+00:00,2026-01-19 10:00:00+00:00,continuous,93000.0,93000.0,92836.9,92924.8,55141083.8749001
2026-01-19 10:29:59.670000+00:00,2026-01-19 10:15:00+00:00,continuous,92924.9,93035.2,92924.8,92950.5,29204346.91560011
2026-01-19 10:44:59.818000+00:00,2026-01-19 10:30:00+00:00,continuous,92950.4,92985.1,92885.7,92971.0,32304225.769100007
2026-01-19 10:59:59.670000+00:00,2026-01-19 10:45:00+00:00,continuous,92971.0,93028.3,92937.1,93021.2,31010537.979100104
2026-01-19 11:14:59.868000+00:00,2026-01-19 11:00:00+00:00,continuous,93021.2,93028.4,92916.9,92955.8,34170868.57429999
2026-01-19 11:29:59.677000+00:00,2026-01-19 11:15:00+00:00,continuous,92955.9,93122.1,92955.8,93083.3,46982390.281699665
2026-01-19 11:44:59.717000+00:00,2026-01-19 11:30:00+00:00,continuous,93083.3,93241.2,93052.4,93190.9,55025494.433199815
2026-01-19 11:59:59.943000+00:00,2026-01-19 11:45:00+00:00,continuous,93191.0,93267.5,93123.7,93136.7,40749362.99879988
2026-01-19 12:14:59.731000+00:00,2026-01-19 12:00:00+00:00,continuous,93136.8,93136.8,92982.6,92997.3,53461810.26850033
2026-01-19 12:29:59.956000+00:00,2026-01-19 12:15:00+00:00,continuous,92997.3,93104.3,92960.0,92982.4,37823295.38000006
2026-01-19 12:44:59.701000+00:00,2026-01-19 12:30:00+00:00,continuous,92982.4,93188.0,92982.4,93111.1,54332321.16679989
2026-01-19 12:59:59.926000+00:00,2026-01-19 12:45:00+00:00,continuous,93111.0,93149.0,92980.0,93025.9,47260649.71380003
2026-01-19 13:14:59.986000+00:00,2026-01-19 13:00:00+00:00,continuous,93025.9,93025.9,92916.9,92944.5,56609617.36539998
2026-01-19 13:29:59.679000+00:00,2026-01-19 13:15:00+00:00,continuous,92944.4,92982.2,92741.3,92906.3,144459492.2986001
2026-01-19 13:44:59.775000+00:00,2026-01-19 13:30:00+00:00,continuous,92906.2,93117.1,92906.2,93031.4,52739813.03739984
2026-01-19 13:59:59.934000+00:00,2026-01-19 13:45:00+00:00,continuous,93031.4,93091.5,92967.5,92993.0,25439323.170100015
2026-01-19 14:14:59.822000+00:00,2026-01-19 14:00:00+00:00,continuous,92992.9,93000.0,92750.0,92834.9,70801099.6953999
2026-01-19 14:29:59.758000+00:00,2026-01-19 14:15:00+00:00,continuous,92834.9,92949.0,92767.3,92828.6,70191318.9883
2026-01-19 14:44:59.878000+00:00,2026-01-19 14:30:00+00:00,continuous,92828.7,92946.4,92660.0,92763.8,104502466.17229967
2026-01-19 14:59:59.739000+00:00,2026-01-19 14:45:00+00:00,continuous,92763.7,92881.8,92713.7,92779.7,58193260.7634002
2026-01-19 15:14:59.920000+00:00,2026-01-19 15:00:00+00:00,continuous,92779.8,92998.8,92776.4,92996.9,93516880.92539988
2026-01-19 15:29:59.785000+00:00,2026-01-19 15:15:00+00:00,continuous,92996.8,93025.2,92843.0,92889.2,67693076.24089958
2026-01-19 15:44:59.955000+00:00,2026-01-19 15:30:00+00:00,continuous,92889.3,93023.0,92872.6,92942.2,50600614.702599995
2026-01-19 15:59:59.713000+00:00,2026-01-19 15:45:00+00:00,continuous,92942.2,93051.9,92930.8,93013.5,47761523.88510007
2026-01-19 16:14:58.789000+00:00,2026-01-19 16:00:00+00:00,continuous,93013.4,93111.5,92985.5,93002.1,73020574.84909981
2026-01-19 16:29:59.796000+00:00,2026-01-19 16:15:00+00:00,continuous,93002.1,93150.0,92947.4,93128.5,59388603.45329967
2026-01-19 16:44:59.146000+00:00,2026-01-19 16:30:00+00:00,continuous,93128.5,93220.0,93128.5,93175.5,63785463.13689989
2026-01-19 16:59:59.693000+00:00,2026-01-19 16:45:00+00:00,continuous,93175.6,93379.0,93108.3,93264.9,116879852.5537
2026-01-19 17:14:59.914000+00:00,2026-01-19 17:00:00+00:00,continuous,93265.0,93348.3,93097.3,93304.1,86731944.25290036
2026-01-19 17:29:58.887000+00:00,2026-01-19 17:15:00+00:00,continuous,93304.0,93351.9,93233.3,93261.4,53510385.868499935
2026-01-19 17:44:59.936000+00:00,2026-01-19 17:30:00+00:00,continuous,93261.3,93261.4,93116.1,93155.4,52957610.8787002
2026-01-19 17:59:59.893000+00:00,2026-01-19 17:45:00+00:00,continuous,93155.3,93214.4,93122.3,93195.1,31238408.618999958
2026-01-19 18:14:59.993000+00:00,2026-01-19 18:00:00+00:00,continuous,93195.1,93226.6,93052.8,93060.8,43625778.34419988
2026-01-19 18:29:59.671000+00:00,2026-01-19 18:15:00+00:00,continuous,93060.9,93089.8,92917.2,92942.9,47717731.94969985
2026-01-19 18:44:59.931000+00:00,2026-01-19 18:30:00+00:00,continuous,92942.9,93092.4,92888.0,93075.4,60252453.983799934
2026-01-19 18:59:59.091000+00:00,2026-01-19 18:45:00+00:00,continuous,93075.4,93090.1,92981.2,93022.9,22908137.580499947
2026-01-19 19:14:59.849000+00:00,2026-01-19 19:00:00+00:00,continuous,93023.0,93056.4,92948.1,93046.1,26218227.05940001
2026-01-19 19:29:59.595000+00:00,2026-01-19 19:15:00+00:00,continuous,93046.1,93110.2,92998.8,93033.6,27105395.10940016
2026-01-19 19:44:59.584000+00:00,2026-01-19 19:30:00+00:00,continuous,93033.5,93105.1,92993.7,93105.1,18565635.80180011
2026-01-19 19:59:59.991000+00:00,2026-01-19 19:45:00+00:00,continuous,93105.0,93116.6,93039.5,93066.2,14189383.871200008
2026-01-19 20:14:59.374000+00:00,2026-01-19 20:00:00+00:00,continuous,93066.2,93181.7,93066.1,93123.9,38888373.43069997
2026-01-19 20:29:59.374000+00:00,2026-01-19 20:15:00+00:00,continuous,93124.0,93241.8,93115.8,93203.4,24464660.11659997
2026-01-19 20:44:58.966000+00:00,2026-01-19 20:30:00+00:00,continuous,93203.4,93213.8,93089.3,93089.3,22307194.405400094
2026-01-19 20:59:59.674000+00:00,2026-01-19 20:45:00+00:00,continuous,93089.3,93117.2,93055.4,93107.4,14734638.09969999
2026-01-19 21:14:59.939000+00:00,2026-01-19 21:00:00+00:00,continuous,93107.5,93312.1,93012.6,93064.6,87551453.84519964
2026-01-19 21:29:58.281000+00:00,2026-01-19 21:15:00+00:00,continuous,93064.6,93071.8,92961.4,93009.7,20066102.67190006
2026-01-19 21:44:52.452000+00:00,2026-01-19 21:30:00+00:00,continuous,93009.8,93041.3,92965.3,93016.3,16975542.36370004
2026-01-19 21:59:59.503000+00:00,2026-01-19 21:45:00+00:00,continuous,93016.3,93016.3,92965.9,92968.5,14501846.03460005
2026-01-19 22:14:59.978000+00:00,2026-01-19 22:00:00+00:00,continuous,92968.5,93000.0,92677.0,92817.8,118432382.16549994
2026-01-19 22:29:59.909000+00:00,2026-01-19 22:15:00+00:00,continuous,92817.7,93033.9,92817.7,92951.9,54748150.04830001
2026-01-19 22:44:59.976000+00:00,2026-01-19 22:30:00+00:00,continuous,92951.9,92951.9,92750.0,92786.2,53067543.06980003
2026-01-19 22:59:59.946000+00:00,2026-01-19 22:45:00+00:00,continuous,92786.2,92808.0,92514.3,92528.1,108665942.12030004
2026-01-19 23:14:59.991000+00:00,2026-01-19 23:00:00+00:00,continuous,92528.0,92706.5,92177.7,92402.0,325906217.6797968
2026-01-19 23:29:59.575000+00:00,2026-01-19 23:15:00+00:00,continuous,92401.7,92538.4,92116.0,92505.3,178716023.79020098
2026-01-19 23:44:59.836000+00:00,2026-01-19 23:30:00+00:00,continuous,92505.3,92720.3,92495.8,92615.8,114089972.57959953
2026-01-19 23:59:59.953000+00:00,2026-01-19 23:45:00+00:00,continuous,92615.8,92691.4,92548.1,92589.6,47048709.1907999
2026-01-20 00:14:59.998000+00:00,2026-01-20 00:00:00+00:00,continuous,92589.6,92845.0,92540.1,92659.4,102354563.64090024
2026-01-20 00:29:59.605000+00:00,2026-01-20 00:15:00+00:00,continuous,92659.3,92659.3,92320.2,92428.8,87867053.48429984
2026-01-20 00:44:59.473000+00:00,2026-01-20 00:30:00+00:00,continuous,92428.9,92717.8,92416.7,92680.1,66887908.8427998
2026-01-20 00:59:59.979000+00:00,2026-01-20 00:45:00+00:00,continuous,92680.0,92717.3,92579.1,92676.1,78393218.68120015
2026-01-20 01:14:59.817000+00:00,2026-01-20 01:00:00+00:00,continuous,92676.1,92768.8,92479.1,92687.9,63239333.438200034
2026-01-20 01:29:58.756000+00:00,2026-01-20 01:15:00+00:00,continuous,92687.8,92840.0,92618.1,92820.1,50886008.96960007
2026-01-20 01:44:59.720000+00:00,2026-01-20 01:30:00+00:00,continuous,92820.0,92827.2,92622.6,92675.6,37853450.94139979
2026-01-20 01:59:59.988000+00:00,2026-01-20 01:45:00+00:00,continuous,92675.6,92801.2,92631.8,92688.7,81542214.03870018
2026-01-20 02:14:59.787000+00:00,2026-01-20 02:00:00+00:00,continuous,92688.8,92693.4,92401.4,92438.8,108968626.48220037
2026-01-20 02:29:59.651000+00:00,2026-01-20 02:15:00+00:00,continuous,92438.7,92499.9,92330.0,92451.7,109692942.56970012
2026-01-20 02:44:59.820000+00:00,2026-01-20 02:30:00+00:00,continuous,92451.7,92644.9,92451.7,92568.1,60563534.869200304
2026-01-20 02:59:59.882000+00:00,2026-01-20 02:45:00+00:00,continuous,92568.0,92664.0,92469.1,92518.9,93108108.34589972
2026-01-20 03:14:59.607000+00:00,2026-01-20 03:00:00+00:00,continuous,92519.0,92646.2,92350.0,92392.5,75534854.56369954
2026-01-20 03:29:59.732000+00:00,2026-01-20 03:15:00+00:00,continuous,92392.4,92470.8,92327.1,92327.8,84187027.88929956
2026-01-20 03:44:59.842000+00:00,2026-01-20 03:30:00+00:00,continuous,92327.7,92378.3,92200.0,92378.3,144303481.16320035
2026-01-20 03:59:59.727000+00:00,2026-01-20 03:45:00+00:00,continuous,92378.3,92461.1,92328.9,92397.0,36428102.078700095
2026-01-20 04:14:59.727000+00:00,2026-01-20 04:00:00+00:00,continuous,92396.9,92440.1,92273.0,92273.1,37389925.32339998
2026-01-20 04:29:59.922000+00:00,2026-01-20 04:15:00+00:00,continuous,92273.1,92281.2,92143.5,92281.1,93362702.6009
2026-01-20 04:44:59.590000+00:00,2026-01-20 04:30:00+00:00,continuous,92281.2,92392.1,92171.0,92189.1,47119961.91939991
2026-01-20 04:59:59.832000+00:00,2026-01-20 04:45:00+00:00,continuous,92189.2,92233.2,91900.0,92026.2,162302993.93490055
2026-01-20 05:14:59.931000+00:00,2026-01-20 05:00:00+00:00,continuous,92026.3,92042.1,91300.0,91377.1,765331501.5966933
2026-01-20 05:29:59.680000+00:00,2026-01-20 05:15:00+00:00,continuous,91377.0,91710.0,91235.5,91697.3,327437506.02999866
2026-01-20 05:44:59.936000+00:00,2026-01-20 05:30:00+00:00,continuous,91697.4,91762.1,91473.7,91605.4,190970643.9171984
2026-01-20 05:59:59.620000+00:00,2026-01-20 05:45:00+00:00,continuous,91605.4,91786.2,91581.3,91590.1,148947098.56650022
2026-01-20 06:14:59.998000+00:00,2026-01-20 06:00:00+00:00,continuous,91590.1,91603.8,91410.4,91425.6,120846718.25670019
2026-01-20 06:29:59.965000+00:00,2026-01-20 06:15:00+00:00,continuous,91425.5,91471.6,90825.0,91237.0,682901794.833402
2026-01-20 06:44:59.992000+00:00,2026-01-20 06:30:00+00:00,continuous,91236.9,91250.0,90782.0,91080.9,285786457.87350106
2026-01-20 06:59:59.764000+00:00,2026-01-20 06:45:00+00:00,continuous,91080.8,91103.2,90723.3,90894.5,247036550.7797
2026-01-20 07:14:59.941000+00:00,2026-01-20 07:00:00+00:00,continuous,90894.5,91132.4,90819.5,91000.0,198241314.1353
2026-01-20 07:29:59.977000+00:00,2026-01-20 07:15:00+00:00,continuous,90999.9,91054.1,90904.4,91019.7,104544979.58420032
2026-01-20 07:44:59.888000+00:00,2026-01-20 07:30:00+00:00,continuous,91019.7,91184.1,90950.0,91146.9,128787559.97090013
2026-01-20 07:59:59.571000+00:00,2026-01-20 07:45:00+00:00,continuous,91146.8,91268.8,91105.5,91136.1,122821948.40709992
2026-01-20 08:14:59.864000+00:00,2026-01-20 08:00:00+00:00,continuous,91136.1,91136.2,90759.6,90960.8,153080866.92799944
2026-01-20 08:29:59.431000+00:00,2026-01-20 08:15:00+00:00,continuous,90960.8,91222.0,90862.7,91159.9,143050096.20610058
2026-01-20 08:44:59.905000+00:00,2026-01-20 08:30:00+00:00,continuous,91159.9,91160.0,90622.2,90820.1,300597747.9905015
2026-01-20 08:59:59.739000+00:00,2026-01-20 08:45:00+00:00,continuous,90820.2,91111.1,90743.0,91078.9,163004269.13769984
2026-01-20 09:14:59.671000+00:00,2026-01-20 09:00:00+00:00,continuous,91078.9,91078.9,90943.6,91025.9,68890097.1747998
2026-01-20 09:29:59.862000+00:00,2026-01-20 09:15:00+00:00,continuous,91026.0,91049.7,90900.0,91011.9,66730529.6047002
2026-01-20 09:44:59.950000+00:00,2026-01-20 09:30:00+00:00,continuous,91011.9,91027.1,90860.8,90981.4,72458045.59050001
2026-01-20 09:59:59.651000+00:00,2026-01-20 09:45:00+00:00,continuous,90981.4,91038.0,90905.6,91002.9,49446818.4805001
2026-01-20 10:14:59.878000+00:00,2026-01-20 10:00:00+00:00,continuous,91003.0,91143.6,90959.9,91138.4,75810547.03350018
2026-01-20 10:29:59.971000+00:00,2026-01-20 10:15:00+00:00,continuous,91138.4,91243.6,91113.3,91243.4,95815785.9592
2026-01-20 10:44:59.940000+00:00,2026-01-20 10:30:00+00:00,continuous,91243.3,91252.9,91100.0,91190.6,51254949.695399806
2026-01-20 10:59:59.443000+00:00,2026-01-20 10:45:00+00:00,continuous,91190.5,91244.2,91172.2,91217.7,39661829.496399984
2026-01-20 11:14:59.897000+00:00,2026-01-20 11:00:00+00:00,continuous,91217.6,91415.1,91216.2,91315.4,164558105.19290093
2026-01-20 11:29:59.935000+00:00,2026-01-20 11:15:00+00:00,continuous,91315.5,91400.0,91277.4,91371.2,66624867.92869995
2026-01-20 11:44:59.815000+00:00,2026-01-20 11:30:00+00:00,continuous,91371.2,91371.2,91220.0,91299.9,46975618.908699945
2026-01-20 11:59:59.850000+00:00,2026-01-20 11:45:00+00:00,continuous,91300.0,91305.0,91167.8,91185.8,48286114.45249996
2026-01-20 12:14:59.789000+00:00,2026-01-20 12:00:00+00:00,continuous,91185.8,91293.7,91143.6,91240.9,59916691.27460001
2026-01-20 12:29:59.109000+00:00,2026-01-20 12:15:00+00:00,continuous,91240.9,91267.8,91017.7,91111.2,133974846.83190025
2026-01-20 12:44:59.788000+00:00,2026-01-20 12:30:00+00:00,continuous,91111.1,91193.5,91111.1,91130.5,54764047.47919995
2026-01-20 12:59:59.977000+00:00,2026-01-20 12:45:00+00:00,continuous,91130.6,91248.5,91121.1,91240.0,44708444.23070015
2026-01-20 13:14:59.966000+00:00,2026-01-20 13:00:00+00:00,continuous,91239.9,91250.0,90827.1,90880.0,198793270.39459983
2026-01-20 13:29:59.981000+00:00,2026-01-20 13:15:00+00:00,continuous,90880.1,91023.9,90838.3,90838.4,106195430.05789962
2026-01-20 13:44:59.777000+00:00,2026-01-20 13:30:00+00:00,continuous,90838.3,91078.4,90735.0,90978.6,195218298.52519697
2026-01-20 13:59:59.803000+00:00,2026-01-20 13:45:00+00:00,continuous,90978.6,91023.4,90877.6,90918.9,61547816.591600046
2026-01-20 14:14:59.938000+00:00,2026-01-20 14:00:00+00:00,continuous,90919.0,91102.9,90916.6,91058.4,68389647.25390005
2026-01-20 14:29:59.950000+00:00,2026-01-20 14:15:00+00:00,continuous,91058.4,91058.4,90680.3,90946.6,263769448.1297998
2026-01-20 14:44:59.934000+00:00,2026-01-20 14:30:00+00:00,continuous,90946.7,91344.8,90635.0,91027.2,565116557.7657056
2026-01-20 14:59:59.936000+00:00,2026-01-20 14:45:00+00:00,continuous,91027.3,91028.9,90228.0,90496.7,932632875.0934051
2026-01-20 15:14:59.925000+00:00,2026-01-20 15:00:00+00:00,continuous,90496.6,90566.4,89819.0,90270.2,937719463.0883933
2026-01-20 15:29:59.952000+00:00,2026-01-20 15:15:00+00:00,continuous,90270.2,90707.6,89973.8,90593.0,482184628.62450075
2026-01-20 15:44:59.752000+00:00,2026-01-20 15:30:00+00:00,continuous,90592.9,90769.4,90485.9,90499.2,209159446.47120172
2026-01-20 15:59:59.692000+00:00,2026-01-20 15:45:00+00:00,continuous,90499.2,90650.0,90320.0,90644.2,173595712.9794004
2026-01-20 16:14:59.988000+00:00,2026-01-20 16:00:00+00:00,continuous,90644.3,90824.8,90473.6,90718.0,234833872.73679945
2026-01-20 16:29:59.825000+00:00,2026-01-20 16:15:00+00:00,continuous,90717.9,90944.5,90518.8,90576.7,174199295.40410024
2026-01-20 16:44:59.859000+00:00,2026-01-20 16:30:00+00:00,continuous,90576.7,90608.8,90055.0,90090.0,249164674.78019983
2026-01-20 16:59:59.912000+00:00,2026-01-20 16:45:00+00:00,continuous,90090.0,90214.5,89982.9,90131.9,186089735.83070004
2026-01-20 17:14:59.605000+00:00,2026-01-20 17:00:00+00:00,continuous,90131.8,90454.8,90026.7,90421.6,183933078.87360087
2026-01-20 17:29:59.782000+00:00,2026-01-20 17:15:00+00:00,continuous,90421.6,90472.2,90148.8,90169.4,97819852.01640046
2026-01-20 17:44:59.855000+00:00,2026-01-20 17:30:00+00:00,continuous,90169.4,90171.4,89639.3,89646.9,456200927.8042995
2026-01-20 17:59:59.486000+00:00,2026-01-20 17:45:00+00:00,continuous,89647.0,89804.6,89388.8,89739.6,399599477.2864032
2026-01-20 18:14:59.673000+00:00,2026-01-20 18:00:00+00:00,continuous,89739.6,89879.4,89640.8,89874.8,154270283.8895015
2026-01-20 18:29:59.902000+00:00,2026-01-20 18:15:00+00:00,continuous,89874.7,89924.8,89608.3,89702.9,155262158.86229864
2026-01-20 18:44:59.953000+00:00,2026-01-20 18:30:00+00:00,continuous,89702.8,89727.1,89411.0,89484.3,194407332.36630055
2026-01-20 18:59:59.969000+00:00,2026-01-20 18:45:00+00:00,continuous,89484.4,89600.8,89350.0,89471.6,130727212.34340008
2026-01-20 19:14:59.774000+00:00,2026-01-20 19:00:00+00:00,continuous,89471.5,89775.4,89400.8,89549.3,130260410.56090009
2026-01-20 19:29:59.564000+00:00,2026-01-20 19:15:00+00:00,continuous,89549.3,89661.9,89454.5,89455.6,71093434.50119995
2026-01-20 19:44:59.821000+00:00,2026-01-20 19:30:00+00:00,continuous,89455.7,89523.9,89250.2,89408.7,199890354.06659997
2026-01-20 19:59:59.950000+00:00,2026-01-20 19:45:00+00:00,continuous,89408.6,89750.0,89335.1,89694.1,104718766.10120006
2026-01-20 20:14:59.619000+00:00,2026-01-20 20:00:00+00:00,continuous,89694.1,89694.2,89360.9,89370.0,94336604.53790057
2026-01-20 20:29:59.980000+00:00,2026-01-20 20:15:00+00:00,continuous,89370.0,89811.9,89370.0,89738.2,150870387.07590026
2026-01-20 20:44:59.769000+00:00,2026-01-20 20:30:00+00:00,continuous,89738.2,89773.2,89572.0,89625.1,101263793.56739935
2026-01-20 20:59:59.807000+00:00,2026-01-20 20:45:00+00:00,continuous,89625.1,89824.0,89491.7,89701.0,136917885.32410023
2026-01-20 21:14:59.257000+00:00,2026-01-20 21:00:00+00:00,continuous,89700.8,89800.0,89586.7,89768.2,54475405.46939992
2026-01-20 21:29:59.413000+00:00,2026-01-20 21:15:00+00:00,continuous,89768.1,89768.2,89546.4,89587.5,42519541.96660007
2026-01-20 21:44:59.546000+00:00,2026-01-20 21:30:00+00:00,continuous,89587.4,89587.4,89432.6,89511.9,59490866.08889985
2026-01-20 21:59:59.997000+00:00,2026-01-20 21:45:00+00:00,continuous,89512.0,89559.2,89390.5,89445.6,49764643.66289984
2026-01-20 22:14:59.909000+00:00,2026-01-20 22:00:00+00:00,continuous,89445.6,89600.0,89412.7,89600.0,37437415.262499936
2026-01-20 22:29:59.953000+00:00,2026-01-20 22:15:00+00:00,continuous,89599.9,89617.8,89430.3,89484.8,33883383.511899956
2026-01-20 22:44:59.888000+00:00,2026-01-20 22:30:00+00:00,continuous,89484.9,89497.5,87787.2,88550.8,1061051209.9628174
2026-01-20 22:59:59.870000+00:00,2026-01-20 22:45:00+00:00,continuous,88550.9,88639.3,88155.1,88469.0,187939205.3415997
2026-01-20 23:14:59.972000+00:00,2026-01-20 23:00:00+00:00,continuous,88468.9,88468.9,88058.1,88170.1,269071735.9088007
2026-01-20 23:29:59.315000+00:00,2026-01-20 23:15:00+00:00,continuous,88170.0,88247.7,87850.0,88076.3,306532228.875898
2026-01-20 23:44:59.952000+00:00,2026-01-20 23:30:00+00:00,continuous,88076.4,88482.5,88076.3,88444.3,176263047.36049896
2026-01-20 23:59:59.814000+00:00,2026-01-20 23:45:00+00:00,continuous,88444.4,88489.2,88295.0,88390.6,94337477.73500031
2026-01-21 00:14:59.916000+00:00,2026-01-21 00:00:00+00:00,continuous,88390.7,88580.0,88332.2,88379.9,151917394.1471993
2026-01-21 00:29:59.809000+00:00,2026-01-21 00:15:00+00:00,continuous,88380.0,88598.0,88218.2,88535.3,150882340.7434002
2026-01-21 00:44:59.762000+00:00,2026-01-21 00:30:00+00:00,continuous,88535.4,88900.0,88470.9,88812.0,154041371.88789994
2026-01-21 00:59:59.974000+00:00,2026-01-21 00:45:00+00:00,continuous,88812.0,88944.0,88780.0,88895.5,95196677.52059995
2026-01-21 01:14:59.958000+00:00,2026-01-21 01:00:00+00:00,continuous,88895.5,89072.4,88794.6,89048.0,147280241.19669962
2026-01-21 01:29:59.926000+00:00,2026-01-21 01:15:00+00:00,continuous,89047.9,89095.4,88876.7,89029.3,109070358.2806996
2026-01-21 01:44:59.882000+00:00,2026-01-21 01:30:00+00:00,continuous,89029.2,89096.0,88941.8,89000.4,89347955.08890022
2026-01-21 01:59:59.991000+00:00,2026-01-21 01:45:00+00:00,continuous,89000.4,89128.8,88941.6,88985.2,53442502.685200326
2026-01-21 02:14:59.923000+00:00,2026-01-21 02:00:00+00:00,continuous,88985.3,89318.0,88985.3,89240.5,126750076.43879996
2026-01-21 02:29:59.795000+00:00,2026-01-21 02:15:00+00:00,continuous,89240.5,89270.0,89050.0,89079.2,57548611.60610036
2026-01-21 02:44:59.973000+00:00,2026-01-21 02:30:00+00:00,continuous,89079.2,89147.9,88941.4,89055.0,85026782.72379994
2026-01-21 02:59:59.034000+00:00,2026-01-21 02:45:00+00:00,continuous,89054.7,89145.7,89000.0,89015.1,71629117.49739999
2026-01-21 03:14:58.993000+00:00,2026-01-21 03:00:00+00:00,continuous,89015.0,89220.0,89000.1,89176.9,62035762.0547001
2026-01-21 03:29:58.587000+00:00,2026-01-21 03:15:00+00:00,continuous,89176.9,89240.0,89090.2,89237.2,49822109.55499999
2026-01-21 03:44:59.948000+00:00,2026-01-21 03:30:00+00:00,continuous,89237.1,89568.5,89189.9,89518.6,197782362.08869952
2026-01-21 03:59:59.641000+00:00,2026-01-21 03:45:00+00:00,continuous,89518.5,89518.5,89360.0,89396.0,79462197.53740023
2026-01-21 04:14:59.812000+00:00,2026-01-21 04:00:00+00:00,continuous,89395.9,89456.4,89312.8,89313.4,71232720.40190002
2026-01-21 04:29:59.931000+00:00,2026-01-21 04:15:00+00:00,continuous,89313.4,89461.7,89303.5,89455.3,33001718.411100022
2026-01-21 04:44:59.851000+00:00,2026-01-21 04:30:00+00:00,continuous,89455.3,89536.9,89355.2,89536.8,63075971.002900004
2026-01-21 04:59:59.930000+00:00,2026-01-21 04:45:00+00:00,continuous,89536.9,89621.7,89400.0,89400.4,81021158.52219987
2026-01-21 05:14:59.661000+00:00,2026-01-21 05:00:00+00:00,continuous,89400.4,89544.9,89384.0,89541.1,42252395.01370004
2026-01-21 05:29:59.801000+00:00,2026-01-21 05:15:00+00:00,continuous,89541.1,89596.1,89482.4,89551.9,40722724.911699966
2026-01-21 05:44:59.569000+00:00,2026-01-21 05:30:00+00:00,continuous,89551.9,89900.0,89551.8,89893.7,223645649.38859916
2026-01-21 05:59:59.687000+00:00,2026-01-21 05:45:00+00:00,continuous,89893.7,90088.0,89871.4,89919.9,278821190.73150176
2026-01-21 06:14:59.887000+00:00,2026-01-21 06:00:00+00:00,continuous,89919.9,89920.0,89758.6,89867.3,81239423.44660008
2026-01-21 06:29:59.999000+00:00,2026-01-21 06:15:00+00:00,continuous,89867.2,89892.0,89774.8,89845.5,61933619.8556001
2026-01-21 06:44:59.752000+00:00,2026-01-21 06:30:00+00:00,continuous,89845.5,89845.6,89551.0,89575.7,131698428.43909955
2026-01-21 06:59:59.924000+00:00,2026-01-21 06:45:00+00:00,continuous,89575.7,89618.4,89450.0,89618.4,88923811.78720024
2026-01-21 07:14:59.797000+00:00,2026-01-21 07:00:00+00:00,continuous,89618.4,89733.1,89458.7,89492.1,87584496.94310018
2026-01-21 07:29:59.547000+00:00,2026-01-21 07:15:00+00:00,continuous,89492.1,89644.7,89490.2,89585.6,50340680.50840013
2026-01-21 07:44:59.773000+00:00,2026-01-21 07:30:00+00:00,continuous,89585.7,89585.7,89125.1,89181.3,244189961.1989002
2026-01-21 07:59:59.931000+00:00,2026-01-21 07:45:00+00:00,continuous,89181.3,89239.2,89045.0,89171.3,150773748.74680093
2026-01-21 08:14:59.848000+00:00,2026-01-21 08:00:00+00:00,continuous,89171.3,89276.3,89102.0,89115.3,123985119.07090041
2026-01-21 08:29:59.665000+00:00,2026-01-21 08:15:00+00:00,continuous,89115.4,89350.0,89115.3,89212.0,75517983.49530011
2026-01-21 08:44:59.964000+00:00,2026-01-21 08:30:00+00:00,continuous,89212.0,89257.7,88922.9,88996.6,110272790.22519976
2026-01-21 08:59:59.827000+00:00,2026-01-21 08:45:00+00:00,continuous,88996.7,89216.5,88991.7,89160.4,70142400.1866997
2026-01-21 09:14:59.049000+00:00,2026-01-21 09:00:00+00:00,continuous,89160.4,89260.0,89128.5,89244.9,42868292.91160022
2026-01-21 09:29:59.844000+00:00,2026-01-21 09:15:00+00:00,continuous,89244.9,89412.4,89244.8,89358.2,63118767.10299991
2026-01-21 09:44:58.956000+00:00,2026-01-21 09:30:00+00:00,continuous,89358.3,89449.0,89300.0,89366.1,57118764.43320016
2026-01-21 09:59:59.936000+00:00,2026-01-21 09:45:00+00:00,continuous,89366.1,89393.4,89027.4,89068.5,97498129.37600039
2026-01-21 10:14:59.901000+00:00,2026-01-21 10:00:00+00:00,continuous,89068.5,89300.8,89019.6,89261.5,72435631.79320009
2026-01-21 10:29:59.547000+00:00,2026-01-21 10:15:00+00:00,continuous,89261.5,89350.0,89241.1,89289.8,33946200.31220008
2026-01-21 10:44:59.887000+00:00,2026-01-21 10:30:00+00:00,continuous,89289.8,89356.5,89195.9,89273.9,33652402.58589973
2026-01-21 10:59:58.473000+00:00,2026-01-21 10:45:00+00:00,continuous,89273.9,89280.0,89191.7,89201.0,25219674.224800214
2026-01-21 11:14:59.756000+00:00,2026-01-21 11:00:00+00:00,continuous,89200.8,89270.0,89107.6,89262.5,35016483.26810003
2026-01-21 11:29:59.532000+00:00,2026-01-21 11:15:00+00:00,continuous,89262.4,89350.3,89240.4,89289.5,32053557.653299954
2026-01-21 11:44:58.896000+00:00,2026-01-21 11:30:00+00:00,continuous,89289.5,89300.0,89190.0,89241.5,24453591.903800003
2026-01-21 11:59:59.965000+00:00,2026-01-21 11:45:00+00:00,continuous,89241.4,89260.0,88614.1,88757.1,306302764.3588999
2026-01-21 12:14:59.989000+00:00,2026-01-21 12:00:00+00:00,continuous,88757.0,88817.8,88109.7,88350.0,496580824.3488991
2026-01-21 12:29:59.967000+00:00,2026-01-21 12:15:00+00:00,continuous,88350.5,88455.5,88174.5,88317.1,258612944.86049744
2026-01-21 12:44:59.958000+00:00,2026-01-21 12:30:00+00:00,continuous,88317.0,88633.4,88255.2,88580.3,181539737.04040074
2026-01-21 12:59:59.910000+00:00,2026-01-21 12:45:00+00:00,continuous,88580.2,88735.0,88480.7,88692.5,111910044.65930004
2026-01-21 13:14:59.970000+00:00,2026-01-21 13:00:00+00:00,continuous,88692.5,88957.8,88613.1,88900.1,159002587.5798002
2026-01-21 13:29:59.350000+00:00,2026-01-21 13:15:00+00:00,continuous,88900.0,88930.0,88714.3,88807.0,126429212.13710013
2026-01-21 13:44:59.999000+00:00,2026-01-21 13:30:00+00:00,continuous,88806.9,88999.1,88636.2,88667.0,151367003.7469
2026-01-21 13:59:59.963000+00:00,2026-01-21 13:45:00+00:00,continuous,88667.0,88848.7,88514.5,88631.2,150180533.12569952
2026-01-21 14:14:59.907000+00:00,2026-01-21 14:00:00+00:00,continuous,88631.1,89688.0,88567.0,89527.5,562752351.2432942
2026-01-21 14:29:59.782000+00:00,2026-01-21 14:15:00+00:00,continuous,89527.5,89673.2,89298.0,89551.8,411126502.7130007
2026-01-21 14:44:59.942000+00:00,2026-01-21 14:30:00+00:00,continuous,89551.7,89966.0,89433.5,89637.1,591284007.804307
2026-01-21 14:59:59.775000+00:00,2026-01-21 14:45:00+00:00,continuous,89637.1,89900.0,89306.4,89755.7,291372109.34780097
2026-01-21 15:14:59.982000+00:00,2026-01-21 15:00:00+00:00,continuous,89755.7,90349.4,89705.0,90304.5,477747246.3830045
2026-01-21 15:29:59.918000+00:00,2026-01-21 15:15:00+00:00,continuous,90304.6,90599.5,89935.7,89980.6,525939993.93480116
2026-01-21 15:44:59.802000+00:00,2026-01-21 15:30:00+00:00,continuous,89980.5,90152.7,89795.4,90064.9,204595677.45959997
2026-01-21 15:59:59.803000+00:00,2026-01-21 15:45:00+00:00,continuous,90064.9,90333.0,89932.4,90237.1,149392849.10619897
2026-01-21 16:14:59.912000+00:00,2026-01-21 16:00:00+00:00,continuous,90237.2,90323.8,89699.9,89704.8,309931791.18529683
2026-01-21 16:29:59.652000+00:00,2026-01-21 16:15:00+00:00,continuous,89704.9,89788.4,89211.7,89536.3,375034857.3373008
2026-01-21 16:44:59.891000+00:00,2026-01-21 16:30:00+00:00,continuous,89536.4,89536.4,88053.3,88119.7,747657094.8699086
2026-01-21 16:59:59.998000+00:00,2026-01-21 16:45:00+00:00,continuous,88119.8,88642.9,87537.8,87562.3,899691043.4514078
2026-01-21 17:14:59.965000+00:00,2026-01-21 17:00:00+00:00,continuous,87562.4,88082.0,87205.5,87279.4,668450580.5960982
2026-01-21 17:29:59.839000+00:00,2026-01-21 17:15:00+00:00,continuous,87279.6,87846.0,87215.6,87741.0,398604212.05010366
2026-01-21 17:44:59.959000+00:00,2026-01-21 17:30:00+00:00,continuous,87741.0,88132.2,87461.0,87883.9,332496933.2029997
2026-01-21 17:59:59.553000+00:00,2026-01-21 17:45:00+00:00,continuous,87883.8,88026.5,87802.5,87897.0,157911410.5758011
2026-01-21 18:14:59.783000+00:00,2026-01-21 18:00:00+00:00,continuous,87897.0,88061.7,87550.0,87871.4,215257086.13750094
2026-01-21 18:29:59.786000+00:00,2026-01-21 18:15:00+00:00,continuous,87871.4,88016.7,87804.5,87982.5,119683844.97949998
2026-01-21 18:44:59.602000+00:00,2026-01-21 18:30:00+00:00,continuous,87982.4,88224.8,87908.3,88081.7,138374539.18029898
2026-01-21 18:59:59.647000+00:00,2026-01-21 18:45:00+00:00,continuous,88081.8,88633.0,88077.6,88441.1,276893093.3443997
2026-01-21 19:14:59.583000+00:00,2026-01-21 19:00:00+00:00,continuous,88441.1,88609.5,88230.3,88356.7,170262945.9385993
2026-01-21 19:29:59.828000+00:00,2026-01-21 19:15:00+00:00,continuous,88356.8,89715.9,88324.6,89616.3,568896751.0433025
2026-01-21 19:44:59.922000+00:00,2026-01-21 19:30:00+00:00,continuous,89616.4,90153.6,89465.3,90011.8,855506091.9386055
2026-01-21 19:59:59.664000+00:00,2026-01-21 19:45:00+00:00,continuous,90012.0,90427.6,89835.7,90321.9,533762020.24750555
2026-01-21 20:14:59.693000+00:00,2026-01-21 20:00:00+00:00,continuous,90321.9,90342.5,89700.0,89874.4,350564853.40400034
2026-01-21 20:29:59.768000+00:00,2026-01-21 20:15:00+00:00,continuous,89874.4,89888.5,89413.6,89707.5,263346875.45859957
2026-01-21 20:44:59.179000+00:00,2026-01-21 20:30:00+00:00,continuous,89707.5,89990.0,89556.3,89864.9,209103819.2298992
2026-01-21 20:59:59.938000+00:00,2026-01-21 20:45:00+00:00,continuous,89864.8,90179.9,89850.0,90170.8,191228431.5542009
2026-01-21 21:14:59.239000+00:00,2026-01-21 21:00:00+00:00,continuous,90170.9,90177.2,89895.3,90065.5,142383826.46490067
2026-01-21 21:29:59.718000+00:00,2026-01-21 21:15:00+00:00,continuous,90065.4,90312.4,90008.6,90038.1,135104603.70660022
2026-01-21 21:44:59.081000+00:00,2026-01-21 21:30:00+00:00,continuous,90038.1,90232.0,90016.4,90215.0,77687172.60960007
2026-01-21 21:59:59.671000+00:00,2026-01-21 21:45:00+00:00,continuous,90215.0,90240.5,90098.1,90203.8,52195262.27310014
2026-01-21 22:14:59.863000+00:00,2026-01-21 22:00:00+00:00,continuous,90203.8,90349.0,90161.1,90167.8,84978036.08259974
2026-01-21 22:29:59.342000+00:00,2026-01-21 22:15:00+00:00,continuous,90167.8,90191.9,89900.0,89953.0,89817281.36020005
2026-01-21 22:44:59.442000+00:00,2026-01-21 22:30:00+00:00,continuous,89953.1,90069.0,89852.7,89915.0,65763689.497400165
2026-01-21 22:59:59.830000+00:00,2026-01-21 22:45:00+00:00,continuous,89915.0,89965.3,89700.4,89728.5,67619771.94200021
2026-01-21 23:14:59.687000+00:00,2026-01-21 23:00:00+00:00,continuous,89728.4,90191.9,89671.3,90148.7,196060228.21330026
2026-01-21 23:29:59.918000+00:00,2026-01-21 23:15:00+00:00,continuous,90148.7,90148.8,89835.3,89985.3,70943832.96269973
2026-01-21 23:44:59.817000+00:00,2026-01-21 23:30:00+00:00,continuous,89985.3,89985.3,89500.3,89506.6,150695654.51249975
2026-01-21 23:59:59.964000+00:00,2026-01-21 23:45:00+00:00,continuous,89506.7,89590.5,89317.9,89411.4,169701076.9393004
2026-01-22 00:14:59.775000+00:00,2026-01-22 00:00:00+00:00,continuous,89411.4,89684.1,89411.3,89669.2,136401895.87229952
2026-01-22 00:29:59.887000+00:00,2026-01-22 00:15:00+00:00,continuous,89669.2,89855.0,89558.0,89797.6,80523466.48470058
2026-01-22 00:44:59.681000+00:00,2026-01-22 00:30:00+00:00,continuous,89797.7,89966.8,89791.4,89893.7,60443730.65610011
2026-01-22 00:59:59.701000+00:00,2026-01-22 00:45:00+00:00,continuous,89893.8,90000.0,89821.4,89869.6,56991774.90790011
2026-01-22 01:14:59.825000+00:00,2026-01-22 01:00:00+00:00,continuous,89869.7,90076.6,89770.3,89967.4,85139605.36499959
2026-01-22 01:29:59.667000+00:00,2026-01-22 01:15:00+00:00,continuous,89967.3,90164.3,89951.9,90090.0,96024580.89409962
2026-01-22 01:44:59.384000+00:00,2026-01-22 01:30:00+00:00,continuous,90090.0,90149.9,89873.8,89958.7,54901904.68499992
2026-01-22 01:59:59.882000+00:00,2026-01-22 01:45:00+00:00,continuous,89958.8,90137.9,89905.7,90071.1,41156364.435699895
2026-01-22 02:14:59.879000+00:00,2026-01-22 02:00:00+00:00,continuous,90071.1,90181.1,89983.7,90137.3,77913673.95560001
2026-01-22 02:29:59.999000+00:00,2026-01-22 02:15:00+00:00,continuous,90137.3,90327.7,90099.1,90248.7,96555864.29649916
2026-01-22 02:44:59.120000+00:00,2026-01-22 02:30:00+00:00,continuous,90248.7,90248.7,90001.1,90081.3,68563914.37990016
2026-01-22 02:59:59.572000+00:00,2026-01-22 02:45:00+00:00,continuous,90081.2,90081.3,89805.6,89901.8,102507565.08850057
2026-01-22 03:14:59.819000+00:00,2026-01-22 03:00:00+00:00,continuous,89901.9,90128.0,89901.9,90061.4,52776260.60790033
2026-01-22 03:29:59.880000+00:00,2026-01-22 03:15:00+00:00,continuous,90061.4,90061.4,89800.9,89897.4,76223250.32209946
2026-01-22 03:44:59.389000+00:00,2026-01-22 03:30:00+00:00,continuous,89897.4,89897.5,89660.3,89797.2,103737416.67139977
2026-01-22 03:59:59.558000+00:00,2026-01-22 03:45:00+00:00,continuous,89797.2,89863.4,89776.3,89857.0,25580793.99829991
2026-01-22 04:14:59.538000+00:00,2026-01-22 04:00:00+00:00,continuous,89856.9,89949.6,89801.0,89845.1,39784568.37419985
2026-01-22 04:29:59.560000+00:00,2026-01-22 04:15:00+00:00,continuous,89845.1,89945.9,89785.0,89945.8,29291139.541200142
2026-01-22 04:44:57.862000+00:00,2026-01-22 04:30:00+00:00,continuous,89945.9,89987.2,89862.4,89952.7,41647165.304999724
2026-01-22 04:59:59.073000+00:00,2026-01-22 04:45:00+00:00,continuous,89952.8,90045.7,89932.7,89958.3,69052379.13609976
2026-01-22 05:14:59.247000+00:00,2026-01-22 05:00:00+00:00,continuous,89958.2,90041.3,89946.4,90003.0,20362196.799999982
2026-01-22 05:29:59.322000+00:00,2026-01-22 05:15:00+00:00,continuous,90002.9,90009.6,89922.4,89930.1,23217316.32600007
2026-01-22 05:44:58.823000+00:00,2026-01-22 05:30:00+00:00,continuous,89930.1,90009.3,89879.7,89964.1,32380437.14619999
2026-01-22 05:59:59.306000+00:00,2026-01-22 05:45:00+00:00,continuous,89964.1,90020.6,89882.3,89981.8,47109881.27940015
2026-01-22 06:14:59.476000+00:00,2026-01-22 06:00:00+00:00,continuous,89981.8,90091.6,89850.0,89995.2,70168972.21000005
2026-01-22 06:29:59.421000+00:00,2026-01-22 06:15:00+00:00,continuous,89995.1,90047.4,89937.0,89962.0,35995452.076100126
2026-01-22 06:44:59.823000+00:00,2026-01-22 06:30:00+00:00,continuous,89962.0,90155.9,89950.5,90110.3,66341412.2096998
2026-01-22 06:59:59.951000+00:00,2026-01-22 06:45:00+00:00,continuous,90110.3,90170.1,90099.9,90122.9,53266595.754399925
2026-01-22 07:14:59.828000+00:00,2026-01-22 07:00:00+00:00,continuous,90122.9,90153.2,90010.8,90016.8,59241307.150800005
2026-01-22 07:29:59.773000+00:00,2026-01-22 07:15:00+00:00,continuous,90016.8,90050.8,89872.8,89924.0,75448420.45219998
2026-01-22 07:44:59.865000+00:00,2026-01-22 07:30:00+00:00,continuous,89923.9,89942.5,89840.7,89897.2,48695338.45060013
2026-01-22 07:59:59.941000+00:00,2026-01-22 07:45:00+00:00,continuous,89897.2,89909.5,89750.0,89772.6,52349660.269499965
2026-01-22 08:14:59.983000+00:00,2026-01-22 08:00:00+00:00,continuous,89772.5,89927.8,89701.9,89727.1,77607595.64719981
2026-01-22 08:29:59.829000+00:00,2026-01-22 08:15:00+00:00,continuous,89727.2,89899.3,89718.0,89830.1,42855173.84699983
2026-01-22 08:44:59.827000+00:00,2026-01-22 08:30:00+00:00,continuous,89830.2,89862.1,89748.0,89784.9,31784469.838999853
2026-01-22 08:59:58.041000+00:00,2026-01-22 08:45:00+00:00,continuous,89784.8,89920.6,89757.8,89878.6,33632775.22870007
2026-01-22 09:14:59.342000+00:00,2026-01-22 09:00:00+00:00,continuous,89878.5,90033.0,89844.7,90001.0,51780102.510999866
2026-01-22 09:29:59.402000+00:00,2026-01-22 09:15:00+00:00,continuous,90001.0,90049.9,89916.3,89953.4,38402023.10729987
2026-01-22 09:44:59.872000+00:00,2026-01-22 09:30:00+00:00,continuous,89953.5,90085.2,89902.5,90066.7,57284335.1692
2026-01-22 09:59:58.992000+00:00,2026-01-22 09:45:00+00:00,continuous,90066.6,90074.0,89983.4,89995.0,29002036.841299992
2026-01-22 10:14:59.990000+00:00,2026-01-22 10:00:00+00:00,continuous,89994.9,90016.0,89900.0,89997.5,69260625.92820013
2026-01-22 10:29:59.963000+00:00,2026-01-22 10:15:00+00:00,continuous,89997.5,90070.3,89944.1,89996.8,71113405.34569997
2026-01-22 10:44:59.945000+00:00,2026-01-22 10:30:00+00:00,continuous,89996.7,90034.4,89980.2,90017.0,49021081.72970002
2026-01-22 10:59:59.761000+00:00,2026-01-22 10:45:00+00:00,continuous,90017.0,90074.4,89988.0,90046.6,37945957.48200004
2026-01-22 11:14:59.937000+00:00,2026-01-22 11:00:00+00:00,continuous,90046.6,90123.0,89899.0,89952.9,61009784.56319999
2026-01-22 11:29:59.898000+00:00,2026-01-22 11:15:00+00:00,continuous,89952.8,89996.0,89871.5,89914.5,62334721.38180039
2026-01-22 11:44:59.902000+00:00,2026-01-22 11:30:00+00:00,continuous,89914.6,89993.3,89865.0,89950.5,66953574.68330017
2026-01-22 11:59:59.862000+00:00,2026-01-22 11:45:00+00:00,continuous,89950.5,90050.0,89877.4,89909.6,51066169.97389982
2026-01-22 12:14:59.890000+00:00,2026-01-22 12:00:00+00:00,continuous,89909.7,90024.9,89843.7,89975.0,88655626.39790002
2026-01-22 12:29:59.977000+00:00,2026-01-22 12:15:00+00:00,continuous,89975.0,90017.7,89950.9,89990.1,36879446.98929986
2026-01-22 12:44:59.994000+00:00,2026-01-22 12:30:00+00:00,continuous,89990.1,90064.9,89946.8,89997.7,64554657.890999965
2026-01-22 12:59:59.727000+00:00,2026-01-22 12:45:00+00:00,continuous,89997.6,90019.0,89950.1,89985.8,40597443.35139995
2026-01-22 13:14:59.939000+00:00,2026-01-22 13:00:00+00:00,continuous,89985.7,90018.9,89957.5,90017.9,38390871.275400095
2026-01-22 13:29:59.884000+00:00,2026-01-22 13:15:00+00:00,continuous,90017.9,90160.2,90017.9,90153.5,80263395.73509984
2026-01-22 13:44:59.824000+00:00,2026-01-22 13:30:00+00:00,continuous,90153.4,90309.5,89500.1,89579.8,463160683.80450004
2026-01-22 13:59:59.797000+00:00,2026-01-22 13:45:00+00:00,continuous,89579.9,89700.1,89446.0,89570.0,214112316.27450046
2026-01-22 14:14:59.940000+00:00,2026-01-22 14:00:00+00:00,continuous,89570.0,89678.8,89355.8,89661.2,193931624.42010042
2026-01-22 14:29:59.410000+00:00,2026-01-22 14:15:00+00:00,continuous,89661.3,89661.3,89298.6,89532.0,120432719.86129989
2026-01-22 14:44:59.981000+00:00,2026-01-22 14:30:00+00:00,continuous,89532.1,89714.5,89090.9,89450.0,524940327.0210006
2026-01-22 14:59:59.997000+00:00,2026-01-22 14:45:00+00:00,continuous,89450.0,89473.7,89012.7,89055.0,347240720.4729965
2026-01-22 15:14:59.786000+00:00,2026-01-22 15:00:00+00:00,continuous,89055.1,89345.8,88975.0,89220.3,320924244.70919985
2026-01-22 15:29:59.996000+00:00,2026-01-22 15:15:00+00:00,continuous,89220.3,89330.0,88560.0,88626.0,530409522.18659765
2026-01-22 15:44:59.974000+00:00,2026-01-22 15:30:00+00:00,continuous,88626.1,89150.0,88465.6,89113.1,396246356.1198003
2026-01-22 15:59:59.992000+00:00,2026-01-22 15:45:00+00:00,continuous,89113.2,89415.0,88900.0,88953.6,295723010.6611009
2026-01-22 16:14:59.835000+00:00,2026-01-22 16:00:00+00:00,continuous,88953.7,89162.9,88710.6,88803.9,220151530.74850115
2026-01-22 16:29:59.973000+00:00,2026-01-22 16:15:00+00:00,continuous,88803.8,89162.5,88630.2,88953.0,246879476.97249833
2026-01-22 16:44:59.025000+00:00,2026-01-22 16:30:00+00:00,continuous,88952.9,89100.0,88718.3,88925.7,182095962.47969967
2026-01-22 16:59:59.826000+00:00,2026-01-22 16:45:00+00:00,continuous,88925.7,89231.1,88851.3,89006.9,136139383.4219996
2026-01-22 17:14:59.356000+00:00,2026-01-22 17:00:00+00:00,continuous,89006.9,89394.5,88971.5,89180.6,158703548.98980093
2026-01-22 17:29:59.321000+00:00,2026-01-22 17:15:00+00:00,continuous,89180.6,89389.6,89010.2,89107.1,106134432.08269975
2026-01-22 17:44:59.781000+00:00,2026-01-22 17:30:00+00:00,continuous,89107.1,89261.4,89032.9,89187.3,60607983.736299895
2026-01-22 17:59:59.996000+00:00,2026-01-22 17:45:00+00:00,continuous,89187.3,89576.5,89187.3,89500.0,145183049.79409984
2026-01-22 18:14:59.438000+00:00,2026-01-22 18:00:00+00:00,continuous,89500.1,89584.4,89341.9,89423.9,111259485.29490001
2026-01-22 18:29:59.926000+00:00,2026-01-22 18:15:00+00:00,continuous,89424.0,89756.0,89420.0,89573.3,115586964.29920071
2026-01-22 18:44:59.547000+00:00,2026-01-22 18:30:00+00:00,continuous,89573.2,89725.3,89550.0,89620.6,61247310.209500335
2026-01-22 18:59:59.727000+00:00,2026-01-22 18:45:00+00:00,continuous,89620.7,89673.9,89255.9,89295.5,90973170.8471998
2026-01-22 19:14:59.548000+00:00,2026-01-22 19:00:00+00:00,continuous,89295.4,89432.0,89065.0,89360.5,100059553.31580074
2026-01-22 19:29:59.111000+00:00,2026-01-22 19:15:00+00:00,continuous,89360.5,89539.8,89270.0,89468.7,45663985.95440001
2026-01-22 19:44:59.761000+00:00,2026-01-22 19:30:00+00:00,continuous,89468.6,89844.1,89446.4,89796.7,117033101.0213
2026-01-22 19:59:59.952000+00:00,2026-01-22 19:45:00+00:00,continuous,89796.8,89882.1,89576.1,89732.9,148103871.9276999
2026-01-22 20:14:59.894000+00:00,2026-01-22 20:00:00+00:00,continuous,89732.8,89887.6,89650.0,89878.2,114301567.71869992
2026-01-22 20:29:59.138000+00:00,2026-01-22 20:15:00+00:00,continuous,89878.2,89908.5,89516.5,89528.3,66745674.71639977
2026-01-22 20:44:59.314000+00:00,2026-01-22 20:30:00+00:00,continuous,89528.3,89675.7,89426.3,89468.1,59608544.57729985
2026-01-22 20:59:59.899000+00:00,2026-01-22 20:45:00+00:00,continuous,89468.0,89522.2,89355.0,89370.7,58490258.3792999
2026-01-22 21:14:59.865000+00:00,2026-01-22 21:00:00+00:00,continuous,89370.8,89595.0,89336.6,89500.1,41789029.09849979
2026-01-22 21:29:59.997000+00:00,2026-01-22 21:15:00+00:00,continuous,89500.1,89634.7,89500.0,89534.5,44905199.393099815
2026-01-22 21:44:59.910000+00:00,2026-01-22 21:30:00+00:00,continuous,89534.4,89567.8,89347.0,89347.1,34417563.87129997
2026-01-22 21:59:59.939000+00:00,2026-01-22 21:45:00+00:00,continuous,89347.0,89347.1,89200.0,89222.1,76772929.3163002
2026-01-22 22:14:59.928000+00:00,2026-01-22 22:00:00+00:00,continuous,89222.2,89535.1,89095.5,89452.2,112058152.48
2026-01-22 22:29:59.764000+00:00,2026-01-22 22:15:00+00:00,continuous,89452.3,89490.5,89322.5,89380.2,36064006.2838
2026-01-22 22:44:59.025000+00:00,2026-01-22 22:30:00+00:00,continuous,89380.1,89383.8,89128.0,89221.6,37790927.69749986
2026-01-22 22:59:59.548000+00:00,2026-01-22 22:45:00+00:00,continuous,89221.5,89336.5,89221.5,89304.7,34432410.69069992
2026-01-22 23:14:58.426000+00:00,2026-01-22 23:00:00+00:00,continuous,89304.7,89336.6,89124.8,89262.8,59154660.131100245
2026-01-22 23:29:59.471000+00:00,2026-01-22 23:15:00+00:00,continuous,89262.9,89480.0,89252.9,89399.6,36868157.47449997
2026-01-22 23:44:58.397000+00:00,2026-01-22 23:30:00+00:00,continuous,89399.6,89554.2,89365.2,89461.7,31993288.733099964
2026-01-22 23:59:59.643000+00:00,2026-01-22 23:45:00+00:00,continuous,89461.7,89519.7,89461.7,89518.5,20791585.19399997
2026-01-23 00:14:59.715000+00:00,2026-01-23 00:00:00+00:00,continuous,89518.4,89518.5,89400.0,89500.0,32988127.61289994
2026-01-23 00:29:59.587000+00:00,2026-01-23 00:15:00+00:00,continuous,89500.0,89600.0,89488.5,89565.6,30015452.415299978
2026-01-23 00:44:59.705000+00:00,2026-01-23 00:30:00+00:00,continuous,89565.7,89583.3,89464.5,89515.8,19932465.19169998
2026-01-23 00:59:59.774000+00:00,2026-01-23 00:45:00+00:00,continuous,89515.8,89576.0,89477.0,89484.6,38933631.58569997
2026-01-23 01:14:59.173000+00:00,2026-01-23 01:00:00+00:00,continuous,89484.6,89645.3,89484.6,89558.4,34805683.60099995
2026-01-23 01:29:59.798000+00:00,2026-01-23 01:15:00+00:00,continuous,89558.4,89664.1,89558.4,89653.6,33348822.710699975
2026-01-23 01:44:59.550000+00:00,2026-01-23 01:30:00+00:00,continuous,89653.7,89828.7,89600.1,89781.6,63502670.14689996
2026-01-23 01:59:59.762000+00:00,2026-01-23 01:45:00+00:00,continuous,89781.5,89900.0,89726.7,89893.7,47422695.530400015
2026-01-23 02:14:59.953000+00:00,2026-01-23 02:00:00+00:00,continuous,89893.7,89948.9,89751.3,89905.0,76910500.48559983
2026-01-23 02:29:59.994000+00:00,2026-01-23 02:15:00+00:00,continuous,89905.0,89905.0,89683.0,89722.0,32160748.2996
2026-01-23 02:44:58.323000+00:00,2026-01-23 02:30:00+00:00,continuous,89721.9,89789.9,89701.0,89740.7,42986113.808699965
2026-01-23 02:59:59.918000+00:00,2026-01-23 02:45:00+00:00,continuous,89740.8,89771.9,89605.0,89611.2,38462191.772599906
2026-01-23 03:14:59.909000+00:00,2026-01-23 03:00:00+00:00,continuous,89611.3,89768.3,89590.5,89768.3,44248064.4384001
2026-01-23 03:29:59.523000+00:00,2026-01-23 03:15:00+00:00,continuous,89768.2,89875.2,89755.5,89851.0,44364422.065200016
2026-01-23 03:44:59.621000+00:00,2026-01-23 03:30:00+00:00,continuous,89851.0,89887.3,89757.3,89850.0,34120162.5643
2026-01-23 03:59:59.759000+00:00,2026-01-23 03:45:00+00:00,continuous,89850.0,89886.2,89814.4,89886.1,23038879.243599873
2026-01-23 04:14:59.956000+00:00,2026-01-23 04:00:00+00:00,continuous,89886.2,90046.6,89835.4,90034.6,80114614.5602001
2026-01-23 04:29:59.279000+00:00,2026-01-23 04:15:00+00:00,continuous,90034.6,90050.0,89914.8,89939.5,47879487.30649998
2026-01-23 04:44:59.108000+00:00,2026-01-23 04:30:00+00:00,continuous,89939.4,90000.0,89870.0,89935.9,38893548.74589998
2026-01-23 04:59:59.753000+00:00,2026-01-23 04:45:00+00:00,continuous,89935.9,89994.6,89922.5,89922.5,39958959.75029991
2026-01-23 05:14:59.972000+00:00,2026-01-23 05:00:00+00:00,continuous,89922.6,89928.3,89814.0,89844.5,44143641.9227997
2026-01-23 05:29:59.800000+00:00,2026-01-23 05:15:00+00:00,continuous,89844.6,89844.6,89481.0,89603.5,125805280.13319953
2026-01-23 05:44:59.501000+00:00,2026-01-23 05:30:00+00:00,continuous,89603.5,89663.2,89573.3,89597.6,48961031.19870019
2026-01-23 05:59:59.693000+00:00,2026-01-23 05:45:00+00:00,continuous,89597.7,89640.2,89434.4,89573.8,69529870.39570001
2026-01-23 06:14:59.908000+00:00,2026-01-23 06:00:00+00:00,continuous,89573.8,89771.1,89512.9,89695.1,75059946.31810048
2026-01-23 06:29:59.971000+00:00,2026-01-23 06:15:00+00:00,continuous,89695.0,89724.4,89358.0,89433.6,75078096.90930013
2026-01-23 06:44:59.936000+00:00,2026-01-23 06:30:00+00:00,continuous,89433.7,89628.1,89433.0,89609.6,50001823.52840019
2026-01-23 06:59:59.335000+00:00,2026-01-23 06:45:00+00:00,continuous,89609.5,89624.6,89455.4,89474.9,40857337.11869988
2026-01-23 07:14:59.847000+00:00,2026-01-23 07:00:00+00:00,continuous,89475.0,89532.0,89432.1,89514.7,54533414.26809983
2026-01-23 07:29:59.867000+00:00,2026-01-23 07:15:00+00:00,continuous,89514.7,89653.5,89511.8,89600.0,35453014.76290012
2026-01-23 07:44:59.941000+00:00,2026-01-23 07:30:00+00:00,continuous,89600.1,89640.8,89502.4,89537.0,42719224.670399845
2026-01-23 07:59:59.720000+00:00,2026-01-23 07:45:00+00:00,continuous,89537.1,89576.7,89400.1,89497.2,59044774.14509991
2026-01-23 08:14:59.946000+00:00,2026-01-23 08:00:00+00:00,continuous,89497.3,89590.9,89440.9,89511.2,50278581.90589974
2026-01-23 08:29:59.892000+00:00,2026-01-23 08:15:00+00:00,continuous,89511.2,89529.4,89285.5,89290.4,78013109.95040028
2026-01-23 08:44:59.679000+00:00,2026-01-23 08:30:00+00:00,continuous,89290.3,89362.2,89099.0,89318.8,187378186.00829887
2026-01-23 08:59:59.726000+00:00,2026-01-23 08:45:00+00:00,continuous,89318.8,89387.9,89140.1,89185.1,57869316.508900054
2026-01-23 09:14:59.667000+00:00,2026-01-23 09:00:00+00:00,continuous,89185.1,89350.0,89164.2,89191.9,53632572.106999524
2026-01-23 09:29:59.989000+00:00,2026-01-23 09:15:00+00:00,continuous,89191.9,89192.0,88939.3,89126.7,148772517.56159803
2026-01-23 09:44:59.395000+00:00,2026-01-23 09:30:00+00:00,continuous,89127.0,89149.7,88931.8,88979.1,97127205.25650021
2026-01-23 09:59:59.757000+00:00,2026-01-23 09:45:00+00:00,continuous,88979.0,88980.2,88850.0,88939.9,109891565.38720007
2026-01-23 10:14:59.089000+00:00,2026-01-23 10:00:00+00:00,continuous,88940.0,89055.1,88823.3,89020.8,74796235.68699977
2026-01-23 10:29:58.084000+00:00,2026-01-23 10:15:00+00:00,continuous,89020.8,89100.0,88966.1,89070.3,69356443.45129994
2026-01-23 10:44:59.901000+00:00,2026-01-23 10:30:00+00:00,continuous,89070.3,89093.6,88944.0,89081.6,58170197.23450008
2026-01-23 10:59:59.474000+00:00,2026-01-23 10:45:00+00:00,continuous,89081.6,89120.3,88980.0,89016.6,45098075.66459951
2026-01-23 11:14:59.922000+00:00,2026-01-23 11:00:00+00:00,continuous,89016.6,89200.0,88966.7,89182.3,100539667.82280006
2026-01-23 11:29:59.861000+00:00,2026-01-23 11:15:00+00:00,continuous,89182.3,89240.8,89164.2,89194.5,43800589.924899764
2026-01-23 11:44:59.358000+00:00,2026-01-23 11:30:00+00:00,continuous,89194.4,89319.0,89189.4,89211.7,47466781.66619988
2026-01-23 11:59:59.648000+00:00,2026-01-23 11:45:00+00:00,continuous,89211.6,89248.6,89130.0,89171.2,29218932.137299933
2026-01-23 12:14:59.915000+00:00,2026-01-23 12:00:00+00:00,continuous,89171.3,89214.5,89120.0,89120.0,30065344.757399987
2026-01-23 12:29:59.535000+00:00,2026-01-23 12:15:00+00:00,continuous,89120.0,89151.6,89089.7,89128.6,32832596.141400047
2026-01-23 12:44:58.701000+00:00,2026-01-23 12:30:00+00:00,continuous,89128.7,89207.7,89056.6,89207.7,28882609.747700043
2026-01-23 12:59:59.692000+00:00,2026-01-23 12:45:00+00:00,continuous,89207.6,89342.0,89207.6,89220.0,57149176.81539985
2026-01-23 13:14:59.690000+00:00,2026-01-23 13:00:00+00:00,continuous,89220.0,89380.0,89189.8,89365.9,54775238.912700064
2026-01-23 13:29:58.753000+00:00,2026-01-23 13:15:00+00:00,continuous,89365.8,89392.3,89222.9,89222.9,77838011.55060028
2026-01-23 13:44:59.907000+00:00,2026-01-23 13:30:00+00:00,continuous,89223.0,89322.0,89202.1,89318.7,30046150.415499914
2026-01-23 13:59:59.204000+00:00,2026-01-23 13:45:00+00:00,continuous,89318.8,89411.2,89265.3,89310.6,38104210.54769986
2026-01-23 14:14:59.323000+00:00,2026-01-23 14:00:00+00:00,continuous,89310.5,89430.7,89206.9,89409.0,50044677.53430009
2026-01-23 14:29:59.992000+00:00,2026-01-23 14:15:00+00:00,continuous,89409.0,89689.8,89378.1,89638.2,213458793.44069988
2026-01-23 14:44:59.901000+00:00,2026-01-23 14:30:00+00:00,continuous,89638.2,89691.7,88590.6,88926.1,613243082.2645999
2026-01-23 14:59:59.691000+00:00,2026-01-23 14:45:00+00:00,continuous,88926.1,89099.1,88650.0,88976.0,235068863.18190056
2026-01-23 15:14:59.814000+00:00,2026-01-23 15:00:00+00:00,continuous,88976.0,89157.6,88725.7,88783.2,172350888.6691991
2026-01-23 15:29:59.968000+00:00,2026-01-23 15:15:00+00:00,continuous,88783.2,89250.0,88530.0,88931.1,295461632.6235987
2026-01-23 15:44:59.851000+00:00,2026-01-23 15:30:00+00:00,continuous,88930.9,89247.2,88884.0,89219.5,127220603.33489934
2026-01-23 15:59:59.964000+00:00,2026-01-23 15:45:00+00:00,continuous,89219.5,89847.2,89212.4,89711.2,364721383.00799924
2026-01-23 16:14:59.909000+00:00,2026-01-23 16:00:00+00:00,continuous,89711.3,89932.9,89600.0,89709.7,289798623.5809994
2026-01-23 16:29:59.786000+00:00,2026-01-23 16:15:00+00:00,continuous,89709.7,89726.2,89466.6,89528.5,178505960.57510227
2026-01-23 16:44:59.844000+00:00,2026-01-23 16:30:00+00:00,continuous,89528.5,90400.0,89438.0,90233.1,527470688.9591968
2026-01-23 16:59:59.854000+00:00,2026-01-23 16:45:00+00:00,continuous,90233.0,90455.0,90066.9,90079.0,302406557.1324992
2026-01-23 17:14:59.859000+00:00,2026-01-23 17:00:00+00:00,continuous,90079.1,90166.5,89931.2,90166.5,143120478.7939
2026-01-23 17:29:59.886000+00:00,2026-01-23 17:15:00+00:00,continuous,90166.6,90968.4,90166.6,90945.1,500756289.6666028
2026-01-23 17:44:59.941000+00:00,2026-01-23 17:30:00+00:00,continuous,90945.1,91195.0,90723.9,90795.9,578226247.010101
2026-01-23 17:59:59.806000+00:00,2026-01-23 17:45:00+00:00,continuous,90796.0,91025.9,90517.5,90576.0,309709316.75340104
2026-01-23 18:14:59.888000+00:00,2026-01-23 18:00:00+00:00,continuous,90576.0,91003.5,90411.8,90706.4,257813035.77670068
2026-01-23 18:29:59.486000+00:00,2026-01-23 18:15:00+00:00,continuous,90706.5,90915.6,90596.9,90828.6,126242177.51480049
2026-01-23 18:44:59.458000+00:00,2026-01-23 18:30:00+00:00,continuous,90828.5,90986.0,90627.2,90700.8,158480025.27140006
2026-01-23 18:59:59.717000+00:00,2026-01-23 18:45:00+00:00,continuous,90700.9,90700.9,90447.0,90486.3,151978910.68100005
2026-01-23 19:14:59.955000+00:00,2026-01-23 19:00:00+00:00,continuous,90486.3,90499.5,90155.9,90228.6,374337849.72119933
2026-01-23 19:29:59.812000+00:00,2026-01-23 19:15:00+00:00,continuous,90228.7,90230.6,89681.5,89796.0,554812808.1588985
2026-01-23 19:44:59.867000+00:00,2026-01-23 19:30:00+00:00,continuous,89796.6,89845.9,89550.0,89830.1,252213492.03749946
2026-01-23 19:59:59.734000+00:00,2026-01-23 19:45:00+00:00,continuous,89830.1,89986.4,89679.1,89938.3,111082555.0051997
2026-01-23 20:14:59.932000+00:00,2026-01-23 20:00:00+00:00,continuous,89938.3,90124.1,89801.0,90071.3,114737251.95420052
2026-01-23 20:29:59.745000+00:00,2026-01-23 20:15:00+00:00,continuous,90071.3,90095.6,89762.7,89765.1,66863148.95249971
2026-01-23 20:44:59.762000+00:00,2026-01-23 20:30:00+00:00,continuous,89765.0,89765.0,89200.0,89375.1,278095255.81959873
2026-01-23 20:59:59.677000+00:00,2026-01-23 20:45:00+00:00,continuous,89375.0,89523.6,89163.6,89456.4,156574197.296701
2026-01-23 21:14:59.886000+00:00,2026-01-23 21:00:00+00:00,continuous,89456.5,89667.5,89397.0,89560.4,116430309.3428997
2026-01-23 21:29:59.711000+00:00,2026-01-23 21:15:00+00:00,continuous,89560.5,89643.4,89436.7,89550.1,42632638.0982
2026-01-23 21:44:59.895000+00:00,2026-01-23 21:30:00+00:00,continuous,89550.0,89579.5,89353.7,89392.4,38478739.8733001
2026-01-23 21:59:58.791000+00:00,2026-01-23 21:45:00+00:00,continuous,89392.5,89435.3,89268.0,89301.2,49621058.92339984
2026-01-23 22:14:59.994000+00:00,2026-01-23 22:00:00+00:00,continuous,89301.2,89719.1,89289.0,89583.1,84740881.47060037
2026-01-23 22:29:59.085000+00:00,2026-01-23 22:15:00+00:00,continuous,89583.1,89706.1,89547.9,89664.5,32218446.11430006
2026-01-23 22:44:59.919000+00:00,2026-01-23 22:30:00+00:00,continuous,89664.4,89704.1,89541.2,89541.2,46382175.57920017
2026-01-23 22:59:59.449000+00:00,2026-01-23 22:45:00+00:00,continuous,89541.3,89613.6,89508.5,89585.3,21407538.29680001
2026-01-23 23:14:59.212000+00:00,2026-01-23 23:00:00+00:00,continuous,89585.4,89585.4,89476.6,89534.6,30941635.7629
2026-01-23 23:29:58.851000+00:00,2026-01-23 23:15:00+00:00,continuous,89534.5,89550.0,89459.0,89520.1,23675230.930300035
2026-01-23 23:44:59.854000+00:00,2026-01-23 23:30:00+00:00,continuous,89520.1,89540.8,89471.5,89476.2,17291816.064499944
2026-01-23 23:59:59.880000+00:00,2026-01-23 23:45:00+00:00,continuous,89476.2,89595.7,89427.5,89558.7,30118154.639600042
2026-01-24 00:14:59.838000+00:00,2026-01-24 00:00:00+00:00,continuous,89558.7,89591.0,89467.8,89467.8,33422236.28349994
2026-01-24 00:29:59.774000+00:00,2026-01-24 00:15:00+00:00,continuous,89467.9,89532.9,89420.4,89420.5,20675565.54480001
2026-01-24 00:44:59.740000+00:00,2026-01-24 00:30:00+00:00,continuous,89420.4,89514.4,89415.1,89440.2,28999530.790099867
2026-01-24 00:59:59.996000+00:00,2026-01-24 00:45:00+00:00,continuous,89440.1,89448.3,89383.5,89414.2,30260506.15370003
2026-01-24 01:14:59.918000+00:00,2026-01-24 01:00:00+00:00,continuous,89414.2,89481.9,89410.6,89477.6,18911589.49419997
2026-01-24 01:29:59.614000+00:00,2026-01-24 01:15:00+00:00,continuous,89477.5,89553.6,89457.0,89535.2,34593779.01360002
2026-01-24 01:44:59.730000+00:00,2026-01-24 01:30:00+00:00,continuous,89535.2,89535.2,89431.0,89500.6,21901413.847400025
2026-01-24 01:59:57.091000+00:00,2026-01-24 01:45:00+00:00,continuous,89500.5,89513.2,89474.4,89512.8,15771014.23320003
2026-01-24 02:14:58.252000+00:00,2026-01-24 02:00:00+00:00,continuous,89512.8,89631.3,89512.8,89583.3,28345643.747400057
2026-01-24 02:29:59.925000+00:00,2026-01-24 02:15:00+00:00,continuous,89583.3,89639.4,89552.9,89577.1,22765565.74160003
2026-01-24 02:44:59.486000+00:00,2026-01-24 02:30:00+00:00,continuous,89577.0,89650.5,89567.7,89650.4,21747350.130399894
2026-01-24 02:59:59.802000+00:00,2026-01-24 02:45:00+00:00,continuous,89650.4,89680.0,89617.2,89666.2,36882378.23850003
2026-01-24 03:14:59.984000+00:00,2026-01-24 03:00:00+00:00,continuous,89666.3,89838.0,89631.6,89838.0,92520403.80139995
2026-01-24 03:29:59.736000+00:00,2026-01-24 03:15:00+00:00,continuous,89838.0,89893.9,89753.5,89893.8,55311395.32149987
2026-01-24 03:44:59.710000+00:00,2026-01-24 03:30:00+00:00,continuous,89893.8,89893.8,89751.9,89801.8,34570200.80000001
2026-01-24 03:59:59.653000+00:00,2026-01-24 03:45:00+00:00,continuous,89801.8,89804.0,89704.0,89738.4,32026849.86940005
2026-01-24 04:14:59.497000+00:00,2026-01-24 04:00:00+00:00,continuous,89738.4,89795.0,89728.6,89770.1,18670504.853099912
2026-01-24 04:29:59.205000+00:00,2026-01-24 04:15:00+00:00,continuous,89770.0,89782.0,89673.4,89687.3,24141087.511199728
2026-01-24 04:44:58.830000+00:00,2026-01-24 04:30:00+00:00,continuous,89687.2,89736.9,89687.2,89727.9,17619605.152500175
2026-01-24 04:59:57.223000+00:00,2026-01-24 04:45:00+00:00,continuous,89727.8,89820.1,89705.5,89806.7,25206940.997600093
2026-01-24 05:14:59.921000+00:00,2026-01-24 05:00:00+00:00,continuous,89806.8,89815.0,89749.7,89790.7,30367051.20719986
2026-01-24 05:29:59.723000+00:00,2026-01-24 05:15:00+00:00,continuous,89790.6,89817.4,89779.3,89779.3,15524630.40580004
2026-01-24 05:44:59.284000+00:00,2026-01-24 05:30:00+00:00,continuous,89779.4,89779.4,89715.5,89730.8,20316678.01850003
2026-01-24 05:59:58.978000+00:00,2026-01-24 05:45:00+00:00,continuous,89730.7,89750.0,89715.5,89744.5,11615545.76950003
2026-01-24 06:14:59.701000+00:00,2026-01-24 06:00:00+00:00,continuous,89744.5,89747.1,89687.2,89714.4,35398849.52019998
2026-01-24 06:29:59.647000+00:00,2026-01-24 06:15:00+00:00,continuous,89714.5,89714.5,89614.4,89624.6,33373322.78549993
2026-01-24 06:44:56.209000+00:00,2026-01-24 06:30:00+00:00,continuous,89624.6,89645.3,89610.5,89636.0,16439272.175400017
2026-01-24 06:59:59.852000+00:00,2026-01-24 06:45:00+00:00,continuous,89635.9,89647.8,89611.0,89612.4,11078432.52730006
2026-01-24 07:14:59.282000+00:00,2026-01-24 07:00:00+00:00,continuous,89612.4,89626.9,89585.6,89616.3,17318343.491700068
2026-01-24 07:29:59.989000+00:00,2026-01-24 07:15:00+00:00,continuous,89616.3,89616.4,89530.6,89562.7,29584683.206299994
2026-01-24 07:44:59.693000+00:00,2026-01-24 07:30:00+00:00,continuous,89562.8,89650.6,89560.5,89630.2,25901280.17579998
2026-01-24 07:59:59.271000+00:00,2026-01-24 07:45:00+00:00,continuous,89630.3,89667.6,89570.8,89581.2,26565695.478300143
2026-01-24 08:14:59.019000+00:00,2026-01-24 08:00:00+00:00,continuous,89581.3,89610.5,89549.2,89582.3,35782704.70569997
2026-01-24 08:29:59.535000+00:00,2026-01-24 08:15:00+00:00,continuous,89582.3,89591.2,89578.3,89587.2,10722525.207399992
2026-01-24 08:44:59.823000+00:00,2026-01-24 08:30:00+00:00,continuous,89587.1,89635.9,89587.1,89635.9,14090515.24059998
2026-01-24 08:59:59.793000+00:00,2026-01-24 08:45:00+00:00,continuous,89635.9,89659.2,89591.5,89635.2,20393595.99839995
2026-01-24 09:14:59.532000+00:00,2026-01-24 09:00:00+00:00,continuous,89635.3,89635.3,89580.5,89614.8,18927883.124900028
2026-01-24 09:29:57.097000+00:00,2026-01-24 09:15:00+00:00,continuous,89614.8,89614.8,89573.1,89590.4,16132739.518699998
2026-01-24 09:44:58.647000+00:00,2026-01-24 09:30:00+00:00,continuous,89590.5,89592.8,89554.2,89575.6,32961564.844799966
2026-01-24 09:59:59.793000+00:00,2026-01-24 09:45:00+00:00,continuous,89575.6,89578.1,89560.8,89567.4,17713408.68859999
2026-01-24 10:14:59.287000+00:00,2026-01-24 10:00:00+00:00,continuous,89567.5,89631.9,89567.4,89596.3,12725164.20710004
2026-01-24 10:29:58.734000+00:00,2026-01-24 10:15:00+00:00,continuous,89596.4,89596.4,89585.7,89585.7,7340310.999699989
2026-01-24 10:44:58.974000+00:00,2026-01-24 10:30:00+00:00,continuous,89585.7,89593.6,89539.5,89569.4,18766271.706399992
2026-01-24 10:59:59.002000+00:00,2026-01-24 10:45:00+00:00,continuous,89569.4,89599.1,89569.3,89590.1,16388395.80830001
2026-01-24 11:14:58.741000+00:00,2026-01-24 11:00:00+00:00,continuous,89590.2,89590.2,89576.4,89576.4,13456924.610500025
2026-01-24 11:29:58.417000+00:00,2026-01-24 11:15:00+00:00,continuous,89576.4,89616.7,89576.4,89598.8,20840941.603799984
2026-01-24 11:44:59.392000+00:00,2026-01-24 11:30:00+00:00,continuous,89598.8,89641.3,89585.4,89615.1,19562751.591100037
2026-01-24 11:59:59.979000+00:00,2026-01-24 11:45:00+00:00,continuous,89615.1,89615.1,89548.5,89548.5,16235430.278100032
2026-01-24 12:14:59.954000+00:00,2026-01-24 12:00:00+00:00,continuous,89548.5,89554.9,89504.4,89507.1,27871611.378499836
2026-01-24 12:29:59.257000+00:00,2026-01-24 12:15:00+00:00,continuous,89507.1,89530.3,89501.5,89526.2,22117454.24090005
2026-01-24 12:44:59.920000+00:00,2026-01-24 12:30:00+00:00,continuous,89526.2,89548.5,89444.5,89505.1,35528348.679400004
2026-01-24 12:59:59.810000+00:00,2026-01-24 12:45:00+00:00,continuous,89505.1,89513.2,89487.8,89497.6,21902734.85400006
2026-01-24 13:14:59.966000+00:00,2026-01-24 13:00:00+00:00,continuous,89497.6,89500.0,89488.8,89497.8,15479155.701800065
2026-01-24 13:29:59.514000+00:00,2026-01-24 13:15:00+00:00,continuous,89497.8,89498.1,89480.8,89498.1,15477676.71339997
2026-01-24 13:44:59.742000+00:00,2026-01-24 13:30:00+00:00,continuous,89498.1,89498.1,89474.0,89490.2,13486582.155799951
2026-01-24 13:59:59.834000+00:00,2026-01-24 13:45:00+00:00,continuous,89490.2,89500.0,89315.6,89321.7,65266681.90470011
2026-01-24 14:14:59.896000+00:00,2026-01-24 14:00:00+00:00,continuous,89321.7,89452.8,89131.2,89430.2,285860868.6348993
2026-01-24 14:29:59.888000+00:00,2026-01-24 14:15:00+00:00,continuous,89430.2,89431.8,89388.4,89425.1,26405210.326900125
2026-01-24 14:44:58.805000+00:00,2026-01-24 14:30:00+00:00,continuous,89425.1,89471.7,89392.1,89453.6,24213495.041200023
2026-01-24 14:59:59.832000+00:00,2026-01-24 14:45:00+00:00,continuous,89453.6,89453.6,89400.8,89407.7,30685210.794200066
2026-01-24 15:14:57.122000+00:00,2026-01-24 15:00:00+00:00,continuous,89407.7,89456.7,89384.5,89420.3,38191503.18599984
2026-01-24 15:29:59.793000+00:00,2026-01-24 15:15:00+00:00,continuous,89420.3,89423.2,89342.6,89354.5,33948217.036900036
2026-01-24 15:44:59.830000+00:00,2026-01-24 15:30:00+00:00,continuous,89354.5,89388.3,89288.0,89300.0,33889561.48709994
2026-01-24 15:59:59.848000+00:00,2026-01-24 15:45:00+00:00,continuous,89300.0,89314.2,89215.2,89235.0,48118195.611400016
2026-01-24 16:14:59.788000+00:00,2026-01-24 16:00:00+00:00,continuous,89234.9,89332.1,89137.3,89207.2,106776274.33260024
2026-01-24 16:29:59.299000+00:00,2026-01-24 16:15:00+00:00,continuous,89207.3,89232.1,89116.9,89220.5,47463297.778900094
2026-01-24 16:44:59.610000+00:00,2026-01-24 16:30:00+00:00,continuous,89220.5,89228.7,89145.0,89182.7,30556017.336300034
2026-01-24 16:59:59.620000+00:00,2026-01-24 16:45:00+00:00,continuous,89182.7,89275.7,89135.0,89248.6,57823163.287999995
2026-01-24 17:14:59.692000+00:00,2026-01-24 17:00:00+00:00,continuous,89248.6,89370.3,89216.4,89338.2,60523186.47649992
2026-01-24 17:29:59.649000+00:00,2026-01-24 17:15:00+00:00,continuous,89338.3,89371.6,89296.8,89361.1,28060373.499700043
2026-01-24 17:44:59.989000+00:00,2026-01-24 17:30:00+00:00,continuous,89361.0,89361.1,89281.7,89283.7,61374131.523500055
2026-01-24 17:59:59.606000+00:00,2026-01-24 17:45:00+00:00,continuous,89283.8,89369.7,89270.6,89369.6,23682377.259600054
2026-01-24 18:14:59.256000+00:00,2026-01-24 18:00:00+00:00,continuous,89369.6,89381.5,89340.3,89381.5,24542922.78919999
2026-01-24 18:29:59.546000+00:00,2026-01-24 18:15:00+00:00,continuous,89381.5,89398.0,89357.0,89389.8,25019215.863600086
2026-01-24 18:44:59.715000+00:00,2026-01-24 18:30:00+00:00,continuous,89389.8,89425.2,89377.1,89377.2,20214065.596699975
2026-01-24 18:59:58.875000+00:00,2026-01-24 18:45:00+00:00,continuous,89377.2,89392.1,89351.6,89351.6,13271732.421000011
2026-01-24 19:14:59.889000+00:00,2026-01-24 19:00:00+00:00,continuous,89351.7,89351.7,89270.4,89270.5,18590328.0498001
2026-01-24 19:29:59.615000+00:00,2026-01-24 19:15:00+00:00,continuous,89270.4,89276.0,89230.2,89253.6,21883087.01349997
2026-01-24 19:44:57.833000+00:00,2026-01-24 19:30:00+00:00,continuous,89253.7,89295.8,89247.6,89295.8,12656571.411799995
2026-01-24 19:59:59.628000+00:00,2026-01-24 19:45:00+00:00,continuous,89295.7,89321.2,89274.8,89286.0,13647575.360800015
2026-01-24 20:14:59.203000+00:00,2026-01-24 20:00:00+00:00,continuous,89286.1,89342.2,89286.0,89337.0,12322788.46280005
2026-01-24 20:29:57.134000+00:00,2026-01-24 20:15:00+00:00,continuous,89337.1,89365.6,89330.8,89362.7,8381514.140699994
2026-01-24 20:44:58.496000+00:00,2026-01-24 20:30:00+00:00,continuous,89362.7,89362.8,89334.9,89337.4,6105890.049499991
2026-01-24 20:59:57.948000+00:00,2026-01-24 20:45:00+00:00,continuous,89337.4,89341.4,89331.6,89333.7,5214537.499099998
2026-01-24 21:14:59.891000+00:00,2026-01-24 21:00:00+00:00,continuous,89333.7,89335.7,89219.6,89248.0,33972888.584799856
2026-01-24 21:29:57.044000+00:00,2026-01-24 21:15:00+00:00,continuous,89248.0,89301.5,89239.7,89285.6,14822795.40299998
2026-01-24 21:44:59.877000+00:00,2026-01-24 21:30:00+00:00,continuous,89285.6,89326.7,89266.7,89326.7,8459299.648900004
2026-01-24 21:59:58.735000+00:00,2026-01-24 21:45:00+00:00,continuous,89326.7,89340.6,89284.6,89340.6,12745380.298399981
2026-01-24 22:14:59.798000+00:00,2026-01-24 22:00:00+00:00,continuous,89340.6,89444.4,89340.6,89426.0,18050155.145600032
2026-01-24 22:29:57.277000+00:00,2026-01-24 22:15:00+00:00,continuous,89426.1,89444.4,89358.1,89358.1,18481366.845600065
2026-01-24 22:44:59.924000+00:00,2026-01-24 22:30:00+00:00,continuous,89358.2,89358.2,89257.0,89257.1,9244851.067799998
2026-01-24 22:59:59.601000+00:00,2026-01-24 22:45:00+00:00,continuous,89257.1,89390.0,89257.0,89390.0,10974226.914600013
2026-01-24 23:14:59.985000+00:00,2026-01-24 23:00:00+00:00,continuous,89390.0,89436.7,89252.5,89317.9,42044544.24950007
2026-01-24 23:29:58.334000+00:00,2026-01-24 23:15:00+00:00,continuous,89317.9,89347.8,89285.3,89347.8,10764375.335700018
2026-01-24 23:44:59.744000+00:00,2026-01-24 23:30:00+00:00,continuous,89347.7,89347.7,89275.8,89275.8,9053783.56950002
2026-01-24 23:59:59.988000+00:00,2026-01-24 23:45:00+00:00,continuous,89275.8,89296.5,89155.0,89180.7,44528750.224299885
2026-01-25 00:14:59.468000+00:00,2026-01-25 00:00:00+00:00,continuous,89180.7,89230.0,89180.7,89225.0,19897494.476499982
2026-01-25 00:29:59.957000+00:00,2026-01-25 00:15:00+00:00,continuous,89225.0,89266.5,89138.9,89145.1,29446781.75709992
2026-01-25 00:44:59.255000+00:00,2026-01-25 00:30:00+00:00,continuous,89145.2,89238.9,89144.2,89238.9,17142858.932100017
2026-01-25 00:59:59.654000+00:00,2026-01-25 00:45:00+00:00,continuous,89238.8,89275.7,89226.8,89275.7,10459401.813299967
2026-01-25 01:14:59.473000+00:00,2026-01-25 01:00:00+00:00,continuous,89275.7,89281.6,89196.6,89220.1,17888378.292099997
2026-01-25 01:29:59.825000+00:00,2026-01-25 01:15:00+00:00,continuous,89220.2,89230.1,89158.4,89161.3,16274150.06940003
2026-01-25 01:44:59.629000+00:00,2026-01-25 01:30:00+00:00,continuous,89161.3,89161.3,89025.3,89100.0,62581964.18519995
2026-01-25 01:59:59.493000+00:00,2026-01-25 01:45:00+00:00,continuous,89100.1,89161.4,89100.0,89139.7,15853350.093199998
2026-01-25 02:14:59.759000+00:00,2026-01-25 02:00:00+00:00,continuous,89139.6,89226.8,89127.4,89207.8,19011546.757900015
2026-01-25 02:29:59.371000+00:00,2026-01-25 02:15:00+00:00,continuous,89207.7,89208.4,89101.2,89105.0,12785110.47170002
2026-01-25 02:44:59.663000+00:00,2026-01-25 02:30:00+00:00,continuous,89105.1,89166.0,89105.0,89108.6,17531143.903500024
2026-01-25 02:59:59.966000+00:00,2026-01-25 02:45:00+00:00,continuous,89108.6,89131.1,89100.0,89105.0,13144644.925499987
2026-01-25 03:14:55.744000+00:00,2026-01-25 03:00:00+00:00,continuous,89105.1,89147.0,89089.2,89110.0,18108762.636400007
2026-01-25 03:29:59.719000+00:00,2026-01-25 03:15:00+00:00,continuous,89110.1,89110.1,88933.5,89000.2,80222946.71090035
2026-01-25 03:44:59.793000+00:00,2026-01-25 03:30:00+00:00,continuous,89000.1,89000.1,88800.1,88886.5,117999190.0547003
2026-01-25 03:59:59.882000+00:00,2026-01-25 03:45:00+00:00,continuous,88886.4,88951.4,88800.0,88920.0,51409489.49189988
2026-01-25 04:14:59.525000+00:00,2026-01-25 04:00:00+00:00,continuous,88920.0,88995.2,88905.6,88944.2,37171499.94220018
2026-01-25 04:29:58.248000+00:00,2026-01-25 04:15:00+00:00,continuous,88944.2,88966.6,88914.0,88934.2,38087460.00969996
2026-01-25 04:44:59.914000+00:00,2026-01-25 04:30:00+00:00,continuous,88934.1,89057.8,88934.1,89033.0,27239617.96719993
2026-01-25 04:59:59.961000+00:00,2026-01-25 04:45:00+00:00,continuous,89033.0,89050.0,88972.0,88977.4,17519171.418599956
2026-01-25 05:14:59.179000+00:00,2026-01-25 05:00:00+00:00,continuous,88977.4,89015.1,88956.0,89012.9,15263289.028199993
2026-01-25 05:29:59.632000+00:00,2026-01-25 05:15:00+00:00,continuous,89012.9,89012.9,88950.1,88956.4,13962995.84730008
2026-01-25 05:44:59.484000+00:00,2026-01-25 05:30:00+00:00,continuous,88956.5,88956.5,88835.6,88863.4,38623700.03649984
2026-01-25 05:59:59.973000+00:00,2026-01-25 05:45:00+00:00,continuous,88863.4,88971.0,88863.3,88966.1,19820282.930599973
2026-01-25 06:14:59.794000+00:00,2026-01-25 06:00:00+00:00,continuous,88966.1,88966.1,88668.3,88679.6,105351432.60939969
2026-01-25 06:29:58.868000+00:00,2026-01-25 06:15:00+00:00,continuous,88679.7,88810.7,88609.0,88759.1,77237852.5685
2026-01-25 06:44:59.868000+00:00,2026-01-25 06:30:00+00:00,continuous,88759.1,88860.9,88651.3,88811.0,88060348.69519946
2026-01-25 06:59:57.596000+00:00,2026-01-25 06:45:00+00:00,continuous,88811.0,88836.9,88801.0,88810.0,22355216.649299864
2026-01-25 07:14:59.933000+00:00,2026-01-25 07:00:00+00:00,continuous,88810.1,88810.1,88688.2,88690.5,25311949.9442001
2026-01-25 07:29:59.615000+00:00,2026-01-25 07:15:00+00:00,continuous,88690.6,88759.1,88690.5,88759.0,19963140.797199875
2026-01-25 07:44:59.722000+00:00,2026-01-25 07:30:00+00:00,continuous,88759.1,88759.1,88690.8,88690.9,27256731.49190001
2026-01-25 07:59:59.538000+00:00,2026-01-25 07:45:00+00:00,continuous,88690.9,88690.9,88600.0,88630.3,43304023.03200005
2026-01-25 08:14:59.892000+00:00,2026-01-25 08:00:00+00:00,continuous,88630.3,88727.2,88600.2,88700.0,37768137.56309992
2026-01-25 08:29:59.227000+00:00,2026-01-25 08:15:00+00:00,continuous,88699.9,88700.0,88650.0,88650.0,21626092.527899902
2026-01-25 08:44:59.990000+00:00,2026-01-25 08:30:00+00:00,continuous,88650.0,88650.1,88128.3,88280.3,315427205.92990106
2026-01-25 08:59:59.906000+00:00,2026-01-25 08:45:00+00:00,continuous,88280.2,88308.0,88084.0,88254.8,140615383.33429986
2026-01-25 09:14:59.895000+00:00,2026-01-25 09:00:00+00:00,continuous,88254.9,88365.3,88193.5,88320.1,87074472.9546004
2026-01-25 09:29:59.788000+00:00,2026-01-25 09:15:00+00:00,continuous,88320.1,88436.3,88296.1,88416.3,49943552.23779998
2026-01-25 09:44:59.862000+00:00,2026-01-25 09:30:00+00:00,continuous,88416.2,88453.3,88306.4,88448.3,46896661.26730005
2026-01-25 09:59:59.859000+00:00,2026-01-25 09:45:00+00:00,continuous,88448.2,88448.3,88332.7,88361.6,36452757.22320007
2026-01-25 10:14:59.623000+00:00,2026-01-25 10:00:00+00:00,continuous,88361.5,88495.0,88361.5,88446.9,47573168.37590026
2026-01-25 10:29:59.955000+00:00,2026-01-25 10:15:00+00:00,continuous,88447.0,88599.4,88446.9,88590.9,86963876.37219986
2026-01-25 10:44:59.997000+00:00,2026-01-25 10:30:00+00:00,continuous,88590.9,88604.1,88494.4,88582.4,42221060.89709993
2026-01-25 10:59:59.789000+00:00,2026-01-25 10:45:00+00:00,continuous,88582.3,88642.7,88500.7,88616.0,37589585.060199976
2026-01-25 11:14:59.284000+00:00,2026-01-25 11:00:00+00:00,continuous,88616.0,88616.0,88531.3,88565.6,35929882.51199993
2026-01-25 11:29:59.443000+00:00,2026-01-25 11:15:00+00:00,continuous,88565.6,88633.3,88562.7,88633.3,24389175.297199994
2026-01-25 11:44:59.666000+00:00,2026-01-25 11:30:00+00:00,continuous,88633.2,88673.9,88551.9,88563.9,34327635.21999994
2026-01-25 11:59:59.202000+00:00,2026-01-25 11:45:00+00:00,continuous,88563.8,88589.2,88489.1,88531.0,31329401.730899956
2026-01-25 12:14:59.419000+00:00,2026-01-25 12:00:00+00:00,continuous,88530.9,88620.3,88400.0,88602.1,130588819.45730017
2026-01-25 12:29:58.936000+00:00,2026-01-25 12:15:00+00:00,continuous,88602.0,88736.8,88497.7,88649.9,106271818.13980041
2026-01-25 12:44:59.507000+00:00,2026-01-25 12:30:00+00:00,continuous,88649.8,88716.9,88632.9,88708.2,41176580.013399936
2026-01-25 12:59:59.817000+00:00,2026-01-25 12:45:00+00:00,continuous,88708.1,88760.1,88670.0,88752.0,66291220.53790024
2026-01-25 13:14:59.887000+00:00,2026-01-25 13:00:00+00:00,continuous,88752.0,88819.2,88702.7,88707.3,74214349.34299986
2026-01-25 13:29:59.674000+00:00,2026-01-25 13:15:00+00:00,continuous,88707.3,88800.0,88651.0,88651.0,57282216.98870005
2026-01-25 13:44:59.501000+00:00,2026-01-25 13:30:00+00:00,continuous,88651.1,88812.6,88610.0,88802.9,45885832.89389999
2026-01-25 13:59:59.898000+00:00,2026-01-25 13:45:00+00:00,continuous,88802.9,88947.1,88790.4,88875.1,107111277.3143003
2026-01-25 14:14:59.874000+00:00,2026-01-25 14:00:00+00:00,continuous,88875.1,88898.9,88754.5,88841.6,70093094.2320997
2026-01-25 14:29:59.653000+00:00,2026-01-25 14:15:00+00:00,continuous,88841.7,88893.2,88580.0,88678.8,129485460.1773
2026-01-25 14:44:59.693000+00:00,2026-01-25 14:30:00+00:00,continuous,88678.8,88707.4,88580.0,88650.1,55429439.98929995
2026-01-25 14:59:59.693000+00:00,2026-01-25 14:45:00+00:00,continuous,88650.0,88680.2,88582.1,88666.1,35640141.83960013
2026-01-25 15:14:59.974000+00:00,2026-01-25 15:00:00+00:00,continuous,88666.1,88728.7,88638.4,88705.6,35123243.5924
2026-01-25 15:29:59.871000+00:00,2026-01-25 15:15:00+00:00,continuous,88705.5,88716.2,88584.3,88707.5,40353603.67950001
2026-01-25 15:44:59.937000+00:00,2026-01-25 15:30:00+00:00,continuous,88707.6,88707.6,88624.4,88647.1,21822250.910600133
2026-01-25 15:59:59.514000+00:00,2026-01-25 15:45:00+00:00,continuous,88647.1,88647.2,88306.6,88406.0,125028468.76529935
2026-01-25 16:14:59.941000+00:00,2026-01-25 16:00:00+00:00,continuous,88406.0,88410.0,87825.0,87865.2,526379839.7704013
2026-01-25 16:29:59.991000+00:00,2026-01-25 16:15:00+00:00,continuous,87865.2,88096.8,87511.6,88008.5,592459452.3164024
2026-01-25 16:44:59.790000+00:00,2026-01-25 16:30:00+00:00,continuous,88008.6,88131.7,87705.1,87898.6,205830087.55579865
2026-01-25 16:59:59.973000+00:00,2026-01-25 16:45:00+00:00,continuous,87898.5,88087.0,87760.0,88049.9,99211614.09649973
2026-01-25 17:14:59.689000+00:00,2026-01-25 17:00:00+00:00,continuous,88049.9,88072.6,87802.2,87821.5,114607690.31989932
2026-01-25 17:29:59.989000+00:00,2026-01-25 17:15:00+00:00,continuous,87821.4,87985.4,87717.5,87852.2,102437834.14520022
2026-01-25 17:44:59.997000+00:00,2026-01-25 17:30:00+00:00,continuous,87852.2,87967.9,87730.8,87964.2,74973556.96239999
2026-01-25 17:59:59.339000+00:00,2026-01-25 17:45:00+00:00,continuous,87964.3,87964.3,87779.9,87845.7,51931006.32050005
2026-01-25 18:14:59.957000+00:00,2026-01-25 18:00:00+00:00,continuous,87845.7,87950.1,87428.4,87667.0,206512102.2686013
2026-01-25 18:29:59.945000+00:00,2026-01-25 18:15:00+00:00,continuous,87666.8,87857.1,87366.0,87491.9,281435040.78510004
2026-01-25 18:44:59.981000+00:00,2026-01-25 18:30:00+00:00,continuous,87491.9,87551.8,86777.0,87031.6,600063137.5381986
2026-01-25 18:59:59.841000+00:00,2026-01-25 18:45:00+00:00,continuous,87031.7,87432.8,86962.5,87370.1,259580002.19049954
2026-01-25 19:14:59.926000+00:00,2026-01-25 19:00:00+00:00,continuous,87370.2,87469.2,87152.8,87243.3,135417718.70179936
2026-01-25 19:29:59.938000+00:00,2026-01-25 19:15:00+00:00,continuous,87243.3,87280.7,86350.0,86427.3,820832994.7585056
2026-01-25 19:44:59.939000+00:00,2026-01-25 19:30:00+00:00,continuous,86427.2,86794.3,86235.0,86667.2,409337795.1699958
2026-01-25 19:59:59.671000+00:00,2026-01-25 19:45:00+00:00,continuous,86667.2,86667.3,86100.0,86459.4,398809824.5054944
2026-01-25 20:14:59.951000+00:00,2026-01-25 20:00:00+00:00,continuous,86459.4,86680.0,86331.0,86399.2,170739164.78390086
2026-01-25 20:29:59.899000+00:00,2026-01-25 20:15:00+00:00,continuous,86399.2,86499.9,86211.8,86452.1,112711420.76840015
2026-01-25 20:44:59.907000+00:00,2026-01-25 20:30:00+00:00,continuous,86452.1,86481.0,86159.1,86299.7,132714509.65139945
2026-01-25 20:59:59.980000+00:00,2026-01-25 20:45:00+00:00,continuous,86299.6,86629.1,86225.7,86618.3,197487290.71310046
2026-01-25 21:14:59.812000+00:00,2026-01-25 21:00:00+00:00,continuous,86618.4,86908.9,86584.9,86891.8,215247385.3028008
2026-01-25 21:29:59.885000+00:00,2026-01-25 21:15:00+00:00,continuous,86891.7,86966.4,86781.0,86928.0,81816938.24939945
2026-01-25 21:44:59.695000+00:00,2026-01-25 21:30:00+00:00,continuous,86927.9,86935.9,86342.9,86495.3,199551263.55000013
2026-01-25 21:59:59.987000+00:00,2026-01-25 21:45:00+00:00,continuous,86495.3,86622.4,86444.6,86525.1,199327954.5980002
2026-01-25 22:14:59.814000+00:00,2026-01-25 22:00:00+00:00,continuous,86525.0,86547.0,86299.1,86481.4,135756353.03259954
2026-01-25 22:29:59.817000+00:00,2026-01-25 22:15:00+00:00,continuous,86481.4,86492.5,86201.0,86287.9,78411832.34740014
2026-01-25 22:44:59.826000+00:00,2026-01-25 22:30:00+00:00,continuous,86287.8,86704.9,86139.4,86599.3,212044045.50570118
2026-01-25 22:59:59.949000+00:00,2026-01-25 22:45:00+00:00,continuous,86599.4,86608.4,86249.9,86489.1,67909069.10979992
2026-01-25 23:14:59.556000+00:00,2026-01-25 23:00:00+00:00,continuous,86489.0,86547.0,86021.7,86353.2,369212808.6689938
2026-01-25 23:29:59.278000+00:00,2026-01-25 23:15:00+00:00,continuous,86353.2,86711.0,86200.0,86454.3,246827624.78419802
2026-01-25 23:44:59.986000+00:00,2026-01-25 23:30:00+00:00,continuous,86454.4,86559.8,86225.1,86390.9,115122572.13789988
2026-01-25 23:59:59.996000+00:00,2026-01-25 23:45:00+00:00,continuous,86391.0,86760.8,86391.0,86628.9,157685739.07239962
2026-01-26 00:14:59.991000+00:00,2026-01-26 00:00:00+00:00,continuous,86628.9,87060.0,86614.2,87022.9,267217463.9603993
2026-01-26 00:29:59.649000+00:00,2026-01-26 00:15:00+00:00,continuous,87022.9,87150.8,86723.4,86808.8,134677716.0649002
2026-01-26 00:44:59.722000+00:00,2026-01-26 00:30:00+00:00,continuous,86808.7,86839.6,86568.1,86589.9,88757184.32959951
2026-01-26 00:59:59.562000+00:00,2026-01-26 00:45:00+00:00,continuous,86590.0,86943.4,86463.2,86808.4,107357609.73360007
2026-01-26 01:14:59.669000+00:00,2026-01-26 01:00:00+00:00,continuous,86808.5,87426.0,86772.9,87239.7,319137247.3515985
2026-01-26 01:29:59.933000+00:00,2026-01-26 01:15:00+00:00,continuous,87239.6,87777.0,87231.6,87618.8,305906522.8797983
2026-01-26 01:44:59.958000+00:00,2026-01-26 01:30:00+00:00,continuous,87618.8,87732.1,87550.6,87651.1,173241930.8837992
2026-01-26 01:59:59.960000+00:00,2026-01-26 01:45:00+00:00,continuous,87651.2,87791.5,87467.8,87661.8,211595869.97169942
2026-01-26 02:14:59.993000+00:00,2026-01-26 02:00:00+00:00,continuous,87661.7,87669.6,87399.9,87469.1,86887133.02269942
2026-01-26 02:29:59.804000+00:00,2026-01-26 02:15:00+00:00,continuous,87469.2,87901.6,87462.7,87866.6,101430364.83969948
2026-01-26 02:44:59.864000+00:00,2026-01-26 02:30:00+00:00,continuous,87866.5,87922.0,87563.7,87578.0,130825082.3595995
2026-01-26 02:59:59.633000+00:00,2026-01-26 02:45:00+00:00,continuous,87578.0,87647.4,87410.3,87514.8,143659340.3117991
2026-01-26 03:14:59.938000+00:00,2026-01-26 03:00:00+00:00,continuous,87514.7,87643.6,87437.5,87523.0,97115190.08879982
2026-01-26 03:29:59.558000+00:00,2026-01-26 03:15:00+00:00,continuous,87523.0,87552.7,87388.2,87400.3,98825268.38900007
2026-01-26 03:44:59.486000+00:00,2026-01-26 03:30:00+00:00,continuous,87400.3,87429.3,87242.6,87311.7,110411935.37790087
2026-01-26 03:59:59.482000+00:00,2026-01-26 03:45:00+00:00,continuous,87311.8,87331.4,87028.5,87233.1,123821848.65250051
2026-01-26 04:14:59.750000+00:00,2026-01-26 04:00:00+00:00,continuous,87233.1,87490.0,87188.3,87411.6,86604124.14009984
2026-01-26 04:29:59.945000+00:00,2026-01-26 04:15:00+00:00,continuous,87411.6,87820.7,87410.8,87809.9,128478857.6091998
2026-01-26 04:44:59.999000+00:00,2026-01-26 04:30:00+00:00,continuous,87810.0,87908.4,87704.2,87722.5,127210346.07260007
2026-01-26 04:59:59.666000+00:00,2026-01-26 04:45:00+00:00,continuous,87722.4,87815.2,87660.4,87700.0,60069447.15080034
2026-01-26 05:14:58.944000+00:00,2026-01-26 05:00:00+00:00,continuous,87699.9,87769.6,87617.1,87651.4,35983031.03310005
2026-01-26 05:29:59.894000+00:00,2026-01-26 05:15:00+00:00,continuous,87651.5,87821.3,87644.0,87814.3,41101323.42040006
2026-01-26 05:44:59.943000+00:00,2026-01-26 05:30:00+00:00,continuous,87814.4,87869.4,87707.0,87789.0,63513006.6827001
2026-01-26 05:59:59.873000+00:00,2026-01-26 05:45:00+00:00,continuous,87789.0,87919.0,87720.5,87776.4,67556170.78549947
2026-01-26 06:14:59.976000+00:00,2026-01-26 06:00:00+00:00,continuous,87776.5,87874.1,87705.8,87708.8,64260091.25970013
2026-01-26 06:29:59.847000+00:00,2026-01-26 06:15:00+00:00,continuous,87708.7,87947.3,87708.7,87892.0,81989017.68049991
2026-01-26 06:44:59.616000+00:00,2026-01-26 06:30:00+00:00,continuous,87892.0,87942.0,87793.1,87927.3,62042032.84100013
2026-01-26 06:59:59.403000+00:00,2026-01-26 06:45:00+00:00,continuous,87927.2,87999.0,87755.0,87902.6,91030990.77149977
2026-01-26 07:14:59.770000+00:00,2026-01-26 07:00:00+00:00,continuous,87902.7,87978.8,87795.8,87978.8,55100695.02939957
2026-01-26 07:29:59.876000+00:00,2026-01-26 07:15:00+00:00,continuous,87978.7,88059.6,87730.3,87755.2,97943638.20000039
2026-01-26 07:44:59.784000+00:00,2026-01-26 07:30:00+00:00,continuous,87755.2,87990.4,87665.6,87887.7,78907225.99029978
2026-01-26 07:59:59.879000+00:00,2026-01-26 07:45:00+00:00,continuous,87887.6,88016.2,87825.8,87968.9,54916868.31450019
2026-01-26 08:14:59.935000+00:00,2026-01-26 08:00:00+00:00,continuous,87969.0,88142.4,87863.6,87879.9,124031678.48389937
2026-01-26 08:29:59.911000+00:00,2026-01-26 08:15:00+00:00,continuous,87880.0,88367.5,87800.0,88155.8,187593278.3531005
2026-01-26 08:44:59.568000+00:00,2026-01-26 08:30:00+00:00,continuous,88155.8,88185.9,87991.9,88014.7,52631459.67669992
2026-01-26 08:59:59.990000+00:00,2026-01-26 08:45:00+00:00,continuous,88014.6,88058.3,87933.5,87947.3,56186094.558499865
2026-01-26 09:14:59.742000+00:00,2026-01-26 09:00:00+00:00,continuous,87947.4,87968.4,87704.9,87797.7,143189269.79659954
2026-01-26 09:29:59.297000+00:00,2026-01-26 09:15:00+00:00,continuous,87797.7,87819.9,87682.5,87760.1,85522072.82180037
2026-01-26 09:44:59.908000+00:00,2026-01-26 09:30:00+00:00,continuous,87760.1,87778.4,87633.3,87726.8,72976564.67080018
2026-01-26 09:59:59.732000+00:00,2026-01-26 09:45:00+00:00,continuous,87726.8,87774.7,87556.9,87630.4,115823775.29349989
2026-01-26 10:14:59.076000+00:00,2026-01-26 10:00:00+00:00,continuous,87630.4,87882.6,87620.0,87801.0,63133365.83280025
2026-01-26 10:29:59.854000+00:00,2026-01-26 10:15:00+00:00,continuous,87801.0,87896.5,87752.9,87868.9,28880014.7227
2026-01-26 10:44:59.731000+00:00,2026-01-26 10:30:00+00:00,continuous,87868.9,87920.0,87812.4,87850.7,29467920.715400055
2026-01-26 10:59:59.602000+00:00,2026-01-26 10:45:00+00:00,continuous,87850.7,87917.6,87850.7,87858.1,22863772.98000002
2026-01-26 11:14:58.909000+00:00,2026-01-26 11:00:00+00:00,continuous,87858.0,87942.0,87858.0,87934.1,44475549.20339987
2026-01-26 11:29:59.437000+00:00,2026-01-26 11:15:00+00:00,continuous,87934.2,87943.8,87744.3,87751.7,55708051.60939998
2026-01-26 11:44:57.782000+00:00,2026-01-26 11:30:00+00:00,continuous,87751.7,87846.0,87721.2,87810.8,32710649.850799948
2026-01-26 11:59:59.869000+00:00,2026-01-26 11:45:00+00:00,continuous,87810.9,87819.9,87755.7,87810.0,24123134.700300064
2026-01-26 12:14:59.418000+00:00,2026-01-26 12:00:00+00:00,continuous,87810.1,87934.7,87700.0,87837.9,69179755.09179974
2026-01-26 12:29:59.687000+00:00,2026-01-26 12:15:00+00:00,continuous,87838.0,87900.0,87801.2,87843.4,28574194.616600085
2026-01-26 12:44:59.702000+00:00,2026-01-26 12:30:00+00:00,continuous,87843.3,87859.7,87693.6,87725.7,44793255.28139992
2026-01-26 12:59:59.599000+00:00,2026-01-26 12:45:00+00:00,continuous,87725.7,87804.1,87725.7,87762.1,21991943.848700106
2026-01-26 13:14:59.971000+00:00,2026-01-26 13:00:00+00:00,continuous,87762.1,87832.6,87651.4,87799.9,74710886.34720019
2026-01-26 13:29:59.821000+00:00,2026-01-26 13:15:00+00:00,continuous,87800.0,87905.7,87766.6,87850.0,47316323.56889999
2026-01-26 13:44:59.855000+00:00,2026-01-26 13:30:00+00:00,continuous,87850.1,88010.3,87832.3,87963.2,88980690.9866
2026-01-26 13:59:59.867000+00:00,2026-01-26 13:45:00+00:00,continuous,87963.2,87974.8,87877.0,87917.9,42107590.306199946
2026-01-26 14:14:59.967000+00:00,2026-01-26 14:00:00+00:00,continuous,87917.8,87978.0,87612.0,87650.7,135223689.4470009
2026-01-26 14:29:59.809000+00:00,2026-01-26 14:15:00+00:00,continuous,87650.7,87798.7,87599.0,87645.7,127154811.72299986
2026-01-26 14:44:59.997000+00:00,2026-01-26 14:30:00+00:00,continuous,87645.8,88500.0,87411.2,88102.8,617550516.8442086
2026-01-26 14:59:59.978000+00:00,2026-01-26 14:45:00+00:00,continuous,88102.7,88262.6,87784.0,88137.0,218893020.93640152
2026-01-26 15:14:59.969000+00:00,2026-01-26 15:00:00+00:00,continuous,88136.7,88813.9,88000.0,88673.4,537753897.489201
2026-01-26 15:29:59.986000+00:00,2026-01-26 15:15:00+00:00,continuous,88673.3,88834.1,88311.0,88456.7,307810502.08329755
2026-01-26 15:44:59.997000+00:00,2026-01-26 15:30:00+00:00,continuous,88456.8,88463.6,87351.6,87438.2,638820459.5078999
2026-01-26 15:59:59.699000+00:00,2026-01-26 15:45:00+00:00,continuous,87438.3,87692.0,87278.5,87609.5,336104118.53800046
2026-01-26 16:14:59.448000+00:00,2026-01-26 16:00:00+00:00,continuous,87609.4,87747.9,87250.0,87377.7,247029763.73590046
2026-01-26 16:29:59.653000+00:00,2026-01-26 16:15:00+00:00,continuous,87377.6,87925.5,87159.6,87660.9,265578983.77360186
2026-01-26 16:44:59.867000+00:00,2026-01-26 16:30:00+00:00,continuous,87660.9,87756.8,87367.1,87434.1,90674726.11200072
2026-01-26 16:59:59.681000+00:00,2026-01-26 16:45:00+00:00,continuous,87434.0,87887.4,87375.2,87579.4,166245386.64510092
2026-01-26 17:14:59.910000+00:00,2026-01-26 17:00:00+00:00,continuous,87579.5,87756.7,87369.6,87394.6,79970417.38059992
2026-01-26 17:29:59.894000+00:00,2026-01-26 17:15:00+00:00,continuous,87394.7,87515.3,87160.0,87367.9,166450343.3630007
2026-01-26 17:44:59.767000+00:00,2026-01-26 17:30:00+00:00,continuous,87367.9,87565.7,86960.0,87504.5,337112229.71709543
2026-01-26 17:59:59.809000+00:00,2026-01-26 17:45:00+00:00,continuous,87504.5,87715.3,87465.0,87657.5,91512898.18089995
2026-01-26 18:14:59.755000+00:00,2026-01-26 18:00:00+00:00,continuous,87657.4,87830.0,87611.1,87815.5,81958303.45600006
2026-01-26 18:29:59.696000+00:00,2026-01-26 18:15:00+00:00,continuous,87815.5,88080.2,87693.6,88041.2,138006927.84010094
2026-01-26 18:44:58.495000+00:00,2026-01-26 18:30:00+00:00,continuous,88041.3,88303.1,87949.8,87971.8,265421048.76190013
2026-01-26 18:59:59.881000+00:00,2026-01-26 18:45:00+00:00,continuous,87971.8,88375.0,87887.1,88361.9,155873225.7636991
2026-01-26 19:14:59.942000+00:00,2026-01-26 19:00:00+00:00,continuous,88362.0,88496.4,88263.8,88328.9,207335565.5337997
2026-01-26 19:29:59.016000+00:00,2026-01-26 19:15:00+00:00,continuous,88328.8,88387.2,88058.7,88134.4,104805341.07280032
2026-01-26 19:44:58.051000+00:00,2026-01-26 19:30:00+00:00,continuous,88134.4,88297.4,88037.7,88201.9,68732461.07759972
2026-01-26 19:59:59.973000+00:00,2026-01-26 19:45:00+00:00,continuous,88201.9,88227.0,87904.4,87965.6,46034451.196500145
2026-01-26 20:14:58.968000+00:00,2026-01-26 20:00:00+00:00,continuous,87965.5,88088.0,87872.7,87875.9,60508306.61959984
2026-01-26 20:29:58.991000+00:00,2026-01-26 20:15:00+00:00,continuous,87875.9,87973.7,87768.0,87844.2,58079034.96049999
2026-01-26 20:44:59.967000+00:00,2026-01-26 20:30:00+00:00,continuous,87844.2,87871.7,87730.4,87775.2,60497177.80289995
2026-01-26 20:59:59.993000+00:00,2026-01-26 20:45:00+00:00,continuous,87775.1,87803.3,87506.8,87595.3,103127643.6748002
2026-01-26 21:14:59.671000+00:00,2026-01-26 21:00:00+00:00,continuous,87595.3,87810.6,87533.3,87799.6,91690108.40980026
2026-01-26 21:29:59.333000+00:00,2026-01-26 21:15:00+00:00,continuous,87799.7,87896.9,87716.4,87896.8,48956924.15239994
2026-01-26 21:44:59.652000+00:00,2026-01-26 21:30:00+00:00,continuous,87896.9,88199.0,87829.2,88103.0,129505810.74609965
2026-01-26 21:59:59.938000+00:00,2026-01-26 21:45:00+00:00,continuous,88102.9,88123.5,87965.4,88016.5,59591424.57809994
2026-01-26 22:14:59.485000+00:00,2026-01-26 22:00:00+00:00,continuous,88016.4,88115.7,87982.5,88060.3,37335226.97149995
2026-01-26 22:29:59.694000+00:00,2026-01-26 22:15:00+00:00,continuous,88060.4,88098.3,87953.9,88051.1,27329546.41890008
2026-01-26 22:44:59.678000+00:00,2026-01-26 22:30:00+00:00,continuous,88051.0,88239.0,88001.1,88071.4,58390725.700899966
2026-01-26 22:59:59.712000+00:00,2026-01-26 22:45:00+00:00,continuous,88071.3,88218.1,88067.9,88095.0,33550078.3647
2026-01-26 23:14:59.648000+00:00,2026-01-26 23:00:00+00:00,continuous,88094.9,88158.1,87976.5,88147.9,39788776.52609984
2026-01-26 23:29:59.904000+00:00,2026-01-26 23:15:00+00:00,continuous,88147.9,88423.1,88100.0,88413.4,79831426.10060006
2026-01-26 23:44:59.982000+00:00,2026-01-26 23:30:00+00:00,continuous,88413.5,88637.4,88413.5,88506.6,141997108.77939948
2026-01-26 23:59:59.884000+00:00,2026-01-26 23:45:00+00:00,continuous,88506.7,88526.1,88300.0,88300.6,98071599.07570024
2026-01-27 00:14:59.985000+00:00,2026-01-27 00:00:00+00:00,continuous,88300.6,88367.1,88157.4,88202.9,77923686.7720004
2026-01-27 00:29:59.864000+00:00,2026-01-27 00:15:00+00:00,continuous,88203.0,88431.4,88180.0,88360.1,94784563.07529983
2026-01-27 00:44:59.203000+00:00,2026-01-27 00:30:00+00:00,continuous,88360.1,88360.1,88222.7,88263.0,42257697.74509986
2026-01-27 00:59:59.690000+00:00,2026-01-27 00:45:00+00:00,continuous,88263.0,88366.0,88205.9,88319.4,50289936.72709994
2026-01-27 01:14:58.705000+00:00,2026-01-27 01:00:00+00:00,continuous,88319.4,88319.4,88162.9,88233.2,52526573.6598
2026-01-27 01:29:59.667000+00:00,2026-01-27 01:15:00+00:00,continuous,88233.2,88426.1,88205.9,88403.9,58736539.89249989
2026-01-27 01:44:59.997000+00:00,2026-01-27 01:30:00+00:00,continuous,88404.0,88699.9,88377.1,88604.4,134278037.19949993
2026-01-27 01:59:59.756000+00:00,2026-01-27 01:45:00+00:00,continuous,88604.4,88664.3,88464.9,88523.6,51576410.30520017
2026-01-27 02:14:58.987000+00:00,2026-01-27 02:00:00+00:00,continuous,88523.6,88758.0,88523.6,88659.3,154577206.35149956
2026-01-27 02:29:59.988000+00:00,2026-01-27 02:15:00+00:00,continuous,88659.4,88700.1,88503.3,88517.9,47311747.293500006
2026-01-27 02:44:59.617000+00:00,2026-01-27 02:30:00+00:00,continuous,88518.0,88785.5,88518.0,88705.1,67165557.03659973
2026-01-27 02:59:59.611000+00:00,2026-01-27 02:45:00+00:00,continuous,88705.1,88823.1,88675.9,88785.8,71577269.88010001
2026-01-27 03:14:59.714000+00:00,2026-01-27 03:00:00+00:00,continuous,88785.7,88880.6,88535.0,88584.1,102383659.82620016
2026-01-27 03:29:59.992000+00:00,2026-01-27 03:15:00+00:00,continuous,88584.1,88697.7,88551.1,88697.7,41225358.98990012
2026-01-27 03:44:59.937000+00:00,2026-01-27 03:30:00+00:00,continuous,88697.7,88788.8,88639.2,88762.4,46818117.17819982
2026-01-27 03:59:59.030000+00:00,2026-01-27 03:45:00+00:00,continuous,88762.3,88769.4,88675.9,88744.6,37243644.125900134
2026-01-27 04:14:59.899000+00:00,2026-01-27 04:00:00+00:00,continuous,88744.7,88983.3,88608.7,88765.0,143975055.4555001
2026-01-27 04:29:58.710000+00:00,2026-01-27 04:15:00+00:00,continuous,88765.0,88849.1,88719.7,88793.7,59341245.57059998
2026-01-27 04:44:59.644000+00:00,2026-01-27 04:30:00+00:00,continuous,88793.7,88800.0,88631.0,88639.7,38466971.38529974
2026-01-27 04:59:59.609000+00:00,2026-01-27 04:45:00+00:00,continuous,88639.7,88657.7,88463.4,88532.7,73198688.89850017
2026-01-27 05:14:59.795000+00:00,2026-01-27 05:00:00+00:00,continuous,88532.6,88548.1,88383.4,88419.9,48421169.102500126
2026-01-27 05:29:59.296000+00:00,2026-01-27 05:15:00+00:00,continuous,88419.9,88462.5,88350.3,88449.6,55920406.67399995
2026-01-27 05:44:58.971000+00:00,2026-01-27 05:30:00+00:00,continuous,88449.6,88509.4,88448.4,88448.5,39311727.14100006
2026-01-27 05:59:59.687000+00:00,2026-01-27 05:45:00+00:00,continuous,88448.5,88524.9,88371.7,88424.0,31768241.49679992
2026-01-27 06:14:59.719000+00:00,2026-01-27 06:00:00+00:00,continuous,88424.0,88493.4,88392.3,88464.0,25431938.548600003
2026-01-27 06:29:59.982000+00:00,2026-01-27 06:15:00+00:00,continuous,88463.9,88464.5,88353.9,88358.5,29668931.726500016
2026-01-27 06:44:59.945000+00:00,2026-01-27 06:30:00+00:00,continuous,88358.5,88358.6,88250.4,88250.4,61756702.47020013
2026-01-27 06:59:59.900000+00:00,2026-01-27 06:45:00+00:00,continuous,88250.4,88315.0,88239.9,88295.4,30420023.667200014
2026-01-27 07:14:59.989000+00:00,2026-01-27 07:00:00+00:00,continuous,88295.3,88475.7,88290.5,88458.9,39349760.38840008
2026-01-27 07:29:59.506000+00:00,2026-01-27 07:15:00+00:00,continuous,88458.9,88479.9,88383.2,88479.9,30578169.935500033
2026-01-27 07:44:59.962000+00:00,2026-01-27 07:30:00+00:00,continuous,88479.9,88519.5,88414.0,88415.1,40135702.935199894
2026-01-27 07:59:59.854000+00:00,2026-01-27 07:45:00+00:00,continuous,88415.2,88418.3,88278.1,88287.9,36788809.448300235
2026-01-27 08:14:59.974000+00:00,2026-01-27 08:00:00+00:00,continuous,88288.0,88357.1,88261.2,88326.1,37891159.13649984
2026-01-27 08:29:59.994000+00:00,2026-01-27 08:15:00+00:00,continuous,88326.1,88365.6,88175.0,88193.7,60014083.11630001
2026-01-27 08:44:59.849000+00:00,2026-01-27 08:30:00+00:00,continuous,88193.8,88271.1,88157.2,88190.7,54531791.68849997
2026-01-27 08:59:59.750000+00:00,2026-01-27 08:45:00+00:00,continuous,88190.7,88190.8,88084.0,88137.5,64137260.37210005
2026-01-27 09:14:59.877000+00:00,2026-01-27 09:00:00+00:00,continuous,88137.6,88137.6,87952.9,87969.7,118175538.07130066
2026-01-27 09:29:59.634000+00:00,2026-01-27 09:15:00+00:00,continuous,87969.6,88046.8,87937.8,87948.7,61519168.36329987
2026-01-27 09:44:59.510000+00:00,2026-01-27 09:30:00+00:00,continuous,87948.7,88018.3,87877.0,87992.4,75514528.16619991
2026-01-27 09:59:59.871000+00:00,2026-01-27 09:45:00+00:00,continuous,87992.3,88022.7,87825.0,87852.6,59746317.95240004
2026-01-27 10:14:59.863000+00:00,2026-01-27 10:00:00+00:00,continuous,87852.6,88018.8,87842.7,87963.5,76832599.90920001
2026-01-27 10:29:58.670000+00:00,2026-01-27 10:15:00+00:00,continuous,87963.4,88023.1,87951.0,87951.1,39081706.95130033
2026-01-27 10:44:59.547000+00:00,2026-01-27 10:30:00+00:00,continuous,87951.1,87951.1,87779.0,87792.7,70320174.7196997
2026-01-27 10:59:59.318000+00:00,2026-01-27 10:45:00+00:00,continuous,87792.7,87819.8,87722.0,87754.3,52174702.57460001
2026-01-27 11:14:59.494000+00:00,2026-01-27 11:00:00+00:00,continuous,87754.3,87874.2,87707.1,87850.2,45328646.51649989
2026-01-27 11:29:59.522000+00:00,2026-01-27 11:15:00+00:00,continuous,87850.3,87878.6,87765.3,87839.6,29186878.346800055
2026-01-27 11:44:59.731000+00:00,2026-01-27 11:30:00+00:00,continuous,87839.5,88023.0,87839.5,88015.0,72181396.37090042
2026-01-27 11:59:59.843000+00:00,2026-01-27 11:45:00+00:00,continuous,88015.0,88065.9,87947.4,87947.5,47810959.3179999
2026-01-27 12:14:59.329000+00:00,2026-01-27 12:00:00+00:00,continuous,87947.4,88064.4,87922.6,88058.3,54058906.48790058
2026-01-27 12:29:59.832000+00:00,2026-01-27 12:15:00+00:00,continuous,88058.2,88126.3,88000.0,88007.4,68312666.54010002
2026-01-27 12:44:59.759000+00:00,2026-01-27 12:30:00+00:00,continuous,88007.4,88021.5,87958.9,87958.9,36721681.80180002
2026-01-27 12:59:57.719000+00:00,2026-01-27 12:45:00+00:00,continuous,87958.9,88000.0,87911.9,87952.2,31612890.2107
2026-01-27 13:14:59.843000+00:00,2026-01-27 13:00:00+00:00,continuous,87952.1,87976.4,87861.4,87880.3,40613214.61629993
2026-01-27 13:29:59.983000+00:00,2026-01-27 13:15:00+00:00,continuous,87880.3,87897.8,87755.0,87778.9,60206135.867799945
2026-01-27 13:44:59.920000+00:00,2026-01-27 13:30:00+00:00,continuous,87778.8,88042.6,87764.7,88004.3,60086589.698600024
2026-01-27 13:59:59.987000+00:00,2026-01-27 13:45:00+00:00,continuous,88004.2,88004.2,87833.9,87945.2,39760530.31409992
2026-01-27 14:14:59.876000+00:00,2026-01-27 14:00:00+00:00,continuous,87945.1,88272.8,87912.3,88259.0,105838512.95460014
2026-01-27 14:29:59.832000+00:00,2026-01-27 14:15:00+00:00,continuous,88259.0,88418.8,88149.6,88214.9,208356099.02469867
2026-01-27 14:44:59.893000+00:00,2026-01-27 14:30:00+00:00,continuous,88214.9,88300.1,87630.0,87637.2,298585516.4039007
2026-01-27 14:59:59.895000+00:00,2026-01-27 14:45:00+00:00,continuous,87637.2,87918.0,87622.0,87712.1,169112755.56739992
2026-01-27 15:14:59.966000+00:00,2026-01-27 15:00:00+00:00,continuous,87712.2,88167.1,87530.0,87944.6,311244953.52060086
2026-01-27 15:29:59.997000+00:00,2026-01-27 15:15:00+00:00,continuous,87944.5,87977.8,87582.2,87591.2,128712973.75559984
2026-01-27 15:44:59.721000+00:00,2026-01-27 15:30:00+00:00,continuous,87591.1,87828.4,87579.8,87662.7,150038866.59059918
2026-01-27 15:59:59.686000+00:00,2026-01-27 15:45:00+00:00,continuous,87662.7,88032.7,87662.6,88000.1,146055071.03890038
2026-01-27 16:14:59.977000+00:00,2026-01-27 16:00:00+00:00,continuous,88000.1,88683.8,87962.6,88406.2,469637932.7592002
2026-01-27 16:29:59.773000+00:00,2026-01-27 16:15:00+00:00,continuous,88406.1,88574.5,88261.3,88338.2,228567067.89359835
2026-01-27 16:44:59.658000+00:00,2026-01-27 16:30:00+00:00,continuous,88338.2,88775.3,88338.2,88709.3,221465763.82729882
2026-01-27 16:59:59.602000+00:00,2026-01-27 16:45:00+00:00,continuous,88709.3,88836.3,88578.0,88604.9,149775083.90349916
2026-01-27 17:14:59.931000+00:00,2026-01-27 17:00:00+00:00,continuous,88604.9,88660.9,87918.5,87971.7,284353583.8968991
2026-01-27 17:29:59.776000+00:00,2026-01-27 17:15:00+00:00,continuous,87971.7,87984.8,87555.0,87852.6,435207957.7225987
2026-01-27 17:44:59.901000+00:00,2026-01-27 17:30:00+00:00,continuous,87852.6,87958.9,87280.0,87329.1,393933377.3491986
2026-01-27 17:59:59.413000+00:00,2026-01-27 17:45:00+00:00,continuous,87329.0,87531.4,87265.4,87510.4,167197791.99210107
2026-01-27 18:14:59.836000+00:00,2026-01-27 18:00:00+00:00,continuous,87510.3,87847.0,87413.7,87639.6,194741773.67840058
2026-01-27 18:29:59.322000+00:00,2026-01-27 18:15:00+00:00,continuous,87639.6,87931.7,87639.6,87826.0,142399468.75240025
2026-01-27 18:44:59.823000+00:00,2026-01-27 18:30:00+00:00,continuous,87826.1,87930.0,87700.5,87795.6,73495723.76099975
2026-01-27 18:59:59.840000+00:00,2026-01-27 18:45:00+00:00,continuous,87795.6,88488.8,87795.6,88249.6,260245701.61569813
2026-01-27 19:14:59.581000+00:00,2026-01-27 19:00:00+00:00,continuous,88249.6,88294.6,88006.4,88181.8,155767896.67069963
2026-01-27 19:29:59.615000+00:00,2026-01-27 19:15:00+00:00,continuous,88181.8,88338.2,88136.8,88213.9,65879073.93220022
2026-01-27 19:44:59.859000+00:00,2026-01-27 19:30:00+00:00,continuous,88214.0,88521.5,88131.3,88492.6,59441585.83740002
2026-01-27 19:59:59.789000+00:00,2026-01-27 19:45:00+00:00,continuous,88492.7,88492.7,88316.2,88378.1,74664756.38660003
2026-01-27 20:14:59.969000+00:00,2026-01-27 20:00:00+00:00,continuous,88378.1,88720.6,88335.6,88711.6,142397873.1213994
2026-01-27 20:29:59.939000+00:00,2026-01-27 20:15:00+00:00,continuous,88711.6,89170.3,88621.6,89108.1,418939956.7921939
2026-01-27 20:44:59.251000+00:00,2026-01-27 20:30:00+00:00,continuous,89108.1,89118.0,88776.5,88907.0,175281502.01530084
2026-01-27 20:59:59.989000+00:00,2026-01-27 20:45:00+00:00,continuous,88906.9,89469.3,88899.9,89360.1,355716575.3242003
2026-01-27 21:14:59.961000+00:00,2026-01-27 21:00:00+00:00,continuous,89360.0,89499.0,89189.0,89358.9,209617618.58750132
2026-01-27 21:29:59.965000+00:00,2026-01-27 21:15:00+00:00,continuous,89358.8,89426.9,89186.8,89209.0,137126854.10939956
2026-01-27 21:44:59.656000+00:00,2026-01-27 21:30:00+00:00,continuous,89209.1,89254.4,89100.0,89169.8,114443796.07769987
2026-01-27 21:59:59.961000+00:00,2026-01-27 21:45:00+00:00,continuous,89169.9,89250.0,88947.3,89039.5,106652650.06060047
2026-01-27 22:14:59.660000+00:00,2026-01-27 22:00:00+00:00,continuous,89039.6,89190.2,89035.4,89099.4,67792718.26499973
2026-01-27 22:29:59.367000+00:00,2026-01-27 22:15:00+00:00,continuous,89099.4,89240.2,88966.2,89122.5,70454166.94870014
2026-01-27 22:44:59.904000+00:00,2026-01-27 22:30:00+00:00,continuous,89122.4,89394.9,89082.7,89277.2,89258434.97070058
2026-01-27 22:59:59.493000+00:00,2026-01-27 22:45:00+00:00,continuous,89284.8,89288.0,89192.2,89203.1,39782468.79649987
2026-01-27 23:14:59.828000+00:00,2026-01-27 23:00:00+00:00,continuous,89203.1,89285.0,89100.0,89281.4,69528299.57790026
2026-01-27 23:29:59.616000+00:00,2026-01-27 23:15:00+00:00,continuous,89281.4,89491.8,89228.1,89467.2,91101276.56600001
2026-01-27 23:44:59.076000+00:00,2026-01-27 23:30:00+00:00,continuous,89467.2,89478.1,89329.1,89377.0,70438053.44779995
2026-01-27 23:59:59.892000+00:00,2026-01-27 23:45:00+00:00,continuous,89377.1,89457.2,89163.0,89197.8,94411451.47140013
2026-01-28 00:14:59.993000+00:00,2026-01-28 00:00:00+00:00,continuous,89197.8,89242.5,89102.2,89210.5,64726694.46140027
2026-01-28 00:29:59.845000+00:00,2026-01-28 00:15:00+00:00,continuous,89210.6,89375.7,89123.9,89275.6,59251555.05159994
2026-01-28 00:44:59.738000+00:00,2026-01-28 00:30:00+00:00,continuous,89275.7,89275.7,89106.8,89161.7,42236651.12599992
2026-01-28 00:59:59.606000+00:00,2026-01-28 00:45:00+00:00,continuous,89161.6,89429.4,89158.6,89429.2,70370066.00880007
2026-01-28 01:14:59.807000+00:00,2026-01-28 01:00:00+00:00,continuous,89429.2,89449.9,89277.6,89341.0,83756335.58270003
2026-01-28 01:29:59.844000+00:00,2026-01-28 01:15:00+00:00,continuous,89341.0,89454.6,89235.0,89285.7,49248672.24929989
2026-01-28 01:44:59.804000+00:00,2026-01-28 01:30:00+00:00,continuous,89285.7,89330.0,89153.1,89318.3,42583330.69089997
2026-01-28 01:59:59.554000+00:00,2026-01-28 01:45:00+00:00,continuous,89318.4,89440.0,89254.9,89360.0,43700640.97659989
2026-01-28 02:14:58.770000+00:00,2026-01-28 02:00:00+00:00,continuous,89360.1,89410.0,89216.7,89238.1,48230730.03369996
2026-01-28 02:29:58.344000+00:00,2026-01-28 02:15:00+00:00,continuous,89238.2,89337.6,89202.2,89292.5,35309186.24690011
2026-01-28 02:44:59.662000+00:00,2026-01-28 02:30:00+00:00,continuous,89292.5,89330.5,89104.2,89111.7,60343261.27910022
2026-01-28 02:59:57.796000+00:00,2026-01-28 02:45:00+00:00,continuous,89111.7,89250.4,89059.8,89245.1,45767928.839599855
2026-01-28 03:14:59.846000+00:00,2026-01-28 03:00:00+00:00,continuous,89245.1,89273.8,89021.0,89043.5,80902744.60800037
2026-01-28 03:29:59.979000+00:00,2026-01-28 03:15:00+00:00,continuous,89043.5,89089.3,88954.7,89026.7,76588533.45600021
2026-01-28 03:44:59.442000+00:00,2026-01-28 03:30:00+00:00,continuous,89026.8,89121.6,88932.6,89037.2,48502001.3836998
2026-01-28 03:59:59.922000+00:00,2026-01-28 03:45:00+00:00,continuous,89037.1,89146.8,89017.1,89079.8,42925710.62100003
2026-01-28 04:14:59.518000+00:00,2026-01-28 04:00:00+00:00,continuous,89079.8,89128.0,88860.0,88904.6,70135355.76160006
2026-01-28 04:29:59.932000+00:00,2026-01-28 04:15:00+00:00,continuous,88904.6,88920.2,88800.1,88912.4,115000994.15690039
2026-01-28 04:44:59.912000+00:00,2026-01-28 04:30:00+00:00,continuous,88912.3,89088.0,88854.9,88972.8,42627863.510000184
2026-01-28 04:59:58.272000+00:00,2026-01-28 04:45:00+00:00,continuous,88972.9,88995.4,88932.4,88944.0,25840867.643499855
2026-01-28 05:14:59.782000+00:00,2026-01-28 05:00:00+00:00,continuous,88944.0,89032.2,88879.2,88879.2,44010907.02820008
2026-01-28 05:29:59.232000+00:00,2026-01-28 05:15:00+00:00,continuous,88879.3,88921.9,88796.8,88847.7,48932115.74009997
2026-01-28 05:44:59.919000+00:00,2026-01-28 05:30:00+00:00,continuous,88847.7,88994.2,88786.0,88854.7,81348340.47769976
2026-01-28 05:59:59.990000+00:00,2026-01-28 05:45:00+00:00,continuous,88854.6,89071.0,88854.6,89051.1,63163605.85449972
2026-01-28 06:14:59.675000+00:00,2026-01-28 06:00:00+00:00,continuous,89051.2,89246.1,89051.2,89208.7,74781933.74490021
2026-01-28 06:29:59.804000+00:00,2026-01-28 06:15:00+00:00,continuous,89208.7,89246.7,89155.9,89156.1,44954491.98390011
2026-01-28 06:44:59.764000+00:00,2026-01-28 06:30:00+00:00,continuous,89156.1,89310.0,89085.2,89146.7,57791406.1945998
2026-01-28 06:59:59.658000+00:00,2026-01-28 06:45:00+00:00,continuous,89146.6,89366.0,89109.0,89287.9,45489531.2564999
2026-01-28 07:14:59.393000+00:00,2026-01-28 07:00:00+00:00,continuous,89288.2,89318.6,89158.2,89186.4,38570120.86599991
2026-01-28 07:29:58.135000+00:00,2026-01-28 07:15:00+00:00,continuous,89186.5,89256.6,89162.0,89239.6,30705279.863200083
2026-01-28 07:44:59.725000+00:00,2026-01-28 07:30:00+00:00,continuous,89239.6,89239.6,89127.3,89219.9,33833880.53809985
2026-01-28 07:59:59.816000+00:00,2026-01-28 07:45:00+00:00,continuous,89219.9,89260.4,89072.1,89106.8,47497508.28909995
2026-01-28 08:14:59.996000+00:00,2026-01-28 08:00:00+00:00,continuous,89106.8,89241.0,89075.4,89113.2,61366638.39010011
2026-01-28 08:29:59.712000+00:00,2026-01-28 08:15:00+00:00,continuous,89113.2,89132.9,88972.7,88995.2,56960577.023000084
2026-01-28 08:44:59.210000+00:00,2026-01-28 08:30:00+00:00,continuous,88995.2,89082.7,88967.4,89064.7,36800690.71249992
2026-01-28 08:59:59.856000+00:00,2026-01-28 08:45:00+00:00,continuous,89064.8,89064.8,88851.0,88901.1,72538881.57019982
2026-01-28 09:14:59.821000+00:00,2026-01-28 09:00:00+00:00,continuous,88901.1,88986.1,88833.0,88912.8,55225023.90690014
2026-01-28 09:29:59.588000+00:00,2026-01-28 09:15:00+00:00,continuous,88912.8,88989.1,88831.9,88968.1,47447329.07420014
2026-01-28 09:44:59.911000+00:00,2026-01-28 09:30:00+00:00,continuous,88968.1,89430.0,88965.5,89294.9,158194245.08109868
2026-01-28 09:59:59.980000+00:00,2026-01-28 09:45:00+00:00,continuous,89294.8,89554.6,89238.4,89542.6,107712993.80990015
2026-01-28 10:14:59.999000+00:00,2026-01-28 10:00:00+00:00,continuous,89542.5,89591.0,89396.1,89543.9,171924286.46820042
2026-01-28 10:29:59.973000+00:00,2026-01-28 10:15:00+00:00,continuous,89544.0,89682.5,89284.0,89310.6,139539331.36399868
2026-01-28 10:44:59.543000+00:00,2026-01-28 10:30:00+00:00,continuous,89310.7,89470.0,89310.6,89464.1,55652510.92119969
2026-01-28 10:59:59.614000+00:00,2026-01-28 10:45:00+00:00,continuous,89464.0,89481.5,89368.4,89368.4,35885549.04030007
2026-01-28 11:14:59.231000+00:00,2026-01-28 11:00:00+00:00,continuous,89368.4,89436.3,89282.9,89303.5,63390404.229300015
2026-01-28 11:29:59.828000+00:00,2026-01-28 11:15:00+00:00,continuous,89303.4,89433.2,89284.3,89418.9,31295839.406799998
2026-01-28 11:44:59.815000+00:00,2026-01-28 11:30:00+00:00,continuous,89418.9,89636.1,89326.7,89628.0,96792953.34979981
2026-01-28 11:59:59.910000+00:00,2026-01-28 11:45:00+00:00,continuous,89627.9,90122.0,89565.8,90036.9,536555357.1038984
2026-01-28 12:14:59.845000+00:00,2026-01-28 12:00:00+00:00,continuous,90036.9,90138.9,89875.5,89886.8,277229694.4163007
2026-01-28 12:29:59.961000+00:00,2026-01-28 12:15:00+00:00,continuous,89886.7,89951.3,89752.9,89824.6,110977548.04209998
2026-01-28 12:44:59.767000+00:00,2026-01-28 12:30:00+00:00,continuous,89824.6,89958.5,89764.9,89868.6,79483887.91579996
2026-01-28 12:59:59.492000+00:00,2026-01-28 12:45:00+00:00,continuous,89868.6,89999.0,89739.6,89955.0,151618400.64230013
2026-01-28 13:14:59.822000+00:00,2026-01-28 13:00:00+00:00,continuous,89954.9,90338.2,89909.0,90130.1,296717067.5239989
2026-01-28 13:29:59.922000+00:00,2026-01-28 13:15:00+00:00,continuous,90130.0,90245.6,90005.7,90090.5,105296009.18690015
2026-01-28 13:44:59.942000+00:00,2026-01-28 13:30:00+00:00,continuous,90090.5,90444.4,90053.7,90361.1,266347650.32299998
2026-01-28 13:59:59.687000+00:00,2026-01-28 13:45:00+00:00,continuous,90361.0,90412.0,90126.0,90220.1,129719385.60679941
2026-01-28 14:14:59.984000+00:00,2026-01-28 14:00:00+00:00,continuous,90220.1,90221.3,90092.5,90102.4,89267597.41029999
2026-01-28 14:29:59.907000+00:00,2026-01-28 14:15:00+00:00,continuous,90102.3,90142.7,89884.1,89953.9,146477394.06090072
2026-01-28 14:44:59.964000+00:00,2026-01-28 14:30:00+00:00,continuous,89953.9,90102.8,89580.2,89664.1,362061605.8854027
2026-01-28 14:59:59.856000+00:00,2026-01-28 14:45:00+00:00,continuous,89664.1,89743.8,89401.6,89578.1,285253649.1694044
2026-01-28 15:14:59.978000+00:00,2026-01-28 15:00:00+00:00,continuous,89578.1,89820.3,89050.0,89053.2,332146084.2284014
2026-01-28 15:29:59.984000+00:00,2026-01-28 15:15:00+00:00,continuous,89053.0,89307.0,88852.2,89224.7,470383733.6073985
2026-01-28 15:44:59.830000+00:00,2026-01-28 15:30:00+00:00,continuous,89224.8,89503.7,89178.0,89463.6,175554330.6016006
2026-01-28 15:59:59.986000+00:00,2026-01-28 15:45:00+00:00,continuous,89463.5,89600.0,89272.4,89444.4,136626850.26590055
2026-01-28 16:14:59.812000+00:00,2026-01-28 16:00:00+00:00,continuous,89444.5,89490.0,89207.3,89226.4,123335043.45209943
2026-01-28 16:29:59.758000+00:00,2026-01-28 16:15:00+00:00,continuous,89226.4,89734.4,89210.8,89714.5,120109505.25649936
2026-01-28 16:44:59.954000+00:00,2026-01-28 16:30:00+00:00,continuous,89714.4,89790.6,89419.4,89508.0,131728248.49739987
2026-01-28 16:59:59.721000+00:00,2026-01-28 16:45:00+00:00,continuous,89508.2,89718.9,89458.3,89588.8,73382497.6343998
2026-01-28 17:14:59.803000+00:00,2026-01-28 17:00:00+00:00,continuous,89588.8,89752.4,89543.0,89690.0,72221450.80009998
2026-01-28 17:29:59.503000+00:00,2026-01-28 17:15:00+00:00,continuous,89689.9,89708.7,89515.0,89554.8,62264071.30649988
2026-01-28 17:44:59.975000+00:00,2026-01-28 17:30:00+00:00,continuous,89554.8,89949.0,89238.8,89814.2,210022627.2427999
2026-01-28 17:59:59.901000+00:00,2026-01-28 17:45:00+00:00,continuous,89814.2,90592.7,89783.0,90142.9,579198519.6182958
2026-01-28 18:14:59.988000+00:00,2026-01-28 18:00:00+00:00,continuous,90142.9,90149.2,89457.3,89779.3,549627197.8511022
2026-01-28 18:29:59.750000+00:00,2026-01-28 18:15:00+00:00,continuous,89779.4,89911.7,89671.3,89735.9,94338900.26020025
2026-01-28 18:44:59.948000+00:00,2026-01-28 18:30:00+00:00,continuous,89735.8,89778.0,89523.7,89599.8,58904766.94000012
2026-01-28 18:59:59.989000+00:00,2026-01-28 18:45:00+00:00,continuous,89599.7,89625.9,89216.4,89501.0,142716062.69859987
2026-01-28 19:14:59.910000+00:00,2026-01-28 19:00:00+00:00,continuous,89500.9,89693.9,89033.8,89336.1,342775039.9031948
2026-01-28 19:29:59.296000+00:00,2026-01-28 19:15:00+00:00,continuous,89336.0,89597.6,89236.8,89369.8,65779622.12879991
2026-01-28 19:44:59.943000+00:00,2026-01-28 19:30:00+00:00,continuous,89369.9,89514.7,88974.0,89009.8,196494983.15570185
2026-01-28 19:59:59.667000+00:00,2026-01-28 19:45:00+00:00,continuous,89009.9,89568.1,89000.4,89363.6,135263822.3644994
2026-01-28 20:14:59.582000+00:00,2026-01-28 20:00:00+00:00,continuous,89363.5,89595.9,89302.0,89549.7,93152475.87859991
2026-01-28 20:29:59.801000+00:00,2026-01-28 20:15:00+00:00,continuous,89549.7,89880.1,89426.1,89762.3,175951501.6984998
2026-01-28 20:44:59.969000+00:00,2026-01-28 20:30:00+00:00,continuous,89762.4,89762.4,89075.6,89202.8,147901949.66860083
2026-01-28 20:59:59.928000+00:00,2026-01-28 20:45:00+00:00,continuous,89202.6,89228.9,88964.7,89099.9,133746314.7458007
2026-01-28 21:14:59.947000+00:00,2026-01-28 21:00:00+00:00,continuous,89100.0,89185.1,88829.0,89176.1,202291988.72460023
2026-01-28 21:29:59.072000+00:00,2026-01-28 21:15:00+00:00,continuous,89176.1,89237.7,89100.5,89138.9,46719839.47860002
2026-01-28 21:44:59.503000+00:00,2026-01-28 21:30:00+00:00,continuous,89138.9,89449.1,89029.8,89384.6,106711584.69459955
2026-01-28 21:59:59.442000+00:00,2026-01-28 21:45:00+00:00,continuous,89384.6,89446.6,89281.8,89369.3,34589147.85340003
2026-01-28 22:14:59.560000+00:00,2026-01-28 22:00:00+00:00,continuous,89369.4,89437.6,89216.2,89243.7,47008548.50570012
2026-01-28 22:29:59.574000+00:00,2026-01-28 22:15:00+00:00,continuous,89243.8,89247.6,89093.2,89247.4,40995545.71030013
2026-01-28 22:44:59.695000+00:00,2026-01-28 22:30:00+00:00,continuous,89247.5,89262.4,89155.9,89225.8,27918252.017399944
2026-01-28 22:59:59.894000+00:00,2026-01-28 22:45:00+00:00,continuous,89225.8,89380.0,89225.7,89347.1,25014243.595300063
2026-01-28 23:14:58.904000+00:00,2026-01-28 23:00:00+00:00,continuous,89347.1,89422.0,89294.5,89303.1,34299723.38950003
2026-01-28 23:29:57.968000+00:00,2026-01-28 23:15:00+00:00,continuous,89303.2,89433.3,89218.6,89253.4,35679745.67149993
2026-01-28 23:44:59.913000+00:00,2026-01-28 23:30:00+00:00,continuous,89253.5,89292.6,89159.2,89271.8,32729226.150500022
2026-01-28 23:59:59.999000+00:00,2026-01-28 23:45:00+00:00,continuous,89271.8,89362.6,89187.5,89261.7,46842157.76540021
2026-01-29 00:14:59.789000+00:00,2026-01-29 00:00:00+00:00,continuous,89261.7,89316.8,89050.0,89050.0,83206297.82910004
2026-01-29 00:29:59.462000+00:00,2026-01-29 00:15:00+00:00,continuous,89050.1,89112.2,88959.4,88996.6,65277608.689500116
2026-01-29 00:44:59.664000+00:00,2026-01-29 00:30:00+00:00,continuous,88996.7,89121.9,88927.5,88932.4,54240844.481699914
2026-01-29 00:59:59.006000+00:00,2026-01-29 00:45:00+00:00,continuous,88932.3,89121.5,88861.5,89112.0,74149697.96930037
2026-01-29 01:14:59.763000+00:00,2026-01-29 01:00:00+00:00,continuous,89112.0,89130.0,88973.4,89069.0,33821686.467999905
2026-01-29 01:29:59.933000+00:00,2026-01-29 01:15:00+00:00,continuous,89068.9,89069.0,88557.5,88792.1,160716312.51530048
2026-01-29 01:44:59.900000+00:00,2026-01-29 01:30:00+00:00,continuous,88792.2,88857.1,88693.7,88797.5,77071916.04419996
2026-01-29 01:59:59.469000+00:00,2026-01-29 01:45:00+00:00,continuous,88797.5,88863.9,88508.7,88561.7,164892585.1802003
2026-01-29 02:14:59.974000+00:00,2026-01-29 02:00:00+00:00,continuous,88561.7,88721.9,88377.0,88651.0,150278781.76759958
2026-01-29 02:29:59.974000+00:00,2026-01-29 02:15:00+00:00,continuous,88651.0,88694.0,88524.1,88573.5,73543672.22440039
2026-01-29 02:44:59.995000+00:00,2026-01-29 02:30:00+00:00,continuous,88573.4,88573.6,88002.0,88109.6,382142779.1839985
2026-01-29 02:59:59.924000+00:00,2026-01-29 02:45:00+00:00,continuous,88109.7,88109.7,87650.1,87857.9,430773870.3267989
2026-01-29 03:14:59.972000+00:00,2026-01-29 03:00:00+00:00,continuous,87857.9,88226.7,87723.2,88036.2,288030646.71379995
2026-01-29 03:29:59.648000+00:00,2026-01-29 03:15:00+00:00,continuous,88036.3,88152.7,87940.0,88001.7,144192652.64180005
2026-01-29 03:44:59.914000+00:00,2026-01-29 03:30:00+00:00,continuous,88001.6,88083.9,87911.8,88078.8,67114835.03770012
2026-01-29 03:59:59.994000+00:00,2026-01-29 03:45:00+00:00,continuous,88078.7,88123.4,87929.9,88003.2,62115979.35799976
2026-01-29 04:14:59.904000+00:00,2026-01-29 04:00:00+00:00,continuous,88003.2,88052.8,87914.1,87940.9,69283651.03710023
2026-01-29 04:29:59.442000+00:00,2026-01-29 04:15:00+00:00,continuous,87940.9,88034.0,87863.0,88034.0,70896261.11359993
2026-01-29 04:44:59.767000+00:00,2026-01-29 04:30:00+00:00,continuous,88033.9,88209.9,88033.9,88124.9,72724963.18180026
2026-01-29 04:59:59.856000+00:00,2026-01-29 04:45:00+00:00,continuous,88124.9,88308.8,88123.2,88269.9,80153027.08139989
2026-01-29 05:14:59.974000+00:00,2026-01-29 05:00:00+00:00,continuous,88270.0,88378.0,88225.0,88273.7,67194787.00129987
2026-01-29 05:29:59.913000+00:00,2026-01-29 05:15:00+00:00,continuous,88273.6,88311.0,88153.1,88171.1,44190856.8376
2026-01-29 05:44:59.353000+00:00,2026-01-29 05:30:00+00:00,continuous,88171.1,88332.1,88166.3,88276.0,46348614.74060007
2026-01-29 05:59:59.806000+00:00,2026-01-29 05:45:00+00:00,continuous,88276.1,88279.1,88106.0,88149.3,38560186.17680008
2026-01-29 06:14:59.452000+00:00,2026-01-29 06:00:00+00:00,continuous,88149.3,88280.1,88133.0,88216.1,38001540.40639992
2026-01-29 06:29:59.754000+00:00,2026-01-29 06:15:00+00:00,continuous,88216.1,88271.4,88160.0,88248.2,33830707.036900006
2026-01-29 06:44:59.717000+00:00,2026-01-29 06:30:00+00:00,continuous,88248.1,88300.0,88224.0,88293.5,29222980.850100152
2026-01-29 06:59:59.926000+00:00,2026-01-29 06:45:00+00:00,continuous,88293.5,88299.4,88218.2,88281.1,23465952.667199954
2026-01-29 07:14:59.958000+00:00,2026-01-29 07:00:00+00:00,continuous,88281.2,88359.3,88268.3,88293.5,32512797.687199827
2026-01-29 07:29:59.723000+00:00,2026-01-29 07:15:00+00:00,continuous,88293.5,88307.4,88219.0,88231.3,42909096.15460011
2026-01-29 07:44:59.504000+00:00,2026-01-29 07:30:00+00:00,continuous,88231.3,88337.5,88211.0,88308.2,36742104.8469001
2026-01-29 07:59:59.551000+00:00,2026-01-29 07:45:00+00:00,continuous,88308.2,88394.2,88244.4,88310.9,104927936.84969996
2026-01-29 08:14:59.939000+00:00,2026-01-29 08:00:00+00:00,continuous,88310.9,88311.0,87907.4,87910.9,192314492.19569945
2026-01-29 08:29:59.996000+00:00,2026-01-29 08:15:00+00:00,continuous,87911.0,88440.8,87866.2,88412.9,180503903.40090135
2026-01-29 08:44:59.917000+00:00,2026-01-29 08:30:00+00:00,continuous,88413.0,88461.2,88056.1,88086.0,145504880.91719994
2026-01-29 08:59:59.903000+00:00,2026-01-29 08:45:00+00:00,continuous,88086.0,88180.4,87889.1,88028.1,115475759.00020003
2026-01-29 09:14:59.821000+00:00,2026-01-29 09:00:00+00:00,continuous,88028.0,88120.2,87948.8,87961.2,56216785.06919981
2026-01-29 09:29:59.801000+00:00,2026-01-29 09:15:00+00:00,continuous,87961.2,88042.3,87959.4,87987.9,29428241.81259998
2026-01-29 09:44:59.905000+00:00,2026-01-29 09:30:00+00:00,continuous,87987.9,88105.0,87926.6,87990.1,69174083.09149978
2026-01-29 09:59:59.894000+00:00,2026-01-29 09:45:00+00:00,continuous,87990.1,87996.5,87850.0,87851.1,58872436.29080023
2026-01-29 10:14:58.023000+00:00,2026-01-29 10:00:00+00:00,continuous,87851.0,87984.1,87800.0,87895.2,84774930.87579997
2026-01-29 10:29:58.370000+00:00,2026-01-29 10:15:00+00:00,continuous,87895.3,87989.0,87856.0,87913.6,54882747.38860004
2026-01-29 10:44:59.582000+00:00,2026-01-29 10:30:00+00:00,continuous,87913.6,87927.3,87867.9,87879.1,27636131.22849998
2026-01-29 10:59:59.399000+00:00,2026-01-29 10:45:00+00:00,continuous,87879.2,87984.8,87773.1,87920.1,73086362.67070001
2026-01-29 11:14:59.836000+00:00,2026-01-29 11:00:00+00:00,continuous,87920.0,88027.9,87805.4,87975.4,60313281.72090022
2026-01-29 11:29:59.993000+00:00,2026-01-29 11:15:00+00:00,continuous,87975.5,88000.8,87731.7,87760.2,98471361.35159995
2026-01-29 11:44:59.639000+00:00,2026-01-29 11:30:00+00:00,continuous,87760.2,87871.7,87725.1,87753.5,85178635.89480014
2026-01-29 11:59:58.877000+00:00,2026-01-29 11:45:00+00:00,continuous,87753.5,87818.3,87711.0,87795.2,76823736.79320014
2026-01-29 12:14:59.419000+00:00,2026-01-29 12:00:00+00:00,continuous,87795.1,88021.4,87775.1,87973.2,101239301.06839946
2026-01-29 12:29:58.819000+00:00,2026-01-29 12:15:00+00:00,continuous,87973.3,88067.0,87900.0,87900.0,58003525.93130027
2026-01-29 12:44:59.853000+00:00,2026-01-29 12:30:00+00:00,continuous,87900.1,88034.6,87788.9,87952.4,64545315.131100155
2026-01-29 12:59:59.904000+00:00,2026-01-29 12:45:00+00:00,continuous,87952.3,88084.9,87949.1,88073.8,52516275.97280002
2026-01-29 13:14:59.932000+00:00,2026-01-29 13:00:00+00:00,continuous,88073.9,88127.8,88040.8,88090.5,56593861.78119958
2026-01-29 13:29:59.965000+00:00,2026-01-29 13:15:00+00:00,continuous,88090.4,88133.2,88033.2,88133.0,43307270.4585
2026-01-29 13:44:59.095000+00:00,2026-01-29 13:30:00+00:00,continuous,88132.9,88132.9,88015.2,88040.3,45140468.06389998
2026-01-29 13:59:59.892000+00:00,2026-01-29 13:45:00+00:00,continuous,88040.2,88059.4,87907.6,88008.8,53272395.71859999
2026-01-29 14:14:58.710000+00:00,2026-01-29 14:00:00+00:00,continuous,88008.8,88035.5,87905.7,87955.3,40864566.47670013
2026-01-29 14:29:59.934000+00:00,2026-01-29 14:15:00+00:00,continuous,87955.3,88025.5,87760.0,87782.4,89868327.58459973
2026-01-29 14:44:59.928000+00:00,2026-01-29 14:30:00+00:00,continuous,87782.4,87912.3,87501.0,87644.0,389404852.0306028
2026-01-29 14:59:59.978000+00:00,2026-01-29 14:45:00+00:00,continuous,87644.0,87836.4,86946.1,86978.7,549214346.9297018
2026-01-29 15:14:59.998000+00:00,2026-01-29 15:00:00+00:00,continuous,86978.8,87013.7,85280.0,85301.1,1794580951.6093824
2026-01-29 15:29:59.992000+00:00,2026-01-29 15:15:00+00:00,continuous,85301.6,85780.0,85166.3,85433.9,1112399326.800386
2026-01-29 15:44:59.965000+00:00,2026-01-29 15:30:00+00:00,continuous,85433.8,85613.1,84400.0,84589.7,1147830757.9398077
2026-01-29 15:59:59.934000+00:00,2026-01-29 15:45:00+00:00,continuous,84589.7,85119.0,84335.4,84898.0,803407453.0452062
2026-01-29 16:14:59.881000+00:00,2026-01-29 16:00:00+00:00,continuous,84897.9,84950.9,84400.0,84743.5,589079936.9747953
2026-01-29 16:29:59.810000+00:00,2026-01-29 16:15:00+00:00,continuous,84743.4,84910.0,84450.0,84473.9,317182525.5103023
2026-01-29 16:44:59.793000+00:00,2026-01-29 16:30:00+00:00,continuous,84473.9,84786.3,84222.0,84595.1,604187670.5176008
2026-01-29 16:59:59.996000+00:00,2026-01-29 16:45:00+00:00,continuous,84595.2,85367.2,84550.4,85230.3,559506932.0833004
2026-01-29 17:14:59.836000+00:00,2026-01-29 17:00:00+00:00,continuous,85230.4,85440.2,85031.9,85198.4,496073300.0863031
2026-01-29 17:29:59.933000+00:00,2026-01-29 17:15:00+00:00,continuous,85198.4,85596.1,84985.2,85002.0,543015478.0633974
2026-01-29 17:44:59.983000+00:00,2026-01-29 17:30:00+00:00,continuous,85002.0,85110.8,84684.6,84843.8,394726508.91769904
2026-01-29 17:59:59.912000+00:00,2026-01-29 17:45:00+00:00,continuous,84843.8,84877.5,83939.0,84225.0,755477404.419802
2026-01-29 18:14:59.901000+00:00,2026-01-29 18:00:00+00:00,continuous,84225.0,84595.3,84185.7,84483.6,248585127.7990999
2026-01-29 18:29:59.929000+00:00,2026-01-29 18:15:00+00:00,continuous,84483.6,84510.1,83644.9,83835.4,572086811.7984979
2026-01-29 18:44:59.974000+00:00,2026-01-29 18:30:00+00:00,continuous,83835.4,84083.6,83524.3,83984.0,435898785.0307981
2026-01-29 18:59:59.987000+00:00,2026-01-29 18:45:00+00:00,continuous,83984.1,83999.0,83355.0,83440.9,424466025.7700995
2026-01-29 19:14:59.901000+00:00,2026-01-29 19:00:00+00:00,continuous,83440.8,83631.8,83338.3,83630.0,256780616.1720991
2026-01-29 19:29:59.933000+00:00,2026-01-29 19:15:00+00:00,continuous,83630.0,83927.7,83517.1,83767.1,258570684.96139973
2026-01-29 19:44:59.871000+00:00,2026-01-29 19:30:00+00:00,continuous,83767.1,84305.2,83767.0,84126.7,442153518.8565023
2026-01-29 19:59:59.943000+00:00,2026-01-29 19:45:00+00:00,continuous,84126.8,84212.7,83957.5,83979.4,120477146.21820046
2026-01-29 20:14:59.638000+00:00,2026-01-29 20:00:00+00:00,continuous,83979.5,84075.0,83856.8,83880.9,131212503.24079998
2026-01-29 20:29:59.743000+00:00,2026-01-29 20:15:00+00:00,continuous,83880.9,84181.3,83880.8,83969.1,96434605.19339973
2026-01-29 20:44:59.939000+00:00,2026-01-29 20:30:00+00:00,continuous,83969.0,84120.0,83785.6,84066.6,146139048.7035006
2026-01-29 20:59:59.948000+00:00,2026-01-29 20:45:00+00:00,continuous,84066.5,84376.2,83987.4,84186.3,174868524.37250045
2026-01-29 21:14:59.998000+00:00,2026-01-29 21:00:00+00:00,continuous,84186.4,84436.2,84169.3,84384.0,145060018.72910115
2026-01-29 21:29:59.869000+00:00,2026-01-29 21:15:00+00:00,continuous,84383.7,84383.7,84178.0,84329.5,92969121.40270053
2026-01-29 21:44:59.966000+00:00,2026-01-29 21:30:00+00:00,continuous,84329.5,84450.0,84246.2,84410.4,73049075.5160002
2026-01-29 21:59:59.948000+00:00,2026-01-29 21:45:00+00:00,continuous,84410.4,84623.1,84398.6,84491.0,96692934.06069979
2026-01-29 22:14:59.809000+00:00,2026-01-29 22:00:00+00:00,continuous,84491.1,84580.0,84271.3,84313.5,99134821.76780035
2026-01-29 22:29:59.976000+00:00,2026-01-29 22:15:00+00:00,continuous,84313.5,84430.8,84313.5,84405.4,51868107.23360004
2026-01-29 22:44:59.662000+00:00,2026-01-29 22:30:00+00:00,continuous,84405.4,84450.0,84350.0,84413.5,67044070.15530012
2026-01-29 22:59:59.962000+00:00,2026-01-29 22:45:00+00:00,continuous,84413.6,84553.2,84355.3,84529.6,34688336.23289989
2026-01-29 23:14:59.751000+00:00,2026-01-29 23:00:00+00:00,continuous,84529.5,84542.1,84400.0,84439.9,52490262.52119998
2026-01-29 23:29:59.932000+00:00,2026-01-29 23:15:00+00:00,continuous,84439.9,84644.7,84423.7,84545.9,74704183.52199988
2026-01-29 23:44:59.805000+00:00,2026-01-29 23:30:00+00:00,continuous,84545.9,84695.2,84545.9,84642.9,105860271.01699972
2026-01-29 23:59:59.883000+00:00,2026-01-29 23:45:00+00:00,continuous,84642.9,84699.9,84602.0,84604.7,38135411.33019979
2026-01-30 00:14:59.752000+00:00,2026-01-30 00:00:00+00:00,continuous,84604.7,84697.2,84488.6,84495.2,65934110.92469995
2026-01-30 00:29:59.983000+00:00,2026-01-30 00:15:00+00:00,continuous,84495.2,84519.4,84275.0,84337.5,122687323.83130012
2026-01-30 00:44:59.791000+00:00,2026-01-30 00:30:00+00:00,continuous,84337.5,84397.5,84202.0,84359.1,109626527.43879947
2026-01-30 00:59:59.952000+00:00,2026-01-30 00:45:00+00:00,continuous,84359.2,84490.3,84100.0,84157.4,174155770.5198997
2026-01-30 01:14:59.301000+00:00,2026-01-30 01:00:00+00:00,continuous,84157.4,84157.5,83950.0,84104.0,143769425.87269974
2026-01-30 01:29:59.758000+00:00,2026-01-30 01:15:00+00:00,continuous,84104.1,84156.9,83468.2,83733.4,411585992.70659876
2026-01-30 01:44:59.952000+00:00,2026-01-30 01:30:00+00:00,continuous,83733.3,83855.2,81000.0,81988.5,2038705401.9990082
2026-01-30 01:59:59.955000+00:00,2026-01-30 01:45:00+00:00,continuous,81988.4,82524.4,81558.2,82434.7,740250728.6122047
2026-01-30 02:14:59.992000+00:00,2026-01-30 02:00:00+00:00,continuous,82436.3,82514.4,81833.0,81874.4,392371778.0737027
2026-01-30 02:29:59.979000+00:00,2026-01-30 02:15:00+00:00,continuous,81874.6,82096.2,81203.1,81439.1,617056948.8013015
2026-01-30 02:44:59.961000+00:00,2026-01-30 02:30:00+00:00,continuous,81439.2,82094.3,81116.0,81958.3,545912916.230199
2026-01-30 02:59:59.856000+00:00,2026-01-30 02:45:00+00:00,continuous,81958.3,82154.8,81842.2,82128.1,211399346.11589992
2026-01-30 03:14:59.652000+00:00,2026-01-30 03:00:00+00:00,continuous,82128.0,82379.5,81995.6,82352.6,235639416.08669692
2026-01-30 03:29:59.811000+00:00,2026-01-30 03:15:00+00:00,continuous,82352.7,82396.5,82184.5,82324.8,164185238.77020055
2026-01-30 03:44:59.921000+00:00,2026-01-30 03:30:00+00:00,continuous,82324.7,82493.4,82320.2,82455.9,105847961.9824994
2026-01-30 03:59:59.886000+00:00,2026-01-30 03:45:00+00:00,continuous,82455.9,82709.5,82389.1,82640.9,219789706.39450124
2026-01-30 04:14:59.994000+00:00,2026-01-30 04:00:00+00:00,continuous,82640.9,82983.7,82640.4,82983.6,161995069.30589977
2026-01-30 04:29:59.970000+00:00,2026-01-30 04:15:00+00:00,continuous,82983.7,83299.9,82885.2,83001.0,270552702.0420021
2026-01-30 04:44:59.776000+00:00,2026-01-30 04:30:00+00:00,continuous,83001.0,83163.5,82856.7,82879.9,162287060.9399013
2026-01-30 04:59:59.340000+00:00,2026-01-30 04:45:00+00:00,continuous,82880.0,82964.6,82843.1,82906.6,95401020.71470009
2026-01-30 05:14:59.642000+00:00,2026-01-30 05:00:00+00:00,continuous,82906.5,83016.3,82859.4,82936.8,81464617.21160018
2026-01-30 05:29:59.983000+00:00,2026-01-30 05:15:00+00:00,continuous,82936.7,83300.0,82880.5,83220.2,130477640.4894006
2026-01-30 05:44:59.923000+00:00,2026-01-30 05:30:00+00:00,continuous,83220.1,83270.0,83066.9,83066.9,85307701.18689984
2026-01-30 05:59:59.956000+00:00,2026-01-30 05:45:00+00:00,continuous,83067.0,83100.0,82866.7,82873.5,88249886.99749994
2026-01-30 06:14:59.827000+00:00,2026-01-30 06:00:00+00:00,continuous,82873.5,82882.3,82714.4,82753.6,184729935.5401989
2026-01-30 06:29:59.919000+00:00,2026-01-30 06:15:00+00:00,continuous,82753.5,82764.2,82328.0,82381.0,284370836.21309924
2026-01-30 06:44:59.988000+00:00,2026-01-30 06:30:00+00:00,continuous,82381.0,82470.8,82115.5,82129.9,196105317.5750006
2026-01-30 06:59:59.751000+00:00,2026-01-30 06:45:00+00:00,continuous,82129.8,82644.5,82021.1,82560.8,248160136.35889956
2026-01-30 07:14:59.915000+00:00,2026-01-30 07:00:00+00:00,continuous,82560.8,83074.4,82560.8,82907.9,276563979.1011016
2026-01-30 07:29:59.682000+00:00,2026-01-30 07:15:00+00:00,continuous,82907.9,82967.7,82620.1,82627.4,127735948.0042008
2026-01-30 07:44:59.910000+00:00,2026-01-30 07:30:00+00:00,continuous,82627.4,82694.3,82431.6,82520.9,214916741.6269997
2026-01-30 07:59:59.560000+00:00,2026-01-30 07:45:00+00:00,continuous,82521.0,82910.7,82500.0,82770.1,180995878.1776996
2026-01-30 08:14:59.949000+00:00,2026-01-30 08:00:00+00:00,continuous,82770.1,82871.3,82553.7,82847.5,178187843.32620022
2026-01-30 08:29:59.653000+00:00,2026-01-30 08:15:00+00:00,continuous,82847.6,82939.7,82650.0,82650.1,108646453.70810024
2026-01-30 08:44:59.961000+00:00,2026-01-30 08:30:00+00:00,continuous,82650.0,82650.0,82399.0,82550.7,125758421.88059987
2026-01-30 08:59:59.929000+00:00,2026-01-30 08:45:00+00:00,continuous,82550.8,82642.0,82443.0,82625.3,81429536.59439987
2026-01-30 09:14:59.531000+00:00,2026-01-30 09:00:00+00:00,continuous,82625.3,82793.5,82555.5,82596.6,91689060.89490017
2026-01-30 09:29:59.841000+00:00,2026-01-30 09:15:00+00:00,continuous,82596.6,82619.2,82135.3,82368.6,247297525.9020002
2026-01-30 09:44:59.897000+00:00,2026-01-30 09:30:00+00:00,continuous,82368.5,82607.2,82368.5,82442.3,99577851.7188994
2026-01-30 09:59:59.937000+00:00,2026-01-30 09:45:00+00:00,continuous,82442.2,82442.3,82108.4,82320.5,164725325.58950058
2026-01-30 10:14:59.688000+00:00,2026-01-30 10:00:00+00:00,continuous,82320.4,82370.1,82115.1,82281.1,123479248.56429958
2026-01-30 10:29:59.514000+00:00,2026-01-30 10:15:00+00:00,continuous,82281.2,82589.5,82206.6,82482.5,106105362.14780037
2026-01-30 10:44:59.950000+00:00,2026-01-30 10:30:00+00:00,continuous,82482.5,82612.0,82439.1,82548.0,63984405.493799545
2026-01-30 10:59:59.962000+00:00,2026-01-30 10:45:00+00:00,continuous,82547.9,82859.0,82527.3,82793.2,143470858.1411006
2026-01-30 11:14:59.942000+00:00,2026-01-30 11:00:00+00:00,continuous,82793.2,82824.3,82700.0,82824.2,70998976.2831002
2026-01-30 11:29:59.937000+00:00,2026-01-30 11:15:00+00:00,continuous,82824.2,82889.7,82651.7,82693.5,68271988.25920007
2026-01-30 11:44:59.496000+00:00,2026-01-30 11:30:00+00:00,continuous,82693.5,82940.2,82686.3,82751.8,85368626.21359976
2026-01-30 11:59:59.921000+00:00,2026-01-30 11:45:00+00:00,continuous,82751.8,83280.6,82626.9,83104.8,261562652.2761008
2026-01-30 12:14:59.849000+00:00,2026-01-30 12:00:00+00:00,continuous,83104.7,83296.9,82884.5,82895.2,198768594.3570001
2026-01-30 12:29:59.844000+00:00,2026-01-30 12:15:00+00:00,continuous,82895.2,82920.6,82603.2,82700.1,147612554.14019877
2026-01-30 12:44:59.658000+00:00,2026-01-30 12:30:00+00:00,continuous,82700.1,82839.9,82630.0,82693.3,80109582.6612004
2026-01-30 12:59:59.820000+00:00,2026-01-30 12:45:00+00:00,continuous,82693.3,82886.4,82655.0,82752.8,65910751.857199885
2026-01-30 13:14:59.936000+00:00,2026-01-30 13:00:00+00:00,continuous,82752.8,82822.2,82502.0,82710.5,131111358.6621008
2026-01-30 13:29:59.983000+00:00,2026-01-30 13:15:00+00:00,continuous,82710.6,82775.0,82606.2,82675.9,57590478.67309995
2026-01-30 13:44:59.929000+00:00,2026-01-30 13:30:00+00:00,continuous,82676.0,83062.0,82372.1,82884.1,245451243.27129868
2026-01-30 13:59:59.811000+00:00,2026-01-30 13:45:00+00:00,continuous,82884.2,82884.2,82593.3,82704.9,80170971.6103002
2026-01-30 14:14:59.857000+00:00,2026-01-30 14:00:00+00:00,continuous,82704.8,83090.3,82693.9,82938.3,143055198.03160068
2026-01-30 14:29:59.648000+00:00,2026-01-30 14:15:00+00:00,continuous,82938.4,83120.0,82896.0,82950.0,104264964.8905997
2026-01-30 14:44:59.917000+00:00,2026-01-30 14:30:00+00:00,continuous,82949.9,83620.0,82730.9,83608.2,548894714.1533042
2026-01-30 14:59:59.987000+00:00,2026-01-30 14:45:00+00:00,continuous,83608.1,83779.2,82810.1,83061.4,485126678.8828982
2026-01-30 15:14:59.984000+00:00,2026-01-30 15:00:00+00:00,continuous,83061.5,83577.0,82968.2,83273.0,288967824.1016016
2026-01-30 15:29:59.975000+00:00,2026-01-30 15:15:00+00:00,continuous,83272.9,83533.0,82567.2,82586.9,345796993.0097965
2026-01-30 15:44:59.979000+00:00,2026-01-30 15:30:00+00:00,continuous,82586.8,83338.0,82328.6,83233.2,431504269.26609975
2026-01-30 15:59:59.985000+00:00,2026-01-30 15:45:00+00:00,continuous,83233.1,83235.8,82811.7,82850.2,137422841.94950056
2026-01-30 16:14:59.715000+00:00,2026-01-30 16:00:00+00:00,continuous,82850.1,83132.2,82650.0,83045.1,192451762.67440158
2026-01-30 16:29:59.758000+00:00,2026-01-30 16:15:00+00:00,continuous,83045.0,83222.0,82504.3,83133.3,252288455.25370312
2026-01-30 16:44:59.687000+00:00,2026-01-30 16:30:00+00:00,continuous,83133.3,83472.8,83010.2,83353.1,208605085.3537003
2026-01-30 16:59:59.443000+00:00,2026-01-30 16:45:00+00:00,continuous,83353.1,83367.3,83007.7,83115.2,143028199.72909942
2026-01-30 17:14:59.636000+00:00,2026-01-30 17:00:00+00:00,continuous,83115.1,83134.9,82600.0,82709.5,238831539.85199678
2026-01-30 17:29:59.945000+00:00,2026-01-30 17:15:00+00:00,continuous,82709.5,83450.5,82600.0,83350.1,319022416.60469717
2026-01-30 17:44:59.815000+00:00,2026-01-30 17:30:00+00:00,continuous,83350.0,83350.0,82823.4,83123.8,187370331.2174995
2026-01-30 17:59:59.854000+00:00,2026-01-30 17:45:00+00:00,continuous,83123.8,83200.0,82891.2,82908.0,81725693.14569941
2026-01-30 18:14:59.661000+00:00,2026-01-30 18:00:00+00:00,continuous,82908.0,83203.6,82716.0,82831.3,199038290.3142
2026-01-30 18:29:59.968000+00:00,2026-01-30 18:15:00+00:00,continuous,82831.2,82859.9,81832.0,82468.3,590736137.6605998
2026-01-30 18:44:59.969000+00:00,2026-01-30 18:30:00+00:00,continuous,82468.3,83142.6,82151.6,83106.4,317185722.36940134
2026-01-30 18:59:59.799000+00:00,2026-01-30 18:45:00+00:00,continuous,83106.3,84159.4,83001.4,83897.3,614420585.3728986
2026-01-30 19:14:59.843000+00:00,2026-01-30 19:00:00+00:00,continuous,83897.3,84345.0,83875.7,84100.5,427621295.5906011
2026-01-30 19:29:59.770000+00:00,2026-01-30 19:15:00+00:00,continuous,84100.5,84487.9,84053.2,84264.7,274007044.5237018
2026-01-30 19:44:59.914000+00:00,2026-01-30 19:30:00+00:00,continuous,84264.7,84539.6,84101.4,84209.0,218527614.2487024
2026-01-30 19:59:59.781000+00:00,2026-01-30 19:45:00+00:00,continuous,84209.0,84599.0,84080.0,84200.0,146839804.8354999
2026-01-30 20:14:59.873000+00:00,2026-01-30 20:00:00+00:00,continuous,84199.9,84221.4,83625.9,83864.6,287139749.2507012
2026-01-30 20:29:59.922000+00:00,2026-01-30 20:15:00+00:00,continuous,83864.6,84164.5,83501.0,83927.1,342941648.377596
2026-01-30 20:44:59.842000+00:00,2026-01-30 20:30:00+00:00,continuous,83927.1,84275.5,83523.7,83939.2,351568470.25710076
2026-01-30 20:59:59.816000+00:00,2026-01-30 20:45:00+00:00,continuous,83939.3,84091.1,83675.2,83890.3,209799542.8944014
2026-01-30 21:14:59.605000+00:00,2026-01-30 21:00:00+00:00,continuous,83890.3,84040.8,83759.0,84022.4,91565313.53839944
2026-01-30 21:29:59.774000+00:00,2026-01-30 21:15:00+00:00,continuous,84022.4,84487.7,84022.3,84234.1,190316867.96860108
2026-01-30 21:44:59.066000+00:00,2026-01-30 21:30:00+00:00,continuous,84234.2,84382.5,84000.0,84184.5,157881185.86120006
2026-01-30 21:59:59.963000+00:00,2026-01-30 21:45:00+00:00,continuous,84184.5,84385.0,84100.3,84240.3,62285634.51639977
2026-01-30 22:14:59.825000+00:00,2026-01-30 22:00:00+00:00,continuous,84240.3,84291.5,83975.3,83975.3,55657283.59179991
2026-01-30 22:29:59.942000+00:00,2026-01-30 22:15:00+00:00,continuous,83975.3,84079.9,83875.7,83904.0,64316449.69700006
2026-01-30 22:44:59.964000+00:00,2026-01-30 22:30:00+00:00,continuous,83904.0,84050.4,83900.2,83961.1,33746344.17249984
2026-01-30 22:59:59.983000+00:00,2026-01-30 22:45:00+00:00,continuous,83961.1,84192.4,83912.1,84191.1,50373158.89089999
2026-01-30 23:14:59.896000+00:00,2026-01-30 23:00:00+00:00,continuous,84191.1,84194.0,83897.0,83981.0,74169268.5981002
2026-01-30 23:29:59.366000+00:00,2026-01-30 23:15:00+00:00,continuous,83981.1,84173.0,83936.8,83999.9,51160830.19969991
2026-01-30 23:44:59.448000+00:00,2026-01-30 23:30:00+00:00,continuous,84000.0,84193.2,83956.9,84193.1,45629052.33509996
2026-01-30 23:59:59.864000+00:00,2026-01-30 23:45:00+00:00,continuous,84193.1,84261.7,84158.5,84211.4,45945180.68969997
2026-01-31 00:14:59.244000+00:00,2026-01-31 00:00:00+00:00,continuous,84211.4,84224.3,84066.4,84133.7,67935378.87010029
2026-01-31 00:29:59.690000+00:00,2026-01-31 00:15:00+00:00,continuous,84133.8,84200.0,84070.0,84125.4,72395349.60300004
2026-01-31 00:44:59.765000+00:00,2026-01-31 00:30:00+00:00,continuous,84125.4,84239.5,84076.3,84200.0,39579924.3998
2026-01-31 00:59:59.769000+00:00,2026-01-31 00:45:00+00:00,continuous,84199.9,84200.0,83964.9,84028.1,71337997.2347
2026-01-31 01:14:59.295000+00:00,2026-01-31 01:00:00+00:00,continuous,84028.1,84227.1,84016.6,84173.4,51237855.89679983
2026-01-31 01:29:59.688000+00:00,2026-01-31 01:15:00+00:00,continuous,84173.4,84198.5,84088.9,84089.0,27294214.859500002
2026-01-31 01:44:59.591000+00:00,2026-01-31 01:30:00+00:00,continuous,84088.9,84089.0,83861.8,84008.7,77054071.31990004
2026-01-31 01:59:59.986000+00:00,2026-01-31 01:45:00+00:00,continuous,84008.7,84008.8,83889.9,83965.9,30258189.480899896
2026-01-31 02:14:59.952000+00:00,2026-01-31 02:00:00+00:00,continuous,83966.0,84010.5,83884.8,83976.6,50128616.255500324
2026-01-31 02:29:59.651000+00:00,2026-01-31 02:15:00+00:00,continuous,83976.5,83990.0,83800.1,83850.0,46476898.74870017
2026-01-31 02:44:59.892000+00:00,2026-01-31 02:30:00+00:00,continuous,83850.0,84116.4,83775.5,84095.8,122734700.4246994
2026-01-31 02:59:59.129000+00:00,2026-01-31 02:45:00+00:00,continuous,84095.7,84150.0,84065.4,84085.6,26793870.793399997
2026-01-31 03:14:59.870000+00:00,2026-01-31 03:00:00+00:00,continuous,84085.5,84187.0,84071.8,84138.4,29973869.288600076
2026-01-31 03:29:59.770000+00:00,2026-01-31 03:15:00+00:00,continuous,84138.5,84190.0,84098.0,84111.3,23253877.010200076
2026-01-31 03:44:59.173000+00:00,2026-01-31 03:30:00+00:00,continuous,84111.4,84154.3,84020.8,84032.7,24587085.099599965
2026-01-31 03:59:57.528000+00:00,2026-01-31 03:45:00+00:00,continuous,84032.7,84054.8,83987.5,83987.5,24000072.320399996
2026-01-31 04:14:59.707000+00:00,2026-01-31 04:00:00+00:00,continuous,83987.5,84058.4,83976.3,84058.4,21996958.77760012
2026-01-31 04:29:59.584000+00:00,2026-01-31 04:15:00+00:00,continuous,84058.3,84110.0,83950.1,84105.3,30862678.730999902
2026-01-31 04:44:59.780000+00:00,2026-01-31 04:30:00+00:00,continuous,84105.4,84107.0,84029.7,84029.8,23847224.360799894
2026-01-31 04:59:59.916000+00:00,2026-01-31 04:45:00+00:00,continuous,84029.7,84031.5,83899.9,83960.4,34171066.22310008
2026-01-31 05:14:59.817000+00:00,2026-01-31 05:00:00+00:00,continuous,83960.3,83988.9,83881.6,83988.9,34694556.74349984
2026-01-31 05:29:59.194000+00:00,2026-01-31 05:15:00+00:00,continuous,83988.8,83988.9,83861.7,83950.2,45712121.8338
2026-01-31 05:44:59.085000+00:00,2026-01-31 05:30:00+00:00,continuous,83950.2,84056.9,83950.2,83970.0,26808223.231399897
2026-01-31 05:59:59.468000+00:00,2026-01-31 05:45:00+00:00,continuous,83970.0,84012.6,83942.2,83961.8,20988083.39279997
2026-01-31 06:14:58.687000+00:00,2026-01-31 06:00:00+00:00,continuous,83961.8,84012.6,83873.3,83951.2,28916301.714099873
2026-01-31 06:29:59.817000+00:00,2026-01-31 06:15:00+00:00,continuous,83951.2,83971.4,83600.0,83627.2,127438928.51499996
2026-01-31 06:44:59.603000+00:00,2026-01-31 06:30:00+00:00,continuous,83627.1,83749.9,83627.1,83732.5,61759320.13049991
2026-01-31 06:59:59.156000+00:00,2026-01-31 06:45:00+00:00,continuous,83732.6,83804.8,83647.4,83739.1,34618595.7001
2026-01-31 07:14:59.785000+00:00,2026-01-31 07:00:00+00:00,continuous,83739.1,83759.9,83650.6,83712.2,30072648.931300014
2026-01-31 07:29:59.945000+00:00,2026-01-31 07:15:00+00:00,continuous,83712.2,83740.0,83637.4,83661.5,37387238.77580007
2026-01-31 07:44:59.972000+00:00,2026-01-31 07:30:00+00:00,continuous,83661.5,83681.9,83368.0,83442.5,220818874.8618994
2026-01-31 07:59:59.473000+00:00,2026-01-31 07:45:00+00:00,continuous,83442.5,83541.8,83442.5,83514.4,59471761.465799786
2026-01-31 08:14:59.926000+00:00,2026-01-31 08:00:00+00:00,continuous,83514.3,83598.0,83116.3,83313.4,311085548.8445019
2026-01-31 08:29:59.923000+00:00,2026-01-31 08:15:00+00:00,continuous,83313.3,83319.9,83005.7,83058.3,166209692.04959992
2026-01-31 08:44:59.904000+00:00,2026-01-31 08:30:00+00:00,continuous,83058.4,83067.9,82530.2,82754.4,455468121.5053039
2026-01-31 08:59:59.610000+00:00,2026-01-31 08:45:00+00:00,continuous,82754.3,83189.4,82666.0,83031.1,232725584.62270057
2026-01-31 09:14:59.687000+00:00,2026-01-31 09:00:00+00:00,continuous,83031.1,83251.0,83031.0,83104.4,121314208.68049969
2026-01-31 09:29:59.830000+00:00,2026-01-31 09:15:00+00:00,continuous,83104.4,83154.2,82850.0,82989.6,93512886.59319994
2026-01-31 09:44:59.962000+00:00,2026-01-31 09:30:00+00:00,continuous,82989.6,83265.0,82989.6,83174.8,82193255.71219972
2026-01-31 09:59:59.943000+00:00,2026-01-31 09:45:00+00:00,continuous,83174.9,83194.9,83050.0,83075.3,49577113.332299866
2026-01-31 10:14:59.953000+00:00,2026-01-31 10:00:00+00:00,continuous,83075.3,83132.0,82919.7,82960.1,71571482.86639993
2026-01-31 10:29:59.730000+00:00,2026-01-31 10:15:00+00:00,continuous,82960.0,83047.0,82880.0,83019.4,56923330.85509978
2026-01-31 10:44:59.815000+00:00,2026-01-31 10:30:00+00:00,continuous,83019.5,83160.0,83000.0,83137.9,53802124.32999984
2026-01-31 10:59:59.861000+00:00,2026-01-31 10:45:00+00:00,continuous,83137.8,83153.4,83019.3,83120.9,41650583.06100013
2026-01-31 11:14:59.542000+00:00,2026-01-31 11:00:00+00:00,continuous,83121.0,83121.0,82943.2,82973.0,40563900.01610016
2026-01-31 11:29:59.659000+00:00,2026-01-31 11:15:00+00:00,continuous,82972.9,83049.7,82947.1,82964.3,41062347.62429995
2026-01-31 11:44:59.851000+00:00,2026-01-31 11:30:00+00:00,continuous,82964.3,83031.9,82928.6,82942.8,34770911.93320003
2026-01-31 11:59:59.906000+00:00,2026-01-31 11:45:00+00:00,continuous,82942.9,82984.9,82802.3,82983.2,75586599.31710005
2026-01-31 12:14:59.695000+00:00,2026-01-31 12:00:00+00:00,continuous,82983.2,83115.3,82767.5,82807.2,94491213.73800005
2026-01-31 12:29:59.638000+00:00,2026-01-31 12:15:00+00:00,continuous,82807.2,83050.0,82807.2,82957.3,54196172.23389979
2026-01-31 12:44:59.923000+00:00,2026-01-31 12:30:00+00:00,continuous,82957.3,82961.3,82769.2,82886.6,57920740.760999925
2026-01-31 12:59:59.864000+00:00,2026-01-31 12:45:00+00:00,continuous,82886.7,82922.1,82677.4,82735.6,101347435.21079974
2026-01-31 13:14:59.834000+00:00,2026-01-31 13:00:00+00:00,continuous,82735.6,82877.0,82665.6,82758.9,74562443.94880044
2026-01-31 13:29:59.307000+00:00,2026-01-31 13:15:00+00:00,continuous,82758.9,82888.0,82743.4,82800.0,52722464.17610015
2026-01-31 13:44:59.956000+00:00,2026-01-31 13:30:00+00:00,continuous,82799.9,82822.1,82449.0,82619.1,216402903.55770063
2026-01-31 13:59:59.911000+00:00,2026-01-31 13:45:00+00:00,continuous,82619.0,82742.8,82557.5,82733.0,70063206.77840002
2026-01-31 14:14:59.577000+00:00,2026-01-31 14:00:00+00:00,continuous,82733.0,82898.7,82295.1,82417.5,217421507.01720053
2026-01-31 14:29:59.834000+00:00,2026-01-31 14:15:00+00:00,continuous,82417.5,82492.2,81156.5,81568.6,867231484.8945024
2026-01-31 14:44:59.991000+00:00,2026-01-31 14:30:00+00:00,continuous,81568.6,81600.0,80754.3,80964.0,989181809.7324014
2026-01-31 14:59:59.800000+00:00,2026-01-31 14:45:00+00:00,continuous,80963.9,81539.0,80850.2,81452.5,494571174.2823002
2026-01-31 15:14:59.976000+00:00,2026-01-31 15:00:00+00:00,continuous,81452.5,81760.0,81160.0,81230.1,377271791.2167037
2026-01-31 15:29:59.933000+00:00,2026-01-31 15:15:00+00:00,continuous,81230.2,81308.2,81039.7,81272.1,240743312.46660253
2026-01-31 15:44:59.997000+00:00,2026-01-31 15:30:00+00:00,continuous,81272.1,81348.8,81123.1,81305.1,146018941.44420147
2026-01-31 15:59:59.974000+00:00,2026-01-31 15:45:00+00:00,continuous,81305.2,81496.8,81200.0,81268.6,170816016.21309897
2026-01-31 16:14:59.963000+00:00,2026-01-31 16:00:00+00:00,continuous,81268.6,81420.0,80668.6,80960.9,417064624.93039834
2026-01-31 16:29:59.977000+00:00,2026-01-31 16:15:00+00:00,continuous,80960.9,82200.0,80430.6,81078.5,1222292911.9471803
2026-01-31 16:44:59.981000+00:00,2026-01-31 16:30:00+00:00,continuous,81078.6,81247.2,80881.1,80948.6,234906059.44909897
2026-01-31 16:59:59.881000+00:00,2026-01-31 16:45:00+00:00,continuous,80948.5,81011.6,80050.0,80320.9,834305921.3909906
2026-01-31 17:14:59.980000+00:00,2026-01-31 17:00:00+00:00,continuous,80321.0,80506.9,78010.1,78817.1,1949788269.51209
2026-01-31 17:29:59.992000+00:00,2026-01-31 17:15:00+00:00,continuous,78816.0,79388.0,78599.1,79081.7,661983822.5115927
2026-01-31 17:44:59.910000+00:00,2026-01-31 17:30:00+00:00,continuous,79083.5,79245.0,78451.2,78881.9,534677851.5985003
2026-01-31 17:59:59.855000+00:00,2026-01-31 17:45:00+00:00,continuous,78881.9,79052.4,78601.5,78857.1,259346419.11489856
2026-01-31 18:14:59.947000+00:00,2026-01-31 18:00:00+00:00,continuous,78857.0,79100.0,78539.3,78595.9,277580923.6713002
2026-01-31 18:29:59.986000+00:00,2026-01-31 18:15:00+00:00,continuous,78595.8,78628.3,77900.0,78399.9,440987653.948093
2026-01-31 18:44:59.999000+00:00,2026-01-31 18:30:00+00:00,continuous,78399.9,78701.7,75500.0,77518.8,1918401842.6111274
2026-01-31 18:59:59.776000+00:00,2026-01-31 18:45:00+00:00,continuous,77518.7,78299.9,77056.2,77996.8,981150492.7465029
2026-01-31 19:14:59.750000+00:00,2026-01-31 19:00:00+00:00,continuous,77996.8,78527.1,77747.4,78186.7,506381914.22350484
2026-01-31 19:29:59.840000+00:00,2026-01-31 19:15:00+00:00,continuous,78186.7,78343.0,77762.8,77937.8,275152188.2793977
2026-01-31 19:44:59.911000+00:00,2026-01-31 19:30:00+00:00,continuous,77937.7,78023.3,77144.1,77482.6,313475418.68990374
2026-01-31 19:59:59.882000+00:00,2026-01-31 19:45:00+00:00,continuous,77482.6,77970.0,77415.8,77707.9,230732531.39299917
2026-01-31 20:14:59.943000+00:00,2026-01-31 20:00:00+00:00,continuous,77707.9,77900.0,77459.4,77491.0,186622232.43420023
2026-01-31 20:29:59.956000+00:00,2026-01-31 20:15:00+00:00,continuous,77490.8,78106.0,77332.5,77349.9,225484907.62299973
2026-01-31 20:44:59.969000+00:00,2026-01-31 20:30:00+00:00,continuous,77349.9,77533.3,77037.8,77485.2,214460578.17329884
2026-01-31 20:59:59.947000+00:00,2026-01-31 20:45:00+00:00,continuous,77485.1,78062.0,77280.0,77956.7,185868759.17070022
2026-01-31 21:14:59.868000+00:00,2026-01-31 21:00:00+00:00,continuous,77956.6,78122.2,77571.3,77622.2,237336349.02050006
2026-01-31 21:29:59.829000+00:00,2026-01-31 21:15:00+00:00,continuous,77622.2,77927.5,77323.1,77793.0,219261925.31039947
2026-01-31 21:44:59.785000+00:00,2026-01-31 21:30:00+00:00,continuous,77793.0,78221.2,77682.3,78125.9,195876639.34830025
2026-01-31 21:59:59.838000+00:00,2026-01-31 21:45:00+00:00,continuous,78125.9,78330.8,78037.5,78252.4,166284009.57649958
2026-01-31 22:14:59.952000+00:00,2026-01-31 22:00:00+00:00,continuous,78252.5,78443.1,78106.5,78140.6,159383962.4106009
2026-01-31 22:29:59.969000+00:00,2026-01-31 22:15:00+00:00,continuous,78140.7,78320.2,78019.5,78292.3,84442127.38010043
2026-01-31 22:44:59.093000+00:00,2026-01-31 22:30:00+00:00,continuous,78292.3,78391.4,78006.9,78053.1,105248522.50240052
2026-01-31 22:59:59.901000+00:00,2026-01-31 22:45:00+00:00,continuous,78053.1,78227.0,77931.8,78114.5,79818072.69120012
2026-01-31 23:14:59.920000+00:00,2026-01-31 23:00:00+00:00,continuous,78114.4,78312.0,78023.9,78190.0,150583289.06850052
2026-01-31 23:29:59.961000+00:00,2026-01-31 23:15:00+00:00,continuous,78190.1,79200.0,78101.4,78933.1,438155023.35599566
2026-01-31 23:44:59.967000+00:00,2026-01-31 23:30:00+00:00,continuous,78933.0,79148.5,78724.0,78795.7,138359992.91040063
