timestamp,minute_start,session_id,open,high,low,close,volume
2026-06-01 00:14:59.712000+00:00,2026-06-01 00:00:00+00:00,continuous,73653.2,73861.5,73620.0,73781.6,70769026.52469994
2026-06-01 00:29:59.962000+00:00,2026-06-01 00:15:00+00:00,continuous,73781.7,73944.2,73683.1,73933.1,49242489.176199794
2026-06-01 00:44:59.683000+00:00,2026-06-01 00:30:00+00:00,continuous,73933.1,74070.5,73800.0,73907.9,96416091.40559997
2026-06-01 00:59:59.732000+00:00,2026-06-01 00:45:00+00:00,continuous,73908.0,73993.1,73838.0,73855.0,62012801.153200045
2026-06-01 01:14:59.800000+00:00,2026-06-01 01:00:00+00:00,continuous,73854.9,73890.0,73529.6,73533.6,123491836.93100004
2026-06-01 01:29:59.440000+00:00,2026-06-01 01:15:00+00:00,continuous,73533.5,73621.2,73533.5,73562.4,57340611.29379995
2026-06-01 01:44:59.987000+00:00,2026-06-01 01:30:00+00:00,continuous,73562.4,73629.7,73420.0,73463.0,69697841.12229994
2026-06-01 01:59:59.746000+00:00,2026-06-01 01:45:00+00:00,continuous,73463.1,73546.2,73235.0,73257.8,161986701.65529978
2026-06-01 02:14:59.941000+00:00,2026-06-01 02:00:00+00:00,continuous,73257.9,73539.6,73171.0,73514.9,139704159.32490093
2026-06-01 02:29:59.689000+00:00,2026-06-01 02:15:00+00:00,continuous,73515.0,73525.8,73415.0,73496.0,42932381.71590004
2026-06-01 02:44:59.958000+00:00,2026-06-01 02:30:00+00:00,continuous,73496.1,73865.0,73432.4,73752.5,155561981.02099928
2026-06-01 02:59:59.890000+00:00,2026-06-01 02:45:00+00:00,continuous,73752.4,73838.0,73712.6,73766.3,77673199.98190011
2026-06-01 03:14:59.820000+00:00,2026-06-01 03:00:00+00:00,continuous,73766.2,73998.8,73761.5,73849.9,109946878.01699995
2026-06-01 03:29:59.621000+00:00,2026-06-01 03:15:00+00:00,continuous,73850.0,73949.0,73764.8,73887.7,61300607.0639001
2026-06-01 03:44:59.685000+00:00,2026-06-01 03:30:00+00:00,continuous,73887.7,73951.0,73763.7,73824.7,39083380.157299906
2026-06-01 03:59:59.689000+00:00,2026-06-01 03:45:00+00:00,continuous,73824.8,73884.3,73692.9,73731.3,37940431.897299804
2026-06-01 04:14:59.876000+00:00,2026-06-01 04:00:00+00:00,continuous,73731.4,73815.9,73550.0,73566.5,69291819.61319995
2026-06-01 04:29:59.855000+00:00,2026-06-01 04:15:00+00:00,continuous,73566.6,73586.3,73363.1,73368.4,149983752.89139965
2026-06-01 04:44:59.568000+00:00,2026-06-01 04:30:00+00:00,continuous,73368.4,73469.0,73365.0,73453.4,71286457.70319964
2026-06-01 04:59:59.819000+00:00,2026-06-01 04:45:00+00:00,continuous,73453.4,73567.4,73307.7,73497.6,74499267.38169968
2026-06-01 05:14:59.995000+00:00,2026-06-01 05:00:00+00:00,continuous,73497.5,73507.9,73411.6,73496.5,40812708.738699794
2026-06-01 05:29:59.985000+00:00,2026-06-01 05:15:00+00:00,continuous,73496.4,73500.0,73307.7,73307.7,51141373.942200065
2026-06-01 05:44:59.704000+00:00,2026-06-01 05:30:00+00:00,continuous,73307.8,73399.9,73283.5,73393.7,42381625.895399995
2026-06-01 05:59:59.821000+00:00,2026-06-01 05:45:00+00:00,continuous,73393.6,73435.5,73300.0,73319.5,32016981.621000025
2026-06-01 06:14:59.726000+00:00,2026-06-01 06:00:00+00:00,continuous,73319.5,73339.3,73200.3,73259.4,83910859.23510009
2026-06-01 06:29:59.666000+00:00,2026-06-01 06:15:00+00:00,continuous,73259.4,73297.3,73105.5,73160.0,111442600.37719929
2026-06-01 06:44:59.945000+00:00,2026-06-01 06:30:00+00:00,continuous,73160.0,73211.2,72958.1,72971.4,151419875.40530092
2026-06-01 06:59:59.973000+00:00,2026-06-01 06:45:00+00:00,continuous,72971.4,73184.5,72917.0,73106.6,234774503.59000114
2026-06-01 07:14:59.942000+00:00,2026-06-01 07:00:00+00:00,continuous,73106.5,73177.8,73010.6,73091.7,64382717.557099916
2026-06-01 07:29:59.934000+00:00,2026-06-01 07:15:00+00:00,continuous,73091.7,73109.0,72880.0,72950.5,148372087.5327014
2026-06-01 07:44:59.790000+00:00,2026-06-01 07:30:00+00:00,continuous,72950.5,72967.9,72830.0,72914.7,109677691.85039957
2026-06-01 07:59:59.959000+00:00,2026-06-01 07:45:00+00:00,continuous,72914.7,72930.5,72668.0,72776.1,174564338.83790046
2026-06-01 08:14:59.894000+00:00,2026-06-01 08:00:00+00:00,continuous,72776.1,72833.1,72754.5,72792.9,69247616.30279973
2026-06-01 08:29:59.680000+00:00,2026-06-01 08:15:00+00:00,continuous,72792.9,72839.9,72573.5,72706.0,115234044.0019002
2026-06-01 08:44:59.193000+00:00,2026-06-01 08:30:00+00:00,continuous,72706.0,72836.7,72585.9,72730.0,217927520.58160073
2026-06-01 08:59:59.735000+00:00,2026-06-01 08:45:00+00:00,continuous,72730.0,72907.8,72729.9,72875.7,106513575.26839995
2026-06-01 09:14:59.861000+00:00,2026-06-01 09:00:00+00:00,continuous,72875.8,72990.5,72875.7,72940.8,77389809.36080043
2026-06-01 09:29:59.309000+00:00,2026-06-01 09:15:00+00:00,continuous,72940.8,73084.0,72907.3,72976.2,129219615.13759975
2026-06-01 09:44:59.448000+00:00,2026-06-01 09:30:00+00:00,continuous,72976.1,73019.6,72888.0,72922.0,72076623.9489002
2026-06-01 09:59:59.902000+00:00,2026-06-01 09:45:00+00:00,continuous,72922.0,72980.0,72801.1,72855.2,149906620.39899915
2026-06-01 10:14:59.998000+00:00,2026-06-01 10:00:00+00:00,continuous,72855.2,72878.1,72733.4,72753.1,78112727.4090002
2026-06-01 10:29:59.964000+00:00,2026-06-01 10:15:00+00:00,continuous,72753.0,72780.9,72639.4,72680.4,110329235.19060016
2026-06-01 10:44:59.971000+00:00,2026-06-01 10:30:00+00:00,continuous,72680.5,72766.5,72551.0,72680.0,109988953.13970038
2026-06-01 10:59:59.995000+00:00,2026-06-01 10:45:00+00:00,continuous,72680.0,72787.0,72680.0,72725.9,61167846.68360001
2026-06-01 11:14:59.771000+00:00,2026-06-01 11:00:00+00:00,continuous,72726.0,72741.8,72624.6,72651.7,50662011.511900075
2026-06-01 11:29:59.985000+00:00,2026-06-01 11:15:00+00:00,continuous,72651.6,72714.6,72622.0,72643.1,33344958.71050008
2026-06-01 11:44:59.269000+00:00,2026-06-01 11:30:00+00:00,continuous,72643.0,72720.8,72576.9,72689.5,63531777.579800166
2026-06-01 11:59:59.951000+00:00,2026-06-01 11:45:00+00:00,continuous,72689.5,72742.0,72188.0,72452.8,545912893.6210026
2026-06-01 12:14:59.883000+00:00,2026-06-01 12:00:00+00:00,continuous,72452.7,72583.7,71862.6,72036.8,807825725.3184044
2026-06-01 12:29:59.678000+00:00,2026-06-01 12:15:00+00:00,continuous,72036.8,72282.7,72004.3,72198.6,324907250.65909636
2026-06-01 12:44:59.763000+00:00,2026-06-01 12:30:00+00:00,continuous,72198.6,72303.6,72168.0,72248.1,165825470.70229983
2026-06-01 12:59:59.948000+00:00,2026-06-01 12:45:00+00:00,continuous,72248.2,72272.1,72080.2,72193.1,295080270.58960104
2026-06-01 13:14:59.972000+00:00,2026-06-01 13:00:00+00:00,continuous,72193.2,72215.1,71700.2,71821.0,565660010.1964971
2026-06-01 13:29:59.795000+00:00,2026-06-01 13:15:00+00:00,continuous,71820.9,72019.9,71723.7,71806.1,378309907.8359007
2026-06-01 13:44:59.943000+00:00,2026-06-01 13:30:00+00:00,continuous,71806.1,72043.3,71548.0,71581.0,504766576.7348014
2026-06-01 13:59:59.924000+00:00,2026-06-01 13:45:00+00:00,continuous,71580.9,72288.0,71350.0,71698.7,883912657.7556053
2026-06-01 14:14:59.933000+00:00,2026-06-01 14:00:00+00:00,continuous,71698.8,71884.9,71494.7,71654.6,400542839.8415003
2026-06-01 14:29:59.969000+00:00,2026-06-01 14:15:00+00:00,continuous,71654.5,71720.4,71460.1,71515.6,235249611.19770253
2026-06-01 14:44:59.909000+00:00,2026-06-01 14:30:00+00:00,continuous,71515.5,71579.2,71387.6,71474.7,205974675.29090002
2026-06-01 14:59:59.809000+00:00,2026-06-01 14:45:00+00:00,continuous,71474.7,71596.5,71390.3,71548.5,183091512.49849755
2026-06-01 15:14:59.990000+00:00,2026-06-01 15:00:00+00:00,continuous,71548.5,71662.6,71406.5,71491.2,162442350.36089918
2026-06-01 15:29:59.971000+00:00,2026-06-01 15:15:00+00:00,continuous,71491.1,71518.6,71037.6,71057.2,523069654.0844959
2026-06-01 15:44:59.915000+00:00,2026-06-01 15:30:00+00:00,continuous,71057.1,71476.4,71050.1,71255.0,337380201.7755998
2026-06-01 15:59:59.807000+00:00,2026-06-01 15:45:00+00:00,continuous,71255.1,71280.2,71035.3,71099.4,226084162.59079996
2026-06-01 16:14:59.917000+00:00,2026-06-01 16:00:00+00:00,continuous,71099.5,71172.7,70650.9,70857.4,583913738.5751898
2026-06-01 16:29:59.883000+00:00,2026-06-01 16:15:00+00:00,continuous,70857.4,71070.5,70800.0,71070.5,274681281.4952972
2026-06-01 16:44:59.847000+00:00,2026-06-01 16:30:00+00:00,continuous,71070.5,71329.0,71018.6,71315.0,295376765.29820067
2026-06-01 16:59:59.885000+00:00,2026-06-01 16:45:00+00:00,continuous,71314.9,71600.0,71311.8,71537.7,308809409.86699927
2026-06-01 17:14:59.735000+00:00,2026-06-01 17:00:00+00:00,continuous,71537.7,71609.8,71438.9,71558.4,174129098.16920003
2026-06-01 17:29:59.999000+00:00,2026-06-01 17:15:00+00:00,continuous,71558.4,71720.5,71439.0,71707.3,152487845.85640043
2026-06-01 17:44:59.860000+00:00,2026-06-01 17:30:00+00:00,continuous,71707.2,71761.1,71500.0,71694.6,220697399.96800163
2026-06-01 17:59:59.854000+00:00,2026-06-01 17:45:00+00:00,continuous,71694.6,71788.5,71594.3,71617.9,111977549.51480088
2026-06-01 18:14:58.951000+00:00,2026-06-01 18:00:00+00:00,continuous,71617.5,71670.7,71431.2,71457.8,107551753.15530045
2026-06-01 18:29:59.504000+00:00,2026-06-01 18:15:00+00:00,continuous,71457.9,71527.0,71350.1,71527.0,87909095.01480006
2026-06-01 18:44:59.972000+00:00,2026-06-01 18:30:00+00:00,continuous,71527.0,71657.1,71480.1,71480.1,57454103.3624997
2026-06-01 18:59:59.876000+00:00,2026-06-01 18:45:00+00:00,continuous,71480.1,71528.6,71355.6,71470.1,111090320.7601
2026-06-01 19:14:59.461000+00:00,2026-06-01 19:00:00+00:00,continuous,71470.1,71477.2,71376.0,71404.3,46762877.220299944
2026-06-01 19:29:59.961000+00:00,2026-06-01 19:15:00+00:00,continuous,71404.3,71613.4,71358.0,71600.1,59111806.58469983
2026-06-01 19:44:59.973000+00:00,2026-06-01 19:30:00+00:00,continuous,71600.0,71645.2,71506.6,71612.1,71589438.5399
2026-06-01 19:59:59.925000+00:00,2026-06-01 19:45:00+00:00,continuous,71611.7,71611.7,71470.8,71571.0,65805322.98200003
2026-06-01 20:14:59.922000+00:00,2026-06-01 20:00:00+00:00,continuous,71571.0,71571.0,71487.7,71548.0,37636876.6784999
2026-06-01 20:29:59.848000+00:00,2026-06-01 20:15:00+00:00,continuous,71548.1,71670.0,71495.5,71580.3,39016689.06370011
2026-06-01 20:44:59.874000+00:00,2026-06-01 20:30:00+00:00,continuous,71580.3,71643.9,71541.2,71562.3,28245674.40710005
2026-06-01 20:59:59.505000+00:00,2026-06-01 20:45:00+00:00,continuous,71562.3,71586.1,71383.8,71419.8,62180291.07170006
2026-06-01 21:14:59.297000+00:00,2026-06-01 21:00:00+00:00,continuous,71419.7,71419.8,71122.0,71193.5,192818056.22310093
2026-06-01 21:29:59.995000+00:00,2026-06-01 21:15:00+00:00,continuous,71193.5,71201.4,71046.0,71120.3,92560364.79490036
2026-06-01 21:44:59.731000+00:00,2026-06-01 21:30:00+00:00,continuous,71120.3,71133.2,70911.0,70989.3,106637281.4707994
2026-06-01 21:59:59.879000+00:00,2026-06-01 21:45:00+00:00,continuous,70989.5,71099.2,70936.4,71004.6,81264658.96590035
2026-06-01 22:14:59.924000+00:00,2026-06-01 22:00:00+00:00,continuous,71004.6,71010.3,70806.0,70948.9,122103744.50279978
2026-06-01 22:29:59.755000+00:00,2026-06-01 22:15:00+00:00,continuous,70948.8,71311.5,70946.1,71254.5,203543206.04230067
2026-06-01 22:44:59.210000+00:00,2026-06-01 22:30:00+00:00,continuous,71254.5,71336.0,71051.1,71116.4,88524384.93899979
2026-06-01 22:59:59.331000+00:00,2026-06-01 22:45:00+00:00,continuous,71116.3,71439.5,71116.3,71376.6,111960885.8310998
2026-06-01 23:14:59.623000+00:00,2026-06-01 23:00:00+00:00,continuous,71376.7,71424.0,71294.3,71341.5,72891311.77650002
2026-06-01 23:29:59.132000+00:00,2026-06-01 23:15:00+00:00,continuous,71341.5,71454.0,71217.1,71217.1,59213082.85640008
2026-06-01 23:44:59.396000+00:00,2026-06-01 23:30:00+00:00,continuous,71217.2,71564.0,71199.0,71489.7,109308067.54260099
2026-06-01 23:59:59.294000+00:00,2026-06-01 23:45:00+00:00,continuous,71489.8,71532.8,71350.0,71391.5,76231027.2202
2026-06-02 00:14:59.696000+00:00,2026-06-02 00:00:00+00:00,continuous,71391.5,71397.0,71227.0,71249.8,88775387.95879991
2026-06-02 00:29:59.957000+00:00,2026-06-02 00:15:00+00:00,continuous,71249.8,71286.4,71124.7,71214.0,59899770.09539987
2026-06-02 00:44:59.040000+00:00,2026-06-02 00:30:00+00:00,continuous,71214.1,71283.0,71071.5,71158.6,72370147.58660018
2026-06-02 00:59:59.987000+00:00,2026-06-02 00:45:00+00:00,continuous,71158.7,71284.0,71126.1,71266.6,46664011.2611999
2026-06-02 01:14:59.435000+00:00,2026-06-02 01:00:00+00:00,continuous,71266.5,71357.2,71205.0,71345.6,66518181.84280022
2026-06-02 01:29:59.825000+00:00,2026-06-02 01:15:00+00:00,continuous,71345.6,71354.5,71174.6,71188.3,57466225.114800036
2026-06-02 01:44:59.689000+00:00,2026-06-02 01:30:00+00:00,continuous,71188.2,71209.7,70752.4,70928.9,248933314.61100015
2026-06-02 01:59:59.993000+00:00,2026-06-02 01:45:00+00:00,continuous,70928.9,70929.0,70555.7,70615.2,227239698.09849983
2026-06-02 02:14:59.876000+00:00,2026-06-02 02:00:00+00:00,continuous,70612.2,70700.0,70038.0,70319.7,702926793.3068029
2026-06-02 02:29:59.907000+00:00,2026-06-02 02:15:00+00:00,continuous,70319.7,70800.0,70125.3,70775.5,277151373.3771997
2026-06-02 02:44:59.923000+00:00,2026-06-02 02:30:00+00:00,continuous,70775.6,70855.9,70550.4,70571.2,152677106.67800108
2026-06-02 02:59:59.776000+00:00,2026-06-02 02:45:00+00:00,continuous,70571.1,70820.0,70550.0,70820.0,146063999.95670035
2026-06-02 03:14:59.839000+00:00,2026-06-02 03:00:00+00:00,continuous,70820.0,71022.4,70768.5,70881.6,136258569.61670047
2026-06-02 03:29:59.887000+00:00,2026-06-02 03:15:00+00:00,continuous,70881.5,70988.1,70791.5,70934.1,83216518.4894997
2026-06-02 03:44:59.979000+00:00,2026-06-02 03:30:00+00:00,continuous,70934.2,70982.4,70880.1,70960.4,48901153.830400065
2026-06-02 03:59:59.605000+00:00,2026-06-02 03:45:00+00:00,continuous,70960.4,70996.5,70910.0,70920.7,41304940.75729968
2026-06-02 04:14:59.774000+00:00,2026-06-02 04:00:00+00:00,continuous,70920.8,70990.0,70690.1,70739.8,96324881.49049985
2026-06-02 04:29:59.771000+00:00,2026-06-02 04:15:00+00:00,continuous,70739.7,70999.0,70739.7,70942.9,73183425.63989961
2026-06-02 04:44:59.679000+00:00,2026-06-02 04:30:00+00:00,continuous,70942.8,71022.7,70890.6,70991.9,64228272.22899988
2026-06-02 04:59:59.900000+00:00,2026-06-02 04:45:00+00:00,continuous,70992.0,70992.0,70728.6,70782.3,57539771.079300135
2026-06-02 05:14:59.853000+00:00,2026-06-02 05:00:00+00:00,continuous,70782.3,70820.8,70555.0,70779.3,143467847.4401993
2026-06-02 05:29:59.863000+00:00,2026-06-02 05:15:00+00:00,continuous,70779.3,70786.9,70549.9,70572.2,81301300.4037999
2026-06-02 05:44:59.991000+00:00,2026-06-02 05:30:00+00:00,continuous,70572.3,70700.2,70400.0,70500.1,177567726.46620014
2026-06-02 05:59:59.776000+00:00,2026-06-02 05:45:00+00:00,continuous,70500.1,70507.5,70222.2,70235.1,267864172.17590013
2026-06-02 06:14:59.606000+00:00,2026-06-02 06:00:00+00:00,continuous,70235.1,70414.9,70188.8,70273.7,178898597.45270085
2026-06-02 06:29:59.845000+00:00,2026-06-02 06:15:00+00:00,continuous,70273.7,70366.5,70191.0,70333.5,93938882.47579978
2026-06-02 06:44:59.979000+00:00,2026-06-02 06:30:00+00:00,continuous,70333.5,70393.2,70215.6,70220.4,109676512.15240026
2026-06-02 06:59:59.941000+00:00,2026-06-02 06:45:00+00:00,continuous,70220.4,70309.5,69889.1,70076.7,505687779.9206976
2026-06-02 07:14:59.947000+00:00,2026-06-02 07:00:00+00:00,continuous,70076.6,70133.2,69666.8,70020.0,391879746.3304013
2026-06-02 07:29:59.917000+00:00,2026-06-02 07:15:00+00:00,continuous,70020.0,70249.6,69794.7,69877.3,226944598.6656004
2026-06-02 07:44:59.987000+00:00,2026-06-02 07:30:00+00:00,continuous,69877.3,70216.0,69869.3,70176.6,153777508.77159995
2026-06-02 07:59:59.975000+00:00,2026-06-02 07:45:00+00:00,continuous,70176.7,70185.5,70037.0,70079.4,90179420.05889995
2026-06-02 08:14:59.978000+00:00,2026-06-02 08:00:00+00:00,continuous,70079.5,70146.2,69931.6,70025.9,88378342.3941001
2026-06-02 08:29:59.504000+00:00,2026-06-02 08:15:00+00:00,continuous,70026.0,70060.0,69828.2,69997.6,137131549.18239984
2026-06-02 08:44:59.905000+00:00,2026-06-02 08:30:00+00:00,continuous,69997.5,70060.0,69821.4,69833.0,53034728.95060004
2026-06-02 08:59:59.976000+00:00,2026-06-02 08:45:00+00:00,continuous,69833.1,69919.3,69677.6,69794.4,177275895.056502
2026-06-02 09:14:59.897000+00:00,2026-06-02 09:00:00+00:00,continuous,69794.4,69820.4,69450.0,69533.0,350993029.6010001
2026-06-02 09:29:59.845000+00:00,2026-06-02 09:15:00+00:00,continuous,69533.0,69605.7,69277.8,69366.6,260366492.01280105
2026-06-02 09:44:59.979000+00:00,2026-06-02 09:30:00+00:00,continuous,69366.6,69538.6,69316.5,69460.6,191434272.5633004
2026-06-02 09:59:59.783000+00:00,2026-06-02 09:45:00+00:00,continuous,69460.6,69499.9,69348.0,69393.2,157377028.16639933
2026-06-02 10:14:59.929000+00:00,2026-06-02 10:00:00+00:00,continuous,69393.1,69732.2,69316.5,69624.9,234527808.69630206
2026-06-02 10:29:59.553000+00:00,2026-06-02 10:15:00+00:00,continuous,69624.9,69700.0,69483.3,69608.9,122849603.2676005
2026-06-02 10:44:59.526000+00:00,2026-06-02 10:30:00+00:00,continuous,69609.0,69647.4,69412.0,69440.5,106447331.43790036
2026-06-02 10:59:59.983000+00:00,2026-06-02 10:45:00+00:00,continuous,69440.5,69666.6,69440.5,69620.8,62734065.19850011
2026-06-02 11:14:59.715000+00:00,2026-06-02 11:00:00+00:00,continuous,69620.9,69635.0,69465.7,69524.9,53737802.09909994
2026-06-02 11:29:59.464000+00:00,2026-06-02 11:15:00+00:00,continuous,69524.9,69541.4,69390.9,69464.8,74864750.47949961
2026-06-02 11:44:59.867000+00:00,2026-06-02 11:30:00+00:00,continuous,69464.9,69500.0,69364.1,69438.9,69705053.79909965
2026-06-02 11:59:59.572000+00:00,2026-06-02 11:45:00+00:00,continuous,69439.0,69584.7,69425.2,69430.2,51411156.99069999
2026-06-02 12:14:59.850000+00:00,2026-06-02 12:00:00+00:00,continuous,69430.2,69514.6,69224.6,69314.9,186552264.0875987
2026-06-02 12:29:59.305000+00:00,2026-06-02 12:15:00+00:00,continuous,69314.9,69417.5,69211.0,69263.2,145426176.43770045
2026-06-02 12:44:59.961000+00:00,2026-06-02 12:30:00+00:00,continuous,69263.1,69263.2,69033.4,69190.0,300195837.6601006
2026-06-02 12:59:59.942000+00:00,2026-06-02 12:45:00+00:00,continuous,69190.1,69229.6,68955.0,68985.5,208845390.4833015
2026-06-02 13:14:59.936000+00:00,2026-06-02 13:00:00+00:00,continuous,68985.4,69171.0,68864.0,68891.0,520852586.6896028
2026-06-02 13:29:59.882000+00:00,2026-06-02 13:15:00+00:00,continuous,68891.1,69080.3,68840.5,69002.6,167668015.47409907
2026-06-02 13:44:59.958000+00:00,2026-06-02 13:30:00+00:00,continuous,69002.5,69090.0,68746.0,68861.6,358359720.64299995
2026-06-02 13:59:59.926000+00:00,2026-06-02 13:45:00+00:00,continuous,68861.6,68960.0,68736.0,68788.9,218260941.6425
2026-06-02 14:14:59.983000+00:00,2026-06-02 14:00:00+00:00,continuous,68788.9,68818.4,68268.3,68556.1,853677269.8789958
2026-06-02 14:29:59.967000+00:00,2026-06-02 14:15:00+00:00,continuous,68556.2,68562.1,67573.5,67858.7,1202824654.4629912
2026-06-02 14:44:59.973000+00:00,2026-06-02 14:30:00+00:00,continuous,67858.6,68250.0,67832.9,68000.0,647775251.7661982
2026-06-02 14:59:59.907000+00:00,2026-06-02 14:45:00+00:00,continuous,67999.9,68250.0,67944.0,67990.0,289582071.0196023
2026-06-02 15:14:59.906000+00:00,2026-06-02 15:00:00+00:00,continuous,67989.9,68075.0,67789.1,67828.6,317928504.073299
2026-06-02 15:29:59.991000+00:00,2026-06-02 15:15:00+00:00,continuous,67828.5,67833.7,67326.8,67422.1,723979524.3247951
2026-06-02 15:44:59.842000+00:00,2026-06-02 15:30:00+00:00,continuous,67422.2,67475.6,67035.5,67251.9,775216730.0445966
2026-06-02 15:59:59.997000+00:00,2026-06-02 15:45:00+00:00,continuous,67251.9,67472.6,67077.9,67274.0,390624153.51359844
2026-06-02 16:14:59.943000+00:00,2026-06-02 16:00:00+00:00,continuous,67274.1,67972.8,67196.2,67903.4,572643132.6850984
2026-06-02 16:29:59.657000+00:00,2026-06-02 16:15:00+00:00,continuous,67903.3,68121.9,67777.0,67840.0,531774877.32109743
2026-06-02 16:44:59.929000+00:00,2026-06-02 16:30:00+00:00,continuous,67840.1,67846.8,67508.0,67608.6,391911236.52950436
2026-06-02 16:59:59.857000+00:00,2026-06-02 16:45:00+00:00,continuous,67608.5,67818.6,67369.6,67393.0,269987013.8541
2026-06-02 17:14:59.880000+00:00,2026-06-02 17:00:00+00:00,continuous,67393.1,67605.8,67345.0,67480.8,182151330.06710067
2026-06-02 17:29:59.872000+00:00,2026-06-02 17:15:00+00:00,continuous,67480.8,67790.0,67436.2,67707.6,168018581.09969956
2026-06-02 17:44:59.823000+00:00,2026-06-02 17:30:00+00:00,continuous,67707.6,67821.9,67437.1,67464.3,171726308.5823006
2026-06-02 17:59:59.665000+00:00,2026-06-02 17:45:00+00:00,continuous,67464.2,67499.8,67357.3,67466.0,109570394.93749951
2026-06-02 18:14:59.941000+00:00,2026-06-02 18:00:00+00:00,continuous,67466.0,67641.6,67465.0,67573.2,104124255.7348999
2026-06-02 18:29:59.911000+00:00,2026-06-02 18:15:00+00:00,continuous,67573.1,67599.8,67265.0,67281.9,116427702.91090028
2026-06-02 18:44:59.808000+00:00,2026-06-02 18:30:00+00:00,continuous,67281.9,67345.7,67175.7,67280.1,152672698.64189908
2026-06-02 18:59:59.945000+00:00,2026-06-02 18:45:00+00:00,continuous,67280.1,67341.5,67088.0,67315.5,123874604.36020006
2026-06-02 19:14:59.999000+00:00,2026-06-02 19:00:00+00:00,continuous,67315.5,67415.2,67200.3,67323.9,82130761.67470036
2026-06-02 19:29:59.988000+00:00,2026-06-02 19:15:00+00:00,continuous,67323.7,67344.2,66888.1,66950.0,451418148.38419837
2026-06-02 19:44:59.921000+00:00,2026-06-02 19:30:00+00:00,continuous,66949.9,66996.7,66388.0,66895.1,897921095.7068095
2026-06-02 19:59:59.881000+00:00,2026-06-02 19:45:00+00:00,continuous,66895.0,67474.2,66839.4,67286.7,383229517.6106024
2026-06-02 20:14:59.697000+00:00,2026-06-02 20:00:00+00:00,continuous,67286.7,67462.0,67047.3,67348.2,227151694.65720168
2026-06-02 20:29:59.979000+00:00,2026-06-02 20:15:00+00:00,continuous,67348.1,67360.3,66880.1,66923.9,228381990.081299
2026-06-02 20:44:58.551000+00:00,2026-06-02 20:30:00+00:00,continuous,66924.0,67330.5,66913.3,67279.9,166958630.93289948
2026-06-02 20:59:59.597000+00:00,2026-06-02 20:45:00+00:00,continuous,67280.0,67687.4,67272.3,67556.0,242178455.88260037
2026-06-02 21:14:59.919000+00:00,2026-06-02 21:00:00+00:00,continuous,67556.0,67782.7,67373.5,67444.9,258739832.8792991
2026-06-02 21:29:59.988000+00:00,2026-06-02 21:15:00+00:00,continuous,67444.9,67890.1,67435.1,67862.9,172010138.08830112
2026-06-02 21:44:59.895000+00:00,2026-06-02 21:30:00+00:00,continuous,67862.8,67899.9,67677.0,67705.5,108990464.95730051
2026-06-02 21:59:59.468000+00:00,2026-06-02 21:45:00+00:00,continuous,67705.5,67710.0,67480.0,67532.1,66560163.600399904
2026-06-02 22:14:59.015000+00:00,2026-06-02 22:00:00+00:00,continuous,67532.1,67532.1,67182.4,67196.7,165966388.3868998
2026-06-02 22:29:59.740000+00:00,2026-06-02 22:15:00+00:00,continuous,67196.6,67408.4,66896.6,67261.1,247053561.13920018
2026-06-02 22:44:59.781000+00:00,2026-06-02 22:30:00+00:00,continuous,67261.0,67289.2,66731.8,66920.7,275392501.6830988
2026-06-02 22:59:59.853000+00:00,2026-06-02 22:45:00+00:00,continuous,66920.6,66920.6,66210.0,66354.2,733087284.7851077
2026-06-02 23:14:59.970000+00:00,2026-06-02 23:00:00+00:00,continuous,66354.3,66665.7,66161.8,66665.4,364961980.17060316
2026-06-02 23:29:59.910000+00:00,2026-06-02 23:15:00+00:00,continuous,66665.3,66746.4,66150.7,66417.8,326129885.09939826
2026-06-02 23:44:59.741000+00:00,2026-06-02 23:30:00+00:00,continuous,66417.8,66712.9,66214.3,66692.2,439263233.69719934
2026-06-02 23:59:59.843000+00:00,2026-06-02 23:45:00+00:00,continuous,66692.4,66844.8,66638.6,66730.0,237245011.10599864
2026-06-03 00:14:59.990000+00:00,2026-06-03 00:00:00+00:00,continuous,66730.1,66888.0,66620.4,66787.1,382333860.0474992
2026-06-03 00:29:59.935000+00:00,2026-06-03 00:15:00+00:00,continuous,66787.0,67094.5,66740.0,66747.9,249580802.30480075
2026-06-03 00:44:59.797000+00:00,2026-06-03 00:30:00+00:00,continuous,66747.8,67195.7,66680.0,67038.7,223583006.38129833
2026-06-03 00:59:59.954000+00:00,2026-06-03 00:45:00+00:00,continuous,67038.6,67120.1,66900.0,66900.2,114761752.93399984
2026-06-03 01:14:59.993000+00:00,2026-06-03 01:00:00+00:00,continuous,66900.3,66918.2,66650.0,66798.9,181481393.25940034
2026-06-03 01:29:59.799000+00:00,2026-06-03 01:15:00+00:00,continuous,66798.9,67009.9,66781.9,66986.5,109155997.66109964
2026-06-03 01:44:59.844000+00:00,2026-06-03 01:30:00+00:00,continuous,66986.6,67010.0,66442.0,66488.0,241267737.94130006
2026-06-03 01:59:59.854000+00:00,2026-06-03 01:45:00+00:00,continuous,66488.1,67010.0,66477.5,66890.8,167955440.52839917
2026-06-03 02:14:59.842000+00:00,2026-06-03 02:00:00+00:00,continuous,66890.8,66899.2,66700.0,66800.0,75076934.67489998
2026-06-03 02:29:59.938000+00:00,2026-06-03 02:15:00+00:00,continuous,66800.0,66913.0,66608.6,66628.2,84043164.95300022
2026-06-03 02:44:59.459000+00:00,2026-06-03 02:30:00+00:00,continuous,66628.1,66830.0,66572.8,66716.8,50155724.8898002
2026-06-03 02:59:59.832000+00:00,2026-06-03 02:45:00+00:00,continuous,66716.8,66799.4,66547.4,66588.0,99647926.45239905
2026-06-03 03:14:59.938000+00:00,2026-06-03 03:00:00+00:00,continuous,66588.0,66635.0,66380.0,66488.0,241688270.94209936
2026-06-03 03:29:59.976000+00:00,2026-06-03 03:15:00+00:00,continuous,66488.0,66596.1,66034.3,66118.1,334087990.0085002
2026-06-03 03:44:59.924000+00:00,2026-06-03 03:30:00+00:00,continuous,66118.0,66238.4,65700.0,65725.6,614626589.4492012
2026-06-03 03:59:59.864000+00:00,2026-06-03 03:45:00+00:00,continuous,65725.7,65953.4,65359.1,65818.4,731785601.8994083
2026-06-03 04:14:59.977000+00:00,2026-06-03 04:00:00+00:00,continuous,65818.3,66594.7,65791.4,66314.5,551123815.7580065
2026-06-03 04:29:59.935000+00:00,2026-06-03 04:15:00+00:00,continuous,66314.4,66594.0,66290.0,66551.2,170424588.75490078
2026-06-03 04:44:59.683000+00:00,2026-06-03 04:30:00+00:00,continuous,66551.2,66551.2,66281.4,66412.7,129492165.50430046
2026-06-03 04:59:59.862000+00:00,2026-06-03 04:45:00+00:00,continuous,66412.7,66486.1,66240.7,66439.2,74929576.19889966
2026-06-03 05:14:59.992000+00:00,2026-06-03 05:00:00+00:00,continuous,66439.1,67240.0,66439.1,67104.9,707861031.4074024
2026-06-03 05:29:59.693000+00:00,2026-06-03 05:15:00+00:00,continuous,67104.8,67250.0,66951.9,67076.1,184487448.07179916
2026-06-03 05:44:59.917000+00:00,2026-06-03 05:30:00+00:00,continuous,67076.0,67076.0,66740.0,66993.5,187235841.1120986
2026-06-03 05:59:59.844000+00:00,2026-06-03 05:45:00+00:00,continuous,66993.4,67380.0,66993.4,67290.2,436696361.7375006
2026-06-03 06:14:59.940000+00:00,2026-06-03 06:00:00+00:00,continuous,67290.2,67343.2,67080.0,67126.9,170692476.63620016
2026-06-03 06:29:59.891000+00:00,2026-06-03 06:15:00+00:00,continuous,67126.8,67324.7,67114.9,67217.2,93335535.43820056
2026-06-03 06:44:59.983000+00:00,2026-06-03 06:30:00+00:00,continuous,67217.1,67493.8,67152.5,67290.9,232365596.5936991
2026-06-03 06:59:59.908000+00:00,2026-06-03 06:45:00+00:00,continuous,67290.8,67316.1,66913.1,66949.3,212228963.18310156
2026-06-03 07:14:59.885000+00:00,2026-06-03 07:00:00+00:00,continuous,66949.4,67124.0,66828.5,67037.4,158452037.66210052
2026-06-03 07:29:59.162000+00:00,2026-06-03 07:15:00+00:00,continuous,67037.4,67296.8,66990.9,67158.2,178518350.36019978
2026-06-03 07:44:59.801000+00:00,2026-06-03 07:30:00+00:00,continuous,67158.2,67251.2,67040.0,67175.9,55101672.53559999
2026-06-03 07:59:59.895000+00:00,2026-06-03 07:45:00+00:00,continuous,67175.8,67299.9,67150.8,67186.7,71496177.83699964
2026-06-03 08:14:59.850000+00:00,2026-06-03 08:00:00+00:00,continuous,67186.7,67226.7,67030.0,67031.9,109564285.22869919
2026-06-03 08:29:59.820000+00:00,2026-06-03 08:15:00+00:00,continuous,67031.8,67109.5,66972.4,66999.2,105833187.15390015
2026-06-03 08:44:59.716000+00:00,2026-06-03 08:30:00+00:00,continuous,66999.3,67206.8,66934.2,67058.7,124212131.48430024
2026-06-03 08:59:59.745000+00:00,2026-06-03 08:45:00+00:00,continuous,67058.7,67149.0,66933.6,66987.7,134818264.59939972
2026-06-03 09:14:59.866000+00:00,2026-06-03 09:00:00+00:00,continuous,66987.7,67067.1,66889.0,66928.7,137114935.85530007
2026-06-03 09:29:59.895000+00:00,2026-06-03 09:15:00+00:00,continuous,66928.7,66934.7,66780.0,66801.3,264224207.83309934
2026-06-03 09:44:59.854000+00:00,2026-06-03 09:30:00+00:00,continuous,66801.2,66828.7,66700.0,66701.9,249749067.8851987
2026-06-03 09:59:59.997000+00:00,2026-06-03 09:45:00+00:00,continuous,66701.9,67313.9,66620.0,67040.9,588089731.7752078
2026-06-03 10:14:59.910000+00:00,2026-06-03 10:00:00+00:00,continuous,67041.0,67448.0,67032.6,67270.0,231694420.03399995
2026-06-03 10:29:59.909000+00:00,2026-06-03 10:15:00+00:00,continuous,67270.0,67308.9,67160.0,67287.0,105400551.95450048
2026-06-03 10:44:59.546000+00:00,2026-06-03 10:30:00+00:00,continuous,67287.0,67380.0,67175.3,67204.4,78333052.23899984
2026-06-03 10:59:59.635000+00:00,2026-06-03 10:45:00+00:00,continuous,67204.4,67295.6,67151.0,67260.0,50060918.69530006
2026-06-03 11:14:59.974000+00:00,2026-06-03 11:00:00+00:00,continuous,67260.0,67340.0,67171.0,67313.8,50090731.61319996
2026-06-03 11:29:59.968000+00:00,2026-06-03 11:15:00+00:00,continuous,67313.9,67330.8,67253.3,67301.0,42294586.18610026
2026-06-03 11:44:59.330000+00:00,2026-06-03 11:30:00+00:00,continuous,67300.9,67301.0,67076.0,67122.8,82876925.23979971
2026-06-03 11:59:59.824000+00:00,2026-06-03 11:45:00+00:00,continuous,67122.8,67124.7,67026.6,67040.1,88636707.17100029
2026-06-03 12:14:59.539000+00:00,2026-06-03 12:00:00+00:00,continuous,67040.1,67109.9,66851.5,66947.0,125928926.94400033
2026-06-03 12:29:59.139000+00:00,2026-06-03 12:15:00+00:00,continuous,66946.9,67054.4,66760.0,67002.7,200122925.40040034
2026-06-03 12:44:59.676000+00:00,2026-06-03 12:30:00+00:00,continuous,67002.8,67142.1,66803.2,66939.1,175247331.52310005
2026-06-03 12:59:59.880000+00:00,2026-06-03 12:45:00+00:00,continuous,66939.0,67112.0,66892.1,67050.8,52626868.80420005
2026-06-03 13:14:59.832000+00:00,2026-06-03 13:00:00+00:00,continuous,67050.7,67216.2,66960.9,67089.1,97842793.73659988
2026-06-03 13:29:59.964000+00:00,2026-06-03 13:15:00+00:00,continuous,67089.1,67220.2,66802.0,66811.0,95368843.85300055
2026-06-03 13:44:59.960000+00:00,2026-06-03 13:30:00+00:00,continuous,66811.1,67175.0,66682.9,66718.8,249169324.68259776
2026-06-03 13:59:59.680000+00:00,2026-06-03 13:45:00+00:00,continuous,66718.7,67025.0,66605.1,66884.8,256369911.3363032
2026-06-03 14:14:59.875000+00:00,2026-06-03 14:00:00+00:00,continuous,66884.8,66929.8,66707.5,66879.9,123827852.02149904
2026-06-03 14:29:59.944000+00:00,2026-06-03 14:15:00+00:00,continuous,66879.9,66910.2,66611.9,66770.0,174267470.31280208
2026-06-03 14:44:59.869000+00:00,2026-06-03 14:30:00+00:00,continuous,66770.0,66975.0,66689.0,66729.7,119672434.48519926
2026-06-03 14:59:59.970000+00:00,2026-06-03 14:45:00+00:00,continuous,66729.6,66917.1,66714.0,66840.9,82535991.09469964
2026-06-03 15:14:59.911000+00:00,2026-06-03 15:00:00+00:00,continuous,66841.0,66880.0,66462.6,66502.7,247619424.20669818
2026-06-03 15:29:59.991000+00:00,2026-06-03 15:15:00+00:00,continuous,66502.6,66645.9,66228.1,66579.7,482387224.46349984
2026-06-03 15:44:59.991000+00:00,2026-06-03 15:30:00+00:00,continuous,66579.6,66660.0,66183.1,66281.7,191490923.9861992
2026-06-03 15:59:59.928000+00:00,2026-06-03 15:45:00+00:00,continuous,66281.6,66361.4,66036.2,66046.5,345732495.2351011
2026-06-03 16:14:59.549000+00:00,2026-06-03 16:00:00+00:00,continuous,66046.6,66359.4,65836.5,66139.1,511211002.3524058
2026-06-03 16:29:59.962000+00:00,2026-06-03 16:15:00+00:00,continuous,66139.1,66200.0,65508.3,65574.5,647920249.6060965
2026-06-03 16:44:59.690000+00:00,2026-06-03 16:30:00+00:00,continuous,65574.6,65955.0,65555.6,65891.3,319115729.0710957
2026-06-03 16:59:59.937000+00:00,2026-06-03 16:45:00+00:00,continuous,65891.3,66049.5,65782.6,66037.4,157498878.70640105
2026-06-03 17:14:59.990000+00:00,2026-06-03 17:00:00+00:00,continuous,66037.5,66098.9,65674.9,65694.5,199199927.97260144
2026-06-03 17:29:59.695000+00:00,2026-06-03 17:15:00+00:00,continuous,65694.6,65967.4,65686.9,65925.2,103948585.2407009
2026-06-03 17:44:59.903000+00:00,2026-06-03 17:30:00+00:00,continuous,65925.1,66159.0,65820.6,66084.8,180766656.63180164
2026-06-03 17:59:59.931000+00:00,2026-06-03 17:45:00+00:00,continuous,66084.8,66088.9,65766.2,65934.0,119558740.20839995
2026-06-03 18:14:59.878000+00:00,2026-06-03 18:00:00+00:00,continuous,65934.0,66065.8,65820.1,65940.1,80965790.76480012
2026-06-03 18:29:59.957000+00:00,2026-06-03 18:15:00+00:00,continuous,65940.0,65940.1,65711.4,65879.7,101958664.13509957
2026-06-03 18:44:59.672000+00:00,2026-06-03 18:30:00+00:00,continuous,65879.6,66074.9,65759.9,66007.7,69741302.54940014
2026-06-03 18:59:59.928000+00:00,2026-06-03 18:45:00+00:00,continuous,66007.7,66141.7,65979.5,66006.6,102100488.39879943
2026-06-03 19:14:59.920000+00:00,2026-06-03 19:00:00+00:00,continuous,66006.5,66024.8,65871.7,65948.4,51643491.366200134
2026-06-03 19:29:59.815000+00:00,2026-06-03 19:15:00+00:00,continuous,65948.4,66030.7,65560.1,65626.7,192027107.2953007
2026-06-03 19:44:59.839000+00:00,2026-06-03 19:30:00+00:00,continuous,65626.7,65807.6,65597.0,65735.1,97992532.31120025
2026-06-03 19:59:59.990000+00:00,2026-06-03 19:45:00+00:00,continuous,65735.1,65825.2,65199.0,65428.6,529660188.49480504
2026-06-03 20:14:59.982000+00:00,2026-06-03 20:00:00+00:00,continuous,65428.5,65581.6,65208.7,65549.5,204460634.97300005
2026-06-03 20:29:59.538000+00:00,2026-06-03 20:15:00+00:00,continuous,65549.5,65568.3,65251.5,65513.8,148115483.40079898
2026-06-03 20:44:59.932000+00:00,2026-06-03 20:30:00+00:00,continuous,65513.9,65539.9,65149.0,65158.0,200322197.63389906
2026-06-03 20:59:59.834000+00:00,2026-06-03 20:45:00+00:00,continuous,65158.1,65200.0,64711.1,64971.7,621382217.5062027
2026-06-03 21:14:59.765000+00:00,2026-06-03 21:00:00+00:00,continuous,64971.8,65550.2,64919.1,65371.2,294330306.89139944
2026-06-03 21:29:59.687000+00:00,2026-06-03 21:15:00+00:00,continuous,65371.2,65563.7,65362.8,65487.8,96455900.32689953
2026-06-03 21:44:59.678000+00:00,2026-06-03 21:30:00+00:00,continuous,65487.7,65688.0,65259.3,65489.7,237070919.32580116
2026-06-03 21:59:59.649000+00:00,2026-06-03 21:45:00+00:00,continuous,65489.8,65829.4,65454.0,65738.6,189367966.35900044
2026-06-03 22:14:59.965000+00:00,2026-06-03 22:00:00+00:00,continuous,65738.6,65814.2,65270.0,65299.7,215991852.77879936
2026-06-03 22:29:59.917000+00:00,2026-06-03 22:15:00+00:00,continuous,65299.6,65299.7,64957.4,65132.3,234095754.19470274
2026-06-03 22:44:59.843000+00:00,2026-06-03 22:30:00+00:00,continuous,65132.4,65237.1,64902.1,65037.6,159898927.14480123
2026-06-03 22:59:59.988000+00:00,2026-06-03 22:45:00+00:00,continuous,65037.5,65069.8,64733.9,64882.1,255569049.09280038
2026-06-03 23:14:59.981000+00:00,2026-06-03 23:00:00+00:00,continuous,64882.1,64957.7,64371.0,64573.9,483678996.72059476
2026-06-03 23:29:59.906000+00:00,2026-06-03 23:15:00+00:00,continuous,64574.0,64620.2,64323.0,64477.8,239022960.82820025
2026-06-03 23:44:59.866000+00:00,2026-06-03 23:30:00+00:00,continuous,64477.8,64606.5,64208.2,64228.0,266081386.56330186
2026-06-03 23:59:59.870000+00:00,2026-06-03 23:45:00+00:00,continuous,64228.0,64323.5,64050.8,64117.7,243554664.4884018
2026-06-04 00:14:59.777000+00:00,2026-06-04 00:00:00+00:00,continuous,64117.7,64412.9,64094.2,64287.2,266926828.5547981
2026-06-04 00:29:59.962000+00:00,2026-06-04 00:15:00+00:00,continuous,64287.2,64368.0,63310.2,63310.2,645327202.7838014
2026-06-04 00:44:59.823000+00:00,2026-06-04 00:30:00+00:00,continuous,63310.3,63788.6,63014.2,63564.3,724928289.8266943
2026-06-04 00:59:59.991000+00:00,2026-06-04 00:45:00+00:00,continuous,63564.4,63577.6,62911.9,63314.4,393099749.62779635
2026-06-04 01:14:59.855000+00:00,2026-06-04 01:00:00+00:00,continuous,63314.5,63478.5,63062.8,63094.0,286189246.2712978
2026-06-04 01:29:59.958000+00:00,2026-06-04 01:15:00+00:00,continuous,63093.8,63116.7,62541.0,62681.0,730039436.7267126
2026-06-04 01:44:59.815000+00:00,2026-06-04 01:30:00+00:00,continuous,62680.9,63144.8,62670.6,62787.5,375607748.3969957
2026-06-04 01:59:59.813000+00:00,2026-06-04 01:45:00+00:00,continuous,62787.5,62850.0,62066.6,62140.3,682097895.8565978
2026-06-04 02:14:59.833000+00:00,2026-06-04 02:00:00+00:00,continuous,62140.4,62460.0,61344.8,62365.2,1321025180.6325283
2026-06-04 02:29:59.948000+00:00,2026-06-04 02:15:00+00:00,continuous,62365.3,63090.0,62106.2,62967.3,751587310.3300947
2026-06-04 02:44:59.966000+00:00,2026-06-04 02:30:00+00:00,continuous,62967.4,63472.2,62863.3,63371.8,567976258.335606
2026-06-04 02:59:59.899000+00:00,2026-06-04 02:45:00+00:00,continuous,63371.7,63598.7,63121.9,63198.4,355121939.2108014
2026-06-04 03:14:59.932000+00:00,2026-06-04 03:00:00+00:00,continuous,63198.4,63992.6,63186.7,63931.0,498757049.6277049
2026-06-04 03:29:59.732000+00:00,2026-06-04 03:15:00+00:00,continuous,63931.1,64137.3,63854.0,63891.0,362388159.75199926
2026-06-04 03:44:59.840000+00:00,2026-06-04 03:30:00+00:00,continuous,63891.0,64495.9,63872.5,64351.4,536877973.3265992
2026-06-04 03:59:59.655000+00:00,2026-06-04 03:45:00+00:00,continuous,64351.4,64431.5,64223.5,64336.2,204979067.8088991
2026-06-04 04:14:59.995000+00:00,2026-06-04 04:00:00+00:00,continuous,64336.2,64640.3,64301.0,64598.1,254481865.72690117
2026-06-04 04:29:59.887000+00:00,2026-06-04 04:15:00+00:00,continuous,64598.2,64739.8,64471.5,64537.6,195950948.80199984
2026-06-04 04:44:59.976000+00:00,2026-06-04 04:30:00+00:00,continuous,64537.5,64582.5,64233.0,64381.7,232303550.58669904
2026-06-04 04:59:59.999000+00:00,2026-06-04 04:45:00+00:00,continuous,64381.6,64428.2,64273.7,64364.0,99240890.0739001
2026-06-04 05:14:59.930000+00:00,2026-06-04 05:00:00+00:00,continuous,64363.9,64363.9,63688.0,63935.2,392197827.8803993
2026-06-04 05:29:59.872000+00:00,2026-06-04 05:15:00+00:00,continuous,63935.2,63993.2,63607.4,63809.8,221934675.98759937
2026-06-04 05:44:59.858000+00:00,2026-06-04 05:30:00+00:00,continuous,63809.8,64312.5,63734.2,64250.6,250102953.131201
2026-06-04 05:59:59.960000+00:00,2026-06-04 05:45:00+00:00,continuous,64250.6,64250.6,63878.0,63927.6,128078594.22110045
2026-06-04 06:14:59.750000+00:00,2026-06-04 06:00:00+00:00,continuous,63927.6,64237.7,63858.6,64237.7,106381232.98690076
2026-06-04 06:29:59.977000+00:00,2026-06-04 06:15:00+00:00,continuous,64237.6,64480.0,64152.0,64228.1,155029619.29420137
2026-06-04 06:44:59.726000+00:00,2026-06-04 06:30:00+00:00,continuous,64228.2,64417.9,64039.3,64309.5,122538477.03130096
2026-06-04 06:59:59.967000+00:00,2026-06-04 06:45:00+00:00,continuous,64309.4,64309.4,63943.1,64007.2,94677769.33540002
2026-06-04 07:14:59.903000+00:00,2026-06-04 07:00:00+00:00,continuous,64007.4,64041.8,63678.3,63785.1,179043349.274899
2026-06-04 07:29:59.999000+00:00,2026-06-04 07:15:00+00:00,continuous,63785.2,63800.0,63450.0,63664.2,383567860.2210038
2026-06-04 07:44:59.999000+00:00,2026-06-04 07:30:00+00:00,continuous,63664.1,64014.0,63660.0,63892.8,161961824.6676
2026-06-04 07:59:59.838000+00:00,2026-06-04 07:45:00+00:00,continuous,63892.9,63917.5,63560.6,63561.7,144337637.9321993
2026-06-04 08:14:59.856000+00:00,2026-06-04 08:00:00+00:00,continuous,63561.8,63875.9,63293.7,63319.3,241465006.94610122
2026-06-04 08:29:59.942000+00:00,2026-06-04 08:15:00+00:00,continuous,63319.3,63573.1,63201.1,63461.6,244890717.40370056
2026-06-04 08:44:59.540000+00:00,2026-06-04 08:30:00+00:00,continuous,63461.6,63659.7,63343.0,63382.4,158676741.10890034
2026-06-04 08:59:59.937000+00:00,2026-06-04 08:45:00+00:00,continuous,63382.4,63727.6,63376.1,63595.5,134423641.53080007
2026-06-04 09:14:59.919000+00:00,2026-06-04 09:00:00+00:00,continuous,63595.5,63616.3,63129.0,63307.0,224014394.49400184
2026-06-04 09:29:59.987000+00:00,2026-06-04 09:15:00+00:00,continuous,63307.0,63307.1,62762.9,62832.0,450477784.0702965
2026-06-04 09:44:59.823000+00:00,2026-06-04 09:30:00+00:00,continuous,62832.0,62974.4,62666.0,62869.8,293314145.54470056
2026-06-04 09:59:59.940000+00:00,2026-06-04 09:45:00+00:00,continuous,62869.8,63239.8,62866.9,63237.4,237001079.27399737
2026-06-04 10:14:59.995000+00:00,2026-06-04 10:00:00+00:00,continuous,63237.5,63250.0,62787.1,62847.3,228220205.17089897
2026-06-04 10:29:59.978000+00:00,2026-06-04 10:15:00+00:00,continuous,62847.2,62981.6,62461.5,62461.6,387745878.99779797
2026-06-04 10:44:59.950000+00:00,2026-06-04 10:30:00+00:00,continuous,62461.6,62769.2,62359.9,62688.5,391129211.78900236
2026-06-04 10:59:59.859000+00:00,2026-06-04 10:45:00+00:00,continuous,62688.4,62727.2,62256.0,62391.6,851620489.5275999
2026-06-04 11:14:59.964000+00:00,2026-06-04 11:00:00+00:00,continuous,62391.6,62650.0,62182.4,62243.0,477093347.3382977
2026-06-04 11:29:59.921000+00:00,2026-06-04 11:15:00+00:00,continuous,62243.0,62622.1,62201.2,62576.8,270664850.8674004
2026-06-04 11:44:59.938000+00:00,2026-06-04 11:30:00+00:00,continuous,62576.7,62800.0,62150.8,62199.9,462316145.3647996
2026-06-04 11:59:59.989000+00:00,2026-06-04 11:45:00+00:00,continuous,62200.0,62526.0,62199.9,62520.7,139988756.30079907
2026-06-04 12:14:59.706000+00:00,2026-06-04 12:00:00+00:00,continuous,62520.7,62676.9,62344.1,62499.5,218601232.55749783
2026-06-04 12:29:59.991000+00:00,2026-06-04 12:15:00+00:00,continuous,62499.5,63385.6,62491.0,63241.1,541733105.483392
2026-06-04 12:44:59.892000+00:00,2026-06-04 12:30:00+00:00,continuous,63241.0,63710.3,63108.6,63527.8,505846439.7335038
2026-06-04 12:59:59.654000+00:00,2026-06-04 12:45:00+00:00,continuous,63527.8,63947.8,63465.8,63738.1,316203167.4279965
2026-06-04 13:14:59.846000+00:00,2026-06-04 13:00:00+00:00,continuous,63738.2,63815.9,63515.9,63550.0,212741377.3420014
2026-06-04 13:29:59.962000+00:00,2026-06-04 13:15:00+00:00,continuous,63550.0,63597.0,63038.0,63200.0,426296275.9450998
2026-06-04 13:44:59.981000+00:00,2026-06-04 13:30:00+00:00,continuous,63200.1,64223.1,63159.7,63761.6,837937788.5345862
2026-06-04 13:59:59.967000+00:00,2026-06-04 13:45:00+00:00,continuous,63761.5,64202.8,63632.0,64202.7,347220045.92040235
2026-06-04 14:14:59.798000+00:00,2026-06-04 14:00:00+00:00,continuous,64202.8,64463.7,63941.4,64331.6,433540626.4575927
2026-06-04 14:29:59.948000+00:00,2026-06-04 14:15:00+00:00,continuous,64331.7,64390.6,64015.3,64110.4,225126360.84800017
2026-06-04 14:44:59.708000+00:00,2026-06-04 14:30:00+00:00,continuous,64110.3,64113.4,63808.1,63968.9,223703441.7087999
2026-06-04 14:59:59.632000+00:00,2026-06-04 14:45:00+00:00,continuous,63968.9,64054.4,63733.0,63923.9,152033795.81259912
2026-06-04 15:14:59.940000+00:00,2026-06-04 15:00:00+00:00,continuous,63923.8,64355.2,63813.5,64332.7,321290792.6640017
2026-06-04 15:29:59.997000+00:00,2026-06-04 15:15:00+00:00,continuous,64332.6,64380.0,63760.5,63955.0,188824135.39689925
2026-06-04 15:44:59.937000+00:00,2026-06-04 15:30:00+00:00,continuous,63954.9,64082.7,63762.1,63807.8,172799075.9326998
2026-06-04 15:59:59.904000+00:00,2026-06-04 15:45:00+00:00,continuous,63807.8,63975.5,63650.0,63864.8,148870394.1256004
2026-06-04 16:14:59.945000+00:00,2026-06-04 16:00:00+00:00,continuous,63864.8,63889.9,63612.5,63628.1,114299161.13690004
2026-06-04 16:29:59.993000+00:00,2026-06-04 16:15:00+00:00,continuous,63628.1,63856.3,63603.7,63619.4,108067372.57269977
2026-06-04 16:44:59.844000+00:00,2026-06-04 16:30:00+00:00,continuous,63619.5,63836.8,63412.9,63751.5,196061566.64100075
2026-06-04 16:59:59.953000+00:00,2026-06-04 16:45:00+00:00,continuous,63751.4,63898.9,63471.7,63529.4,125095947.90089956
2026-06-04 17:14:59.688000+00:00,2026-06-04 17:00:00+00:00,continuous,63529.4,63698.7,63400.0,63566.2,162524115.0139006
2026-06-04 17:29:59.638000+00:00,2026-06-04 17:15:00+00:00,continuous,63566.3,63566.3,63055.1,63204.7,203452215.81679848
2026-06-04 17:44:59.800000+00:00,2026-06-04 17:30:00+00:00,continuous,63204.6,63282.3,62937.2,63007.9,201411969.02840093
2026-06-04 17:59:59.693000+00:00,2026-06-04 17:45:00+00:00,continuous,63007.9,63630.0,62910.0,63511.2,341753141.17640406
2026-06-04 18:14:59.863000+00:00,2026-06-04 18:00:00+00:00,continuous,63511.1,63559.4,63120.0,63134.7,154182552.06880084
2026-06-04 18:29:59.980000+00:00,2026-06-04 18:15:00+00:00,continuous,63134.7,63898.7,63117.6,63877.2,324224120.6602013
2026-06-04 18:44:59.999000+00:00,2026-06-04 18:30:00+00:00,continuous,63877.1,64091.7,63701.4,63895.6,362476454.72770125
2026-06-04 18:59:59.917000+00:00,2026-06-04 18:45:00+00:00,continuous,63895.6,64084.7,63791.1,63791.1,158737469.34070045
2026-06-04 19:14:59.927000+00:00,2026-06-04 19:00:00+00:00,continuous,63791.2,63868.4,63593.3,63865.3,131227141.23330036
2026-06-04 19:29:59.963000+00:00,2026-06-04 19:15:00+00:00,continuous,63865.3,64150.8,63840.9,64100.3,170705712.60800168
2026-06-04 19:44:59.879000+00:00,2026-06-04 19:30:00+00:00,continuous,64100.3,64120.9,63727.0,63755.1,109608983.4879997
2026-06-04 19:59:59.996000+00:00,2026-06-04 19:45:00+00:00,continuous,63755.1,63761.2,63508.6,63600.3,162919874.9628991
2026-06-04 20:14:59.883000+00:00,2026-06-04 20:00:00+00:00,continuous,63600.2,63616.0,63203.2,63469.3,259572469.24210015
2026-06-04 20:29:59.832000+00:00,2026-06-04 20:15:00+00:00,continuous,63469.0,63508.0,63140.8,63308.8,228001863.20859894
2026-06-04 20:44:59.978000+00:00,2026-06-04 20:30:00+00:00,continuous,63308.8,63628.0,63301.4,63517.7,105848267.1561994
2026-06-04 20:59:59.188000+00:00,2026-06-04 20:45:00+00:00,continuous,63517.7,63613.8,63378.9,63600.8,75171568.92319931
2026-06-04 21:14:59.569000+00:00,2026-06-04 21:00:00+00:00,continuous,63600.8,63847.9,63565.5,63773.1,107824892.37069894
2026-06-04 21:29:59.872000+00:00,2026-06-04 21:15:00+00:00,continuous,63773.1,63791.2,63399.8,63465.7,72875180.90659997
2026-06-04 21:44:59.975000+00:00,2026-06-04 21:30:00+00:00,continuous,63465.7,63491.0,63040.0,63463.4,142371593.2196999
2026-06-04 21:59:59.636000+00:00,2026-06-04 21:45:00+00:00,continuous,63463.3,63508.7,63225.6,63250.2,69181603.13200004
2026-06-04 22:14:59.981000+00:00,2026-06-04 22:00:00+00:00,continuous,63250.1,63471.8,63150.7,63253.8,146824524.19249845
2026-06-04 22:29:59.935000+00:00,2026-06-04 22:15:00+00:00,continuous,63253.7,63419.1,63248.5,63320.9,60717289.544199534
2026-06-04 22:44:59.840000+00:00,2026-06-04 22:30:00+00:00,continuous,63320.9,63567.0,63194.1,63469.0,133619845.31849937
2026-06-04 22:59:59.980000+00:00,2026-06-04 22:45:00+00:00,continuous,63468.9,63740.2,63410.0,63702.2,98404042.95259935
2026-06-04 23:14:59.562000+00:00,2026-06-04 23:00:00+00:00,continuous,63702.3,63821.5,63571.7,63571.7,143152228.24690062
2026-06-04 23:29:59.697000+00:00,2026-06-04 23:15:00+00:00,continuous,63571.7,63591.3,63335.1,63437.2,73950120.43429957
2026-06-04 23:44:59.892000+00:00,2026-06-04 23:30:00+00:00,continuous,63437.3,63775.5,63437.3,63739.1,84744556.88149951
2026-06-04 23:59:59.443000+00:00,2026-06-04 23:45:00+00:00,continuous,63739.2,63897.0,63666.0,63853.4,124316797.51779972
2026-06-05 00:14:59.995000+00:00,2026-06-05 00:00:00+00:00,continuous,63853.4,63853.4,63621.0,63638.3,85796804.35849933
2026-06-05 00:29:59.908000+00:00,2026-06-05 00:15:00+00:00,continuous,63638.4,63888.0,63566.6,63878.0,110262979.03669918
2026-06-05 00:44:59.957000+00:00,2026-06-05 00:30:00+00:00,continuous,63878.0,63955.0,63643.0,63667.1,100438371.99149956
2026-06-05 00:59:59.700000+00:00,2026-06-05 00:45:00+00:00,continuous,63667.2,63770.7,63366.0,63398.3,89023419.40469998
2026-06-05 01:14:59.973000+00:00,2026-06-05 01:00:00+00:00,continuous,63398.3,63398.3,63011.0,63333.7,268546722.56459683
2026-06-05 01:29:59.797000+00:00,2026-06-05 01:15:00+00:00,continuous,63333.6,63399.8,63110.3,63320.6,118444655.65019962
2026-06-05 01:44:59.172000+00:00,2026-06-05 01:30:00+00:00,continuous,63320.7,63547.5,63237.5,63416.6,82698302.83629957
2026-06-05 01:59:59.996000+00:00,2026-06-05 01:45:00+00:00,continuous,63416.7,63425.5,63215.6,63347.0,79967548.86310042
2026-06-05 02:14:59.818000+00:00,2026-06-05 02:00:00+00:00,continuous,63347.2,63416.9,63145.0,63145.0,75710788.12620026
2026-06-05 02:29:59.889000+00:00,2026-06-05 02:15:00+00:00,continuous,63144.9,63243.3,62666.0,62671.2,365848802.87689793
2026-06-05 02:44:59.792000+00:00,2026-06-05 02:30:00+00:00,continuous,62671.1,62927.2,62555.0,62705.1,212423530.6004021
2026-06-05 02:59:59.875000+00:00,2026-06-05 02:45:00+00:00,continuous,62705.1,62829.0,62552.2,62585.5,158505025.19200003
2026-06-05 03:14:59.727000+00:00,2026-06-05 03:00:00+00:00,continuous,62585.6,62625.0,62300.0,62340.1,337521875.84040105
2026-06-05 03:29:59.862000+00:00,2026-06-05 03:15:00+00:00,continuous,62340.1,62790.4,62340.1,62569.9,166785235.95419937
2026-06-05 03:44:59.625000+00:00,2026-06-05 03:30:00+00:00,continuous,62570.0,62861.0,62542.7,62635.5,131243732.84260042
2026-06-05 03:59:59.846000+00:00,2026-06-05 03:45:00+00:00,continuous,62635.6,62842.4,62620.9,62699.7,99721825.95480032
2026-06-05 04:14:59.888000+00:00,2026-06-05 04:00:00+00:00,continuous,62700.0,62964.2,62456.0,62838.5,151202924.6455001
2026-06-05 04:29:59.905000+00:00,2026-06-05 04:15:00+00:00,continuous,62838.6,63230.9,62620.3,63211.0,243673499.68099734
2026-06-05 04:44:59.796000+00:00,2026-06-05 04:30:00+00:00,continuous,63211.0,63211.1,62957.0,62993.2,102776500.80010015
2026-06-05 04:59:59.924000+00:00,2026-06-05 04:45:00+00:00,continuous,62993.1,63629.9,62823.0,63588.9,270344951.2222001
2026-06-05 05:14:59.870000+00:00,2026-06-05 05:00:00+00:00,continuous,63589.0,63674.9,63314.4,63356.7,191253076.7217993
2026-06-05 05:29:59.883000+00:00,2026-06-05 05:15:00+00:00,continuous,63356.6,63536.9,63243.9,63482.5,101103849.92789909
2026-06-05 05:44:59.885000+00:00,2026-06-05 05:30:00+00:00,continuous,63482.5,63548.4,62850.0,62858.7,233023982.63679773
2026-06-05 05:59:59.957000+00:00,2026-06-05 05:45:00+00:00,continuous,62858.7,62953.1,62229.6,62294.4,551737764.9028015
2026-06-05 06:14:59.923000+00:00,2026-06-05 06:00:00+00:00,continuous,62294.1,62614.2,61932.0,62041.1,790157450.6821088
2026-06-05 06:29:59.989000+00:00,2026-06-05 06:15:00+00:00,continuous,62041.1,62222.0,61067.6,61642.4,1177214556.7834
2026-06-05 06:44:59.989000+00:00,2026-06-05 06:30:00+00:00,continuous,61642.5,62171.2,61606.6,62118.3,499091037.24139285
2026-06-05 06:59:59.934000+00:00,2026-06-05 06:45:00+00:00,continuous,62118.2,62175.2,61749.8,61916.8,192324603.72099918
2026-06-05 07:14:59.990000+00:00,2026-06-05 07:00:00+00:00,continuous,61916.7,61959.0,61330.5,61464.6,289835321.4496015
2026-06-05 07:29:59.973000+00:00,2026-06-05 07:15:00+00:00,continuous,61464.5,62333.0,61457.4,62221.5,325599977.992406
2026-06-05 07:44:59.959000+00:00,2026-06-05 07:30:00+00:00,continuous,62221.4,62869.9,62154.3,62850.6,463010940.86720175
2026-06-05 07:59:59.968000+00:00,2026-06-05 07:45:00+00:00,continuous,62850.6,63084.4,62684.6,63075.6,345207338.3502029
2026-06-05 08:14:59.861000+00:00,2026-06-05 08:00:00+00:00,continuous,63075.5,63088.0,62645.0,62773.6,268292013.83970004
2026-06-05 08:29:59.962000+00:00,2026-06-05 08:15:00+00:00,continuous,62773.5,62846.6,62543.7,62782.5,153720118.92619866
2026-06-05 08:44:59.717000+00:00,2026-06-05 08:30:00+00:00,continuous,62782.6,62899.0,62480.6,62501.3,140697855.00799984
2026-06-05 08:59:59.949000+00:00,2026-06-05 08:45:00+00:00,continuous,62501.4,62584.9,62234.3,62429.9,160618463.92899933
2026-06-05 09:14:59.995000+00:00,2026-06-05 09:00:00+00:00,continuous,62430.0,63077.3,62405.1,63067.2,245662668.743997
2026-06-05 09:29:59.973000+00:00,2026-06-05 09:15:00+00:00,continuous,63067.1,63231.8,62861.4,63088.1,239549727.85429713
2026-06-05 09:44:59.759000+00:00,2026-06-05 09:30:00+00:00,continuous,63088.2,63097.8,62736.0,62788.5,94726852.1996003
2026-06-05 09:59:59.822000+00:00,2026-06-05 09:45:00+00:00,continuous,62788.6,62969.5,62770.6,62832.5,65570296.03590007
2026-06-05 10:14:59.721000+00:00,2026-06-05 10:00:00+00:00,continuous,62832.4,62910.5,62616.0,62722.3,91434956.98169942
2026-06-05 10:29:59.802000+00:00,2026-06-05 10:15:00+00:00,continuous,62722.3,62722.3,62465.3,62549.0,126127723.23170021
2026-06-05 10:44:59.832000+00:00,2026-06-05 10:30:00+00:00,continuous,62549.0,62683.0,62342.1,62644.1,107180443.8761003
2026-06-05 10:59:59.971000+00:00,2026-06-05 10:45:00+00:00,continuous,62644.0,62644.1,62413.8,62510.1,67061158.39900028
2026-06-05 11:14:59.935000+00:00,2026-06-05 11:00:00+00:00,continuous,62510.0,62513.3,62212.3,62293.0,115829367.38750002
2026-06-05 11:29:59.957000+00:00,2026-06-05 11:15:00+00:00,continuous,62293.0,62621.9,62210.5,62443.5,149683611.269601
2026-06-05 11:44:59.997000+00:00,2026-06-05 11:30:00+00:00,continuous,62443.6,62496.8,62083.0,62087.7,121457810.88100053
2026-06-05 11:59:59.927000+00:00,2026-06-05 11:45:00+00:00,continuous,62087.7,62236.1,61928.3,61929.5,214205985.5807993
2026-06-05 12:14:59.997000+00:00,2026-06-05 12:00:00+00:00,continuous,61929.6,62258.6,61610.0,62120.6,385494441.72099596
2026-06-05 12:29:59.949000+00:00,2026-06-05 12:15:00+00:00,continuous,62120.6,62437.5,62120.6,62192.3,208262478.7762001
2026-06-05 12:44:59.877000+00:00,2026-06-05 12:30:00+00:00,continuous,62192.4,62404.1,61578.4,61945.9,404440054.14960295
2026-06-05 12:59:59.969000+00:00,2026-06-05 12:45:00+00:00,continuous,61945.9,62064.0,61830.1,61939.7,119655629.79729928
2026-06-05 13:14:59.940000+00:00,2026-06-05 13:00:00+00:00,continuous,61939.7,62149.1,61889.2,61961.1,176410312.94430065
2026-06-05 13:29:59.996000+00:00,2026-06-05 13:15:00+00:00,continuous,61961.2,62299.4,61855.2,62082.5,200110920.01820016
2026-06-05 13:44:59.746000+00:00,2026-06-05 13:30:00+00:00,continuous,62082.2,62310.0,61644.9,61814.8,321638264.1870989
2026-06-05 13:59:59.935000+00:00,2026-06-05 13:45:00+00:00,continuous,61814.6,61854.0,60690.8,60700.4,943343047.1277037
2026-06-05 14:14:59.950000+00:00,2026-06-05 14:00:00+00:00,continuous,60700.5,61217.8,60420.0,60834.3,932293111.4371177
2026-06-05 14:29:59.991000+00:00,2026-06-05 14:15:00+00:00,continuous,60834.2,61044.0,60300.0,60360.0,585544927.9922999
2026-06-05 14:44:59.973000+00:00,2026-06-05 14:30:00+00:00,continuous,60360.1,61165.7,60300.0,60809.7,547465930.3299938
2026-06-05 14:59:59.870000+00:00,2026-06-05 14:45:00+00:00,continuous,60809.8,61105.0,60581.4,60832.7,300251851.37519985
2026-06-05 15:14:59.944000+00:00,2026-06-05 15:00:00+00:00,continuous,60832.6,61020.4,60492.7,60579.7,285935118.3903038
2026-06-05 15:29:59.876000+00:00,2026-06-05 15:15:00+00:00,continuous,60579.7,61105.6,60469.2,60760.5,365063097.80029786
2026-06-05 15:44:59.968000+00:00,2026-06-05 15:30:00+00:00,continuous,60760.4,60832.1,60005.8,60345.3,784423220.0680857
2026-06-05 15:59:59.958000+00:00,2026-06-05 15:45:00+00:00,continuous,60345.5,60628.0,60177.0,60400.8,492908882.2461042
2026-06-05 16:14:59.995000+00:00,2026-06-05 16:00:00+00:00,continuous,60400.8,61058.7,59739.1,60867.3,1898558315.90301
2026-06-05 16:29:59.966000+00:00,2026-06-05 16:15:00+00:00,continuous,60867.2,61550.0,60689.0,60899.9,1027320121.6328994
2026-06-05 16:44:59.999000+00:00,2026-06-05 16:30:00+00:00,continuous,60899.9,61040.5,60669.7,60804.9,321960275.34899795
2026-06-05 16:59:59.873000+00:00,2026-06-05 16:45:00+00:00,continuous,60804.8,61450.0,60773.8,61358.1,314809269.80019754
2026-06-05 17:14:59.885000+00:00,2026-06-05 17:00:00+00:00,continuous,61358.1,61487.9,60901.9,61034.6,271572561.5508993
2026-06-05 17:29:59.892000+00:00,2026-06-05 17:15:00+00:00,continuous,61034.6,61050.0,60621.2,60665.5,235366263.94450313
2026-06-05 17:44:59.723000+00:00,2026-06-05 17:30:00+00:00,continuous,60665.6,61127.7,60650.2,60729.4,158231227.00909945
2026-06-05 17:59:59.954000+00:00,2026-06-05 17:45:00+00:00,continuous,60729.3,60826.0,60626.7,60786.5,101848667.32610053
2026-06-05 18:14:59.863000+00:00,2026-06-05 18:00:00+00:00,continuous,60786.5,60933.0,60572.3,60593.5,130974877.14080025
2026-06-05 18:29:59.876000+00:00,2026-06-05 18:15:00+00:00,continuous,60593.6,60656.6,60075.4,60131.9,342489770.3786986
2026-06-05 18:44:59.974000+00:00,2026-06-05 18:30:00+00:00,continuous,60131.9,60315.7,59600.0,59921.6,507120091.94899493
2026-06-05 18:59:59.884000+00:00,2026-06-05 18:45:00+00:00,continuous,59921.7,59951.3,59105.4,59362.2,936131134.1098019
2026-06-05 19:14:59.998000+00:00,2026-06-05 19:00:00+00:00,continuous,59362.1,59585.9,59108.8,59355.9,367230634.95429575
2026-06-05 19:29:59.880000+00:00,2026-06-05 19:15:00+00:00,continuous,59355.8,59833.0,59080.0,59818.3,396548678.0723036
2026-06-05 19:44:59.609000+00:00,2026-06-05 19:30:00+00:00,continuous,59818.2,59869.1,59445.9,59718.6,219129902.0853978
2026-06-05 19:59:59.869000+00:00,2026-06-05 19:45:00+00:00,continuous,59718.6,60435.2,59710.1,60267.7,431132814.16209966
2026-06-05 20:14:59.950000+00:00,2026-06-05 20:00:00+00:00,continuous,60267.4,60951.5,59903.8,60825.6,480095206.6394964
2026-06-05 20:29:59.868000+00:00,2026-06-05 20:15:00+00:00,continuous,60825.7,61064.3,60679.7,60922.6,301429320.42730194
2026-06-05 20:44:59.958000+00:00,2026-06-05 20:30:00+00:00,continuous,60922.6,61285.5,60862.4,61241.8,216762287.66379914
2026-06-05 20:59:59.999000+00:00,2026-06-05 20:45:00+00:00,continuous,61241.9,61800.0,61173.4,61586.2,364506448.6307037
2026-06-05 21:14:59.999000+00:00,2026-06-05 21:00:00+00:00,continuous,61586.1,61985.1,61531.3,61829.5,319058914.39339817
2026-06-05 21:29:59.699000+00:00,2026-06-05 21:15:00+00:00,continuous,61829.2,61979.7,61533.4,61547.9,216026566.3112993
2026-06-05 21:44:59.588000+00:00,2026-06-05 21:30:00+00:00,continuous,61548.6,61909.7,61400.0,61841.9,137177007.72920084
2026-06-05 21:59:59.733000+00:00,2026-06-05 21:45:00+00:00,continuous,61841.9,61889.6,61601.2,61639.5,78685288.21600017
2026-06-05 22:14:59.830000+00:00,2026-06-05 22:00:00+00:00,continuous,61639.4,61639.4,61169.1,61370.4,234332467.97720268
2026-06-05 22:29:59.609000+00:00,2026-06-05 22:15:00+00:00,continuous,61370.4,61622.9,61265.9,61452.6,211168623.2178967
2026-06-05 22:44:59.824000+00:00,2026-06-05 22:30:00+00:00,continuous,61452.6,61866.0,61364.2,61720.6,168488347.80550095
2026-06-05 22:59:59.989000+00:00,2026-06-05 22:45:00+00:00,continuous,61720.6,61942.4,61505.9,61556.6,238635850.50650275
2026-06-05 23:14:59.919000+00:00,2026-06-05 23:00:00+00:00,continuous,61556.7,61745.0,61271.0,61272.9,239988482.11100048
2026-06-05 23:29:59.977000+00:00,2026-06-05 23:15:00+00:00,continuous,61272.9,61273.0,60781.3,60908.1,340264344.8788041
2026-06-05 23:44:59.939000+00:00,2026-06-05 23:30:00+00:00,continuous,60908.1,60908.1,60458.0,60784.6,184041930.2123987
2026-06-05 23:59:59.923000+00:00,2026-06-05 23:45:00+00:00,continuous,60784.7,61044.3,60657.0,61022.0,100547591.64650053
2026-06-06 00:14:59.974000+00:00,2026-06-06 00:00:00+00:00,continuous,61022.1,61429.3,61012.0,61392.6,193647623.9419991
2026-06-06 00:29:59.910000+00:00,2026-06-06 00:15:00+00:00,continuous,61392.6,61500.0,61112.3,61279.4,146998936.81870085
2026-06-06 00:44:59.979000+00:00,2026-06-06 00:30:00+00:00,continuous,61279.5,61393.9,61142.6,61168.9,68434812.71079972
2026-06-06 00:59:59.943000+00:00,2026-06-06 00:45:00+00:00,continuous,61168.8,61357.2,61147.7,61238.4,54365331.32930033
2026-06-06 01:14:59.858000+00:00,2026-06-06 01:00:00+00:00,continuous,61238.4,61349.7,61068.0,61116.7,55325726.11790011
2026-06-06 01:29:59.716000+00:00,2026-06-06 01:15:00+00:00,continuous,61116.8,61270.9,60942.1,61268.1,98219041.71930085
2026-06-06 01:44:59.977000+00:00,2026-06-06 01:30:00+00:00,continuous,61268.0,61268.1,60980.2,61025.0,66910795.738900125
2026-06-06 01:59:59.822000+00:00,2026-06-06 01:45:00+00:00,continuous,61025.0,61143.6,60912.3,61025.6,61946393.39360049
2026-06-06 02:14:59.959000+00:00,2026-06-06 02:00:00+00:00,continuous,61025.6,61072.6,60834.4,60849.0,78930147.79399969
2026-06-06 02:29:59.835000+00:00,2026-06-06 02:15:00+00:00,continuous,60849.0,60969.0,60642.4,60774.1,132795845.07480033
2026-06-06 02:44:59.591000+00:00,2026-06-06 02:30:00+00:00,continuous,60774.5,61036.2,60747.2,60905.2,60110289.6855998
2026-06-06 02:59:59.660000+00:00,2026-06-06 02:45:00+00:00,continuous,60905.0,61164.5,60827.0,60918.4,79125558.48279972
2026-06-06 03:14:59.426000+00:00,2026-06-06 03:00:00+00:00,continuous,60918.3,60940.5,60759.8,60848.0,58913717.0776
2026-06-06 03:29:59.907000+00:00,2026-06-06 03:15:00+00:00,continuous,60848.0,60918.0,60685.0,60767.4,71668777.37029982
2026-06-06 03:44:59.962000+00:00,2026-06-06 03:30:00+00:00,continuous,60767.3,60768.0,60490.0,60688.5,155722235.2081008
2026-06-06 03:59:59.447000+00:00,2026-06-06 03:45:00+00:00,continuous,60688.4,60776.0,60588.0,60662.6,46709559.970100336
2026-06-06 04:14:59.932000+00:00,2026-06-06 04:00:00+00:00,continuous,60662.6,60847.5,60051.3,60103.2,292225843.5326026
2026-06-06 04:29:59.836000+00:00,2026-06-06 04:15:00+00:00,continuous,60103.3,60319.5,59794.1,59927.0,348908338.95049965
2026-06-06 04:44:59.900000+00:00,2026-06-06 04:30:00+00:00,continuous,59927.0,60019.4,59451.3,59754.1,427403416.8495007
2026-06-06 04:59:59.978000+00:00,2026-06-06 04:45:00+00:00,continuous,59754.1,60278.9,59664.1,60068.4,252895406.61799848
2026-06-06 05:14:59.991000+00:00,2026-06-06 05:00:00+00:00,continuous,60068.5,60218.8,59578.8,59859.3,280167434.5408001
2026-06-06 05:29:59.970000+00:00,2026-06-06 05:15:00+00:00,continuous,59859.4,61070.2,59829.3,60719.4,591013636.1032954
2026-06-06 05:44:59.948000+00:00,2026-06-06 05:30:00+00:00,continuous,60719.2,60964.3,60576.0,60794.9,230841559.40559727
2026-06-06 05:59:59.437000+00:00,2026-06-06 05:45:00+00:00,continuous,60795.0,61037.6,60724.2,60918.9,150167944.9636005
2026-06-06 06:14:59.970000+00:00,2026-06-06 06:00:00+00:00,continuous,60919.0,61250.0,60917.6,61136.6,236320227.39889985
2026-06-06 06:29:59.605000+00:00,2026-06-06 06:15:00+00:00,continuous,61136.7,61232.2,60970.1,61008.0,193218298.32589814
2026-06-06 06:44:59.865000+00:00,2026-06-06 06:30:00+00:00,continuous,61007.9,61160.9,60774.8,60778.2,163417156.0308994
2026-06-06 06:59:59.896000+00:00,2026-06-06 06:45:00+00:00,continuous,60778.2,60945.6,60644.5,60771.8,120623596.57059976
2026-06-06 07:14:59.726000+00:00,2026-06-06 07:00:00+00:00,continuous,60771.8,61124.0,60705.4,61068.9,164136416.75000006
2026-06-06 07:29:59.847000+00:00,2026-06-06 07:15:00+00:00,continuous,61068.8,61212.7,60812.2,60859.9,134453296.0839002
2026-06-06 07:44:59.864000+00:00,2026-06-06 07:30:00+00:00,continuous,60860.0,61070.0,60843.6,61021.3,85191588.79370026
2026-06-06 07:59:59.820000+00:00,2026-06-06 07:45:00+00:00,continuous,61021.3,61080.0,60938.1,60975.2,62798690.95570016
2026-06-06 08:14:59.717000+00:00,2026-06-06 08:00:00+00:00,continuous,60975.2,61139.7,60850.0,61115.0,89568240.14360008
2026-06-06 08:29:59.916000+00:00,2026-06-06 08:15:00+00:00,continuous,61114.9,61428.6,60995.0,61374.8,167002057.2035978
2026-06-06 08:44:59.650000+00:00,2026-06-06 08:30:00+00:00,continuous,61374.7,61475.0,61262.9,61334.9,145898959.1756006
2026-06-06 08:59:59.824000+00:00,2026-06-06 08:45:00+00:00,continuous,61334.9,61456.1,61205.7,61239.6,117785446.83659981
2026-06-06 09:14:59.536000+00:00,2026-06-06 09:00:00+00:00,continuous,61239.5,61285.3,61094.8,61190.9,96048768.87770061
2026-06-06 09:29:59.999000+00:00,2026-06-06 09:15:00+00:00,continuous,61190.9,61298.2,61068.8,61286.7,60054812.16299975
2026-06-06 09:44:59.968000+00:00,2026-06-06 09:30:00+00:00,continuous,61286.6,61286.7,61022.2,61069.2,56406375.31259958
2026-06-06 09:59:59.916000+00:00,2026-06-06 09:45:00+00:00,continuous,61069.3,61093.8,60854.1,60956.7,112491821.5224
2026-06-06 10:14:59.651000+00:00,2026-06-06 10:00:00+00:00,continuous,60956.7,60956.7,60503.5,60594.6,204648016.01530123
2026-06-06 10:29:59.962000+00:00,2026-06-06 10:15:00+00:00,continuous,60594.5,60718.8,60444.0,60499.7,178800022.77050132
2026-06-06 10:44:59.999000+00:00,2026-06-06 10:30:00+00:00,continuous,60499.6,60511.0,60146.0,60390.1,371869176.21119416
2026-06-06 10:59:59.976000+00:00,2026-06-06 10:45:00+00:00,continuous,60390.1,60579.2,60315.1,60555.3,123704042.29660003
2026-06-06 11:14:59.849000+00:00,2026-06-06 11:00:00+00:00,continuous,60555.2,60810.8,60520.0,60609.9,131275942.23500063
2026-06-06 11:29:59.687000+00:00,2026-06-06 11:15:00+00:00,continuous,60609.9,60832.2,60567.7,60772.8,78615123.5035009
2026-06-06 11:44:59.462000+00:00,2026-06-06 11:30:00+00:00,continuous,60772.8,60840.0,60697.3,60794.3,61541189.53340026
2026-06-06 11:59:59.612000+00:00,2026-06-06 11:45:00+00:00,continuous,60794.3,60938.0,60703.0,60773.5,74378344.98030019
2026-06-06 12:14:59.809000+00:00,2026-06-06 12:00:00+00:00,continuous,60773.5,61066.8,60773.4,61022.7,135650335.38749972
2026-06-06 12:29:59.908000+00:00,2026-06-06 12:15:00+00:00,continuous,61022.7,61082.1,60692.7,60698.3,170590251.79819986
2026-06-06 12:44:59.613000+00:00,2026-06-06 12:30:00+00:00,continuous,60698.3,60844.0,60599.9,60802.6,123714078.9893003
2026-06-06 12:59:59.893000+00:00,2026-06-06 12:45:00+00:00,continuous,60802.6,61173.5,60750.9,61003.6,164568851.78860027
2026-06-06 13:14:59.708000+00:00,2026-06-06 13:00:00+00:00,continuous,61003.6,61073.6,60929.3,60972.9,70567726.9194005
2026-06-06 13:29:59.507000+00:00,2026-06-06 13:15:00+00:00,continuous,60972.9,61026.7,60834.6,60851.3,63677565.184999585
2026-06-06 13:44:59.704000+00:00,2026-06-06 13:30:00+00:00,continuous,60851.4,60874.5,60668.8,60874.5,108500082.42589943
2026-06-06 13:59:59.657000+00:00,2026-06-06 13:45:00+00:00,continuous,60874.5,61026.2,60734.0,60779.5,72643045.33129989
2026-06-06 14:14:59.783000+00:00,2026-06-06 14:00:00+00:00,continuous,60779.5,60976.6,60734.3,60878.0,70090442.06499983
2026-06-06 14:29:59.815000+00:00,2026-06-06 14:15:00+00:00,continuous,60878.0,60990.8,60758.4,60857.8,45833429.655300036
2026-06-06 14:44:59.905000+00:00,2026-06-06 14:30:00+00:00,continuous,60857.8,60978.6,60793.4,60924.4,49697440.357199855
2026-06-06 14:59:59.850000+00:00,2026-06-06 14:45:00+00:00,continuous,60924.4,60976.0,60733.0,60762.5,51164877.69400002
2026-06-06 15:14:59.888000+00:00,2026-06-06 15:00:00+00:00,continuous,60762.5,60850.4,60520.2,60587.0,154682678.47369945
2026-06-06 15:29:59.873000+00:00,2026-06-06 15:15:00+00:00,continuous,60587.1,60664.0,60353.4,60642.0,149429956.775999
2026-06-06 15:44:59.821000+00:00,2026-06-06 15:30:00+00:00,continuous,60641.9,60896.0,60542.0,60824.0,108627304.18210001
2026-06-06 15:59:59.555000+00:00,2026-06-06 15:45:00+00:00,continuous,60824.0,60900.0,60689.0,60754.1,43476821.04950012
2026-06-06 16:14:59.604000+00:00,2026-06-06 16:00:00+00:00,continuous,60754.2,60949.9,60660.0,60751.5,84691589.55860013
2026-06-06 16:29:59.924000+00:00,2026-06-06 16:15:00+00:00,continuous,60751.5,60794.6,60534.5,60591.1,89941405.56609948
2026-06-06 16:44:59.699000+00:00,2026-06-06 16:30:00+00:00,continuous,60591.1,60742.6,60417.6,60731.7,127573222.45399967
2026-06-06 16:59:59.808000+00:00,2026-06-06 16:45:00+00:00,continuous,60731.7,60830.5,60654.5,60749.8,64174956.199600145
2026-06-06 17:14:59.528000+00:00,2026-06-06 17:00:00+00:00,continuous,60749.9,60817.2,60570.0,60690.1,46362836.42839976
2026-06-06 17:29:59.767000+00:00,2026-06-06 17:15:00+00:00,continuous,60690.1,60737.1,60555.0,60649.3,66373454.300499916
2026-06-06 17:44:59.803000+00:00,2026-06-06 17:30:00+00:00,continuous,60649.3,60776.7,60552.2,60680.2,65023131.65649999
2026-06-06 17:59:59.812000+00:00,2026-06-06 17:45:00+00:00,continuous,60680.2,60712.1,60463.0,60553.3,60460114.61200001
2026-06-06 18:14:59.753000+00:00,2026-06-06 18:00:00+00:00,continuous,60553.2,60604.3,60427.8,60464.2,57475797.57880011
2026-06-06 18:29:59.902000+00:00,2026-06-06 18:15:00+00:00,continuous,60464.2,60723.5,60363.0,60670.9,84943938.98720013
2026-06-06 18:44:59.706000+00:00,2026-06-06 18:30:00+00:00,continuous,60670.9,60675.9,60503.2,60579.9,31565446.110299934
2026-06-06 18:59:59.828000+00:00,2026-06-06 18:45:00+00:00,continuous,60580.0,60655.6,60463.3,60606.0,42916095.67870007
2026-06-06 19:14:59.809000+00:00,2026-06-06 19:00:00+00:00,continuous,60606.0,60760.4,60529.0,60689.9,48570317.833499864
2026-06-06 19:29:59.607000+00:00,2026-06-06 19:15:00+00:00,continuous,60690.0,60706.0,60562.3,60582.0,31867617.20989997
2026-06-06 19:44:59.940000+00:00,2026-06-06 19:30:00+00:00,continuous,60581.9,60618.7,60502.1,60595.6,29360081.847799957
2026-06-06 19:59:59.622000+00:00,2026-06-06 19:45:00+00:00,continuous,60595.7,60656.9,60560.7,60563.9,24442050.566799995
2026-06-06 20:14:58.441000+00:00,2026-06-06 20:00:00+00:00,continuous,60563.9,60610.1,60484.5,60541.2,35607116.25159985
2026-06-06 20:29:59.800000+00:00,2026-06-06 20:15:00+00:00,continuous,60541.2,60615.3,60496.5,60566.8,30630795.947300002
2026-06-06 20:44:59.632000+00:00,2026-06-06 20:30:00+00:00,continuous,60566.8,60726.2,60546.3,60702.9,46902969.843800016
2026-06-06 20:59:59.805000+00:00,2026-06-06 20:45:00+00:00,continuous,60702.8,60729.1,60613.3,60678.5,34793689.56600005
2026-06-06 21:14:59.353000+00:00,2026-06-06 21:00:00+00:00,continuous,60678.4,60877.1,60673.2,60826.8,60224817.97079994
2026-06-06 21:29:59.683000+00:00,2026-06-06 21:15:00+00:00,continuous,60826.7,60918.4,60797.1,60859.2,54203831.89619975
2026-06-06 21:44:58.426000+00:00,2026-06-06 21:30:00+00:00,continuous,60859.2,60969.2,60762.8,60792.3,46184231.00859988
2026-06-06 21:59:59.481000+00:00,2026-06-06 21:45:00+00:00,continuous,60792.3,60840.0,60705.4,60719.3,24840685.250699952
2026-06-06 22:14:59.925000+00:00,2026-06-06 22:00:00+00:00,continuous,60719.2,60788.6,60555.5,60591.4,101187771.29479998
2026-06-06 22:29:59.868000+00:00,2026-06-06 22:15:00+00:00,continuous,60591.4,60740.0,60400.1,60426.4,101034241.30599949
2026-06-06 22:44:59.960000+00:00,2026-06-06 22:30:00+00:00,continuous,60426.4,60574.3,60390.0,60559.9,52971199.061100036
2026-06-06 22:59:59.923000+00:00,2026-06-06 22:45:00+00:00,continuous,60560.0,60690.6,60510.4,60513.0,49566352.35569976
2026-06-06 23:14:59.459000+00:00,2026-06-06 23:00:00+00:00,continuous,60513.0,60733.0,60511.0,60685.3,43453986.78520007
2026-06-06 23:29:59.066000+00:00,2026-06-06 23:15:00+00:00,continuous,60685.2,60711.2,60552.5,60681.9,31194283.713899817
2026-06-06 23:44:59.878000+00:00,2026-06-06 23:30:00+00:00,continuous,60681.9,60889.9,60641.7,60822.3,61181367.55930012
2026-06-06 23:59:59.719000+00:00,2026-06-06 23:45:00+00:00,continuous,60822.3,60911.0,60771.1,60849.7,53425319.55160011
2026-06-07 00:14:59.776000+00:00,2026-06-07 00:00:00+00:00,continuous,60849.7,60905.0,60761.7,60785.8,53842015.563800246
2026-06-07 00:29:59.987000+00:00,2026-06-07 00:15:00+00:00,continuous,60785.8,60864.0,60742.8,60812.7,33469508.77789992
2026-06-07 00:44:59.643000+00:00,2026-06-07 00:30:00+00:00,continuous,60812.7,60962.7,60755.6,60755.7,61889196.24959955
2026-06-07 00:59:59.714000+00:00,2026-06-07 00:45:00+00:00,continuous,60755.6,60785.6,60708.0,60748.3,32633655.23019997
2026-06-07 01:14:59.952000+00:00,2026-06-07 01:00:00+00:00,continuous,60748.2,61389.9,60720.9,61276.3,309166104.2612991
2026-06-07 01:29:59.879000+00:00,2026-06-07 01:15:00+00:00,continuous,61276.2,61641.4,61215.8,61606.9,292141470.4634988
2026-06-07 01:44:59.826000+00:00,2026-06-07 01:30:00+00:00,continuous,61606.9,61627.3,61368.5,61424.9,101764474.48679978
2026-06-07 01:59:59.854000+00:00,2026-06-07 01:45:00+00:00,continuous,61424.9,61593.9,61340.2,61452.5,120665394.08010028
2026-06-07 02:14:59.909000+00:00,2026-06-07 02:00:00+00:00,continuous,61452.5,61527.6,61375.8,61375.8,53999670.49180043
2026-06-07 02:29:59.668000+00:00,2026-06-07 02:15:00+00:00,continuous,61375.8,61398.2,61150.0,61225.4,104192122.00109994
2026-06-07 02:44:59.953000+00:00,2026-06-07 02:30:00+00:00,continuous,61225.4,61296.0,61161.3,61296.0,45640291.083899975
2026-06-07 02:59:59.954000+00:00,2026-06-07 02:45:00+00:00,continuous,61296.1,61540.1,61289.2,61469.2,122612647.9699999
2026-06-07 03:14:59.909000+00:00,2026-06-07 03:00:00+00:00,continuous,61469.3,61500.0,61376.7,61500.0,64784074.36910014
2026-06-07 03:29:59.932000+00:00,2026-06-07 03:15:00+00:00,continuous,61499.9,61763.9,61453.3,61635.0,159757253.31520033
2026-06-07 03:44:59.989000+00:00,2026-06-07 03:30:00+00:00,continuous,61635.0,61657.2,61520.3,61639.9,49872691.07889996
2026-06-07 03:59:59.806000+00:00,2026-06-07 03:45:00+00:00,continuous,61639.8,61711.4,61547.8,61671.1,35148918.84239993
2026-06-07 04:14:56.197000+00:00,2026-06-07 04:00:00+00:00,continuous,61671.1,61683.7,61469.6,61521.9,70560619.21069999
2026-06-07 04:29:59.983000+00:00,2026-06-07 04:15:00+00:00,continuous,61521.9,61606.7,61447.2,61525.0,46049788.462299794
2026-06-07 04:44:59.950000+00:00,2026-06-07 04:30:00+00:00,continuous,61524.9,61810.0,61511.4,61707.4,82278916.34059976
2026-06-07 04:59:59.736000+00:00,2026-06-07 04:45:00+00:00,continuous,61707.4,61866.0,61661.0,61854.1,125929692.41950005
2026-06-07 05:14:59.696000+00:00,2026-06-07 05:00:00+00:00,continuous,61854.2,61949.8,61761.5,61847.1,95848158.26930046
2026-06-07 05:29:59.952000+00:00,2026-06-07 05:15:00+00:00,continuous,61847.1,62132.0,61689.1,61706.6,329494742.11450404
2026-06-07 05:44:59.955000+00:00,2026-06-07 05:30:00+00:00,continuous,61706.6,61838.6,61607.9,61834.1,98240194.71049948
2026-06-07 05:59:59.877000+00:00,2026-06-07 05:45:00+00:00,continuous,61834.2,61834.2,61655.6,61709.2,55659926.61109969
2026-06-07 06:14:59.937000+00:00,2026-06-07 06:00:00+00:00,continuous,61709.3,61726.6,61573.5,61643.2,57933127.10539991
2026-06-07 06:29:59.911000+00:00,2026-06-07 06:15:00+00:00,continuous,61643.3,61997.9,61612.3,61946.0,139748152.01799962
2026-06-07 06:44:59.898000+00:00,2026-06-07 06:30:00+00:00,continuous,61946.0,62254.9,61934.5,62169.0,310983180.4490001
2026-06-07 06:59:59.979000+00:00,2026-06-07 06:45:00+00:00,continuous,62169.1,62213.6,62007.2,62080.1,105886126.02049926
2026-06-07 07:14:58.990000+00:00,2026-06-07 07:00:00+00:00,continuous,62080.0,62222.4,61951.0,62104.2,169686058.99019995
2026-06-07 07:29:59.738000+00:00,2026-06-07 07:15:00+00:00,continuous,62104.2,62226.0,62026.5,62204.3,81284957.23899968
2026-06-07 07:44:59.171000+00:00,2026-06-07 07:30:00+00:00,continuous,62204.4,62239.3,62154.6,62196.9,73095759.2631999
2026-06-07 07:59:59.870000+00:00,2026-06-07 07:45:00+00:00,continuous,62196.9,62380.0,62150.0,62366.0,228468179.14079896
2026-06-07 08:14:59.930000+00:00,2026-06-07 08:00:00+00:00,continuous,62366.0,62406.5,62217.4,62340.6,153348846.234101
2026-06-07 08:29:59.983000+00:00,2026-06-07 08:15:00+00:00,continuous,62340.7,62553.9,62280.0,62500.0,202704144.79569972
2026-06-07 08:44:59.956000+00:00,2026-06-07 08:30:00+00:00,continuous,62500.1,62636.9,62355.9,62525.0,241237968.80500025
2026-06-07 08:59:59.865000+00:00,2026-06-07 08:45:00+00:00,continuous,62525.0,62942.4,62524.9,62823.0,395957413.70839953
2026-06-07 09:14:59.806000+00:00,2026-06-07 09:00:00+00:00,continuous,62823.0,62887.5,62680.3,62799.8,130255903.28460027
2026-06-07 09:29:59.827000+00:00,2026-06-07 09:15:00+00:00,continuous,62799.9,62864.5,62574.6,62663.3,119780460.8847001
2026-06-07 09:44:59.729000+00:00,2026-06-07 09:30:00+00:00,continuous,62663.3,62668.0,62463.9,62513.3,113260935.08009957
2026-06-07 09:59:59.767000+00:00,2026-06-07 09:45:00+00:00,continuous,62513.3,62617.3,62361.5,62510.0,137305256.5482006
2026-06-07 10:14:59.607000+00:00,2026-06-07 10:00:00+00:00,continuous,62509.9,62545.8,62352.4,62379.9,93807045.12449992
2026-06-07 10:29:59.574000+00:00,2026-06-07 10:15:00+00:00,continuous,62379.9,62547.8,62367.4,62481.2,63084309.94870003
2026-06-07 10:44:59.369000+00:00,2026-06-07 10:30:00+00:00,continuous,62481.2,62534.9,62279.0,62336.6,86866139.93460032
2026-06-07 10:59:59.825000+00:00,2026-06-07 10:45:00+00:00,continuous,62336.6,62440.0,62273.0,62343.7,83786420.72149977
2026-06-07 11:14:59.980000+00:00,2026-06-07 11:00:00+00:00,continuous,62343.7,62496.5,62333.0,62426.0,90880238.68130055
2026-06-07 11:29:59.925000+00:00,2026-06-07 11:15:00+00:00,continuous,62426.0,62536.3,62387.6,62496.5,70428484.84810016
2026-06-07 11:44:59.968000+00:00,2026-06-07 11:30:00+00:00,continuous,62496.5,62659.0,62413.8,62659.0,80056031.6718005
2026-06-07 11:59:59.975000+00:00,2026-06-07 11:45:00+00:00,continuous,62658.9,62730.0,62540.0,62598.8,87744843.32370009
2026-06-07 12:14:59.846000+00:00,2026-06-07 12:00:00+00:00,continuous,62598.8,62617.7,62005.9,62059.0,314691386.9710998
2026-06-07 12:29:59.762000+00:00,2026-06-07 12:15:00+00:00,continuous,62059.1,62210.3,61810.6,61916.6,380393424.50709456
2026-06-07 12:44:59.962000+00:00,2026-06-07 12:30:00+00:00,continuous,61916.7,61926.0,61509.1,61623.8,471357338.44309694
2026-06-07 12:59:59.990000+00:00,2026-06-07 12:45:00+00:00,continuous,61623.9,61981.1,61607.0,61871.1,184805339.5953995
2026-06-07 13:14:59.978000+00:00,2026-06-07 13:00:00+00:00,continuous,61871.1,61871.1,61619.9,61747.4,129232138.54909992
2026-06-07 13:29:59.993000+00:00,2026-06-07 13:15:00+00:00,continuous,61747.4,61828.9,61612.2,61822.4,95399664.16459963
2026-06-07 13:44:59.062000+00:00,2026-06-07 13:30:00+00:00,continuous,61822.5,61880.0,61637.4,61708.9,98841804.05960037
2026-06-07 13:59:59.855000+00:00,2026-06-07 13:45:00+00:00,continuous,61708.9,61794.8,61660.3,61675.0,44027569.99309999
2026-06-07 14:14:59.972000+00:00,2026-06-07 14:00:00+00:00,continuous,61675.1,61796.0,61675.0,61762.4,49233424.43429981
2026-06-07 14:29:59.837000+00:00,2026-06-07 14:15:00+00:00,continuous,61762.5,62130.0,61715.7,62057.7,226574375.8303005
2026-06-07 14:44:59.944000+00:00,2026-06-07 14:30:00+00:00,continuous,62057.8,62283.6,61880.0,61966.0,245988590.97599882
2026-06-07 14:59:59.803000+00:00,2026-06-07 14:45:00+00:00,continuous,61966.0,61966.0,61710.0,61872.0,105033977.01140037
2026-06-07 15:14:59.670000+00:00,2026-06-07 15:00:00+00:00,continuous,61871.9,61871.9,61640.1,61805.8,102566651.79749979
2026-06-07 15:29:59.733000+00:00,2026-06-07 15:15:00+00:00,continuous,61805.8,61959.9,61688.1,61936.4,113181207.62639983
2026-06-07 15:44:59.680000+00:00,2026-06-07 15:30:00+00:00,continuous,61936.4,62131.5,61923.3,62072.8,122893511.57269908
2026-06-07 15:59:59.288000+00:00,2026-06-07 15:45:00+00:00,continuous,62072.8,62196.0,61941.0,62071.6,79990621.60960001
2026-06-07 16:14:59.986000+00:00,2026-06-07 16:00:00+00:00,continuous,62071.7,62177.0,61931.2,62131.0,99363234.0854003
2026-06-07 16:29:59.569000+00:00,2026-06-07 16:15:00+00:00,continuous,62130.9,62327.0,62071.8,62143.5,104963328.64190075
2026-06-07 16:44:59.797000+00:00,2026-06-07 16:30:00+00:00,continuous,62143.5,62262.9,62121.0,62124.2,42126752.837200105
2026-06-07 16:59:59.688000+00:00,2026-06-07 16:45:00+00:00,continuous,62124.1,62212.8,61912.7,62054.2,77657393.13880026
2026-06-07 17:14:59.906000+00:00,2026-06-07 17:00:00+00:00,continuous,62054.1,62300.0,62012.2,62259.3,77231016.81979965
2026-06-07 17:29:59.948000+00:00,2026-06-07 17:15:00+00:00,continuous,62259.2,62294.7,62200.0,62216.4,43960706.84350003
2026-06-07 17:44:59.936000+00:00,2026-06-07 17:30:00+00:00,continuous,62216.5,62315.6,62195.2,62238.2,68872182.89119995
2026-06-07 17:59:58.966000+00:00,2026-06-07 17:45:00+00:00,continuous,62238.3,62238.3,62061.6,62129.6,63144863.09200004
2026-06-07 18:14:59.256000+00:00,2026-06-07 18:00:00+00:00,continuous,62129.6,62267.2,62120.4,62246.9,26932711.257899966
2026-06-07 18:29:59.926000+00:00,2026-06-07 18:15:00+00:00,continuous,62246.9,62246.9,62107.4,62196.0,22117841.968500048
2026-06-07 18:44:59.818000+00:00,2026-06-07 18:30:00+00:00,continuous,62196.0,62266.0,62130.1,62173.0,27531159.004900064
2026-06-07 18:59:59.990000+00:00,2026-06-07 18:45:00+00:00,continuous,62173.1,62208.4,61989.0,62001.6,52601365.98579993
2026-06-07 19:14:59.949000+00:00,2026-06-07 19:00:00+00:00,continuous,62001.7,62009.1,61538.1,61627.9,279281176.1519998
2026-06-07 19:29:59.713000+00:00,2026-06-07 19:15:00+00:00,continuous,61627.8,61627.8,61240.0,61456.1,313776615.6056003
2026-06-07 19:44:59.902000+00:00,2026-06-07 19:30:00+00:00,continuous,61456.1,61472.4,61165.5,61191.6,164065052.68410015
2026-06-07 19:59:59.914000+00:00,2026-06-07 19:45:00+00:00,continuous,61191.6,61443.6,61150.2,61303.8,191968922.62669906
2026-06-07 20:14:59.927000+00:00,2026-06-07 20:00:00+00:00,continuous,61303.7,61685.0,61189.7,61555.7,161048882.6993
2026-06-07 20:29:59.973000+00:00,2026-06-07 20:15:00+00:00,continuous,61555.7,61887.7,61425.5,61715.1,141519667.87179956
2026-06-07 20:44:59.960000+00:00,2026-06-07 20:30:00+00:00,continuous,61715.1,61800.0,61668.6,61760.5,55717752.3481001
2026-06-07 20:59:59.756000+00:00,2026-06-07 20:45:00+00:00,continuous,61760.4,61949.3,61726.5,61843.0,57010171.045800015
2026-06-07 21:14:59.558000+00:00,2026-06-07 21:00:00+00:00,continuous,61843.1,61980.0,61668.8,61925.9,60278415.20209991
2026-06-07 21:29:59.700000+00:00,2026-06-07 21:15:00+00:00,continuous,61925.9,61980.0,61684.9,61754.3,39199317.865899906
2026-06-07 21:44:59.696000+00:00,2026-06-07 21:30:00+00:00,continuous,61754.3,61824.1,61620.7,61680.1,75210605.88169996
2026-06-07 21:59:59.912000+00:00,2026-06-07 21:45:00+00:00,continuous,61680.2,61768.1,61618.5,61755.0,41612706.71180007
2026-06-07 22:14:59.999000+00:00,2026-06-07 22:00:00+00:00,continuous,61754.9,63781.7,61690.3,63625.4,678309445.9943119
2026-06-07 22:29:59.923000+00:00,2026-06-07 22:15:00+00:00,continuous,63630.2,64250.0,62854.6,62968.2,1004563170.4613992
2026-06-07 22:44:59.978000+00:00,2026-06-07 22:30:00+00:00,continuous,62968.2,63376.3,62751.3,63133.3,247710546.15530017
2026-06-07 22:59:59.941000+00:00,2026-06-07 22:45:00+00:00,continuous,63133.4,63285.7,62816.0,62833.5,133707595.55849975
2026-06-07 23:14:59.914000+00:00,2026-06-07 23:00:00+00:00,continuous,62833.0,63034.0,62759.5,62979.9,152775774.8707992
2026-06-07 23:29:59.953000+00:00,2026-06-07 23:15:00+00:00,continuous,62980.0,63254.5,62774.6,63231.2,129233962.45119989
2026-06-07 23:44:59.923000+00:00,2026-06-07 23:30:00+00:00,continuous,63231.2,63292.8,63087.4,63265.5,86048115.47070038
2026-06-07 23:59:59.976000+00:00,2026-06-07 23:45:00+00:00,continuous,63265.6,63429.9,63073.6,63298.5,143603573.6564006
2026-06-08 00:14:59.656000+00:00,2026-06-08 00:00:00+00:00,continuous,63299.0,63316.3,63111.3,63215.4,120818452.8571994
2026-06-08 00:29:59.961000+00:00,2026-06-08 00:15:00+00:00,continuous,63215.3,63490.5,63114.2,63472.6,123873818.21320018
2026-06-08 00:44:59.917000+00:00,2026-06-08 00:30:00+00:00,continuous,63472.6,63849.5,63371.9,63687.2,289072015.1065996
2026-06-08 00:59:59.968000+00:00,2026-06-08 00:45:00+00:00,continuous,63687.2,63767.7,63517.4,63599.2,98248337.79650013
2026-06-08 01:14:59.958000+00:00,2026-06-08 01:00:00+00:00,continuous,63599.3,63619.5,63020.1,63030.9,198765582.28149816
2026-06-08 01:29:59.965000+00:00,2026-06-08 01:15:00+00:00,continuous,63030.8,63149.0,62711.0,62797.2,307353272.94420063
2026-06-08 01:44:59.846000+00:00,2026-06-08 01:30:00+00:00,continuous,62797.3,63099.2,62676.8,63093.1,141507651.27030048
2026-06-08 01:59:59.981000+00:00,2026-06-08 01:45:00+00:00,continuous,63093.2,63234.1,62958.6,63188.0,113252652.53100015
2026-06-08 02:14:59.643000+00:00,2026-06-08 02:00:00+00:00,continuous,63188.0,63238.3,62971.4,63098.1,54602949.503899835
2026-06-08 02:29:59.426000+00:00,2026-06-08 02:15:00+00:00,continuous,63098.1,63198.6,62932.9,63081.3,65361134.06240001
2026-06-08 02:44:59.910000+00:00,2026-06-08 02:30:00+00:00,continuous,63081.4,63170.5,62881.9,63038.1,102187149.23260017
2026-06-08 02:59:59.934000+00:00,2026-06-08 02:45:00+00:00,continuous,63038.0,63117.2,62912.2,63097.2,47910516.07909991
2026-06-08 03:14:59.411000+00:00,2026-06-08 03:00:00+00:00,continuous,63097.2,63438.2,62944.1,63253.2,125212540.70919982
2026-06-08 03:29:59.634000+00:00,2026-06-08 03:15:00+00:00,continuous,63253.1,63338.1,63117.3,63121.9,56180810.29109992
2026-06-08 03:44:59.899000+00:00,2026-06-08 03:30:00+00:00,continuous,63121.9,63205.4,63039.7,63120.1,46743686.97930021
2026-06-08 03:59:59.865000+00:00,2026-06-08 03:45:00+00:00,continuous,63120.0,63157.7,63046.4,63101.6,37955776.62079985
2026-06-08 04:14:59.932000+00:00,2026-06-08 04:00:00+00:00,continuous,63101.6,63150.0,62771.9,62981.5,96391300.54259925
2026-06-08 04:29:59.884000+00:00,2026-06-08 04:15:00+00:00,continuous,62981.5,63017.8,62809.1,62909.9,60205427.87190012
2026-06-08 04:44:59.926000+00:00,2026-06-08 04:30:00+00:00,continuous,62910.0,62962.5,62616.9,62676.8,110125767.01799946
2026-06-08 04:59:59.994000+00:00,2026-06-08 04:45:00+00:00,continuous,62676.7,62875.6,62637.4,62654.7,103600776.47219998
2026-06-08 05:14:59.954000+00:00,2026-06-08 05:00:00+00:00,continuous,62654.7,62800.0,62514.6,62550.6,116175647.7839002
2026-06-08 05:29:59.963000+00:00,2026-06-08 05:15:00+00:00,continuous,62550.7,62719.8,62460.0,62702.9,130314395.91669983
2026-06-08 05:44:59.744000+00:00,2026-06-08 05:30:00+00:00,continuous,62703.0,62714.9,62377.0,62446.7,113242209.67289935
2026-06-08 05:59:59.872000+00:00,2026-06-08 05:45:00+00:00,continuous,62446.7,62758.7,62426.1,62740.8,98661615.24699979
2026-06-08 06:14:59.821000+00:00,2026-06-08 06:00:00+00:00,continuous,62740.8,62952.8,62702.0,62915.0,112469904.33410034
2026-06-08 06:29:59.899000+00:00,2026-06-08 06:15:00+00:00,continuous,62915.0,63119.7,62850.0,63040.1,114985271.1751003
2026-06-08 06:44:59.866000+00:00,2026-06-08 06:30:00+00:00,continuous,63040.1,63073.6,62868.7,63002.9,86647455.8129998
2026-06-08 06:59:59.970000+00:00,2026-06-08 06:45:00+00:00,continuous,63003.0,63015.9,62900.0,62958.8,43232131.7912
2026-06-08 07:14:59.968000+00:00,2026-06-08 07:00:00+00:00,continuous,62958.9,63178.0,62779.0,63058.6,101603067.80779962
2026-06-08 07:29:59.879000+00:00,2026-06-08 07:15:00+00:00,continuous,63058.6,63223.1,62944.5,63152.0,87983244.99719965
2026-06-08 07:44:59.868000+00:00,2026-06-08 07:30:00+00:00,continuous,63152.1,63248.6,63052.1,63084.6,89917649.15159959
2026-06-08 07:59:59.192000+00:00,2026-06-08 07:45:00+00:00,continuous,63084.5,63320.9,63072.6,63259.9,92319924.5009003
2026-06-08 08:14:59.540000+00:00,2026-06-08 08:00:00+00:00,continuous,63259.9,63259.9,63032.3,63159.8,78916763.51639983
2026-06-08 08:29:59.981000+00:00,2026-06-08 08:15:00+00:00,continuous,63159.8,63194.8,62955.7,63082.0,71974950.23129988
2026-06-08 08:44:59.907000+00:00,2026-06-08 08:30:00+00:00,continuous,63082.1,63173.6,63009.6,63136.6,33072760.53319995
2026-06-08 08:59:59.490000+00:00,2026-06-08 08:45:00+00:00,continuous,63136.7,63159.2,63000.0,63100.8,41683844.93080003
2026-06-08 09:14:59.829000+00:00,2026-06-08 09:00:00+00:00,continuous,63100.9,63320.0,63093.5,63306.4,92862924.33270006
2026-06-08 09:29:59.326000+00:00,2026-06-08 09:15:00+00:00,continuous,63306.4,63554.7,63259.9,63355.1,164206375.9237012
2026-06-08 09:44:59.992000+00:00,2026-06-08 09:30:00+00:00,continuous,63355.1,63390.0,63129.1,63332.9,136046830.96459818
2026-06-08 09:59:59.427000+00:00,2026-06-08 09:45:00+00:00,continuous,63333.0,63473.8,63299.8,63469.9,77189673.36130044
2026-06-08 10:14:59.722000+00:00,2026-06-08 10:00:00+00:00,continuous,63469.9,63525.0,63319.4,63356.8,88036081.18380018
2026-06-08 10:29:59.386000+00:00,2026-06-08 10:15:00+00:00,continuous,63356.8,63356.8,63071.4,63121.5,104620422.88440017
2026-06-08 10:44:59.801000+00:00,2026-06-08 10:30:00+00:00,continuous,63121.4,63396.0,63099.3,63180.7,113412451.78889962
2026-06-08 10:59:59.662000+00:00,2026-06-08 10:45:00+00:00,continuous,63180.7,63207.8,63053.4,63131.5,85324614.15499999
2026-06-08 11:14:59.878000+00:00,2026-06-08 11:00:00+00:00,continuous,63131.4,63448.5,63020.0,63410.9,132761323.25480007
2026-06-08 11:29:59.899000+00:00,2026-06-08 11:15:00+00:00,continuous,63410.9,63648.5,63335.7,63582.3,219228853.36659977
2026-06-08 11:44:59.792000+00:00,2026-06-08 11:30:00+00:00,continuous,63582.3,63861.3,63503.4,63598.5,220561515.19899967
2026-06-08 11:59:59.710000+00:00,2026-06-08 11:45:00+00:00,continuous,63598.4,63636.5,63380.5,63450.1,129073673.30119996
2026-06-08 12:14:59.974000+00:00,2026-06-08 12:00:00+00:00,continuous,63450.1,63631.3,62658.4,62683.9,660097949.0747056
2026-06-08 12:29:59.995000+00:00,2026-06-08 12:15:00+00:00,continuous,62683.8,63072.8,62675.6,63068.0,199915405.17980018
2026-06-08 12:44:59.991000+00:00,2026-06-08 12:30:00+00:00,continuous,63067.9,63640.0,63067.9,63609.8,307161497.44620126
2026-06-08 12:59:59.980000+00:00,2026-06-08 12:45:00+00:00,continuous,63609.7,63948.2,63486.2,63844.5,281575704.3366978
2026-06-08 13:14:59.755000+00:00,2026-06-08 13:00:00+00:00,continuous,63844.6,63920.0,63683.0,63748.6,191411742.82120004
2026-06-08 13:29:59.975000+00:00,2026-06-08 13:15:00+00:00,continuous,63748.6,63903.1,63540.0,63563.0,263209902.82779834
2026-06-08 13:44:59.993000+00:00,2026-06-08 13:30:00+00:00,continuous,63563.1,63749.8,63330.4,63456.4,259994764.67519927
2026-06-08 13:59:59.605000+00:00,2026-06-08 13:45:00+00:00,continuous,63456.8,63850.9,63384.6,63720.6,161839696.8062987
2026-06-08 14:14:59.822000+00:00,2026-06-08 14:00:00+00:00,continuous,63720.5,63877.9,63531.9,63838.3,140556041.6870004
2026-06-08 14:29:59.917000+00:00,2026-06-08 14:15:00+00:00,continuous,63838.2,63855.0,63570.9,63725.1,159813928.67650086
2026-06-08 14:44:59.845000+00:00,2026-06-08 14:30:00+00:00,continuous,63725.1,63914.3,63723.2,63865.7,145086207.39629915
2026-06-08 14:59:59.979000+00:00,2026-06-08 14:45:00+00:00,continuous,63865.7,64075.6,63788.2,63933.7,244590886.00870004
2026-06-08 15:14:59.950000+00:00,2026-06-08 15:00:00+00:00,continuous,63933.6,64178.6,63840.4,64155.4,234453410.99799922
2026-06-08 15:29:59.986000+00:00,2026-06-08 15:15:00+00:00,continuous,64155.3,64179.5,63900.5,63966.1,190652022.7685014
2026-06-08 15:44:59.925000+00:00,2026-06-08 15:30:00+00:00,continuous,63966.0,63981.4,63756.1,63841.4,196507926.91549912
2026-06-08 15:59:59.713000+00:00,2026-06-08 15:45:00+00:00,continuous,63841.3,63996.4,63673.0,63745.4,119487273.06919986
2026-06-08 16:14:59.649000+00:00,2026-06-08 16:00:00+00:00,continuous,63745.3,63908.0,63642.1,63768.7,107029183.43060073
2026-06-08 16:29:59.958000+00:00,2026-06-08 16:15:00+00:00,continuous,63768.8,64029.5,63762.6,63836.8,118796681.72320011
2026-06-08 16:44:59.951000+00:00,2026-06-08 16:30:00+00:00,continuous,63836.8,63850.6,63550.5,63655.1,131164369.34690043
2026-06-08 16:59:59.999000+00:00,2026-06-08 16:45:00+00:00,continuous,63655.1,63667.2,63430.6,63496.8,127482081.51419932
2026-06-08 17:14:59.808000+00:00,2026-06-08 17:00:00+00:00,continuous,63496.8,63558.1,63270.9,63322.9,232685140.12700066
2026-06-08 17:29:59.977000+00:00,2026-06-08 17:15:00+00:00,continuous,63323.0,63620.0,63322.9,63598.7,96221962.59470066
2026-06-08 17:44:59.515000+00:00,2026-06-08 17:30:00+00:00,continuous,63598.6,63598.7,63209.6,63347.2,114550003.95469992
2026-06-08 17:59:59.519000+00:00,2026-06-08 17:45:00+00:00,continuous,63347.2,63525.7,63347.2,63519.2,53824983.18679972
2026-06-08 18:14:59.587000+00:00,2026-06-08 18:00:00+00:00,continuous,63519.1,63614.0,63477.8,63560.8,64272017.161499985
2026-06-08 18:29:59.629000+00:00,2026-06-08 18:15:00+00:00,continuous,63560.8,63628.9,63494.5,63612.8,27629223.36270001
2026-06-08 18:44:59.658000+00:00,2026-06-08 18:30:00+00:00,continuous,63612.7,63659.1,63394.0,63461.7,50765757.86940026
2026-06-08 18:59:59.626000+00:00,2026-06-08 18:45:00+00:00,continuous,63461.6,63490.5,63305.0,63438.0,60810081.4983999
2026-06-08 19:14:58.692000+00:00,2026-06-08 19:00:00+00:00,continuous,63438.0,63529.0,63349.1,63393.4,39597602.00369993
2026-06-08 19:29:59.283000+00:00,2026-06-08 19:15:00+00:00,continuous,63393.4,63541.7,63332.1,63502.3,51004033.99920018
2026-06-08 19:44:59.493000+00:00,2026-06-08 19:30:00+00:00,continuous,63502.4,63572.1,63401.0,63450.1,37715856.35979991
2026-06-08 19:59:59.996000+00:00,2026-06-08 19:45:00+00:00,continuous,63450.1,63523.5,63317.7,63348.2,68553940.97230016
2026-06-08 20:14:59.855000+00:00,2026-06-08 20:00:00+00:00,continuous,63348.3,63406.0,63164.8,63224.3,84355583.14289978
2026-06-08 20:29:59.567000+00:00,2026-06-08 20:15:00+00:00,continuous,63224.4,63290.3,63120.4,63150.9,129519189.00049965
2026-06-08 20:44:59.809000+00:00,2026-06-08 20:30:00+00:00,continuous,63150.9,63388.0,63149.8,63355.2,46989037.1606001
2026-06-08 20:59:59.963000+00:00,2026-06-08 20:45:00+00:00,continuous,63355.1,63459.3,63334.6,63459.1,28004278.948000062
2026-06-08 21:14:59.584000+00:00,2026-06-08 21:00:00+00:00,continuous,63459.2,63773.4,63455.1,63691.7,119299781.26239996
2026-06-08 21:29:58.856000+00:00,2026-06-08 21:15:00+00:00,continuous,63691.7,63744.5,63583.7,63685.6,48914947.31609996
2026-06-08 21:44:59.820000+00:00,2026-06-08 21:30:00+00:00,continuous,63685.6,63832.5,63600.0,63801.7,54198371.570600145
2026-06-08 21:59:59.836000+00:00,2026-06-08 21:45:00+00:00,continuous,63801.6,63808.2,63690.7,63690.8,34004277.77269997
2026-06-08 22:14:59.667000+00:00,2026-06-08 22:00:00+00:00,continuous,63690.7,63690.7,63250.0,63257.0,152175751.84800044
2026-06-08 22:29:59.986000+00:00,2026-06-08 22:15:00+00:00,continuous,63257.0,63418.4,63171.2,63328.9,116020272.03400058
2026-06-08 22:44:59.715000+00:00,2026-06-08 22:30:00+00:00,continuous,63328.9,63359.3,63205.6,63265.9,58087154.84180031
2026-06-08 22:59:59.974000+00:00,2026-06-08 22:45:00+00:00,continuous,63265.9,63430.1,63192.7,63407.5,55822872.28890029
2026-06-08 23:14:59.913000+00:00,2026-06-08 23:00:00+00:00,continuous,63407.6,63555.9,63366.0,63551.8,56594972.5773999
2026-06-08 23:29:59.690000+00:00,2026-06-08 23:15:00+00:00,continuous,63551.7,63567.6,63040.9,63116.1,110707675.35370055
2026-06-08 23:44:59.869000+00:00,2026-06-08 23:30:00+00:00,continuous,63116.1,63170.2,62979.7,63107.0,84997600.23179998
2026-06-08 23:59:59.755000+00:00,2026-06-08 23:45:00+00:00,continuous,63106.9,63106.9,62939.7,63057.9,88535234.79069982
2026-06-09 00:14:59.694000+00:00,2026-06-09 00:00:00+00:00,continuous,63057.9,63126.5,62962.1,62974.7,76040557.38439985
2026-06-09 00:29:59.911000+00:00,2026-06-09 00:15:00+00:00,continuous,62974.7,63157.3,62638.4,62698.3,353146975.9747996
2026-06-09 00:44:59.969000+00:00,2026-06-09 00:30:00+00:00,continuous,62698.3,62742.7,62525.0,62677.5,255675556.99259904
2026-06-09 00:59:59.792000+00:00,2026-06-09 00:45:00+00:00,continuous,62677.6,62677.6,62381.2,62522.6,314685257.5209985
2026-06-09 01:14:59.876000+00:00,2026-06-09 01:00:00+00:00,continuous,62522.6,62698.4,62513.0,62626.8,151041012.0313016
2026-06-09 01:29:59.916000+00:00,2026-06-09 01:15:00+00:00,continuous,62626.7,62836.0,62586.8,62750.0,114576857.28650074
2026-06-09 01:44:59.722000+00:00,2026-06-09 01:30:00+00:00,continuous,62750.1,62846.6,62626.6,62677.8,75004026.65400027
2026-06-09 01:59:59.908000+00:00,2026-06-09 01:45:00+00:00,continuous,62677.8,62827.3,62667.5,62732.9,37906113.921899945
2026-06-09 02:14:59.995000+00:00,2026-06-09 02:00:00+00:00,continuous,62732.8,62837.3,62696.8,62706.5,48537072.09929977
2026-06-09 02:29:59.503000+00:00,2026-06-09 02:15:00+00:00,continuous,62706.5,62754.3,62541.8,62751.7,107457627.42170043
2026-06-09 02:44:59.829000+00:00,2026-06-09 02:30:00+00:00,continuous,62751.7,62806.3,62506.8,62629.3,69603813.17549965
2026-06-09 02:59:59.929000+00:00,2026-06-09 02:45:00+00:00,continuous,62629.2,62849.5,62619.2,62840.0,55517849.06449971
2026-06-09 03:14:59.531000+00:00,2026-06-09 03:00:00+00:00,continuous,62839.9,62914.2,62776.5,62879.5,79027368.6553001
2026-06-09 03:29:59.789000+00:00,2026-06-09 03:15:00+00:00,continuous,62879.5,62945.8,62739.2,62770.8,76925963.33929998
2026-06-09 03:44:59.673000+00:00,2026-06-09 03:30:00+00:00,continuous,62770.7,62830.7,62664.3,62791.7,45314955.91959984
2026-06-09 03:59:59.863000+00:00,2026-06-09 03:45:00+00:00,continuous,62791.7,62864.6,62710.0,62841.0,40428207.89560007
2026-06-09 04:14:59.991000+00:00,2026-06-09 04:00:00+00:00,continuous,62841.1,62968.4,62715.4,62876.0,70451234.49600035
2026-06-09 04:29:58.504000+00:00,2026-06-09 04:15:00+00:00,continuous,62875.9,62884.0,62760.2,62760.3,32927342.724499997
2026-06-09 04:44:59.997000+00:00,2026-06-09 04:30:00+00:00,continuous,62760.2,63371.2,62731.1,63213.5,337483086.0132012
2026-06-09 04:59:59.825000+00:00,2026-06-09 04:45:00+00:00,continuous,63213.6,63402.0,63183.7,63213.7,159394216.29499954
2026-06-09 05:14:59.976000+00:00,2026-06-09 05:00:00+00:00,continuous,63213.8,63285.6,63088.0,63223.8,89518157.06290026
2026-06-09 05:29:59.413000+00:00,2026-06-09 05:15:00+00:00,continuous,63223.7,63335.7,63223.7,63285.0,62698796.99480001
2026-06-09 05:44:59.950000+00:00,2026-06-09 05:30:00+00:00,continuous,63285.1,63499.9,63277.0,63347.9,115726067.15149966
2026-06-09 05:59:59.770000+00:00,2026-06-09 05:45:00+00:00,continuous,63348.0,63434.6,63282.3,63318.5,88621897.70740023
2026-06-09 06:14:59.938000+00:00,2026-06-09 06:00:00+00:00,continuous,63318.5,63400.8,63250.4,63348.3,82249125.6267998
2026-06-09 06:29:59.970000+00:00,2026-06-09 06:15:00+00:00,continuous,63348.2,63487.1,63319.0,63409.9,68495238.13709977
2026-06-09 06:44:59.812000+00:00,2026-06-09 06:30:00+00:00,continuous,63409.8,63444.5,63296.2,63326.7,77832404.6989002
2026-06-09 06:59:59.984000+00:00,2026-06-09 06:45:00+00:00,continuous,63326.8,63390.8,63202.6,63279.4,74906172.97299959
2026-06-09 07:14:59.882000+00:00,2026-06-09 07:00:00+00:00,continuous,63279.5,63424.0,63270.1,63271.7,47716784.20909999
2026-06-09 07:29:59.993000+00:00,2026-06-09 07:15:00+00:00,continuous,63271.7,63344.0,62970.6,62999.9,194068323.0712009
2026-06-09 07:44:59.935000+00:00,2026-06-09 07:30:00+00:00,continuous,62999.9,63179.7,62999.9,63161.2,93100513.99479996
2026-06-09 07:59:59.594000+00:00,2026-06-09 07:45:00+00:00,continuous,63161.3,63188.8,63087.0,63170.8,44898266.36630012
2026-06-09 08:14:59.975000+00:00,2026-06-09 08:00:00+00:00,continuous,63170.9,63183.0,62646.0,62893.9,311668798.8696001
2026-06-09 08:29:59.965000+00:00,2026-06-09 08:15:00+00:00,continuous,62893.9,62954.8,62840.1,62840.1,60963320.450900316
2026-06-09 08:44:59.963000+00:00,2026-06-09 08:30:00+00:00,continuous,62840.0,62985.7,62768.8,62949.2,62006320.83910028
2026-06-09 08:59:59.880000+00:00,2026-06-09 08:45:00+00:00,continuous,62949.2,62976.2,62800.0,62816.9,85075615.4687002
2026-06-09 09:14:59.810000+00:00,2026-06-09 09:00:00+00:00,continuous,62817.0,62863.2,62666.5,62829.8,74745234.90789984
2026-06-09 09:29:59.960000+00:00,2026-06-09 09:15:00+00:00,continuous,62829.8,62923.7,62781.8,62781.8,80390007.18719971
2026-06-09 09:44:59.990000+00:00,2026-06-09 09:30:00+00:00,continuous,62781.7,62781.8,62555.5,62643.4,142181712.5970005
2026-06-09 09:59:59.413000+00:00,2026-06-09 09:45:00+00:00,continuous,62643.4,62695.5,62611.8,62682.5,46559115.906100184
2026-06-09 10:14:59.962000+00:00,2026-06-09 10:00:00+00:00,continuous,62682.6,62768.6,62560.9,62745.6,100709153.1011007
2026-06-09 10:29:59.926000+00:00,2026-06-09 10:15:00+00:00,continuous,62745.4,62745.9,62665.2,62706.7,32833419.88759999
2026-06-09 10:44:59.699000+00:00,2026-06-09 10:30:00+00:00,continuous,62706.8,62728.8,62602.0,62669.3,29292006.486799993
2026-06-09 10:59:59.665000+00:00,2026-06-09 10:45:00+00:00,continuous,62669.0,62802.7,62613.3,62750.0,88932594.5283003
2026-06-09 11:14:59.882000+00:00,2026-06-09 11:00:00+00:00,continuous,62750.0,62786.9,62457.5,62493.9,139160513.55709985
2026-06-09 11:29:58.925000+00:00,2026-06-09 11:15:00+00:00,continuous,62493.9,62609.4,62460.7,62562.8,91964767.82549955
2026-06-09 11:44:59.928000+00:00,2026-06-09 11:30:00+00:00,continuous,62562.9,62640.9,62489.0,62596.1,55926040.245400086
2026-06-09 11:59:59.991000+00:00,2026-06-09 11:45:00+00:00,continuous,62596.0,62700.8,62536.4,62679.4,138966498.33339995
2026-06-09 12:14:59.841000+00:00,2026-06-09 12:00:00+00:00,continuous,62679.5,62868.2,62658.4,62803.4,141045643.58759955
2026-06-09 12:29:59.866000+00:00,2026-06-09 12:15:00+00:00,continuous,62803.4,62818.0,62607.8,62622.1,54575220.88729987
2026-06-09 12:44:59.734000+00:00,2026-06-09 12:30:00+00:00,continuous,62622.1,62644.8,62481.3,62486.7,91093826.6643999
2026-06-09 12:59:59.660000+00:00,2026-06-09 12:45:00+00:00,continuous,62486.7,62645.2,62404.0,62611.6,95139991.05119985
2026-06-09 13:14:59.780000+00:00,2026-06-09 13:00:00+00:00,continuous,62611.6,62717.7,62511.9,62528.7,73575724.94640034
2026-06-09 13:29:59.869000+00:00,2026-06-09 13:15:00+00:00,continuous,62528.8,62543.4,62234.5,62314.4,268696552.0584988
2026-06-09 13:44:59.901000+00:00,2026-06-09 13:30:00+00:00,continuous,62314.4,62485.2,62125.0,62406.1,320506576.42750096
2026-06-09 13:59:59.979000+00:00,2026-06-09 13:45:00+00:00,continuous,62406.2,62512.9,62235.0,62244.4,181179606.68430167
2026-06-09 14:14:59.944000+00:00,2026-06-09 14:00:00+00:00,continuous,62244.5,62371.6,61900.0,61986.9,401084997.7998035
2026-06-09 14:29:59.923000+00:00,2026-06-09 14:15:00+00:00,continuous,61986.8,62055.7,61517.6,61572.2,627726195.5212905
2026-06-09 14:44:59.995000+00:00,2026-06-09 14:30:00+00:00,continuous,61572.2,61692.6,61284.4,61329.8,581682708.0511047
2026-06-09 14:59:59.984000+00:00,2026-06-09 14:45:00+00:00,continuous,61329.8,61519.9,61075.9,61511.6,583798627.2543957
2026-06-09 15:14:59.924000+00:00,2026-06-09 15:00:00+00:00,continuous,61511.5,61680.9,61300.1,61620.7,306804308.3495019
2026-06-09 15:29:59.989000+00:00,2026-06-09 15:15:00+00:00,continuous,61620.6,61679.9,61269.0,61273.4,193004726.85479948
2026-06-09 15:44:59.743000+00:00,2026-06-09 15:30:00+00:00,continuous,61273.3,61399.6,61176.2,61292.9,228246412.41620073
2026-06-09 15:59:59.996000+00:00,2026-06-09 15:45:00+00:00,continuous,61292.9,61387.8,61001.0,61100.7,287012556.5977998
2026-06-09 16:14:59.765000+00:00,2026-06-09 16:00:00+00:00,continuous,61100.6,61191.2,60908.8,60977.3,409579328.23549813
2026-06-09 16:29:59.519000+00:00,2026-06-09 16:15:00+00:00,continuous,60977.3,61107.2,60827.7,61019.6,326247207.4275995
2026-06-09 16:44:59.967000+00:00,2026-06-09 16:30:00+00:00,continuous,61019.5,61297.1,60755.0,61217.2,554014200.8570946
2026-06-09 16:59:59.975000+00:00,2026-06-09 16:45:00+00:00,continuous,61217.1,61490.0,61136.8,61367.5,353256915.6690965
2026-06-09 17:14:59.983000+00:00,2026-06-09 17:00:00+00:00,continuous,61367.5,61659.3,61367.0,61577.7,321556700.0184051
2026-06-09 17:29:59.979000+00:00,2026-06-09 17:15:00+00:00,continuous,61577.6,61860.0,61550.6,61718.7,248881810.60180077
2026-06-09 17:44:59.900000+00:00,2026-06-09 17:30:00+00:00,continuous,61718.7,61819.7,61657.1,61660.8,97142592.54389958
2026-06-09 17:59:59.649000+00:00,2026-06-09 17:45:00+00:00,continuous,61660.9,61825.0,61568.1,61667.1,111069047.8550992
2026-06-09 18:14:59.921000+00:00,2026-06-09 18:00:00+00:00,continuous,61667.2,61800.0,61580.2,61719.8,93107216.41719986
2026-06-09 18:29:59.765000+00:00,2026-06-09 18:15:00+00:00,continuous,61719.8,61939.0,61627.8,61704.8,116309900.42210042
2026-06-09 18:44:59.911000+00:00,2026-06-09 18:30:00+00:00,continuous,61704.8,61798.4,61563.3,61576.7,75577949.4968998
2026-06-09 18:59:59.262000+00:00,2026-06-09 18:45:00+00:00,continuous,61576.7,61800.0,61576.7,61756.1,63678337.19840022
2026-06-09 19:14:59.770000+00:00,2026-06-09 19:00:00+00:00,continuous,61756.2,61890.0,61702.5,61745.0,68175624.51079978
2026-06-09 19:29:59.763000+00:00,2026-06-09 19:15:00+00:00,continuous,61745.0,61887.3,61685.0,61844.2,49597847.19330008
2026-06-09 19:44:58.443000+00:00,2026-06-09 19:30:00+00:00,continuous,61844.2,62028.2,61730.7,61852.3,127572601.77480103
2026-06-09 19:59:59.916000+00:00,2026-06-09 19:45:00+00:00,continuous,61852.4,62079.5,61731.5,62068.8,128022371.78550054
2026-06-09 20:14:59.852000+00:00,2026-06-09 20:00:00+00:00,continuous,62068.9,62187.9,61920.9,62186.8,128470851.4573004
2026-06-09 20:29:59.746000+00:00,2026-06-09 20:15:00+00:00,continuous,62186.8,62253.2,61970.4,62061.7,98294792.7256004
2026-06-09 20:44:59.633000+00:00,2026-06-09 20:30:00+00:00,continuous,62061.7,62155.4,61950.0,62099.7,38011720.45120008
2026-06-09 20:59:59.871000+00:00,2026-06-09 20:45:00+00:00,continuous,62099.7,62132.3,62015.0,62132.3,27180584.834300052
2026-06-09 21:14:59.741000+00:00,2026-06-09 21:00:00+00:00,continuous,62132.3,62149.8,62007.9,62109.3,79913908.22329992
2026-06-09 21:29:59.537000+00:00,2026-06-09 21:15:00+00:00,continuous,62109.3,62117.7,61738.1,61777.0,159230910.57070044
2026-06-09 21:44:59.307000+00:00,2026-06-09 21:30:00+00:00,continuous,61776.9,61880.9,61737.6,61767.0,67417092.02740006
2026-06-09 21:59:59.804000+00:00,2026-06-09 21:45:00+00:00,continuous,61767.0,61809.7,61660.0,61732.2,58734224.38699986
2026-06-09 22:14:59.693000+00:00,2026-06-09 22:00:00+00:00,continuous,61732.5,61823.3,61630.2,61803.8,49400449.193399936
2026-06-09 22:29:59.543000+00:00,2026-06-09 22:15:00+00:00,continuous,61803.8,61918.0,61753.1,61786.6,42410082.91370005
2026-06-09 22:44:58.429000+00:00,2026-06-09 22:30:00+00:00,continuous,61786.7,61945.4,61747.5,61822.3,46882356.96200021
2026-06-09 22:59:59.780000+00:00,2026-06-09 22:45:00+00:00,continuous,61822.2,61850.0,61637.8,61688.0,62037350.70300009
2026-06-09 23:14:59.903000+00:00,2026-06-09 23:00:00+00:00,continuous,61687.9,61769.8,61613.0,61713.9,57355736.9217002
2026-06-09 23:29:59.691000+00:00,2026-06-09 23:15:00+00:00,continuous,61713.9,61850.0,61640.3,61657.6,50383088.527299926
2026-06-09 23:44:59.662000+00:00,2026-06-09 23:30:00+00:00,continuous,61657.6,61700.0,61519.0,61607.3,78833301.56800023
2026-06-09 23:59:59.904000+00:00,2026-06-09 23:45:00+00:00,continuous,61607.4,61722.0,61555.2,61695.0,40893053.138599955
2026-06-10 00:14:59.991000+00:00,2026-06-10 00:00:00+00:00,continuous,61694.9,61864.0,61664.3,61803.7,66312231.4577998
2026-06-10 00:29:59.602000+00:00,2026-06-10 00:15:00+00:00,continuous,61803.8,61840.0,61690.6,61819.9,33883115.89340004
2026-06-10 00:44:59.910000+00:00,2026-06-10 00:30:00+00:00,continuous,61820.0,61843.1,61404.6,61491.3,114048342.4539997
2026-06-10 00:59:59.922000+00:00,2026-06-10 00:45:00+00:00,continuous,61491.4,61908.9,61465.4,61886.5,98255587.68619974
2026-06-10 01:14:59.172000+00:00,2026-06-10 01:00:00+00:00,continuous,61886.5,61947.4,61638.8,61797.4,90452775.3760999
2026-06-10 01:29:59.587000+00:00,2026-06-10 01:15:00+00:00,continuous,61797.3,61860.0,61710.2,61799.7,65889051.59299971
2026-06-10 01:44:59.786000+00:00,2026-06-10 01:30:00+00:00,continuous,61799.6,61861.4,61544.2,61604.9,61644449.2701999
2026-06-10 01:59:59.879000+00:00,2026-06-10 01:45:00+00:00,continuous,61604.8,61816.7,61580.0,61680.7,44628119.31269987
2026-06-10 02:14:59.956000+00:00,2026-06-10 02:00:00+00:00,continuous,61680.7,61807.9,61510.0,61526.7,79358207.0510002
2026-06-10 02:29:59.693000+00:00,2026-06-10 02:15:00+00:00,continuous,61527.0,61544.4,61305.5,61466.0,127581590.86949965
2026-06-10 02:44:59.921000+00:00,2026-06-10 02:30:00+00:00,continuous,61466.0,61522.3,61262.0,61342.2,100678892.42759918
2026-06-10 02:59:59.825000+00:00,2026-06-10 02:45:00+00:00,continuous,61342.1,61354.0,61201.0,61271.3,87225752.0875997
2026-06-10 03:14:59.998000+00:00,2026-06-10 03:00:00+00:00,continuous,61271.4,61452.5,61250.0,61402.0,54253939.64899978
2026-06-10 03:29:59.839000+00:00,2026-06-10 03:15:00+00:00,continuous,61402.0,61571.1,61306.0,61540.0,64739793.63760031
2026-06-10 03:44:59.951000+00:00,2026-06-10 03:30:00+00:00,continuous,61540.0,61540.0,61405.7,61496.1,53279040.58260034
2026-06-10 03:59:59.721000+00:00,2026-06-10 03:45:00+00:00,continuous,61496.2,61559.7,61454.7,61518.2,41091465.4754001
2026-06-10 04:14:59.770000+00:00,2026-06-10 04:00:00+00:00,continuous,61518.3,61535.0,61406.0,61473.6,39388545.11050007
2026-06-10 04:29:59.954000+00:00,2026-06-10 04:15:00+00:00,continuous,61473.7,61520.0,61422.0,61440.8,25479673.900999997
2026-06-10 04:44:59.694000+00:00,2026-06-10 04:30:00+00:00,continuous,61440.7,61440.7,61153.5,61200.0,123382762.43510057
2026-06-10 04:59:59.562000+00:00,2026-06-10 04:45:00+00:00,continuous,61199.9,61344.0,61160.0,61269.6,64171541.24899983
2026-06-10 05:14:59.931000+00:00,2026-06-10 05:00:00+00:00,continuous,61269.6,61295.1,61099.0,61144.9,72441329.85530065
2026-06-10 05:29:59.674000+00:00,2026-06-10 05:15:00+00:00,continuous,61145.0,61237.0,61045.7,61237.0,93256981.91309959
2026-06-10 05:44:59.608000+00:00,2026-06-10 05:30:00+00:00,continuous,61236.9,61303.8,61156.0,61250.0,39019054.23790002
2026-06-10 05:59:59.547000+00:00,2026-06-10 05:45:00+00:00,continuous,61249.9,61368.0,61180.0,61321.6,49811457.97920018
2026-06-10 06:14:59.639000+00:00,2026-06-10 06:00:00+00:00,continuous,61321.6,61399.0,61255.5,61364.3,41111480.19249995
2026-06-10 06:29:59.706000+00:00,2026-06-10 06:15:00+00:00,continuous,61364.4,61459.4,61287.2,61317.1,97437654.9062997
2026-06-10 06:44:59.728000+00:00,2026-06-10 06:30:00+00:00,continuous,61317.1,61432.3,61108.8,61403.6,94170636.51809944
2026-06-10 06:59:59.614000+00:00,2026-06-10 06:45:00+00:00,continuous,61403.7,61493.0,61388.9,61436.5,65044476.132999785
2026-06-10 07:14:59.910000+00:00,2026-06-10 07:00:00+00:00,continuous,61436.4,61568.4,61400.7,61539.7,83976211.56020024
2026-06-10 07:29:59.930000+00:00,2026-06-10 07:15:00+00:00,continuous,61539.7,61688.0,61523.1,61614.8,113144105.48509994
2026-06-10 07:44:59.570000+00:00,2026-06-10 07:30:00+00:00,continuous,61614.8,61783.4,61528.5,61723.9,105085708.33410092
2026-06-10 07:59:59.848000+00:00,2026-06-10 07:45:00+00:00,continuous,61724.0,61748.9,61622.9,61654.3,86901022.27949984
2026-06-10 08:14:59.481000+00:00,2026-06-10 08:00:00+00:00,continuous,61654.3,61680.0,61503.8,61582.3,75763544.93860017
2026-06-10 08:29:59.882000+00:00,2026-06-10 08:15:00+00:00,continuous,61582.4,61707.6,61450.0,61508.0,60398342.34580043
2026-06-10 08:44:59.887000+00:00,2026-06-10 08:30:00+00:00,continuous,61507.9,61575.6,61206.8,61207.9,162033672.1450001
2026-06-10 08:59:59.975000+00:00,2026-06-10 08:45:00+00:00,continuous,61207.9,61300.0,61128.7,61228.7,162704874.11409888
2026-06-10 09:14:59.896000+00:00,2026-06-10 09:00:00+00:00,continuous,61228.8,61288.0,61020.5,61032.4,114246544.54789963
2026-06-10 09:29:59.970000+00:00,2026-06-10 09:15:00+00:00,continuous,61032.5,61216.9,60691.9,61176.6,387093802.0355971
2026-06-10 09:44:59.908000+00:00,2026-06-10 09:30:00+00:00,continuous,61176.7,61396.4,61150.6,61234.3,153607987.21080053
2026-06-10 09:59:59.523000+00:00,2026-06-10 09:45:00+00:00,continuous,61234.3,61376.9,61121.2,61302.7,77911891.85709961
2026-06-10 10:14:59.707000+00:00,2026-06-10 10:00:00+00:00,continuous,61303.2,61321.1,61133.1,61205.4,72969682.06339973
2026-06-10 10:29:59.580000+00:00,2026-06-10 10:15:00+00:00,continuous,61205.4,61333.2,61113.2,61301.5,68527269.58530012
2026-06-10 10:44:59.868000+00:00,2026-06-10 10:30:00+00:00,continuous,61301.5,61426.7,61230.2,61281.9,69364300.42809956
2026-06-10 10:59:59.903000+00:00,2026-06-10 10:45:00+00:00,continuous,61281.8,61383.9,61250.0,61350.1,34782258.75309993
2026-06-10 11:14:59.919000+00:00,2026-06-10 11:00:00+00:00,continuous,61350.1,61406.0,60824.5,61138.1,291812639.4244998
2026-06-10 11:29:59.599000+00:00,2026-06-10 11:15:00+00:00,continuous,61138.1,61228.7,60845.3,60936.2,135766755.0387993
2026-06-10 11:44:59.340000+00:00,2026-06-10 11:30:00+00:00,continuous,60936.2,61033.4,60891.5,60990.6,94473344.39260039
2026-06-10 11:59:59.048000+00:00,2026-06-10 11:45:00+00:00,continuous,60990.5,61087.7,60943.0,61003.1,61844727.70599993
2026-06-10 12:14:59.979000+00:00,2026-06-10 12:00:00+00:00,continuous,61003.1,61195.2,60930.0,61161.0,93774577.28039992
2026-06-10 12:29:59.854000+00:00,2026-06-10 12:15:00+00:00,continuous,61161.1,61219.2,61010.8,61134.7,82403206.70280042
2026-06-10 12:44:59.960000+00:00,2026-06-10 12:30:00+00:00,continuous,61134.8,61918.0,61101.6,61660.0,712266584.5704954
2026-06-10 12:59:59.961000+00:00,2026-06-10 12:45:00+00:00,continuous,61660.0,61770.4,61531.7,61531.7,168875626.02560005
2026-06-10 13:14:59.708000+00:00,2026-06-10 13:00:00+00:00,continuous,61531.8,61597.4,61468.6,61501.3,100740109.07920012
2026-06-10 13:29:59.874000+00:00,2026-06-10 13:15:00+00:00,continuous,61501.3,61561.0,61406.8,61531.1,88885795.52019992
2026-06-10 13:44:59.901000+00:00,2026-06-10 13:30:00+00:00,continuous,61531.1,62357.4,61474.7,62357.4,607192968.8568043
2026-06-10 13:59:59.801000+00:00,2026-06-10 13:45:00+00:00,continuous,62357.4,62445.0,62037.0,62123.9,361732995.8065016
2026-06-10 14:14:59.991000+00:00,2026-06-10 14:00:00+00:00,continuous,62123.9,62230.0,61960.5,61975.1,205806452.42640057
2026-06-10 14:29:59.735000+00:00,2026-06-10 14:15:00+00:00,continuous,61975.2,62142.9,61830.0,62020.0,192346282.8692997
2026-06-10 14:44:59.891000+00:00,2026-06-10 14:30:00+00:00,continuous,62020.0,62089.4,61782.0,61915.0,133490729.42489998
2026-06-10 14:59:59.948000+00:00,2026-06-10 14:45:00+00:00,continuous,61915.0,62174.4,61785.5,62170.8,188171290.28390026
2026-06-10 15:14:59.945000+00:00,2026-06-10 15:00:00+00:00,continuous,62170.9,62399.9,61834.8,61908.0,252807558.80470258
2026-06-10 15:29:59.944000+00:00,2026-06-10 15:15:00+00:00,continuous,61908.1,62331.0,61814.0,62229.7,198471692.77430084
2026-06-10 15:44:59.899000+00:00,2026-06-10 15:30:00+00:00,continuous,62229.7,62397.0,62157.4,62363.6,156172682.4739005
2026-06-10 15:59:59.849000+00:00,2026-06-10 15:45:00+00:00,continuous,62363.7,62840.2,62085.7,62604.8,568527276.1305945
2026-06-10 16:14:59.940000+00:00,2026-06-10 16:00:00+00:00,continuous,62604.7,62617.1,62288.6,62309.9,171615994.78149953
2026-06-10 16:29:59.969000+00:00,2026-06-10 16:15:00+00:00,continuous,62309.9,62418.7,62076.0,62252.8,127018507.17760111
2026-06-10 16:44:59.922000+00:00,2026-06-10 16:30:00+00:00,continuous,62252.8,62384.9,62123.9,62192.4,85376156.56009996
2026-06-10 16:59:59.857000+00:00,2026-06-10 16:45:00+00:00,continuous,62192.4,62197.7,61891.2,62194.5,219188182.7462977
2026-06-10 17:14:59.880000+00:00,2026-06-10 17:00:00+00:00,continuous,62194.6,62330.3,61975.7,62063.8,127015886.26080036
2026-06-10 17:29:59.980000+00:00,2026-06-10 17:15:00+00:00,continuous,62063.8,62169.5,61853.4,61871.3,114227863.48880035
2026-06-10 17:44:59.858000+00:00,2026-06-10 17:30:00+00:00,continuous,61871.4,61897.3,61616.0,61719.4,311934989.04290205
2026-06-10 17:59:59.884000+00:00,2026-06-10 17:45:00+00:00,continuous,61719.5,62015.8,61690.5,61944.5,137662159.36300018
2026-06-10 18:14:59.736000+00:00,2026-06-10 18:00:00+00:00,continuous,61944.4,62137.3,61885.5,61930.2,94135397.60079995
2026-06-10 18:29:59.715000+00:00,2026-06-10 18:15:00+00:00,continuous,61930.3,61993.8,61808.0,61992.3,61844795.3672998
2026-06-10 18:44:59.768000+00:00,2026-06-10 18:30:00+00:00,continuous,61992.2,61992.3,61712.3,61750.5,80202938.84869944
2026-06-10 18:59:59.815000+00:00,2026-06-10 18:45:00+00:00,continuous,61750.6,61869.6,61552.0,61856.0,146089517.50579876
2026-06-10 19:14:59.871000+00:00,2026-06-10 19:00:00+00:00,continuous,61856.0,61910.0,61703.6,61718.0,61990456.92730025
2026-06-10 19:29:59.997000+00:00,2026-06-10 19:15:00+00:00,continuous,61718.0,61807.9,61641.4,61760.1,57376568.66929973
2026-06-10 19:44:59.460000+00:00,2026-06-10 19:30:00+00:00,continuous,61760.0,62038.0,61756.1,61988.4,72683498.17320016
2026-06-10 19:59:59.941000+00:00,2026-06-10 19:45:00+00:00,continuous,61988.3,62016.6,61815.8,61908.7,89141285.9414008
2026-06-10 20:14:59.700000+00:00,2026-06-10 20:00:00+00:00,continuous,61908.7,61921.2,61644.4,61781.1,76262053.60780004
2026-06-10 20:29:59.823000+00:00,2026-06-10 20:15:00+00:00,continuous,61781.2,61918.4,61707.4,61881.4,43256858.232800335
2026-06-10 20:44:59.662000+00:00,2026-06-10 20:30:00+00:00,continuous,61881.3,61899.5,61775.0,61775.0,39424883.180899955
2026-06-10 20:59:59.146000+00:00,2026-06-10 20:45:00+00:00,continuous,61775.0,61809.8,61673.9,61770.1,38512120.96239986
2026-06-10 21:14:59.976000+00:00,2026-06-10 21:00:00+00:00,continuous,61770.1,61773.1,61468.0,61519.2,119265225.7359996
2026-06-10 21:29:59.874000+00:00,2026-06-10 21:15:00+00:00,continuous,61519.3,61665.8,61501.0,61547.0,62170670.4042001
2026-06-10 21:44:59.881000+00:00,2026-06-10 21:30:00+00:00,continuous,61547.0,61697.7,61541.3,61653.9,45250301.24360014
2026-06-10 21:59:59.811000+00:00,2026-06-10 21:45:00+00:00,continuous,61653.9,61665.9,61150.1,61327.3,257872948.20819858
2026-06-10 22:14:59.850000+00:00,2026-06-10 22:00:00+00:00,continuous,61327.4,61336.3,61140.0,61216.9,109185144.45599987
2026-06-10 22:29:59.661000+00:00,2026-06-10 22:15:00+00:00,continuous,61216.9,61314.7,61068.6,61225.1,172582906.96669966
2026-06-10 22:44:59.944000+00:00,2026-06-10 22:30:00+00:00,continuous,61225.0,61547.9,61214.3,61536.2,132087473.64089902
2026-06-10 22:59:59.911000+00:00,2026-06-10 22:45:00+00:00,continuous,61536.1,61536.2,61334.8,61353.2,54166287.37450023
2026-06-10 23:14:59.017000+00:00,2026-06-10 23:00:00+00:00,continuous,61353.1,61353.1,61162.6,61180.6,69657750.44199963
2026-06-10 23:29:59.915000+00:00,2026-06-10 23:15:00+00:00,continuous,61180.6,61556.6,61135.8,61524.4,118479175.45060027
2026-06-10 23:44:59.490000+00:00,2026-06-10 23:30:00+00:00,continuous,61524.3,61582.1,61438.8,61517.3,57243358.45689954
2026-06-10 23:59:59.902000+00:00,2026-06-10 23:45:00+00:00,continuous,61517.3,61569.1,61447.3,61483.7,39586054.46599999
2026-06-11 00:14:59.156000+00:00,2026-06-11 00:00:00+00:00,continuous,61483.6,61672.2,61483.6,61654.7,86041173.97309999
2026-06-11 00:29:59.937000+00:00,2026-06-11 00:15:00+00:00,continuous,61654.6,61955.8,61654.6,61860.5,223994887.12290254
2026-06-11 00:44:59.620000+00:00,2026-06-11 00:30:00+00:00,continuous,61860.5,61872.0,61740.9,61756.2,57169524.673500024
2026-06-11 00:59:59.906000+00:00,2026-06-11 00:45:00+00:00,continuous,61756.2,61906.4,61756.2,61794.6,42377538.86309996
2026-06-11 01:14:59.894000+00:00,2026-06-11 01:00:00+00:00,continuous,61794.6,62089.2,61793.5,62012.0,92909543.34350029
2026-06-11 01:29:59.937000+00:00,2026-06-11 01:15:00+00:00,continuous,62012.0,62212.0,61985.0,62149.9,132650417.05089979
2026-06-11 01:44:59.808000+00:00,2026-06-11 01:30:00+00:00,continuous,62149.8,62350.0,62066.0,62227.9,104335446.28800027
2026-06-11 01:59:59.979000+00:00,2026-06-11 01:45:00+00:00,continuous,62228.0,62270.5,62141.1,62180.3,65275659.9942
2026-06-11 02:14:59.883000+00:00,2026-06-11 02:00:00+00:00,continuous,62180.4,62253.8,62080.0,62148.2,73238685.49070008
2026-06-11 02:29:59.995000+00:00,2026-06-11 02:15:00+00:00,continuous,62148.5,62278.3,62015.8,62033.5,74764741.38300008
2026-06-11 02:44:58.925000+00:00,2026-06-11 02:30:00+00:00,continuous,62033.5,62076.8,61911.5,62042.7,87362149.87439944
2026-06-11 02:59:59.317000+00:00,2026-06-11 02:45:00+00:00,continuous,62042.8,62200.0,61974.2,62113.5,58072624.07390022
2026-06-11 03:14:59.998000+00:00,2026-06-11 03:00:00+00:00,continuous,62113.5,62161.4,61975.6,62038.5,56991357.2185
2026-06-11 03:29:59.440000+00:00,2026-06-11 03:15:00+00:00,continuous,62038.5,62100.0,61984.9,62081.0,28548908.960999936
2026-06-11 03:44:59.687000+00:00,2026-06-11 03:30:00+00:00,continuous,62081.1,62552.5,62078.3,62338.9,240163060.2549007
2026-06-11 03:59:59.979000+00:00,2026-06-11 03:45:00+00:00,continuous,62338.8,62922.0,62338.8,62657.5,375505308.3137023
2026-06-11 04:14:59.985000+00:00,2026-06-11 04:00:00+00:00,continuous,62657.5,62713.0,62546.0,62635.8,131394065.6307
2026-06-11 04:29:59.968000+00:00,2026-06-11 04:15:00+00:00,continuous,62635.9,62680.2,62566.3,62590.2,72910293.99459998
2026-06-11 04:44:59.760000+00:00,2026-06-11 04:30:00+00:00,continuous,62590.3,62670.0,62512.6,62639.3,66108830.155100115
2026-06-11 04:59:59.997000+00:00,2026-06-11 04:45:00+00:00,continuous,62639.2,62827.0,62631.6,62692.9,126935113.13600029
2026-06-11 05:14:59.717000+00:00,2026-06-11 05:00:00+00:00,continuous,62692.8,62694.3,62527.5,62596.4,75971671.56740028
2026-06-11 05:29:59.829000+00:00,2026-06-11 05:15:00+00:00,continuous,62596.4,62696.7,62544.0,62605.4,44993476.50390022
2026-06-11 05:44:59.732000+00:00,2026-06-11 05:30:00+00:00,continuous,62605.3,62674.7,62562.8,62673.7,31274047.42459993
2026-06-11 05:59:59.772000+00:00,2026-06-11 05:45:00+00:00,continuous,62673.6,62683.2,62571.3,62581.7,48516282.326800026
2026-06-11 06:14:59.967000+00:00,2026-06-11 06:00:00+00:00,continuous,62581.7,62788.9,62507.9,62754.5,93722131.9049001
2026-06-11 06:29:59.831000+00:00,2026-06-11 06:15:00+00:00,continuous,62754.5,62993.4,62703.7,62845.5,238641931.94299966
2026-06-11 06:44:59.583000+00:00,2026-06-11 06:30:00+00:00,continuous,62845.5,62975.4,62820.7,62919.8,79436891.14650047
2026-06-11 06:59:59.826000+00:00,2026-06-11 06:45:00+00:00,continuous,62919.9,62920.0,62720.6,62734.2,78979990.74769971
2026-06-11 07:14:59.534000+00:00,2026-06-11 07:00:00+00:00,continuous,62734.1,62764.7,62574.3,62623.0,106424087.69889988
2026-06-11 07:29:59.977000+00:00,2026-06-11 07:15:00+00:00,continuous,62623.1,62770.0,62610.0,62759.1,58633194.540900126
2026-06-11 07:44:59.485000+00:00,2026-06-11 07:30:00+00:00,continuous,62759.1,62812.2,62578.4,62647.3,72763882.14739984
2026-06-11 07:59:59.172000+00:00,2026-06-11 07:45:00+00:00,continuous,62647.4,62725.7,62647.3,62693.3,54693913.20800013
2026-06-11 08:14:59.931000+00:00,2026-06-11 08:00:00+00:00,continuous,62693.2,62856.5,62691.7,62799.9,58444089.23950011
2026-06-11 08:29:59.900000+00:00,2026-06-11 08:15:00+00:00,continuous,62799.9,62938.1,62770.8,62924.6,91703098.40680017
2026-06-11 08:44:59.913000+00:00,2026-06-11 08:30:00+00:00,continuous,62924.7,62961.4,62822.0,62832.6,145337722.04060012
2026-06-11 08:59:59.522000+00:00,2026-06-11 08:45:00+00:00,continuous,62832.5,63043.1,62829.7,62927.2,124920923.47610003
2026-06-11 09:14:59.932000+00:00,2026-06-11 09:00:00+00:00,continuous,62927.2,62937.0,62790.0,62840.8,54554692.374400064
2026-06-11 09:29:59.678000+00:00,2026-06-11 09:15:00+00:00,continuous,62840.9,62840.9,62753.3,62794.6,61697452.92989966
2026-06-11 09:44:59.982000+00:00,2026-06-11 09:30:00+00:00,continuous,62794.2,62941.7,62791.9,62908.2,86368674.18489936
2026-06-11 09:59:59.977000+00:00,2026-06-11 09:45:00+00:00,continuous,62908.1,62970.7,62871.6,62899.9,54718793.22259989
2026-06-11 10:14:59.984000+00:00,2026-06-11 10:00:00+00:00,continuous,62900.0,62955.0,62818.0,62884.3,61405008.57230025
2026-06-11 10:29:59.700000+00:00,2026-06-11 10:15:00+00:00,continuous,62884.2,62906.1,62771.0,62824.5,42330201.38629999
2026-06-11 10:44:59.810000+00:00,2026-06-11 10:30:00+00:00,continuous,62824.6,62929.5,62816.3,62899.2,37594520.93329994
2026-06-11 10:59:59.972000+00:00,2026-06-11 10:45:00+00:00,continuous,62899.1,63188.0,62893.0,63120.3,373162744.092897
2026-06-11 11:14:59.934000+00:00,2026-06-11 11:00:00+00:00,continuous,63120.2,63182.6,63020.6,63164.5,158354621.4738014
2026-06-11 11:29:59.503000+00:00,2026-06-11 11:15:00+00:00,continuous,63164.5,63188.0,63071.8,63129.7,109798672.46670023
2026-06-11 11:44:58.876000+00:00,2026-06-11 11:30:00+00:00,continuous,63129.7,63235.9,63057.6,63103.9,131275851.25740038
2026-06-11 11:59:59.916000+00:00,2026-06-11 11:45:00+00:00,continuous,63103.9,63220.0,63064.9,63078.0,65405052.262600005
2026-06-11 12:14:59.973000+00:00,2026-06-11 12:00:00+00:00,continuous,63078.0,63173.8,62973.8,63125.3,172414470.04910046
2026-06-11 12:29:59.948000+00:00,2026-06-11 12:15:00+00:00,continuous,63125.4,63166.2,62641.0,62660.1,530176350.5347954
2026-06-11 12:44:59.959000+00:00,2026-06-11 12:30:00+00:00,continuous,62660.0,62923.1,62455.8,62889.9,424783729.34089947
2026-06-11 12:59:59.981000+00:00,2026-06-11 12:45:00+00:00,continuous,62889.7,63029.3,62827.4,62978.3,187990796.4554002
2026-06-11 13:14:59.664000+00:00,2026-06-11 13:00:00+00:00,continuous,62978.3,62979.9,62828.1,62878.4,86373468.41790046
2026-06-11 13:29:59.804000+00:00,2026-06-11 13:15:00+00:00,continuous,62878.5,63030.0,62761.9,62792.4,122127703.39349987
2026-06-11 13:44:59.661000+00:00,2026-06-11 13:30:00+00:00,continuous,62792.4,62940.0,62644.7,62940.0,169676232.50029957
2026-06-11 13:59:59.665000+00:00,2026-06-11 13:45:00+00:00,continuous,62939.9,63200.0,62916.1,63046.1,441915396.5483018
2026-06-11 14:14:59.273000+00:00,2026-06-11 14:00:00+00:00,continuous,63046.1,63060.0,62715.4,62757.0,141457854.30619878
2026-06-11 14:29:59.916000+00:00,2026-06-11 14:15:00+00:00,continuous,62757.0,62994.0,62697.0,62982.3,131648363.86320037
2026-06-11 14:44:59.849000+00:00,2026-06-11 14:30:00+00:00,continuous,62982.2,63037.8,62811.2,62821.0,79424145.88460016
2026-06-11 14:59:59.906000+00:00,2026-06-11 14:45:00+00:00,continuous,62821.1,62982.0,62698.5,62699.6,129627366.89170006
2026-06-11 15:14:59.927000+00:00,2026-06-11 15:00:00+00:00,continuous,62699.6,62829.0,62494.6,62664.5,288103648.6522018
2026-06-11 15:29:59.865000+00:00,2026-06-11 15:15:00+00:00,continuous,62664.5,62792.7,62593.3,62696.4,87956259.49490002
2026-06-11 15:44:59.752000+00:00,2026-06-11 15:30:00+00:00,continuous,62696.3,62856.7,62608.5,62652.9,74243569.0458998
2026-06-11 15:59:59.712000+00:00,2026-06-11 15:45:00+00:00,continuous,62653.0,62721.2,62535.3,62721.1,82575092.8807001
2026-06-11 16:14:59.974000+00:00,2026-06-11 16:00:00+00:00,continuous,62721.2,62808.5,62638.8,62798.7,77889015.35089998
2026-06-11 16:29:59.371000+00:00,2026-06-11 16:15:00+00:00,continuous,62798.8,62810.0,62531.0,62604.8,81364599.82940018
2026-06-11 16:44:58.924000+00:00,2026-06-11 16:30:00+00:00,continuous,62604.8,62780.0,62502.4,62629.0,94162610.60140024
2026-06-11 16:59:59.816000+00:00,2026-06-11 16:45:00+00:00,continuous,62629.0,62662.7,62545.1,62546.6,46178331.685300075
2026-06-11 17:14:59.969000+00:00,2026-06-11 17:00:00+00:00,continuous,62546.6,62595.4,62333.0,62433.0,177796104.0651993
2026-06-11 17:29:59.997000+00:00,2026-06-11 17:15:00+00:00,continuous,62433.0,63028.6,62315.0,62981.1,277373471.2455016
2026-06-11 17:44:59.959000+00:00,2026-06-11 17:30:00+00:00,continuous,62982.2,63455.1,62948.1,63302.4,763198499.1544943
2026-06-11 17:59:59.995000+00:00,2026-06-11 17:45:00+00:00,continuous,63302.4,63643.0,63278.2,63614.2,566937153.1733968
2026-06-11 18:14:59.929000+00:00,2026-06-11 18:00:00+00:00,continuous,63614.2,63768.7,63283.4,63444.8,390168545.6841999
2026-06-11 18:29:59.833000+00:00,2026-06-11 18:15:00+00:00,continuous,63444.7,63583.9,63318.0,63363.5,128309004.90159957
2026-06-11 18:44:59.964000+00:00,2026-06-11 18:30:00+00:00,continuous,63363.5,63536.0,63340.9,63512.6,61038796.87129986
2026-06-11 18:59:59.938000+00:00,2026-06-11 18:45:00+00:00,continuous,63512.6,63545.3,63425.6,63426.0,49370086.966400005
2026-06-11 19:14:59.113000+00:00,2026-06-11 19:00:00+00:00,continuous,63426.0,63578.9,63350.4,63499.1,147383815.5311006
2026-06-11 19:29:59.551000+00:00,2026-06-11 19:15:00+00:00,continuous,63499.1,63670.8,63499.0,63560.0,138196164.19879973
2026-06-11 19:44:59.538000+00:00,2026-06-11 19:30:00+00:00,continuous,63560.0,63915.3,63556.2,63653.4,266874143.8249006
2026-06-11 19:59:59.898000+00:00,2026-06-11 19:45:00+00:00,continuous,63653.5,63694.6,63562.6,63567.6,86061949.0071001
2026-06-11 20:14:59.895000+00:00,2026-06-11 20:00:00+00:00,continuous,63567.7,63633.6,63452.8,63499.9,104171817.93100022
2026-06-11 20:29:59.888000+00:00,2026-06-11 20:15:00+00:00,continuous,63499.9,63516.3,63290.3,63342.3,85895846.7211999
2026-06-11 20:44:59.969000+00:00,2026-06-11 20:30:00+00:00,continuous,63342.0,63381.6,63255.0,63255.0,66876367.82099971
2026-06-11 20:59:59.873000+00:00,2026-06-11 20:45:00+00:00,continuous,63255.1,63378.5,63235.8,63361.9,56046576.755399875
2026-06-11 21:14:59.972000+00:00,2026-06-11 21:00:00+00:00,continuous,63361.9,63571.5,63359.7,63520.9,47065839.08730022
2026-06-11 21:29:59.721000+00:00,2026-06-11 21:15:00+00:00,continuous,63521.0,63532.5,63408.7,63449.8,25539772.923100084
2026-06-11 21:44:59.242000+00:00,2026-06-11 21:30:00+00:00,continuous,63449.8,63506.5,63422.6,63501.0,23455875.880399924
2026-06-11 21:59:59.217000+00:00,2026-06-11 21:45:00+00:00,continuous,63501.0,63549.0,63420.2,63487.2,41806653.5874
2026-06-11 22:14:58.930000+00:00,2026-06-11 22:00:00+00:00,continuous,63487.3,63633.3,63467.5,63598.9,44120816.962399855
2026-06-11 22:29:59.551000+00:00,2026-06-11 22:15:00+00:00,continuous,63599.0,63640.6,63500.0,63558.4,33347066.88089994
2026-06-11 22:44:56.787000+00:00,2026-06-11 22:30:00+00:00,continuous,63558.4,63609.1,63457.5,63471.0,32406489.85389991
2026-06-11 22:59:59.784000+00:00,2026-06-11 22:45:00+00:00,continuous,63471.0,63550.0,63425.0,63467.1,30933733.415300075
2026-06-11 23:14:59.203000+00:00,2026-06-11 23:00:00+00:00,continuous,63467.1,63469.1,63328.1,63375.9,43464261.19359976
2026-06-11 23:29:59.849000+00:00,2026-06-11 23:15:00+00:00,continuous,63375.9,63406.3,63340.0,63349.5,23695974.19220007
2026-06-11 23:44:59.515000+00:00,2026-06-11 23:30:00+00:00,continuous,63349.5,63712.3,63349.5,63604.7,128800988.67990032
2026-06-11 23:59:59.786000+00:00,2026-06-11 23:45:00+00:00,continuous,63604.8,63626.6,63491.0,63597.9,75347745.98379995
2026-06-12 00:14:59.959000+00:00,2026-06-12 00:00:00+00:00,continuous,63598.0,63777.0,63511.1,63709.9,138759444.95620012
2026-06-12 00:29:59.966000+00:00,2026-06-12 00:15:00+00:00,continuous,63709.8,63709.8,63489.8,63586.9,42221411.45730004
2026-06-12 00:44:58.310000+00:00,2026-06-12 00:30:00+00:00,continuous,63586.8,63718.6,63531.8,63626.1,54436426.65070022
2026-06-12 00:59:59.767000+00:00,2026-06-12 00:45:00+00:00,continuous,63626.0,63700.0,63604.8,63617.7,34642026.29599997
2026-06-12 01:14:59.317000+00:00,2026-06-12 01:00:00+00:00,continuous,63617.7,63617.7,63432.3,63455.8,78910944.98340014
2026-06-12 01:29:59.975000+00:00,2026-06-12 01:15:00+00:00,continuous,63455.7,63510.0,63271.6,63326.4,91543298.50919944
2026-06-12 01:44:59.938000+00:00,2026-06-12 01:30:00+00:00,continuous,63326.3,63390.0,63282.9,63345.5,58821806.90680015
2026-06-12 01:59:59.867000+00:00,2026-06-12 01:45:00+00:00,continuous,63345.6,63441.1,63345.5,63402.9,53874549.829000264
2026-06-12 02:14:59.777000+00:00,2026-06-12 02:00:00+00:00,continuous,63402.9,63758.4,63402.9,63640.1,84520324.23719998
2026-06-12 02:29:59.234000+00:00,2026-06-12 02:15:00+00:00,continuous,63640.1,63666.9,63491.5,63529.7,57602190.15220004
2026-06-12 02:44:59.250000+00:00,2026-06-12 02:30:00+00:00,continuous,63529.7,63617.6,63460.0,63608.2,35874128.865399875
2026-06-12 02:59:59.957000+00:00,2026-06-12 02:45:00+00:00,continuous,63608.2,63608.2,63524.1,63589.3,38685450.46220005
2026-06-12 03:14:59.968000+00:00,2026-06-12 03:00:00+00:00,continuous,63589.2,63620.1,63479.2,63501.0,32069708.898400147
2026-06-12 03:29:59.936000+00:00,2026-06-12 03:15:00+00:00,continuous,63501.0,63501.0,63314.7,63403.8,45704438.93369991
2026-06-12 03:44:58.796000+00:00,2026-06-12 03:30:00+00:00,continuous,63403.8,63498.9,63403.7,63444.5,31693082.397699825
2026-06-12 03:59:59.503000+00:00,2026-06-12 03:45:00+00:00,continuous,63444.4,63500.0,63423.3,63490.0,19177236.9164
2026-06-12 04:14:58.567000+00:00,2026-06-12 04:00:00+00:00,continuous,63490.1,63529.3,63391.2,63468.7,41442081.71630002
2026-06-12 04:29:59.839000+00:00,2026-06-12 04:15:00+00:00,continuous,63468.7,63788.3,63468.7,63763.8,192664587.72500166
2026-06-12 04:44:59.828000+00:00,2026-06-12 04:30:00+00:00,continuous,63763.7,63843.2,63654.9,63692.6,104779474.65199967
2026-06-12 04:59:58.988000+00:00,2026-06-12 04:45:00+00:00,continuous,63692.5,63732.4,63655.4,63670.4,36873024.71909991
2026-06-12 05:14:59.890000+00:00,2026-06-12 05:00:00+00:00,continuous,63670.5,63695.4,63383.7,63405.1,166257035.6197993
2026-06-12 05:29:59.570000+00:00,2026-06-12 05:15:00+00:00,continuous,63405.1,63499.5,63404.6,63457.2,74293130.27110001
2026-06-12 05:44:59.988000+00:00,2026-06-12 05:30:00+00:00,continuous,63457.1,63470.0,63305.0,63362.8,71115401.33539997
2026-06-12 05:59:59.946000+00:00,2026-06-12 05:45:00+00:00,continuous,63362.8,63381.7,63265.4,63317.6,71861277.77070013
2026-06-12 06:14:59.624000+00:00,2026-06-12 06:00:00+00:00,continuous,63317.6,63385.9,63239.6,63272.4,64102552.777100034
2026-06-12 06:29:59.923000+00:00,2026-06-12 06:15:00+00:00,continuous,63272.4,63272.5,63062.8,63121.0,124017900.98159947
2026-06-12 06:44:59.852000+00:00,2026-06-12 06:30:00+00:00,continuous,63121.0,63121.0,62800.0,62899.1,271931261.00709873
2026-06-12 06:59:59.649000+00:00,2026-06-12 06:45:00+00:00,continuous,62899.2,62997.1,62892.4,62955.9,78297257.12070023
2026-06-12 07:14:59.989000+00:00,2026-06-12 07:00:00+00:00,continuous,62956.0,63096.4,62950.0,62957.0,97471030.0711001
2026-06-12 07:29:59.415000+00:00,2026-06-12 07:15:00+00:00,continuous,62957.0,63057.4,62919.9,62994.4,50363130.823999785
2026-06-12 07:44:59.594000+00:00,2026-06-12 07:30:00+00:00,continuous,62994.5,63063.2,62946.1,63026.6,56795560.91520022
2026-06-12 07:59:59.701000+00:00,2026-06-12 07:45:00+00:00,continuous,63026.7,63180.8,62974.6,63066.5,97001499.71369946
2026-06-12 08:14:59.980000+00:00,2026-06-12 08:00:00+00:00,continuous,63066.5,63319.3,63063.9,63266.4,125133493.71690021
2026-06-12 08:29:59.961000+00:00,2026-06-12 08:15:00+00:00,continuous,63266.3,63587.0,63252.4,63500.0,175714470.5679003
2026-06-12 08:44:59.817000+00:00,2026-06-12 08:30:00+00:00,continuous,63500.0,63512.4,63346.3,63360.9,73273061.7305998
2026-06-12 08:59:59.812000+00:00,2026-06-12 08:45:00+00:00,continuous,63361.0,63456.4,63324.5,63440.5,41311793.06109985
2026-06-12 09:14:59.802000+00:00,2026-06-12 09:00:00+00:00,continuous,63440.5,63567.7,63398.3,63536.4,74833385.25750001
2026-06-12 09:29:59.853000+00:00,2026-06-12 09:15:00+00:00,continuous,63536.3,63768.3,63518.1,63735.0,142111241.8968002
2026-06-12 09:44:59.816000+00:00,2026-06-12 09:30:00+00:00,continuous,63735.0,63929.9,63731.7,63854.2,205643216.60230017
2026-06-12 09:59:59.866000+00:00,2026-06-12 09:45:00+00:00,continuous,63854.2,63913.1,63719.8,63729.5,83385168.34650016
2026-06-12 10:14:59.742000+00:00,2026-06-12 10:00:00+00:00,continuous,63729.5,63824.0,63657.6,63741.0,81279982.93510011
2026-06-12 10:29:59.801000+00:00,2026-06-12 10:15:00+00:00,continuous,63741.0,63782.4,63541.9,63582.6,107301919.47259982
2026-06-12 10:44:59.725000+00:00,2026-06-12 10:30:00+00:00,continuous,63582.7,63727.4,63575.9,63654.7,50733741.30639992
2026-06-12 10:59:59.970000+00:00,2026-06-12 10:45:00+00:00,continuous,63654.7,63713.0,63628.0,63665.1,28468039.388600085
2026-06-12 11:14:59.888000+00:00,2026-06-12 11:00:00+00:00,continuous,63665.2,63853.8,63651.2,63792.7,70207603.26949963
2026-06-12 11:29:59.626000+00:00,2026-06-12 11:15:00+00:00,continuous,63792.7,63846.9,63724.8,63792.0,40773772.556400016
2026-06-12 11:44:59.822000+00:00,2026-06-12 11:30:00+00:00,continuous,63792.1,63792.1,63650.0,63763.2,57420220.9421
2026-06-12 11:59:59.915000+00:00,2026-06-12 11:45:00+00:00,continuous,63763.1,63855.8,63729.4,63729.4,47203762.766500175
2026-06-12 12:14:59.538000+00:00,2026-06-12 12:00:00+00:00,continuous,63729.4,63745.1,63586.1,63599.9,72080849.50160058
2026-06-12 12:29:59.992000+00:00,2026-06-12 12:15:00+00:00,continuous,63600.0,63651.9,63426.0,63435.5,88207309.18939976
2026-06-12 12:44:59.654000+00:00,2026-06-12 12:30:00+00:00,continuous,63435.6,63543.0,63358.2,63401.8,102081793.98260006
2026-06-12 12:59:59.458000+00:00,2026-06-12 12:45:00+00:00,continuous,63401.9,63514.7,63331.9,63433.7,93077010.7316003
2026-06-12 13:14:59.996000+00:00,2026-06-12 13:00:00+00:00,continuous,63433.8,63481.2,63330.4,63456.2,64036549.69839993
2026-06-12 13:29:59.414000+00:00,2026-06-12 13:15:00+00:00,continuous,63456.3,63507.9,63321.5,63381.0,65925809.4577
2026-06-12 13:44:59.661000+00:00,2026-06-12 13:30:00+00:00,continuous,63381.0,63427.3,63020.6,63107.8,318816808.8666982
2026-06-12 13:59:59.817000+00:00,2026-06-12 13:45:00+00:00,continuous,63107.8,63240.0,63070.2,63200.3,135332988.92130068
2026-06-12 14:14:59.895000+00:00,2026-06-12 14:00:00+00:00,continuous,63200.3,63532.0,63160.4,63418.1,217085213.71010152
2026-06-12 14:29:59.988000+00:00,2026-06-12 14:15:00+00:00,continuous,63418.1,63647.8,63280.7,63603.0,160779259.77499962
2026-06-12 14:44:59.932000+00:00,2026-06-12 14:30:00+00:00,continuous,63602.9,63768.8,63450.0,63483.2,210784499.33420035
2026-06-12 14:59:59.991000+00:00,2026-06-12 14:45:00+00:00,continuous,63483.2,63988.0,63434.0,63971.0,319184780.7052002
2026-06-12 15:14:59.942000+00:00,2026-06-12 15:00:00+00:00,continuous,63971.1,64354.7,63859.3,64345.7,614001085.9232988
2026-06-12 15:29:59.989000+00:00,2026-06-12 15:15:00+00:00,continuous,64345.8,64362.6,64084.6,64099.9,385848084.73250014
2026-06-12 15:44:59.684000+00:00,2026-06-12 15:30:00+00:00,continuous,64100.0,64100.0,63766.3,63873.4,359359306.1054025
2026-06-12 15:59:59.976000+00:00,2026-06-12 15:45:00+00:00,continuous,63873.3,63909.4,63504.2,63557.0,306013530.2752004
2026-06-12 16:14:59.733000+00:00,2026-06-12 16:00:00+00:00,continuous,63557.1,63942.6,63477.5,63827.6,279938434.1102993
2026-06-12 16:29:59.443000+00:00,2026-06-12 16:15:00+00:00,continuous,63827.5,63970.0,63726.8,63873.2,133263959.00809936
2026-06-12 16:44:59.923000+00:00,2026-06-12 16:30:00+00:00,continuous,63873.1,63974.8,63738.4,63817.4,79188536.8045998
2026-06-12 16:59:59.887000+00:00,2026-06-12 16:45:00+00:00,continuous,63817.5,63957.1,63795.4,63951.2,51760694.771199964
2026-06-12 17:14:59.876000+00:00,2026-06-12 17:00:00+00:00,continuous,63951.2,64083.3,63840.3,63875.6,117628561.42590064
2026-06-12 17:29:59.916000+00:00,2026-06-12 17:15:00+00:00,continuous,63875.5,63890.9,63708.0,63793.7,54865119.78280003
2026-06-12 17:44:59.123000+00:00,2026-06-12 17:30:00+00:00,continuous,63793.8,63888.2,63724.4,63797.5,57101748.382
2026-06-12 17:59:59.965000+00:00,2026-06-12 17:45:00+00:00,continuous,63797.5,63854.9,63770.2,63836.9,39800300.53820001
2026-06-12 18:14:59.475000+00:00,2026-06-12 18:00:00+00:00,continuous,63836.9,63907.0,63679.7,63784.6,68030121.51480034
2026-06-12 18:29:59.543000+00:00,2026-06-12 18:15:00+00:00,continuous,63784.6,63812.2,63650.0,63748.8,51920022.782000475
2026-06-12 18:44:59.704000+00:00,2026-06-12 18:30:00+00:00,continuous,63748.9,63889.1,63695.2,63838.8,37193859.97380015
2026-06-12 18:59:59.885000+00:00,2026-06-12 18:45:00+00:00,continuous,63838.8,63876.5,63647.9,63661.8,40246172.07410016
2026-06-12 19:14:59.654000+00:00,2026-06-12 19:00:00+00:00,continuous,63661.8,63759.6,63636.3,63680.0,32544637.193500012
2026-06-12 19:29:59.963000+00:00,2026-06-12 19:15:00+00:00,continuous,63679.9,63755.8,63611.5,63700.7,35505994.88879999
2026-06-12 19:44:59.845000+00:00,2026-06-12 19:30:00+00:00,continuous,63700.7,63790.8,63600.5,63615.6,77831538.35770008
2026-06-12 19:59:59.958000+00:00,2026-06-12 19:45:00+00:00,continuous,63615.5,63638.9,63555.0,63555.1,55532362.66219998
2026-06-12 20:14:59.943000+00:00,2026-06-12 20:00:00+00:00,continuous,63555.0,63664.4,63523.6,63598.0,72029076.25189964
2026-06-12 20:29:59.879000+00:00,2026-06-12 20:15:00+00:00,continuous,63597.9,63613.2,63480.0,63500.0,49530182.66280024
2026-06-12 20:44:59.268000+00:00,2026-06-12 20:30:00+00:00,continuous,63500.0,63552.3,63482.3,63495.7,43662136.126899816
2026-06-12 20:59:59.984000+00:00,2026-06-12 20:45:00+00:00,continuous,63495.8,63508.1,63352.3,63417.9,88784174.66150004
2026-06-12 21:14:59.884000+00:00,2026-06-12 21:00:00+00:00,continuous,63418.2,63608.1,63413.0,63574.2,46626109.111499816
2026-06-12 21:29:59.354000+00:00,2026-06-12 21:15:00+00:00,continuous,63574.3,63603.4,63471.6,63485.6,29684132.705899958
2026-06-12 21:44:59.946000+00:00,2026-06-12 21:30:00+00:00,continuous,63485.7,63550.0,63472.1,63511.6,21392847.305599984
2026-06-12 21:59:59.949000+00:00,2026-06-12 21:45:00+00:00,continuous,63511.6,63528.5,63413.5,63450.1,44964096.76409998
2026-06-12 22:14:59.994000+00:00,2026-06-12 22:00:00+00:00,continuous,63450.0,63532.3,63446.2,63486.9,45791752.131700195
2026-06-12 22:29:58.581000+00:00,2026-06-12 22:15:00+00:00,continuous,63487.0,63633.3,63461.9,63570.6,36232717.30329982
2026-06-12 22:44:58.761000+00:00,2026-06-12 22:30:00+00:00,continuous,63570.7,63590.2,63435.6,63481.5,31893682.002199877
2026-06-12 22:59:59.874000+00:00,2026-06-12 22:45:00+00:00,continuous,63481.6,63509.5,63460.0,63482.8,26729559.826700028
2026-06-12 23:14:58.876000+00:00,2026-06-12 23:00:00+00:00,continuous,63482.8,63485.9,63416.6,63440.1,27558603.78960007
2026-06-12 23:29:59.931000+00:00,2026-06-12 23:15:00+00:00,continuous,63440.1,63475.4,63394.3,63424.2,22077924.14930003
2026-06-12 23:44:58.107000+00:00,2026-06-12 23:30:00+00:00,continuous,63424.2,63547.5,63408.3,63477.0,31476428.532199983
2026-06-12 23:59:59.948000+00:00,2026-06-12 23:45:00+00:00,continuous,63477.0,63554.7,63477.0,63547.0,23072572.5207001
2026-06-13 00:14:58.988000+00:00,2026-06-13 00:00:00+00:00,continuous,63547.0,63580.6,63505.9,63559.2,42262081.92180006
2026-06-13 00:29:59.571000+00:00,2026-06-13 00:15:00+00:00,continuous,63559.2,63573.0,63500.0,63500.0,24979480.222100068
2026-06-13 00:44:59.851000+00:00,2026-06-13 00:30:00+00:00,continuous,63500.0,63600.0,63480.0,63559.9,28982094.68959997
2026-06-13 00:59:59.966000+00:00,2026-06-13 00:45:00+00:00,continuous,63559.8,63625.2,63525.2,63573.9,27794554.501099903
2026-06-13 01:14:59.916000+00:00,2026-06-13 01:00:00+00:00,continuous,63573.9,63689.7,63573.9,63625.5,37507021.54979981
2026-06-13 01:29:59.304000+00:00,2026-06-13 01:15:00+00:00,continuous,63625.5,63652.6,63575.1,63629.2,27578464.39300006
2026-06-13 01:44:59.742000+00:00,2026-06-13 01:30:00+00:00,continuous,63629.3,63828.4,63608.8,63725.0,63910086.359600164
2026-06-13 01:59:59.292000+00:00,2026-06-13 01:45:00+00:00,continuous,63725.1,63814.0,63725.0,63801.0,41005548.293199986
2026-06-13 02:14:59.711000+00:00,2026-06-13 02:00:00+00:00,continuous,63801.1,63806.9,63736.1,63762.2,27280775.535900094
2026-06-13 02:29:59.938000+00:00,2026-06-13 02:15:00+00:00,continuous,63762.1,63775.1,63649.0,63684.9,49406016.616100185
2026-06-13 02:44:59.546000+00:00,2026-06-13 02:30:00+00:00,continuous,63684.9,63698.1,63585.6,63590.9,41034201.827199884
2026-06-13 02:59:59.868000+00:00,2026-06-13 02:45:00+00:00,continuous,63590.9,63628.2,63517.8,63612.0,38775688.81890002
2026-06-13 03:14:59.108000+00:00,2026-06-13 03:00:00+00:00,continuous,63612.1,63695.0,63612.1,63626.4,32650376.987000063
2026-06-13 03:29:59.949000+00:00,2026-06-13 03:15:00+00:00,continuous,63626.4,63647.9,63360.0,63479.7,106496373.67209995
2026-06-13 03:44:59.600000+00:00,2026-06-13 03:30:00+00:00,continuous,63479.6,63494.4,63446.3,63471.5,30980864.55200004
2026-06-13 03:59:59.997000+00:00,2026-06-13 03:45:00+00:00,continuous,63471.6,63525.3,63460.0,63494.4,22105903.02630006
2026-06-13 04:14:59.537000+00:00,2026-06-13 04:00:00+00:00,continuous,63494.4,63538.5,63444.9,63481.9,21540954.18979995
2026-06-13 04:29:59.600000+00:00,2026-06-13 04:15:00+00:00,continuous,63482.0,63558.1,63462.8,63508.5,17416317.857599918
2026-06-13 04:44:59.549000+00:00,2026-06-13 04:30:00+00:00,continuous,63508.4,63597.9,63497.5,63585.1,23051672.695899907
2026-06-13 04:59:59.861000+00:00,2026-06-13 04:45:00+00:00,continuous,63585.1,63619.1,63473.2,63475.2,20170237.23850002
2026-06-13 05:14:59.791000+00:00,2026-06-13 05:00:00+00:00,continuous,63475.2,63550.3,63456.0,63530.4,18271518.67679998
2026-06-13 05:29:59.593000+00:00,2026-06-13 05:15:00+00:00,continuous,63530.4,63564.8,63506.7,63536.3,15124466.368499981
2026-06-13 05:44:59.874000+00:00,2026-06-13 05:30:00+00:00,continuous,63536.2,63562.5,63500.0,63546.5,29914066.135700088
2026-06-13 05:59:59.907000+00:00,2026-06-13 05:45:00+00:00,continuous,63546.5,63555.0,63466.6,63554.9,13445120.388499996
2026-06-13 06:14:59.489000+00:00,2026-06-13 06:00:00+00:00,continuous,63554.9,63584.7,63518.1,63550.0,22771422.82959999
2026-06-13 06:29:59.619000+00:00,2026-06-13 06:15:00+00:00,continuous,63549.9,63646.5,63516.3,63646.5,21281808.43749999
2026-06-13 06:44:59.960000+00:00,2026-06-13 06:30:00+00:00,continuous,63646.5,63674.1,63612.5,63644.4,29258604.841499873
2026-06-13 06:59:59.774000+00:00,2026-06-13 06:45:00+00:00,continuous,63644.4,63720.2,63644.4,63707.2,31203302.958899945
2026-06-13 07:14:59.688000+00:00,2026-06-13 07:00:00+00:00,continuous,63707.2,63724.7,63637.1,63692.9,33165790.73770001
2026-06-13 07:29:59.946000+00:00,2026-06-13 07:15:00+00:00,continuous,63692.8,63777.7,63645.1,63749.4,39978757.728800096
2026-06-13 07:44:59.935000+00:00,2026-06-13 07:30:00+00:00,continuous,63749.4,63810.0,63713.3,63800.1,72753504.7594001
2026-06-13 07:59:59.750000+00:00,2026-06-13 07:45:00+00:00,continuous,63800.0,63879.0,63770.7,63823.9,164967384.23550057
2026-06-13 08:14:59.801000+00:00,2026-06-13 08:00:00+00:00,continuous,63823.9,63859.9,63739.7,63762.3,96967451.02750005
2026-06-13 08:29:59.181000+00:00,2026-06-13 08:15:00+00:00,continuous,63762.3,63808.3,63729.8,63777.4,38998750.64380007
2026-06-13 08:44:59.656000+00:00,2026-06-13 08:30:00+00:00,continuous,63777.4,63896.5,63771.0,63847.8,59729897.75049993
2026-06-13 08:59:59.116000+00:00,2026-06-13 08:45:00+00:00,continuous,63847.8,63847.9,63770.3,63771.6,25144043.479900043
2026-06-13 09:14:59.957000+00:00,2026-06-13 09:00:00+00:00,continuous,63771.5,63819.4,63750.9,63780.4,27210091.58210005
2026-06-13 09:29:59.885000+00:00,2026-06-13 09:15:00+00:00,continuous,63780.3,63833.0,63769.1,63787.9,17360118.16909997
2026-06-13 09:44:59.703000+00:00,2026-06-13 09:30:00+00:00,continuous,63788.0,63800.0,63757.0,63784.8,17371663.89120001
2026-06-13 09:59:59.900000+00:00,2026-06-13 09:45:00+00:00,continuous,63784.7,63788.0,63708.2,63709.9,28598418.42720004
2026-06-13 10:14:59.512000+00:00,2026-06-13 10:00:00+00:00,continuous,63709.9,63754.5,63683.1,63754.5,28704661.52870012
2026-06-13 10:29:59.988000+00:00,2026-06-13 10:15:00+00:00,continuous,63754.5,63761.6,63719.7,63746.1,27854778.08469986
2026-06-13 10:44:59.801000+00:00,2026-06-13 10:30:00+00:00,continuous,63746.1,63866.0,63746.1,63820.0,54153850.92470009
2026-06-13 10:59:59.945000+00:00,2026-06-13 10:45:00+00:00,continuous,63819.9,63883.2,63766.8,63812.9,60225311.846299954
2026-06-13 11:14:59.838000+00:00,2026-06-13 11:00:00+00:00,continuous,63813.0,63934.8,63809.4,63894.0,50613368.93809998
2026-06-13 11:29:59.743000+00:00,2026-06-13 11:15:00+00:00,continuous,63894.1,63949.9,63892.6,63922.6,54211196.78259986
2026-06-13 11:44:58.949000+00:00,2026-06-13 11:30:00+00:00,continuous,63922.2,63922.2,63859.0,63879.4,26814013.155800067
2026-06-13 11:59:59.150000+00:00,2026-06-13 11:45:00+00:00,continuous,63879.3,63938.0,63861.4,63936.1,22638483.31699999
2026-06-13 12:14:59.930000+00:00,2026-06-13 12:00:00+00:00,continuous,63936.1,63936.1,63882.6,63903.2,26458665.408800066
2026-06-13 12:29:59.826000+00:00,2026-06-13 12:15:00+00:00,continuous,63903.2,63948.0,63890.0,63926.9,38695986.38969999
2026-06-13 12:44:59.522000+00:00,2026-06-13 12:30:00+00:00,continuous,63926.9,63992.5,63926.8,63970.1,56574426.324200116
2026-06-13 12:59:59.953000+00:00,2026-06-13 12:45:00+00:00,continuous,63970.0,64187.7,63970.0,64103.1,182789089.25089976
2026-06-13 13:14:59.626000+00:00,2026-06-13 13:00:00+00:00,continuous,64103.0,64139.6,64039.7,64137.8,60627964.6298998
2026-06-13 13:29:59.769000+00:00,2026-06-13 13:15:00+00:00,continuous,64137.9,64200.0,64080.3,64192.8,68643939.6646001
2026-06-13 13:44:59.885000+00:00,2026-06-13 13:30:00+00:00,continuous,64192.8,64217.0,64129.7,64130.0,62796906.36830014
2026-06-13 13:59:59.887000+00:00,2026-06-13 13:45:00+00:00,continuous,64130.1,64160.8,64026.6,64071.0,111407194.72500025
2026-06-13 14:14:58.896000+00:00,2026-06-13 14:00:00+00:00,continuous,64071.0,64153.6,64052.3,64122.1,53990672.937100075
2026-06-13 14:29:59.967000+00:00,2026-06-13 14:15:00+00:00,continuous,64122.0,64153.6,64072.0,64096.2,28095003.878200125
2026-06-13 14:44:59.956000+00:00,2026-06-13 14:30:00+00:00,continuous,64096.3,64187.4,64096.2,64143.6,25865563.076800052
2026-06-13 14:59:59.981000+00:00,2026-06-13 14:45:00+00:00,continuous,64143.5,64208.8,64141.1,64189.7,31796862.938500054
2026-06-13 15:14:59.945000+00:00,2026-06-13 15:00:00+00:00,continuous,64189.8,64272.6,64147.2,64251.2,76852384.29510038
2026-06-13 15:29:59.048000+00:00,2026-06-13 15:15:00+00:00,continuous,64251.3,64321.0,64191.9,64253.6,75586216.49130055
2026-06-13 15:44:59.576000+00:00,2026-06-13 15:30:00+00:00,continuous,64253.6,64323.0,64204.7,64207.3,76604973.03849992
2026-06-13 15:59:59.852000+00:00,2026-06-13 15:45:00+00:00,continuous,64207.3,64307.8,64157.0,64265.0,63809483.37449984
2026-06-13 16:14:59.885000+00:00,2026-06-13 16:00:00+00:00,continuous,64265.1,64280.0,63950.0,64054.6,224744397.7209993
2026-06-13 16:29:59.679000+00:00,2026-06-13 16:15:00+00:00,continuous,64054.6,64057.5,63933.5,63952.1,132787488.74090022
2026-06-13 16:44:59.438000+00:00,2026-06-13 16:30:00+00:00,continuous,63952.1,64038.0,63934.7,64020.5,34241118.35639996
2026-06-13 16:59:59.884000+00:00,2026-06-13 16:45:00+00:00,continuous,64020.5,64134.2,63862.9,63996.2,134149932.7539005
2026-06-13 17:14:59.695000+00:00,2026-06-13 17:00:00+00:00,continuous,63996.1,64029.4,63906.0,63928.8,47840531.59110014
2026-06-13 17:29:59.611000+00:00,2026-06-13 17:15:00+00:00,continuous,63928.9,64060.9,63902.0,64060.8,38725984.45939993
2026-06-13 17:44:59.677000+00:00,2026-06-13 17:30:00+00:00,continuous,64060.9,64090.1,64028.0,64070.8,37568565.756699935
2026-06-13 17:59:59.765000+00:00,2026-06-13 17:45:00+00:00,continuous,64070.8,64086.0,63905.3,63939.7,67095967.938900106
2026-06-13 18:14:59.834000+00:00,2026-06-13 18:00:00+00:00,continuous,63939.7,64039.5,63939.6,64026.5,35915842.25929998
2026-06-13 18:29:59.707000+00:00,2026-06-13 18:15:00+00:00,continuous,64026.4,64182.7,63999.9,64160.0,62387162.041200034
2026-06-13 18:44:59.488000+00:00,2026-06-13 18:30:00+00:00,continuous,64159.9,64247.8,64135.2,64230.0,34193487.243600115
2026-06-13 18:59:59.353000+00:00,2026-06-13 18:45:00+00:00,continuous,64230.0,64239.9,64013.0,64122.7,67249087.49420007
2026-06-13 19:14:59.932000+00:00,2026-06-13 19:00:00+00:00,continuous,64122.7,64169.9,64111.1,64164.0,22660475.823199842
2026-06-13 19:29:59.999000+00:00,2026-06-13 19:15:00+00:00,continuous,64164.0,64167.5,64113.4,64154.5,15774286.037600031
2026-06-13 19:44:59.768000+00:00,2026-06-13 19:30:00+00:00,continuous,64154.7,64290.1,64116.7,64255.6,122720141.54659984
2026-06-13 19:59:59.864000+00:00,2026-06-13 19:45:00+00:00,continuous,64255.6,64298.7,64248.0,64264.2,37100846.6703
2026-06-13 20:14:59.439000+00:00,2026-06-13 20:00:00+00:00,continuous,64264.2,64264.3,64195.3,64244.1,28758787.28429993
2026-06-13 20:29:58.746000+00:00,2026-06-13 20:15:00+00:00,continuous,64244.1,64260.0,64205.5,64213.3,14165653.703400075
2026-06-13 20:44:59.872000+00:00,2026-06-13 20:30:00+00:00,continuous,64213.3,64233.9,64200.0,64216.1,11084828.499199925
2026-06-13 20:59:59.002000+00:00,2026-06-13 20:45:00+00:00,continuous,64216.1,64259.9,64208.7,64252.4,15315020.698199954
2026-06-13 21:14:58.602000+00:00,2026-06-13 21:00:00+00:00,continuous,64252.4,64285.7,64190.0,64206.7,20339903.593800034
2026-06-13 21:29:59.935000+00:00,2026-06-13 21:15:00+00:00,continuous,64206.8,64242.8,64189.6,64216.9,17785687.243000045
2026-06-13 21:44:59.819000+00:00,2026-06-13 21:30:00+00:00,continuous,64217.0,64738.0,64216.9,64537.9,338566459.7324963
2026-06-13 21:59:59.974000+00:00,2026-06-13 21:45:00+00:00,continuous,64537.9,64550.0,64406.2,64435.2,96441391.75290054
2026-06-13 22:14:59.818000+00:00,2026-06-13 22:00:00+00:00,continuous,64435.2,64435.3,64349.3,64387.2,55330453.17849973
2026-06-13 22:29:58.488000+00:00,2026-06-13 22:15:00+00:00,continuous,64387.3,64508.5,64351.5,64483.6,47218267.43109992
2026-06-13 22:44:59.881000+00:00,2026-06-13 22:30:00+00:00,continuous,64483.5,64529.0,64457.0,64485.0,49549715.94709995
2026-06-13 22:59:59.972000+00:00,2026-06-13 22:45:00+00:00,continuous,64485.0,64495.2,64409.0,64413.4,31576883.110700052
2026-06-13 23:14:59.888000+00:00,2026-06-13 23:00:00+00:00,continuous,64413.4,64443.3,64404.1,64410.0,21472086.331000023
2026-06-13 23:29:59.983000+00:00,2026-06-13 23:15:00+00:00,continuous,64410.0,64572.0,64407.6,64423.2,47257456.97439994
2026-06-13 23:44:59.522000+00:00,2026-06-13 23:30:00+00:00,continuous,64423.4,64462.9,64408.5,64417.7,27870470.299599934
2026-06-13 23:59:59.131000+00:00,2026-06-13 23:45:00+00:00,continuous,64417.7,64428.1,64350.5,64418.2,42937053.31100014
2026-06-14 00:14:59.988000+00:00,2026-06-14 00:00:00+00:00,continuous,64418.3,64448.1,64338.8,64395.0,37449091.36230002
2026-06-14 00:29:59.984000+00:00,2026-06-14 00:15:00+00:00,continuous,64395.0,64500.0,64355.0,64432.7,33898721.68059996
2026-06-14 00:44:59.388000+00:00,2026-06-14 00:30:00+00:00,continuous,64432.7,64533.0,64430.0,64525.1,29632804.58830006
2026-06-14 00:59:59.447000+00:00,2026-06-14 00:45:00+00:00,continuous,64525.1,64548.6,64475.9,64519.3,31815412.444400042
2026-06-14 01:14:59.800000+00:00,2026-06-14 01:00:00+00:00,continuous,64519.2,64665.9,64466.4,64596.4,61988787.41489986
2026-06-14 01:29:59.985000+00:00,2026-06-14 01:15:00+00:00,continuous,64596.4,64682.2,64581.4,64618.1,43871867.51670011
2026-06-14 01:44:59.842000+00:00,2026-06-14 01:30:00+00:00,continuous,64618.0,64618.1,64521.1,64532.1,40202698.436599776
2026-06-14 01:59:59.906000+00:00,2026-06-14 01:45:00+00:00,continuous,64532.0,64602.1,64527.6,64534.1,22695603.50990003
2026-06-14 02:14:59.291000+00:00,2026-06-14 02:00:00+00:00,continuous,64534.0,64606.4,64527.4,64587.0,38742138.14460004
2026-06-14 02:29:58.480000+00:00,2026-06-14 02:15:00+00:00,continuous,64587.0,64602.9,64479.8,64503.1,38196651.511399895
2026-06-14 02:44:59.801000+00:00,2026-06-14 02:30:00+00:00,continuous,64503.1,64524.2,64470.0,64476.8,32059872.040100098
2026-06-14 02:59:59.845000+00:00,2026-06-14 02:45:00+00:00,continuous,64476.9,64477.1,64436.7,64450.0,22980774.09369997
2026-06-14 03:14:59.717000+00:00,2026-06-14 03:00:00+00:00,continuous,64450.1,64491.2,64431.2,64456.1,29802376.514199816
2026-06-14 03:29:59.988000+00:00,2026-06-14 03:15:00+00:00,continuous,64456.1,64510.3,64453.6,64490.9,15915159.757599952
2026-06-14 03:44:59.484000+00:00,2026-06-14 03:30:00+00:00,continuous,64490.9,64500.0,64421.7,64450.2,36851907.85810007
2026-06-14 03:59:59.843000+00:00,2026-06-14 03:45:00+00:00,continuous,64450.1,64518.4,64427.1,64515.0,128223458.58339958
2026-06-14 04:14:57.557000+00:00,2026-06-14 04:00:00+00:00,continuous,64515.0,64532.8,64457.2,64465.0,19109122.92749996
2026-06-14 04:29:59.628000+00:00,2026-06-14 04:15:00+00:00,continuous,64465.0,64489.0,64431.8,64431.9,29021412.115600005
2026-06-14 04:44:59.797000+00:00,2026-06-14 04:30:00+00:00,continuous,64432.0,64432.0,64350.8,64351.3,47839619.37539978
2026-06-14 04:59:59.589000+00:00,2026-06-14 04:45:00+00:00,continuous,64351.2,64358.7,64281.0,64300.0,71387792.1111998
2026-06-14 05:14:59.926000+00:00,2026-06-14 05:00:00+00:00,continuous,64300.0,64357.8,64290.6,64334.4,41705741.64899998
2026-06-14 05:29:59.616000+00:00,2026-06-14 05:15:00+00:00,continuous,64334.4,64336.4,64260.1,64273.8,31945721.150399946
2026-06-14 05:44:59.890000+00:00,2026-06-14 05:30:00+00:00,continuous,64273.7,64378.5,64260.0,64330.3,29002993.578300122
2026-06-14 05:59:59.953000+00:00,2026-06-14 05:45:00+00:00,continuous,64330.3,64358.5,64300.3,64318.1,30932651.58650001
2026-06-14 06:14:59.783000+00:00,2026-06-14 06:00:00+00:00,continuous,64318.1,64450.1,64318.1,64438.9,50721212.03779973
2026-06-14 06:29:59.739000+00:00,2026-06-14 06:15:00+00:00,continuous,64438.9,64439.1,64295.5,64354.6,39916842.71429997
2026-06-14 06:44:59.928000+00:00,2026-06-14 06:30:00+00:00,continuous,64354.7,64358.3,64208.5,64210.9,75200601.47020002
2026-06-14 06:59:59.022000+00:00,2026-06-14 06:45:00+00:00,continuous,64210.8,64271.8,64210.8,64258.0,50246132.5970998
2026-06-14 07:14:59.867000+00:00,2026-06-14 07:00:00+00:00,continuous,64258.0,64265.4,64186.5,64193.2,48821082.1534002
2026-06-14 07:29:59.670000+00:00,2026-06-14 07:15:00+00:00,continuous,64193.2,64337.0,64193.2,64321.8,45580050.01420007
2026-06-14 07:44:59.718000+00:00,2026-06-14 07:30:00+00:00,continuous,64321.9,64321.9,64262.7,64271.2,26690394.522299968
2026-06-14 07:59:59.981000+00:00,2026-06-14 07:45:00+00:00,continuous,64271.2,64412.7,64271.2,64392.0,37868252.62870017
2026-06-14 08:14:59.660000+00:00,2026-06-14 08:00:00+00:00,continuous,64392.1,64433.3,64353.2,64409.1,29446418.15729998
2026-06-14 08:29:59.261000+00:00,2026-06-14 08:15:00+00:00,continuous,64409.1,64486.9,64409.0,64451.9,38919051.78339994
2026-06-14 08:44:59.900000+00:00,2026-06-14 08:30:00+00:00,continuous,64451.9,64478.7,64407.3,64432.6,17920716.85299994
2026-06-14 08:59:59.107000+00:00,2026-06-14 08:45:00+00:00,continuous,64432.6,64450.0,64407.1,64423.1,18681250.936400075
2026-06-14 09:14:59.944000+00:00,2026-06-14 09:00:00+00:00,continuous,64423.1,64439.1,64380.2,64388.1,20179755.58339987
2026-06-14 09:29:59.780000+00:00,2026-06-14 09:15:00+00:00,continuous,64388.1,64396.0,64281.1,64322.1,47032649.427400135
2026-06-14 09:44:59.890000+00:00,2026-06-14 09:30:00+00:00,continuous,64322.2,64572.6,64308.7,64521.4,77841541.57789978
2026-06-14 09:59:59.969000+00:00,2026-06-14 09:45:00+00:00,continuous,64521.3,64593.1,64505.3,64584.7,54811591.79529986
2026-06-14 10:14:59.686000+00:00,2026-06-14 10:00:00+00:00,continuous,64584.8,64584.8,64452.8,64499.2,56390739.612299964
2026-06-14 10:29:58.885000+00:00,2026-06-14 10:15:00+00:00,continuous,64499.2,64616.0,64483.3,64563.9,47869428.17760001
2026-06-14 10:44:59.179000+00:00,2026-06-14 10:30:00+00:00,continuous,64563.9,64640.6,64553.8,64571.5,31573841.099400032
2026-06-14 10:59:59.970000+00:00,2026-06-14 10:45:00+00:00,continuous,64571.5,64582.4,64473.4,64485.4,27578889.155500013
2026-06-14 11:14:59.586000+00:00,2026-06-14 11:00:00+00:00,continuous,64485.5,64545.8,64419.3,64528.9,41165617.18650007
2026-06-14 11:29:59.984000+00:00,2026-06-14 11:15:00+00:00,continuous,64528.9,64563.4,64477.0,64543.6,21771258.226499964
2026-06-14 11:44:59.268000+00:00,2026-06-14 11:30:00+00:00,continuous,64543.6,64614.4,64542.6,64581.0,27099720.534700006
2026-06-14 11:59:59.999000+00:00,2026-06-14 11:45:00+00:00,continuous,64581.1,64613.5,64504.8,64511.7,30316978.279300068
2026-06-14 12:14:59.759000+00:00,2026-06-14 12:00:00+00:00,continuous,64511.8,64531.2,64434.7,64446.0,40916587.64650016
2026-06-14 12:29:59.547000+00:00,2026-06-14 12:15:00+00:00,continuous,64446.1,64480.9,64431.4,64434.8,31759096.468499918
2026-06-14 12:44:59.783000+00:00,2026-06-14 12:30:00+00:00,continuous,64434.8,64446.7,64289.0,64328.7,75910993.06029992
2026-06-14 12:59:59.891000+00:00,2026-06-14 12:45:00+00:00,continuous,64328.6,64342.6,64255.9,64296.8,63458541.443299934
2026-06-14 13:14:59.416000+00:00,2026-06-14 13:00:00+00:00,continuous,64296.7,64359.4,64270.0,64330.0,55133498.79859983
2026-06-14 13:29:59.838000+00:00,2026-06-14 13:15:00+00:00,continuous,64330.0,64369.0,64209.6,64243.3,45207609.02849995
2026-06-14 13:44:59.729000+00:00,2026-06-14 13:30:00+00:00,continuous,64243.3,64354.5,64207.3,64328.7,62542372.24799999
2026-06-14 13:59:59.987000+00:00,2026-06-14 13:45:00+00:00,continuous,64328.6,64358.0,64250.0,64287.5,26374680.780500088
2026-06-14 14:14:59.953000+00:00,2026-06-14 14:00:00+00:00,continuous,64287.4,64313.1,64224.2,64275.6,31159970.282499943
2026-06-14 14:29:59.964000+00:00,2026-06-14 14:15:00+00:00,continuous,64275.5,64296.3,64115.6,64120.5,116865433.6658997
2026-06-14 14:44:59.789000+00:00,2026-06-14 14:30:00+00:00,continuous,64120.4,64143.7,63851.0,63908.5,284584217.3003988
2026-06-14 14:59:59.897000+00:00,2026-06-14 14:45:00+00:00,continuous,63908.5,63960.2,63830.0,63953.7,110006205.46109998
2026-06-14 15:14:59.873000+00:00,2026-06-14 15:00:00+00:00,continuous,63953.7,64123.8,63945.8,64072.0,112878026.8547996
2026-06-14 15:29:59.417000+00:00,2026-06-14 15:15:00+00:00,continuous,64072.1,64094.0,63956.1,64034.7,82363856.46200036
2026-06-14 15:44:59.706000+00:00,2026-06-14 15:30:00+00:00,continuous,64034.7,64093.1,63972.3,64001.7,50765559.95470004
2026-06-14 15:59:59.952000+00:00,2026-06-14 15:45:00+00:00,continuous,64001.7,64053.5,63972.3,63995.2,28155213.262400057
2026-06-14 16:14:59.839000+00:00,2026-06-14 16:00:00+00:00,continuous,63995.2,64111.1,63970.7,64078.4,43656335.58109983
2026-06-14 16:29:59.847000+00:00,2026-06-14 16:15:00+00:00,continuous,64078.5,64183.4,64054.4,64110.5,43967862.463899784
2026-06-14 16:44:59.724000+00:00,2026-06-14 16:30:00+00:00,continuous,64110.4,64170.1,64101.0,64130.2,23059704.65710002
2026-06-14 16:59:59.880000+00:00,2026-06-14 16:45:00+00:00,continuous,64130.2,64144.3,63901.3,63913.8,102187051.58289927
2026-06-14 17:14:59.895000+00:00,2026-06-14 17:00:00+00:00,continuous,63913.8,64000.0,63888.3,63932.0,67442220.63939963
2026-06-14 17:29:59.510000+00:00,2026-06-14 17:15:00+00:00,continuous,63932.1,63970.9,63865.1,63874.5,40631446.857799865
2026-06-14 17:44:59.632000+00:00,2026-06-14 17:30:00+00:00,continuous,63874.5,63944.7,63730.0,63815.6,126070298.9752001
2026-06-14 17:59:59.719000+00:00,2026-06-14 17:45:00+00:00,continuous,63815.5,63857.5,63650.0,63706.1,114981761.69440024
2026-06-14 18:14:59.958000+00:00,2026-06-14 18:00:00+00:00,continuous,63706.2,63772.7,63660.6,63711.2,74328586.15050043
2026-06-14 18:29:59.646000+00:00,2026-06-14 18:15:00+00:00,continuous,63711.2,63761.4,63650.9,63693.2,51242123.99219995
2026-06-14 18:44:59.518000+00:00,2026-06-14 18:30:00+00:00,continuous,63693.2,63772.4,63693.1,63742.3,42458240.34259957
2026-06-14 18:59:59.334000+00:00,2026-06-14 18:45:00+00:00,continuous,63742.2,63791.9,63736.1,63783.9,33981515.80869984
2026-06-14 19:14:59.610000+00:00,2026-06-14 19:00:00+00:00,continuous,63783.9,63821.8,63702.0,63757.6,27422740.96179993
2026-06-14 19:29:59.936000+00:00,2026-06-14 19:15:00+00:00,continuous,63757.6,63830.9,63755.5,63770.3,23620117.104100034
2026-06-14 19:44:58.264000+00:00,2026-06-14 19:30:00+00:00,continuous,63770.3,63809.7,63721.0,63732.6,19524942.529199995
2026-06-14 19:59:59.858000+00:00,2026-06-14 19:45:00+00:00,continuous,63732.6,63782.4,63716.6,63777.3,16069053.470499981
2026-06-14 20:14:59.456000+00:00,2026-06-14 20:00:00+00:00,continuous,63777.4,63840.0,63761.5,63792.4,40752955.62459993
2026-06-14 20:29:59.692000+00:00,2026-06-14 20:15:00+00:00,continuous,63792.3,63940.0,63792.3,63900.3,48858587.792799935
2026-06-14 20:44:59.360000+00:00,2026-06-14 20:30:00+00:00,continuous,63900.2,64070.0,63887.8,64016.0,84683523.46190026
2026-06-14 20:59:59.828000+00:00,2026-06-14 20:45:00+00:00,continuous,64015.9,64054.4,63968.5,63978.1,22163099.114099976
2026-06-14 21:14:59.992000+00:00,2026-06-14 21:00:00+00:00,continuous,63978.2,64080.9,63973.4,64076.0,42713731.505899966
2026-06-14 21:29:59.833000+00:00,2026-06-14 21:15:00+00:00,continuous,64076.0,64999.9,64075.9,64750.1,728429008.0178071
2026-06-14 21:44:59.997000+00:00,2026-06-14 21:30:00+00:00,continuous,64750.1,65444.0,64645.9,65235.2,615357037.8473024
2026-06-14 21:59:59.985000+00:00,2026-06-14 21:45:00+00:00,continuous,65235.3,65652.0,65235.3,65284.4,412590156.7669987
2026-06-14 22:14:59.897000+00:00,2026-06-14 22:00:00+00:00,continuous,65284.4,65513.9,64918.2,65090.0,466399207.0413968
2026-06-14 22:29:59.689000+00:00,2026-06-14 22:15:00+00:00,continuous,65090.1,65228.3,64965.2,65178.6,165795339.48040086
2026-06-14 22:44:59.958000+00:00,2026-06-14 22:30:00+00:00,continuous,65178.7,65555.0,65139.3,65439.6,192812579.62100014
2026-06-14 22:59:59.861000+00:00,2026-06-14 22:45:00+00:00,continuous,65439.7,65468.3,65303.4,65389.2,104164602.97780083
2026-06-14 23:14:59.749000+00:00,2026-06-14 23:00:00+00:00,continuous,65389.2,65596.6,65217.0,65529.8,174782713.3468995
2026-06-14 23:29:59.964000+00:00,2026-06-14 23:15:00+00:00,continuous,65529.7,65716.7,65470.3,65647.6,217837042.53250232
2026-06-14 23:44:59.962000+00:00,2026-06-14 23:30:00+00:00,continuous,65647.7,65715.3,65488.5,65531.2,123585878.23809972
2026-06-14 23:59:59.838000+00:00,2026-06-14 23:45:00+00:00,continuous,65531.3,65775.0,65519.9,65702.1,124788919.75909948
2026-06-15 00:14:59.981000+00:00,2026-06-15 00:00:00+00:00,continuous,65702.1,65880.0,65583.5,65848.4,171406598.04859972
2026-06-15 00:29:59.668000+00:00,2026-06-15 00:15:00+00:00,continuous,65848.4,65848.4,65630.0,65720.1,123651523.58990002
2026-06-15 00:44:59.936000+00:00,2026-06-15 00:30:00+00:00,continuous,65720.2,65734.3,65444.0,65507.9,234977470.40559942
2026-06-15 00:59:59.672000+00:00,2026-06-15 00:45:00+00:00,continuous,65508.0,65610.0,65468.8,65591.4,63679240.79370006
2026-06-15 01:14:59.810000+00:00,2026-06-15 01:00:00+00:00,continuous,65591.4,65595.7,65314.3,65472.2,154956705.4765991
2026-06-15 01:29:59.995000+00:00,2026-06-15 01:15:00+00:00,continuous,65472.2,65489.0,65319.0,65362.0,52034690.585699886
2026-06-15 01:44:59.948000+00:00,2026-06-15 01:30:00+00:00,continuous,65361.9,65705.6,65345.0,65674.1,119660395.34739973
2026-06-15 01:59:59.899000+00:00,2026-06-15 01:45:00+00:00,continuous,65674.1,65674.1,65439.3,65482.6,62086522.45789967
2026-06-15 02:14:59.684000+00:00,2026-06-15 02:00:00+00:00,continuous,65482.6,65632.8,65400.0,65623.4,71399862.36150004
2026-06-15 02:29:59.852000+00:00,2026-06-15 02:15:00+00:00,continuous,65623.3,65749.0,65589.6,65609.4,70796130.98749967
2026-06-15 02:44:58.890000+00:00,2026-06-15 02:30:00+00:00,continuous,65609.4,65638.7,65532.6,65532.7,49291166.27109967
2026-06-15 02:59:59.879000+00:00,2026-06-15 02:45:00+00:00,continuous,65532.6,65540.8,65383.6,65429.3,65721042.30120003
2026-06-15 03:14:59.901000+00:00,2026-06-15 03:00:00+00:00,continuous,65429.3,65699.0,65393.4,65695.1,107233582.61889967
2026-06-15 03:29:59.724000+00:00,2026-06-15 03:15:00+00:00,continuous,65695.1,65708.8,65642.6,65701.0,101836285.38639994
2026-06-15 03:44:59.992000+00:00,2026-06-15 03:30:00+00:00,continuous,65700.9,65912.7,65655.8,65881.7,216465297.59569997
2026-06-15 03:59:59.445000+00:00,2026-06-15 03:45:00+00:00,continuous,65881.6,65996.8,65805.8,65894.7,183105409.76739925
2026-06-15 04:14:59.874000+00:00,2026-06-15 04:00:00+00:00,continuous,65894.6,65894.7,65680.0,65692.8,86923434.59629987
2026-06-15 04:29:59.688000+00:00,2026-06-15 04:15:00+00:00,continuous,65692.7,65745.7,65666.2,65685.6,45134088.30170007
2026-06-15 04:44:59.978000+00:00,2026-06-15 04:30:00+00:00,continuous,65685.6,65709.9,65615.0,65653.9,46925836.67790014
2026-06-15 04:59:59.879000+00:00,2026-06-15 04:45:00+00:00,continuous,65653.9,65678.8,65601.8,65612.2,39940385.17230002
2026-06-15 05:14:59.030000+00:00,2026-06-15 05:00:00+00:00,continuous,65612.2,65660.0,65577.8,65660.0,50250513.20800002
2026-06-15 05:29:59.603000+00:00,2026-06-15 05:15:00+00:00,continuous,65660.0,65844.7,65655.5,65799.9,85462911.02519952
2026-06-15 05:44:59.165000+00:00,2026-06-15 05:30:00+00:00,continuous,65800.0,65806.9,65670.9,65690.4,32422137.178899948
2026-06-15 05:59:59.180000+00:00,2026-06-15 05:45:00+00:00,continuous,65690.4,65837.4,65675.1,65828.1,33430721.278799843
2026-06-15 06:14:59.518000+00:00,2026-06-15 06:00:00+00:00,continuous,65828.0,65888.8,65786.0,65856.3,67668393.02069983
2026-06-15 06:29:59.479000+00:00,2026-06-15 06:15:00+00:00,continuous,65856.4,65933.0,65824.3,65904.4,72389015.68299967
2026-06-15 06:44:59.592000+00:00,2026-06-15 06:30:00+00:00,continuous,65904.3,65917.2,65716.4,65778.4,89270358.9268999
2026-06-15 06:59:59.916000+00:00,2026-06-15 06:45:00+00:00,continuous,65778.4,65858.5,65766.5,65773.0,38753948.92199989
2026-06-15 07:14:59.866000+00:00,2026-06-15 07:00:00+00:00,continuous,65773.0,65836.1,65650.0,65781.7,56934773.629900165
2026-06-15 07:29:59.950000+00:00,2026-06-15 07:15:00+00:00,continuous,65781.7,65978.1,65781.6,65924.2,85374708.50619979
2026-06-15 07:44:59.825000+00:00,2026-06-15 07:30:00+00:00,continuous,65924.3,65924.3,65692.0,65711.5,107322132.38730071
2026-06-15 07:59:59.869000+00:00,2026-06-15 07:45:00+00:00,continuous,65711.5,65752.3,65580.0,65642.3,104604311.6988998
2026-06-15 08:14:59.481000+00:00,2026-06-15 08:00:00+00:00,continuous,65642.4,65727.9,65590.0,65701.0,62671790.21889989
2026-06-15 08:29:59.453000+00:00,2026-06-15 08:15:00+00:00,continuous,65701.0,65724.3,65580.3,65643.3,58277666.578999974
2026-06-15 08:44:59.606000+00:00,2026-06-15 08:30:00+00:00,continuous,65643.3,65762.0,65625.7,65734.9,31768894.98970011
2026-06-15 08:59:59.957000+00:00,2026-06-15 08:45:00+00:00,continuous,65734.9,65768.1,65594.1,65619.9,104138527.50550038
2026-06-15 09:14:59.797000+00:00,2026-06-15 09:00:00+00:00,continuous,65620.0,65680.0,65619.9,65645.1,37762864.162600026
2026-06-15 09:29:59.274000+00:00,2026-06-15 09:15:00+00:00,continuous,65645.1,65740.1,65612.0,65612.1,41807328.621800065
2026-06-15 09:44:59.410000+00:00,2026-06-15 09:30:00+00:00,continuous,65612.1,65618.8,65469.0,65540.7,81989494.07559994
2026-06-15 09:59:59.098000+00:00,2026-06-15 09:45:00+00:00,continuous,65540.7,65590.3,65478.8,65559.9,56594838.80700019
2026-06-15 10:14:59.730000+00:00,2026-06-15 10:00:00+00:00,continuous,65559.8,65724.0,65545.2,65700.2,50650955.486799985
2026-06-15 10:29:59.384000+00:00,2026-06-15 10:15:00+00:00,continuous,65700.3,65721.4,65663.4,65678.3,27731955.64299992
2026-06-15 10:44:59.617000+00:00,2026-06-15 10:30:00+00:00,continuous,65678.3,65722.6,65666.9,65722.6,23853126.328600008
2026-06-15 10:59:59.827000+00:00,2026-06-15 10:45:00+00:00,continuous,65722.6,65934.3,65682.2,65884.7,417013532.08840305
2026-06-15 11:14:59.873000+00:00,2026-06-15 11:00:00+00:00,continuous,65884.7,65988.0,65807.3,65899.9,182753081.45810074
2026-06-15 11:29:59.998000+00:00,2026-06-15 11:15:00+00:00,continuous,65900.0,66346.2,65894.7,66222.0,623639150.8204972
2026-06-15 11:44:59.704000+00:00,2026-06-15 11:30:00+00:00,continuous,66221.9,66269.9,66088.0,66118.5,144716305.1906993
2026-06-15 11:59:59.142000+00:00,2026-06-15 11:45:00+00:00,continuous,66118.4,66217.0,66083.2,66192.0,70863479.6022998
2026-06-15 12:14:59.965000+00:00,2026-06-15 12:00:00+00:00,continuous,66192.0,66283.0,66056.4,66249.1,133316158.98109967
2026-06-15 12:29:59.889000+00:00,2026-06-15 12:15:00+00:00,continuous,66249.1,66300.0,66143.2,66243.3,108320140.11379965
2026-06-15 12:44:59.967000+00:00,2026-06-15 12:30:00+00:00,continuous,66243.3,66441.0,66151.5,66441.0,323927363.47729975
2026-06-15 12:59:59.911000+00:00,2026-06-15 12:45:00+00:00,continuous,66440.9,66570.0,66381.3,66528.5,242022513.36829758
2026-06-15 13:14:59.716000+00:00,2026-06-15 13:00:00+00:00,continuous,66528.6,66665.8,66435.2,66579.8,309564685.71339756
2026-06-15 13:29:59.990000+00:00,2026-06-15 13:15:00+00:00,continuous,66579.9,66915.2,66557.6,66801.8,466679199.61920106
2026-06-15 13:44:59.806000+00:00,2026-06-15 13:30:00+00:00,continuous,66801.7,66853.8,66408.4,66541.3,415738157.7626023
2026-06-15 13:59:59.888000+00:00,2026-06-15 13:45:00+00:00,continuous,66541.4,66622.8,66375.1,66410.8,177224812.88999966
2026-06-15 14:14:59.988000+00:00,2026-06-15 14:00:00+00:00,continuous,66410.8,66433.2,66265.0,66416.4,247561081.3021997
2026-06-15 14:29:59.962000+00:00,2026-06-15 14:15:00+00:00,continuous,66416.3,66535.6,66367.7,66530.0,116599797.73140013
2026-06-15 14:44:59.962000+00:00,2026-06-15 14:30:00+00:00,continuous,66530.0,66530.0,66388.9,66500.0,75389215.76820052
2026-06-15 14:59:59.891000+00:00,2026-06-15 14:45:00+00:00,continuous,66500.0,66646.8,66500.0,66552.3,108740468.88699962
2026-06-15 15:14:59.479000+00:00,2026-06-15 15:00:00+00:00,continuous,66552.4,66661.3,66541.5,66587.4,71909951.4734998
2026-06-15 15:29:59.931000+00:00,2026-06-15 15:15:00+00:00,continuous,66587.5,66697.5,66547.9,66617.1,72241748.6714999
2026-06-15 15:44:59.962000+00:00,2026-06-15 15:30:00+00:00,continuous,66617.1,66880.0,66573.4,66871.7,174333164.23750052
2026-06-15 15:59:59.947000+00:00,2026-06-15 15:45:00+00:00,continuous,66871.6,67255.4,66871.6,67248.5,576385132.8025978
2026-06-15 16:14:59.962000+00:00,2026-06-15 16:00:00+00:00,continuous,67248.4,67254.5,67059.7,67210.8,203167563.84819946
2026-06-15 16:29:59.966000+00:00,2026-06-15 16:15:00+00:00,continuous,67210.7,67228.0,67051.1,67149.4,129484774.47320019
2026-06-15 16:44:59.987000+00:00,2026-06-15 16:30:00+00:00,continuous,67149.5,67237.3,67101.0,67129.2,97650609.02550015
2026-06-15 16:59:59.995000+00:00,2026-06-15 16:45:00+00:00,continuous,67129.3,67179.5,67055.0,67122.3,78532644.75419967
2026-06-15 17:14:59.704000+00:00,2026-06-15 17:00:00+00:00,continuous,67122.3,67122.4,66713.2,66869.8,304031028.3952
2026-06-15 17:29:59.951000+00:00,2026-06-15 17:15:00+00:00,continuous,66869.7,66952.8,66736.5,66782.9,87237950.82300036
2026-06-15 17:44:59.982000+00:00,2026-06-15 17:30:00+00:00,continuous,66782.8,66899.9,66635.1,66850.1,100125513.8170002
2026-06-15 17:59:59.730000+00:00,2026-06-15 17:45:00+00:00,continuous,66850.1,66917.0,66800.2,66820.7,56328417.03569986
2026-06-15 18:14:59.661000+00:00,2026-06-15 18:00:00+00:00,continuous,66820.7,66900.0,66678.5,66777.7,93188694.75020066
2026-06-15 18:29:59.613000+00:00,2026-06-15 18:15:00+00:00,continuous,66777.7,66856.9,66765.8,66791.2,38548301.626300015
2026-06-15 18:44:59.862000+00:00,2026-06-15 18:30:00+00:00,continuous,66791.2,66844.7,66710.0,66765.4,55688559.650099814
2026-06-15 18:59:59.690000+00:00,2026-06-15 18:45:00+00:00,continuous,66765.5,66888.0,66720.0,66726.1,50189006.1323001
2026-06-15 19:14:59.952000+00:00,2026-06-15 19:00:00+00:00,continuous,66726.1,66856.1,66687.4,66822.1,37103723.87050007
2026-06-15 19:29:59.958000+00:00,2026-06-15 19:15:00+00:00,continuous,66822.1,66851.6,66302.4,66495.0,211030252.33519986
2026-06-15 19:44:59.874000+00:00,2026-06-15 19:30:00+00:00,continuous,66495.0,66691.7,66493.3,66690.5,74484974.57740009
2026-06-15 19:59:59.945000+00:00,2026-06-15 19:45:00+00:00,continuous,66690.5,66719.7,66453.3,66579.2,88338808.05240029
2026-06-15 20:14:59.733000+00:00,2026-06-15 20:00:00+00:00,continuous,66579.1,66605.2,66456.8,66530.7,54119762.9175005
2026-06-15 20:29:59.671000+00:00,2026-06-15 20:15:00+00:00,continuous,66530.7,66570.0,66482.3,66544.0,28930577.639600024
2026-06-15 20:44:59.674000+00:00,2026-06-15 20:30:00+00:00,continuous,66544.0,66658.2,66544.0,66551.8,32374788.805000104
2026-06-15 20:59:59.673000+00:00,2026-06-15 20:45:00+00:00,continuous,66551.8,66551.8,66445.0,66489.6,33939999.31080002
2026-06-15 21:14:59.667000+00:00,2026-06-15 21:00:00+00:00,continuous,66489.6,66499.5,66391.2,66490.1,45757784.03689997
2026-06-15 21:29:59.944000+00:00,2026-06-15 21:15:00+00:00,continuous,66490.1,66534.8,66356.9,66379.4,44057981.16509997
2026-06-15 21:44:59.958000+00:00,2026-06-15 21:30:00+00:00,continuous,66379.3,66444.0,66284.8,66402.4,71919615.28489994
2026-06-15 21:59:59.890000+00:00,2026-06-15 21:45:00+00:00,continuous,66402.3,66416.9,66326.5,66337.1,33856875.47060009
2026-06-15 22:14:59.888000+00:00,2026-06-15 22:00:00+00:00,continuous,66337.1,66446.2,66321.0,66326.1,35868595.29889999
2026-06-15 22:29:59.905000+00:00,2026-06-15 22:15:00+00:00,continuous,66326.1,66382.8,66065.1,66131.1,145468463.27429923
2026-06-15 22:44:59.794000+00:00,2026-06-15 22:30:00+00:00,continuous,66131.1,66346.0,66068.7,66263.6,88014958.39310013
2026-06-15 22:59:59.914000+00:00,2026-06-15 22:45:00+00:00,continuous,66263.5,66301.5,66166.9,66170.0,97838472.0060996
2026-06-15 23:14:59.906000+00:00,2026-06-15 23:00:00+00:00,continuous,66170.0,66258.0,66150.0,66236.0,37310993.2292001
2026-06-15 23:29:59.681000+00:00,2026-06-15 23:15:00+00:00,continuous,66236.1,66267.7,66114.1,66199.4,44806870.36349994
2026-06-15 23:44:59.873000+00:00,2026-06-15 23:30:00+00:00,continuous,66199.4,66246.3,66086.6,66243.9,45939361.00880012
2026-06-15 23:59:59.575000+00:00,2026-06-15 23:45:00+00:00,continuous,66244.0,66335.5,66210.0,66285.9,55737031.660800055
2026-06-16 00:14:59.577000+00:00,2026-06-16 00:00:00+00:00,continuous,66285.9,66371.4,66235.0,66350.9,60117740.51169979
2026-06-16 00:29:59.492000+00:00,2026-06-16 00:15:00+00:00,continuous,66350.9,66383.4,66197.2,66210.9,59664535.23760024
2026-06-16 00:44:59.825000+00:00,2026-06-16 00:30:00+00:00,continuous,66210.8,66426.9,66204.0,66374.8,59762757.36759981
2026-06-16 00:59:59.916000+00:00,2026-06-16 00:45:00+00:00,continuous,66374.8,66400.0,66201.1,66216.9,48006036.436700016
2026-06-16 01:14:59.369000+00:00,2026-06-16 01:00:00+00:00,continuous,66216.8,66331.9,66206.6,66247.1,48409964.55509968
2026-06-16 01:29:59.991000+00:00,2026-06-16 01:15:00+00:00,continuous,66247.1,66345.9,66220.0,66335.0,37099723.287200145
2026-06-16 01:44:59.665000+00:00,2026-06-16 01:30:00+00:00,continuous,66335.0,66378.6,66313.0,66325.8,29192490.377799835
2026-06-16 01:59:59.719000+00:00,2026-06-16 01:45:00+00:00,continuous,66325.7,66388.8,66284.9,66309.9,37727359.22650002
2026-06-16 02:14:59.951000+00:00,2026-06-16 02:00:00+00:00,continuous,66309.9,66331.8,66014.2,66028.2,121694555.89729969
2026-06-16 02:29:59.847000+00:00,2026-06-16 02:15:00+00:00,continuous,66028.1,66125.7,65721.0,65735.4,235064581.13860062
2026-06-16 02:44:59.716000+00:00,2026-06-16 02:30:00+00:00,continuous,65735.3,65890.0,65717.6,65849.6,142607306.88200042
2026-06-16 02:59:59.974000+00:00,2026-06-16 02:45:00+00:00,continuous,65849.6,65858.8,65655.0,65714.1,100367653.8555999
2026-06-16 03:14:59.886000+00:00,2026-06-16 03:00:00+00:00,continuous,65714.0,65821.0,65650.6,65779.0,93472293.43200003
2026-06-16 03:29:59.983000+00:00,2026-06-16 03:15:00+00:00,continuous,65779.0,65978.6,65607.1,65946.2,131664468.0947007
2026-06-16 03:44:59.946000+00:00,2026-06-16 03:30:00+00:00,continuous,65946.3,66099.1,65939.9,66095.3,100920926.41839968
2026-06-16 03:59:59.797000+00:00,2026-06-16 03:45:00+00:00,continuous,66095.2,66145.4,66052.8,66125.4,109400406.59240039
2026-06-16 04:14:59.924000+00:00,2026-06-16 04:00:00+00:00,continuous,66125.4,66252.2,66099.0,66117.8,100123790.02779953
2026-06-16 04:29:59.916000+00:00,2026-06-16 04:15:00+00:00,continuous,66117.8,66134.1,65943.9,65944.0,81824328.99569973
2026-06-16 04:44:59.932000+00:00,2026-06-16 04:30:00+00:00,continuous,65943.9,65944.0,65768.7,65855.0,135602489.2654003
2026-06-16 04:59:59.996000+00:00,2026-06-16 04:45:00+00:00,continuous,65855.1,65874.7,65780.0,65811.1,48984062.17689985
2026-06-16 05:14:59.894000+00:00,2026-06-16 05:00:00+00:00,continuous,65811.1,66041.9,65811.1,65988.0,90738067.99169949
2026-06-16 05:29:59.230000+00:00,2026-06-16 05:15:00+00:00,continuous,65988.1,66090.9,65930.7,66041.1,47122406.00809979
2026-06-16 05:44:59.659000+00:00,2026-06-16 05:30:00+00:00,continuous,66041.2,66091.2,65974.1,66060.1,51065232.90330029
2026-06-16 05:59:59.897000+00:00,2026-06-16 05:45:00+00:00,continuous,66060.1,66119.9,66019.6,66028.0,43144169.14969992
2026-06-16 06:14:59.813000+00:00,2026-06-16 06:00:00+00:00,continuous,66028.1,66167.9,66025.1,66153.4,47316819.856500044
2026-06-16 06:29:59.916000+00:00,2026-06-16 06:15:00+00:00,continuous,66153.4,66324.6,66117.0,66306.6,91302296.78060053
2026-06-16 06:44:59.930000+00:00,2026-06-16 06:30:00+00:00,continuous,66306.6,66543.5,66257.3,66361.1,163260796.05139995
2026-06-16 06:59:59.820000+00:00,2026-06-16 06:45:00+00:00,continuous,66361.1,66505.9,66353.2,66406.4,71816773.10339981
2026-06-16 07:14:59.925000+00:00,2026-06-16 07:00:00+00:00,continuous,66406.3,66497.0,66306.0,66306.0,64199057.97259969
2026-06-16 07:29:59.556000+00:00,2026-06-16 07:15:00+00:00,continuous,66306.0,66450.7,66278.3,66301.4,116988240.86909956
2026-06-16 07:44:59.066000+00:00,2026-06-16 07:30:00+00:00,continuous,66301.4,66399.0,66280.0,66288.5,45290744.06049997
2026-06-16 07:59:59.419000+00:00,2026-06-16 07:45:00+00:00,continuous,66288.5,66350.0,66272.1,66341.7,35829700.25859995
2026-06-16 08:14:59.812000+00:00,2026-06-16 08:00:00+00:00,continuous,66341.8,66472.1,66310.5,66435.8,52367750.55470002
2026-06-16 08:29:59.436000+00:00,2026-06-16 08:15:00+00:00,continuous,66435.9,66541.9,66344.9,66518.9,95190805.87560044
2026-06-16 08:44:59.943000+00:00,2026-06-16 08:30:00+00:00,continuous,66518.9,66625.0,66461.9,66583.4,173912686.49489847
2026-06-16 08:59:59.883000+00:00,2026-06-16 08:45:00+00:00,continuous,66583.4,66956.7,66530.1,66863.9,284659702.0861978
2026-06-16 09:14:59.935000+00:00,2026-06-16 09:00:00+00:00,continuous,66863.9,66884.6,66690.7,66735.7,129221823.28729951
2026-06-16 09:29:58.676000+00:00,2026-06-16 09:15:00+00:00,continuous,66735.7,66735.7,66525.0,66581.4,86908439.02989952
2026-06-16 09:44:59.008000+00:00,2026-06-16 09:30:00+00:00,continuous,66581.4,66706.4,66546.7,66669.8,66576505.42070013
2026-06-16 09:59:58.684000+00:00,2026-06-16 09:45:00+00:00,continuous,66669.8,66699.6,66440.1,66478.4,70963430.31490025
2026-06-16 10:14:58.734000+00:00,2026-06-16 10:00:00+00:00,continuous,66478.5,66563.1,66463.2,66509.9,45693087.9073002
2026-06-16 10:29:59.832000+00:00,2026-06-16 10:15:00+00:00,continuous,66509.8,66755.5,66509.8,66633.4,116738364.22039974
2026-06-16 10:44:59.897000+00:00,2026-06-16 10:30:00+00:00,continuous,66633.4,66637.5,66539.2,66579.9,39573786.30320006
2026-06-16 10:59:59.257000+00:00,2026-06-16 10:45:00+00:00,continuous,66579.9,66592.4,66451.1,66476.1,53314547.86169993
2026-06-16 11:14:59.885000+00:00,2026-06-16 11:00:00+00:00,continuous,66476.1,66619.3,66402.4,66484.0,60603088.0311
2026-06-16 11:29:59.859000+00:00,2026-06-16 11:15:00+00:00,continuous,66484.1,66556.8,66359.4,66445.1,60786554.008599944
2026-06-16 11:44:59.817000+00:00,2026-06-16 11:30:00+00:00,continuous,66445.0,66452.6,66325.4,66376.9,55860487.95660005
2026-06-16 11:59:59.768000+00:00,2026-06-16 11:45:00+00:00,continuous,66376.9,66463.7,66345.2,66456.0,47279815.801400065
2026-06-16 12:14:59.696000+00:00,2026-06-16 12:00:00+00:00,continuous,66456.0,66538.0,66370.0,66520.0,78665306.34559977
2026-06-16 12:29:59.958000+00:00,2026-06-16 12:15:00+00:00,continuous,66519.9,66650.0,66510.1,66552.5,112625907.01330039
2026-06-16 12:44:59.946000+00:00,2026-06-16 12:30:00+00:00,continuous,66552.5,66787.1,66410.0,66460.1,160263573.7527998
2026-06-16 12:59:59.691000+00:00,2026-06-16 12:45:00+00:00,continuous,66460.0,66472.3,66325.2,66390.5,88354423.38380015
2026-06-16 13:14:59.999000+00:00,2026-06-16 13:00:00+00:00,continuous,66390.5,66435.6,65970.0,66173.9,257916100.49130118
2026-06-16 13:29:59.782000+00:00,2026-06-16 13:15:00+00:00,continuous,66173.8,66240.1,65988.0,65988.1,126255424.7975997
2026-06-16 13:44:59.725000+00:00,2026-06-16 13:30:00+00:00,continuous,65988.0,66137.0,65893.2,66100.0,222638107.09480217
2026-06-16 13:59:59.965000+00:00,2026-06-16 13:45:00+00:00,continuous,66099.9,66180.0,65961.8,66012.7,117270573.63810034
2026-06-16 14:14:59.896000+00:00,2026-06-16 14:00:00+00:00,continuous,66012.8,66239.3,65980.0,65999.9,143776808.975701
2026-06-16 14:29:59.982000+00:00,2026-06-16 14:15:00+00:00,continuous,65999.9,66036.2,65461.1,65524.2,450154177.137396
2026-06-16 14:44:59.853000+00:00,2026-06-16 14:30:00+00:00,continuous,65524.3,65720.7,65328.8,65663.9,323151005.85279703
2026-06-16 14:59:59.843000+00:00,2026-06-16 14:45:00+00:00,continuous,65664.0,65749.9,65574.3,65630.2,106864297.0565013
2026-06-16 15:14:59.632000+00:00,2026-06-16 15:00:00+00:00,continuous,65630.2,65856.0,65580.0,65834.0,147724217.46489972
2026-06-16 15:29:59.678000+00:00,2026-06-16 15:15:00+00:00,continuous,65833.9,65885.0,65683.8,65789.6,137078212.0084993
2026-06-16 15:44:59.630000+00:00,2026-06-16 15:30:00+00:00,continuous,65789.7,65981.5,65780.0,65814.6,107296720.91430032
2026-06-16 15:59:59.997000+00:00,2026-06-16 15:45:00+00:00,continuous,65814.7,65965.0,65667.5,65841.8,112018817.33589955
2026-06-16 16:14:59.961000+00:00,2026-06-16 16:00:00+00:00,continuous,65841.7,65932.3,65738.5,65744.2,63852701.231100254
2026-06-16 16:29:59.603000+00:00,2026-06-16 16:15:00+00:00,continuous,65744.3,65800.1,65692.1,65764.1,59727528.55649993
2026-06-16 16:44:59.121000+00:00,2026-06-16 16:30:00+00:00,continuous,65764.1,65846.1,65676.5,65784.7,38498407.34900031
2026-06-16 16:59:59.982000+00:00,2026-06-16 16:45:00+00:00,continuous,65784.7,65800.4,65675.2,65730.8,54174487.985699974
2026-06-16 17:14:59.817000+00:00,2026-06-16 17:00:00+00:00,continuous,65730.9,65829.7,65708.8,65761.5,38988050.88520001
2026-06-16 17:29:59.364000+00:00,2026-06-16 17:15:00+00:00,continuous,65761.6,65846.8,65677.1,65725.4,35817327.29629999
2026-06-16 17:44:59.473000+00:00,2026-06-16 17:30:00+00:00,continuous,65725.4,65800.0,65682.1,65726.2,29154347.338299975
2026-06-16 17:59:59.911000+00:00,2026-06-16 17:45:00+00:00,continuous,65726.2,65991.7,65707.7,65946.2,117788012.376
2026-06-16 18:14:59.766000+00:00,2026-06-16 18:00:00+00:00,continuous,65946.2,66246.1,65921.1,66105.1,165033746.35150048
2026-06-16 18:29:59.944000+00:00,2026-06-16 18:15:00+00:00,continuous,66105.1,66106.6,65839.0,65885.5,78974702.14260016
2026-06-16 18:44:59.828000+00:00,2026-06-16 18:30:00+00:00,continuous,65885.5,65950.0,65767.0,65817.4,60490345.18020009
2026-06-16 18:59:59.641000+00:00,2026-06-16 18:45:00+00:00,continuous,65817.3,65911.2,65792.1,65822.4,57642052.868400134
2026-06-16 19:14:59.546000+00:00,2026-06-16 19:00:00+00:00,continuous,65822.5,65822.5,65620.4,65640.4,109865563.54760025
2026-06-16 19:29:59.318000+00:00,2026-06-16 19:15:00+00:00,continuous,65640.4,65700.0,65529.0,65678.6,70172519.09269987
2026-06-16 19:44:59.784000+00:00,2026-06-16 19:30:00+00:00,continuous,65678.6,65760.0,65570.0,65616.9,53419865.40669992
2026-06-16 19:59:59.748000+00:00,2026-06-16 19:45:00+00:00,continuous,65616.9,65706.8,65532.1,65653.2,92499291.23070003
2026-06-16 20:14:59.865000+00:00,2026-06-16 20:00:00+00:00,continuous,65653.2,65737.1,65561.3,65737.1,57050010.22859992
2026-06-16 20:29:59.370000+00:00,2026-06-16 20:15:00+00:00,continuous,65737.0,65819.7,65660.0,65695.1,45957851.86630006
2026-06-16 20:44:58.660000+00:00,2026-06-16 20:30:00+00:00,continuous,65695.2,65811.0,65690.0,65808.6,42099701.656700045
2026-06-16 20:59:59.364000+00:00,2026-06-16 20:45:00+00:00,continuous,65808.5,65832.7,65791.1,65824.0,20368373.97529985
2026-06-16 21:14:58.335000+00:00,2026-06-16 21:00:00+00:00,continuous,65824.0,65908.4,65803.7,65885.3,46151697.33970028
2026-06-16 21:29:59.408000+00:00,2026-06-16 21:15:00+00:00,continuous,65885.3,65888.0,65679.8,65696.4,53221998.32470016
2026-06-16 21:44:59.199000+00:00,2026-06-16 21:30:00+00:00,continuous,65696.3,65724.1,65609.8,65702.9,32968643.636500023
2026-06-16 21:59:59.773000+00:00,2026-06-16 21:45:00+00:00,continuous,65702.8,65750.0,65676.6,65741.2,39520696.652999945
2026-06-16 22:14:59.674000+00:00,2026-06-16 22:00:00+00:00,continuous,65741.3,65851.9,65677.5,65811.1,81086741.73139991
2026-06-16 22:29:59.583000+00:00,2026-06-16 22:15:00+00:00,continuous,65811.2,65855.0,65683.0,65741.1,34068765.30599998
2026-06-16 22:44:59.019000+00:00,2026-06-16 22:30:00+00:00,continuous,65741.0,65756.6,65666.5,65691.3,30722373.732000023
2026-06-16 22:59:59.876000+00:00,2026-06-16 22:45:00+00:00,continuous,65691.2,65762.6,65644.6,65745.2,23357379.850699935
2026-06-16 23:14:59.648000+00:00,2026-06-16 23:00:00+00:00,continuous,65745.2,65805.0,65690.0,65730.4,23274537.379399963
2026-06-16 23:29:59.212000+00:00,2026-06-16 23:15:00+00:00,continuous,65730.4,65730.5,65610.0,65705.7,31009691.25839997
2026-06-16 23:44:59.987000+00:00,2026-06-16 23:30:00+00:00,continuous,65705.6,65753.0,65676.0,65687.4,17963569.45959999
2026-06-16 23:59:59.969000+00:00,2026-06-16 23:45:00+00:00,continuous,65687.3,65687.3,65580.1,65644.8,43759136.97939992
2026-06-17 00:14:59.362000+00:00,2026-06-17 00:00:00+00:00,continuous,65644.8,65779.0,65644.8,65716.7,34332815.12650007
2026-06-17 00:29:59.734000+00:00,2026-06-17 00:15:00+00:00,continuous,65716.7,65769.6,65671.8,65694.8,33144383.23029987
2026-06-17 00:44:59.759000+00:00,2026-06-17 00:30:00+00:00,continuous,65694.8,65812.5,65657.6,65794.7,34198353.11590004
2026-06-17 00:59:59.843000+00:00,2026-06-17 00:45:00+00:00,continuous,65794.7,65821.0,65668.3,65679.4,37947642.06690001
2026-06-17 01:14:59.680000+00:00,2026-06-17 01:00:00+00:00,continuous,65679.4,65800.0,65650.0,65765.3,32079122.10329999
2026-06-17 01:29:59.218000+00:00,2026-06-17 01:15:00+00:00,continuous,65765.4,65765.4,65427.9,65556.9,162819735.6102002
2026-06-17 01:44:59.442000+00:00,2026-06-17 01:30:00+00:00,continuous,65556.9,65786.2,65508.0,65729.9,57178227.87700024
2026-06-17 01:59:59.929000+00:00,2026-06-17 01:45:00+00:00,continuous,65729.9,65925.1,65729.9,65901.1,61987492.515799835
2026-06-17 02:14:59.666000+00:00,2026-06-17 02:00:00+00:00,continuous,65901.1,65910.8,65801.5,65865.1,39599334.478400186
2026-06-17 02:29:59.750000+00:00,2026-06-17 02:15:00+00:00,continuous,65865.1,66092.5,65837.1,66066.0,96506605.27329932
2026-06-17 02:44:59.936000+00:00,2026-06-17 02:30:00+00:00,continuous,66065.9,66072.9,65743.0,65825.1,58953649.272800036
2026-06-17 02:59:59.904000+00:00,2026-06-17 02:45:00+00:00,continuous,65825.0,65879.7,65790.8,65872.7,34830832.39839992
2026-06-17 03:14:59.589000+00:00,2026-06-17 03:00:00+00:00,continuous,65872.6,65872.7,65770.0,65783.1,29415294.47319994
2026-06-17 03:29:58.898000+00:00,2026-06-17 03:15:00+00:00,continuous,65783.1,65783.1,65671.8,65742.7,55294021.9436999
2026-06-17 03:44:59.975000+00:00,2026-06-17 03:30:00+00:00,continuous,65742.6,65850.0,65742.6,65765.3,19996899.164300002
2026-06-17 03:59:59.207000+00:00,2026-06-17 03:45:00+00:00,continuous,65765.4,65824.6,65729.2,65818.6,20003016.15670002
2026-06-17 04:14:59.883000+00:00,2026-06-17 04:00:00+00:00,continuous,65818.6,65868.7,65786.6,65810.7,19560186.11199998
2026-06-17 04:29:59.932000+00:00,2026-06-17 04:15:00+00:00,continuous,65810.6,65875.0,65744.2,65864.2,26281933.01279999
2026-06-17 04:44:59.788000+00:00,2026-06-17 04:30:00+00:00,continuous,65864.2,65913.6,65828.5,65887.7,26472264.12399993
2026-06-17 04:59:59.878000+00:00,2026-06-17 04:45:00+00:00,continuous,65887.8,66019.0,65852.5,65852.5,52660485.58610008
2026-06-17 05:14:59.806000+00:00,2026-06-17 05:00:00+00:00,continuous,65852.5,65948.5,65750.0,65775.0,40451081.965699986
2026-06-17 05:29:59.933000+00:00,2026-06-17 05:15:00+00:00,continuous,65775.0,65830.0,65702.9,65816.1,41693569.93280002
2026-06-17 05:44:59.581000+00:00,2026-06-17 05:30:00+00:00,continuous,65816.0,65897.3,65785.1,65879.0,24631758.10100006
2026-06-17 05:59:59.355000+00:00,2026-06-17 05:45:00+00:00,continuous,65878.9,65899.0,65733.3,65796.1,34839819.74989992
2026-06-17 06:14:59.783000+00:00,2026-06-17 06:00:00+00:00,continuous,65796.1,65830.0,65749.5,65818.6,26406594.94519989
2026-06-17 06:29:59.969000+00:00,2026-06-17 06:15:00+00:00,continuous,65818.7,65869.8,65610.0,65615.7,49563100.041999966
2026-06-17 06:44:58.800000+00:00,2026-06-17 06:30:00+00:00,continuous,65615.6,65705.6,65535.0,65606.6,111084943.66970007
2026-06-17 06:59:59.727000+00:00,2026-06-17 06:45:00+00:00,continuous,65606.6,65644.6,65567.1,65589.4,37034174.1370999
2026-06-17 07:14:59.819000+00:00,2026-06-17 07:00:00+00:00,continuous,65589.4,65671.8,65516.4,65660.9,116030400.49880026
2026-06-17 07:29:59.928000+00:00,2026-06-17 07:15:00+00:00,continuous,65660.9,65680.3,65432.1,65521.7,89662355.96800005
2026-06-17 07:44:59.882000+00:00,2026-06-17 07:30:00+00:00,continuous,65521.7,65552.6,65446.9,65501.4,84812115.01279964
2026-06-17 07:59:59.716000+00:00,2026-06-17 07:45:00+00:00,continuous,65501.5,65569.8,65200.0,65504.0,316227695.6015986
2026-06-17 08:14:59.889000+00:00,2026-06-17 08:00:00+00:00,continuous,65503.9,65549.8,65300.9,65304.8,80898832.53560005
2026-06-17 08:29:59.294000+00:00,2026-06-17 08:15:00+00:00,continuous,65304.8,65364.3,65208.4,65291.1,106362717.37310025
2026-06-17 08:44:59.962000+00:00,2026-06-17 08:30:00+00:00,continuous,65291.2,65291.2,64875.0,64881.3,445315436.0003035
2026-06-17 08:59:59.968000+00:00,2026-06-17 08:45:00+00:00,continuous,64881.4,64991.6,64800.0,64889.8,253542554.6682984
2026-06-17 09:14:59.254000+00:00,2026-06-17 09:00:00+00:00,continuous,64889.9,65011.2,64872.3,64940.5,169715768.06309867
2026-06-17 09:29:59.739000+00:00,2026-06-17 09:15:00+00:00,continuous,64940.5,65045.0,64890.0,65012.6,86462272.89350058
2026-06-17 09:44:59.802000+00:00,2026-06-17 09:30:00+00:00,continuous,65012.6,65029.1,64888.0,64917.0,65413377.769400105
2026-06-17 09:59:59.965000+00:00,2026-06-17 09:45:00+00:00,continuous,64917.0,64976.1,64800.4,64880.1,75569585.13000003
2026-06-17 10:14:59.326000+00:00,2026-06-17 10:00:00+00:00,continuous,64880.0,64964.2,64771.1,64854.8,97274653.5968008
2026-06-17 10:29:59.725000+00:00,2026-06-17 10:15:00+00:00,continuous,64854.9,64950.0,64827.0,64907.6,47913614.31110022
2026-06-17 10:44:59.771000+00:00,2026-06-17 10:30:00+00:00,continuous,64907.6,64946.3,64832.4,64886.7,29226030.335900072
2026-06-17 10:59:59.961000+00:00,2026-06-17 10:45:00+00:00,continuous,64886.5,64914.9,64733.5,64770.4,80916446.03940055
2026-06-17 11:14:59.820000+00:00,2026-06-17 11:00:00+00:00,continuous,64770.4,64825.6,64525.0,64571.1,249304236.1304992
2026-06-17 11:29:59.864000+00:00,2026-06-17 11:15:00+00:00,continuous,64571.1,64715.9,64528.3,64668.2,112081265.28100042
2026-06-17 11:44:59.671000+00:00,2026-06-17 11:30:00+00:00,continuous,64668.2,64776.0,64635.0,64766.3,91871347.13430035
2026-06-17 11:59:59.955000+00:00,2026-06-17 11:45:00+00:00,continuous,64766.2,64834.9,64766.2,64774.5,75094254.6086
2026-06-17 12:14:59.632000+00:00,2026-06-17 12:00:00+00:00,continuous,64774.6,64844.4,64698.5,64825.7,94028574.2341
2026-06-17 12:29:59.820000+00:00,2026-06-17 12:15:00+00:00,continuous,64825.6,64825.7,64606.7,64654.8,102541118.7010999
2026-06-17 12:44:59.830000+00:00,2026-06-17 12:30:00+00:00,continuous,64654.8,64896.4,64550.7,64881.0,116390106.88490002
2026-06-17 12:59:59.984000+00:00,2026-06-17 12:45:00+00:00,continuous,64881.1,65080.3,64880.3,65005.3,204359632.15379927
2026-06-17 13:14:59.895000+00:00,2026-06-17 13:00:00+00:00,continuous,65005.2,65060.6,64941.4,65042.8,106031228.69209923
2026-06-17 13:29:59.866000+00:00,2026-06-17 13:15:00+00:00,continuous,65042.8,65042.8,64829.0,64884.6,138351309.4574004
2026-06-17 13:44:59.977000+00:00,2026-06-17 13:30:00+00:00,continuous,64884.4,65305.0,64804.1,65249.0,274844708.7023999
2026-06-17 13:59:59.969000+00:00,2026-06-17 13:45:00+00:00,continuous,65249.0,65333.0,65190.0,65232.9,131448687.36360127
2026-06-17 14:14:59.974000+00:00,2026-06-17 14:00:00+00:00,continuous,65232.6,65323.6,65088.1,65309.5,124713047.92199984
2026-06-17 14:29:59.683000+00:00,2026-06-17 14:15:00+00:00,continuous,65309.5,65434.1,65100.0,65215.6,127200233.43189979
2026-06-17 14:44:59.993000+00:00,2026-06-17 14:30:00+00:00,continuous,65215.5,65260.6,65012.2,65074.1,88880882.30180046
2026-06-17 14:59:59.945000+00:00,2026-06-17 14:45:00+00:00,continuous,65074.0,65260.0,64722.6,65072.4,314410413.4584993
2026-06-17 15:14:59.987000+00:00,2026-06-17 15:00:00+00:00,continuous,65072.4,65214.8,64943.5,65201.1,89270301.06939931
2026-06-17 15:29:59.400000+00:00,2026-06-17 15:15:00+00:00,continuous,65201.0,65392.9,65160.0,65304.5,113356170.43449955
2026-06-17 15:44:59.670000+00:00,2026-06-17 15:30:00+00:00,continuous,65304.6,65495.4,65227.3,65466.5,150837991.23939985
2026-06-17 15:59:59.988000+00:00,2026-06-17 15:45:00+00:00,continuous,65466.6,65834.1,65440.1,65712.7,282622656.41289735
2026-06-17 16:14:59.760000+00:00,2026-06-17 16:00:00+00:00,continuous,65712.7,65850.0,65676.8,65815.1,157791768.6580991
2026-06-17 16:29:59.976000+00:00,2026-06-17 16:15:00+00:00,continuous,65815.2,66419.2,65779.0,66222.9,438478362.8601023
2026-06-17 16:44:59.854000+00:00,2026-06-17 16:30:00+00:00,continuous,66222.8,66271.0,65864.5,65926.2,251194600.8933005
2026-06-17 16:59:59.702000+00:00,2026-06-17 16:45:00+00:00,continuous,65926.2,65983.5,65803.3,65829.7,80087981.98849997
2026-06-17 17:14:59.931000+00:00,2026-06-17 17:00:00+00:00,continuous,65829.6,65950.6,65755.0,65819.9,94887218.3917002
2026-06-17 17:29:59.727000+00:00,2026-06-17 17:15:00+00:00,continuous,65819.9,65982.9,65792.9,65930.1,51521962.17899985
2026-06-17 17:44:59.959000+00:00,2026-06-17 17:30:00+00:00,continuous,65930.1,65981.6,65800.1,65826.6,49683068.71139969
2026-06-17 17:59:59.977000+00:00,2026-06-17 17:45:00+00:00,continuous,65826.7,66160.0,65780.2,66073.1,153275857.01410097
2026-06-17 18:14:59.929000+00:00,2026-06-17 18:00:00+00:00,continuous,66073.0,66085.3,64746.6,65264.8,1194433718.6218872
2026-06-17 18:29:59.991000+00:00,2026-06-17 18:15:00+00:00,continuous,65264.7,65517.0,65228.1,65369.6,171877794.68330035
2026-06-17 18:44:59.933000+00:00,2026-06-17 18:30:00+00:00,continuous,65369.7,66041.9,65238.6,66006.1,438761551.6803009
2026-06-17 18:59:59.883000+00:00,2026-06-17 18:45:00+00:00,continuous,66006.2,66013.3,65316.4,65481.3,311831500.8622029
2026-06-17 19:14:59.802000+00:00,2026-06-17 19:00:00+00:00,continuous,65481.2,65632.0,65057.0,65335.4,246049111.6381965
2026-06-17 19:29:59.906000+00:00,2026-06-17 19:15:00+00:00,continuous,65335.5,65356.3,64286.2,64436.4,713081684.7486993
2026-06-17 19:44:59.969000+00:00,2026-06-17 19:30:00+00:00,continuous,64436.5,64653.4,64115.5,64147.0,461120693.3701957
2026-06-17 19:59:59.991000+00:00,2026-06-17 19:45:00+00:00,continuous,64147.1,64289.9,64015.0,64271.3,359384227.4815036
2026-06-17 20:14:59.977000+00:00,2026-06-17 20:00:00+00:00,continuous,64271.4,64430.0,64153.8,64187.3,192700516.35649797
2026-06-17 20:29:59.571000+00:00,2026-06-17 20:15:00+00:00,continuous,64187.3,64434.7,64174.6,64335.9,85271397.81140052
2026-06-17 20:44:59.975000+00:00,2026-06-17 20:30:00+00:00,continuous,64335.9,64460.8,64200.1,64200.2,84214956.9816998
2026-06-17 20:59:59.952000+00:00,2026-06-17 20:45:00+00:00,continuous,64200.2,64411.0,64137.1,64405.9,89486521.38180052
2026-06-17 21:14:59.577000+00:00,2026-06-17 21:00:00+00:00,continuous,64405.9,64427.0,64230.2,64296.4,57585864.77360013
2026-06-17 21:29:59.882000+00:00,2026-06-17 21:15:00+00:00,continuous,64296.4,64358.6,64231.3,64238.7,51855467.30759981
2026-06-17 21:44:59.661000+00:00,2026-06-17 21:30:00+00:00,continuous,64238.7,64400.0,64129.5,64152.9,81339449.05720036
2026-06-17 21:59:59.791000+00:00,2026-06-17 21:45:00+00:00,continuous,64152.9,64254.2,64104.0,64229.4,75199760.27860066
2026-06-17 22:14:59.780000+00:00,2026-06-17 22:00:00+00:00,continuous,64229.4,64231.8,63881.2,64072.5,238429820.5437995
2026-06-17 22:29:59.548000+00:00,2026-06-17 22:15:00+00:00,continuous,64072.4,64350.1,64036.6,64336.5,97882401.5471997
2026-06-17 22:44:59.438000+00:00,2026-06-17 22:30:00+00:00,continuous,64336.5,64415.7,64209.4,64238.3,81943177.03440002
2026-06-17 22:59:58.757000+00:00,2026-06-17 22:45:00+00:00,continuous,64238.4,64389.9,64231.6,64265.3,63838597.4557001
2026-06-17 23:14:59.386000+00:00,2026-06-17 23:00:00+00:00,continuous,64265.3,64381.2,64216.6,64294.8,42525524.58500012
2026-06-17 23:29:59.431000+00:00,2026-06-17 23:15:00+00:00,continuous,64294.8,64495.3,64294.8,64466.3,73217798.70239931
2026-06-17 23:44:59.994000+00:00,2026-06-17 23:30:00+00:00,continuous,64466.2,64494.9,64366.1,64413.4,35775362.68730026
2026-06-17 23:59:59.698000+00:00,2026-06-17 23:45:00+00:00,continuous,64413.3,64488.1,64366.1,64472.9,37038639.80610007
2026-06-18 00:14:59.262000+00:00,2026-06-18 00:00:00+00:00,continuous,64472.9,64630.0,64455.4,64604.7,75219461.0458001
2026-06-18 00:29:59.352000+00:00,2026-06-18 00:15:00+00:00,continuous,64604.8,64676.5,64510.0,64560.5,59919651.0081999
2026-06-18 00:44:59.985000+00:00,2026-06-18 00:30:00+00:00,continuous,64560.6,64671.2,64470.4,64554.3,40796005.47110001
2026-06-18 00:59:59.906000+00:00,2026-06-18 00:45:00+00:00,continuous,64554.4,64588.0,64422.4,64432.8,41501315.87940014
2026-06-18 01:14:59.712000+00:00,2026-06-18 01:00:00+00:00,continuous,64432.8,64780.0,64429.1,64703.7,117530932.52029955
2026-06-18 01:29:59.635000+00:00,2026-06-18 01:15:00+00:00,continuous,64703.8,64713.5,64584.6,64629.6,40761250.45799995
2026-06-18 01:44:59.829000+00:00,2026-06-18 01:30:00+00:00,continuous,64629.5,64722.0,64570.1,64585.7,41132962.1818
2026-06-18 01:59:59.684000+00:00,2026-06-18 01:45:00+00:00,continuous,64585.7,64585.7,64444.1,64520.9,40443454.4489
2026-06-18 02:14:59.495000+00:00,2026-06-18 02:00:00+00:00,continuous,64520.9,64650.0,64500.0,64541.5,42799025.70699992
2026-06-18 02:29:59.157000+00:00,2026-06-18 02:15:00+00:00,continuous,64541.5,64720.8,64453.2,64672.7,57974879.86580036
2026-06-18 02:44:59.750000+00:00,2026-06-18 02:30:00+00:00,continuous,64672.6,64741.2,64645.6,64735.0,30916648.852700066
2026-06-18 02:59:59.498000+00:00,2026-06-18 02:45:00+00:00,continuous,64735.0,64750.0,64641.1,64652.3,32691596.71890001
2026-06-18 03:14:59.980000+00:00,2026-06-18 03:00:00+00:00,continuous,64652.3,64652.3,64487.5,64492.1,50670286.77729976
2026-06-18 03:29:59.987000+00:00,2026-06-18 03:15:00+00:00,continuous,64492.1,64502.3,64280.7,64280.9,86851274.56389983
2026-06-18 03:44:59.994000+00:00,2026-06-18 03:30:00+00:00,continuous,64280.8,64370.7,64228.9,64298.0,98713360.31259961
2026-06-18 03:59:59.790000+00:00,2026-06-18 03:45:00+00:00,continuous,64298.1,64380.9,64241.3,64255.0,91498825.92910016
2026-06-18 04:14:59.975000+00:00,2026-06-18 04:00:00+00:00,continuous,64255.0,64323.4,63785.0,63908.2,311683180.8652022
2026-06-18 04:29:59.995000+00:00,2026-06-18 04:15:00+00:00,continuous,63908.3,64079.8,63821.9,63911.9,138173408.8468991
2026-06-18 04:44:59.924000+00:00,2026-06-18 04:30:00+00:00,continuous,63912.0,63958.3,63848.4,63850.0,81638047.75250031
2026-06-18 04:59:59.987000+00:00,2026-06-18 04:45:00+00:00,continuous,63850.0,63946.1,63800.1,63850.1,93246450.22909938
2026-06-18 05:14:59.643000+00:00,2026-06-18 05:00:00+00:00,continuous,63850.1,63947.7,63660.1,63888.5,217287102.68029982
2026-06-18 05:29:59.886000+00:00,2026-06-18 05:15:00+00:00,continuous,63888.5,63972.3,63877.7,63893.2,65625152.02850033
2026-06-18 05:44:59.663000+00:00,2026-06-18 05:30:00+00:00,continuous,63893.1,64000.0,63820.4,63900.0,51960190.885999955
2026-06-18 05:59:59.702000+00:00,2026-06-18 05:45:00+00:00,continuous,63900.0,63979.2,63849.6,63961.8,45663880.51779995
2026-06-18 06:14:59.526000+00:00,2026-06-18 06:00:00+00:00,continuous,63961.9,64049.4,63851.4,63927.2,77400345.24660006
2026-06-18 06:29:59.633000+00:00,2026-06-18 06:15:00+00:00,continuous,63927.2,63970.9,63811.3,63958.8,43833534.788300194
2026-06-18 06:44:59.979000+00:00,2026-06-18 06:30:00+00:00,continuous,63958.7,64071.2,63939.0,64068.2,68520670.25340022
2026-06-18 06:59:59.968000+00:00,2026-06-18 06:45:00+00:00,continuous,64068.3,64097.7,64025.5,64054.9,83676018.52919959
2026-06-18 07:14:59.596000+00:00,2026-06-18 07:00:00+00:00,continuous,64054.9,64076.4,63985.3,64065.0,69142449.03920007
2026-06-18 07:29:59.822000+00:00,2026-06-18 07:15:00+00:00,continuous,64065.1,64284.9,64047.7,64266.7,121246196.97540027
2026-06-18 07:44:59.466000+00:00,2026-06-18 07:30:00+00:00,continuous,64266.7,64428.6,64222.8,64402.8,120065771.49730022
2026-06-18 07:59:59.702000+00:00,2026-06-18 07:45:00+00:00,continuous,64402.7,64491.1,64388.9,64470.3,107498594.74360053
2026-06-18 08:14:59.497000+00:00,2026-06-18 08:00:00+00:00,continuous,64470.4,64631.5,64349.2,64512.8,158350575.31119967
2026-06-18 08:29:59.922000+00:00,2026-06-18 08:15:00+00:00,continuous,64512.8,64577.0,64478.1,64548.0,70694608.72660021
2026-06-18 08:44:59.894000+00:00,2026-06-18 08:30:00+00:00,continuous,64547.9,64575.9,64485.3,64485.3,61056051.264600165
2026-06-18 08:59:59.759000+00:00,2026-06-18 08:45:00+00:00,continuous,64485.3,64498.9,64350.0,64370.0,80225185.00919992
2026-06-18 09:14:59.896000+00:00,2026-06-18 09:00:00+00:00,continuous,64370.0,64376.7,64284.0,64361.7,76480044.13169987
2026-06-18 09:29:59.980000+00:00,2026-06-18 09:15:00+00:00,continuous,64361.7,64450.0,64204.9,64221.9,74389265.11280024
2026-06-18 09:44:59.816000+00:00,2026-06-18 09:30:00+00:00,continuous,64221.8,64281.7,64179.2,64257.4,60890825.74240005
2026-06-18 09:59:59.790000+00:00,2026-06-18 09:45:00+00:00,continuous,64257.5,64297.7,64162.5,64172.6,39341126.821000144
2026-06-18 10:14:59.702000+00:00,2026-06-18 10:00:00+00:00,continuous,64172.7,64172.7,63963.4,63985.7,128485492.57300033
2026-06-18 10:29:59.911000+00:00,2026-06-18 10:15:00+00:00,continuous,63985.7,64027.7,63880.2,63942.7,119909748.74270026
2026-06-18 10:44:59.431000+00:00,2026-06-18 10:30:00+00:00,continuous,63942.7,64055.4,63914.8,63974.9,78708165.622
2026-06-18 10:59:59.588000+00:00,2026-06-18 10:45:00+00:00,continuous,63974.8,64198.0,63971.3,64050.0,108770731.20990007
2026-06-18 11:14:59.376000+00:00,2026-06-18 11:00:00+00:00,continuous,64050.1,64175.9,63965.0,63998.2,75631197.44160007
2026-06-18 11:29:59.858000+00:00,2026-06-18 11:15:00+00:00,continuous,63998.2,64060.9,63877.3,64043.8,72177449.68300007
2026-06-18 11:44:59.767000+00:00,2026-06-18 11:30:00+00:00,continuous,64043.8,64057.7,63855.0,63946.2,64674560.0937
2026-06-18 11:59:59.886000+00:00,2026-06-18 11:45:00+00:00,continuous,63946.3,64008.7,63855.1,63940.1,51938626.86869997
2026-06-18 12:14:59.668000+00:00,2026-06-18 12:00:00+00:00,continuous,63940.1,64015.5,63892.8,63978.1,51844068.78259961
2026-06-18 12:29:59.724000+00:00,2026-06-18 12:15:00+00:00,continuous,63978.1,64172.5,63960.0,64172.5,90188881.45030004
2026-06-18 12:44:59.939000+00:00,2026-06-18 12:30:00+00:00,continuous,64172.5,64239.0,64098.9,64225.1,94458798.63820006
2026-06-18 12:59:59.940000+00:00,2026-06-18 12:45:00+00:00,continuous,64225.1,64377.8,64224.8,64345.9,97846811.72570038
2026-06-18 13:14:59.664000+00:00,2026-06-18 13:00:00+00:00,continuous,64345.8,64423.4,64255.7,64368.9,102373235.06300023
2026-06-18 13:29:59.988000+00:00,2026-06-18 13:15:00+00:00,continuous,64368.8,64419.4,64294.8,64327.4,98991573.1470004
2026-06-18 13:44:59.931000+00:00,2026-06-18 13:30:00+00:00,continuous,64327.3,64355.2,63844.7,63850.0,294700876.9248992
2026-06-18 13:59:59.966000+00:00,2026-06-18 13:45:00+00:00,continuous,63850.0,64132.8,63753.0,63952.3,277791091.1790003
2026-06-18 14:14:59.961000+00:00,2026-06-18 14:00:00+00:00,continuous,63952.4,64047.5,63688.8,63752.0,221103509.59960034
2026-06-18 14:29:59.902000+00:00,2026-06-18 14:15:00+00:00,continuous,63752.0,64181.7,63678.1,63786.0,202961617.51109794
2026-06-18 14:44:59.999000+00:00,2026-06-18 14:30:00+00:00,continuous,63786.0,64052.6,63730.0,63841.4,129673566.17840005
2026-06-18 14:59:59.767000+00:00,2026-06-18 14:45:00+00:00,continuous,63841.3,63968.3,63565.0,63784.1,286092067.02769953
2026-06-18 15:14:59.986000+00:00,2026-06-18 15:00:00+00:00,continuous,63784.2,63796.6,63525.1,63525.9,203474443.06250143
2026-06-18 15:29:59.984000+00:00,2026-06-18 15:15:00+00:00,continuous,63525.8,63571.2,63156.0,63214.9,795482599.5047994
2026-06-18 15:44:59.923000+00:00,2026-06-18 15:30:00+00:00,continuous,63215.0,63355.0,62650.0,62755.2,771982727.5421941
2026-06-18 15:59:59.995000+00:00,2026-06-18 15:45:00+00:00,continuous,62755.1,62877.2,62232.1,62337.8,788834828.7167023
2026-06-18 16:14:59.691000+00:00,2026-06-18 16:00:00+00:00,continuous,62337.7,62694.2,62308.6,62601.8,412352046.1918998
2026-06-18 16:29:59.898000+00:00,2026-06-18 16:15:00+00:00,continuous,62601.8,62731.5,62483.0,62568.3,166282319.22459844
2026-06-18 16:44:59.935000+00:00,2026-06-18 16:30:00+00:00,continuous,62568.4,62749.9,62475.6,62688.2,134457833.96279976
2026-06-18 16:59:59.661000+00:00,2026-06-18 16:45:00+00:00,continuous,62688.2,62789.0,62606.9,62664.2,176400350.04480052
2026-06-18 17:14:59.870000+00:00,2026-06-18 17:00:00+00:00,continuous,62664.2,62677.6,62372.3,62478.2,151601683.59509927
2026-06-18 17:29:59.991000+00:00,2026-06-18 17:15:00+00:00,continuous,62478.2,62645.0,62241.0,62553.1,318674207.0256028
2026-06-18 17:44:59.812000+00:00,2026-06-18 17:30:00+00:00,continuous,62553.2,62730.0,62486.1,62622.2,161131899.3561995
2026-06-18 17:59:59.958000+00:00,2026-06-18 17:45:00+00:00,continuous,62622.2,62700.0,62486.0,62579.1,102483212.15140009
2026-06-18 18:14:59.813000+00:00,2026-06-18 18:00:00+00:00,continuous,62579.2,62716.4,62552.8,62678.7,69500712.48089997
2026-06-18 18:29:59.868000+00:00,2026-06-18 18:15:00+00:00,continuous,62678.7,62932.7,62584.0,62826.5,221864114.23189926
2026-06-18 18:44:59.412000+00:00,2026-06-18 18:30:00+00:00,continuous,62826.4,62826.4,62652.1,62748.5,168884148.69249985
2026-06-18 18:59:59.558000+00:00,2026-06-18 18:45:00+00:00,continuous,62748.4,62871.6,62597.0,62683.5,113851606.47589949
2026-06-18 19:14:59.427000+00:00,2026-06-18 19:00:00+00:00,continuous,62683.5,62716.7,62608.0,62661.3,43124972.63900003
2026-06-18 19:29:59.700000+00:00,2026-06-18 19:15:00+00:00,continuous,62661.2,62788.8,62618.1,62753.4,53083806.699200004
2026-06-18 19:44:59.885000+00:00,2026-06-18 19:30:00+00:00,continuous,62753.4,62980.0,62746.0,62943.4,75949828.02429977
2026-06-18 19:59:59.935000+00:00,2026-06-18 19:45:00+00:00,continuous,62943.3,62985.0,62879.2,62925.4,121593204.9492008
2026-06-18 20:14:59.954000+00:00,2026-06-18 20:00:00+00:00,continuous,62925.3,63202.3,62925.3,63144.7,195564361.12860078
2026-06-18 20:29:59.529000+00:00,2026-06-18 20:15:00+00:00,continuous,63144.6,63266.8,63068.1,63090.0,81453534.39709958
2026-06-18 20:44:59.933000+00:00,2026-06-18 20:30:00+00:00,continuous,63090.0,63150.9,63017.8,63109.9,71311340.08259974
2026-06-18 20:59:59.772000+00:00,2026-06-18 20:45:00+00:00,continuous,63110.0,63112.7,63012.8,63063.1,40076014.30059984
2026-06-18 21:14:59.953000+00:00,2026-06-18 21:00:00+00:00,continuous,63063.1,63098.7,62877.2,62895.1,64183197.69809994
2026-06-18 21:29:59.610000+00:00,2026-06-18 21:15:00+00:00,continuous,62895.1,63022.0,62831.8,62931.0,56606422.815700114
2026-06-18 21:44:59.518000+00:00,2026-06-18 21:30:00+00:00,continuous,62931.0,62960.5,62835.9,62889.3,46958258.45979974
2026-06-18 21:59:59.022000+00:00,2026-06-18 21:45:00+00:00,continuous,62889.3,62973.1,62858.1,62936.0,36490201.734600015
2026-06-18 22:14:59.036000+00:00,2026-06-18 22:00:00+00:00,continuous,62936.0,62962.1,62878.0,62892.7,37833394.178700164
2026-06-18 22:29:59.604000+00:00,2026-06-18 22:15:00+00:00,continuous,62892.7,62900.6,62739.2,62807.4,90071451.94980021
2026-06-18 22:44:59.495000+00:00,2026-06-18 22:30:00+00:00,continuous,62807.3,62826.3,62710.5,62785.5,42900307.87910004
2026-06-18 22:59:59.196000+00:00,2026-06-18 22:45:00+00:00,continuous,62785.4,62868.1,62749.5,62853.0,24204240.437299922
2026-06-18 23:14:59.919000+00:00,2026-06-18 23:00:00+00:00,continuous,62852.9,62903.5,62717.0,62729.0,49698825.896000125
2026-06-18 23:29:59.689000+00:00,2026-06-18 23:15:00+00:00,continuous,62729.1,62850.1,62723.6,62849.9,33070793.371800005
2026-06-18 23:44:59.491000+00:00,2026-06-18 23:30:00+00:00,continuous,62849.9,62920.0,62847.2,62883.1,31075514.280799944
2026-06-18 23:59:59.825000+00:00,2026-06-18 23:45:00+00:00,continuous,62883.0,62959.9,62823.5,62924.1,45005333.40170001
2026-06-19 00:14:59.723000+00:00,2026-06-19 00:00:00+00:00,continuous,62924.0,62959.2,62812.7,62838.6,41227758.8809004
2026-06-19 00:29:58.719000+00:00,2026-06-19 00:15:00+00:00,continuous,62838.6,62974.6,62820.0,62939.4,30609499.985900115
2026-06-19 00:44:59.764000+00:00,2026-06-19 00:30:00+00:00,continuous,62939.5,63035.4,62927.5,63035.3,51422743.73680019
2026-06-19 00:59:59.876000+00:00,2026-06-19 00:45:00+00:00,continuous,63035.4,63066.7,62944.0,62991.7,30721967.365900185
2026-06-19 01:14:59.427000+00:00,2026-06-19 01:00:00+00:00,continuous,62991.7,63059.9,62863.8,62940.0,42750381.56279987
2026-06-19 01:29:59.879000+00:00,2026-06-19 01:15:00+00:00,continuous,62940.0,63073.0,62890.1,62898.5,37869659.67029985
2026-06-19 01:44:59.948000+00:00,2026-06-19 01:30:00+00:00,continuous,62898.5,62929.3,62814.3,62884.1,43988481.12149983
2026-06-19 01:59:59.993000+00:00,2026-06-19 01:45:00+00:00,continuous,62884.1,63010.6,62884.0,62994.5,36693646.14770012
2026-06-19 02:14:59.803000+00:00,2026-06-19 02:00:00+00:00,continuous,62994.5,63088.0,62985.6,62995.1,37193255.720699914
2026-06-19 02:29:59.881000+00:00,2026-06-19 02:15:00+00:00,continuous,62995.1,63043.3,62917.8,62923.3,32199790.544499945
2026-06-19 02:44:59.513000+00:00,2026-06-19 02:30:00+00:00,continuous,62923.3,63000.0,62884.0,62912.0,32813105.639900006
2026-06-19 02:59:59.681000+00:00,2026-06-19 02:45:00+00:00,continuous,62912.0,62994.4,62858.2,62974.2,30529891.59869995
2026-06-19 03:14:59.679000+00:00,2026-06-19 03:00:00+00:00,continuous,62974.2,63004.8,62681.8,62711.5,69407761.2437002
2026-06-19 03:29:59.669000+00:00,2026-06-19 03:15:00+00:00,continuous,62711.6,62826.7,62237.2,62809.7,523806784.73079824
2026-06-19 03:44:59.609000+00:00,2026-06-19 03:30:00+00:00,continuous,62809.7,62809.7,62581.0,62669.9,80550226.05360024
2026-06-19 03:59:59.822000+00:00,2026-06-19 03:45:00+00:00,continuous,62669.9,62786.7,62600.0,62745.1,57037523.628899805
2026-06-19 04:14:59.521000+00:00,2026-06-19 04:00:00+00:00,continuous,62745.1,62856.5,62585.0,62843.0,90426949.01710062
2026-06-19 04:29:59.710000+00:00,2026-06-19 04:15:00+00:00,continuous,62843.0,62888.8,62681.0,62697.2,56773713.013500266
2026-06-19 04:44:59.510000+00:00,2026-06-19 04:30:00+00:00,continuous,62697.1,62705.9,62486.0,62582.5,93800330.75949928
2026-06-19 04:59:59.825000+00:00,2026-06-19 04:45:00+00:00,continuous,62582.5,62651.9,62375.7,62421.7,106545095.92270039
2026-06-19 05:14:59.733000+00:00,2026-06-19 05:00:00+00:00,continuous,62421.8,62638.1,62417.4,62638.0,79210657.63189933
2026-06-19 05:29:59.755000+00:00,2026-06-19 05:15:00+00:00,continuous,62638.1,62638.1,62538.6,62579.7,44749265.20400047
2026-06-19 05:44:59.999000+00:00,2026-06-19 05:30:00+00:00,continuous,62579.7,62645.0,62523.3,62626.3,50077886.72639999
2026-06-19 05:59:59.608000+00:00,2026-06-19 05:45:00+00:00,continuous,62626.4,62715.0,62611.6,62707.0,62283101.55440004
2026-06-19 06:14:59.798000+00:00,2026-06-19 06:00:00+00:00,continuous,62707.1,62825.6,62691.0,62821.7,54397688.85869986
2026-06-19 06:29:59.888000+00:00,2026-06-19 06:15:00+00:00,continuous,62821.7,62842.2,62727.8,62806.2,30527012.130800124
2026-06-19 06:44:59.314000+00:00,2026-06-19 06:30:00+00:00,continuous,62806.2,62855.6,62700.0,62795.9,30227290.935000002
2026-06-19 06:59:59.964000+00:00,2026-06-19 06:45:00+00:00,continuous,62795.8,62888.7,62734.3,62865.1,51772040.325600006
2026-06-19 07:14:59.933000+00:00,2026-06-19 07:00:00+00:00,continuous,62865.0,62896.8,62747.0,62747.0,43588784.09519968
2026-06-19 07:29:59.904000+00:00,2026-06-19 07:15:00+00:00,continuous,62747.1,62806.7,62679.9,62710.0,41976051.298600115
2026-06-19 07:44:59.970000+00:00,2026-06-19 07:30:00+00:00,continuous,62710.0,62799.9,62465.6,62517.6,157129076.9472004
2026-06-19 07:59:59.987000+00:00,2026-06-19 07:45:00+00:00,continuous,62517.5,62650.0,62473.5,62592.4,90379002.07409994
2026-06-19 08:14:59.641000+00:00,2026-06-19 08:00:00+00:00,continuous,62592.4,62647.2,62504.7,62638.5,59090014.52789991
2026-06-19 08:29:59.989000+00:00,2026-06-19 08:15:00+00:00,continuous,62638.4,62689.2,62572.3,62637.6,44335883.614600085
2026-06-19 08:44:58.889000+00:00,2026-06-19 08:30:00+00:00,continuous,62637.7,62758.1,62550.0,62619.2,81456350.06619978
2026-06-19 08:59:59.934000+00:00,2026-06-19 08:45:00+00:00,continuous,62619.2,62642.0,62533.3,62575.7,39619184.4433
2026-06-19 09:14:59.925000+00:00,2026-06-19 09:00:00+00:00,continuous,62575.7,62623.2,62283.7,62391.8,141886817.25200006
2026-06-19 09:29:59.802000+00:00,2026-06-19 09:15:00+00:00,continuous,62391.7,62439.9,62272.4,62344.2,90725455.51500024
2026-06-19 09:44:59.649000+00:00,2026-06-19 09:30:00+00:00,continuous,62344.1,62465.3,62344.1,62390.0,63852640.666600205
2026-06-19 09:59:59.771000+00:00,2026-06-19 09:45:00+00:00,continuous,62390.0,62400.6,62300.0,62353.0,85169161.83920026
2026-06-19 10:14:59.657000+00:00,2026-06-19 10:00:00+00:00,continuous,62352.9,62538.7,62347.8,62521.0,82593348.47019982
2026-06-19 10:29:59.803000+00:00,2026-06-19 10:15:00+00:00,continuous,62520.9,62520.9,62400.0,62473.5,39898502.79380021
2026-06-19 10:44:59.998000+00:00,2026-06-19 10:30:00+00:00,continuous,62473.5,62473.6,62381.3,62389.9,41178144.76999994
2026-06-19 10:59:59.496000+00:00,2026-06-19 10:45:00+00:00,continuous,62389.8,62570.1,62375.6,62506.2,64891346.519600116
2026-06-19 11:14:59.791000+00:00,2026-06-19 11:00:00+00:00,continuous,62506.3,62543.9,62419.5,62465.8,41584948.15959993
2026-06-19 11:29:59.413000+00:00,2026-06-19 11:15:00+00:00,continuous,62465.9,62664.3,62433.0,62616.3,75563065.20080027
2026-06-19 11:44:59.941000+00:00,2026-06-19 11:30:00+00:00,continuous,62616.3,62657.1,62557.3,62625.2,39589663.2833
2026-06-19 11:59:59.781000+00:00,2026-06-19 11:45:00+00:00,continuous,62625.1,62658.5,62568.6,62600.0,33207549.37480008
2026-06-19 12:14:59.530000+00:00,2026-06-19 12:00:00+00:00,continuous,62600.0,62661.7,62567.6,62594.3,38524043.144600056
2026-06-19 12:29:59.772000+00:00,2026-06-19 12:15:00+00:00,continuous,62594.2,62594.2,62458.4,62528.2,46251537.54829973
2026-06-19 12:44:59.302000+00:00,2026-06-19 12:30:00+00:00,continuous,62528.2,62577.0,62370.0,62478.4,86216183.38769954
2026-06-19 12:59:59.976000+00:00,2026-06-19 12:45:00+00:00,continuous,62478.4,62844.8,62315.2,62799.4,250889049.853301
2026-06-19 13:14:59.998000+00:00,2026-06-19 13:00:00+00:00,continuous,62799.4,62974.9,62721.3,62752.8,196984515.33240077
2026-06-19 13:29:59.825000+00:00,2026-06-19 13:15:00+00:00,continuous,62752.8,62784.9,62629.5,62758.9,92159112.2893001
2026-06-19 13:44:59.922000+00:00,2026-06-19 13:30:00+00:00,continuous,62758.9,63099.8,62712.5,63062.3,181080862.44160023
2026-06-19 13:59:59.990000+00:00,2026-06-19 13:45:00+00:00,continuous,63061.6,63410.3,63046.8,63174.2,404454797.1501997
2026-06-19 14:14:59.805000+00:00,2026-06-19 14:00:00+00:00,continuous,63174.1,63230.0,63001.1,63060.3,126848890.74759969
2026-06-19 14:29:59.691000+00:00,2026-06-19 14:15:00+00:00,continuous,63060.3,63267.0,62972.8,63239.9,149252739.92220122
2026-06-19 14:44:59.588000+00:00,2026-06-19 14:30:00+00:00,continuous,63240.0,63398.3,63142.1,63280.0,129395440.39080006
2026-06-19 14:59:59.925000+00:00,2026-06-19 14:45:00+00:00,continuous,63280.1,63339.6,63161.9,63174.8,87020293.49029955
2026-06-19 15:14:59.980000+00:00,2026-06-19 15:00:00+00:00,continuous,63174.8,63229.9,63082.5,63158.5,65326611.412700325
2026-06-19 15:29:59.687000+00:00,2026-06-19 15:15:00+00:00,continuous,63158.6,63188.6,62992.0,63034.5,82926869.08819982
2026-06-19 15:44:59.808000+00:00,2026-06-19 15:30:00+00:00,continuous,63034.4,63266.3,63034.4,63220.8,73162951.96009983
2026-06-19 15:59:59.606000+00:00,2026-06-19 15:45:00+00:00,continuous,63220.9,63260.1,63170.7,63193.0,58185309.42409999
2026-06-19 16:14:59.794000+00:00,2026-06-19 16:00:00+00:00,continuous,63193.1,63376.6,63068.5,63359.5,129079546.92429969
2026-06-19 16:29:59.866000+00:00,2026-06-19 16:15:00+00:00,continuous,63359.5,63367.1,63239.6,63286.3,98635431.82590003
2026-06-19 16:44:59.874000+00:00,2026-06-19 16:30:00+00:00,continuous,63286.2,63363.6,63219.1,63219.1,50266761.66330011
2026-06-19 16:59:59.950000+00:00,2026-06-19 16:45:00+00:00,continuous,63219.1,63219.2,62897.8,62943.7,124661536.57119973
2026-06-19 17:14:59.786000+00:00,2026-06-19 17:00:00+00:00,continuous,62943.7,63004.9,62860.0,62974.0,86178317.66470031
2026-06-19 17:29:59.574000+00:00,2026-06-19 17:15:00+00:00,continuous,62973.9,63099.0,62836.6,62899.9,84216491.68720011
2026-06-19 17:44:58.759000+00:00,2026-06-19 17:30:00+00:00,continuous,62900.0,63087.0,62884.2,63073.2,51679901.26919995
2026-06-19 17:59:59.940000+00:00,2026-06-19 17:45:00+00:00,continuous,63073.1,63213.0,63010.1,63166.7,84142660.1701003
2026-06-19 18:14:59.765000+00:00,2026-06-19 18:00:00+00:00,continuous,63166.6,63175.3,63076.2,63133.9,35934850.528600015
2026-06-19 18:29:59.542000+00:00,2026-06-19 18:15:00+00:00,continuous,63133.9,63137.8,63079.3,63083.9,25226045.64739997
2026-06-19 18:44:59.757000+00:00,2026-06-19 18:30:00+00:00,continuous,63083.9,63159.2,62958.0,63029.4,52161086.148099944
2026-06-19 18:59:59.003000+00:00,2026-06-19 18:45:00+00:00,continuous,63029.3,63115.0,62982.5,63079.3,23316399.0658
2026-06-19 19:14:59.898000+00:00,2026-06-19 19:00:00+00:00,continuous,63079.2,63088.0,62972.6,63030.0,23079319.19669993
2026-06-19 19:29:59.768000+00:00,2026-06-19 19:15:00+00:00,continuous,63029.9,63035.9,62907.4,62968.9,24762524.25699999
2026-06-19 19:44:59.641000+00:00,2026-06-19 19:30:00+00:00,continuous,62968.9,63001.5,62927.5,62973.8,24942574.737699963
2026-06-19 19:59:59.329000+00:00,2026-06-19 19:45:00+00:00,continuous,62973.8,63117.0,62958.0,63001.9,35551603.9625
2026-06-19 20:14:59.297000+00:00,2026-06-19 20:00:00+00:00,continuous,63001.8,63055.5,62986.7,63053.1,16095329.409600016
2026-06-19 20:29:59.409000+00:00,2026-06-19 20:15:00+00:00,continuous,63053.2,63056.5,62926.2,63056.5,20188916.387800004
2026-06-19 20:44:59.998000+00:00,2026-06-19 20:30:00+00:00,continuous,63056.4,63077.4,63004.0,63069.4,18467576.3537
2026-06-19 20:59:59.354000+00:00,2026-06-19 20:45:00+00:00,continuous,63069.3,63245.9,63063.3,63217.4,45395427.3507002
2026-06-19 21:14:59.794000+00:00,2026-06-19 21:00:00+00:00,continuous,63217.3,63253.6,63119.9,63238.4,49384748.74149995
2026-06-19 21:29:59.365000+00:00,2026-06-19 21:15:00+00:00,continuous,63238.4,63238.4,63129.7,63131.6,20498872.69310003
2026-06-19 21:44:59.843000+00:00,2026-06-19 21:30:00+00:00,continuous,63131.6,63140.2,63060.3,63060.4,23574931.767799903
2026-06-19 21:59:58.349000+00:00,2026-06-19 21:45:00+00:00,continuous,63060.3,63104.9,63024.1,63048.0,29984763.722100046
2026-06-19 22:14:59.900000+00:00,2026-06-19 22:00:00+00:00,continuous,63048.0,63080.0,63015.1,63067.0,27129045.303800076
2026-06-19 22:29:58.147000+00:00,2026-06-19 22:15:00+00:00,continuous,63067.0,63272.7,63066.9,63233.6,63550400.81890005
2026-06-19 22:44:59.944000+00:00,2026-06-19 22:30:00+00:00,continuous,63233.7,63321.7,63210.0,63291.7,64764512.44840004
2026-06-19 22:59:59.875000+00:00,2026-06-19 22:45:00+00:00,continuous,63291.8,63345.1,63270.8,63287.8,34537535.19230019
2026-06-19 23:14:59.975000+00:00,2026-06-19 23:00:00+00:00,continuous,63287.8,63312.2,63250.0,63263.7,31269343.809000112
2026-06-19 23:29:59.660000+00:00,2026-06-19 23:15:00+00:00,continuous,63263.8,63307.2,63252.3,63289.2,16650641.874699973
2026-06-19 23:44:59.921000+00:00,2026-06-19 23:30:00+00:00,continuous,63289.2,63337.3,63274.0,63296.9,31503111.89399999
2026-06-19 23:59:59.655000+00:00,2026-06-19 23:45:00+00:00,continuous,63296.8,63645.0,63266.4,63512.6,252088812.55639833
2026-06-20 00:14:59.786000+00:00,2026-06-20 00:00:00+00:00,continuous,63512.5,63585.7,63435.0,63493.8,89470205.71919973
2026-06-20 00:29:59.549000+00:00,2026-06-20 00:15:00+00:00,continuous,63493.9,63621.0,63441.0,63590.3,52081180.970199965
2026-06-20 00:44:59.719000+00:00,2026-06-20 00:30:00+00:00,continuous,63590.3,63757.2,63500.3,63575.6,154177602.16660056
2026-06-20 00:59:59.855000+00:00,2026-06-20 00:45:00+00:00,continuous,63575.5,63578.8,63480.4,63496.8,61602276.1530999
2026-06-20 01:14:59.924000+00:00,2026-06-20 01:00:00+00:00,continuous,63496.8,63513.6,63400.0,63422.2,43485160.71780029
2026-06-20 01:29:59.538000+00:00,2026-06-20 01:15:00+00:00,continuous,63422.2,63488.5,63368.5,63474.6,42490492.923500076
2026-06-20 01:44:59.200000+00:00,2026-06-20 01:30:00+00:00,continuous,63474.5,63594.2,63474.5,63540.7,60369949.50159988
2026-06-20 01:59:59.885000+00:00,2026-06-20 01:45:00+00:00,continuous,63540.6,63558.8,63516.1,63550.9,21577806.17949996
2026-06-20 02:14:59.764000+00:00,2026-06-20 02:00:00+00:00,continuous,63551.0,63551.0,63430.9,63441.8,30409926.5001999
2026-06-20 02:29:59.847000+00:00,2026-06-20 02:15:00+00:00,continuous,63441.8,63441.9,63354.7,63382.3,30976047.99940006
2026-06-20 02:44:59.896000+00:00,2026-06-20 02:30:00+00:00,continuous,63382.2,63469.6,63331.1,63372.3,44517600.65939994
2026-06-20 02:59:59.894000+00:00,2026-06-20 02:45:00+00:00,continuous,63372.3,63400.0,63301.8,63305.7,66686821.93229968
2026-06-20 03:14:59.942000+00:00,2026-06-20 03:00:00+00:00,continuous,63305.8,63353.5,63283.5,63319.7,35206371.422899984
2026-06-20 03:29:59.937000+00:00,2026-06-20 03:15:00+00:00,continuous,63319.8,63425.0,63319.8,63417.0,30773544.371700052
2026-06-20 03:44:59.902000+00:00,2026-06-20 03:30:00+00:00,continuous,63417.0,63487.2,63382.9,63456.3,27960539.97240002
2026-06-20 03:59:59.933000+00:00,2026-06-20 03:45:00+00:00,continuous,63456.3,63466.2,63400.0,63440.5,18999028.162000038
2026-06-20 04:14:59.689000+00:00,2026-06-20 04:00:00+00:00,continuous,63440.5,63444.0,63367.6,63399.2,19234982.02769993
2026-06-20 04:29:59.946000+00:00,2026-06-20 04:15:00+00:00,continuous,63399.1,63547.0,63392.4,63542.2,31624221.37779995
2026-06-20 04:44:59.845000+00:00,2026-06-20 04:30:00+00:00,continuous,63542.2,63588.0,63487.6,63578.1,43442274.936099984
2026-06-20 04:59:59.939000+00:00,2026-06-20 04:45:00+00:00,continuous,63578.2,63590.0,63511.5,63553.9,35004149.458999984
2026-06-20 05:14:59.841000+00:00,2026-06-20 05:00:00+00:00,continuous,63553.9,63894.0,63509.1,63781.0,223263059.75019798
2026-06-20 05:29:59.875000+00:00,2026-06-20 05:15:00+00:00,continuous,63781.0,63812.7,63601.7,63604.5,76882800.3088995
2026-06-20 05:44:59.296000+00:00,2026-06-20 05:30:00+00:00,continuous,63604.5,63705.2,63604.5,63609.6,67112962.45939997
2026-06-20 05:59:59.507000+00:00,2026-06-20 05:45:00+00:00,continuous,63609.6,63685.0,63553.9,63645.5,48549056.01260002
2026-06-20 06:14:59.740000+00:00,2026-06-20 06:00:00+00:00,continuous,63645.4,63692.3,63608.6,63656.7,36028294.98029998
2026-06-20 06:29:59.380000+00:00,2026-06-20 06:15:00+00:00,continuous,63656.7,63724.3,63610.2,63672.2,34231136.88839991
2026-06-20 06:44:59.524000+00:00,2026-06-20 06:30:00+00:00,continuous,63672.3,63723.3,63659.4,63723.1,26137366.755599894
2026-06-20 06:59:59.849000+00:00,2026-06-20 06:45:00+00:00,continuous,63723.1,63730.0,63688.0,63710.0,25382799.511900075
2026-06-20 07:14:59.788000+00:00,2026-06-20 07:00:00+00:00,continuous,63710.1,63710.1,63558.4,63636.4,60706980.36779979
2026-06-20 07:29:59.972000+00:00,2026-06-20 07:15:00+00:00,continuous,63636.5,63763.2,63636.4,63763.0,39839553.27789986
2026-06-20 07:44:59.674000+00:00,2026-06-20 07:30:00+00:00,continuous,63763.1,63774.2,63684.8,63720.5,44205172.1135
2026-06-20 07:59:59.623000+00:00,2026-06-20 07:45:00+00:00,continuous,63720.4,63742.2,63614.0,63625.0,80299451.93009977
2026-06-20 08:14:59.699000+00:00,2026-06-20 08:00:00+00:00,continuous,63625.0,63630.0,63434.4,63523.4,126508244.80500019
2026-06-20 08:29:59.512000+00:00,2026-06-20 08:15:00+00:00,continuous,63523.4,63553.7,63437.0,63450.0,54569905.045100264
2026-06-20 08:44:59.932000+00:00,2026-06-20 08:30:00+00:00,continuous,63450.1,63466.3,63396.8,63422.9,63132329.78509991
2026-06-20 08:59:59.998000+00:00,2026-06-20 08:45:00+00:00,continuous,63422.8,63430.6,63360.0,63390.8,56995355.136899926
2026-06-20 09:14:59.837000+00:00,2026-06-20 09:00:00+00:00,continuous,63390.8,63505.2,63390.3,63488.3,67075486.69950007
2026-06-20 09:29:59.979000+00:00,2026-06-20 09:15:00+00:00,continuous,63488.2,63565.4,63476.4,63535.5,48382721.34280018
2026-06-20 09:44:59.535000+00:00,2026-06-20 09:30:00+00:00,continuous,63535.4,63686.2,63523.3,63669.9,62103427.58979992
2026-06-20 09:59:59.897000+00:00,2026-06-20 09:45:00+00:00,continuous,63669.9,63760.8,63604.6,63700.8,56832629.53409997
2026-06-20 10:14:59.990000+00:00,2026-06-20 10:00:00+00:00,continuous,63700.8,63747.7,63652.9,63657.4,48935217.5852001
2026-06-20 10:29:57.645000+00:00,2026-06-20 10:15:00+00:00,continuous,63657.4,63693.9,63609.3,63649.3,32531333.79540007
2026-06-20 10:44:59.412000+00:00,2026-06-20 10:30:00+00:00,continuous,63649.2,63670.4,63559.8,63574.6,36046633.17389993
2026-06-20 10:59:59.852000+00:00,2026-06-20 10:45:00+00:00,continuous,63574.5,63650.2,63574.5,63649.7,20606698.040599912
2026-06-20 11:14:59.933000+00:00,2026-06-20 11:00:00+00:00,continuous,63649.6,63685.1,63586.8,63636.7,23439726.59770005
2026-06-20 11:29:59.108000+00:00,2026-06-20 11:15:00+00:00,continuous,63636.7,63718.4,63626.7,63661.7,24753079.203200005
2026-06-20 11:44:59.465000+00:00,2026-06-20 11:30:00+00:00,continuous,63661.7,63708.6,63649.2,63695.0,18195643.791400008
2026-06-20 11:59:59.779000+00:00,2026-06-20 11:45:00+00:00,continuous,63695.0,63770.0,63651.2,63651.3,34273987.71799982
2026-06-20 12:14:59.923000+00:00,2026-06-20 12:00:00+00:00,continuous,63651.4,63756.0,63640.0,63723.3,64521482.803899966
2026-06-20 12:29:59.481000+00:00,2026-06-20 12:15:00+00:00,continuous,63723.4,63743.8,63670.5,63705.8,26563561.01179988
2026-06-20 12:44:59.987000+00:00,2026-06-20 12:30:00+00:00,continuous,63705.8,63720.5,63546.1,63590.0,46374389.305700235
2026-06-20 12:59:59.455000+00:00,2026-06-20 12:45:00+00:00,continuous,63590.0,63630.2,63497.3,63627.8,61005651.503600076
2026-06-20 13:14:59.843000+00:00,2026-06-20 13:00:00+00:00,continuous,63627.7,63627.8,63555.5,63555.6,28179645.581899945
2026-06-20 13:29:59.805000+00:00,2026-06-20 13:15:00+00:00,continuous,63555.5,63592.1,63242.0,63315.1,208103429.48259994
2026-06-20 13:44:59.969000+00:00,2026-06-20 13:30:00+00:00,continuous,63315.2,63441.3,63310.1,63422.9,95635897.18040001
2026-06-20 13:59:59.673000+00:00,2026-06-20 13:45:00+00:00,continuous,63422.8,63467.9,63334.4,63368.0,55014340.39730009
2026-06-20 14:14:59.909000+00:00,2026-06-20 14:00:00+00:00,continuous,63368.0,63388.8,63136.2,63185.1,194421483.5476013
2026-06-20 14:29:59.479000+00:00,2026-06-20 14:15:00+00:00,continuous,63185.2,63347.4,63185.2,63347.4,58963008.28270002
2026-06-20 14:44:59.863000+00:00,2026-06-20 14:30:00+00:00,continuous,63347.4,63515.0,63306.6,63477.3,81899600.89719996
2026-06-20 14:59:59.988000+00:00,2026-06-20 14:45:00+00:00,continuous,63477.4,64150.0,63465.2,63929.5,629934548.38579
2026-06-20 15:14:59.881000+00:00,2026-06-20 15:00:00+00:00,continuous,63929.4,64023.1,63810.0,63983.5,146413148.0716992
2026-06-20 15:29:59.863000+00:00,2026-06-20 15:15:00+00:00,continuous,63983.4,64370.9,63932.9,64167.0,430356064.07590234
2026-06-20 15:44:59.302000+00:00,2026-06-20 15:30:00+00:00,continuous,64167.0,64182.0,64042.1,64086.6,114391037.0401003
2026-06-20 15:59:59.944000+00:00,2026-06-20 15:45:00+00:00,continuous,64086.6,64178.8,64050.0,64139.5,61233816.292599924
2026-06-20 16:14:59.928000+00:00,2026-06-20 16:00:00+00:00,continuous,64139.4,64150.0,63948.0,63973.9,94498206.66099973
2026-06-20 16:29:59.954000+00:00,2026-06-20 16:15:00+00:00,continuous,63973.9,64077.0,63953.8,63966.7,88746572.97349998
2026-06-20 16:44:59.892000+00:00,2026-06-20 16:30:00+00:00,continuous,63966.7,64037.9,63875.0,63974.4,66455207.763599984
2026-06-20 16:59:59.969000+00:00,2026-06-20 16:45:00+00:00,continuous,63974.4,64019.6,63934.8,63999.9,33881191.65219985
2026-06-20 17:14:59.970000+00:00,2026-06-20 17:00:00+00:00,continuous,63999.9,63999.9,63855.4,63925.9,44776859.682600275
2026-06-20 17:29:59.976000+00:00,2026-06-20 17:15:00+00:00,continuous,63925.9,63963.0,63841.4,63962.9,51544868.053900294
2026-06-20 17:44:59.884000+00:00,2026-06-20 17:30:00+00:00,continuous,63962.9,64015.0,63661.9,63828.1,201523749.94220006
2026-06-20 17:59:59.894000+00:00,2026-06-20 17:45:00+00:00,continuous,63828.0,63864.9,63781.0,63810.7,28781078.522199765
2026-06-20 18:14:59.381000+00:00,2026-06-20 18:00:00+00:00,continuous,63810.8,63899.0,63759.7,63796.4,40654169.196399994
2026-06-20 18:29:59.895000+00:00,2026-06-20 18:15:00+00:00,continuous,63796.4,63854.4,63796.4,63835.8,20973459.58289996
2026-06-20 18:44:59.707000+00:00,2026-06-20 18:30:00+00:00,continuous,63835.8,63859.0,63750.3,63788.1,20848753.145300012
2026-06-20 18:59:59.927000+00:00,2026-06-20 18:45:00+00:00,continuous,63788.1,63813.5,63750.6,63776.4,22920777.95030004
2026-06-20 19:14:59.238000+00:00,2026-06-20 19:00:00+00:00,continuous,63776.3,63893.7,63764.2,63868.2,35799366.75650003
2026-06-20 19:29:59.778000+00:00,2026-06-20 19:15:00+00:00,continuous,63868.2,63899.0,63814.8,63835.5,32058297.52579999
2026-06-20 19:44:59.775000+00:00,2026-06-20 19:30:00+00:00,continuous,63835.5,63940.3,63808.1,63907.9,34000155.66130002
2026-06-20 19:59:59.002000+00:00,2026-06-20 19:45:00+00:00,continuous,63907.9,63919.1,63885.3,63905.5,13281370.300500005
2026-06-20 20:14:59.286000+00:00,2026-06-20 20:00:00+00:00,continuous,63905.5,63945.0,63885.6,63932.6,19154275.05309997
2026-06-20 20:29:59.971000+00:00,2026-06-20 20:15:00+00:00,continuous,63932.5,63944.5,63870.3,63880.9,18092046.99439995
2026-06-20 20:44:59.191000+00:00,2026-06-20 20:30:00+00:00,continuous,63880.9,63890.0,63820.0,63847.4,11862082.09239999
2026-06-20 20:59:59.890000+00:00,2026-06-20 20:45:00+00:00,continuous,63847.4,63908.1,63844.3,63899.4,12105053.446299998
2026-06-20 21:14:59.879000+00:00,2026-06-20 21:00:00+00:00,continuous,63899.4,64029.9,63891.7,63956.7,37932852.81760002
2026-06-20 21:29:59.844000+00:00,2026-06-20 21:15:00+00:00,continuous,63956.6,63969.5,63888.2,63902.8,20945375.531400025
2026-06-20 21:44:59.557000+00:00,2026-06-20 21:30:00+00:00,continuous,63902.9,64020.0,63886.6,63999.9,23210432.197099876
2026-06-20 21:59:59.824000+00:00,2026-06-20 21:45:00+00:00,continuous,64000.0,64066.6,63959.3,63983.0,25359085.769300133
2026-06-20 22:14:59.625000+00:00,2026-06-20 22:00:00+00:00,continuous,63983.0,64143.4,63943.6,64108.4,45712414.79240008
2026-06-20 22:29:59.982000+00:00,2026-06-20 22:15:00+00:00,continuous,64108.4,64306.9,64041.3,64272.9,72480085.31360002
2026-06-20 22:44:59.751000+00:00,2026-06-20 22:30:00+00:00,continuous,64272.9,64326.0,64217.6,64252.6,57217588.9155002
2026-06-20 22:59:59.971000+00:00,2026-06-20 22:45:00+00:00,continuous,64252.5,64297.8,64224.1,64245.9,31671703.553299926
2026-06-20 23:14:59.794000+00:00,2026-06-20 23:00:00+00:00,continuous,64245.9,64277.6,64219.7,64225.9,38358032.48369977
2026-06-20 23:29:59.506000+00:00,2026-06-20 23:15:00+00:00,continuous,64225.9,64292.9,64225.9,64240.0,22911227.966900237
2026-06-20 23:44:59.584000+00:00,2026-06-20 23:30:00+00:00,continuous,64240.0,64310.3,64230.0,64305.6,26335113.77410009
2026-06-20 23:59:59.498000+00:00,2026-06-20 23:45:00+00:00,continuous,64305.5,64317.6,64250.0,64270.0,23712502.472499855
2026-06-21 00:14:59.464000+00:00,2026-06-21 00:00:00+00:00,continuous,64270.1,64277.8,64217.6,64235.0,35179970.09310018
2026-06-21 00:29:58.415000+00:00,2026-06-21 00:15:00+00:00,continuous,64235.1,64286.0,64217.6,64238.6,59402546.16439984
2026-06-21 00:44:59.633000+00:00,2026-06-21 00:30:00+00:00,continuous,64238.6,64303.0,64217.6,64264.9,29021048.616999954
2026-06-21 00:59:59.653000+00:00,2026-06-21 00:45:00+00:00,continuous,64264.9,64290.0,64220.5,64264.3,31246280.65290003
2026-06-21 01:14:58.038000+00:00,2026-06-21 01:00:00+00:00,continuous,64264.3,64295.8,64217.6,64224.3,25307283.06020013
2026-06-21 01:29:59.487000+00:00,2026-06-21 01:15:00+00:00,continuous,64224.4,64230.6,64217.6,64218.5,14466267.131800057
2026-06-21 01:44:59.903000+00:00,2026-06-21 01:30:00+00:00,continuous,64218.6,64266.5,64199.0,64227.4,116485868.02930002
2026-06-21 01:59:59.655000+00:00,2026-06-21 01:45:00+00:00,continuous,64227.4,64297.0,64213.5,64221.3,28483094.595299985
2026-06-21 02:14:59.978000+00:00,2026-06-21 02:00:00+00:00,continuous,64221.3,64236.0,64199.0,64235.9,26548109.109799936
2026-06-21 02:29:59.830000+00:00,2026-06-21 02:15:00+00:00,continuous,64235.9,64235.9,64199.0,64208.1,32915726.827899907
2026-06-21 02:44:59.232000+00:00,2026-06-21 02:30:00+00:00,continuous,64208.1,64244.7,64199.0,64216.4,23204291.438099883
2026-06-21 02:59:59.942000+00:00,2026-06-21 02:45:00+00:00,continuous,64216.4,64251.2,64216.4,64219.5,10207646.67209998
2026-06-21 03:14:59.805000+00:00,2026-06-21 03:00:00+00:00,continuous,64219.5,64276.3,64207.0,64276.2,18945770.892899953
2026-06-21 03:29:59.335000+00:00,2026-06-21 03:15:00+00:00,continuous,64276.3,64450.0,64250.3,64323.5,126421700.78300017
2026-06-21 03:44:59.944000+00:00,2026-06-21 03:30:00+00:00,continuous,64323.5,64436.2,64270.0,64417.2,60113919.73050014
2026-06-21 03:59:59.931000+00:00,2026-06-21 03:45:00+00:00,continuous,64417.2,64417.2,64374.5,64398.8,28315373.625400003
2026-06-21 04:14:59.890000+00:00,2026-06-21 04:00:00+00:00,continuous,64398.8,64404.0,64348.4,64374.8,34365750.752899885
2026-06-21 04:29:59.836000+00:00,2026-06-21 04:15:00+00:00,continuous,64374.8,64562.5,64374.8,64500.1,111215625.45310046
2026-06-21 04:44:59.891000+00:00,2026-06-21 04:30:00+00:00,continuous,64500.2,64568.0,64456.1,64456.1,55629015.88279972
2026-06-21 04:59:59.867000+00:00,2026-06-21 04:45:00+00:00,continuous,64456.1,64456.2,64223.3,64252.7,83726005.54399957
2026-06-21 05:14:59.980000+00:00,2026-06-21 05:00:00+00:00,continuous,64252.6,64278.8,64200.0,64205.1,49172777.76620002
2026-06-21 05:29:59.946000+00:00,2026-06-21 05:15:00+00:00,continuous,64205.1,64275.6,64199.0,64271.2,51748169.55160003
2026-06-21 05:44:59.403000+00:00,2026-06-21 05:30:00+00:00,continuous,64271.2,64339.7,64256.5,64269.6,33445548.586599994
2026-06-21 05:59:58.374000+00:00,2026-06-21 05:45:00+00:00,continuous,64269.6,64269.7,64202.7,64226.5,37393992.63380002
2026-06-21 06:14:58.137000+00:00,2026-06-21 06:00:00+00:00,continuous,64226.6,64231.6,64168.7,64186.1,50611229.61689985
2026-06-21 06:29:59.429000+00:00,2026-06-21 06:15:00+00:00,continuous,64186.1,64278.3,64180.0,64253.4,39291464.74090018
2026-06-21 06:44:59.950000+00:00,2026-06-21 06:30:00+00:00,continuous,64253.5,64300.0,64223.9,64283.2,16465991.080000022
2026-06-21 06:59:58.537000+00:00,2026-06-21 06:45:00+00:00,continuous,64283.1,64295.3,64260.0,64270.0,13986148.9575
2026-06-21 07:14:59.882000+00:00,2026-06-21 07:00:00+00:00,continuous,64269.9,64270.0,64217.4,64222.7,20835143.602000065
2026-06-21 07:29:59.924000+00:00,2026-06-21 07:15:00+00:00,continuous,64222.6,64240.0,64143.2,64147.4,98616716.60569975
2026-06-21 07:44:59.807000+00:00,2026-06-21 07:30:00+00:00,continuous,64147.4,64222.8,64143.2,64222.8,51075311.24770012
2026-06-21 07:59:59.981000+00:00,2026-06-21 07:45:00+00:00,continuous,64222.7,64233.3,64147.8,64170.1,34578251.391899996
2026-06-21 08:14:59.980000+00:00,2026-06-21 08:00:00+00:00,continuous,64170.0,64204.8,64088.3,64098.4,100066735.99170008
2026-06-21 08:29:59.937000+00:00,2026-06-21 08:15:00+00:00,continuous,64098.3,64100.0,64018.2,64022.5,59957187.68970013
2026-06-21 08:44:59.744000+00:00,2026-06-21 08:30:00+00:00,continuous,64022.6,64044.8,63871.3,63960.0,105480298.92159976
2026-06-21 08:59:59.880000+00:00,2026-06-21 08:45:00+00:00,continuous,63960.0,63988.0,63894.5,63987.9,65655032.3867001
2026-06-21 09:14:59.976000+00:00,2026-06-21 09:00:00+00:00,continuous,63987.9,63998.0,63934.9,63945.2,54014459.30989984
2026-06-21 09:29:59.199000+00:00,2026-06-21 09:15:00+00:00,continuous,63945.2,64066.7,63928.4,64020.1,50475103.24230005
2026-06-21 09:44:59.919000+00:00,2026-06-21 09:30:00+00:00,continuous,64020.2,64224.5,64020.2,64115.1,79799828.90489978
2026-06-21 09:59:59.957000+00:00,2026-06-21 09:45:00+00:00,continuous,64115.0,64209.8,64085.6,64189.8,63584047.75579999
2026-06-21 10:14:59.695000+00:00,2026-06-21 10:00:00+00:00,continuous,64189.8,64264.0,64175.5,64249.7,62097674.68009954
2026-06-21 10:29:59.928000+00:00,2026-06-21 10:15:00+00:00,continuous,64249.6,64364.3,64216.2,64277.9,67129734.3520998
2026-06-21 10:44:59.545000+00:00,2026-06-21 10:30:00+00:00,continuous,64277.9,64363.2,64270.0,64317.4,33049291.415799823
2026-06-21 10:59:59.913000+00:00,2026-06-21 10:45:00+00:00,continuous,64317.4,64384.0,64287.6,64338.9,95691316.03180005
2026-06-21 11:14:59.940000+00:00,2026-06-21 11:00:00+00:00,continuous,64339.0,64453.3,64305.7,64386.3,77451841.35960002
2026-06-21 11:29:59.960000+00:00,2026-06-21 11:15:00+00:00,continuous,64386.3,64386.3,64077.3,64355.5,108791544.61829977
2026-06-21 11:44:59.918000+00:00,2026-06-21 11:30:00+00:00,continuous,64355.5,64377.3,64200.0,64262.3,50688621.32929995
2026-06-21 11:59:59.948000+00:00,2026-06-21 11:45:00+00:00,continuous,64262.2,64262.3,64080.0,64149.9,66456885.06399967
2026-06-21 12:14:59.827000+00:00,2026-06-21 12:00:00+00:00,continuous,64149.8,64208.7,64025.6,64052.6,54452774.26069998
2026-06-21 12:29:59.989000+00:00,2026-06-21 12:15:00+00:00,continuous,64052.5,64083.0,63956.8,63985.9,97805855.45009965
2026-06-21 12:44:59.975000+00:00,2026-06-21 12:30:00+00:00,continuous,63985.9,64064.3,63916.0,64022.6,75023392.30770001
2026-06-21 12:59:59.976000+00:00,2026-06-21 12:45:00+00:00,continuous,64022.5,64197.3,64016.0,64161.1,70415907.8932
2026-06-21 13:14:59.854000+00:00,2026-06-21 13:00:00+00:00,continuous,64161.1,64161.1,64078.6,64090.0,42554061.0213999
2026-06-21 13:29:59.385000+00:00,2026-06-21 13:15:00+00:00,continuous,64090.1,64157.7,64090.0,64136.2,27247815.280100055
2026-06-21 13:44:59.989000+00:00,2026-06-21 13:30:00+00:00,continuous,64136.2,64140.0,63981.2,64020.1,53812540.85019969
2026-06-21 13:59:59.453000+00:00,2026-06-21 13:45:00+00:00,continuous,64020.1,64123.9,64014.6,64123.2,38157575.862999916
2026-06-21 14:14:59.992000+00:00,2026-06-21 14:00:00+00:00,continuous,64123.2,64128.3,64028.6,64046.3,32954778.977400143
2026-06-21 14:29:59.305000+00:00,2026-06-21 14:15:00+00:00,continuous,64046.2,64065.2,63978.0,64009.2,28610690.141700085
2026-06-21 14:44:59.631000+00:00,2026-06-21 14:30:00+00:00,continuous,64009.1,64063.6,63969.7,64028.1,25279236.577300046
2026-06-21 14:59:59.989000+00:00,2026-06-21 14:45:00+00:00,continuous,64028.2,64123.8,63981.5,64120.0,27787463.41680011
2026-06-21 15:14:59.551000+00:00,2026-06-21 15:00:00+00:00,continuous,64120.0,64273.6,64081.5,64174.8,71883918.47479996
2026-06-21 15:29:59.896000+00:00,2026-06-21 15:15:00+00:00,continuous,64174.8,64250.0,64154.5,64227.5,27080932.362000044
2026-06-21 15:44:59.852000+00:00,2026-06-21 15:30:00+00:00,continuous,64227.4,64337.3,64166.0,64268.8,65589898.285799906
2026-06-21 15:59:59.934000+00:00,2026-06-21 15:45:00+00:00,continuous,64268.8,64286.9,64190.9,64200.3,23686440.472099982
2026-06-21 16:14:59.897000+00:00,2026-06-21 16:00:00+00:00,continuous,64200.2,64225.5,64074.3,64118.9,58079055.67350008
2026-06-21 16:29:59.062000+00:00,2026-06-21 16:15:00+00:00,continuous,64118.9,64231.6,64087.5,64159.9,32510421.840299986
2026-06-21 16:44:59.981000+00:00,2026-06-21 16:30:00+00:00,continuous,64159.8,64170.6,64013.0,64084.0,52442866.79439991
2026-06-21 16:59:59.912000+00:00,2026-06-21 16:45:00+00:00,continuous,64084.1,64188.0,64078.4,64122.3,23527339.057899915
2026-06-21 17:14:59.896000+00:00,2026-06-21 17:00:00+00:00,continuous,64122.2,64197.1,64089.5,64179.9,23939664.147100106
2026-06-21 17:29:58.191000+00:00,2026-06-21 17:15:00+00:00,continuous,64180.0,64184.8,64075.6,64075.6,12739951.46109999
2026-06-21 17:44:58.790000+00:00,2026-06-21 17:30:00+00:00,continuous,64075.6,64107.5,64046.4,64100.9,27613325.623699978
2026-06-21 17:59:59.354000+00:00,2026-06-21 17:45:00+00:00,continuous,64101.0,64163.6,64100.9,64114.6,21614390.25129998
2026-06-21 18:14:59.881000+00:00,2026-06-21 18:00:00+00:00,continuous,64114.6,64133.8,63907.4,63979.4,65840832.22349972
2026-06-21 18:29:59.624000+00:00,2026-06-21 18:15:00+00:00,continuous,63979.4,64037.1,63975.0,64014.4,16460030.835300023
2026-06-21 18:44:57.364000+00:00,2026-06-21 18:30:00+00:00,continuous,64014.4,64221.0,64006.9,64153.2,50280192.97629993
2026-06-21 18:59:59.568000+00:00,2026-06-21 18:45:00+00:00,continuous,64153.3,64188.0,64109.9,64180.0,28832124.961799927
2026-06-21 19:14:59.932000+00:00,2026-06-21 19:00:00+00:00,continuous,64180.1,64284.9,64135.1,64187.0,41483632.52639987
2026-06-21 19:29:59.942000+00:00,2026-06-21 19:15:00+00:00,continuous,64187.0,64214.7,64165.7,64195.1,10499758.028500002
2026-06-21 19:44:59.979000+00:00,2026-06-21 19:30:00+00:00,continuous,64195.1,64214.9,64145.1,64185.6,13285171.815200012
2026-06-21 19:59:57.896000+00:00,2026-06-21 19:45:00+00:00,continuous,64185.7,64204.2,64150.4,64173.6,12165215.119499987
2026-06-21 20:14:59.480000+00:00,2026-06-21 20:00:00+00:00,continuous,64173.7,64243.4,64103.8,64139.6,28705206.00790004
2026-06-21 20:29:58.898000+00:00,2026-06-21 20:15:00+00:00,continuous,64139.6,64142.5,64030.0,64088.5,20525929.599899996
2026-06-21 20:44:59.982000+00:00,2026-06-21 20:30:00+00:00,continuous,64088.6,64106.9,63933.6,63949.9,37080646.64459992
2026-06-21 20:59:59.962000+00:00,2026-06-21 20:45:00+00:00,continuous,63949.8,63954.7,63641.3,63824.8,219227161.8163009
2026-06-21 21:14:59.953000+00:00,2026-06-21 21:00:00+00:00,continuous,63824.8,63849.8,63492.9,63601.6,183423508.18480027
2026-06-21 21:29:59.345000+00:00,2026-06-21 21:15:00+00:00,continuous,63601.6,63762.1,63475.3,63668.1,144020418.63490084
2026-06-21 21:44:59.814000+00:00,2026-06-21 21:30:00+00:00,continuous,63668.1,63950.0,63668.1,63864.0,86989653.26159956
2026-06-21 21:59:59.701000+00:00,2026-06-21 21:45:00+00:00,continuous,63864.0,63904.4,63745.1,63778.2,45315154.91139987
2026-06-21 22:14:59.832000+00:00,2026-06-21 22:00:00+00:00,continuous,63778.1,63832.8,63543.0,63608.9,112528912.21689965
2026-06-21 22:29:59.734000+00:00,2026-06-21 22:15:00+00:00,continuous,63609.0,63762.9,63606.3,63701.0,94657306.80270056
2026-06-21 22:44:59.678000+00:00,2026-06-21 22:30:00+00:00,continuous,63700.8,63700.8,63552.4,63648.7,62837429.31569981
2026-06-21 22:59:59.614000+00:00,2026-06-21 22:45:00+00:00,continuous,63648.7,63840.0,63633.0,63775.3,49404473.61500009
2026-06-21 23:14:59.840000+00:00,2026-06-21 23:00:00+00:00,continuous,63775.3,63775.3,63590.2,63681.7,57738731.953999616
2026-06-21 23:29:59.423000+00:00,2026-06-21 23:15:00+00:00,continuous,63681.8,63771.5,63595.1,63604.1,67031427.69850023
2026-06-21 23:44:59.949000+00:00,2026-06-21 23:30:00+00:00,continuous,63604.1,63631.8,63264.1,63295.1,293271433.0387001
2026-06-21 23:59:59.647000+00:00,2026-06-21 23:45:00+00:00,continuous,63295.2,63362.0,63220.0,63287.1,95585933.97690023
2026-06-22 00:14:58.947000+00:00,2026-06-22 00:00:00+00:00,continuous,63287.2,63569.4,63286.2,63482.4,133082279.89310037
2026-06-22 00:29:59.628000+00:00,2026-06-22 00:15:00+00:00,continuous,63482.3,63737.8,63471.7,63698.9,111594815.99599946
2026-06-22 00:44:59.799000+00:00,2026-06-22 00:30:00+00:00,continuous,63699.0,64076.0,63667.1,63884.1,187525470.73519993
2026-06-22 00:59:59.853000+00:00,2026-06-22 00:45:00+00:00,continuous,63884.0,63978.5,63702.2,63867.2,98102337.1064006
2026-06-22 01:14:59.411000+00:00,2026-06-22 01:00:00+00:00,continuous,63867.3,64030.4,63818.0,63864.7,105053390.8615001
2026-06-22 01:29:59.917000+00:00,2026-06-22 01:15:00+00:00,continuous,63864.7,64788.0,63864.7,64618.4,537530570.5605028
2026-06-22 01:44:59.965000+00:00,2026-06-22 01:30:00+00:00,continuous,64618.5,64688.0,64338.7,64487.6,270683624.9294019
2026-06-22 01:59:59.861000+00:00,2026-06-22 01:45:00+00:00,continuous,64487.6,64666.6,64446.7,64574.5,124803868.84749974
2026-06-22 02:14:59.858000+00:00,2026-06-22 02:00:00+00:00,continuous,64574.5,64643.7,64458.4,64519.9,93575411.76460087
2026-06-22 02:29:59.998000+00:00,2026-06-22 02:15:00+00:00,continuous,64520.0,64615.9,64477.0,64510.2,52556905.769600034
2026-06-22 02:44:59.965000+00:00,2026-06-22 02:30:00+00:00,continuous,64510.1,64555.0,64433.0,64460.2,34277743.392699875
2026-06-22 02:59:59.994000+00:00,2026-06-22 02:45:00+00:00,continuous,64460.1,64470.0,64213.8,64226.5,121573167.0023
2026-06-22 03:14:59.627000+00:00,2026-06-22 03:00:00+00:00,continuous,64226.5,64228.5,63857.1,64017.1,245374006.59090126
2026-06-22 03:29:59.290000+00:00,2026-06-22 03:15:00+00:00,continuous,64017.0,64434.6,64017.0,64255.1,127306634.16750032
2026-06-22 03:44:59.471000+00:00,2026-06-22 03:30:00+00:00,continuous,64255.1,64412.4,64130.0,64147.7,60331582.39590011
2026-06-22 03:59:59.962000+00:00,2026-06-22 03:45:00+00:00,continuous,64147.7,64180.0,63881.2,63935.1,133645286.56230007
2026-06-22 04:14:59.966000+00:00,2026-06-22 04:00:00+00:00,continuous,63935.0,63985.1,63833.4,63935.2,93487838.18350014
2026-06-22 04:29:59.891000+00:00,2026-06-22 04:15:00+00:00,continuous,63935.1,63999.0,63866.5,63935.5,57227203.172300376
2026-06-22 04:44:59.855000+00:00,2026-06-22 04:30:00+00:00,continuous,63935.4,64031.2,63920.0,63925.2,52168033.64430014
2026-06-22 04:59:59.786000+00:00,2026-06-22 04:45:00+00:00,continuous,63925.1,64085.4,63921.2,64063.6,52129094.495999955
2026-06-22 05:14:59.971000+00:00,2026-06-22 05:00:00+00:00,continuous,64063.5,64263.0,64050.6,64253.8,79907333.24410002
2026-06-22 05:29:59.783000+00:00,2026-06-22 05:15:00+00:00,continuous,64253.7,64254.9,64173.0,64209.3,48437696.99950008
2026-06-22 05:44:59.927000+00:00,2026-06-22 05:30:00+00:00,continuous,64209.4,64311.8,64143.5,64236.4,65540969.58679983
2026-06-22 05:59:59.962000+00:00,2026-06-22 05:45:00+00:00,continuous,64236.4,64238.8,64149.0,64219.5,35564156.83419993
2026-06-22 06:14:59.491000+00:00,2026-06-22 06:00:00+00:00,continuous,64219.5,64299.0,64113.0,64190.6,46468121.192600235
2026-06-22 06:29:59.102000+00:00,2026-06-22 06:15:00+00:00,continuous,64190.6,64205.1,64046.8,64093.9,41147707.42390023
2026-06-22 06:44:59.998000+00:00,2026-06-22 06:30:00+00:00,continuous,64093.9,64123.1,63967.4,63977.3,48263327.745000176
2026-06-22 06:59:59.599000+00:00,2026-06-22 06:45:00+00:00,continuous,63977.2,64021.3,63912.8,63960.7,48234103.04170001
2026-06-22 07:14:59.780000+00:00,2026-06-22 07:00:00+00:00,continuous,63960.6,64230.1,63931.0,64184.8,73401783.82709928
2026-06-22 07:29:59.859000+00:00,2026-06-22 07:15:00+00:00,continuous,64184.7,64278.7,64170.5,64232.5,64448623.28740011
2026-06-22 07:44:59.962000+00:00,2026-06-22 07:30:00+00:00,continuous,64232.5,64384.3,64215.4,64228.2,88694531.30120012
2026-06-22 07:59:59.289000+00:00,2026-06-22 07:45:00+00:00,continuous,64228.3,64248.9,64137.1,64187.9,50097931.2507998
2026-06-22 08:14:59.956000+00:00,2026-06-22 08:00:00+00:00,continuous,64188.0,64295.6,64080.0,64295.5,64814077.77260008
2026-06-22 08:29:59.429000+00:00,2026-06-22 08:15:00+00:00,continuous,64295.5,64332.4,64163.9,64168.8,34427778.188699976
2026-06-22 08:44:59.772000+00:00,2026-06-22 08:30:00+00:00,continuous,64168.7,64242.8,64014.9,64235.4,58600893.08909999
2026-06-22 08:59:58.765000+00:00,2026-06-22 08:45:00+00:00,continuous,64235.3,64265.0,64071.4,64133.8,39983957.1033998
2026-06-22 09:14:59.994000+00:00,2026-06-22 09:00:00+00:00,continuous,64133.9,64232.5,64115.0,64157.9,24965220.905800037
2026-06-22 09:29:59.862000+00:00,2026-06-22 09:15:00+00:00,continuous,64157.9,64174.0,64066.0,64086.7,24617106.956699926
2026-06-22 09:44:59.058000+00:00,2026-06-22 09:30:00+00:00,continuous,64086.7,64160.9,64019.0,64094.8,40563387.56749983
2026-06-22 09:59:59.327000+00:00,2026-06-22 09:45:00+00:00,continuous,64094.7,64119.2,64059.3,64114.8,22692532.671500035
2026-06-22 10:14:59.696000+00:00,2026-06-22 10:00:00+00:00,continuous,64114.7,64250.0,64095.8,64186.9,34457376.91590009
2026-06-22 10:29:59.520000+00:00,2026-06-22 10:15:00+00:00,continuous,64186.9,64215.1,64115.8,64148.9,21345876.602399968
2026-06-22 10:44:59.908000+00:00,2026-06-22 10:30:00+00:00,continuous,64148.9,64184.2,64044.1,64055.1,23833058.572000004
2026-06-22 10:59:59.808000+00:00,2026-06-22 10:45:00+00:00,continuous,64055.2,64147.7,64055.2,64109.8,20984459.563899975
2026-06-22 11:14:59.408000+00:00,2026-06-22 11:00:00+00:00,continuous,64109.9,64382.6,64064.5,64280.4,115754561.8126998
2026-06-22 11:29:59.242000+00:00,2026-06-22 11:15:00+00:00,continuous,64280.4,64447.9,64197.5,64337.1,130960528.90329981
2026-06-22 11:44:59.968000+00:00,2026-06-22 11:30:00+00:00,continuous,64337.1,64732.5,64337.1,64592.2,253353314.3780001
2026-06-22 11:59:59.966000+00:00,2026-06-22 11:45:00+00:00,continuous,64592.1,64750.0,64542.0,64624.3,114524454.01080003
2026-06-22 12:14:59.683000+00:00,2026-06-22 12:00:00+00:00,continuous,64624.2,64880.0,64545.7,64719.9,293101523.537901
2026-06-22 12:29:59.971000+00:00,2026-06-22 12:15:00+00:00,continuous,64719.9,64957.9,64661.5,64920.0,172387232.1596997
2026-06-22 12:44:59.929000+00:00,2026-06-22 12:30:00+00:00,continuous,64919.9,65152.4,64805.9,65030.7,306835390.2940021
2026-06-22 12:59:59.933000+00:00,2026-06-22 12:45:00+00:00,continuous,65030.6,65199.0,64955.1,65120.1,181882884.15019912
2026-06-22 13:14:59.968000+00:00,2026-06-22 13:00:00+00:00,continuous,65120.0,65175.0,65001.7,65113.0,152793137.5082006
2026-06-22 13:29:59.997000+00:00,2026-06-22 13:15:00+00:00,continuous,65113.1,65132.2,64915.6,64966.8,113769721.5539002
2026-06-22 13:44:59.972000+00:00,2026-06-22 13:30:00+00:00,continuous,64966.9,65454.6,64944.8,65373.7,413733754.8017994
2026-06-22 13:59:59.982000+00:00,2026-06-22 13:45:00+00:00,continuous,65373.6,65565.7,65333.0,65548.0,313643747.0282986
2026-06-22 14:14:59.710000+00:00,2026-06-22 14:00:00+00:00,continuous,65547.9,65597.2,65250.0,65269.9,258652882.20599928
2026-06-22 14:29:59.999000+00:00,2026-06-22 14:15:00+00:00,continuous,65270.0,65278.4,64937.5,64937.5,252191275.55240119
2026-06-22 14:44:59.969000+00:00,2026-06-22 14:30:00+00:00,continuous,64937.6,65050.1,64820.6,64880.1,310222182.9291023
2026-06-22 14:59:59.888000+00:00,2026-06-22 14:45:00+00:00,continuous,64880.1,65021.9,64802.3,64943.0,151364571.28019866
2026-06-22 15:14:59.884000+00:00,2026-06-22 15:00:00+00:00,continuous,64943.1,65117.2,64880.0,65050.7,102156085.29340091
2026-06-22 15:29:59.857000+00:00,2026-06-22 15:15:00+00:00,continuous,65050.8,65086.8,64900.0,65022.2,79950882.34460014
2026-06-22 15:44:59.854000+00:00,2026-06-22 15:30:00+00:00,continuous,65022.2,65098.4,64986.9,65034.5,64513727.007700026
2026-06-22 15:59:59.954000+00:00,2026-06-22 15:45:00+00:00,continuous,65034.5,65048.8,64722.2,64808.0,177768645.39730024
2026-06-22 16:14:59.903000+00:00,2026-06-22 16:00:00+00:00,continuous,64808.0,64835.6,64625.1,64705.6,201589859.51320174
2026-06-22 16:29:59.734000+00:00,2026-06-22 16:15:00+00:00,continuous,64705.7,64766.9,64590.0,64661.4,122338708.39420018
2026-06-22 16:44:59.586000+00:00,2026-06-22 16:30:00+00:00,continuous,64661.5,64669.8,64515.3,64555.1,101483446.91829966
2026-06-22 16:59:59.872000+00:00,2026-06-22 16:45:00+00:00,continuous,64555.1,64779.2,64481.0,64695.7,138457644.49399963
2026-06-22 17:14:59.793000+00:00,2026-06-22 17:00:00+00:00,continuous,64695.8,64746.4,64600.0,64652.9,48168611.13160024
2026-06-22 17:29:59.887000+00:00,2026-06-22 17:15:00+00:00,continuous,64653.0,64676.3,64501.5,64504.6,54699745.62050006
2026-06-22 17:44:59.928000+00:00,2026-06-22 17:30:00+00:00,continuous,64504.5,64504.5,64355.0,64399.9,156509818.1068012
2026-06-22 17:59:59.958000+00:00,2026-06-22 17:45:00+00:00,continuous,64400.0,64624.7,64400.0,64580.6,82387500.01789975
2026-06-22 18:14:59.927000+00:00,2026-06-22 18:00:00+00:00,continuous,64580.6,64708.0,64580.5,64650.0,63627211.76159983
2026-06-22 18:29:59.929000+00:00,2026-06-22 18:15:00+00:00,continuous,64650.1,64697.4,64548.3,64578.2,50962799.24189979
2026-06-22 18:44:59.431000+00:00,2026-06-22 18:30:00+00:00,continuous,64578.2,64600.0,64469.2,64491.1,47608357.04710012
2026-06-22 18:59:59.955000+00:00,2026-06-22 18:45:00+00:00,continuous,64491.1,64500.0,64249.6,64312.9,190789324.23290074
2026-06-22 19:14:59.984000+00:00,2026-06-22 19:00:00+00:00,continuous,64312.9,64396.8,64278.4,64382.7,89569748.83369958
2026-06-22 19:29:59.949000+00:00,2026-06-22 19:15:00+00:00,continuous,64382.7,64413.3,64263.0,64323.7,80048001.75619982
2026-06-22 19:44:59.866000+00:00,2026-06-22 19:30:00+00:00,continuous,64323.7,64426.9,64320.3,64374.6,39258507.130800046
2026-06-22 19:59:59.998000+00:00,2026-06-22 19:45:00+00:00,continuous,64374.6,64475.8,64240.0,64447.9,91185849.05359983
2026-06-22 20:14:59.479000+00:00,2026-06-22 20:00:00+00:00,continuous,64450.6,64637.1,64439.8,64496.2,134299710.42490065
2026-06-22 20:29:59.166000+00:00,2026-06-22 20:15:00+00:00,continuous,64496.2,64519.1,64326.0,64382.5,38830001.77009997
2026-06-22 20:44:59.747000+00:00,2026-06-22 20:30:00+00:00,continuous,64382.5,64474.6,64371.1,64457.4,38919905.701899976
2026-06-22 20:59:59.698000+00:00,2026-06-22 20:45:00+00:00,continuous,64457.4,64457.4,64364.4,64409.8,22311111.70339996
2026-06-22 21:14:59.299000+00:00,2026-06-22 21:00:00+00:00,continuous,64409.8,64461.0,64309.2,64371.8,31157911.642600052
2026-06-22 21:29:59.640000+00:00,2026-06-22 21:15:00+00:00,continuous,64371.8,64371.9,64220.0,64273.0,42790310.16889998
2026-06-22 21:44:59.839000+00:00,2026-06-22 21:30:00+00:00,continuous,64272.9,64304.4,64112.1,64155.6,95066495.19340025
2026-06-22 21:59:59.959000+00:00,2026-06-22 21:45:00+00:00,continuous,64155.6,64291.0,64139.3,64291.0,29378607.089800134
2026-06-22 22:14:59.883000+00:00,2026-06-22 22:00:00+00:00,continuous,64291.0,64370.8,64233.5,64273.7,42193072.38530002
2026-06-22 22:29:59.955000+00:00,2026-06-22 22:15:00+00:00,continuous,64273.7,64285.2,63863.0,64007.0,175281235.5050004
2026-06-22 22:44:59.832000+00:00,2026-06-22 22:30:00+00:00,continuous,64006.9,64115.0,63758.3,63817.4,179962677.9618994
2026-06-22 22:59:59.983000+00:00,2026-06-22 22:45:00+00:00,continuous,63817.4,63976.8,63800.1,63948.4,85412406.51570038
2026-06-22 23:14:59.770000+00:00,2026-06-22 23:00:00+00:00,continuous,63948.5,63989.4,63864.7,63910.8,78025191.48359959
2026-06-22 23:29:59.820000+00:00,2026-06-22 23:15:00+00:00,continuous,63910.8,64030.7,63843.8,64012.1,64570365.65890004
2026-06-22 23:44:59.683000+00:00,2026-06-22 23:30:00+00:00,continuous,64012.1,64012.1,63921.9,63959.0,40483866.80929995
2026-06-22 23:59:59.486000+00:00,2026-06-22 23:45:00+00:00,continuous,63959.0,64019.4,63919.5,63990.2,32083674.105000116
2026-06-23 00:14:59.834000+00:00,2026-06-23 00:00:00+00:00,continuous,63990.1,64005.9,63862.7,63931.0,56290038.06529971
2026-06-23 00:29:59.836000+00:00,2026-06-23 00:15:00+00:00,continuous,63931.1,63981.2,63803.2,63831.2,50565844.94630006
2026-06-23 00:44:59.835000+00:00,2026-06-23 00:30:00+00:00,continuous,63831.2,64086.2,63831.2,64078.2,59663365.161599725
2026-06-23 00:59:59.891000+00:00,2026-06-23 00:45:00+00:00,continuous,64078.3,64130.0,64016.4,64119.4,82428592.83039992
2026-06-23 01:14:59.490000+00:00,2026-06-23 01:00:00+00:00,continuous,64119.4,64242.8,64100.0,64179.8,112251612.6079999
2026-06-23 01:29:59.099000+00:00,2026-06-23 01:15:00+00:00,continuous,64179.8,64234.7,64110.8,64172.9,55168345.592600405
2026-06-23 01:44:59.975000+00:00,2026-06-23 01:30:00+00:00,continuous,64172.9,64209.5,63968.0,64026.4,68495661.44009997
2026-06-23 01:59:59.294000+00:00,2026-06-23 01:45:00+00:00,continuous,64026.4,64153.3,63852.5,64125.2,107506356.9068001
2026-06-23 02:14:59.658000+00:00,2026-06-23 02:00:00+00:00,continuous,64125.1,64159.3,64005.5,64086.2,42512011.89760024
2026-06-23 02:29:59.559000+00:00,2026-06-23 02:15:00+00:00,continuous,64086.1,64196.9,64086.1,64137.6,33348243.868700035
2026-06-23 02:44:59.878000+00:00,2026-06-23 02:30:00+00:00,continuous,64137.6,64221.8,64124.6,64170.9,34631750.10699992
2026-06-23 02:59:59.232000+00:00,2026-06-23 02:45:00+00:00,continuous,64170.8,64247.2,64126.3,64165.9,55984973.16450011
2026-06-23 03:14:59.979000+00:00,2026-06-23 03:00:00+00:00,continuous,64165.8,64172.2,63933.3,63990.3,100961419.89990039
2026-06-23 03:29:59.735000+00:00,2026-06-23 03:15:00+00:00,continuous,63990.2,64076.1,63980.2,64068.7,34164071.02440016
2026-06-23 03:44:59.383000+00:00,2026-06-23 03:30:00+00:00,continuous,64068.8,64068.8,63934.2,63964.9,36995870.508600116
2026-06-23 03:59:59.602000+00:00,2026-06-23 03:45:00+00:00,continuous,63964.8,64056.4,63960.9,64037.3,26239144.418799937
2026-06-23 04:14:59.562000+00:00,2026-06-23 04:00:00+00:00,continuous,64037.2,64068.0,63979.3,64026.4,31145820.36970003
2026-06-23 04:29:59.347000+00:00,2026-06-23 04:15:00+00:00,continuous,64026.5,64027.4,63874.0,63954.2,47070483.39610009
2026-06-23 04:44:59.877000+00:00,2026-06-23 04:30:00+00:00,continuous,63954.1,63954.1,63770.0,63783.4,99046368.77829999
2026-06-23 04:59:59.995000+00:00,2026-06-23 04:45:00+00:00,continuous,63783.4,63840.2,63569.2,63594.9,187133880.16710034
2026-06-23 05:14:59.933000+00:00,2026-06-23 05:00:00+00:00,continuous,63594.8,63707.5,63577.0,63593.8,109736642.21519987
2026-06-23 05:29:59.939000+00:00,2026-06-23 05:15:00+00:00,continuous,63593.8,63656.0,63365.2,63450.0,230939194.25819933
2026-06-23 05:44:59.789000+00:00,2026-06-23 05:30:00+00:00,continuous,63449.9,63494.0,63350.0,63409.8,97254882.54440022
2026-06-23 05:59:59.961000+00:00,2026-06-23 05:45:00+00:00,continuous,63409.9,63428.7,63322.0,63372.1,114330019.66809921
2026-06-23 06:14:59.877000+00:00,2026-06-23 06:00:00+00:00,continuous,63372.0,63374.4,63086.0,63184.6,283370291.2941989
2026-06-23 06:29:59.921000+00:00,2026-06-23 06:15:00+00:00,continuous,63184.6,63259.4,62532.4,62740.0,762724792.8614959
2026-06-23 06:44:59.945000+00:00,2026-06-23 06:30:00+00:00,continuous,62740.1,62962.8,62638.4,62913.3,431674695.8919028
2026-06-23 06:59:59.874000+00:00,2026-06-23 06:45:00+00:00,continuous,62913.2,63047.0,62876.9,62905.5,121680576.11929962
2026-06-23 07:14:59.921000+00:00,2026-06-23 07:00:00+00:00,continuous,62905.5,63036.9,62850.3,62998.4,103800259.7230998
2026-06-23 07:29:59.839000+00:00,2026-06-23 07:15:00+00:00,continuous,62998.4,63070.1,62945.0,62966.3,69352330.74899994
2026-06-23 07:44:59.363000+00:00,2026-06-23 07:30:00+00:00,continuous,62966.3,63003.6,62838.4,62863.2,108120886.11649972
2026-06-23 07:59:59.895000+00:00,2026-06-23 07:45:00+00:00,continuous,62863.3,62960.6,62828.0,62849.2,87565361.18829992
2026-06-23 08:14:59.843000+00:00,2026-06-23 08:00:00+00:00,continuous,62849.3,62916.5,62606.1,62638.8,165436068.2123001
2026-06-23 08:29:59.855000+00:00,2026-06-23 08:15:00+00:00,continuous,62638.8,62655.8,61870.0,61999.7,901809292.9813045
2026-06-23 08:44:59.985000+00:00,2026-06-23 08:30:00+00:00,continuous,61999.7,62423.2,61988.1,62350.1,365764539.40689623
2026-06-23 08:59:59.830000+00:00,2026-06-23 08:45:00+00:00,continuous,62350.1,62433.0,62272.3,62353.7,136706547.33150023
2026-06-23 09:14:59.945000+00:00,2026-06-23 09:00:00+00:00,continuous,62353.6,62435.9,62313.3,62405.7,80385439.50179939
2026-06-23 09:29:59.817000+00:00,2026-06-23 09:15:00+00:00,continuous,62405.8,62482.0,62405.7,62480.1,82681257.08610001
2026-06-23 09:44:59.807000+00:00,2026-06-23 09:30:00+00:00,continuous,62480.0,62480.1,62309.0,62333.1,99165074.69790007
2026-06-23 09:59:59.912000+00:00,2026-06-23 09:45:00+00:00,continuous,62333.1,62392.8,62313.3,62350.2,42135430.75440011
2026-06-23 10:14:59.755000+00:00,2026-06-23 10:00:00+00:00,continuous,62350.3,62563.9,62350.2,62430.0,104459438.78579986
2026-06-23 10:29:59.740000+00:00,2026-06-23 10:15:00+00:00,continuous,62430.0,62430.0,62282.5,62332.8,64332452.65339976
2026-06-23 10:44:59.654000+00:00,2026-06-23 10:30:00+00:00,continuous,62332.8,62354.0,62207.1,62234.2,86302851.8400999
2026-06-23 10:59:59.068000+00:00,2026-06-23 10:45:00+00:00,continuous,62234.2,62324.7,62215.3,62290.4,83643782.40779984
2026-06-23 11:14:59.951000+00:00,2026-06-23 11:00:00+00:00,continuous,62290.4,62387.0,62289.2,62355.1,61977000.61300017
2026-06-23 11:29:59.806000+00:00,2026-06-23 11:15:00+00:00,continuous,62355.1,62559.9,62355.0,62515.1,120726572.24400024
2026-06-23 11:44:59.795000+00:00,2026-06-23 11:30:00+00:00,continuous,62515.1,62600.0,62510.2,62533.3,116767610.09620005
2026-06-23 11:59:59.801000+00:00,2026-06-23 11:45:00+00:00,continuous,62533.2,62576.0,62390.5,62478.5,73201786.27600014
2026-06-23 12:14:59.692000+00:00,2026-06-23 12:00:00+00:00,continuous,62478.4,62531.6,62356.9,62404.0,65411836.91860012
2026-06-23 12:29:59.655000+00:00,2026-06-23 12:15:00+00:00,continuous,62404.0,62424.5,62308.2,62380.0,54027750.35020019
2026-06-23 12:44:59.797000+00:00,2026-06-23 12:30:00+00:00,continuous,62380.0,62452.4,62268.4,62308.7,75599459.68799962
2026-06-23 12:59:59.804000+00:00,2026-06-23 12:45:00+00:00,continuous,62308.7,62313.4,62157.0,62227.9,171426336.35139847
2026-06-23 13:14:59.801000+00:00,2026-06-23 13:00:00+00:00,continuous,62228.0,62260.7,62041.0,62154.9,211123751.0122984
2026-06-23 13:29:59.981000+00:00,2026-06-23 13:15:00+00:00,continuous,62154.9,62155.0,61978.0,62023.5,122930403.75750011
2026-06-23 13:44:59.949000+00:00,2026-06-23 13:30:00+00:00,continuous,62023.6,62431.3,61916.9,62366.0,396194011.77550703
2026-06-23 13:59:59.988000+00:00,2026-06-23 13:45:00+00:00,continuous,62365.9,62513.4,62236.8,62446.6,207719519.48189992
2026-06-23 14:14:59.923000+00:00,2026-06-23 14:00:00+00:00,continuous,62446.5,62734.8,62396.2,62702.5,236056807.94569984
2026-06-23 14:29:59.962000+00:00,2026-06-23 14:15:00+00:00,continuous,62702.4,62837.1,62420.4,62547.5,274600692.87879944
2026-06-23 14:44:59.972000+00:00,2026-06-23 14:30:00+00:00,continuous,62547.6,62757.8,62422.2,62488.2,153728787.96690083
2026-06-23 14:59:59.965000+00:00,2026-06-23 14:45:00+00:00,continuous,62488.3,62581.9,62359.2,62462.8,222090340.53540015
2026-06-23 15:14:59.961000+00:00,2026-06-23 15:00:00+00:00,continuous,62462.7,62480.3,62280.0,62355.2,181798781.04789954
2026-06-23 15:29:59.971000+00:00,2026-06-23 15:15:00+00:00,continuous,62355.1,62355.1,62161.2,62247.5,102048533.43630007
2026-06-23 15:44:59.900000+00:00,2026-06-23 15:30:00+00:00,continuous,62247.4,62466.5,62242.0,62262.3,90907901.74920054
2026-06-23 15:59:59.801000+00:00,2026-06-23 15:45:00+00:00,continuous,62262.3,62457.4,62171.2,62455.8,93279112.2597002
2026-06-23 16:14:59.949000+00:00,2026-06-23 16:00:00+00:00,continuous,62455.9,62812.2,62393.4,62759.0,358535037.48160356
2026-06-23 16:29:59.963000+00:00,2026-06-23 16:15:00+00:00,continuous,62758.9,62801.0,62541.1,62557.0,101043166.64309993
2026-06-23 16:44:59.921000+00:00,2026-06-23 16:30:00+00:00,continuous,62557.0,62634.9,62550.0,62595.1,36866356.61909982
2026-06-23 16:59:59.894000+00:00,2026-06-23 16:45:00+00:00,continuous,62595.2,62614.7,62458.4,62522.9,46163711.03410014
2026-06-23 17:14:59.522000+00:00,2026-06-23 17:00:00+00:00,continuous,62522.9,62529.1,62340.0,62401.5,72033586.53109977
2026-06-23 17:29:59.857000+00:00,2026-06-23 17:15:00+00:00,continuous,62401.4,62642.3,62400.0,62616.8,45196970.12189996
2026-06-23 17:44:58.110000+00:00,2026-06-23 17:30:00+00:00,continuous,62616.8,62668.7,62466.6,62500.1,45865803.41270015
2026-06-23 17:59:59.709000+00:00,2026-06-23 17:45:00+00:00,continuous,62500.1,62528.3,62301.7,62330.0,54606261.84819975
2026-06-23 18:14:59.821000+00:00,2026-06-23 18:00:00+00:00,continuous,62330.0,62420.0,62242.2,62340.5,62439717.8935997
2026-06-23 18:29:59.467000+00:00,2026-06-23 18:15:00+00:00,continuous,62340.5,62383.6,62291.6,62322.2,36717924.543499954
2026-06-23 18:44:59.885000+00:00,2026-06-23 18:30:00+00:00,continuous,62322.2,62322.2,62118.4,62125.5,87088530.2924999
2026-06-23 18:59:59.566000+00:00,2026-06-23 18:45:00+00:00,continuous,62125.5,62242.9,62075.6,62215.3,74524007.35840005
2026-06-23 19:14:59.897000+00:00,2026-06-23 19:00:00+00:00,continuous,62215.3,62407.5,62201.3,62343.1,56833664.39119987
2026-06-23 19:29:59.820000+00:00,2026-06-23 19:15:00+00:00,continuous,62343.0,62421.5,62225.0,62417.2,33028467.967900027
2026-06-23 19:44:59.839000+00:00,2026-06-23 19:30:00+00:00,continuous,62417.2,62467.2,62272.9,62272.9,38486031.74459986
2026-06-23 19:59:59.907000+00:00,2026-06-23 19:45:00+00:00,continuous,62273.0,62400.0,62250.0,62365.7,45589869.62420005
2026-06-23 20:14:59.561000+00:00,2026-06-23 20:00:00+00:00,continuous,62365.7,62518.5,62365.7,62416.0,52980856.55049995
2026-06-23 20:29:59.812000+00:00,2026-06-23 20:15:00+00:00,continuous,62416.1,62495.9,62383.6,62464.5,33569630.36909999
2026-06-23 20:44:59.880000+00:00,2026-06-23 20:30:00+00:00,continuous,62464.5,62473.5,62420.1,62448.7,21013909.705999866
2026-06-23 20:59:59.833000+00:00,2026-06-23 20:45:00+00:00,continuous,62448.7,62450.5,62344.2,62439.8,30914108.638100125
2026-06-23 21:14:59.795000+00:00,2026-06-23 21:00:00+00:00,continuous,62439.9,62587.6,62439.9,62488.6,41971538.65920009
2026-06-23 21:29:59.515000+00:00,2026-06-23 21:15:00+00:00,continuous,62488.5,62544.9,62434.9,62543.4,28313223.103699937
2026-06-23 21:44:59.516000+00:00,2026-06-23 21:30:00+00:00,continuous,62543.4,62606.0,62523.4,62592.1,32769624.512099892
2026-06-23 21:59:59.762000+00:00,2026-06-23 21:45:00+00:00,continuous,62592.0,62629.9,62550.0,62563.1,28912206.582799938
2026-06-23 22:14:59.024000+00:00,2026-06-23 22:00:00+00:00,continuous,62563.1,62746.4,62553.0,62714.5,64049514.6403
2026-06-23 22:29:59.083000+00:00,2026-06-23 22:15:00+00:00,continuous,62714.4,62749.9,62526.3,62581.6,52890384.34389968
2026-06-23 22:44:59.469000+00:00,2026-06-23 22:30:00+00:00,continuous,62581.7,62599.0,62501.1,62515.7,31028357.424800172
2026-06-23 22:59:59.366000+00:00,2026-06-23 22:45:00+00:00,continuous,62515.7,62589.7,62488.1,62560.1,27762518.555499982
2026-06-23 23:14:59.910000+00:00,2026-06-23 23:00:00+00:00,continuous,62560.1,62583.0,62463.7,62485.9,29686477.139400084
2026-06-23 23:29:59.707000+00:00,2026-06-23 23:15:00+00:00,continuous,62486.0,62657.9,62486.0,62630.7,31552441.622999977
2026-06-23 23:44:58.903000+00:00,2026-06-23 23:30:00+00:00,continuous,62630.8,62647.0,62562.4,62585.9,23656469.114299938
2026-06-23 23:59:59.736000+00:00,2026-06-23 23:45:00+00:00,continuous,62585.8,62770.6,62579.8,62696.7,33975378.949499756
2026-06-24 00:14:59.685000+00:00,2026-06-24 00:00:00+00:00,continuous,62696.7,62890.0,62696.7,62862.5,98010019.44999951
2026-06-24 00:29:58.413000+00:00,2026-06-24 00:15:00+00:00,continuous,62862.6,62893.1,62781.2,62819.3,45016852.13899959
2026-06-24 00:44:59.513000+00:00,2026-06-24 00:30:00+00:00,continuous,62819.3,62999.9,62762.8,62925.0,95975446.25849995
2026-06-24 00:59:59.863000+00:00,2026-06-24 00:45:00+00:00,continuous,62925.0,62999.9,62866.8,62982.1,44535870.33510011
2026-06-24 01:14:58.964000+00:00,2026-06-24 01:00:00+00:00,continuous,62982.1,62994.6,62815.1,62950.0,63284188.38579989
2026-06-24 01:29:59.982000+00:00,2026-06-24 01:15:00+00:00,continuous,62950.0,62950.1,62737.0,62883.1,51602331.89100024
2026-06-24 01:44:59.910000+00:00,2026-06-24 01:30:00+00:00,continuous,62883.2,63090.9,62881.8,62916.5,93928317.0520006
2026-06-24 01:59:59.930000+00:00,2026-06-24 01:45:00+00:00,continuous,62916.6,62997.6,62899.0,62904.6,28920152.637000002
2026-06-24 02:14:59.984000+00:00,2026-06-24 02:00:00+00:00,continuous,62904.6,62994.6,62776.0,62845.5,81712932.89260027
2026-06-24 02:29:59.808000+00:00,2026-06-24 02:15:00+00:00,continuous,62845.6,62845.6,62641.2,62733.5,56018107.49600019
2026-06-24 02:44:59.345000+00:00,2026-06-24 02:30:00+00:00,continuous,62733.4,62779.2,62572.1,62700.1,65169912.90660015
2026-06-24 02:59:59.654000+00:00,2026-06-24 02:45:00+00:00,continuous,62700.1,62749.2,62574.5,62598.0,70519039.6602
2026-06-24 03:14:59.508000+00:00,2026-06-24 03:00:00+00:00,continuous,62598.0,62656.6,62523.9,62555.9,114688492.86859982
2026-06-24 03:29:59.666000+00:00,2026-06-24 03:15:00+00:00,continuous,62555.9,62647.9,62402.8,62642.5,110882145.97879967
2026-06-24 03:44:59.668000+00:00,2026-06-24 03:30:00+00:00,continuous,62642.4,62800.0,62641.7,62771.2,59934836.14529977
2026-06-24 03:59:59.687000+00:00,2026-06-24 03:45:00+00:00,continuous,62771.3,62804.0,62695.0,62704.6,34499971.84470005
2026-06-24 04:14:59.873000+00:00,2026-06-24 04:00:00+00:00,continuous,62704.6,62729.0,62595.2,62639.9,60935928.980799854
2026-06-24 04:29:59.168000+00:00,2026-06-24 04:15:00+00:00,continuous,62640.0,62672.7,62500.0,62564.4,37326188.621700056
2026-06-24 04:44:59.832000+00:00,2026-06-24 04:30:00+00:00,continuous,62564.5,62723.4,62560.1,62629.8,38725834.97789993
2026-06-24 04:59:59.678000+00:00,2026-06-24 04:45:00+00:00,continuous,62629.9,62779.9,62629.8,62720.6,38249448.37440013
2026-06-24 05:14:59.834000+00:00,2026-06-24 05:00:00+00:00,continuous,62720.7,62818.0,62678.0,62759.7,38214862.567399845
2026-06-24 05:29:59.783000+00:00,2026-06-24 05:15:00+00:00,continuous,62759.7,62862.9,62737.5,62848.5,45684827.02289993
2026-06-24 05:44:59.707000+00:00,2026-06-24 05:30:00+00:00,continuous,62848.5,63053.5,62827.0,62900.9,131391472.78529985
2026-06-24 05:59:59.892000+00:00,2026-06-24 05:45:00+00:00,continuous,62900.9,62936.4,62830.0,62859.9,32204869.906000003
2026-06-24 06:14:59.569000+00:00,2026-06-24 06:00:00+00:00,continuous,62859.8,62873.4,62735.2,62811.8,40343816.347
2026-06-24 06:29:59.903000+00:00,2026-06-24 06:15:00+00:00,continuous,62811.5,62888.0,62757.5,62829.8,24800926.397599943
2026-06-24 06:44:59.965000+00:00,2026-06-24 06:30:00+00:00,continuous,62829.8,62851.9,62756.8,62756.8,28612568.185700025
2026-06-24 06:59:59.568000+00:00,2026-06-24 06:45:00+00:00,continuous,62756.7,62770.7,62700.0,62754.6,28092711.79759985
2026-06-24 07:14:59.939000+00:00,2026-06-24 07:00:00+00:00,continuous,62754.7,62822.0,62656.5,62788.8,60449994.56109991
2026-06-24 07:29:59.723000+00:00,2026-06-24 07:15:00+00:00,continuous,62788.7,62792.9,62640.0,62640.5,34227372.424099974
2026-06-24 07:44:59.661000+00:00,2026-06-24 07:30:00+00:00,continuous,62640.5,62707.1,62600.8,62668.8,47361000.11810006
2026-06-24 07:59:59.988000+00:00,2026-06-24 07:45:00+00:00,continuous,62668.7,62705.4,62570.8,62630.3,71441520.86030026
2026-06-24 08:14:59.760000+00:00,2026-06-24 08:00:00+00:00,continuous,62630.4,62673.6,62574.0,62637.0,59115674.230099685
2026-06-24 08:29:59.280000+00:00,2026-06-24 08:15:00+00:00,continuous,62637.0,62697.9,62613.2,62683.5,35373285.10380002
2026-06-24 08:44:59.864000+00:00,2026-06-24 08:30:00+00:00,continuous,62683.5,62776.7,62645.3,62767.6,49785429.69260004
2026-06-24 08:59:59.655000+00:00,2026-06-24 08:45:00+00:00,continuous,62767.6,62786.2,62714.0,62773.0,28025707.34039998
2026-06-24 09:14:59.951000+00:00,2026-06-24 09:00:00+00:00,continuous,62773.0,62773.0,62650.1,62750.1,38157560.56900001
2026-06-24 09:29:59.687000+00:00,2026-06-24 09:15:00+00:00,continuous,62750.1,62757.8,62650.0,62655.3,19816848.917500004
2026-06-24 09:44:58.737000+00:00,2026-06-24 09:30:00+00:00,continuous,62655.3,62680.6,62609.1,62636.0,18346122.956200022
2026-06-24 09:59:59.789000+00:00,2026-06-24 09:45:00+00:00,continuous,62635.9,62693.3,62608.6,62650.2,16967601.6976
2026-06-24 10:14:59.169000+00:00,2026-06-24 10:00:00+00:00,continuous,62650.2,62657.8,62528.7,62584.5,52498212.252999894
2026-06-24 10:29:59.991000+00:00,2026-06-24 10:15:00+00:00,continuous,62584.4,62610.0,62426.1,62515.7,94031923.40229948
2026-06-24 10:44:59.969000+00:00,2026-06-24 10:30:00+00:00,continuous,62515.9,62600.0,62485.0,62569.3,47299241.7588002
2026-06-24 10:59:59.507000+00:00,2026-06-24 10:45:00+00:00,continuous,62569.3,62574.0,62365.4,62416.8,76899029.24129991
2026-06-24 11:14:59.906000+00:00,2026-06-24 11:00:00+00:00,continuous,62416.9,62450.0,62272.1,62349.5,138964776.0954997
2026-06-24 11:29:59.917000+00:00,2026-06-24 11:15:00+00:00,continuous,62349.5,62390.0,62289.7,62351.8,69512948.87720023
2026-06-24 11:44:59.997000+00:00,2026-06-24 11:30:00+00:00,continuous,62351.9,62728.9,62351.8,62706.7,116868131.4277001
2026-06-24 11:59:59.991000+00:00,2026-06-24 11:45:00+00:00,continuous,62706.7,63209.6,62688.1,62887.7,391390008.4488017
2026-06-24 12:14:59.935000+00:00,2026-06-24 12:00:00+00:00,continuous,62887.8,62939.3,62774.5,62800.0,117428586.92890027
2026-06-24 12:29:59.896000+00:00,2026-06-24 12:15:00+00:00,continuous,62800.0,62874.6,62720.4,62790.0,72809892.17619993
2026-06-24 12:44:59.484000+00:00,2026-06-24 12:30:00+00:00,continuous,62790.0,62874.0,62727.6,62812.9,52798409.52679997
2026-06-24 12:59:59.953000+00:00,2026-06-24 12:45:00+00:00,continuous,62812.9,62829.0,62543.4,62589.5,96244330.21220021
2026-06-24 13:14:59.916000+00:00,2026-06-24 13:00:00+00:00,continuous,62589.5,62604.0,61952.8,62012.7,433195854.79210675
2026-06-24 13:29:59.992000+00:00,2026-06-24 13:15:00+00:00,continuous,62012.6,62208.0,61642.5,61824.5,562354251.4821992
2026-06-24 13:44:59.965000+00:00,2026-06-24 13:30:00+00:00,continuous,61824.4,62127.5,61348.5,61464.2,624261281.7793932
2026-06-24 13:59:59.874000+00:00,2026-06-24 13:45:00+00:00,continuous,61464.1,61624.7,61220.7,61308.2,571471586.7734964
2026-06-24 14:14:59.970000+00:00,2026-06-24 14:00:00+00:00,continuous,61308.2,61434.5,61077.6,61211.1,452881368.7106044
2026-06-24 14:29:59.923000+00:00,2026-06-24 14:15:00+00:00,continuous,61211.0,61292.7,60866.0,61209.3,579514980.1376054
2026-06-24 14:44:59.960000+00:00,2026-06-24 14:30:00+00:00,continuous,61209.4,61359.0,61032.8,61132.8,278574743.294398
2026-06-24 14:59:59.943000+00:00,2026-06-24 14:45:00+00:00,continuous,61132.8,61226.8,60915.0,61085.3,216913955.48589998
2026-06-24 15:14:59.963000+00:00,2026-06-24 15:00:00+00:00,continuous,61085.3,61096.3,60815.1,60871.8,256377087.5514004
2026-06-24 15:29:59.938000+00:00,2026-06-24 15:15:00+00:00,continuous,60871.9,61128.9,60800.0,60854.4,290996055.85980004
2026-06-24 15:44:59.914000+00:00,2026-06-24 15:30:00+00:00,continuous,60854.4,60860.0,60509.7,60549.9,446048631.89460075
2026-06-24 15:59:59.927000+00:00,2026-06-24 15:45:00+00:00,continuous,60549.9,60560.5,60238.0,60254.9,496150040.4581981
2026-06-24 16:14:59.884000+00:00,2026-06-24 16:00:00+00:00,continuous,60254.9,60529.9,60193.0,60492.3,381030314.98359627
2026-06-24 16:29:59.846000+00:00,2026-06-24 16:15:00+00:00,continuous,60492.2,60649.1,60388.5,60519.0,277996826.42090064
2026-06-24 16:44:59.985000+00:00,2026-06-24 16:30:00+00:00,continuous,60519.1,60539.1,60113.2,60231.8,246841256.26959816
2026-06-24 16:59:59.972000+00:00,2026-06-24 16:45:00+00:00,continuous,60231.7,60231.7,59260.0,59808.2,1361976856.0920992
2026-06-24 17:14:59.829000+00:00,2026-06-24 17:00:00+00:00,continuous,59808.3,60025.2,59670.0,59802.0,399792833.4301984
2026-06-24 17:29:59.843000+00:00,2026-06-24 17:15:00+00:00,continuous,59802.1,59840.2,59300.0,59645.3,695614367.855002
2026-06-24 17:44:59.972000+00:00,2026-06-24 17:30:00+00:00,continuous,59645.3,59720.6,59226.5,59293.2,343390667.63519955
2026-06-24 17:59:59.849000+00:00,2026-06-24 17:45:00+00:00,continuous,59293.2,59468.7,59060.0,59363.7,557435382.092603
2026-06-24 18:14:59.963000+00:00,2026-06-24 18:00:00+00:00,continuous,59363.6,59588.0,59269.4,59563.4,276422756.6469
2026-06-24 18:29:59.973000+00:00,2026-06-24 18:15:00+00:00,continuous,59563.4,59895.3,59537.7,59677.9,372948260.9642999
2026-06-24 18:44:59.987000+00:00,2026-06-24 18:30:00+00:00,continuous,59678.0,59720.0,59455.6,59528.1,174114793.93490025
2026-06-24 18:59:59.932000+00:00,2026-06-24 18:45:00+00:00,continuous,59528.0,59617.8,59380.0,59569.5,143352082.5516992
2026-06-24 19:14:59.899000+00:00,2026-06-24 19:00:00+00:00,continuous,59569.5,59710.0,59484.7,59648.6,153352498.1805001
2026-06-24 19:29:59.911000+00:00,2026-06-24 19:15:00+00:00,continuous,59648.5,59814.4,59558.2,59802.6,119272439.04759985
2026-06-24 19:44:59.908000+00:00,2026-06-24 19:30:00+00:00,continuous,59802.5,59879.1,59693.8,59752.7,85977065.47040002
2026-06-24 19:59:59.954000+00:00,2026-06-24 19:45:00+00:00,continuous,59752.7,59973.3,59711.8,59923.8,112558081.72170046
2026-06-24 20:14:59.722000+00:00,2026-06-24 20:00:00+00:00,continuous,59923.7,60800.0,59813.9,60648.7,819211965.8306892
2026-06-24 20:29:59.483000+00:00,2026-06-24 20:15:00+00:00,continuous,60648.6,60800.0,60556.5,60745.0,257342343.02540055
2026-06-24 20:44:59.735000+00:00,2026-06-24 20:30:00+00:00,continuous,60744.9,60898.4,60650.0,60845.4,189566590.6696994
2026-06-24 20:59:59.676000+00:00,2026-06-24 20:45:00+00:00,continuous,60845.4,61188.0,60837.6,60926.5,368968633.7890987
2026-06-24 21:14:59.649000+00:00,2026-06-24 21:00:00+00:00,continuous,60926.5,60996.0,60633.1,60691.4,179537068.50380075
2026-06-24 21:29:59.582000+00:00,2026-06-24 21:15:00+00:00,continuous,60691.3,60880.0,60650.8,60822.3,56678719.54010021
2026-06-24 21:44:59.932000+00:00,2026-06-24 21:30:00+00:00,continuous,60822.2,61110.4,60762.7,61058.1,90137053.99619941
2026-06-24 21:59:59.169000+00:00,2026-06-24 21:45:00+00:00,continuous,61058.1,61115.2,60969.9,61073.6,88101211.0892996
2026-06-24 22:14:59.943000+00:00,2026-06-24 22:00:00+00:00,continuous,61073.6,61256.0,60971.0,60973.4,152004145.94030002
2026-06-24 22:29:59.053000+00:00,2026-06-24 22:15:00+00:00,continuous,60973.3,60988.0,60851.3,60858.3,81838903.98230012
2026-06-24 22:44:59.880000+00:00,2026-06-24 22:30:00+00:00,continuous,60858.3,60932.2,60752.8,60894.4,79899119.60160014
2026-06-24 22:59:59.775000+00:00,2026-06-24 22:45:00+00:00,continuous,60894.3,60894.4,60789.1,60850.2,37207882.768599994
2026-06-24 23:14:59.739000+00:00,2026-06-24 23:00:00+00:00,continuous,60850.3,60936.7,60799.9,60859.9,32788440.888399955
2026-06-24 23:29:59.974000+00:00,2026-06-24 23:15:00+00:00,continuous,60859.9,61006.8,60811.6,60956.1,48598249.62510002
2026-06-24 23:44:58.900000+00:00,2026-06-24 23:30:00+00:00,continuous,60956.0,61038.0,60925.0,61000.0,42305910.39599999
2026-06-24 23:59:59.614000+00:00,2026-06-24 23:45:00+00:00,continuous,61000.0,61086.3,60911.2,61051.2,52035570.19180013
2026-06-25 00:14:59.783000+00:00,2026-06-25 00:00:00+00:00,continuous,61051.2,61138.9,61000.1,61067.3,60341447.062200494
2026-06-25 00:29:59.948000+00:00,2026-06-25 00:15:00+00:00,continuous,61067.3,61079.5,60890.6,60895.7,67509175.02520023
2026-06-25 00:44:59.993000+00:00,2026-06-25 00:30:00+00:00,continuous,60895.7,60964.7,60808.1,60813.3,70242879.06270014
2026-06-25 00:59:59.922000+00:00,2026-06-25 00:45:00+00:00,continuous,60813.3,60895.4,60666.0,60786.9,131356587.0414005
2026-06-25 01:14:59.987000+00:00,2026-06-25 01:00:00+00:00,continuous,60786.9,60854.3,60703.2,60745.4,69417971.7683
2026-06-25 01:29:59.653000+00:00,2026-06-25 01:15:00+00:00,continuous,60745.5,60909.4,60686.8,60827.8,66266160.210199624
2026-06-25 01:44:59.718000+00:00,2026-06-25 01:30:00+00:00,continuous,60827.7,60879.9,60780.0,60794.5,31235134.756799966
2026-06-25 01:59:59.951000+00:00,2026-06-25 01:45:00+00:00,continuous,60794.4,60960.5,60770.7,60892.9,52252284.459000066
2026-06-25 02:14:59.968000+00:00,2026-06-25 02:00:00+00:00,continuous,60892.9,60939.0,60690.6,60751.9,57211947.13499995
2026-06-25 02:29:59.994000+00:00,2026-06-25 02:15:00+00:00,continuous,60752.0,60918.3,60720.0,60901.5,41746167.91249985
2026-06-25 02:44:59.743000+00:00,2026-06-25 02:30:00+00:00,continuous,60901.5,60906.6,60719.9,60732.8,68831646.74739994
2026-06-25 02:59:59.842000+00:00,2026-06-25 02:45:00+00:00,continuous,60732.8,60792.9,60660.0,60763.2,94403913.70410039
2026-06-25 03:14:59.957000+00:00,2026-06-25 03:00:00+00:00,continuous,60763.3,60842.1,60689.5,60730.0,65227536.77820048
2026-06-25 03:29:59.490000+00:00,2026-06-25 03:15:00+00:00,continuous,60730.1,60812.0,60648.0,60764.3,41518153.66869989
2026-06-25 03:44:59.627000+00:00,2026-06-25 03:30:00+00:00,continuous,60764.3,60821.6,60715.5,60718.6,32124000.885099962
2026-06-25 03:59:59.664000+00:00,2026-06-25 03:45:00+00:00,continuous,60718.5,60877.7,60715.6,60853.9,46364024.070699915
2026-06-25 04:14:59.699000+00:00,2026-06-25 04:00:00+00:00,continuous,60854.0,60878.6,60788.0,60789.7,42160866.597999945
2026-06-25 04:29:59.954000+00:00,2026-06-25 04:15:00+00:00,continuous,60789.7,60888.0,60756.4,60865.5,24284950.469200004
2026-06-25 04:44:59.983000+00:00,2026-06-25 04:30:00+00:00,continuous,60865.5,60949.9,60780.0,60949.8,44579694.534000136
2026-06-25 04:59:59.876000+00:00,2026-06-25 04:45:00+00:00,continuous,60949.8,61389.0,60940.9,61323.2,269240120.3208995
2026-06-25 05:14:59.896000+00:00,2026-06-25 05:00:00+00:00,continuous,61323.3,61733.9,61241.9,61615.9,405469403.1550987
2026-06-25 05:29:59.988000+00:00,2026-06-25 05:15:00+00:00,continuous,61615.8,61800.0,61437.6,61579.5,254342611.2716993
2026-06-25 05:44:59.861000+00:00,2026-06-25 05:30:00+00:00,continuous,61579.4,61629.9,61494.4,61499.8,81480183.97619997
2026-06-25 05:59:59.979000+00:00,2026-06-25 05:45:00+00:00,continuous,61499.8,61650.0,61480.0,61567.1,93150849.33890025
2026-06-25 06:14:59.892000+00:00,2026-06-25 06:00:00+00:00,continuous,61567.2,61733.0,61567.1,61681.1,77867422.19310014
2026-06-25 06:29:59.884000+00:00,2026-06-25 06:15:00+00:00,continuous,61681.0,61773.4,61606.7,61638.6,71835859.25969996
2026-06-25 06:44:59.565000+00:00,2026-06-25 06:30:00+00:00,continuous,61638.6,61732.0,61620.6,61728.8,54360388.2515
2026-06-25 06:59:59.704000+00:00,2026-06-25 06:45:00+00:00,continuous,61728.7,61829.1,61681.6,61693.5,89240759.68
2026-06-25 07:14:59.975000+00:00,2026-06-25 07:00:00+00:00,continuous,61693.5,61800.0,61632.2,61724.2,89848111.68889984
2026-06-25 07:29:59.763000+00:00,2026-06-25 07:15:00+00:00,continuous,61724.2,61866.0,61724.1,61774.2,91574110.59349982
2026-06-25 07:44:59.479000+00:00,2026-06-25 07:30:00+00:00,continuous,61774.1,61931.1,61774.1,61886.0,110907084.91919994
2026-06-25 07:59:59.960000+00:00,2026-06-25 07:45:00+00:00,continuous,61886.0,61915.3,61780.1,61886.7,107400416.52630079
2026-06-25 08:14:59.952000+00:00,2026-06-25 08:00:00+00:00,continuous,61886.8,61897.6,61726.7,61770.5,127158572.43859987
2026-06-25 08:29:59.977000+00:00,2026-06-25 08:15:00+00:00,continuous,61770.5,61771.0,61677.1,61753.8,84810449.77419962
2026-06-25 08:44:59.689000+00:00,2026-06-25 08:30:00+00:00,continuous,61753.7,61753.8,61688.6,61729.5,59105274.94019962
2026-06-25 08:59:59.871000+00:00,2026-06-25 08:45:00+00:00,continuous,61729.5,61774.2,61653.0,61686.4,58896249.54520001
2026-06-25 09:14:59.962000+00:00,2026-06-25 09:00:00+00:00,continuous,61686.5,61764.9,61653.0,61715.2,60077379.772099815
2026-06-25 09:29:59.830000+00:00,2026-06-25 09:15:00+00:00,continuous,61715.1,61741.2,61578.4,61665.3,80629374.42689969
2026-06-25 09:44:59.814000+00:00,2026-06-25 09:30:00+00:00,continuous,61665.3,61748.7,61655.8,61724.4,47624295.47860013
2026-06-25 09:59:59.102000+00:00,2026-06-25 09:45:00+00:00,continuous,61724.5,61756.0,61672.3,61707.8,37905339.18760012
2026-06-25 10:14:59.611000+00:00,2026-06-25 10:00:00+00:00,continuous,61707.9,61727.9,61626.3,61657.4,44008868.56650019
2026-06-25 10:29:59.984000+00:00,2026-06-25 10:15:00+00:00,continuous,61657.4,61725.1,61540.0,61550.4,87020968.26490057
2026-06-25 10:44:59.846000+00:00,2026-06-25 10:30:00+00:00,continuous,61550.4,61564.9,61362.2,61369.0,155638160.9464002
2026-06-25 10:59:59.911000+00:00,2026-06-25 10:45:00+00:00,continuous,61369.1,61378.8,61228.4,61245.3,162227671.28299987
2026-06-25 11:14:59.898000+00:00,2026-06-25 11:00:00+00:00,continuous,61245.4,61339.8,61033.5,61330.1,214172580.6354006
2026-06-25 11:29:59.956000+00:00,2026-06-25 11:15:00+00:00,continuous,61330.1,61395.3,61220.0,61220.0,248879898.58510002
2026-06-25 11:44:59.809000+00:00,2026-06-25 11:30:00+00:00,continuous,61220.0,61373.8,61220.0,61297.7,135900338.78410068
2026-06-25 11:59:59.880000+00:00,2026-06-25 11:45:00+00:00,continuous,61297.7,61297.7,61125.4,61258.2,122018444.67839971
2026-06-25 12:14:59.763000+00:00,2026-06-25 12:00:00+00:00,continuous,61258.2,61352.0,61126.1,61194.1,70835082.15239969
2026-06-25 12:29:59.786000+00:00,2026-06-25 12:15:00+00:00,continuous,61194.1,61245.3,61048.5,61077.0,102678144.55750011
2026-06-25 12:44:59.626000+00:00,2026-06-25 12:30:00+00:00,continuous,61076.9,61742.9,61076.9,61352.6,423599308.31210166
2026-06-25 12:59:59.959000+00:00,2026-06-25 12:45:00+00:00,continuous,61352.5,61384.3,61117.9,61216.4,172206401.05970004
2026-06-25 13:14:59.854000+00:00,2026-06-25 13:00:00+00:00,continuous,61216.4,61339.9,61140.3,61296.5,131535253.51210071
2026-06-25 13:29:59.387000+00:00,2026-06-25 13:15:00+00:00,continuous,61296.6,61346.4,61163.9,61210.1,119246613.26689999
2026-06-25 13:44:59.985000+00:00,2026-06-25 13:30:00+00:00,continuous,61210.2,61319.8,60050.6,60054.1,918456667.0852017
2026-06-25 13:59:59.990000+00:00,2026-06-25 13:45:00+00:00,continuous,60054.2,60227.6,58030.0,58248.4,2737351005.813067
2026-06-25 14:14:59.971000+00:00,2026-06-25 14:00:00+00:00,continuous,58249.2,59713.0,58249.2,59228.7,1666222218.3653882
2026-06-25 14:29:59.996000+00:00,2026-06-25 14:15:00+00:00,continuous,59228.6,59530.0,58755.0,59292.8,838858693.2394961
2026-06-25 14:44:59.805000+00:00,2026-06-25 14:30:00+00:00,continuous,59292.9,60466.9,59145.7,59459.9,1217539994.6677113
2026-06-25 14:59:59.813000+00:00,2026-06-25 14:45:00+00:00,continuous,59459.9,59773.1,59322.0,59448.7,321828801.3439058
2026-06-25 15:14:59.930000+00:00,2026-06-25 15:00:00+00:00,continuous,59448.7,59457.5,59022.7,59032.9,390904285.66250086
2026-06-25 15:29:59.972000+00:00,2026-06-25 15:15:00+00:00,continuous,59032.9,59362.8,58835.2,59241.4,366485652.46000123
2026-06-25 15:44:59.906000+00:00,2026-06-25 15:30:00+00:00,continuous,59241.4,59527.1,59050.0,59172.4,231483121.08870083
2026-06-25 15:59:59.754000+00:00,2026-06-25 15:45:00+00:00,continuous,59172.3,59630.2,59146.0,59536.2,248137806.89849985
2026-06-25 16:14:59.920000+00:00,2026-06-25 16:00:00+00:00,continuous,59536.2,60035.7,59439.0,59727.3,345806408.9125948
2026-06-25 16:29:59.895000+00:00,2026-06-25 16:15:00+00:00,continuous,59727.4,59820.3,59650.0,59718.7,108095835.0293991
2026-06-25 16:44:59.944000+00:00,2026-06-25 16:30:00+00:00,continuous,59718.6,59718.7,59215.4,59248.5,247713127.76390278
2026-06-25 16:59:59.838000+00:00,2026-06-25 16:45:00+00:00,continuous,59248.7,59372.7,59130.0,59284.0,116384178.73020038
2026-06-25 17:14:59.916000+00:00,2026-06-25 17:00:00+00:00,continuous,59284.1,59447.8,59114.4,59381.0,136254492.79009962
2026-06-25 17:29:59.976000+00:00,2026-06-25 17:15:00+00:00,continuous,59380.9,59584.7,59312.7,59534.1,143074446.6234
2026-06-25 17:44:59.993000+00:00,2026-06-25 17:30:00+00:00,continuous,59534.0,59720.0,59466.5,59505.2,95514632.69450015
2026-06-25 17:59:59.999000+00:00,2026-06-25 17:45:00+00:00,continuous,59505.1,59666.1,59417.8,59656.3,90607040.55080028
2026-06-25 18:14:59.808000+00:00,2026-06-25 18:00:00+00:00,continuous,59656.2,59775.0,59366.0,59375.3,145535246.23049942
2026-06-25 18:29:59.769000+00:00,2026-06-25 18:15:00+00:00,continuous,59375.4,59728.0,59375.0,59693.0,122680241.26990046
2026-06-25 18:44:59.922000+00:00,2026-06-25 18:30:00+00:00,continuous,59693.1,59693.1,59364.5,59403.7,90633207.22009988
2026-06-25 18:59:59.998000+00:00,2026-06-25 18:45:00+00:00,continuous,59403.6,59572.8,59333.0,59491.0,73434333.90840039
2026-06-25 19:14:59.935000+00:00,2026-06-25 19:00:00+00:00,continuous,59491.2,59496.6,59200.0,59217.6,147241875.45549908
2026-06-25 19:29:59.983000+00:00,2026-06-25 19:15:00+00:00,continuous,59217.3,59339.4,59152.7,59323.3,101800619.36710021
2026-06-25 19:44:59.800000+00:00,2026-06-25 19:30:00+00:00,continuous,59323.3,59416.2,59265.5,59275.4,61464506.43190019
2026-06-25 19:59:59.937000+00:00,2026-06-25 19:45:00+00:00,continuous,59275.3,59342.3,59153.2,59299.8,111152961.87770008
2026-06-25 20:14:59.994000+00:00,2026-06-25 20:00:00+00:00,continuous,59299.9,59723.5,59298.7,59553.4,208949989.02929965
2026-06-25 20:29:59.999000+00:00,2026-06-25 20:15:00+00:00,continuous,59553.4,59711.5,59524.4,59600.0,49941013.70479988
2026-06-25 20:44:59.979000+00:00,2026-06-25 20:30:00+00:00,continuous,59600.1,59639.7,59387.6,59499.0,66768624.84940006
2026-06-25 20:59:59.282000+00:00,2026-06-25 20:45:00+00:00,continuous,59498.9,59501.4,59312.8,59428.8,53396381.54019987
2026-06-25 21:14:59.758000+00:00,2026-06-25 21:00:00+00:00,continuous,59428.9,59595.7,59422.7,59595.6,40753076.2439
2026-06-25 21:29:59.842000+00:00,2026-06-25 21:15:00+00:00,continuous,59595.6,59686.7,59526.6,59686.1,48698146.82669982
2026-06-25 21:44:59.741000+00:00,2026-06-25 21:30:00+00:00,continuous,59686.1,59985.5,59672.8,59935.3,145427797.9371996
2026-06-25 21:59:59.858000+00:00,2026-06-25 21:45:00+00:00,continuous,59935.2,60245.0,59863.4,60180.7,140241120.09119967
2026-06-25 22:14:59.991000+00:00,2026-06-25 22:00:00+00:00,continuous,60180.7,60180.8,59840.0,59859.3,184912248.8143017
2026-06-25 22:29:59.425000+00:00,2026-06-25 22:15:00+00:00,continuous,59859.4,59984.6,59753.8,59763.5,66810225.77610032
2026-06-25 22:44:58.893000+00:00,2026-06-25 22:30:00+00:00,continuous,59763.5,59850.0,59718.6,59765.0,55996623.421000145
2026-06-25 22:59:59.431000+00:00,2026-06-25 22:45:00+00:00,continuous,59765.0,59899.6,59705.4,59815.1,57632860.37229971
2026-06-25 23:14:59.985000+00:00,2026-06-25 23:00:00+00:00,continuous,59815.1,59924.9,59761.0,59917.7,37875770.24210013
2026-06-25 23:29:59.955000+00:00,2026-06-25 23:15:00+00:00,continuous,59917.7,60149.3,59895.3,60068.7,88975961.4933
2026-06-25 23:44:59.902000+00:00,2026-06-25 23:30:00+00:00,continuous,60068.7,60164.3,59932.6,59950.7,71333161.37140024
2026-06-25 23:59:59.999000+00:00,2026-06-25 23:45:00+00:00,continuous,59950.7,59950.7,59709.1,59771.9,76399610.29929999
2026-06-26 00:14:59.428000+00:00,2026-06-26 00:00:00+00:00,continuous,59772.0,59882.2,59740.9,59860.2,61395448.837500066
2026-06-26 00:29:59.849000+00:00,2026-06-26 00:15:00+00:00,continuous,59860.1,59860.2,59671.3,59748.9,64502439.64269965
2026-06-26 00:44:59.749000+00:00,2026-06-26 00:30:00+00:00,continuous,59748.8,59850.0,59670.0,59760.0,42210101.12009992
2026-06-26 00:59:59.885000+00:00,2026-06-26 00:45:00+00:00,continuous,59760.1,59801.0,59608.1,59638.2,63191599.392899804
2026-06-26 01:14:58.689000+00:00,2026-06-26 01:00:00+00:00,continuous,59638.2,59761.3,59417.3,59574.0,118965055.73440053
2026-06-26 01:29:59.841000+00:00,2026-06-26 01:15:00+00:00,continuous,59574.0,59643.3,59267.0,59272.4,91392615.75289996
2026-06-26 01:44:59.975000+00:00,2026-06-26 01:30:00+00:00,continuous,59272.4,59356.0,59200.0,59293.3,109530825.49980013
2026-06-26 01:59:59.916000+00:00,2026-06-26 01:45:00+00:00,continuous,59293.2,59417.0,59250.0,59413.0,57011786.75319985
2026-06-26 02:14:59.913000+00:00,2026-06-26 02:00:00+00:00,continuous,59413.1,59432.3,58620.0,58650.1,311906867.0871978
2026-06-26 02:29:59.905000+00:00,2026-06-26 02:15:00+00:00,continuous,58650.1,58864.0,58325.6,58857.5,694798944.8256052
2026-06-26 02:44:59.877000+00:00,2026-06-26 02:30:00+00:00,continuous,58857.5,58990.3,58648.9,58788.4,232603030.3119025
2026-06-26 02:59:59.987000+00:00,2026-06-26 02:45:00+00:00,continuous,58788.3,58806.4,58403.4,58536.0,226692807.8314005
2026-06-26 03:14:59.960000+00:00,2026-06-26 03:00:00+00:00,continuous,58536.0,58944.0,58288.0,58867.6,327991222.83269995
2026-06-26 03:29:59.912000+00:00,2026-06-26 03:15:00+00:00,continuous,58867.2,59166.5,58771.8,59070.9,251150982.3748993
2026-06-26 03:44:59.932000+00:00,2026-06-26 03:30:00+00:00,continuous,59070.8,59525.0,58983.4,59470.0,439011301.0113
2026-06-26 03:59:59.907000+00:00,2026-06-26 03:45:00+00:00,continuous,59470.0,60125.7,59464.0,60015.0,547784743.9848034
2026-06-26 04:14:59.935000+00:00,2026-06-26 04:00:00+00:00,continuous,60015.0,60078.3,59802.3,59885.8,228502806.6562011
2026-06-26 04:29:59.972000+00:00,2026-06-26 04:15:00+00:00,continuous,59885.9,60234.8,59860.6,59965.2,164853354.1216009
2026-06-26 04:44:59.791000+00:00,2026-06-26 04:30:00+00:00,continuous,59965.2,59999.0,59866.0,59949.5,67542686.13189991
2026-06-26 04:59:59.989000+00:00,2026-06-26 04:45:00+00:00,continuous,59949.4,59958.0,59810.1,59899.9,63283536.62190021
2026-06-26 05:14:59.963000+00:00,2026-06-26 05:00:00+00:00,continuous,59899.8,59952.4,59813.8,59952.4,79500222.20629996
2026-06-26 05:29:59.482000+00:00,2026-06-26 05:15:00+00:00,continuous,59952.4,60024.0,59703.1,59937.0,126750104.24180023
2026-06-26 05:44:59.926000+00:00,2026-06-26 05:30:00+00:00,continuous,59937.0,60039.1,59809.2,59861.2,80888237.31579982
2026-06-26 05:59:59.932000+00:00,2026-06-26 05:45:00+00:00,continuous,59861.2,59948.0,59761.2,59921.8,64266796.13830055
2026-06-26 06:14:59.978000+00:00,2026-06-26 06:00:00+00:00,continuous,59921.9,59921.9,59666.2,59686.0,132135935.02069966
2026-06-26 06:29:59.973000+00:00,2026-06-26 06:15:00+00:00,continuous,59686.1,60073.7,59686.0,60017.6,122552443.96870019
2026-06-26 06:44:59.915000+00:00,2026-06-26 06:30:00+00:00,continuous,60017.7,60409.8,59925.1,60361.7,243376723.52550265
2026-06-26 06:59:59.739000+00:00,2026-06-26 06:45:00+00:00,continuous,60361.7,60440.0,60204.6,60298.9,148989242.26160038
2026-06-26 07:14:59.858000+00:00,2026-06-26 07:00:00+00:00,continuous,60298.9,60518.0,60252.6,60491.7,168050504.06480077
2026-06-26 07:29:59.974000+00:00,2026-06-26 07:15:00+00:00,continuous,60491.7,60681.0,60441.0,60560.4,204572626.44739977
2026-06-26 07:44:59.969000+00:00,2026-06-26 07:30:00+00:00,continuous,60560.5,60734.0,60522.0,60555.0,257992197.75090134
2026-06-26 07:59:59.955000+00:00,2026-06-26 07:45:00+00:00,continuous,60554.9,60607.1,60458.8,60491.0,255017571.5183994
2026-06-26 08:14:59.933000+00:00,2026-06-26 08:00:00+00:00,continuous,60491.0,60542.6,60187.8,60242.9,209125327.0897013
2026-06-26 08:29:59.786000+00:00,2026-06-26 08:15:00+00:00,continuous,60243.0,60345.4,60156.0,60280.9,103882827.46099903
2026-06-26 08:44:59.906000+00:00,2026-06-26 08:30:00+00:00,continuous,60280.8,60316.9,60112.0,60184.8,91169269.15449972
2026-06-26 08:59:59.393000+00:00,2026-06-26 08:45:00+00:00,continuous,60184.8,60249.7,60114.1,60215.3,74577352.49509959
2026-06-26 09:14:59.501000+00:00,2026-06-26 09:00:00+00:00,continuous,60215.3,60229.8,60040.0,60141.1,95865109.2866002
2026-06-26 09:29:59.981000+00:00,2026-06-26 09:15:00+00:00,continuous,60141.1,60152.0,60052.3,60096.5,76923673.96920012
2026-06-26 09:44:59.894000+00:00,2026-06-26 09:30:00+00:00,continuous,60096.5,60104.3,59918.6,59974.7,113727713.83520018
2026-06-26 09:59:59.862000+00:00,2026-06-26 09:45:00+00:00,continuous,59974.8,60004.4,59544.7,59709.3,353096242.55579746
2026-06-26 10:14:59.878000+00:00,2026-06-26 10:00:00+00:00,continuous,59709.3,59799.5,59625.2,59717.9,143478256.6564995
2026-06-26 10:29:59.865000+00:00,2026-06-26 10:15:00+00:00,continuous,59717.9,59834.2,59688.8,59701.3,99317629.60209985
2026-06-26 10:44:59.516000+00:00,2026-06-26 10:30:00+00:00,continuous,59701.4,59787.9,59427.4,59532.0,157090533.9996996
2026-06-26 10:59:59.724000+00:00,2026-06-26 10:45:00+00:00,continuous,59532.1,59547.0,59210.4,59290.0,239932865.11850047
2026-06-26 11:14:59.802000+00:00,2026-06-26 11:00:00+00:00,continuous,59290.0,59569.0,59233.1,59465.8,156747096.1531991
2026-06-26 11:29:59.925000+00:00,2026-06-26 11:15:00+00:00,continuous,59465.8,59478.8,59340.0,59393.6,75229431.10729985
2026-06-26 11:44:59.844000+00:00,2026-06-26 11:30:00+00:00,continuous,59393.6,59515.3,59361.1,59419.2,78763644.65720019
2026-06-26 11:59:59.988000+00:00,2026-06-26 11:45:00+00:00,continuous,59419.2,59431.6,59252.6,59392.4,93201364.6454999
2026-06-26 12:14:59.934000+00:00,2026-06-26 12:00:00+00:00,continuous,59392.4,59494.3,59321.0,59436.7,111897612.3579006
2026-06-26 12:29:59.871000+00:00,2026-06-26 12:15:00+00:00,continuous,59436.7,59714.3,59425.5,59709.9,234786738.52260014
2026-06-26 12:44:59.960000+00:00,2026-06-26 12:30:00+00:00,continuous,59710.0,59998.4,58940.0,59118.9,693531755.9660013
2026-06-26 12:59:59.855000+00:00,2026-06-26 12:45:00+00:00,continuous,59118.8,59577.8,59041.1,59167.6,383869828.3087963
2026-06-26 13:14:59.928000+00:00,2026-06-26 13:00:00+00:00,continuous,59167.6,59261.6,58924.4,59076.0,239318324.6239017
2026-06-26 13:29:59.868000+00:00,2026-06-26 13:15:00+00:00,continuous,59075.9,59153.9,58388.0,58887.4,745572084.5480976
2026-06-26 13:44:59.845000+00:00,2026-06-26 13:30:00+00:00,continuous,58887.3,59493.2,58810.0,59455.0,540317818.3418963
2026-06-26 13:59:59.989000+00:00,2026-06-26 13:45:00+00:00,continuous,59454.9,60189.5,59300.8,60153.3,599610458.6046015
2026-06-26 14:14:59.997000+00:00,2026-06-26 14:00:00+00:00,continuous,60153.5,60274.2,59781.0,59954.8,498802534.8936937
2026-06-26 14:29:59.864000+00:00,2026-06-26 14:15:00+00:00,continuous,59954.6,60222.0,59793.1,60032.6,220609692.79790077
2026-06-26 14:44:59.877000+00:00,2026-06-26 14:30:00+00:00,continuous,60032.5,60048.4,59520.4,59578.1,320818102.08909935
2026-06-26 14:59:59.974000+00:00,2026-06-26 14:45:00+00:00,continuous,59578.1,59887.0,59358.8,59568.9,222005724.85040036
2026-06-26 15:14:59.882000+00:00,2026-06-26 15:00:00+00:00,continuous,59569.0,60083.0,59560.0,59802.0,197143186.44469997
2026-06-26 15:29:59.826000+00:00,2026-06-26 15:15:00+00:00,continuous,59802.1,60350.7,59755.0,60163.3,275209438.61989844
2026-06-26 15:44:59.844000+00:00,2026-06-26 15:30:00+00:00,continuous,60163.3,60494.1,60116.4,60400.1,295555841.17039907
2026-06-26 15:59:59.989000+00:00,2026-06-26 15:45:00+00:00,continuous,60400.2,60421.0,60116.4,60296.6,218475687.933099
2026-06-26 16:14:59.593000+00:00,2026-06-26 16:00:00+00:00,continuous,60296.9,60580.0,60125.4,60154.5,255480579.55160233
2026-06-26 16:29:59.776000+00:00,2026-06-26 16:15:00+00:00,continuous,60154.5,60260.0,59933.1,60024.6,211104409.34370065
2026-06-26 16:44:59.867000+00:00,2026-06-26 16:30:00+00:00,continuous,60024.6,60368.4,60014.7,60040.2,213549319.24700162
2026-06-26 16:59:59.944000+00:00,2026-06-26 16:45:00+00:00,continuous,60040.1,60170.0,59983.5,60017.8,104025427.09799957
2026-06-26 17:14:59.529000+00:00,2026-06-26 17:00:00+00:00,continuous,60017.8,60276.5,59978.5,60190.0,90992057.65130006
2026-06-26 17:29:59.785000+00:00,2026-06-26 17:15:00+00:00,continuous,60190.0,60229.9,60008.7,60157.0,100909267.8648001
2026-06-26 17:44:59.971000+00:00,2026-06-26 17:30:00+00:00,continuous,60157.1,60194.6,59921.4,60043.2,132779957.09820057
2026-06-26 17:59:59.698000+00:00,2026-06-26 17:45:00+00:00,continuous,60043.2,60091.6,59930.0,60000.0,92779955.06710082
2026-06-26 18:14:59.593000+00:00,2026-06-26 18:00:00+00:00,continuous,60000.0,60140.7,59988.9,60067.0,52879000.463000126
2026-06-26 18:29:59.880000+00:00,2026-06-26 18:15:00+00:00,continuous,60067.0,60091.6,59769.6,59807.6,101674377.47090039
2026-06-26 18:44:59.813000+00:00,2026-06-26 18:30:00+00:00,continuous,59807.7,59864.0,59717.9,59755.0,90852190.80879955
2026-06-26 18:59:59.706000+00:00,2026-06-26 18:45:00+00:00,continuous,59755.1,59755.2,59530.7,59648.9,100024031.23369984
2026-06-26 19:14:59.837000+00:00,2026-06-26 19:00:00+00:00,continuous,59648.9,60077.8,59586.3,60002.1,173830121.2917999
2026-06-26 19:29:59.507000+00:00,2026-06-26 19:15:00+00:00,continuous,60002.1,60002.1,59850.0,59914.5,47265020.59350018
2026-06-26 19:44:59.967000+00:00,2026-06-26 19:30:00+00:00,continuous,59914.6,60073.0,59855.0,59857.6,88287524.29880053
2026-06-26 19:59:59.968000+00:00,2026-06-26 19:45:00+00:00,continuous,59857.7,59905.6,59710.0,59719.7,116112592.09000057
2026-06-26 20:14:59.807000+00:00,2026-06-26 20:00:00+00:00,continuous,59719.9,59970.0,59658.0,59702.2,116801421.01799962
2026-06-26 20:29:59.945000+00:00,2026-06-26 20:15:00+00:00,continuous,59702.2,59791.0,59669.3,59755.6,46767079.8771
2026-06-26 20:44:59.501000+00:00,2026-06-26 20:30:00+00:00,continuous,59755.6,59762.3,59556.0,59627.1,80947519.52430022
2026-06-26 20:59:59.297000+00:00,2026-06-26 20:45:00+00:00,continuous,59627.1,59779.6,59616.3,59694.7,45794453.12130016
2026-06-26 21:14:59.895000+00:00,2026-06-26 21:00:00+00:00,continuous,59694.7,59746.7,59649.2,59737.8,23595045.7631
2026-06-26 21:29:59.637000+00:00,2026-06-26 21:15:00+00:00,continuous,59737.7,59868.1,59658.6,59851.1,41139798.81810006
2026-06-26 21:44:59.847000+00:00,2026-06-26 21:30:00+00:00,continuous,59851.2,60028.0,59835.1,59999.9,57129980.64870036
2026-06-26 21:59:59.601000+00:00,2026-06-26 21:45:00+00:00,continuous,59999.9,60020.0,59887.6,59887.6,37645665.48370028
2026-06-26 22:14:58.789000+00:00,2026-06-26 22:00:00+00:00,continuous,59887.6,59927.9,59717.1,59881.8,50455612.94700015
2026-06-26 22:29:59.620000+00:00,2026-06-26 22:15:00+00:00,continuous,59881.7,59955.6,59861.5,59861.5,35938398.75189991
2026-06-26 22:44:59.525000+00:00,2026-06-26 22:30:00+00:00,continuous,59861.5,59956.0,59834.2,59934.2,53094924.66639999
2026-06-26 22:59:59.840000+00:00,2026-06-26 22:45:00+00:00,continuous,59934.2,60051.0,59892.3,60007.5,45525506.07340008
2026-06-26 23:14:59.570000+00:00,2026-06-26 23:00:00+00:00,continuous,60007.6,60090.8,59983.8,60052.8,72030032.43119992
2026-06-26 23:29:59.907000+00:00,2026-06-26 23:15:00+00:00,continuous,60053.3,60055.8,59942.9,59943.0,55683150.09280014
2026-06-26 23:44:59.692000+00:00,2026-06-26 23:30:00+00:00,continuous,59942.9,60064.3,59871.9,60034.5,49534900.42569994
2026-06-26 23:59:59.894000+00:00,2026-06-26 23:45:00+00:00,continuous,60034.5,60087.7,60025.0,60072.0,30061168.850400053
2026-06-27 00:14:59.991000+00:00,2026-06-27 00:00:00+00:00,continuous,60071.9,60167.3,60035.6,60084.6,111284355.0044997
2026-06-27 00:29:59.927000+00:00,2026-06-27 00:15:00+00:00,continuous,60084.6,60099.6,59999.4,60018.9,31103465.505199976
2026-06-27 00:44:59.015000+00:00,2026-06-27 00:30:00+00:00,continuous,60018.9,60019.9,59846.2,59949.1,55136092.238000005
2026-06-27 00:59:59.985000+00:00,2026-06-27 00:45:00+00:00,continuous,59949.0,60048.0,59923.2,60033.4,19005218.630199995
2026-06-27 01:14:59.669000+00:00,2026-06-27 01:00:00+00:00,continuous,60033.4,60046.9,59937.2,59945.4,18639414.109299976
2026-06-27 01:29:58.838000+00:00,2026-06-27 01:15:00+00:00,continuous,59945.4,59989.9,59911.3,59974.1,13180986.358099986
2026-06-27 01:44:59.184000+00:00,2026-06-27 01:30:00+00:00,continuous,59974.1,59981.1,59904.8,59946.0,16585376.229399962
2026-06-27 01:59:59.969000+00:00,2026-06-27 01:45:00+00:00,continuous,59946.1,59972.0,59909.6,59919.1,12364783.320999945
2026-06-27 02:14:59.877000+00:00,2026-06-27 02:00:00+00:00,continuous,59919.0,60100.0,59888.7,60090.0,29378309.392899875
2026-06-27 02:29:59.642000+00:00,2026-06-27 02:15:00+00:00,continuous,60090.1,60349.0,60046.5,60275.4,136484326.98739988
2026-06-27 02:44:59.978000+00:00,2026-06-27 02:30:00+00:00,continuous,60275.5,60297.1,60168.3,60260.5,64203008.39370027
2026-06-27 02:59:58.923000+00:00,2026-06-27 02:45:00+00:00,continuous,60260.5,60333.0,60240.0,60256.6,69836279.66270015
2026-06-27 03:14:59.939000+00:00,2026-06-27 03:00:00+00:00,continuous,60256.6,60387.8,60134.8,60144.1,60707182.738399796
2026-06-27 03:29:59.818000+00:00,2026-06-27 03:15:00+00:00,continuous,60144.0,60325.9,60134.5,60283.1,28768931.98610002
2026-06-27 03:44:59.432000+00:00,2026-06-27 03:30:00+00:00,continuous,60283.2,60366.0,60254.1,60282.8,65932874.45130015
2026-06-27 03:59:59.954000+00:00,2026-06-27 03:45:00+00:00,continuous,60282.8,60333.0,60231.2,60274.7,41329566.03869997
2026-06-27 04:14:59.912000+00:00,2026-06-27 04:00:00+00:00,continuous,60274.8,60443.0,60274.7,60381.1,86723003.89929983
2026-06-27 04:29:59.660000+00:00,2026-06-27 04:15:00+00:00,continuous,60381.1,60472.2,60350.0,60366.1,50538711.09970017
2026-06-27 04:44:59.356000+00:00,2026-06-27 04:30:00+00:00,continuous,60366.1,60419.7,60323.2,60347.8,23839142.478800047
2026-06-27 04:59:59.764000+00:00,2026-06-27 04:45:00+00:00,continuous,60347.9,60350.0,60189.4,60215.9,46175106.02719977
2026-06-27 05:14:59.889000+00:00,2026-06-27 05:00:00+00:00,continuous,60215.9,60286.0,60167.1,60276.9,30950938.04419999
2026-06-27 05:29:59.602000+00:00,2026-06-27 05:15:00+00:00,continuous,60276.9,60276.9,60132.7,60132.8,26870237.932700004
2026-06-27 05:44:59.833000+00:00,2026-06-27 05:30:00+00:00,continuous,60132.8,60206.7,60101.9,60198.8,36957647.41529994
2026-06-27 05:59:57.668000+00:00,2026-06-27 05:45:00+00:00,continuous,60198.8,60247.6,60192.0,60208.3,22347115.60380005
2026-06-27 06:14:59.865000+00:00,2026-06-27 06:00:00+00:00,continuous,60208.4,60214.7,60083.7,60121.0,36227186.44329981
2026-06-27 06:29:59.956000+00:00,2026-06-27 06:15:00+00:00,continuous,60121.0,60205.0,60074.5,60178.8,36044697.847699955
2026-06-27 06:44:59.944000+00:00,2026-06-27 06:30:00+00:00,continuous,60178.8,60420.0,60178.8,60383.0,89259352.58110039
2026-06-27 06:59:59.810000+00:00,2026-06-27 06:45:00+00:00,continuous,60383.0,60492.2,60321.7,60345.3,96019871.41450025
2026-06-27 07:14:59.876000+00:00,2026-06-27 07:00:00+00:00,continuous,60345.2,60369.2,60266.0,60293.8,36668052.18899986
2026-06-27 07:29:59.928000+00:00,2026-06-27 07:15:00+00:00,continuous,60293.8,60424.6,60282.7,60400.1,32988374.732099984
2026-06-27 07:44:59.826000+00:00,2026-06-27 07:30:00+00:00,continuous,60400.1,60440.5,60354.1,60417.9,45554324.43900005
2026-06-27 07:59:59.945000+00:00,2026-06-27 07:45:00+00:00,continuous,60417.8,60557.8,60417.8,60522.3,87587040.13619973
2026-06-27 08:14:59.942000+00:00,2026-06-27 08:00:00+00:00,continuous,60522.4,60522.5,60420.6,60463.5,51345297.34849988
2026-06-27 08:29:59.938000+00:00,2026-06-27 08:15:00+00:00,continuous,60463.5,60512.7,60420.6,60429.1,34401397.877399996
2026-06-27 08:44:59.548000+00:00,2026-06-27 08:30:00+00:00,continuous,60429.1,60438.8,60336.2,60351.2,35752057.95010006
2026-06-27 08:59:59.942000+00:00,2026-06-27 08:45:00+00:00,continuous,60351.1,60500.0,60348.3,60425.1,26809894.471099935
2026-06-27 09:14:59.992000+00:00,2026-06-27 09:00:00+00:00,continuous,60425.2,60482.9,60314.9,60332.1,57210397.42140008
2026-06-27 09:29:59.833000+00:00,2026-06-27 09:15:00+00:00,continuous,60332.1,60347.9,60261.0,60342.4,41452781.383500025
2026-06-27 09:44:59.627000+00:00,2026-06-27 09:30:00+00:00,continuous,60342.4,60420.2,60342.3,60372.6,18303127.5291999
2026-06-27 09:59:58.765000+00:00,2026-06-27 09:45:00+00:00,continuous,60372.6,60414.6,60359.6,60391.2,22518655.873700064
2026-06-27 10:14:59.795000+00:00,2026-06-27 10:00:00+00:00,continuous,60391.3,60450.0,60369.3,60449.9,16623445.169900015
2026-06-27 10:29:59.086000+00:00,2026-06-27 10:15:00+00:00,continuous,60450.0,60466.5,60414.5,60430.8,14003200.501399996
2026-06-27 10:44:59.542000+00:00,2026-06-27 10:30:00+00:00,continuous,60430.8,60430.9,60378.0,60401.7,17882534.380000003
2026-06-27 10:59:59.677000+00:00,2026-06-27 10:45:00+00:00,continuous,60401.7,60401.7,60350.0,60390.3,13876639.22019998
2026-06-27 11:14:59.751000+00:00,2026-06-27 11:00:00+00:00,continuous,60390.3,60425.4,60335.6,60371.7,16806343.959900036
2026-06-27 11:29:59.598000+00:00,2026-06-27 11:15:00+00:00,continuous,60371.7,60371.8,60195.4,60234.5,68692210.8555999
2026-06-27 11:44:59.954000+00:00,2026-06-27 11:30:00+00:00,continuous,60234.5,60275.0,60162.0,60240.0,70383553.63909966
2026-06-27 11:59:59.645000+00:00,2026-06-27 11:45:00+00:00,continuous,60240.0,60391.3,60239.9,60331.9,32318520.53520002
2026-06-27 12:14:59.141000+00:00,2026-06-27 12:00:00+00:00,continuous,60331.9,60332.0,60222.6,60265.6,28384450.79309995
2026-06-27 12:29:59.744000+00:00,2026-06-27 12:15:00+00:00,continuous,60265.5,60320.5,60260.9,60306.4,20419416.636499953
2026-06-27 12:44:59.772000+00:00,2026-06-27 12:30:00+00:00,continuous,60306.4,60359.9,60273.4,60295.0,32683986.900400087
2026-06-27 12:59:59.627000+00:00,2026-06-27 12:45:00+00:00,continuous,60295.0,60407.1,60277.3,60394.0,27507194.999599997
2026-06-27 13:14:59.963000+00:00,2026-06-27 13:00:00+00:00,continuous,60394.0,60450.1,60356.1,60405.6,30664022.3083
2026-06-27 13:29:59.599000+00:00,2026-06-27 13:15:00+00:00,continuous,60405.7,60466.0,60362.5,60443.2,34738981.88140001
2026-06-27 13:44:59.658000+00:00,2026-06-27 13:30:00+00:00,continuous,60443.2,60643.1,60419.9,60576.1,140392651.2309004
2026-06-27 13:59:59.929000+00:00,2026-06-27 13:45:00+00:00,continuous,60576.1,60606.5,60511.6,60554.6,45660393.28070018
2026-06-27 14:14:59.995000+00:00,2026-06-27 14:00:00+00:00,continuous,60554.6,60697.6,60480.0,60645.7,76977778.36960006
2026-06-27 14:29:59.890000+00:00,2026-06-27 14:15:00+00:00,continuous,60645.6,60645.6,60561.8,60570.0,38359027.009599976
2026-06-27 14:44:59.976000+00:00,2026-06-27 14:30:00+00:00,continuous,60570.1,60639.5,60500.0,60607.3,49698691.19060002
2026-06-27 14:59:59.721000+00:00,2026-06-27 14:45:00+00:00,continuous,60607.3,60650.0,60580.0,60588.9,36230774.54800003
2026-06-27 15:14:59.957000+00:00,2026-06-27 15:00:00+00:00,continuous,60589.0,60905.3,60541.1,60851.6,245124268.2474998
2026-06-27 15:29:59.974000+00:00,2026-06-27 15:15:00+00:00,continuous,60851.7,60854.4,60688.0,60789.0,97910665.2850004
2026-06-27 15:44:59.981000+00:00,2026-06-27 15:30:00+00:00,continuous,60789.0,60924.7,60725.6,60762.2,95308386.70250033
2026-06-27 15:59:59.671000+00:00,2026-06-27 15:45:00+00:00,continuous,60762.1,60834.4,60722.0,60817.2,36627212.4257
2026-06-27 16:14:59.671000+00:00,2026-06-27 16:00:00+00:00,continuous,60817.3,60850.0,60712.0,60725.5,66381831.79079988
2026-06-27 16:29:59.792000+00:00,2026-06-27 16:15:00+00:00,continuous,60725.5,60725.6,60659.1,60692.9,38224688.507000074
2026-06-27 16:44:59.866000+00:00,2026-06-27 16:30:00+00:00,continuous,60692.9,60770.0,60648.2,60770.0,30676392.37260004
2026-06-27 16:59:58.588000+00:00,2026-06-27 16:45:00+00:00,continuous,60769.9,60800.0,60740.5,60785.0,33498954.76699998
2026-06-27 17:14:59.912000+00:00,2026-06-27 17:00:00+00:00,continuous,60784.9,60796.6,60383.0,60544.1,248414890.38080043
2026-06-27 17:29:58.841000+00:00,2026-06-27 17:15:00+00:00,continuous,60544.2,60595.6,60435.2,60552.2,44546482.983700015
2026-06-27 17:44:59.902000+00:00,2026-06-27 17:30:00+00:00,continuous,60552.2,60630.0,60474.8,60572.2,58184818.53359999
2026-06-27 17:59:59.672000+00:00,2026-06-27 17:45:00+00:00,continuous,60572.1,60599.2,60492.3,60495.6,38401494.840899855
2026-06-27 18:14:59.874000+00:00,2026-06-27 18:00:00+00:00,continuous,60495.6,60539.9,60420.2,60494.5,47274426.14799973
2026-06-27 18:29:59.386000+00:00,2026-06-27 18:15:00+00:00,continuous,60494.5,60535.8,60432.1,60487.9,25980463.367099877
2026-06-27 18:44:58.041000+00:00,2026-06-27 18:30:00+00:00,continuous,60487.8,60541.6,60472.1,60538.4,13057842.553399926
2026-06-27 18:59:59.884000+00:00,2026-06-27 18:45:00+00:00,continuous,60538.5,60547.3,60488.4,60537.8,14272053.66270001
2026-06-27 19:14:59.818000+00:00,2026-06-27 19:00:00+00:00,continuous,60537.9,60576.9,60530.0,60568.1,19012512.298299972
2026-06-27 19:29:59.852000+00:00,2026-06-27 19:15:00+00:00,continuous,60568.2,60570.3,60202.4,60298.6,132921394.45940118
2026-06-27 19:44:59.697000+00:00,2026-06-27 19:30:00+00:00,continuous,60298.5,60301.0,60050.0,60169.9,172030516.89610055
2026-06-27 19:59:59.191000+00:00,2026-06-27 19:45:00+00:00,continuous,60170.0,60220.2,60113.8,60149.9,31481260.969799895
2026-06-27 20:14:59.934000+00:00,2026-06-27 20:00:00+00:00,continuous,60149.9,60266.3,60141.7,60236.6,43341893.58479993
2026-06-27 20:29:59.331000+00:00,2026-06-27 20:15:00+00:00,continuous,60236.6,60283.4,60222.8,60242.8,25207301.828900095
2026-06-27 20:44:59.347000+00:00,2026-06-27 20:30:00+00:00,continuous,60242.7,60252.6,60223.2,60224.1,12936118.336500108
2026-06-27 20:59:59.579000+00:00,2026-06-27 20:45:00+00:00,continuous,60224.1,60275.3,60224.0,60272.8,12672136.46119998
2026-06-27 21:14:59.996000+00:00,2026-06-27 21:00:00+00:00,continuous,60272.8,60378.9,60272.8,60365.7,38251173.88850013
2026-06-27 21:29:59.659000+00:00,2026-06-27 21:15:00+00:00,continuous,60365.6,60443.3,60330.2,60424.5,49767852.61440008
2026-06-27 21:44:59.212000+00:00,2026-06-27 21:30:00+00:00,continuous,60424.5,60469.8,60203.3,60219.4,38015462.790200055
2026-06-27 21:59:59.432000+00:00,2026-06-27 21:45:00+00:00,continuous,60219.4,60270.0,60108.9,60173.4,38492372.99910023
2026-06-27 22:14:59.821000+00:00,2026-06-27 22:00:00+00:00,continuous,60173.4,60173.4,60015.3,60098.0,66854775.08220017
2026-06-27 22:29:59.701000+00:00,2026-06-27 22:15:00+00:00,continuous,60098.1,60143.1,59819.8,60105.2,153019103.63380045
2026-06-27 22:44:58.444000+00:00,2026-06-27 22:30:00+00:00,continuous,60105.2,60230.0,60096.8,60147.1,38684725.496199936
2026-06-27 22:59:59.586000+00:00,2026-06-27 22:45:00+00:00,continuous,60147.1,60217.8,60131.1,60204.3,23194111.671200026
2026-06-27 23:14:59.844000+00:00,2026-06-27 23:00:00+00:00,continuous,60204.3,60303.2,59988.9,60009.1,81663049.37750046
2026-06-27 23:29:59.855000+00:00,2026-06-27 23:15:00+00:00,continuous,60009.1,60071.4,59913.9,59962.7,76038595.83149965
2026-06-27 23:44:59.939000+00:00,2026-06-27 23:30:00+00:00,continuous,59962.8,60071.3,59937.9,60030.5,33556037.98350022
2026-06-27 23:59:59.905000+00:00,2026-06-27 23:45:00+00:00,continuous,60030.5,60054.0,59979.6,60000.3,28071985.64999996
2026-06-28 00:14:59.941000+00:00,2026-06-28 00:00:00+00:00,continuous,60000.4,60123.0,59983.3,60107.3,43140937.42500006
2026-06-28 00:29:59.798000+00:00,2026-06-28 00:15:00+00:00,continuous,60107.2,60165.8,60099.8,60141.8,23656621.886199985
2026-06-28 00:44:59.861000+00:00,2026-06-28 00:30:00+00:00,continuous,60141.9,60150.0,60057.1,60149.9,27592093.351099994
2026-06-28 00:59:59.815000+00:00,2026-06-28 00:45:00+00:00,continuous,60150.0,60168.7,60110.2,60125.1,19831636.756799996
2026-06-28 01:14:59.302000+00:00,2026-06-28 01:00:00+00:00,continuous,60125.1,60140.6,59950.0,60055.8,50731248.49689994
2026-06-28 01:29:59.411000+00:00,2026-06-28 01:15:00+00:00,continuous,60055.8,60217.2,60034.8,60181.1,34925498.47390015
2026-06-28 01:44:59.811000+00:00,2026-06-28 01:30:00+00:00,continuous,60181.0,60245.5,60159.8,60231.2,37196185.86449993
2026-06-28 01:59:58.511000+00:00,2026-06-28 01:45:00+00:00,continuous,60231.1,60256.8,60175.2,60193.0,23822427.0344
2026-06-28 02:14:59.652000+00:00,2026-06-28 02:00:00+00:00,continuous,60193.1,60260.0,60193.0,60256.0,19512908.423300013
2026-06-28 02:29:58.833000+00:00,2026-06-28 02:15:00+00:00,continuous,60256.0,60314.3,60017.2,60087.2,64190050.97160005
2026-06-28 02:44:59.346000+00:00,2026-06-28 02:30:00+00:00,continuous,60087.2,60125.0,60066.4,60099.9,19138127.93479997
2026-06-28 02:59:59.448000+00:00,2026-06-28 02:45:00+00:00,continuous,60100.0,60156.2,60074.1,60121.2,20933440.781999942
2026-06-28 03:14:58.894000+00:00,2026-06-28 03:00:00+00:00,continuous,60121.2,60243.1,60121.2,60230.4,23378984.36530002
2026-06-28 03:29:58.071000+00:00,2026-06-28 03:15:00+00:00,continuous,60230.5,60249.9,60145.9,60229.3,27800956.503400117
2026-06-28 03:44:57.988000+00:00,2026-06-28 03:30:00+00:00,continuous,60229.4,60250.4,60146.9,60166.4,20378028.05589998
2026-06-28 03:59:59.814000+00:00,2026-06-28 03:45:00+00:00,continuous,60166.4,60194.6,60128.2,60169.5,16011754.71219999
2026-06-28 04:14:59.991000+00:00,2026-06-28 04:00:00+00:00,continuous,60169.5,60203.2,60105.7,60186.1,19733358.217199948
2026-06-28 04:29:59.601000+00:00,2026-06-28 04:15:00+00:00,continuous,60186.2,60205.4,60165.1,60172.6,11627171.276700031
2026-06-28 04:44:59.434000+00:00,2026-06-28 04:30:00+00:00,continuous,60172.5,60172.6,60060.0,60146.3,27120884.210899953
2026-06-28 04:59:59.862000+00:00,2026-06-28 04:45:00+00:00,continuous,60146.3,60167.7,60093.0,60108.1,14654901.532799972
2026-06-28 05:14:59.540000+00:00,2026-06-28 05:00:00+00:00,continuous,60108.0,60112.3,59934.3,59990.2,72826397.34979986
2026-06-28 05:29:59.524000+00:00,2026-06-28 05:15:00+00:00,continuous,59990.2,59999.2,59714.8,59802.7,143044944.0534008
2026-06-28 05:44:59.979000+00:00,2026-06-28 05:30:00+00:00,continuous,59802.7,59934.4,59760.1,59892.8,79824825.58939923
2026-06-28 05:59:59.897000+00:00,2026-06-28 05:45:00+00:00,continuous,59892.8,59987.2,59891.7,59956.6,29989022.450800072
2026-06-28 06:14:59.457000+00:00,2026-06-28 06:00:00+00:00,continuous,59956.6,59997.4,59810.1,59811.8,51852040.39320025
2026-06-28 06:29:59.362000+00:00,2026-06-28 06:15:00+00:00,continuous,59811.7,59938.1,59772.9,59900.0,63486297.53609998
2026-06-28 06:44:58.776000+00:00,2026-06-28 06:30:00+00:00,continuous,59899.9,59968.5,59893.6,59937.9,25401340.440899998
2026-06-28 06:59:59.850000+00:00,2026-06-28 06:45:00+00:00,continuous,59937.9,60020.0,59928.1,59970.0,33913323.05970012
2026-06-28 07:14:59.998000+00:00,2026-06-28 07:00:00+00:00,continuous,59970.0,60165.8,59965.8,60112.9,74011306.75200017
2026-06-28 07:29:59.705000+00:00,2026-06-28 07:15:00+00:00,continuous,60112.9,60114.9,60073.3,60075.9,19882434.755000096
2026-06-28 07:44:59.932000+00:00,2026-06-28 07:30:00+00:00,continuous,60076.0,60247.1,60073.4,60193.7,68635224.92820014
2026-06-28 07:59:59.942000+00:00,2026-06-28 07:45:00+00:00,continuous,60193.7,60244.3,60166.6,60192.5,43956781.79979992
2026-06-28 08:14:59.642000+00:00,2026-06-28 08:00:00+00:00,continuous,60192.4,60227.0,60109.5,60159.4,41622920.03200019
2026-06-28 08:29:59.881000+00:00,2026-06-28 08:15:00+00:00,continuous,60159.5,60209.7,60132.5,60196.5,29742592.06350001
2026-06-28 08:44:59.923000+00:00,2026-06-28 08:30:00+00:00,continuous,60196.4,60543.3,60196.4,60424.0,169422557.9693996
2026-06-28 08:59:59.556000+00:00,2026-06-28 08:45:00+00:00,continuous,60424.0,60465.0,60340.0,60340.1,55477528.986200206
2026-06-28 09:14:59.555000+00:00,2026-06-28 09:00:00+00:00,continuous,60340.1,60444.0,60263.4,60340.6,65399173.33960024
2026-06-28 09:29:59.443000+00:00,2026-06-28 09:15:00+00:00,continuous,60340.6,60373.1,60286.2,60303.1,25243720.716900017
2026-06-28 09:44:59.692000+00:00,2026-06-28 09:30:00+00:00,continuous,60303.1,60386.9,60283.0,60351.2,20233760.48799993
2026-06-28 09:59:59.896000+00:00,2026-06-28 09:45:00+00:00,continuous,60351.2,60371.1,60223.1,60230.0,55609973.28190002
2026-06-28 10:14:59.701000+00:00,2026-06-28 10:00:00+00:00,continuous,60230.0,60271.8,60154.4,60232.5,51508600.73630027
2026-06-28 10:29:59.761000+00:00,2026-06-28 10:15:00+00:00,continuous,60232.4,60263.5,60037.0,60079.4,49644766.275400236
2026-06-28 10:44:59.779000+00:00,2026-06-28 10:30:00+00:00,continuous,60079.5,60117.0,60046.0,60100.2,27609612.27260006
2026-06-28 10:59:59.726000+00:00,2026-06-28 10:45:00+00:00,continuous,60100.3,60150.0,60100.2,60138.5,20222045.25450005
2026-06-28 11:14:59.162000+00:00,2026-06-28 11:00:00+00:00,continuous,60138.4,60244.6,60091.4,60100.9,40461479.97139991
2026-06-28 11:29:59.815000+00:00,2026-06-28 11:15:00+00:00,continuous,60100.9,60346.0,60098.8,60288.6,48623780.25529988
2026-06-28 11:44:59.264000+00:00,2026-06-28 11:30:00+00:00,continuous,60288.5,60304.3,60235.4,60280.0,34636903.07949987
2026-06-28 11:59:59.173000+00:00,2026-06-28 11:45:00+00:00,continuous,60279.9,60351.3,60228.6,60314.9,26619080.518700004
2026-06-28 12:14:59.460000+00:00,2026-06-28 12:00:00+00:00,continuous,60315.0,60379.8,60265.1,60279.1,29741853.349
2026-06-28 12:29:59.824000+00:00,2026-06-28 12:15:00+00:00,continuous,60279.1,60319.3,60161.2,60314.6,35253338.53890001
2026-06-28 12:44:59.764000+00:00,2026-06-28 12:30:00+00:00,continuous,60314.7,60435.8,60174.6,60213.2,43947736.09010002
2026-06-28 12:59:59.511000+00:00,2026-06-28 12:45:00+00:00,continuous,60213.3,60291.0,60213.2,60270.0,25330933.846599914
2026-06-28 13:14:59.912000+00:00,2026-06-28 13:00:00+00:00,continuous,60269.9,60269.9,59934.3,60099.7,136402910.60869947
2026-06-28 13:29:59.035000+00:00,2026-06-28 13:15:00+00:00,continuous,60099.7,60142.0,60045.0,60097.6,34206215.20809998
2026-06-28 13:44:59.506000+00:00,2026-06-28 13:30:00+00:00,continuous,60097.6,60160.7,60012.2,60100.1,55678886.70899998
2026-06-28 13:59:59.967000+00:00,2026-06-28 13:45:00+00:00,continuous,60100.1,60108.6,60031.5,60044.5,31377113.98139989
2026-06-28 14:14:59.469000+00:00,2026-06-28 14:00:00+00:00,continuous,60044.6,60150.0,60003.6,60150.0,31070320.145200074
2026-06-28 14:29:59.884000+00:00,2026-06-28 14:15:00+00:00,continuous,60150.0,60228.5,60070.3,60130.1,49933276.67260007
2026-06-28 14:44:58.890000+00:00,2026-06-28 14:30:00+00:00,continuous,60130.2,60170.0,60050.4,60085.0,37688433.10219975
2026-06-28 14:59:59.963000+00:00,2026-06-28 14:45:00+00:00,continuous,60085.0,60151.5,59983.0,59995.3,57837014.37219966
2026-06-28 15:14:59.697000+00:00,2026-06-28 15:00:00+00:00,continuous,59995.2,60068.1,59852.0,60046.4,100166765.82000028
2026-06-28 15:29:59.634000+00:00,2026-06-28 15:15:00+00:00,continuous,60046.3,60103.2,59971.8,60008.6,37939813.06240013
2026-06-28 15:44:59.882000+00:00,2026-06-28 15:30:00+00:00,continuous,60008.6,60070.1,59866.6,59939.1,96845161.72710066
2026-06-28 15:59:59.733000+00:00,2026-06-28 15:45:00+00:00,continuous,59939.0,59971.8,59781.8,59849.9,110891770.25770041
2026-06-28 16:14:59.722000+00:00,2026-06-28 16:00:00+00:00,continuous,59850.0,59915.7,59770.9,59800.0,94060334.9079002
2026-06-28 16:29:59.734000+00:00,2026-06-28 16:15:00+00:00,continuous,59800.1,59873.9,59645.0,59741.3,133374909.64610028
2026-06-28 16:44:59.808000+00:00,2026-06-28 16:30:00+00:00,continuous,59741.3,59768.3,59573.8,59589.9,141330632.35459986
2026-06-28 16:59:59.900000+00:00,2026-06-28 16:45:00+00:00,continuous,59589.9,59708.0,59550.0,59655.9,74566404.21159948
2026-06-28 17:14:59.666000+00:00,2026-06-28 17:00:00+00:00,continuous,59655.9,59821.9,59523.0,59608.8,124003428.7822007
2026-06-28 17:29:59.873000+00:00,2026-06-28 17:15:00+00:00,continuous,59608.9,59659.5,59563.6,59567.7,64119006.38990004
2026-06-28 17:44:59.765000+00:00,2026-06-28 17:30:00+00:00,continuous,59567.8,59615.0,59366.6,59505.1,251680958.53720096
2026-06-28 17:59:59.817000+00:00,2026-06-28 17:45:00+00:00,continuous,59505.0,59608.0,59488.0,59557.3,60502475.342400044
2026-06-28 18:14:59.676000+00:00,2026-06-28 18:00:00+00:00,continuous,59557.3,59678.8,59544.8,59616.4,59507748.802700125
2026-06-28 18:29:59.845000+00:00,2026-06-28 18:15:00+00:00,continuous,59616.4,59646.3,59566.0,59579.2,42447658.14729989
2026-06-28 18:44:59.348000+00:00,2026-06-28 18:30:00+00:00,continuous,59579.1,59649.4,59544.3,59568.2,38723150.08020002
2026-06-28 18:59:59.706000+00:00,2026-06-28 18:45:00+00:00,continuous,59568.3,59599.6,59466.9,59580.7,48286324.47409968
2026-06-28 19:14:59.409000+00:00,2026-06-28 19:00:00+00:00,continuous,59580.7,59584.2,59430.2,59478.6,40352888.12150003
2026-06-28 19:29:59.670000+00:00,2026-06-28 19:15:00+00:00,continuous,59478.6,59520.0,59407.6,59520.0,34946835.06400003
2026-06-28 19:44:59.866000+00:00,2026-06-28 19:30:00+00:00,continuous,59520.0,59658.2,59388.0,59408.1,84465720.32140018
2026-06-28 19:59:59.845000+00:00,2026-06-28 19:45:00+00:00,continuous,59408.1,59478.0,59224.6,59451.4,175370822.72540158
2026-06-28 20:14:59.891000+00:00,2026-06-28 20:00:00+00:00,continuous,59451.3,59657.5,59443.8,59637.5,50213811.45369984
2026-06-28 20:29:59.201000+00:00,2026-06-28 20:15:00+00:00,continuous,59637.4,59747.7,59627.6,59693.5,90980796.21190031
2026-06-28 20:44:59.278000+00:00,2026-06-28 20:30:00+00:00,continuous,59693.5,59700.3,59606.3,59646.2,81001158.1796003
2026-06-28 20:59:59.399000+00:00,2026-06-28 20:45:00+00:00,continuous,59646.2,59701.5,59623.3,59634.0,29683666.522599895
2026-06-28 21:14:59.792000+00:00,2026-06-28 21:00:00+00:00,continuous,59634.1,59681.8,59623.0,59670.0,41583779.96829999
2026-06-28 21:29:59.902000+00:00,2026-06-28 21:15:00+00:00,continuous,59670.0,59720.1,59633.9,59680.9,24298602.93899991
2026-06-28 21:44:59.857000+00:00,2026-06-28 21:30:00+00:00,continuous,59681.0,59773.8,59628.6,59628.6,38511398.233800024
2026-06-28 21:59:59.624000+00:00,2026-06-28 21:45:00+00:00,continuous,59628.6,59655.0,59300.0,59418.1,172532200.15180123
2026-06-28 22:14:59.386000+00:00,2026-06-28 22:00:00+00:00,continuous,59418.1,59883.2,59418.1,59606.7,194503113.45389935
2026-06-28 22:29:59.630000+00:00,2026-06-28 22:15:00+00:00,continuous,59606.7,59617.3,59121.8,59356.0,242274757.08940026
2026-06-28 22:44:59.765000+00:00,2026-06-28 22:30:00+00:00,continuous,59356.1,59433.8,59041.8,59077.1,167931773.13030133
2026-06-28 22:59:59.997000+00:00,2026-06-28 22:45:00+00:00,continuous,59077.1,59193.6,58888.0,59040.1,204997725.2843983
2026-06-28 23:14:59.943000+00:00,2026-06-28 23:00:00+00:00,continuous,59040.0,59341.2,58975.0,59235.3,122209111.75070092
2026-06-28 23:29:59.942000+00:00,2026-06-28 23:15:00+00:00,continuous,59235.3,59560.0,59218.7,59508.4,96132470.54090033
2026-06-28 23:44:59.802000+00:00,2026-06-28 23:30:00+00:00,continuous,59508.3,59820.4,59496.4,59699.9,162054123.2600005
2026-06-28 23:59:59.955000+00:00,2026-06-28 23:45:00+00:00,continuous,59699.9,59775.0,59544.7,59550.2,78354289.65480012
2026-06-29 00:14:59.697000+00:00,2026-06-29 00:00:00+00:00,continuous,59550.2,59673.3,59237.6,59557.1,135820434.19389978
2026-06-29 00:29:59.943000+00:00,2026-06-29 00:15:00+00:00,continuous,59557.1,59575.0,59165.3,59181.0,107416793.95860021
2026-06-29 00:44:59.938000+00:00,2026-06-29 00:30:00+00:00,continuous,59181.0,59361.4,58978.2,59355.5,191531808.4192001
2026-06-29 00:59:59.782000+00:00,2026-06-29 00:45:00+00:00,continuous,59355.4,59678.1,59145.1,59637.3,113046151.08979978
2026-06-29 01:14:59.255000+00:00,2026-06-29 01:00:00+00:00,continuous,59637.3,59674.3,59427.4,59462.5,74201076.19010001
2026-06-29 01:29:59.733000+00:00,2026-06-29 01:15:00+00:00,continuous,59462.5,59493.8,59204.5,59276.3,98656882.52469963
2026-06-29 01:44:59.741000+00:00,2026-06-29 01:30:00+00:00,continuous,59276.3,59550.0,59170.5,59523.6,78658739.71190009
2026-06-29 01:59:59.755000+00:00,2026-06-29 01:45:00+00:00,continuous,59523.6,59551.7,59403.8,59413.0,47620447.85269997
2026-06-29 02:14:59.878000+00:00,2026-06-29 02:00:00+00:00,continuous,59413.0,59493.9,58850.0,58998.3,189128579.89580142
2026-06-29 02:29:59.929000+00:00,2026-06-29 02:15:00+00:00,continuous,58998.3,59576.8,58950.3,59522.8,206960515.0521003
2026-06-29 02:44:59.831000+00:00,2026-06-29 02:30:00+00:00,continuous,59522.8,59784.9,59477.0,59751.4,248749686.46780092
2026-06-29 02:59:59.966000+00:00,2026-06-29 02:45:00+00:00,continuous,59751.4,59788.0,59679.9,59731.7,187237195.08789912
2026-06-29 03:14:59.829000+00:00,2026-06-29 03:00:00+00:00,continuous,59731.8,60166.0,59731.8,59978.3,341069736.7165011
2026-06-29 03:29:59.873000+00:00,2026-06-29 03:15:00+00:00,continuous,59978.2,60219.4,59942.3,60151.7,108126003.47719996
2026-06-29 03:44:59.866000+00:00,2026-06-29 03:30:00+00:00,continuous,60151.8,60188.0,59846.6,59891.1,106290617.72470063
2026-06-29 03:59:59.715000+00:00,2026-06-29 03:45:00+00:00,continuous,59891.0,60057.8,59850.3,60019.8,43241203.82950012
2026-06-29 04:14:59.966000+00:00,2026-06-29 04:00:00+00:00,continuous,60019.9,60031.5,59875.0,59897.4,36267070.7836001
2026-06-29 04:29:59.814000+00:00,2026-06-29 04:15:00+00:00,continuous,59897.4,59975.1,59810.5,59931.7,34142332.47610006
2026-06-29 04:44:59.901000+00:00,2026-06-29 04:30:00+00:00,continuous,59931.8,59939.8,59717.0,59814.5,59673699.263199754
2026-06-29 04:59:59.880000+00:00,2026-06-29 04:45:00+00:00,continuous,59814.5,59885.5,59756.8,59806.2,34294398.586399965
2026-06-29 05:14:59.684000+00:00,2026-06-29 05:00:00+00:00,continuous,59806.2,59839.9,59360.3,59504.8,182440111.5564008
2026-06-29 05:29:59.966000+00:00,2026-06-29 05:15:00+00:00,continuous,59504.9,59694.6,59500.9,59662.2,72990114.53240003
2026-06-29 05:44:59.620000+00:00,2026-06-29 05:30:00+00:00,continuous,59662.1,59904.8,59616.5,59888.7,64403346.50490009
2026-06-29 05:59:59.864000+00:00,2026-06-29 05:45:00+00:00,continuous,59888.6,60088.0,59873.8,60082.7,96111969.37970026
2026-06-29 06:14:59.448000+00:00,2026-06-29 06:00:00+00:00,continuous,60082.7,60200.0,60056.9,60149.7,140312975.29810002
2026-06-29 06:29:59.944000+00:00,2026-06-29 06:15:00+00:00,continuous,60149.7,60325.0,60094.3,60140.4,175580203.03960195
2026-06-29 06:44:59.934000+00:00,2026-06-29 06:30:00+00:00,continuous,60140.4,60180.0,60043.6,60048.1,75773641.28190023
2026-06-29 06:59:59.845000+00:00,2026-06-29 06:45:00+00:00,continuous,60048.2,60138.7,60022.2,60051.0,51809216.66019993
2026-06-29 07:14:59.836000+00:00,2026-06-29 07:00:00+00:00,continuous,60051.1,60054.1,59900.7,60053.0,84083856.78299992
2026-06-29 07:29:59.693000+00:00,2026-06-29 07:15:00+00:00,continuous,60053.0,60162.5,59992.6,60072.1,47956426.08319995
2026-06-29 07:44:59.233000+00:00,2026-06-29 07:30:00+00:00,continuous,60072.2,60110.8,60017.8,60026.8,35216140.788899995
2026-06-29 07:59:58.971000+00:00,2026-06-29 07:45:00+00:00,continuous,60026.8,60108.8,59998.9,59998.9,51003412.32119972
2026-06-29 08:14:59.862000+00:00,2026-06-29 08:00:00+00:00,continuous,59998.9,60070.1,59868.5,59938.3,77039509.3630003
2026-06-29 08:29:59.992000+00:00,2026-06-29 08:15:00+00:00,continuous,59938.2,60038.3,59781.8,59803.0,96015965.02960017
2026-06-29 08:44:58.296000+00:00,2026-06-29 08:30:00+00:00,continuous,59802.8,59888.0,59712.8,59840.2,77018939.04700004
2026-06-29 08:59:59.987000+00:00,2026-06-29 08:45:00+00:00,continuous,59840.1,59927.6,59805.0,59806.9,43296500.729199976
2026-06-29 09:14:59.690000+00:00,2026-06-29 09:00:00+00:00,continuous,59806.9,59932.7,59777.8,59921.0,38743561.497399986
2026-06-29 09:29:59.808000+00:00,2026-06-29 09:15:00+00:00,continuous,59921.0,60089.1,59750.1,59906.0,145771015.7319013
2026-06-29 09:44:59.980000+00:00,2026-06-29 09:30:00+00:00,continuous,59906.0,59977.4,59856.2,59946.7,62872516.49310005
2026-06-29 09:59:59.852000+00:00,2026-06-29 09:45:00+00:00,continuous,59946.7,60050.0,59895.2,60031.3,57908278.42140003
2026-06-29 10:14:59.704000+00:00,2026-06-29 10:00:00+00:00,continuous,60031.3,60287.1,60031.3,60207.1,144932167.6866989
2026-06-29 10:29:59.731000+00:00,2026-06-29 10:15:00+00:00,continuous,60207.1,60287.0,60154.2,60191.2,83491564.42000031
2026-06-29 10:44:59.480000+00:00,2026-06-29 10:30:00+00:00,continuous,60191.3,60195.9,60048.3,60106.3,58135544.98540005
2026-06-29 10:59:59.916000+00:00,2026-06-29 10:45:00+00:00,continuous,60106.3,60132.0,60037.0,60062.4,45052112.64239989
2026-06-29 11:14:59.906000+00:00,2026-06-29 11:00:00+00:00,continuous,60062.3,60075.9,59919.0,59919.1,61964686.156999834
2026-06-29 11:29:59.774000+00:00,2026-06-29 11:15:00+00:00,continuous,59919.1,59974.2,59850.2,59965.8,73094511.78690004
2026-06-29 11:44:59.671000+00:00,2026-06-29 11:30:00+00:00,continuous,59965.7,60193.2,59784.0,59830.4,130253076.7589997
2026-06-29 11:59:58.682000+00:00,2026-06-29 11:45:00+00:00,continuous,59830.4,59979.5,59770.4,59927.2,98034309.56370035
2026-06-29 12:14:59.999000+00:00,2026-06-29 12:00:00+00:00,continuous,59927.2,60758.3,59552.6,60651.0,1097191668.7614915
2026-06-29 12:29:59.994000+00:00,2026-06-29 12:15:00+00:00,continuous,60651.1,60742.1,60383.8,60412.2,336946905.16840124
2026-06-29 12:44:59.955000+00:00,2026-06-29 12:30:00+00:00,continuous,60412.3,60438.8,59774.0,59919.9,504794294.7526995
2026-06-29 12:59:59.929000+00:00,2026-06-29 12:45:00+00:00,continuous,59920.0,60025.9,59749.0,59923.5,167090986.33540028
2026-06-29 13:14:59.970000+00:00,2026-06-29 13:00:00+00:00,continuous,59923.5,60313.0,59923.5,60191.9,170583208.71530333
2026-06-29 13:29:59.964000+00:00,2026-06-29 13:15:00+00:00,continuous,60191.9,60281.9,59933.8,59950.1,116897721.62189953
2026-06-29 13:44:59.804000+00:00,2026-06-29 13:30:00+00:00,continuous,59950.0,60253.3,59421.0,59432.2,540771396.2650994
2026-06-29 13:59:59.964000+00:00,2026-06-29 13:45:00+00:00,continuous,59432.2,59577.6,59302.8,59559.3,465898506.5409013
2026-06-29 14:14:59.985000+00:00,2026-06-29 14:00:00+00:00,continuous,59559.4,59575.0,59063.0,59070.2,438424438.6187008
2026-06-29 14:29:59.963000+00:00,2026-06-29 14:15:00+00:00,continuous,59070.1,59546.3,58988.0,59481.6,480825884.01410246
2026-06-29 14:44:59.874000+00:00,2026-06-29 14:30:00+00:00,continuous,59481.6,59689.6,59285.7,59289.2,251962687.39380002
2026-06-29 14:59:59.589000+00:00,2026-06-29 14:45:00+00:00,continuous,59289.1,59587.6,59221.2,59444.0,153247072.54210255
2026-06-29 15:14:59.935000+00:00,2026-06-29 15:00:00+00:00,continuous,59444.1,59456.6,59067.6,59236.6,167831901.97980198
2026-06-29 15:29:59.968000+00:00,2026-06-29 15:15:00+00:00,continuous,59236.7,59475.0,59111.4,59470.4,143953776.22520068
2026-06-29 15:44:59.843000+00:00,2026-06-29 15:30:00+00:00,continuous,59470.5,59855.0,59470.5,59809.4,498871719.6642973
2026-06-29 15:59:59.836000+00:00,2026-06-29 15:45:00+00:00,continuous,59809.4,59939.2,59735.5,59800.2,288606084.6245988
2026-06-29 16:14:59.783000+00:00,2026-06-29 16:00:00+00:00,continuous,59800.3,59925.3,59684.2,59709.9,140733809.8376004
2026-06-29 16:29:59.842000+00:00,2026-06-29 16:15:00+00:00,continuous,59709.9,59765.9,59562.6,59583.6,78073232.1843001
2026-06-29 16:44:59.791000+00:00,2026-06-29 16:30:00+00:00,continuous,59583.6,59872.8,59583.6,59859.4,88814771.1555
2026-06-29 16:59:59.872000+00:00,2026-06-29 16:45:00+00:00,continuous,59859.5,59999.0,59803.0,59870.9,83508324.87289953
2026-06-29 17:14:59.963000+00:00,2026-06-29 17:00:00+00:00,continuous,59870.9,60480.0,59870.9,60440.7,356288743.0014012
2026-06-29 17:29:59.923000+00:00,2026-06-29 17:15:00+00:00,continuous,60440.7,60624.1,60380.2,60526.8,386878122.93559515
2026-06-29 17:44:59.967000+00:00,2026-06-29 17:30:00+00:00,continuous,60526.8,60666.6,60368.0,60594.5,179484607.97199973
2026-06-29 17:59:59.913000+00:00,2026-06-29 17:45:00+00:00,continuous,60594.6,60637.6,60376.8,60396.0,130387937.51900041
2026-06-29 18:14:59.814000+00:00,2026-06-29 18:00:00+00:00,continuous,60396.0,60500.1,60300.3,60499.9,104083563.43580002
2026-06-29 18:29:59.983000+00:00,2026-06-29 18:15:00+00:00,continuous,60500.0,60500.0,60200.5,60254.4,131624744.49810022
2026-06-29 18:44:59.593000+00:00,2026-06-29 18:30:00+00:00,continuous,60254.4,60317.8,60179.8,60265.6,129919558.47180042
2026-06-29 18:59:59.679000+00:00,2026-06-29 18:45:00+00:00,continuous,60265.5,60275.4,60150.2,60275.4,51974441.245700076
2026-06-29 19:14:59.934000+00:00,2026-06-29 19:00:00+00:00,continuous,60275.4,60288.5,60127.4,60178.9,62842463.629299626
2026-06-29 19:29:59.282000+00:00,2026-06-29 19:15:00+00:00,continuous,60178.9,60459.0,60164.0,60430.2,84507656.35290012
2026-06-29 19:44:59.702000+00:00,2026-06-29 19:30:00+00:00,continuous,60430.2,60451.9,60284.0,60443.1,79449297.22270031
2026-06-29 19:59:59.979000+00:00,2026-06-29 19:45:00+00:00,continuous,60443.0,60540.0,60389.8,60409.3,136981275.7030998
2026-06-29 20:14:59.927000+00:00,2026-06-29 20:00:00+00:00,continuous,60409.3,60535.0,60400.0,60410.0,120581903.55020085
2026-06-29 20:29:59.557000+00:00,2026-06-29 20:15:00+00:00,continuous,60409.9,60464.7,60334.4,60380.6,51865655.61949957
2026-06-29 20:44:59.874000+00:00,2026-06-29 20:30:00+00:00,continuous,60380.6,60456.1,60371.9,60392.6,52365314.92759997
2026-06-29 20:59:59.724000+00:00,2026-06-29 20:45:00+00:00,continuous,60392.7,60392.7,60265.1,60271.2,74458772.08550012
2026-06-29 21:14:59.900000+00:00,2026-06-29 21:00:00+00:00,continuous,60271.2,60390.5,60232.1,60383.7,51396623.82340025
2026-06-29 21:29:59.064000+00:00,2026-06-29 21:15:00+00:00,continuous,60383.8,60383.9,60276.1,60325.1,32699078.50310015
2026-06-29 21:44:59.393000+00:00,2026-06-29 21:30:00+00:00,continuous,60325.1,60470.0,60325.1,60436.1,37125080.354299985
2026-06-29 21:59:59.725000+00:00,2026-06-29 21:45:00+00:00,continuous,60436.1,60565.6,60434.3,60454.9,49172840.4215
2026-06-29 22:14:59.768000+00:00,2026-06-29 22:00:00+00:00,continuous,60454.9,60471.4,60333.1,60426.0,40782719.26969979
2026-06-29 22:29:59.408000+00:00,2026-06-29 22:15:00+00:00,continuous,60426.0,60493.2,60400.0,60414.6,27387844.26930016
2026-06-29 22:44:59.882000+00:00,2026-06-29 22:30:00+00:00,continuous,60414.5,60433.5,60314.0,60360.0,25257779.58819993
2026-06-29 22:59:59.298000+00:00,2026-06-29 22:45:00+00:00,continuous,60360.0,60406.0,60319.0,60326.5,31366976.11229996
2026-06-29 23:14:59.245000+00:00,2026-06-29 23:00:00+00:00,continuous,60326.4,60353.9,60300.0,60316.0,27483993.25159995
2026-06-29 23:29:59.861000+00:00,2026-06-29 23:15:00+00:00,continuous,60316.1,60339.1,60134.0,60199.5,71493779.18219946
2026-06-29 23:44:59.479000+00:00,2026-06-29 23:30:00+00:00,continuous,60199.5,60267.6,60185.6,60219.5,32728871.800699994
2026-06-29 23:59:59.683000+00:00,2026-06-29 23:45:00+00:00,continuous,60219.5,60265.5,60185.0,60224.7,51866181.77109998
2026-06-30 00:14:59.996000+00:00,2026-06-30 00:00:00+00:00,continuous,60224.7,60250.0,60110.0,60171.0,68086591.29419994
2026-06-30 00:29:59.919000+00:00,2026-06-30 00:15:00+00:00,continuous,60171.1,60207.0,59888.0,59908.5,108591213.33580014
2026-06-30 00:44:59.823000+00:00,2026-06-30 00:30:00+00:00,continuous,59908.4,59911.3,59667.5,59747.6,271897613.30619895
2026-06-30 00:59:59.973000+00:00,2026-06-30 00:45:00+00:00,continuous,59747.5,59920.8,59721.9,59806.1,98354152.4402008
2026-06-30 01:14:59.983000+00:00,2026-06-30 01:00:00+00:00,continuous,59806.1,59841.0,59740.0,59797.8,70676921.2208997
2026-06-30 01:29:59.639000+00:00,2026-06-30 01:15:00+00:00,continuous,59797.8,60023.9,59779.2,60010.2,81247567.35940054
2026-06-30 01:44:59.479000+00:00,2026-06-30 01:30:00+00:00,continuous,60010.2,60024.9,59759.8,59804.0,92087315.43629993
2026-06-30 01:59:59.981000+00:00,2026-06-30 01:45:00+00:00,continuous,59804.0,59922.2,59801.2,59919.6,36328972.46780004
2026-06-30 02:14:59.932000+00:00,2026-06-30 02:00:00+00:00,continuous,59919.6,59928.0,59740.1,59761.2,55062491.71130029
2026-06-30 02:29:59.422000+00:00,2026-06-30 02:15:00+00:00,continuous,59761.3,59968.0,59719.6,59947.2,53581961.395700224
2026-06-30 02:44:59.598000+00:00,2026-06-30 02:30:00+00:00,continuous,59947.3,60004.3,59892.0,59985.6,46965505.23929992
2026-06-30 02:59:59.660000+00:00,2026-06-30 02:45:00+00:00,continuous,59985.5,60021.4,59907.4,59920.4,52247042.916899905
2026-06-30 03:14:59.826000+00:00,2026-06-30 03:00:00+00:00,continuous,59920.4,59959.7,59832.1,59877.8,54478820.45890036
2026-06-30 03:29:59.970000+00:00,2026-06-30 03:15:00+00:00,continuous,59877.8,60007.9,59791.3,59832.9,50048898.334300056
2026-06-30 03:44:59.642000+00:00,2026-06-30 03:30:00+00:00,continuous,59832.8,59832.9,59713.8,59714.0,85970529.29189953
2026-06-30 03:59:59.984000+00:00,2026-06-30 03:45:00+00:00,continuous,59714.0,59714.0,59570.0,59596.1,142342616.80389965
2026-06-30 04:14:59.724000+00:00,2026-06-30 04:00:00+00:00,continuous,59596.1,59601.4,59400.0,59529.6,184831180.71390074
2026-06-30 04:29:59.869000+00:00,2026-06-30 04:15:00+00:00,continuous,59529.6,59554.5,59410.0,59521.6,98025303.44519986
2026-06-30 04:44:59.977000+00:00,2026-06-30 04:30:00+00:00,continuous,59521.5,59672.1,59509.9,59580.2,111083934.0763999
2026-06-30 04:59:59.924000+00:00,2026-06-30 04:45:00+00:00,continuous,59580.2,59580.2,59418.3,59458.3,86136551.8232998
2026-06-30 05:14:59.747000+00:00,2026-06-30 05:00:00+00:00,continuous,59458.3,59511.1,59329.2,59410.7,133668376.54029961
2026-06-30 05:29:59.869000+00:00,2026-06-30 05:15:00+00:00,continuous,59410.8,59470.3,59343.0,59356.4,68520610.93979977
2026-06-30 05:44:59.866000+00:00,2026-06-30 05:30:00+00:00,continuous,59356.4,59550.7,59330.0,59541.2,146007939.38700002
2026-06-30 05:59:59.900000+00:00,2026-06-30 05:45:00+00:00,continuous,59541.2,59633.5,59523.4,59627.7,83329406.60859974
2026-06-30 06:14:59.950000+00:00,2026-06-30 06:00:00+00:00,continuous,59627.8,59649.7,59508.8,59546.9,43773983.059699886
2026-06-30 06:29:59.986000+00:00,2026-06-30 06:15:00+00:00,continuous,59546.9,59698.9,59488.6,59669.2,94897305.69400026
2026-06-30 06:44:59.602000+00:00,2026-06-30 06:30:00+00:00,continuous,59669.1,59691.6,59520.5,59541.6,54487581.280500226
2026-06-30 06:59:59.924000+00:00,2026-06-30 06:45:00+00:00,continuous,59541.7,59585.3,59524.9,59571.7,29441621.98460005
2026-06-30 07:14:59.097000+00:00,2026-06-30 07:00:00+00:00,continuous,59571.6,59611.7,59423.3,59471.6,51160167.17350002
2026-06-30 07:29:59.177000+00:00,2026-06-30 07:15:00+00:00,continuous,59471.6,59556.8,59430.0,59450.8,50841279.53679997
2026-06-30 07:44:59.775000+00:00,2026-06-30 07:30:00+00:00,continuous,59450.8,59547.0,59441.6,59490.3,75017594.65410009
2026-06-30 07:59:59.875000+00:00,2026-06-30 07:45:00+00:00,continuous,59490.3,59541.1,59440.5,59497.7,50510700.74680001
2026-06-30 08:14:59.953000+00:00,2026-06-30 08:00:00+00:00,continuous,59497.7,59532.7,59405.0,59405.0,55388238.48730014
2026-06-30 08:29:59.982000+00:00,2026-06-30 08:15:00+00:00,continuous,59405.0,59419.2,59335.0,59383.9,84732489.56530003
2026-06-30 08:44:59.825000+00:00,2026-06-30 08:30:00+00:00,continuous,59384.0,59420.2,59188.0,59250.2,243285886.715501
2026-06-30 08:59:59.902000+00:00,2026-06-30 08:45:00+00:00,continuous,59250.1,59362.7,59159.0,59285.8,142147114.66470024
2026-06-30 09:14:59.994000+00:00,2026-06-30 09:00:00+00:00,continuous,59285.8,59379.0,59256.5,59323.3,79732954.3444001
2026-06-30 09:29:59.998000+00:00,2026-06-30 09:15:00+00:00,continuous,59323.3,59349.9,59236.6,59275.3,65191316.57309996
2026-06-30 09:44:59.674000+00:00,2026-06-30 09:30:00+00:00,continuous,59275.4,59370.1,59225.0,59331.4,69377687.25639996
2026-06-30 09:59:59.861000+00:00,2026-06-30 09:45:00+00:00,continuous,59331.5,59397.0,59331.4,59348.7,32917198.09980015
2026-06-30 10:14:59.538000+00:00,2026-06-30 10:00:00+00:00,continuous,59348.7,59403.0,59285.7,59342.4,46360009.57360004
2026-06-30 10:29:59.211000+00:00,2026-06-30 10:15:00+00:00,continuous,59342.4,59400.0,59308.6,59344.4,26100351.32719988
2026-06-30 10:44:59.893000+00:00,2026-06-30 10:30:00+00:00,continuous,59344.3,59347.7,59264.5,59308.8,33501750.459200077
2026-06-30 10:59:59.971000+00:00,2026-06-30 10:45:00+00:00,continuous,59308.9,59378.8,59265.0,59303.6,35306772.83360012
2026-06-30 11:14:59.883000+00:00,2026-06-30 11:00:00+00:00,continuous,59303.7,59399.3,59294.5,59357.8,33762039.45400017
2026-06-30 11:29:59.766000+00:00,2026-06-30 11:15:00+00:00,continuous,59357.9,59367.7,59161.7,59191.1,80192231.52520028
2026-06-30 11:44:59.687000+00:00,2026-06-30 11:30:00+00:00,continuous,59191.2,59247.7,59100.0,59218.6,155116352.25450087
2026-06-30 11:59:59.997000+00:00,2026-06-30 11:45:00+00:00,continuous,59218.6,59316.3,59130.0,59162.3,98880945.73180057
2026-06-30 12:14:59.968000+00:00,2026-06-30 12:00:00+00:00,continuous,59162.2,59162.3,58955.6,58987.8,249662806.0501011
2026-06-30 12:29:59.985000+00:00,2026-06-30 12:15:00+00:00,continuous,58987.7,59046.3,58724.5,58832.8,427244116.5828015
2026-06-30 12:44:59.891000+00:00,2026-06-30 12:30:00+00:00,continuous,58832.9,58861.7,58745.0,58813.2,130749155.46640031
2026-06-30 12:59:59.987000+00:00,2026-06-30 12:45:00+00:00,continuous,58813.3,58828.8,58351.0,58374.8,675127823.1880988
2026-06-30 13:14:59.974000+00:00,2026-06-30 13:00:00+00:00,continuous,58374.9,58621.2,58285.0,58430.3,540161941.1514963
2026-06-30 13:29:59.866000+00:00,2026-06-30 13:15:00+00:00,continuous,58430.4,58570.1,58401.5,58484.9,146071729.2322021
2026-06-30 13:44:59.935000+00:00,2026-06-30 13:30:00+00:00,continuous,58484.9,58732.0,58200.0,58535.1,557389948.5921979
2026-06-30 13:59:59.927000+00:00,2026-06-30 13:45:00+00:00,continuous,58535.0,58791.7,58431.4,58711.9,278679355.42510015
2026-06-30 14:14:59.906000+00:00,2026-06-30 14:00:00+00:00,continuous,58711.8,59264.4,58627.6,58971.7,589971999.670404
2026-06-30 14:29:59.951000+00:00,2026-06-30 14:15:00+00:00,continuous,58971.7,59125.4,58858.0,59014.2,187828974.10099876
2026-06-30 14:44:59.880000+00:00,2026-06-30 14:30:00+00:00,continuous,59014.1,59079.8,58550.0,58894.8,354290242.36409664
2026-06-30 14:59:59.913000+00:00,2026-06-30 14:45:00+00:00,continuous,58894.8,58894.8,58400.1,58458.6,224718468.91410065
2026-06-30 15:14:59.981000+00:00,2026-06-30 15:00:00+00:00,continuous,58458.7,58579.4,58171.0,58419.9,362339041.4286017
2026-06-30 15:29:59.706000+00:00,2026-06-30 15:15:00+00:00,continuous,58420.0,58452.4,58160.0,58359.3,336906729.48729736
2026-06-30 15:44:59.955000+00:00,2026-06-30 15:30:00+00:00,continuous,58359.4,58479.6,58232.0,58415.2,114299933.62639982
2026-06-30 15:59:59.890000+00:00,2026-06-30 15:45:00+00:00,continuous,58415.2,58785.6,58318.2,58356.2,244970946.3717006
2026-06-30 16:14:59.958000+00:00,2026-06-30 16:00:00+00:00,continuous,58356.2,58617.4,58330.8,58383.2,120472905.80539982
2026-06-30 16:29:59.884000+00:00,2026-06-30 16:15:00+00:00,continuous,58383.1,58453.6,58223.3,58293.7,136631013.32490098
2026-06-30 16:44:59.729000+00:00,2026-06-30 16:30:00+00:00,continuous,58293.7,58460.9,58232.3,58307.1,102719644.69119951
2026-06-30 16:59:59.760000+00:00,2026-06-30 16:45:00+00:00,continuous,58307.2,58555.3,58307.2,58479.3,96409376.84819977
2026-06-30 17:14:59.329000+00:00,2026-06-30 17:00:00+00:00,continuous,58479.2,58604.8,58364.0,58387.9,82913870.34769991
2026-06-30 17:29:59.782000+00:00,2026-06-30 17:15:00+00:00,continuous,58387.9,58464.9,58341.6,58372.4,60299468.296800464
2026-06-30 17:44:59.114000+00:00,2026-06-30 17:30:00+00:00,continuous,58372.5,58439.5,58311.0,58355.5,56667587.94580042
2026-06-30 17:59:59.750000+00:00,2026-06-30 17:45:00+00:00,continuous,58355.5,58410.8,58290.0,58396.7,48521399.26260001
2026-06-30 18:14:59.813000+00:00,2026-06-30 18:00:00+00:00,continuous,58396.8,58476.7,58334.0,58451.8,50658671.19080036
2026-06-30 18:29:59.777000+00:00,2026-06-30 18:15:00+00:00,continuous,58451.8,58675.0,58401.4,58513.3,104281260.96030028
2026-06-30 18:44:59.743000+00:00,2026-06-30 18:30:00+00:00,continuous,58513.3,58536.9,58358.1,58436.4,50392832.22109996
2026-06-30 18:59:59.974000+00:00,2026-06-30 18:45:00+00:00,continuous,58436.4,58667.1,58436.4,58659.8,69237444.76379994
2026-06-30 19:14:59.591000+00:00,2026-06-30 19:00:00+00:00,continuous,58659.9,58722.4,58566.3,58633.0,74834741.27149989
2026-06-30 19:29:59.856000+00:00,2026-06-30 19:15:00+00:00,continuous,58633.0,58650.0,58560.0,58649.4,50304127.41470014
2026-06-30 19:44:59.612000+00:00,2026-06-30 19:30:00+00:00,continuous,58649.3,58797.3,58634.3,58734.2,82536855.31880021
2026-06-30 19:59:59.999000+00:00,2026-06-30 19:45:00+00:00,continuous,58734.2,58819.9,58668.9,58794.4,72319501.1536
2026-06-30 20:14:59.555000+00:00,2026-06-30 20:00:00+00:00,continuous,58794.0,58850.0,58712.5,58838.4,63962027.35330021
2026-06-30 20:29:59.996000+00:00,2026-06-30 20:15:00+00:00,continuous,58838.3,58839.8,58670.9,58718.9,45281393.23010024
2026-06-30 20:44:59.831000+00:00,2026-06-30 20:30:00+00:00,continuous,58718.9,58718.9,58621.3,58633.1,56230272.60929994
2026-06-30 20:59:59.315000+00:00,2026-06-30 20:45:00+00:00,continuous,58633.2,58770.3,58621.7,58708.0,45367201.52149999
2026-06-30 21:14:59.903000+00:00,2026-06-30 21:00:00+00:00,continuous,58708.0,58744.3,58525.7,58555.8,67383556.91309959
2026-06-30 21:29:59.955000+00:00,2026-06-30 21:15:00+00:00,continuous,58555.7,58614.6,58472.3,58567.8,45176915.5613999
2026-06-30 21:44:59.956000+00:00,2026-06-30 21:30:00+00:00,continuous,58567.7,58636.9,58552.0,58560.3,33520505.60279995
2026-06-30 21:59:59.676000+00:00,2026-06-30 21:45:00+00:00,continuous,58560.3,58627.8,58486.3,58612.1,38200628.944100074
2026-06-30 22:14:59.922000+00:00,2026-06-30 22:00:00+00:00,continuous,58612.3,58718.5,58612.3,58703.8,36546204.99809999
2026-06-30 22:29:59.912000+00:00,2026-06-30 22:15:00+00:00,continuous,58703.8,58780.0,58618.0,58623.6,23833640.280900083
2026-06-30 22:44:59.649000+00:00,2026-06-30 22:30:00+00:00,continuous,58623.7,58623.7,58477.1,58572.7,40007639.16469999
2026-06-30 22:59:59.547000+00:00,2026-06-30 22:45:00+00:00,continuous,58572.8,58600.0,58512.0,58575.8,17149432.547700077
2026-06-30 23:14:58.850000+00:00,2026-06-30 23:00:00+00:00,continuous,58575.7,58620.0,58518.8,58580.0,20420938.93880003
2026-06-30 23:29:59.799000+00:00,2026-06-30 23:15:00+00:00,continuous,58579.9,58629.5,58550.0,58586.0,21590638.89220018
2026-06-30 23:44:59.419000+00:00,2026-06-30 23:30:00+00:00,continuous,58586.0,58616.3,58536.4,58581.8,22781131.031600047
