timestamp,minute_start,session_id,open,high,low,close,volume
2025-02-01 00:14:59.672000+00:00,2025-02-01 00:00:00+00:00,continuous,102379.8,102538.7,102222.0,102476.0,113238240.1514998
2025-02-01 00:29:59.852000+00:00,2025-02-01 00:15:00+00:00,continuous,102476.0,102520.0,102209.8,102222.8,104006556.83699988
2025-02-01 00:44:59.843000+00:00,2025-02-01 00:30:00+00:00,continuous,102222.8,102458.3,102160.3,102401.8,54785342.62089997
2025-02-01 00:59:59.994000+00:00,2025-02-01 00:45:00+00:00,continuous,102401.9,102507.6,102300.8,102450.2,79942048.27420034
2025-02-01 01:14:59.962000+00:00,2025-02-01 01:00:00+00:00,continuous,102450.2,102562.1,102410.0,102550.8,74980954.69920053
2025-02-01 01:29:59.992000+00:00,2025-02-01 01:15:00+00:00,continuous,102550.8,102659.9,102495.8,102655.6,81484238.31819989
2025-02-01 01:44:59.996000+00:00,2025-02-01 01:30:00+00:00,continuous,102655.7,102727.7,102563.8,102726.7,76899454.20049986
2025-02-01 01:59:59.083000+00:00,2025-02-01 01:45:00+00:00,continuous,102726.6,102726.6,102467.4,102521.2,71169924.14139977
2025-02-01 02:14:59.899000+00:00,2025-02-01 02:00:00+00:00,continuous,102521.1,102648.0,102358.3,102631.9,73775102.269
2025-02-01 02:29:59.346000+00:00,2025-02-01 02:15:00+00:00,continuous,102631.9,102734.9,102624.0,102644.9,55939204.15869995
2025-02-01 02:44:59.966000+00:00,2025-02-01 02:30:00+00:00,continuous,102644.8,102660.0,102530.1,102619.9,46329818.35910003
2025-02-01 02:59:59.943000+00:00,2025-02-01 02:45:00+00:00,continuous,102619.9,102654.5,102333.0,102407.0,80504196.96159998
2025-02-01 03:14:59.918000+00:00,2025-02-01 03:00:00+00:00,continuous,102406.6,102465.1,102248.5,102373.5,77010355.98470002
2025-02-01 03:29:59.593000+00:00,2025-02-01 03:15:00+00:00,continuous,102373.5,102398.9,102280.5,102305.8,45981490.29679996
2025-02-01 03:44:59.388000+00:00,2025-02-01 03:30:00+00:00,continuous,102305.7,102324.5,102131.0,102219.4,84700596.00740024
2025-02-01 03:59:59.879000+00:00,2025-02-01 03:45:00+00:00,continuous,102219.4,102250.0,102163.2,102203.9,32990714.502900083
2025-02-01 04:14:59.965000+00:00,2025-02-01 04:00:00+00:00,continuous,102203.8,102284.2,102058.8,102167.9,81788045.36540025
2025-02-01 04:29:59.558000+00:00,2025-02-01 04:15:00+00:00,continuous,102167.9,102224.7,102119.5,102186.0,51705260.24339998
2025-02-01 04:44:59.977000+00:00,2025-02-01 04:30:00+00:00,continuous,102186.0,102444.0,102185.0,102444.0,117940780.07280001
2025-02-01 04:59:58.912000+00:00,2025-02-01 04:45:00+00:00,continuous,102443.9,102444.0,102260.0,102271.1,40963042.693600014
2025-02-01 05:14:59.910000+00:00,2025-02-01 05:00:00+00:00,continuous,102271.0,102339.1,102190.1,102304.5,34861697.55820004
2025-02-01 05:29:59.709000+00:00,2025-02-01 05:15:00+00:00,continuous,102304.4,102443.2,102300.0,102433.5,30993014.377900094
2025-02-01 05:44:59.837000+00:00,2025-02-01 05:30:00+00:00,continuous,102433.5,102543.0,102385.4,102503.0,47632452.98919997
2025-02-01 05:59:59.850000+00:00,2025-02-01 05:45:00+00:00,continuous,102503.0,102510.5,102423.0,102445.0,47718187.47289997
2025-02-01 06:14:59.978000+00:00,2025-02-01 06:00:00+00:00,continuous,102445.0,102533.1,102366.9,102375.8,31429718.67049998
2025-02-01 06:29:59.883000+00:00,2025-02-01 06:15:00+00:00,continuous,102375.8,102375.8,102251.1,102316.2,40151082.23219995
2025-02-01 06:44:59.145000+00:00,2025-02-01 06:30:00+00:00,continuous,102316.2,102400.0,102200.0,102250.0,40546136.86170006
2025-02-01 06:59:59.812000+00:00,2025-02-01 06:45:00+00:00,continuous,102250.0,102366.8,102126.1,102366.8,46439473.05659977
2025-02-01 07:14:59.132000+00:00,2025-02-01 07:00:00+00:00,continuous,102366.7,102444.9,102318.0,102386.6,30025362.9751
2025-02-01 07:29:59.711000+00:00,2025-02-01 07:15:00+00:00,continuous,102386.7,102398.2,102214.3,102260.8,34641633.62659989
2025-02-01 07:44:59.060000+00:00,2025-02-01 07:30:00+00:00,continuous,102260.8,102343.0,102140.1,102140.2,47787181.99890007
2025-02-01 07:59:59.640000+00:00,2025-02-01 07:45:00+00:00,continuous,102140.2,102229.0,102108.1,102127.0,61650053.39420001
2025-02-01 08:14:59.716000+00:00,2025-02-01 08:00:00+00:00,continuous,102127.0,102242.3,102120.0,102168.6,41970926.32019992
2025-02-01 08:29:59.950000+00:00,2025-02-01 08:15:00+00:00,continuous,102168.5,102168.6,101890.0,101964.0,143142172.7507996
2025-02-01 08:44:59.297000+00:00,2025-02-01 08:30:00+00:00,continuous,101964.0,102008.2,101887.0,101973.7,84413330.75020005
2025-02-01 08:59:59.573000+00:00,2025-02-01 08:45:00+00:00,continuous,101973.7,102018.4,101780.1,101975.9,131780470.9971997
2025-02-01 09:14:59.827000+00:00,2025-02-01 09:00:00+00:00,continuous,101975.9,101980.1,101750.1,101762.3,120822508.99369991
2025-02-01 09:29:59.756000+00:00,2025-02-01 09:15:00+00:00,continuous,101762.3,101900.0,101762.3,101839.1,71152103.48009992
2025-02-01 09:44:59.663000+00:00,2025-02-01 09:30:00+00:00,continuous,101839.0,101855.6,101571.4,101596.7,183710537.89619982
2025-02-01 09:59:59.946000+00:00,2025-02-01 09:45:00+00:00,continuous,101596.6,101639.0,101344.0,101639.0,310411510.8073011
2025-02-01 10:14:59.978000+00:00,2025-02-01 10:00:00+00:00,continuous,101639.0,101846.4,101638.9,101773.3,130167624.2527008
2025-02-01 10:29:59.697000+00:00,2025-02-01 10:15:00+00:00,continuous,101773.2,101887.0,101658.5,101824.5,65263593.130700074
2025-02-01 10:44:59.437000+00:00,2025-02-01 10:30:00+00:00,continuous,101824.4,101936.7,101727.8,101727.8,121912318.27669995
2025-02-01 10:59:59.890000+00:00,2025-02-01 10:45:00+00:00,continuous,101727.8,101790.0,101581.9,101597.6,116281313.57139976
2025-02-01 11:14:59.762000+00:00,2025-02-01 11:00:00+00:00,continuous,101597.5,101843.6,101597.5,101841.5,85953794.53260022
2025-02-01 11:29:59.551000+00:00,2025-02-01 11:15:00+00:00,continuous,101841.6,101982.1,101841.5,101929.9,78987503.83580028
2025-02-01 11:44:59.458000+00:00,2025-02-01 11:30:00+00:00,continuous,101929.9,101994.0,101846.5,101909.9,66683637.34870019
2025-02-01 11:59:59.902000+00:00,2025-02-01 11:45:00+00:00,continuous,101910.0,102020.0,101828.4,101980.1,50889345.07329988
2025-02-01 12:14:59.942000+00:00,2025-02-01 12:00:00+00:00,continuous,101980.0,102122.6,101956.4,102050.1,104137016.44439977
2025-02-01 12:29:59.748000+00:00,2025-02-01 12:15:00+00:00,continuous,102050.0,102160.9,101988.6,102126.0,96366372.22059953
2025-02-01 12:44:59.574000+00:00,2025-02-01 12:30:00+00:00,continuous,102126.1,102218.7,102100.0,102184.6,67448599.61910005
2025-02-01 12:59:59.830000+00:00,2025-02-01 12:45:00+00:00,continuous,102184.6,102297.0,102168.0,102229.2,59570278.21289999
2025-02-01 13:14:59.861000+00:00,2025-02-01 13:00:00+00:00,continuous,102229.3,102230.1,102116.0,102214.9,70663777.81439972
2025-02-01 13:29:59.474000+00:00,2025-02-01 13:15:00+00:00,continuous,102214.9,102229.4,102150.0,102205.3,34392998.22249999
2025-02-01 13:44:59.871000+00:00,2025-02-01 13:30:00+00:00,continuous,102205.3,102244.6,102150.0,102150.0,49232486.52079999
2025-02-01 13:59:59.985000+00:00,2025-02-01 13:45:00+00:00,continuous,102150.0,102150.1,101774.9,101833.4,154204635.18479928
2025-02-01 14:14:59.764000+00:00,2025-02-01 14:00:00+00:00,continuous,101833.8,102053.2,101770.0,101924.9,92976903.12799993
2025-02-01 14:29:59.327000+00:00,2025-02-01 14:15:00+00:00,continuous,101924.9,102095.4,101804.9,102068.2,68273953.76169999
2025-02-01 14:44:59.972000+00:00,2025-02-01 14:30:00+00:00,continuous,102068.3,102130.0,101989.0,101994.5,58307125.53399997
2025-02-01 14:59:59.867000+00:00,2025-02-01 14:45:00+00:00,continuous,101994.4,102000.0,101770.0,101779.3,84597759.5236999
2025-02-01 15:14:59.425000+00:00,2025-02-01 15:00:00+00:00,continuous,101779.3,102010.0,101680.0,101870.1,171524884.7042001
2025-02-01 15:29:59.876000+00:00,2025-02-01 15:15:00+00:00,continuous,101870.2,101964.8,101733.3,101964.7,49259807.50550012
2025-02-01 15:44:59.339000+00:00,2025-02-01 15:30:00+00:00,continuous,101964.7,102085.6,101907.9,102038.9,64819972.645299785
2025-02-01 15:59:59.893000+00:00,2025-02-01 15:45:00+00:00,continuous,102038.9,102187.9,101970.3,102031.5,107055137.48539971
2025-02-01 16:14:59.997000+00:00,2025-02-01 16:00:00+00:00,continuous,102031.6,102185.2,102000.0,102020.1,72834333.29539984
2025-02-01 16:29:59.493000+00:00,2025-02-01 16:15:00+00:00,continuous,102020.1,102083.2,101865.0,102055.5,59782319.72730012
2025-02-01 16:44:59.801000+00:00,2025-02-01 16:30:00+00:00,continuous,102055.5,102078.9,101973.2,101990.0,27358936.512600034
2025-02-01 16:59:59.974000+00:00,2025-02-01 16:45:00+00:00,continuous,101989.9,102044.0,101826.8,101860.0,41515187.311800025
2025-02-01 17:14:59.906000+00:00,2025-02-01 17:00:00+00:00,continuous,101860.0,102144.0,101856.8,102076.5,123439713.17870013
2025-02-01 17:29:59.250000+00:00,2025-02-01 17:15:00+00:00,continuous,102076.5,102250.0,102034.3,102167.9,94339626.31950012
2025-02-01 17:44:58.922000+00:00,2025-02-01 17:30:00+00:00,continuous,102167.9,102188.4,102047.3,102100.0,45736648.48089996
2025-02-01 17:59:59.230000+00:00,2025-02-01 17:45:00+00:00,continuous,102100.0,102248.5,102092.5,102219.0,59253734.37890006
2025-02-01 18:14:59.647000+00:00,2025-02-01 18:00:00+00:00,continuous,102219.0,102238.1,102159.8,102183.6,34920835.6707001
2025-02-01 18:29:59.736000+00:00,2025-02-01 18:15:00+00:00,continuous,102183.7,102204.1,102042.5,102109.5,54585344.49309974
2025-02-01 18:44:58.321000+00:00,2025-02-01 18:30:00+00:00,continuous,102109.5,102158.2,101994.9,102061.1,34853363.621800095
2025-02-01 18:59:59.840000+00:00,2025-02-01 18:45:00+00:00,continuous,102061.0,102122.0,101923.0,101958.3,45922150.7873998
2025-02-01 19:14:59.874000+00:00,2025-02-01 19:00:00+00:00,continuous,101958.2,101990.0,101781.0,101841.8,71060886.21680008
2025-02-01 19:29:59.878000+00:00,2025-02-01 19:15:00+00:00,continuous,101841.7,101974.2,101742.2,101771.4,88001560.00810045
2025-02-01 19:44:59.996000+00:00,2025-02-01 19:30:00+00:00,continuous,101771.4,101828.9,101420.2,101514.7,279798953.7878005
2025-02-01 19:59:59.757000+00:00,2025-02-01 19:45:00+00:00,continuous,101514.7,101661.4,101392.9,101620.1,125080496.65240045
2025-02-01 20:14:59.625000+00:00,2025-02-01 20:00:00+00:00,continuous,101620.1,101620.1,101197.0,101259.9,332874774.6227991
2025-02-01 20:29:59.660000+00:00,2025-02-01 20:15:00+00:00,continuous,101260.0,101493.8,101100.0,101172.1,231694464.57680133
2025-02-01 20:44:59.640000+00:00,2025-02-01 20:30:00+00:00,continuous,101172.1,101281.1,101058.3,101265.1,167160130.9421998
2025-02-01 20:59:59.937000+00:00,2025-02-01 20:45:00+00:00,continuous,101265.2,101480.0,100889.0,101295.5,267369036.7984985
2025-02-01 21:14:58.626000+00:00,2025-02-01 21:00:00+00:00,continuous,101295.4,101478.1,101126.4,101434.7,127263631.73640014
2025-02-01 21:29:59.968000+00:00,2025-02-01 21:15:00+00:00,continuous,101434.8,101544.2,101400.0,101422.1,100310592.00640027
2025-02-01 21:44:59.954000+00:00,2025-02-01 21:30:00+00:00,continuous,101422.2,101439.4,101195.2,101321.0,96644740.22910006
2025-02-01 21:59:59.908000+00:00,2025-02-01 21:45:00+00:00,continuous,101321.1,101346.5,100949.4,101149.9,141704383.47719932
2025-02-01 22:14:59.945000+00:00,2025-02-01 22:00:00+00:00,continuous,101149.9,101387.8,101010.3,101027.5,93643790.61370035
2025-02-01 22:29:59.753000+00:00,2025-02-01 22:15:00+00:00,continuous,101027.6,101076.4,100608.9,100676.6,301863109.87639964
2025-02-01 22:44:59.949000+00:00,2025-02-01 22:30:00+00:00,continuous,100676.6,100875.8,100501.1,100842.8,179227965.50890005
2025-02-01 22:59:59.761000+00:00,2025-02-01 22:45:00+00:00,continuous,100842.8,100927.5,100437.6,100615.1,140310529.33840007
2025-02-01 23:14:59.533000+00:00,2025-02-01 23:00:00+00:00,continuous,100615.1,100634.9,100322.7,100327.2,209617753.63240132
2025-02-01 23:29:59.936000+00:00,2025-02-01 23:15:00+00:00,continuous,100327.2,100519.6,100215.0,100471.8,202758913.12640065
2025-02-01 23:44:59.855000+00:00,2025-02-01 23:30:00+00:00,continuous,100471.8,100845.5,100410.4,100776.2,204856076.03250062
2025-02-01 23:59:59.011000+00:00,2025-02-01 23:45:00+00:00,continuous,100776.2,100810.0,100556.8,100603.6,108159129.26910007
2025-02-02 00:14:59.682000+00:00,2025-02-02 00:00:00+00:00,continuous,100603.6,100843.1,100452.9,100803.4,159485022.96879846
2025-02-02 00:29:59.963000+00:00,2025-02-02 00:15:00+00:00,continuous,100803.4,101145.2,100735.9,101112.5,157571388.23869962
2025-02-02 00:44:59.919000+00:00,2025-02-02 00:30:00+00:00,continuous,101112.4,101220.7,101012.0,101208.8,121590592.3929994
2025-02-02 00:59:59.918000+00:00,2025-02-02 00:45:00+00:00,continuous,101208.8,101248.9,101092.9,101208.6,60611801.33229984
2025-02-02 01:14:59.931000+00:00,2025-02-02 01:00:00+00:00,continuous,101208.7,101362.9,101143.9,101328.9,84328480.8901002
2025-02-02 01:29:59.992000+00:00,2025-02-02 01:15:00+00:00,continuous,101329.0,101426.0,101276.2,101346.0,71095014.6701997
2025-02-02 01:44:59.960000+00:00,2025-02-02 01:30:00+00:00,continuous,101345.9,101352.1,101170.4,101339.4,64163122.815699935
2025-02-02 01:59:59.979000+00:00,2025-02-02 01:45:00+00:00,continuous,101339.4,101349.1,101119.0,101214.6,64191125.11409985
2025-02-02 02:14:59.816000+00:00,2025-02-02 02:00:00+00:00,continuous,101214.7,101238.7,100876.4,100906.7,119244417.96680064
2025-02-02 02:29:59.889000+00:00,2025-02-02 02:15:00+00:00,continuous,100906.8,101060.0,100733.7,100888.1,124559257.95669928
2025-02-02 02:44:59.772000+00:00,2025-02-02 02:30:00+00:00,continuous,100888.1,100888.1,100610.0,100750.0,78940204.48500007
2025-02-02 02:59:59.848000+00:00,2025-02-02 02:45:00+00:00,continuous,100750.0,100750.0,100368.9,100401.4,145262031.86209974
2025-02-02 03:14:59.994000+00:00,2025-02-02 03:00:00+00:00,continuous,100401.4,100725.7,99800.0,99933.1,708944957.9807968
2025-02-02 03:29:59.933000+00:00,2025-02-02 03:15:00+00:00,continuous,99933.0,100125.0,99375.6,99568.0,550497871.122201
2025-02-02 03:44:59.977000+00:00,2025-02-02 03:30:00+00:00,continuous,99567.8,99719.9,99320.0,99447.4,344930614.657302
2025-02-02 03:59:59.930000+00:00,2025-02-02 03:45:00+00:00,continuous,99447.3,99687.5,99111.0,99160.8,358082498.2356963
2025-02-02 04:14:59.968000+00:00,2025-02-02 04:00:00+00:00,continuous,99160.8,99524.4,98989.0,99238.6,370145860.56819665
2025-02-02 04:29:59.655000+00:00,2025-02-02 04:15:00+00:00,continuous,99238.7,99642.6,99034.3,99488.1,300560837.3171023
2025-02-02 04:44:59.943000+00:00,2025-02-02 04:30:00+00:00,continuous,99488.1,99747.9,99404.1,99715.4,161298686.55439928
2025-02-02 04:59:59.813000+00:00,2025-02-02 04:45:00+00:00,continuous,99715.4,99826.8,99481.2,99490.1,116881502.61099985
2025-02-02 05:14:59.802000+00:00,2025-02-02 05:00:00+00:00,continuous,99490.1,99765.0,99441.0,99615.5,107396154.97740015
2025-02-02 05:29:59.637000+00:00,2025-02-02 05:15:00+00:00,continuous,99615.6,99945.0,99547.2,99773.3,134473491.47009984
2025-02-02 05:44:59.611000+00:00,2025-02-02 05:30:00+00:00,continuous,99773.3,100219.8,99755.0,100189.9,195592709.12600037
2025-02-02 05:59:59.946000+00:00,2025-02-02 05:45:00+00:00,continuous,100190.0,100300.0,100071.9,100211.9,99796362.12340002
2025-02-02 06:14:59.725000+00:00,2025-02-02 06:00:00+00:00,continuous,100212.0,100329.4,100058.4,100247.0,126740798.44289963
2025-02-02 06:29:59.930000+00:00,2025-02-02 06:15:00+00:00,continuous,100246.9,100470.1,100162.8,100437.0,131710233.4479001
2025-02-02 06:44:59.494000+00:00,2025-02-02 06:30:00+00:00,continuous,100437.0,100437.0,100260.0,100414.0,66374855.934599906
2025-02-02 06:59:59.214000+00:00,2025-02-02 06:45:00+00:00,continuous,100414.0,100414.0,100191.9,100227.7,81533752.17009977
2025-02-02 07:14:59.826000+00:00,2025-02-02 07:00:00+00:00,continuous,100227.7,100233.5,100033.3,100213.8,122144096.28809972
2025-02-02 07:29:59.979000+00:00,2025-02-02 07:15:00+00:00,continuous,100213.7,100229.7,99733.6,99849.9,135532335.0256002
2025-02-02 07:44:59.922000+00:00,2025-02-02 07:30:00+00:00,continuous,99850.0,99927.4,99592.8,99723.2,170452517.3239996
2025-02-02 07:59:59.734000+00:00,2025-02-02 07:45:00+00:00,continuous,99723.2,99796.9,99560.3,99586.2,122385112.10589944
2025-02-02 08:14:59.909000+00:00,2025-02-02 08:00:00+00:00,continuous,99586.2,99805.0,99351.1,99370.8,155479273.94769987
2025-02-02 08:29:59.927000+00:00,2025-02-02 08:15:00+00:00,continuous,99370.7,99787.6,99288.0,99710.9,152506055.31089994
2025-02-02 08:44:59.998000+00:00,2025-02-02 08:30:00+00:00,continuous,99711.0,100071.0,99711.0,99955.0,136203844.7647999
2025-02-02 08:59:59.841000+00:00,2025-02-02 08:45:00+00:00,continuous,99954.9,100009.5,99602.0,99782.0,92481624.94749947
2025-02-02 09:14:59.958000+00:00,2025-02-02 09:00:00+00:00,continuous,99782.1,99785.2,99534.5,99730.2,112208312.98039976
2025-02-02 09:29:59.660000+00:00,2025-02-02 09:15:00+00:00,continuous,99730.2,99735.2,99295.0,99510.6,209055168.04249966
2025-02-02 09:44:59.997000+00:00,2025-02-02 09:30:00+00:00,continuous,99510.5,99797.9,99443.2,99767.6,81177340.18379994
2025-02-02 09:59:59.739000+00:00,2025-02-02 09:45:00+00:00,continuous,99767.5,99824.4,99541.9,99639.9,64133653.29779985
2025-02-02 10:14:59.807000+00:00,2025-02-02 10:00:00+00:00,continuous,99640.0,99640.1,99204.7,99230.5,161394944.5024004
2025-02-02 10:29:59.598000+00:00,2025-02-02 10:15:00+00:00,continuous,99230.6,99395.7,99200.0,99317.0,151603849.23919985
2025-02-02 10:44:59.748000+00:00,2025-02-02 10:30:00+00:00,continuous,99317.0,99470.6,99225.4,99418.3,81433091.4579
2025-02-02 10:59:59.974000+00:00,2025-02-02 10:45:00+00:00,continuous,99418.4,99560.0,99335.1,99370.3,78933722.8955
2025-02-02 11:14:59.315000+00:00,2025-02-02 11:00:00+00:00,continuous,99370.4,99550.6,99271.7,99293.3,96594622.12230034
2025-02-02 11:29:59.902000+00:00,2025-02-02 11:15:00+00:00,continuous,99293.2,99331.0,98925.8,98950.1,280958808.7282992
2025-02-02 11:44:59.974000+00:00,2025-02-02 11:30:00+00:00,continuous,98950.0,99222.9,98723.1,98761.5,299708070.3653012
2025-02-02 11:59:59.960000+00:00,2025-02-02 11:45:00+00:00,continuous,98763.1,98994.5,98550.0,98811.6,374055473.73840237
2025-02-02 12:14:59.870000+00:00,2025-02-02 12:00:00+00:00,continuous,98811.5,99115.7,98690.7,99086.3,214835202.47529918
2025-02-02 12:29:59.740000+00:00,2025-02-02 12:15:00+00:00,continuous,99086.4,99086.4,98688.3,98789.0,140272415.38119963
2025-02-02 12:44:59.510000+00:00,2025-02-02 12:30:00+00:00,continuous,98789.1,98789.1,98456.0,98648.6,281698972.3078994
2025-02-02 12:59:59.997000+00:00,2025-02-02 12:45:00+00:00,continuous,98648.5,98648.6,98100.0,98124.4,415394374.1339041
2025-02-02 13:14:59.968000+00:00,2025-02-02 13:00:00+00:00,continuous,98124.5,98595.0,98112.0,98489.1,260467632.33999988
2025-02-02 13:29:59.680000+00:00,2025-02-02 13:15:00+00:00,continuous,98489.1,98766.8,98375.4,98675.4,192279393.80700025
2025-02-02 13:44:59.901000+00:00,2025-02-02 13:30:00+00:00,continuous,98675.4,98745.0,98528.1,98655.4,151306603.36540094
2025-02-02 13:59:59.936000+00:00,2025-02-02 13:45:00+00:00,continuous,98655.4,98789.3,98460.1,98750.0,185538338.85070002
2025-02-02 14:14:59.920000+00:00,2025-02-02 14:00:00+00:00,continuous,98750.1,99255.3,98660.0,99215.1,346201049.34099966
2025-02-02 14:29:59.893000+00:00,2025-02-02 14:15:00+00:00,continuous,99215.2,99378.4,99053.3,99368.3,295239476.5686992
2025-02-02 14:44:59.907000+00:00,2025-02-02 14:30:00+00:00,continuous,99368.4,99384.5,99199.2,99300.0,127234620.50729936
2025-02-02 14:59:59.818000+00:00,2025-02-02 14:45:00+00:00,continuous,99300.0,99354.0,99120.3,99158.2,118797092.58170001
2025-02-02 15:14:59.935000+00:00,2025-02-02 15:00:00+00:00,continuous,99158.2,99229.4,98910.0,99039.2,183223724.80529833
2025-02-02 15:29:59.923000+00:00,2025-02-02 15:15:00+00:00,continuous,99039.3,99039.3,98765.1,98784.6,131529261.92610008
2025-02-02 15:44:59.902000+00:00,2025-02-02 15:30:00+00:00,continuous,98784.7,99337.2,98670.0,99067.9,201217760.46659872
2025-02-02 15:59:59.843000+00:00,2025-02-02 15:45:00+00:00,continuous,99067.9,99365.5,99020.8,99298.6,105650178.45729959
2025-02-02 16:14:59.911000+00:00,2025-02-02 16:00:00+00:00,continuous,99298.6,99319.0,98914.0,98949.1,112514237.70439994
2025-02-02 16:29:59.945000+00:00,2025-02-02 16:15:00+00:00,continuous,98949.2,99201.0,98766.3,98804.3,148239486.80929998
2025-02-02 16:44:59.914000+00:00,2025-02-02 16:30:00+00:00,continuous,98804.3,98924.3,98530.0,98530.1,247657906.3199002
2025-02-02 16:59:59.923000+00:00,2025-02-02 16:45:00+00:00,continuous,98530.2,98587.5,98046.9,98222.2,473374677.2639028
2025-02-02 17:14:59.993000+00:00,2025-02-02 17:00:00+00:00,continuous,98222.3,98588.8,98070.2,98173.9,298994374.82599854
2025-02-02 17:29:59.855000+00:00,2025-02-02 17:15:00+00:00,continuous,98173.8,98343.1,97600.0,97808.4,730514761.8470031
2025-02-02 17:44:59.916000+00:00,2025-02-02 17:30:00+00:00,continuous,97802.7,98084.7,97501.1,97694.7,468563069.484001
2025-02-02 17:59:59.940000+00:00,2025-02-02 17:45:00+00:00,continuous,97694.6,97758.4,96927.9,97203.3,772255232.5748062
2025-02-02 18:14:59.991000+00:00,2025-02-02 18:00:00+00:00,continuous,97204.0,97495.0,96970.0,97429.9,385367525.66739285
2025-02-02 18:29:59.959000+00:00,2025-02-02 18:15:00+00:00,continuous,97430.0,97893.4,97120.8,97798.0,387640728.22579724
2025-02-02 18:44:59.996000+00:00,2025-02-02 18:30:00+00:00,continuous,97798.1,97833.9,96750.1,96977.5,392479214.27959937
2025-02-02 18:59:59.918000+00:00,2025-02-02 18:45:00+00:00,continuous,96982.9,97420.1,96760.0,97050.5,492582319.54759437
2025-02-02 19:14:59.973000+00:00,2025-02-02 19:00:00+00:00,continuous,97050.5,97562.1,96759.1,97281.2,368947997.48079515
2025-02-02 19:29:59.923000+00:00,2025-02-02 19:15:00+00:00,continuous,97281.3,97550.0,96985.1,97480.7,250101007.75579518
2025-02-02 19:44:59.979000+00:00,2025-02-02 19:30:00+00:00,continuous,97480.0,98371.8,97469.9,98310.3,577921517.0476024
2025-02-02 19:59:59.744000+00:00,2025-02-02 19:45:00+00:00,continuous,98310.4,98667.2,97982.8,98232.0,463687139.13350016
2025-02-02 20:14:59.896000+00:00,2025-02-02 20:00:00+00:00,continuous,98232.0,98594.9,98161.2,98473.2,211848057.54940012
2025-02-02 20:29:59.853000+00:00,2025-02-02 20:15:00+00:00,continuous,98473.2,98523.7,98043.2,98136.8,131266410.96020009
2025-02-02 20:44:59.935000+00:00,2025-02-02 20:30:00+00:00,continuous,98136.9,98216.5,97780.9,97912.7,150039711.1794995
2025-02-02 20:59:59.202000+00:00,2025-02-02 20:45:00+00:00,continuous,97912.7,97912.7,97618.2,97759.1,124939341.76030026
2025-02-02 21:14:59.969000+00:00,2025-02-02 21:00:00+00:00,continuous,97759.0,97947.4,97481.4,97516.4,153688930.24919954
2025-02-02 21:29:59.928000+00:00,2025-02-02 21:15:00+00:00,continuous,97516.4,97582.8,96880.4,96913.4,416148099.710397
2025-02-02 21:44:59.903000+00:00,2025-02-02 21:30:00+00:00,continuous,96914.5,97294.2,96520.0,96738.0,343983368.4765995
2025-02-02 21:59:59.813000+00:00,2025-02-02 21:45:00+00:00,continuous,96738.1,97051.5,96576.3,96998.8,205674759.4065007
2025-02-02 22:14:59.920000+00:00,2025-02-02 22:00:00+00:00,continuous,96999.0,97683.0,96948.1,97472.6,256487075.4928003
2025-02-02 22:29:59.868000+00:00,2025-02-02 22:15:00+00:00,continuous,97472.5,97700.0,97131.8,97368.3,153492697.28750032
2025-02-02 22:44:59.951000+00:00,2025-02-02 22:30:00+00:00,continuous,97368.3,97368.3,96029.6,97140.0,718507986.8830011
2025-02-02 22:59:59.826000+00:00,2025-02-02 22:45:00+00:00,continuous,97139.9,97999.0,97023.7,97971.6,359593088.1012994
2025-02-02 23:14:59.835000+00:00,2025-02-02 23:00:00+00:00,continuous,97971.6,97985.8,97130.0,97684.9,495320499.8422067
2025-02-02 23:29:59.956000+00:00,2025-02-02 23:15:00+00:00,continuous,97684.9,97897.9,96500.0,96985.3,540591278.6406018
2025-02-02 23:44:59.674000+00:00,2025-02-02 23:30:00+00:00,continuous,96985.2,97608.8,96716.2,97298.6,384961257.441199
2025-02-02 23:59:59.782000+00:00,2025-02-02 23:45:00+00:00,continuous,97298.6,97755.5,97273.0,97664.5,196857570.5196972
2025-02-03 00:14:59.886000+00:00,2025-02-03 00:00:00+00:00,continuous,97664.5,97748.0,97226.8,97287.8,252597969.9417995
2025-02-03 00:29:59.981000+00:00,2025-02-03 00:15:00+00:00,continuous,97286.7,97570.0,96006.0,97041.2,983097668.4693006
2025-02-03 00:44:59.998000+00:00,2025-02-03 00:30:00+00:00,continuous,97040.5,97167.0,95325.6,95591.8,967625501.2359056
2025-02-03 00:59:59.886000+00:00,2025-02-03 00:45:00+00:00,continuous,95592.2,96869.7,95539.0,96464.6,1086163552.9146829
2025-02-03 01:14:59.928000+00:00,2025-02-03 01:00:00+00:00,continuous,96464.5,96875.7,95740.3,95750.2,544852551.5764008
2025-02-03 01:29:59.989000+00:00,2025-02-03 01:15:00+00:00,continuous,95750.1,95825.8,95006.0,95132.6,978256064.638608
2025-02-03 01:44:59.971000+00:00,2025-02-03 01:30:00+00:00,continuous,95132.7,95430.9,93750.0,94132.8,1269602902.0838826
2025-02-03 01:59:59.973000+00:00,2025-02-03 01:45:00+00:00,continuous,94132.7,94150.6,91800.1,93408.4,3285654013.677561
2025-02-03 02:14:59.984000+00:00,2025-02-03 02:00:00+00:00,continuous,93408.6,94282.2,91130.3,94009.0,2746321664.3288503
2025-02-03 02:29:59.884000+00:00,2025-02-03 02:15:00+00:00,continuous,94008.9,94983.2,93547.0,93876.7,1333854079.44898
2025-02-03 02:44:59.908000+00:00,2025-02-03 02:30:00+00:00,continuous,93876.7,94159.7,93170.9,93847.5,674202655.2228127
2025-02-03 02:59:59.782000+00:00,2025-02-03 02:45:00+00:00,continuous,93847.5,94052.2,93290.4,93539.1,327951730.7670992
2025-02-03 03:14:59.979000+00:00,2025-02-03 03:00:00+00:00,continuous,93539.2,94577.2,93400.0,94308.4,428894031.0826057
2025-02-03 03:29:59.837000+00:00,2025-02-03 03:15:00+00:00,continuous,94308.4,94645.4,94239.3,94403.8,367278942.202097
2025-02-03 03:44:59.944000+00:00,2025-02-03 03:30:00+00:00,continuous,94403.9,94473.2,93732.0,93820.9,378284825.23359853
2025-02-03 03:59:59.627000+00:00,2025-02-03 03:45:00+00:00,continuous,93820.8,94217.7,93748.6,94001.6,294701888.4361
2025-02-03 04:14:59.915000+00:00,2025-02-03 04:00:00+00:00,continuous,94001.6,94461.0,93725.6,93879.9,282677879.0885006
2025-02-03 04:29:59.976000+00:00,2025-02-03 04:15:00+00:00,continuous,93880.0,94102.9,93118.8,93317.1,248248840.25589937
2025-02-03 04:44:59.994000+00:00,2025-02-03 04:30:00+00:00,continuous,93317.0,93525.7,92777.9,92969.8,391392071.4140042
2025-02-03 04:59:59.985000+00:00,2025-02-03 04:45:00+00:00,continuous,92969.9,93480.0,92595.7,92765.2,332478692.8952988
2025-02-03 05:14:59.826000+00:00,2025-02-03 05:00:00+00:00,continuous,92765.1,93168.0,92739.1,92874.4,241152228.16049746
2025-02-03 05:29:59.923000+00:00,2025-02-03 05:15:00+00:00,continuous,92874.4,93650.0,92843.5,93562.1,215162234.03010097
2025-02-03 05:44:59.673000+00:00,2025-02-03 05:30:00+00:00,continuous,93562.1,93931.3,93430.5,93583.4,200658126.23430097
2025-02-03 05:59:59.982000+00:00,2025-02-03 05:45:00+00:00,continuous,93583.3,94249.5,93520.1,94171.9,180704641.18839905
2025-02-03 06:14:59.962000+00:00,2025-02-03 06:00:00+00:00,continuous,94172.0,94204.0,93700.9,93909.9,194725778.68550032
2025-02-03 06:29:59.859000+00:00,2025-02-03 06:15:00+00:00,continuous,93910.0,94421.0,93781.1,94387.6,213035446.64769885
2025-02-03 06:44:59.879000+00:00,2025-02-03 06:30:00+00:00,continuous,94387.7,94578.5,93924.6,93965.3,241297850.78780156
2025-02-03 06:59:59.604000+00:00,2025-02-03 06:45:00+00:00,continuous,93965.3,94237.2,93605.1,93872.7,183389526.61030057
2025-02-03 07:14:59.824000+00:00,2025-02-03 07:00:00+00:00,continuous,93872.7,94162.8,93805.7,93974.6,99247447.96600091
2025-02-03 07:29:59.875000+00:00,2025-02-03 07:15:00+00:00,continuous,93974.7,94303.4,93974.7,94162.3,121603437.82060012
2025-02-03 07:44:59.928000+00:00,2025-02-03 07:30:00+00:00,continuous,94162.4,94662.1,93964.4,94518.6,196042387.81219926
2025-02-03 07:59:59.877000+00:00,2025-02-03 07:45:00+00:00,continuous,94518.5,95373.1,94404.9,95271.1,456690855.7263995
2025-02-03 08:14:59.859000+00:00,2025-02-03 08:00:00+00:00,continuous,95271.1,95354.1,94852.4,95354.1,300278903.47669894
2025-02-03 08:29:59.859000+00:00,2025-02-03 08:15:00+00:00,continuous,95354.0,95525.7,95011.0,95340.9,258386382.8719997
2025-02-03 08:44:59.975000+00:00,2025-02-03 08:30:00+00:00,continuous,95340.9,95582.9,94793.8,94978.9,338530651.83009934
2025-02-03 08:59:59.920000+00:00,2025-02-03 08:45:00+00:00,continuous,94978.8,95380.6,94914.3,95281.5,161948521.28210008
2025-02-03 09:14:59.755000+00:00,2025-02-03 09:00:00+00:00,continuous,95281.6,95830.0,95211.9,95742.6,325918056.8175018
2025-02-03 09:29:59.851000+00:00,2025-02-03 09:15:00+00:00,continuous,95742.5,95891.9,95225.3,95829.2,321661018.9012007
2025-02-03 09:44:59.840000+00:00,2025-02-03 09:30:00+00:00,continuous,95829.2,95877.8,95476.5,95680.2,183688569.8028012
2025-02-03 09:59:59.958000+00:00,2025-02-03 09:45:00+00:00,continuous,95680.3,95713.6,95180.0,95227.2,226082656.79730123
2025-02-03 10:14:59.913000+00:00,2025-02-03 10:00:00+00:00,continuous,95227.2,95380.0,95081.1,95223.8,192900289.5344002
2025-02-03 10:29:59.600000+00:00,2025-02-03 10:15:00+00:00,continuous,95223.7,95264.5,94716.5,95019.5,338404971.9747003
2025-02-03 10:44:59.736000+00:00,2025-02-03 10:30:00+00:00,continuous,95019.5,95396.0,94905.6,95314.8,159169211.7674991
2025-02-03 10:59:59.925000+00:00,2025-02-03 10:45:00+00:00,continuous,95314.8,95693.0,95215.0,95669.0,133698281.76840009
2025-02-03 11:14:59.562000+00:00,2025-02-03 11:00:00+00:00,continuous,95668.9,95676.0,95422.0,95546.6,122436572.22110003
2025-02-03 11:29:59.819000+00:00,2025-02-03 11:15:00+00:00,continuous,95546.6,95556.2,95250.0,95360.5,94603261.78040025
2025-02-03 11:44:59.844000+00:00,2025-02-03 11:30:00+00:00,continuous,95360.5,95360.6,94967.9,95083.6,166845026.61289972
2025-02-03 11:59:59.516000+00:00,2025-02-03 11:45:00+00:00,continuous,95083.6,95178.2,94905.3,95070.8,115377676.66190052
2025-02-03 12:14:59.970000+00:00,2025-02-03 12:00:00+00:00,continuous,95070.9,95303.1,94892.7,95270.1,233956532.7706998
2025-02-03 12:29:59.995000+00:00,2025-02-03 12:15:00+00:00,continuous,95270.0,95585.0,95196.5,95317.6,153646695.61989978
2025-02-03 12:44:59.241000+00:00,2025-02-03 12:30:00+00:00,continuous,95317.5,95379.7,95031.0,95183.1,122768825.34099916
2025-02-03 12:59:59.612000+00:00,2025-02-03 12:45:00+00:00,continuous,95183.1,95200.0,94731.0,94731.0,209675444.07429928
2025-02-03 13:14:59.991000+00:00,2025-02-03 13:00:00+00:00,continuous,94731.0,95081.0,94520.7,94671.8,362593991.28499794
2025-02-03 13:29:59.908000+00:00,2025-02-03 13:15:00+00:00,continuous,94671.9,94957.3,94336.2,94341.5,215839576.19379914
2025-02-03 13:44:59.911000+00:00,2025-02-03 13:30:00+00:00,continuous,94341.5,95360.6,94341.5,95307.9,255845664.07470107
2025-02-03 13:59:59.989000+00:00,2025-02-03 13:45:00+00:00,continuous,95308.0,95360.0,94607.3,94615.5,184025340.24550074
2025-02-03 14:14:59.935000+00:00,2025-02-03 14:00:00+00:00,continuous,94615.5,94716.1,94111.0,94462.4,386992376.61150193
2025-02-03 14:29:59.739000+00:00,2025-02-03 14:15:00+00:00,continuous,94462.3,94831.9,94190.1,94725.6,266153059.91539964
2025-02-03 14:44:59.967000+00:00,2025-02-03 14:30:00+00:00,continuous,94725.6,96436.0,94319.5,96096.7,1476966546.06501
2025-02-03 14:59:59.991000+00:00,2025-02-03 14:45:00+00:00,continuous,96096.8,96680.0,95550.0,96540.3,755939397.781985
2025-02-03 15:14:59.985000+00:00,2025-02-03 15:00:00+00:00,continuous,96540.0,96906.0,96133.0,96665.6,593895908.1046999
2025-02-03 15:29:59.990000+00:00,2025-02-03 15:15:00+00:00,continuous,96665.7,98522.0,96511.0,98290.0,1449512196.3405025
2025-02-03 15:44:59.997000+00:00,2025-02-03 15:30:00+00:00,continuous,98290.1,98982.9,97754.5,98586.8,1164221651.5720959
2025-02-03 15:59:59.796000+00:00,2025-02-03 15:45:00+00:00,continuous,98586.7,99501.4,98516.7,98802.7,1040314655.9370039
2025-02-03 16:14:59.927000+00:00,2025-02-03 16:00:00+00:00,continuous,98802.8,99007.0,98119.6,98440.0,883247661.206
2025-02-03 16:29:59.910000+00:00,2025-02-03 16:15:00+00:00,continuous,98440.1,98978.1,98157.1,98653.1,424438710.0877011
2025-02-03 16:44:59.986000+00:00,2025-02-03 16:30:00+00:00,continuous,98653.1,98949.1,98402.5,98737.7,232717062.51610076
2025-02-03 16:59:59.983000+00:00,2025-02-03 16:45:00+00:00,continuous,98737.7,98936.2,98463.6,98508.5,273902344.8727012
2025-02-03 17:14:59.998000+00:00,2025-02-03 17:00:00+00:00,continuous,98508.5,98543.5,97993.3,98462.8,387541189.51090276
2025-02-03 17:29:59.980000+00:00,2025-02-03 17:15:00+00:00,continuous,98462.5,98884.9,98310.0,98492.0,223697358.72510043
2025-02-03 17:44:59.971000+00:00,2025-02-03 17:30:00+00:00,continuous,98492.0,98492.1,98002.0,98161.6,282045141.4308005
2025-02-03 17:59:59.999000+00:00,2025-02-03 17:45:00+00:00,continuous,98163.5,99278.1,98082.8,99150.1,673014741.4359015
2025-02-03 18:14:59.997000+00:00,2025-02-03 18:00:00+00:00,continuous,99150.0,99491.1,98877.7,99023.2,490048825.0774974
2025-02-03 18:29:59.950000+00:00,2025-02-03 18:15:00+00:00,continuous,99022.6,99605.0,98917.3,99428.3,390211779.9522018
2025-02-03 18:44:59.977000+00:00,2025-02-03 18:30:00+00:00,continuous,99428.4,99808.3,99191.5,99583.9,317874915.28570104
2025-02-03 18:59:59.809000+00:00,2025-02-03 18:45:00+00:00,continuous,99583.9,99900.2,99411.0,99773.0,400677126.62759936
2025-02-03 19:14:59.877000+00:00,2025-02-03 19:00:00+00:00,continuous,99772.9,100122.6,99521.4,99900.9,537467068.8596994
2025-02-03 19:29:59.739000+00:00,2025-02-03 19:15:00+00:00,continuous,99900.9,100866.6,99890.9,100433.9,533939065.8996991
2025-02-03 19:44:59.925000+00:00,2025-02-03 19:30:00+00:00,continuous,100433.9,101188.0,100411.1,101188.0,486248838.5354032
2025-02-03 19:59:59.987000+00:00,2025-02-03 19:45:00+00:00,continuous,101187.9,101832.0,101162.0,101831.9,812591779.9326017
2025-02-03 20:14:59.875000+00:00,2025-02-03 20:00:00+00:00,continuous,101831.6,101851.9,100946.7,101303.0,687354246.570896
2025-02-03 20:29:59.765000+00:00,2025-02-03 20:15:00+00:00,continuous,101302.9,101822.4,101209.2,101638.9,351218245.9956996
2025-02-03 20:44:59.977000+00:00,2025-02-03 20:30:00+00:00,continuous,101639.0,101900.0,101317.9,101349.0,353888086.8952028
2025-02-03 20:59:59.979000+00:00,2025-02-03 20:45:00+00:00,continuous,101349.1,101640.0,101006.2,101034.5,390694140.36669874
2025-02-03 21:14:59.974000+00:00,2025-02-03 21:00:00+00:00,continuous,101034.6,101333.0,100861.0,100991.4,259409738.7035013
2025-02-03 21:29:59.957000+00:00,2025-02-03 21:15:00+00:00,continuous,100991.4,101278.7,100900.0,101154.6,187640160.45169973
2025-02-03 21:44:59.637000+00:00,2025-02-03 21:30:00+00:00,continuous,101154.7,101849.0,101071.8,101510.7,303859868.54230046
2025-02-03 21:59:59.916000+00:00,2025-02-03 21:45:00+00:00,continuous,101510.8,101923.0,101501.2,101741.8,257852772.6357993
2025-02-03 22:14:59.986000+00:00,2025-02-03 22:00:00+00:00,continuous,101743.3,102456.0,101644.1,101734.3,532198809.3390949
2025-02-03 22:29:59.954000+00:00,2025-02-03 22:15:00+00:00,continuous,101734.2,102135.9,101562.0,101932.0,316842791.343
2025-02-03 22:44:59.447000+00:00,2025-02-03 22:30:00+00:00,continuous,101932.1,101970.0,101516.3,101583.3,195637252.1521996
2025-02-03 22:59:59.769000+00:00,2025-02-03 22:45:00+00:00,continuous,101583.3,101727.8,101435.5,101648.5,127561392.13550043
2025-02-03 23:14:59.614000+00:00,2025-02-03 23:00:00+00:00,continuous,101648.4,101785.3,101441.2,101522.1,172751256.54269937
2025-02-03 23:29:59.775000+00:00,2025-02-03 23:15:00+00:00,continuous,101522.0,101600.7,101372.7,101484.7,108720700.30809967
2025-02-03 23:44:59.768000+00:00,2025-02-03 23:30:00+00:00,continuous,101484.7,101594.7,101312.2,101466.4,119572164.96549955
2025-02-03 23:59:59.650000+00:00,2025-02-03 23:45:00+00:00,continuous,101466.4,101535.9,101210.5,101293.7,116713184.87880017
2025-02-04 00:14:59.823000+00:00,2025-02-04 00:00:00+00:00,continuous,101293.6,101618.8,101293.6,101571.9,167995405.0922993
2025-02-04 00:29:59.937000+00:00,2025-02-04 00:15:00+00:00,continuous,101571.8,101607.2,101240.8,101276.6,116311667.01169945
2025-02-04 00:44:59.945000+00:00,2025-02-04 00:30:00+00:00,continuous,101276.6,101528.3,101224.8,101430.0,76047362.84899983
2025-02-04 00:59:59.963000+00:00,2025-02-04 00:45:00+00:00,continuous,101430.1,101437.5,101001.0,101026.4,212174121.9014001
2025-02-04 01:14:59.963000+00:00,2025-02-04 01:00:00+00:00,continuous,101026.3,101129.5,100700.0,100723.6,208253361.55620104
2025-02-04 01:29:59.826000+00:00,2025-02-04 01:15:00+00:00,continuous,100723.7,101213.0,100723.6,101209.6,146887235.97610018
2025-02-04 01:44:59.898000+00:00,2025-02-04 01:30:00+00:00,continuous,101209.5,101566.5,101057.0,101491.1,238078341.4356992
2025-02-04 01:59:59.697000+00:00,2025-02-04 01:45:00+00:00,continuous,101491.1,101729.3,101252.8,101340.4,197725780.6794994
2025-02-04 02:14:59.953000+00:00,2025-02-04 02:00:00+00:00,continuous,101340.3,101392.7,101043.3,101089.9,86988751.53829959
2025-02-04 02:29:59.916000+00:00,2025-02-04 02:15:00+00:00,continuous,101089.9,101156.6,100953.3,101025.6,110192153.90599956
2025-02-04 02:44:59.902000+00:00,2025-02-04 02:30:00+00:00,continuous,101025.7,101247.7,100980.0,101108.8,81040805.3420999
2025-02-04 02:59:59.855000+00:00,2025-02-04 02:45:00+00:00,continuous,101108.8,101207.1,100760.2,100811.4,98804985.8552002
2025-02-04 03:14:59.429000+00:00,2025-02-04 03:00:00+00:00,continuous,100811.4,101000.0,100751.7,100885.9,137090847.83449993
2025-02-04 03:29:59.836000+00:00,2025-02-04 03:15:00+00:00,continuous,100885.8,100911.7,100600.0,100611.5,124488272.45589978
2025-02-04 03:44:59.790000+00:00,2025-02-04 03:30:00+00:00,continuous,100611.4,100712.4,100500.1,100690.4,123166442.75429937
2025-02-04 03:59:59.943000+00:00,2025-02-04 03:45:00+00:00,continuous,100690.5,100733.7,100537.2,100597.1,66182186.47830034
2025-02-04 04:14:59.972000+00:00,2025-02-04 04:00:00+00:00,continuous,100597.2,100736.3,100125.1,100240.8,332053223.7016984
2025-02-04 04:29:59.798000+00:00,2025-02-04 04:15:00+00:00,continuous,100240.8,100476.5,100131.0,100235.5,145383400.70530057
2025-02-04 04:44:59.645000+00:00,2025-02-04 04:30:00+00:00,continuous,100235.5,100295.8,100000.0,100130.1,199897091.44320008
2025-02-04 04:59:59.814000+00:00,2025-02-04 04:45:00+00:00,continuous,100130.1,100256.0,99951.7,100008.5,143033480.45980048
2025-02-04 05:14:59.940000+00:00,2025-02-04 05:00:00+00:00,continuous,100008.6,100055.1,99058.0,99085.9,614901970.9145976
2025-02-04 05:29:59.992000+00:00,2025-02-04 05:15:00+00:00,continuous,99086.0,99412.6,98357.0,98804.1,975550756.1014891
2025-02-04 05:44:59.951000+00:00,2025-02-04 05:30:00+00:00,continuous,98804.0,98905.3,98183.0,98715.1,622114439.0352064
2025-02-04 05:59:59.827000+00:00,2025-02-04 05:45:00+00:00,continuous,98715.5,99250.0,98657.0,98818.3,423820339.8392986
2025-02-04 06:14:59.884000+00:00,2025-02-04 06:00:00+00:00,continuous,98818.3,99397.4,98774.2,99216.0,293136233.70669925
2025-02-04 06:29:59.959000+00:00,2025-02-04 06:15:00+00:00,continuous,99215.9,99591.7,98833.3,98991.2,423839218.0783985
2025-02-04 06:44:59.980000+00:00,2025-02-04 06:30:00+00:00,continuous,98991.3,99435.7,98963.5,99395.3,150660464.60620064
2025-02-04 06:59:59.918000+00:00,2025-02-04 06:45:00+00:00,continuous,99395.2,99491.1,99250.0,99318.9,95952830.43480006
2025-02-04 07:14:59.945000+00:00,2025-02-04 07:00:00+00:00,continuous,99319.0,99360.0,99090.0,99222.5,102457998.8609997
2025-02-04 07:29:59.938000+00:00,2025-02-04 07:15:00+00:00,continuous,99222.6,99436.0,98946.3,98984.6,103604355.90650049
2025-02-04 07:44:59.913000+00:00,2025-02-04 07:30:00+00:00,continuous,98984.7,99074.6,98417.4,98571.5,248516752.44690138
2025-02-04 07:59:59.829000+00:00,2025-02-04 07:45:00+00:00,continuous,98571.6,98623.5,98274.2,98405.1,282296605.218299
2025-02-04 08:14:59.714000+00:00,2025-02-04 08:00:00+00:00,continuous,98405.1,98654.4,98062.7,98386.2,278594296.81710285
2025-02-04 08:29:59.874000+00:00,2025-02-04 08:15:00+00:00,continuous,98387.4,98686.9,98140.6,98591.7,213156862.96150076
2025-02-04 08:44:59.979000+00:00,2025-02-04 08:30:00+00:00,continuous,98591.8,98611.8,97792.8,97829.7,364175838.9281043
2025-02-04 08:59:59.934000+00:00,2025-02-04 08:45:00+00:00,continuous,97829.6,98327.3,97813.5,98245.0,212898142.5587018
2025-02-04 09:14:59.971000+00:00,2025-02-04 09:00:00+00:00,continuous,98244.9,98580.0,98209.0,98510.7,176249945.86230046
2025-02-04 09:29:59.960000+00:00,2025-02-04 09:15:00+00:00,continuous,98510.8,98734.8,98311.5,98586.5,135634702.568
2025-02-04 09:44:59.464000+00:00,2025-02-04 09:30:00+00:00,continuous,98586.5,98771.3,98420.0,98646.6,110378187.12969966
2025-02-04 09:59:59.915000+00:00,2025-02-04 09:45:00+00:00,continuous,98646.5,98703.1,98270.0,98307.7,100775404.74199979
2025-02-04 10:14:59.634000+00:00,2025-02-04 10:00:00+00:00,continuous,98307.6,98718.2,98301.5,98592.4,108646351.68330057
2025-02-04 10:29:59.567000+00:00,2025-02-04 10:15:00+00:00,continuous,98593.0,98806.0,98560.0,98719.9,128237142.17870001
2025-02-04 10:44:59.848000+00:00,2025-02-04 10:30:00+00:00,continuous,98719.9,98933.3,98476.4,98882.1,112916672.48259988
2025-02-04 10:59:59.851000+00:00,2025-02-04 10:45:00+00:00,continuous,98882.0,98882.0,98581.0,98742.0,117062434.98220015
2025-02-04 11:14:59.985000+00:00,2025-02-04 11:00:00+00:00,continuous,98742.0,99387.0,98702.3,99224.3,440291869.8277988
2025-02-04 11:29:59.639000+00:00,2025-02-04 11:15:00+00:00,continuous,99224.2,99317.0,99101.3,99285.2,162728639.31200173
2025-02-04 11:44:59.630000+00:00,2025-02-04 11:30:00+00:00,continuous,99285.1,99323.6,99109.9,99215.2,136168458.6370998
2025-02-04 11:59:59.919000+00:00,2025-02-04 11:45:00+00:00,continuous,99215.1,99226.6,98850.0,98924.0,133659223.7352997
2025-02-04 12:14:59.958000+00:00,2025-02-04 12:00:00+00:00,continuous,98924.1,99248.2,98924.1,99177.8,109813007.1939
2025-02-04 12:29:59.998000+00:00,2025-02-04 12:15:00+00:00,continuous,99177.8,99384.6,99161.1,99246.5,104756492.0275996
2025-02-04 12:44:59.958000+00:00,2025-02-04 12:30:00+00:00,continuous,99246.6,99767.0,99246.6,99325.8,339928040.2916008
2025-02-04 12:59:59.815000+00:00,2025-02-04 12:45:00+00:00,continuous,99325.8,99520.0,99116.9,99326.0,160661541.84129938
2025-02-04 13:14:59.953000+00:00,2025-02-04 13:00:00+00:00,continuous,99325.9,99490.9,99202.7,99435.7,128468200.80769965
2025-02-04 13:29:59.862000+00:00,2025-02-04 13:15:00+00:00,continuous,99435.7,99508.0,99260.0,99435.1,117815285.11219999
2025-02-04 13:44:58.943000+00:00,2025-02-04 13:30:00+00:00,continuous,99435.2,99463.0,99206.6,99360.0,109860726.08519927
2025-02-04 13:59:59.820000+00:00,2025-02-04 13:45:00+00:00,continuous,99359.9,99484.0,98911.7,98967.6,206548691.05810001
2025-02-04 14:14:59.449000+00:00,2025-02-04 14:00:00+00:00,continuous,98967.5,99206.6,98536.0,98657.9,357666851.89419794
2025-02-04 14:29:59.990000+00:00,2025-02-04 14:15:00+00:00,continuous,98658.0,99244.3,98658.0,99211.1,366886703.83280146
2025-02-04 14:44:59.973000+00:00,2025-02-04 14:30:00+00:00,continuous,99211.0,100371.0,99018.2,100089.9,1038765616.7336127
2025-02-04 14:59:59.946000+00:00,2025-02-04 14:45:00+00:00,continuous,100089.8,100223.6,99599.5,99942.9,389238179.3874975
2025-02-04 15:14:59.952000+00:00,2025-02-04 15:00:00+00:00,continuous,99941.4,100195.7,99068.0,99160.0,533270564.954103
2025-02-04 15:29:59.979000+00:00,2025-02-04 15:15:00+00:00,continuous,99159.6,99384.9,98215.7,98960.2,939450624.9412018
2025-02-04 15:44:59.980000+00:00,2025-02-04 15:30:00+00:00,continuous,98960.3,99407.9,98681.5,99006.0,353219542.3529026
2025-02-04 15:59:59.916000+00:00,2025-02-04 15:45:00+00:00,continuous,99005.9,99590.9,98995.4,99310.6,225689997.64220133
2025-02-04 16:14:59.933000+00:00,2025-02-04 16:00:00+00:00,continuous,99310.5,99915.2,99001.6,99824.0,326776350.1225978
2025-02-04 16:29:59.954000+00:00,2025-02-04 16:15:00+00:00,continuous,99824.0,99892.5,99491.1,99720.6,161774933.15699947
2025-02-04 16:44:59.045000+00:00,2025-02-04 16:30:00+00:00,continuous,99722.4,99772.2,99150.0,99259.2,149284351.86079982
2025-02-04 16:59:59.973000+00:00,2025-02-04 16:45:00+00:00,continuous,99259.2,99439.6,99000.0,99020.5,152480044.19560042
2025-02-04 17:14:59.943000+00:00,2025-02-04 17:00:00+00:00,continuous,99020.6,99490.9,98825.7,99443.3,211841555.83709913
2025-02-04 17:29:59.960000+00:00,2025-02-04 17:15:00+00:00,continuous,99443.3,99588.2,98800.0,98852.9,261613287.91069975
2025-02-04 17:44:59.927000+00:00,2025-02-04 17:30:00+00:00,continuous,98853.0,99278.0,98853.0,99228.5,132559967.05990003
2025-02-04 17:59:59.931000+00:00,2025-02-04 17:45:00+00:00,continuous,99228.6,99271.7,98936.0,99143.8,110561629.73279971
2025-02-04 18:14:59.976000+00:00,2025-02-04 18:00:00+00:00,continuous,99143.7,99172.1,98739.8,98986.8,116076506.43789957
2025-02-04 18:29:59.855000+00:00,2025-02-04 18:15:00+00:00,continuous,98986.9,99210.1,98966.0,99040.1,96006411.39940049
2025-02-04 18:44:59.852000+00:00,2025-02-04 18:30:00+00:00,continuous,99040.0,99555.0,98910.9,99312.6,164488641.75949976
2025-02-04 18:59:59.748000+00:00,2025-02-04 18:45:00+00:00,continuous,99312.5,99463.0,99222.2,99374.4,80994922.44080004
2025-02-04 19:14:59.984000+00:00,2025-02-04 19:00:00+00:00,continuous,99374.4,99939.1,99280.5,99933.1,159064307.18820015
2025-02-04 19:29:59.861000+00:00,2025-02-04 19:15:00+00:00,continuous,99933.0,100672.3,99785.4,100372.2,497219607.8486996
2025-02-04 19:44:59.985000+00:00,2025-02-04 19:30:00+00:00,continuous,100372.2,100743.6,99791.0,100365.8,384156771.36250114
2025-02-04 19:59:59.979000+00:00,2025-02-04 19:45:00+00:00,continuous,100365.8,100494.9,98724.1,98811.8,855412608.8652068
2025-02-04 20:14:59.982000+00:00,2025-02-04 20:00:00+00:00,continuous,98812.0,99400.0,98106.5,98529.3,1192768156.086083
2025-02-04 20:29:59.960000+00:00,2025-02-04 20:15:00+00:00,continuous,98526.4,98807.6,97907.1,98227.3,616809274.4116045
2025-02-04 20:44:59.743000+00:00,2025-02-04 20:30:00+00:00,continuous,98227.4,98946.0,98100.0,98742.4,299589664.1211
2025-02-04 20:59:59.733000+00:00,2025-02-04 20:45:00+00:00,continuous,98742.3,98993.6,98528.2,98596.6,205337284.44040012
2025-02-04 21:14:59.343000+00:00,2025-02-04 21:00:00+00:00,continuous,98597.1,98616.8,97500.0,98159.4,520304933.66009486
2025-02-04 21:29:59.953000+00:00,2025-02-04 21:15:00+00:00,continuous,98159.4,98162.5,97149.9,97202.9,529106364.9087943
2025-02-04 21:44:59.789000+00:00,2025-02-04 21:30:00+00:00,continuous,97202.8,97258.3,96565.5,96650.1,559399238.167712
2025-02-04 21:59:59.855000+00:00,2025-02-04 21:45:00+00:00,continuous,96650.0,97167.0,96351.0,96456.5,573313970.2357968
2025-02-04 22:14:59.990000+00:00,2025-02-04 22:00:00+00:00,continuous,96456.5,96539.9,96100.0,96504.0,388249568.5132976
2025-02-04 22:29:59.669000+00:00,2025-02-04 22:15:00+00:00,continuous,96506.9,97199.9,96426.0,96901.2,426097920.65050143
2025-02-04 22:44:59.700000+00:00,2025-02-04 22:30:00+00:00,continuous,96901.3,97255.0,96718.8,97178.3,127382106.62159994
2025-02-04 22:59:59.536000+00:00,2025-02-04 22:45:00+00:00,continuous,97178.3,97899.0,97000.0,97639.7,358839011.80000097
2025-02-04 23:14:59.743000+00:00,2025-02-04 23:00:00+00:00,continuous,97639.7,97934.9,97480.2,97840.8,175773275.51529992
2025-02-04 23:29:59.998000+00:00,2025-02-04 23:15:00+00:00,continuous,97840.8,97863.0,97434.8,97485.7,139226000.3511003
2025-02-04 23:44:59.729000+00:00,2025-02-04 23:30:00+00:00,continuous,97485.8,97779.1,97425.2,97670.4,89746954.93919966
2025-02-04 23:59:59.521000+00:00,2025-02-04 23:45:00+00:00,continuous,97670.3,98188.1,97651.3,97709.9,184820574.17719838
2025-02-05 00:14:59.962000+00:00,2025-02-05 00:00:00+00:00,continuous,97710.0,98100.0,97676.9,97870.0,121871495.70290032
2025-02-05 00:29:59.314000+00:00,2025-02-05 00:15:00+00:00,continuous,97868.3,98146.4,97656.1,98109.7,112410564.41030072
2025-02-05 00:44:59.965000+00:00,2025-02-05 00:30:00+00:00,continuous,98109.8,98150.0,97866.6,98097.0,67474290.35789995
2025-02-05 00:59:59.995000+00:00,2025-02-05 00:45:00+00:00,continuous,98097.1,98360.0,98062.4,98213.0,155249467.80759975
2025-02-05 01:14:59.950000+00:00,2025-02-05 01:00:00+00:00,continuous,98213.0,98914.4,98205.7,98427.5,343456775.7049009
2025-02-05 01:29:59.901000+00:00,2025-02-05 01:15:00+00:00,continuous,98427.5,98633.1,98166.6,98180.5,120124450.4939008
2025-02-05 01:44:59.977000+00:00,2025-02-05 01:30:00+00:00,continuous,98180.5,98329.8,97994.0,98055.2,114109035.97509985
2025-02-05 01:59:59.895000+00:00,2025-02-05 01:45:00+00:00,continuous,98055.3,98167.0,97632.9,97809.0,178319732.90969968
2025-02-05 02:14:59.853000+00:00,2025-02-05 02:00:00+00:00,continuous,97809.0,98000.0,97637.2,97639.4,167577064.45550072
2025-02-05 02:29:59.779000+00:00,2025-02-05 02:15:00+00:00,continuous,97639.4,97666.4,97069.0,97373.3,508026121.07820123
2025-02-05 02:44:59.856000+00:00,2025-02-05 02:30:00+00:00,continuous,97373.2,97832.8,97345.8,97832.8,201096620.60600007
2025-02-05 02:59:59.776000+00:00,2025-02-05 02:45:00+00:00,continuous,97832.8,98150.0,97692.1,97933.3,223259574.21810058
2025-02-05 03:14:59.540000+00:00,2025-02-05 03:00:00+00:00,continuous,97933.3,98076.7,97750.1,97807.9,73909272.1118998
2025-02-05 03:29:59.697000+00:00,2025-02-05 03:15:00+00:00,continuous,97808.0,98012.4,97727.1,97877.5,68259336.72210023
2025-02-05 03:44:59.913000+00:00,2025-02-05 03:30:00+00:00,continuous,97877.4,98278.1,97877.4,98159.9,105125939.58399954
2025-02-05 03:59:59.962000+00:00,2025-02-05 03:45:00+00:00,continuous,98160.0,98184.5,97902.2,97989.5,52815919.22500008
2025-02-05 04:14:59.917000+00:00,2025-02-05 04:00:00+00:00,continuous,97989.5,98153.8,97929.5,98048.1,35934608.53840002
2025-02-05 04:29:59.981000+00:00,2025-02-05 04:15:00+00:00,continuous,98048.1,98134.4,97857.5,97880.9,56714346.07410014
2025-02-05 04:44:59.971000+00:00,2025-02-05 04:30:00+00:00,continuous,97880.9,98217.0,97863.4,98216.9,58427239.30950016
2025-02-05 04:59:59.487000+00:00,2025-02-05 04:45:00+00:00,continuous,98217.0,98300.0,97946.2,98000.0,85274051.31389958
2025-02-05 05:14:59.053000+00:00,2025-02-05 05:00:00+00:00,continuous,97999.9,98152.1,97890.8,97985.8,89234588.2042002
2025-02-05 05:29:59.969000+00:00,2025-02-05 05:15:00+00:00,continuous,97985.9,98000.0,97812.5,97905.2,75404624.88989994
2025-02-05 05:44:59.669000+00:00,2025-02-05 05:30:00+00:00,continuous,97905.3,97974.0,97622.6,97757.2,118284498.38909945
2025-02-05 05:59:59.756000+00:00,2025-02-05 05:45:00+00:00,continuous,97757.3,98285.0,97728.1,98107.1,140063036.3091989
2025-02-05 06:14:58.597000+00:00,2025-02-05 06:00:00+00:00,continuous,98107.1,98190.0,97822.5,97988.8,97998143.48250052
2025-02-05 06:29:59.926000+00:00,2025-02-05 06:15:00+00:00,continuous,97988.8,98004.5,97742.3,97866.3,101372974.9794998
2025-02-05 06:44:59.947000+00:00,2025-02-05 06:30:00+00:00,continuous,97866.3,97882.0,97518.5,97803.5,151518898.93070003
2025-02-05 06:59:59.759000+00:00,2025-02-05 06:45:00+00:00,continuous,97803.5,97803.5,97526.8,97618.3,132994051.59289981
2025-02-05 07:14:59.163000+00:00,2025-02-05 07:00:00+00:00,continuous,97618.3,97618.3,97353.6,97496.7,219531997.2462998
2025-02-05 07:29:59.911000+00:00,2025-02-05 07:15:00+00:00,continuous,97496.7,97644.6,97320.0,97622.0,160258569.6434998
2025-02-05 07:44:59.735000+00:00,2025-02-05 07:30:00+00:00,continuous,97622.1,97747.6,97463.0,97735.3,113549326.01799989
2025-02-05 07:59:59.990000+00:00,2025-02-05 07:45:00+00:00,continuous,97735.3,97931.8,97698.0,97814.9,112224176.80039968
2025-02-05 08:14:59.460000+00:00,2025-02-05 08:00:00+00:00,continuous,97814.8,97994.0,97751.0,97853.0,116491719.39660014
2025-02-05 08:29:59.096000+00:00,2025-02-05 08:15:00+00:00,continuous,97853.0,97853.0,97666.6,97755.6,52162341.73680004
2025-02-05 08:44:59.698000+00:00,2025-02-05 08:30:00+00:00,continuous,97755.6,97792.6,97556.7,97587.6,64578421.22140007
2025-02-05 08:59:59.551000+00:00,2025-02-05 08:45:00+00:00,continuous,97587.7,97671.3,97521.4,97573.4,59185707.28089983
2025-02-05 09:14:59.857000+00:00,2025-02-05 09:00:00+00:00,continuous,97573.5,97838.9,97445.5,97823.9,98420281.59790002
2025-02-05 09:29:59.685000+00:00,2025-02-05 09:15:00+00:00,continuous,97823.9,97920.0,97709.3,97725.1,56880112.183899835
2025-02-05 09:44:59.593000+00:00,2025-02-05 09:30:00+00:00,continuous,97725.1,97725.2,97206.0,97319.5,155796857.13400012
2025-02-05 09:59:59.223000+00:00,2025-02-05 09:45:00+00:00,continuous,97319.5,97420.1,97210.5,97371.3,77848145.61939974
2025-02-05 10:14:59.938000+00:00,2025-02-05 10:00:00+00:00,continuous,97371.2,97624.0,97324.4,97475.4,68399126.57100031
2025-02-05 10:29:59.900000+00:00,2025-02-05 10:15:00+00:00,continuous,97475.4,97885.9,97433.6,97878.8,96788723.1512004
2025-02-05 10:44:59.716000+00:00,2025-02-05 10:30:00+00:00,continuous,97878.8,97992.1,97800.0,97926.2,81724635.94949985
2025-02-05 10:59:59.962000+00:00,2025-02-05 10:45:00+00:00,continuous,97926.1,97950.0,97677.6,97691.8,86940138.86469996
2025-02-05 11:14:59.963000+00:00,2025-02-05 11:00:00+00:00,continuous,97691.7,98080.8,97666.0,98066.9,128288450.49239996
2025-02-05 11:29:59.894000+00:00,2025-02-05 11:15:00+00:00,continuous,98066.9,98153.1,97828.3,97844.8,113497925.27139983
2025-02-05 11:44:59.675000+00:00,2025-02-05 11:30:00+00:00,continuous,97844.7,98106.5,97820.0,98094.0,81986135.91010022
2025-02-05 11:59:59.988000+00:00,2025-02-05 11:45:00+00:00,continuous,98093.9,98178.0,98013.7,98161.7,173317921.10250002
2025-02-05 12:14:59.605000+00:00,2025-02-05 12:00:00+00:00,continuous,98161.8,98447.3,98105.2,98312.5,278919332.3689985
2025-02-05 12:29:59.901000+00:00,2025-02-05 12:15:00+00:00,continuous,98312.5,98678.0,98305.5,98499.9,283855264.6674002
2025-02-05 12:44:59.871000+00:00,2025-02-05 12:30:00+00:00,continuous,98500.0,98597.6,98263.2,98350.3,106320322.37810053
2025-02-05 12:59:59.836000+00:00,2025-02-05 12:45:00+00:00,continuous,98350.4,98350.4,97950.0,98018.4,147295769.97340032
2025-02-05 13:14:59.842000+00:00,2025-02-05 13:00:00+00:00,continuous,98018.4,98264.3,97906.1,98206.4,164150732.6116002
2025-02-05 13:29:59.938000+00:00,2025-02-05 13:15:00+00:00,continuous,98206.3,98539.9,98054.8,98366.1,149941953.55000007
2025-02-05 13:44:59.792000+00:00,2025-02-05 13:30:00+00:00,continuous,98366.0,98591.0,98334.2,98538.4,139130847.61980018
2025-02-05 13:59:59.985000+00:00,2025-02-05 13:45:00+00:00,continuous,98538.5,98651.8,98452.0,98527.4,143592081.29880026
2025-02-05 14:14:59.938000+00:00,2025-02-05 14:00:00+00:00,continuous,98527.0,98600.0,98336.3,98410.3,94562155.31300044
2025-02-05 14:29:59.716000+00:00,2025-02-05 14:15:00+00:00,continuous,98410.3,98758.0,98400.2,98696.0,157542891.30289984
2025-02-05 14:44:59.997000+00:00,2025-02-05 14:30:00+00:00,continuous,98695.9,99124.2,98327.2,98733.4,441540922.6757959
2025-02-05 14:59:59.979000+00:00,2025-02-05 14:45:00+00:00,continuous,98733.5,98952.6,98073.3,98250.8,293316134.6603964
2025-02-05 15:14:59.949000+00:00,2025-02-05 15:00:00+00:00,continuous,98251.8,98500.0,97709.9,98238.7,450637005.3386977
2025-02-05 15:29:59.910000+00:00,2025-02-05 15:15:00+00:00,continuous,98238.8,98454.6,97914.1,98454.2,194069119.1754003
2025-02-05 15:44:59.992000+00:00,2025-02-05 15:30:00+00:00,continuous,98454.3,98529.7,97959.7,97959.8,144319039.5800998
2025-02-05 15:59:59.854000+00:00,2025-02-05 15:45:00+00:00,continuous,97959.7,98198.9,97849.1,98063.3,159637577.31760037
2025-02-05 16:14:59.913000+00:00,2025-02-05 16:00:00+00:00,continuous,98063.3,98110.1,97564.4,97657.2,265216803.87790233
2025-02-05 16:29:59.986000+00:00,2025-02-05 16:15:00+00:00,continuous,97657.2,97766.0,97269.1,97752.5,356406304.4633972
2025-02-05 16:44:59.784000+00:00,2025-02-05 16:30:00+00:00,continuous,97752.6,97856.9,97475.5,97615.8,140452680.68720058
2025-02-05 16:59:59.893000+00:00,2025-02-05 16:45:00+00:00,continuous,97615.8,98262.3,97547.4,97936.9,220705495.5596012
2025-02-05 17:14:59.923000+00:00,2025-02-05 17:00:00+00:00,continuous,97937.0,98220.0,97907.0,97989.8,98454064.21399999
2025-02-05 17:29:59.926000+00:00,2025-02-05 17:15:00+00:00,continuous,97989.9,97989.9,97345.4,97569.8,217525039.59440032
2025-02-05 17:44:59.880000+00:00,2025-02-05 17:30:00+00:00,continuous,97569.7,97715.8,97323.5,97350.6,181842730.0146009
2025-02-05 17:59:59.935000+00:00,2025-02-05 17:45:00+00:00,continuous,97350.5,97676.6,97293.1,97501.5,159671193.59270012
2025-02-05 18:14:59.914000+00:00,2025-02-05 18:00:00+00:00,continuous,97501.6,97654.7,96800.0,96832.3,309109145.20320207
2025-02-05 18:29:59.789000+00:00,2025-02-05 18:15:00+00:00,continuous,96832.2,97136.5,96760.4,97080.9,241018766.8266006
2025-02-05 18:44:59.937000+00:00,2025-02-05 18:30:00+00:00,continuous,97081.0,97297.8,96875.0,96961.2,155410850.48530027
2025-02-05 18:59:59.945000+00:00,2025-02-05 18:45:00+00:00,continuous,96961.9,96973.2,96458.0,96680.0,286146279.6475013
2025-02-05 19:14:59.984000+00:00,2025-02-05 19:00:00+00:00,continuous,96680.1,96925.1,96442.1,96771.8,191165251.0112001
2025-02-05 19:29:59.881000+00:00,2025-02-05 19:15:00+00:00,continuous,96771.8,97138.0,96741.6,97122.1,138322513.1214992
2025-02-05 19:44:59.955000+00:00,2025-02-05 19:30:00+00:00,continuous,97122.1,97420.0,96991.8,97174.4,161081679.3634011
2025-02-05 19:59:59.745000+00:00,2025-02-05 19:45:00+00:00,continuous,97174.5,97467.9,97086.5,97327.1,129834177.3050998
2025-02-05 20:14:59.735000+00:00,2025-02-05 20:00:00+00:00,continuous,97327.2,97638.0,97327.1,97527.2,123785964.04650019
2025-02-05 20:29:59.842000+00:00,2025-02-05 20:15:00+00:00,continuous,97527.2,97662.6,97518.0,97585.1,111167082.53090006
2025-02-05 20:44:59.983000+00:00,2025-02-05 20:30:00+00:00,continuous,97585.2,97649.9,96851.7,96858.2,200558978.3801996
2025-02-05 20:59:59.909000+00:00,2025-02-05 20:45:00+00:00,continuous,96858.1,97492.5,96824.8,97270.1,204891385.0093977
2025-02-05 21:14:59.948000+00:00,2025-02-05 21:00:00+00:00,continuous,97270.1,97495.6,97100.0,97103.3,106661935.79949957
2025-02-05 21:29:59.970000+00:00,2025-02-05 21:15:00+00:00,continuous,97103.3,97320.0,97054.2,97248.0,72006241.50700003
2025-02-05 21:44:59.799000+00:00,2025-02-05 21:30:00+00:00,continuous,97248.1,97473.2,97215.9,97308.7,82481114.96870016
2025-02-05 21:59:59.779000+00:00,2025-02-05 21:45:00+00:00,continuous,97308.7,97308.7,96713.3,96884.1,173471646.34310043
2025-02-05 22:14:59.732000+00:00,2025-02-05 22:00:00+00:00,continuous,96884.1,97013.0,96559.8,96985.4,168697961.53230017
2025-02-05 22:29:59.933000+00:00,2025-02-05 22:15:00+00:00,continuous,96985.4,97018.9,96404.4,96505.1,180032592.34520167
2025-02-05 22:44:59.998000+00:00,2025-02-05 22:30:00+00:00,continuous,96505.1,96824.4,96258.5,96273.3,221483328.52170098
2025-02-05 22:59:59.778000+00:00,2025-02-05 22:45:00+00:00,continuous,96273.4,96522.0,96220.1,96412.9,114400365.83709987
2025-02-05 23:14:59.807000+00:00,2025-02-05 23:00:00+00:00,continuous,96413.0,96783.6,96233.0,96670.1,173920048.57840067
2025-02-05 23:29:59.917000+00:00,2025-02-05 23:15:00+00:00,continuous,96670.0,96823.0,96250.0,96279.9,100763626.15880029
2025-02-05 23:44:59.590000+00:00,2025-02-05 23:30:00+00:00,continuous,96279.8,96596.4,96106.1,96529.9,197126460.89119896
2025-02-05 23:59:59.904000+00:00,2025-02-05 23:45:00+00:00,continuous,96529.8,96622.9,96383.8,96553.2,80779671.85650036
2025-02-06 00:14:59.757000+00:00,2025-02-06 00:00:00+00:00,continuous,96553.2,96769.1,96373.4,96681.8,230760745.57899722
2025-02-06 00:29:59.936000+00:00,2025-02-06 00:15:00+00:00,continuous,96681.8,96894.6,96556.2,96635.1,113633186.80170006
2025-02-06 00:44:59.902000+00:00,2025-02-06 00:30:00+00:00,continuous,96635.2,96954.5,96527.1,96865.2,148134222.3371995
2025-02-06 00:59:58.953000+00:00,2025-02-06 00:45:00+00:00,continuous,96865.3,96885.6,96619.1,96777.1,48217193.46000006
2025-02-06 01:14:59.935000+00:00,2025-02-06 01:00:00+00:00,continuous,96777.1,97178.0,96584.5,97168.1,155959139.2117993
2025-02-06 01:29:59.559000+00:00,2025-02-06 01:15:00+00:00,continuous,97168.1,97185.9,96974.4,96974.4,71932192.12760009
2025-02-06 01:44:59.890000+00:00,2025-02-06 01:30:00+00:00,continuous,96974.4,97132.0,96789.9,96972.0,99687090.95289983
2025-02-06 01:59:59.964000+00:00,2025-02-06 01:45:00+00:00,continuous,96972.1,97156.5,96891.5,97116.1,68543140.22860016
2025-02-06 02:14:59.936000+00:00,2025-02-06 02:00:00+00:00,continuous,97116.0,97380.0,97041.0,97351.8,107386411.62130044
2025-02-06 02:29:59.969000+00:00,2025-02-06 02:15:00+00:00,continuous,97351.8,97419.3,97081.7,97176.0,71014929.77219985
2025-02-06 02:44:59.812000+00:00,2025-02-06 02:30:00+00:00,continuous,97176.1,97304.4,97077.2,97282.7,45987745.112099946
2025-02-06 02:59:59.691000+00:00,2025-02-06 02:45:00+00:00,continuous,97282.7,97377.9,97207.2,97313.7,33032278.881399967
2025-02-06 03:14:59.673000+00:00,2025-02-06 03:00:00+00:00,continuous,97313.6,97367.6,97141.9,97152.3,61380289.73780018
2025-02-06 03:29:59.893000+00:00,2025-02-06 03:15:00+00:00,continuous,97152.4,97232.4,97024.9,97195.1,60916905.33110007
2025-02-06 03:44:59.533000+00:00,2025-02-06 03:30:00+00:00,continuous,97195.2,97460.0,97111.6,97429.5,74145316.1842999
2025-02-06 03:59:59.718000+00:00,2025-02-06 03:45:00+00:00,continuous,97429.6,97435.2,97267.0,97305.6,40258497.18470008
2025-02-06 04:14:59.686000+00:00,2025-02-06 04:00:00+00:00,continuous,97305.6,97457.3,97215.2,97338.0,67265571.75259978
2025-02-06 04:29:59.638000+00:00,2025-02-06 04:15:00+00:00,continuous,97338.1,97800.0,97331.2,97654.8,177516451.62179923
2025-02-06 04:44:59.172000+00:00,2025-02-06 04:30:00+00:00,continuous,97654.8,97654.9,97460.0,97554.6,57287013.41460015
2025-02-06 04:59:59.823000+00:00,2025-02-06 04:45:00+00:00,continuous,97554.7,97622.0,97470.7,97573.1,33046365.64530001
2025-02-06 05:14:59.937000+00:00,2025-02-06 05:00:00+00:00,continuous,97573.0,97737.4,97550.0,97644.5,47816842.48780004
2025-02-06 05:29:59.953000+00:00,2025-02-06 05:15:00+00:00,continuous,97644.6,97713.7,97541.6,97709.6,43452475.2825
2025-02-06 05:44:59.968000+00:00,2025-02-06 05:30:00+00:00,continuous,97709.5,97843.2,97642.8,97704.5,68684288.02520017
2025-02-06 05:59:59.477000+00:00,2025-02-06 05:45:00+00:00,continuous,97704.5,97818.0,97700.3,97775.2,46946887.23520009
2025-02-06 06:14:59.922000+00:00,2025-02-06 06:00:00+00:00,continuous,97775.2,97936.4,97640.7,97891.9,105689831.62900023
2025-02-06 06:29:59.808000+00:00,2025-02-06 06:15:00+00:00,continuous,97892.0,98234.0,97869.1,97999.4,201817015.90380055
2025-02-06 06:44:59.896000+00:00,2025-02-06 06:30:00+00:00,continuous,97999.5,98390.5,97989.1,98319.0,146228424.11609998
2025-02-06 06:59:59.686000+00:00,2025-02-06 06:45:00+00:00,continuous,98319.1,98377.7,98138.6,98333.0,96033324.86590038
2025-02-06 07:14:59.852000+00:00,2025-02-06 07:00:00+00:00,continuous,98333.0,98333.0,98015.0,98037.5,151389035.62820032
2025-02-06 07:29:59.275000+00:00,2025-02-06 07:15:00+00:00,continuous,98037.4,98196.0,98027.1,98142.9,76275144.83139987
2025-02-06 07:44:59.880000+00:00,2025-02-06 07:30:00+00:00,continuous,98142.9,98259.1,98062.9,98075.1,75820916.1591002
2025-02-06 07:59:59.984000+00:00,2025-02-06 07:45:00+00:00,continuous,98075.1,98189.6,97960.0,98164.9,124951532.64520013
2025-02-06 08:14:59.788000+00:00,2025-02-06 08:00:00+00:00,continuous,98164.9,98289.9,98053.3,98112.7,98858221.42739953
2025-02-06 08:29:59.580000+00:00,2025-02-06 08:15:00+00:00,continuous,98112.8,98170.5,98000.7,98014.7,54936992.12399981
2025-02-06 08:44:59.872000+00:00,2025-02-06 08:30:00+00:00,continuous,98014.7,98110.0,97880.0,98013.5,117601487.89779988
2025-02-06 08:59:59.741000+00:00,2025-02-06 08:45:00+00:00,continuous,98013.6,98169.9,97962.0,98089.9,57216069.786700144
2025-02-06 09:14:59.844000+00:00,2025-02-06 09:00:00+00:00,continuous,98090.0,98650.0,98060.1,98610.0,262597658.1550011
2025-02-06 09:29:59.351000+00:00,2025-02-06 09:15:00+00:00,continuous,98610.0,98674.6,98417.4,98428.4,179450253.945297
2025-02-06 09:44:59.702000+00:00,2025-02-06 09:30:00+00:00,continuous,98428.3,98694.5,98408.1,98435.1,115788374.97989948
2025-02-06 09:59:59.960000+00:00,2025-02-06 09:45:00+00:00,continuous,98435.1,98699.9,98435.1,98566.4,80896432.95849992
2025-02-06 10:14:59.759000+00:00,2025-02-06 10:00:00+00:00,continuous,98566.4,98836.0,98566.4,98799.4,138724241.02740014
2025-02-06 10:29:59.821000+00:00,2025-02-06 10:15:00+00:00,continuous,98800.0,98979.7,98660.6,98829.3,146238410.80309987
2025-02-06 10:44:59.914000+00:00,2025-02-06 10:30:00+00:00,continuous,98829.4,98900.0,98600.0,98763.1,130515232.09730127
2025-02-06 10:59:59.931000+00:00,2025-02-06 10:45:00+00:00,continuous,98763.1,99033.6,98744.5,98980.1,210893551.5059008
2025-02-06 11:14:59.898000+00:00,2025-02-06 11:00:00+00:00,continuous,98980.0,99016.4,98541.7,98708.8,179239010.82380036
2025-02-06 11:29:59.901000+00:00,2025-02-06 11:15:00+00:00,continuous,98708.7,98708.8,98426.0,98599.9,238106996.32890123
2025-02-06 11:44:59.935000+00:00,2025-02-06 11:30:00+00:00,continuous,98600.0,98935.1,98351.7,98929.9,231494876.78639957
2025-02-06 11:59:59.894000+00:00,2025-02-06 11:45:00+00:00,continuous,98930.0,99093.0,98774.7,98826.3,184140206.55970088
2025-02-06 12:14:59.333000+00:00,2025-02-06 12:00:00+00:00,continuous,98826.3,99019.9,98550.0,98554.6,188070730.4636005
2025-02-06 12:29:59.067000+00:00,2025-02-06 12:15:00+00:00,continuous,98554.6,98680.0,98465.0,98610.4,118159934.51530042
2025-02-06 12:44:59.709000+00:00,2025-02-06 12:30:00+00:00,continuous,98610.4,98618.7,98300.0,98507.9,204156212.6069989
2025-02-06 12:59:59.950000+00:00,2025-02-06 12:45:00+00:00,continuous,98508.0,98590.0,98252.3,98314.1,116265597.38380031
2025-02-06 13:14:59.831000+00:00,2025-02-06 13:00:00+00:00,continuous,98314.1,98443.9,98135.6,98245.0,218392940.21150112
2025-02-06 13:29:59.994000+00:00,2025-02-06 13:15:00+00:00,continuous,98245.0,98366.8,98122.0,98214.1,124498625.66900018
2025-02-06 13:44:59.978000+00:00,2025-02-06 13:30:00+00:00,continuous,98214.2,98745.5,98214.2,98485.8,280859743.55520207
2025-02-06 13:59:59.937000+00:00,2025-02-06 13:45:00+00:00,continuous,98486.1,98745.6,98350.0,98563.5,103531971.34510008
2025-02-06 14:14:59.951000+00:00,2025-02-06 14:00:00+00:00,continuous,98563.5,98711.4,98223.3,98419.9,125400227.60459955
2025-02-06 14:29:59.939000+00:00,2025-02-06 14:15:00+00:00,continuous,98419.9,98454.3,98067.6,98249.5,213555008.26719883
2025-02-06 14:44:59.892000+00:00,2025-02-06 14:30:00+00:00,continuous,98249.6,98922.1,97712.7,98074.7,665602201.8341031
2025-02-06 14:59:59.808000+00:00,2025-02-06 14:45:00+00:00,continuous,98074.7,98356.2,97743.3,97797.1,307779180.6517008
2025-02-06 15:14:59.919000+00:00,2025-02-06 15:00:00+00:00,continuous,97797.1,98025.4,97593.6,97925.6,326637961.34869814
2025-02-06 15:29:59.999000+00:00,2025-02-06 15:15:00+00:00,continuous,97925.6,97952.6,97468.1,97546.1,329204517.859299
2025-02-06 15:44:59.875000+00:00,2025-02-06 15:30:00+00:00,continuous,97544.2,97554.0,96963.3,97140.3,488474608.8493932
2025-02-06 15:59:59.904000+00:00,2025-02-06 15:45:00+00:00,continuous,97140.3,97285.7,96866.9,97285.6,347873904.8154993
2025-02-06 16:14:59.864000+00:00,2025-02-06 16:00:00+00:00,continuous,97285.7,97500.0,97147.7,97486.5,311239771.65359885
2025-02-06 16:29:59.951000+00:00,2025-02-06 16:15:00+00:00,continuous,97486.5,97500.0,96845.8,97009.3,293030073.5085996
2025-02-06 16:44:59.984000+00:00,2025-02-06 16:30:00+00:00,continuous,97008.9,97076.1,96536.0,96555.0,281008045.9468986
2025-02-06 16:59:59.892000+00:00,2025-02-06 16:45:00+00:00,continuous,96554.9,96754.1,96337.2,96542.5,328605063.6766993
2025-02-06 17:14:59.897000+00:00,2025-02-06 17:00:00+00:00,continuous,96542.5,96826.5,96330.0,96450.1,379835758.04530126
2025-02-06 17:29:59.978000+00:00,2025-02-06 17:15:00+00:00,continuous,96450.1,96795.0,96440.0,96772.8,157825871.73679996
2025-02-06 17:44:59.883000+00:00,2025-02-06 17:30:00+00:00,continuous,96772.8,97154.2,96592.4,96796.9,245560665.56709954
2025-02-06 17:59:59.824000+00:00,2025-02-06 17:45:00+00:00,continuous,96797.0,96936.7,96662.7,96662.7,108572035.6819004
2025-02-06 18:14:59.982000+00:00,2025-02-06 18:00:00+00:00,continuous,96662.7,96797.1,96220.0,96252.3,274007826.94970036
2025-02-06 18:29:59.949000+00:00,2025-02-06 18:15:00+00:00,continuous,96252.2,96415.7,96111.0,96131.1,260277062.40370265
2025-02-06 18:44:59.488000+00:00,2025-02-06 18:30:00+00:00,continuous,96131.1,96430.0,95811.1,96364.4,429849126.5870017
2025-02-06 18:59:59.960000+00:00,2025-02-06 18:45:00+00:00,continuous,96364.3,96539.7,96161.5,96274.1,145578573.16009927
2025-02-06 19:14:59.992000+00:00,2025-02-06 19:00:00+00:00,continuous,96274.1,96530.5,95880.1,96447.8,248410423.74920005
2025-02-06 19:29:59.979000+00:00,2025-02-06 19:15:00+00:00,continuous,96448.0,96883.1,96390.5,96408.3,209129285.47430056
2025-02-06 19:44:59.770000+00:00,2025-02-06 19:30:00+00:00,continuous,96409.9,96412.7,95860.0,95960.1,242623607.4534025
2025-02-06 19:59:59.765000+00:00,2025-02-06 19:45:00+00:00,continuous,95960.1,96161.9,95613.5,95946.1,256912480.84560215
2025-02-06 20:14:59.956000+00:00,2025-02-06 20:00:00+00:00,continuous,95946.0,96327.2,95736.0,96238.8,186802200.09900013
2025-02-06 20:29:59.905000+00:00,2025-02-06 20:15:00+00:00,continuous,96238.8,96408.3,96093.4,96359.0,122359095.74910076
2025-02-06 20:44:59.997000+00:00,2025-02-06 20:30:00+00:00,continuous,96358.5,96781.0,96337.3,96770.6,152298263.69349933
2025-02-06 20:59:59.968000+00:00,2025-02-06 20:45:00+00:00,continuous,96770.6,97041.4,96650.8,96884.2,229848590.56119928
2025-02-06 21:14:59.598000+00:00,2025-02-06 21:00:00+00:00,continuous,96884.1,96913.2,96609.1,96613.9,128696026.6381002
2025-02-06 21:29:59.974000+00:00,2025-02-06 21:15:00+00:00,continuous,96613.9,96696.8,96313.0,96489.1,145393712.97549966
2025-02-06 21:44:59.933000+00:00,2025-02-06 21:30:00+00:00,continuous,96489.0,96730.7,96050.4,96710.0,211755861.81590033
2025-02-06 21:59:59.930000+00:00,2025-02-06 21:45:00+00:00,continuous,96710.1,96827.7,96522.0,96780.0,94931083.33090024
2025-02-06 22:14:59.988000+00:00,2025-02-06 22:00:00+00:00,continuous,96779.9,96794.7,96036.0,96149.6,149601935.0426
2025-02-06 22:29:59.712000+00:00,2025-02-06 22:15:00+00:00,continuous,96149.9,96577.5,96130.0,96548.1,97785437.96709988
2025-02-06 22:44:59.972000+00:00,2025-02-06 22:30:00+00:00,continuous,96548.1,96560.0,96313.1,96560.0,54800550.55520013
2025-02-06 22:59:59.984000+00:00,2025-02-06 22:45:00+00:00,continuous,96560.0,96923.0,96410.4,96923.0,105179418.30730028
2025-02-06 23:14:59.911000+00:00,2025-02-06 23:00:00+00:00,continuous,96922.9,96923.0,96548.1,96567.2,150755370.47559974
2025-02-06 23:29:59.758000+00:00,2025-02-06 23:15:00+00:00,continuous,96567.1,96638.4,96439.6,96571.7,68138290.59029987
2025-02-06 23:44:59.694000+00:00,2025-02-06 23:30:00+00:00,continuous,96571.7,96634.5,96161.1,96341.5,77464821.68029961
2025-02-06 23:59:59.740000+00:00,2025-02-06 23:45:00+00:00,continuous,96341.5,96576.4,96311.8,96515.1,47682264.74649996
2025-02-07 00:14:59.631000+00:00,2025-02-07 00:00:00+00:00,continuous,96515.0,96896.7,96488.5,96720.2,156515031.991299
2025-02-07 00:29:59.384000+00:00,2025-02-07 00:15:00+00:00,continuous,96720.2,96896.5,96611.9,96746.1,73864368.87830031
2025-02-07 00:44:59.917000+00:00,2025-02-07 00:30:00+00:00,continuous,96746.1,96788.3,96446.1,96461.0,76340738.55939978
2025-02-07 00:59:59.824000+00:00,2025-02-07 00:45:00+00:00,continuous,96461.1,96563.4,96358.3,96460.9,79529881.3303999
2025-02-07 01:14:59.288000+00:00,2025-02-07 01:00:00+00:00,continuous,96460.9,96815.0,96456.2,96735.0,71445687.85980016
2025-02-07 01:29:59.934000+00:00,2025-02-07 01:15:00+00:00,continuous,96735.0,96822.3,96600.0,96679.9,37749444.9314999
2025-02-07 01:44:59.933000+00:00,2025-02-07 01:30:00+00:00,continuous,96679.9,96835.0,96508.0,96759.9,40438670.068900034
2025-02-07 01:59:59.967000+00:00,2025-02-07 01:45:00+00:00,continuous,96759.9,97805.8,96700.0,97350.9,379204419.3686005
2025-02-07 02:14:59.812000+00:00,2025-02-07 02:00:00+00:00,continuous,97350.8,97561.9,97150.0,97216.7,173979675.31349868
2025-02-07 02:29:59.519000+00:00,2025-02-07 02:15:00+00:00,continuous,97216.6,97473.4,97021.3,97346.3,131161740.7620995
2025-02-07 02:44:59.856000+00:00,2025-02-07 02:30:00+00:00,continuous,97346.4,97480.0,97290.0,97419.9,81780101.38949955
2025-02-07 02:59:59.992000+00:00,2025-02-07 02:45:00+00:00,continuous,97419.9,97586.0,97333.5,97534.2,76569658.88980013
2025-02-07 03:14:59.561000+00:00,2025-02-07 03:00:00+00:00,continuous,97534.2,97727.7,97411.4,97521.5,85896607.7202002
2025-02-07 03:29:58.810000+00:00,2025-02-07 03:15:00+00:00,continuous,97521.6,97639.8,97355.0,97384.1,53124330.18230022
2025-02-07 03:44:58.993000+00:00,2025-02-07 03:30:00+00:00,continuous,97384.0,97384.0,97200.0,97254.0,60262512.65869993
2025-02-07 03:59:59.324000+00:00,2025-02-07 03:45:00+00:00,continuous,97254.1,97421.4,97254.1,97410.2,35944669.03549998
2025-02-07 04:14:59.576000+00:00,2025-02-07 04:00:00+00:00,continuous,97410.2,97663.3,97340.0,97622.4,58801373.3828
2025-02-07 04:29:59.681000+00:00,2025-02-07 04:15:00+00:00,continuous,97622.4,97714.2,97521.8,97585.9,63777617.61130012
2025-02-07 04:44:59.694000+00:00,2025-02-07 04:30:00+00:00,continuous,97585.9,97835.0,97432.0,97506.9,182605418.10099906
2025-02-07 04:59:59.750000+00:00,2025-02-07 04:45:00+00:00,continuous,97506.9,97570.3,97383.0,97383.0,41748495.637600124
2025-02-07 05:14:59.893000+00:00,2025-02-07 05:00:00+00:00,continuous,97383.1,97500.0,97261.6,97281.7,62038106.972699985
2025-02-07 05:29:59.971000+00:00,2025-02-07 05:15:00+00:00,continuous,97281.8,97350.5,97155.0,97174.1,94090881.93210015
2025-02-07 05:44:59.782000+00:00,2025-02-07 05:30:00+00:00,continuous,97174.1,97365.4,97099.6,97327.8,79493698.5677997
2025-02-07 05:59:59.636000+00:00,2025-02-07 05:45:00+00:00,continuous,97327.8,97327.8,97191.4,97305.9,26822621.60139996
2025-02-07 06:14:59.755000+00:00,2025-02-07 06:00:00+00:00,continuous,97305.9,97327.6,97114.4,97243.9,47810342.62789993
2025-02-07 06:29:59.966000+00:00,2025-02-07 06:15:00+00:00,continuous,97244.0,97313.5,96655.5,96779.9,224075283.03210008
2025-02-07 06:44:59.938000+00:00,2025-02-07 06:30:00+00:00,continuous,96780.0,96948.9,96536.5,96720.6,218785890.47879946
2025-02-07 06:59:59.926000+00:00,2025-02-07 06:45:00+00:00,continuous,96720.7,96851.9,96558.1,96714.2,165690121.35939983
2025-02-07 07:14:59.768000+00:00,2025-02-07 07:00:00+00:00,continuous,96714.2,97035.3,96658.3,96874.1,108295917.2087998
2025-02-07 07:29:59.804000+00:00,2025-02-07 07:15:00+00:00,continuous,96874.1,97182.5,96874.0,96912.0,94495924.75290017
2025-02-07 07:44:59.831000+00:00,2025-02-07 07:30:00+00:00,continuous,96912.0,96986.5,96650.8,96774.0,158668243.1515
2025-02-07 07:59:59.587000+00:00,2025-02-07 07:45:00+00:00,continuous,96774.0,96836.9,96600.0,96705.1,95274708.00870004
2025-02-07 08:14:59.933000+00:00,2025-02-07 08:00:00+00:00,continuous,96705.0,96926.1,96566.3,96748.0,109142334.34249973
2025-02-07 08:29:59.890000+00:00,2025-02-07 08:15:00+00:00,continuous,96747.9,96897.6,96700.0,96822.6,49516910.381099984
2025-02-07 08:44:59.917000+00:00,2025-02-07 08:30:00+00:00,continuous,96822.6,97085.0,96805.0,97075.5,95751562.14429949
2025-02-07 08:59:59.992000+00:00,2025-02-07 08:45:00+00:00,continuous,97075.5,97233.0,96930.0,96980.0,143865645.57740033
2025-02-07 09:14:59.304000+00:00,2025-02-07 09:00:00+00:00,continuous,96979.9,97219.6,96979.9,97178.7,84010794.61140037
2025-02-07 09:29:59.903000+00:00,2025-02-07 09:15:00+00:00,continuous,97178.7,97349.9,97161.9,97233.4,86669861.41379948
2025-02-07 09:44:59.887000+00:00,2025-02-07 09:30:00+00:00,continuous,97233.5,97333.0,97114.9,97269.9,75813527.5117998
2025-02-07 09:59:59.088000+00:00,2025-02-07 09:45:00+00:00,continuous,97269.8,97347.0,97209.8,97239.8,62278070.63629989
2025-02-07 10:14:59.132000+00:00,2025-02-07 10:00:00+00:00,continuous,97239.8,97342.0,97200.0,97228.1,63942599.72050002
2025-02-07 10:29:59.923000+00:00,2025-02-07 10:15:00+00:00,continuous,97228.2,97450.0,97206.5,97382.8,56699150.389499955
2025-02-07 10:44:59.808000+00:00,2025-02-07 10:30:00+00:00,continuous,97382.7,97441.8,97287.5,97287.5,51074704.39159998
2025-02-07 10:59:59.946000+00:00,2025-02-07 10:45:00+00:00,continuous,97287.5,97320.5,97198.8,97220.0,85182768.68840064
2025-02-07 11:14:59.998000+00:00,2025-02-07 11:00:00+00:00,continuous,97219.9,97628.1,97219.9,97579.4,128849635.61949988
2025-02-07 11:29:59.778000+00:00,2025-02-07 11:15:00+00:00,continuous,97579.3,97669.4,97540.0,97590.0,111871878.55230036
2025-02-07 11:44:59.932000+00:00,2025-02-07 11:30:00+00:00,continuous,97590.1,97651.7,97512.4,97576.0,79636480.1111999
2025-02-07 11:59:59.987000+00:00,2025-02-07 11:45:00+00:00,continuous,97576.1,97722.3,97574.9,97703.8,142664255.74529952
2025-02-07 12:14:59.575000+00:00,2025-02-07 12:00:00+00:00,continuous,97703.8,97868.4,97562.1,97575.5,224058759.02879947
2025-02-07 12:29:59.909000+00:00,2025-02-07 12:15:00+00:00,continuous,97575.6,97681.7,97448.8,97649.0,121945852.81210017
2025-02-07 12:44:59.749000+00:00,2025-02-07 12:30:00+00:00,continuous,97649.0,97929.5,97640.0,97923.3,120153169.52440006
2025-02-07 12:59:59.935000+00:00,2025-02-07 12:45:00+00:00,continuous,97923.2,97984.0,97812.2,97917.3,114878769.63389918
2025-02-07 13:14:59.935000+00:00,2025-02-07 13:00:00+00:00,continuous,97918.6,97964.9,97588.0,97596.0,161774677.17140022
2025-02-07 13:29:59.954000+00:00,2025-02-07 13:15:00+00:00,continuous,97596.1,97711.4,97396.8,97653.2,180484883.47379947
2025-02-07 13:44:59.988000+00:00,2025-02-07 13:30:00+00:00,continuous,97653.2,98500.0,97150.0,98288.3,1254810012.8382833
2025-02-07 13:59:59.937000+00:00,2025-02-07 13:45:00+00:00,continuous,98288.3,98815.6,98126.2,98787.9,701336048.3377017
2025-02-07 14:14:59.997000+00:00,2025-02-07 14:00:00+00:00,continuous,98787.4,99584.7,98639.0,99537.2,817407993.5219996
2025-02-07 14:29:59.991000+00:00,2025-02-07 14:15:00+00:00,continuous,99537.1,99970.0,99514.7,99629.2,679004718.0464913
2025-02-07 14:44:59.999000+00:00,2025-02-07 14:30:00+00:00,continuous,99629.0,99899.0,99128.2,99886.5,702471621.4501991
2025-02-07 14:59:59.949000+00:00,2025-02-07 14:45:00+00:00,continuous,99885.0,100112.4,99541.5,99672.7,615726853.1839986
2025-02-07 15:14:59.914000+00:00,2025-02-07 15:00:00+00:00,continuous,99672.6,99673.3,98217.2,98380.0,1376597823.8231938
2025-02-07 15:29:59.920000+00:00,2025-02-07 15:15:00+00:00,continuous,98380.1,98555.0,97551.0,98451.1,1140287184.8025186
2025-02-07 15:44:59.881000+00:00,2025-02-07 15:30:00+00:00,continuous,98451.0,98800.0,98176.4,98603.0,547750394.7996008
2025-02-07 15:59:59.985000+00:00,2025-02-07 15:45:00+00:00,continuous,98603.1,99193.9,97956.4,98257.1,960093996.0039068
2025-02-07 16:14:59.918000+00:00,2025-02-07 16:00:00+00:00,continuous,98257.2,98295.2,97611.0,97846.4,586184604.0030987
2025-02-07 16:29:59.848000+00:00,2025-02-07 16:15:00+00:00,continuous,97846.0,98535.5,97831.1,98015.1,324958012.85240006
2025-02-07 16:44:59.978000+00:00,2025-02-07 16:30:00+00:00,continuous,98015.2,98297.7,97855.1,97927.0,319217802.5334006
2025-02-07 16:59:59.936000+00:00,2025-02-07 16:45:00+00:00,continuous,97926.9,98024.5,97620.4,97789.1,410888583.32750165
2025-02-07 17:14:59.844000+00:00,2025-02-07 17:00:00+00:00,continuous,97789.2,98130.8,97569.4,97955.9,259597998.6927025
2025-02-07 17:29:59.906000+00:00,2025-02-07 17:15:00+00:00,continuous,97955.9,97989.4,97100.0,97384.6,500707260.7662032
2025-02-07 17:44:59.937000+00:00,2025-02-07 17:30:00+00:00,continuous,97384.5,97627.2,97233.7,97527.1,207752025.70719975
2025-02-07 17:59:59.869000+00:00,2025-02-07 17:45:00+00:00,continuous,97527.1,97715.1,97350.0,97378.0,127833908.76059955
2025-02-07 18:14:59.778000+00:00,2025-02-07 18:00:00+00:00,continuous,97378.0,97843.2,97248.2,97843.2,194996923.9518993
2025-02-07 18:29:59.052000+00:00,2025-02-07 18:15:00+00:00,continuous,97843.2,97954.3,97695.5,97847.5,116607328.54429944
2025-02-07 18:44:59.675000+00:00,2025-02-07 18:30:00+00:00,continuous,97847.5,98328.3,97800.7,98030.8,169752533.06489936
2025-02-07 18:59:59.949000+00:00,2025-02-07 18:45:00+00:00,continuous,98030.7,98172.9,97601.1,97700.0,215636571.2560002
2025-02-07 19:14:59.681000+00:00,2025-02-07 19:00:00+00:00,continuous,97699.9,97788.1,97200.0,97359.2,365898972.29289806
2025-02-07 19:29:59.549000+00:00,2025-02-07 19:15:00+00:00,continuous,97359.2,97493.0,97169.9,97412.4,202462135.2533001
2025-02-07 19:44:59.757000+00:00,2025-02-07 19:30:00+00:00,continuous,97412.5,97480.8,96817.0,96971.9,272812560.91189945
2025-02-07 19:59:59.988000+00:00,2025-02-07 19:45:00+00:00,continuous,96971.8,97162.4,96832.0,96840.1,127415401.26129965
2025-02-07 20:14:59.988000+00:00,2025-02-07 20:00:00+00:00,continuous,96840.0,96885.6,96188.0,96285.3,471128724.59279966
2025-02-07 20:29:59.959000+00:00,2025-02-07 20:15:00+00:00,continuous,96285.4,96520.7,96111.7,96133.9,213759909.09469947
2025-02-07 20:44:59.869000+00:00,2025-02-07 20:30:00+00:00,continuous,96133.9,96203.5,95750.0,95960.4,447997786.6556039
2025-02-07 20:59:59.852000+00:00,2025-02-07 20:45:00+00:00,continuous,95960.4,96067.4,95555.0,95717.5,291167901.86290044
2025-02-07 21:14:59.963000+00:00,2025-02-07 21:00:00+00:00,continuous,95717.6,96006.1,95625.6,95958.8,216510200.1140997
2025-02-07 21:29:59.990000+00:00,2025-02-07 21:15:00+00:00,continuous,95958.8,96107.2,95716.6,95768.2,169904506.34699938
2025-02-07 21:44:59.931000+00:00,2025-02-07 21:30:00+00:00,continuous,95768.3,96019.3,95655.1,95815.1,136451813.1535999
2025-02-07 21:59:59.999000+00:00,2025-02-07 21:45:00+00:00,continuous,95815.1,95975.0,95640.2,95966.1,110437792.92959996
2025-02-07 22:14:59.520000+00:00,2025-02-07 22:00:00+00:00,continuous,95966.2,95966.2,95611.1,95733.4,149801762.89740047
2025-02-07 22:29:59.937000+00:00,2025-02-07 22:15:00+00:00,continuous,95733.3,95843.1,95642.0,95817.3,79222296.64149992
2025-02-07 22:44:59.719000+00:00,2025-02-07 22:30:00+00:00,continuous,95817.3,95853.6,95568.0,95800.0,101585453.55719978
2025-02-07 22:59:59.979000+00:00,2025-02-07 22:45:00+00:00,continuous,95800.1,96058.0,95740.7,96014.3,70730671.68820004
2025-02-07 23:14:59.840000+00:00,2025-02-07 23:00:00+00:00,continuous,96014.2,96148.8,95811.5,96127.7,127682331.06260015
2025-02-07 23:29:59.898000+00:00,2025-02-07 23:15:00+00:00,continuous,96127.7,96198.7,95988.0,96144.1,123487487.47759975
2025-02-07 23:44:59.987000+00:00,2025-02-07 23:30:00+00:00,continuous,96144.2,96400.0,96061.4,96380.9,155594197.40379995
2025-02-07 23:59:59.971000+00:00,2025-02-07 23:45:00+00:00,continuous,96381.0,96478.5,96269.1,96454.5,87255302.05739982
2025-02-08 00:14:59.640000+00:00,2025-02-08 00:00:00+00:00,continuous,96454.5,96483.9,96304.8,96389.0,95830618.61830017
2025-02-08 00:29:59.839000+00:00,2025-02-08 00:15:00+00:00,continuous,96389.1,96812.9,96288.0,96655.8,193527804.8781
2025-02-08 00:44:59.516000+00:00,2025-02-08 00:30:00+00:00,continuous,96655.8,96785.5,96534.3,96718.2,81404870.33809993
2025-02-08 00:59:59.724000+00:00,2025-02-08 00:45:00+00:00,continuous,96718.2,96735.6,96558.6,96613.1,60907785.09810013
2025-02-08 01:14:59.596000+00:00,2025-02-08 01:00:00+00:00,continuous,96613.1,96706.2,96492.5,96514.3,71254519.81809986
2025-02-08 01:29:59.645000+00:00,2025-02-08 01:15:00+00:00,continuous,96514.3,96684.0,96319.1,96603.8,95234163.89230044
2025-02-08 01:44:59.910000+00:00,2025-02-08 01:30:00+00:00,continuous,96603.8,96733.3,96590.9,96590.9,50826110.20940012
2025-02-08 01:59:59.718000+00:00,2025-02-08 01:45:00+00:00,continuous,96591.0,96680.0,96438.0,96479.2,43758055.32709989
2025-02-08 02:14:59.711000+00:00,2025-02-08 02:00:00+00:00,continuous,96479.2,96538.9,96360.0,96411.0,62578708.29379965
2025-02-08 02:29:59.183000+00:00,2025-02-08 02:15:00+00:00,continuous,96410.9,96707.9,96387.4,96676.6,63420437.12270003
2025-02-08 02:44:59.755000+00:00,2025-02-08 02:30:00+00:00,continuous,96676.6,96683.8,96471.4,96557.0,37688801.71670006
2025-02-08 02:59:59.607000+00:00,2025-02-08 02:45:00+00:00,continuous,96557.0,96785.7,96460.0,96715.4,66472273.20670003
2025-02-08 03:14:59.804000+00:00,2025-02-08 03:00:00+00:00,continuous,96715.4,96850.0,96703.1,96820.0,87176272.41019996
2025-02-08 03:29:59.633000+00:00,2025-02-08 03:15:00+00:00,continuous,96820.1,96825.2,96497.3,96544.5,132001779.46070027
2025-02-08 03:44:59.647000+00:00,2025-02-08 03:30:00+00:00,continuous,96544.5,96659.8,96504.1,96659.8,35942791.500199966
2025-02-08 03:59:59.996000+00:00,2025-02-08 03:45:00+00:00,continuous,96659.7,96687.6,96580.0,96660.0,22292680.324800108
2025-02-08 04:14:59.886000+00:00,2025-02-08 04:00:00+00:00,continuous,96660.0,96660.1,96502.6,96578.5,46977770.073199876
2025-02-08 04:29:59.899000+00:00,2025-02-08 04:15:00+00:00,continuous,96578.6,96578.6,96470.4,96470.4,36334074.29260009
2025-02-08 04:44:59.692000+00:00,2025-02-08 04:30:00+00:00,continuous,96470.4,96470.5,96168.8,96259.3,145543745.95330068
2025-02-08 04:59:59.991000+00:00,2025-02-08 04:45:00+00:00,continuous,96259.3,96374.1,96217.2,96266.8,54979704.80719999
2025-02-08 05:14:59.769000+00:00,2025-02-08 05:00:00+00:00,continuous,96266.7,96300.0,96061.2,96175.3,120323714.92710052
2025-02-08 05:29:59.611000+00:00,2025-02-08 05:15:00+00:00,continuous,96175.2,96275.6,96070.4,96149.3,73868498.81090027
2025-02-08 05:44:59.730000+00:00,2025-02-08 05:30:00+00:00,continuous,96149.3,96240.5,96008.7,96236.3,60048957.97939979
2025-02-08 05:59:59.910000+00:00,2025-02-08 05:45:00+00:00,continuous,96236.3,96323.0,96137.0,96165.0,49856199.57759994
2025-02-08 06:14:59.845000+00:00,2025-02-08 06:00:00+00:00,continuous,96164.9,96165.0,96050.0,96051.2,53280009.87170018
2025-02-08 06:29:59.726000+00:00,2025-02-08 06:15:00+00:00,continuous,96051.1,96183.8,96006.1,96092.6,67824179.19879992
2025-02-08 06:44:59.712000+00:00,2025-02-08 06:30:00+00:00,continuous,96092.5,96125.7,96032.1,96100.0,33009575.47229993
2025-02-08 06:59:59.971000+00:00,2025-02-08 06:45:00+00:00,continuous,96100.0,96120.5,95835.8,95951.4,117285909.93090028
2025-02-08 07:14:59.938000+00:00,2025-02-08 07:00:00+00:00,continuous,95951.3,96043.7,95847.9,95895.2,69184200.77849981
2025-02-08 07:29:59.839000+00:00,2025-02-08 07:15:00+00:00,continuous,95895.3,95987.5,95714.4,95945.3,144714102.74870032
2025-02-08 07:44:58.476000+00:00,2025-02-08 07:30:00+00:00,continuous,95945.4,96228.7,95945.3,96105.2,105919841.16790006
2025-02-08 07:59:59.440000+00:00,2025-02-08 07:45:00+00:00,continuous,96105.2,96249.9,96105.2,96153.4,85476330.59769975
2025-02-08 08:14:59.956000+00:00,2025-02-08 08:00:00+00:00,continuous,96153.4,96248.3,96076.9,96095.9,67171479.68740009
2025-02-08 08:29:59.878000+00:00,2025-02-08 08:15:00+00:00,continuous,96096.0,96150.0,96020.0,96148.1,45706605.640999906
2025-02-08 08:44:59.378000+00:00,2025-02-08 08:30:00+00:00,continuous,96148.1,96183.0,95899.9,95980.3,95700051.31939991
2025-02-08 08:59:59.387000+00:00,2025-02-08 08:45:00+00:00,continuous,95980.3,96018.4,95834.0,95844.1,81843774.4082001
2025-02-08 09:14:59.651000+00:00,2025-02-08 09:00:00+00:00,continuous,95844.1,96005.0,95844.1,95964.1,46456918.42910017
2025-02-08 09:29:59.933000+00:00,2025-02-08 09:15:00+00:00,continuous,95964.0,96157.4,95960.0,96157.3,67661305.66609994
2025-02-08 09:44:59.380000+00:00,2025-02-08 09:30:00+00:00,continuous,96157.4,96157.4,96028.5,96086.0,32503622.5104
2025-02-08 09:59:59.684000+00:00,2025-02-08 09:45:00+00:00,continuous,96086.0,96124.3,95982.7,96123.2,39456926.04680001
2025-02-08 10:14:59.925000+00:00,2025-02-08 10:00:00+00:00,continuous,96123.3,96191.0,96077.0,96159.7,44558141.66899996
2025-02-08 10:29:59.622000+00:00,2025-02-08 10:15:00+00:00,continuous,96159.7,96236.6,96123.1,96177.4,50437644.36790003
2025-02-08 10:44:58.252000+00:00,2025-02-08 10:30:00+00:00,continuous,96177.3,96245.3,96037.0,96127.5,66165767.68179985
2025-02-08 10:59:59.939000+00:00,2025-02-08 10:45:00+00:00,continuous,96127.6,96189.7,95956.4,96001.6,68626900.65210003
2025-02-08 11:14:59.811000+00:00,2025-02-08 11:00:00+00:00,continuous,96001.6,96085.7,95950.1,96004.0,40121442.69169987
2025-02-08 11:29:59.392000+00:00,2025-02-08 11:15:00+00:00,continuous,96004.0,96049.8,95832.6,95843.9,66676437.60289988
2025-02-08 11:44:59.850000+00:00,2025-02-08 11:30:00+00:00,continuous,95843.9,95978.1,95818.6,95876.4,54744705.27970005
2025-02-08 11:59:59.716000+00:00,2025-02-08 11:45:00+00:00,continuous,95876.4,96080.2,95805.0,96074.1,81601126.32679993
2025-02-08 12:14:59.948000+00:00,2025-02-08 12:00:00+00:00,continuous,96074.0,96218.1,95903.0,96029.6,149424326.71190035
2025-02-08 12:29:59.877000+00:00,2025-02-08 12:15:00+00:00,continuous,96029.6,96090.0,95910.5,95965.1,54732630.02910011
2025-02-08 12:44:59.912000+00:00,2025-02-08 12:30:00+00:00,continuous,95965.2,96017.5,95863.1,95884.6,40272676.80739987
2025-02-08 12:59:59.977000+00:00,2025-02-08 12:45:00+00:00,continuous,95884.5,96064.4,95875.4,96017.5,37842488.98859993
2025-02-08 13:14:59.705000+00:00,2025-02-08 13:00:00+00:00,continuous,96017.4,96166.3,95956.7,96141.9,80857842.15469974
2025-02-08 13:29:59.970000+00:00,2025-02-08 13:15:00+00:00,continuous,96141.9,96169.0,96055.8,96157.4,39836342.18150003
2025-02-08 13:44:59.939000+00:00,2025-02-08 13:30:00+00:00,continuous,96157.3,96466.0,96105.0,96363.1,156155172.57100064
2025-02-08 13:59:59.475000+00:00,2025-02-08 13:45:00+00:00,continuous,96363.0,96381.9,96127.6,96200.1,85062576.18509945
2025-02-08 14:14:59.805000+00:00,2025-02-08 14:00:00+00:00,continuous,96200.0,96336.7,96105.5,96206.8,64128277.10949994
2025-02-08 14:29:59.821000+00:00,2025-02-08 14:15:00+00:00,continuous,96206.8,96206.9,95892.8,95972.7,128399376.75339974
2025-02-08 14:44:59.086000+00:00,2025-02-08 14:30:00+00:00,continuous,95972.7,96049.0,95890.9,96000.0,70034047.81440005
2025-02-08 14:59:59.996000+00:00,2025-02-08 14:45:00+00:00,continuous,96000.1,96071.1,95925.8,96062.3,44714791.635399856
2025-02-08 15:14:59.394000+00:00,2025-02-08 15:00:00+00:00,continuous,96062.3,96169.2,95924.0,96085.1,50019319.26909997
2025-02-08 15:29:59.979000+00:00,2025-02-08 15:15:00+00:00,continuous,96085.0,96140.0,95874.0,95876.2,78184033.41459998
2025-02-08 15:44:59.915000+00:00,2025-02-08 15:30:00+00:00,continuous,95876.1,95876.2,95600.0,95706.0,282952178.8833996
2025-02-08 15:59:59.965000+00:00,2025-02-08 15:45:00+00:00,continuous,95706.1,95812.1,95660.3,95798.0,62261250.70150017
2025-02-08 16:14:59.962000+00:00,2025-02-08 16:00:00+00:00,continuous,95797.9,95971.8,95797.9,95880.8,113496264.11350013
2025-02-08 16:29:59.932000+00:00,2025-02-08 16:15:00+00:00,continuous,95880.9,95964.2,95685.6,95930.0,90565294.75669976
2025-02-08 16:44:59.971000+00:00,2025-02-08 16:30:00+00:00,continuous,95930.0,95996.9,95868.6,95903.5,73619211.1035005
2025-02-08 16:59:59.969000+00:00,2025-02-08 16:45:00+00:00,continuous,95903.4,96099.0,95880.0,96082.8,108759197.17039955
2025-02-08 17:14:59.982000+00:00,2025-02-08 17:00:00+00:00,continuous,96084.8,96329.1,96084.8,96215.0,144054024.44070026
2025-02-08 17:29:59.129000+00:00,2025-02-08 17:15:00+00:00,continuous,96215.0,96219.8,96095.7,96140.7,52579035.48279996
2025-02-08 17:44:59.277000+00:00,2025-02-08 17:30:00+00:00,continuous,96140.6,96300.0,96140.6,96218.2,52955191.31850007
2025-02-08 17:59:59.964000+00:00,2025-02-08 17:45:00+00:00,continuous,96218.1,96350.2,96190.6,96328.6,72243549.84059998
2025-02-08 18:14:59.651000+00:00,2025-02-08 18:00:00+00:00,continuous,96328.7,96418.3,96201.7,96232.1,79489233.56360002
2025-02-08 18:29:59.586000+00:00,2025-02-08 18:15:00+00:00,continuous,96232.1,96408.7,96177.5,96347.0,51549577.85570019
2025-02-08 18:44:59.530000+00:00,2025-02-08 18:30:00+00:00,continuous,96347.1,96483.9,96327.4,96427.5,64308047.03549992
2025-02-08 18:59:59.525000+00:00,2025-02-08 18:45:00+00:00,continuous,96427.4,96472.6,96345.5,96462.6,34418139.670100056
2025-02-08 19:14:59.563000+00:00,2025-02-08 19:00:00+00:00,continuous,96462.6,96490.2,96340.0,96458.0,43180871.074899875
2025-02-08 19:29:59.891000+00:00,2025-02-08 19:15:00+00:00,continuous,96458.0,96629.9,96424.7,96584.7,117428816.79300007
2025-02-08 19:44:59.724000+00:00,2025-02-08 19:30:00+00:00,continuous,96584.6,96725.2,96520.0,96520.0,110038548.2299004
2025-02-08 19:59:59.223000+00:00,2025-02-08 19:45:00+00:00,continuous,96520.0,96560.0,96456.8,96550.0,70456347.73500016
2025-02-08 20:14:59.660000+00:00,2025-02-08 20:00:00+00:00,continuous,96550.0,96600.0,96350.0,96389.4,72414631.40840004
2025-02-08 20:29:59.936000+00:00,2025-02-08 20:15:00+00:00,continuous,96389.3,96463.7,96326.1,96431.9,31481893.61030007
2025-02-08 20:44:58.432000+00:00,2025-02-08 20:30:00+00:00,continuous,96432.0,96437.1,96354.6,96379.1,22989870.55510001
2025-02-08 20:59:58.846000+00:00,2025-02-08 20:45:00+00:00,continuous,96379.0,96449.3,96313.1,96421.5,35052115.17220005
2025-02-08 21:14:59.148000+00:00,2025-02-08 21:00:00+00:00,continuous,96421.6,96541.8,96345.6,96368.1,40234741.45560028
2025-02-08 21:29:58.137000+00:00,2025-02-08 21:15:00+00:00,continuous,96368.0,96426.4,96311.6,96374.2,22960651.167300057
2025-02-08 21:44:59.873000+00:00,2025-02-08 21:30:00+00:00,continuous,96374.1,96505.7,96321.5,96477.8,26370931.035099924
2025-02-08 21:59:59.972000+00:00,2025-02-08 21:45:00+00:00,continuous,96477.2,96573.3,96419.7,96499.4,32620150.897600003
2025-02-08 22:14:59.983000+00:00,2025-02-08 22:00:00+00:00,continuous,96499.5,96673.5,96499.5,96579.1,44021450.04630009
2025-02-08 22:29:59.210000+00:00,2025-02-08 22:15:00+00:00,continuous,96579.2,96611.1,96433.3,96542.6,26718218.65659995
2025-02-08 22:44:59.980000+00:00,2025-02-08 22:30:00+00:00,continuous,96542.5,96542.6,96331.2,96340.2,31463065.544999976
2025-02-08 22:59:59.724000+00:00,2025-02-08 22:45:00+00:00,continuous,96340.2,96441.6,96340.2,96441.5,16633300.207400031
2025-02-08 23:14:59.146000+00:00,2025-02-08 23:00:00+00:00,continuous,96441.6,96504.6,96415.2,96498.0,20196225.41669986
2025-02-08 23:29:58.646000+00:00,2025-02-08 23:15:00+00:00,continuous,96498.0,96594.8,96497.7,96525.2,27918592.012900025
2025-02-08 23:44:59.640000+00:00,2025-02-08 23:30:00+00:00,continuous,96525.2,96647.5,96525.2,96625.8,31614609.52280001
2025-02-08 23:59:59.619000+00:00,2025-02-08 23:45:00+00:00,continuous,96625.8,96625.8,96390.5,96411.9,43028440.727200046
2025-02-09 00:14:59.686000+00:00,2025-02-09 00:00:00+00:00,continuous,96412.0,96474.6,96370.0,96426.1,35767969.2407
2025-02-09 00:29:58.797000+00:00,2025-02-09 00:15:00+00:00,continuous,96426.2,96486.1,96306.5,96352.8,38870906.66500005
2025-02-09 00:44:59.495000+00:00,2025-02-09 00:30:00+00:00,continuous,96352.9,96485.8,96316.3,96432.0,32454463.48269999
2025-02-09 00:59:59.519000+00:00,2025-02-09 00:45:00+00:00,continuous,96431.9,96550.9,96419.3,96520.1,28562857.559500013
2025-02-09 01:14:59.902000+00:00,2025-02-09 01:00:00+00:00,continuous,96520.0,96670.0,96439.3,96668.3,63070441.876499996
2025-02-09 01:29:59.980000+00:00,2025-02-09 01:15:00+00:00,continuous,96668.3,96842.7,96572.8,96816.2,104276890.33669983
2025-02-09 01:44:59.940000+00:00,2025-02-09 01:30:00+00:00,continuous,96816.1,96816.2,96652.5,96654.1,60566862.18779979
2025-02-09 01:59:59.984000+00:00,2025-02-09 01:45:00+00:00,continuous,96654.0,96946.4,96554.5,96934.6,173845296.76250052
2025-02-09 02:14:59.435000+00:00,2025-02-09 02:00:00+00:00,continuous,96934.7,97024.0,96758.4,96800.5,168998522.08410034
2025-02-09 02:29:58.687000+00:00,2025-02-09 02:15:00+00:00,continuous,96800.6,96900.0,96672.1,96672.1,47992427.85139977
2025-02-09 02:44:59.756000+00:00,2025-02-09 02:30:00+00:00,continuous,96672.2,96806.7,96670.8,96736.7,39918536.84820001
2025-02-09 02:59:58.563000+00:00,2025-02-09 02:45:00+00:00,continuous,96736.7,96797.7,96638.9,96688.8,32462490.85740002
2025-02-09 03:14:59.284000+00:00,2025-02-09 03:00:00+00:00,continuous,96688.9,96868.0,96651.3,96713.9,44020096.62710002
2025-02-09 03:29:59.841000+00:00,2025-02-09 03:15:00+00:00,continuous,96708.9,96900.1,96668.0,96870.9,50128811.435499914
2025-02-09 03:44:59.854000+00:00,2025-02-09 03:30:00+00:00,continuous,96870.9,97165.9,96833.6,97131.3,153207235.13209945
2025-02-09 03:59:59.969000+00:00,2025-02-09 03:45:00+00:00,continuous,97131.4,97284.1,97056.2,97278.4,147811617.58129933
2025-02-09 04:14:59.957000+00:00,2025-02-09 04:00:00+00:00,continuous,97278.3,97290.0,97035.5,97041.7,100774248.94839983
2025-02-09 04:29:59.821000+00:00,2025-02-09 04:15:00+00:00,continuous,97041.7,97071.0,96923.0,97019.1,61970848.65309993
2025-02-09 04:44:59.577000+00:00,2025-02-09 04:30:00+00:00,continuous,97019.1,97106.5,96950.0,97101.9,33333487.830800097
2025-02-09 04:59:58.864000+00:00,2025-02-09 04:45:00+00:00,continuous,97102.0,97301.7,97045.0,97187.0,84772600.17280005
2025-02-09 05:14:58.434000+00:00,2025-02-09 05:00:00+00:00,continuous,97187.1,97200.0,97065.5,97079.9,29361021.00519993
2025-02-09 05:29:59.940000+00:00,2025-02-09 05:15:00+00:00,continuous,97079.9,97157.6,96989.5,96989.8,33457718.148900066
2025-02-09 05:44:59.848000+00:00,2025-02-09 05:30:00+00:00,continuous,96989.7,97067.3,96966.2,97041.0,27593817.42900004
2025-02-09 05:59:59.960000+00:00,2025-02-09 05:45:00+00:00,continuous,97040.9,97064.8,96963.4,96990.5,20415317.89180007
2025-02-09 06:14:59.171000+00:00,2025-02-09 06:00:00+00:00,continuous,96990.5,97024.8,96800.0,96841.9,100085541.38129975
2025-02-09 06:29:59.936000+00:00,2025-02-09 06:15:00+00:00,continuous,96841.9,96928.4,96738.3,96864.5,56016434.45819986
2025-02-09 06:44:59.813000+00:00,2025-02-09 06:30:00+00:00,continuous,96864.5,96923.0,96765.5,96919.8,30401693.59930002
2025-02-09 06:59:59.995000+00:00,2025-02-09 06:45:00+00:00,continuous,96919.7,97035.5,96863.2,96963.7,50619964.053199925
2025-02-09 07:14:59.511000+00:00,2025-02-09 07:00:00+00:00,continuous,96963.7,97000.2,96888.1,96985.9,26300540.136600044
2025-02-09 07:29:59.936000+00:00,2025-02-09 07:15:00+00:00,continuous,96985.9,97010.4,96930.0,96999.9,27922263.41820008
2025-02-09 07:44:59.127000+00:00,2025-02-09 07:30:00+00:00,continuous,97000.0,97089.7,96964.1,97035.9,42374136.22729999
2025-02-09 07:59:59.393000+00:00,2025-02-09 07:45:00+00:00,continuous,97035.8,97084.4,96999.0,97020.0,40285269.17160013
2025-02-09 08:14:59.754000+00:00,2025-02-09 08:00:00+00:00,continuous,97020.0,97279.3,97019.9,97185.0,119814813.48550041
2025-02-09 08:29:59.836000+00:00,2025-02-09 08:15:00+00:00,continuous,97184.9,97216.2,97132.0,97180.1,39385730.502999954
2025-02-09 08:44:59.640000+00:00,2025-02-09 08:30:00+00:00,continuous,97180.0,97180.1,97031.4,97046.8,51422508.121000126
2025-02-09 08:59:59.006000+00:00,2025-02-09 08:45:00+00:00,continuous,97046.9,97162.0,97003.7,97032.2,31768211.44369988
2025-02-09 09:14:59.518000+00:00,2025-02-09 09:00:00+00:00,continuous,97032.2,97044.9,96837.9,96970.0,81485244.97649977
2025-02-09 09:29:58.619000+00:00,2025-02-09 09:15:00+00:00,continuous,96970.0,96982.9,96850.3,96961.0,32699143.060500067
2025-02-09 09:44:59.766000+00:00,2025-02-09 09:30:00+00:00,continuous,96961.1,96990.0,96859.3,96878.9,47331926.70189995
2025-02-09 09:59:59.255000+00:00,2025-02-09 09:45:00+00:00,continuous,96878.9,96983.2,96870.8,96882.7,28531764.69029996
2025-02-09 10:14:59.436000+00:00,2025-02-09 10:00:00+00:00,continuous,96882.7,96888.0,96603.5,96780.9,337045997.72079897
2025-02-09 10:29:59.688000+00:00,2025-02-09 10:15:00+00:00,continuous,96780.9,96800.0,96636.0,96761.4,42432852.30129994
2025-02-09 10:44:59.866000+00:00,2025-02-09 10:30:00+00:00,continuous,96761.4,96883.4,96737.3,96812.1,73110378.2258003
2025-02-09 10:59:59.743000+00:00,2025-02-09 10:45:00+00:00,continuous,96812.0,96858.8,96720.1,96731.0,34295936.28869986
2025-02-09 11:14:59.916000+00:00,2025-02-09 11:00:00+00:00,continuous,96731.1,96998.4,96731.1,96767.8,120388033.37609984
2025-02-09 11:29:59.955000+00:00,2025-02-09 11:15:00+00:00,continuous,96767.8,96825.3,96725.0,96747.6,22008811.486400038
2025-02-09 11:44:59.767000+00:00,2025-02-09 11:30:00+00:00,continuous,96747.6,96747.6,96538.0,96563.3,181207633.57770005
2025-02-09 11:59:59.981000+00:00,2025-02-09 11:45:00+00:00,continuous,96563.4,96625.9,96498.5,96511.2,86369855.12580033
2025-02-09 12:14:59.925000+00:00,2025-02-09 12:00:00+00:00,continuous,96511.2,96610.0,96309.6,96602.9,151974044.85799897
2025-02-09 12:29:59.713000+00:00,2025-02-09 12:15:00+00:00,continuous,96603.0,96663.6,96513.7,96566.4,52888917.15320005
2025-02-09 12:44:59.954000+00:00,2025-02-09 12:30:00+00:00,continuous,96566.4,96568.6,96357.2,96441.1,70860310.69439998
2025-02-09 12:59:58.938000+00:00,2025-02-09 12:45:00+00:00,continuous,96441.2,96500.0,96350.0,96493.2,52296851.61669982
2025-02-09 13:14:59.555000+00:00,2025-02-09 13:00:00+00:00,continuous,96493.2,96508.9,96340.1,96363.9,67835278.44089986
2025-02-09 13:29:59.850000+00:00,2025-02-09 13:15:00+00:00,continuous,96363.9,96369.0,96130.1,96154.3,171455669.63579825
2025-02-09 13:44:59.890000+00:00,2025-02-09 13:30:00+00:00,continuous,96154.4,96245.0,96028.4,96049.9,161918317.59359995
2025-02-09 13:59:59.877000+00:00,2025-02-09 13:45:00+00:00,continuous,96050.0,96089.9,95766.7,95835.5,286769529.7001968
2025-02-09 14:14:59.691000+00:00,2025-02-09 14:00:00+00:00,continuous,95835.5,96070.2,95633.6,96065.8,213473832.6067005
2025-02-09 14:29:59.756000+00:00,2025-02-09 14:15:00+00:00,continuous,96065.8,96293.6,95919.0,96021.9,227610682.46130076
2025-02-09 14:44:59.641000+00:00,2025-02-09 14:30:00+00:00,continuous,96021.8,96080.5,95945.0,95993.7,51471188.943999976
2025-02-09 14:59:59.969000+00:00,2025-02-09 14:45:00+00:00,continuous,95993.8,96113.6,95947.1,96080.1,63419259.24350014
2025-02-09 15:14:59.909000+00:00,2025-02-09 15:00:00+00:00,continuous,96080.1,96363.0,96070.0,96281.0,160560557.42649993
2025-02-09 15:29:59.509000+00:00,2025-02-09 15:15:00+00:00,continuous,96281.0,96551.9,96202.0,96333.5,138103528.3513004
2025-02-09 15:44:59.700000+00:00,2025-02-09 15:30:00+00:00,continuous,96333.6,96619.9,96273.4,96561.6,93067791.78710027
2025-02-09 15:59:59.246000+00:00,2025-02-09 15:45:00+00:00,continuous,96561.6,96561.7,96390.5,96438.0,98354185.9664006
2025-02-09 16:14:59.988000+00:00,2025-02-09 16:00:00+00:00,continuous,96438.0,96510.9,96312.5,96510.8,58138560.462899975
2025-02-09 16:29:59.055000+00:00,2025-02-09 16:15:00+00:00,continuous,96510.8,96510.8,96352.5,96402.7,71931438.66410021
2025-02-09 16:44:58.668000+00:00,2025-02-09 16:30:00+00:00,continuous,96402.7,96442.0,96277.8,96402.3,86969292.22420004
2025-02-09 16:59:59.489000+00:00,2025-02-09 16:45:00+00:00,continuous,96402.2,96490.7,96392.7,96406.2,26026975.401499968
2025-02-09 17:14:59.269000+00:00,2025-02-09 17:00:00+00:00,continuous,96406.3,96541.6,96363.3,96363.3,56467473.99920004
2025-02-09 17:29:59.426000+00:00,2025-02-09 17:15:00+00:00,continuous,96363.4,96363.4,96109.6,96178.3,93430069.46800047
2025-02-09 17:44:58.662000+00:00,2025-02-09 17:30:00+00:00,continuous,96178.3,96195.6,95900.0,95995.1,116284600.19259983
2025-02-09 17:59:59.749000+00:00,2025-02-09 17:45:00+00:00,continuous,95995.0,96214.5,95930.4,96130.1,67943371.56609991
2025-02-09 18:14:59.998000+00:00,2025-02-09 18:00:00+00:00,continuous,96130.0,96130.1,95970.4,95970.4,59400439.77989975
2025-02-09 18:29:58.700000+00:00,2025-02-09 18:15:00+00:00,continuous,95970.5,96105.4,95932.3,96020.0,36765139.237699896
2025-02-09 18:44:59.890000+00:00,2025-02-09 18:30:00+00:00,continuous,96020.1,96243.6,96007.8,96196.8,34468750.055600114
2025-02-09 18:59:59.322000+00:00,2025-02-09 18:45:00+00:00,continuous,96196.8,96205.1,96097.3,96166.4,22291088.767799973
2025-02-09 19:14:58.833000+00:00,2025-02-09 19:00:00+00:00,continuous,96166.5,96240.2,96081.6,96183.7,20550935.329699997
2025-02-09 19:29:58.984000+00:00,2025-02-09 19:15:00+00:00,continuous,96183.7,96183.8,95974.0,96005.3,51747636.895400144
2025-02-09 19:44:59.510000+00:00,2025-02-09 19:30:00+00:00,continuous,96005.3,96084.6,95828.0,95931.7,143012680.10730076
2025-02-09 19:59:59.689000+00:00,2025-02-09 19:45:00+00:00,continuous,95931.7,96016.3,95849.9,96011.4,42476662.657499865
2025-02-09 20:14:59.737000+00:00,2025-02-09 20:00:00+00:00,continuous,96011.4,96177.5,95991.0,96146.5,54165379.51650002
2025-02-09 20:29:59.784000+00:00,2025-02-09 20:15:00+00:00,continuous,96146.5,96640.7,96082.0,96460.2,163290991.253701
2025-02-09 20:44:59.923000+00:00,2025-02-09 20:30:00+00:00,continuous,96460.1,96750.0,96346.9,96405.2,210910512.2265997
2025-02-09 20:59:59.876000+00:00,2025-02-09 20:45:00+00:00,continuous,96405.0,96413.9,96182.6,96277.0,64374275.26439989
2025-02-09 21:14:59+00:00,2025-02-09 21:00:00+00:00,continuous,96277.0,96300.0,96145.0,96200.0,34281105.58399991
2025-02-09 21:29:59.863000+00:00,2025-02-09 21:15:00+00:00,continuous,96200.0,96225.5,95888.2,95909.6,101009956.42239994
2025-02-09 21:44:59.967000+00:00,2025-02-09 21:30:00+00:00,continuous,95909.6,95952.3,94848.0,94963.6,782623514.5863945
2025-02-09 21:59:59.868000+00:00,2025-02-09 21:45:00+00:00,continuous,94963.7,95237.6,94650.1,95120.9,492855553.3412979
2025-02-09 22:14:59.748000+00:00,2025-02-09 22:00:00+00:00,continuous,95121.0,95463.1,94718.4,95376.3,287971707.5421019
2025-02-09 22:29:59.980000+00:00,2025-02-09 22:15:00+00:00,continuous,95376.3,95679.0,95217.6,95678.9,171699917.26419932
2025-02-09 22:44:59.873000+00:00,2025-02-09 22:30:00+00:00,continuous,95679.0,96417.5,95420.0,96350.0,283731254.9639002
2025-02-09 22:59:59.749000+00:00,2025-02-09 22:45:00+00:00,continuous,96350.1,96366.4,95462.4,95779.9,280517156.73830086
2025-02-09 23:14:59.959000+00:00,2025-02-09 23:00:00+00:00,continuous,95779.8,96100.1,95674.7,96040.7,172670809.75109974
2025-02-09 23:29:59.767000+00:00,2025-02-09 23:15:00+00:00,continuous,96040.8,96120.0,95935.0,96009.7,67357715.20550041
2025-02-09 23:44:59.695000+00:00,2025-02-09 23:30:00+00:00,continuous,96009.7,96333.2,96008.2,96275.6,83363180.05480027
2025-02-09 23:59:59.975000+00:00,2025-02-09 23:45:00+00:00,continuous,96275.6,96547.0,96225.5,96423.6,118375450.79930049
2025-02-10 00:14:59.937000+00:00,2025-02-10 00:00:00+00:00,continuous,96423.6,97069.0,96414.0,96911.1,424453554.3986985
2025-02-10 00:29:59.920000+00:00,2025-02-10 00:15:00+00:00,continuous,96911.2,97091.8,96670.4,96674.3,172286617.8772003
2025-02-10 00:44:59.153000+00:00,2025-02-10 00:30:00+00:00,continuous,96673.7,96911.0,96567.2,96747.9,117471307.8124999
2025-02-10 00:59:59.650000+00:00,2025-02-10 00:45:00+00:00,continuous,96747.9,96875.7,96660.4,96677.7,54133997.426999845
2025-02-10 01:14:59.883000+00:00,2025-02-10 01:00:00+00:00,continuous,96677.7,96802.4,96400.0,96442.7,121843518.1862004
2025-02-10 01:29:59.870000+00:00,2025-02-10 01:15:00+00:00,continuous,96442.8,96470.9,96073.6,96145.7,143201616.50520018
2025-02-10 01:44:59.980000+00:00,2025-02-10 01:30:00+00:00,continuous,96145.7,96341.5,95400.0,95505.2,219450885.78600025
2025-02-10 01:59:59.844000+00:00,2025-02-10 01:45:00+00:00,continuous,95505.0,95856.1,95200.1,95544.0,352200198.2085025
2025-02-10 02:14:59.764000+00:00,2025-02-10 02:00:00+00:00,continuous,95544.0,95729.2,95359.5,95456.0,259661450.21979868
2025-02-10 02:29:59.753000+00:00,2025-02-10 02:15:00+00:00,continuous,95456.0,95720.6,95427.0,95547.0,86293577.4715003
2025-02-10 02:44:59.984000+00:00,2025-02-10 02:30:00+00:00,continuous,95546.9,95997.0,95475.8,95911.3,118159392.60590021
2025-02-10 02:59:58.897000+00:00,2025-02-10 02:45:00+00:00,continuous,95911.3,96030.6,95663.5,95764.4,96246267.17910011
2025-02-10 03:14:59.902000+00:00,2025-02-10 03:00:00+00:00,continuous,95764.4,96029.9,95730.0,95974.9,82522161.76620002
2025-02-10 03:29:59.780000+00:00,2025-02-10 03:15:00+00:00,continuous,95975.0,96400.0,95909.0,96335.3,131028804.58949971
2025-02-10 03:44:59.924000+00:00,2025-02-10 03:30:00+00:00,continuous,96335.3,97063.4,96335.3,96951.8,487626884.24619806
2025-02-10 03:59:59.890000+00:00,2025-02-10 03:45:00+00:00,continuous,96951.8,97036.0,96587.2,96770.0,248357160.91349846
2025-02-10 04:14:59.884000+00:00,2025-02-10 04:00:00+00:00,continuous,96770.0,96948.6,96591.8,96839.9,186792425.13480002
2025-02-10 04:29:59.994000+00:00,2025-02-10 04:15:00+00:00,continuous,96839.8,97033.5,96800.0,96999.9,112300561.95639965
2025-02-10 04:44:59.897000+00:00,2025-02-10 04:30:00+00:00,continuous,97000.0,97149.4,96760.0,96870.4,113364000.46810025
2025-02-10 04:59:59.851000+00:00,2025-02-10 04:45:00+00:00,continuous,96870.4,96942.9,96765.1,96905.2,80778205.82519938
2025-02-10 05:14:59.837000+00:00,2025-02-10 05:00:00+00:00,continuous,96905.2,97135.0,96739.5,97100.1,122860157.19009984
2025-02-10 05:29:59.969000+00:00,2025-02-10 05:15:00+00:00,continuous,97100.0,97193.1,96913.3,96980.0,92700432.00400029
2025-02-10 05:44:59.925000+00:00,2025-02-10 05:30:00+00:00,continuous,96980.0,97192.9,96911.2,97151.6,77542706.40120015
2025-02-10 05:59:59.965000+00:00,2025-02-10 05:45:00+00:00,continuous,97151.7,97634.0,96857.5,96979.6,647840947.1416018
2025-02-10 06:14:59.770000+00:00,2025-02-10 06:00:00+00:00,continuous,96979.5,97171.7,96739.1,96784.7,249126968.20729882
2025-02-10 06:29:59.932000+00:00,2025-02-10 06:15:00+00:00,continuous,96784.7,97088.0,96773.1,96962.8,142867983.741801
2025-02-10 06:44:59.945000+00:00,2025-02-10 06:30:00+00:00,continuous,96962.8,97150.0,96911.2,96985.0,76277921.72709966
2025-02-10 06:59:59.944000+00:00,2025-02-10 06:45:00+00:00,continuous,96985.0,97130.6,96985.0,97115.9,56048055.39800006
2025-02-10 07:14:59.939000+00:00,2025-02-10 07:00:00+00:00,continuous,97115.8,97325.0,97115.8,97198.7,101418379.15449987
2025-02-10 07:29:59.024000+00:00,2025-02-10 07:15:00+00:00,continuous,97198.7,97218.0,97047.5,97130.6,70509869.0508001
2025-02-10 07:44:59.937000+00:00,2025-02-10 07:30:00+00:00,continuous,97130.7,97314.3,97062.6,97232.1,69706907.99990013
2025-02-10 07:59:59.951000+00:00,2025-02-10 07:45:00+00:00,continuous,97232.0,97440.2,97183.9,97386.3,91514788.53360018
2025-02-10 08:14:59.861000+00:00,2025-02-10 08:00:00+00:00,continuous,97386.3,97850.0,97305.5,97729.5,344443364.25849855
2025-02-10 08:29:59.693000+00:00,2025-02-10 08:15:00+00:00,continuous,97729.5,97859.9,97521.9,97652.2,154841293.60019988
2025-02-10 08:44:59.921000+00:00,2025-02-10 08:30:00+00:00,continuous,97652.1,97847.4,97494.9,97793.7,143417669.17579988
2025-02-10 08:59:59.347000+00:00,2025-02-10 08:45:00+00:00,continuous,97793.7,97832.2,97600.0,97645.3,84905450.24449998
2025-02-10 09:14:59.877000+00:00,2025-02-10 09:00:00+00:00,continuous,97645.3,97808.0,97637.7,97683.5,98337508.6496001
2025-02-10 09:29:59.919000+00:00,2025-02-10 09:15:00+00:00,continuous,97683.6,97832.2,97582.7,97629.9,82733692.03770009
2025-02-10 09:44:59.692000+00:00,2025-02-10 09:30:00+00:00,continuous,97629.9,97662.5,97452.0,97522.8,142367223.17740062
2025-02-10 09:59:59.647000+00:00,2025-02-10 09:45:00+00:00,continuous,97522.9,97650.0,97431.9,97630.1,100523752.08449961
2025-02-10 10:14:59.975000+00:00,2025-02-10 10:00:00+00:00,continuous,97630.1,97834.2,97554.6,97750.1,114412772.52670012
2025-02-10 10:29:59.709000+00:00,2025-02-10 10:15:00+00:00,continuous,97750.0,97930.0,97672.1,97879.1,157855940.7607006
2025-02-10 10:44:59.960000+00:00,2025-02-10 10:30:00+00:00,continuous,97879.0,97900.0,97641.5,97748.5,101314617.41869998
2025-02-10 10:59:59.930000+00:00,2025-02-10 10:45:00+00:00,continuous,97748.5,97831.9,97666.6,97699.9,82754186.21300007
2025-02-10 11:14:59.738000+00:00,2025-02-10 11:00:00+00:00,continuous,97699.9,97828.8,97592.4,97628.0,73734564.51600018
2025-02-10 11:29:59.761000+00:00,2025-02-10 11:15:00+00:00,continuous,97628.0,97810.0,97575.1,97790.1,63931442.943400055
2025-02-10 11:44:59.047000+00:00,2025-02-10 11:30:00+00:00,continuous,97790.1,97858.8,97742.9,97767.1,41949141.16489985
2025-02-10 11:59:59.821000+00:00,2025-02-10 11:45:00+00:00,continuous,97767.1,97835.0,97605.0,97627.2,63505656.359599926
2025-02-10 12:14:59.687000+00:00,2025-02-10 12:00:00+00:00,continuous,97627.3,97761.3,97553.0,97559.1,69190570.81100018
2025-02-10 12:29:59.572000+00:00,2025-02-10 12:15:00+00:00,continuous,97559.1,97612.4,97444.5,97540.0,148053124.33950078
2025-02-10 12:44:59.969000+00:00,2025-02-10 12:30:00+00:00,continuous,97540.1,97544.5,97211.3,97305.2,242556059.5484995
2025-02-10 12:59:59.675000+00:00,2025-02-10 12:45:00+00:00,continuous,97305.2,97372.8,97113.4,97328.6,133326930.89919996
2025-02-10 13:14:59.926000+00:00,2025-02-10 13:00:00+00:00,continuous,97328.7,97580.1,97324.7,97545.3,119958673.88750038
2025-02-10 13:29:59.964000+00:00,2025-02-10 13:15:00+00:00,continuous,97545.4,97634.1,97394.8,97458.0,62732300.656899706
2025-02-10 13:44:59.985000+00:00,2025-02-10 13:30:00+00:00,continuous,97458.0,97798.4,97377.6,97710.2,157981249.45560056
2025-02-10 13:59:59.980000+00:00,2025-02-10 13:45:00+00:00,continuous,97710.1,98328.0,97701.5,98175.3,498046076.96510416
2025-02-10 14:14:59.819000+00:00,2025-02-10 14:00:00+00:00,continuous,98175.3,98275.0,97673.7,97679.0,293120412.5331002
2025-02-10 14:29:59.967000+00:00,2025-02-10 14:15:00+00:00,continuous,97678.9,97783.0,97493.7,97681.0,166129669.00830054
2025-02-10 14:44:59.868000+00:00,2025-02-10 14:30:00+00:00,continuous,97681.1,97968.1,97188.2,97462.9,409255967.651398
2025-02-10 14:59:59.744000+00:00,2025-02-10 14:45:00+00:00,continuous,97462.9,97600.0,97000.0,97233.8,339796068.44960165
2025-02-10 15:14:59.971000+00:00,2025-02-10 15:00:00+00:00,continuous,97233.8,97533.6,97200.1,97450.1,144606086.1271004
2025-02-10 15:29:59.757000+00:00,2025-02-10 15:15:00+00:00,continuous,97450.2,97495.4,96906.0,97030.7,257822598.8774992
2025-02-10 15:44:59.883000+00:00,2025-02-10 15:30:00+00:00,continuous,97030.8,97164.3,96806.6,97048.7,233765315.49629983
2025-02-10 15:59:59.942000+00:00,2025-02-10 15:45:00+00:00,continuous,97048.7,97247.0,96894.2,97187.7,145640368.77019978
2025-02-10 16:14:59.810000+00:00,2025-02-10 16:00:00+00:00,continuous,97187.7,97382.3,97088.4,97143.5,163865489.60330027
2025-02-10 16:29:59.853000+00:00,2025-02-10 16:15:00+00:00,continuous,97143.4,97153.7,96955.0,97007.6,102543154.02399972
2025-02-10 16:44:59.769000+00:00,2025-02-10 16:30:00+00:00,continuous,97007.5,97102.0,96828.4,97102.0,128287733.88020012
2025-02-10 16:59:59.980000+00:00,2025-02-10 16:45:00+00:00,continuous,97102.0,97343.0,97032.6,97266.6,107769819.95380005
2025-02-10 17:14:59.731000+00:00,2025-02-10 17:00:00+00:00,continuous,97266.6,97333.0,96840.0,96944.1,144248143.9081996
2025-02-10 17:29:59.973000+00:00,2025-02-10 17:15:00+00:00,continuous,96944.2,97269.2,96847.3,97259.8,129415124.35989994
2025-02-10 17:44:59.887000+00:00,2025-02-10 17:30:00+00:00,continuous,97259.8,97328.7,97137.5,97204.3,78912540.12650064
2025-02-10 17:59:59.931000+00:00,2025-02-10 17:45:00+00:00,continuous,97205.2,97491.7,97133.9,97455.1,114596618.91890034
2025-02-10 18:14:59.985000+00:00,2025-02-10 18:00:00+00:00,continuous,97455.0,97520.8,97250.0,97250.0,109465126.75650017
2025-02-10 18:29:59.991000+00:00,2025-02-10 18:15:00+00:00,continuous,97250.0,97440.8,97140.9,97440.8,62820333.79210027
2025-02-10 18:44:59.942000+00:00,2025-02-10 18:30:00+00:00,continuous,97440.7,97498.8,97213.0,97231.4,72568863.6126002
2025-02-10 18:59:59.811000+00:00,2025-02-10 18:45:00+00:00,continuous,97231.4,97520.0,97222.9,97519.9,52235940.59449995
2025-02-10 19:14:59.802000+00:00,2025-02-10 19:00:00+00:00,continuous,97520.0,97599.7,97418.5,97573.8,100334685.37420042
2025-02-10 19:29:59.647000+00:00,2025-02-10 19:15:00+00:00,continuous,97573.7,97587.1,97484.4,97540.8,37947774.104799904
2025-02-10 19:44:59.655000+00:00,2025-02-10 19:30:00+00:00,continuous,97540.8,97611.0,97343.4,97347.6,78492241.2614996
2025-02-10 19:59:59.489000+00:00,2025-02-10 19:45:00+00:00,continuous,97347.6,97392.4,97212.3,97343.6,75033337.32910027
2025-02-10 20:14:59.842000+00:00,2025-02-10 20:00:00+00:00,continuous,97343.6,97397.1,97238.4,97387.3,41875310.55770002
2025-02-10 20:29:59.535000+00:00,2025-02-10 20:15:00+00:00,continuous,97387.4,97419.8,97175.3,97238.6,56422677.80019989
2025-02-10 20:44:59.887000+00:00,2025-02-10 20:30:00+00:00,continuous,97238.6,97431.9,97216.8,97431.9,44192234.80960002
2025-02-10 20:59:59.751000+00:00,2025-02-10 20:45:00+00:00,continuous,97431.9,97451.9,97260.0,97297.6,65111318.21590014
2025-02-10 21:14:59.780000+00:00,2025-02-10 21:00:00+00:00,continuous,97297.6,97314.2,97208.3,97216.9,45962078.89409992
2025-02-10 21:29:59.248000+00:00,2025-02-10 21:15:00+00:00,continuous,97216.8,97272.0,97090.3,97262.2,56961550.24180022
2025-02-10 21:44:59.873000+00:00,2025-02-10 21:30:00+00:00,continuous,97262.3,97281.8,97173.7,97240.9,25824546.79510004
2025-02-10 21:59:59.516000+00:00,2025-02-10 21:45:00+00:00,continuous,97240.9,97347.3,97095.1,97340.2,52901369.29639995
2025-02-10 22:14:58.226000+00:00,2025-02-10 22:00:00+00:00,continuous,97340.2,97350.0,97235.9,97275.1,27860859.226499926
2025-02-10 22:29:59.809000+00:00,2025-02-10 22:15:00+00:00,continuous,97275.1,97455.5,97227.1,97441.8,35255346.49019996
2025-02-10 22:44:59.685000+00:00,2025-02-10 22:30:00+00:00,continuous,97441.8,97441.8,97263.7,97391.5,39803486.4034
2025-02-10 22:59:59.558000+00:00,2025-02-10 22:45:00+00:00,continuous,97391.5,97398.5,97230.4,97343.2,34697863.77579995
2025-02-10 23:14:59.986000+00:00,2025-02-10 23:00:00+00:00,continuous,97343.2,97355.8,97185.9,97258.6,59262603.99210012
2025-02-10 23:29:59.491000+00:00,2025-02-10 23:15:00+00:00,continuous,97259.9,97410.0,97201.4,97203.1,33637607.38170004
2025-02-10 23:44:58.267000+00:00,2025-02-10 23:30:00+00:00,continuous,97203.2,97297.2,97202.8,97271.2,24410927.584199987
2025-02-10 23:59:59.804000+00:00,2025-02-10 23:45:00+00:00,continuous,97271.2,97403.5,97255.6,97379.2,27672291.43050004
2025-02-11 00:14:59.993000+00:00,2025-02-11 00:00:00+00:00,continuous,97379.2,97776.0,97352.2,97682.5,181301694.3589995
2025-02-11 00:29:59.364000+00:00,2025-02-11 00:15:00+00:00,continuous,97682.6,97820.0,97581.3,97717.1,107603008.2493
2025-02-11 00:44:59.716000+00:00,2025-02-11 00:30:00+00:00,continuous,97717.0,98108.5,97671.7,97973.9,207429161.59669906
2025-02-11 00:59:59.765000+00:00,2025-02-11 00:45:00+00:00,continuous,97973.9,98019.1,97720.0,97733.6,94260472.43690002
2025-02-11 01:14:59.990000+00:00,2025-02-11 01:00:00+00:00,continuous,97733.6,97994.0,97725.4,97840.4,82375110.41579941
2025-02-11 01:29:59.653000+00:00,2025-02-11 01:15:00+00:00,continuous,97840.3,98054.5,97793.2,97914.8,86132897.48900008
2025-02-11 01:44:59.923000+00:00,2025-02-11 01:30:00+00:00,continuous,97914.8,98055.1,97850.0,97950.0,75930623.0799998
2025-02-11 01:59:59.916000+00:00,2025-02-11 01:45:00+00:00,continuous,97950.0,98040.9,97853.7,97946.0,56351148.48480022
2025-02-11 02:14:59.983000+00:00,2025-02-11 02:00:00+00:00,continuous,97946.1,98073.8,97806.0,97831.0,72239954.28940026
2025-02-11 02:29:59.983000+00:00,2025-02-11 02:15:00+00:00,continuous,97831.0,97872.0,97567.6,97591.2,121480229.1346999
2025-02-11 02:44:59.999000+00:00,2025-02-11 02:30:00+00:00,continuous,97589.5,97648.0,97420.4,97615.9,104833692.05739905
2025-02-11 02:59:59.669000+00:00,2025-02-11 02:45:00+00:00,continuous,97615.9,97834.2,97613.2,97719.9,68952264.70339993
2025-02-11 03:14:59.925000+00:00,2025-02-11 03:00:00+00:00,continuous,97719.9,97725.6,97460.6,97582.0,86980998.51159982
2025-02-11 03:29:59.778000+00:00,2025-02-11 03:15:00+00:00,continuous,97581.9,97668.3,97510.3,97533.6,36414408.1078001
2025-02-11 03:44:59.286000+00:00,2025-02-11 03:30:00+00:00,continuous,97533.7,97579.3,97435.9,97498.4,54693950.34630016
2025-02-11 03:59:59.824000+00:00,2025-02-11 03:45:00+00:00,continuous,97498.4,97601.4,97465.0,97565.5,38923980.384000145
2025-02-11 04:14:59.936000+00:00,2025-02-11 04:00:00+00:00,continuous,97565.4,97623.0,97514.6,97526.0,47419966.295400046
2025-02-11 04:29:59.933000+00:00,2025-02-11 04:15:00+00:00,continuous,97526.0,97600.0,97515.3,97588.6,55116521.384100184
2025-02-11 04:44:59.924000+00:00,2025-02-11 04:30:00+00:00,continuous,97588.5,97991.6,97583.0,97942.2,138021156.54609972
2025-02-11 04:59:59.500000+00:00,2025-02-11 04:45:00+00:00,continuous,97942.2,98200.0,97920.0,98019.0,244881278.1823995
2025-02-11 05:14:59.544000+00:00,2025-02-11 05:00:00+00:00,continuous,98019.1,98287.0,97962.8,98126.4,183932022.2306002
2025-02-11 05:29:59.103000+00:00,2025-02-11 05:15:00+00:00,continuous,98126.3,98239.6,98004.5,98191.9,99093445.61879979
2025-02-11 05:44:59.863000+00:00,2025-02-11 05:30:00+00:00,continuous,98191.8,98264.6,98071.8,98249.9,90910539.70649955
2025-02-11 05:59:59.934000+00:00,2025-02-11 05:45:00+00:00,continuous,98250.0,98482.2,98100.0,98378.8,143790160.73870024
2025-02-11 06:14:59.622000+00:00,2025-02-11 06:00:00+00:00,continuous,98378.9,98397.9,98121.1,98152.0,86071363.17489982
2025-02-11 06:29:59.964000+00:00,2025-02-11 06:15:00+00:00,continuous,98152.1,98289.3,98082.8,98250.3,70754268.1218005
2025-02-11 06:44:59.604000+00:00,2025-02-11 06:30:00+00:00,continuous,98250.3,98300.0,98188.6,98298.9,45759483.25519998
2025-02-11 06:59:59.923000+00:00,2025-02-11 06:45:00+00:00,continuous,98299.0,98450.1,98232.4,98379.0,130438803.37529962
2025-02-11 07:14:59.590000+00:00,2025-02-11 07:00:00+00:00,continuous,98379.1,98393.3,98280.6,98320.4,61014030.80539997
2025-02-11 07:29:59.877000+00:00,2025-02-11 07:15:00+00:00,continuous,98320.4,98383.8,98265.2,98373.8,50559129.92980004
2025-02-11 07:44:59.739000+00:00,2025-02-11 07:30:00+00:00,continuous,98373.9,98432.4,98288.7,98386.7,113690960.11149967
2025-02-11 07:59:59.970000+00:00,2025-02-11 07:45:00+00:00,continuous,98386.6,98393.2,98222.0,98231.1,63187364.66109992
2025-02-11 08:14:59.987000+00:00,2025-02-11 08:00:00+00:00,continuous,98231.2,98300.0,98100.1,98173.7,87478478.54940014
2025-02-11 08:29:59.936000+00:00,2025-02-11 08:15:00+00:00,continuous,98173.7,98226.8,98073.8,98078.0,77050632.65260017
2025-02-11 08:44:59.652000+00:00,2025-02-11 08:30:00+00:00,continuous,98078.1,98306.9,98078.0,98225.7,71654031.63040015
2025-02-11 08:59:58.712000+00:00,2025-02-11 08:45:00+00:00,continuous,98225.8,98225.8,98140.0,98199.9,39149385.493000045
2025-02-11 09:14:59.541000+00:00,2025-02-11 09:00:00+00:00,continuous,98199.8,98276.7,98190.2,98193.1,42924426.7767001
2025-02-11 09:29:59.724000+00:00,2025-02-11 09:15:00+00:00,continuous,98193.1,98232.6,98044.3,98155.1,61247644.79599984
2025-02-11 09:44:59.230000+00:00,2025-02-11 09:30:00+00:00,continuous,98155.1,98182.7,97851.1,97932.8,119216184.4097988
2025-02-11 09:59:59.678000+00:00,2025-02-11 09:45:00+00:00,continuous,97932.8,98070.0,97876.0,97960.4,74635267.47170042
2025-02-11 10:14:59.713000+00:00,2025-02-11 10:00:00+00:00,continuous,97960.3,98097.6,97920.0,98053.3,81305655.48039995
2025-02-11 10:29:59.907000+00:00,2025-02-11 10:15:00+00:00,continuous,98053.3,98100.0,97844.0,97868.4,63532651.86289991
2025-02-11 10:44:58.895000+00:00,2025-02-11 10:30:00+00:00,continuous,97868.3,97978.8,97868.3,97932.0,47591343.605999894
2025-02-11 10:59:59.794000+00:00,2025-02-11 10:45:00+00:00,continuous,97932.1,98000.0,97900.6,97915.0,39736735.43989998
2025-02-11 11:14:59.989000+00:00,2025-02-11 11:00:00+00:00,continuous,97915.0,97997.8,97834.3,97906.5,50722074.83779993
2025-02-11 11:29:59.964000+00:00,2025-02-11 11:15:00+00:00,continuous,97906.5,98058.3,97878.4,98042.8,52411574.59650042
2025-02-11 11:44:59.752000+00:00,2025-02-11 11:30:00+00:00,continuous,98042.8,98062.5,97916.6,98001.6,50698753.90249997
2025-02-11 11:59:59.646000+00:00,2025-02-11 11:45:00+00:00,continuous,98001.5,98197.0,98001.5,98100.0,78383551.33320008
2025-02-11 12:14:59.740000+00:00,2025-02-11 12:00:00+00:00,continuous,98100.1,98112.2,97742.0,97761.8,231814539.5301006
2025-02-11 12:29:59.925000+00:00,2025-02-11 12:15:00+00:00,continuous,97761.8,97854.7,97633.4,97656.6,171185336.72059903
2025-02-11 12:44:59.984000+00:00,2025-02-11 12:30:00+00:00,continuous,97656.6,97732.8,97621.0,97688.1,83902085.98209995
2025-02-11 12:59:59.802000+00:00,2025-02-11 12:45:00+00:00,continuous,97688.1,97800.0,97679.9,97726.2,100803529.19310062
2025-02-11 13:14:59.936000+00:00,2025-02-11 13:00:00+00:00,continuous,97726.2,97798.3,97601.0,97740.3,97938950.7083001
2025-02-11 13:29:59.802000+00:00,2025-02-11 13:15:00+00:00,continuous,97740.2,97775.1,97421.6,97491.8,179892106.28439963
2025-02-11 13:44:59.997000+00:00,2025-02-11 13:30:00+00:00,continuous,97491.8,97562.1,97168.9,97196.5,265034974.63590103
2025-02-11 13:59:59.966000+00:00,2025-02-11 13:45:00+00:00,continuous,97196.4,97284.2,96600.5,96730.8,676787936.9825969
2025-02-11 14:14:59.628000+00:00,2025-02-11 14:00:00+00:00,continuous,96731.8,97050.0,96529.3,96872.9,521065219.7780964
2025-02-11 14:29:59.400000+00:00,2025-02-11 14:15:00+00:00,continuous,96873.0,96980.1,96767.5,96827.7,224844185.8258995
2025-02-11 14:44:59.900000+00:00,2025-02-11 14:30:00+00:00,continuous,96827.8,97188.0,96710.5,97120.0,316143302.78229845
2025-02-11 14:59:59.901000+00:00,2025-02-11 14:45:00+00:00,continuous,97120.1,97267.3,96904.9,96905.0,210465798.78550017
2025-02-11 15:14:59.970000+00:00,2025-02-11 15:00:00+00:00,continuous,96904.9,97206.9,96556.3,96809.9,336425590.8442015
2025-02-11 15:29:59.955000+00:00,2025-02-11 15:15:00+00:00,continuous,96810.0,97120.0,96770.9,96881.2,230441041.16170102
2025-02-11 15:44:59.581000+00:00,2025-02-11 15:30:00+00:00,continuous,96881.1,96997.1,96751.0,96810.5,120913730.81350048
2025-02-11 15:59:59.760000+00:00,2025-02-11 15:45:00+00:00,continuous,96810.5,97069.0,96803.3,96963.3,130974505.05879986
2025-02-11 16:14:59.911000+00:00,2025-02-11 16:00:00+00:00,continuous,96963.2,97002.0,96769.4,96978.8,116788831.65830006
2025-02-11 16:29:59.984000+00:00,2025-02-11 16:15:00+00:00,continuous,96978.9,96999.9,96331.2,96603.2,290045308.9295994
2025-02-11 16:44:59.895000+00:00,2025-02-11 16:30:00+00:00,continuous,96603.3,96638.4,96354.5,96461.3,262243657.78590024
2025-02-11 16:59:59.961000+00:00,2025-02-11 16:45:00+00:00,continuous,96461.4,96494.3,96253.1,96328.0,221250979.0972005
2025-02-11 17:14:59.887000+00:00,2025-02-11 17:00:00+00:00,continuous,96328.1,96346.1,96031.8,96048.0,399944759.03340167
2025-02-11 17:29:59.579000+00:00,2025-02-11 17:15:00+00:00,continuous,96047.9,96318.2,96030.6,96234.7,181274917.66410047
2025-02-11 17:44:59.954000+00:00,2025-02-11 17:30:00+00:00,continuous,96234.7,96266.3,96042.4,96056.0,91264319.42899974
2025-02-11 17:59:59.738000+00:00,2025-02-11 17:45:00+00:00,continuous,96056.1,96161.2,95915.9,96120.0,202156123.27399975
2025-02-11 18:14:59.691000+00:00,2025-02-11 18:00:00+00:00,continuous,96120.1,96124.4,95769.2,95872.8,312737254.04480225
2025-02-11 18:29:59.924000+00:00,2025-02-11 18:15:00+00:00,continuous,95872.5,95872.5,95555.0,95638.9,327143889.9560002
2025-02-11 18:44:59.926000+00:00,2025-02-11 18:30:00+00:00,continuous,95638.9,96000.0,95591.2,95660.8,273411152.26200044
2025-02-11 18:59:59.988000+00:00,2025-02-11 18:45:00+00:00,continuous,95660.8,95679.5,95362.8,95433.3,324360262.86490047
2025-02-11 19:14:59.908000+00:00,2025-02-11 19:00:00+00:00,continuous,95433.4,95622.0,95347.6,95382.1,224892992.29589942
2025-02-11 19:29:59.830000+00:00,2025-02-11 19:15:00+00:00,continuous,95382.0,95391.6,94934.9,94988.2,419205908.15959895
2025-02-11 19:44:59.960000+00:00,2025-02-11 19:30:00+00:00,continuous,94988.2,95174.0,94814.3,95020.0,334437610.449998
2025-02-11 19:59:59.724000+00:00,2025-02-11 19:45:00+00:00,continuous,95020.0,95239.0,94874.1,94988.0,182395435.96679986
2025-02-11 20:14:59.886000+00:00,2025-02-11 20:00:00+00:00,continuous,94988.0,95277.9,94871.2,95161.3,212803772.51830047
2025-02-11 20:29:59.951000+00:00,2025-02-11 20:15:00+00:00,continuous,95161.4,95256.4,94984.0,95242.3,168842234.34499902
2025-02-11 20:44:59.778000+00:00,2025-02-11 20:30:00+00:00,continuous,95242.2,95400.1,95000.6,95016.0,225449535.19600004
2025-02-11 20:59:59.983000+00:00,2025-02-11 20:45:00+00:00,continuous,95016.0,95286.3,94906.9,95260.0,137740758.91589934
2025-02-11 21:14:59.944000+00:00,2025-02-11 21:00:00+00:00,continuous,95259.5,95450.9,95205.6,95405.3,146064745.42840037
2025-02-11 21:29:59.994000+00:00,2025-02-11 21:15:00+00:00,continuous,95405.4,95750.1,95377.3,95659.9,254964193.63090006
2025-02-11 21:44:59.828000+00:00,2025-02-11 21:30:00+00:00,continuous,95659.9,96209.0,95595.6,96206.8,275500018.8488988
2025-02-11 21:59:59.909000+00:00,2025-02-11 21:45:00+00:00,continuous,96206.7,96405.9,96012.0,96344.0,306525698.07420033
2025-02-11 22:14:59.945000+00:00,2025-02-11 22:00:00+00:00,continuous,96344.0,96468.5,96149.9,96149.9,141534352.50800005
2025-02-11 22:29:59.678000+00:00,2025-02-11 22:15:00+00:00,continuous,96150.0,96375.0,96081.4,96188.4,84670060.90930052
2025-02-11 22:44:59.955000+00:00,2025-02-11 22:30:00+00:00,continuous,96188.3,96188.4,95676.6,95789.6,185763433.27340004
2025-02-11 22:59:59.876000+00:00,2025-02-11 22:45:00+00:00,continuous,95789.7,96062.4,95288.0,95541.2,249633805.88139993
2025-02-11 23:14:59.778000+00:00,2025-02-11 23:00:00+00:00,continuous,95541.3,95767.4,95445.7,95740.1,177175004.98390004
2025-02-11 23:29:59.898000+00:00,2025-02-11 23:15:00+00:00,continuous,95740.1,95895.3,95684.1,95870.4,71077073.57929988
2025-02-11 23:44:59.899000+00:00,2025-02-11 23:30:00+00:00,continuous,95870.5,95924.2,95675.0,95675.8,94182442.63719979
2025-02-11 23:59:59.518000+00:00,2025-02-11 23:45:00+00:00,continuous,95675.8,95806.0,95675.8,95731.4,41934652.74669996
2025-02-12 00:14:59.576000+00:00,2025-02-12 00:00:00+00:00,continuous,95731.4,95941.6,95640.5,95941.6,94266676.45100035
2025-02-12 00:29:59.513000+00:00,2025-02-12 00:15:00+00:00,continuous,95941.5,95950.0,95615.2,95862.0,73769945.84000005
2025-02-12 00:44:59.845000+00:00,2025-02-12 00:30:00+00:00,continuous,95862.0,96000.0,95678.5,95887.2,80799939.99879995
2025-02-12 00:59:59.679000+00:00,2025-02-12 00:45:00+00:00,continuous,95887.1,96086.4,95854.6,96017.2,76805272.0759
2025-02-12 01:14:59.743000+00:00,2025-02-12 01:00:00+00:00,continuous,96017.1,96128.0,95875.1,95875.1,88566999.65520027
2025-02-12 01:29:59.494000+00:00,2025-02-12 01:15:00+00:00,continuous,95875.1,95928.7,95765.5,95902.0,59021833.483800136
2025-02-12 01:44:59.841000+00:00,2025-02-12 01:30:00+00:00,continuous,95902.0,96013.3,95784.9,96000.0,51624056.7511999
2025-02-12 01:59:59.853000+00:00,2025-02-12 01:45:00+00:00,continuous,95999.9,96230.0,95999.9,96175.1,66170092.940300144
2025-02-12 02:14:58.486000+00:00,2025-02-12 02:00:00+00:00,continuous,96175.1,96187.4,95950.0,96016.1,52327494.708700076
2025-02-12 02:29:59.754000+00:00,2025-02-12 02:15:00+00:00,continuous,96016.1,96068.0,95889.8,95978.3,49204763.06680015
2025-02-12 02:44:59.132000+00:00,2025-02-12 02:30:00+00:00,continuous,95978.2,96041.9,95905.6,95975.6,33245593.69289998
2025-02-12 02:59:59.800000+00:00,2025-02-12 02:45:00+00:00,continuous,95975.7,95997.2,95344.9,95536.7,219723101.54509944
2025-02-12 03:14:59.959000+00:00,2025-02-12 03:00:00+00:00,continuous,95536.8,95642.9,95050.0,95342.6,315080068.53390056
2025-02-12 03:29:59.525000+00:00,2025-02-12 03:15:00+00:00,continuous,95342.7,95724.2,95342.6,95652.5,110596519.0240005
2025-02-12 03:44:59.867000+00:00,2025-02-12 03:30:00+00:00,continuous,95652.5,95671.4,95486.4,95570.7,66403693.561000034
2025-02-12 03:59:59.870000+00:00,2025-02-12 03:45:00+00:00,continuous,95570.7,95575.9,95232.9,95251.4,81101460.28830025
2025-02-12 04:14:59.722000+00:00,2025-02-12 04:00:00+00:00,continuous,95251.4,95494.5,95213.2,95494.5,78574740.40450013
2025-02-12 04:29:59.729000+00:00,2025-02-12 04:15:00+00:00,continuous,95494.5,95569.9,95259.6,95341.8,76468484.37069988
2025-02-12 04:44:59.627000+00:00,2025-02-12 04:30:00+00:00,continuous,95341.8,95408.7,95246.5,95379.9,72413072.8951999
2025-02-12 04:59:59.941000+00:00,2025-02-12 04:45:00+00:00,continuous,95380.0,95565.5,95379.9,95518.9,98647900.91150013
2025-02-12 05:14:59.607000+00:00,2025-02-12 05:00:00+00:00,continuous,95518.9,95776.0,95456.0,95725.3,90314700.67069976
2025-02-12 05:29:59.781000+00:00,2025-02-12 05:15:00+00:00,continuous,95725.3,95891.9,95619.9,95854.0,111241993.19049956
2025-02-12 05:44:59.749000+00:00,2025-02-12 05:30:00+00:00,continuous,95854.1,95877.0,95691.0,95725.2,47975956.96939982
2025-02-12 05:59:59.264000+00:00,2025-02-12 05:45:00+00:00,continuous,95725.2,95865.6,95715.5,95850.7,56163771.221399605
2025-02-12 06:14:59.848000+00:00,2025-02-12 06:00:00+00:00,continuous,95850.6,95895.5,95709.0,95879.0,64959683.75830018
2025-02-12 06:29:59.195000+00:00,2025-02-12 06:15:00+00:00,continuous,95879.1,95911.0,95741.1,95747.9,66849551.55800001
2025-02-12 06:44:59.869000+00:00,2025-02-12 06:30:00+00:00,continuous,95748.0,95843.7,95635.2,95843.7,53641350.1767003
2025-02-12 06:59:59.988000+00:00,2025-02-12 06:45:00+00:00,continuous,95843.7,95859.2,95704.9,95777.7,35880526.39539991
2025-02-12 07:14:59.440000+00:00,2025-02-12 07:00:00+00:00,continuous,95777.7,95886.9,95754.1,95841.7,47868282.94490004
2025-02-12 07:29:59.749000+00:00,2025-02-12 07:15:00+00:00,continuous,95841.7,96070.6,95824.5,96038.1,87800958.11249958
2025-02-12 07:44:59.783000+00:00,2025-02-12 07:30:00+00:00,continuous,96038.0,96130.1,95982.8,96029.0,89635598.62509988
2025-02-12 07:59:59.838000+00:00,2025-02-12 07:45:00+00:00,continuous,96029.0,96043.2,95903.5,96025.8,72307089.41060029
2025-02-12 08:14:59.725000+00:00,2025-02-12 08:00:00+00:00,continuous,96025.1,96273.2,96003.5,96195.4,158107352.80950084
2025-02-12 08:29:59.893000+00:00,2025-02-12 08:15:00+00:00,continuous,96195.4,96233.7,96076.9,96205.6,93104336.24659936
2025-02-12 08:44:59.576000+00:00,2025-02-12 08:30:00+00:00,continuous,96205.5,96349.0,96187.0,96301.6,123098605.89689991
2025-02-12 08:59:59.872000+00:00,2025-02-12 08:45:00+00:00,continuous,96301.6,96437.5,96252.0,96330.1,88641470.78840034
2025-02-12 09:14:59.455000+00:00,2025-02-12 09:00:00+00:00,continuous,96330.0,96355.0,96136.9,96177.4,150353909.28609997
2025-02-12 09:29:59.718000+00:00,2025-02-12 09:15:00+00:00,continuous,96177.4,96230.0,96004.0,96101.6,157350798.2466997
2025-02-12 09:44:59.815000+00:00,2025-02-12 09:30:00+00:00,continuous,96101.6,96175.7,96012.0,96175.7,62243804.84719969
2025-02-12 09:59:59.327000+00:00,2025-02-12 09:45:00+00:00,continuous,96175.6,96175.7,96064.4,96101.7,47354294.966399804
2025-02-12 10:14:59.973000+00:00,2025-02-12 10:00:00+00:00,continuous,96101.7,96155.1,96067.6,96076.0,62826581.48819992
2025-02-12 10:29:59.373000+00:00,2025-02-12 10:15:00+00:00,continuous,96076.0,96100.0,96000.0,96061.7,63342928.95899982
2025-02-12 10:44:59.755000+00:00,2025-02-12 10:30:00+00:00,continuous,96061.7,96166.5,96061.6,96064.6,59748198.02799995
2025-02-12 10:59:59.741000+00:00,2025-02-12 10:45:00+00:00,continuous,96064.6,96100.9,95860.5,95947.1,112788159.8178007
2025-02-12 11:14:59.870000+00:00,2025-02-12 11:00:00+00:00,continuous,95947.2,96195.0,95947.1,96116.2,84814302.17840065
2025-02-12 11:29:59.208000+00:00,2025-02-12 11:15:00+00:00,continuous,96116.3,96208.3,96101.0,96168.5,44400020.98419992
2025-02-12 11:44:59.735000+00:00,2025-02-12 11:30:00+00:00,continuous,96168.6,96313.5,96142.4,96266.1,79834915.16220027
2025-02-12 11:59:58.806000+00:00,2025-02-12 11:45:00+00:00,continuous,96266.0,96357.2,96003.4,96062.4,86049972.62750047
2025-02-12 12:14:59.901000+00:00,2025-02-12 12:00:00+00:00,continuous,96062.4,96195.0,96062.4,96169.8,53549965.3875998
2025-02-12 12:29:59.834000+00:00,2025-02-12 12:15:00+00:00,continuous,96169.7,96321.8,96100.0,96184.6,101477536.44190028
2025-02-12 12:44:59.882000+00:00,2025-02-12 12:30:00+00:00,continuous,96184.5,96239.5,96086.1,96105.7,68143206.67080002
2025-02-12 12:59:59.981000+00:00,2025-02-12 12:45:00+00:00,continuous,96105.7,96173.7,95895.7,95952.3,101188469.00710021
2025-02-12 13:14:59.787000+00:00,2025-02-12 13:00:00+00:00,continuous,95952.4,95966.0,95751.0,95929.3,295193500.67610025
2025-02-12 13:29:59.969000+00:00,2025-02-12 13:15:00+00:00,continuous,95929.2,96596.3,95929.2,96465.4,426978851.99889684
2025-02-12 13:44:59.995000+00:00,2025-02-12 13:30:00+00:00,continuous,96465.5,96570.1,94003.9,94462.4,2832215187.8654838
2025-02-12 13:59:59.939000+00:00,2025-02-12 13:45:00+00:00,continuous,94462.3,95176.8,94384.6,94918.0,716148914.8577921
2025-02-12 14:14:59.923000+00:00,2025-02-12 14:00:00+00:00,continuous,94918.0,95151.3,94605.8,94855.0,398241755.57680565
2025-02-12 14:29:59.998000+00:00,2025-02-12 14:15:00+00:00,continuous,94855.1,95029.2,94549.0,94640.5,252480893.99210092
2025-02-12 14:44:59.999000+00:00,2025-02-12 14:30:00+00:00,continuous,94640.4,95614.5,94422.5,95476.3,660106908.8399967
2025-02-12 14:59:59.950000+00:00,2025-02-12 14:45:00+00:00,continuous,95476.1,95635.4,95186.0,95582.9,302915729.8579981
2025-02-12 15:14:59.858000+00:00,2025-02-12 15:00:00+00:00,continuous,95582.9,95626.5,94681.0,94926.8,498879863.3385025
2025-02-12 15:29:59.988000+00:00,2025-02-12 15:15:00+00:00,continuous,94926.9,95970.4,94822.7,95560.5,603141458.6352016
2025-02-12 15:44:59.942000+00:00,2025-02-12 15:30:00+00:00,continuous,95560.4,95815.4,95472.8,95613.1,270990444.4721998
2025-02-12 15:59:59.937000+00:00,2025-02-12 15:45:00+00:00,continuous,95613.2,95800.0,95423.6,95762.1,141579993.84530002
2025-02-12 16:14:59.917000+00:00,2025-02-12 16:00:00+00:00,continuous,95762.0,95776.5,95213.1,95329.6,232337951.6023985
2025-02-12 16:29:59.277000+00:00,2025-02-12 16:15:00+00:00,continuous,95329.6,95595.9,95074.0,95342.4,233691608.13400048
2025-02-12 16:44:59.950000+00:00,2025-02-12 16:30:00+00:00,continuous,95342.4,95929.8,95320.0,95924.4,188638460.3778007
2025-02-12 16:59:59.968000+00:00,2025-02-12 16:45:00+00:00,continuous,95924.3,97080.0,95746.8,96944.3,856398355.2853061
2025-02-12 17:14:59.996000+00:00,2025-02-12 17:00:00+00:00,continuous,96944.2,97199.0,96715.9,97033.2,781123945.9378067
2025-02-12 17:29:59.949000+00:00,2025-02-12 17:15:00+00:00,continuous,97033.3,97500.0,96785.9,97492.1,575863015.6998997
2025-02-12 17:44:59.936000+00:00,2025-02-12 17:30:00+00:00,continuous,97492.1,97700.0,97071.0,97142.4,603618984.903108
2025-02-12 17:59:59.798000+00:00,2025-02-12 17:45:00+00:00,continuous,97142.4,97547.0,97126.0,97320.0,190511463.38980022
2025-02-12 18:14:59.929000+00:00,2025-02-12 18:00:00+00:00,continuous,97321.7,97437.8,96805.0,97049.9,274311387.18490136
2025-02-12 18:29:59.204000+00:00,2025-02-12 18:15:00+00:00,continuous,97050.0,97078.6,96600.0,96766.6,181520005.36010072
2025-02-12 18:44:59.447000+00:00,2025-02-12 18:30:00+00:00,continuous,96766.7,96919.0,96587.5,96721.2,144600790.6734002
2025-02-12 18:59:59.794000+00:00,2025-02-12 18:45:00+00:00,continuous,96721.3,97022.0,96721.3,96881.1,109697304.5446995
2025-02-12 19:14:59.989000+00:00,2025-02-12 19:00:00+00:00,continuous,96881.1,96940.0,96299.7,96505.2,324411474.3579954
2025-02-12 19:29:59.009000+00:00,2025-02-12 19:15:00+00:00,continuous,96505.3,96774.0,96478.0,96704.7,96197790.90779994
2025-02-12 19:44:59.838000+00:00,2025-02-12 19:30:00+00:00,continuous,96704.8,96931.3,96700.9,96879.9,90996982.08550012
2025-02-12 19:59:59.810000+00:00,2025-02-12 19:45:00+00:00,continuous,96880.0,97236.3,96855.4,97156.6,160044454.75589994
2025-02-12 20:14:59.857000+00:00,2025-02-12 20:00:00+00:00,continuous,97156.7,97424.0,96930.7,97392.2,162089072.9954995
2025-02-12 20:29:59.903000+00:00,2025-02-12 20:15:00+00:00,continuous,97392.2,97605.2,97221.8,97377.4,213009921.3561999
2025-02-12 20:44:59.960000+00:00,2025-02-12 20:30:00+00:00,continuous,97377.4,97388.7,96967.4,97034.2,146246569.81939974
2025-02-12 20:59:59.677000+00:00,2025-02-12 20:45:00+00:00,continuous,97034.3,97093.2,96880.0,96993.9,115611195.95499994
2025-02-12 21:14:59.643000+00:00,2025-02-12 21:00:00+00:00,continuous,96994.8,97360.6,96811.2,97338.4,202504382.18490025
2025-02-12 21:29:59.506000+00:00,2025-02-12 21:15:00+00:00,continuous,97338.5,97555.0,97338.4,97400.0,169420837.13100016
2025-02-12 21:44:59.933000+00:00,2025-02-12 21:30:00+00:00,continuous,97400.0,97883.0,97400.0,97842.9,203464729.2861013
2025-02-12 21:59:59.780000+00:00,2025-02-12 21:45:00+00:00,continuous,97842.8,97889.9,97539.2,97610.0,114209813.18379964
2025-02-12 22:14:59.875000+00:00,2025-02-12 22:00:00+00:00,continuous,97610.0,97660.0,97421.3,97421.4,79807478.34179991
2025-02-12 22:29:59.937000+00:00,2025-02-12 22:15:00+00:00,continuous,97421.3,97912.5,97378.0,97908.1,192179527.94409928
2025-02-12 22:44:59.879000+00:00,2025-02-12 22:30:00+00:00,continuous,97908.2,98090.9,97540.2,97799.9,326650814.0969024
2025-02-12 22:59:59.606000+00:00,2025-02-12 22:45:00+00:00,continuous,97799.9,98031.8,97656.0,97770.9,123356144.61440043
2025-02-12 23:14:59.692000+00:00,2025-02-12 23:00:00+00:00,continuous,97770.8,97979.3,97741.1,97945.4,133344018.21939982
2025-02-12 23:29:59.966000+00:00,2025-02-12 23:15:00+00:00,continuous,97945.3,97945.4,97637.5,97668.8,139113325.07710025
2025-02-12 23:44:59.982000+00:00,2025-02-12 23:30:00+00:00,continuous,97668.7,97728.0,97554.7,97687.3,139583137.11949858
2025-02-12 23:59:59.341000+00:00,2025-02-12 23:45:00+00:00,continuous,97687.3,97850.0,97583.7,97816.3,68338638.68859978
2025-02-13 00:14:59.845000+00:00,2025-02-13 00:00:00+00:00,continuous,97816.3,97822.2,97480.0,97504.8,126800698.78819983
2025-02-13 00:29:59.852000+00:00,2025-02-13 00:15:00+00:00,continuous,97504.8,97729.9,97504.8,97666.1,90986612.3175001
2025-02-13 00:44:59.960000+00:00,2025-02-13 00:30:00+00:00,continuous,97666.1,97773.5,97569.6,97611.3,58732620.968299985
2025-02-13 00:59:59.967000+00:00,2025-02-13 00:45:00+00:00,continuous,97611.3,97787.8,97534.1,97779.2,49016768.05230005
2025-02-13 01:14:59.644000+00:00,2025-02-13 01:00:00+00:00,continuous,97779.2,97872.1,97712.3,97835.9,87959285.59260035
2025-02-13 01:29:59.873000+00:00,2025-02-13 01:15:00+00:00,continuous,97835.9,97873.6,97693.6,97850.1,70452379.98180024
2025-02-13 01:44:59.926000+00:00,2025-02-13 01:30:00+00:00,continuous,97850.1,97855.5,97710.4,97778.5,57303770.1418999
2025-02-13 01:59:59.892000+00:00,2025-02-13 01:45:00+00:00,continuous,97778.5,98053.8,97763.8,97939.9,142258473.5796012
2025-02-13 02:14:59.946000+00:00,2025-02-13 02:00:00+00:00,continuous,97939.9,97940.0,97668.3,97747.2,60218327.96620039
2025-02-13 02:29:59.966000+00:00,2025-02-13 02:15:00+00:00,continuous,97747.2,97794.0,97580.7,97596.7,70812213.93450022
2025-02-13 02:44:59.910000+00:00,2025-02-13 02:30:00+00:00,continuous,97596.8,97692.0,97550.0,97568.5,73028503.89849976
2025-02-13 02:59:59.868000+00:00,2025-02-13 02:45:00+00:00,continuous,97568.6,97640.0,97309.1,97433.6,140534694.64030066
2025-02-13 03:14:59.878000+00:00,2025-02-13 03:00:00+00:00,continuous,97433.7,97586.0,97433.6,97537.4,67966491.3303
2025-02-13 03:29:59.572000+00:00,2025-02-13 03:15:00+00:00,continuous,97537.4,97593.9,97409.0,97439.2,54457754.82720042
2025-02-13 03:44:59.970000+00:00,2025-02-13 03:30:00+00:00,continuous,97439.2,97535.0,97401.6,97493.2,31883855.183099963
2025-02-13 03:59:59.984000+00:00,2025-02-13 03:45:00+00:00,continuous,97493.2,97568.3,97432.4,97463.4,41178387.77269973
2025-02-13 04:14:59.580000+00:00,2025-02-13 04:00:00+00:00,continuous,97463.4,97519.3,97380.0,97441.3,48229706.16330003
2025-02-13 04:29:59.879000+00:00,2025-02-13 04:15:00+00:00,continuous,97441.3,97456.8,97277.6,97300.0,60169091.924799874
2025-02-13 04:44:59.986000+00:00,2025-02-13 04:30:00+00:00,continuous,97300.0,97307.2,97069.0,97119.5,176238689.7227
2025-02-13 04:59:59.761000+00:00,2025-02-13 04:45:00+00:00,continuous,97119.5,97138.7,96723.0,96905.0,249932122.36290213
2025-02-13 05:14:59.913000+00:00,2025-02-13 05:00:00+00:00,continuous,96905.1,96905.1,96455.0,96740.1,315884074.36279815
2025-02-13 05:29:59.837000+00:00,2025-02-13 05:15:00+00:00,continuous,96740.1,96823.0,96519.6,96777.7,168746080.3584994
2025-02-13 05:44:59.991000+00:00,2025-02-13 05:30:00+00:00,continuous,96777.8,96784.6,96617.1,96701.6,77227300.5722
2025-02-13 05:59:59.958000+00:00,2025-02-13 05:45:00+00:00,continuous,96702.7,96771.6,96587.0,96628.8,51044661.92270003
2025-02-13 06:14:59.970000+00:00,2025-02-13 06:00:00+00:00,continuous,96628.9,96716.7,96306.0,96544.5,258332604.49079952
2025-02-13 06:29:59.846000+00:00,2025-02-13 06:15:00+00:00,continuous,96544.6,96567.6,96419.6,96480.9,87212401.67749986
2025-02-13 06:44:59.860000+00:00,2025-02-13 06:30:00+00:00,continuous,96480.9,96480.9,96025.0,96123.7,393673051.08810246
2025-02-13 06:59:59.905000+00:00,2025-02-13 06:45:00+00:00,continuous,96123.8,96123.8,95706.8,96010.0,412668818.6085991
2025-02-13 07:14:59.879000+00:00,2025-02-13 07:00:00+00:00,continuous,96010.0,96185.0,95869.5,96090.9,197771705.66399845
2025-02-13 07:29:59.992000+00:00,2025-02-13 07:15:00+00:00,continuous,96090.9,96122.5,95900.0,96017.1,132298519.50249994
2025-02-13 07:44:59.824000+00:00,2025-02-13 07:30:00+00:00,continuous,96017.2,96157.0,95807.0,96043.3,135899373.80769965
2025-02-13 07:59:59.830000+00:00,2025-02-13 07:45:00+00:00,continuous,96043.3,96148.9,95930.9,96018.5,81803567.94299947
2025-02-13 08:14:59.553000+00:00,2025-02-13 08:00:00+00:00,continuous,96018.5,96128.7,95924.9,95975.2,108277212.30459988
2025-02-13 08:29:59.776000+00:00,2025-02-13 08:15:00+00:00,continuous,95975.1,96080.8,95801.0,96000.0,138957407.4956999
2025-02-13 08:44:59.659000+00:00,2025-02-13 08:30:00+00:00,continuous,96000.0,96046.1,95850.0,95908.1,91963280.42549986
2025-02-13 08:59:59.730000+00:00,2025-02-13 08:45:00+00:00,continuous,95908.2,95983.3,95645.5,95888.2,191222213.7841995
2025-02-13 09:14:59.719000+00:00,2025-02-13 09:00:00+00:00,continuous,95888.1,96133.3,95732.0,96073.8,168478842.39320093
2025-02-13 09:29:59.890000+00:00,2025-02-13 09:15:00+00:00,continuous,96073.9,96160.0,96053.4,96088.1,102977801.43830015
2025-02-13 09:44:59.703000+00:00,2025-02-13 09:30:00+00:00,continuous,96088.1,96248.0,96050.0,96179.9,122478545.82370007
2025-02-13 09:59:59.755000+00:00,2025-02-13 09:45:00+00:00,continuous,96180.0,96212.0,96120.0,96204.9,72771405.29230031
2025-02-13 10:14:59.966000+00:00,2025-02-13 10:00:00+00:00,continuous,96205.0,96288.9,96100.0,96272.6,72958536.90789974
2025-02-13 10:29:59.676000+00:00,2025-02-13 10:15:00+00:00,continuous,96272.6,96282.5,96086.1,96160.1,65014119.74670003
2025-02-13 10:44:59.983000+00:00,2025-02-13 10:30:00+00:00,continuous,96160.2,96222.7,96047.2,96216.6,88863333.03350034
2025-02-13 10:59:59.966000+00:00,2025-02-13 10:45:00+00:00,continuous,96216.7,96218.1,96086.1,96115.5,51576132.256199874
2025-02-13 11:14:59.964000+00:00,2025-02-13 11:00:00+00:00,continuous,96115.5,96213.9,96030.9,96191.7,54620485.914199956
2025-02-13 11:29:59.943000+00:00,2025-02-13 11:15:00+00:00,continuous,96191.7,96237.0,96050.3,96059.7,82775807.05750024
2025-02-13 11:44:59.989000+00:00,2025-02-13 11:30:00+00:00,continuous,96059.7,96059.7,95756.6,96018.2,241453949.29630068
2025-02-13 11:59:59.932000+00:00,2025-02-13 11:45:00+00:00,continuous,96018.1,96066.6,95500.0,95883.6,296050023.57399935
2025-02-13 12:14:59.979000+00:00,2025-02-13 12:00:00+00:00,continuous,95883.6,95981.0,95707.2,95761.0,121759425.64849995
2025-02-13 12:29:59.975000+00:00,2025-02-13 12:15:00+00:00,continuous,95760.9,95877.0,95658.5,95837.3,98047222.61359939
2025-02-13 12:44:59.803000+00:00,2025-02-13 12:30:00+00:00,continuous,95837.2,96027.0,95812.4,95928.1,97619722.57230029
2025-02-13 12:59:59.791000+00:00,2025-02-13 12:45:00+00:00,continuous,95928.1,95953.3,95725.4,95775.1,66243076.307300024
2025-02-13 13:14:59.975000+00:00,2025-02-13 13:00:00+00:00,continuous,95775.1,95838.9,95698.5,95738.2,111648002.00060023
2025-02-13 13:29:59.990000+00:00,2025-02-13 13:15:00+00:00,continuous,95738.1,95955.4,95618.5,95794.0,119664111.07219915
2025-02-13 13:44:59.994000+00:00,2025-02-13 13:30:00+00:00,continuous,95794.0,96250.0,95704.6,95965.1,537174092.4392895
2025-02-13 13:59:59.983000+00:00,2025-02-13 13:45:00+00:00,continuous,95965.0,96130.2,95759.8,96028.1,158413134.8114003
2025-02-13 14:14:59.907000+00:00,2025-02-13 14:00:00+00:00,continuous,96028.1,96055.8,95716.6,95818.4,151201708.12170002
2025-02-13 14:29:59.911000+00:00,2025-02-13 14:15:00+00:00,continuous,95818.4,95946.0,95702.0,95901.3,97550149.92469974
2025-02-13 14:44:59.996000+00:00,2025-02-13 14:30:00+00:00,continuous,95901.3,95994.8,95288.5,95935.6,579069660.8635056
2025-02-13 14:59:59.936000+00:00,2025-02-13 14:45:00+00:00,continuous,95935.5,96056.5,95765.9,95818.6,186618628.80990058
2025-02-13 15:14:59.931000+00:00,2025-02-13 15:00:00+00:00,continuous,95818.6,95980.0,95506.0,95824.7,311749258.9758004
2025-02-13 15:29:59.886000+00:00,2025-02-13 15:15:00+00:00,continuous,95825.2,96432.4,95825.2,95921.6,541902952.3214025
2025-02-13 15:44:59.858000+00:00,2025-02-13 15:30:00+00:00,continuous,95921.5,96372.2,95835.6,96372.1,185157356.60329914
2025-02-13 15:59:59.967000+00:00,2025-02-13 15:45:00+00:00,continuous,96372.2,96372.2,95700.0,95943.5,258576890.83420107
2025-02-13 16:14:59.973000+00:00,2025-02-13 16:00:00+00:00,continuous,95943.2,95950.0,95560.5,95748.5,218236339.14250094
2025-02-13 16:29:59.963000+00:00,2025-02-13 16:15:00+00:00,continuous,95748.5,95762.1,95333.3,95415.8,210276760.17550063
2025-02-13 16:44:59.996000+00:00,2025-02-13 16:30:00+00:00,continuous,95415.7,95577.9,95238.2,95469.6,234714960.35719916
2025-02-13 16:59:59.992000+00:00,2025-02-13 16:45:00+00:00,continuous,95469.6,95585.8,95160.1,95321.0,187638622.98399898
2025-02-13 17:14:59.919000+00:00,2025-02-13 17:00:00+00:00,continuous,95321.1,95699.0,95258.0,95674.0,171055462.62489948
2025-02-13 17:29:59.872000+00:00,2025-02-13 17:15:00+00:00,continuous,95674.0,95845.0,95400.7,95763.7,144033643.02300042
2025-02-13 17:44:59.800000+00:00,2025-02-13 17:30:00+00:00,continuous,95763.7,95928.9,95653.7,95893.3,79875760.99199949
2025-02-13 17:59:59.987000+00:00,2025-02-13 17:45:00+00:00,continuous,95893.3,95970.4,95606.0,95659.0,120389354.12199976
2025-02-13 18:14:59.917000+00:00,2025-02-13 18:00:00+00:00,continuous,95659.0,95752.3,95428.0,95497.6,110945392.38279964
2025-02-13 18:29:59.732000+00:00,2025-02-13 18:15:00+00:00,continuous,95497.6,95750.0,95300.0,95654.3,143392582.77210036
2025-02-13 18:44:59.713000+00:00,2025-02-13 18:30:00+00:00,continuous,95654.4,95800.0,95434.2,95628.5,114256242.34929965
2025-02-13 18:59:59.985000+00:00,2025-02-13 18:45:00+00:00,continuous,95628.5,95954.6,95542.7,95935.2,131414139.76689939
2025-02-13 19:14:59.503000+00:00,2025-02-13 19:00:00+00:00,continuous,95935.1,96325.0,95907.7,96232.3,257623311.47129968
2025-02-13 19:29:59.244000+00:00,2025-02-13 19:15:00+00:00,continuous,96232.2,96280.0,95769.6,95827.6,162155024.2658992
2025-02-13 19:44:59.933000+00:00,2025-02-13 19:30:00+00:00,continuous,95827.6,95850.0,95560.0,95664.0,137619797.0878011
2025-02-13 19:59:59.429000+00:00,2025-02-13 19:45:00+00:00,continuous,95664.1,95707.7,95500.0,95587.8,92272396.74110001
2025-02-13 20:14:59.852000+00:00,2025-02-13 20:00:00+00:00,continuous,95587.9,95981.0,95544.9,95977.6,97870400.99759993
2025-02-13 20:29:59.944000+00:00,2025-02-13 20:15:00+00:00,continuous,95977.7,96198.8,95962.2,96099.4,116902735.5163012
2025-02-13 20:44:59.454000+00:00,2025-02-13 20:30:00+00:00,continuous,96099.4,96186.9,95983.6,96114.0,80567912.20330025
2025-02-13 20:59:59.870000+00:00,2025-02-13 20:45:00+00:00,continuous,96114.0,96250.0,96033.1,96219.7,139836229.02509934
2025-02-13 21:14:59.472000+00:00,2025-02-13 21:00:00+00:00,continuous,96219.7,96500.0,96203.7,96440.1,192702347.10809982
2025-02-13 21:29:59.611000+00:00,2025-02-13 21:15:00+00:00,continuous,96440.0,96473.7,96287.1,96370.5,65679301.081199706
2025-02-13 21:44:59.567000+00:00,2025-02-13 21:30:00+00:00,continuous,96370.5,96756.8,96357.6,96560.7,247698584.0476004
2025-02-13 21:59:59.886000+00:00,2025-02-13 21:45:00+00:00,continuous,96560.7,96599.4,96312.9,96429.9,86071214.94020012
2025-02-13 22:14:59.300000+00:00,2025-02-13 22:00:00+00:00,continuous,96429.9,96488.0,96363.8,96372.8,57013412.65179996
2025-02-13 22:29:59.285000+00:00,2025-02-13 22:15:00+00:00,continuous,96372.9,96560.9,96372.8,96427.5,53232700.849000104
2025-02-13 22:44:58.742000+00:00,2025-02-13 22:30:00+00:00,continuous,96427.5,96489.3,96327.0,96454.4,38225515.395600006
2025-02-13 22:59:58.931000+00:00,2025-02-13 22:45:00+00:00,continuous,96454.4,96454.5,96212.5,96366.8,73551100.76140004
2025-02-13 23:14:59.659000+00:00,2025-02-13 23:00:00+00:00,continuous,96366.8,96430.0,96271.3,96341.1,87301486.95730004
2025-02-13 23:29:59.938000+00:00,2025-02-13 23:15:00+00:00,continuous,96341.1,96429.4,96308.1,96400.0,59305101.99869992
2025-02-13 23:44:58.481000+00:00,2025-02-13 23:30:00+00:00,continuous,96399.9,96555.3,96369.6,96526.4,51080511.662399635
2025-02-13 23:59:59.634000+00:00,2025-02-13 23:45:00+00:00,continuous,96526.4,96587.0,96448.6,96560.6,74291308.21190013
2025-02-14 00:14:59.917000+00:00,2025-02-14 00:00:00+00:00,continuous,96560.6,96688.5,96529.6,96546.8,78149784.1735001
2025-02-14 00:29:59.742000+00:00,2025-02-14 00:15:00+00:00,continuous,96546.8,96839.6,96490.7,96810.8,119361052.25530013
2025-02-14 00:44:59.638000+00:00,2025-02-14 00:30:00+00:00,continuous,96810.8,96955.7,96526.8,96555.1,120769966.27209978
2025-02-14 00:59:59.956000+00:00,2025-02-14 00:45:00+00:00,continuous,96555.2,96730.8,96515.0,96708.6,44001984.674100034
2025-02-14 01:14:59.879000+00:00,2025-02-14 01:00:00+00:00,continuous,96708.6,96850.0,96651.5,96673.0,70825589.27810003
2025-02-14 01:29:59.560000+00:00,2025-02-14 01:15:00+00:00,continuous,96673.1,96733.6,96600.0,96639.1,53383168.99550008
2025-02-14 01:44:59.952000+00:00,2025-02-14 01:30:00+00:00,continuous,96639.1,96672.5,96309.5,96346.5,114897652.06199971
2025-02-14 01:59:59.329000+00:00,2025-02-14 01:45:00+00:00,continuous,96346.5,96570.0,96340.4,96497.4,75749121.61649972
2025-02-14 02:14:59.874000+00:00,2025-02-14 02:00:00+00:00,continuous,96497.3,96787.8,96407.1,96716.3,115021116.3153999
2025-02-14 02:29:59.776000+00:00,2025-02-14 02:15:00+00:00,continuous,96716.3,96738.7,96600.0,96638.7,64914901.8463001
2025-02-14 02:44:59.620000+00:00,2025-02-14 02:30:00+00:00,continuous,96638.7,96706.9,96559.4,96645.0,44154260.05919986
2025-02-14 02:59:59.834000+00:00,2025-02-14 02:45:00+00:00,continuous,96645.1,96724.5,96485.9,96495.2,56194972.39769998
2025-02-14 03:14:59.892000+00:00,2025-02-14 03:00:00+00:00,continuous,96495.1,96712.6,96492.8,96607.0,53859204.521599926
2025-02-14 03:29:59.102000+00:00,2025-02-14 03:15:00+00:00,continuous,96607.1,96650.0,96520.7,96617.9,25188953.570100043
2025-02-14 03:44:59.399000+00:00,2025-02-14 03:30:00+00:00,continuous,96616.8,96707.1,96612.7,96698.3,38661100.86339989
2025-02-14 03:59:59.865000+00:00,2025-02-14 03:45:00+00:00,continuous,96698.3,97163.0,96698.3,97094.9,274783059.10059977
2025-02-14 04:14:59.930000+00:00,2025-02-14 04:00:00+00:00,continuous,97094.9,97212.0,96874.2,96886.1,214791111.81069967
2025-02-14 04:29:59.850000+00:00,2025-02-14 04:15:00+00:00,continuous,96886.1,96949.1,96806.4,96825.9,86765088.12670021
2025-02-14 04:44:59.992000+00:00,2025-02-14 04:30:00+00:00,continuous,96826.0,96873.0,96738.9,96797.6,47625663.06479998
2025-02-14 04:59:59.594000+00:00,2025-02-14 04:45:00+00:00,continuous,96797.7,96837.0,96707.0,96715.4,62803927.825499944
2025-02-14 05:14:59.021000+00:00,2025-02-14 05:00:00+00:00,continuous,96715.3,96816.9,96710.2,96770.0,42144870.3034001
2025-02-14 05:29:59.840000+00:00,2025-02-14 05:15:00+00:00,continuous,96770.0,96870.7,96754.8,96758.9,42530890.841999836
2025-02-14 05:44:59.630000+00:00,2025-02-14 05:30:00+00:00,continuous,96758.8,96763.1,96578.9,96591.4,111557599.97680034
2025-02-14 05:59:59.731000+00:00,2025-02-14 05:45:00+00:00,continuous,96591.5,96679.5,96505.0,96635.9,72796527.37549977
2025-02-14 06:14:59.956000+00:00,2025-02-14 06:00:00+00:00,continuous,96636.0,96808.0,96576.0,96755.2,85922884.03439987
2025-02-14 06:29:59.442000+00:00,2025-02-14 06:15:00+00:00,continuous,96755.2,96787.5,96643.5,96705.1,60334082.896500155
2025-02-14 06:44:59.761000+00:00,2025-02-14 06:30:00+00:00,continuous,96705.1,96711.1,96556.2,96620.0,40328188.74169996
2025-02-14 06:59:59.864000+00:00,2025-02-14 06:45:00+00:00,continuous,96620.1,96824.2,96606.7,96786.6,44022824.13389994
2025-02-14 07:14:59.722000+00:00,2025-02-14 07:00:00+00:00,continuous,96786.5,96938.8,96765.8,96917.6,67264566.34080015
2025-02-14 07:29:59.848000+00:00,2025-02-14 07:15:00+00:00,continuous,96917.7,96994.1,96845.9,96994.1,78496029.27290033
2025-02-14 07:44:59.634000+00:00,2025-02-14 07:30:00+00:00,continuous,96994.1,97041.9,96932.8,96991.3,88739037.43730022
2025-02-14 07:59:59.929000+00:00,2025-02-14 07:45:00+00:00,continuous,96991.3,97000.0,96889.9,96889.9,78981950.76620002
2025-02-14 08:14:59.334000+00:00,2025-02-14 08:00:00+00:00,continuous,96890.0,96979.8,96762.1,96784.0,87075466.95350003
2025-02-14 08:29:59.490000+00:00,2025-02-14 08:15:00+00:00,continuous,96784.0,96960.0,96750.1,96959.9,63417232.5378999
2025-02-14 08:44:59.259000+00:00,2025-02-14 08:30:00+00:00,continuous,96960.0,96977.2,96850.0,96850.0,44024718.72269995
2025-02-14 08:59:59.933000+00:00,2025-02-14 08:45:00+00:00,continuous,96850.0,96865.1,96743.4,96828.0,33151886.75929993
2025-02-14 09:14:59.863000+00:00,2025-02-14 09:00:00+00:00,continuous,96828.1,97020.0,96782.4,96999.9,71823518.9435
2025-02-14 09:29:59.326000+00:00,2025-02-14 09:15:00+00:00,continuous,97000.0,97016.1,96923.6,96986.0,51843155.316799894
2025-02-14 09:44:59.967000+00:00,2025-02-14 09:30:00+00:00,continuous,96986.1,97084.3,96950.1,97029.9,59899497.60569998
2025-02-14 09:59:59.769000+00:00,2025-02-14 09:45:00+00:00,continuous,97029.9,97127.0,96950.1,97062.0,110647781.16330013
2025-02-14 10:14:59.952000+00:00,2025-02-14 10:00:00+00:00,continuous,97062.0,97150.0,97026.6,97063.4,67660435.82439998
2025-02-14 10:29:59.750000+00:00,2025-02-14 10:15:00+00:00,continuous,97063.4,97123.0,96916.4,96951.9,52807839.741800055
2025-02-14 10:44:59.577000+00:00,2025-02-14 10:30:00+00:00,continuous,96952.0,97070.0,96927.8,97061.8,38276188.61840006
2025-02-14 10:59:58.128000+00:00,2025-02-14 10:45:00+00:00,continuous,97061.7,97092.2,96918.0,96965.8,40275283.178300016
2025-02-14 11:14:59.790000+00:00,2025-02-14 11:00:00+00:00,continuous,96965.8,97050.0,96947.1,97030.2,43626972.70800001
2025-02-14 11:29:59.696000+00:00,2025-02-14 11:15:00+00:00,continuous,97030.2,97094.5,96800.0,96803.4,62339540.79170007
2025-02-14 11:44:59.607000+00:00,2025-02-14 11:30:00+00:00,continuous,96803.4,96909.9,96750.1,96756.1,75396499.59339987
2025-02-14 11:59:59.285000+00:00,2025-02-14 11:45:00+00:00,continuous,96756.0,96869.5,96756.0,96844.6,61387672.54279982
2025-02-14 12:14:59.933000+00:00,2025-02-14 12:00:00+00:00,continuous,96844.6,96844.7,96626.1,96632.7,101153964.27940026
2025-02-14 12:29:59.950000+00:00,2025-02-14 12:15:00+00:00,continuous,96632.7,96720.0,96574.5,96684.7,78693823.92849883
2025-02-14 12:44:59.895000+00:00,2025-02-14 12:30:00+00:00,continuous,96684.7,96762.1,96542.6,96550.1,79381201.28619844
2025-02-14 12:59:59.972000+00:00,2025-02-14 12:45:00+00:00,continuous,96550.1,96631.6,96436.1,96612.3,102323085.81919989
2025-02-14 13:14:59.984000+00:00,2025-02-14 13:00:00+00:00,continuous,96612.2,96660.0,96507.3,96569.0,71754396.61760013
2025-02-14 13:29:59.236000+00:00,2025-02-14 13:15:00+00:00,continuous,96568.9,96590.1,96408.2,96459.1,89682593.11659996
2025-02-14 13:44:59.978000+00:00,2025-02-14 13:30:00+00:00,continuous,96459.0,96940.0,96459.0,96683.5,247461546.39629897
2025-02-14 13:59:59.721000+00:00,2025-02-14 13:45:00+00:00,continuous,96683.6,96855.1,96664.8,96740.7,58735796.78450025
2025-02-14 14:14:59.793000+00:00,2025-02-14 14:00:00+00:00,continuous,96740.6,96883.7,96685.0,96695.3,73237623.34449999
2025-02-14 14:29:59.875000+00:00,2025-02-14 14:15:00+00:00,continuous,96695.2,96766.4,96556.3,96577.9,64516719.51590012
2025-02-14 14:44:59.836000+00:00,2025-02-14 14:30:00+00:00,continuous,96577.9,97280.0,96520.7,97065.0,380813585.68189776
2025-02-14 14:59:59.881000+00:00,2025-02-14 14:45:00+00:00,continuous,97065.0,97561.1,97065.0,97249.9,535057904.6495002
2025-02-14 15:14:59.958000+00:00,2025-02-14 15:00:00+00:00,continuous,97249.9,97372.7,96568.0,96626.6,482177568.99129605
2025-02-14 15:29:59.855000+00:00,2025-02-14 15:15:00+00:00,continuous,96626.6,96639.5,96225.7,96376.4,522346611.23099786
2025-02-14 15:44:59.927000+00:00,2025-02-14 15:30:00+00:00,continuous,96376.5,96730.0,96310.0,96685.2,203075727.5211999
2025-02-14 15:59:59.937000+00:00,2025-02-14 15:45:00+00:00,continuous,96685.2,97071.1,96559.8,96886.5,239809542.69200036
2025-02-14 16:14:59.700000+00:00,2025-02-14 16:00:00+00:00,continuous,96886.5,96993.2,96656.0,96776.0,187393496.98140147
2025-02-14 16:29:59.652000+00:00,2025-02-14 16:15:00+00:00,continuous,96776.0,96835.3,96444.6,96713.9,167227936.12680006
2025-02-14 16:44:59.995000+00:00,2025-02-14 16:30:00+00:00,continuous,96713.9,96780.0,96594.5,96736.7,74449496.73969987
2025-02-14 16:59:59.998000+00:00,2025-02-14 16:45:00+00:00,continuous,96736.7,97714.1,96600.0,97626.8,639916253.8236026
2025-02-14 17:14:59.820000+00:00,2025-02-14 17:00:00+00:00,continuous,97626.1,97626.1,97095.8,97208.5,454723539.98819965
2025-02-14 17:29:59.993000+00:00,2025-02-14 17:15:00+00:00,continuous,97208.6,97550.0,97157.0,97325.2,170751771.56719914
2025-02-14 17:44:59.989000+00:00,2025-02-14 17:30:00+00:00,continuous,97325.1,98000.0,97236.0,97930.0,409100342.143801
2025-02-14 17:59:59.957000+00:00,2025-02-14 17:45:00+00:00,continuous,97929.9,98792.8,97929.9,98487.8,1005617392.2172015
2025-02-14 18:14:59.875000+00:00,2025-02-14 18:00:00+00:00,continuous,98487.8,98707.5,98360.0,98449.5,502307711.55860287
2025-02-14 18:29:59.400000+00:00,2025-02-14 18:15:00+00:00,continuous,98449.6,98531.7,98130.0,98250.1,288149489.8799009
2025-02-14 18:44:59.903000+00:00,2025-02-14 18:30:00+00:00,continuous,98250.0,98452.4,98134.2,98264.3,198997830.36130068
2025-02-14 18:59:59.978000+00:00,2025-02-14 18:45:00+00:00,continuous,98263.7,98452.3,98138.0,98148.3,110495430.3621998
2025-02-14 19:14:59.750000+00:00,2025-02-14 19:00:00+00:00,continuous,98148.4,98400.0,98148.3,98385.1,146276841.63029972
2025-02-14 19:29:59.782000+00:00,2025-02-14 19:15:00+00:00,continuous,98385.2,98394.0,98111.0,98133.5,80232364.80009952
2025-02-14 19:44:59.879000+00:00,2025-02-14 19:30:00+00:00,continuous,98133.6,98229.7,97755.8,98185.1,290870959.7992988
2025-02-14 19:59:59.921000+00:00,2025-02-14 19:45:00+00:00,continuous,98185.0,98209.3,97598.2,97898.3,268437654.937999
2025-02-14 20:14:59.533000+00:00,2025-02-14 20:00:00+00:00,continuous,97898.4,98050.0,97764.8,98023.8,112825472.47249967
2025-02-14 20:29:59.958000+00:00,2025-02-14 20:15:00+00:00,continuous,98023.9,98229.1,97850.0,97941.9,192988206.84600058
2025-02-14 20:44:59.896000+00:00,2025-02-14 20:30:00+00:00,continuous,97941.9,97968.0,97753.9,97816.7,63204420.724700086
2025-02-14 20:59:59.945000+00:00,2025-02-14 20:45:00+00:00,continuous,97816.7,97822.2,96920.1,97135.0,499178213.3826003
2025-02-14 21:14:59.895000+00:00,2025-02-14 21:00:00+00:00,continuous,97135.0,97291.0,96636.7,96833.0,344175048.5393994
2025-02-14 21:29:59.839000+00:00,2025-02-14 21:15:00+00:00,continuous,96833.0,97156.3,96698.5,97020.0,199029717.96280107
2025-02-14 21:44:59.796000+00:00,2025-02-14 21:30:00+00:00,continuous,97020.1,97347.0,97000.0,97260.1,171403689.04490015
2025-02-14 21:59:59.937000+00:00,2025-02-14 21:45:00+00:00,continuous,97260.2,97444.0,97216.7,97405.0,85436844.94200008
2025-02-14 22:14:59.887000+00:00,2025-02-14 22:00:00+00:00,continuous,97405.0,97490.4,97332.8,97335.9,84344435.49249968
2025-02-14 22:29:58.662000+00:00,2025-02-14 22:15:00+00:00,continuous,97336.0,97408.1,97256.6,97408.0,54421089.11060002
2025-02-14 22:44:59.838000+00:00,2025-02-14 22:30:00+00:00,continuous,97408.1,97408.1,97003.2,97228.4,97764915.34120017
2025-02-14 22:59:59.291000+00:00,2025-02-14 22:45:00+00:00,continuous,97228.4,97228.5,96877.9,97081.6,72934704.46879975
2025-02-14 23:14:58.082000+00:00,2025-02-14 23:00:00+00:00,continuous,97081.6,97196.0,96944.4,97168.9,70187450.43130018
2025-02-14 23:29:59.904000+00:00,2025-02-14 23:15:00+00:00,continuous,97168.9,97343.2,97168.8,97269.4,45314434.049400024
2025-02-14 23:44:59.973000+00:00,2025-02-14 23:30:00+00:00,continuous,97269.3,97420.1,97238.5,97371.9,53034023.042199954
2025-02-14 23:59:59.815000+00:00,2025-02-14 23:45:00+00:00,continuous,97371.8,97471.0,97350.0,97445.1,40859686.860499926
2025-02-15 00:14:59.885000+00:00,2025-02-15 00:00:00+00:00,continuous,97445.2,97450.0,97306.3,97397.8,68890394.52939959
2025-02-15 00:29:59.764000+00:00,2025-02-15 00:15:00+00:00,continuous,97397.8,97461.1,97275.0,97299.0,87776654.67740004
2025-02-15 00:44:59.868000+00:00,2025-02-15 00:30:00+00:00,continuous,97298.9,97362.7,97170.0,97350.8,70318508.17089947
2025-02-15 00:59:59.885000+00:00,2025-02-15 00:45:00+00:00,continuous,97350.8,97430.0,97350.5,97416.8,31000810.085700028
2025-02-15 01:14:59.108000+00:00,2025-02-15 01:00:00+00:00,continuous,97416.8,97643.1,97388.8,97551.4,99907045.63419963
2025-02-15 01:29:59.922000+00:00,2025-02-15 01:15:00+00:00,continuous,97551.3,97695.3,97519.4,97632.9,74207655.42579995
2025-02-15 01:44:59.884000+00:00,2025-02-15 01:30:00+00:00,continuous,97632.8,97650.0,97534.6,97579.8,58072244.610499926
2025-02-15 01:59:59.915000+00:00,2025-02-15 01:45:00+00:00,continuous,97579.8,97791.4,97564.6,97753.3,74467984.46540044
2025-02-15 02:14:59.945000+00:00,2025-02-15 02:00:00+00:00,continuous,97753.2,97870.0,97724.9,97845.5,65716694.10130018
2025-02-15 02:29:59.936000+00:00,2025-02-15 02:15:00+00:00,continuous,97845.4,97845.5,97631.1,97636.8,62430675.29650016
2025-02-15 02:44:59.804000+00:00,2025-02-15 02:30:00+00:00,continuous,97636.8,97676.2,97582.8,97665.1,40982073.10510013
2025-02-15 02:59:59.717000+00:00,2025-02-15 02:45:00+00:00,continuous,97665.0,97800.0,97665.0,97790.1,54023401.65799993
2025-02-15 03:14:58.765000+00:00,2025-02-15 03:00:00+00:00,continuous,97790.1,97941.2,97782.6,97873.9,54712796.99330006
2025-02-15 03:29:58.955000+00:00,2025-02-15 03:15:00+00:00,continuous,97873.9,97873.9,97752.7,97759.9,40900700.326699995
2025-02-15 03:44:59.272000+00:00,2025-02-15 03:30:00+00:00,continuous,97759.8,97759.9,97587.3,97650.9,57390321.63639993
2025-02-15 03:59:59.287000+00:00,2025-02-15 03:45:00+00:00,continuous,97650.8,97677.6,97618.0,97619.4,40156055.3816001
2025-02-15 04:14:59.631000+00:00,2025-02-15 04:00:00+00:00,continuous,97619.4,97750.0,97537.2,97728.7,68660916.96139985
2025-02-15 04:29:59.860000+00:00,2025-02-15 04:15:00+00:00,continuous,97728.7,97737.8,97635.9,97635.9,33742583.09179995
2025-02-15 04:44:59.438000+00:00,2025-02-15 04:30:00+00:00,continuous,97636.0,97649.0,97450.0,97459.2,63604085.58639987
2025-02-15 04:59:59.902000+00:00,2025-02-15 04:45:00+00:00,continuous,97459.2,97535.7,97452.3,97481.5,25335916.682299893
2025-02-15 05:14:59.900000+00:00,2025-02-15 05:00:00+00:00,continuous,97481.4,97547.2,97412.0,97466.7,32668777.514599934
2025-02-15 05:29:59.487000+00:00,2025-02-15 05:15:00+00:00,continuous,97466.7,97554.2,97413.1,97537.8,29387423.040699933
2025-02-15 05:44:58.321000+00:00,2025-02-15 05:30:00+00:00,continuous,97537.7,97601.1,97503.8,97588.5,22878495.82680003
2025-02-15 05:59:59.799000+00:00,2025-02-15 05:45:00+00:00,continuous,97588.6,97588.6,97495.8,97559.9,22741266.342700012
2025-02-15 06:14:59.551000+00:00,2025-02-15 06:00:00+00:00,continuous,97559.9,97565.5,97472.6,97487.2,22327630.056499895
2025-02-15 06:29:58.815000+00:00,2025-02-15 06:15:00+00:00,continuous,97487.2,97623.1,97480.0,97581.9,32367951.11379994
2025-02-15 06:44:59.762000+00:00,2025-02-15 06:30:00+00:00,continuous,97581.9,97591.0,97472.1,97472.1,28288782.137700077
2025-02-15 06:59:59.811000+00:00,2025-02-15 06:45:00+00:00,continuous,97472.1,97472.2,97378.5,97445.9,57222813.87560004
2025-02-15 07:14:59.831000+00:00,2025-02-15 07:00:00+00:00,continuous,97446.0,97480.0,97352.7,97393.2,34964734.07730002
2025-02-15 07:29:59.716000+00:00,2025-02-15 07:15:00+00:00,continuous,97393.2,97422.2,97306.3,97422.2,45104112.79780025
2025-02-15 07:44:59.718000+00:00,2025-02-15 07:30:00+00:00,continuous,97422.1,97426.5,97324.5,97425.9,33516436.140500113
2025-02-15 07:59:59.614000+00:00,2025-02-15 07:45:00+00:00,continuous,97425.8,97435.3,97312.4,97312.4,31784091.31219997
2025-02-15 08:14:59.896000+00:00,2025-02-15 08:00:00+00:00,continuous,97312.4,97426.8,97255.2,97329.9,77484457.40039955
2025-02-15 08:29:59.638000+00:00,2025-02-15 08:15:00+00:00,continuous,97329.9,97457.8,97329.9,97409.2,27378987.24290006
2025-02-15 08:44:59.600000+00:00,2025-02-15 08:30:00+00:00,continuous,97409.1,97505.0,97402.5,97477.3,38375866.29309988
2025-02-15 08:59:59.763000+00:00,2025-02-15 08:45:00+00:00,continuous,97477.3,97494.7,97426.8,97475.7,19439929.89689995
2025-02-15 09:14:59.048000+00:00,2025-02-15 09:00:00+00:00,continuous,97475.7,97562.1,97469.4,97502.4,48936871.58500027
2025-02-15 09:29:59.460000+00:00,2025-02-15 09:15:00+00:00,continuous,97502.4,97555.7,97403.3,97419.9,29943141.930299953
2025-02-15 09:44:59.592000+00:00,2025-02-15 09:30:00+00:00,continuous,97419.9,97526.4,97392.0,97526.1,24414248.885200154
2025-02-15 09:59:58.653000+00:00,2025-02-15 09:45:00+00:00,continuous,97526.1,97551.5,97500.0,97522.0,24072289.090599854
2025-02-15 10:14:59.352000+00:00,2025-02-15 10:00:00+00:00,continuous,97522.0,97549.5,97439.7,97467.1,22913158.11379999
2025-02-15 10:29:59.859000+00:00,2025-02-15 10:15:00+00:00,continuous,97467.1,97544.3,97404.0,97544.3,36522320.83119999
2025-02-15 10:44:59.630000+00:00,2025-02-15 10:30:00+00:00,continuous,97544.3,97575.7,97476.7,97518.0,30386591.96590002
2025-02-15 10:59:59.600000+00:00,2025-02-15 10:45:00+00:00,continuous,97517.9,97692.3,97504.9,97610.9,58799232.481599905
2025-02-15 11:14:59.479000+00:00,2025-02-15 11:00:00+00:00,continuous,97610.9,97633.6,97499.3,97499.3,37820148.21589984
2025-02-15 11:29:59.019000+00:00,2025-02-15 11:15:00+00:00,continuous,97499.3,97545.6,97431.9,97545.4,39874498.89879983
2025-02-15 11:44:59.268000+00:00,2025-02-15 11:30:00+00:00,continuous,97545.4,97590.4,97450.0,97559.8,52937321.98059993
2025-02-15 11:59:59.480000+00:00,2025-02-15 11:45:00+00:00,continuous,97559.7,97610.5,97520.3,97569.4,33858930.88070022
2025-02-15 12:14:59.809000+00:00,2025-02-15 12:00:00+00:00,continuous,97569.5,97600.0,97506.0,97519.1,30940749.057699975
2025-02-15 12:29:59.152000+00:00,2025-02-15 12:15:00+00:00,continuous,97519.0,97621.6,97485.8,97610.3,30983257.453799944
2025-02-15 12:44:59.426000+00:00,2025-02-15 12:30:00+00:00,continuous,97610.2,97797.6,97458.8,97671.0,200240948.0793004
2025-02-15 12:59:59.763000+00:00,2025-02-15 12:45:00+00:00,continuous,97671.0,97791.2,97627.4,97706.1,51041819.274699934
2025-02-15 13:14:59.558000+00:00,2025-02-15 13:00:00+00:00,continuous,97706.2,97784.4,97641.5,97659.9,38540815.40099991
2025-02-15 13:29:59.511000+00:00,2025-02-15 13:15:00+00:00,continuous,97659.8,97766.4,97627.2,97751.3,48303147.094399884
2025-02-15 13:44:59.928000+00:00,2025-02-15 13:30:00+00:00,continuous,97751.3,97899.8,97636.2,97706.1,102741479.00620116
2025-02-15 13:59:59.773000+00:00,2025-02-15 13:45:00+00:00,continuous,97706.1,97811.6,97630.0,97667.8,50774854.47879994
2025-02-15 14:14:59.334000+00:00,2025-02-15 14:00:00+00:00,continuous,97667.2,97716.0,97550.0,97657.0,83648872.6858998
2025-02-15 14:29:59.895000+00:00,2025-02-15 14:15:00+00:00,continuous,97656.9,97711.6,97500.0,97529.1,91575591.53170036
2025-02-15 14:44:59.443000+00:00,2025-02-15 14:30:00+00:00,continuous,97529.2,97559.0,97377.0,97450.1,114652564.40319954
2025-02-15 14:59:59.965000+00:00,2025-02-15 14:45:00+00:00,continuous,97450.1,97594.4,97450.1,97564.1,56001581.51140007
2025-02-15 15:14:59.903000+00:00,2025-02-15 15:00:00+00:00,continuous,97564.2,97679.9,97542.1,97657.3,76481185.36669968
2025-02-15 15:29:59.480000+00:00,2025-02-15 15:15:00+00:00,continuous,97657.3,97657.3,97535.9,97565.3,35397615.52589983
2025-02-15 15:44:58.601000+00:00,2025-02-15 15:30:00+00:00,continuous,97565.3,97669.3,97496.4,97660.8,53279920.62279997
2025-02-15 15:59:59.971000+00:00,2025-02-15 15:45:00+00:00,continuous,97660.9,97666.5,97540.2,97594.5,25261091.91539993
2025-02-15 16:14:59.100000+00:00,2025-02-15 16:00:00+00:00,continuous,97594.5,97682.4,97522.2,97569.0,67571158.18309975
2025-02-15 16:29:59.756000+00:00,2025-02-15 16:15:00+00:00,continuous,97568.9,97649.1,97500.3,97559.9,54629331.11910012
2025-02-15 16:44:59.678000+00:00,2025-02-15 16:30:00+00:00,continuous,97559.9,97560.0,97450.0,97450.0,46977687.35699991
2025-02-15 16:59:58.689000+00:00,2025-02-15 16:45:00+00:00,continuous,97450.1,97520.3,97407.6,97494.4,38477619.04559988
2025-02-15 17:14:59.746000+00:00,2025-02-15 17:00:00+00:00,continuous,97494.3,97542.4,97436.4,97526.6,48395266.05009992
2025-02-15 17:29:59.980000+00:00,2025-02-15 17:15:00+00:00,continuous,97526.5,97542.3,97313.6,97378.0,89362130.14370002
2025-02-15 17:44:59.962000+00:00,2025-02-15 17:30:00+00:00,continuous,97377.9,97378.3,97281.9,97309.1,90197346.02659993
2025-02-15 17:59:59.401000+00:00,2025-02-15 17:45:00+00:00,continuous,97309.1,97384.7,97274.5,97372.3,49602748.00270012
2025-02-15 18:14:59.621000+00:00,2025-02-15 18:00:00+00:00,continuous,97372.3,97472.5,97329.7,97410.5,47951216.50330001
2025-02-15 18:29:58.350000+00:00,2025-02-15 18:15:00+00:00,continuous,97410.6,97432.1,97327.1,97415.4,34132662.98190002
2025-02-15 18:44:59.816000+00:00,2025-02-15 18:30:00+00:00,continuous,97415.3,97479.2,97399.9,97470.0,25057843.845899947
2025-02-15 18:59:59.629000+00:00,2025-02-15 18:45:00+00:00,continuous,97470.1,97545.4,97450.7,97502.0,31545518.632100005
2025-02-15 19:14:59.875000+00:00,2025-02-15 19:00:00+00:00,continuous,97502.0,97608.6,97492.3,97549.1,49383948.69339986
2025-02-15 19:29:58.612000+00:00,2025-02-15 19:15:00+00:00,continuous,97549.1,97610.0,97499.7,97604.0,24822723.2049999
2025-02-15 19:44:59.260000+00:00,2025-02-15 19:30:00+00:00,continuous,97603.9,97604.0,97504.0,97522.8,23119828.94579997
2025-02-15 19:59:59.847000+00:00,2025-02-15 19:45:00+00:00,continuous,97522.8,97579.1,97466.9,97496.9,36734532.52839998
2025-02-15 20:14:59.808000+00:00,2025-02-15 20:00:00+00:00,continuous,97497.0,97609.3,97480.3,97563.2,50062177.01299992
2025-02-15 20:29:58.406000+00:00,2025-02-15 20:15:00+00:00,continuous,97563.2,97563.3,97470.0,97525.6,16738435.035600027
2025-02-15 20:44:59.624000+00:00,2025-02-15 20:30:00+00:00,continuous,97525.7,97525.7,97378.2,97398.8,35085184.08409984
2025-02-15 20:59:59.872000+00:00,2025-02-15 20:45:00+00:00,continuous,97398.7,97498.2,97370.0,97498.2,24529557.305300083
2025-02-15 21:14:59.946000+00:00,2025-02-15 21:00:00+00:00,continuous,97498.2,97609.3,97486.4,97605.9,46455784.91529999
2025-02-15 21:29:58.479000+00:00,2025-02-15 21:15:00+00:00,continuous,97606.0,97634.1,97549.1,97588.4,31498867.15259999
2025-02-15 21:44:59.954000+00:00,2025-02-15 21:30:00+00:00,continuous,97588.5,97599.0,97516.3,97582.3,14656251.815099996
2025-02-15 21:59:59.643000+00:00,2025-02-15 21:45:00+00:00,continuous,97582.3,97647.7,97563.7,97636.6,30262693.309700042
2025-02-15 22:14:59.560000+00:00,2025-02-15 22:00:00+00:00,continuous,97636.7,97698.4,97623.9,97698.2,30835097.814400166
2025-02-15 22:29:59.826000+00:00,2025-02-15 22:15:00+00:00,continuous,97698.1,97698.2,97400.0,97403.8,42221609.274799995
2025-02-15 22:44:59.825000+00:00,2025-02-15 22:30:00+00:00,continuous,97403.8,97514.7,97378.5,97392.1,33720591.54530013
2025-02-15 22:59:59.480000+00:00,2025-02-15 22:45:00+00:00,continuous,97392.1,97514.9,97377.6,97502.3,57108190.05529988
2025-02-15 23:14:56.734000+00:00,2025-02-15 23:00:00+00:00,continuous,97502.3,97509.9,97376.0,97392.1,78831570.12540007
2025-02-15 23:29:58.403000+00:00,2025-02-15 23:15:00+00:00,continuous,97392.2,97593.3,97392.2,97555.2,69187744.17710014
2025-02-15 23:44:58.893000+00:00,2025-02-15 23:30:00+00:00,continuous,97555.2,97597.7,97507.6,97507.6,17896862.889300026
2025-02-15 23:59:59.600000+00:00,2025-02-15 23:45:00+00:00,continuous,97507.6,97541.9,97480.4,97538.0,29678531.6787
2025-02-16 00:14:59.690000+00:00,2025-02-16 00:00:00+00:00,continuous,97538.0,97588.7,97518.8,97580.0,15139920.289800033
2025-02-16 00:29:59.800000+00:00,2025-02-16 00:15:00+00:00,continuous,97579.9,97661.0,97579.9,97626.6,35029664.54869996
2025-02-16 00:44:58.614000+00:00,2025-02-16 00:30:00+00:00,continuous,97626.5,97665.8,97595.3,97634.6,29291316.532500103
2025-02-16 00:59:58.881000+00:00,2025-02-16 00:45:00+00:00,continuous,97634.7,97649.9,97535.2,97546.0,30735147.761400044
2025-02-16 01:14:58.478000+00:00,2025-02-16 01:00:00+00:00,continuous,97546.1,97598.7,97509.4,97555.9,18385250.95209997
2025-02-16 01:29:59.940000+00:00,2025-02-16 01:15:00+00:00,continuous,97555.9,97571.3,97492.6,97541.3,24717063.44140001
2025-02-16 01:44:59.987000+00:00,2025-02-16 01:30:00+00:00,continuous,97541.4,97561.0,97492.6,97560.3,17160134.524099972
2025-02-16 01:59:57.369000+00:00,2025-02-16 01:45:00+00:00,continuous,97560.3,97628.1,97534.7,97593.2,25779676.67069994
2025-02-16 02:14:58.343000+00:00,2025-02-16 02:00:00+00:00,continuous,97593.2,97603.0,97494.8,97515.4,43423934.8161999
2025-02-16 02:29:58.743000+00:00,2025-02-16 02:15:00+00:00,continuous,97515.5,97619.0,97494.2,97597.1,35541760.8563
2025-02-16 02:44:59.065000+00:00,2025-02-16 02:30:00+00:00,continuous,97597.1,97606.0,97500.0,97527.8,44524331.793699846
2025-02-16 02:59:58.313000+00:00,2025-02-16 02:45:00+00:00,continuous,97527.8,97565.5,97421.0,97474.7,58357693.04769995
2025-02-16 03:14:59.929000+00:00,2025-02-16 03:00:00+00:00,continuous,97474.7,97477.6,97391.5,97477.6,50239923.28180011
2025-02-16 03:29:59.649000+00:00,2025-02-16 03:15:00+00:00,continuous,97477.6,97477.6,97373.1,97433.1,48653628.945499875
2025-02-16 03:44:59.444000+00:00,2025-02-16 03:30:00+00:00,continuous,97433.0,97486.1,97382.3,97459.0,63747375.691800125
2025-02-16 03:59:58.713000+00:00,2025-02-16 03:45:00+00:00,continuous,97459.1,97505.0,97459.1,97504.9,11846735.329300035
2025-02-16 04:14:58.132000+00:00,2025-02-16 04:00:00+00:00,continuous,97504.8,97545.8,97476.5,97483.4,34093629.032400094
2025-02-16 04:29:59.987000+00:00,2025-02-16 04:15:00+00:00,continuous,97483.5,97500.0,97420.9,97457.4,28500389.244999815
2025-02-16 04:44:58.269000+00:00,2025-02-16 04:30:00+00:00,continuous,97457.4,97514.7,97430.1,97475.4,30896616.616900034
2025-02-16 04:59:57.944000+00:00,2025-02-16 04:45:00+00:00,continuous,97475.4,97507.2,97443.1,97486.3,14526955.690200074
2025-02-16 05:14:59.167000+00:00,2025-02-16 05:00:00+00:00,continuous,97486.3,97495.3,97433.5,97460.1,16860253.518399987
2025-02-16 05:29:58.514000+00:00,2025-02-16 05:15:00+00:00,continuous,97460.2,97470.0,97429.1,97469.0,14024697.055399999
2025-02-16 05:44:58.698000+00:00,2025-02-16 05:30:00+00:00,continuous,97469.1,97559.4,97434.8,97532.8,30567584.78029991
2025-02-16 05:59:57.928000+00:00,2025-02-16 05:45:00+00:00,continuous,97532.8,97638.8,97532.7,97556.0,41786516.75990001
2025-02-16 06:14:59.101000+00:00,2025-02-16 06:00:00+00:00,continuous,97556.0,97556.0,97487.3,97517.7,28442774.741499938
2025-02-16 06:29:59.388000+00:00,2025-02-16 06:15:00+00:00,continuous,97517.8,97555.2,97490.0,97555.1,13408870.302499972
2025-02-16 06:44:59.677000+00:00,2025-02-16 06:30:00+00:00,continuous,97555.1,97583.8,97475.1,97480.5,28830206.408799868
2025-02-16 06:59:59.175000+00:00,2025-02-16 06:45:00+00:00,continuous,97480.5,97494.6,97390.1,97442.9,38032431.88799985
2025-02-16 07:14:59.992000+00:00,2025-02-16 07:00:00+00:00,continuous,97442.9,97443.0,97337.5,97403.3,59981811.82439999
2025-02-16 07:29:59.819000+00:00,2025-02-16 07:15:00+00:00,continuous,97403.2,97417.6,97309.9,97335.1,42094920.642500006
2025-02-16 07:44:59.553000+00:00,2025-02-16 07:30:00+00:00,continuous,97335.1,97384.1,97328.3,97330.1,26880826.41749995
2025-02-16 07:59:59.811000+00:00,2025-02-16 07:45:00+00:00,continuous,97330.1,97336.9,97137.0,97207.4,121833249.33490022
2025-02-16 08:14:59.016000+00:00,2025-02-16 08:00:00+00:00,continuous,97207.4,97293.7,97148.1,97260.4,60947482.81339986
2025-02-16 08:29:59.487000+00:00,2025-02-16 08:15:00+00:00,continuous,97260.4,97293.8,97161.5,97220.1,46815872.83120012
2025-02-16 08:44:59.665000+00:00,2025-02-16 08:30:00+00:00,continuous,97220.1,97273.1,97111.0,97131.1,69189908.9682999
2025-02-16 08:59:59.558000+00:00,2025-02-16 08:45:00+00:00,continuous,97131.0,97160.0,97074.8,97120.4,69317929.12769991
2025-02-16 09:14:59.912000+00:00,2025-02-16 09:00:00+00:00,continuous,97120.3,97158.7,97060.3,97080.8,84655454.66719988
2025-02-16 09:29:59.995000+00:00,2025-02-16 09:15:00+00:00,continuous,97080.8,97153.1,97011.0,97153.1,64504965.477300055
2025-02-16 09:44:59.383000+00:00,2025-02-16 09:30:00+00:00,continuous,97153.2,97280.0,97120.1,97261.9,62542382.682199866
2025-02-16 09:59:59.991000+00:00,2025-02-16 09:45:00+00:00,continuous,97262.0,97326.6,97234.5,97322.3,49625320.99239987
2025-02-16 10:14:59.334000+00:00,2025-02-16 10:00:00+00:00,continuous,97322.3,97355.0,97262.9,97270.2,33973889.93639998
2025-02-16 10:29:59.256000+00:00,2025-02-16 10:15:00+00:00,continuous,97270.2,97270.2,97218.5,97218.9,20498220.90810009
2025-02-16 10:44:59.967000+00:00,2025-02-16 10:30:00+00:00,continuous,97218.9,97233.9,97180.0,97228.9,22476477.35350005
2025-02-16 10:59:59.758000+00:00,2025-02-16 10:45:00+00:00,continuous,97228.8,97261.8,97122.2,97140.1,28817898.49149997
2025-02-16 11:14:58.835000+00:00,2025-02-16 11:00:00+00:00,continuous,97140.1,97205.0,97113.0,97171.9,26934563.37079994
2025-02-16 11:29:59.393000+00:00,2025-02-16 11:15:00+00:00,continuous,97171.9,97250.0,97156.3,97241.9,24906807.53650017
2025-02-16 11:44:59.516000+00:00,2025-02-16 11:30:00+00:00,continuous,97242.0,97291.5,97172.1,97198.6,25118421.927200016
2025-02-16 11:59:59.095000+00:00,2025-02-16 11:45:00+00:00,continuous,97198.6,97299.0,97197.5,97293.1,17379976.318600003
2025-02-16 12:14:59.519000+00:00,2025-02-16 12:00:00+00:00,continuous,97293.1,97295.7,97188.9,97188.9,24035190.16589989
2025-02-16 12:29:57.480000+00:00,2025-02-16 12:15:00+00:00,continuous,97189.0,97226.3,97165.0,97208.2,18582177.52640006
2025-02-16 12:44:59.949000+00:00,2025-02-16 12:30:00+00:00,continuous,97208.2,97213.3,97111.0,97126.3,76126358.71179976
2025-02-16 12:59:59.841000+00:00,2025-02-16 12:45:00+00:00,continuous,97126.3,97126.3,97055.0,97086.8,44849802.89030002
2025-02-16 13:14:59.958000+00:00,2025-02-16 13:00:00+00:00,continuous,97086.8,97086.9,96934.2,97078.6,123416770.2714002
2025-02-16 13:29:58.953000+00:00,2025-02-16 13:15:00+00:00,continuous,97078.5,97194.9,97050.9,97063.2,75130911.31110005
2025-02-16 13:44:59.852000+00:00,2025-02-16 13:30:00+00:00,continuous,97063.1,97137.5,96862.8,96864.7,86740546.93330015
2025-02-16 13:59:59.794000+00:00,2025-02-16 13:45:00+00:00,continuous,96864.7,96981.1,96720.0,96806.2,178891529.82020018
2025-02-16 14:14:59.798000+00:00,2025-02-16 14:00:00+00:00,continuous,96806.2,96915.0,96629.5,96800.1,205181440.1437007
2025-02-16 14:29:59.907000+00:00,2025-02-16 14:15:00+00:00,continuous,96800.2,96844.4,96672.8,96790.0,85035808.58699971
2025-02-16 14:44:59.724000+00:00,2025-02-16 14:30:00+00:00,continuous,96790.0,96886.2,96700.0,96857.7,107079168.97250032
2025-02-16 14:59:59.938000+00:00,2025-02-16 14:45:00+00:00,continuous,96857.7,96990.0,96841.8,96920.0,91343993.30760054
2025-02-16 15:14:59.804000+00:00,2025-02-16 15:00:00+00:00,continuous,96919.9,97010.8,96875.0,96877.0,80988335.83389995
2025-02-16 15:29:59.759000+00:00,2025-02-16 15:15:00+00:00,continuous,96877.0,97056.7,96856.6,97025.4,49442253.125100076
2025-02-16 15:44:58.080000+00:00,2025-02-16 15:30:00+00:00,continuous,97025.4,97025.4,96902.8,96960.5,44357845.434999935
2025-02-16 15:59:59.989000+00:00,2025-02-16 15:45:00+00:00,continuous,96960.4,96976.8,96849.3,96849.9,35107700.85139993
2025-02-16 16:14:59.918000+00:00,2025-02-16 16:00:00+00:00,continuous,96850.0,97023.3,96822.3,97004.5,80476405.5630002
2025-02-16 16:29:59.265000+00:00,2025-02-16 16:15:00+00:00,continuous,97004.5,97054.5,96930.0,97027.2,60468541.71049999
2025-02-16 16:44:57.847000+00:00,2025-02-16 16:30:00+00:00,continuous,97027.3,97079.8,96950.0,96980.3,40853427.136999965
2025-02-16 16:59:59.892000+00:00,2025-02-16 16:45:00+00:00,continuous,96980.3,97012.0,96897.2,97007.9,33420604.44439996
2025-02-16 17:14:59.476000+00:00,2025-02-16 17:00:00+00:00,continuous,97008.0,97134.0,96980.0,97092.8,44865874.59859999
2025-02-16 17:29:58.862000+00:00,2025-02-16 17:15:00+00:00,continuous,97092.8,97109.7,97031.1,97044.9,28330805.66059995
2025-02-16 17:44:59.856000+00:00,2025-02-16 17:30:00+00:00,continuous,97044.9,97044.9,96906.6,96992.3,41754298.64520006
2025-02-16 17:59:59.914000+00:00,2025-02-16 17:45:00+00:00,continuous,96992.2,97000.0,96875.7,96923.2,52445153.31039994
2025-02-16 18:14:59.747000+00:00,2025-02-16 18:00:00+00:00,continuous,96923.2,96944.4,96800.0,96863.0,72907642.71019974
2025-02-16 18:29:59.782000+00:00,2025-02-16 18:15:00+00:00,continuous,96862.9,96890.3,96722.0,96734.5,89592442.70959994
2025-02-16 18:44:59.639000+00:00,2025-02-16 18:30:00+00:00,continuous,96734.5,96847.8,96572.5,96801.6,117554116.94749969
2025-02-16 18:59:59.439000+00:00,2025-02-16 18:45:00+00:00,continuous,96801.5,96930.0,96741.0,96828.5,48678837.72329994
2025-02-16 19:14:59.683000+00:00,2025-02-16 19:00:00+00:00,continuous,96828.6,96891.5,96716.0,96837.8,39997538.04720029
2025-02-16 19:29:59.973000+00:00,2025-02-16 19:15:00+00:00,continuous,96837.7,96936.0,96766.4,96884.1,29727393.030399952
2025-02-16 19:44:59.162000+00:00,2025-02-16 19:30:00+00:00,continuous,96884.0,97055.5,96878.6,97028.0,62471255.32689999
2025-02-16 19:59:59.290000+00:00,2025-02-16 19:45:00+00:00,continuous,97028.0,97077.5,96966.6,97021.5,28706613.30439988
2025-02-16 20:14:59.511000+00:00,2025-02-16 20:00:00+00:00,continuous,97021.4,97099.3,96960.0,97042.1,43273087.07639983
2025-02-16 20:29:59.599000+00:00,2025-02-16 20:15:00+00:00,continuous,97042.0,97137.1,96996.5,97006.7,36202418.450800024
2025-02-16 20:44:59.621000+00:00,2025-02-16 20:30:00+00:00,continuous,97006.7,97006.7,96875.1,96900.8,27172529.564199988
2025-02-16 20:59:59.586000+00:00,2025-02-16 20:45:00+00:00,continuous,96900.8,96930.3,96820.0,96864.8,20602208.066200033
2025-02-16 21:14:59.952000+00:00,2025-02-16 21:00:00+00:00,continuous,96864.8,96993.0,96820.0,96834.5,28469391.595800005
2025-02-16 21:29:59.935000+00:00,2025-02-16 21:15:00+00:00,continuous,96834.4,96960.0,96818.1,96945.2,37568535.70970013
2025-02-16 21:44:59.643000+00:00,2025-02-16 21:30:00+00:00,continuous,96945.2,97247.6,96929.8,97126.5,104141501.22679977
2025-02-16 21:59:59.955000+00:00,2025-02-16 21:45:00+00:00,continuous,97126.5,97144.0,97065.2,97133.7,33640812.51519996
2025-02-16 22:14:59.663000+00:00,2025-02-16 22:00:00+00:00,continuous,97133.7,97148.5,97041.3,97045.4,28288913.168599974
2025-02-16 22:29:59.856000+00:00,2025-02-16 22:15:00+00:00,continuous,97045.3,97045.4,96624.3,96854.2,90844751.04330036
2025-02-16 22:44:59.984000+00:00,2025-02-16 22:30:00+00:00,continuous,96854.1,96871.1,96522.0,96750.0,114722576.7970001
2025-02-16 22:59:59.723000+00:00,2025-02-16 22:45:00+00:00,continuous,96749.9,96905.7,96700.0,96826.7,57706679.657000124
2025-02-16 23:14:59.933000+00:00,2025-02-16 23:00:00+00:00,continuous,96826.6,96843.5,96266.9,96304.8,348526490.9815985
2025-02-16 23:29:59.870000+00:00,2025-02-16 23:15:00+00:00,continuous,96304.8,96425.5,96111.0,96181.8,207780394.74490094
2025-02-16 23:44:59.991000+00:00,2025-02-16 23:30:00+00:00,continuous,96181.8,96210.5,96002.0,96138.0,192208899.10510072
2025-02-16 23:59:59.707000+00:00,2025-02-16 23:45:00+00:00,continuous,96137.9,96180.4,96029.9,96067.0,95213981.28780004
2025-02-17 00:14:59.639000+00:00,2025-02-17 00:00:00+00:00,continuous,96067.0,96249.0,96000.0,96159.0,152196932.74269924
2025-02-17 00:29:59.880000+00:00,2025-02-17 00:15:00+00:00,continuous,96159.0,96396.4,96110.0,96380.0,104571484.59620017
2025-02-17 00:44:59.820000+00:00,2025-02-17 00:30:00+00:00,continuous,96380.0,96391.6,96279.1,96319.5,50570793.84199977
2025-02-17 00:59:59.478000+00:00,2025-02-17 00:45:00+00:00,continuous,96319.5,96358.0,96139.3,96273.6,64404269.110399984
2025-02-17 01:14:59.861000+00:00,2025-02-17 01:00:00+00:00,continuous,96273.6,96400.0,96157.4,96382.6,55632927.01120007
2025-02-17 01:29:59.591000+00:00,2025-02-17 01:15:00+00:00,continuous,96382.7,96382.7,96013.7,96203.8,106279906.4818999
2025-02-17 01:44:59.261000+00:00,2025-02-17 01:30:00+00:00,continuous,96203.9,96357.0,96180.5,96250.6,44848553.3646003
2025-02-17 01:59:59.767000+00:00,2025-02-17 01:45:00+00:00,continuous,96250.5,96499.9,96225.7,96463.7,84019351.02400002
2025-02-17 02:14:59.140000+00:00,2025-02-17 02:00:00+00:00,continuous,96463.7,96605.7,96350.0,96369.2,73949218.08309972
2025-02-17 02:29:58.010000+00:00,2025-02-17 02:15:00+00:00,continuous,96369.3,96427.3,96280.0,96418.4,39438836.84810016
2025-02-17 02:44:59.905000+00:00,2025-02-17 02:30:00+00:00,continuous,96418.4,96439.4,96250.0,96250.1,45446196.57119981
2025-02-17 02:59:59.825000+00:00,2025-02-17 02:45:00+00:00,continuous,96250.0,96267.5,96113.3,96188.0,45527822.3740999
2025-02-17 03:14:59.549000+00:00,2025-02-17 03:00:00+00:00,continuous,96188.1,96188.1,96080.4,96108.0,73139089.45469989
2025-02-17 03:29:59.797000+00:00,2025-02-17 03:15:00+00:00,continuous,96108.0,96167.1,96024.0,96157.9,65873346.98469975
2025-02-17 03:44:59.781000+00:00,2025-02-17 03:30:00+00:00,continuous,96157.9,96191.7,96117.8,96134.4,36394981.112900116
2025-02-17 03:59:59.755000+00:00,2025-02-17 03:45:00+00:00,continuous,96134.3,96242.0,96118.7,96171.5,50111572.79620001
2025-02-17 04:14:59.976000+00:00,2025-02-17 04:00:00+00:00,continuous,96171.4,96171.5,96022.3,96038.5,61116009.80120011
2025-02-17 04:29:59.977000+00:00,2025-02-17 04:15:00+00:00,continuous,96038.5,96189.0,95925.8,96189.0,96773260.17679967
2025-02-17 04:44:59.962000+00:00,2025-02-17 04:30:00+00:00,continuous,96188.9,96230.0,96015.8,96016.0,51077857.61040008
2025-02-17 04:59:59.790000+00:00,2025-02-17 04:45:00+00:00,continuous,96016.1,96104.2,95987.0,95987.0,45697260.13810004
2025-02-17 05:14:59.792000+00:00,2025-02-17 05:00:00+00:00,continuous,95987.0,96285.7,95739.6,96190.4,280892930.49280053
2025-02-17 05:29:59.669000+00:00,2025-02-17 05:15:00+00:00,continuous,96190.4,96263.3,95850.0,95990.1,120292499.62259972
2025-02-17 05:44:59.173000+00:00,2025-02-17 05:30:00+00:00,continuous,95990.1,96150.1,95970.1,96125.9,51986695.28379995
2025-02-17 05:59:59.644000+00:00,2025-02-17 05:45:00+00:00,continuous,96125.9,96236.6,96108.8,96198.5,46753719.65329988
2025-02-17 06:14:59.867000+00:00,2025-02-17 06:00:00+00:00,continuous,96198.5,96396.4,96165.5,96335.4,88855364.18760023
2025-02-17 06:29:59.984000+00:00,2025-02-17 06:15:00+00:00,continuous,96335.4,96367.7,96250.1,96327.1,57614442.20359985
2025-02-17 06:44:59.812000+00:00,2025-02-17 06:30:00+00:00,continuous,96327.0,96404.6,96264.4,96314.3,54470600.70589979
2025-02-17 06:59:59.932000+00:00,2025-02-17 06:45:00+00:00,continuous,96314.3,96344.9,96222.8,96344.8,36729087.007100046
2025-02-17 07:14:59.858000+00:00,2025-02-17 07:00:00+00:00,continuous,96344.7,96421.9,96241.9,96248.8,53788576.854399815
2025-02-17 07:29:59.966000+00:00,2025-02-17 07:15:00+00:00,continuous,96248.7,96264.8,96061.6,96114.5,77814431.05089942
2025-02-17 07:44:59.965000+00:00,2025-02-17 07:30:00+00:00,continuous,96113.5,96133.0,95903.2,95931.4,89550116.45860003
2025-02-17 07:59:59.804000+00:00,2025-02-17 07:45:00+00:00,continuous,95931.5,96065.8,95862.8,96023.8,96047828.93950069
2025-02-17 08:14:59.166000+00:00,2025-02-17 08:00:00+00:00,continuous,96023.8,96183.0,95897.1,96153.6,89175473.4664004
2025-02-17 08:29:59.468000+00:00,2025-02-17 08:15:00+00:00,continuous,96153.7,96153.7,96000.0,96013.7,48738303.20189982
2025-02-17 08:44:59.316000+00:00,2025-02-17 08:30:00+00:00,continuous,96013.7,96090.2,95903.4,95994.4,85655454.2898998
2025-02-17 08:59:59.969000+00:00,2025-02-17 08:45:00+00:00,continuous,95994.5,96270.0,95994.4,96109.4,109849511.05269904
2025-02-17 09:14:59.840000+00:00,2025-02-17 09:00:00+00:00,continuous,96109.4,96240.0,96046.4,96177.5,72619109.91529989
2025-02-17 09:29:59.905000+00:00,2025-02-17 09:15:00+00:00,continuous,96177.6,96220.0,96115.6,96194.0,53896470.21059985
2025-02-17 09:44:59.904000+00:00,2025-02-17 09:30:00+00:00,continuous,96194.0,96269.0,96130.0,96264.4,73370264.98280013
2025-02-17 09:59:59.675000+00:00,2025-02-17 09:45:00+00:00,continuous,96264.4,96272.1,96085.6,96110.5,87141077.02979982
2025-02-17 10:14:59.824000+00:00,2025-02-17 10:00:00+00:00,continuous,96110.4,96347.0,96092.2,96339.9,125941547.63170023
2025-02-17 10:29:58.821000+00:00,2025-02-17 10:15:00+00:00,continuous,96339.9,96347.0,96190.7,96219.3,93925060.78670041
2025-02-17 10:44:59.938000+00:00,2025-02-17 10:30:00+00:00,continuous,96219.3,96219.3,96025.4,96028.7,91356548.07530007
2025-02-17 10:59:59.976000+00:00,2025-02-17 10:45:00+00:00,continuous,96028.7,96101.0,95980.3,96051.2,74649071.43670005
2025-02-17 11:14:59.977000+00:00,2025-02-17 11:00:00+00:00,continuous,96051.3,96245.5,96001.6,96195.0,78871648.44510001
2025-02-17 11:29:59.580000+00:00,2025-02-17 11:15:00+00:00,continuous,96195.0,96230.0,96122.5,96122.5,30471319.2765
2025-02-17 11:44:59.717000+00:00,2025-02-17 11:30:00+00:00,continuous,96122.5,96150.0,95946.4,96007.0,73947812.48130001
2025-02-17 11:59:59.970000+00:00,2025-02-17 11:45:00+00:00,continuous,96007.0,96052.3,95976.0,96018.2,59330480.52789996
2025-02-17 12:14:59.728000+00:00,2025-02-17 12:00:00+00:00,continuous,96018.3,96217.9,96009.1,96199.1,72593054.53769983
2025-02-17 12:29:59.928000+00:00,2025-02-17 12:15:00+00:00,continuous,96199.0,96323.0,96168.1,96240.9,100310976.8152995
2025-02-17 12:44:59.983000+00:00,2025-02-17 12:30:00+00:00,continuous,96240.9,96340.5,96153.6,96270.1,59823506.60320023
2025-02-17 12:59:59.993000+00:00,2025-02-17 12:45:00+00:00,continuous,96270.0,96480.0,96270.0,96407.5,141658769.19760007
2025-02-17 13:14:59.983000+00:00,2025-02-17 13:00:00+00:00,continuous,96407.5,96449.7,96270.0,96311.9,86607282.49279977
2025-02-17 13:29:59.737000+00:00,2025-02-17 13:15:00+00:00,continuous,96311.9,96446.6,96251.2,96299.1,60388468.55529998
2025-02-17 13:44:59.507000+00:00,2025-02-17 13:30:00+00:00,continuous,96299.2,96313.2,96207.7,96308.3,51158719.12619977
2025-02-17 13:59:58.773000+00:00,2025-02-17 13:45:00+00:00,continuous,96308.4,96365.4,96287.8,96365.0,35058647.93220005
2025-02-17 14:14:59.945000+00:00,2025-02-17 14:00:00+00:00,continuous,96365.0,96956.0,96350.0,96887.1,347922191.5039004
2025-02-17 14:29:59.677000+00:00,2025-02-17 14:15:00+00:00,continuous,96887.2,97000.0,96520.0,96555.6,337665375.8141995
2025-02-17 14:44:59.833000+00:00,2025-02-17 14:30:00+00:00,continuous,96555.6,96756.5,96555.6,96600.1,141729791.45779923
2025-02-17 14:59:59.812000+00:00,2025-02-17 14:45:00+00:00,continuous,96600.0,96776.7,96557.0,96763.1,101445235.64370024
2025-02-17 15:14:59.882000+00:00,2025-02-17 15:00:00+00:00,continuous,96763.1,96858.0,96564.9,96579.1,116918056.7210993
2025-02-17 15:29:59.912000+00:00,2025-02-17 15:15:00+00:00,continuous,96579.0,96633.9,96420.0,96475.3,96060909.48110001
2025-02-17 15:44:59.843000+00:00,2025-02-17 15:30:00+00:00,continuous,96475.3,96479.6,96057.2,96080.4,336364794.48849833
2025-02-17 15:59:59.974000+00:00,2025-02-17 15:45:00+00:00,continuous,96080.5,96134.9,95491.7,95605.5,792161087.7106042
2025-02-17 16:14:59.877000+00:00,2025-02-17 16:00:00+00:00,continuous,95605.5,95900.0,95460.5,95573.2,392773768.7680988
2025-02-17 16:29:59.835000+00:00,2025-02-17 16:15:00+00:00,continuous,95573.3,95678.3,95436.2,95465.9,238603049.066601
2025-02-17 16:44:59.615000+00:00,2025-02-17 16:30:00+00:00,continuous,95465.8,95660.0,95312.1,95490.1,252318797.48079792
2025-02-17 16:59:59.978000+00:00,2025-02-17 16:45:00+00:00,continuous,95490.1,95502.8,95256.8,95294.4,178073684.9714992
2025-02-17 17:14:59.982000+00:00,2025-02-17 17:00:00+00:00,continuous,95294.5,95593.6,95270.1,95583.6,131414618.2880996
2025-02-17 17:29:59.410000+00:00,2025-02-17 17:15:00+00:00,continuous,95583.7,95698.2,95344.3,95354.1,189173225.4093991
2025-02-17 17:44:59.964000+00:00,2025-02-17 17:30:00+00:00,continuous,95354.1,95563.0,95246.1,95480.0,123090096.93979995
2025-02-17 17:59:59.601000+00:00,2025-02-17 17:45:00+00:00,continuous,95480.1,95655.3,95423.5,95434.0,99103253.39080013
2025-02-17 18:14:59.648000+00:00,2025-02-17 18:00:00+00:00,continuous,95434.1,95630.2,95318.4,95611.0,132251416.02639945
2025-02-17 18:29:59.974000+00:00,2025-02-17 18:15:00+00:00,continuous,95611.0,95736.8,95440.0,95455.3,102690388.78159986
2025-02-17 18:44:59.915000+00:00,2025-02-17 18:30:00+00:00,continuous,95455.1,95455.2,95276.0,95276.0,118760163.11269978
2025-02-17 18:59:59.896000+00:00,2025-02-17 18:45:00+00:00,continuous,95276.0,95389.8,95202.9,95300.1,97792173.66940038
2025-02-17 19:14:59.887000+00:00,2025-02-17 19:00:00+00:00,continuous,95300.0,95444.0,95150.6,95280.0,138280378.31769896
2025-02-17 19:29:59.814000+00:00,2025-02-17 19:15:00+00:00,continuous,95280.0,95433.7,95188.1,95390.0,68620109.70479979
2025-02-17 19:44:59.786000+00:00,2025-02-17 19:30:00+00:00,continuous,95390.0,95511.4,95325.4,95415.7,55746327.030900165
2025-02-17 19:59:59.782000+00:00,2025-02-17 19:45:00+00:00,continuous,95415.7,95560.0,95373.4,95490.8,50034762.17689996
2025-02-17 20:14:59.479000+00:00,2025-02-17 20:00:00+00:00,continuous,95490.7,95700.0,95452.8,95621.7,66229866.12159976
2025-02-17 20:29:59.860000+00:00,2025-02-17 20:15:00+00:00,continuous,95621.7,95823.7,95569.1,95753.0,66137781.52619986
2025-02-17 20:44:59.939000+00:00,2025-02-17 20:30:00+00:00,continuous,95752.9,95976.9,95662.2,95976.9,81972881.13959993
2025-02-17 20:59:59.979000+00:00,2025-02-17 20:45:00+00:00,continuous,95977.0,96225.0,95929.7,95929.8,167889797.41149998
2025-02-17 21:14:59.477000+00:00,2025-02-17 21:00:00+00:00,continuous,95929.7,96085.4,95909.0,96032.3,81566218.53590012
2025-02-17 21:29:59.620000+00:00,2025-02-17 21:15:00+00:00,continuous,96032.3,96077.4,95869.4,96077.4,60273127.92119996
2025-02-17 21:44:59.960000+00:00,2025-02-17 21:30:00+00:00,continuous,96077.4,96194.2,96014.5,96104.4,83703462.32990028
2025-02-17 21:59:59.788000+00:00,2025-02-17 21:45:00+00:00,continuous,96104.3,96385.4,96050.4,96375.6,180411961.7348002
2025-02-17 22:14:59.958000+00:00,2025-02-17 22:00:00+00:00,continuous,96375.6,96386.9,96082.1,96082.1,98068491.86080001
2025-02-17 22:29:59.683000+00:00,2025-02-17 22:15:00+00:00,continuous,96082.2,96169.2,96055.0,96101.1,51015363.57899984
2025-02-17 22:44:59.567000+00:00,2025-02-17 22:30:00+00:00,continuous,96101.1,96124.8,95950.8,96005.6,47068172.86919988
2025-02-17 22:59:59.910000+00:00,2025-02-17 22:45:00+00:00,continuous,96005.6,96070.3,95810.0,95845.8,55842807.095099844
2025-02-17 23:14:59.815000+00:00,2025-02-17 23:00:00+00:00,continuous,95845.8,95974.4,95828.1,95841.5,59155036.24789991
2025-02-17 23:29:59.480000+00:00,2025-02-17 23:15:00+00:00,continuous,95841.5,95865.9,95722.0,95728.4,51523073.66679995
2025-02-17 23:44:59.635000+00:00,2025-02-17 23:30:00+00:00,continuous,95728.5,95832.2,95703.4,95716.9,46913765.81760008
2025-02-17 23:59:59.573000+00:00,2025-02-17 23:45:00+00:00,continuous,95716.9,95778.2,95654.3,95743.2,41497888.43630007
2025-02-18 00:14:59.247000+00:00,2025-02-18 00:00:00+00:00,continuous,95743.1,96030.0,95743.1,95851.3,125708931.53359988
2025-02-18 00:29:59.761000+00:00,2025-02-18 00:15:00+00:00,continuous,95851.4,95863.6,95508.8,95560.0,101555499.64849988
2025-02-18 00:44:59.947000+00:00,2025-02-18 00:30:00+00:00,continuous,95559.9,95718.4,95531.0,95591.6,53009300.8867998
2025-02-18 00:59:59.956000+00:00,2025-02-18 00:45:00+00:00,continuous,95591.6,95695.1,95514.3,95600.6,40880934.36599986
2025-02-18 01:14:59.760000+00:00,2025-02-18 01:00:00+00:00,continuous,95600.6,96029.6,95566.3,95930.0,105646184.07180026
2025-02-18 01:29:59.822000+00:00,2025-02-18 01:15:00+00:00,continuous,95930.0,96110.7,95892.4,95971.6,134847139.1476
2025-02-18 01:44:59.532000+00:00,2025-02-18 01:30:00+00:00,continuous,95971.5,96085.9,95970.0,96070.1,67423756.47790018
2025-02-18 01:59:59.857000+00:00,2025-02-18 01:45:00+00:00,continuous,96070.1,96277.5,96020.0,96240.0,117737094.80860041
2025-02-18 02:14:59.908000+00:00,2025-02-18 02:00:00+00:00,continuous,96240.1,96296.5,96126.0,96170.0,97221474.17929979
2025-02-18 02:29:59.616000+00:00,2025-02-18 02:15:00+00:00,continuous,96170.0,96183.0,96053.5,96177.1,43380306.49030015
2025-02-18 02:44:59.938000+00:00,2025-02-18 02:30:00+00:00,continuous,96177.1,96230.2,96021.6,96067.4,42597425.00169986
2025-02-18 02:59:59.394000+00:00,2025-02-18 02:45:00+00:00,continuous,96067.5,96113.3,95972.2,96032.7,42271292.39830007
2025-02-18 03:14:59.813000+00:00,2025-02-18 03:00:00+00:00,continuous,96032.7,96177.5,95960.0,96135.5,50552495.682599686
2025-02-18 03:29:59.945000+00:00,2025-02-18 03:15:00+00:00,continuous,96135.5,96222.4,96066.0,96174.1,39120177.694799975
2025-02-18 03:44:59.988000+00:00,2025-02-18 03:30:00+00:00,continuous,96174.0,96265.1,96167.3,96223.2,41720526.96110046
2025-02-18 03:59:59.410000+00:00,2025-02-18 03:45:00+00:00,continuous,96223.2,96250.0,96111.3,96163.1,52579204.76919995
2025-02-18 04:14:59.847000+00:00,2025-02-18 04:00:00+00:00,continuous,96163.1,96267.7,96133.2,96225.5,41045574.30280019
2025-02-18 04:29:59.973000+00:00,2025-02-18 04:15:00+00:00,continuous,96225.5,96225.6,96050.0,96072.2,65152204.9813002
2025-02-18 04:44:59.638000+00:00,2025-02-18 04:30:00+00:00,continuous,96072.2,96207.4,96047.1,96192.4,61727873.470799744
2025-02-18 04:59:59.720000+00:00,2025-02-18 04:45:00+00:00,continuous,96192.3,96199.5,95930.0,96042.1,66817239.547099836
2025-02-18 05:14:59.542000+00:00,2025-02-18 05:00:00+00:00,continuous,96042.0,96078.0,95910.5,95910.7,57694496.86140005
2025-02-18 05:29:59.532000+00:00,2025-02-18 05:15:00+00:00,continuous,95910.7,95910.8,95718.5,95841.6,131718418.74720035
2025-02-18 05:44:59.725000+00:00,2025-02-18 05:30:00+00:00,continuous,95841.6,95890.3,95710.0,95715.2,76262428.88829996
2025-02-18 05:59:59.918000+00:00,2025-02-18 05:45:00+00:00,continuous,95715.2,95715.2,95522.0,95576.8,129943383.1378996
2025-02-18 06:14:59.927000+00:00,2025-02-18 06:00:00+00:00,continuous,95576.9,95613.8,95255.0,95256.5,314326599.7111004
2025-02-18 06:29:59.892000+00:00,2025-02-18 06:15:00+00:00,continuous,95257.6,95434.1,95257.2,95393.6,124970841.48710027
2025-02-18 06:44:59.575000+00:00,2025-02-18 06:30:00+00:00,continuous,95393.6,95524.1,95199.9,95455.9,244894813.54230228
2025-02-18 06:59:59.719000+00:00,2025-02-18 06:45:00+00:00,continuous,95455.9,95550.0,95244.7,95323.7,146178983.65760067
2025-02-18 07:14:59.890000+00:00,2025-02-18 07:00:00+00:00,continuous,95323.7,95500.0,95252.0,95359.0,111648459.90209956
2025-02-18 07:29:59.678000+00:00,2025-02-18 07:15:00+00:00,continuous,95359.0,95555.0,95350.1,95528.2,91972926.03479958
2025-02-18 07:44:59.898000+00:00,2025-02-18 07:30:00+00:00,continuous,95528.1,95675.0,95423.7,95428.7,84020074.71790014
2025-02-18 07:59:59.815000+00:00,2025-02-18 07:45:00+00:00,continuous,95428.7,95510.0,95380.8,95409.9,40884165.04159999
2025-02-18 08:14:59.753000+00:00,2025-02-18 08:00:00+00:00,continuous,95409.9,95443.7,95218.0,95277.1,106402417.06790002
2025-02-18 08:29:59.480000+00:00,2025-02-18 08:15:00+00:00,continuous,95277.0,95483.8,95235.1,95420.0,81909284.8551003
2025-02-18 08:44:59.273000+00:00,2025-02-18 08:30:00+00:00,continuous,95420.0,95548.8,95251.7,95329.5,88077647.65700014
2025-02-18 08:59:59.718000+00:00,2025-02-18 08:45:00+00:00,continuous,95329.4,95350.0,95000.0,95193.5,265110393.9927023
2025-02-18 09:14:59.855000+00:00,2025-02-18 09:00:00+00:00,continuous,95193.5,95398.6,95110.0,95388.8,101680489.4901
2025-02-18 09:29:59.747000+00:00,2025-02-18 09:15:00+00:00,continuous,95388.8,95724.2,95388.7,95588.7,193982506.0549008
2025-02-18 09:44:59.751000+00:00,2025-02-18 09:30:00+00:00,continuous,95588.7,95648.5,95535.1,95564.9,74053409.50700034
2025-02-18 09:59:59.949000+00:00,2025-02-18 09:45:00+00:00,continuous,95565.0,95749.8,95544.5,95739.4,62158262.565599896
2025-02-18 10:14:59.892000+00:00,2025-02-18 10:00:00+00:00,continuous,95739.3,95841.0,95592.1,95602.6,125830877.66830069
2025-02-18 10:29:59.943000+00:00,2025-02-18 10:15:00+00:00,continuous,95602.7,95727.7,95600.0,95689.9,48884240.00059996
2025-02-18 10:44:59.960000+00:00,2025-02-18 10:30:00+00:00,continuous,95689.9,95840.0,95633.0,95835.2,77124752.34240027
2025-02-18 10:59:59.042000+00:00,2025-02-18 10:45:00+00:00,continuous,95835.2,95849.0,95680.0,95711.0,64072440.73990007
2025-02-18 11:14:59.993000+00:00,2025-02-18 11:00:00+00:00,continuous,95711.0,95711.0,95606.3,95606.3,57072023.35819992
2025-02-18 11:29:59.913000+00:00,2025-02-18 11:15:00+00:00,continuous,95606.4,95710.4,95534.1,95703.6,61025066.52150015
2025-02-18 11:44:59.335000+00:00,2025-02-18 11:30:00+00:00,continuous,95703.6,95754.4,95588.0,95595.8,38818745.58659995
2025-02-18 11:59:59.960000+00:00,2025-02-18 11:45:00+00:00,continuous,95595.8,95652.1,95530.2,95606.1,47299340.90709964
2025-02-18 12:14:59.864000+00:00,2025-02-18 12:00:00+00:00,continuous,95606.0,95780.0,95563.9,95765.7,90091795.5622998
2025-02-18 12:29:59.487000+00:00,2025-02-18 12:15:00+00:00,continuous,95765.6,95950.0,95756.1,95899.9,107230112.74829939
2025-02-18 12:44:59.982000+00:00,2025-02-18 12:30:00+00:00,continuous,95900.0,96274.1,95864.4,96112.6,315489261.49880135
2025-02-18 12:59:59.975000+00:00,2025-02-18 12:45:00+00:00,continuous,96112.7,96210.0,96050.0,96155.0,94422944.37379996
2025-02-18 13:14:59.844000+00:00,2025-02-18 13:00:00+00:00,continuous,96155.0,96325.4,96144.0,96325.4,225618968.43480027
2025-02-18 13:29:59.998000+00:00,2025-02-18 13:15:00+00:00,continuous,96325.4,96459.0,96173.0,96205.7,178505278.36090055
2025-02-18 13:44:59.995000+00:00,2025-02-18 13:30:00+00:00,continuous,96205.7,96299.9,96150.0,96249.7,107560793.8491999
2025-02-18 13:59:59.601000+00:00,2025-02-18 13:45:00+00:00,continuous,96249.7,96293.0,96066.6,96194.3,85711717.22140005
2025-02-18 14:14:59.216000+00:00,2025-02-18 14:00:00+00:00,continuous,96194.4,96319.9,96076.5,96251.7,141428558.91939998
2025-02-18 14:29:59.777000+00:00,2025-02-18 14:15:00+00:00,continuous,96251.7,96737.3,96214.3,96463.2,309830645.5360005
2025-02-18 14:44:59.896000+00:00,2025-02-18 14:30:00+00:00,continuous,96463.3,96582.0,95690.1,95899.9,586487628.5821003
2025-02-18 14:59:59.952000+00:00,2025-02-18 14:45:00+00:00,continuous,95900.0,95969.8,95350.8,95495.4,503683789.8001013
2025-02-18 15:14:59.549000+00:00,2025-02-18 15:00:00+00:00,continuous,95495.3,95700.0,95310.2,95527.7,323851853.71979654
2025-02-18 15:29:59.819000+00:00,2025-02-18 15:15:00+00:00,continuous,95527.6,95610.5,95302.8,95346.2,245988791.32120052
2025-02-18 15:44:59.648000+00:00,2025-02-18 15:30:00+00:00,continuous,95346.3,95684.2,95310.0,95485.0,179267359.63400057
2025-02-18 15:59:59.428000+00:00,2025-02-18 15:45:00+00:00,continuous,95485.0,95580.0,95115.1,95501.6,293523982.05279934
2025-02-18 16:14:59.534000+00:00,2025-02-18 16:00:00+00:00,continuous,95501.6,95581.8,95338.0,95358.4,131849528.99329962
2025-02-18 16:29:59.986000+00:00,2025-02-18 16:15:00+00:00,continuous,95358.5,95595.0,95200.0,95211.7,245722229.92820078
2025-02-18 16:44:59.947000+00:00,2025-02-18 16:30:00+00:00,continuous,95211.8,95220.0,94605.0,94617.3,765000775.8399926
2025-02-18 16:59:59.937000+00:00,2025-02-18 16:45:00+00:00,continuous,94616.9,94868.4,94560.2,94595.0,349337813.5409984
2025-02-18 17:14:59.719000+00:00,2025-02-18 17:00:00+00:00,continuous,94595.0,94836.8,94585.5,94729.1,162209202.38339955
2025-02-18 17:29:59.691000+00:00,2025-02-18 17:15:00+00:00,continuous,94729.1,94729.1,94400.0,94484.0,263376816.11379948
2025-02-18 17:44:59.908000+00:00,2025-02-18 17:30:00+00:00,continuous,94484.0,94512.7,94129.0,94208.1,479496886.849901
2025-02-18 17:59:59.820000+00:00,2025-02-18 17:45:00+00:00,continuous,94208.0,94313.6,94065.0,94074.6,256805583.59030005
2025-02-18 18:14:59.625000+00:00,2025-02-18 18:00:00+00:00,continuous,94074.6,94313.6,93712.3,94014.4,705982984.0654031
2025-02-18 18:29:59.822000+00:00,2025-02-18 18:15:00+00:00,continuous,94014.3,94149.1,93810.5,94012.0,200357895.92330134
2025-02-18 18:44:59.927000+00:00,2025-02-18 18:30:00+00:00,continuous,94011.9,94012.0,93657.9,93698.8,352851622.85039866
2025-02-18 18:59:59.546000+00:00,2025-02-18 18:45:00+00:00,continuous,93698.8,93999.9,93559.9,93890.1,505961977.23130244
2025-02-18 19:14:59.867000+00:00,2025-02-18 19:00:00+00:00,continuous,93890.0,93890.1,93321.6,93478.0,417315718.0175984
2025-02-18 19:29:59.887000+00:00,2025-02-18 19:15:00+00:00,continuous,93478.1,93837.4,93378.0,93634.9,240354756.35660124
2025-02-18 19:44:59.949000+00:00,2025-02-18 19:30:00+00:00,continuous,93635.0,93972.0,93553.1,93966.2,256837551.1009011
2025-02-18 19:59:59.875000+00:00,2025-02-18 19:45:00+00:00,continuous,93966.3,94365.0,93904.6,94062.1,309137745.0911007
2025-02-18 20:14:59.945000+00:00,2025-02-18 20:00:00+00:00,continuous,94062.2,94410.7,93905.0,94394.8,199720769.00940037
2025-02-18 20:29:59.581000+00:00,2025-02-18 20:15:00+00:00,continuous,94394.9,94405.5,94057.5,94172.2,132932820.09380017
2025-02-18 20:44:59.807000+00:00,2025-02-18 20:30:00+00:00,continuous,94172.1,94273.5,93696.4,93815.1,212702056.20189893
2025-02-18 20:59:59.946000+00:00,2025-02-18 20:45:00+00:00,continuous,93815.0,94297.3,93815.0,94164.3,213955940.51090088
2025-02-18 21:14:59.974000+00:00,2025-02-18 21:00:00+00:00,continuous,94164.5,95192.4,94082.8,95120.3,911952762.8541992
2025-02-18 21:29:59.937000+00:00,2025-02-18 21:15:00+00:00,continuous,95120.3,95296.0,94872.3,95125.6,314697084.4768014
2025-02-18 21:44:59.935000+00:00,2025-02-18 21:30:00+00:00,continuous,95125.7,95195.0,94747.8,94879.9,195064180.26709852
2025-02-18 21:59:59.925000+00:00,2025-02-18 21:45:00+00:00,continuous,94879.9,95038.9,94671.3,95029.2,134870260.66690034
2025-02-18 22:14:59.420000+00:00,2025-02-18 22:00:00+00:00,continuous,95029.2,95066.6,94821.6,94983.4,83732053.5867001
2025-02-18 22:29:59.938000+00:00,2025-02-18 22:15:00+00:00,continuous,94983.4,95390.0,94957.6,95366.4,138840004.06889918
2025-02-18 22:44:59.841000+00:00,2025-02-18 22:30:00+00:00,continuous,95366.3,95501.2,95169.4,95228.5,166896997.08940053
2025-02-18 22:59:59.958000+00:00,2025-02-18 22:45:00+00:00,continuous,95228.5,95308.7,95140.0,95255.1,49225220.17229995
2025-02-18 23:14:59.480000+00:00,2025-02-18 23:00:00+00:00,continuous,95255.0,95496.7,95216.6,95395.3,149356721.88619977
2025-02-18 23:29:59.982000+00:00,2025-02-18 23:15:00+00:00,continuous,95395.3,95574.0,95382.1,95533.0,85266543.26149954
2025-02-18 23:44:58.861000+00:00,2025-02-18 23:30:00+00:00,continuous,95533.1,95534.5,95334.1,95352.3,87667142.80930015
2025-02-18 23:59:59.993000+00:00,2025-02-18 23:45:00+00:00,continuous,95352.4,95645.3,95314.2,95622.0,87223995.10550027
2025-02-19 00:14:59.955000+00:00,2025-02-19 00:00:00+00:00,continuous,95622.0,95799.8,95516.8,95525.0,244658471.8969008
2025-02-19 00:29:59.840000+00:00,2025-02-19 00:15:00+00:00,continuous,95525.0,95644.1,95370.0,95419.1,162309010.12749934
2025-02-19 00:44:59.397000+00:00,2025-02-19 00:30:00+00:00,continuous,95419.1,95580.0,95364.7,95462.0,88109452.64919996
2025-02-19 00:59:59.667000+00:00,2025-02-19 00:45:00+00:00,continuous,95462.0,95550.0,95222.2,95290.0,107863571.34359978
2025-02-19 01:14:59.924000+00:00,2025-02-19 01:00:00+00:00,continuous,95290.0,95335.1,95171.5,95172.0,89881332.35050032
2025-02-19 01:29:59.637000+00:00,2025-02-19 01:15:00+00:00,continuous,95171.7,95179.6,95020.0,95164.7,101547330.85659978
2025-02-19 01:44:59.918000+00:00,2025-02-19 01:30:00+00:00,continuous,95164.7,95285.1,95101.6,95285.0,95179206.42499985
2025-02-19 01:59:59.791000+00:00,2025-02-19 01:45:00+00:00,continuous,95285.1,95437.8,95261.8,95430.9,67767447.22770005
2025-02-19 02:14:59.787000+00:00,2025-02-19 02:00:00+00:00,continuous,95431.0,95699.9,95405.0,95566.1,115856098.45299956
2025-02-19 02:29:59.343000+00:00,2025-02-19 02:15:00+00:00,continuous,95566.2,95643.2,95437.9,95511.3,88324571.55090018
2025-02-19 02:44:59.977000+00:00,2025-02-19 02:30:00+00:00,continuous,95511.2,95685.7,95499.9,95678.1,65937273.26590025
2025-02-19 02:59:59.798000+00:00,2025-02-19 02:45:00+00:00,continuous,95678.2,95929.0,95659.7,95788.2,169227206.07519975
2025-02-19 03:14:59.935000+00:00,2025-02-19 03:00:00+00:00,continuous,95788.3,95800.0,95600.0,95624.9,82409622.85730065
2025-02-19 03:29:59.979000+00:00,2025-02-19 03:15:00+00:00,continuous,95624.8,95717.6,95533.0,95663.2,94424614.77659991
2025-02-19 03:44:59.708000+00:00,2025-02-19 03:30:00+00:00,continuous,95663.2,95680.0,95556.2,95672.1,67812578.12220028
2025-02-19 03:59:59.952000+00:00,2025-02-19 03:45:00+00:00,continuous,95672.1,95763.3,95635.0,95672.1,60242913.39229994
2025-02-19 04:14:59.921000+00:00,2025-02-19 04:00:00+00:00,continuous,95672.2,95729.0,95550.7,95596.3,59624205.687799916
2025-02-19 04:29:59.768000+00:00,2025-02-19 04:15:00+00:00,continuous,95596.2,95635.1,95463.5,95495.0,90342315.10680011
2025-02-19 04:44:59.648000+00:00,2025-02-19 04:30:00+00:00,continuous,95495.0,95570.0,95326.3,95336.0,98478051.2772003
2025-02-19 04:59:59.999000+00:00,2025-02-19 04:45:00+00:00,continuous,95336.0,95419.2,95181.0,95181.0,140651616.8608998
2025-02-19 05:14:59.779000+00:00,2025-02-19 05:00:00+00:00,continuous,95180.9,95256.0,95090.0,95236.9,148111256.45049882
2025-02-19 05:29:59.980000+00:00,2025-02-19 05:15:00+00:00,continuous,95236.9,95239.7,95012.5,95082.2,189510787.55690032
2025-02-19 05:44:59.945000+00:00,2025-02-19 05:30:00+00:00,continuous,95082.3,95306.6,95082.2,95274.3,123370738.14699988
2025-02-19 05:59:59.908000+00:00,2025-02-19 05:45:00+00:00,continuous,95274.2,95308.0,95207.1,95247.1,54024196.41679976
2025-02-19 06:14:59.896000+00:00,2025-02-19 06:00:00+00:00,continuous,95247.2,95335.1,95203.0,95322.9,50660493.715699926
2025-02-19 06:29:59.859000+00:00,2025-02-19 06:15:00+00:00,continuous,95322.8,95360.0,95252.1,95347.4,36839178.58299993
2025-02-19 06:44:59.735000+00:00,2025-02-19 06:30:00+00:00,continuous,95347.5,95361.0,95291.8,95326.9,40517156.10500006
2025-02-19 06:59:59.536000+00:00,2025-02-19 06:45:00+00:00,continuous,95326.9,95627.0,95326.9,95577.4,166896097.0414994
2025-02-19 07:14:59.969000+00:00,2025-02-19 07:00:00+00:00,continuous,95577.4,95736.7,95555.6,95687.8,133600039.9520996
2025-02-19 07:29:59.961000+00:00,2025-02-19 07:15:00+00:00,continuous,95687.7,95687.8,95537.3,95603.5,108225641.51430011
2025-02-19 07:44:59.756000+00:00,2025-02-19 07:30:00+00:00,continuous,95603.4,95670.0,95591.4,95670.0,64395161.35790001
2025-02-19 07:59:59.673000+00:00,2025-02-19 07:45:00+00:00,continuous,95669.9,95816.2,95640.4,95640.4,112586905.02350028
2025-02-19 08:14:59.630000+00:00,2025-02-19 08:00:00+00:00,continuous,95640.5,95770.0,95620.0,95689.7,51880337.72470001
2025-02-19 08:29:59.801000+00:00,2025-02-19 08:15:00+00:00,continuous,95689.8,95820.0,95689.7,95774.0,48864431.35060009
2025-02-19 08:44:59.913000+00:00,2025-02-19 08:30:00+00:00,continuous,95774.0,95824.4,95650.0,95710.4,59390756.42950002
2025-02-19 08:59:59.931000+00:00,2025-02-19 08:45:00+00:00,continuous,95710.4,95712.5,95571.2,95589.8,98313202.77459991
2025-02-19 09:14:59.843000+00:00,2025-02-19 09:00:00+00:00,continuous,95589.9,95757.3,95573.3,95706.6,84407414.72790018
2025-02-19 09:29:59.960000+00:00,2025-02-19 09:15:00+00:00,continuous,95706.5,95769.4,95620.0,95739.8,55796480.56999991
2025-02-19 09:44:59.846000+00:00,2025-02-19 09:30:00+00:00,continuous,95739.9,95830.0,95692.7,95830.0,75806647.1758998
2025-02-19 09:59:59.942000+00:00,2025-02-19 09:45:00+00:00,continuous,95830.0,95986.1,95803.2,95895.0,151145433.82780012
2025-02-19 10:14:59.731000+00:00,2025-02-19 10:00:00+00:00,continuous,95894.9,96443.9,95894.9,96326.6,609166188.5269942
2025-02-19 10:29:59.725000+00:00,2025-02-19 10:15:00+00:00,continuous,96326.5,96363.0,96208.2,96272.8,149238874.65230003
2025-02-19 10:44:59.704000+00:00,2025-02-19 10:30:00+00:00,continuous,96272.7,96330.0,96097.3,96213.6,154659275.26450026
2025-02-19 10:59:59.716000+00:00,2025-02-19 10:45:00+00:00,continuous,96213.6,96300.0,96182.9,96288.0,68072107.73719995
2025-02-19 11:14:59.720000+00:00,2025-02-19 11:00:00+00:00,continuous,96287.9,96353.1,96220.5,96339.2,77158280.05989979
2025-02-19 11:29:59.689000+00:00,2025-02-19 11:15:00+00:00,continuous,96339.2,96351.1,96162.0,96218.8,70669642.49869974
2025-02-19 11:44:59.378000+00:00,2025-02-19 11:30:00+00:00,continuous,96218.8,96276.5,96177.7,96225.9,67153107.10750024
2025-02-19 11:59:59.938000+00:00,2025-02-19 11:45:00+00:00,continuous,96225.8,96396.4,96214.9,96392.0,114130333.46399976
2025-02-19 12:14:59.850000+00:00,2025-02-19 12:00:00+00:00,continuous,96392.0,96467.7,96346.6,96346.6,144121238.93959975
2025-02-19 12:29:59.942000+00:00,2025-02-19 12:15:00+00:00,continuous,96346.6,96419.0,96282.2,96400.1,77170742.77209961
2025-02-19 12:44:59.933000+00:00,2025-02-19 12:30:00+00:00,continuous,96400.1,96400.1,96245.9,96250.2,68995023.56550036
2025-02-19 12:59:59.949000+00:00,2025-02-19 12:45:00+00:00,continuous,96250.2,96257.9,96125.4,96130.4,133501340.28979982
2025-02-19 13:14:59.474000+00:00,2025-02-19 13:00:00+00:00,continuous,96130.3,96256.7,96130.3,96149.8,102299353.52200022
2025-02-19 13:29:59.774000+00:00,2025-02-19 13:15:00+00:00,continuous,96149.8,96262.6,96149.8,96204.8,54147448.466000095
2025-02-19 13:44:59.892000+00:00,2025-02-19 13:30:00+00:00,continuous,96204.8,96454.1,96161.1,96335.3,85282328.70379938
2025-02-19 13:59:59.639000+00:00,2025-02-19 13:45:00+00:00,continuous,96335.4,96369.6,96208.0,96247.4,46309715.01409991
2025-02-19 14:14:59.408000+00:00,2025-02-19 14:00:00+00:00,continuous,96247.5,96280.5,96013.0,96139.5,135848017.66870043
2025-02-19 14:29:59.985000+00:00,2025-02-19 14:15:00+00:00,continuous,96139.5,96356.5,95974.3,96341.0,117825450.70049983
2025-02-19 14:44:59.985000+00:00,2025-02-19 14:30:00+00:00,continuous,96341.0,96676.0,95820.7,95955.0,606669278.2878057
2025-02-19 14:59:59.849000+00:00,2025-02-19 14:45:00+00:00,continuous,95955.1,96177.5,95640.6,95717.3,380548281.21610135
2025-02-19 15:14:59.911000+00:00,2025-02-19 15:00:00+00:00,continuous,95717.3,95900.0,95494.4,95733.0,430863363.85079867
2025-02-19 15:29:59.942000+00:00,2025-02-19 15:15:00+00:00,continuous,95733.1,96132.0,95640.0,95941.7,290382508.2668004
2025-02-19 15:44:59.720000+00:00,2025-02-19 15:30:00+00:00,continuous,95941.7,96370.0,95936.6,96228.9,318102209.77290154
2025-02-19 15:59:59.467000+00:00,2025-02-19 15:45:00+00:00,continuous,96228.9,96238.0,95862.7,95895.4,138612588.4643996
2025-02-19 16:14:59.913000+00:00,2025-02-19 16:00:00+00:00,continuous,95895.4,96173.6,95873.7,96160.7,130390518.28750055
2025-02-19 16:29:59.869000+00:00,2025-02-19 16:15:00+00:00,continuous,96160.8,96335.0,96137.5,96274.4,132616588.27990057
2025-02-19 16:44:59.790000+00:00,2025-02-19 16:30:00+00:00,continuous,96274.3,96308.0,95978.0,96157.4,106919644.3310001
2025-02-19 16:59:59.651000+00:00,2025-02-19 16:45:00+00:00,continuous,96157.4,96260.3,96000.0,96260.3,65898715.82650023
2025-02-19 17:14:59.853000+00:00,2025-02-19 17:00:00+00:00,continuous,96260.2,96421.6,96160.0,96182.2,157320842.62359974
2025-02-19 17:29:59.863000+00:00,2025-02-19 17:15:00+00:00,continuous,96182.1,96373.7,96148.2,96166.0,86972110.93590024
2025-02-19 17:44:59.492000+00:00,2025-02-19 17:30:00+00:00,continuous,96166.0,96431.2,96076.9,96399.7,108116854.87640011
2025-02-19 17:59:59.863000+00:00,2025-02-19 17:45:00+00:00,continuous,96399.6,96447.0,96305.0,96357.3,87806171.20609988
2025-02-19 18:14:59.995000+00:00,2025-02-19 18:00:00+00:00,continuous,96357.3,96380.1,95843.8,95875.3,153014220.41269982
2025-02-19 18:29:59.859000+00:00,2025-02-19 18:15:00+00:00,continuous,95874.9,96111.0,95829.1,95982.1,143968844.21289954
2025-02-19 18:44:59.661000+00:00,2025-02-19 18:30:00+00:00,continuous,95982.1,96030.9,95800.0,95862.0,93759973.15139937
2025-02-19 18:59:59.710000+00:00,2025-02-19 18:45:00+00:00,continuous,95862.0,95914.7,95600.0,95635.0,170917632.59299985
2025-02-19 19:14:59.990000+00:00,2025-02-19 19:00:00+00:00,continuous,95635.0,95983.2,95362.8,95972.5,288236396.21250033
2025-02-19 19:29:59.701000+00:00,2025-02-19 19:15:00+00:00,continuous,95972.6,96160.0,95765.5,95905.0,214116578.1974001
2025-02-19 19:44:59.727000+00:00,2025-02-19 19:30:00+00:00,continuous,95905.0,96141.0,95829.2,95999.2,115041970.80020052
2025-02-19 19:59:59.960000+00:00,2025-02-19 19:45:00+00:00,continuous,95999.2,96196.0,95905.3,96159.9,98662975.09220003
2025-02-19 20:14:59.697000+00:00,2025-02-19 20:00:00+00:00,continuous,96159.8,96391.0,96052.3,96354.0,142690663.7540003
2025-02-19 20:29:59.848000+00:00,2025-02-19 20:15:00+00:00,continuous,96354.1,96430.0,96170.8,96232.4,132457194.59969996
2025-02-19 20:44:59.962000+00:00,2025-02-19 20:30:00+00:00,continuous,96232.5,96420.0,96168.2,96287.5,95353516.08479992
2025-02-19 20:59:59.932000+00:00,2025-02-19 20:45:00+00:00,continuous,96287.6,96365.4,96075.0,96124.4,106008465.4591996
2025-02-19 21:14:59.741000+00:00,2025-02-19 21:00:00+00:00,continuous,96124.3,96230.2,96011.6,96194.1,62941982.45280002
2025-02-19 21:29:59.917000+00:00,2025-02-19 21:15:00+00:00,continuous,96194.1,96401.0,96190.8,96369.0,64291377.129600145
2025-02-19 21:44:59.671000+00:00,2025-02-19 21:30:00+00:00,continuous,96368.9,96428.0,96306.9,96374.5,56345634.83869998
2025-02-19 21:59:58.642000+00:00,2025-02-19 21:45:00+00:00,continuous,96374.5,96395.8,96160.0,96268.4,62013963.322600156
2025-02-19 22:14:59.918000+00:00,2025-02-19 22:00:00+00:00,continuous,96268.4,96416.6,96263.5,96381.6,56641223.44699987
2025-02-19 22:29:59.721000+00:00,2025-02-19 22:15:00+00:00,continuous,96381.6,96574.5,96293.6,96445.8,90143195.64880058
2025-02-19 22:44:59.816000+00:00,2025-02-19 22:30:00+00:00,continuous,96445.8,96445.8,96300.2,96429.9,35808368.472400166
2025-02-19 22:59:59.641000+00:00,2025-02-19 22:45:00+00:00,continuous,96430.0,96500.0,96429.9,96490.8,50298624.68959987
2025-02-19 23:14:58.682000+00:00,2025-02-19 23:00:00+00:00,continuous,96490.9,96878.7,96470.5,96559.9,282010389.56099874
2025-02-19 23:29:59.871000+00:00,2025-02-19 23:15:00+00:00,continuous,96559.9,96795.8,96559.9,96614.3,119303422.44520018
2025-02-19 23:44:59.805000+00:00,2025-02-19 23:30:00+00:00,continuous,96614.3,96676.1,96547.6,96642.1,55107890.39199993
2025-02-19 23:59:59.869000+00:00,2025-02-19 23:45:00+00:00,continuous,96642.1,96642.2,96513.6,96598.0,41904595.454700194
2025-02-20 00:14:59.988000+00:00,2025-02-20 00:00:00+00:00,continuous,96597.9,96647.2,96463.2,96497.3,63768335.58769983
2025-02-20 00:29:59.710000+00:00,2025-02-20 00:15:00+00:00,continuous,96497.4,96543.9,96366.0,96465.2,62268607.41129987
2025-02-20 00:44:59.756000+00:00,2025-02-20 00:30:00+00:00,continuous,96465.3,96505.1,96378.8,96501.7,40727119.01460012
2025-02-20 00:59:59.992000+00:00,2025-02-20 00:45:00+00:00,continuous,96501.7,96818.3,96487.9,96814.4,100265342.85479993
2025-02-20 01:14:59.424000+00:00,2025-02-20 01:00:00+00:00,continuous,96814.5,96997.3,96650.8,96670.5,162986849.43719998
2025-02-20 01:29:59.727000+00:00,2025-02-20 01:15:00+00:00,continuous,96670.4,96813.1,96639.0,96643.6,69592894.48210008
2025-02-20 01:44:59.042000+00:00,2025-02-20 01:30:00+00:00,continuous,96643.6,96700.0,96590.0,96645.9,59426442.205100216
2025-02-20 01:59:59.941000+00:00,2025-02-20 01:45:00+00:00,continuous,96645.9,96728.6,96580.0,96728.5,63237226.020500146
2025-02-20 02:14:59.907000+00:00,2025-02-20 02:00:00+00:00,continuous,96728.6,96911.2,96706.0,96893.7,73969167.57840033
2025-02-20 02:29:58.666000+00:00,2025-02-20 02:15:00+00:00,continuous,96893.7,96893.8,96781.0,96815.9,56244567.06780005
2025-02-20 02:44:57.454000+00:00,2025-02-20 02:30:00+00:00,continuous,96815.8,96879.5,96687.6,96830.5,93787898.60630007
2025-02-20 02:59:59.952000+00:00,2025-02-20 02:45:00+00:00,continuous,96830.6,97259.9,96830.5,97092.2,319403906.8292999
2025-02-20 03:14:59.824000+00:00,2025-02-20 03:00:00+00:00,continuous,97092.2,97339.8,97092.1,97117.7,191584345.20059866
2025-02-20 03:29:59.922000+00:00,2025-02-20 03:15:00+00:00,continuous,97117.8,97117.8,96942.6,96945.4,111810822.36459926
2025-02-20 03:44:59.599000+00:00,2025-02-20 03:30:00+00:00,continuous,96945.3,97077.7,96945.3,97032.7,55346725.772200175
2025-02-20 03:59:57.656000+00:00,2025-02-20 03:45:00+00:00,continuous,97032.7,97075.9,96988.2,97017.4,49365844.37609994
2025-02-20 04:14:59.743000+00:00,2025-02-20 04:00:00+00:00,continuous,97017.4,97099.3,97003.1,97085.4,45246169.78280003
2025-02-20 04:29:59.993000+00:00,2025-02-20 04:15:00+00:00,continuous,97085.5,97235.9,97025.5,97212.6,65687176.09140028
2025-02-20 04:44:59.831000+00:00,2025-02-20 04:30:00+00:00,continuous,97212.5,97310.4,97160.0,97194.3,142608667.44620004
2025-02-20 04:59:59.798000+00:00,2025-02-20 04:45:00+00:00,continuous,97194.3,97209.2,97115.1,97174.3,64077892.79819993
2025-02-20 05:14:59.619000+00:00,2025-02-20 05:00:00+00:00,continuous,97174.4,97180.0,97068.0,97079.7,59395998.6695002
2025-02-20 05:29:59.836000+00:00,2025-02-20 05:15:00+00:00,continuous,97079.7,97170.0,96970.0,96980.0,70955812.04380038
2025-02-20 05:44:59.321000+00:00,2025-02-20 05:30:00+00:00,continuous,96980.0,97099.2,96980.0,97077.8,41216991.770899974
2025-02-20 05:59:59.854000+00:00,2025-02-20 05:45:00+00:00,continuous,97077.8,97077.8,96850.0,96870.0,101645545.91049998
2025-02-20 06:14:59.963000+00:00,2025-02-20 06:00:00+00:00,continuous,96870.0,96888.6,96743.8,96775.3,129020720.42199995
2025-02-20 06:29:59.670000+00:00,2025-02-20 06:15:00+00:00,continuous,96775.1,96928.5,96769.1,96915.9,52965594.41819997
2025-02-20 06:44:59.708000+00:00,2025-02-20 06:30:00+00:00,continuous,96915.9,96944.8,96831.2,96896.3,46871499.77869999
2025-02-20 06:59:59.595000+00:00,2025-02-20 06:45:00+00:00,continuous,96896.6,96912.9,96818.8,96868.0,31852501.921700012
2025-02-20 07:14:57.700000+00:00,2025-02-20 07:00:00+00:00,continuous,96867.9,96886.0,96758.0,96795.0,35259213.83350011
2025-02-20 07:29:59.823000+00:00,2025-02-20 07:15:00+00:00,continuous,96795.0,96937.6,96794.9,96933.5,43236559.158700064
2025-02-20 07:44:59.445000+00:00,2025-02-20 07:30:00+00:00,continuous,96933.6,97049.1,96921.5,96967.0,78479389.03349976
2025-02-20 07:59:59.885000+00:00,2025-02-20 07:45:00+00:00,continuous,96967.0,96978.8,96825.7,96825.8,46563125.202899665
2025-02-20 08:14:59.392000+00:00,2025-02-20 08:00:00+00:00,continuous,96825.7,96843.2,96757.2,96827.7,61108067.82259973
2025-02-20 08:29:58.932000+00:00,2025-02-20 08:15:00+00:00,continuous,96827.8,96943.0,96803.7,96935.1,52858624.93630014
2025-02-20 08:44:59.915000+00:00,2025-02-20 08:30:00+00:00,continuous,96935.0,96989.5,96890.4,96989.5,30496649.882100124
2025-02-20 08:59:59.602000+00:00,2025-02-20 08:45:00+00:00,continuous,96989.5,97150.0,96946.1,97096.8,84933836.20490037
2025-02-20 09:14:59.956000+00:00,2025-02-20 09:00:00+00:00,continuous,97096.9,97210.9,97096.9,97175.8,92147174.05820009
2025-02-20 09:29:59.788000+00:00,2025-02-20 09:15:00+00:00,continuous,97175.8,97210.9,97130.0,97149.5,47984311.05349991
2025-02-20 09:44:59.906000+00:00,2025-02-20 09:30:00+00:00,continuous,97149.6,97248.1,97103.9,97230.1,52540015.68390003
2025-02-20 09:59:59.742000+00:00,2025-02-20 09:45:00+00:00,continuous,97230.1,97230.1,97127.0,97140.0,46865963.42859996
2025-02-20 10:14:59.973000+00:00,2025-02-20 10:00:00+00:00,continuous,97139.9,97166.6,97058.3,97082.5,48576722.07599993
2025-02-20 10:29:59.579000+00:00,2025-02-20 10:15:00+00:00,continuous,97082.5,97203.7,97082.5,97184.5,47494786.92030002
2025-02-20 10:44:59.780000+00:00,2025-02-20 10:30:00+00:00,continuous,97184.6,97262.3,97184.5,97257.0,59400448.90630012
2025-02-20 10:59:59.895000+00:00,2025-02-20 10:45:00+00:00,continuous,97257.0,97332.9,97201.3,97332.9,68487085.22619985
2025-02-20 11:14:59.137000+00:00,2025-02-20 11:00:00+00:00,continuous,97332.9,97350.0,97248.0,97254.0,79449266.08070014
2025-02-20 11:29:59.661000+00:00,2025-02-20 11:15:00+00:00,continuous,97253.9,97278.0,97217.1,97240.4,44242474.443599805
2025-02-20 11:44:59.064000+00:00,2025-02-20 11:30:00+00:00,continuous,97240.3,97250.0,97111.4,97155.5,43402415.891299985
2025-02-20 11:59:59.979000+00:00,2025-02-20 11:45:00+00:00,continuous,97155.5,97213.7,97118.0,97164.6,35112588.38339988
2025-02-20 12:14:59.815000+00:00,2025-02-20 12:00:00+00:00,continuous,97164.6,97436.3,97164.5,97400.0,141513737.89689973
2025-02-20 12:29:59.847000+00:00,2025-02-20 12:15:00+00:00,continuous,97399.9,97480.0,97326.7,97366.0,94638243.94339988
2025-02-20 12:44:59.826000+00:00,2025-02-20 12:30:00+00:00,continuous,97366.0,97505.7,97350.8,97452.2,111866701.80039981
2025-02-20 12:59:59.911000+00:00,2025-02-20 12:45:00+00:00,continuous,97452.2,97483.3,97320.7,97381.5,63148925.64300009
2025-02-20 13:14:59.916000+00:00,2025-02-20 13:00:00+00:00,continuous,97381.5,97460.0,97345.2,97350.0,94372989.58990024
2025-02-20 13:29:59.784000+00:00,2025-02-20 13:15:00+00:00,continuous,97350.1,97380.0,97277.0,97355.7,93752616.61969987
2025-02-20 13:44:59.979000+00:00,2025-02-20 13:30:00+00:00,continuous,97355.7,97478.7,97221.0,97273.8,89391201.45550048
2025-02-20 13:59:59.670000+00:00,2025-02-20 13:45:00+00:00,continuous,97273.8,97529.7,97273.8,97505.8,87510625.55229963
2025-02-20 14:14:59.979000+00:00,2025-02-20 14:00:00+00:00,continuous,97505.7,97721.4,97493.8,97694.1,237803787.32770082
2025-02-20 14:29:59.808000+00:00,2025-02-20 14:15:00+00:00,continuous,97694.0,97962.0,97666.1,97752.8,486444212.7776971
2025-02-20 14:44:59.992000+00:00,2025-02-20 14:30:00+00:00,continuous,97752.8,98000.0,97680.2,97680.2,423184078.2617958
2025-02-20 14:59:59.942000+00:00,2025-02-20 14:45:00+00:00,continuous,97680.1,97680.1,96817.7,96918.0,846630881.7111968
2025-02-20 15:14:59.913000+00:00,2025-02-20 15:00:00+00:00,continuous,96918.0,97210.8,96756.1,97025.9,541324122.9367007
2025-02-20 15:29:59.979000+00:00,2025-02-20 15:15:00+00:00,continuous,97025.9,97214.0,96930.0,97057.1,250212328.88929847
2025-02-20 15:44:59.990000+00:00,2025-02-20 15:30:00+00:00,continuous,97057.6,97275.0,97000.0,97168.4,140501994.20660046
2025-02-20 15:59:59.848000+00:00,2025-02-20 15:45:00+00:00,continuous,97168.4,97180.0,96801.0,96870.5,244895055.49980038
2025-02-20 16:14:59.937000+00:00,2025-02-20 16:00:00+00:00,continuous,96871.1,97645.5,96838.1,97366.3,380803149.1341974
2025-02-20 16:29:59.931000+00:00,2025-02-20 16:15:00+00:00,continuous,97366.3,97680.1,97310.8,97652.2,210238812.2673986
2025-02-20 16:44:59.919000+00:00,2025-02-20 16:30:00+00:00,continuous,97652.1,97945.2,97506.0,97912.1,391427974.53599876
2025-02-20 16:59:59.971000+00:00,2025-02-20 16:45:00+00:00,continuous,97912.0,97935.3,97470.2,97505.3,229572591.2689986
2025-02-20 17:14:59.970000+00:00,2025-02-20 17:00:00+00:00,continuous,97505.3,97733.6,97495.3,97719.9,120602353.98650019
2025-02-20 17:29:59.755000+00:00,2025-02-20 17:15:00+00:00,continuous,97719.8,97933.0,97710.6,97835.8,144232073.66170028
2025-02-20 17:44:59.583000+00:00,2025-02-20 17:30:00+00:00,continuous,97835.9,97940.9,97768.1,97895.9,233855197.0016993
2025-02-20 17:59:59.839000+00:00,2025-02-20 17:45:00+00:00,continuous,97895.9,97969.6,97829.7,97915.4,107927055.32929976
2025-02-20 18:14:59.873000+00:00,2025-02-20 18:00:00+00:00,continuous,97915.3,98297.0,97902.0,98172.0,486783415.87780106
2025-02-20 18:29:59.971000+00:00,2025-02-20 18:15:00+00:00,continuous,98172.1,98386.6,98036.1,98239.1,267132971.7908025
2025-02-20 18:44:59.627000+00:00,2025-02-20 18:30:00+00:00,continuous,98239.1,98390.0,98082.8,98239.1,184715929.26829985
2025-02-20 18:59:59.959000+00:00,2025-02-20 18:45:00+00:00,continuous,98239.2,98307.0,98088.1,98238.0,109068138.86890046
2025-02-20 19:14:59.934000+00:00,2025-02-20 19:00:00+00:00,continuous,98238.0,98372.0,98230.0,98361.7,126553180.59830004
2025-02-20 19:29:59.978000+00:00,2025-02-20 19:15:00+00:00,continuous,98361.8,98480.0,98246.7,98419.9,164329941.66270012
2025-02-20 19:44:59.918000+00:00,2025-02-20 19:30:00+00:00,continuous,98419.9,98420.0,98185.5,98327.6,131301716.17759988
2025-02-20 19:59:59.748000+00:00,2025-02-20 19:45:00+00:00,continuous,98327.7,98400.0,98257.4,98370.0,128999679.39329992
2025-02-20 20:14:59.523000+00:00,2025-02-20 20:00:00+00:00,continuous,98369.9,98436.7,98261.3,98374.8,94549796.69409975
2025-02-20 20:29:59.987000+00:00,2025-02-20 20:15:00+00:00,continuous,98374.7,98662.1,98321.4,98532.6,277291405.4451008
2025-02-20 20:44:59.695000+00:00,2025-02-20 20:30:00+00:00,continuous,98532.5,98619.9,98354.1,98551.2,118429430.32999952
2025-02-20 20:59:59.829000+00:00,2025-02-20 20:45:00+00:00,continuous,98551.2,98589.1,98296.7,98405.0,138104027.08329946
2025-02-20 21:14:59.367000+00:00,2025-02-20 21:00:00+00:00,continuous,98405.1,98451.5,98220.0,98254.9,137787156.01389956
2025-02-20 21:29:59.989000+00:00,2025-02-20 21:15:00+00:00,continuous,98254.9,98274.5,98120.3,98140.0,114431067.50110006
2025-02-20 21:44:59.963000+00:00,2025-02-20 21:30:00+00:00,continuous,98139.9,98216.1,98060.0,98063.5,79003955.72570033
2025-02-20 21:59:59.651000+00:00,2025-02-20 21:45:00+00:00,continuous,98063.6,98109.2,97952.8,98039.8,137206436.32439935
2025-02-20 22:14:59.991000+00:00,2025-02-20 22:00:00+00:00,continuous,98039.8,98275.6,98020.0,98096.7,83560413.6120007
2025-02-20 22:29:59.971000+00:00,2025-02-20 22:15:00+00:00,continuous,98096.6,98146.7,98010.0,98129.0,68948567.73479989
2025-02-20 22:44:59.810000+00:00,2025-02-20 22:30:00+00:00,continuous,98129.0,98341.1,98128.9,98260.1,65750070.519800246
2025-02-20 22:59:59.840000+00:00,2025-02-20 22:45:00+00:00,continuous,98260.1,98260.1,98055.0,98076.7,56198173.120300025
2025-02-20 23:14:59.941000+00:00,2025-02-20 23:00:00+00:00,continuous,98076.6,98348.0,98055.0,98213.1,88952053.79209982
2025-02-20 23:29:59.367000+00:00,2025-02-20 23:15:00+00:00,continuous,98213.0,98356.1,98186.1,98256.7,86270796.07819998
2025-02-20 23:44:59.906000+00:00,2025-02-20 23:30:00+00:00,continuous,98256.8,98457.5,98256.7,98347.1,106062490.20999971
2025-02-20 23:59:59.420000+00:00,2025-02-20 23:45:00+00:00,continuous,98347.0,98376.1,98230.2,98252.9,57674891.43569987
2025-02-21 00:14:59.873000+00:00,2025-02-21 00:00:00+00:00,continuous,98252.8,98450.0,98252.8,98424.2,77061147.54360022
2025-02-21 00:29:59.600000+00:00,2025-02-21 00:15:00+00:00,continuous,98424.2,98424.3,98240.0,98281.1,67340009.15150006
2025-02-21 00:44:59.895000+00:00,2025-02-21 00:30:00+00:00,continuous,98281.1,98365.0,98087.2,98087.3,73888863.49900007
2025-02-21 00:59:59.804000+00:00,2025-02-21 00:45:00+00:00,continuous,98087.2,98210.0,98030.5,98186.6,66162241.994099595
2025-02-21 01:14:59.983000+00:00,2025-02-21 01:00:00+00:00,continuous,98186.6,98242.9,98090.0,98117.6,50102655.28609991
2025-02-21 01:29:59.703000+00:00,2025-02-21 01:15:00+00:00,continuous,98117.6,98180.0,98064.0,98123.4,56787082.836900316
2025-02-21 01:44:59.971000+00:00,2025-02-21 01:30:00+00:00,continuous,98123.4,98213.0,98051.5,98156.9,67669640.83630006
2025-02-21 01:59:59.829000+00:00,2025-02-21 01:45:00+00:00,continuous,98156.8,98307.9,98146.3,98261.9,59771880.80110009
2025-02-21 02:14:59.383000+00:00,2025-02-21 02:00:00+00:00,continuous,98261.9,98327.7,98183.0,98308.0,48692527.87670011
2025-02-21 02:29:58.358000+00:00,2025-02-21 02:15:00+00:00,continuous,98308.0,98327.7,98200.0,98221.6,38164272.24570017
2025-02-21 02:44:59.706000+00:00,2025-02-21 02:30:00+00:00,continuous,98221.5,98250.0,98108.4,98123.0,44539508.78689993
2025-02-21 02:59:59.565000+00:00,2025-02-21 02:45:00+00:00,continuous,98123.0,98180.1,98060.0,98065.0,62160628.981199846
2025-02-21 03:14:59.855000+00:00,2025-02-21 03:00:00+00:00,continuous,98065.0,98156.1,98030.3,98111.3,51312037.75169998
2025-02-21 03:29:59.872000+00:00,2025-02-21 03:15:00+00:00,continuous,98111.3,98257.0,98085.5,98212.9,69179504.64810005
2025-02-21 03:44:59.310000+00:00,2025-02-21 03:30:00+00:00,continuous,98212.9,98224.0,98050.0,98106.2,53336447.712299965
2025-02-21 03:59:59.324000+00:00,2025-02-21 03:45:00+00:00,continuous,98106.2,98142.1,98050.0,98106.1,60034970.1444001
2025-02-21 04:14:59.452000+00:00,2025-02-21 04:00:00+00:00,continuous,98106.0,98210.0,98106.0,98192.9,66803369.20389991
2025-02-21 04:29:59.745000+00:00,2025-02-21 04:15:00+00:00,continuous,98192.9,98229.4,98090.8,98128.8,56912861.52059996
2025-02-21 04:44:59.986000+00:00,2025-02-21 04:30:00+00:00,continuous,98128.9,98222.0,98072.4,98219.1,42507805.563200034
2025-02-21 04:59:59.923000+00:00,2025-02-21 04:45:00+00:00,continuous,98219.2,98232.0,98136.5,98164.8,33618192.34119998
2025-02-21 05:14:59.662000+00:00,2025-02-21 05:00:00+00:00,continuous,98164.9,98226.2,98117.5,98226.1,28127949.69389999
2025-02-21 05:29:59.179000+00:00,2025-02-21 05:15:00+00:00,continuous,98226.2,98261.6,98173.0,98216.4,47429988.36990008
2025-02-21 05:44:59.872000+00:00,2025-02-21 05:30:00+00:00,continuous,98216.4,98326.2,98201.7,98321.4,61333968.49070006
2025-02-21 05:59:59.327000+00:00,2025-02-21 05:45:00+00:00,continuous,98321.4,98355.0,98242.8,98290.0,47397938.57220009
2025-02-21 06:14:59.841000+00:00,2025-02-21 06:00:00+00:00,continuous,98290.1,98380.0,98251.1,98316.6,87878086.88989979
2025-02-21 06:29:58.523000+00:00,2025-02-21 06:15:00+00:00,continuous,98316.7,98377.4,98311.0,98336.7,36983945.06270001
2025-02-21 06:44:58.439000+00:00,2025-02-21 06:30:00+00:00,continuous,98336.7,98366.0,98311.9,98333.1,28977850.424199853
2025-02-21 06:59:59.675000+00:00,2025-02-21 06:45:00+00:00,continuous,98333.0,98360.9,98300.0,98355.0,34578541.439799994
2025-02-21 07:14:59.937000+00:00,2025-02-21 07:00:00+00:00,continuous,98355.0,98450.0,98323.8,98398.3,75437174.65100025
2025-02-21 07:29:59.864000+00:00,2025-02-21 07:15:00+00:00,continuous,98398.2,98555.0,98370.0,98381.0,124604291.35170002
2025-02-21 07:44:59.637000+00:00,2025-02-21 07:30:00+00:00,continuous,98381.0,98381.1,98192.1,98224.0,124025513.8435001
2025-02-21 07:59:59.557000+00:00,2025-02-21 07:45:00+00:00,continuous,98224.0,98246.8,98106.5,98130.0,70304789.47669992
2025-02-21 08:14:59.958000+00:00,2025-02-21 08:00:00+00:00,continuous,98129.9,98215.3,98112.5,98205.4,77597159.90099968
2025-02-21 08:29:59.836000+00:00,2025-02-21 08:15:00+00:00,continuous,98205.3,98205.3,98104.0,98129.2,68969405.5042001
2025-02-21 08:44:59.490000+00:00,2025-02-21 08:30:00+00:00,continuous,98129.3,98201.6,98086.9,98155.1,82197585.93189982
2025-02-21 08:59:58.743000+00:00,2025-02-21 08:45:00+00:00,continuous,98155.0,98194.6,98120.0,98167.0,36819658.55710018
2025-02-21 09:14:59.893000+00:00,2025-02-21 09:00:00+00:00,continuous,98167.0,98316.2,98166.9,98302.5,61208686.931199975
2025-02-21 09:29:59.957000+00:00,2025-02-21 09:15:00+00:00,continuous,98302.5,98888.0,98296.0,98310.8,663519940.1768028
2025-02-21 09:44:59.335000+00:00,2025-02-21 09:30:00+00:00,continuous,98310.0,98423.5,98057.5,98166.5,264821102.3584013
2025-02-21 09:59:59.850000+00:00,2025-02-21 09:45:00+00:00,continuous,98166.6,98324.7,98140.5,98285.2,103111979.8155997
2025-02-21 10:14:59.618000+00:00,2025-02-21 10:00:00+00:00,continuous,98285.1,98400.0,98180.0,98385.1,122169403.47980012
2025-02-21 10:29:59.606000+00:00,2025-02-21 10:15:00+00:00,continuous,98385.2,98480.0,98334.3,98375.5,96993816.1288004
2025-02-21 10:44:59.848000+00:00,2025-02-21 10:30:00+00:00,continuous,98375.4,98524.9,98357.6,98480.0,104489482.56670019
2025-02-21 10:59:59.494000+00:00,2025-02-21 10:45:00+00:00,continuous,98480.0,98622.5,98457.1,98563.4,72499422.6146997
2025-02-21 11:14:59.900000+00:00,2025-02-21 11:00:00+00:00,continuous,98563.4,98616.0,98433.7,98514.2,91698283.39919968
2025-02-21 11:29:59.105000+00:00,2025-02-21 11:15:00+00:00,continuous,98514.1,98733.7,98439.2,98721.1,118235308.83270033
2025-02-21 11:44:59.955000+00:00,2025-02-21 11:30:00+00:00,continuous,98721.0,98768.0,98603.5,98661.1,114551616.35880041
2025-02-21 11:59:59.847000+00:00,2025-02-21 11:45:00+00:00,continuous,98661.2,98677.3,98567.4,98579.7,57432519.206899635
2025-02-21 12:14:59.804000+00:00,2025-02-21 12:00:00+00:00,continuous,98579.7,98602.6,98476.0,98573.6,109770316.69390045
2025-02-21 12:29:59.848000+00:00,2025-02-21 12:15:00+00:00,continuous,98573.6,98841.3,98573.6,98806.1,138738570.33060002
2025-02-21 12:44:59.494000+00:00,2025-02-21 12:30:00+00:00,continuous,98806.1,98849.1,98691.6,98739.9,118079444.25510006
2025-02-21 12:59:59.876000+00:00,2025-02-21 12:45:00+00:00,continuous,98740.0,98922.7,98739.9,98861.4,187912776.04559797
2025-02-21 13:14:59.996000+00:00,2025-02-21 13:00:00+00:00,continuous,98861.4,99364.0,98745.6,99273.0,771437600.7632021
2025-02-21 13:29:59.890000+00:00,2025-02-21 13:15:00+00:00,continuous,99273.0,99313.0,99019.8,99161.5,200808032.74390078
2025-02-21 13:44:59.972000+00:00,2025-02-21 13:30:00+00:00,continuous,99161.4,99399.9,99161.4,99281.2,243469990.8448987
2025-02-21 13:59:59.933000+00:00,2025-02-21 13:45:00+00:00,continuous,99281.3,99431.5,99221.7,99281.9,196641435.9748999
2025-02-21 14:14:59.901000+00:00,2025-02-21 14:00:00+00:00,continuous,99281.7,99328.0,99017.0,99067.8,247853073.52979913
2025-02-21 14:29:59.917000+00:00,2025-02-21 14:15:00+00:00,continuous,99067.8,99150.0,98901.0,98995.1,191031613.38050056
2025-02-21 14:44:59.962000+00:00,2025-02-21 14:30:00+00:00,continuous,98995.1,98995.1,98289.9,98590.8,923859731.366097
2025-02-21 14:59:59.717000+00:00,2025-02-21 14:45:00+00:00,continuous,98590.9,98982.0,98480.1,98740.1,380699552.8257001
2025-02-21 15:14:59.886000+00:00,2025-02-21 15:00:00+00:00,continuous,98740.1,99250.0,98543.0,99150.6,453757843.4200978
2025-02-21 15:29:59.920000+00:00,2025-02-21 15:15:00+00:00,continuous,99147.5,99284.0,97575.6,98167.0,1613107335.577914
2025-02-21 15:44:59.960000+00:00,2025-02-21 15:30:00+00:00,continuous,98167.0,98182.3,97143.0,97552.6,1438399039.0153668
2025-02-21 15:59:59.913000+00:00,2025-02-21 15:45:00+00:00,continuous,97552.5,98279.1,97380.0,98057.6,1187242956.9724917
2025-02-21 16:14:59.971000+00:00,2025-02-21 16:00:00+00:00,continuous,98057.6,98541.0,97673.0,98540.9,702139388.7888978
2025-02-21 16:29:59.898000+00:00,2025-02-21 16:15:00+00:00,continuous,98541.0,98720.0,98232.6,98268.5,633748020.4795039
2025-02-21 16:44:59.994000+00:00,2025-02-21 16:30:00+00:00,continuous,98268.4,98618.5,98146.9,98326.2,253482547.17999867
2025-02-21 16:59:59.588000+00:00,2025-02-21 16:45:00+00:00,continuous,98326.2,98326.3,98068.1,98183.1,212804489.58290058
2025-02-21 17:14:59.910000+00:00,2025-02-21 17:00:00+00:00,continuous,98183.2,98394.9,97900.9,97935.8,238376934.7291019
2025-02-21 17:29:59.546000+00:00,2025-02-21 17:15:00+00:00,continuous,97935.8,98162.5,97775.0,97874.6,290199586.6178997
2025-02-21 17:44:59.961000+00:00,2025-02-21 17:30:00+00:00,continuous,97874.7,97882.2,97053.0,97090.4,885626244.5982975
2025-02-21 17:59:59.992000+00:00,2025-02-21 17:45:00+00:00,continuous,97090.3,97153.3,96775.6,96929.5,838777317.7537915
2025-02-21 18:14:59.891000+00:00,2025-02-21 18:00:00+00:00,continuous,96929.6,97146.0,96643.5,96693.9,603221936.6259965
2025-02-21 18:29:59.820000+00:00,2025-02-21 18:15:00+00:00,continuous,96693.9,97192.9,96684.2,97042.3,389020745.8664037
2025-02-21 18:44:59.904000+00:00,2025-02-21 18:30:00+00:00,continuous,97042.2,97112.9,96746.6,96810.2,256029707.5128994
2025-02-21 18:59:59.971000+00:00,2025-02-21 18:45:00+00:00,continuous,96810.1,96822.3,96478.4,96500.1,361752999.30389965
2025-02-21 19:14:59.955000+00:00,2025-02-21 19:00:00+00:00,continuous,96500.0,96790.7,96296.1,96529.3,529378060.82180035
2025-02-21 19:29:59.864000+00:00,2025-02-21 19:15:00+00:00,continuous,96529.3,96532.9,95804.8,95868.0,653367732.3109975
2025-02-21 19:44:59.956000+00:00,2025-02-21 19:30:00+00:00,continuous,95868.0,96280.6,95340.0,95400.1,841324681.3485975
2025-02-21 19:59:59.912000+00:00,2025-02-21 19:45:00+00:00,continuous,95400.1,95724.3,95201.2,95247.5,649135376.6275997
2025-02-21 20:14:59.947000+00:00,2025-02-21 20:00:00+00:00,continuous,95247.4,95636.3,95188.0,95255.0,476410247.3909018
2025-02-21 20:29:59.834000+00:00,2025-02-21 20:15:00+00:00,continuous,95255.1,95412.3,95100.0,95225.8,330289732.1421023
2025-02-21 20:44:59.848000+00:00,2025-02-21 20:30:00+00:00,continuous,95225.9,95558.8,95154.7,95332.1,335765812.60239685
2025-02-21 20:59:59.823000+00:00,2025-02-21 20:45:00+00:00,continuous,95332.1,95332.2,94830.4,95034.3,436895519.6976974
2025-02-21 21:14:59.901000+00:00,2025-02-21 21:00:00+00:00,continuous,95034.3,95367.7,94990.5,95330.4,288295797.6338988
2025-02-21 21:29:59.996000+00:00,2025-02-21 21:15:00+00:00,continuous,95330.4,95345.0,95035.1,95036.8,154834853.46219975
2025-02-21 21:44:59.943000+00:00,2025-02-21 21:30:00+00:00,continuous,95036.7,95276.5,94970.3,95139.1,187368343.79389948
2025-02-21 21:59:59.821000+00:00,2025-02-21 21:45:00+00:00,continuous,95139.0,95441.4,95122.8,95366.4,249633292.46550035
2025-02-21 22:14:59.973000+00:00,2025-02-21 22:00:00+00:00,continuous,95366.4,95593.5,95200.0,95520.2,273607023.9783988
2025-02-21 22:29:59.970000+00:00,2025-02-21 22:15:00+00:00,continuous,95520.1,95880.0,95433.1,95725.1,222541201.8555005
2025-02-21 22:44:59.910000+00:00,2025-02-21 22:30:00+00:00,continuous,95725.1,95862.7,95455.3,95708.6,124790012.25649972
2025-02-21 22:59:59.924000+00:00,2025-02-21 22:45:00+00:00,continuous,95708.7,95888.0,95620.0,95786.5,88069018.97309957
2025-02-21 23:14:59.996000+00:00,2025-02-21 23:00:00+00:00,continuous,95786.5,95863.4,95613.0,95760.9,112508897.68499918
2025-02-21 23:29:59.936000+00:00,2025-02-21 23:15:00+00:00,continuous,95761.3,96040.0,95748.2,96009.8,162777810.74660146
2025-02-21 23:44:59.917000+00:00,2025-02-21 23:30:00+00:00,continuous,96009.9,96118.6,95960.0,96116.1,96648716.28199959
2025-02-21 23:59:59.918000+00:00,2025-02-21 23:45:00+00:00,continuous,96116.0,96150.0,96076.3,96127.9,89513409.74859984
2025-02-22 00:14:59.626000+00:00,2025-02-22 00:00:00+00:00,continuous,96128.0,96141.6,95822.1,95951.9,215668958.3507993
2025-02-22 00:29:59.664000+00:00,2025-02-22 00:15:00+00:00,continuous,95951.9,96008.0,95701.9,95766.6,127764047.37929988
2025-02-22 00:44:59.910000+00:00,2025-02-22 00:30:00+00:00,continuous,95766.6,96119.8,95737.0,96107.0,90646985.64230005
2025-02-22 00:59:59.871000+00:00,2025-02-22 00:45:00+00:00,continuous,96107.0,96156.4,96037.7,96138.9,63740442.29660016
2025-02-22 01:14:59.727000+00:00,2025-02-22 01:00:00+00:00,continuous,96138.8,96253.3,96067.5,96220.9,97320891.75700013
2025-02-22 01:29:59.953000+00:00,2025-02-22 01:15:00+00:00,continuous,96220.9,96314.6,96150.0,96302.2,75148078.00400029
2025-02-22 01:44:59.974000+00:00,2025-02-22 01:30:00+00:00,continuous,96302.2,96399.9,96286.9,96360.0,93361368.72220026
2025-02-22 01:59:59.879000+00:00,2025-02-22 01:45:00+00:00,continuous,96360.0,96360.1,96143.6,96189.0,73537943.26359972
2025-02-22 02:14:59.639000+00:00,2025-02-22 02:00:00+00:00,continuous,96189.0,96240.8,96130.6,96169.0,66591728.086299986
2025-02-22 02:29:59.897000+00:00,2025-02-22 02:15:00+00:00,continuous,96169.0,96228.1,96053.9,96053.9,60049342.34540007
2025-02-22 02:44:59.805000+00:00,2025-02-22 02:30:00+00:00,continuous,96053.9,96399.0,96053.9,96373.4,85503065.74799946
2025-02-22 02:59:59.824000+00:00,2025-02-22 02:45:00+00:00,continuous,96373.3,96373.4,96195.9,96296.1,36702972.877899826
2025-02-22 03:14:59.930000+00:00,2025-02-22 03:00:00+00:00,continuous,96296.2,96300.0,96162.1,96169.0,37442582.20939991
2025-02-22 03:29:59.799000+00:00,2025-02-22 03:15:00+00:00,continuous,96169.0,96314.1,96168.9,96259.3,41047081.61800003
2025-02-22 03:44:58.638000+00:00,2025-02-22 03:30:00+00:00,continuous,96259.3,96268.4,96130.1,96140.1,38264836.105699986
2025-02-22 03:59:59.146000+00:00,2025-02-22 03:45:00+00:00,continuous,96140.1,96250.0,96100.0,96249.9,35916774.11199985
2025-02-22 04:14:59.902000+00:00,2025-02-22 04:00:00+00:00,continuous,96250.0,96404.0,96219.9,96404.0,90946992.20440015
2025-02-22 04:29:59.162000+00:00,2025-02-22 04:15:00+00:00,continuous,96403.9,96404.0,96287.0,96324.5,41121401.81049965
2025-02-22 04:44:59.445000+00:00,2025-02-22 04:30:00+00:00,continuous,96324.4,96430.0,96304.3,96399.9,47061458.13469989
2025-02-22 04:59:58.809000+00:00,2025-02-22 04:45:00+00:00,continuous,96399.9,96433.0,96310.8,96350.0,37309942.98990011
2025-02-22 05:14:59.834000+00:00,2025-02-22 05:00:00+00:00,continuous,96350.0,96384.0,96258.5,96359.1,45942127.704000026
2025-02-22 05:29:59.608000+00:00,2025-02-22 05:15:00+00:00,continuous,96359.0,96444.0,96359.0,96444.0,31750766.324000016
2025-02-22 05:44:59.952000+00:00,2025-02-22 05:30:00+00:00,continuous,96443.9,96477.7,96421.7,96477.7,54284856.12300001
2025-02-22 05:59:59.071000+00:00,2025-02-22 05:45:00+00:00,continuous,96477.7,96485.5,96382.8,96468.7,40879111.27230008
2025-02-22 06:14:59.916000+00:00,2025-02-22 06:00:00+00:00,continuous,96468.8,96542.7,96392.9,96447.6,66280129.91939997
2025-02-22 06:29:59.737000+00:00,2025-02-22 06:15:00+00:00,continuous,96447.6,96469.6,96370.6,96397.3,27451879.34670004
2025-02-22 06:44:59.881000+00:00,2025-02-22 06:30:00+00:00,continuous,96397.3,96439.1,96275.2,96298.5,41798385.22639992
2025-02-22 06:59:59.076000+00:00,2025-02-22 06:45:00+00:00,continuous,96298.4,96412.2,96298.4,96340.1,50592544.64840015
2025-02-22 07:14:59.906000+00:00,2025-02-22 07:00:00+00:00,continuous,96340.0,96446.4,96340.0,96360.2,36296731.86439988
2025-02-22 07:29:59.876000+00:00,2025-02-22 07:15:00+00:00,continuous,96360.2,96464.6,96337.1,96399.9,72752645.23889987
2025-02-22 07:44:59.375000+00:00,2025-02-22 07:30:00+00:00,continuous,96400.0,96429.9,96365.0,96400.1,34370494.050699994
2025-02-22 07:59:59.830000+00:00,2025-02-22 07:45:00+00:00,continuous,96400.1,96400.1,96232.6,96241.7,60462771.02490008
2025-02-22 08:14:59.986000+00:00,2025-02-22 08:00:00+00:00,continuous,96241.7,96301.2,96134.4,96134.4,102384106.75690012
2025-02-22 08:29:59.985000+00:00,2025-02-22 08:15:00+00:00,continuous,96134.4,96223.9,96120.5,96216.9,69072732.06169982
2025-02-22 08:44:59.146000+00:00,2025-02-22 08:30:00+00:00,continuous,96216.9,96255.9,96160.5,96167.3,39998289.910899915
2025-02-22 08:59:59.114000+00:00,2025-02-22 08:45:00+00:00,continuous,96167.4,96228.0,96108.3,96175.0,47288189.338399924
2025-02-22 09:14:59.903000+00:00,2025-02-22 09:00:00+00:00,continuous,96175.0,96381.8,96107.0,96316.7,94368073.47049938
2025-02-22 09:29:59.900000+00:00,2025-02-22 09:15:00+00:00,continuous,96316.6,96371.9,96264.7,96306.2,68824622.43860018
2025-02-22 09:44:59.639000+00:00,2025-02-22 09:30:00+00:00,continuous,96306.2,96363.7,96306.0,96341.0,27776292.064899925
2025-02-22 09:59:59.444000+00:00,2025-02-22 09:45:00+00:00,continuous,96341.1,96468.0,96341.0,96442.6,86191103.6584
2025-02-22 10:14:59.861000+00:00,2025-02-22 10:00:00+00:00,continuous,96442.5,96521.3,96378.8,96445.8,155819900.34910014
2025-02-22 10:29:59.599000+00:00,2025-02-22 10:15:00+00:00,continuous,96445.8,96520.7,96445.7,96495.1,62693766.9552
2025-02-22 10:44:59.437000+00:00,2025-02-22 10:30:00+00:00,continuous,96495.0,96498.0,96400.6,96485.3,61883670.10789985
2025-02-22 10:59:59.571000+00:00,2025-02-22 10:45:00+00:00,continuous,96485.2,96525.0,96393.6,96437.9,78012723.3603001
2025-02-22 11:14:59.469000+00:00,2025-02-22 11:00:00+00:00,continuous,96437.9,96505.4,96437.8,96472.6,41448929.15139989
2025-02-22 11:29:59.873000+00:00,2025-02-22 11:15:00+00:00,continuous,96472.6,96511.0,96448.9,96469.6,40869041.90989997
2025-02-22 11:44:59.837000+00:00,2025-02-22 11:30:00+00:00,continuous,96469.6,96542.0,96460.9,96535.1,37744427.54060016
2025-02-22 11:59:59.588000+00:00,2025-02-22 11:45:00+00:00,continuous,96535.1,96571.2,96502.8,96526.4,56312509.244299896
2025-02-22 12:14:59.986000+00:00,2025-02-22 12:00:00+00:00,continuous,96526.5,96638.3,96526.4,96590.0,76578528.67509976
2025-02-22 12:29:59.968000+00:00,2025-02-22 12:15:00+00:00,continuous,96589.9,96656.6,96510.2,96554.9,63625009.5988999
2025-02-22 12:44:59.768000+00:00,2025-02-22 12:30:00+00:00,continuous,96555.0,96749.4,96554.9,96665.0,153002725.65210024
2025-02-22 12:59:59.873000+00:00,2025-02-22 12:45:00+00:00,continuous,96665.0,96988.0,96656.5,96781.1,381701593.97140163
2025-02-22 13:14:59.472000+00:00,2025-02-22 13:00:00+00:00,continuous,96781.0,96845.4,96736.6,96786.3,91708083.34340009
2025-02-22 13:29:59.963000+00:00,2025-02-22 13:15:00+00:00,continuous,96786.4,96873.2,96712.7,96712.7,94174828.10270019
2025-02-22 13:44:58.146000+00:00,2025-02-22 13:30:00+00:00,continuous,96712.7,96727.6,96555.3,96615.3,155564679.73949987
2025-02-22 13:59:59.652000+00:00,2025-02-22 13:45:00+00:00,continuous,96615.3,96700.0,96460.0,96513.5,197971871.7212002
2025-02-22 14:14:59.876000+00:00,2025-02-22 14:00:00+00:00,continuous,96513.6,96655.6,96513.5,96550.4,67132912.06649993
2025-02-22 14:29:59.300000+00:00,2025-02-22 14:15:00+00:00,continuous,96550.4,96662.4,96550.0,96593.1,56647875.18459993
2025-02-22 14:44:59.823000+00:00,2025-02-22 14:30:00+00:00,continuous,96593.1,96636.6,96480.0,96575.0,93755460.69119993
2025-02-22 14:59:58.978000+00:00,2025-02-22 14:45:00+00:00,continuous,96575.1,96580.0,96472.7,96481.6,45353155.895700075
2025-02-22 15:14:58.769000+00:00,2025-02-22 15:00:00+00:00,continuous,96481.6,96598.3,96481.6,96546.7,49582048.56519998
2025-02-22 15:29:58.765000+00:00,2025-02-22 15:15:00+00:00,continuous,96546.8,96571.5,96490.6,96516.8,32845556.468799945
2025-02-22 15:44:58.348000+00:00,2025-02-22 15:30:00+00:00,continuous,96516.9,96550.0,96444.2,96519.7,73463359.34590007
2025-02-22 15:59:59.885000+00:00,2025-02-22 15:45:00+00:00,continuous,96519.7,96676.6,96500.0,96552.4,118582757.67849936
2025-02-22 16:14:59.850000+00:00,2025-02-22 16:00:00+00:00,continuous,96552.3,96758.3,96552.3,96700.8,147767990.8098997
2025-02-22 16:29:59.129000+00:00,2025-02-22 16:15:00+00:00,continuous,96700.9,96771.0,96645.2,96669.9,68444577.12480025
2025-02-22 16:44:59.679000+00:00,2025-02-22 16:30:00+00:00,continuous,96669.9,96692.9,96600.0,96607.6,60153444.81990025
2025-02-22 16:59:59.981000+00:00,2025-02-22 16:45:00+00:00,continuous,96607.6,96648.2,96407.1,96459.7,163630969.11659968
2025-02-22 17:14:59.924000+00:00,2025-02-22 17:00:00+00:00,continuous,96459.7,96592.8,96423.6,96564.3,62423348.50180004
2025-02-22 17:29:59.520000+00:00,2025-02-22 17:15:00+00:00,continuous,96564.5,96591.0,96470.2,96565.0,30043793.456900056
2025-02-22 17:44:59.903000+00:00,2025-02-22 17:30:00+00:00,continuous,96565.0,96646.7,96490.0,96623.5,51589690.23889984
2025-02-22 17:59:59.932000+00:00,2025-02-22 17:45:00+00:00,continuous,96623.5,96646.7,96542.7,96592.5,27731577.756000035
2025-02-22 18:14:57.671000+00:00,2025-02-22 18:00:00+00:00,continuous,96592.5,96675.6,96592.5,96618.3,37377190.77620005
2025-02-22 18:29:59.969000+00:00,2025-02-22 18:15:00+00:00,continuous,96618.4,96725.1,96614.5,96725.0,29214223.49669998
2025-02-22 18:44:59+00:00,2025-02-22 18:30:00+00:00,continuous,96725.0,96794.6,96611.4,96623.7,58640439.346799895
2025-02-22 18:59:59.769000+00:00,2025-02-22 18:45:00+00:00,continuous,96623.7,96623.8,96360.1,96415.6,111095636.4896002
2025-02-22 19:14:59.835000+00:00,2025-02-22 19:00:00+00:00,continuous,96415.6,96468.4,96333.8,96415.9,97718373.31249961
2025-02-22 19:29:59.407000+00:00,2025-02-22 19:15:00+00:00,continuous,96415.9,96556.2,96415.9,96544.6,30721991.77950013
2025-02-22 19:44:59.648000+00:00,2025-02-22 19:30:00+00:00,continuous,96544.5,96600.0,96526.6,96560.5,21248499.39160001
2025-02-22 19:59:59.006000+00:00,2025-02-22 19:45:00+00:00,continuous,96560.5,96602.3,96552.2,96596.6,21393474.78320002
2025-02-22 20:14:58.991000+00:00,2025-02-22 20:00:00+00:00,continuous,96596.5,96600.0,96474.4,96533.3,45670278.51270007
2025-02-22 20:29:59.697000+00:00,2025-02-22 20:15:00+00:00,continuous,96533.2,96557.9,96488.0,96488.0,41803356.78650013
2025-02-22 20:44:59.872000+00:00,2025-02-22 20:30:00+00:00,continuous,96488.0,96599.9,96463.6,96526.9,27555981.16560006
2025-02-22 20:59:57.283000+00:00,2025-02-22 20:45:00+00:00,continuous,96526.9,96565.0,96490.0,96526.9,20106182.01690004
2025-02-22 21:14:59.970000+00:00,2025-02-22 21:00:00+00:00,continuous,96526.9,96549.5,96466.6,96534.5,29129463.820199966
2025-02-22 21:29:58.992000+00:00,2025-02-22 21:15:00+00:00,continuous,96534.5,96537.9,96470.4,96470.4,16284064.7729999
2025-02-22 21:44:59.996000+00:00,2025-02-22 21:30:00+00:00,continuous,96470.5,96575.0,96469.9,96574.9,40211923.92850001
2025-02-22 21:59:59.709000+00:00,2025-02-22 21:45:00+00:00,continuous,96575.0,96628.0,96561.2,96620.1,38936190.495700054
2025-02-22 22:14:59.986000+00:00,2025-02-22 22:00:00+00:00,continuous,96620.1,96659.5,96596.1,96603.4,45868642.15049996
2025-02-22 22:29:59.496000+00:00,2025-02-22 22:15:00+00:00,continuous,96603.4,96611.6,96578.0,96578.1,22214558.38669995
2025-02-22 22:44:59.829000+00:00,2025-02-22 22:30:00+00:00,continuous,96578.0,96623.0,96551.7,96623.0,17667311.610700075
2025-02-22 22:59:58.844000+00:00,2025-02-22 22:45:00+00:00,continuous,96623.0,96645.6,96559.4,96580.0,16613015.668600013
2025-02-22 23:14:59.246000+00:00,2025-02-22 23:00:00+00:00,continuous,96580.1,96580.8,96432.6,96580.8,49047944.46369996
2025-02-22 23:29:59.056000+00:00,2025-02-22 23:15:00+00:00,continuous,96580.8,96608.2,96524.1,96568.5,33554677.54230002
2025-02-22 23:44:59.059000+00:00,2025-02-22 23:30:00+00:00,continuous,96568.5,96568.5,96529.4,96544.0,23731171.331099954
2025-02-22 23:59:59.071000+00:00,2025-02-22 23:45:00+00:00,continuous,96544.0,96544.0,96500.9,96503.3,17542138.818399984
2025-02-23 00:14:59.503000+00:00,2025-02-23 00:00:00+00:00,continuous,96503.3,96503.4,96437.0,96453.3,52147905.262300044
2025-02-23 00:29:59.582000+00:00,2025-02-23 00:15:00+00:00,continuous,96453.2,96559.9,96453.2,96498.8,34636636.89960008
2025-02-23 00:44:59.399000+00:00,2025-02-23 00:30:00+00:00,continuous,96498.8,96560.0,96490.8,96543.1,17395290.431000043
2025-02-23 00:59:59.585000+00:00,2025-02-23 00:45:00+00:00,continuous,96543.1,96602.9,96518.1,96589.3,24999209.914100047
2025-02-23 01:14:57.677000+00:00,2025-02-23 01:00:00+00:00,continuous,96589.4,96589.4,96497.7,96500.0,32756980.98619984
2025-02-23 01:29:59.877000+00:00,2025-02-23 01:15:00+00:00,continuous,96500.1,96500.1,96435.0,96455.7,32138330.206500117
2025-02-23 01:44:59.682000+00:00,2025-02-23 01:30:00+00:00,continuous,96455.7,96455.7,96357.1,96373.9,66864415.013899826
2025-02-23 01:59:59.818000+00:00,2025-02-23 01:45:00+00:00,continuous,96373.9,96441.7,96309.6,96400.0,85027479.56730002
2025-02-23 02:14:59.337000+00:00,2025-02-23 02:00:00+00:00,continuous,96400.0,96453.8,96361.3,96436.1,20754418.74820001
2025-02-23 02:29:58.490000+00:00,2025-02-23 02:15:00+00:00,continuous,96436.1,96436.1,96361.2,96387.3,15175060.015199998
2025-02-23 02:44:59.824000+00:00,2025-02-23 02:30:00+00:00,continuous,96387.3,96411.8,96333.0,96411.7,37644410.48889995
2025-02-23 02:59:59.397000+00:00,2025-02-23 02:45:00+00:00,continuous,96411.7,96421.5,96338.7,96357.3,33722669.77979999
2025-02-23 03:14:59.132000+00:00,2025-02-23 03:00:00+00:00,continuous,96357.3,96478.9,96330.0,96396.4,40800634.01539991
2025-02-23 03:29:59.790000+00:00,2025-02-23 03:15:00+00:00,continuous,96396.4,96509.0,96396.3,96470.6,28607621.385400064
2025-02-23 03:44:59.690000+00:00,2025-02-23 03:30:00+00:00,continuous,96470.5,96520.0,96413.6,96441.1,24932517.663299926
2025-02-23 03:59:57.799000+00:00,2025-02-23 03:45:00+00:00,continuous,96441.0,96486.0,96367.1,96373.7,23412185.93970002
2025-02-23 04:14:58.913000+00:00,2025-02-23 04:00:00+00:00,continuous,96373.7,96402.9,96337.5,96396.7,40414812.988700114
2025-02-23 04:29:59.932000+00:00,2025-02-23 04:15:00+00:00,continuous,96396.7,96476.0,96380.0,96409.3,26024050.050399967
2025-02-23 04:44:54.710000+00:00,2025-02-23 04:30:00+00:00,continuous,96409.3,96409.4,96377.5,96384.8,13072790.159000013
2025-02-23 04:59:59.463000+00:00,2025-02-23 04:45:00+00:00,continuous,96384.8,96412.7,96345.1,96350.0,27064608.537400063
2025-02-23 05:14:59.323000+00:00,2025-02-23 05:00:00+00:00,continuous,96349.9,96372.3,96311.1,96311.1,45794031.86150006
2025-02-23 05:29:59.854000+00:00,2025-02-23 05:15:00+00:00,continuous,96311.2,96311.2,96240.1,96300.3,71948522.49569982
2025-02-23 05:44:59.294000+00:00,2025-02-23 05:30:00+00:00,continuous,96300.3,96350.0,96225.0,96233.1,87259996.29109992
2025-02-23 05:59:59.954000+00:00,2025-02-23 05:45:00+00:00,continuous,96233.1,96251.4,96147.2,96161.2,127027266.15610047
2025-02-23 06:14:59.724000+00:00,2025-02-23 06:00:00+00:00,continuous,96161.1,96212.7,96102.2,96170.0,118494427.7199999
2025-02-23 06:29:59.977000+00:00,2025-02-23 06:15:00+00:00,continuous,96170.1,96275.8,96160.0,96240.1,60882750.03929956
2025-02-23 06:44:59.923000+00:00,2025-02-23 06:30:00+00:00,continuous,96240.0,96307.1,96181.7,96281.3,54599488.86020024
2025-02-23 06:59:59.608000+00:00,2025-02-23 06:45:00+00:00,continuous,96281.3,96302.6,96254.0,96297.9,30045492.50960003
2025-02-23 07:14:59.619000+00:00,2025-02-23 07:00:00+00:00,continuous,96297.9,96298.0,96242.3,96273.5,42392526.500899956
2025-02-23 07:29:59.931000+00:00,2025-02-23 07:15:00+00:00,continuous,96273.5,96410.4,96273.5,96355.6,85862834.09069945
2025-02-23 07:44:59.447000+00:00,2025-02-23 07:30:00+00:00,continuous,96355.6,96504.1,96350.8,96496.2,129197506.49880023
2025-02-23 07:59:59.835000+00:00,2025-02-23 07:45:00+00:00,continuous,96496.2,96499.0,96424.8,96454.6,82289292.30380057
2025-02-23 08:14:59.922000+00:00,2025-02-23 08:00:00+00:00,continuous,96454.6,96459.4,96335.0,96377.1,60726305.26420005
2025-02-23 08:29:59.870000+00:00,2025-02-23 08:15:00+00:00,continuous,96377.0,96394.7,96267.9,96291.8,51456655.0837
2025-02-23 08:44:59.411000+00:00,2025-02-23 08:30:00+00:00,continuous,96291.9,96327.1,96270.0,96297.2,29406799.866099942
2025-02-23 08:59:59.213000+00:00,2025-02-23 08:45:00+00:00,continuous,96297.3,96317.5,96250.0,96314.6,58200623.209899895
2025-02-23 09:14:59.753000+00:00,2025-02-23 09:00:00+00:00,continuous,96314.6,96419.0,96260.4,96260.5,50968850.90710011
2025-02-23 09:29:59.462000+00:00,2025-02-23 09:15:00+00:00,continuous,96260.4,96280.6,96218.0,96250.1,33488553.5752999
2025-02-23 09:44:59.726000+00:00,2025-02-23 09:30:00+00:00,continuous,96250.1,96305.1,96207.9,96278.3,43773017.665799916
2025-02-23 09:59:59.360000+00:00,2025-02-23 09:45:00+00:00,continuous,96278.3,96315.3,96228.8,96230.0,35467901.466799945
2025-02-23 10:14:58.973000+00:00,2025-02-23 10:00:00+00:00,continuous,96230.0,96248.4,96177.5,96194.9,39944807.28000001
2025-02-23 10:29:59.990000+00:00,2025-02-23 10:15:00+00:00,continuous,96194.9,96225.6,96177.5,96191.0,24212422.413199972
2025-02-23 10:44:59.070000+00:00,2025-02-23 10:30:00+00:00,continuous,96191.0,96191.0,96034.0,96081.6,96075349.34469967
2025-02-23 10:59:59.943000+00:00,2025-02-23 10:45:00+00:00,continuous,96081.6,96146.7,96034.0,96146.6,46226151.37229996
2025-02-23 11:14:59.461000+00:00,2025-02-23 11:00:00+00:00,continuous,96146.7,96191.5,96079.9,96167.4,51655584.1938999
2025-02-23 11:29:59.811000+00:00,2025-02-23 11:15:00+00:00,continuous,96167.3,96200.0,96130.3,96139.9,25343055.864600174
2025-02-23 11:44:59.634000+00:00,2025-02-23 11:30:00+00:00,continuous,96140.0,96148.0,96051.8,96101.0,42256229.154099874
2025-02-23 11:59:59.645000+00:00,2025-02-23 11:45:00+00:00,continuous,96101.0,96101.0,96030.0,96064.3,43595177.27839999
2025-02-23 12:14:59.906000+00:00,2025-02-23 12:00:00+00:00,continuous,96064.2,96118.1,95915.0,95961.4,138338568.5592001
2025-02-23 12:29:59.943000+00:00,2025-02-23 12:15:00+00:00,continuous,95961.3,95961.4,95771.2,95773.5,185845639.83439985
2025-02-23 12:44:59.977000+00:00,2025-02-23 12:30:00+00:00,continuous,95773.4,95835.7,95678.6,95735.1,146569359.18610048
2025-02-23 12:59:59.959000+00:00,2025-02-23 12:45:00+00:00,continuous,95735.5,95802.8,95617.8,95691.6,133613323.52990068
2025-02-23 13:14:59.848000+00:00,2025-02-23 13:00:00+00:00,continuous,95691.5,95925.6,95681.6,95814.5,124374900.52579972
2025-02-23 13:29:59.869000+00:00,2025-02-23 13:15:00+00:00,continuous,95814.5,95914.5,95680.5,95711.3,91385524.70239976
2025-02-23 13:44:59.850000+00:00,2025-02-23 13:30:00+00:00,continuous,95711.4,95861.1,95700.0,95850.1,106514794.7439997
2025-02-23 13:59:59.878000+00:00,2025-02-23 13:45:00+00:00,continuous,95850.1,95942.7,95827.5,95942.7,72776191.73060001
2025-02-23 14:14:59.511000+00:00,2025-02-23 14:00:00+00:00,continuous,95942.7,96000.0,95877.4,95980.9,74355117.80520031
2025-02-23 14:29:58.395000+00:00,2025-02-23 14:15:00+00:00,continuous,95980.9,95990.1,95881.1,95931.8,83267897.18820004
2025-02-23 14:44:59.648000+00:00,2025-02-23 14:30:00+00:00,continuous,95931.7,95931.8,95709.1,95798.4,90474897.37360041
2025-02-23 14:59:59.553000+00:00,2025-02-23 14:45:00+00:00,continuous,95798.4,95800.7,95476.8,95540.3,284641923.43930024
2025-02-23 15:14:59.418000+00:00,2025-02-23 15:00:00+00:00,continuous,95540.3,95676.0,95485.3,95584.1,187711658.0300001
2025-02-23 15:29:59.795000+00:00,2025-02-23 15:15:00+00:00,continuous,95584.2,95677.2,95566.2,95660.5,65628709.17059998
2025-02-23 15:44:58.925000+00:00,2025-02-23 15:30:00+00:00,continuous,95660.5,95660.5,95512.3,95546.9,59396813.70969989
2025-02-23 15:59:59.904000+00:00,2025-02-23 15:45:00+00:00,continuous,95546.9,95555.4,95326.8,95391.5,200947374.89579886
2025-02-23 16:14:59.578000+00:00,2025-02-23 16:00:00+00:00,continuous,95391.5,95564.4,95380.0,95504.4,99820157.8901996
2025-02-23 16:29:59.463000+00:00,2025-02-23 16:15:00+00:00,continuous,95504.3,95513.4,95400.7,95513.4,67908643.85009977
2025-02-23 16:44:59.538000+00:00,2025-02-23 16:30:00+00:00,continuous,95513.4,95545.6,95446.0,95501.8,44061723.398699865
2025-02-23 16:59:59.271000+00:00,2025-02-23 16:45:00+00:00,continuous,95501.9,95559.5,95380.3,95380.6,51239609.84690004
2025-02-23 17:14:59.610000+00:00,2025-02-23 17:00:00+00:00,continuous,95380.6,95434.1,95278.8,95299.9,96593236.72389962
2025-02-23 17:29:59.692000+00:00,2025-02-23 17:15:00+00:00,continuous,95299.9,95349.6,95200.0,95212.2,129641977.21440049
2025-02-23 17:44:59.648000+00:00,2025-02-23 17:30:00+00:00,continuous,95212.1,95554.6,95180.2,95532.6,155451953.690999
2025-02-23 17:59:59.116000+00:00,2025-02-23 17:45:00+00:00,continuous,95532.5,95715.7,95452.6,95600.1,114164331.46310042
2025-02-23 18:14:59.536000+00:00,2025-02-23 18:00:00+00:00,continuous,95600.1,95678.0,95564.5,95604.5,52894276.28180017
2025-02-23 18:29:59.609000+00:00,2025-02-23 18:15:00+00:00,continuous,95604.4,95820.5,95604.4,95782.6,91717374.57670009
2025-02-23 18:44:59.594000+00:00,2025-02-23 18:30:00+00:00,continuous,95782.6,95823.5,95700.0,95700.0,60106569.174699955
2025-02-23 18:59:59.543000+00:00,2025-02-23 18:45:00+00:00,continuous,95700.0,95700.0,95600.0,95685.0,40380843.633799866
2025-02-23 19:14:59.743000+00:00,2025-02-23 19:00:00+00:00,continuous,95685.1,95750.0,95648.9,95713.5,47581189.75389975
2025-02-23 19:29:59.644000+00:00,2025-02-23 19:15:00+00:00,continuous,95713.4,95798.4,95675.9,95787.1,36516686.89000013
2025-02-23 19:44:59.021000+00:00,2025-02-23 19:30:00+00:00,continuous,95787.1,95789.9,95732.9,95740.1,33287816.7058999
2025-02-23 19:59:59.269000+00:00,2025-02-23 19:45:00+00:00,continuous,95740.1,95740.1,95676.5,95706.5,18610843.251799963
2025-02-23 20:14:58.997000+00:00,2025-02-23 20:00:00+00:00,continuous,95706.5,95768.6,95640.4,95699.2,35609809.22860007
2025-02-23 20:29:59.789000+00:00,2025-02-23 20:15:00+00:00,continuous,95699.1,95720.4,95664.2,95679.0,13534595.196899986
2025-02-23 20:44:56.526000+00:00,2025-02-23 20:30:00+00:00,continuous,95679.0,95702.3,95622.5,95689.7,26121489.350699995
2025-02-23 20:59:59.505000+00:00,2025-02-23 20:45:00+00:00,continuous,95689.7,95736.6,95689.7,95734.8,16342536.970199976
2025-02-23 21:14:59.278000+00:00,2025-02-23 21:00:00+00:00,continuous,95734.7,95734.8,95664.0,95675.0,14859925.629000034
2025-02-23 21:29:59.043000+00:00,2025-02-23 21:15:00+00:00,continuous,95675.0,95702.7,95574.9,95648.6,45166827.37899983
2025-02-23 21:44:59.591000+00:00,2025-02-23 21:30:00+00:00,continuous,95648.6,95656.3,95608.8,95638.3,13962794.006600022
2025-02-23 21:59:59.197000+00:00,2025-02-23 21:45:00+00:00,continuous,95638.2,95718.3,95638.2,95710.7,24540458.011999875
2025-02-23 22:14:59.504000+00:00,2025-02-23 22:00:00+00:00,continuous,95710.8,95710.8,95636.1,95636.2,23315948.367400065
2025-02-23 22:29:59.917000+00:00,2025-02-23 22:15:00+00:00,continuous,95636.1,95636.2,95476.5,95561.5,73174771.60419975
2025-02-23 22:44:59.847000+00:00,2025-02-23 22:30:00+00:00,continuous,95561.5,95779.0,95561.5,95779.0,37303759.85669981
2025-02-23 22:59:59.619000+00:00,2025-02-23 22:45:00+00:00,continuous,95779.0,95883.7,95734.7,95734.7,62274420.71159986
2025-02-23 23:14:59.789000+00:00,2025-02-23 23:00:00+00:00,continuous,95734.7,96133.8,95715.9,96109.6,308863614.6860013
2025-02-23 23:29:59.938000+00:00,2025-02-23 23:15:00+00:00,continuous,96109.6,96222.2,95800.0,95800.0,176408314.30099994
2025-02-23 23:44:59.639000+00:00,2025-02-23 23:30:00+00:00,continuous,95800.1,95975.1,95798.6,95937.4,80909189.22239932
2025-02-23 23:59:59.925000+00:00,2025-02-23 23:45:00+00:00,continuous,95937.4,96290.0,95937.3,96218.4,162970761.38489947
2025-02-24 00:14:59.726000+00:00,2025-02-24 00:00:00+00:00,continuous,96218.4,96456.9,96143.1,96407.5,180071722.48640025
2025-02-24 00:29:59.914000+00:00,2025-02-24 00:15:00+00:00,continuous,96407.3,96424.9,96261.3,96365.8,85887964.95729992
2025-02-24 00:44:59.911000+00:00,2025-02-24 00:30:00+00:00,continuous,96365.9,96365.9,96105.5,96239.9,81658190.70090044
2025-02-24 00:59:59.674000+00:00,2025-02-24 00:45:00+00:00,continuous,96240.0,96470.0,96190.0,96202.4,106245825.17300044
2025-02-24 01:14:59.906000+00:00,2025-02-24 01:00:00+00:00,continuous,96202.4,96300.0,96018.0,96086.7,91456413.52440004
2025-02-24 01:29:59.975000+00:00,2025-02-24 01:15:00+00:00,continuous,96086.7,96257.9,96010.8,96049.4,64377735.48130001
2025-02-24 01:44:59.596000+00:00,2025-02-24 01:30:00+00:00,continuous,96049.4,96059.3,95704.0,95814.1,156530392.5971997
2025-02-24 01:59:59.873000+00:00,2025-02-24 01:45:00+00:00,continuous,95814.0,95952.5,95726.2,95934.2,78528057.62320031
2025-02-24 02:14:59.943000+00:00,2025-02-24 02:00:00+00:00,continuous,95934.2,96158.6,95800.6,96030.2,87898471.0667998
2025-02-24 02:29:58.999000+00:00,2025-02-24 02:15:00+00:00,continuous,96030.2,96070.5,95763.3,95923.2,69915602.83020024
2025-02-24 02:44:59.947000+00:00,2025-02-24 02:30:00+00:00,continuous,95923.3,96030.2,95846.1,95904.4,57008752.642799996
2025-02-24 02:59:59.888000+00:00,2025-02-24 02:45:00+00:00,continuous,95904.5,95991.2,95708.0,95785.0,59077757.76669997
2025-02-24 03:14:59.859000+00:00,2025-02-24 03:00:00+00:00,continuous,95785.0,95785.0,95632.8,95696.1,101595915.03339973
2025-02-24 03:29:59.979000+00:00,2025-02-24 03:15:00+00:00,continuous,95696.0,95696.0,95437.9,95460.0,155077766.87380022
2025-02-24 03:44:59.700000+00:00,2025-02-24 03:30:00+00:00,continuous,95460.1,95747.8,95263.0,95712.3,226946821.23619983
2025-02-24 03:59:59.991000+00:00,2025-02-24 03:45:00+00:00,continuous,95712.4,95747.5,95388.0,95388.1,101524255.2926
2025-02-24 04:14:59.997000+00:00,2025-02-24 04:00:00+00:00,continuous,95388.0,95545.6,95327.7,95420.3,176046805.93560013
2025-02-24 04:29:59.595000+00:00,2025-02-24 04:15:00+00:00,continuous,95420.3,95431.9,95239.6,95303.1,110100584.33080001
2025-02-24 04:44:59.754000+00:00,2025-02-24 04:30:00+00:00,continuous,95303.0,95347.8,95018.0,95208.0,394075160.2676996
2025-02-24 04:59:59.857000+00:00,2025-02-24 04:45:00+00:00,continuous,95208.1,95387.7,95188.0,95260.6,123242687.22529982
2025-02-24 05:14:59.798000+00:00,2025-02-24 05:00:00+00:00,continuous,95260.7,95452.0,95200.0,95431.6,98232681.56669971
2025-02-24 05:29:59.669000+00:00,2025-02-24 05:15:00+00:00,continuous,95431.6,95522.0,95330.5,95452.7,81316485.52600002
2025-02-24 05:44:59.925000+00:00,2025-02-24 05:30:00+00:00,continuous,95452.8,95684.2,95446.0,95643.7,130952910.29970008
2025-02-24 05:59:59.624000+00:00,2025-02-24 05:45:00+00:00,continuous,95643.7,95725.9,95616.0,95681.6,61041416.219900094
2025-02-24 06:14:59.842000+00:00,2025-02-24 06:00:00+00:00,continuous,95681.6,95704.0,95619.4,95624.0,48956190.40519993
2025-02-24 06:29:59.753000+00:00,2025-02-24 06:15:00+00:00,continuous,95624.1,95713.6,95571.1,95640.0,70896192.00560011
2025-02-24 06:44:59.966000+00:00,2025-02-24 06:30:00+00:00,continuous,95640.0,95773.9,95640.0,95689.9,58385341.743900195
2025-02-24 06:59:59.356000+00:00,2025-02-24 06:45:00+00:00,continuous,95689.9,95860.1,95682.7,95821.0,77756726.0136997
2025-02-24 07:14:59.869000+00:00,2025-02-24 07:00:00+00:00,continuous,95821.1,95918.4,95708.3,95737.5,93249144.38200042
2025-02-24 07:29:59.417000+00:00,2025-02-24 07:15:00+00:00,continuous,95737.4,95796.7,95660.9,95764.5,51360835.839299865
2025-02-24 07:44:59.987000+00:00,2025-02-24 07:30:00+00:00,continuous,95764.4,95879.9,95718.0,95718.0,55688396.49049964
2025-02-24 07:59:59.895000+00:00,2025-02-24 07:45:00+00:00,continuous,95718.1,95862.8,95684.0,95834.2,53028010.10169973
2025-02-24 08:14:59.677000+00:00,2025-02-24 08:00:00+00:00,continuous,95834.2,95892.4,95653.7,95693.2,97468316.74110025
2025-02-24 08:29:59.919000+00:00,2025-02-24 08:15:00+00:00,continuous,95693.3,95698.2,95372.6,95396.7,198989972.19719967
2025-02-24 08:44:59.771000+00:00,2025-02-24 08:30:00+00:00,continuous,95396.6,95555.0,95345.0,95507.1,112924504.91130073
2025-02-24 08:59:59.921000+00:00,2025-02-24 08:45:00+00:00,continuous,95507.0,95572.4,95420.0,95460.7,63184605.431800194
2025-02-24 09:14:59.555000+00:00,2025-02-24 09:00:00+00:00,continuous,95460.8,95722.0,95460.0,95699.9,96124496.9251004
2025-02-24 09:29:59.934000+00:00,2025-02-24 09:15:00+00:00,continuous,95699.8,96058.9,95644.7,95983.5,175742212.50079975
2025-02-24 09:44:59.760000+00:00,2025-02-24 09:30:00+00:00,continuous,95983.5,96147.5,95795.1,95812.0,168411898.9756012
2025-02-24 09:59:59.879000+00:00,2025-02-24 09:45:00+00:00,continuous,95811.9,95822.9,95510.0,95711.6,151671480.18680024
2025-02-24 10:14:58.538000+00:00,2025-02-24 10:00:00+00:00,continuous,95711.7,95872.2,95612.2,95702.6,84752679.69669989
2025-02-24 10:29:59.872000+00:00,2025-02-24 10:15:00+00:00,continuous,95702.6,95724.8,95500.6,95520.8,82919899.11610003
2025-02-24 10:44:59.884000+00:00,2025-02-24 10:30:00+00:00,continuous,95520.9,95584.9,95282.4,95500.4,228277296.9916008
2025-02-24 10:59:59.595000+00:00,2025-02-24 10:45:00+00:00,continuous,95500.4,95654.4,95452.0,95582.9,86112522.6399001
2025-02-24 11:14:59.385000+00:00,2025-02-24 11:00:00+00:00,continuous,95582.9,95640.4,95380.1,95422.3,94952246.02260014
2025-02-24 11:29:59.616000+00:00,2025-02-24 11:15:00+00:00,continuous,95422.3,95663.0,95355.0,95663.0,80406816.9677004
2025-02-24 11:44:58.997000+00:00,2025-02-24 11:30:00+00:00,continuous,95663.0,95770.8,95612.9,95720.0,63996301.79710001
2025-02-24 11:59:58.337000+00:00,2025-02-24 11:45:00+00:00,continuous,95720.0,95819.0,95664.1,95774.8,51098263.15430012
2025-02-24 12:14:59.801000+00:00,2025-02-24 12:00:00+00:00,continuous,95774.9,95788.4,95628.1,95729.0,60193451.96590015
2025-02-24 12:29:59.732000+00:00,2025-02-24 12:15:00+00:00,continuous,95729.1,95843.3,95689.7,95792.9,60834921.34530001
2025-02-24 12:44:58.931000+00:00,2025-02-24 12:30:00+00:00,continuous,95793.0,95910.8,95745.8,95812.3,87406118.05020015
2025-02-24 12:59:59.365000+00:00,2025-02-24 12:45:00+00:00,continuous,95812.3,95850.0,95700.0,95747.3,93397506.29289989
2025-02-24 13:14:59.897000+00:00,2025-02-24 13:00:00+00:00,continuous,95747.4,95809.5,95300.0,95739.9,500550679.67280096
2025-02-24 13:29:59.839000+00:00,2025-02-24 13:15:00+00:00,continuous,95739.9,95966.8,95675.6,95920.8,202977369.4321004
2025-02-24 13:44:59.658000+00:00,2025-02-24 13:30:00+00:00,continuous,95920.8,96055.1,95811.7,95824.7,169706442.0657996
2025-02-24 13:59:59.900000+00:00,2025-02-24 13:45:00+00:00,continuous,95824.7,95860.0,95535.7,95546.1,134141744.95929933
2025-02-24 14:14:59.842000+00:00,2025-02-24 14:00:00+00:00,continuous,95546.0,95731.9,95351.0,95351.0,217679630.3075014
2025-02-24 14:29:59.981000+00:00,2025-02-24 14:15:00+00:00,continuous,95351.0,95525.0,95325.2,95335.0,188203192.76239955
2025-02-24 14:44:59.887000+00:00,2025-02-24 14:30:00+00:00,continuous,95335.1,95747.9,95050.0,95092.9,519724566.2735004
2025-02-24 14:59:59.914000+00:00,2025-02-24 14:45:00+00:00,continuous,95092.9,95244.0,94529.4,94638.6,744948087.4707952
2025-02-24 15:14:59.975000+00:00,2025-02-24 15:00:00+00:00,continuous,94638.6,94935.1,94150.0,94817.4,1129832616.448391
2025-02-24 15:29:59.840000+00:00,2025-02-24 15:15:00+00:00,continuous,94817.3,94931.2,94263.5,94300.0,466578145.1194037
2025-02-24 15:44:59.864000+00:00,2025-02-24 15:30:00+00:00,continuous,94299.9,94450.0,94052.0,94066.1,425156084.5889004
2025-02-24 15:59:59.968000+00:00,2025-02-24 15:45:00+00:00,continuous,94066.0,94330.0,93800.0,94295.9,701261050.7140001
2025-02-24 16:14:59.984000+00:00,2025-02-24 16:00:00+00:00,continuous,94296.0,94950.0,94122.9,94687.8,542300381.9842997
2025-02-24 16:29:59.870000+00:00,2025-02-24 16:15:00+00:00,continuous,94687.5,94885.6,94391.6,94750.1,361850680.4623017
2025-02-24 16:44:59.875000+00:00,2025-02-24 16:30:00+00:00,continuous,94750.1,94802.4,94451.0,94752.4,197446139.08619994
2025-02-24 16:59:59.974000+00:00,2025-02-24 16:45:00+00:00,continuous,94752.4,94852.8,94269.7,94399.9,234016074.86970046
2025-02-24 17:14:59.575000+00:00,2025-02-24 17:00:00+00:00,continuous,94400.0,94645.4,94288.0,94577.2,139825708.81260008
2025-02-24 17:29:59.867000+00:00,2025-02-24 17:15:00+00:00,continuous,94577.1,95182.3,94547.9,94911.0,400319200.5219967
2025-02-24 17:44:59.937000+00:00,2025-02-24 17:30:00+00:00,continuous,94911.0,95090.4,94840.1,95085.1,156758074.18869948
2025-02-24 17:59:59.901000+00:00,2025-02-24 17:45:00+00:00,continuous,95085.1,95142.0,94548.4,94616.0,204131266.07519925
2025-02-24 18:14:59.943000+00:00,2025-02-24 18:00:00+00:00,continuous,94616.0,94733.5,94454.8,94632.0,129167421.74849984
2025-02-24 18:29:59.852000+00:00,2025-02-24 18:15:00+00:00,continuous,94632.1,94820.6,94473.8,94473.8,97882573.38379942
2025-02-24 18:44:59.968000+00:00,2025-02-24 18:30:00+00:00,continuous,94473.8,94532.6,94325.0,94333.7,117370120.1381003
2025-02-24 18:59:59.823000+00:00,2025-02-24 18:45:00+00:00,continuous,94333.7,94442.5,94084.3,94122.0,172438863.5956002
2025-02-24 19:14:59.959000+00:00,2025-02-24 19:00:00+00:00,continuous,94121.9,94377.0,94077.7,94278.3,155401532.78460082
2025-02-24 19:29:59.791000+00:00,2025-02-24 19:15:00+00:00,continuous,94278.3,94536.1,94200.0,94352.3,166520313.26650095
2025-02-24 19:44:59.995000+00:00,2025-02-24 19:30:00+00:00,continuous,94352.3,94452.0,93660.1,93726.2,326445017.8346995
2025-02-24 19:59:59.932000+00:00,2025-02-24 19:45:00+00:00,continuous,93726.3,94089.6,93612.9,93916.1,338909859.2539998
2025-02-24 20:14:59.429000+00:00,2025-02-24 20:00:00+00:00,continuous,93917.4,94294.9,93795.8,94231.8,284330930.91609925
2025-02-24 20:29:59.819000+00:00,2025-02-24 20:15:00+00:00,continuous,94231.8,94457.5,94093.2,94159.1,179385630.40940166
2025-02-24 20:44:59.824000+00:00,2025-02-24 20:30:00+00:00,continuous,94159.2,94522.7,94159.2,94335.0,156814895.18940005
2025-02-24 20:59:59.382000+00:00,2025-02-24 20:45:00+00:00,continuous,94335.1,94551.1,93950.2,93995.0,196206578.0109007
2025-02-24 21:14:59.986000+00:00,2025-02-24 21:00:00+00:00,continuous,93994.9,94050.4,93571.4,93835.6,338628576.2510018
2025-02-24 21:29:59.675000+00:00,2025-02-24 21:15:00+00:00,continuous,93835.5,94094.8,93827.5,94077.6,94911045.65730001
2025-02-24 21:44:58.343000+00:00,2025-02-24 21:30:00+00:00,continuous,94077.7,94328.3,94077.6,94219.9,97665139.22010048
2025-02-24 21:59:59.544000+00:00,2025-02-24 21:45:00+00:00,continuous,94219.9,94234.3,93930.5,93957.7,115019882.6485004
2025-02-24 22:14:59.976000+00:00,2025-02-24 22:00:00+00:00,continuous,93957.7,93976.6,93020.0,93123.9,952313523.6158965
2025-02-24 22:29:59.916000+00:00,2025-02-24 22:15:00+00:00,continuous,93123.9,93600.0,92833.8,93478.6,600505856.1071076
2025-02-24 22:44:59.952000+00:00,2025-02-24 22:30:00+00:00,continuous,93478.7,93585.1,92903.6,93097.4,307550356.7707009
2025-02-24 22:59:59.980000+00:00,2025-02-24 22:45:00+00:00,continuous,93097.3,93100.0,92300.0,92380.2,575949459.4823979
2025-02-24 23:14:59.700000+00:00,2025-02-24 23:00:00+00:00,continuous,92380.1,92828.6,92222.9,92458.1,430977244.29369825
2025-02-24 23:29:59.982000+00:00,2025-02-24 23:15:00+00:00,continuous,92458.2,92686.2,91959.8,91999.9,446623940.638404
2025-02-24 23:44:59.919000+00:00,2025-02-24 23:30:00+00:00,continuous,92000.0,92200.0,91547.7,92004.4,631583892.3100019
2025-02-24 23:59:59.854000+00:00,2025-02-24 23:45:00+00:00,continuous,92004.4,92047.5,91300.0,91514.5,466187353.42640126
2025-02-25 00:14:59.919000+00:00,2025-02-25 00:00:00+00:00,continuous,91514.5,91934.9,90850.0,90980.6,699809063.792701
2025-02-25 00:29:59.912000+00:00,2025-02-25 00:15:00+00:00,continuous,90980.7,92089.9,90934.5,91630.1,486808615.02760416
2025-02-25 00:44:59.828000+00:00,2025-02-25 00:30:00+00:00,continuous,91630.1,91898.4,91400.7,91598.5,440073960.57499367
2025-02-25 00:59:59.962000+00:00,2025-02-25 00:45:00+00:00,continuous,91598.5,92142.7,91415.1,91825.4,374569423.8742978
2025-02-25 01:14:59.977000+00:00,2025-02-25 01:00:00+00:00,continuous,91825.3,91994.1,91116.0,91693.6,331603869.6174999
2025-02-25 01:29:59.879000+00:00,2025-02-25 01:15:00+00:00,continuous,91693.7,92018.5,91550.0,91750.0,302851212.402302
2025-02-25 01:44:59.886000+00:00,2025-02-25 01:30:00+00:00,continuous,91750.1,92375.0,91710.0,92306.2,389881158.0384999
2025-02-25 01:59:59.764000+00:00,2025-02-25 01:45:00+00:00,continuous,92306.2,92319.2,91746.6,91982.0,277282220.6905
2025-02-25 02:14:59.685000+00:00,2025-02-25 02:00:00+00:00,continuous,91982.0,92270.0,91747.3,91771.1,193758759.47419944
2025-02-25 02:29:59.891000+00:00,2025-02-25 02:15:00+00:00,continuous,91771.2,92066.8,91545.7,92055.5,231221880.75040033
2025-02-25 02:44:59.698000+00:00,2025-02-25 02:30:00+00:00,continuous,92055.6,92285.5,91929.4,92278.9,160681599.28720063
2025-02-25 02:59:59.994000+00:00,2025-02-25 02:45:00+00:00,continuous,92278.9,92480.0,92250.0,92330.8,190940247.78339967
2025-02-25 03:14:59.979000+00:00,2025-02-25 03:00:00+00:00,continuous,92330.7,92500.0,92110.5,92110.6,124298888.39089997
2025-02-25 03:29:59.990000+00:00,2025-02-25 03:15:00+00:00,continuous,92110.5,92191.0,91900.0,92037.8,158163527.21250087
2025-02-25 03:44:59.838000+00:00,2025-02-25 03:30:00+00:00,continuous,92037.8,92347.8,91962.5,92251.4,93545163.00449948
2025-02-25 03:59:59.535000+00:00,2025-02-25 03:45:00+00:00,continuous,92251.5,92500.0,92106.9,92125.3,110593712.95369992
2025-02-25 04:14:59.557000+00:00,2025-02-25 04:00:00+00:00,continuous,92125.3,92139.8,91780.2,92040.0,195866396.5998004
2025-02-25 04:29:59.988000+00:00,2025-02-25 04:15:00+00:00,continuous,92040.0,92287.0,92027.2,92269.7,130066413.17770052
2025-02-25 04:44:59.857000+00:00,2025-02-25 04:30:00+00:00,continuous,92269.9,92280.0,91813.0,91980.1,141714707.2072997
2025-02-25 04:59:59.823000+00:00,2025-02-25 04:45:00+00:00,continuous,91980.0,92079.4,91860.0,91861.1,51542887.10420013
2025-02-25 05:14:59.942000+00:00,2025-02-25 05:00:00+00:00,continuous,91861.1,91982.3,91676.1,91923.9,123231742.38990018
2025-02-25 05:29:59.724000+00:00,2025-02-25 05:15:00+00:00,continuous,91924.0,92080.0,91821.0,91883.2,108323692.3138994
2025-02-25 05:44:59.947000+00:00,2025-02-25 05:30:00+00:00,continuous,91883.3,92031.2,91798.0,91902.9,74550711.96870017
2025-02-25 05:59:59.971000+00:00,2025-02-25 05:45:00+00:00,continuous,91902.9,92055.5,91829.6,92035.3,62356116.49929987
2025-02-25 06:14:59.964000+00:00,2025-02-25 06:00:00+00:00,continuous,92035.4,92094.7,91701.0,91713.9,127377879.94719923
2025-02-25 06:29:59.893000+00:00,2025-02-25 06:15:00+00:00,continuous,91713.9,91727.2,91500.7,91530.0,208532673.69059923
2025-02-25 06:44:59.838000+00:00,2025-02-25 06:30:00+00:00,continuous,91530.0,91644.5,91333.3,91554.3,171956425.4749003
2025-02-25 06:59:59.914000+00:00,2025-02-25 06:45:00+00:00,continuous,91554.3,91666.6,91176.0,91245.5,203025788.09689924
2025-02-25 07:14:59.980000+00:00,2025-02-25 07:00:00+00:00,continuous,91245.5,91400.6,89800.0,90326.8,1349353989.8403082
2025-02-25 07:29:59.980000+00:00,2025-02-25 07:15:00+00:00,continuous,90326.0,90681.0,88860.0,89368.3,2231957037.797393
2025-02-25 07:44:59.944000+00:00,2025-02-25 07:30:00+00:00,continuous,89368.4,89500.0,88131.6,89047.7,2343710504.010722
2025-02-25 07:59:59.950000+00:00,2025-02-25 07:45:00+00:00,continuous,89047.8,89528.0,88889.1,89262.9,755158010.5096077
2025-02-25 08:14:59.939000+00:00,2025-02-25 08:00:00+00:00,continuous,89262.8,89922.7,88943.6,89799.0,661507333.3793883
2025-02-25 08:29:59.825000+00:00,2025-02-25 08:15:00+00:00,continuous,89799.0,89952.0,89511.4,89617.0,330930931.26399684
2025-02-25 08:44:59.914000+00:00,2025-02-25 08:30:00+00:00,continuous,89616.9,89915.7,89550.0,89637.3,230164162.2127014
2025-02-25 08:59:59.940000+00:00,2025-02-25 08:45:00+00:00,continuous,89637.4,89773.9,89318.2,89363.7,247567036.52820238
2025-02-25 09:14:59.974000+00:00,2025-02-25 09:00:00+00:00,continuous,89364.1,89550.0,89262.4,89292.5,222267366.68790138
2025-02-25 09:29:59.965000+00:00,2025-02-25 09:15:00+00:00,continuous,89291.6,89339.3,88492.1,88607.9,622842947.1077049
2025-02-25 09:44:59.999000+00:00,2025-02-25 09:30:00+00:00,continuous,88607.9,89104.7,88565.2,88918.4,376012226.62659824
2025-02-25 09:59:59.861000+00:00,2025-02-25 09:45:00+00:00,continuous,88918.3,89058.9,88223.8,88267.6,573057815.7658018
2025-02-25 10:14:59.967000+00:00,2025-02-25 10:00:00+00:00,continuous,88267.5,88852.0,87500.0,87719.2,1284846711.9720092
2025-02-25 10:29:59.968000+00:00,2025-02-25 10:15:00+00:00,continuous,87719.3,88032.2,86800.0,87729.9,1530036439.2375882
2025-02-25 10:44:59.892000+00:00,2025-02-25 10:30:00+00:00,continuous,87729.8,88419.3,87674.0,87992.7,714801626.7089903
2025-02-25 10:59:59.955000+00:00,2025-02-25 10:45:00+00:00,continuous,87992.7,88294.5,87732.4,88164.5,366820039.7623918
2025-02-25 11:14:59.753000+00:00,2025-02-25 11:00:00+00:00,continuous,88164.4,88326.9,87680.4,88105.3,426652541.9967006
2025-02-25 11:29:59.975000+00:00,2025-02-25 11:15:00+00:00,continuous,88105.3,88132.4,87567.7,87689.4,328107172.2701023
2025-02-25 11:44:59.992000+00:00,2025-02-25 11:30:00+00:00,continuous,87689.3,88857.1,87660.8,88798.3,480792933.40070754
2025-02-25 11:59:59.969000+00:00,2025-02-25 11:45:00+00:00,continuous,88798.4,89300.0,88718.6,89186.8,514345817.591806
2025-02-25 12:14:59.677000+00:00,2025-02-25 12:00:00+00:00,continuous,89186.9,89326.9,88950.0,89187.4,349415139.1731978
2025-02-25 12:29:59.926000+00:00,2025-02-25 12:15:00+00:00,continuous,89187.4,89473.9,89060.0,89250.0,335955367.7171983
2025-02-25 12:44:59.971000+00:00,2025-02-25 12:30:00+00:00,continuous,89250.1,89257.4,88900.0,88944.3,309015063.2840036
2025-02-25 12:59:59.868000+00:00,2025-02-25 12:45:00+00:00,continuous,88944.3,89372.4,88854.1,89350.0,203279073.0720011
2025-02-25 13:14:59.995000+00:00,2025-02-25 13:00:00+00:00,continuous,89350.0,89499.9,89032.2,89330.9,220772870.27140126
2025-02-25 13:29:59.827000+00:00,2025-02-25 13:15:00+00:00,continuous,89331.0,89348.2,88982.4,89000.0,151132427.90019926
2025-02-25 13:44:59.847000+00:00,2025-02-25 13:30:00+00:00,continuous,89000.0,89130.0,88694.1,89005.3,241536664.0441997
2025-02-25 13:59:59.561000+00:00,2025-02-25 13:45:00+00:00,continuous,89005.3,89166.3,88769.6,88788.1,153401181.98159873
2025-02-25 14:14:59.976000+00:00,2025-02-25 14:00:00+00:00,continuous,88788.1,89101.7,88656.4,89080.7,183927943.8290982
2025-02-25 14:29:59.679000+00:00,2025-02-25 14:15:00+00:00,continuous,89080.8,89347.6,88539.5,89129.4,331614845.38669777
2025-02-25 14:44:59.972000+00:00,2025-02-25 14:30:00+00:00,continuous,89129.4,89156.8,87857.0,87993.6,1040559032.0433115
2025-02-25 14:59:59.886000+00:00,2025-02-25 14:45:00+00:00,continuous,87993.5,88100.0,87036.8,87132.0,1191726347.4391072
2025-02-25 15:14:59.989000+00:00,2025-02-25 15:00:00+00:00,continuous,87132.0,87530.6,86459.4,86792.9,1485647023.775132
2025-02-25 15:29:59.891000+00:00,2025-02-25 15:15:00+00:00,continuous,86793.8,87153.0,86200.0,86580.3,1290898423.6853838
2025-02-25 15:44:59.982000+00:00,2025-02-25 15:30:00+00:00,continuous,86580.3,87186.7,86020.4,86946.8,1268977798.7817168
2025-02-25 15:59:59.983000+00:00,2025-02-25 15:45:00+00:00,continuous,86946.7,87745.0,86885.6,87206.9,773934956.1720059
2025-02-25 16:14:59.991000+00:00,2025-02-25 16:00:00+00:00,continuous,87206.8,87294.5,86727.4,87071.4,603107716.393117
2025-02-25 16:29:59.956000+00:00,2025-02-25 16:15:00+00:00,continuous,87071.5,87134.2,86290.1,86350.1,501227650.27489763
2025-02-25 16:44:59.974000+00:00,2025-02-25 16:30:00+00:00,continuous,86350.0,87293.8,86125.9,87256.8,711313735.1985
2025-02-25 16:59:59.979000+00:00,2025-02-25 16:45:00+00:00,continuous,87256.9,87745.0,87180.9,87429.0,566532789.7010009
2025-02-25 17:14:59.821000+00:00,2025-02-25 17:00:00+00:00,continuous,87429.1,87686.5,87061.9,87449.8,422706055.70049995
2025-02-25 17:29:59.985000+00:00,2025-02-25 17:15:00+00:00,continuous,87449.8,87538.0,86788.0,87483.6,402942451.8877048
2025-02-25 17:44:59.893000+00:00,2025-02-25 17:30:00+00:00,continuous,87482.5,87775.0,87067.4,87088.1,348696708.63850087
2025-02-25 17:59:59.845000+00:00,2025-02-25 17:45:00+00:00,continuous,87088.1,87250.0,86804.0,87219.7,297435005.8739032
2025-02-25 18:14:59.986000+00:00,2025-02-25 18:00:00+00:00,continuous,87219.7,87770.0,87154.9,87364.3,344805448.3242032
2025-02-25 18:29:59.650000+00:00,2025-02-25 18:15:00+00:00,continuous,87364.5,87433.3,86860.0,86900.8,284380528.53789896
2025-02-25 18:44:59.019000+00:00,2025-02-25 18:30:00+00:00,continuous,86900.9,87582.2,86872.1,87472.3,304890540.4338006
2025-02-25 18:59:59.873000+00:00,2025-02-25 18:45:00+00:00,continuous,87472.4,87598.0,86951.2,87032.7,226649653.28730014
2025-02-25 19:14:59.945000+00:00,2025-02-25 19:00:00+00:00,continuous,87032.6,87276.6,86648.5,86671.3,276656183.26730293
2025-02-25 19:29:59.878000+00:00,2025-02-25 19:15:00+00:00,continuous,86671.2,86915.6,86460.9,86860.9,309211766.42390066
2025-02-25 19:44:59.920000+00:00,2025-02-25 19:30:00+00:00,continuous,86860.8,87415.9,86778.0,87249.1,294680698.6760023
2025-02-25 19:59:59.806000+00:00,2025-02-25 19:45:00+00:00,continuous,87249.1,88048.9,87137.0,87914.3,415773962.2734052
2025-02-25 20:14:59.875000+00:00,2025-02-25 20:00:00+00:00,continuous,87914.2,88062.4,87578.1,87810.2,332628785.0487012
2025-02-25 20:29:59.612000+00:00,2025-02-25 20:15:00+00:00,continuous,87810.1,88788.5,87694.4,88644.3,528308229.7140908
2025-02-25 20:44:59.872000+00:00,2025-02-25 20:30:00+00:00,continuous,88644.3,88970.8,88180.2,88239.2,540696823.1571047
2025-02-25 20:59:59.956000+00:00,2025-02-25 20:45:00+00:00,continuous,88239.2,88474.8,87840.5,88140.1,429143731.9524978
2025-02-25 21:14:59.942000+00:00,2025-02-25 21:00:00+00:00,continuous,88140.0,88461.1,87733.0,87918.6,246980154.15090272
2025-02-25 21:29:59.834000+00:00,2025-02-25 21:15:00+00:00,continuous,87918.6,88347.0,87827.3,88249.7,164476388.26499897
2025-02-25 21:44:59.329000+00:00,2025-02-25 21:30:00+00:00,continuous,88249.7,88418.3,88020.7,88400.1,92622990.85449988
2025-02-25 21:59:59.871000+00:00,2025-02-25 21:45:00+00:00,continuous,88400.1,88800.0,88400.1,88775.7,199806821.66809976
2025-02-25 22:14:59.956000+00:00,2025-02-25 22:00:00+00:00,continuous,88775.1,89442.7,88692.5,88949.6,587157027.7498012
2025-02-25 22:29:59.871000+00:00,2025-02-25 22:15:00+00:00,continuous,88949.5,89099.2,88723.7,88798.4,138788897.4029001
2025-02-25 22:44:59.984000+00:00,2025-02-25 22:30:00+00:00,continuous,88798.5,89014.7,88567.7,88603.7,246578597.49790072
2025-02-25 22:59:59.873000+00:00,2025-02-25 22:45:00+00:00,continuous,88603.7,88846.5,88462.6,88762.9,131299525.16290084
2025-02-25 23:14:59.909000+00:00,2025-02-25 23:00:00+00:00,continuous,88763.0,89065.3,88630.0,88942.6,335529588.7219986
2025-02-25 23:29:59.968000+00:00,2025-02-25 23:15:00+00:00,continuous,88942.6,89098.4,88912.9,89015.6,95596068.72159994
2025-02-25 23:44:59.873000+00:00,2025-02-25 23:30:00+00:00,continuous,89015.6,89027.3,88630.5,88710.0,112593304.74129984
2025-02-25 23:59:59.960000+00:00,2025-02-25 23:45:00+00:00,continuous,88710.0,88838.0,88626.1,88639.1,113624901.38179953
2025-02-26 00:14:59.993000+00:00,2025-02-26 00:00:00+00:00,continuous,88639.0,88644.4,88394.8,88450.5,201118398.67709905
2025-02-26 00:29:59.772000+00:00,2025-02-26 00:15:00+00:00,continuous,88451.7,88550.0,88221.8,88423.8,144741824.36959928
2025-02-26 00:44:59.878000+00:00,2025-02-26 00:30:00+00:00,continuous,88423.8,88469.1,88141.7,88171.9,122635071.23729984
2025-02-26 00:59:59.661000+00:00,2025-02-26 00:45:00+00:00,continuous,88171.9,88208.5,88101.9,88102.0,69602301.22999993
2025-02-26 01:14:59.892000+00:00,2025-02-26 01:00:00+00:00,continuous,88102.1,88374.7,88102.0,88281.9,102572512.9180991
2025-02-26 01:29:59.890000+00:00,2025-02-26 01:15:00+00:00,continuous,88281.8,88420.0,88169.1,88308.6,63485411.305300005
2025-02-26 01:44:59.993000+00:00,2025-02-26 01:30:00+00:00,continuous,88307.7,88530.6,88258.1,88324.7,115885920.73010021
2025-02-26 01:59:59.261000+00:00,2025-02-26 01:45:00+00:00,continuous,88324.8,88806.5,88309.9,88653.4,146609834.2133998
2025-02-26 02:14:59.819000+00:00,2025-02-26 02:00:00+00:00,continuous,88653.2,88707.9,88386.3,88676.6,109811401.05299926
2025-02-26 02:29:59.442000+00:00,2025-02-26 02:15:00+00:00,continuous,88676.7,88845.2,88663.0,88809.0,93901056.18569992
2025-02-26 02:44:59.926000+00:00,2025-02-26 02:30:00+00:00,continuous,88809.0,88817.1,88560.7,88638.4,62315965.476399966
2025-02-26 02:59:59.708000+00:00,2025-02-26 02:45:00+00:00,continuous,88638.3,89173.5,88621.7,88975.4,175594678.14679953
2025-02-26 03:14:59.793000+00:00,2025-02-26 03:00:00+00:00,continuous,88975.4,89312.8,88970.6,89224.9,180206939.81980014
2025-02-26 03:29:59.505000+00:00,2025-02-26 03:15:00+00:00,continuous,89225.0,89367.1,89055.3,89114.1,133635551.61700006
2025-02-26 03:44:59.847000+00:00,2025-02-26 03:30:00+00:00,continuous,89114.1,89143.1,88919.3,88959.9,87113606.87810002
2025-02-26 03:59:59.320000+00:00,2025-02-26 03:45:00+00:00,continuous,88959.9,89032.4,88841.3,88851.8,85050348.81309983
2025-02-26 04:14:59.767000+00:00,2025-02-26 04:00:00+00:00,continuous,88851.8,89042.9,88844.1,88890.1,72284524.1079003
2025-02-26 04:29:59.841000+00:00,2025-02-26 04:15:00+00:00,continuous,88890.1,89166.4,88858.3,89166.3,97506925.01750003
2025-02-26 04:44:59.774000+00:00,2025-02-26 04:30:00+00:00,continuous,89166.3,89214.8,88981.2,89080.1,57192997.58599992
2025-02-26 04:59:59.956000+00:00,2025-02-26 04:45:00+00:00,continuous,89080.1,89100.0,88650.4,88657.3,122773604.58690028
2025-02-26 05:14:59.597000+00:00,2025-02-26 05:00:00+00:00,continuous,88657.2,88840.0,88599.0,88780.6,136204430.54850057
2025-02-26 05:29:59.768000+00:00,2025-02-26 05:15:00+00:00,continuous,88780.6,88854.5,88620.5,88750.1,67179846.09529994
2025-02-26 05:44:59.873000+00:00,2025-02-26 05:30:00+00:00,continuous,88750.0,88781.5,88619.8,88765.6,58396571.61350003
2025-02-26 05:59:59.877000+00:00,2025-02-26 05:45:00+00:00,continuous,88765.6,88772.0,88366.0,88387.8,117383341.26810016
2025-02-26 06:14:58.452000+00:00,2025-02-26 06:00:00+00:00,continuous,88387.9,88691.7,88369.8,88606.1,117146875.01800056
2025-02-26 06:29:59.862000+00:00,2025-02-26 06:15:00+00:00,continuous,88606.1,88804.8,88580.0,88698.1,72774569.35129993
2025-02-26 06:44:59.325000+00:00,2025-02-26 06:30:00+00:00,continuous,88698.0,88833.3,88611.6,88733.0,57570863.41829988
2025-02-26 06:59:59.874000+00:00,2025-02-26 06:45:00+00:00,continuous,88732.9,88896.8,88732.9,88880.8,57288506.98129978
2025-02-26 07:14:59.873000+00:00,2025-02-26 07:00:00+00:00,continuous,88880.8,89133.3,88796.4,89060.0,120164158.8108003
2025-02-26 07:29:59.660000+00:00,2025-02-26 07:15:00+00:00,continuous,89060.0,89064.0,88933.2,88982.7,72362060.27749954
2025-02-26 07:44:59.872000+00:00,2025-02-26 07:30:00+00:00,continuous,88982.6,88982.7,88400.0,88545.0,169992539.2757007
2025-02-26 07:59:59.992000+00:00,2025-02-26 07:45:00+00:00,continuous,88544.9,88735.4,88480.1,88682.3,79100043.92470028
2025-02-26 08:14:59.836000+00:00,2025-02-26 08:00:00+00:00,continuous,88682.3,88765.6,88092.0,88319.0,332622417.74449956
2025-02-26 08:29:59.753000+00:00,2025-02-26 08:15:00+00:00,continuous,88319.1,88412.4,88200.0,88379.5,119447609.2099004
2025-02-26 08:44:59.103000+00:00,2025-02-26 08:30:00+00:00,continuous,88379.5,88476.4,88260.0,88390.0,111585311.52529927
2025-02-26 08:59:59.774000+00:00,2025-02-26 08:45:00+00:00,continuous,88390.0,88530.0,88365.1,88434.3,60533542.53629992
2025-02-26 09:14:59.677000+00:00,2025-02-26 09:00:00+00:00,continuous,88434.4,88651.0,88419.3,88596.0,87136625.40870038
2025-02-26 09:29:59.995000+00:00,2025-02-26 09:15:00+00:00,continuous,88596.0,89050.1,88596.0,88812.1,433408257.3004999
2025-02-26 09:44:59.999000+00:00,2025-02-26 09:30:00+00:00,continuous,88812.0,89150.0,88808.5,89122.5,154975354.43020058
2025-02-26 09:59:59.971000+00:00,2025-02-26 09:45:00+00:00,continuous,89122.4,89276.9,88979.5,89079.0,170494742.47370046
2025-02-26 10:14:59.646000+00:00,2025-02-26 10:00:00+00:00,continuous,89079.0,89079.4,88937.7,89029.8,104154180.72339949
2025-02-26 10:29:59.863000+00:00,2025-02-26 10:15:00+00:00,continuous,89029.7,89057.0,88851.6,89016.5,84866045.61469983
2025-02-26 10:44:59.702000+00:00,2025-02-26 10:30:00+00:00,continuous,89016.5,89199.7,88961.5,89132.5,78053422.99639995
2025-02-26 10:59:59.987000+00:00,2025-02-26 10:45:00+00:00,continuous,89132.5,89285.7,88986.0,89221.9,101193932.68949951
2025-02-26 11:14:59.605000+00:00,2025-02-26 11:00:00+00:00,continuous,89222.0,89228.7,89073.7,89142.8,71911824.57949997
2025-02-26 11:29:59.987000+00:00,2025-02-26 11:15:00+00:00,continuous,89142.9,89157.5,88868.7,88906.4,108629135.87860037
2025-02-26 11:44:59.813000+00:00,2025-02-26 11:30:00+00:00,continuous,88906.3,88930.2,88628.5,88725.7,214132141.5419001
2025-02-26 11:59:59.821000+00:00,2025-02-26 11:45:00+00:00,continuous,88725.7,88752.9,88480.2,88570.0,219020582.35389957
2025-02-26 12:14:59.875000+00:00,2025-02-26 12:00:00+00:00,continuous,88570.1,88641.0,88321.5,88397.0,282444926.03790104
2025-02-26 12:29:59.677000+00:00,2025-02-26 12:15:00+00:00,continuous,88397.1,88397.1,88112.2,88285.0,320159507.26110065
2025-02-26 12:44:59.506000+00:00,2025-02-26 12:30:00+00:00,continuous,88285.0,88386.0,88170.0,88195.6,126708179.65400048
2025-02-26 12:59:59.955000+00:00,2025-02-26 12:45:00+00:00,continuous,88195.6,88195.6,87558.2,87900.0,543407224.9527993
2025-02-26 13:14:59.973000+00:00,2025-02-26 13:00:00+00:00,continuous,87900.1,88046.0,87648.6,87687.5,291617279.789498
2025-02-26 13:29:59.952000+00:00,2025-02-26 13:15:00+00:00,continuous,87687.5,87880.5,87454.1,87794.7,353349548.21110743
2025-02-26 13:44:59.987000+00:00,2025-02-26 13:30:00+00:00,continuous,87794.6,87859.3,87591.0,87727.4,146534581.62890136
2025-02-26 13:59:59.732000+00:00,2025-02-26 13:45:00+00:00,continuous,87727.5,87777.4,87000.0,87150.0,355012905.41649675
2025-02-26 14:14:59.587000+00:00,2025-02-26 14:00:00+00:00,continuous,87150.0,87169.0,86211.0,86444.3,892698349.0158004
2025-02-26 14:29:59.988000+00:00,2025-02-26 14:15:00+00:00,continuous,86444.3,86554.8,85377.2,85862.6,1452713469.3554356
2025-02-26 14:44:59.985000+00:00,2025-02-26 14:30:00+00:00,continuous,85862.5,86856.7,85600.1,86686.9,1328472556.6997092
2025-02-26 14:59:59.893000+00:00,2025-02-26 14:45:00+00:00,continuous,86687.3,87783.0,86521.2,87589.1,1438528298.8493
2025-02-26 15:14:59.919000+00:00,2025-02-26 15:00:00+00:00,continuous,87589.1,88500.0,87406.1,88310.0,1158836027.9690976
2025-02-26 15:29:59.952000+00:00,2025-02-26 15:15:00+00:00,continuous,88310.1,88333.0,87568.7,87654.1,497272862.36659175
2025-02-26 15:44:59.989000+00:00,2025-02-26 15:30:00+00:00,continuous,87654.0,88164.0,87642.0,87701.9,377253103.76519436
2025-02-26 15:59:59.847000+00:00,2025-02-26 15:45:00+00:00,continuous,87701.8,87936.7,87387.0,87536.4,313474478.3998073
2025-02-26 16:14:59.931000+00:00,2025-02-26 16:00:00+00:00,continuous,87536.5,87784.7,86712.3,86839.9,836465610.90231
2025-02-26 16:29:59.996000+00:00,2025-02-26 16:15:00+00:00,continuous,86839.9,86979.0,86224.1,86816.4,706021317.8283992
2025-02-26 16:44:59.980000+00:00,2025-02-26 16:30:00+00:00,continuous,86816.5,87332.0,86643.7,87187.9,517632283.37780195
2025-02-26 16:59:59.924000+00:00,2025-02-26 16:45:00+00:00,continuous,87187.8,87218.8,86752.2,86784.0,270260206.04960096
2025-02-26 17:14:59.692000+00:00,2025-02-26 17:00:00+00:00,continuous,86783.9,87276.9,86752.0,87182.4,228923637.47579885
2025-02-26 17:29:59.887000+00:00,2025-02-26 17:15:00+00:00,continuous,87182.4,87246.4,86600.0,86973.3,312425857.96850336
2025-02-26 17:44:59.891000+00:00,2025-02-26 17:30:00+00:00,continuous,86973.3,87089.3,86221.4,86610.4,390157509.5076969
2025-02-26 17:59:59.998000+00:00,2025-02-26 17:45:00+00:00,continuous,86610.5,86731.8,85629.0,86010.0,685036539.6024039
2025-02-26 18:14:59.980000+00:00,2025-02-26 18:00:00+00:00,continuous,86010.0,86455.0,85837.4,86374.2,461632029.34500057
2025-02-26 18:29:59.944000+00:00,2025-02-26 18:15:00+00:00,continuous,86373.9,86386.3,85110.0,85111.1,723858202.9959003
2025-02-26 18:44:59.991000+00:00,2025-02-26 18:30:00+00:00,continuous,85111.2,85569.5,83265.5,84697.5,2609794800.5348372
2025-02-26 18:59:59.957000+00:00,2025-02-26 18:45:00+00:00,continuous,84700.1,85052.1,83750.9,84204.9,1409086096.6830976
2025-02-26 19:14:59.935000+00:00,2025-02-26 19:00:00+00:00,continuous,84202.8,84818.3,83800.0,84569.6,902814104.6203028
2025-02-26 19:29:59.976000+00:00,2025-02-26 19:15:00+00:00,continuous,84570.1,85027.0,84175.9,84267.0,683676279.2698913
2025-02-26 19:44:59.994000+00:00,2025-02-26 19:30:00+00:00,continuous,84266.9,84620.8,83932.0,83986.7,492436677.424202
2025-02-26 19:59:59.958000+00:00,2025-02-26 19:45:00+00:00,continuous,83987.5,84285.7,83700.0,83832.0,493179324.9038059
2025-02-26 20:14:59.956000+00:00,2025-02-26 20:00:00+00:00,continuous,83832.0,84267.0,83000.0,83113.0,804345750.0010056
2025-02-26 20:29:59.935000+00:00,2025-02-26 20:15:00+00:00,continuous,83112.9,83853.9,82222.0,83489.6,1486252751.8266916
2025-02-26 20:44:59.985000+00:00,2025-02-26 20:30:00+00:00,continuous,83489.7,84172.9,83159.8,84114.6,569706036.9168936
2025-02-26 20:59:59.925000+00:00,2025-02-26 20:45:00+00:00,continuous,84114.5,84581.6,83966.3,84344.2,515162412.9607018
2025-02-26 21:14:59.904000+00:00,2025-02-26 21:00:00+00:00,continuous,84344.2,84555.0,83900.0,84422.6,360190223.78370476
2025-02-26 21:29:59.715000+00:00,2025-02-26 21:15:00+00:00,continuous,84422.7,85103.3,84032.7,84400.1,847124905.8598857
2025-02-26 21:44:59.916000+00:00,2025-02-26 21:30:00+00:00,continuous,84400.1,84443.1,83707.1,83730.0,498781441.8825932
2025-02-26 21:59:59.977000+00:00,2025-02-26 21:45:00+00:00,continuous,83730.0,84600.0,83426.0,84585.6,436859380.281605
2025-02-26 22:14:59.940000+00:00,2025-02-26 22:00:00+00:00,continuous,84585.5,85382.0,84463.3,84830.5,514747898.8124904
2025-02-26 22:29:59.989000+00:00,2025-02-26 22:15:00+00:00,continuous,84830.5,84998.4,84364.6,84364.6,203820811.50460184
2025-02-26 22:44:59.828000+00:00,2025-02-26 22:30:00+00:00,continuous,84364.0,84530.8,84122.0,84256.9,163860467.24089977
2025-02-26 22:59:59.826000+00:00,2025-02-26 22:45:00+00:00,continuous,84257.0,84900.1,84256.9,84390.8,170114274.0400009
2025-02-26 23:14:59.677000+00:00,2025-02-26 23:00:00+00:00,continuous,84390.9,84741.4,84254.7,84254.8,137299634.6144997
2025-02-26 23:29:59.882000+00:00,2025-02-26 23:15:00+00:00,continuous,84254.8,84339.6,83888.0,84156.2,189526601.4776998
2025-02-26 23:44:59.342000+00:00,2025-02-26 23:30:00+00:00,continuous,84156.2,84199.3,83888.0,83968.7,120142937.5247004
2025-02-26 23:59:59.730000+00:00,2025-02-26 23:45:00+00:00,continuous,83968.7,84260.2,83912.0,84208.5,95045706.35470016
2025-02-27 00:14:59.911000+00:00,2025-02-27 00:00:00+00:00,continuous,84208.6,84598.0,84199.6,84302.5,248773330.72260416
2025-02-27 00:29:59.882000+00:00,2025-02-27 00:15:00+00:00,continuous,84302.4,84635.9,84124.2,84365.3,166998911.5956995
2025-02-27 00:44:59.796000+00:00,2025-02-27 00:30:00+00:00,continuous,84365.2,84699.0,84000.0,84628.1,237285679.83279788
2025-02-27 00:59:59.526000+00:00,2025-02-27 00:45:00+00:00,continuous,84628.2,84773.2,84561.0,84690.1,188798354.84759903
2025-02-27 01:14:59.963000+00:00,2025-02-27 01:00:00+00:00,continuous,84690.1,84708.1,84269.0,84660.0,155915512.2557003
2025-02-27 01:29:59.999000+00:00,2025-02-27 01:15:00+00:00,continuous,84660.1,85397.1,84570.0,85190.1,274834243.9625
2025-02-27 01:44:59.934000+00:00,2025-02-27 01:30:00+00:00,continuous,85190.2,85310.0,84810.0,84865.0,182476101.97770008
2025-02-27 01:59:59.916000+00:00,2025-02-27 01:45:00+00:00,continuous,84865.1,85001.1,84700.0,84714.0,97082107.0900999
2025-02-27 02:14:59.975000+00:00,2025-02-27 02:00:00+00:00,continuous,84714.0,84828.4,84544.1,84685.0,119344925.96960068
2025-02-27 02:29:59.928000+00:00,2025-02-27 02:15:00+00:00,continuous,84684.9,85171.0,84669.9,84883.5,110646247.76560007
2025-02-27 02:44:59.803000+00:00,2025-02-27 02:30:00+00:00,continuous,84883.6,84890.6,84403.2,84491.5,184945846.8411
2025-02-27 02:59:59.950000+00:00,2025-02-27 02:45:00+00:00,continuous,84491.4,84608.1,84162.0,84245.1,220359606.97039858
2025-02-27 03:14:59.556000+00:00,2025-02-27 03:00:00+00:00,continuous,84245.0,84780.0,84210.3,84677.8,118045997.85219963
2025-02-27 03:29:59.981000+00:00,2025-02-27 03:15:00+00:00,continuous,84677.9,84953.8,84625.3,84687.9,117208225.72529969
2025-02-27 03:44:59.986000+00:00,2025-02-27 03:30:00+00:00,continuous,84687.8,85107.9,84655.3,84924.6,131815075.04879975
2025-02-27 03:59:59.948000+00:00,2025-02-27 03:45:00+00:00,continuous,84922.4,85298.2,84913.5,85174.0,153331588.35479975
2025-02-27 04:14:59.990000+00:00,2025-02-27 04:00:00+00:00,continuous,85174.0,85327.4,84927.0,84950.5,154015424.45709977
2025-02-27 04:29:59.801000+00:00,2025-02-27 04:15:00+00:00,continuous,84950.5,85089.8,84640.1,84773.7,143928704.87439966
2025-02-27 04:44:59.684000+00:00,2025-02-27 04:30:00+00:00,continuous,84773.7,84997.0,84666.0,84982.2,101968706.5291996
2025-02-27 04:59:59.998000+00:00,2025-02-27 04:45:00+00:00,continuous,84982.1,85255.0,84876.0,85115.5,110272792.57890017
2025-02-27 05:14:59.922000+00:00,2025-02-27 05:00:00+00:00,continuous,85114.9,85600.0,85022.0,85504.5,344280542.9957989
2025-02-27 05:29:59.859000+00:00,2025-02-27 05:15:00+00:00,continuous,85504.4,85628.4,85282.0,85287.4,148998327.39880025
2025-02-27 05:44:59.975000+00:00,2025-02-27 05:30:00+00:00,continuous,85287.4,85760.0,85280.6,85676.7,153408610.37049976
2025-02-27 05:59:59.905000+00:00,2025-02-27 05:45:00+00:00,continuous,85676.7,85897.0,85676.7,85832.5,164333575.8468997
2025-02-27 06:14:59.863000+00:00,2025-02-27 06:00:00+00:00,continuous,85832.6,85883.5,85650.1,85728.2,171255740.65869972
2025-02-27 06:29:59.832000+00:00,2025-02-27 06:15:00+00:00,continuous,85728.1,86146.6,85700.0,86050.1,212821213.7921992
2025-02-27 06:44:59.842000+00:00,2025-02-27 06:30:00+00:00,continuous,86050.0,86687.5,85987.3,86361.3,400504849.7786005
2025-02-27 06:59:59.981000+00:00,2025-02-27 06:45:00+00:00,continuous,86361.3,86444.0,86158.0,86216.7,175902447.97539946
2025-02-27 07:14:59.969000+00:00,2025-02-27 07:00:00+00:00,continuous,86216.6,86411.1,86061.4,86080.0,157721111.4665992
2025-02-27 07:29:59.996000+00:00,2025-02-27 07:15:00+00:00,continuous,86079.9,86483.0,86079.9,86300.0,133374290.1765002
2025-02-27 07:44:59.646000+00:00,2025-02-27 07:30:00+00:00,continuous,86300.0,86566.6,86200.1,86375.5,165348070.41110042
2025-02-27 07:59:59.972000+00:00,2025-02-27 07:45:00+00:00,continuous,86375.4,86499.0,86220.5,86227.9,97371900.38540034
2025-02-27 08:14:59.924000+00:00,2025-02-27 08:00:00+00:00,continuous,86228.0,86400.0,86171.5,86180.2,100983127.9648996
2025-02-27 08:29:59.996000+00:00,2025-02-27 08:15:00+00:00,continuous,86180.1,86260.0,85868.7,85932.7,249793266.64299893
2025-02-27 08:44:59.802000+00:00,2025-02-27 08:30:00+00:00,continuous,85933.1,86133.3,85858.0,85968.8,141492388.75710127
2025-02-27 08:59:59.812000+00:00,2025-02-27 08:45:00+00:00,continuous,85968.9,86084.5,85862.2,86037.6,98784573.76660003
2025-02-27 09:14:59.948000+00:00,2025-02-27 09:00:00+00:00,continuous,86037.5,86336.5,85922.5,86022.6,231896516.29479992
2025-02-27 09:29:59.926000+00:00,2025-02-27 09:15:00+00:00,continuous,86022.5,86123.0,85827.1,86123.0,167695428.5182995
2025-02-27 09:44:59.510000+00:00,2025-02-27 09:30:00+00:00,continuous,86122.9,86288.0,86103.0,86208.1,148801393.63869998
2025-02-27 09:59:59.095000+00:00,2025-02-27 09:45:00+00:00,continuous,86208.1,86277.6,86054.3,86136.7,106319997.11230005
2025-02-27 10:14:59.667000+00:00,2025-02-27 10:00:00+00:00,continuous,86136.8,86450.0,86007.0,86313.8,165636575.06480035
2025-02-27 10:29:59.926000+00:00,2025-02-27 10:15:00+00:00,continuous,86313.8,86416.5,86219.3,86353.1,72178681.76459976
2025-02-27 10:44:59.678000+00:00,2025-02-27 10:30:00+00:00,continuous,86353.2,86485.6,86250.0,86434.1,105588868.48790061
2025-02-27 10:59:59.972000+00:00,2025-02-27 10:45:00+00:00,continuous,86434.1,87066.0,86339.0,86980.0,655449807.589403
2025-02-27 11:14:59.843000+00:00,2025-02-27 11:00:00+00:00,continuous,86980.1,87058.4,86559.9,86719.9,293319990.710701
2025-02-27 11:29:59.898000+00:00,2025-02-27 11:15:00+00:00,continuous,86719.9,86880.3,86585.7,86593.5,172409599.75549963
2025-02-27 11:44:59.777000+00:00,2025-02-27 11:30:00+00:00,continuous,86593.4,86613.4,86424.3,86448.7,209362723.20990103
2025-02-27 11:59:59.791000+00:00,2025-02-27 11:45:00+00:00,continuous,86448.7,86753.3,86335.2,86655.3,206287167.06530142
2025-02-27 12:14:59.682000+00:00,2025-02-27 12:00:00+00:00,continuous,86655.4,86756.1,86196.8,86340.4,262175613.35679987
2025-02-27 12:29:59.971000+00:00,2025-02-27 12:15:00+00:00,continuous,86340.5,86450.0,86219.3,86442.1,147082363.64870068
2025-02-27 12:44:59.983000+00:00,2025-02-27 12:30:00+00:00,continuous,86442.0,86652.2,86319.2,86645.5,88986728.45289992
2025-02-27 12:59:59.858000+00:00,2025-02-27 12:45:00+00:00,continuous,86645.5,86645.5,86222.4,86286.6,89497353.0551995
2025-02-27 13:14:59.954000+00:00,2025-02-27 13:00:00+00:00,continuous,86286.6,86400.0,86201.0,86399.9,89911343.2990004
2025-02-27 13:29:59.894000+00:00,2025-02-27 13:15:00+00:00,continuous,86399.9,86490.0,86210.6,86435.7,108831786.62639993
2025-02-27 13:44:59.826000+00:00,2025-02-27 13:30:00+00:00,continuous,86438.3,86733.5,85969.4,86568.8,400469736.2273997
2025-02-27 13:59:59.871000+00:00,2025-02-27 13:45:00+00:00,continuous,86568.8,86730.1,85725.3,86078.8,640008959.4201956
2025-02-27 14:14:59.896000+00:00,2025-02-27 14:00:00+00:00,continuous,86078.9,86333.6,85958.9,86040.3,248544673.29950023
2025-02-27 14:29:59.929000+00:00,2025-02-27 14:15:00+00:00,continuous,86040.4,86369.5,85537.0,86277.7,709670582.7087039
2025-02-27 14:44:59.997000+00:00,2025-02-27 14:30:00+00:00,continuous,86277.6,86375.1,85405.8,85544.2,601938434.2072
2025-02-27 14:59:59.966000+00:00,2025-02-27 14:45:00+00:00,continuous,85544.7,85847.1,84915.8,84944.5,796347794.6408064
2025-02-27 15:14:59.971000+00:00,2025-02-27 15:00:00+00:00,continuous,84944.5,85555.0,84609.0,85267.1,807697798.9543917
2025-02-27 15:29:59.971000+00:00,2025-02-27 15:15:00+00:00,continuous,85265.5,85739.6,85205.4,85646.0,449124992.7776976
2025-02-27 15:44:59.854000+00:00,2025-02-27 15:30:00+00:00,continuous,85646.0,86119.9,85350.0,85728.8,461960722.58470714
2025-02-27 15:59:59.856000+00:00,2025-02-27 15:45:00+00:00,continuous,85728.7,85936.5,85459.8,85473.0,257285872.66690263
2025-02-27 16:14:59.362000+00:00,2025-02-27 16:00:00+00:00,continuous,85472.9,85664.8,85455.0,85550.1,186104615.26449966
2025-02-27 16:29:59.993000+00:00,2025-02-27 16:15:00+00:00,continuous,85550.2,85619.2,84766.7,84890.0,388751576.7339988
2025-02-27 16:44:59.974000+00:00,2025-02-27 16:30:00+00:00,continuous,84889.9,85013.1,84613.4,84910.1,314777133.5072011
2025-02-27 16:59:59.921000+00:00,2025-02-27 16:45:00+00:00,continuous,84910.1,84990.5,84323.3,84450.3,339687671.18820214
2025-02-27 17:14:59.958000+00:00,2025-02-27 17:00:00+00:00,continuous,84450.4,84716.7,84349.4,84597.4,232886725.42200074
2025-02-27 17:29:59.914000+00:00,2025-02-27 17:15:00+00:00,continuous,84597.4,84725.0,84350.0,84720.6,182894279.0226985
2025-02-27 17:44:59.927000+00:00,2025-02-27 17:30:00+00:00,continuous,84720.7,85023.6,84302.2,84440.6,240328163.4533994
2025-02-27 17:59:59.531000+00:00,2025-02-27 17:45:00+00:00,continuous,84440.6,84572.5,84347.2,84568.3,140993424.68749964
2025-02-27 18:14:59.915000+00:00,2025-02-27 18:00:00+00:00,continuous,84568.3,84958.5,84553.6,84866.3,152611896.21619937
2025-02-27 18:29:59.993000+00:00,2025-02-27 18:15:00+00:00,continuous,84866.3,84889.2,84468.5,84538.0,115549526.33259968
2025-02-27 18:44:59.965000+00:00,2025-02-27 18:30:00+00:00,continuous,84538.1,84836.7,84480.1,84723.1,78879056.37280023
2025-02-27 18:59:59.979000+00:00,2025-02-27 18:45:00+00:00,continuous,84723.0,84930.0,84544.9,84597.4,129069100.03900021
2025-02-27 19:14:59.947000+00:00,2025-02-27 19:00:00+00:00,continuous,84597.5,84610.3,84152.0,84210.7,236215859.36089975
2025-02-27 19:29:59.893000+00:00,2025-02-27 19:15:00+00:00,continuous,84210.8,84348.6,83963.4,83995.7,213377062.5704007
2025-02-27 19:44:59.995000+00:00,2025-02-27 19:30:00+00:00,continuous,83995.7,83995.7,83567.4,83891.9,512246829.3346943
2025-02-27 19:59:59.947000+00:00,2025-02-27 19:45:00+00:00,continuous,83892.0,84171.6,83675.8,84084.0,271157005.5060981
2025-02-27 20:14:59.887000+00:00,2025-02-27 20:00:00+00:00,continuous,84084.0,84128.6,83000.0,83184.8,623695282.6190033
2025-02-27 20:29:59.874000+00:00,2025-02-27 20:15:00+00:00,continuous,83184.8,83275.6,82800.0,82891.1,553327654.4758047
2025-02-27 20:44:59.997000+00:00,2025-02-27 20:30:00+00:00,continuous,82891.0,83396.1,82667.0,83375.0,659900065.8242987
2025-02-27 20:59:59.989000+00:00,2025-02-27 20:45:00+00:00,continuous,83374.9,83834.7,82987.0,83489.3,523809934.3384968
2025-02-27 21:14:59.988000+00:00,2025-02-27 21:00:00+00:00,continuous,83489.2,83824.5,83196.0,83782.5,300554681.29740095
2025-02-27 21:29:59.961000+00:00,2025-02-27 21:15:00+00:00,continuous,83781.7,84235.9,83769.7,83905.8,297056710.59180045
2025-02-27 21:44:59.940000+00:00,2025-02-27 21:30:00+00:00,continuous,83905.7,84371.5,83843.8,84144.3,177477687.77680027
2025-02-27 21:59:59.913000+00:00,2025-02-27 21:45:00+00:00,continuous,84144.2,84396.1,84062.1,84379.9,144152265.96720076
2025-02-27 22:14:59.897000+00:00,2025-02-27 22:00:00+00:00,continuous,84379.2,84387.4,83926.6,84164.9,163583011.23170108
2025-02-27 22:29:59.984000+00:00,2025-02-27 22:15:00+00:00,continuous,84164.9,84172.2,83984.4,84007.2,58587167.575000085
2025-02-27 22:44:59.561000+00:00,2025-02-27 22:30:00+00:00,continuous,84007.2,84329.9,83858.0,84200.1,131776618.07849976
2025-02-27 22:59:59.964000+00:00,2025-02-27 22:45:00+00:00,continuous,84200.0,84733.0,84193.6,84674.9,198872631.57600036
2025-02-27 23:14:59.743000+00:00,2025-02-27 23:00:00+00:00,continuous,84674.7,84704.0,84377.9,84512.0,174195619.8890992
2025-02-27 23:29:59.820000+00:00,2025-02-27 23:15:00+00:00,continuous,84512.0,84773.9,84484.1,84557.2,110568750.33599974
2025-02-27 23:44:59.944000+00:00,2025-02-27 23:30:00+00:00,continuous,84557.2,84894.0,84450.3,84641.5,173293074.69450027
2025-02-27 23:59:59.792000+00:00,2025-02-27 23:45:00+00:00,continuous,84641.4,84819.5,84582.5,84668.1,75796193.48039952
2025-02-28 00:14:59.944000+00:00,2025-02-28 00:00:00+00:00,continuous,84668.2,84858.6,84490.1,84533.9,120804199.26140001
2025-02-28 00:29:59.886000+00:00,2025-02-28 00:15:00+00:00,continuous,84533.8,84755.6,84509.2,84509.3,77351511.92729999
2025-02-28 00:44:59.052000+00:00,2025-02-28 00:30:00+00:00,continuous,84509.3,84650.0,84383.3,84450.0,138936211.6229001
2025-02-28 00:59:59.920000+00:00,2025-02-28 00:45:00+00:00,continuous,84450.1,84450.1,84200.0,84236.4,163604713.65959972
2025-02-28 01:14:59.886000+00:00,2025-02-28 01:00:00+00:00,continuous,84236.4,84383.4,84200.0,84258.0,92048534.32150023
2025-02-28 01:29:59.993000+00:00,2025-02-28 01:15:00+00:00,continuous,84258.0,84262.5,83001.0,83147.2,507716953.4335036
2025-02-28 01:44:59.952000+00:00,2025-02-28 01:30:00+00:00,continuous,83147.3,83212.4,81000.0,82484.7,2514081414.47837
2025-02-28 01:59:59.971000+00:00,2025-02-28 01:45:00+00:00,continuous,82486.1,82897.0,81582.2,81606.8,869530864.1040971
2025-02-28 02:14:59.997000+00:00,2025-02-28 02:00:00+00:00,continuous,81606.0,82854.5,81200.9,82416.2,1040795622.6110758
2025-02-28 02:29:59.715000+00:00,2025-02-28 02:15:00+00:00,continuous,82416.2,82446.0,81633.5,81929.2,418550518.04680395
2025-02-28 02:44:59.996000+00:00,2025-02-28 02:30:00+00:00,continuous,81929.1,81950.0,79500.0,80036.9,2661793489.6135635
2025-02-28 02:59:59.945000+00:00,2025-02-28 02:45:00+00:00,continuous,80029.9,80800.0,79500.0,80772.0,1468304458.9233167
2025-02-28 03:14:59.990000+00:00,2025-02-28 03:00:00+00:00,continuous,80772.0,81509.0,80607.8,81023.8,866995788.015196
2025-02-28 03:29:59.891000+00:00,2025-02-28 03:15:00+00:00,continuous,81023.7,81394.9,80717.6,80892.3,458677099.25809896
2025-02-28 03:44:59.990000+00:00,2025-02-28 03:30:00+00:00,continuous,80892.4,81028.8,80391.5,80930.6,498964670.3164018
2025-02-28 03:59:59.979000+00:00,2025-02-28 03:45:00+00:00,continuous,80930.5,80930.6,80231.4,80429.2,331353017.63810086
2025-02-28 04:14:59.997000+00:00,2025-02-28 04:00:00+00:00,continuous,80429.2,80541.8,79301.3,79988.0,1078321456.5701
2025-02-28 04:29:59.748000+00:00,2025-02-28 04:15:00+00:00,continuous,79987.9,80678.0,79901.9,80308.7,479136680.4923047
2025-02-28 04:44:59.986000+00:00,2025-02-28 04:30:00+00:00,continuous,80309.6,80694.1,79501.9,80684.0,622169444.1113853
2025-02-28 04:59:59.981000+00:00,2025-02-28 04:45:00+00:00,continuous,80683.9,80939.9,80236.2,80371.6,454913356.2922009
2025-02-28 05:14:59.898000+00:00,2025-02-28 05:00:00+00:00,continuous,80371.7,80512.7,79789.0,79811.1,418836338.29419667
2025-02-28 05:29:59.919000+00:00,2025-02-28 05:15:00+00:00,continuous,79811.0,80289.0,79578.3,79756.0,482568663.9151044
2025-02-28 05:44:59.432000+00:00,2025-02-28 05:30:00+00:00,continuous,79755.9,80060.7,79466.2,79857.9,474466704.0768955
2025-02-28 05:59:59.953000+00:00,2025-02-28 05:45:00+00:00,continuous,79856.4,79938.4,79100.0,79938.4,682105875.0999931
2025-02-28 06:14:59.958000+00:00,2025-02-28 06:00:00+00:00,continuous,79938.3,80400.0,79527.3,79530.9,566514631.2738067
2025-02-28 06:29:59.787000+00:00,2025-02-28 06:15:00+00:00,continuous,79530.8,79858.5,79189.0,79460.9,477252291.1982997
2025-02-28 06:44:59.931000+00:00,2025-02-28 06:30:00+00:00,continuous,79460.8,79829.3,79261.0,79305.0,321849070.2229043
2025-02-28 06:59:59.941000+00:00,2025-02-28 06:45:00+00:00,continuous,79304.9,79581.6,78921.4,79320.0,634621619.1281034
2025-02-28 07:14:59.590000+00:00,2025-02-28 07:00:00+00:00,continuous,79319.9,79977.2,79266.6,79713.1,424981470.0447995
2025-02-28 07:29:59.899000+00:00,2025-02-28 07:15:00+00:00,continuous,79713.1,80225.6,79337.8,79465.0,410555640.64179736
2025-02-28 07:44:59.981000+00:00,2025-02-28 07:30:00+00:00,continuous,79465.0,79634.4,78875.3,79208.2,699522533.935703
2025-02-28 07:59:59.965000+00:00,2025-02-28 07:45:00+00:00,continuous,79208.3,79245.1,78787.0,79159.9,528646943.7686991
2025-02-28 08:14:59.972000+00:00,2025-02-28 08:00:00+00:00,continuous,79159.9,79413.3,78595.8,78762.8,556031259.7803032
2025-02-28 08:29:59.876000+00:00,2025-02-28 08:15:00+00:00,continuous,78763.0,78903.9,78326.5,78836.1,656052346.2029998
2025-02-28 08:44:59.953000+00:00,2025-02-28 08:30:00+00:00,continuous,78836.0,79219.0,78458.0,78459.5,458614720.41559875
2025-02-28 08:59:59.987000+00:00,2025-02-28 08:45:00+00:00,continuous,78459.4,79090.7,78200.2,78955.7,573133828.6247029
2025-02-28 09:14:59.996000+00:00,2025-02-28 09:00:00+00:00,continuous,78955.8,79430.6,78869.0,79122.9,407883993.4586037
2025-02-28 09:29:59.919000+00:00,2025-02-28 09:15:00+00:00,continuous,79122.8,80465.8,79097.6,80375.2,672874163.8176893
2025-02-28 09:44:59.948000+00:00,2025-02-28 09:30:00+00:00,continuous,80375.1,80696.0,80036.2,80092.6,620941722.4265921
2025-02-28 09:59:59.921000+00:00,2025-02-28 09:45:00+00:00,continuous,80092.6,80473.4,80006.0,80299.9,219849108.5253984
2025-02-28 10:14:59.927000+00:00,2025-02-28 10:00:00+00:00,continuous,80299.9,80423.1,79625.7,79917.4,357089015.40060174
2025-02-28 10:29:59.970000+00:00,2025-02-28 10:15:00+00:00,continuous,79917.5,80088.0,79500.6,79912.6,245103885.58359942
2025-02-28 10:44:59.861000+00:00,2025-02-28 10:30:00+00:00,continuous,79912.6,79999.9,79539.3,79829.3,161061068.02060062
2025-02-28 10:59:59.741000+00:00,2025-02-28 10:45:00+00:00,continuous,79829.2,80246.6,79755.9,79970.0,239206760.36330026
2025-02-28 11:14:59.834000+00:00,2025-02-28 11:00:00+00:00,continuous,79969.9,80321.9,79940.1,80254.9,188528434.54389915
2025-02-28 11:29:59.875000+00:00,2025-02-28 11:15:00+00:00,continuous,80254.9,80620.0,80162.2,80579.3,217811225.5923988
2025-02-28 11:44:59.932000+00:00,2025-02-28 11:30:00+00:00,continuous,80579.3,80800.0,80430.9,80536.0,271429909.63489944
2025-02-28 11:59:59.972000+00:00,2025-02-28 11:45:00+00:00,continuous,80536.0,80747.7,80363.5,80474.3,206938011.47759944
2025-02-28 12:14:59.867000+00:00,2025-02-28 12:00:00+00:00,continuous,80474.4,80503.2,80139.4,80309.7,239906367.09370157
2025-02-28 12:29:59.933000+00:00,2025-02-28 12:15:00+00:00,continuous,80309.7,80488.0,80150.1,80166.7,99228494.37009981
2025-02-28 12:44:59.331000+00:00,2025-02-28 12:30:00+00:00,continuous,80166.8,80351.2,80030.0,80151.6,145372026.57770005
2025-02-28 12:59:59.895000+00:00,2025-02-28 12:45:00+00:00,continuous,80151.5,80797.5,80100.1,80747.4,268423563.16860017
2025-02-28 13:14:59.898000+00:00,2025-02-28 13:00:00+00:00,continuous,80747.5,81372.8,80605.0,80940.0,509437355.19430375
2025-02-28 13:29:59.673000+00:00,2025-02-28 13:15:00+00:00,continuous,80939.9,81085.3,80569.9,80711.2,296559533.9193995
2025-02-28 13:44:59.871000+00:00,2025-02-28 13:30:00+00:00,continuous,80711.2,81715.0,80677.6,81460.1,894027589.6068016
2025-02-28 13:59:59.930000+00:00,2025-02-28 13:45:00+00:00,continuous,81460.0,81703.8,81257.8,81462.3,292261561.2728986
2025-02-28 14:14:59.856000+00:00,2025-02-28 14:00:00+00:00,continuous,81462.2,82344.0,81462.2,81911.5,640725996.8618021
2025-02-28 14:29:59.930000+00:00,2025-02-28 14:15:00+00:00,continuous,81911.6,82148.1,81583.5,81826.0,323090212.27720064
2025-02-28 14:44:59.999000+00:00,2025-02-28 14:30:00+00:00,continuous,81826.5,82397.6,81037.2,82283.0,908764452.9670047
2025-02-28 14:59:59.981000+00:00,2025-02-28 14:45:00+00:00,continuous,82282.9,82500.0,81759.5,82056.0,625337486.1408918
2025-02-28 15:14:59.995000+00:00,2025-02-28 15:00:00+00:00,continuous,82056.1,83300.0,81943.0,83260.9,821278381.6175965
2025-02-28 15:29:59.998000+00:00,2025-02-28 15:15:00+00:00,continuous,83261.0,84283.1,83128.3,84256.7,1321402364.235509
2025-02-28 15:44:59.883000+00:00,2025-02-28 15:30:00+00:00,continuous,84256.8,84380.9,83660.4,83690.1,785789445.7795025
2025-02-28 15:59:59.922000+00:00,2025-02-28 15:45:00+00:00,continuous,83690.1,84183.0,83680.0,83948.1,374305358.1742986
2025-02-28 16:14:59.982000+00:00,2025-02-28 16:00:00+00:00,continuous,83948.1,84049.0,83450.1,83568.1,492475547.15129757
2025-02-28 16:29:59.971000+00:00,2025-02-28 16:15:00+00:00,continuous,83568.3,83845.0,83450.1,83586.5,424244596.3065984
2025-02-28 16:44:59.965000+00:00,2025-02-28 16:30:00+00:00,continuous,83586.4,84888.0,83565.5,84632.9,826605555.6135082
2025-02-28 16:59:59.981000+00:00,2025-02-28 16:45:00+00:00,continuous,84632.8,84729.0,84000.1,84310.3,531932654.0218002
2025-02-28 17:14:59.923000+00:00,2025-02-28 17:00:00+00:00,continuous,84310.4,84352.3,83901.0,84140.1,353227297.98609865
2025-02-28 17:29:59.871000+00:00,2025-02-28 17:15:00+00:00,continuous,84140.1,84337.5,83805.5,84140.9,226038604.23629877
2025-02-28 17:44:59.987000+00:00,2025-02-28 17:30:00+00:00,continuous,84140.9,84244.2,83580.0,83630.0,294090111.487998
2025-02-28 17:59:59.807000+00:00,2025-02-28 17:45:00+00:00,continuous,83629.9,83900.0,83565.5,83571.3,360364409.22990257
2025-02-28 18:14:59.887000+00:00,2025-02-28 18:00:00+00:00,continuous,83571.4,83879.2,83565.5,83879.1,211859509.4081003
2025-02-28 18:29:59.991000+00:00,2025-02-28 18:15:00+00:00,continuous,83879.2,84094.8,83153.3,83791.3,622197593.7380038
2025-02-28 18:44:59.980000+00:00,2025-02-28 18:30:00+00:00,continuous,83791.2,84899.9,83651.9,84366.0,591020212.1300956
2025-02-28 18:59:59.896000+00:00,2025-02-28 18:45:00+00:00,continuous,84365.9,85084.5,84280.2,84391.3,436658528.68679583
2025-02-28 19:14:59.649000+00:00,2025-02-28 19:00:00+00:00,continuous,84391.3,84713.0,84163.0,84254.9,301526782.6146994
2025-02-28 19:29:59.413000+00:00,2025-02-28 19:15:00+00:00,continuous,84254.9,84625.0,84235.0,84447.5,169517526.15309933
2025-02-28 19:44:59.888000+00:00,2025-02-28 19:30:00+00:00,continuous,84447.5,84760.0,84381.8,84694.4,156666042.46280053
2025-02-28 19:59:59.839000+00:00,2025-02-28 19:45:00+00:00,continuous,84694.5,84704.2,84258.8,84393.3,116374973.72150068
2025-02-28 20:14:59.992000+00:00,2025-02-28 20:00:00+00:00,continuous,84393.3,84743.8,84280.8,84446.8,124210807.57699996
2025-02-28 20:29:59.908000+00:00,2025-02-28 20:15:00+00:00,continuous,84446.8,84469.0,83555.0,83878.1,344828234.8093
2025-02-28 20:44:59.697000+00:00,2025-02-28 20:30:00+00:00,continuous,83878.0,83899.0,83570.5,83844.3,197855887.1634994
2025-02-28 20:59:59.924000+00:00,2025-02-28 20:45:00+00:00,continuous,83844.3,84342.1,83608.5,84142.5,294448276.9396981
2025-02-28 21:14:59.759000+00:00,2025-02-28 21:00:00+00:00,continuous,84140.0,84497.5,83981.1,84377.2,153945007.44890058
2025-02-28 21:29:59.772000+00:00,2025-02-28 21:15:00+00:00,continuous,84377.3,84550.0,84146.6,84205.8,111973271.2119997
2025-02-28 21:44:59.971000+00:00,2025-02-28 21:30:00+00:00,continuous,84205.8,84241.5,83954.7,84215.2,98687974.62469994
2025-02-28 21:59:59.905000+00:00,2025-02-28 21:45:00+00:00,continuous,84215.3,84373.0,84069.3,84200.1,79645974.79300031
2025-02-28 22:14:57.765000+00:00,2025-02-28 22:00:00+00:00,continuous,84200.1,84441.2,84157.1,84225.0,54916778.23309986
2025-02-28 22:29:59.763000+00:00,2025-02-28 22:15:00+00:00,continuous,84225.1,84393.4,84063.2,84121.7,57758125.015699886
2025-02-28 22:44:59.990000+00:00,2025-02-28 22:30:00+00:00,continuous,84121.7,84297.3,83830.6,84107.0,144327012.25009993
2025-02-28 22:59:59.757000+00:00,2025-02-28 22:45:00+00:00,continuous,84107.0,84226.7,83853.0,84107.6,52150650.17529989
2025-02-28 23:14:59.959000+00:00,2025-02-28 23:00:00+00:00,continuous,84107.5,84237.0,83968.7,84017.5,54322041.431599714
2025-02-28 23:29:59.820000+00:00,2025-02-28 23:15:00+00:00,continuous,84017.4,84156.6,83998.1,84128.7,42857278.560499914
2025-02-28 23:44:59.362000+00:00,2025-02-28 23:30:00+00:00,continuous,84128.7,84398.6,84088.2,84374.2,66783035.409499824
