timestamp,minute_start,session_id,open,high,low,close,volume
2025-06-01 00:14:59.910000+00:00,2025-06-01 00:00:00+00:00,continuous,104544.6,104599.6,104400.0,104427.5,102926425.44620013
2025-06-01 00:29:59.742000+00:00,2025-06-01 00:15:00+00:00,continuous,104427.4,104455.2,104314.8,104319.3,100352934.6612998
2025-06-01 00:44:58.610000+00:00,2025-06-01 00:30:00+00:00,continuous,104319.4,104418.4,104277.3,104418.3,112546509.57610011
2025-06-01 00:59:57.003000+00:00,2025-06-01 00:45:00+00:00,continuous,104418.4,104435.0,104333.5,104408.7,43172801.04199982
2025-06-01 01:14:59.418000+00:00,2025-06-01 01:00:00+00:00,continuous,104408.7,104433.7,104300.0,104430.1,67520341.55570024
2025-06-01 01:29:59.878000+00:00,2025-06-01 01:15:00+00:00,continuous,104430.0,104477.8,104260.5,104344.7,66811284.56700008
2025-06-01 01:44:59.789000+00:00,2025-06-01 01:30:00+00:00,continuous,104344.7,104365.1,104112.4,104168.6,141680034.38189968
2025-06-01 01:59:59.922000+00:00,2025-06-01 01:45:00+00:00,continuous,104168.6,104252.4,103917.9,104085.2,194311947.80919948
2025-06-01 02:14:59.976000+00:00,2025-06-01 02:00:00+00:00,continuous,104085.1,104090.7,103860.9,103894.9,143439627.36690018
2025-06-01 02:29:59.833000+00:00,2025-06-01 02:15:00+00:00,continuous,103894.9,104166.3,103894.9,104120.5,69109538.91229977
2025-06-01 02:44:59.476000+00:00,2025-06-01 02:30:00+00:00,continuous,104120.5,104225.8,104120.5,104193.3,75376847.8744997
2025-06-01 02:59:59.777000+00:00,2025-06-01 02:45:00+00:00,continuous,104193.3,104289.7,104121.5,104143.9,72080323.0386999
2025-06-01 03:14:59.875000+00:00,2025-06-01 03:00:00+00:00,continuous,104144.0,104190.8,104003.2,104024.4,57901832.876899906
2025-06-01 03:29:59.646000+00:00,2025-06-01 03:15:00+00:00,continuous,104024.4,104107.0,103930.0,104107.0,69069638.52039991
2025-06-01 03:44:59.953000+00:00,2025-06-01 03:30:00+00:00,continuous,104107.0,104279.4,104106.9,104267.7,75905765.75910027
2025-06-01 03:59:59.779000+00:00,2025-06-01 03:45:00+00:00,continuous,104267.6,104425.0,104267.6,104336.4,102142084.54489948
2025-06-01 04:14:59.920000+00:00,2025-06-01 04:00:00+00:00,continuous,104336.4,104443.5,104313.9,104370.4,65404004.23320007
2025-06-01 04:29:59.376000+00:00,2025-06-01 04:15:00+00:00,continuous,104370.3,104490.4,104370.3,104474.8,42796025.40920007
2025-06-01 04:44:59.929000+00:00,2025-06-01 04:30:00+00:00,continuous,104474.8,104688.0,104474.7,104647.3,111496025.71739984
2025-06-01 04:59:59.709000+00:00,2025-06-01 04:45:00+00:00,continuous,104647.3,104700.0,104579.3,104587.8,75767864.5456997
2025-06-01 05:14:59.273000+00:00,2025-06-01 05:00:00+00:00,continuous,104587.8,104671.8,104538.1,104645.4,69070078.91490006
2025-06-01 05:29:59.682000+00:00,2025-06-01 05:15:00+00:00,continuous,104645.5,104666.6,104519.5,104524.1,48472483.87059996
2025-06-01 05:44:59.684000+00:00,2025-06-01 05:30:00+00:00,continuous,104524.1,104586.6,104463.0,104466.2,44359713.015900046
2025-06-01 05:59:58.310000+00:00,2025-06-01 05:45:00+00:00,continuous,104466.3,104492.5,104386.7,104485.7,41191690.368299715
2025-06-01 06:14:59.950000+00:00,2025-06-01 06:00:00+00:00,continuous,104485.7,104485.7,104299.8,104319.7,125986987.17659983
2025-06-01 06:29:59.580000+00:00,2025-06-01 06:15:00+00:00,continuous,104319.7,104319.7,104138.0,104261.8,102418466.08209947
2025-06-01 06:44:59.383000+00:00,2025-06-01 06:30:00+00:00,continuous,104261.8,104329.9,104261.7,104291.6,33760773.49509995
2025-06-01 06:59:59.309000+00:00,2025-06-01 06:45:00+00:00,continuous,104291.7,104304.3,104173.2,104206.8,35478548.939200036
2025-06-01 07:14:59.771000+00:00,2025-06-01 07:00:00+00:00,continuous,104206.8,104274.3,104148.0,104260.2,46927429.032800056
2025-06-01 07:29:59.508000+00:00,2025-06-01 07:15:00+00:00,continuous,104260.2,104327.5,104200.0,104299.8,50057486.61379981
2025-06-01 07:44:59.864000+00:00,2025-06-01 07:30:00+00:00,continuous,104299.8,104304.5,104162.2,104196.3,62669566.60560001
2025-06-01 07:59:59.847000+00:00,2025-06-01 07:45:00+00:00,continuous,104196.3,104255.1,104179.2,104231.0,32836006.01280003
2025-06-01 08:14:59.998000+00:00,2025-06-01 08:00:00+00:00,continuous,104230.9,104265.4,104168.0,104210.8,57806768.05579999
2025-06-01 08:29:59.586000+00:00,2025-06-01 08:15:00+00:00,continuous,104210.9,104277.0,104180.3,104232.9,48260954.74729988
2025-06-01 08:44:59.172000+00:00,2025-06-01 08:30:00+00:00,continuous,104232.9,104299.0,104207.1,104298.9,42327270.6840999
2025-06-01 08:59:59.900000+00:00,2025-06-01 08:45:00+00:00,continuous,104299.0,104349.1,104206.4,104342.7,55976828.68629986
2025-06-01 09:14:59.607000+00:00,2025-06-01 09:00:00+00:00,continuous,104342.7,104410.5,104080.4,104167.1,115969002.32819992
2025-06-01 09:29:59.654000+00:00,2025-06-01 09:15:00+00:00,continuous,104167.1,104171.9,103930.1,103987.7,251147414.1311987
2025-06-01 09:44:59.499000+00:00,2025-06-01 09:30:00+00:00,continuous,103987.6,103992.2,103792.1,103851.1,212415266.16599965
2025-06-01 09:59:59.999000+00:00,2025-06-01 09:45:00+00:00,continuous,103851.1,103985.9,103704.1,103888.0,207225246.29749995
2025-06-01 10:14:59.727000+00:00,2025-06-01 10:00:00+00:00,continuous,103888.0,103996.7,103802.0,103928.7,103883290.38729967
2025-06-01 10:29:59.861000+00:00,2025-06-01 10:15:00+00:00,continuous,103928.7,103965.0,103845.6,103888.0,70313712.34089987
2025-06-01 10:44:59.852000+00:00,2025-06-01 10:30:00+00:00,continuous,103888.0,103917.0,103727.1,103779.6,73456822.23000011
2025-06-01 10:59:59.281000+00:00,2025-06-01 10:45:00+00:00,continuous,103779.7,103887.9,103757.0,103887.8,59267685.590399936
2025-06-01 11:14:59.786000+00:00,2025-06-01 11:00:00+00:00,continuous,103887.8,103916.4,103800.7,103816.2,83297900.65729989
2025-06-01 11:29:59.613000+00:00,2025-06-01 11:15:00+00:00,continuous,103816.2,104027.7,103816.1,104016.0,89597603.31739987
2025-06-01 11:44:59.628000+00:00,2025-06-01 11:30:00+00:00,continuous,104015.9,104105.6,103953.7,104087.7,102061922.16250075
2025-06-01 11:59:59.898000+00:00,2025-06-01 11:45:00+00:00,continuous,104087.7,104099.9,104004.4,104038.0,44467252.88750008
2025-06-01 12:14:59.895000+00:00,2025-06-01 12:00:00+00:00,continuous,104038.0,104144.1,103984.9,104123.5,84191296.30059992
2025-06-01 12:29:59.900000+00:00,2025-06-01 12:15:00+00:00,continuous,104123.5,104142.4,103950.0,104002.7,62143543.154900186
2025-06-01 12:44:59.959000+00:00,2025-06-01 12:30:00+00:00,continuous,104002.7,104013.7,103708.6,103885.3,129434519.23729995
2025-06-01 12:59:59.980000+00:00,2025-06-01 12:45:00+00:00,continuous,103885.4,103924.8,103807.4,103917.1,52600240.07109982
2025-06-01 13:14:59.935000+00:00,2025-06-01 13:00:00+00:00,continuous,103917.1,104200.0,103903.5,104187.3,96754262.68750003
2025-06-01 13:29:59.628000+00:00,2025-06-01 13:15:00+00:00,continuous,104187.2,104320.0,104122.4,104140.0,139696415.95880014
2025-06-01 13:44:59.905000+00:00,2025-06-01 13:30:00+00:00,continuous,104139.9,104304.3,104119.8,104286.2,91204926.88799989
2025-06-01 13:59:59.625000+00:00,2025-06-01 13:45:00+00:00,continuous,104286.3,104393.1,104203.1,104216.0,121945013.74589987
2025-06-01 14:14:59.856000+00:00,2025-06-01 14:00:00+00:00,continuous,104215.9,104638.4,104215.9,104448.9,203926619.1256007
2025-06-01 14:29:59.907000+00:00,2025-06-01 14:15:00+00:00,continuous,104448.8,104666.3,104448.8,104620.7,116163522.0439002
2025-06-01 14:44:59.740000+00:00,2025-06-01 14:30:00+00:00,continuous,104620.7,104699.3,104537.0,104622.4,112142028.63609965
2025-06-01 14:59:59.948000+00:00,2025-06-01 14:45:00+00:00,continuous,104622.3,104731.2,104520.0,104551.6,119429223.59340039
2025-06-01 15:14:59.197000+00:00,2025-06-01 15:00:00+00:00,continuous,104551.5,104610.0,104435.4,104493.5,125485837.64480032
2025-06-01 15:29:59.931000+00:00,2025-06-01 15:15:00+00:00,continuous,104493.6,104756.7,104486.3,104727.6,116307994.84149987
2025-06-01 15:44:59.227000+00:00,2025-06-01 15:30:00+00:00,continuous,104727.6,104760.0,104615.1,104694.1,113349452.88210095
2025-06-01 15:59:59.930000+00:00,2025-06-01 15:45:00+00:00,continuous,104694.1,104744.7,104587.9,104664.0,78750030.71610005
2025-06-01 16:14:59.981000+00:00,2025-06-01 16:00:00+00:00,continuous,104663.9,105285.0,104602.9,105050.0,664773768.7543007
2025-06-01 16:29:59.973000+00:00,2025-06-01 16:15:00+00:00,continuous,105050.0,105233.7,104900.1,105101.3,252572781.78950107
2025-06-01 16:44:59.228000+00:00,2025-06-01 16:30:00+00:00,continuous,105101.3,105195.1,105001.5,105162.5,102894492.17449944
2025-06-01 16:59:59.920000+00:00,2025-06-01 16:45:00+00:00,continuous,105162.4,105195.0,104943.7,104984.4,129576614.09570035
2025-06-01 17:14:59.580000+00:00,2025-06-01 17:00:00+00:00,continuous,104984.4,105150.0,104936.2,105066.2,98371218.81520046
2025-06-01 17:29:59.041000+00:00,2025-06-01 17:15:00+00:00,continuous,105066.3,105096.8,105022.6,105049.5,35349174.57399993
2025-06-01 17:44:59.883000+00:00,2025-06-01 17:30:00+00:00,continuous,105049.6,105152.5,104981.2,104993.1,64629272.0948998
2025-06-01 17:59:58.996000+00:00,2025-06-01 17:45:00+00:00,continuous,104993.1,105099.9,104954.4,105006.3,70478559.63989997
2025-06-01 18:14:58.191000+00:00,2025-06-01 18:00:00+00:00,continuous,105006.2,105014.0,104823.4,104946.1,98942724.61710049
2025-06-01 18:29:59.992000+00:00,2025-06-01 18:15:00+00:00,continuous,104946.1,104976.0,104620.1,104677.9,136614687.4572995
2025-06-01 18:44:59.668000+00:00,2025-06-01 18:30:00+00:00,continuous,104677.9,104677.9,104280.1,104336.3,272246706.4967012
2025-06-01 18:59:59.685000+00:00,2025-06-01 18:45:00+00:00,continuous,104336.3,104921.5,104320.1,104850.8,223951464.46729958
2025-06-01 19:14:59.636000+00:00,2025-06-01 19:00:00+00:00,continuous,104850.8,105024.3,104757.8,104818.0,150510962.84160128
2025-06-01 19:29:59.901000+00:00,2025-06-01 19:15:00+00:00,continuous,104818.0,104999.4,104792.9,104964.5,71539867.07509983
2025-06-01 19:44:58.192000+00:00,2025-06-01 19:30:00+00:00,continuous,104964.6,105096.0,104922.3,104996.4,91871116.30009982
2025-06-01 19:59:59.899000+00:00,2025-06-01 19:45:00+00:00,continuous,104996.4,105119.6,104996.4,105075.2,56750632.59669991
2025-06-01 20:14:59.557000+00:00,2025-06-01 20:00:00+00:00,continuous,105075.2,105110.0,104871.3,104924.2,109163570.0543001
2025-06-01 20:29:59.382000+00:00,2025-06-01 20:15:00+00:00,continuous,104924.1,105123.0,104924.1,105105.1,55839188.62590035
2025-06-01 20:44:59.770000+00:00,2025-06-01 20:30:00+00:00,continuous,105105.1,105260.0,105061.2,105219.8,101303086.4509998
2025-06-01 20:59:59.852000+00:00,2025-06-01 20:45:00+00:00,continuous,105219.8,105219.8,104833.1,104897.0,141273484.73170057
2025-06-01 21:14:59.971000+00:00,2025-06-01 21:00:00+00:00,continuous,104897.0,105042.3,104854.4,105013.5,93506717.46899992
2025-06-01 21:29:58.916000+00:00,2025-06-01 21:15:00+00:00,continuous,105013.4,105115.4,105013.4,105101.1,37250669.33599998
2025-06-01 21:44:59.794000+00:00,2025-06-01 21:30:00+00:00,continuous,105101.1,105450.0,105101.1,105318.4,209926625.10949856
2025-06-01 21:59:59.853000+00:00,2025-06-01 21:45:00+00:00,continuous,105318.3,105468.9,105300.0,105444.9,88441672.0441999
2025-06-01 22:14:59.956000+00:00,2025-06-01 22:00:00+00:00,continuous,105444.9,105699.0,105435.7,105675.5,255938498.10230094
2025-06-01 22:29:59.622000+00:00,2025-06-01 22:15:00+00:00,continuous,105675.4,105676.8,105396.1,105420.3,177040152.43449968
2025-06-01 22:44:59.821000+00:00,2025-06-01 22:30:00+00:00,continuous,105420.3,105494.6,105376.9,105438.3,71800404.28180024
2025-06-01 22:59:59.558000+00:00,2025-06-01 22:45:00+00:00,continuous,105438.3,105505.5,105363.0,105455.4,54958243.71030006
2025-06-01 23:14:59.900000+00:00,2025-06-01 23:00:00+00:00,continuous,105455.5,105760.0,105400.3,105725.0,150747372.66440055
2025-06-01 23:29:59.932000+00:00,2025-06-01 23:15:00+00:00,continuous,105725.0,105823.6,105629.3,105644.7,117554244.4748002
2025-06-01 23:44:59.671000+00:00,2025-06-01 23:30:00+00:00,continuous,105644.8,105741.8,105570.0,105592.6,71308430.7355
2025-06-01 23:59:59.656000+00:00,2025-06-01 23:45:00+00:00,continuous,105592.7,105687.6,105534.4,105583.3,68340847.81430002
2025-06-02 00:14:58.990000+00:00,2025-06-02 00:00:00+00:00,continuous,105583.3,105700.0,105445.2,105545.4,135639502.44209966
2025-06-02 00:29:59.985000+00:00,2025-06-02 00:15:00+00:00,continuous,105545.5,105623.9,105351.8,105420.4,129514148.67279984
2025-06-02 00:44:59.821000+00:00,2025-06-02 00:30:00+00:00,continuous,105420.3,105537.0,105391.1,105504.2,72010234.0070003
2025-06-02 00:59:59.683000+00:00,2025-06-02 00:45:00+00:00,continuous,105504.3,105517.8,105362.7,105379.1,77259683.34410001
2025-06-02 01:14:59.963000+00:00,2025-06-02 01:00:00+00:00,continuous,105379.2,105584.0,105372.5,105582.1,85448674.78410019
2025-06-02 01:29:59.968000+00:00,2025-06-02 01:15:00+00:00,continuous,105582.0,105602.0,105390.5,105416.0,60872073.685299866
2025-06-02 01:44:59.398000+00:00,2025-06-02 01:30:00+00:00,continuous,105416.1,105419.1,105290.4,105339.1,80593836.15740027
2025-06-02 01:59:59.847000+00:00,2025-06-02 01:45:00+00:00,continuous,105339.0,105385.7,105322.8,105327.6,42898624.926500075
2025-06-02 02:14:59.892000+00:00,2025-06-02 02:00:00+00:00,continuous,105327.7,105368.3,105152.3,105190.9,136609530.96850002
2025-06-02 02:29:59.997000+00:00,2025-06-02 02:15:00+00:00,continuous,105190.9,105264.9,105088.0,105225.6,107171012.84310052
2025-06-02 02:44:59.718000+00:00,2025-06-02 02:30:00+00:00,continuous,105225.6,105311.0,105126.1,105259.0,111291922.16080001
2025-06-02 02:59:59.767000+00:00,2025-06-02 02:45:00+00:00,continuous,105259.1,105284.5,104958.2,104986.9,155754799.4821999
2025-06-02 03:14:59.951000+00:00,2025-06-02 03:00:00+00:00,continuous,104986.9,105016.4,104736.2,104742.4,194074150.37559968
2025-06-02 03:29:59.880000+00:00,2025-06-02 03:15:00+00:00,continuous,104742.5,104820.5,104520.0,104779.6,258878694.48960143
2025-06-02 03:44:59.665000+00:00,2025-06-02 03:30:00+00:00,continuous,104779.6,104959.0,104763.9,104880.2,125305801.24300018
2025-06-02 03:59:59.557000+00:00,2025-06-02 03:45:00+00:00,continuous,104880.2,104936.2,104780.0,104781.8,78477087.99430025
2025-06-02 04:14:59.680000+00:00,2025-06-02 04:00:00+00:00,continuous,104781.8,104875.3,104679.9,104869.8,94023594.66459979
2025-06-02 04:29:59.678000+00:00,2025-06-02 04:15:00+00:00,continuous,104869.8,104958.9,104846.1,104865.8,67540210.85520005
2025-06-02 04:44:59.651000+00:00,2025-06-02 04:30:00+00:00,continuous,104865.7,104939.1,104840.0,104850.0,36058711.77510005
2025-06-02 04:59:59.873000+00:00,2025-06-02 04:45:00+00:00,continuous,104850.1,104889.7,104650.1,104736.3,73599107.75650002
2025-06-02 05:14:59.766000+00:00,2025-06-02 05:00:00+00:00,continuous,104736.4,104882.9,104638.0,104868.2,70618411.21260005
2025-06-02 05:29:59.324000+00:00,2025-06-02 05:15:00+00:00,continuous,104868.2,104879.2,104676.8,104764.6,63946069.394600034
2025-06-02 05:44:59.368000+00:00,2025-06-02 05:30:00+00:00,continuous,104764.7,104787.1,104620.6,104630.9,93181651.41369988
2025-06-02 05:59:58.990000+00:00,2025-06-02 05:45:00+00:00,continuous,104630.9,104790.0,104549.8,104781.2,83280725.27670048
2025-06-02 06:14:59.225000+00:00,2025-06-02 06:00:00+00:00,continuous,104781.2,104910.0,104743.8,104795.3,99509568.9906998
2025-06-02 06:29:59.772000+00:00,2025-06-02 06:15:00+00:00,continuous,104795.4,104937.4,104695.5,104911.9,135084942.38770014
2025-06-02 06:44:59.958000+00:00,2025-06-02 06:30:00+00:00,continuous,104911.8,105136.4,104855.0,105114.8,189907821.70940086
2025-06-02 06:59:59.964000+00:00,2025-06-02 06:45:00+00:00,continuous,105114.8,105245.0,105066.1,105133.5,173571480.8177997
2025-06-02 07:14:59.704000+00:00,2025-06-02 07:00:00+00:00,continuous,105133.4,105317.5,105123.3,105244.2,138196521.3461
2025-06-02 07:29:59.970000+00:00,2025-06-02 07:15:00+00:00,continuous,105244.2,105354.4,105210.4,105230.4,99934175.50130013
2025-06-02 07:44:59.980000+00:00,2025-06-02 07:30:00+00:00,continuous,105230.4,105388.8,105139.9,105382.2,129488862.94229996
2025-06-02 07:59:59.769000+00:00,2025-06-02 07:45:00+00:00,continuous,105382.2,105398.5,105241.3,105346.4,66155195.52180002
2025-06-02 08:14:59.876000+00:00,2025-06-02 08:00:00+00:00,continuous,105346.4,105544.2,105300.4,105476.0,152137367.3783996
2025-06-02 08:29:59.901000+00:00,2025-06-02 08:15:00+00:00,continuous,105476.0,105900.0,105392.1,105763.2,393471237.9505978
2025-06-02 08:44:59.758000+00:00,2025-06-02 08:30:00+00:00,continuous,105763.1,105848.6,105415.0,105448.7,358812977.1337014
2025-06-02 08:59:59.987000+00:00,2025-06-02 08:45:00+00:00,continuous,105448.8,105497.1,105190.5,105290.0,204252842.5259998
2025-06-02 09:14:59.789000+00:00,2025-06-02 09:00:00+00:00,continuous,105290.1,105296.5,104725.0,104846.1,605582113.1139007
2025-06-02 09:29:59.689000+00:00,2025-06-02 09:15:00+00:00,continuous,104846.1,104846.1,104650.0,104680.5,291588891.78090084
2025-06-02 09:44:59.838000+00:00,2025-06-02 09:30:00+00:00,continuous,104680.4,104859.7,104547.6,104556.1,282225015.56899863
2025-06-02 09:59:59.902000+00:00,2025-06-02 09:45:00+00:00,continuous,104556.2,104580.6,104420.0,104530.5,270686068.91559935
2025-06-02 10:14:59.849000+00:00,2025-06-02 10:00:00+00:00,continuous,104530.4,104618.2,104355.2,104585.5,227809831.81980163
2025-06-02 10:29:59.990000+00:00,2025-06-02 10:15:00+00:00,continuous,104585.5,104585.5,104253.0,104330.1,245393908.6030993
2025-06-02 10:44:59.701000+00:00,2025-06-02 10:30:00+00:00,continuous,104330.0,104397.9,104188.8,104260.0,174460716.1649009
2025-06-02 10:59:59.722000+00:00,2025-06-02 10:45:00+00:00,continuous,104259.9,104400.0,104230.7,104316.7,129125410.79290022
2025-06-02 11:14:59.738000+00:00,2025-06-02 11:00:00+00:00,continuous,104316.7,104448.6,104150.2,104301.8,208562227.8077004
2025-06-02 11:29:59.991000+00:00,2025-06-02 11:15:00+00:00,continuous,104301.7,104335.0,104171.9,104213.6,117237354.68229996
2025-06-02 11:44:59.982000+00:00,2025-06-02 11:30:00+00:00,continuous,104213.6,104294.4,103922.8,103971.6,268622801.0352985
2025-06-02 11:59:59.966000+00:00,2025-06-02 11:45:00+00:00,continuous,103971.5,104141.6,103867.8,104000.0,207864856.2132001
2025-06-02 12:14:59.972000+00:00,2025-06-02 12:00:00+00:00,continuous,104000.1,104081.7,103832.5,103930.5,246266540.62019837
2025-06-02 12:29:59.684000+00:00,2025-06-02 12:15:00+00:00,continuous,103930.5,104026.8,103805.0,104004.7,157443172.4481002
2025-06-02 12:44:59.834000+00:00,2025-06-02 12:30:00+00:00,continuous,104004.7,104236.9,103977.9,104174.8,268562894.2472005
2025-06-02 12:59:59.739000+00:00,2025-06-02 12:45:00+00:00,continuous,104174.7,104190.9,104050.0,104156.0,146014686.69199976
2025-06-02 13:14:59.829000+00:00,2025-06-02 13:00:00+00:00,continuous,104156.0,104221.2,103966.9,104105.1,171621027.59889844
2025-06-02 13:29:59.593000+00:00,2025-06-02 13:15:00+00:00,continuous,104105.0,104150.0,103815.0,103969.2,190429246.22389925
2025-06-02 13:44:59.901000+00:00,2025-06-02 13:30:00+00:00,continuous,103969.2,104517.0,103920.0,104182.5,485909847.56979644
2025-06-02 13:59:59.969000+00:00,2025-06-02 13:45:00+00:00,continuous,104182.4,104229.0,103642.0,103764.3,505438883.5956006
2025-06-02 14:14:59.966000+00:00,2025-06-02 14:00:00+00:00,continuous,103764.3,104094.5,103600.6,104063.3,411423844.39200175
2025-06-02 14:29:59.785000+00:00,2025-06-02 14:15:00+00:00,continuous,104063.4,104546.7,103906.5,104412.8,418129206.61979884
2025-06-02 14:44:59.572000+00:00,2025-06-02 14:30:00+00:00,continuous,104412.8,104646.1,104289.0,104329.6,387200460.53900295
2025-06-02 14:59:59.988000+00:00,2025-06-02 14:45:00+00:00,continuous,104329.7,104373.4,103920.0,104129.6,317833280.02940166
2025-06-02 15:14:59.997000+00:00,2025-06-02 15:00:00+00:00,continuous,104129.5,104244.4,103852.0,104179.0,192690339.33449912
2025-06-02 15:29:59.948000+00:00,2025-06-02 15:15:00+00:00,continuous,104179.1,104533.3,104081.2,104279.1,278910506.2831007
2025-06-02 15:44:59.814000+00:00,2025-06-02 15:30:00+00:00,continuous,104279.2,104392.3,104170.5,104342.3,162703705.56159952
2025-06-02 15:59:59.911000+00:00,2025-06-02 15:45:00+00:00,continuous,104342.3,104485.6,104215.5,104396.8,89793018.44830003
2025-06-02 16:14:59.804000+00:00,2025-06-02 16:00:00+00:00,continuous,104396.9,104440.4,104172.7,104194.9,124885184.32359946
2025-06-02 16:29:59.596000+00:00,2025-06-02 16:15:00+00:00,continuous,104194.9,104293.9,103985.7,104050.6,100894627.40280022
2025-06-02 16:44:59.436000+00:00,2025-06-02 16:30:00+00:00,continuous,104050.6,104176.4,103982.9,104061.1,77217250.74520023
2025-06-02 16:59:59.956000+00:00,2025-06-02 16:45:00+00:00,continuous,104061.1,104320.0,103994.0,104234.6,87523581.55079962
2025-06-02 17:14:59.946000+00:00,2025-06-02 17:00:00+00:00,continuous,104234.7,104327.0,104029.9,104066.6,114365070.29369998
2025-06-02 17:29:59.601000+00:00,2025-06-02 17:15:00+00:00,continuous,104066.7,104451.1,104043.4,104360.0,108374300.65839939
2025-06-02 17:44:58.814000+00:00,2025-06-02 17:30:00+00:00,continuous,104359.9,104429.5,104103.0,104142.1,86724026.49959974
2025-06-02 17:59:59.883000+00:00,2025-06-02 17:45:00+00:00,continuous,104142.1,104390.5,104109.3,104345.6,58924695.43769999
2025-06-02 18:14:59.974000+00:00,2025-06-02 18:00:00+00:00,continuous,104345.6,104428.0,104277.3,104349.3,96299071.84900004
2025-06-02 18:29:59.922000+00:00,2025-06-02 18:15:00+00:00,continuous,104349.3,104699.4,104304.0,104557.9,178906041.7049994
2025-06-02 18:44:59.515000+00:00,2025-06-02 18:30:00+00:00,continuous,104558.0,104580.9,104250.0,104335.1,172383414.81560043
2025-06-02 18:59:59.952000+00:00,2025-06-02 18:45:00+00:00,continuous,104335.1,104356.3,104142.8,104308.8,102159513.75850037
2025-06-02 19:14:59.811000+00:00,2025-06-02 19:00:00+00:00,continuous,104308.7,104460.8,104192.9,104198.0,74637639.74520038
2025-06-02 19:29:59.647000+00:00,2025-06-02 19:15:00+00:00,continuous,104198.0,104422.0,104192.0,104335.4,56184890.79140009
2025-06-02 19:44:59.496000+00:00,2025-06-02 19:30:00+00:00,continuous,104335.4,104346.6,103984.2,104074.1,106352468.48609997
2025-06-02 19:59:59.728000+00:00,2025-06-02 19:45:00+00:00,continuous,104074.0,104403.8,103994.1,104366.4,107642579.10979985
2025-06-02 20:14:59.742000+00:00,2025-06-02 20:00:00+00:00,continuous,104366.5,104894.0,104366.5,104857.1,279030310.8190997
2025-06-02 20:29:59.685000+00:00,2025-06-02 20:15:00+00:00,continuous,104857.1,104962.7,104700.0,104774.0,183678278.46789917
2025-06-02 20:44:59.111000+00:00,2025-06-02 20:30:00+00:00,continuous,104774.1,104819.2,104650.0,104750.8,71427780.1184002
2025-06-02 20:59:59.963000+00:00,2025-06-02 20:45:00+00:00,continuous,104750.8,104863.3,104603.0,104829.2,91229203.5963998
2025-06-02 21:14:59.753000+00:00,2025-06-02 21:00:00+00:00,continuous,104829.2,105068.0,104815.8,104934.9,178603747.27810088
2025-06-02 21:29:57.733000+00:00,2025-06-02 21:15:00+00:00,continuous,104934.8,104947.6,104687.9,104745.4,60614199.002300136
2025-06-02 21:44:59.117000+00:00,2025-06-02 21:30:00+00:00,continuous,104745.4,104752.6,104523.5,104640.4,80802955.2240998
2025-06-02 21:59:59.793000+00:00,2025-06-02 21:45:00+00:00,continuous,104640.4,104886.2,104636.6,104886.1,42645913.696199745
2025-06-02 22:14:59.977000+00:00,2025-06-02 22:00:00+00:00,continuous,104886.2,105191.3,104878.1,105177.1,209215098.35120022
2025-06-02 22:29:59.949000+00:00,2025-06-02 22:15:00+00:00,continuous,105177.0,105769.0,105139.9,105719.1,672129488.5084057
2025-06-02 22:44:59.907000+00:00,2025-06-02 22:30:00+00:00,continuous,105719.1,105737.1,105428.9,105473.6,222009156.203999
2025-06-02 22:59:59.837000+00:00,2025-06-02 22:45:00+00:00,continuous,105473.5,105672.4,105461.3,105649.9,119650683.75369965
2025-06-02 23:14:59.405000+00:00,2025-06-02 23:00:00+00:00,continuous,105650.0,105750.0,105517.1,105712.1,171877740.6278994
2025-06-02 23:29:59.980000+00:00,2025-06-02 23:15:00+00:00,continuous,105712.2,105876.0,105621.5,105801.0,203726288.80140007
2025-06-02 23:44:59.844000+00:00,2025-06-02 23:30:00+00:00,continuous,105801.1,105893.8,105666.8,105857.3,167912623.73310044
2025-06-02 23:59:59.708000+00:00,2025-06-02 23:45:00+00:00,continuous,105857.2,105877.6,105768.6,105814.3,126519578.57610019
2025-06-03 00:14:59.808000+00:00,2025-06-03 00:00:00+00:00,continuous,105814.4,106137.1,105699.9,106124.7,369581573.7316001
2025-06-03 00:29:59.944000+00:00,2025-06-03 00:15:00+00:00,continuous,106124.6,106368.9,106019.0,106025.0,375817779.27330184
2025-06-03 00:44:59.860000+00:00,2025-06-03 00:30:00+00:00,continuous,106024.9,106297.1,105940.2,106172.8,210625635.84400043
2025-06-03 00:59:59.985000+00:00,2025-06-03 00:45:00+00:00,continuous,106172.8,106300.0,106135.1,106231.9,126855049.17120044
2025-06-03 01:14:59.983000+00:00,2025-06-03 01:00:00+00:00,continuous,106231.9,106329.0,106100.9,106109.8,132890469.2789003
2025-06-03 01:29:59.914000+00:00,2025-06-03 01:15:00+00:00,continuous,106109.8,106310.0,106068.6,106263.7,104773248.6701001
2025-06-03 01:44:59.859000+00:00,2025-06-03 01:30:00+00:00,continuous,106263.7,106289.9,106165.4,106172.7,87517213.37510018
2025-06-03 01:59:59.757000+00:00,2025-06-03 01:45:00+00:00,continuous,106172.8,106460.0,106152.6,106442.6,162501391.09739983
2025-06-03 02:14:59.991000+00:00,2025-06-03 02:00:00+00:00,continuous,106442.7,106470.8,106189.6,106190.5,166488725.24850097
2025-06-03 02:29:59.740000+00:00,2025-06-03 02:15:00+00:00,continuous,106190.5,106200.0,105998.2,106015.5,187579731.61079827
2025-06-03 02:44:59.866000+00:00,2025-06-03 02:30:00+00:00,continuous,106015.5,106100.2,105960.7,106002.2,133879002.26460016
2025-06-03 02:59:59.960000+00:00,2025-06-03 02:45:00+00:00,continuous,106002.2,106002.3,105495.6,105553.9,504964350.7545999
2025-06-03 03:14:59.812000+00:00,2025-06-03 03:00:00+00:00,continuous,105553.9,105659.5,105280.0,105355.0,222578104.17259908
2025-06-03 03:29:59.966000+00:00,2025-06-03 03:15:00+00:00,continuous,105355.1,105636.0,105355.1,105431.4,129996324.9758999
2025-06-03 03:44:59.703000+00:00,2025-06-03 03:30:00+00:00,continuous,105431.4,105532.2,105314.0,105512.5,127907993.91540015
2025-06-03 03:59:59.941000+00:00,2025-06-03 03:45:00+00:00,continuous,105512.5,105558.1,105424.9,105448.8,62549461.09310015
2025-06-03 04:14:59.796000+00:00,2025-06-03 04:00:00+00:00,continuous,105448.8,105475.4,105255.0,105310.6,137746702.46979982
2025-06-03 04:29:59.144000+00:00,2025-06-03 04:15:00+00:00,continuous,105310.6,105344.6,105251.6,105262.9,97342357.0137998
2025-06-03 04:44:59.940000+00:00,2025-06-03 04:30:00+00:00,continuous,105262.8,105298.1,105127.4,105212.3,129250140.18070059
2025-06-03 04:59:59.911000+00:00,2025-06-03 04:45:00+00:00,continuous,105212.4,105218.5,105062.5,105134.9,121708751.56249996
2025-06-03 05:14:59.692000+00:00,2025-06-03 05:00:00+00:00,continuous,105135.0,105353.2,105134.9,105312.4,108601092.83570015
2025-06-03 05:29:59.750000+00:00,2025-06-03 05:15:00+00:00,continuous,105312.4,105328.5,105218.1,105224.7,60008614.769799754
2025-06-03 05:44:58.955000+00:00,2025-06-03 05:30:00+00:00,continuous,105224.8,105396.7,105189.9,105272.3,104489427.15420014
2025-06-03 05:59:59.764000+00:00,2025-06-03 05:45:00+00:00,continuous,105272.2,105420.0,105209.0,105407.9,101763094.9261002
2025-06-03 06:14:59.970000+00:00,2025-06-03 06:00:00+00:00,continuous,105408.0,105419.3,105313.1,105313.1,83275561.9188998
2025-06-03 06:29:59.957000+00:00,2025-06-03 06:15:00+00:00,continuous,105313.1,105349.3,105192.2,105209.9,58860622.47299998
2025-06-03 06:44:59.663000+00:00,2025-06-03 06:30:00+00:00,continuous,105210.0,105249.5,105161.2,105204.2,64704797.37380019
2025-06-03 06:59:59.842000+00:00,2025-06-03 06:45:00+00:00,continuous,105204.2,105390.0,105204.2,105368.3,60202382.23499994
2025-06-03 07:14:59.493000+00:00,2025-06-03 07:00:00+00:00,continuous,105368.4,105390.1,105325.2,105329.4,67159735.75170027
2025-06-03 07:29:59.741000+00:00,2025-06-03 07:15:00+00:00,continuous,105329.5,105358.0,105152.0,105162.8,71840521.25580019
2025-06-03 07:44:59.469000+00:00,2025-06-03 07:30:00+00:00,continuous,105162.7,105231.1,105160.6,105192.2,44962694.86520003
2025-06-03 07:59:59.969000+00:00,2025-06-03 07:45:00+00:00,continuous,105192.2,105219.1,105108.1,105134.4,51925376.65899986
2025-06-03 08:14:59.992000+00:00,2025-06-03 08:00:00+00:00,continuous,105134.4,105207.1,104945.3,104985.6,177812329.23110017
2025-06-03 08:29:59.909000+00:00,2025-06-03 08:15:00+00:00,continuous,104985.6,104985.7,104870.0,104880.1,128512671.44750024
2025-06-03 08:44:59.908000+00:00,2025-06-03 08:30:00+00:00,continuous,104880.0,104932.8,104822.4,104892.0,96456756.15300053
2025-06-03 08:59:59.626000+00:00,2025-06-03 08:45:00+00:00,continuous,104892.0,105045.9,104861.2,105040.0,85531592.11720031
2025-06-03 09:14:58.397000+00:00,2025-06-03 09:00:00+00:00,continuous,105040.0,105108.0,105036.1,105096.6,80168864.70720048
2025-06-03 09:29:59.804000+00:00,2025-06-03 09:15:00+00:00,continuous,105096.6,105109.8,105011.0,105016.3,54695999.494700015
2025-06-03 09:44:59.643000+00:00,2025-06-03 09:30:00+00:00,continuous,105016.4,105233.1,105016.3,105210.1,144115269.66489938
2025-06-03 09:59:59.826000+00:00,2025-06-03 09:45:00+00:00,continuous,105210.0,105211.0,105142.2,105142.3,57518742.525900096
2025-06-03 10:14:59.906000+00:00,2025-06-03 10:00:00+00:00,continuous,105142.2,105256.3,105091.6,105256.3,85596490.7406993
2025-06-03 10:29:59.909000+00:00,2025-06-03 10:15:00+00:00,continuous,105256.3,105256.3,105184.2,105234.3,50807053.33240005
2025-06-03 10:44:59.762000+00:00,2025-06-03 10:30:00+00:00,continuous,105234.3,105302.7,105229.2,105251.2,78038534.41360031
2025-06-03 10:59:59.182000+00:00,2025-06-03 10:45:00+00:00,continuous,105251.2,105272.5,105174.8,105231.3,56696770.37700003
2025-06-03 11:14:59.834000+00:00,2025-06-03 11:00:00+00:00,continuous,105231.3,105305.2,105231.3,105275.8,55201145.98140008
2025-06-03 11:29:59.948000+00:00,2025-06-03 11:15:00+00:00,continuous,105275.8,105275.9,105154.8,105184.7,47595793.88550026
2025-06-03 11:44:59.273000+00:00,2025-06-03 11:30:00+00:00,continuous,105184.6,105184.7,105121.0,105168.0,35851224.24390004
2025-06-03 11:59:59.668000+00:00,2025-06-03 11:45:00+00:00,continuous,105167.9,105273.9,105153.9,105240.1,57019905.47539992
2025-06-03 12:14:59.903000+00:00,2025-06-03 12:00:00+00:00,continuous,105240.1,105332.9,105179.2,105325.9,100774609.84709977
2025-06-03 12:29:59.635000+00:00,2025-06-03 12:15:00+00:00,continuous,105325.8,105408.7,105253.6,105321.3,108302832.04420058
2025-06-03 12:44:59.732000+00:00,2025-06-03 12:30:00+00:00,continuous,105321.3,105340.0,105212.5,105226.8,57919695.51790008
2025-06-03 12:59:59.574000+00:00,2025-06-03 12:45:00+00:00,continuous,105226.8,105295.2,105226.8,105259.0,32829149.20379994
2025-06-03 13:14:59.652000+00:00,2025-06-03 13:00:00+00:00,continuous,105259.0,105387.8,105259.0,105350.7,85577626.47720021
2025-06-03 13:29:59.641000+00:00,2025-06-03 13:15:00+00:00,continuous,105350.7,105417.1,105337.0,105385.0,77499835.26919983
2025-06-03 13:44:59.986000+00:00,2025-06-03 13:30:00+00:00,continuous,105384.9,105646.1,104969.4,105542.5,436635895.98779887
2025-06-03 13:59:59.974000+00:00,2025-06-03 13:45:00+00:00,continuous,105542.6,105579.1,105188.0,105370.5,237678006.96479973
2025-06-03 14:14:59.727000+00:00,2025-06-03 14:00:00+00:00,continuous,105370.4,105511.5,105092.0,105156.8,240429150.49509916
2025-06-03 14:29:59.900000+00:00,2025-06-03 14:15:00+00:00,continuous,105156.7,105754.3,105146.8,105739.5,314068038.8126009
2025-06-03 14:44:59.983000+00:00,2025-06-03 14:30:00+00:00,continuous,105739.5,106300.0,105733.9,106299.9,522265504.2106006
2025-06-03 14:59:59.896000+00:00,2025-06-03 14:45:00+00:00,continuous,106300.0,106666.0,106080.7,106495.1,898555755.5620002
2025-06-03 15:14:59.853000+00:00,2025-06-03 15:00:00+00:00,continuous,106495.0,106662.5,106273.7,106392.0,468482781.2527001
2025-06-03 15:29:59.981000+00:00,2025-06-03 15:15:00+00:00,continuous,106392.0,106775.0,106379.7,106664.3,366379281.52340305
2025-06-03 15:44:59.829000+00:00,2025-06-03 15:30:00+00:00,continuous,106664.2,106698.5,106500.0,106615.6,235743498.52249894
2025-06-03 15:59:59.844000+00:00,2025-06-03 15:45:00+00:00,continuous,106615.6,106634.7,106306.7,106556.1,293930671.8736987
2025-06-03 16:14:59.888000+00:00,2025-06-03 16:00:00+00:00,continuous,106556.1,106619.6,106311.0,106405.3,237284474.26080012
2025-06-03 16:29:59.997000+00:00,2025-06-03 16:15:00+00:00,continuous,106405.3,106500.0,106170.5,106200.0,175099547.12260002
2025-06-03 16:44:59.991000+00:00,2025-06-03 16:30:00+00:00,continuous,106199.9,106394.2,106093.0,106116.4,148713669.4092009
2025-06-03 16:59:59.976000+00:00,2025-06-03 16:45:00+00:00,continuous,106116.3,106149.8,105715.0,105760.8,397473080.2613989
2025-06-03 17:14:59.909000+00:00,2025-06-03 17:00:00+00:00,continuous,105760.9,105988.2,105678.4,105883.6,179046548.79280087
2025-06-03 17:29:59.842000+00:00,2025-06-03 17:15:00+00:00,continuous,105883.6,106095.4,105860.0,105976.6,156187084.34979865
2025-06-03 17:44:58.917000+00:00,2025-06-03 17:30:00+00:00,continuous,105976.6,105994.6,105793.0,105804.4,132871366.39749892
2025-06-03 17:59:59.840000+00:00,2025-06-03 17:45:00+00:00,continuous,105804.4,105890.0,105770.0,105890.0,83699407.3796001
2025-06-03 18:14:59.964000+00:00,2025-06-03 18:00:00+00:00,continuous,105889.9,105890.0,105526.2,105601.2,187161942.93449968
2025-06-03 18:29:59.595000+00:00,2025-06-03 18:15:00+00:00,continuous,105601.1,105749.0,105531.5,105689.8,100683726.83900076
2025-06-03 18:44:59.722000+00:00,2025-06-03 18:30:00+00:00,continuous,105689.8,105996.0,105630.0,105960.0,158198062.7720988
2025-06-03 18:59:58.721000+00:00,2025-06-03 18:45:00+00:00,continuous,105960.1,105969.9,105839.3,105959.9,78535786.34120035
2025-06-03 19:14:59.601000+00:00,2025-06-03 19:00:00+00:00,continuous,105959.9,106084.0,105959.9,106034.5,112288454.16890001
2025-06-03 19:29:59.776000+00:00,2025-06-03 19:15:00+00:00,continuous,106034.4,106350.0,106034.4,106290.2,176209202.7754004
2025-06-03 19:44:59.737000+00:00,2025-06-03 19:30:00+00:00,continuous,106290.2,106385.0,106192.8,106249.6,152326277.06320015
2025-06-03 19:59:59.749000+00:00,2025-06-03 19:45:00+00:00,continuous,106249.6,106298.3,106035.9,106171.8,179276222.7438001
2025-06-03 20:14:59.404000+00:00,2025-06-03 20:00:00+00:00,continuous,106179.7,106208.0,105908.9,105952.0,117434543.60999952
2025-06-03 20:29:59.985000+00:00,2025-06-03 20:15:00+00:00,continuous,105952.1,105952.1,105565.3,105571.3,144659433.8015996
2025-06-03 20:44:59.994000+00:00,2025-06-03 20:30:00+00:00,continuous,105571.3,105849.0,105300.1,105755.3,275850621.3101014
2025-06-03 20:59:59.468000+00:00,2025-06-03 20:45:00+00:00,continuous,105755.4,105856.2,105640.2,105692.1,83469555.8170995
2025-06-03 21:14:59.697000+00:00,2025-06-03 21:00:00+00:00,continuous,105692.1,105799.2,105567.8,105575.0,94783791.9560003
2025-06-03 21:29:59.736000+00:00,2025-06-03 21:15:00+00:00,continuous,105574.9,105586.6,105322.0,105586.6,138419243.50129944
2025-06-03 21:44:59.996000+00:00,2025-06-03 21:30:00+00:00,continuous,105586.6,105663.7,105449.5,105462.8,79498053.09589942
2025-06-03 21:59:59.895000+00:00,2025-06-03 21:45:00+00:00,continuous,105462.9,105564.9,105200.4,105312.0,131359906.76600023
2025-06-03 22:14:59.672000+00:00,2025-06-03 22:00:00+00:00,continuous,105311.9,105666.1,105250.0,105660.9,141220035.90939942
2025-06-03 22:29:59.428000+00:00,2025-06-03 22:15:00+00:00,continuous,105660.9,105784.1,105624.0,105755.0,83518616.0075997
2025-06-03 22:44:59.321000+00:00,2025-06-03 22:30:00+00:00,continuous,105755.0,105829.6,105702.0,105828.2,60502647.1311998
2025-06-03 22:59:59.194000+00:00,2025-06-03 22:45:00+00:00,continuous,105828.3,105842.2,105660.8,105686.5,78436088.88419954
2025-06-03 23:14:59.897000+00:00,2025-06-03 23:00:00+00:00,continuous,105686.6,105686.6,105572.3,105632.2,60084006.486700036
2025-06-03 23:29:59.897000+00:00,2025-06-03 23:15:00+00:00,continuous,105632.1,105632.1,105424.0,105424.0,76003129.57310021
2025-06-03 23:44:59.595000+00:00,2025-06-03 23:30:00+00:00,continuous,105424.0,105486.7,105251.0,105255.6,125306472.72129968
2025-06-03 23:59:59.860000+00:00,2025-06-03 23:45:00+00:00,continuous,105255.5,105401.9,105220.0,105330.1,143475503.3237012
2025-06-04 00:14:59.209000+00:00,2025-06-04 00:00:00+00:00,continuous,105330.1,105483.8,105274.8,105336.4,137120764.1974001
2025-06-04 00:29:59.900000+00:00,2025-06-04 00:15:00+00:00,continuous,105336.4,105470.8,105236.3,105236.3,91998579.43260017
2025-06-04 00:44:59.952000+00:00,2025-06-04 00:30:00+00:00,continuous,105236.4,105284.0,105072.0,105189.1,205782805.85010016
2025-06-04 00:59:59.892000+00:00,2025-06-04 00:45:00+00:00,continuous,105189.1,105428.9,105174.2,105428.0,120685323.80230072
2025-06-04 01:14:59.984000+00:00,2025-06-04 01:00:00+00:00,continuous,105428.0,105612.0,105410.3,105579.9,128384594.21769974
2025-06-04 01:29:59.498000+00:00,2025-06-04 01:15:00+00:00,continuous,105580.0,105683.6,105470.2,105628.2,101246691.51300019
2025-06-04 01:44:59.596000+00:00,2025-06-04 01:30:00+00:00,continuous,105628.2,105628.3,105428.2,105529.8,63332295.975700095
2025-06-04 01:59:59.974000+00:00,2025-06-04 01:45:00+00:00,continuous,105529.7,105591.3,105353.2,105524.8,60792956.117299885
2025-06-04 02:14:59.606000+00:00,2025-06-04 02:00:00+00:00,continuous,105524.8,105800.0,105524.8,105720.0,176305821.3174003
2025-06-04 02:29:59.204000+00:00,2025-06-04 02:15:00+00:00,continuous,105719.9,105787.6,105550.5,105588.5,136055542.230601
2025-06-04 02:44:59.886000+00:00,2025-06-04 02:30:00+00:00,continuous,105588.5,105625.0,105400.0,105451.4,68377697.84980018
2025-06-04 02:59:59.602000+00:00,2025-06-04 02:45:00+00:00,continuous,105451.4,105503.9,105364.8,105432.3,48617497.67680012
2025-06-04 03:14:59.987000+00:00,2025-06-04 03:00:00+00:00,continuous,105432.2,105660.8,105390.0,105582.0,88222837.44049983
2025-06-04 03:29:59.314000+00:00,2025-06-04 03:15:00+00:00,continuous,105582.0,105710.1,105570.0,105570.0,85213979.92059967
2025-06-04 03:44:59.828000+00:00,2025-06-04 03:30:00+00:00,continuous,105570.0,105664.4,105532.5,105555.1,44488546.67530012
2025-06-04 03:59:59.972000+00:00,2025-06-04 03:45:00+00:00,continuous,105555.0,105582.0,105470.8,105474.9,41918544.23849984
2025-06-04 04:14:59.835000+00:00,2025-06-04 04:00:00+00:00,continuous,105474.8,105535.2,105445.8,105482.6,47406287.705099665
2025-06-04 04:29:59.937000+00:00,2025-06-04 04:15:00+00:00,continuous,105482.5,105566.4,105436.5,105527.2,53145745.05439985
2025-06-04 04:44:59.938000+00:00,2025-06-04 04:30:00+00:00,continuous,105527.1,105542.6,105367.5,105409.9,93223189.2650998
2025-06-04 04:59:59.882000+00:00,2025-06-04 04:45:00+00:00,continuous,105409.9,105413.8,105351.0,105369.3,50163487.04939984
2025-06-04 05:14:59.846000+00:00,2025-06-04 05:00:00+00:00,continuous,105369.4,105437.8,105315.4,105436.9,79495608.22029977
2025-06-04 05:29:59.985000+00:00,2025-06-04 05:15:00+00:00,continuous,105436.8,105480.1,105290.2,105296.1,103808165.42179963
2025-06-04 05:44:59.906000+00:00,2025-06-04 05:30:00+00:00,continuous,105296.2,105342.8,105296.1,105322.6,92359403.85780016
2025-06-04 05:59:59.056000+00:00,2025-06-04 05:45:00+00:00,continuous,105322.5,105406.8,105299.6,105307.3,62755522.77299971
2025-06-04 06:14:59.821000+00:00,2025-06-04 06:00:00+00:00,continuous,105307.3,105391.5,105217.6,105267.7,79006034.06839988
2025-06-04 06:29:59.489000+00:00,2025-06-04 06:15:00+00:00,continuous,105267.4,105282.4,105202.8,105259.9,57025014.35140022
2025-06-04 06:44:59.775000+00:00,2025-06-04 06:30:00+00:00,continuous,105260.0,105369.6,105200.0,105330.3,63252370.06470026
2025-06-04 06:59:59.869000+00:00,2025-06-04 06:45:00+00:00,continuous,105330.3,105365.0,105239.9,105249.8,49934204.146800295
2025-06-04 07:14:59.880000+00:00,2025-06-04 07:00:00+00:00,continuous,105249.9,105318.2,105244.2,105254.5,45115036.149900004
2025-06-04 07:29:59.232000+00:00,2025-06-04 07:15:00+00:00,continuous,105254.6,105310.6,105208.9,105238.7,59017115.04449996
2025-06-04 07:44:59.816000+00:00,2025-06-04 07:30:00+00:00,continuous,105238.6,105302.3,105224.4,105264.0,51386651.45270018
2025-06-04 07:59:59.898000+00:00,2025-06-04 07:45:00+00:00,continuous,105263.9,105427.1,105260.1,105260.2,62858571.66069958
2025-06-04 08:14:59.573000+00:00,2025-06-04 08:00:00+00:00,continuous,105260.1,105366.0,105260.1,105334.6,91106007.4365003
2025-06-04 08:29:59.792000+00:00,2025-06-04 08:15:00+00:00,continuous,105334.7,105560.0,105293.7,105479.1,124431652.16410005
2025-06-04 08:44:59.432000+00:00,2025-06-04 08:30:00+00:00,continuous,105479.0,105479.1,105396.0,105400.0,47403633.142599985
2025-06-04 08:59:59.452000+00:00,2025-06-04 08:45:00+00:00,continuous,105400.0,105450.0,105388.6,105391.8,30205551.135799985
2025-06-04 09:14:59.128000+00:00,2025-06-04 09:00:00+00:00,continuous,105391.7,105446.3,105307.4,105332.1,80560172.13829991
2025-06-04 09:29:59.786000+00:00,2025-06-04 09:15:00+00:00,continuous,105332.1,105383.3,105279.3,105371.6,46978917.74319982
2025-06-04 09:44:59.629000+00:00,2025-06-04 09:30:00+00:00,continuous,105371.7,105620.0,105316.6,105619.9,107881096.92110035
2025-06-04 09:59:59.695000+00:00,2025-06-04 09:45:00+00:00,continuous,105620.0,105869.7,105619.9,105783.4,289152406.22100073
2025-06-04 10:14:59.865000+00:00,2025-06-04 10:00:00+00:00,continuous,105783.5,105967.2,105720.6,105902.3,203199441.50819883
2025-06-04 10:29:59.938000+00:00,2025-06-04 10:15:00+00:00,continuous,105902.3,105925.1,105683.0,105683.0,141572643.9067997
2025-06-04 10:44:59.940000+00:00,2025-06-04 10:30:00+00:00,continuous,105683.0,105713.3,105625.0,105706.6,77132871.48639995
2025-06-04 10:59:59.762000+00:00,2025-06-04 10:45:00+00:00,continuous,105706.5,105715.0,105603.3,105650.4,52503815.2065
2025-06-04 11:14:59.721000+00:00,2025-06-04 11:00:00+00:00,continuous,105650.3,105756.2,105580.9,105593.8,144129439.2719004
2025-06-04 11:29:59.917000+00:00,2025-06-04 11:15:00+00:00,continuous,105593.8,105618.1,105336.5,105385.0,269144586.13509923
2025-06-04 11:44:59.931000+00:00,2025-06-04 11:30:00+00:00,continuous,105384.9,105400.0,105111.7,105181.7,354880075.1981018
2025-06-04 11:59:59.963000+00:00,2025-06-04 11:45:00+00:00,continuous,105181.8,105258.7,105039.1,105044.1,284555209.21800137
2025-06-04 12:14:59.995000+00:00,2025-06-04 12:00:00+00:00,continuous,105044.2,105119.6,104922.0,105105.6,278683429.62469864
2025-06-04 12:29:59.968000+00:00,2025-06-04 12:15:00+00:00,continuous,105105.6,105105.7,104864.8,104910.0,215165284.63559946
2025-06-04 12:44:59.712000+00:00,2025-06-04 12:30:00+00:00,continuous,104910.1,104961.8,104718.2,104915.4,312340627.92459905
2025-06-04 12:59:59.685000+00:00,2025-06-04 12:45:00+00:00,continuous,104915.4,105025.6,104900.0,104988.1,131107998.2066005
2025-06-04 13:14:59.939000+00:00,2025-06-04 13:00:00+00:00,continuous,104988.1,104988.1,104850.0,104862.0,122657655.17449984
2025-06-04 13:29:59.825000+00:00,2025-06-04 13:15:00+00:00,continuous,104862.1,105154.9,104828.1,104913.3,182135143.37969962
2025-06-04 13:44:59.973000+00:00,2025-06-04 13:30:00+00:00,continuous,104913.3,105228.6,104877.0,104957.8,219322373.59410027
2025-06-04 13:59:59.964000+00:00,2025-06-04 13:45:00+00:00,continuous,104957.8,105132.7,104620.0,104702.6,367731649.3873994
2025-06-04 14:14:59.835000+00:00,2025-06-04 14:00:00+00:00,continuous,104702.5,104702.5,104111.7,104449.8,843595524.5202912
2025-06-04 14:29:59.967000+00:00,2025-06-04 14:15:00+00:00,continuous,104449.9,104644.4,104388.9,104616.0,366431672.9768989
2025-06-04 14:44:59.980000+00:00,2025-06-04 14:30:00+00:00,continuous,104616.0,104728.5,104531.6,104683.0,183021622.4362986
2025-06-04 14:59:59.806000+00:00,2025-06-04 14:45:00+00:00,continuous,104683.0,104986.2,104595.7,104968.9,217723651.52920106
2025-06-04 15:14:59.909000+00:00,2025-06-04 15:00:00+00:00,continuous,104969.0,105123.7,104869.8,105031.9,258847483.92339966
2025-06-04 15:29:59.792000+00:00,2025-06-04 15:15:00+00:00,continuous,105031.9,105447.0,105031.8,105357.1,437410713.4749976
2025-06-04 15:44:59.924000+00:00,2025-06-04 15:30:00+00:00,continuous,105357.0,105510.2,105274.2,105384.0,263409663.33839926
2025-06-04 15:59:59.921000+00:00,2025-06-04 15:45:00+00:00,continuous,105384.0,105454.0,105200.0,105254.7,217925030.3280004
2025-06-04 16:14:59.978000+00:00,2025-06-04 16:00:00+00:00,continuous,105254.7,105340.0,105200.0,105200.0,142242516.14370054
2025-06-04 16:29:59.645000+00:00,2025-06-04 16:15:00+00:00,continuous,105200.0,105331.8,105082.9,105082.9,197079123.109701
2025-06-04 16:44:59.187000+00:00,2025-06-04 16:30:00+00:00,continuous,105082.9,105277.3,105041.0,105216.9,100539490.23220044
2025-06-04 16:59:59.889000+00:00,2025-06-04 16:45:00+00:00,continuous,105216.9,105423.0,105210.8,105408.8,79683746.27170014
2025-06-04 17:14:58.976000+00:00,2025-06-04 17:00:00+00:00,continuous,105408.8,105437.8,105257.8,105350.0,92572139.90370005
2025-06-04 17:29:59.684000+00:00,2025-06-04 17:15:00+00:00,continuous,105350.0,105363.5,105156.0,105166.5,79063525.93019983
2025-06-04 17:44:59.691000+00:00,2025-06-04 17:30:00+00:00,continuous,105166.5,105240.0,105050.0,105080.1,124352960.31239963
2025-06-04 17:59:59.002000+00:00,2025-06-04 17:45:00+00:00,continuous,105080.1,105111.0,104900.0,105000.7,118955618.86099963
2025-06-04 18:14:59.370000+00:00,2025-06-04 18:00:00+00:00,continuous,105000.7,105251.6,105000.7,105078.5,95090463.97169997
2025-06-04 18:29:59.186000+00:00,2025-06-04 18:15:00+00:00,continuous,105078.4,105218.4,105066.0,105111.9,50460459.46699998
2025-06-04 18:44:59.989000+00:00,2025-06-04 18:30:00+00:00,continuous,105111.9,105163.0,105037.7,105072.2,44450961.88329988
2025-06-04 18:59:59.897000+00:00,2025-06-04 18:45:00+00:00,continuous,105072.3,105085.1,104877.8,104905.8,66514846.39139979
2025-06-04 19:14:59.903000+00:00,2025-06-04 19:00:00+00:00,continuous,104905.8,105011.8,104830.0,104851.5,77545479.29880014
2025-06-04 19:29:59.325000+00:00,2025-06-04 19:15:00+00:00,continuous,104851.6,104989.3,104824.0,104844.0,63466969.36230002
2025-06-04 19:44:59.636000+00:00,2025-06-04 19:30:00+00:00,continuous,104844.0,105032.9,104830.0,105029.3,67450671.54110008
2025-06-04 19:59:59.933000+00:00,2025-06-04 19:45:00+00:00,continuous,105029.2,105043.2,104865.7,104870.4,78001087.76080012
2025-06-04 20:14:59.565000+00:00,2025-06-04 20:00:00+00:00,continuous,104870.4,104915.2,104693.7,104703.6,129543703.48620033
2025-06-04 20:29:59.729000+00:00,2025-06-04 20:15:00+00:00,continuous,104703.7,104708.7,104350.0,104628.4,320674328.7329008
2025-06-04 20:44:59.133000+00:00,2025-06-04 20:30:00+00:00,continuous,104628.4,104715.6,104521.4,104704.8,74461290.96399947
2025-06-04 20:59:59.195000+00:00,2025-06-04 20:45:00+00:00,continuous,104704.8,104704.8,104482.5,104558.9,98987165.8768997
2025-06-04 21:14:59.637000+00:00,2025-06-04 21:00:00+00:00,continuous,104558.9,104715.6,104490.5,104712.1,64974289.894800134
2025-06-04 21:29:59.978000+00:00,2025-06-04 21:15:00+00:00,continuous,104712.1,104712.1,104531.7,104633.9,43989147.72650012
2025-06-04 21:44:59.914000+00:00,2025-06-04 21:30:00+00:00,continuous,104633.9,104964.0,104633.9,104829.8,119511596.93219976
2025-06-04 21:59:59.534000+00:00,2025-06-04 21:45:00+00:00,continuous,104829.8,105006.3,104822.4,104866.3,109284862.90150034
2025-06-04 22:14:59.384000+00:00,2025-06-04 22:00:00+00:00,continuous,104866.4,104900.5,104710.8,104869.8,61147067.139200225
2025-06-04 22:29:59.977000+00:00,2025-06-04 22:15:00+00:00,continuous,104869.8,104980.5,104733.1,104746.1,51411548.077900074
2025-06-04 22:44:59.155000+00:00,2025-06-04 22:30:00+00:00,continuous,104746.0,104855.0,104700.0,104817.5,46514774.279199965
2025-06-04 22:59:59.582000+00:00,2025-06-04 22:45:00+00:00,continuous,104817.5,104817.6,104681.0,104727.5,44340552.85929993
2025-06-04 23:14:59.885000+00:00,2025-06-04 23:00:00+00:00,continuous,104727.5,104819.4,104643.2,104695.6,56564865.32420006
2025-06-04 23:29:59.896000+00:00,2025-06-04 23:15:00+00:00,continuous,104695.6,104741.4,104568.0,104613.2,57119659.93899988
2025-06-04 23:44:59.806000+00:00,2025-06-04 23:30:00+00:00,continuous,104613.1,104735.9,104568.0,104694.3,50543679.2935001
2025-06-04 23:59:58.843000+00:00,2025-06-04 23:45:00+00:00,continuous,104694.4,104735.4,104607.5,104641.8,42180629.94210008
2025-06-05 00:14:59.674000+00:00,2025-06-05 00:00:00+00:00,continuous,104641.8,104748.8,104629.4,104718.3,61238574.06029969
2025-06-05 00:29:59.735000+00:00,2025-06-05 00:15:00+00:00,continuous,104718.2,104795.1,104594.8,104737.8,58724324.93370009
2025-06-05 00:44:59.732000+00:00,2025-06-05 00:30:00+00:00,continuous,104737.8,104917.6,104737.8,104887.0,112650745.20850028
2025-06-05 00:59:59.686000+00:00,2025-06-05 00:45:00+00:00,continuous,104887.0,104940.0,104778.1,104939.0,104507128.01529999
2025-06-05 01:14:59.533000+00:00,2025-06-05 01:00:00+00:00,continuous,104939.0,105048.0,104917.0,105029.1,133717626.26590012
2025-06-05 01:29:59.879000+00:00,2025-06-05 01:15:00+00:00,continuous,105029.0,105132.1,104870.9,104942.0,132459460.9904
2025-06-05 01:44:59.817000+00:00,2025-06-05 01:30:00+00:00,continuous,104941.9,104943.3,104759.4,104818.6,62316234.19029966
2025-06-05 01:59:59.422000+00:00,2025-06-05 01:45:00+00:00,continuous,104818.6,104818.6,104642.8,104732.9,72119446.40450028
2025-06-05 02:14:59.794000+00:00,2025-06-05 02:00:00+00:00,continuous,104733.0,104962.2,104728.7,104928.5,65495205.668199904
2025-06-05 02:29:58.256000+00:00,2025-06-05 02:15:00+00:00,continuous,104928.5,104936.2,104785.1,104855.6,44477268.05569988
2025-06-05 02:44:59.720000+00:00,2025-06-05 02:30:00+00:00,continuous,104855.5,105225.6,104855.5,105114.7,143201585.81679997
2025-06-05 02:59:59.972000+00:00,2025-06-05 02:45:00+00:00,continuous,105114.7,105174.9,104951.1,104951.2,87652994.11019991
2025-06-05 03:14:58.978000+00:00,2025-06-05 03:00:00+00:00,continuous,104951.1,105000.0,104889.0,104960.3,59615255.068399586
2025-06-05 03:29:58.373000+00:00,2025-06-05 03:15:00+00:00,continuous,104960.2,104985.0,104827.9,104870.0,38414930.24609999
2025-06-05 03:44:59.746000+00:00,2025-06-05 03:30:00+00:00,continuous,104869.9,104940.2,104839.1,104921.8,34005438.21370003
2025-06-05 03:59:59.909000+00:00,2025-06-05 03:45:00+00:00,continuous,104921.9,105033.0,104893.2,104991.4,33327691.740799997
2025-06-05 04:14:59.841000+00:00,2025-06-05 04:00:00+00:00,continuous,104991.5,105081.2,104988.0,105070.0,45386756.42469982
2025-06-05 04:29:59.438000+00:00,2025-06-05 04:15:00+00:00,continuous,105070.0,105153.9,105061.3,105086.8,51154229.10299993
2025-06-05 04:44:59.075000+00:00,2025-06-05 04:30:00+00:00,continuous,105086.8,105153.1,105041.1,105131.6,44607493.18320006
2025-06-05 04:59:59.399000+00:00,2025-06-05 04:45:00+00:00,continuous,105131.6,105183.0,105115.2,105134.5,45152391.78569973
2025-06-05 05:14:59.942000+00:00,2025-06-05 05:00:00+00:00,continuous,105134.6,105145.0,105005.4,105005.6,67167618.83059996
2025-06-05 05:29:59.816000+00:00,2025-06-05 05:15:00+00:00,continuous,105005.7,105050.0,104853.9,104863.0,125262103.27649961
2025-06-05 05:44:59.714000+00:00,2025-06-05 05:30:00+00:00,continuous,104863.0,104877.9,104662.7,104675.2,218080178.9512005
2025-06-05 05:59:59.895000+00:00,2025-06-05 05:45:00+00:00,continuous,104675.2,104675.2,104529.3,104600.3,194774083.73199838
2025-06-05 06:14:59.948000+00:00,2025-06-05 06:00:00+00:00,continuous,104600.4,104650.0,104487.7,104554.4,99245164.84779957
2025-06-05 06:29:59.646000+00:00,2025-06-05 06:15:00+00:00,continuous,104554.5,104651.2,104461.6,104640.0,112685317.5871003
2025-06-05 06:44:59.727000+00:00,2025-06-05 06:30:00+00:00,continuous,104640.0,104640.0,104333.0,104359.0,158088586.25939968
2025-06-05 06:59:59.916000+00:00,2025-06-05 06:45:00+00:00,continuous,104359.1,104501.4,104321.2,104408.5,133033341.4544998
2025-06-05 07:14:59.551000+00:00,2025-06-05 07:00:00+00:00,continuous,104408.6,104533.1,104364.1,104500.0,95751213.89680026
2025-06-05 07:29:59.629000+00:00,2025-06-05 07:15:00+00:00,continuous,104500.0,104576.4,104500.0,104551.4,91806455.76960014
2025-06-05 07:44:59.691000+00:00,2025-06-05 07:30:00+00:00,continuous,104551.4,104563.3,104428.6,104491.7,66766166.963799946
2025-06-05 07:59:59.129000+00:00,2025-06-05 07:45:00+00:00,continuous,104491.7,104491.8,104393.2,104473.0,71656311.63259964
2025-06-05 08:14:58.994000+00:00,2025-06-05 08:00:00+00:00,continuous,104473.1,104610.6,104473.1,104526.3,86743269.92720002
2025-06-05 08:29:59.467000+00:00,2025-06-05 08:15:00+00:00,continuous,104526.4,104609.9,104373.0,104576.9,77515187.55579954
2025-06-05 08:44:59.854000+00:00,2025-06-05 08:30:00+00:00,continuous,104576.8,104588.0,104525.0,104560.3,40522442.675199844
2025-06-05 08:59:58.969000+00:00,2025-06-05 08:45:00+00:00,continuous,104560.4,104635.3,104544.9,104630.0,55465029.35279992
2025-06-05 09:14:59.824000+00:00,2025-06-05 09:00:00+00:00,continuous,104629.9,104744.3,104629.9,104694.8,71330736.57629962
2025-06-05 09:29:59.947000+00:00,2025-06-05 09:15:00+00:00,continuous,104694.8,104777.7,104694.7,104698.3,47931766.47469999
2025-06-05 09:44:59.895000+00:00,2025-06-05 09:30:00+00:00,continuous,104698.4,104764.2,104614.6,104764.1,44963999.73800022
2025-06-05 09:59:59.732000+00:00,2025-06-05 09:45:00+00:00,continuous,104764.1,104880.0,104764.1,104854.9,108290359.9334003
2025-06-05 10:14:59.917000+00:00,2025-06-05 10:00:00+00:00,continuous,104854.9,104855.0,104779.0,104779.0,59288043.987400174
2025-06-05 10:29:59.972000+00:00,2025-06-05 10:15:00+00:00,continuous,104779.0,104796.0,104652.9,104660.4,74141757.83330016
2025-06-05 10:44:59.837000+00:00,2025-06-05 10:30:00+00:00,continuous,104660.5,104694.2,104467.4,104525.0,137182882.02829996
2025-06-05 10:59:59.715000+00:00,2025-06-05 10:45:00+00:00,continuous,104525.0,104624.2,104463.1,104613.2,59324551.309900165
2025-06-05 11:14:59.623000+00:00,2025-06-05 11:00:00+00:00,continuous,104613.2,104650.0,104500.0,104547.3,48908017.53479986
2025-06-05 11:29:59.534000+00:00,2025-06-05 11:15:00+00:00,continuous,104547.4,104745.0,104530.9,104723.9,70853894.9823002
2025-06-05 11:44:59.115000+00:00,2025-06-05 11:30:00+00:00,continuous,104723.9,104807.1,104723.9,104755.6,55630573.300700106
2025-06-05 11:59:59.376000+00:00,2025-06-05 11:45:00+00:00,continuous,104755.6,104809.8,104755.6,104772.7,38643355.36490005
2025-06-05 12:14:59.948000+00:00,2025-06-05 12:00:00+00:00,continuous,104772.7,105143.4,104734.6,105061.1,297237790.60809964
2025-06-05 12:29:59.693000+00:00,2025-06-05 12:15:00+00:00,continuous,105061.2,105461.4,105050.0,105354.5,351586521.8279
2025-06-05 12:44:59.952000+00:00,2025-06-05 12:30:00+00:00,continuous,105354.5,105476.7,105258.1,105396.8,205692372.66770038
2025-06-05 12:59:59.999000+00:00,2025-06-05 12:45:00+00:00,continuous,105396.8,105744.7,105348.0,105600.7,436239839.60410184
2025-06-05 13:14:59.988000+00:00,2025-06-05 13:00:00+00:00,continuous,105600.8,105878.3,105600.7,105764.5,374536242.22880095
2025-06-05 13:29:59.929000+00:00,2025-06-05 13:15:00+00:00,continuous,105764.5,105806.5,105592.0,105646.9,324405284.62049854
2025-06-05 13:44:59.996000+00:00,2025-06-05 13:30:00+00:00,continuous,105647.0,105676.2,105250.0,105350.0,424584082.6027021
2025-06-05 13:59:59.979000+00:00,2025-06-05 13:45:00+00:00,continuous,105350.0,105355.3,104252.6,104475.3,1191376244.2497053
2025-06-05 14:14:59.956000+00:00,2025-06-05 14:00:00+00:00,continuous,104475.2,104506.3,104140.3,104223.8,587952712.7302977
2025-06-05 14:29:59.878000+00:00,2025-06-05 14:15:00+00:00,continuous,104223.7,104256.4,103825.0,104230.9,743283508.2736998
2025-06-05 14:44:59.706000+00:00,2025-06-05 14:30:00+00:00,continuous,104230.9,104619.2,103955.9,104550.0,612508017.8894986
2025-06-05 14:59:59.903000+00:00,2025-06-05 14:45:00+00:00,continuous,104550.0,104918.0,104255.0,104588.5,604159008.190596
2025-06-05 15:14:59.796000+00:00,2025-06-05 15:00:00+00:00,continuous,104588.4,104643.2,104267.3,104303.6,226740852.2234993
2025-06-05 15:29:59.965000+00:00,2025-06-05 15:15:00+00:00,continuous,104303.5,104821.7,104275.0,104796.8,497484536.6424005
2025-06-05 15:44:59.352000+00:00,2025-06-05 15:30:00+00:00,continuous,104796.7,104825.0,104631.6,104703.8,126106466.61409989
2025-06-05 15:59:59.979000+00:00,2025-06-05 15:45:00+00:00,continuous,104703.7,104743.6,104481.1,104490.5,184418103.51670122
2025-06-05 16:14:59.962000+00:00,2025-06-05 16:00:00+00:00,continuous,104490.5,104547.9,104325.5,104325.5,129945546.27770057
2025-06-05 16:29:59.941000+00:00,2025-06-05 16:15:00+00:00,continuous,104325.5,104331.3,103855.1,103980.5,650687241.0415066
2025-06-05 16:44:59.603000+00:00,2025-06-05 16:30:00+00:00,continuous,103980.6,104025.6,103631.5,103700.0,537444803.2490004
2025-06-05 16:59:59.997000+00:00,2025-06-05 16:45:00+00:00,continuous,103700.1,103873.7,103179.9,103208.8,737010451.6836003
2025-06-05 17:14:59.768000+00:00,2025-06-05 17:00:00+00:00,continuous,103208.9,103526.0,103080.1,103363.3,642928226.2569953
2025-06-05 17:29:59.617000+00:00,2025-06-05 17:15:00+00:00,continuous,103363.2,103541.5,103257.8,103400.8,262025640.05479887
2025-06-05 17:44:59.973000+00:00,2025-06-05 17:30:00+00:00,continuous,103400.8,103407.3,103221.1,103303.4,161306229.8150997
2025-06-05 17:59:59.965000+00:00,2025-06-05 17:45:00+00:00,continuous,103303.4,103303.5,103123.1,103201.0,201543531.63889924
2025-06-05 18:14:59.873000+00:00,2025-06-05 18:00:00+00:00,continuous,103200.9,103275.9,102550.0,102673.6,757543055.7761047
2025-06-05 18:29:59.924000+00:00,2025-06-05 18:15:00+00:00,continuous,102673.6,103227.9,102514.6,103227.9,445494299.7305997
2025-06-05 18:44:59.995000+00:00,2025-06-05 18:30:00+00:00,continuous,103227.9,103299.0,102742.0,102848.9,291282276.68750036
2025-06-05 18:59:59.856000+00:00,2025-06-05 18:45:00+00:00,continuous,102849.0,103127.2,102765.3,102949.9,171925381.61320034
2025-06-05 19:14:59.966000+00:00,2025-06-05 19:00:00+00:00,continuous,102949.9,102995.3,102556.2,102581.0,323634220.0353002
2025-06-05 19:29:59.972000+00:00,2025-06-05 19:15:00+00:00,continuous,102580.7,102638.9,101500.0,102162.4,1722497219.7007153
2025-06-05 19:44:59.983000+00:00,2025-06-05 19:30:00+00:00,continuous,102162.5,102445.7,102110.0,102161.6,473732259.833798
2025-06-05 19:59:59.965000+00:00,2025-06-05 19:45:00+00:00,continuous,102161.6,102169.7,101808.2,101872.9,347542147.13720065
2025-06-05 20:14:59.960000+00:00,2025-06-05 20:00:00+00:00,continuous,101873.0,102163.9,101311.1,101562.1,620154692.1416029
2025-06-05 20:29:59.975000+00:00,2025-06-05 20:15:00+00:00,continuous,101562.1,101592.0,100855.1,101405.8,934541834.7012963
2025-06-05 20:44:59.932000+00:00,2025-06-05 20:30:00+00:00,continuous,101405.8,101461.4,100700.0,100810.3,642863766.5136935
2025-06-05 20:59:59.991000+00:00,2025-06-05 20:45:00+00:00,continuous,100810.4,101175.3,100305.1,100428.8,945465379.6877953
2025-06-05 21:14:59.975000+00:00,2025-06-05 21:00:00+00:00,continuous,100428.9,101105.5,100370.3,100432.5,679710620.9176996
2025-06-05 21:29:59.869000+00:00,2025-06-05 21:15:00+00:00,continuous,100432.6,101081.5,100428.6,100939.4,415474160.40490186
2025-06-05 21:44:59.963000+00:00,2025-06-05 21:30:00+00:00,continuous,100939.4,101600.0,100898.1,101561.7,539401614.2346958
2025-06-05 21:59:59.929000+00:00,2025-06-05 21:45:00+00:00,continuous,101562.0,101599.9,101141.7,101488.2,305979130.87350106
2025-06-05 22:14:59.885000+00:00,2025-06-05 22:00:00+00:00,continuous,101488.1,101488.1,100972.5,101095.3,291108254.8205009
2025-06-05 22:29:59.791000+00:00,2025-06-05 22:15:00+00:00,continuous,101095.4,101326.4,101003.4,101279.2,165675569.37549955
2025-06-05 22:44:59.988000+00:00,2025-06-05 22:30:00+00:00,continuous,101279.2,101522.6,101239.2,101480.7,158077853.15410116
2025-06-05 22:59:59.874000+00:00,2025-06-05 22:45:00+00:00,continuous,101480.7,101650.8,101398.4,101448.4,181717120.89149925
2025-06-05 23:14:59.866000+00:00,2025-06-05 23:00:00+00:00,continuous,101448.4,101659.0,101444.0,101599.7,141948496.9550002
2025-06-05 23:29:59.818000+00:00,2025-06-05 23:15:00+00:00,continuous,101599.7,101775.9,101531.0,101727.9,192738427.10809892
2025-06-05 23:44:59.688000+00:00,2025-06-05 23:30:00+00:00,continuous,101728.0,101735.0,101448.2,101475.0,112587956.5883001
2025-06-05 23:59:59.787000+00:00,2025-06-05 23:45:00+00:00,continuous,101475.0,101588.0,101418.2,101458.6,112490702.36689995
2025-06-06 00:14:59.980000+00:00,2025-06-06 00:00:00+00:00,continuous,101458.7,101497.8,101244.0,101254.9,231410044.88609892
2025-06-06 00:29:59.835000+00:00,2025-06-06 00:15:00+00:00,continuous,101254.8,101432.3,101003.4,101423.7,307871807.5285004
2025-06-06 00:44:59.975000+00:00,2025-06-06 00:30:00+00:00,continuous,101423.7,101736.0,101422.1,101700.5,242217549.7831999
2025-06-06 00:59:59.984000+00:00,2025-06-06 00:45:00+00:00,continuous,101700.6,101854.7,101644.0,101842.0,189845026.10949928
2025-06-06 01:14:59.616000+00:00,2025-06-06 01:00:00+00:00,continuous,101842.0,101884.7,101755.0,101838.0,112333859.77029972
2025-06-06 01:29:59.220000+00:00,2025-06-06 01:15:00+00:00,continuous,101838.1,101898.8,101626.8,101777.8,124188265.1595004
2025-06-06 01:44:59.790000+00:00,2025-06-06 01:30:00+00:00,continuous,101777.7,101894.8,101703.0,101860.0,75992122.4613
2025-06-06 01:59:59.734000+00:00,2025-06-06 01:45:00+00:00,continuous,101860.0,101864.5,101630.0,101796.8,72704126.01040013
2025-06-06 02:14:59.965000+00:00,2025-06-06 02:00:00+00:00,continuous,101796.7,101805.0,101650.8,101704.8,88860181.41609958
2025-06-06 02:29:59.951000+00:00,2025-06-06 02:15:00+00:00,continuous,101704.9,101704.9,101480.0,101581.9,133864838.50989981
2025-06-06 02:44:59.618000+00:00,2025-06-06 02:30:00+00:00,continuous,101582.0,101850.0,101550.0,101850.0,115061456.59689997
2025-06-06 02:59:59.945000+00:00,2025-06-06 02:45:00+00:00,continuous,101849.9,102178.1,101796.1,102148.1,228848072.51980022
2025-06-06 03:14:59.838000+00:00,2025-06-06 03:00:00+00:00,continuous,102148.1,102171.2,102000.0,102085.7,136351069.71229997
2025-06-06 03:29:59.685000+00:00,2025-06-06 03:15:00+00:00,continuous,102085.7,102256.4,102080.1,102246.4,138331093.01269895
2025-06-06 03:44:59.933000+00:00,2025-06-06 03:30:00+00:00,continuous,102246.3,102424.9,102239.5,102406.3,162953508.53789943
2025-06-06 03:59:59.891000+00:00,2025-06-06 03:45:00+00:00,continuous,102406.3,102464.7,102400.8,102444.9,122111030.18040013
2025-06-06 04:14:59.893000+00:00,2025-06-06 04:00:00+00:00,continuous,102445.0,102465.0,102321.1,102464.9,185325617.06399947
2025-06-06 04:29:59.784000+00:00,2025-06-06 04:15:00+00:00,continuous,102464.8,102556.2,102338.5,102480.0,152504757.00120014
2025-06-06 04:44:59.854000+00:00,2025-06-06 04:30:00+00:00,continuous,102480.1,102700.0,102425.9,102678.8,176320490.38869917
2025-06-06 04:59:59.116000+00:00,2025-06-06 04:45:00+00:00,continuous,102678.8,102746.0,102660.0,102726.4,143881065.69150084
2025-06-06 05:14:59.827000+00:00,2025-06-06 05:00:00+00:00,continuous,102726.4,102851.9,102699.9,102843.8,157809751.6517999
2025-06-06 05:29:59.973000+00:00,2025-06-06 05:15:00+00:00,continuous,102843.8,102873.3,102620.0,102688.0,200084826.89979964
2025-06-06 05:44:59.490000+00:00,2025-06-06 05:30:00+00:00,continuous,102688.0,102833.0,102651.5,102832.9,86097784.31339994
2025-06-06 05:59:59.816000+00:00,2025-06-06 05:45:00+00:00,continuous,102832.9,102910.0,102764.9,102899.2,131026277.22819987
2025-06-06 06:14:59.893000+00:00,2025-06-06 06:00:00+00:00,continuous,102899.2,103193.0,102832.3,103145.6,421967017.69059896
2025-06-06 06:29:59.941000+00:00,2025-06-06 06:15:00+00:00,continuous,103145.6,103163.1,102856.5,103025.0,270301837.33610135
2025-06-06 06:44:59.755000+00:00,2025-06-06 06:30:00+00:00,continuous,103025.0,103165.8,102913.8,102953.6,170751760.66369954
2025-06-06 06:59:59.763000+00:00,2025-06-06 06:45:00+00:00,continuous,102953.6,103120.0,102953.6,103116.4,126377633.08699994
2025-06-06 07:14:59.986000+00:00,2025-06-06 07:00:00+00:00,continuous,103116.4,103193.7,103081.5,103161.6,150032523.8295991
2025-06-06 07:29:59.843000+00:00,2025-06-06 07:15:00+00:00,continuous,103161.7,103424.5,103086.0,103281.0,267221473.46930075
2025-06-06 07:44:59.873000+00:00,2025-06-06 07:30:00+00:00,continuous,103280.9,103280.9,102997.3,103097.2,211821520.21409976
2025-06-06 07:59:59.766000+00:00,2025-06-06 07:45:00+00:00,continuous,103097.2,103100.0,103039.3,103096.8,124724505.23850013
2025-06-06 08:14:59.055000+00:00,2025-06-06 08:00:00+00:00,continuous,103096.7,103310.8,103096.7,103304.3,146757655.07179907
2025-06-06 08:29:59.955000+00:00,2025-06-06 08:15:00+00:00,continuous,103304.3,103444.9,103280.1,103342.3,149459466.3204989
2025-06-06 08:44:59.944000+00:00,2025-06-06 08:30:00+00:00,continuous,103342.3,103476.0,103295.6,103474.0,173135914.72979978
2025-06-06 08:59:59.916000+00:00,2025-06-06 08:45:00+00:00,continuous,103474.0,103544.1,103431.3,103445.7,144141847.82799995
2025-06-06 09:14:59.821000+00:00,2025-06-06 09:00:00+00:00,continuous,103445.7,103549.9,103445.6,103546.9,112416807.52880019
2025-06-06 09:29:59.698000+00:00,2025-06-06 09:15:00+00:00,continuous,103547.0,103720.0,103496.6,103509.7,288025561.50890064
2025-06-06 09:44:59.583000+00:00,2025-06-06 09:30:00+00:00,continuous,103509.7,103684.8,103495.2,103640.7,180591934.10969943
2025-06-06 09:59:59.338000+00:00,2025-06-06 09:45:00+00:00,continuous,103640.8,103650.0,103532.1,103593.7,105216580.39790004
2025-06-06 10:14:59.890000+00:00,2025-06-06 10:00:00+00:00,continuous,103593.7,103744.4,103593.6,103722.9,102284985.80999981
2025-06-06 10:29:59.568000+00:00,2025-06-06 10:15:00+00:00,continuous,103722.9,103749.0,103642.3,103647.1,104947550.25140034
2025-06-06 10:44:59.987000+00:00,2025-06-06 10:30:00+00:00,continuous,103647.2,103655.0,103500.0,103600.9,197573077.2950004
2025-06-06 10:59:59.980000+00:00,2025-06-06 10:45:00+00:00,continuous,103600.9,103657.7,103566.5,103626.8,71070036.02670003
2025-06-06 11:14:59.902000+00:00,2025-06-06 11:00:00+00:00,continuous,103626.9,103744.1,103589.5,103744.0,126742628.17029962
2025-06-06 11:29:59.998000+00:00,2025-06-06 11:15:00+00:00,continuous,103744.0,103877.8,103714.8,103791.0,233905694.45049903
2025-06-06 11:44:59.904000+00:00,2025-06-06 11:30:00+00:00,continuous,103791.1,103824.2,103615.7,103808.8,211123188.2001994
2025-06-06 11:59:59.874000+00:00,2025-06-06 11:45:00+00:00,continuous,103808.8,103953.9,103781.7,103866.0,170261490.03200012
2025-06-06 12:14:59.733000+00:00,2025-06-06 12:00:00+00:00,continuous,103865.9,103979.1,103865.9,103918.2,188270933.54549974
2025-06-06 12:29:59.998000+00:00,2025-06-06 12:15:00+00:00,continuous,103918.2,103919.9,103750.0,103802.6,189690358.3309001
2025-06-06 12:44:59.869000+00:00,2025-06-06 12:30:00+00:00,continuous,103802.7,104293.8,103471.4,103650.3,911922334.5169951
2025-06-06 12:59:59.944000+00:00,2025-06-06 12:45:00+00:00,continuous,103650.4,103904.2,103650.4,103702.3,288338020.09330034
2025-06-06 13:14:59.903000+00:00,2025-06-06 13:00:00+00:00,continuous,103702.4,103997.6,103702.3,103926.6,193902508.5075007
2025-06-06 13:29:59.975000+00:00,2025-06-06 13:15:00+00:00,continuous,103926.7,103946.3,103835.5,103864.8,125436641.39559951
2025-06-06 13:44:59.918000+00:00,2025-06-06 13:30:00+00:00,continuous,103864.9,104483.2,103820.5,104308.8,676014272.2037997
2025-06-06 13:59:59.951000+00:00,2025-06-06 13:45:00+00:00,continuous,104308.8,104476.6,103969.9,104033.1,383160767.1459948
2025-06-06 14:14:59.951000+00:00,2025-06-06 14:00:00+00:00,continuous,104033.1,104322.0,103949.9,104282.1,263579694.8024982
2025-06-06 14:29:59.850000+00:00,2025-06-06 14:15:00+00:00,continuous,104282.0,104538.6,104217.3,104507.9,292354868.02970165
2025-06-06 14:44:59.976000+00:00,2025-06-06 14:30:00+00:00,continuous,104507.9,104749.6,104299.9,104729.9,511699730.2709954
2025-06-06 14:59:59.972000+00:00,2025-06-06 14:45:00+00:00,continuous,104730.0,104863.1,104556.8,104718.3,383395606.6302992
2025-06-06 15:14:59.973000+00:00,2025-06-06 15:00:00+00:00,continuous,104718.2,105161.5,104600.0,105114.8,652499881.3202026
2025-06-06 15:29:59.835000+00:00,2025-06-06 15:15:00+00:00,continuous,105114.7,105283.0,104684.9,104763.7,732991208.6541091
2025-06-06 15:44:59.875000+00:00,2025-06-06 15:30:00+00:00,continuous,104763.7,104909.5,104552.9,104637.3,353255735.7527008
2025-06-06 15:59:59.921000+00:00,2025-06-06 15:45:00+00:00,continuous,104637.3,105068.2,104637.3,105035.4,302456789.9541995
2025-06-06 16:14:59.801000+00:00,2025-06-06 16:00:00+00:00,continuous,105035.4,105070.0,104928.0,104955.0,174845522.011899
2025-06-06 16:29:59.995000+00:00,2025-06-06 16:15:00+00:00,continuous,104955.0,105240.0,104946.1,105022.3,280532588.66010076
2025-06-06 16:44:59.507000+00:00,2025-06-06 16:30:00+00:00,continuous,105022.0,105027.3,104781.0,104879.9,178034651.82969964
2025-06-06 16:59:59.838000+00:00,2025-06-06 16:45:00+00:00,continuous,104879.9,105039.6,104645.6,104715.2,179160993.31340185
2025-06-06 17:14:59.997000+00:00,2025-06-06 17:00:00+00:00,continuous,104715.2,104788.9,104371.6,104446.7,409302619.55279917
2025-06-06 17:29:59.999000+00:00,2025-06-06 17:15:00+00:00,continuous,104451.7,104733.5,104427.7,104466.2,196649024.28350076
2025-06-06 17:44:59.642000+00:00,2025-06-06 17:30:00+00:00,continuous,104466.3,104606.0,104401.4,104522.3,108552843.6967005
2025-06-06 17:59:59.989000+00:00,2025-06-06 17:45:00+00:00,continuous,104522.3,104923.5,104510.8,104874.9,207319256.13780016
2025-06-06 18:14:59.924000+00:00,2025-06-06 18:00:00+00:00,continuous,104875.0,104929.2,104592.6,104600.2,119585474.69290031
2025-06-06 18:29:59.985000+00:00,2025-06-06 18:15:00+00:00,continuous,104600.2,104633.5,104424.6,104472.9,111472106.89200042
2025-06-06 18:44:58.637000+00:00,2025-06-06 18:30:00+00:00,continuous,104472.9,104681.8,104472.8,104591.4,93461256.61160013
2025-06-06 18:59:59.900000+00:00,2025-06-06 18:45:00+00:00,continuous,104591.2,104653.4,104422.0,104455.7,90302473.71320023
2025-06-06 19:14:59.736000+00:00,2025-06-06 19:00:00+00:00,continuous,104455.6,104559.7,104350.0,104512.6,108907981.29350007
2025-06-06 19:29:59.988000+00:00,2025-06-06 19:15:00+00:00,continuous,104512.6,104540.0,104207.6,104245.9,155403537.8857999
2025-06-06 19:44:59.976000+00:00,2025-06-06 19:30:00+00:00,continuous,104245.9,104307.4,104141.8,104220.0,119952614.73549992
2025-06-06 19:59:59.806000+00:00,2025-06-06 19:45:00+00:00,continuous,104220.0,104250.0,104010.0,104176.9,140077188.0583003
2025-06-06 20:14:59.748000+00:00,2025-06-06 20:00:00+00:00,continuous,104177.0,104339.2,104109.2,104281.6,121602528.21529993
2025-06-06 20:29:59.686000+00:00,2025-06-06 20:15:00+00:00,continuous,104281.6,104374.6,104269.1,104307.5,63631685.61319995
2025-06-06 20:44:59.742000+00:00,2025-06-06 20:30:00+00:00,continuous,104307.5,104574.9,104255.0,104538.0,100536333.22639997
2025-06-06 20:59:59.701000+00:00,2025-06-06 20:45:00+00:00,continuous,104538.0,104548.8,104376.5,104429.6,83925940.02119964
2025-06-06 21:14:59.886000+00:00,2025-06-06 21:00:00+00:00,continuous,104429.7,104440.2,104234.4,104242.8,102424591.04050016
2025-06-06 21:29:59.952000+00:00,2025-06-06 21:15:00+00:00,continuous,104242.8,104370.5,104236.5,104266.8,57177373.64769983
2025-06-06 21:44:59.846000+00:00,2025-06-06 21:30:00+00:00,continuous,104266.9,104425.0,104266.8,104412.5,43394826.47990001
2025-06-06 21:59:59.700000+00:00,2025-06-06 21:45:00+00:00,continuous,104412.5,104447.3,104309.9,104335.4,30532587.57160007
2025-06-06 22:14:59.810000+00:00,2025-06-06 22:00:00+00:00,continuous,104335.5,104358.2,104206.0,104206.2,64283614.29869988
2025-06-06 22:29:59.700000+00:00,2025-06-06 22:15:00+00:00,continuous,104206.2,104317.8,104174.8,104302.7,61888391.02889994
2025-06-06 22:44:59.700000+00:00,2025-06-06 22:30:00+00:00,continuous,104302.7,104310.2,104232.1,104261.7,27933620.49640007
2025-06-06 22:59:59.626000+00:00,2025-06-06 22:45:00+00:00,continuous,104261.7,104425.8,104242.3,104425.7,53236810.63100006
2025-06-06 23:14:59.699000+00:00,2025-06-06 23:00:00+00:00,continuous,104425.7,104434.7,104140.3,104216.8,70389616.63350007
2025-06-06 23:29:59.832000+00:00,2025-06-06 23:15:00+00:00,continuous,104216.9,104311.9,104181.6,104300.0,39378892.738800086
2025-06-06 23:44:59.702000+00:00,2025-06-06 23:30:00+00:00,continuous,104300.1,104310.3,104220.3,104276.7,28375655.470299874
2025-06-06 23:59:59.885000+00:00,2025-06-06 23:45:00+00:00,continuous,104276.7,104324.0,104231.1,104240.0,27002017.34180002
2025-06-07 00:14:59.902000+00:00,2025-06-07 00:00:00+00:00,continuous,104240.1,104284.7,104020.0,104040.8,104364769.67310038
2025-06-07 00:29:59.837000+00:00,2025-06-07 00:15:00+00:00,continuous,104040.8,104170.9,103800.1,104125.4,259366928.54540005
2025-06-07 00:44:59.600000+00:00,2025-06-07 00:30:00+00:00,continuous,104125.4,104326.9,104100.0,104285.8,94317929.93760008
2025-06-07 00:59:59.997000+00:00,2025-06-07 00:45:00+00:00,continuous,104285.9,104475.8,104224.4,104470.5,112296286.76799941
2025-06-07 01:14:59.953000+00:00,2025-06-07 01:00:00+00:00,continuous,104470.5,104525.1,104315.2,104442.2,127482497.07010047
2025-06-07 01:29:59.999000+00:00,2025-06-07 01:15:00+00:00,continuous,104442.2,104500.0,104302.5,104381.5,83043736.98850006
2025-06-07 01:44:57.065000+00:00,2025-06-07 01:30:00+00:00,continuous,104381.4,104420.1,104283.5,104363.4,45675064.016700186
2025-06-07 01:59:59.948000+00:00,2025-06-07 01:45:00+00:00,continuous,104363.5,104464.0,104363.4,104386.5,35165285.40539986
2025-06-07 02:14:59.866000+00:00,2025-06-07 02:00:00+00:00,continuous,104386.5,104396.6,104288.0,104301.3,50573288.338700056
2025-06-07 02:29:59.059000+00:00,2025-06-07 02:15:00+00:00,continuous,104301.3,104374.2,104270.0,104326.9,32235094.47729996
2025-06-07 02:44:59.851000+00:00,2025-06-07 02:30:00+00:00,continuous,104327.0,104460.8,104308.5,104422.9,50849173.10320004
2025-06-07 02:59:59.688000+00:00,2025-06-07 02:45:00+00:00,continuous,104422.9,104580.0,104422.9,104475.2,108638301.44070037
2025-06-07 03:14:59.750000+00:00,2025-06-07 03:00:00+00:00,continuous,104475.3,104755.1,104430.0,104686.4,220768515.44060013
2025-06-07 03:29:59.817000+00:00,2025-06-07 03:15:00+00:00,continuous,104686.4,104766.3,104590.2,104649.8,117600335.29059969
2025-06-07 03:44:59.988000+00:00,2025-06-07 03:30:00+00:00,continuous,104649.9,104835.2,104613.3,104758.9,81213305.47350019
2025-06-07 03:59:59.576000+00:00,2025-06-07 03:45:00+00:00,continuous,104758.8,104856.0,104758.8,104822.4,124738731.17859995
2025-06-07 04:14:59.947000+00:00,2025-06-07 04:00:00+00:00,continuous,104822.4,104822.4,104635.8,104647.9,76919125.89330004
2025-06-07 04:29:59.285000+00:00,2025-06-07 04:15:00+00:00,continuous,104647.9,104716.4,104632.3,104638.2,44284633.608299844
2025-06-07 04:44:59.745000+00:00,2025-06-07 04:30:00+00:00,continuous,104638.2,104682.3,104591.9,104682.2,42737159.25629981
2025-06-07 04:59:59.712000+00:00,2025-06-07 04:45:00+00:00,continuous,104682.3,104775.1,104676.4,104765.0,39989299.99780016
2025-06-07 05:14:59.815000+00:00,2025-06-07 05:00:00+00:00,continuous,104765.0,104793.5,104688.0,104792.3,66882028.851399936
2025-06-07 05:29:59.473000+00:00,2025-06-07 05:15:00+00:00,continuous,104792.3,104792.4,104721.1,104764.9,31728555.982199993
2025-06-07 05:44:59.741000+00:00,2025-06-07 05:30:00+00:00,continuous,104764.9,104875.7,104738.2,104839.0,54842963.2679001
2025-06-07 05:59:59.594000+00:00,2025-06-07 05:45:00+00:00,continuous,104839.1,104954.3,104823.5,104823.5,135356018.04039967
2025-06-07 06:14:59.999000+00:00,2025-06-07 06:00:00+00:00,continuous,104823.5,104857.9,104749.3,104802.8,69807159.27319963
2025-06-07 06:29:59.331000+00:00,2025-06-07 06:15:00+00:00,continuous,104803.2,104862.6,104728.5,104728.6,48033270.42989996
2025-06-07 06:44:59.920000+00:00,2025-06-07 06:30:00+00:00,continuous,104728.5,104854.6,104728.5,104845.6,34285127.74839994
2025-06-07 06:59:59.889000+00:00,2025-06-07 06:45:00+00:00,continuous,104845.5,105293.0,104835.4,105272.2,347807764.7792985
2025-06-07 07:14:59.760000+00:00,2025-06-07 07:00:00+00:00,continuous,105272.2,105281.0,104822.4,104894.7,184033176.09410048
2025-06-07 07:29:59.913000+00:00,2025-06-07 07:15:00+00:00,continuous,104895.0,105055.3,104779.4,104894.5,130856939.45640029
2025-06-07 07:44:59.844000+00:00,2025-06-07 07:30:00+00:00,continuous,104894.5,104961.9,104877.1,104892.8,52351709.53619997
2025-06-07 07:59:59.927000+00:00,2025-06-07 07:45:00+00:00,continuous,104892.8,104896.2,104810.0,104813.6,47305067.90230035
2025-06-07 08:14:59.581000+00:00,2025-06-07 08:00:00+00:00,continuous,104813.7,104881.8,104790.4,104790.4,59200429.065200314
2025-06-07 08:29:59.619000+00:00,2025-06-07 08:15:00+00:00,continuous,104790.5,104919.0,104735.0,104876.6,66434539.6757998
2025-06-07 08:44:59.696000+00:00,2025-06-07 08:30:00+00:00,continuous,104876.6,104876.7,104775.1,104775.1,34494323.26940006
2025-06-07 08:59:59.564000+00:00,2025-06-07 08:45:00+00:00,continuous,104775.2,104778.2,104632.0,104692.3,92325175.78400007
2025-06-07 09:14:59.574000+00:00,2025-06-07 09:00:00+00:00,continuous,104692.2,104873.0,104692.2,104831.9,54653363.74519964
2025-06-07 09:29:59.719000+00:00,2025-06-07 09:15:00+00:00,continuous,104832.0,104896.3,104792.3,104877.2,45557002.42519996
2025-06-07 09:44:59.742000+00:00,2025-06-07 09:30:00+00:00,continuous,104877.2,104877.2,104730.3,104732.0,38323015.01680001
2025-06-07 09:59:59.856000+00:00,2025-06-07 09:45:00+00:00,continuous,104732.0,104815.8,104732.0,104788.2,26967916.48750014
2025-06-07 10:14:59.890000+00:00,2025-06-07 10:00:00+00:00,continuous,104788.1,104899.9,104780.3,104899.8,39809783.22629986
2025-06-07 10:29:59.806000+00:00,2025-06-07 10:15:00+00:00,continuous,104899.8,105133.0,104887.7,105098.6,185967554.3849
2025-06-07 10:44:59.980000+00:00,2025-06-07 10:30:00+00:00,continuous,105098.6,105120.1,104950.0,105000.1,59259238.1558997
2025-06-07 10:59:58.769000+00:00,2025-06-07 10:45:00+00:00,continuous,105000.1,105158.6,104877.2,105090.9,109913035.3782996
2025-06-07 11:14:59.959000+00:00,2025-06-07 11:00:00+00:00,continuous,105090.9,105206.5,105066.0,105094.4,109182644.3165011
2025-06-07 11:29:59.655000+00:00,2025-06-07 11:15:00+00:00,continuous,105094.4,105222.0,105094.4,105168.8,71979625.26250003
2025-06-07 11:44:59.982000+00:00,2025-06-07 11:30:00+00:00,continuous,105168.8,105217.2,105102.7,105131.2,80976108.04639986
2025-06-07 11:59:59.642000+00:00,2025-06-07 11:45:00+00:00,continuous,105131.3,105131.3,105006.5,105094.5,70405357.89979959
2025-06-07 12:14:59.658000+00:00,2025-06-07 12:00:00+00:00,continuous,105094.5,105222.0,105094.4,105210.7,77991866.2095001
2025-06-07 12:29:59.945000+00:00,2025-06-07 12:15:00+00:00,continuous,105210.6,105241.3,105142.3,105241.0,64531335.50400031
2025-06-07 12:44:59.881000+00:00,2025-06-07 12:30:00+00:00,continuous,105241.0,105700.0,105188.3,105585.5,542354942.7021005
2025-06-07 12:59:59.897000+00:00,2025-06-07 12:45:00+00:00,continuous,105585.5,105600.0,105363.6,105402.9,129927487.04009907
2025-06-07 13:14:59.985000+00:00,2025-06-07 13:00:00+00:00,continuous,105402.8,105430.0,105249.4,105414.5,106117879.39189954
2025-06-07 13:29:59.997000+00:00,2025-06-07 13:15:00+00:00,continuous,105414.4,105515.0,105410.0,105450.3,134628675.96730047
2025-06-07 13:44:59.810000+00:00,2025-06-07 13:30:00+00:00,continuous,105450.3,105642.7,105450.2,105593.4,135737978.2851
2025-06-07 13:59:59.980000+00:00,2025-06-07 13:45:00+00:00,continuous,105593.3,105758.8,105533.1,105550.5,201879273.5926011
2025-06-07 14:14:59.705000+00:00,2025-06-07 14:00:00+00:00,continuous,105550.6,105604.9,105438.9,105492.2,124397051.99259989
2025-06-07 14:29:58.961000+00:00,2025-06-07 14:15:00+00:00,continuous,105492.2,105514.1,105351.2,105369.2,84116684.40509962
2025-06-07 14:44:59.899000+00:00,2025-06-07 14:30:00+00:00,continuous,105369.2,105645.6,105363.5,105487.6,128028116.28479981
2025-06-07 14:59:59.391000+00:00,2025-06-07 14:45:00+00:00,continuous,105487.7,105500.0,105333.0,105370.1,59152642.01340004
2025-06-07 15:14:59.642000+00:00,2025-06-07 15:00:00+00:00,continuous,105370.0,105461.9,105300.0,105336.6,98632378.93979985
2025-06-07 15:29:59.998000+00:00,2025-06-07 15:15:00+00:00,continuous,105336.5,105477.6,105265.0,105403.1,74314845.29390025
2025-06-07 15:44:59.946000+00:00,2025-06-07 15:30:00+00:00,continuous,105403.2,105542.4,105351.3,105417.6,65295767.868000105
2025-06-07 15:59:59.465000+00:00,2025-06-07 15:45:00+00:00,continuous,105417.6,105526.6,105401.0,105507.9,46326550.48439984
2025-06-07 16:14:59.996000+00:00,2025-06-07 16:00:00+00:00,continuous,105507.9,105629.9,105507.8,105566.6,94458213.58579972
2025-06-07 16:29:59.827000+00:00,2025-06-07 16:15:00+00:00,continuous,105566.5,105586.1,105414.3,105414.3,65507669.39990019
2025-06-07 16:44:59.738000+00:00,2025-06-07 16:30:00+00:00,continuous,105414.4,105421.2,105337.3,105368.4,72985193.18669993
2025-06-07 16:59:59.732000+00:00,2025-06-07 16:45:00+00:00,continuous,105368.3,105368.4,105222.6,105302.0,98755189.60410066
2025-06-07 17:14:59.139000+00:00,2025-06-07 17:00:00+00:00,continuous,105301.9,105448.0,105290.0,105447.9,53608678.51829998
2025-06-07 17:29:59.983000+00:00,2025-06-07 17:15:00+00:00,continuous,105447.9,105514.7,105393.2,105474.0,43324837.26069988
2025-06-07 17:44:59.880000+00:00,2025-06-07 17:30:00+00:00,continuous,105474.0,105484.7,105348.9,105446.9,38444387.63819994
2025-06-07 17:59:59.705000+00:00,2025-06-07 17:45:00+00:00,continuous,105446.9,105446.9,105331.3,105348.4,35049947.86339988
2025-06-07 18:14:59.646000+00:00,2025-06-07 18:00:00+00:00,continuous,105348.4,105730.6,105348.4,105656.5,211806831.66100147
2025-06-07 18:29:59.402000+00:00,2025-06-07 18:15:00+00:00,continuous,105656.6,105750.0,105656.4,105723.6,112078934.24200004
2025-06-07 18:44:59.978000+00:00,2025-06-07 18:30:00+00:00,continuous,105723.6,105850.0,105560.6,105582.4,259899861.90699857
2025-06-07 18:59:59.922000+00:00,2025-06-07 18:45:00+00:00,continuous,105582.4,105642.7,105498.2,105574.8,74740391.43630001
2025-06-07 19:14:59.896000+00:00,2025-06-07 19:00:00+00:00,continuous,105574.8,105744.3,105560.2,105686.1,60774501.71840003
2025-06-07 19:29:59.961000+00:00,2025-06-07 19:15:00+00:00,continuous,105686.2,105831.2,105678.5,105812.3,82395235.16000032
2025-06-07 19:44:59.752000+00:00,2025-06-07 19:30:00+00:00,continuous,105812.3,105817.9,105665.5,105667.2,66764034.949699804
2025-06-07 19:59:59.975000+00:00,2025-06-07 19:45:00+00:00,continuous,105667.2,105694.2,105595.9,105694.2,34686094.64280001
2025-06-07 20:14:59.611000+00:00,2025-06-07 20:00:00+00:00,continuous,105694.1,105841.0,105687.7,105829.6,47347035.26259999
2025-06-07 20:29:58.048000+00:00,2025-06-07 20:15:00+00:00,continuous,105829.7,105878.3,105800.5,105827.7,89036550.01270047
2025-06-07 20:44:59.535000+00:00,2025-06-07 20:30:00+00:00,continuous,105827.6,105827.6,105734.4,105769.4,32965376.446399927
2025-06-07 20:59:59.871000+00:00,2025-06-07 20:45:00+00:00,continuous,105769.4,105839.1,105760.0,105800.0,31720010.318700146
2025-06-07 21:14:59.801000+00:00,2025-06-07 21:00:00+00:00,continuous,105800.0,105818.4,105735.0,105735.0,37720712.8501999
2025-06-07 21:29:59.214000+00:00,2025-06-07 21:15:00+00:00,continuous,105735.1,105785.8,105735.0,105750.6,21675657.45349993
2025-06-07 21:44:59.379000+00:00,2025-06-07 21:30:00+00:00,continuous,105750.5,105822.6,105750.5,105798.8,29329541.450500052
2025-06-07 21:59:59.882000+00:00,2025-06-07 21:45:00+00:00,continuous,105798.9,105798.9,105642.5,105713.6,31491894.411000073
2025-06-07 22:14:59.329000+00:00,2025-06-07 22:00:00+00:00,continuous,105713.6,105731.7,105605.8,105668.0,47788356.94400014
2025-06-07 22:29:59.646000+00:00,2025-06-07 22:15:00+00:00,continuous,105667.9,105784.2,105657.8,105746.8,35547628.86289999
2025-06-07 22:44:59.118000+00:00,2025-06-07 22:30:00+00:00,continuous,105746.9,105871.0,105740.0,105811.1,59980777.58550005
2025-06-07 22:59:59.750000+00:00,2025-06-07 22:45:00+00:00,continuous,105811.1,105848.5,105740.0,105764.9,39715050.27320006
2025-06-07 23:14:59.538000+00:00,2025-06-07 23:00:00+00:00,continuous,105765.0,105765.0,105654.4,105654.6,37964192.78030006
2025-06-07 23:29:59.681000+00:00,2025-06-07 23:15:00+00:00,continuous,105654.5,105677.3,105552.2,105614.7,45526186.01779983
2025-06-07 23:44:59.958000+00:00,2025-06-07 23:30:00+00:00,continuous,105614.8,105668.4,105482.7,105558.1,89203810.86269908
2025-06-07 23:59:59.951000+00:00,2025-06-07 23:45:00+00:00,continuous,105558.2,105573.7,105487.3,105507.5,36606874.84000004
2025-06-08 00:14:59.869000+00:00,2025-06-08 00:00:00+00:00,continuous,105507.5,105507.6,105400.0,105400.1,86513509.86739977
2025-06-08 00:29:56.602000+00:00,2025-06-08 00:15:00+00:00,continuous,105400.1,105513.9,105400.0,105469.5,67859985.11769989
2025-06-08 00:44:59.647000+00:00,2025-06-08 00:30:00+00:00,continuous,105469.5,105625.1,105438.2,105444.9,70555408.58050023
2025-06-08 00:59:59.830000+00:00,2025-06-08 00:45:00+00:00,continuous,105444.8,105444.9,105389.2,105427.6,42850097.035800025
2025-06-08 01:14:59.926000+00:00,2025-06-08 01:00:00+00:00,continuous,105427.6,105546.6,105347.0,105485.3,77188680.75499992
2025-06-08 01:29:59.233000+00:00,2025-06-08 01:15:00+00:00,continuous,105485.4,105548.4,105437.8,105484.2,34123591.16719994
2025-06-08 01:44:59.876000+00:00,2025-06-08 01:30:00+00:00,continuous,105484.2,105623.9,105484.2,105603.3,39494776.44209997
2025-06-08 01:59:59.885000+00:00,2025-06-08 01:45:00+00:00,continuous,105603.4,105760.5,105576.8,105644.5,74170333.05650014
2025-06-08 02:14:59.979000+00:00,2025-06-08 02:00:00+00:00,continuous,105644.5,105644.6,105430.5,105461.5,63880567.23239982
2025-06-08 02:29:58.961000+00:00,2025-06-08 02:15:00+00:00,continuous,105461.6,105532.0,105430.0,105461.0,54566245.02860016
2025-06-08 02:44:59.620000+00:00,2025-06-08 02:30:00+00:00,continuous,105460.9,105527.8,105450.0,105501.0,29765840.31589997
2025-06-08 02:59:59.298000+00:00,2025-06-08 02:45:00+00:00,continuous,105501.0,105531.9,105384.3,105399.7,73138978.83410002
2025-06-08 03:14:59.955000+00:00,2025-06-08 03:00:00+00:00,continuous,105399.7,105413.8,105352.2,105372.9,61945118.95980005
2025-06-08 03:29:59.828000+00:00,2025-06-08 03:15:00+00:00,continuous,105373.0,105378.5,105350.1,105355.6,27642417.525500122
2025-06-08 03:44:59.128000+00:00,2025-06-08 03:30:00+00:00,continuous,105355.7,105448.8,105355.6,105438.7,25830193.897099957
2025-06-08 03:59:59.647000+00:00,2025-06-08 03:45:00+00:00,continuous,105438.8,105463.3,105420.5,105436.4,21679888.71130002
2025-06-08 04:14:59.761000+00:00,2025-06-08 04:00:00+00:00,continuous,105436.5,105439.3,105369.8,105417.3,48434447.31970004
2025-06-08 04:29:59.615000+00:00,2025-06-08 04:15:00+00:00,continuous,105417.4,105474.8,105417.3,105456.8,24680629.37599996
2025-06-08 04:44:59.468000+00:00,2025-06-08 04:30:00+00:00,continuous,105456.8,105600.0,105456.7,105548.0,58376791.51269974
2025-06-08 04:59:59.700000+00:00,2025-06-08 04:45:00+00:00,continuous,105548.0,105580.3,105527.3,105565.8,23719154.831400085
2025-06-08 05:14:58.715000+00:00,2025-06-08 05:00:00+00:00,continuous,105565.8,105567.4,105484.3,105484.3,35126490.569499955
2025-06-08 05:29:59.903000+00:00,2025-06-08 05:15:00+00:00,continuous,105484.3,105617.2,105484.3,105561.5,38291065.45040008
2025-06-08 05:44:59.839000+00:00,2025-06-08 05:30:00+00:00,continuous,105561.5,105573.2,105428.8,105452.0,42511212.936300114
2025-06-08 05:59:59.843000+00:00,2025-06-08 05:45:00+00:00,continuous,105452.1,105452.1,105358.2,105386.4,37039081.43599971
2025-06-08 06:14:59.755000+00:00,2025-06-08 06:00:00+00:00,continuous,105386.4,105502.4,105378.0,105502.4,42609370.11640021
2025-06-08 06:29:59.896000+00:00,2025-06-08 06:15:00+00:00,continuous,105502.4,105551.3,105475.9,105489.1,24869801.56130004
2025-06-08 06:44:59.962000+00:00,2025-06-08 06:30:00+00:00,continuous,105489.1,105529.6,105484.9,105500.1,24645710.44450006
2025-06-08 06:59:59.567000+00:00,2025-06-08 06:45:00+00:00,continuous,105500.0,105533.3,105384.8,105395.4,42543708.20250004
2025-06-08 07:14:59.908000+00:00,2025-06-08 07:00:00+00:00,continuous,105395.3,105461.3,105390.0,105461.3,38123539.20030001
2025-06-08 07:29:59.541000+00:00,2025-06-08 07:15:00+00:00,continuous,105461.2,105513.0,105400.5,105411.6,47211876.96869998
2025-06-08 07:44:59.511000+00:00,2025-06-08 07:30:00+00:00,continuous,105411.6,105429.9,105375.6,105382.2,28935786.71279998
2025-06-08 07:59:59.784000+00:00,2025-06-08 07:45:00+00:00,continuous,105382.2,105403.2,105359.1,105380.4,38633801.53150013
2025-06-08 08:14:57.852000+00:00,2025-06-08 08:00:00+00:00,continuous,105380.5,105454.0,105380.4,105422.5,47972213.4132996
2025-06-08 08:29:59.751000+00:00,2025-06-08 08:15:00+00:00,continuous,105422.4,105422.5,105350.0,105384.7,35642152.93650016
2025-06-08 08:44:59.869000+00:00,2025-06-08 08:30:00+00:00,continuous,105384.7,105417.3,105370.0,105393.0,29290022.167900145
2025-06-08 08:59:59.783000+00:00,2025-06-08 08:45:00+00:00,continuous,105392.9,105420.0,105311.0,105327.1,51292696.2266999
2025-06-08 09:14:59.749000+00:00,2025-06-08 09:00:00+00:00,continuous,105327.0,105360.1,105179.5,105273.3,146871391.48679984
2025-06-08 09:29:59.912000+00:00,2025-06-08 09:15:00+00:00,continuous,105273.4,105303.6,105009.9,105148.9,220235819.862099
2025-06-08 09:44:59.879000+00:00,2025-06-08 09:30:00+00:00,continuous,105149.0,105212.8,105100.5,105136.2,90084710.83789982
2025-06-08 09:59:59.890000+00:00,2025-06-08 09:45:00+00:00,continuous,105136.3,105172.4,105093.4,105093.5,71141679.50190014
2025-06-08 10:14:59.743000+00:00,2025-06-08 10:00:00+00:00,continuous,105093.5,105121.5,104960.1,104960.6,157894069.62620103
2025-06-08 10:29:59.613000+00:00,2025-06-08 10:15:00+00:00,continuous,104960.6,105057.1,104927.4,105040.0,72134995.21359979
2025-06-08 10:44:59.870000+00:00,2025-06-08 10:30:00+00:00,continuous,105040.1,105422.5,105040.0,105383.6,176589871.49930057
2025-06-08 10:59:59.984000+00:00,2025-06-08 10:45:00+00:00,continuous,105383.6,105425.0,105292.4,105298.4,117677335.76720056
2025-06-08 11:14:59.920000+00:00,2025-06-08 11:00:00+00:00,continuous,105298.3,105514.7,105298.3,105400.4,136300912.85220015
2025-06-08 11:29:59.768000+00:00,2025-06-08 11:15:00+00:00,continuous,105400.4,105666.6,105400.0,105537.0,149965624.1090999
2025-06-08 11:44:59.799000+00:00,2025-06-08 11:30:00+00:00,continuous,105537.0,105635.7,105468.3,105556.9,83822056.23729946
2025-06-08 11:59:59.981000+00:00,2025-06-08 11:45:00+00:00,continuous,105556.9,105638.0,105556.9,105619.2,72946905.83419992
2025-06-08 12:14:59.988000+00:00,2025-06-08 12:00:00+00:00,continuous,105619.2,105725.1,105535.8,105702.7,126174837.03949976
2025-06-08 12:29:59.277000+00:00,2025-06-08 12:15:00+00:00,continuous,105702.6,105702.7,105502.5,105585.8,108285844.2839999
2025-06-08 12:44:59.692000+00:00,2025-06-08 12:30:00+00:00,continuous,105585.7,105585.8,105450.0,105519.0,103658403.09020002
2025-06-08 12:59:59.860000+00:00,2025-06-08 12:45:00+00:00,continuous,105519.0,105684.1,105490.1,105657.7,117737022.1758009
2025-06-08 13:14:59.248000+00:00,2025-06-08 13:00:00+00:00,continuous,105657.6,105695.0,105614.1,105624.5,76206386.78360036
2025-06-08 13:29:59.910000+00:00,2025-06-08 13:15:00+00:00,continuous,105624.6,105687.6,105555.8,105687.6,77196234.84500007
2025-06-08 13:44:59.968000+00:00,2025-06-08 13:30:00+00:00,continuous,105687.6,105834.2,105679.9,105805.9,168737294.1214009
2025-06-08 13:59:59.817000+00:00,2025-06-08 13:45:00+00:00,continuous,105805.8,106200.0,105500.0,105558.8,561074155.9883037
2025-06-08 14:14:59.832000+00:00,2025-06-08 14:00:00+00:00,continuous,105558.9,105685.0,105500.0,105677.1,123654575.72919972
2025-06-08 14:29:59.388000+00:00,2025-06-08 14:15:00+00:00,continuous,105677.1,105862.9,105628.0,105671.1,99265552.40260015
2025-06-08 14:44:59.964000+00:00,2025-06-08 14:30:00+00:00,continuous,105671.2,105721.8,105588.3,105709.0,52646220.97329999
2025-06-08 14:59:59.954000+00:00,2025-06-08 14:45:00+00:00,continuous,105709.1,105805.6,105668.2,105766.8,58793690.99659987
2025-06-08 15:14:59.941000+00:00,2025-06-08 15:00:00+00:00,continuous,105766.7,106048.4,105759.0,105973.4,195002274.11319983
2025-06-08 15:29:59.878000+00:00,2025-06-08 15:15:00+00:00,continuous,105973.4,105975.2,105828.6,105942.4,76094745.30320002
2025-06-08 15:44:59.916000+00:00,2025-06-08 15:30:00+00:00,continuous,105942.4,105955.0,105880.0,105949.0,53621137.77219978
2025-06-08 15:59:59.714000+00:00,2025-06-08 15:45:00+00:00,continuous,105949.0,106004.0,105874.8,105917.5,62576153.99680023
2025-06-08 16:14:59.995000+00:00,2025-06-08 16:00:00+00:00,continuous,105917.6,106199.9,105888.5,106102.6,180956646.37360057
2025-06-08 16:29:59.863000+00:00,2025-06-08 16:15:00+00:00,continuous,106102.6,106200.0,105975.3,106029.5,224597624.78069955
2025-06-08 16:44:59.697000+00:00,2025-06-08 16:30:00+00:00,continuous,106029.4,106195.2,105980.0,106130.0,87512311.23950012
2025-06-08 16:59:59.903000+00:00,2025-06-08 16:45:00+00:00,continuous,106130.0,106199.9,106061.0,106133.4,91814764.76020026
2025-06-08 17:14:59.989000+00:00,2025-06-08 17:00:00+00:00,continuous,106133.3,106278.4,106090.0,106105.5,150971561.53340048
2025-06-08 17:29:59.631000+00:00,2025-06-08 17:15:00+00:00,continuous,106105.6,106299.9,106093.8,106240.0,113650212.0114997
2025-06-08 17:44:59.943000+00:00,2025-06-08 17:30:00+00:00,continuous,106239.9,106300.0,106180.0,106187.9,119318011.65729988
2025-06-08 17:59:59.671000+00:00,2025-06-08 17:45:00+00:00,continuous,106187.8,106217.5,106015.1,106030.1,82409227.39029975
2025-06-08 18:14:59.982000+00:00,2025-06-08 18:00:00+00:00,continuous,106030.1,106173.6,105969.4,106169.0,71747377.6485999
2025-06-08 18:29:59.706000+00:00,2025-06-08 18:15:00+00:00,continuous,106168.9,106260.0,106168.9,106229.9,66627877.73339998
2025-06-08 18:44:59.895000+00:00,2025-06-08 18:30:00+00:00,continuous,106229.9,106268.5,106190.5,106224.1,37408263.75150019
2025-06-08 18:59:59.924000+00:00,2025-06-08 18:45:00+00:00,continuous,106224.1,106282.0,106171.6,106249.5,41553923.282000035
2025-06-08 19:14:58.759000+00:00,2025-06-08 19:00:00+00:00,continuous,106249.4,106287.2,106242.3,106258.4,38033335.69510004
2025-06-08 19:29:59.481000+00:00,2025-06-08 19:15:00+00:00,continuous,106258.4,106258.4,106230.2,106238.0,25276079.998799946
2025-06-08 19:44:59.737000+00:00,2025-06-08 19:30:00+00:00,continuous,106238.1,106266.4,106116.1,106144.1,42374188.25400004
2025-06-08 19:59:59.751000+00:00,2025-06-08 19:45:00+00:00,continuous,106144.1,106242.6,106126.6,106242.6,27336280.17749994
2025-06-08 20:14:59.862000+00:00,2025-06-08 20:00:00+00:00,continuous,106242.6,106279.1,106202.9,106254.1,40433499.0884001
2025-06-08 20:29:59.784000+00:00,2025-06-08 20:15:00+00:00,continuous,106254.1,106261.9,106222.0,106250.5,23057133.007100184
2025-06-08 20:44:59.998000+00:00,2025-06-08 20:30:00+00:00,continuous,106250.6,106250.6,106210.0,106224.8,32919988.416000042
2025-06-08 20:59:59.267000+00:00,2025-06-08 20:45:00+00:00,continuous,106224.8,106224.8,106056.2,106098.9,46951887.172199875
2025-06-08 21:14:59.911000+00:00,2025-06-08 21:00:00+00:00,continuous,106098.9,106200.0,106098.8,106200.0,28259616.060700003
2025-06-08 21:29:59.633000+00:00,2025-06-08 21:15:00+00:00,continuous,106200.0,106276.9,106160.0,106245.0,30244286.83979973
2025-06-08 21:44:59.887000+00:00,2025-06-08 21:30:00+00:00,continuous,106245.0,106245.1,106185.7,106241.1,22335394.519500013
2025-06-08 21:59:59.724000+00:00,2025-06-08 21:45:00+00:00,continuous,106241.1,106482.6,106241.1,106271.0,166179230.97329992
2025-06-08 22:14:59.836000+00:00,2025-06-08 22:00:00+00:00,continuous,106271.0,106315.0,105848.4,105888.6,231215946.33
2025-06-08 22:29:59.955000+00:00,2025-06-08 22:15:00+00:00,continuous,105888.6,106063.9,105830.5,105957.2,102432754.59429997
2025-06-08 22:44:59.813000+00:00,2025-06-08 22:30:00+00:00,continuous,105957.1,105957.8,105644.4,105854.0,155673326.34420002
2025-06-08 22:59:59.785000+00:00,2025-06-08 22:45:00+00:00,continuous,105854.1,105856.2,105627.2,105710.3,109684470.57509969
2025-06-08 23:14:59.989000+00:00,2025-06-08 23:00:00+00:00,continuous,105710.2,105731.9,105549.0,105609.9,145196088.7050996
2025-06-08 23:29:59.706000+00:00,2025-06-08 23:15:00+00:00,continuous,105609.8,105700.3,105511.0,105635.1,96732940.80780007
2025-06-08 23:44:59.530000+00:00,2025-06-08 23:30:00+00:00,continuous,105635.1,105735.2,105595.7,105623.9,86681717.41440001
2025-06-08 23:59:59.743000+00:00,2025-06-08 23:45:00+00:00,continuous,105623.9,105719.8,105550.1,105676.5,51882341.41559998
2025-06-09 00:14:59.996000+00:00,2025-06-09 00:00:00+00:00,continuous,105676.5,105745.1,105536.8,105638.7,102719648.89070009
2025-06-09 00:29:59.916000+00:00,2025-06-09 00:15:00+00:00,continuous,105639.0,105815.6,105526.0,105739.6,136660844.13629973
2025-06-09 00:44:59.661000+00:00,2025-06-09 00:30:00+00:00,continuous,105739.6,105929.8,105645.1,105715.6,137303214.45079923
2025-06-09 00:59:59.993000+00:00,2025-06-09 00:45:00+00:00,continuous,105715.7,105715.7,105549.3,105651.4,67122943.1874
2025-06-09 01:14:57.690000+00:00,2025-06-09 01:00:00+00:00,continuous,105651.3,105651.4,105500.0,105589.8,85930905.92490004
2025-06-09 01:29:59.083000+00:00,2025-06-09 01:15:00+00:00,continuous,105589.8,105696.7,105500.1,105645.8,63420065.37100005
2025-06-09 01:44:59.712000+00:00,2025-06-09 01:30:00+00:00,continuous,105645.7,105645.7,105511.3,105530.8,58295018.41690012
2025-06-09 01:59:59.787000+00:00,2025-06-09 01:45:00+00:00,continuous,105530.9,105613.5,105374.2,105476.4,126828135.75370012
2025-06-09 02:14:59.315000+00:00,2025-06-09 02:00:00+00:00,continuous,105476.4,105677.7,105420.0,105668.4,78608016.52430029
2025-06-09 02:29:59.648000+00:00,2025-06-09 02:15:00+00:00,continuous,105668.4,105683.3,105590.0,105590.1,45172730.44849998
2025-06-09 02:44:58.591000+00:00,2025-06-09 02:30:00+00:00,continuous,105590.1,105616.4,105473.3,105496.2,50634323.99559983
2025-06-09 02:59:59.759000+00:00,2025-06-09 02:45:00+00:00,continuous,105496.1,105585.4,105491.0,105512.8,35749614.02340007
2025-06-09 03:14:59.851000+00:00,2025-06-09 03:00:00+00:00,continuous,105512.8,105544.9,105350.0,105394.0,98927794.04489961
2025-06-09 03:29:57.532000+00:00,2025-06-09 03:15:00+00:00,continuous,105393.9,105463.6,105253.2,105431.8,131199531.1033997
2025-06-09 03:44:59.683000+00:00,2025-06-09 03:30:00+00:00,continuous,105431.9,105573.1,105431.8,105529.6,58859216.58380025
2025-06-09 03:59:59.992000+00:00,2025-06-09 03:45:00+00:00,continuous,105529.7,105660.3,105529.6,105617.0,56995003.995099835
2025-06-09 04:14:59.531000+00:00,2025-06-09 04:00:00+00:00,continuous,105617.0,105685.7,105600.1,105636.9,55956030.36369975
2025-06-09 04:29:59.616000+00:00,2025-06-09 04:15:00+00:00,continuous,105636.8,105669.3,105568.1,105604.9,40692916.66209987
2025-06-09 04:44:59.397000+00:00,2025-06-09 04:30:00+00:00,continuous,105605.0,105617.3,105504.7,105504.7,47120436.321800075
2025-06-09 04:59:59.872000+00:00,2025-06-09 04:45:00+00:00,continuous,105504.7,105504.7,105365.3,105395.4,86237811.91640012
2025-06-09 05:14:59.841000+00:00,2025-06-09 05:00:00+00:00,continuous,105395.5,105411.5,105333.1,105402.7,61694751.61060003
2025-06-09 05:29:59.744000+00:00,2025-06-09 05:15:00+00:00,continuous,105402.7,105485.9,105348.4,105380.7,48373492.2164
2025-06-09 05:44:59.395000+00:00,2025-06-09 05:30:00+00:00,continuous,105380.8,105400.0,105284.8,105334.0,66251421.4380001
2025-06-09 05:59:59.862000+00:00,2025-06-09 05:45:00+00:00,continuous,105334.0,105418.3,105328.7,105328.8,48036448.11630034
2025-06-09 06:14:59.789000+00:00,2025-06-09 06:00:00+00:00,continuous,105328.8,105450.0,105265.0,105346.4,81247395.51809983
2025-06-09 06:29:59.871000+00:00,2025-06-09 06:15:00+00:00,continuous,105346.4,105483.7,105346.3,105483.6,71362451.82019983
2025-06-09 06:44:59.975000+00:00,2025-06-09 06:30:00+00:00,continuous,105483.7,105559.9,105472.7,105526.3,53771755.521500096
2025-06-09 06:59:59.863000+00:00,2025-06-09 06:45:00+00:00,continuous,105526.3,105670.0,105522.6,105646.6,84381684.83990036
2025-06-09 07:14:59.857000+00:00,2025-06-09 07:00:00+00:00,continuous,105646.5,105646.5,105500.0,105511.3,67589688.1199001
2025-06-09 07:29:58.851000+00:00,2025-06-09 07:15:00+00:00,continuous,105511.4,105517.1,105447.0,105467.7,37353410.574200004
2025-06-09 07:44:59.039000+00:00,2025-06-09 07:30:00+00:00,continuous,105467.8,105566.0,105467.7,105523.6,40922000.76730019
2025-06-09 07:59:59.895000+00:00,2025-06-09 07:45:00+00:00,continuous,105523.6,105535.0,105487.9,105516.7,29928863.796900183
2025-06-09 08:14:59.773000+00:00,2025-06-09 08:00:00+00:00,continuous,105516.7,105592.7,105509.3,105552.2,47043588.70829987
2025-06-09 08:29:59.365000+00:00,2025-06-09 08:15:00+00:00,continuous,105552.2,105574.0,105429.2,105504.3,50178498.103999875
2025-06-09 08:44:59.854000+00:00,2025-06-09 08:30:00+00:00,continuous,105504.3,105716.7,105459.8,105680.0,121568346.1501006
2025-06-09 08:59:59.407000+00:00,2025-06-09 08:45:00+00:00,continuous,105679.9,105906.6,105638.4,105889.8,209455033.17859992
2025-06-09 09:14:59.308000+00:00,2025-06-09 09:00:00+00:00,continuous,105889.8,105919.1,105778.2,105867.4,105739057.38059983
2025-06-09 09:29:59.861000+00:00,2025-06-09 09:15:00+00:00,continuous,105867.3,106131.5,105800.0,106100.7,181469699.4228007
2025-06-09 09:44:59.991000+00:00,2025-06-09 09:30:00+00:00,continuous,106100.6,106583.5,106094.7,106571.5,464829168.73600185
2025-06-09 09:59:59.981000+00:00,2025-06-09 09:45:00+00:00,continuous,106571.6,106877.3,106550.0,106562.0,784757089.3103993
2025-06-09 10:14:59.997000+00:00,2025-06-09 10:00:00+00:00,continuous,106562.0,107280.0,106511.4,107140.4,711866859.6748018
2025-06-09 10:29:59.920000+00:00,2025-06-09 10:15:00+00:00,continuous,107140.3,107443.1,107025.0,107045.9,735609939.9204056
2025-06-09 10:44:59.986000+00:00,2025-06-09 10:30:00+00:00,continuous,107046.0,107189.3,106976.4,107179.8,258587609.34959874
2025-06-09 10:59:59.984000+00:00,2025-06-09 10:45:00+00:00,continuous,107179.7,107269.5,107045.8,107136.3,156447793.2963996
2025-06-09 11:14:59.957000+00:00,2025-06-09 11:00:00+00:00,continuous,107136.4,107388.4,107091.3,107388.4,293639050.97459894
2025-06-09 11:29:59.950000+00:00,2025-06-09 11:15:00+00:00,continuous,107388.3,107486.0,107267.0,107383.6,356409377.50410247
2025-06-09 11:44:59.883000+00:00,2025-06-09 11:30:00+00:00,continuous,107383.5,107774.8,107313.9,107682.0,513653239.97680056
2025-06-09 11:59:59.729000+00:00,2025-06-09 11:45:00+00:00,continuous,107682.0,107746.6,107515.4,107707.9,274040326.9204989
2025-06-09 12:14:59.813000+00:00,2025-06-09 12:00:00+00:00,continuous,107707.8,107757.0,107492.0,107510.7,300168958.0392996
2025-06-09 12:29:59.597000+00:00,2025-06-09 12:15:00+00:00,continuous,107510.7,107648.6,107490.3,107521.0,139409967.1959002
2025-06-09 12:44:59.990000+00:00,2025-06-09 12:30:00+00:00,continuous,107521.1,107885.1,107521.0,107873.4,322397416.6718
2025-06-09 12:59:59.999000+00:00,2025-06-09 12:45:00+00:00,continuous,107873.3,107912.8,107669.3,107695.6,208177562.1980997
2025-06-09 13:14:59.958000+00:00,2025-06-09 13:00:00+00:00,continuous,107695.5,107838.8,107569.7,107608.4,194097748.1460002
2025-06-09 13:29:59.834000+00:00,2025-06-09 13:15:00+00:00,continuous,107608.4,107628.0,107422.2,107455.0,162558587.12489945
2025-06-09 13:44:59.843000+00:00,2025-06-09 13:30:00+00:00,continuous,107455.0,107685.9,107124.6,107378.9,461159259.4815014
2025-06-09 13:59:59.788000+00:00,2025-06-09 13:45:00+00:00,continuous,107378.8,107410.0,106800.3,106971.0,551204737.8008989
2025-06-09 14:14:59.925000+00:00,2025-06-09 14:00:00+00:00,continuous,106971.0,107422.0,106970.9,107354.4,444058957.47640055
2025-06-09 14:29:59.661000+00:00,2025-06-09 14:15:00+00:00,continuous,107354.4,107633.9,107288.9,107506.4,304366577.7310997
2025-06-09 14:44:59.969000+00:00,2025-06-09 14:30:00+00:00,continuous,107506.5,107840.0,107506.4,107787.2,386842316.83879995
2025-06-09 14:59:59.616000+00:00,2025-06-09 14:45:00+00:00,continuous,107787.1,107985.0,107450.7,107561.2,395116974.3209006
2025-06-09 15:14:59.864000+00:00,2025-06-09 15:00:00+00:00,continuous,107561.1,107979.0,107468.5,107793.4,345780191.1844996
2025-06-09 15:29:59.926000+00:00,2025-06-09 15:15:00+00:00,continuous,107793.4,107940.0,107663.4,107877.9,200737281.62490022
2025-06-09 15:44:59.969000+00:00,2025-06-09 15:30:00+00:00,continuous,107877.8,107920.0,107640.5,107663.6,170855622.19339955
2025-06-09 15:59:59.589000+00:00,2025-06-09 15:45:00+00:00,continuous,107663.7,107800.2,107564.3,107564.3,115730919.22190014
2025-06-09 16:14:59.758000+00:00,2025-06-09 16:00:00+00:00,continuous,107564.3,107859.6,107563.4,107811.9,134487702.6419005
2025-06-09 16:29:59.751000+00:00,2025-06-09 16:15:00+00:00,continuous,107811.8,107974.0,107700.5,107885.8,211447026.44440007
2025-06-09 16:44:59.964000+00:00,2025-06-09 16:30:00+00:00,continuous,107885.8,107979.7,107842.6,107886.8,152264459.58870044
2025-06-09 16:59:59.719000+00:00,2025-06-09 16:45:00+00:00,continuous,107886.8,108100.0,107600.0,107647.6,334744863.5513012
2025-06-09 17:14:59.968000+00:00,2025-06-09 17:00:00+00:00,continuous,107647.7,108251.0,107600.0,108218.5,314124906.6593998
2025-06-09 17:29:59.831000+00:00,2025-06-09 17:15:00+00:00,continuous,108218.4,108301.0,108115.0,108269.9,370838986.3114982
2025-06-09 17:44:59.768000+00:00,2025-06-09 17:30:00+00:00,continuous,108269.9,108294.9,108100.0,108240.1,172222626.84270054
2025-06-09 17:59:59.688000+00:00,2025-06-09 17:45:00+00:00,continuous,108240.1,108366.0,108142.9,108282.7,161382051.88080028
2025-06-09 18:14:59.847000+00:00,2025-06-09 18:00:00+00:00,continuous,108282.7,108468.6,108231.8,108396.1,307832525.6004986
2025-06-09 18:29:59.133000+00:00,2025-06-09 18:15:00+00:00,continuous,108396.1,108496.9,108326.7,108372.8,151989070.7429996
2025-06-09 18:44:59.613000+00:00,2025-06-09 18:30:00+00:00,continuous,108372.9,108443.2,108240.2,108316.0,102441869.51280002
2025-06-09 18:59:58.491000+00:00,2025-06-09 18:45:00+00:00,continuous,108316.0,108428.5,108223.7,108386.2,108628267.64819977
2025-06-09 19:14:59.996000+00:00,2025-06-09 19:00:00+00:00,continuous,108386.3,108567.2,108355.1,108446.5,181563882.8484013
2025-06-09 19:29:59.845000+00:00,2025-06-09 19:15:00+00:00,continuous,108446.6,108791.8,108413.9,108619.3,419624106.2686015
2025-06-09 19:44:59.864000+00:00,2025-06-09 19:30:00+00:00,continuous,108619.2,108620.0,108381.0,108396.1,138761777.67040032
2025-06-09 19:59:59.987000+00:00,2025-06-09 19:45:00+00:00,continuous,108396.0,108594.0,108278.1,108515.1,160844666.6193004
2025-06-09 20:14:59.858000+00:00,2025-06-09 20:00:00+00:00,continuous,108515.1,108652.8,108383.0,108404.2,154496589.63540012
2025-06-09 20:29:59.587000+00:00,2025-06-09 20:15:00+00:00,continuous,108404.3,108621.3,108404.2,108621.3,69261534.67670044
2025-06-09 20:44:58.931000+00:00,2025-06-09 20:30:00+00:00,continuous,108621.3,108682.7,108600.1,108605.1,88971080.20640025
2025-06-09 20:59:59.940000+00:00,2025-06-09 20:45:00+00:00,continuous,108605.2,108665.6,108547.9,108637.2,53622152.75659995
2025-06-09 21:14:59.943000+00:00,2025-06-09 21:00:00+00:00,continuous,108637.3,109362.0,108637.2,109175.4,834786559.8671021
2025-06-09 21:29:59.998000+00:00,2025-06-09 21:15:00+00:00,continuous,109175.5,110610.0,109175.5,110530.1,1093921704.7018096
2025-06-09 21:44:59.734000+00:00,2025-06-09 21:30:00+00:00,continuous,110528.7,110653.6,109830.0,109865.5,813030143.079712
2025-06-09 21:59:59.833000+00:00,2025-06-09 21:45:00+00:00,continuous,109865.4,110065.9,109680.1,109935.8,340817940.8201944
2025-06-09 22:14:59.754000+00:00,2025-06-09 22:00:00+00:00,continuous,109935.9,110150.0,109690.8,109867.2,278870919.65549785
2025-06-09 22:29:59.946000+00:00,2025-06-09 22:15:00+00:00,continuous,109867.1,110217.2,109772.4,110158.0,227572688.5018996
2025-06-09 22:44:59.888000+00:00,2025-06-09 22:30:00+00:00,continuous,110158.0,110383.9,110048.0,110205.4,337913862.54970014
2025-06-09 22:59:59.907000+00:00,2025-06-09 22:45:00+00:00,continuous,110205.5,110217.1,110057.4,110132.4,127881968.8146001
2025-06-09 23:14:59.919000+00:00,2025-06-09 23:00:00+00:00,continuous,110132.3,110236.8,109850.0,109892.8,165813738.18639982
2025-06-09 23:29:59.964000+00:00,2025-06-09 23:15:00+00:00,continuous,109892.7,110247.8,109840.2,109999.9,250020132.6660001
2025-06-09 23:44:59.965000+00:00,2025-06-09 23:30:00+00:00,continuous,109999.7,110237.3,109932.6,110155.6,155057823.2313997
2025-06-09 23:59:59.930000+00:00,2025-06-09 23:45:00+00:00,continuous,110155.7,110277.9,110100.0,110227.9,161839071.65110025
2025-06-10 00:14:59.883000+00:00,2025-06-10 00:00:00+00:00,continuous,110228.0,110254.0,109903.3,109941.1,177005906.4368003
2025-06-10 00:29:59.825000+00:00,2025-06-10 00:15:00+00:00,continuous,109941.1,110280.0,109912.8,110240.6,198755093.8062001
2025-06-10 00:44:59.704000+00:00,2025-06-10 00:30:00+00:00,continuous,110240.6,110272.7,110013.2,110105.6,169302664.60890204
2025-06-10 00:59:59.780000+00:00,2025-06-10 00:45:00+00:00,continuous,110105.6,110117.4,109861.9,109870.5,179792727.23669934
2025-06-10 01:14:59.586000+00:00,2025-06-10 01:00:00+00:00,continuous,109870.5,109916.7,109684.3,109725.0,228039940.1792978
2025-06-10 01:29:59.753000+00:00,2025-06-10 01:15:00+00:00,continuous,109725.0,109892.6,109688.0,109802.1,112250396.94289966
2025-06-10 01:44:59.699000+00:00,2025-06-10 01:30:00+00:00,continuous,109802.1,109834.8,109700.1,109831.2,87892666.26569994
2025-06-10 01:59:59.931000+00:00,2025-06-10 01:45:00+00:00,continuous,109831.2,109847.3,109600.0,109742.7,125796497.95020065
2025-06-10 02:14:59.989000+00:00,2025-06-10 02:00:00+00:00,continuous,109742.7,109742.7,109340.0,109574.7,314709116.321499
2025-06-10 02:29:59.940000+00:00,2025-06-10 02:15:00+00:00,continuous,109574.7,109647.6,109432.2,109606.0,154162505.83510023
2025-06-10 02:44:59.033000+00:00,2025-06-10 02:30:00+00:00,continuous,109606.0,109662.4,109521.2,109583.0,88303548.23840047
2025-06-10 02:59:59.629000+00:00,2025-06-10 02:45:00+00:00,continuous,109583.0,109715.0,109523.3,109608.5,113667599.92809965
2025-06-10 03:14:59.917000+00:00,2025-06-10 03:00:00+00:00,continuous,109608.5,109645.2,109344.8,109358.8,114737896.17610013
2025-06-10 03:29:59.886000+00:00,2025-06-10 03:15:00+00:00,continuous,109358.7,109480.7,109354.7,109429.6,88368887.77300021
2025-06-10 03:44:59.953000+00:00,2025-06-10 03:30:00+00:00,continuous,109429.5,109472.0,109341.1,109408.1,51658190.64180009
2025-06-10 03:59:59.208000+00:00,2025-06-10 03:45:00+00:00,continuous,109408.0,109576.9,109383.3,109525.8,86986855.81470063
2025-06-10 04:14:59.975000+00:00,2025-06-10 04:00:00+00:00,continuous,109525.9,109611.5,109367.1,109367.1,100418244.85230048
2025-06-10 04:29:59.985000+00:00,2025-06-10 04:15:00+00:00,continuous,109367.1,109388.9,109321.3,109350.0,77110210.24319984
2025-06-10 04:44:59.789000+00:00,2025-06-10 04:30:00+00:00,continuous,109350.0,109500.0,109338.0,109446.1,58131099.19819998
2025-06-10 04:59:59.668000+00:00,2025-06-10 04:45:00+00:00,continuous,109446.0,109500.0,109400.9,109486.8,48816642.598799996
2025-06-10 05:14:59.994000+00:00,2025-06-10 05:00:00+00:00,continuous,109486.9,109516.0,109408.3,109478.5,66730922.69799969
2025-06-10 05:29:59.942000+00:00,2025-06-10 05:15:00+00:00,continuous,109478.6,109690.8,109352.0,109372.8,254185734.25780088
2025-06-10 05:44:59.593000+00:00,2025-06-10 05:30:00+00:00,continuous,109372.9,109400.0,109160.0,109353.2,236075854.20889983
2025-06-10 05:59:59.877000+00:00,2025-06-10 05:45:00+00:00,continuous,109353.2,109391.7,109183.6,109271.7,101158657.6639999
2025-06-10 06:14:59.899000+00:00,2025-06-10 06:00:00+00:00,continuous,109271.7,109379.7,109100.0,109155.9,212646393.7254012
2025-06-10 06:29:59.970000+00:00,2025-06-10 06:15:00+00:00,continuous,109155.9,109374.1,109155.8,109362.0,80171463.34520023
2025-06-10 06:44:59.885000+00:00,2025-06-10 06:30:00+00:00,continuous,109361.9,109600.0,109312.6,109529.9,155041120.44130024
2025-06-10 06:59:59.644000+00:00,2025-06-10 06:45:00+00:00,continuous,109529.9,109593.6,109458.7,109460.1,81590433.96159995
2025-06-10 07:14:59.992000+00:00,2025-06-10 07:00:00+00:00,continuous,109460.1,109460.1,109300.1,109351.5,101167060.34969972
2025-06-10 07:29:59.826000+00:00,2025-06-10 07:15:00+00:00,continuous,109351.5,109476.4,109247.6,109422.6,84712568.93800013
2025-06-10 07:44:59.910000+00:00,2025-06-10 07:30:00+00:00,continuous,109422.7,109476.5,109111.0,109123.4,150725010.92689922
2025-06-10 07:59:59.970000+00:00,2025-06-10 07:45:00+00:00,continuous,109123.4,109237.2,109041.1,109178.0,120258830.37350109
2025-06-10 08:14:59.694000+00:00,2025-06-10 08:00:00+00:00,continuous,109178.1,109378.9,109120.4,109206.1,147590343.46970102
2025-06-10 08:29:59.899000+00:00,2025-06-10 08:15:00+00:00,continuous,109206.1,109290.5,109152.6,109163.8,73594031.08099984
2025-06-10 08:44:59.929000+00:00,2025-06-10 08:30:00+00:00,continuous,109163.9,109298.6,109080.0,109218.0,104365120.35940029
2025-06-10 08:59:59.720000+00:00,2025-06-10 08:45:00+00:00,continuous,109218.0,109234.6,109010.2,109051.5,126881484.72660057
2025-06-10 09:14:59.512000+00:00,2025-06-10 09:00:00+00:00,continuous,109051.4,109171.3,109037.1,109128.0,100096982.04210006
2025-06-10 09:29:59.914000+00:00,2025-06-10 09:15:00+00:00,continuous,109128.1,109351.1,109066.4,109249.9,90806177.03189994
2025-06-10 09:44:59.590000+00:00,2025-06-10 09:30:00+00:00,continuous,109249.9,109436.3,109247.5,109322.6,182250256.25129974
2025-06-10 09:59:59.771000+00:00,2025-06-10 09:45:00+00:00,continuous,109322.6,109490.0,109310.0,109475.5,96555642.56529993
2025-06-10 10:14:58.874000+00:00,2025-06-10 10:00:00+00:00,continuous,109475.4,109499.0,109371.5,109471.0,109584557.55979986
2025-06-10 10:29:59.832000+00:00,2025-06-10 10:15:00+00:00,continuous,109471.0,109544.2,109360.0,109364.6,116064876.66219999
2025-06-10 10:44:59.865000+00:00,2025-06-10 10:30:00+00:00,continuous,109364.6,109380.9,109227.9,109233.6,72027105.22239986
2025-06-10 10:59:59.391000+00:00,2025-06-10 10:45:00+00:00,continuous,109233.6,109289.1,109230.7,109262.0,66277740.54810018
2025-06-10 11:14:59.992000+00:00,2025-06-10 11:00:00+00:00,continuous,109262.1,109437.8,109160.0,109400.0,103468440.54970044
2025-06-10 11:29:59.961000+00:00,2025-06-10 11:15:00+00:00,continuous,109400.0,109728.0,109400.0,109696.0,381696965.0806003
2025-06-10 11:44:59.649000+00:00,2025-06-10 11:30:00+00:00,continuous,109696.1,109800.0,109611.9,109682.4,381798904.4233966
2025-06-10 11:59:59.819000+00:00,2025-06-10 11:45:00+00:00,continuous,109682.3,109708.0,109445.0,109498.1,265214527.6681004
2025-06-10 12:14:59.901000+00:00,2025-06-10 12:00:00+00:00,continuous,109498.0,109562.9,109360.0,109414.8,170778134.79450023
2025-06-10 12:29:59.704000+00:00,2025-06-10 12:15:00+00:00,continuous,109414.8,109544.0,109380.1,109426.5,92513189.0580998
2025-06-10 12:44:59.991000+00:00,2025-06-10 12:30:00+00:00,continuous,109426.4,109617.1,109373.7,109528.8,87401364.29930015
2025-06-10 12:59:59.956000+00:00,2025-06-10 12:45:00+00:00,continuous,109528.7,109651.4,109488.7,109644.6,133931019.0767005
2025-06-10 13:14:59.989000+00:00,2025-06-10 13:00:00+00:00,continuous,109645.0,109744.1,109554.5,109725.9,115147457.75570004
2025-06-10 13:29:59.830000+00:00,2025-06-10 13:15:00+00:00,continuous,109726.0,109852.9,109588.8,109675.3,162396543.27149922
2025-06-10 13:44:59.968000+00:00,2025-06-10 13:30:00+00:00,continuous,109675.2,109731.2,108888.2,108966.0,744517494.1079944
2025-06-10 13:59:59.721000+00:00,2025-06-10 13:45:00+00:00,continuous,108966.1,109279.5,108797.8,109266.9,664239681.0527045
2025-06-10 14:14:59.977000+00:00,2025-06-10 14:00:00+00:00,continuous,109266.9,109297.6,108853.3,109042.1,274322358.69689935
2025-06-10 14:29:59.949000+00:00,2025-06-10 14:15:00+00:00,continuous,109042.0,109069.5,108625.5,108787.8,311120104.9348
2025-06-10 14:44:59.838000+00:00,2025-06-10 14:30:00+00:00,continuous,108787.8,108879.8,108504.2,108572.7,435272889.3073985
2025-06-10 14:59:59.896000+00:00,2025-06-10 14:45:00+00:00,continuous,108572.7,108705.0,108427.8,108579.1,377036178.76700187
2025-06-10 15:14:59.945000+00:00,2025-06-10 15:00:00+00:00,continuous,108579.0,109074.3,108458.3,109071.7,337691430.5014988
2025-06-10 15:29:59.949000+00:00,2025-06-10 15:15:00+00:00,continuous,109071.8,109169.8,108902.0,109022.5,218750969.70230052
2025-06-10 15:44:59.991000+00:00,2025-06-10 15:30:00+00:00,continuous,109022.5,109022.5,108282.0,108733.9,503894546.63879883
2025-06-10 15:59:59.937000+00:00,2025-06-10 15:45:00+00:00,continuous,108734.0,109049.9,108631.6,108975.3,179432453.6556991
2025-06-10 16:14:59.894000+00:00,2025-06-10 16:00:00+00:00,continuous,108975.2,109209.6,108964.4,109070.1,251872948.35239962
2025-06-10 16:29:58.905000+00:00,2025-06-10 16:15:00+00:00,continuous,109070.1,109136.4,108745.0,108960.4,155665341.96859998
2025-06-10 16:44:59.987000+00:00,2025-06-10 16:30:00+00:00,continuous,108960.3,109017.1,108763.5,108841.0,74977845.5397002
2025-06-10 16:59:59.861000+00:00,2025-06-10 16:45:00+00:00,continuous,108840.9,108850.0,108638.0,108680.4,96312952.83539917
2025-06-10 17:14:59.580000+00:00,2025-06-10 17:00:00+00:00,continuous,108680.4,108947.7,108655.8,108887.5,85099298.9016996
2025-06-10 17:29:59.218000+00:00,2025-06-10 17:15:00+00:00,continuous,108887.5,109029.0,108796.0,108796.1,71982237.19759962
2025-06-10 17:44:59.763000+00:00,2025-06-10 17:30:00+00:00,continuous,108796.0,108919.9,108660.3,108690.2,76922932.6863999
2025-06-10 17:59:59.704000+00:00,2025-06-10 17:45:00+00:00,continuous,108690.2,108812.5,108565.3,108668.0,70186030.64940019
2025-06-10 18:14:59.935000+00:00,2025-06-10 18:00:00+00:00,continuous,108668.0,108785.7,108467.5,108675.5,134003634.67829965
2025-06-10 18:29:59.884000+00:00,2025-06-10 18:15:00+00:00,continuous,108675.6,108888.0,108668.0,108877.5,65243681.54889979
2025-06-10 18:44:59.534000+00:00,2025-06-10 18:30:00+00:00,continuous,108877.5,109062.1,108778.7,109030.7,75948749.93539986
2025-06-10 18:59:59.665000+00:00,2025-06-10 18:45:00+00:00,continuous,109030.7,109433.0,109009.0,109230.0,241275759.49229977
2025-06-10 19:14:59.807000+00:00,2025-06-10 19:00:00+00:00,continuous,109230.1,109525.3,109230.0,109441.4,193562194.8637986
2025-06-10 19:29:59.854000+00:00,2025-06-10 19:15:00+00:00,continuous,109441.4,110145.3,109386.2,109991.8,559050329.6051003
2025-06-10 19:44:59.881000+00:00,2025-06-10 19:30:00+00:00,continuous,109991.9,110367.2,109903.8,109941.8,497598424.8313033
2025-06-10 19:59:59.873000+00:00,2025-06-10 19:45:00+00:00,continuous,109941.8,109941.9,109256.8,109460.0,618900176.0481014
2025-06-10 20:14:59.934000+00:00,2025-06-10 20:00:00+00:00,continuous,109460.1,109483.2,109217.2,109285.4,251323638.07830104
2025-06-10 20:29:59.837000+00:00,2025-06-10 20:15:00+00:00,continuous,109286.3,109545.5,109189.0,109487.5,134910464.01679954
2025-06-10 20:44:59.603000+00:00,2025-06-10 20:30:00+00:00,continuous,109487.5,109684.4,109409.5,109648.9,91372702.23900011
2025-06-10 20:59:59.870000+00:00,2025-06-10 20:45:00+00:00,continuous,109649.0,109963.1,109593.2,109910.6,124422763.07179998
2025-06-10 21:14:59.916000+00:00,2025-06-10 21:00:00+00:00,continuous,109910.5,109950.0,109699.9,109719.2,108492259.70749977
2025-06-10 21:29:59.960000+00:00,2025-06-10 21:15:00+00:00,continuous,109719.1,109775.1,109362.4,109725.1,152063912.34719875
2025-06-10 21:44:59.775000+00:00,2025-06-10 21:30:00+00:00,continuous,109725.1,109888.0,109700.1,109765.6,68159774.77199955
2025-06-10 21:59:59.041000+00:00,2025-06-10 21:45:00+00:00,continuous,109765.6,109813.4,109647.1,109813.4,38621723.34259994
2025-06-10 22:14:59.595000+00:00,2025-06-10 22:00:00+00:00,continuous,109813.4,110135.8,109788.9,109969.8,200447050.61170018
2025-06-10 22:29:59.696000+00:00,2025-06-10 22:15:00+00:00,continuous,109969.8,110057.2,109853.9,109911.9,75347276.80030002
2025-06-10 22:44:59.889000+00:00,2025-06-10 22:30:00+00:00,continuous,109912.0,109982.2,109711.3,109730.6,98699491.53570054
2025-06-10 22:59:59.973000+00:00,2025-06-10 22:45:00+00:00,continuous,109730.7,109766.8,109558.2,109688.4,95656525.25610018
2025-06-10 23:14:59.486000+00:00,2025-06-10 23:00:00+00:00,continuous,109688.5,109868.9,109545.0,109648.3,118183097.18709989
2025-06-10 23:29:59.974000+00:00,2025-06-10 23:15:00+00:00,continuous,109648.4,109780.9,109556.2,109749.9,54396509.839099795
2025-06-10 23:44:59.939000+00:00,2025-06-10 23:30:00+00:00,continuous,109750.0,110150.0,109750.0,110129.9,164956401.1907001
2025-06-10 23:59:59.985000+00:00,2025-06-10 23:45:00+00:00,continuous,110129.9,110265.5,110060.5,110235.4,154908461.6110993
2025-06-11 00:14:59.995000+00:00,2025-06-11 00:00:00+00:00,continuous,110235.4,110247.0,109919.4,109938.3,195421190.60069883
2025-06-11 00:29:59.996000+00:00,2025-06-11 00:15:00+00:00,continuous,109938.4,110099.8,109758.2,109801.1,181621228.81779984
2025-06-11 00:44:59.856000+00:00,2025-06-11 00:30:00+00:00,continuous,109801.1,110028.2,109771.0,109866.5,81621700.50950015
2025-06-11 00:59:59.689000+00:00,2025-06-11 00:45:00+00:00,continuous,109866.5,110000.0,109722.0,109782.5,75514860.09880048
2025-06-11 01:14:59.863000+00:00,2025-06-11 01:00:00+00:00,continuous,109782.6,109788.0,109617.0,109779.7,128379663.08360004
2025-06-11 01:29:59.926000+00:00,2025-06-11 01:15:00+00:00,continuous,109779.8,109791.3,109526.5,109674.6,92814106.01969987
2025-06-11 01:44:59.761000+00:00,2025-06-11 01:30:00+00:00,continuous,109674.6,109674.6,109556.2,109650.0,47488355.48439988
2025-06-11 01:59:59.891000+00:00,2025-06-11 01:45:00+00:00,continuous,109649.9,109664.3,109521.0,109562.6,49003168.71879992
2025-06-11 02:14:59.863000+00:00,2025-06-11 02:00:00+00:00,continuous,109562.6,109820.0,109549.0,109722.2,83094253.90720004
2025-06-11 02:29:59.623000+00:00,2025-06-11 02:15:00+00:00,continuous,109722.3,109761.8,109500.0,109545.2,61867188.51590021
2025-06-11 02:44:59.844000+00:00,2025-06-11 02:30:00+00:00,continuous,109545.2,109637.0,109508.0,109560.2,37326031.93560002
2025-06-11 02:59:59.634000+00:00,2025-06-11 02:45:00+00:00,continuous,109560.2,109649.9,109502.0,109642.1,37323267.10429999
2025-06-11 03:14:59.297000+00:00,2025-06-11 03:00:00+00:00,continuous,109642.2,109756.1,109616.2,109756.0,49413801.868899964
2025-06-11 03:29:59.751000+00:00,2025-06-11 03:15:00+00:00,continuous,109756.0,109827.4,109669.6,109716.0,63666969.172700115
2025-06-11 03:44:59.969000+00:00,2025-06-11 03:30:00+00:00,continuous,109716.0,109776.7,109577.7,109586.5,64548487.08119994
2025-06-11 03:59:58.551000+00:00,2025-06-11 03:45:00+00:00,continuous,109586.2,109708.1,109560.5,109664.1,99540711.60389988
2025-06-11 04:14:59.800000+00:00,2025-06-11 04:00:00+00:00,continuous,109664.1,109683.5,109527.0,109542.0,60121158.05259981
2025-06-11 04:29:59.210000+00:00,2025-06-11 04:15:00+00:00,continuous,109542.0,109638.3,109535.0,109630.9,39209770.611799836
2025-06-11 04:44:59.843000+00:00,2025-06-11 04:30:00+00:00,continuous,109630.9,109683.5,109544.7,109556.6,39239292.86509982
2025-06-11 04:59:59.820000+00:00,2025-06-11 04:45:00+00:00,continuous,109556.6,109556.7,109500.1,109521.8,35869256.323899955
2025-06-11 05:14:59.699000+00:00,2025-06-11 05:00:00+00:00,continuous,109521.7,109538.0,109400.1,109436.9,89574299.54970019
2025-06-11 05:29:59.821000+00:00,2025-06-11 05:15:00+00:00,continuous,109436.8,109612.3,109375.3,109593.4,73061720.86780015
2025-06-11 05:44:59.734000+00:00,2025-06-11 05:30:00+00:00,continuous,109593.4,109593.5,109440.1,109462.9,37222877.987999886
2025-06-11 05:59:59.436000+00:00,2025-06-11 05:45:00+00:00,continuous,109462.9,109508.3,109401.3,109423.8,30839762.158100013
2025-06-11 06:14:59.908000+00:00,2025-06-11 06:00:00+00:00,continuous,109423.8,109555.0,109423.7,109514.7,50427844.141699895
2025-06-11 06:29:59.922000+00:00,2025-06-11 06:15:00+00:00,continuous,109514.6,109544.1,109366.0,109405.9,38865671.65449988
2025-06-11 06:44:59.943000+00:00,2025-06-11 06:30:00+00:00,continuous,109406.0,109422.5,109335.4,109406.8,64632124.603099905
2025-06-11 06:59:59.618000+00:00,2025-06-11 06:45:00+00:00,continuous,109406.9,109642.4,109322.0,109555.6,109117493.28870066
2025-06-11 07:14:59.780000+00:00,2025-06-11 07:00:00+00:00,continuous,109555.6,109715.4,109541.1,109650.3,134862734.5733996
2025-06-11 07:29:59.963000+00:00,2025-06-11 07:15:00+00:00,continuous,109650.4,109650.4,109508.8,109554.9,65403151.9297001
2025-06-11 07:44:59.735000+00:00,2025-06-11 07:30:00+00:00,continuous,109554.8,109587.6,109450.9,109462.2,64046919.43949977
2025-06-11 07:59:59.905000+00:00,2025-06-11 07:45:00+00:00,continuous,109462.2,109548.9,109392.1,109396.9,81129391.98899981
2025-06-11 08:14:59.560000+00:00,2025-06-11 08:00:00+00:00,continuous,109396.9,109544.9,109396.9,109509.8,75916871.08400017
2025-06-11 08:29:59.880000+00:00,2025-06-11 08:15:00+00:00,continuous,109509.9,109540.0,109405.9,109492.4,66747289.64140011
2025-06-11 08:44:59.650000+00:00,2025-06-11 08:30:00+00:00,continuous,109492.5,109629.3,109492.4,109539.4,54770662.39869989
2025-06-11 08:59:59.603000+00:00,2025-06-11 08:45:00+00:00,continuous,109539.4,109590.0,109467.2,109522.1,60462991.02339986
2025-06-11 09:14:59.427000+00:00,2025-06-11 09:00:00+00:00,continuous,109522.0,109560.7,109375.5,109442.2,115099822.88440052
2025-06-11 09:29:59.522000+00:00,2025-06-11 09:15:00+00:00,continuous,109442.2,109517.5,109414.2,109422.5,50219739.94190019
2025-06-11 09:44:59.951000+00:00,2025-06-11 09:30:00+00:00,continuous,109422.6,109422.6,109206.2,109229.3,148206327.3035009
2025-06-11 09:59:59.876000+00:00,2025-06-11 09:45:00+00:00,continuous,109229.2,109255.0,109175.0,109219.1,138620254.82039967
2025-06-11 10:14:59.934000+00:00,2025-06-11 10:00:00+00:00,continuous,109219.2,109337.4,109133.8,109224.3,122806428.42190006
2025-06-11 10:29:59.330000+00:00,2025-06-11 10:15:00+00:00,continuous,109224.2,109274.8,109181.0,109260.0,61164990.05190035
2025-06-11 10:44:59.639000+00:00,2025-06-11 10:30:00+00:00,continuous,109260.0,109297.7,109180.0,109254.9,57740163.83839999
2025-06-11 10:59:59.547000+00:00,2025-06-11 10:45:00+00:00,continuous,109255.0,109438.0,109254.9,109322.4,90655244.97499976
2025-06-11 11:14:59.971000+00:00,2025-06-11 11:00:00+00:00,continuous,109322.5,109344.4,109232.8,109255.9,64839549.03570007
2025-06-11 11:29:59.999000+00:00,2025-06-11 11:15:00+00:00,continuous,109255.8,109267.8,109179.5,109220.1,63395819.10630034
2025-06-11 11:44:59.470000+00:00,2025-06-11 11:30:00+00:00,continuous,109220.0,109270.0,109150.0,109190.1,80649722.94079986
2025-06-11 11:59:59.997000+00:00,2025-06-11 11:45:00+00:00,continuous,109190.0,109235.0,109166.1,109200.1,48819073.378500134
2025-06-11 12:14:59.639000+00:00,2025-06-11 12:00:00+00:00,continuous,109200.1,109432.6,109100.0,109340.2,371577301.89599806
2025-06-11 12:29:59.931000+00:00,2025-06-11 12:15:00+00:00,continuous,109340.1,109340.2,108950.1,109242.6,306792271.27340096
2025-06-11 12:44:59.997000+00:00,2025-06-11 12:30:00+00:00,continuous,109242.5,109950.6,109242.5,109769.0,1191966460.1448073
2025-06-11 12:59:59.732000+00:00,2025-06-11 12:45:00+00:00,continuous,109769.1,109776.0,109516.1,109663.6,215517132.9351
2025-06-11 13:14:59.871000+00:00,2025-06-11 13:00:00+00:00,continuous,109663.5,109699.3,109498.4,109570.0,142403165.73039982
2025-06-11 13:29:59.808000+00:00,2025-06-11 13:15:00+00:00,continuous,109570.0,109829.4,109543.5,109750.0,139987299.04309997
2025-06-11 13:44:59.903000+00:00,2025-06-11 13:30:00+00:00,continuous,109750.1,109847.2,109259.5,109642.2,446323016.4340997
2025-06-11 13:59:59.754000+00:00,2025-06-11 13:45:00+00:00,continuous,109642.0,109733.9,109273.2,109631.5,265995928.0807015
2025-06-11 14:14:59.816000+00:00,2025-06-11 14:00:00+00:00,continuous,109631.5,109978.5,109586.2,109948.2,268718479.61280054
2025-06-11 14:29:59.875000+00:00,2025-06-11 14:15:00+00:00,continuous,109948.2,110325.7,109930.5,110191.0,613920010.9127998
2025-06-11 14:44:59.851000+00:00,2025-06-11 14:30:00+00:00,continuous,110191.1,110350.0,109745.3,109989.5,500317159.1462013
2025-06-11 14:59:59.844000+00:00,2025-06-11 14:45:00+00:00,continuous,109989.5,110079.9,109734.6,109831.2,193598227.51280025
2025-06-11 15:14:59.895000+00:00,2025-06-11 15:00:00+00:00,continuous,109831.2,109997.5,109607.5,109646.3,202296845.75270104
2025-06-11 15:29:59.741000+00:00,2025-06-11 15:15:00+00:00,continuous,109646.3,109775.3,109603.9,109723.0,105879328.8808009
2025-06-11 15:44:59.890000+00:00,2025-06-11 15:30:00+00:00,continuous,109722.9,109867.3,109636.2,109690.5,107666370.83360042
2025-06-11 15:59:59.928000+00:00,2025-06-11 15:45:00+00:00,continuous,109690.4,109917.4,109609.0,109694.8,121253284.39120021
2025-06-11 16:14:59.992000+00:00,2025-06-11 16:00:00+00:00,continuous,109694.9,109776.5,109246.0,109414.1,323640329.1450012
2025-06-11 16:29:59.820000+00:00,2025-06-11 16:15:00+00:00,continuous,109414.3,109617.1,109336.3,109570.6,185341641.7606994
2025-06-11 16:44:59.902000+00:00,2025-06-11 16:30:00+00:00,continuous,109570.6,109590.0,109400.0,109440.7,74008608.6120002
2025-06-11 16:59:59.664000+00:00,2025-06-11 16:45:00+00:00,continuous,109440.7,109574.0,109349.3,109399.8,116623883.4162001
2025-06-11 17:14:59.975000+00:00,2025-06-11 17:00:00+00:00,continuous,109399.8,109593.1,109299.9,109512.8,158976751.71570054
2025-06-11 17:29:59.786000+00:00,2025-06-11 17:15:00+00:00,continuous,109512.8,109715.6,109472.5,109617.0,121713299.1150995
2025-06-11 17:44:59.902000+00:00,2025-06-11 17:30:00+00:00,continuous,109617.0,109675.0,109222.5,109238.5,137554953.6314
2025-06-11 17:59:59.872000+00:00,2025-06-11 17:45:00+00:00,continuous,109238.6,109251.4,108903.2,108933.6,383325039.02599627
2025-06-11 18:14:59.922000+00:00,2025-06-11 18:00:00+00:00,continuous,108933.7,109027.5,108703.7,108730.1,333701655.0364023
2025-06-11 18:29:59.965000+00:00,2025-06-11 18:15:00+00:00,continuous,108730.0,108730.0,108388.0,108488.7,759477036.9589999
2025-06-11 18:44:59.543000+00:00,2025-06-11 18:30:00+00:00,continuous,108488.8,108779.6,108331.7,108765.8,351916366.47480035
2025-06-11 18:59:59.942000+00:00,2025-06-11 18:45:00+00:00,continuous,108765.9,108889.8,108662.5,108749.8,167511291.0881998
2025-06-11 19:14:59.226000+00:00,2025-06-11 19:00:00+00:00,continuous,108749.7,108882.4,108517.2,108785.4,157305296.6541
2025-06-11 19:29:59.980000+00:00,2025-06-11 19:15:00+00:00,continuous,108785.4,108909.6,108681.8,108830.1,129671579.53140055
2025-06-11 19:44:59.778000+00:00,2025-06-11 19:30:00+00:00,continuous,108830.0,108857.5,108536.2,108609.5,111981674.52860042
2025-06-11 19:59:59.877000+00:00,2025-06-11 19:45:00+00:00,continuous,108609.4,108709.6,108500.0,108684.5,119040918.59210026
2025-06-11 20:14:59.969000+00:00,2025-06-11 20:00:00+00:00,continuous,108684.5,108868.6,108419.2,108787.4,164573419.60489953
2025-06-11 20:29:59.935000+00:00,2025-06-11 20:15:00+00:00,continuous,108787.3,108890.7,108773.3,108783.0,74077318.6989004
2025-06-11 20:44:59.943000+00:00,2025-06-11 20:30:00+00:00,continuous,108783.1,108845.8,108741.0,108845.8,46646186.82690001
2025-06-11 20:59:59.972000+00:00,2025-06-11 20:45:00+00:00,continuous,108845.8,108963.0,108722.4,108860.4,72676525.50659993
2025-06-11 21:14:59.566000+00:00,2025-06-11 21:00:00+00:00,continuous,108860.5,109164.8,108837.8,109161.6,97634145.09999977
2025-06-11 21:29:59.942000+00:00,2025-06-11 21:15:00+00:00,continuous,109161.6,109161.7,108793.8,108794.2,82985800.0276999
2025-06-11 21:44:59.532000+00:00,2025-06-11 21:30:00+00:00,continuous,108794.2,108794.3,108360.0,108634.5,182471359.16799918
2025-06-11 21:59:59.580000+00:00,2025-06-11 21:45:00+00:00,continuous,108634.5,108761.5,108300.1,108445.1,164163049.9691001
2025-06-11 22:14:59.729000+00:00,2025-06-11 22:00:00+00:00,continuous,108445.2,108595.5,108303.6,108562.7,194950558.77590075
2025-06-11 22:29:59.964000+00:00,2025-06-11 22:15:00+00:00,continuous,108562.7,108562.7,108001.2,108241.1,495766537.2100016
2025-06-11 22:44:59.514000+00:00,2025-06-11 22:30:00+00:00,continuous,108241.0,108291.4,108085.0,108272.1,141694942.44910002
2025-06-11 22:59:59.880000+00:00,2025-06-11 22:45:00+00:00,continuous,108272.0,108420.0,108245.5,108399.5,119234411.14890087
2025-06-11 23:14:59.285000+00:00,2025-06-11 23:00:00+00:00,continuous,108399.4,108474.4,108250.2,108374.8,110062339.05740012
2025-06-11 23:29:59.850000+00:00,2025-06-11 23:15:00+00:00,continuous,108374.9,108573.9,108374.1,108550.4,88640474.85860027
2025-06-11 23:44:59.977000+00:00,2025-06-11 23:30:00+00:00,continuous,108550.4,108652.7,108529.7,108621.1,83697016.46070047
2025-06-11 23:59:59.764000+00:00,2025-06-11 23:45:00+00:00,continuous,108621.0,108649.9,108536.0,108600.0,83981748.431699
2025-06-12 00:14:59.938000+00:00,2025-06-12 00:00:00+00:00,continuous,108600.1,108641.0,108525.0,108567.1,131322327.1492
2025-06-12 00:29:59.476000+00:00,2025-06-12 00:15:00+00:00,continuous,108567.1,108782.1,108452.2,108486.9,172237525.14380044
2025-06-12 00:44:59.965000+00:00,2025-06-12 00:30:00+00:00,continuous,108486.9,108632.5,108280.0,108632.4,166256969.94099903
2025-06-12 00:59:59.633000+00:00,2025-06-12 00:45:00+00:00,continuous,108632.4,108735.9,108597.1,108674.0,92995033.69010006
2025-06-12 01:14:59.982000+00:00,2025-06-12 01:00:00+00:00,continuous,108674.0,108674.0,108473.3,108526.9,72296009.12600015
2025-06-12 01:29:59.832000+00:00,2025-06-12 01:15:00+00:00,continuous,108526.8,108645.1,108340.0,108369.9,67242585.73290008
2025-06-12 01:44:59.644000+00:00,2025-06-12 01:30:00+00:00,continuous,108370.0,108472.5,108207.8,108433.5,129522852.26419978
2025-06-12 01:59:59.999000+00:00,2025-06-12 01:45:00+00:00,continuous,108433.6,108481.4,108250.1,108481.4,62552256.770000085
2025-06-12 02:14:58.139000+00:00,2025-06-12 02:00:00+00:00,continuous,108481.4,108725.3,108415.2,108597.5,134543599.17989913
2025-06-12 02:29:59.955000+00:00,2025-06-12 02:15:00+00:00,continuous,108597.5,108608.6,108479.4,108533.5,43179460.21450026
2025-06-12 02:44:59.814000+00:00,2025-06-12 02:30:00+00:00,continuous,108533.4,108579.3,108420.8,108420.8,56950193.75139995
2025-06-12 02:59:59.890000+00:00,2025-06-12 02:45:00+00:00,continuous,108420.8,108562.1,108325.0,108337.0,133259167.06110017
2025-06-12 03:14:59.358000+00:00,2025-06-12 03:00:00+00:00,continuous,108336.9,108388.0,108223.2,108275.0,205191827.1443002
2025-06-12 03:29:59.932000+00:00,2025-06-12 03:15:00+00:00,continuous,108275.0,108286.7,107650.0,107840.4,685975321.2646981
2025-06-12 03:44:59.942000+00:00,2025-06-12 03:30:00+00:00,continuous,107840.3,107994.0,107813.8,107994.0,241533540.3315996
2025-06-12 03:59:59.626000+00:00,2025-06-12 03:45:00+00:00,continuous,107992.5,108039.9,107800.0,107820.5,223124843.99829987
2025-06-12 04:14:59.943000+00:00,2025-06-12 04:00:00+00:00,continuous,107820.5,107885.4,107688.1,107693.7,127379144.8017002
2025-06-12 04:29:59.954000+00:00,2025-06-12 04:15:00+00:00,continuous,107693.6,107747.3,107300.0,107576.2,421708997.40730065
2025-06-12 04:44:59.745000+00:00,2025-06-12 04:30:00+00:00,continuous,107576.2,107637.4,107516.1,107552.7,140576783.4544
2025-06-12 04:59:59.639000+00:00,2025-06-12 04:45:00+00:00,continuous,107552.6,107729.0,107549.9,107720.5,115156753.33650012
2025-06-12 05:14:59.938000+00:00,2025-06-12 05:00:00+00:00,continuous,107720.4,107720.5,107547.5,107679.5,114499759.90240031
2025-06-12 05:29:59.068000+00:00,2025-06-12 05:15:00+00:00,continuous,107679.5,107892.4,107674.1,107811.5,125152018.0772004
2025-06-12 05:44:59.906000+00:00,2025-06-12 05:30:00+00:00,continuous,107811.5,107842.8,107611.6,107626.0,82629251.08239993
2025-06-12 05:59:59.926000+00:00,2025-06-12 05:45:00+00:00,continuous,107626.0,107728.2,107626.0,107704.2,44242045.690299906
2025-06-12 06:14:59.983000+00:00,2025-06-12 06:00:00+00:00,continuous,107704.1,107751.9,107636.7,107697.1,73677511.96920013
2025-06-12 06:29:59.948000+00:00,2025-06-12 06:15:00+00:00,continuous,107697.1,107799.4,107577.5,107753.3,101158030.29689986
2025-06-12 06:44:59.910000+00:00,2025-06-12 06:30:00+00:00,continuous,107753.2,107951.0,107753.2,107920.4,97299815.50959975
2025-06-12 06:59:59.797000+00:00,2025-06-12 06:45:00+00:00,continuous,107920.4,107920.5,107840.8,107855.2,58772793.52890014
2025-06-12 07:14:59.929000+00:00,2025-06-12 07:00:00+00:00,continuous,107855.1,107916.5,107785.1,107816.1,55905100.30039982
2025-06-12 07:29:59.739000+00:00,2025-06-12 07:15:00+00:00,continuous,107815.8,107849.8,107615.3,107621.0,53789136.6161997
2025-06-12 07:44:59.715000+00:00,2025-06-12 07:30:00+00:00,continuous,107621.0,107664.1,107400.0,107542.0,162158859.95759904
2025-06-12 07:59:59.845000+00:00,2025-06-12 07:45:00+00:00,continuous,107541.9,107641.0,107475.0,107577.0,102662017.1067998
2025-06-12 08:14:59.666000+00:00,2025-06-12 08:00:00+00:00,continuous,107577.0,107722.0,107400.0,107691.0,186514768.22569948
2025-06-12 08:29:59.343000+00:00,2025-06-12 08:15:00+00:00,continuous,107691.0,107797.1,107604.8,107768.0,89342123.4301995
2025-06-12 08:44:58.305000+00:00,2025-06-12 08:30:00+00:00,continuous,107767.9,107798.0,107649.5,107676.1,60662810.71389998
2025-06-12 08:59:59.583000+00:00,2025-06-12 08:45:00+00:00,continuous,107676.1,107737.1,107600.0,107685.9,42292981.275899805
2025-06-12 09:14:59.827000+00:00,2025-06-12 09:00:00+00:00,continuous,107685.9,107737.7,107568.0,107586.3,61458021.767900005
2025-06-12 09:29:59.732000+00:00,2025-06-12 09:15:00+00:00,continuous,107586.3,107625.1,107503.5,107548.2,54258402.44589978
2025-06-12 09:44:59.980000+00:00,2025-06-12 09:30:00+00:00,continuous,107548.2,107679.6,107548.1,107583.2,54168233.35030003
2025-06-12 09:59:59.570000+00:00,2025-06-12 09:45:00+00:00,continuous,107583.2,107597.2,107400.0,107459.8,106062046.36360052
2025-06-12 10:14:59.810000+00:00,2025-06-12 10:00:00+00:00,continuous,107459.7,107479.0,107300.0,107339.8,173378824.05120102
2025-06-12 10:29:59.171000+00:00,2025-06-12 10:15:00+00:00,continuous,107339.7,107399.0,107173.8,107237.7,285216915.2103009
2025-06-12 10:44:59.989000+00:00,2025-06-12 10:30:00+00:00,continuous,107237.6,107316.6,107177.9,107198.6,124404978.17450017
2025-06-12 10:59:59.822000+00:00,2025-06-12 10:45:00+00:00,continuous,107198.5,107327.6,107157.6,107283.0,104984450.10689981
2025-06-12 11:14:59.754000+00:00,2025-06-12 11:00:00+00:00,continuous,107283.0,107317.7,107163.0,107263.9,93926890.09650008
2025-06-12 11:29:59.898000+00:00,2025-06-12 11:15:00+00:00,continuous,107263.8,107263.8,106923.3,106993.2,297130544.1235999
2025-06-12 11:44:59.820000+00:00,2025-06-12 11:30:00+00:00,continuous,106993.2,107100.0,106913.0,107082.7,205298500.73139933
2025-06-12 11:59:59.967000+00:00,2025-06-12 11:45:00+00:00,continuous,107082.7,107147.8,106830.0,106862.9,259525830.3535006
2025-06-12 12:14:59.894000+00:00,2025-06-12 12:00:00+00:00,continuous,106863.0,106994.3,106834.4,106858.8,199507040.25219938
2025-06-12 12:29:58.424000+00:00,2025-06-12 12:15:00+00:00,continuous,106858.7,106980.0,106847.2,106941.0,137563456.57289985
2025-06-12 12:44:59.960000+00:00,2025-06-12 12:30:00+00:00,continuous,106941.1,107398.3,106931.9,107348.4,440500861.2363017
2025-06-12 12:59:59.998000+00:00,2025-06-12 12:45:00+00:00,continuous,107348.5,107348.5,106900.0,106939.2,366769021.3298981
2025-06-12 13:14:59.688000+00:00,2025-06-12 13:00:00+00:00,continuous,106939.2,107110.0,106935.1,107000.2,167725862.415801
2025-06-12 13:29:59.628000+00:00,2025-06-12 13:15:00+00:00,continuous,107000.1,107016.4,106688.0,106792.6,365244534.3901005
2025-06-12 13:44:59.950000+00:00,2025-06-12 13:30:00+00:00,continuous,106792.5,107077.7,106539.1,107077.6,600785781.005206
2025-06-12 13:59:59.551000+00:00,2025-06-12 13:45:00+00:00,continuous,107077.7,107152.7,106851.0,107015.9,222500135.35639966
2025-06-12 14:14:59.915000+00:00,2025-06-12 14:00:00+00:00,continuous,107015.8,107482.6,107015.8,107421.8,378381551.3563987
2025-06-12 14:29:59.807000+00:00,2025-06-12 14:15:00+00:00,continuous,107421.7,107492.8,107304.9,107421.5,241893305.16520086
2025-06-12 14:44:59.625000+00:00,2025-06-12 14:30:00+00:00,continuous,107421.5,107673.9,107311.0,107504.9,300344016.2213977
2025-06-12 14:59:59.967000+00:00,2025-06-12 14:45:00+00:00,continuous,107504.8,107660.9,107492.4,107560.0,130780819.29890066
2025-06-12 15:14:59.940000+00:00,2025-06-12 15:00:00+00:00,continuous,107559.9,107769.1,107546.3,107546.4,257237503.90259978
2025-06-12 15:29:59.781000+00:00,2025-06-12 15:15:00+00:00,continuous,107546.3,107661.4,107006.6,107151.3,403986075.5914027
2025-06-12 15:44:59.984000+00:00,2025-06-12 15:30:00+00:00,continuous,107151.3,107419.3,107073.8,107349.3,199880013.66719952
2025-06-12 15:59:59.814000+00:00,2025-06-12 15:45:00+00:00,continuous,107349.2,107367.5,106800.1,106960.6,347632922.9171965
2025-06-12 16:14:59.859000+00:00,2025-06-12 16:00:00+00:00,continuous,106960.6,107442.1,106927.1,107292.0,246289355.31389987
2025-06-12 16:29:59.939000+00:00,2025-06-12 16:15:00+00:00,continuous,107292.0,107790.1,107282.5,107672.1,223852332.0077005
2025-06-12 16:44:59.817000+00:00,2025-06-12 16:30:00+00:00,continuous,107672.1,107718.0,107425.1,107614.3,195557604.49550003
2025-06-12 16:59:59.676000+00:00,2025-06-12 16:45:00+00:00,continuous,107614.4,107705.2,107447.5,107686.3,133881531.39170046
2025-06-12 17:14:59.706000+00:00,2025-06-12 17:00:00+00:00,continuous,107686.2,107909.9,107651.2,107834.6,218570583.9250008
2025-06-12 17:29:59.599000+00:00,2025-06-12 17:15:00+00:00,continuous,107834.6,108196.6,107828.1,108119.0,430105860.47460157
2025-06-12 17:44:59.969000+00:00,2025-06-12 17:30:00+00:00,continuous,108119.0,108272.1,108111.2,108234.1,189708215.42020047
2025-06-12 17:59:59.618000+00:00,2025-06-12 17:45:00+00:00,continuous,108234.0,108398.4,108143.1,108239.7,258014033.58700007
2025-06-12 18:14:59.653000+00:00,2025-06-12 18:00:00+00:00,continuous,108239.8,108369.3,107979.1,108017.3,217563084.89970005
2025-06-12 18:29:59.784000+00:00,2025-06-12 18:15:00+00:00,continuous,108017.4,108086.4,107674.2,107745.0,183620486.6359005
2025-06-12 18:44:59.883000+00:00,2025-06-12 18:30:00+00:00,continuous,107745.0,107923.1,107515.0,107537.9,182193379.3215001
2025-06-12 18:59:59.887000+00:00,2025-06-12 18:45:00+00:00,continuous,107537.8,107574.8,107164.4,107520.5,437727463.20130205
2025-06-12 19:14:59.894000+00:00,2025-06-12 19:00:00+00:00,continuous,107520.4,107713.4,107385.5,107706.0,106526402.00180101
2025-06-12 19:29:59.319000+00:00,2025-06-12 19:15:00+00:00,continuous,107706.0,107832.1,107553.5,107732.9,165410839.47990033
2025-06-12 19:44:59.714000+00:00,2025-06-12 19:30:00+00:00,continuous,107732.9,107784.6,107470.0,107474.9,76462748.2037999
2025-06-12 19:59:59.868000+00:00,2025-06-12 19:45:00+00:00,continuous,107475.0,107475.0,106621.0,106749.6,619241459.0688047
2025-06-12 20:14:59.919000+00:00,2025-06-12 20:00:00+00:00,continuous,106749.5,106929.9,106336.7,106435.5,395820519.3948009
2025-06-12 20:29:59.878000+00:00,2025-06-12 20:15:00+00:00,continuous,106435.5,106855.2,106300.0,106852.4,338674741.22790056
2025-06-12 20:44:59.982000+00:00,2025-06-12 20:30:00+00:00,continuous,106852.4,106908.6,105806.1,105944.2,1020153707.3575068
2025-06-12 20:59:59.988000+00:00,2025-06-12 20:45:00+00:00,continuous,105944.2,106140.7,105704.0,105913.4,629756641.2830046
2025-06-12 21:14:59.673000+00:00,2025-06-12 21:00:00+00:00,continuous,105913.3,106203.9,105800.0,106137.2,297508188.28310114
2025-06-12 21:29:59.391000+00:00,2025-06-12 21:15:00+00:00,continuous,106137.2,106372.3,105967.7,106355.7,175561639.71689963
2025-06-12 21:44:59.970000+00:00,2025-06-12 21:30:00+00:00,continuous,106355.7,106362.2,105814.8,106010.1,228717278.49519998
2025-06-12 21:59:59.976000+00:00,2025-06-12 21:45:00+00:00,continuous,106010.0,106121.7,105827.8,105827.8,84721522.59659995
2025-06-12 22:14:59.773000+00:00,2025-06-12 22:00:00+00:00,continuous,105827.4,106180.9,105808.8,106107.3,150590342.77100018
2025-06-12 22:29:59.928000+00:00,2025-06-12 22:15:00+00:00,continuous,106107.2,106129.0,105700.0,105814.1,260293256.99589995
2025-06-12 22:44:59.652000+00:00,2025-06-12 22:30:00+00:00,continuous,105814.2,105925.4,105700.0,105750.6,142772566.38150036
2025-06-12 22:59:59.592000+00:00,2025-06-12 22:45:00+00:00,continuous,105750.6,105893.1,105672.0,105830.6,217017531.96270064
2025-06-12 23:14:59.917000+00:00,2025-06-12 23:00:00+00:00,continuous,105830.6,106100.1,105723.3,105757.5,199515218.4583005
2025-06-12 23:29:59.959000+00:00,2025-06-12 23:15:00+00:00,continuous,105757.5,106059.0,105755.2,106050.6,152322005.1515004
2025-06-12 23:44:59.782000+00:00,2025-06-12 23:30:00+00:00,continuous,106050.7,106050.7,105846.4,106001.7,94309381.8291999
2025-06-12 23:59:59.976000+00:00,2025-06-12 23:45:00+00:00,continuous,106001.6,106001.6,105602.0,105609.5,189439822.07570004
2025-06-13 00:14:59.895000+00:00,2025-06-13 00:00:00+00:00,continuous,105609.4,105661.0,103938.7,104270.1,2407652412.586732
2025-06-13 00:29:59.854000+00:00,2025-06-13 00:15:00+00:00,continuous,104270.1,104561.9,103500.0,103668.0,1298284803.8270814
2025-06-13 00:44:59.965000+00:00,2025-06-13 00:30:00+00:00,continuous,103668.1,104066.9,103150.0,103850.2,982561009.8032115
2025-06-13 00:59:59.967000+00:00,2025-06-13 00:45:00+00:00,continuous,103850.2,104078.9,103462.6,103733.7,469457146.4127989
2025-06-13 01:14:59.985000+00:00,2025-06-13 01:00:00+00:00,continuous,103733.7,103733.8,102614.0,102853.6,1080471368.8624022
2025-06-13 01:29:59.928000+00:00,2025-06-13 01:15:00+00:00,continuous,102853.5,103423.0,102828.9,103212.5,502423500.662704
2025-06-13 01:44:59.959000+00:00,2025-06-13 01:30:00+00:00,continuous,103212.5,103512.3,102920.3,103480.0,482265805.1834001
2025-06-13 01:59:59.952000+00:00,2025-06-13 01:45:00+00:00,continuous,103479.9,103818.1,103463.1,103714.9,524681294.95259994
2025-06-13 02:14:59.889000+00:00,2025-06-13 02:00:00+00:00,continuous,103715.0,103828.4,103501.4,103673.5,294325513.6999023
2025-06-13 02:29:59.801000+00:00,2025-06-13 02:15:00+00:00,continuous,103673.4,103918.1,103520.0,103650.3,209373798.5781001
2025-06-13 02:44:59.898000+00:00,2025-06-13 02:30:00+00:00,continuous,103650.3,103885.5,103016.6,103103.0,388688998.2780976
2025-06-13 02:59:59.836000+00:00,2025-06-13 02:45:00+00:00,continuous,103102.9,103714.6,103096.8,103596.6,260247420.08780155
2025-06-13 03:14:59.800000+00:00,2025-06-13 03:00:00+00:00,continuous,103596.6,104070.6,103570.4,103933.8,301606284.71840316
2025-06-13 03:29:59.928000+00:00,2025-06-13 03:15:00+00:00,continuous,103933.8,104293.4,103900.0,104042.3,313356204.70879865
2025-06-13 03:44:59.890000+00:00,2025-06-13 03:30:00+00:00,continuous,104042.2,104227.1,103951.7,104096.8,162741443.5098993
2025-06-13 03:59:59.903000+00:00,2025-06-13 03:45:00+00:00,continuous,104096.9,104578.0,103899.0,104233.9,572966010.2052968
2025-06-13 04:14:59.843000+00:00,2025-06-13 04:00:00+00:00,continuous,104233.9,104250.3,103786.0,103953.0,266605983.86720014
2025-06-13 04:29:59.750000+00:00,2025-06-13 04:15:00+00:00,continuous,103952.9,104035.5,103733.7,104024.5,172322054.25650004
2025-06-13 04:44:59.988000+00:00,2025-06-13 04:30:00+00:00,continuous,104024.5,104466.6,104006.1,104438.7,170997791.77070034
2025-06-13 04:59:59.930000+00:00,2025-06-13 04:45:00+00:00,continuous,104438.6,104463.5,104220.0,104353.6,149614655.3768996
2025-06-13 05:14:59.664000+00:00,2025-06-13 05:00:00+00:00,continuous,104353.5,104405.4,104186.3,104236.6,106727585.3583994
2025-06-13 05:29:59.494000+00:00,2025-06-13 05:15:00+00:00,continuous,104236.6,104408.7,104199.9,104271.7,85068038.74749981
2025-06-13 05:44:59.696000+00:00,2025-06-13 05:30:00+00:00,continuous,104271.7,104298.5,104035.5,104184.2,134072755.72129938
2025-06-13 05:59:59.867000+00:00,2025-06-13 05:45:00+00:00,continuous,104184.2,104317.2,103940.0,103950.8,174923746.37479976
2025-06-13 06:14:59.557000+00:00,2025-06-13 06:00:00+00:00,continuous,103950.8,104134.4,103888.0,104018.3,132621485.64549977
2025-06-13 06:29:59.914000+00:00,2025-06-13 06:15:00+00:00,continuous,104018.4,104020.4,103788.0,103793.5,117405538.70069927
2025-06-13 06:44:59.842000+00:00,2025-06-13 06:30:00+00:00,continuous,103793.5,103969.8,103770.0,103933.4,93808689.16010052
2025-06-13 06:59:59.984000+00:00,2025-06-13 06:45:00+00:00,continuous,103933.3,104688.6,103808.7,104667.2,409509538.0451026
2025-06-13 07:14:59.905000+00:00,2025-06-13 07:00:00+00:00,continuous,104667.2,104670.0,104311.4,104406.3,208387639.86610028
2025-06-13 07:29:59.985000+00:00,2025-06-13 07:15:00+00:00,continuous,104406.4,104775.1,104337.0,104727.1,187179640.0687008
2025-06-13 07:44:59.904000+00:00,2025-06-13 07:30:00+00:00,continuous,104727.0,104777.3,104537.4,104637.9,194355093.37089953
2025-06-13 07:59:59.932000+00:00,2025-06-13 07:45:00+00:00,continuous,104637.8,104891.4,104533.4,104831.4,244641910.8373006
2025-06-13 08:14:59.950000+00:00,2025-06-13 08:00:00+00:00,continuous,104831.4,105459.7,104807.4,105343.1,624822601.244305
2025-06-13 08:29:59.832000+00:00,2025-06-13 08:15:00+00:00,continuous,105343.2,105371.7,105020.0,105050.0,275650138.48190045
2025-06-13 08:44:59.934000+00:00,2025-06-13 08:30:00+00:00,continuous,105050.0,105165.6,104837.2,104858.6,186534079.32529953
2025-06-13 08:59:59.830000+00:00,2025-06-13 08:45:00+00:00,continuous,104858.6,104888.5,104630.4,104679.3,188473742.4404013
2025-06-13 09:14:59.959000+00:00,2025-06-13 09:00:00+00:00,continuous,104679.3,104715.9,104525.0,104658.1,158163406.951
2025-06-13 09:29:59.975000+00:00,2025-06-13 09:15:00+00:00,continuous,104658.2,104726.0,104440.0,104637.6,217276876.60370186
2025-06-13 09:44:59.998000+00:00,2025-06-13 09:30:00+00:00,continuous,104637.6,104721.3,104478.0,104620.3,101778420.20940007
2025-06-13 09:59:59.904000+00:00,2025-06-13 09:45:00+00:00,continuous,104620.4,104869.8,104570.2,104775.9,128580288.01739964
2025-06-13 10:14:59.534000+00:00,2025-06-13 10:00:00+00:00,continuous,104776.0,104818.3,104360.0,104715.5,165351823.5312
2025-06-13 10:29:59.845000+00:00,2025-06-13 10:15:00+00:00,continuous,104715.5,104766.3,104546.7,104609.6,90332992.89320002
2025-06-13 10:44:59.332000+00:00,2025-06-13 10:30:00+00:00,continuous,104609.7,104800.0,104460.8,104721.4,129093117.40269999
2025-06-13 10:59:59.925000+00:00,2025-06-13 10:45:00+00:00,continuous,104721.4,104866.0,104559.2,104816.9,115088455.56399967
2025-06-13 11:14:59.882000+00:00,2025-06-13 11:00:00+00:00,continuous,104816.9,105008.6,104751.5,104795.1,191739583.3001998
2025-06-13 11:29:59.894000+00:00,2025-06-13 11:15:00+00:00,continuous,104795.1,104864.8,104640.1,104696.3,85718610.49270006
2025-06-13 11:44:59.649000+00:00,2025-06-13 11:30:00+00:00,continuous,104696.2,104850.0,104585.7,104850.0,128188957.09600033
2025-06-13 11:59:59.683000+00:00,2025-06-13 11:45:00+00:00,continuous,104850.0,104990.0,104772.5,104989.9,165690911.31030074
2025-06-13 12:14:59.948000+00:00,2025-06-13 12:00:00+00:00,continuous,104990.0,105140.0,104874.4,105136.7,212792888.8971998
2025-06-13 12:29:59.997000+00:00,2025-06-13 12:15:00+00:00,continuous,105136.8,105247.0,104913.0,104997.4,275879864.7321019
2025-06-13 12:44:59.995000+00:00,2025-06-13 12:30:00+00:00,continuous,104997.4,105119.4,104839.2,104839.9,119184437.26319999
2025-06-13 12:59:59.909000+00:00,2025-06-13 12:45:00+00:00,continuous,104840.0,104960.8,104764.1,104796.9,103998138.45510024
2025-06-13 13:14:59.725000+00:00,2025-06-13 13:00:00+00:00,continuous,104796.8,104837.5,104700.0,104755.2,123432825.5461005
2025-06-13 13:29:59.852000+00:00,2025-06-13 13:15:00+00:00,continuous,104755.1,104880.8,104670.0,104806.3,118171457.77439976
2025-06-13 13:44:59.892000+00:00,2025-06-13 13:30:00+00:00,continuous,104806.2,105254.8,104623.7,105178.5,344632183.5605978
2025-06-13 13:59:59.977000+00:00,2025-06-13 13:45:00+00:00,continuous,105178.5,105189.9,104607.6,104685.4,258773107.9660011
2025-06-13 14:14:59.601000+00:00,2025-06-13 14:00:00+00:00,continuous,104685.3,104930.8,104341.3,104508.0,490978348.31000036
2025-06-13 14:29:59.991000+00:00,2025-06-13 14:15:00+00:00,continuous,104507.9,104507.9,104100.0,104110.3,576386370.5455974
2025-06-13 14:44:59.907000+00:00,2025-06-13 14:30:00+00:00,continuous,104110.2,104703.1,104069.5,104619.3,357160829.6087003
2025-06-13 14:59:59.877000+00:00,2025-06-13 14:45:00+00:00,continuous,104620.0,104967.7,104440.7,104916.2,259760059.66310102
2025-06-13 15:14:59.968000+00:00,2025-06-13 15:00:00+00:00,continuous,104916.3,105458.0,104810.8,105443.0,622421274.098803
2025-06-13 15:29:59.884000+00:00,2025-06-13 15:15:00+00:00,continuous,105442.9,105750.0,105289.9,105592.2,539174446.789999
2025-06-13 15:44:59.678000+00:00,2025-06-13 15:30:00+00:00,continuous,105592.1,105649.7,105447.6,105612.4,213903108.37080073
2025-06-13 15:59:59.911000+00:00,2025-06-13 15:45:00+00:00,continuous,105612.4,105668.0,105199.9,105391.9,291481399.5325981
2025-06-13 16:14:59.890000+00:00,2025-06-13 16:00:00+00:00,continuous,105392.0,105820.2,105261.3,105807.6,301218116.37099963
2025-06-13 16:29:59.787000+00:00,2025-06-13 16:15:00+00:00,continuous,105807.6,105912.0,105733.5,105749.9,375571552.5069016
2025-06-13 16:44:59.913000+00:00,2025-06-13 16:30:00+00:00,continuous,105750.0,105794.3,105377.4,105560.0,244059503.3418002
2025-06-13 16:59:59.455000+00:00,2025-06-13 16:45:00+00:00,continuous,105559.9,105739.4,105328.4,105729.6,218441154.2470006
2025-06-13 17:14:59.921000+00:00,2025-06-13 17:00:00+00:00,continuous,105729.5,105729.5,105322.5,105322.5,164676863.86469954
2025-06-13 17:29:59.999000+00:00,2025-06-13 17:15:00+00:00,continuous,105322.5,105322.6,105002.7,105002.7,279176706.01170003
2025-06-13 17:44:59.937000+00:00,2025-06-13 17:30:00+00:00,continuous,105002.7,105278.1,104961.1,105090.9,194517379.9445997
2025-06-13 17:59:59.873000+00:00,2025-06-13 17:45:00+00:00,continuous,105088.7,105374.7,104811.0,105327.0,241050264.70979905
2025-06-13 18:14:59.737000+00:00,2025-06-13 18:00:00+00:00,continuous,105327.1,105430.9,104943.6,104993.3,200629605.86140007
2025-06-13 18:29:59.939000+00:00,2025-06-13 18:15:00+00:00,continuous,104993.4,105197.5,104802.4,104935.9,183597486.3895988
2025-06-13 18:44:59.806000+00:00,2025-06-13 18:30:00+00:00,continuous,104935.9,104957.2,104607.0,104766.8,216944795.64899972
2025-06-13 18:59:59.753000+00:00,2025-06-13 18:45:00+00:00,continuous,104766.9,105240.4,104746.9,105132.1,284388371.57940096
2025-06-13 19:14:59.591000+00:00,2025-06-13 19:00:00+00:00,continuous,105132.1,105304.4,104928.6,105235.9,130157364.2962003
2025-06-13 19:29:59.167000+00:00,2025-06-13 19:15:00+00:00,continuous,105235.9,105389.0,104828.0,104986.9,143907881.17609966
2025-06-13 19:44:59.931000+00:00,2025-06-13 19:30:00+00:00,continuous,104986.8,105189.9,104869.8,105044.2,94813579.39850001
2025-06-13 19:59:59.892000+00:00,2025-06-13 19:45:00+00:00,continuous,105044.2,105207.9,104953.0,105050.0,88897022.3261995
2025-06-13 20:14:59.321000+00:00,2025-06-13 20:00:00+00:00,continuous,105050.1,105286.2,104963.1,105268.9,105262375.59040019
2025-06-13 20:29:59.789000+00:00,2025-06-13 20:15:00+00:00,continuous,105268.8,105340.0,105067.6,105255.6,65320105.06350002
2025-06-13 20:44:59.913000+00:00,2025-06-13 20:30:00+00:00,continuous,105255.5,105472.1,105146.9,105450.0,70848438.88190009
2025-06-13 20:59:59.904000+00:00,2025-06-13 20:45:00+00:00,continuous,105450.0,105450.1,105150.0,105380.8,75852297.65210001
2025-06-13 21:14:59.472000+00:00,2025-06-13 21:00:00+00:00,continuous,105380.7,105411.1,105279.6,105368.4,56578886.91859997
2025-06-13 21:29:59.892000+00:00,2025-06-13 21:15:00+00:00,continuous,105368.4,105608.8,105269.1,105512.0,96324746.34850004
2025-06-13 21:44:59.630000+00:00,2025-06-13 21:30:00+00:00,continuous,105512.0,105625.0,105375.7,105582.8,70207561.75800015
2025-06-13 21:59:59.346000+00:00,2025-06-13 21:45:00+00:00,continuous,105582.8,105748.7,105483.8,105559.2,76901238.86450028
2025-06-13 22:14:57.900000+00:00,2025-06-13 22:00:00+00:00,continuous,105559.3,105780.0,105559.3,105664.5,70492142.47780009
2025-06-13 22:29:59.207000+00:00,2025-06-13 22:15:00+00:00,continuous,105664.6,105720.0,105568.7,105579.0,46706264.71980008
2025-06-13 22:44:59.885000+00:00,2025-06-13 22:30:00+00:00,continuous,105578.9,105637.4,105490.6,105539.1,48952982.78319997
2025-06-13 22:59:59.335000+00:00,2025-06-13 22:45:00+00:00,continuous,105539.2,105802.1,105539.1,105700.9,84613842.05720028
2025-06-13 23:14:59.468000+00:00,2025-06-13 23:00:00+00:00,continuous,105701.0,105850.0,105700.9,105723.5,76462578.97839975
2025-06-13 23:29:59.893000+00:00,2025-06-13 23:15:00+00:00,continuous,105723.6,105839.0,105723.5,105818.7,52266003.82150022
2025-06-13 23:44:59.861000+00:00,2025-06-13 23:30:00+00:00,continuous,105818.6,105985.8,105814.0,105985.7,133628311.85890071
2025-06-13 23:59:59.989000+00:00,2025-06-13 23:45:00+00:00,continuous,105985.7,106141.1,105925.0,106027.3,252375647.90130118
2025-06-14 00:14:59.854000+00:00,2025-06-14 00:00:00+00:00,continuous,106027.4,106036.3,105885.0,105908.5,199889110.16010028
2025-06-14 00:29:59.863000+00:00,2025-06-14 00:15:00+00:00,continuous,105908.5,106005.9,105624.5,105756.8,190775714.64209944
2025-06-14 00:44:59.992000+00:00,2025-06-14 00:30:00+00:00,continuous,105756.8,105953.1,105740.6,105891.7,87515182.23760006
2025-06-14 00:59:59.730000+00:00,2025-06-14 00:45:00+00:00,continuous,105892.5,106173.6,105666.5,105756.3,227813071.9030013
2025-06-14 01:14:59.946000+00:00,2025-06-14 01:00:00+00:00,continuous,105756.2,105756.3,105382.1,105399.8,322557429.77879786
2025-06-14 01:29:59.839000+00:00,2025-06-14 01:15:00+00:00,continuous,105399.8,105529.9,105383.2,105478.1,121125972.73389997
2025-06-14 01:44:59.777000+00:00,2025-06-14 01:30:00+00:00,continuous,105478.2,105547.0,105425.8,105480.0,110113290.44050011
2025-06-14 01:59:59.225000+00:00,2025-06-14 01:45:00+00:00,continuous,105479.9,105531.2,105386.8,105420.5,60674402.55580003
2025-06-14 02:14:59.919000+00:00,2025-06-14 02:00:00+00:00,continuous,105420.4,105463.1,105322.5,105413.5,60945844.167600125
2025-06-14 02:29:59.593000+00:00,2025-06-14 02:15:00+00:00,continuous,105413.5,105570.2,105305.0,105339.1,53157624.16139986
2025-06-14 02:44:57.569000+00:00,2025-06-14 02:30:00+00:00,continuous,105339.0,105339.1,105263.0,105272.0,61444853.753700025
2025-06-14 02:59:58.578000+00:00,2025-06-14 02:45:00+00:00,continuous,105272.0,105384.2,105271.9,105337.4,44781056.83970001
2025-06-14 03:14:59.469000+00:00,2025-06-14 03:00:00+00:00,continuous,105337.5,105350.7,105218.8,105222.7,67299462.7426998
2025-06-14 03:29:59.970000+00:00,2025-06-14 03:15:00+00:00,continuous,105222.8,105317.1,105187.7,105306.9,43871663.55010006
2025-06-14 03:44:59.083000+00:00,2025-06-14 03:30:00+00:00,continuous,105307.0,105400.0,105266.2,105270.1,51801399.37630009
2025-06-14 03:59:59.414000+00:00,2025-06-14 03:45:00+00:00,continuous,105270.2,105270.2,105150.1,105189.4,45881544.484199785
2025-06-14 04:14:59.176000+00:00,2025-06-14 04:00:00+00:00,continuous,105189.3,105345.0,105159.6,105262.4,47241739.78370019
2025-06-14 04:29:59.783000+00:00,2025-06-14 04:15:00+00:00,continuous,105262.4,105321.8,105194.1,105290.1,34539124.31540003
2025-06-14 04:44:59.902000+00:00,2025-06-14 04:30:00+00:00,continuous,105290.1,105360.0,105231.1,105287.4,45151691.5625001
2025-06-14 04:59:59.430000+00:00,2025-06-14 04:45:00+00:00,continuous,105287.4,105336.0,105244.5,105323.7,40153192.96500006
2025-06-14 05:14:59.599000+00:00,2025-06-14 05:00:00+00:00,continuous,105323.8,105374.9,105239.4,105239.4,48578484.3266003
2025-06-14 05:29:59.751000+00:00,2025-06-14 05:15:00+00:00,continuous,105239.5,105304.8,105220.2,105267.9,39346120.4073999
2025-06-14 05:44:59.799000+00:00,2025-06-14 05:30:00+00:00,continuous,105267.9,105297.4,105204.8,105292.9,28488011.45999992
2025-06-14 05:59:59.035000+00:00,2025-06-14 05:45:00+00:00,continuous,105293.0,105327.1,105237.8,105237.8,29085579.77579986
2025-06-14 06:14:59.858000+00:00,2025-06-14 06:00:00+00:00,continuous,105237.8,105279.6,105154.0,105185.1,64265245.118300006
2025-06-14 06:29:59.893000+00:00,2025-06-14 06:15:00+00:00,continuous,105185.2,105199.9,105050.0,105122.4,96437149.50330018
2025-06-14 06:44:59.984000+00:00,2025-06-14 06:30:00+00:00,continuous,105122.4,105177.5,105069.9,105144.6,48862071.45730025
2025-06-14 06:59:59.825000+00:00,2025-06-14 06:45:00+00:00,continuous,105144.5,105144.6,105054.0,105054.0,31869529.18439993
2025-06-14 07:14:59.807000+00:00,2025-06-14 07:00:00+00:00,continuous,105053.7,105053.7,104883.0,104894.0,154143722.92100012
2025-06-14 07:29:59.641000+00:00,2025-06-14 07:15:00+00:00,continuous,104894.1,104947.4,104738.7,104940.8,132927165.01890005
2025-06-14 07:44:59.986000+00:00,2025-06-14 07:30:00+00:00,continuous,104940.8,105108.7,104931.6,105103.1,123579397.82760026
2025-06-14 07:59:59.213000+00:00,2025-06-14 07:45:00+00:00,continuous,105103.0,105103.1,105000.0,105025.1,71988475.61099993
2025-06-14 08:14:59.954000+00:00,2025-06-14 08:00:00+00:00,continuous,105025.0,105067.6,104850.0,104857.8,86210039.07069969
2025-06-14 08:29:59.975000+00:00,2025-06-14 08:15:00+00:00,continuous,104857.8,104972.0,104813.5,104958.9,54152999.48009979
2025-06-14 08:44:59.683000+00:00,2025-06-14 08:30:00+00:00,continuous,104958.9,105025.4,104827.0,105025.4,43945636.148
2025-06-14 08:59:59.991000+00:00,2025-06-14 08:45:00+00:00,continuous,105025.3,105088.0,105010.8,105050.1,48265311.19229994
2025-06-14 09:14:59.700000+00:00,2025-06-14 09:00:00+00:00,continuous,105050.0,105075.5,104954.9,104992.4,56108240.573699996
2025-06-14 09:29:59.495000+00:00,2025-06-14 09:15:00+00:00,continuous,104992.4,105048.0,104955.9,104955.9,30348074.474299964
2025-06-14 09:44:59.554000+00:00,2025-06-14 09:30:00+00:00,continuous,104955.9,104956.9,104900.0,104905.1,32371386.154200118
2025-06-14 09:59:57.428000+00:00,2025-06-14 09:45:00+00:00,continuous,104905.1,104917.7,104800.5,104815.0,71807043.03019983
2025-06-14 10:14:59.771000+00:00,2025-06-14 10:00:00+00:00,continuous,104814.9,104937.0,104772.3,104919.2,82913884.51699978
2025-06-14 10:29:58.708000+00:00,2025-06-14 10:15:00+00:00,continuous,104919.1,104950.0,104820.0,104942.1,39308658.59240003
2025-06-14 10:44:59.945000+00:00,2025-06-14 10:30:00+00:00,continuous,104942.1,105078.8,104935.6,104955.0,83330005.04980008
2025-06-14 10:59:59.819000+00:00,2025-06-14 10:45:00+00:00,continuous,104955.0,104996.6,104946.8,104953.3,31669839.32380019
2025-06-14 11:14:57.297000+00:00,2025-06-14 11:00:00+00:00,continuous,104953.4,104987.1,104900.0,104930.1,48457167.5861999
2025-06-14 11:29:59.998000+00:00,2025-06-14 11:15:00+00:00,continuous,104930.1,105029.8,104930.0,104952.5,33008259.840000026
2025-06-14 11:44:59.943000+00:00,2025-06-14 11:30:00+00:00,continuous,104952.6,105073.7,104903.9,104924.5,52446142.17350036
2025-06-14 11:59:59.807000+00:00,2025-06-14 11:45:00+00:00,continuous,104924.5,105050.0,104905.2,105030.6,36056197.487800114
2025-06-14 12:14:59.744000+00:00,2025-06-14 12:00:00+00:00,continuous,105030.5,105050.2,104865.5,104907.3,57271614.12480021
2025-06-14 12:29:59.540000+00:00,2025-06-14 12:15:00+00:00,continuous,104907.2,104982.2,104847.3,104863.9,40010487.015399985
2025-06-14 12:44:59.820000+00:00,2025-06-14 12:30:00+00:00,continuous,104863.9,104952.6,104657.0,104768.5,140550034.40789986
2025-06-14 12:59:59.874000+00:00,2025-06-14 12:45:00+00:00,continuous,104768.4,105005.8,104768.4,105000.1,145504502.25439987
2025-06-14 13:14:59.833000+00:00,2025-06-14 13:00:00+00:00,continuous,105000.1,105084.2,104949.5,104970.9,82524581.07800007
2025-06-14 13:29:57.618000+00:00,2025-06-14 13:15:00+00:00,continuous,104971.0,105017.4,104847.1,104879.3,59875344.613700315
2025-06-14 13:44:59.493000+00:00,2025-06-14 13:30:00+00:00,continuous,104879.2,105026.0,104860.4,104928.5,51117421.41409977
2025-06-14 13:59:59.681000+00:00,2025-06-14 13:45:00+00:00,continuous,104928.4,105009.3,104867.0,104961.5,32136732.758100033
2025-06-14 14:14:59.409000+00:00,2025-06-14 14:00:00+00:00,continuous,104961.4,105010.0,104943.8,105000.0,26561770.48619986
2025-06-14 14:29:59.194000+00:00,2025-06-14 14:15:00+00:00,continuous,105000.0,105017.6,104942.3,104958.2,34199752.254800014
2025-06-14 14:44:59.795000+00:00,2025-06-14 14:30:00+00:00,continuous,104958.1,104958.2,104805.0,104840.0,39910341.26869995
2025-06-14 14:59:57.918000+00:00,2025-06-14 14:45:00+00:00,continuous,104839.9,104886.8,104785.1,104867.5,44898224.4942998
2025-06-14 15:14:59.122000+00:00,2025-06-14 15:00:00+00:00,continuous,104867.5,104932.9,104855.3,104876.0,31253347.997599933
2025-06-14 15:29:59.986000+00:00,2025-06-14 15:15:00+00:00,continuous,104876.0,104932.0,104808.2,104856.0,36752512.38729996
2025-06-14 15:44:59.918000+00:00,2025-06-14 15:30:00+00:00,continuous,104856.0,104856.1,104570.0,104690.5,234893576.08589998
2025-06-14 15:59:59.619000+00:00,2025-06-14 15:45:00+00:00,continuous,104690.4,104795.3,104631.2,104783.4,135456254.5416006
2025-06-14 16:14:59.857000+00:00,2025-06-14 16:00:00+00:00,continuous,104783.4,104857.9,104652.8,104766.7,86016101.38189998
2025-06-14 16:29:59.896000+00:00,2025-06-14 16:15:00+00:00,continuous,104766.7,104821.1,104660.0,104666.0,54268005.215900004
2025-06-14 16:44:59.288000+00:00,2025-06-14 16:30:00+00:00,continuous,104666.0,104670.0,104488.0,104598.2,159260317.89840016
2025-06-14 16:59:59.846000+00:00,2025-06-14 16:45:00+00:00,continuous,104598.1,104598.1,104290.0,104400.8,444549933.1134986
2025-06-14 17:14:59.231000+00:00,2025-06-14 17:00:00+00:00,continuous,104400.7,104585.9,104339.6,104551.2,134132213.6644996
2025-06-14 17:29:59.968000+00:00,2025-06-14 17:15:00+00:00,continuous,104551.2,104670.0,104543.3,104620.4,70223289.3656997
2025-06-14 17:44:59.776000+00:00,2025-06-14 17:30:00+00:00,continuous,104620.4,104661.1,104428.7,104463.0,57599614.64710032
2025-06-14 17:59:58.973000+00:00,2025-06-14 17:45:00+00:00,continuous,104463.0,104576.3,104447.8,104555.6,42274491.881899916
2025-06-14 18:14:59.864000+00:00,2025-06-14 18:00:00+00:00,continuous,104555.6,104940.2,104550.4,104849.3,123341259.65559949
2025-06-14 18:29:59.746000+00:00,2025-06-14 18:15:00+00:00,continuous,104849.2,104850.0,104542.9,104556.3,58584153.134700045
2025-06-14 18:44:59.933000+00:00,2025-06-14 18:30:00+00:00,continuous,104556.3,104556.4,104331.3,104372.3,107501949.77860047
2025-06-14 18:59:59.991000+00:00,2025-06-14 18:45:00+00:00,continuous,104372.2,104859.5,104304.9,104842.8,144793877.28369993
2025-06-14 19:14:59.680000+00:00,2025-06-14 19:00:00+00:00,continuous,104842.8,105011.0,104752.3,104937.1,207598427.2062994
2025-06-14 19:29:59.535000+00:00,2025-06-14 19:15:00+00:00,continuous,104937.0,104967.5,104843.0,104849.6,59623035.647199914
2025-06-14 19:44:59.502000+00:00,2025-06-14 19:30:00+00:00,continuous,104849.7,104964.4,104836.1,104914.0,40728085.25820027
2025-06-14 19:59:59.995000+00:00,2025-06-14 19:45:00+00:00,continuous,104914.0,104914.0,104576.2,104582.3,157626463.8910007
2025-06-14 20:14:59.858000+00:00,2025-06-14 20:00:00+00:00,continuous,104584.2,104680.2,104225.4,104308.5,269639634.55530083
2025-06-14 20:29:59.757000+00:00,2025-06-14 20:15:00+00:00,continuous,104308.5,104616.5,104265.0,104596.0,132243991.59499955
2025-06-14 20:44:59.736000+00:00,2025-06-14 20:30:00+00:00,continuous,104596.0,104950.2,104584.1,104862.3,187655532.78859833
2025-06-14 20:59:59.301000+00:00,2025-06-14 20:45:00+00:00,continuous,104862.3,104946.7,104744.4,104833.4,68691772.84109977
2025-06-14 21:14:59.911000+00:00,2025-06-14 21:00:00+00:00,continuous,104833.4,104962.5,104804.9,104962.5,62768943.1646001
2025-06-14 21:29:59.840000+00:00,2025-06-14 21:15:00+00:00,continuous,104962.4,105180.2,104803.7,105116.8,179340975.98660016
2025-06-14 21:44:59.286000+00:00,2025-06-14 21:30:00+00:00,continuous,105116.8,105147.9,105022.2,105075.1,76739469.89900005
2025-06-14 21:59:59.924000+00:00,2025-06-14 21:45:00+00:00,continuous,105075.0,105415.1,105072.3,105269.1,178913632.89809987
2025-06-14 22:14:59.620000+00:00,2025-06-14 22:00:00+00:00,continuous,105269.0,105437.8,105253.6,105399.9,113374953.6448001
2025-06-14 22:29:59.990000+00:00,2025-06-14 22:15:00+00:00,continuous,105400.0,105438.0,105368.3,105412.4,76815683.03270045
2025-06-14 22:44:59.747000+00:00,2025-06-14 22:30:00+00:00,continuous,105412.3,105412.4,105228.7,105261.9,67280151.71329996
2025-06-14 22:59:59.969000+00:00,2025-06-14 22:45:00+00:00,continuous,105262.0,105381.4,105244.1,105381.3,40817041.55430005
2025-06-14 23:14:59.276000+00:00,2025-06-14 23:00:00+00:00,continuous,105381.4,105429.8,105339.2,105380.6,57118182.386200026
2025-06-14 23:29:58.736000+00:00,2025-06-14 23:15:00+00:00,continuous,105380.6,105406.8,105300.0,105322.2,44003646.34460009
2025-06-14 23:44:59.895000+00:00,2025-06-14 23:30:00+00:00,continuous,105322.2,105398.4,105291.2,105398.3,33810764.98150002
2025-06-14 23:59:59.900000+00:00,2025-06-14 23:45:00+00:00,continuous,105398.4,105426.1,105346.4,105359.9,44706738.87980025
2025-06-15 00:14:58.824000+00:00,2025-06-15 00:00:00+00:00,continuous,105359.8,105411.8,105305.5,105409.9,56376303.02499995
2025-06-15 00:29:59.628000+00:00,2025-06-15 00:15:00+00:00,continuous,105409.9,105446.2,105306.4,105357.5,69750815.91800016
2025-06-15 00:44:59.769000+00:00,2025-06-15 00:30:00+00:00,continuous,105357.4,105424.9,105208.7,105414.0,62864701.80959994
2025-06-15 00:59:59.707000+00:00,2025-06-15 00:45:00+00:00,continuous,105413.9,105625.0,105413.9,105587.4,127354701.0317999
2025-06-15 01:14:59.818000+00:00,2025-06-15 01:00:00+00:00,continuous,105587.3,105631.6,105462.4,105509.5,99829164.49410044
2025-06-15 01:29:59.528000+00:00,2025-06-15 01:15:00+00:00,continuous,105509.5,105509.5,105362.2,105390.2,61655781.444199756
2025-06-15 01:44:59.999000+00:00,2025-06-15 01:30:00+00:00,continuous,105390.3,105419.9,105348.0,105419.9,31214346.1970001
2025-06-15 01:59:59.116000+00:00,2025-06-15 01:45:00+00:00,continuous,105419.9,105424.8,105347.9,105361.9,41322338.827200025
2025-06-15 02:14:59.902000+00:00,2025-06-15 02:00:00+00:00,continuous,105361.8,105575.1,105361.8,105544.3,81433289.27070005
2025-06-15 02:29:59.842000+00:00,2025-06-15 02:15:00+00:00,continuous,105544.3,105552.7,105480.0,105550.0,26952716.595799882
2025-06-15 02:44:59.494000+00:00,2025-06-15 02:30:00+00:00,continuous,105550.0,105570.9,105454.9,105478.0,31093356.17539999
2025-06-15 02:59:59.876000+00:00,2025-06-15 02:45:00+00:00,continuous,105478.1,105500.0,105421.5,105421.6,27595740.63060002
2025-06-15 03:14:59.898000+00:00,2025-06-15 03:00:00+00:00,continuous,105421.6,105469.6,105421.6,105448.7,27661400.5862
2025-06-15 03:29:59.886000+00:00,2025-06-15 03:15:00+00:00,continuous,105448.6,105499.1,105442.7,105488.5,30268428.995400004
2025-06-15 03:44:59.945000+00:00,2025-06-15 03:30:00+00:00,continuous,105488.4,105524.6,105447.4,105491.3,27431235.56990001
2025-06-15 03:59:59.746000+00:00,2025-06-15 03:45:00+00:00,continuous,105491.2,105491.3,105404.2,105425.6,29903518.054700047
2025-06-15 04:14:59.518000+00:00,2025-06-15 04:00:00+00:00,continuous,105425.6,105463.6,105425.5,105461.9,22074580.877400134
2025-06-15 04:29:59.423000+00:00,2025-06-15 04:15:00+00:00,continuous,105461.8,105472.1,105434.1,105456.6,16803822.609699998
2025-06-15 04:44:59.910000+00:00,2025-06-15 04:30:00+00:00,continuous,105456.5,105475.9,105432.4,105465.3,28647230.299599905
2025-06-15 04:59:59.699000+00:00,2025-06-15 04:45:00+00:00,continuous,105465.4,105520.0,105457.2,105510.0,30904671.953900002
2025-06-15 05:14:59.740000+00:00,2025-06-15 05:00:00+00:00,continuous,105510.1,105510.1,105476.6,105485.8,22034896.056400053
2025-06-15 05:29:59.824000+00:00,2025-06-15 05:15:00+00:00,continuous,105485.8,105627.2,105451.0,105627.2,48002124.39849995
2025-06-15 05:44:59.819000+00:00,2025-06-15 05:30:00+00:00,continuous,105627.1,105781.9,105627.1,105781.9,156931208.23750073
2025-06-15 05:59:59.488000+00:00,2025-06-15 05:45:00+00:00,continuous,105781.8,106067.6,105774.0,106031.0,385295803.5015982
2025-06-15 06:14:59.526000+00:00,2025-06-15 06:00:00+00:00,continuous,106031.1,106099.4,105721.8,105757.0,173684703.4687995
2025-06-15 06:29:59.682000+00:00,2025-06-15 06:15:00+00:00,continuous,105757.0,105846.3,105473.1,105481.3,314273459.42170167
2025-06-15 06:44:59.874000+00:00,2025-06-15 06:30:00+00:00,continuous,105481.2,105492.6,105355.7,105471.7,112932110.10520017
2025-06-15 06:59:59.961000+00:00,2025-06-15 06:45:00+00:00,continuous,105471.7,105480.0,105380.5,105391.0,49314122.2393
2025-06-15 07:14:59.769000+00:00,2025-06-15 07:00:00+00:00,continuous,105391.0,105408.8,105137.0,105380.0,147999123.15109977
2025-06-15 07:29:59.985000+00:00,2025-06-15 07:15:00+00:00,continuous,105380.0,105380.0,105203.0,105230.4,68990159.44479977
2025-06-15 07:44:59.785000+00:00,2025-06-15 07:30:00+00:00,continuous,105230.3,105386.4,105146.7,105305.8,101036594.3934007
2025-06-15 07:59:59.958000+00:00,2025-06-15 07:45:00+00:00,continuous,105305.7,105405.8,105295.8,105374.1,74527193.4608999
2025-06-15 08:14:59.704000+00:00,2025-06-15 08:00:00+00:00,continuous,105374.2,105444.9,105212.8,105234.2,93882048.79049967
2025-06-15 08:29:59.851000+00:00,2025-06-15 08:15:00+00:00,continuous,105234.2,105286.9,105200.0,105200.5,40336947.80049978
2025-06-15 08:44:58.344000+00:00,2025-06-15 08:30:00+00:00,continuous,105200.5,105243.6,105153.7,105192.0,53765523.828099936
2025-06-15 08:59:59.989000+00:00,2025-06-15 08:45:00+00:00,continuous,105191.9,105192.0,105078.6,105149.7,76197339.56939971
2025-06-15 09:14:59.912000+00:00,2025-06-15 09:00:00+00:00,continuous,105149.7,105149.8,104862.5,104900.1,165919282.67829973
2025-06-15 09:29:59.815000+00:00,2025-06-15 09:15:00+00:00,continuous,104900.0,104968.2,104856.4,104892.7,89512970.76250029
2025-06-15 09:44:59.939000+00:00,2025-06-15 09:30:00+00:00,continuous,104892.6,105008.0,104812.2,104926.7,100148745.6535996
2025-06-15 09:59:59.997000+00:00,2025-06-15 09:45:00+00:00,continuous,104926.6,104971.6,104850.0,104882.0,45788497.46659982
2025-06-15 10:14:59.699000+00:00,2025-06-15 10:00:00+00:00,continuous,104882.1,105098.4,104882.0,105084.3,108161342.32430004
2025-06-15 10:29:59.572000+00:00,2025-06-15 10:15:00+00:00,continuous,105084.3,105120.8,104966.8,104997.9,73910193.16230012
2025-06-15 10:44:59.012000+00:00,2025-06-15 10:30:00+00:00,continuous,104998.0,105058.4,104930.2,105052.4,49587379.892000146
2025-06-15 10:59:59.831000+00:00,2025-06-15 10:45:00+00:00,continuous,105052.5,105150.0,105037.8,105075.2,55410624.83280043
2025-06-15 11:14:59.926000+00:00,2025-06-15 11:00:00+00:00,continuous,105075.3,105122.0,105034.1,105052.2,42531416.48560027
2025-06-15 11:29:59.114000+00:00,2025-06-15 11:15:00+00:00,continuous,105052.1,105069.5,104943.3,104950.0,34887968.697299965
2025-06-15 11:44:57.977000+00:00,2025-06-15 11:30:00+00:00,continuous,104950.0,104960.0,104873.8,104904.3,53107536.87869991
2025-06-15 11:59:59.840000+00:00,2025-06-15 11:45:00+00:00,continuous,104904.3,105027.1,104870.0,104924.5,65694474.69499975
2025-06-15 12:14:59.775000+00:00,2025-06-15 12:00:00+00:00,continuous,104924.6,105157.0,104900.0,105080.3,115300621.74720085
2025-06-15 12:29:59.931000+00:00,2025-06-15 12:15:00+00:00,continuous,105080.4,105141.6,104977.4,104999.9,45949808.15490014
2025-06-15 12:44:59.504000+00:00,2025-06-15 12:30:00+00:00,continuous,104999.8,105084.8,104962.7,105067.4,48278744.54579973
2025-06-15 12:59:59.920000+00:00,2025-06-15 12:45:00+00:00,continuous,105067.5,105258.3,105025.9,105250.0,165296161.71939933
2025-06-15 13:14:59.843000+00:00,2025-06-15 13:00:00+00:00,continuous,105249.9,105499.9,105181.6,105371.8,277787092.8156001
2025-06-15 13:29:59.937000+00:00,2025-06-15 13:15:00+00:00,continuous,105371.9,105561.9,105280.3,105442.7,131731024.8190998
2025-06-15 13:44:59.385000+00:00,2025-06-15 13:30:00+00:00,continuous,105442.8,105465.4,105247.4,105465.3,102598465.10359986
2025-06-15 13:59:59.585000+00:00,2025-06-15 13:45:00+00:00,continuous,105465.2,105619.7,105410.6,105477.7,119518302.6661997
2025-06-15 14:14:59.081000+00:00,2025-06-15 14:00:00+00:00,continuous,105477.8,105518.8,105313.1,105354.0,118912227.74960022
2025-06-15 14:29:59.918000+00:00,2025-06-15 14:15:00+00:00,continuous,105354.0,105427.5,105260.0,105324.8,61944705.359199844
2025-06-15 14:44:59.849000+00:00,2025-06-15 14:30:00+00:00,continuous,105324.9,105560.0,105265.6,105483.7,65323445.504900105
2025-06-15 14:59:59.966000+00:00,2025-06-15 14:45:00+00:00,continuous,105483.8,105810.6,105483.8,105620.0,224993993.70599952
2025-06-15 15:14:59.221000+00:00,2025-06-15 15:00:00+00:00,continuous,105620.0,105675.4,105512.6,105572.5,68219474.1655005
2025-06-15 15:29:59.987000+00:00,2025-06-15 15:15:00+00:00,continuous,105572.4,105700.0,105522.0,105699.9,65954729.65440026
2025-06-15 15:44:59.457000+00:00,2025-06-15 15:30:00+00:00,continuous,105700.0,105760.0,105575.1,105575.1,55974892.23599995
2025-06-15 15:59:59.833000+00:00,2025-06-15 15:45:00+00:00,continuous,105575.2,105649.8,105494.0,105526.0,62418596.898999885
2025-06-15 16:14:59.578000+00:00,2025-06-15 16:00:00+00:00,continuous,105525.9,105642.0,105445.8,105505.9,102909338.75110044
2025-06-15 16:29:59.970000+00:00,2025-06-15 16:15:00+00:00,continuous,105506.0,105506.0,105300.0,105378.6,141714451.18310037
2025-06-15 16:44:59.874000+00:00,2025-06-15 16:30:00+00:00,continuous,105378.6,105500.0,105295.0,105473.0,81260991.16519967
2025-06-15 16:59:59.971000+00:00,2025-06-15 16:45:00+00:00,continuous,105473.0,105554.0,105414.7,105525.9,40796757.693300165
2025-06-15 17:14:59.124000+00:00,2025-06-15 17:00:00+00:00,continuous,105525.8,105534.1,105437.8,105437.8,33984736.58629987
2025-06-15 17:29:59.974000+00:00,2025-06-15 17:15:00+00:00,continuous,105437.9,105517.8,105427.0,105499.3,25815129.821799956
2025-06-15 17:44:59.324000+00:00,2025-06-15 17:30:00+00:00,continuous,105498.9,105680.0,105461.5,105674.4,81779433.76170027
2025-06-15 17:59:59.723000+00:00,2025-06-15 17:45:00+00:00,continuous,105674.3,105744.0,105628.2,105640.8,50810488.28710023
2025-06-15 18:14:59.584000+00:00,2025-06-15 18:00:00+00:00,continuous,105640.9,105646.0,105460.2,105515.3,38916891.82710015
2025-06-15 18:29:58.957000+00:00,2025-06-15 18:15:00+00:00,continuous,105515.4,105524.0,105429.5,105490.7,27798002.411499944
2025-06-15 18:44:59.924000+00:00,2025-06-15 18:30:00+00:00,continuous,105490.6,105510.8,105439.1,105462.4,20067901.242000036
2025-06-15 18:59:59.701000+00:00,2025-06-15 18:45:00+00:00,continuous,105462.4,105531.0,105422.0,105437.3,33940631.388299994
2025-06-15 19:14:59.060000+00:00,2025-06-15 19:00:00+00:00,continuous,105437.3,105530.8,105421.3,105493.9,30574117.161000106
2025-06-15 19:29:58.911000+00:00,2025-06-15 19:15:00+00:00,continuous,105494.0,105502.9,105429.7,105439.9,21541914.73049998
2025-06-15 19:44:59.869000+00:00,2025-06-15 19:30:00+00:00,continuous,105439.9,105480.4,104999.9,105095.9,253568993.50749993
2025-06-15 19:59:59.505000+00:00,2025-06-15 19:45:00+00:00,continuous,105095.9,105252.0,105049.9,105252.0,90746101.08539969
2025-06-15 20:14:59.319000+00:00,2025-06-15 20:00:00+00:00,continuous,105251.9,105255.3,105010.8,105028.3,66304001.329000235
2025-06-15 20:29:59.862000+00:00,2025-06-15 20:15:00+00:00,continuous,105028.2,105028.3,104900.0,104942.1,97888586.61039995
2025-06-15 20:44:59.955000+00:00,2025-06-15 20:30:00+00:00,continuous,104942.0,105042.6,104637.3,104650.8,190131438.63429913
2025-06-15 20:59:59.694000+00:00,2025-06-15 20:45:00+00:00,continuous,104650.8,104807.7,104548.3,104688.8,140288221.75799975
2025-06-15 21:14:59.510000+00:00,2025-06-15 21:00:00+00:00,continuous,104688.8,104766.8,104399.9,104500.0,228645366.8649006
2025-06-15 21:29:59.894000+00:00,2025-06-15 21:15:00+00:00,continuous,104499.9,104767.8,104499.9,104767.7,107991020.01679993
2025-06-15 21:44:59.954000+00:00,2025-06-15 21:30:00+00:00,continuous,104767.7,104786.4,104468.1,104625.9,86714486.62240008
2025-06-15 21:59:59.964000+00:00,2025-06-15 21:45:00+00:00,continuous,104625.8,104788.6,104602.7,104744.8,51967424.26359971
2025-06-15 22:14:59.841000+00:00,2025-06-15 22:00:00+00:00,continuous,104744.7,105100.0,104675.0,105094.6,221590945.63360077
2025-06-15 22:29:59.903000+00:00,2025-06-15 22:15:00+00:00,continuous,105094.7,105240.0,104969.9,105121.4,100624301.34309933
2025-06-15 22:44:59.775000+00:00,2025-06-15 22:30:00+00:00,continuous,105121.3,105197.4,104980.0,105167.3,81029837.1229003
2025-06-15 22:59:59.742000+00:00,2025-06-15 22:45:00+00:00,continuous,105167.3,105322.4,105153.8,105210.1,88915749.68210018
2025-06-15 23:14:59.580000+00:00,2025-06-15 23:00:00+00:00,continuous,105210.2,105354.2,105161.2,105195.6,59076050.58639982
2025-06-15 23:29:59.166000+00:00,2025-06-15 23:15:00+00:00,continuous,105195.6,105414.9,105189.7,105379.6,62722653.95259988
2025-06-15 23:44:59.872000+00:00,2025-06-15 23:30:00+00:00,continuous,105379.5,105571.4,105374.4,105555.4,105684829.49250008
2025-06-15 23:59:59.899000+00:00,2025-06-15 23:45:00+00:00,continuous,105555.4,105570.7,105411.8,105534.6,68747630.74280004
2025-06-16 00:14:59.914000+00:00,2025-06-16 00:00:00+00:00,continuous,105534.7,105572.3,105410.2,105459.6,89438767.37449996
2025-06-16 00:29:59.995000+00:00,2025-06-16 00:15:00+00:00,continuous,105459.5,105733.0,105320.0,105420.8,157222502.36489958
2025-06-16 00:44:59.976000+00:00,2025-06-16 00:30:00+00:00,continuous,105420.8,105600.0,105316.2,105507.1,97693187.17589942
2025-06-16 00:59:59.942000+00:00,2025-06-16 00:45:00+00:00,continuous,105507.2,105573.0,105289.0,105378.7,66092059.30179992
2025-06-16 01:14:59.885000+00:00,2025-06-16 01:00:00+00:00,continuous,105378.7,105424.7,105000.0,105083.0,148972183.92910093
2025-06-16 01:29:59.254000+00:00,2025-06-16 01:15:00+00:00,continuous,105083.0,105135.3,104946.2,105047.0,88120645.81390005
2025-06-16 01:44:59.997000+00:00,2025-06-16 01:30:00+00:00,continuous,105046.9,105597.2,104920.0,105559.9,204191749.9650009
2025-06-16 01:59:59.357000+00:00,2025-06-16 01:45:00+00:00,continuous,105560.0,105853.3,105451.1,105756.5,291233438.3342997
2025-06-16 02:14:59.998000+00:00,2025-06-16 02:00:00+00:00,continuous,105756.4,105922.2,105732.9,105873.3,183062765.49229985
2025-06-16 02:29:58.863000+00:00,2025-06-16 02:15:00+00:00,continuous,105873.2,105927.0,105651.8,105721.3,144181918.5715007
2025-06-16 02:44:59.341000+00:00,2025-06-16 02:30:00+00:00,continuous,105720.7,105855.0,105622.0,105776.3,86378170.21609972
2025-06-16 02:59:59.963000+00:00,2025-06-16 02:45:00+00:00,continuous,105776.4,105803.1,105728.8,105734.9,49220801.60279973
2025-06-16 03:14:59.719000+00:00,2025-06-16 03:00:00+00:00,continuous,105735.0,105838.0,105653.2,105826.1,86604315.7346995
2025-06-16 03:29:59.927000+00:00,2025-06-16 03:15:00+00:00,continuous,105826.1,105926.9,105736.5,105880.9,63348840.4165999
2025-06-16 03:44:59.882000+00:00,2025-06-16 03:30:00+00:00,continuous,105880.8,105897.2,105802.2,105836.1,41606634.26679984
2025-06-16 03:59:59.769000+00:00,2025-06-16 03:45:00+00:00,continuous,105836.1,105900.0,105785.3,105865.6,80982187.4444002
2025-06-16 04:14:59.894000+00:00,2025-06-16 04:00:00+00:00,continuous,105865.6,105986.9,105817.3,105986.9,131553420.90759975
2025-06-16 04:29:59.737000+00:00,2025-06-16 04:15:00+00:00,continuous,105986.9,106391.6,105917.9,106180.0,417781226.98209995
2025-06-16 04:44:59.967000+00:00,2025-06-16 04:30:00+00:00,continuous,106180.0,106285.4,106130.6,106242.1,124752619.35329986
2025-06-16 04:59:59.926000+00:00,2025-06-16 04:45:00+00:00,continuous,106242.0,106349.4,106104.1,106349.3,104604762.21799964
2025-06-16 05:14:59.873000+00:00,2025-06-16 05:00:00+00:00,continuous,106349.3,106428.6,106254.0,106315.8,179563778.03740004
2025-06-16 05:29:59.849000+00:00,2025-06-16 05:15:00+00:00,continuous,106315.9,106658.0,106315.8,106644.2,281422840.77630115
2025-06-16 05:44:59.850000+00:00,2025-06-16 05:30:00+00:00,continuous,106644.1,106777.0,106479.2,106487.0,284690519.3066003
2025-06-16 05:59:59.899000+00:00,2025-06-16 05:45:00+00:00,continuous,106487.0,106582.4,106455.3,106519.9,114417463.92550012
2025-06-16 06:14:59.446000+00:00,2025-06-16 06:00:00+00:00,continuous,106520.0,106577.2,106460.0,106554.6,106147812.64950004
2025-06-16 06:29:59.897000+00:00,2025-06-16 06:15:00+00:00,continuous,106554.5,106726.0,106554.5,106658.4,96045478.7366997
2025-06-16 06:44:59.969000+00:00,2025-06-16 06:30:00+00:00,continuous,106658.5,106716.0,106552.2,106602.1,116864827.70449984
2025-06-16 06:59:59.910000+00:00,2025-06-16 06:45:00+00:00,continuous,106602.0,106649.9,106488.5,106530.8,87018303.79970048
2025-06-16 07:14:59.941000+00:00,2025-06-16 07:00:00+00:00,continuous,106530.7,106666.6,106530.7,106654.8,107879720.56079963
2025-06-16 07:29:59.976000+00:00,2025-06-16 07:15:00+00:00,continuous,106654.8,106840.9,106580.8,106826.8,161401736.68200004
2025-06-16 07:44:59.754000+00:00,2025-06-16 07:30:00+00:00,continuous,106826.9,107250.0,106823.9,107145.7,746422814.0693942
2025-06-16 07:59:59.955000+00:00,2025-06-16 07:45:00+00:00,continuous,107145.7,107151.2,106935.5,107023.8,148142677.5672003
2025-06-16 08:14:59.694000+00:00,2025-06-16 08:00:00+00:00,continuous,107023.9,107093.3,107003.1,107053.6,106172404.84819986
2025-06-16 08:29:59.698000+00:00,2025-06-16 08:15:00+00:00,continuous,107053.5,107063.8,106900.0,106911.7,110281818.70309976
2025-06-16 08:44:59.687000+00:00,2025-06-16 08:30:00+00:00,continuous,106911.8,107061.4,106898.4,107043.0,116141247.32749951
2025-06-16 08:59:59.772000+00:00,2025-06-16 08:45:00+00:00,continuous,107043.0,107199.9,107014.2,107135.1,117889670.82799913
2025-06-16 09:14:59.981000+00:00,2025-06-16 09:00:00+00:00,continuous,107135.1,107195.4,106940.9,106957.8,112960417.74080014
2025-06-16 09:29:59.497000+00:00,2025-06-16 09:15:00+00:00,continuous,106957.9,107007.6,106900.0,106909.6,86112987.29409961
2025-06-16 09:44:59.832000+00:00,2025-06-16 09:30:00+00:00,continuous,106909.6,107000.0,106859.5,106955.0,81960322.86540025
2025-06-16 09:59:59.752000+00:00,2025-06-16 09:45:00+00:00,continuous,106955.1,107000.0,106831.7,106914.2,94004973.59489992
2025-06-16 10:14:59.233000+00:00,2025-06-16 10:00:00+00:00,continuous,106914.3,107179.7,106861.9,107095.4,131279210.91479947
2025-06-16 10:29:59.814000+00:00,2025-06-16 10:15:00+00:00,continuous,107095.5,107140.0,107025.8,107025.8,49654639.11329969
2025-06-16 10:44:59.398000+00:00,2025-06-16 10:30:00+00:00,continuous,107025.8,107034.8,106882.0,106882.1,63377667.58199988
2025-06-16 10:59:59.996000+00:00,2025-06-16 10:45:00+00:00,continuous,106882.0,106882.1,106699.0,106802.9,165081678.19850028
2025-06-16 11:14:59.289000+00:00,2025-06-16 11:00:00+00:00,continuous,106803.0,106827.8,106699.0,106714.4,101967373.60109957
2025-06-16 11:29:59.628000+00:00,2025-06-16 11:15:00+00:00,continuous,106714.3,106729.5,106540.0,106647.2,177397203.12269887
2025-06-16 11:44:59.969000+00:00,2025-06-16 11:30:00+00:00,continuous,106647.2,106908.3,106642.4,106908.2,138910648.0352998
2025-06-16 11:59:59.753000+00:00,2025-06-16 11:45:00+00:00,continuous,106908.1,106931.9,106797.8,106842.5,94071085.31920032
2025-06-16 12:14:59.972000+00:00,2025-06-16 12:00:00+00:00,continuous,106842.6,106855.7,106711.4,106711.4,106159500.98720007
2025-06-16 12:29:59.446000+00:00,2025-06-16 12:15:00+00:00,continuous,106711.4,106775.5,106600.0,106625.2,81874632.87909965
2025-06-16 12:44:59.980000+00:00,2025-06-16 12:30:00+00:00,continuous,106625.1,106745.2,106550.0,106706.3,79443927.86879973
2025-06-16 12:59:59.881000+00:00,2025-06-16 12:45:00+00:00,continuous,106706.3,106775.4,106625.2,106646.8,66073755.68240003
2025-06-16 13:14:58.508000+00:00,2025-06-16 13:00:00+00:00,continuous,106646.8,106700.0,106521.0,106601.5,91894470.39749944
2025-06-16 13:29:59.095000+00:00,2025-06-16 13:15:00+00:00,continuous,106601.4,106656.0,106550.0,106599.3,58778270.06379987
2025-06-16 13:44:59.985000+00:00,2025-06-16 13:30:00+00:00,continuous,106599.2,106754.8,106446.6,106712.4,243640516.0630994
2025-06-16 13:59:59.882000+00:00,2025-06-16 13:45:00+00:00,continuous,106714.9,107141.4,106529.3,107109.0,353820307.52030194
2025-06-16 14:14:59.587000+00:00,2025-06-16 14:00:00+00:00,continuous,107109.1,107187.4,106717.1,106911.8,346459810.58129984
2025-06-16 14:29:59.996000+00:00,2025-06-16 14:15:00+00:00,continuous,106911.8,107375.7,106772.5,107290.5,391968811.7788027
2025-06-16 14:44:59.811000+00:00,2025-06-16 14:30:00+00:00,continuous,107290.4,107759.8,107287.0,107575.9,701158282.6657022
2025-06-16 14:59:59.535000+00:00,2025-06-16 14:45:00+00:00,continuous,107575.9,107718.8,107417.3,107481.1,295434609.9968006
2025-06-16 15:14:59.942000+00:00,2025-06-16 15:00:00+00:00,continuous,107481.1,107645.7,107434.0,107549.9,154157474.7423004
2025-06-16 15:29:59.612000+00:00,2025-06-16 15:15:00+00:00,continuous,107550.0,107629.9,107351.0,107414.3,160913992.7597995
2025-06-16 15:44:59.715000+00:00,2025-06-16 15:30:00+00:00,continuous,107414.4,107555.0,107335.8,107491.1,130992289.41129987
2025-06-16 15:59:59.895000+00:00,2025-06-16 15:45:00+00:00,continuous,107491.2,107660.0,107243.0,107374.9,198893829.18969995
2025-06-16 16:14:59.851000+00:00,2025-06-16 16:00:00+00:00,continuous,107375.0,107639.7,107258.0,107635.4,140212484.04250017
2025-06-16 16:29:59.944000+00:00,2025-06-16 16:15:00+00:00,continuous,107635.4,107639.9,107533.1,107560.2,84989673.29020038
2025-06-16 16:44:59.998000+00:00,2025-06-16 16:30:00+00:00,continuous,107560.2,107867.2,107542.9,107659.2,181046270.73579967
2025-06-16 16:59:59.814000+00:00,2025-06-16 16:45:00+00:00,continuous,107659.2,107809.5,107450.0,107713.6,159238504.2392997
2025-06-16 17:14:59.604000+00:00,2025-06-16 17:00:00+00:00,continuous,107713.6,107769.2,107582.0,107687.5,92132494.03869966
2025-06-16 17:29:59.775000+00:00,2025-06-16 17:15:00+00:00,continuous,107687.5,107927.0,107631.2,107831.9,160588881.17410028
2025-06-16 17:44:59.920000+00:00,2025-06-16 17:30:00+00:00,continuous,107831.9,107977.3,107764.0,107769.3,138330966.28039995
2025-06-16 17:59:59.992000+00:00,2025-06-16 17:45:00+00:00,continuous,107769.3,107857.9,107559.2,107691.1,134128921.16059999
2025-06-16 18:14:59.857000+00:00,2025-06-16 18:00:00+00:00,continuous,107691.2,107921.0,107623.5,107889.4,91921241.02659966
2025-06-16 18:29:59.763000+00:00,2025-06-16 18:15:00+00:00,continuous,107889.5,108079.9,107745.9,108029.3,210191894.33669966
2025-06-16 18:44:59.486000+00:00,2025-06-16 18:30:00+00:00,continuous,108029.2,108082.9,107952.0,108037.8,105778007.13109978
2025-06-16 18:59:59.935000+00:00,2025-06-16 18:45:00+00:00,continuous,108037.7,108248.4,107951.3,108207.1,224839942.23920065
2025-06-16 19:14:59.946000+00:00,2025-06-16 19:00:00+00:00,continuous,108207.1,108739.9,108207.1,108574.7,714222474.3583971
2025-06-16 19:29:59.754000+00:00,2025-06-16 19:15:00+00:00,continuous,108574.6,108882.0,108486.2,108716.7,496048097.9692001
2025-06-16 19:44:59.875000+00:00,2025-06-16 19:30:00+00:00,continuous,108716.7,108769.9,108368.5,108462.8,339982344.23229855
2025-06-16 19:59:59.769000+00:00,2025-06-16 19:45:00+00:00,continuous,108462.8,108623.9,108355.9,108594.2,162833683.63499996
2025-06-16 20:14:59.935000+00:00,2025-06-16 20:00:00+00:00,continuous,108594.2,108646.4,108360.0,108590.7,295040602.1412984
2025-06-16 20:29:59.911000+00:00,2025-06-16 20:15:00+00:00,continuous,108590.8,108600.0,108473.3,108575.7,88568574.22129989
2025-06-16 20:44:59.314000+00:00,2025-06-16 20:30:00+00:00,continuous,108575.7,108691.8,108504.8,108691.0,102215256.96789956
2025-06-16 20:59:59.722000+00:00,2025-06-16 20:45:00+00:00,continuous,108691.0,108819.8,108511.6,108748.6,208205367.80680028
2025-06-16 21:14:59.900000+00:00,2025-06-16 21:00:00+00:00,continuous,108748.6,108780.0,108502.2,108502.2,103958010.51010022
2025-06-16 21:29:59.963000+00:00,2025-06-16 21:15:00+00:00,continuous,108502.2,108665.4,108491.3,108595.5,69957449.75860032
2025-06-16 21:44:59.876000+00:00,2025-06-16 21:30:00+00:00,continuous,108595.4,108603.1,108273.4,108486.8,132073194.58129995
2025-06-16 21:59:59.759000+00:00,2025-06-16 21:45:00+00:00,continuous,108486.9,108579.0,108461.0,108470.9,58071301.44480016
2025-06-16 22:14:59.923000+00:00,2025-06-16 22:00:00+00:00,continuous,108470.9,108900.0,108470.9,108733.7,271912867.67390144
2025-06-16 22:29:59.716000+00:00,2025-06-16 22:15:00+00:00,continuous,108733.6,108733.6,108546.0,108609.0,120355501.25190002
2025-06-16 22:44:59.922000+00:00,2025-06-16 22:30:00+00:00,continuous,108608.9,108617.0,107384.0,107396.6,584796099.0208973
2025-06-16 22:59:59.837000+00:00,2025-06-16 22:45:00+00:00,continuous,107396.6,107789.9,107337.2,107645.6,681656624.177698
2025-06-16 23:14:59.925000+00:00,2025-06-16 23:00:00+00:00,continuous,107645.5,107850.0,107469.0,107814.3,340001071.9378995
2025-06-16 23:29:59.409000+00:00,2025-06-16 23:15:00+00:00,continuous,107814.2,107935.3,107368.7,107518.2,290932984.59979963
2025-06-16 23:44:59.919000+00:00,2025-06-16 23:30:00+00:00,continuous,107518.1,107578.8,107020.0,107100.2,388878999.71450204
2025-06-16 23:59:59.773000+00:00,2025-06-16 23:45:00+00:00,continuous,107100.1,107142.0,106640.1,106750.1,418091538.7879028
2025-06-17 00:14:59.831000+00:00,2025-06-17 00:00:00+00:00,continuous,106750.1,106800.6,106100.5,106192.1,842786841.8722965
2025-06-17 00:29:59.993000+00:00,2025-06-17 00:15:00+00:00,continuous,106192.0,106877.5,106068.0,106752.6,613647745.337999
2025-06-17 00:44:59.831000+00:00,2025-06-17 00:30:00+00:00,continuous,106752.7,106954.2,106604.0,106703.5,283584546.8820002
2025-06-17 00:59:59.758000+00:00,2025-06-17 00:45:00+00:00,continuous,106703.4,107231.0,106700.4,107206.5,286444233.48490083
2025-06-17 01:14:59.568000+00:00,2025-06-17 01:00:00+00:00,continuous,107206.5,107282.8,106881.1,107072.2,194877518.9088996
2025-06-17 01:29:59.542000+00:00,2025-06-17 01:15:00+00:00,continuous,107072.2,107174.3,106941.1,106980.8,89390714.72200017
2025-06-17 01:44:59.973000+00:00,2025-06-17 01:30:00+00:00,continuous,106980.8,107400.0,106935.4,107035.9,128772746.44830006
2025-06-17 01:59:59.828000+00:00,2025-06-17 01:45:00+00:00,continuous,107035.8,107325.8,106952.6,107133.3,144847892.35519955
2025-06-17 02:14:59.528000+00:00,2025-06-17 02:00:00+00:00,continuous,107133.2,107185.5,106930.5,107000.0,102441384.24589996
2025-06-17 02:29:59.931000+00:00,2025-06-17 02:15:00+00:00,continuous,107000.0,107002.8,106651.8,106655.5,160805338.67059985
2025-06-17 02:44:59.765000+00:00,2025-06-17 02:30:00+00:00,continuous,106655.4,106921.4,106515.2,106888.4,176908911.26979896
2025-06-17 02:59:59.850000+00:00,2025-06-17 02:45:00+00:00,continuous,106888.3,107555.0,106665.0,107436.3,340728051.54320014
2025-06-17 03:14:59.928000+00:00,2025-06-17 03:00:00+00:00,continuous,107436.4,107727.4,107310.6,107520.0,332547616.71430105
2025-06-17 03:29:59.923000+00:00,2025-06-17 03:15:00+00:00,continuous,107520.0,107568.0,107350.8,107365.9,96790964.6679002
2025-06-17 03:44:59.606000+00:00,2025-06-17 03:30:00+00:00,continuous,107366.0,107619.0,107366.0,107449.8,96508384.62439993
2025-06-17 03:59:59.694000+00:00,2025-06-17 03:45:00+00:00,continuous,107449.8,107683.5,107411.7,107553.3,94561369.58060014
2025-06-17 04:14:59.868000+00:00,2025-06-17 04:00:00+00:00,continuous,107553.3,107655.6,107483.5,107599.6,84392888.53089984
2025-06-17 04:29:59.764000+00:00,2025-06-17 04:15:00+00:00,continuous,107599.5,107628.3,107416.4,107441.7,88294061.39909983
2025-06-17 04:44:59.909000+00:00,2025-06-17 04:30:00+00:00,continuous,107441.8,107460.2,107259.2,107296.4,156193398.71740028
2025-06-17 04:59:59.872000+00:00,2025-06-17 04:45:00+00:00,continuous,107296.4,107391.5,107266.5,107286.9,54418578.89810005
2025-06-17 05:14:59.940000+00:00,2025-06-17 05:00:00+00:00,continuous,107286.9,107356.5,107183.9,107229.3,67774843.97670005
2025-06-17 05:29:59.909000+00:00,2025-06-17 05:15:00+00:00,continuous,107229.4,107278.1,106994.4,107190.3,162274970.5097997
2025-06-17 05:44:59.751000+00:00,2025-06-17 05:30:00+00:00,continuous,107190.2,107263.4,107133.0,107142.0,62054361.15340002
2025-06-17 05:59:59.999000+00:00,2025-06-17 05:45:00+00:00,continuous,107142.1,107142.1,107002.1,107077.1,89067779.38589983
2025-06-17 06:14:59.845000+00:00,2025-06-17 06:00:00+00:00,continuous,107077.0,107192.0,107010.0,107160.4,110223427.70019977
2025-06-17 06:29:59.822000+00:00,2025-06-17 06:15:00+00:00,continuous,107160.4,107167.6,106900.5,106963.9,102065703.97070028
2025-06-17 06:44:59.723000+00:00,2025-06-17 06:30:00+00:00,continuous,106964.0,106972.3,106850.0,106885.0,110126314.53099972
2025-06-17 06:59:59.888000+00:00,2025-06-17 06:45:00+00:00,continuous,106885.1,106885.1,106642.0,106793.4,259209505.37380257
2025-06-17 07:14:59.865000+00:00,2025-06-17 07:00:00+00:00,continuous,106793.3,106836.5,106639.8,106660.1,89643850.37900011
2025-06-17 07:29:59.855000+00:00,2025-06-17 07:15:00+00:00,continuous,106660.1,106706.4,106423.2,106425.1,156552433.24709973
2025-06-17 07:44:59.992000+00:00,2025-06-17 07:30:00+00:00,continuous,106425.1,106648.5,106413.4,106612.0,156751190.50869995
2025-06-17 07:59:59.199000+00:00,2025-06-17 07:45:00+00:00,continuous,106612.1,106745.0,106584.0,106711.1,132274982.51379968
2025-06-17 08:14:59.870000+00:00,2025-06-17 08:00:00+00:00,continuous,106711.0,106715.0,106612.0,106699.9,104723283.8672007
2025-06-17 08:29:59.862000+00:00,2025-06-17 08:15:00+00:00,continuous,106699.9,106785.2,106525.8,106754.3,99984983.37099941
2025-06-17 08:44:59.939000+00:00,2025-06-17 08:30:00+00:00,continuous,106754.3,106769.9,106432.5,106434.5,114238664.12580019
2025-06-17 08:59:59.964000+00:00,2025-06-17 08:45:00+00:00,continuous,106434.5,106629.3,106434.5,106518.8,100902523.10479945
2025-06-17 09:14:59.921000+00:00,2025-06-17 09:00:00+00:00,continuous,106518.8,106618.1,106317.6,106423.3,173680027.92189986
2025-06-17 09:29:59.835000+00:00,2025-06-17 09:15:00+00:00,continuous,106423.2,106458.3,106315.0,106356.0,95911161.19559944
2025-06-17 09:44:59.943000+00:00,2025-06-17 09:30:00+00:00,continuous,106356.1,106400.0,106067.9,106213.6,383832162.62540084
2025-06-17 09:59:59.743000+00:00,2025-06-17 09:45:00+00:00,continuous,106213.7,106240.6,106021.7,106112.2,183866735.96400008
2025-06-17 10:14:59.956000+00:00,2025-06-17 10:00:00+00:00,continuous,106112.3,106197.2,105985.0,106034.1,214557984.7751013
2025-06-17 10:29:59.616000+00:00,2025-06-17 10:15:00+00:00,continuous,106034.0,106127.6,105958.8,106055.1,148392214.6681
2025-06-17 10:44:59.975000+00:00,2025-06-17 10:30:00+00:00,continuous,106055.0,106058.1,105620.0,105735.9,379937003.36350083
2025-06-17 10:59:59.911000+00:00,2025-06-17 10:45:00+00:00,continuous,105736.0,105923.0,105700.0,105904.7,223360705.86129943
2025-06-17 11:14:59.676000+00:00,2025-06-17 11:00:00+00:00,continuous,105904.7,105904.7,105655.6,105685.1,163123022.76970056
2025-06-17 11:29:59.934000+00:00,2025-06-17 11:15:00+00:00,continuous,105685.0,105734.8,105480.5,105512.0,271550122.9589002
2025-06-17 11:44:59.931000+00:00,2025-06-17 11:30:00+00:00,continuous,105511.9,105641.0,105466.3,105476.9,190152718.38169968
2025-06-17 11:59:59.932000+00:00,2025-06-17 11:45:00+00:00,continuous,105476.9,105630.5,105461.4,105592.9,135435206.70910004
2025-06-17 12:14:59.825000+00:00,2025-06-17 12:00:00+00:00,continuous,105592.9,105816.5,105530.0,105739.0,362797432.7123004
2025-06-17 12:29:59.989000+00:00,2025-06-17 12:15:00+00:00,continuous,105739.0,105739.0,105621.6,105640.1,130133091.97749987
2025-06-17 12:44:59.770000+00:00,2025-06-17 12:30:00+00:00,continuous,105640.0,105800.0,105570.0,105710.2,181263467.85649988
2025-06-17 12:59:59.957000+00:00,2025-06-17 12:45:00+00:00,continuous,105710.2,105710.2,105350.6,105465.1,235711416.07350162
2025-06-17 13:14:59.802000+00:00,2025-06-17 13:00:00+00:00,continuous,105465.0,105543.1,105353.1,105496.1,138559025.35220012
2025-06-17 13:29:59.964000+00:00,2025-06-17 13:15:00+00:00,continuous,105496.0,105596.3,105351.8,105579.9,273863673.09539956
2025-06-17 13:44:59.971000+00:00,2025-06-17 13:30:00+00:00,continuous,105579.9,105696.0,105200.0,105257.5,436141100.60649925
2025-06-17 13:59:59.861000+00:00,2025-06-17 13:45:00+00:00,continuous,105257.6,105480.3,105140.7,105301.4,402899730.932295
2025-06-17 14:14:59.867000+00:00,2025-06-17 14:00:00+00:00,continuous,105301.5,105651.7,104922.2,105632.3,655957124.4884989
2025-06-17 14:29:59.966000+00:00,2025-06-17 14:15:00+00:00,continuous,105632.4,105638.4,105169.6,105264.4,302049489.5583999
2025-06-17 14:44:59.816000+00:00,2025-06-17 14:30:00+00:00,continuous,105264.4,105364.9,104800.4,104999.8,501343943.2001004
2025-06-17 14:59:59.919000+00:00,2025-06-17 14:45:00+00:00,continuous,104999.8,105233.3,104673.5,104791.6,332471892.30930024
2025-06-17 15:14:59.776000+00:00,2025-06-17 15:00:00+00:00,continuous,104791.7,104920.0,104477.2,104698.7,805045566.6290082
2025-06-17 15:29:59.904000+00:00,2025-06-17 15:15:00+00:00,continuous,104698.7,104702.8,104205.0,104251.0,513914468.11219954
2025-06-17 15:44:59.911000+00:00,2025-06-17 15:30:00+00:00,continuous,104251.0,104563.8,104068.0,104535.2,727630240.3035061
2025-06-17 15:59:59.904000+00:00,2025-06-17 15:45:00+00:00,continuous,104535.2,104557.3,104129.4,104199.2,371960128.98900574
2025-06-17 16:14:59.825000+00:00,2025-06-17 16:00:00+00:00,continuous,104199.2,104369.9,104149.9,104354.0,321713193.9877973
2025-06-17 16:29:59.748000+00:00,2025-06-17 16:15:00+00:00,continuous,104354.0,104375.2,104050.0,104141.5,301500674.648703
2025-06-17 16:44:59.847000+00:00,2025-06-17 16:30:00+00:00,continuous,104141.5,104441.7,104062.4,104082.2,277733144.53860056
2025-06-17 16:59:59.970000+00:00,2025-06-17 16:45:00+00:00,continuous,104082.1,104134.3,103443.9,103574.2,1119012884.7694056
2025-06-17 17:14:59.878000+00:00,2025-06-17 17:00:00+00:00,continuous,103574.2,103771.8,103300.0,103595.3,572415368.6162059
2025-06-17 17:29:59.898000+00:00,2025-06-17 17:15:00+00:00,continuous,103595.2,103884.6,103544.3,103860.0,326906348.8944994
2025-06-17 17:44:59.969000+00:00,2025-06-17 17:30:00+00:00,continuous,103860.0,104192.8,103773.8,103817.7,578539929.0999
2025-06-17 17:59:59.913000+00:00,2025-06-17 17:45:00+00:00,continuous,103817.8,103912.1,103686.5,103750.0,187302225.2521014
2025-06-17 18:14:59.777000+00:00,2025-06-17 18:00:00+00:00,continuous,103750.1,104046.5,103673.9,103860.1,152541887.28029856
2025-06-17 18:29:59.981000+00:00,2025-06-17 18:15:00+00:00,continuous,103860.0,103883.7,103572.0,103634.1,129697242.54129985
2025-06-17 18:44:59.982000+00:00,2025-06-17 18:30:00+00:00,continuous,103634.1,104065.1,103634.0,104008.7,180343770.62730023
2025-06-17 18:59:59.957000+00:00,2025-06-17 18:45:00+00:00,continuous,104008.7,104370.7,104001.9,104359.6,301954750.2775016
2025-06-17 19:14:59.759000+00:00,2025-06-17 19:00:00+00:00,continuous,104359.5,104840.5,104358.6,104795.9,492302364.78770274
2025-06-17 19:29:59.973000+00:00,2025-06-17 19:15:00+00:00,continuous,104795.9,105288.0,104795.9,105076.4,629335050.820607
2025-06-17 19:44:59.929000+00:00,2025-06-17 19:30:00+00:00,continuous,105076.4,105167.9,104768.2,104836.1,213707063.02880082
2025-06-17 19:59:59.983000+00:00,2025-06-17 19:45:00+00:00,continuous,104836.1,105158.1,104601.5,104630.6,355881079.49710137
2025-06-17 20:14:59.968000+00:00,2025-06-17 20:00:00+00:00,continuous,104630.5,104865.8,104429.9,104537.4,548417254.1189996
2025-06-17 20:29:59.809000+00:00,2025-06-17 20:15:00+00:00,continuous,104537.5,104631.4,104207.1,104519.2,347653315.9518975
2025-06-17 20:44:59.199000+00:00,2025-06-17 20:30:00+00:00,continuous,104519.2,104614.9,104351.3,104523.4,115776517.60660018
2025-06-17 20:59:59.448000+00:00,2025-06-17 20:45:00+00:00,continuous,104523.5,104528.1,104250.1,104305.7,131747217.22309998
2025-06-17 21:14:59.910000+00:00,2025-06-17 21:00:00+00:00,continuous,104305.6,104457.9,104200.0,104368.0,131575531.55340028
2025-06-17 21:29:59.777000+00:00,2025-06-17 21:15:00+00:00,continuous,104368.0,104463.8,104274.6,104463.5,143239552.4925007
2025-06-17 21:44:59.806000+00:00,2025-06-17 21:30:00+00:00,continuous,104463.6,104767.3,104463.5,104676.0,180126349.05870005
2025-06-17 21:59:59.028000+00:00,2025-06-17 21:45:00+00:00,continuous,104676.0,104676.0,104302.4,104490.0,127450652.68480036
2025-06-17 22:14:59.746000+00:00,2025-06-17 22:00:00+00:00,continuous,104490.0,104646.4,104342.2,104620.2,91438412.48910017
2025-06-17 22:29:59.978000+00:00,2025-06-17 22:15:00+00:00,continuous,104620.2,104680.0,104530.9,104531.0,75079345.44759981
2025-06-17 22:44:59.936000+00:00,2025-06-17 22:30:00+00:00,continuous,104530.9,104581.1,104391.9,104543.8,80185501.66089979
2025-06-17 22:59:59.848000+00:00,2025-06-17 22:45:00+00:00,continuous,104543.8,104613.0,104143.4,104183.4,141343994.03899992
2025-06-17 23:14:59.871000+00:00,2025-06-17 23:00:00+00:00,continuous,104183.5,104430.7,104173.5,104383.1,107862692.23009993
2025-06-17 23:29:59.819000+00:00,2025-06-17 23:15:00+00:00,continuous,104383.1,104533.1,104383.0,104518.7,52423961.01279994
2025-06-17 23:44:59.671000+00:00,2025-06-17 23:30:00+00:00,continuous,104518.7,104668.8,104508.1,104639.8,108333697.96739998
2025-06-17 23:59:59.886000+00:00,2025-06-17 23:45:00+00:00,continuous,104639.8,104689.6,104495.2,104508.0,61889194.134100296
2025-06-18 00:14:59.625000+00:00,2025-06-18 00:00:00+00:00,continuous,104508.0,104670.0,104497.4,104514.5,93226749.2732994
2025-06-18 00:29:59.402000+00:00,2025-06-18 00:15:00+00:00,continuous,104514.4,104575.5,104360.0,104360.0,77282065.14519992
2025-06-18 00:44:59.563000+00:00,2025-06-18 00:30:00+00:00,continuous,104360.1,104790.0,104312.2,104669.5,159218410.2360005
2025-06-18 00:59:59.892000+00:00,2025-06-18 00:45:00+00:00,continuous,104669.5,104822.4,104524.2,104787.3,142930200.2414999
2025-06-18 01:14:59.802000+00:00,2025-06-18 01:00:00+00:00,continuous,104787.3,105010.0,104769.1,104913.4,197578861.74579886
2025-06-18 01:29:59.717000+00:00,2025-06-18 01:15:00+00:00,continuous,104913.5,105135.0,104750.7,104762.3,164717449.4441005
2025-06-18 01:44:59.876000+00:00,2025-06-18 01:30:00+00:00,continuous,104762.3,104837.4,104694.9,104751.6,107687936.13480045
2025-06-18 01:59:58.700000+00:00,2025-06-18 01:45:00+00:00,continuous,104751.7,104754.6,104617.9,104726.7,63433794.75139958
2025-06-18 02:14:59.880000+00:00,2025-06-18 02:00:00+00:00,continuous,104726.8,104880.9,104681.2,104782.7,67466307.26810005
2025-06-18 02:29:59.945000+00:00,2025-06-18 02:15:00+00:00,continuous,104782.6,105016.2,104637.9,105016.2,93455805.58819978
2025-06-18 02:44:59.558000+00:00,2025-06-18 02:30:00+00:00,continuous,105016.1,105049.0,104843.4,104859.7,51374960.74229995
2025-06-18 02:59:59.909000+00:00,2025-06-18 02:45:00+00:00,continuous,104859.8,104955.6,104797.8,104800.3,41774640.62360001
2025-06-18 03:14:59.961000+00:00,2025-06-18 03:00:00+00:00,continuous,104800.3,104959.3,104786.0,104941.5,54779182.650400214
2025-06-18 03:29:58.937000+00:00,2025-06-18 03:15:00+00:00,continuous,104941.5,105072.0,104933.2,104988.7,65350772.13320007
2025-06-18 03:44:59.983000+00:00,2025-06-18 03:30:00+00:00,continuous,104988.7,105166.6,104988.7,105150.5,76761244.32629976
2025-06-18 03:59:59.996000+00:00,2025-06-18 03:45:00+00:00,continuous,105150.5,105192.2,105085.3,105132.2,65852412.242900014
2025-06-18 04:14:59.477000+00:00,2025-06-18 04:00:00+00:00,continuous,105132.1,105200.0,105017.4,105200.0,74921558.59889992
2025-06-18 04:29:59.821000+00:00,2025-06-18 04:15:00+00:00,continuous,105200.0,105249.8,105100.0,105155.0,75491049.22240002
2025-06-18 04:44:59.984000+00:00,2025-06-18 04:30:00+00:00,continuous,105154.9,105338.9,105127.9,105300.1,91148913.93310018
2025-06-18 04:59:59.879000+00:00,2025-06-18 04:45:00+00:00,continuous,105300.0,105468.6,105300.0,105399.6,159473072.91189986
2025-06-18 05:14:58.985000+00:00,2025-06-18 05:00:00+00:00,continuous,105399.6,105489.0,105374.6,105385.3,97448207.08560081
2025-06-18 05:29:59.922000+00:00,2025-06-18 05:15:00+00:00,continuous,105385.3,105499.9,105320.0,105427.8,83395895.48999944
2025-06-18 05:44:59.878000+00:00,2025-06-18 05:30:00+00:00,continuous,105427.8,105500.0,105401.0,105478.8,57359407.42010002
2025-06-18 05:59:59.119000+00:00,2025-06-18 05:45:00+00:00,continuous,105478.9,105480.3,105340.5,105360.0,71084780.1085004
2025-06-18 06:14:59.096000+00:00,2025-06-18 06:00:00+00:00,continuous,105360.0,105486.9,105260.0,105392.6,110323743.33019967
2025-06-18 06:29:59.904000+00:00,2025-06-18 06:15:00+00:00,continuous,105392.5,105426.3,105171.1,105268.0,121756719.21369994
2025-06-18 06:44:59.858000+00:00,2025-06-18 06:30:00+00:00,continuous,105268.0,105268.0,105043.6,105049.0,163204576.89089942
2025-06-18 06:59:59.821000+00:00,2025-06-18 06:45:00+00:00,continuous,105048.9,105075.7,104848.2,104916.4,247105590.47640005
2025-06-18 07:14:59.796000+00:00,2025-06-18 07:00:00+00:00,continuous,104916.4,104945.4,104660.0,104808.9,219885209.3576993
2025-06-18 07:29:59.622000+00:00,2025-06-18 07:15:00+00:00,continuous,104808.8,104942.6,104783.3,104891.4,96401535.7898994
2025-06-18 07:44:59.968000+00:00,2025-06-18 07:30:00+00:00,continuous,104891.5,104970.0,104825.9,104892.5,88077599.41700013
2025-06-18 07:59:59.671000+00:00,2025-06-18 07:45:00+00:00,continuous,104892.4,104940.5,104863.5,104925.7,46215381.54339996
2025-06-18 08:14:59.838000+00:00,2025-06-18 08:00:00+00:00,continuous,104925.6,105276.8,104917.2,105194.0,182901462.31859964
2025-06-18 08:29:59.629000+00:00,2025-06-18 08:15:00+00:00,continuous,105194.0,105208.5,105029.9,105029.9,86270769.22790018
2025-06-18 08:44:59.856000+00:00,2025-06-18 08:30:00+00:00,continuous,105030.0,105046.8,104693.1,104758.6,175395068.72459966
2025-06-18 08:59:59.820000+00:00,2025-06-18 08:45:00+00:00,continuous,104758.5,104964.4,104758.5,104905.2,83595414.2696002
2025-06-18 09:14:59.890000+00:00,2025-06-18 09:00:00+00:00,continuous,104905.2,105087.3,104905.2,104956.1,87164163.63780041
2025-06-18 09:29:59.994000+00:00,2025-06-18 09:15:00+00:00,continuous,104956.1,105008.4,104828.0,104833.4,55779596.77630016
2025-06-18 09:44:59.516000+00:00,2025-06-18 09:30:00+00:00,continuous,104833.4,104833.4,104593.1,104629.9,135534128.9258998
2025-06-18 09:59:59.716000+00:00,2025-06-18 09:45:00+00:00,continuous,104630.0,104722.3,104514.8,104650.6,148161203.54269922
2025-06-18 10:14:59.983000+00:00,2025-06-18 10:00:00+00:00,continuous,104650.6,104686.2,104464.9,104644.8,149437609.95939967
2025-06-18 10:29:59.797000+00:00,2025-06-18 10:15:00+00:00,continuous,104644.7,104760.6,104428.7,104461.4,208220825.56099924
2025-06-18 10:44:59.936000+00:00,2025-06-18 10:30:00+00:00,continuous,104461.4,104576.3,104363.0,104411.4,194095030.99350008
2025-06-18 10:59:59.887000+00:00,2025-06-18 10:45:00+00:00,continuous,104411.4,104464.1,104111.4,104218.8,305734669.10949934
2025-06-18 11:14:59.575000+00:00,2025-06-18 11:00:00+00:00,continuous,104218.9,104442.9,104147.4,104429.7,221183083.73779982
2025-06-18 11:29:59.790000+00:00,2025-06-18 11:15:00+00:00,continuous,104429.7,104457.9,104250.1,104380.0,110136007.5033002
2025-06-18 11:44:59.971000+00:00,2025-06-18 11:30:00+00:00,continuous,104379.9,104609.6,104300.7,104583.2,140253217.64960024
2025-06-18 11:59:59.757000+00:00,2025-06-18 11:45:00+00:00,continuous,104583.2,104826.3,104565.8,104791.2,314554851.4230009
2025-06-18 12:14:59.778000+00:00,2025-06-18 12:00:00+00:00,continuous,104791.1,104865.1,104665.2,104775.5,140607128.71789968
2025-06-18 12:29:59.972000+00:00,2025-06-18 12:15:00+00:00,continuous,104775.4,104832.3,104563.4,104681.0,153314136.2370999
2025-06-18 12:44:59.970000+00:00,2025-06-18 12:30:00+00:00,continuous,104681.1,104681.1,104428.3,104448.0,156510824.4253005
2025-06-18 12:59:59.914000+00:00,2025-06-18 12:45:00+00:00,continuous,104448.1,104534.7,104422.4,104478.5,110777657.28930028
2025-06-18 13:14:59.813000+00:00,2025-06-18 13:00:00+00:00,continuous,104478.5,104511.2,103990.7,104010.7,375072000.922404
2025-06-18 13:29:59.858000+00:00,2025-06-18 13:15:00+00:00,continuous,104010.7,104054.3,103855.0,103861.0,365935047.40830076
2025-06-18 13:44:59.806000+00:00,2025-06-18 13:30:00+00:00,continuous,103861.1,104341.5,103750.0,104155.4,526106899.325405
2025-06-18 13:59:59.998000+00:00,2025-06-18 13:45:00+00:00,continuous,104155.5,104467.6,103915.8,104400.2,379582305.63169855
2025-06-18 14:14:59.998000+00:00,2025-06-18 14:00:00+00:00,continuous,104400.2,105100.0,104164.4,104996.9,939882030.7910023
2025-06-18 14:29:59.926000+00:00,2025-06-18 14:15:00+00:00,continuous,104996.6,105300.0,104824.8,105113.0,434537111.4131032
2025-06-18 14:44:59.812000+00:00,2025-06-18 14:30:00+00:00,continuous,105113.0,105274.9,104907.7,105085.4,336017032.5747028
2025-06-18 14:59:59.905000+00:00,2025-06-18 14:45:00+00:00,continuous,105085.4,105103.0,104426.2,104576.1,479400457.288701
2025-06-18 15:14:59.971000+00:00,2025-06-18 15:00:00+00:00,continuous,104576.1,104774.0,104271.7,104373.9,409908489.40129673
2025-06-18 15:29:59.846000+00:00,2025-06-18 15:15:00+00:00,continuous,104373.8,104760.0,104061.4,104713.4,359349700.4718989
2025-06-18 15:44:59.836000+00:00,2025-06-18 15:30:00+00:00,continuous,104713.5,104900.0,104570.2,104847.6,197094687.59209934
2025-06-18 15:59:59.908000+00:00,2025-06-18 15:45:00+00:00,continuous,104847.6,104937.2,104700.8,104744.2,147173941.6670004
2025-06-18 16:14:59.996000+00:00,2025-06-18 16:00:00+00:00,continuous,104744.2,104795.0,104562.5,104621.9,163678485.0818008
2025-06-18 16:29:59.916000+00:00,2025-06-18 16:15:00+00:00,continuous,104622.0,104632.0,104272.4,104333.0,202227754.70690003
2025-06-18 16:44:59.942000+00:00,2025-06-18 16:30:00+00:00,continuous,104333.0,104571.8,104288.8,104515.5,127452497.63309997
2025-06-18 16:59:59.600000+00:00,2025-06-18 16:45:00+00:00,continuous,104515.6,104549.5,104315.4,104363.8,82822337.25390027
2025-06-18 17:14:59.897000+00:00,2025-06-18 17:00:00+00:00,continuous,104363.7,104363.7,103929.0,104220.8,304831991.1384991
2025-06-18 17:29:59.552000+00:00,2025-06-18 17:15:00+00:00,continuous,104220.8,104269.2,104001.6,104030.5,165224303.46819982
2025-06-18 17:44:59.723000+00:00,2025-06-18 17:30:00+00:00,continuous,104030.4,104140.7,103538.0,104133.5,555850159.9390035
2025-06-18 17:59:59.948000+00:00,2025-06-18 17:45:00+00:00,continuous,104133.5,104465.8,104081.2,104289.7,259759730.78460014
2025-06-18 18:14:59.971000+00:00,2025-06-18 18:00:00+00:00,continuous,104290.0,104693.6,103888.8,104283.6,677044254.307505
2025-06-18 18:29:59.690000+00:00,2025-06-18 18:15:00+00:00,continuous,104283.5,104342.5,104058.1,104177.0,169845753.53289986
2025-06-18 18:44:59.709000+00:00,2025-06-18 18:30:00+00:00,continuous,104177.0,104624.5,104121.4,104398.4,307646515.86499965
2025-06-18 18:59:59.914000+00:00,2025-06-18 18:45:00+00:00,continuous,104398.3,104476.6,103513.5,103564.0,373954679.7157974
2025-06-18 19:14:59.988000+00:00,2025-06-18 19:00:00+00:00,continuous,103564.1,104415.4,103426.1,104258.5,560281592.9352019
2025-06-18 19:29:59.960000+00:00,2025-06-18 19:15:00+00:00,continuous,104258.4,104366.9,103739.6,103775.2,348120172.57740444
2025-06-18 19:44:59.936000+00:00,2025-06-18 19:30:00+00:00,continuous,103775.1,104237.6,103726.7,104121.3,157372697.87699974
2025-06-18 19:59:59.809000+00:00,2025-06-18 19:45:00+00:00,continuous,104121.2,104137.0,103751.0,103773.3,147841256.12030032
2025-06-18 20:14:59.912000+00:00,2025-06-18 20:00:00+00:00,continuous,103773.3,103942.8,103601.5,103761.1,188146125.5517999
2025-06-18 20:29:59.944000+00:00,2025-06-18 20:15:00+00:00,continuous,103761.2,104183.0,103742.0,104182.9,110375507.4381002
2025-06-18 20:44:59.940000+00:00,2025-06-18 20:30:00+00:00,continuous,104183.0,104658.2,104176.4,104654.6,217490217.90049857
2025-06-18 20:59:59.906000+00:00,2025-06-18 20:45:00+00:00,continuous,104654.7,104940.7,104611.0,104761.4,292276874.6683984
2025-06-18 21:14:59.878000+00:00,2025-06-18 21:00:00+00:00,continuous,104761.4,104786.6,104323.2,104365.2,284129551.65049964
2025-06-18 21:29:59.427000+00:00,2025-06-18 21:15:00+00:00,continuous,104365.2,104717.7,104365.2,104648.5,141856272.8051999
2025-06-18 21:44:59.584000+00:00,2025-06-18 21:30:00+00:00,continuous,104648.6,104822.0,104625.4,104780.1,109958370.13890052
2025-06-18 21:59:59.738000+00:00,2025-06-18 21:45:00+00:00,continuous,104780.0,105098.0,104705.0,105039.6,159387737.64419922
2025-06-18 22:14:59.936000+00:00,2025-06-18 22:00:00+00:00,continuous,105039.6,105090.0,104818.8,104861.5,122118274.41490053
2025-06-18 22:29:59.523000+00:00,2025-06-18 22:15:00+00:00,continuous,104862.1,104976.2,104785.7,104912.9,71866316.42370054
2025-06-18 22:44:59.802000+00:00,2025-06-18 22:30:00+00:00,continuous,104912.9,104943.6,104776.8,104828.6,58075793.624300145
2025-06-18 22:59:59.551000+00:00,2025-06-18 22:45:00+00:00,continuous,104828.5,104880.0,104743.8,104770.9,40944844.90370001
2025-06-18 23:14:59.904000+00:00,2025-06-18 23:00:00+00:00,continuous,104770.9,104916.0,104760.9,104865.2,50172565.64059986
2025-06-18 23:29:59.953000+00:00,2025-06-18 23:15:00+00:00,continuous,104865.1,104900.0,104755.2,104755.2,33717767.44949999
2025-06-18 23:44:59.989000+00:00,2025-06-18 23:30:00+00:00,continuous,104755.1,104755.1,104570.6,104592.0,75253601.26149978
2025-06-18 23:59:59.441000+00:00,2025-06-18 23:45:00+00:00,continuous,104592.0,104842.4,104587.8,104832.8,57358132.57010001
2025-06-19 00:14:59.883000+00:00,2025-06-19 00:00:00+00:00,continuous,104832.8,104907.0,104659.0,104676.7,108804618.28629942
2025-06-19 00:29:59.916000+00:00,2025-06-19 00:15:00+00:00,continuous,104676.7,105055.0,104620.8,105007.0,115321737.37650013
2025-06-19 00:44:59.962000+00:00,2025-06-19 00:30:00+00:00,continuous,105007.1,105143.9,104888.0,105097.2,174086191.77089918
2025-06-19 00:59:59.437000+00:00,2025-06-19 00:45:00+00:00,continuous,105097.2,105185.7,104866.2,104899.9,143224469.59490034
2025-06-19 01:14:59.839000+00:00,2025-06-19 01:00:00+00:00,continuous,104899.9,104919.8,104364.5,104492.6,309289937.0946989
2025-06-19 01:29:59.615000+00:00,2025-06-19 01:15:00+00:00,continuous,104492.7,104741.7,104492.7,104738.4,82506251.7992
2025-06-19 01:44:59.898000+00:00,2025-06-19 01:30:00+00:00,continuous,104738.3,104738.3,104501.0,104513.6,62012215.0371
2025-06-19 01:59:59.803000+00:00,2025-06-19 01:45:00+00:00,continuous,104513.6,104583.4,104467.4,104557.8,34657846.63030002
2025-06-19 02:14:59.648000+00:00,2025-06-19 02:00:00+00:00,continuous,104557.8,104742.0,104400.0,104540.1,87234401.60439979
2025-06-19 02:29:59.670000+00:00,2025-06-19 02:15:00+00:00,continuous,104540.0,104676.5,104468.3,104647.7,55307138.84059975
2025-06-19 02:44:59.911000+00:00,2025-06-19 02:30:00+00:00,continuous,104647.7,104960.0,104629.8,104940.0,69749727.69380005
2025-06-19 02:59:59.559000+00:00,2025-06-19 02:45:00+00:00,continuous,104940.1,104949.9,104656.5,104668.0,66299404.71450003
2025-06-19 03:14:59.903000+00:00,2025-06-19 03:00:00+00:00,continuous,104668.0,104843.0,104666.0,104779.8,36583078.9845002
2025-06-19 03:29:59.911000+00:00,2025-06-19 03:15:00+00:00,continuous,104779.8,105002.0,104772.8,104938.8,98630775.20299989
2025-06-19 03:44:59.980000+00:00,2025-06-19 03:30:00+00:00,continuous,104938.8,104938.9,104850.0,104924.9,37758115.61460004
2025-06-19 03:59:59.638000+00:00,2025-06-19 03:45:00+00:00,continuous,104925.0,105072.2,104866.5,105054.4,95727694.68310015
2025-06-19 04:14:59.964000+00:00,2025-06-19 04:00:00+00:00,continuous,105054.4,105059.4,104773.9,104969.5,145422448.8453998
2025-06-19 04:29:59.752000+00:00,2025-06-19 04:15:00+00:00,continuous,104969.6,104981.8,104797.4,104797.4,112393629.91709885
2025-06-19 04:44:59.943000+00:00,2025-06-19 04:30:00+00:00,continuous,104797.5,104894.8,104741.2,104877.6,117484894.23350023
2025-06-19 04:59:59.843000+00:00,2025-06-19 04:45:00+00:00,continuous,104877.5,105033.0,104873.9,105032.9,84336356.29049988
2025-06-19 05:14:59.035000+00:00,2025-06-19 05:00:00+00:00,continuous,105032.9,105184.0,104977.6,105002.0,138816410.22910008
2025-06-19 05:29:59.471000+00:00,2025-06-19 05:15:00+00:00,continuous,105001.9,105099.0,104918.0,105001.0,82016377.51730053
2025-06-19 05:44:59.793000+00:00,2025-06-19 05:30:00+00:00,continuous,105001.1,105024.4,104911.8,104949.9,43097439.37100013
2025-06-19 05:59:59.697000+00:00,2025-06-19 05:45:00+00:00,continuous,104950.0,104950.1,104753.6,104842.2,84120610.8944996
2025-06-19 06:14:58.585000+00:00,2025-06-19 06:00:00+00:00,continuous,104842.3,104942.0,104680.7,104699.7,101792281.67950013
2025-06-19 06:29:59.777000+00:00,2025-06-19 06:15:00+00:00,continuous,104699.6,104700.0,104565.0,104580.4,108795579.01009998
2025-06-19 06:44:59.975000+00:00,2025-06-19 06:30:00+00:00,continuous,104580.4,104695.5,104580.4,104688.4,71526847.18079995
2025-06-19 06:59:59.685000+00:00,2025-06-19 06:45:00+00:00,continuous,104688.4,104688.4,104640.0,104658.8,37070557.97170009
2025-06-19 07:14:59.636000+00:00,2025-06-19 07:00:00+00:00,continuous,104658.7,104800.0,104658.7,104756.4,58797615.45569986
2025-06-19 07:29:59.634000+00:00,2025-06-19 07:15:00+00:00,continuous,104756.4,104799.5,104638.7,104672.7,39995549.4226001
2025-06-19 07:44:59.532000+00:00,2025-06-19 07:30:00+00:00,continuous,104672.7,104713.5,104650.4,104696.4,39935264.97070009
2025-06-19 07:59:59.243000+00:00,2025-06-19 07:45:00+00:00,continuous,104696.3,104696.4,104560.6,104585.9,58577818.8789
2025-06-19 08:14:59.939000+00:00,2025-06-19 08:00:00+00:00,continuous,104585.8,104876.4,104570.1,104825.1,71840614.99579984
2025-06-19 08:29:59.727000+00:00,2025-06-19 08:15:00+00:00,continuous,104825.0,104873.6,104820.0,104825.6,43499959.53939983
2025-06-19 08:44:59.619000+00:00,2025-06-19 08:30:00+00:00,continuous,104825.7,104877.0,104733.7,104861.8,58373720.66619984
2025-06-19 08:59:59.666000+00:00,2025-06-19 08:45:00+00:00,continuous,104861.9,104942.9,104674.0,104681.0,67667790.47979982
2025-06-19 09:14:59.592000+00:00,2025-06-19 09:00:00+00:00,continuous,104681.0,104764.8,104675.6,104739.9,41257913.04070006
2025-06-19 09:29:59.995000+00:00,2025-06-19 09:15:00+00:00,continuous,104739.9,104955.9,104728.5,104922.7,106249474.6355995
2025-06-19 09:44:57.487000+00:00,2025-06-19 09:30:00+00:00,continuous,104922.7,104924.2,104854.5,104871.5,41581720.17960003
2025-06-19 09:59:59.837000+00:00,2025-06-19 09:45:00+00:00,continuous,104871.4,104983.9,104871.4,104946.4,72926312.82310036
2025-06-19 10:14:59.979000+00:00,2025-06-19 10:00:00+00:00,continuous,104946.3,104988.0,104878.2,104953.4,57193838.30529988
2025-06-19 10:29:59.997000+00:00,2025-06-19 10:15:00+00:00,continuous,104953.5,104998.1,104886.1,104992.9,57044811.68320013
2025-06-19 10:44:59.934000+00:00,2025-06-19 10:30:00+00:00,continuous,104992.9,105032.1,104906.0,104921.1,66874543.98879992
2025-06-19 10:59:58.095000+00:00,2025-06-19 10:45:00+00:00,continuous,104921.2,104921.2,104790.2,104861.6,43380656.726800054
2025-06-19 11:14:59.642000+00:00,2025-06-19 11:00:00+00:00,continuous,104861.6,104861.6,104723.5,104800.9,57822042.25839989
2025-06-19 11:29:59.282000+00:00,2025-06-19 11:15:00+00:00,continuous,104800.9,104861.4,104769.8,104771.3,43799360.85510001
2025-06-19 11:44:59.872000+00:00,2025-06-19 11:30:00+00:00,continuous,104771.3,104771.3,104669.9,104720.5,69343115.01020001
2025-06-19 11:59:59.762000+00:00,2025-06-19 11:45:00+00:00,continuous,104720.6,104766.0,104677.0,104717.7,47239626.98539964
2025-06-19 12:14:59.946000+00:00,2025-06-19 12:00:00+00:00,continuous,104717.8,104861.0,104651.9,104861.0,75776186.08080009
2025-06-19 12:29:59.544000+00:00,2025-06-19 12:15:00+00:00,continuous,104860.9,104861.0,104777.1,104795.1,32306319.806600012
2025-06-19 12:44:59.776000+00:00,2025-06-19 12:30:00+00:00,continuous,104795.0,104838.7,104655.0,104658.2,58256591.510400064
2025-06-19 12:59:59.872000+00:00,2025-06-19 12:45:00+00:00,continuous,104658.2,104714.0,104608.0,104697.9,76741309.93050012
2025-06-19 13:14:59.781000+00:00,2025-06-19 13:00:00+00:00,continuous,104697.9,104737.8,104585.8,104589.7,67524324.37510024
2025-06-19 13:29:59.843000+00:00,2025-06-19 13:15:00+00:00,continuous,104589.8,104749.2,104528.1,104735.2,114997094.85079965
2025-06-19 13:44:59.956000+00:00,2025-06-19 13:30:00+00:00,continuous,104735.2,104735.2,104468.4,104485.6,106375380.4186005
2025-06-19 13:59:59.533000+00:00,2025-06-19 13:45:00+00:00,continuous,104485.5,104486.0,104194.6,104239.9,392961571.0790959
2025-06-19 14:14:59.435000+00:00,2025-06-19 14:00:00+00:00,continuous,104240.0,104448.4,104238.0,104420.8,176120055.57179937
2025-06-19 14:29:59.832000+00:00,2025-06-19 14:15:00+00:00,continuous,104420.8,104643.8,104377.8,104564.9,123288179.47950052
2025-06-19 14:44:59.674000+00:00,2025-06-19 14:30:00+00:00,continuous,104564.8,104578.3,104255.3,104300.1,139179748.94090086
2025-06-19 14:59:59.943000+00:00,2025-06-19 14:45:00+00:00,continuous,104300.1,104300.1,104061.0,104106.4,358043313.5026017
2025-06-19 15:14:59.942000+00:00,2025-06-19 15:00:00+00:00,continuous,104106.3,104365.3,104106.3,104339.1,153958107.72119927
2025-06-19 15:29:59.900000+00:00,2025-06-19 15:15:00+00:00,continuous,104339.1,104396.4,104184.0,104258.3,116372194.58649996
2025-06-19 15:44:59.568000+00:00,2025-06-19 15:30:00+00:00,continuous,104258.2,104265.6,104056.8,104185.8,103928897.8677997
2025-06-19 15:59:59.824000+00:00,2025-06-19 15:45:00+00:00,continuous,104185.7,104285.6,104021.3,104055.1,165059432.28269953
2025-06-19 16:14:59.447000+00:00,2025-06-19 16:00:00+00:00,continuous,104055.2,104283.0,104055.1,104243.5,91024233.15180054
2025-06-19 16:29:59.855000+00:00,2025-06-19 16:15:00+00:00,continuous,104243.5,104380.0,104210.8,104317.9,94083027.73579974
2025-06-19 16:44:59.889000+00:00,2025-06-19 16:30:00+00:00,continuous,104318.0,104318.0,104062.0,104174.1,88825555.46199988
2025-06-19 16:59:59.989000+00:00,2025-06-19 16:45:00+00:00,continuous,104174.2,104221.0,103873.0,103964.6,183862788.69990033
2025-06-19 17:14:59.692000+00:00,2025-06-19 17:00:00+00:00,continuous,103964.5,104070.5,103870.3,104026.6,155379426.63479933
2025-06-19 17:29:59.926000+00:00,2025-06-19 17:15:00+00:00,continuous,104026.7,104092.6,103949.8,104059.2,85429489.19159988
2025-06-19 17:44:59.923000+00:00,2025-06-19 17:30:00+00:00,continuous,104059.1,104795.2,104012.4,104672.6,458093140.12790334
2025-06-19 17:59:59.957000+00:00,2025-06-19 17:45:00+00:00,continuous,104672.7,104776.3,104436.4,104483.1,177808913.86510086
2025-06-19 18:14:59.533000+00:00,2025-06-19 18:00:00+00:00,continuous,104483.1,104650.1,104426.3,104572.1,138073698.51149952
2025-06-19 18:29:58.714000+00:00,2025-06-19 18:15:00+00:00,continuous,104572.1,104602.0,104417.8,104436.1,61535279.80670012
2025-06-19 18:44:59.785000+00:00,2025-06-19 18:30:00+00:00,continuous,104436.2,104522.2,104326.1,104378.9,65115126.71509994
2025-06-19 18:59:59.621000+00:00,2025-06-19 18:45:00+00:00,continuous,104378.9,104379.0,104243.4,104353.4,67605008.78500016
2025-06-19 19:14:59.964000+00:00,2025-06-19 19:00:00+00:00,continuous,104353.4,104432.7,104199.1,104341.4,114569174.26170006
2025-06-19 19:29:59.864000+00:00,2025-06-19 19:15:00+00:00,continuous,104341.4,104382.1,104215.3,104242.1,90907171.47539985
2025-06-19 19:44:59.678000+00:00,2025-06-19 19:30:00+00:00,continuous,104242.2,104242.2,104060.4,104144.9,87047379.42029977
2025-06-19 19:59:59.816000+00:00,2025-06-19 19:45:00+00:00,continuous,104144.8,104255.0,104141.1,104202.6,60142070.58340001
2025-06-19 20:14:59.913000+00:00,2025-06-19 20:00:00+00:00,continuous,104202.6,104385.2,104202.5,104309.6,59258411.01009997
2025-06-19 20:29:58.220000+00:00,2025-06-19 20:15:00+00:00,continuous,104309.6,104457.1,104208.4,104290.1,61062158.16350035
2025-06-19 20:44:59.936000+00:00,2025-06-19 20:30:00+00:00,continuous,104290.1,104353.6,104099.6,104099.7,60341705.30819998
2025-06-19 20:59:59.291000+00:00,2025-06-19 20:45:00+00:00,continuous,104099.6,104250.5,104094.6,104223.0,58794564.19510001
2025-06-19 21:14:59.542000+00:00,2025-06-19 21:00:00+00:00,continuous,104223.6,104277.5,104207.9,104244.6,47872280.5753
2025-06-19 21:29:59.778000+00:00,2025-06-19 21:15:00+00:00,continuous,104244.6,104374.3,104212.4,104267.0,49137451.11879998
2025-06-19 21:44:59.954000+00:00,2025-06-19 21:30:00+00:00,continuous,104267.0,104357.9,104177.7,104299.3,74181616.45210013
2025-06-19 21:59:59.505000+00:00,2025-06-19 21:45:00+00:00,continuous,104299.2,104350.8,104215.4,104275.5,22441537.370800003
2025-06-19 22:14:59.828000+00:00,2025-06-19 22:00:00+00:00,continuous,104275.6,104552.5,104275.5,104495.1,121474418.06909974
2025-06-19 22:29:59.262000+00:00,2025-06-19 22:15:00+00:00,continuous,104495.0,104563.3,104396.6,104463.6,51174955.482699975
2025-06-19 22:44:59.972000+00:00,2025-06-19 22:30:00+00:00,continuous,104463.6,104714.4,104442.1,104650.0,84416167.65450011
2025-06-19 22:59:59.806000+00:00,2025-06-19 22:45:00+00:00,continuous,104650.0,104735.7,104530.7,104546.9,81430522.8062996
2025-06-19 23:14:59.934000+00:00,2025-06-19 23:00:00+00:00,continuous,104546.9,104700.0,104410.4,104673.9,57615376.164099865
2025-06-19 23:29:59.888000+00:00,2025-06-19 23:15:00+00:00,continuous,104673.9,104869.4,104575.7,104599.9,143920441.97300014
2025-06-19 23:44:59.896000+00:00,2025-06-19 23:30:00+00:00,continuous,104600.0,104720.0,104571.9,104670.8,41911418.60139984
2025-06-19 23:59:59.176000+00:00,2025-06-19 23:45:00+00:00,continuous,104670.8,104670.8,104600.1,104607.1,27056703.2912
2025-06-20 00:14:59.633000+00:00,2025-06-20 00:00:00+00:00,continuous,104607.1,104760.4,104540.0,104651.3,71944053.37880014
2025-06-20 00:29:59.760000+00:00,2025-06-20 00:15:00+00:00,continuous,104651.3,104662.3,104508.7,104535.0,39130329.482299946
2025-06-20 00:44:59.515000+00:00,2025-06-20 00:30:00+00:00,continuous,104535.0,104665.1,104519.7,104632.3,43522287.50169995
2025-06-20 00:59:59.992000+00:00,2025-06-20 00:45:00+00:00,continuous,104632.3,104770.0,104630.0,104647.9,59446586.329500176
2025-06-20 01:14:59.525000+00:00,2025-06-20 01:00:00+00:00,continuous,104647.8,104680.3,104410.9,104494.2,62907589.37820008
2025-06-20 01:29:59.713000+00:00,2025-06-20 01:15:00+00:00,continuous,104494.2,104527.8,104338.5,104358.0,72858898.53350006
2025-06-20 01:44:59.518000+00:00,2025-06-20 01:30:00+00:00,continuous,104358.0,104546.9,104358.0,104517.1,52864635.55770023
2025-06-20 01:59:59.659000+00:00,2025-06-20 01:45:00+00:00,continuous,104517.2,104759.2,104517.1,104732.9,79958630.46810013
2025-06-20 02:14:59.899000+00:00,2025-06-20 02:00:00+00:00,continuous,104733.0,104760.0,104645.0,104654.6,59768851.767000265
2025-06-20 02:29:59.539000+00:00,2025-06-20 02:15:00+00:00,continuous,104654.7,104739.0,104636.7,104636.8,47016162.94629999
2025-06-20 02:44:59.887000+00:00,2025-06-20 02:30:00+00:00,continuous,104636.7,104636.7,104462.0,104534.3,66243098.584800005
2025-06-20 02:59:59.867000+00:00,2025-06-20 02:45:00+00:00,continuous,104534.3,104607.7,104482.6,104584.4,37834531.90949993
2025-06-20 03:14:59.685000+00:00,2025-06-20 03:00:00+00:00,continuous,104584.5,104584.5,104459.4,104525.7,43377874.37829995
2025-06-20 03:29:59.845000+00:00,2025-06-20 03:15:00+00:00,continuous,104525.6,104659.9,104511.0,104649.9,49237307.11779994
2025-06-20 03:44:59.843000+00:00,2025-06-20 03:30:00+00:00,continuous,104650.0,104650.0,104533.7,104575.8,41827643.54239989
2025-06-20 03:59:59.413000+00:00,2025-06-20 03:45:00+00:00,continuous,104575.9,104604.3,104553.6,104555.1,28340350.509599883
2025-06-20 04:14:59.951000+00:00,2025-06-20 04:00:00+00:00,continuous,104555.0,104563.1,104508.1,104512.1,31520684.958999936
2025-06-20 04:29:59.918000+00:00,2025-06-20 04:15:00+00:00,continuous,104512.2,104545.9,104417.2,104452.3,63099063.48919998
2025-06-20 04:44:59.901000+00:00,2025-06-20 04:30:00+00:00,continuous,104452.3,104464.8,104256.3,104310.0,179253717.15929982
2025-06-20 04:59:59.968000+00:00,2025-06-20 04:45:00+00:00,continuous,104309.9,104320.0,104185.3,104219.2,104668200.8162996
2025-06-20 05:14:59.802000+00:00,2025-06-20 05:00:00+00:00,continuous,104219.3,104336.0,104219.2,104330.2,96809081.34960014
2025-06-20 05:29:59.904000+00:00,2025-06-20 05:15:00+00:00,continuous,104330.1,104349.1,104235.1,104298.9,52912777.00239995
2025-06-20 05:44:58.702000+00:00,2025-06-20 05:30:00+00:00,continuous,104299.0,104455.4,104265.2,104448.4,64690926.367999956
2025-06-20 05:59:59.679000+00:00,2025-06-20 05:45:00+00:00,continuous,104448.3,104549.0,104442.1,104549.0,54388362.58820038
2025-06-20 06:14:59.896000+00:00,2025-06-20 06:00:00+00:00,continuous,104549.0,104733.4,104548.9,104621.9,152719595.55170015
2025-06-20 06:29:59.972000+00:00,2025-06-20 06:15:00+00:00,continuous,104621.9,104700.9,104578.4,104646.0,73903761.71329987
2025-06-20 06:44:59.940000+00:00,2025-06-20 06:30:00+00:00,continuous,104645.9,104727.2,104630.2,104710.8,59198045.008799985
2025-06-20 06:59:59.756000+00:00,2025-06-20 06:45:00+00:00,continuous,104710.8,104710.9,104638.7,104679.3,45560687.37169967
2025-06-20 07:14:59.983000+00:00,2025-06-20 07:00:00+00:00,continuous,104679.4,104703.4,104595.6,104703.4,66653402.1022002
2025-06-20 07:29:59.784000+00:00,2025-06-20 07:15:00+00:00,continuous,104703.3,105187.7,104703.3,105123.0,439991211.4548035
2025-06-20 07:44:59.892000+00:00,2025-06-20 07:30:00+00:00,continuous,105123.0,105469.9,105112.9,105417.2,429306177.78120035
2025-06-20 07:59:59.980000+00:00,2025-06-20 07:45:00+00:00,continuous,105417.1,105765.8,105343.1,105763.5,475944098.91629755
2025-06-20 08:14:59.972000+00:00,2025-06-20 08:00:00+00:00,continuous,105763.6,106200.5,105727.5,106196.3,753138435.6708064
2025-06-20 08:29:59.998000+00:00,2025-06-20 08:15:00+00:00,continuous,106196.2,106442.0,106176.7,106358.6,496881773.87829804
2025-06-20 08:44:59.996000+00:00,2025-06-20 08:30:00+00:00,continuous,106358.6,106486.2,105879.2,105884.0,604314381.4391
2025-06-20 08:59:59.807000+00:00,2025-06-20 08:45:00+00:00,continuous,105884.1,106155.1,105884.0,105910.1,386841891.75450325
2025-06-20 09:14:59.938000+00:00,2025-06-20 09:00:00+00:00,continuous,105910.1,106047.0,105731.1,106001.3,308234561.43400174
2025-06-20 09:29:59.952000+00:00,2025-06-20 09:15:00+00:00,continuous,106001.4,106012.6,105715.0,105787.3,141314495.68020025
2025-06-20 09:44:59.764000+00:00,2025-06-20 09:30:00+00:00,continuous,105787.4,105879.0,105774.6,105879.0,89993615.46940006
2025-06-20 09:59:59.949000+00:00,2025-06-20 09:45:00+00:00,continuous,105878.9,105950.0,105833.3,105897.7,112715057.73180023
2025-06-20 10:14:59.890000+00:00,2025-06-20 10:00:00+00:00,continuous,105897.8,105993.2,105782.8,105934.4,113772220.71780008
2025-06-20 10:29:59.745000+00:00,2025-06-20 10:15:00+00:00,continuous,105934.5,106089.7,105854.1,105968.0,121394839.28110023
2025-06-20 10:44:59.576000+00:00,2025-06-20 10:30:00+00:00,continuous,105968.1,106129.0,105938.5,106074.3,88721722.48260017
2025-06-20 10:59:59.821000+00:00,2025-06-20 10:45:00+00:00,continuous,106074.4,106120.2,105889.1,105916.5,113892884.87129964
2025-06-20 11:14:59.851000+00:00,2025-06-20 11:00:00+00:00,continuous,105916.4,106008.5,105884.9,105885.0,74640059.2764003
2025-06-20 11:29:59.630000+00:00,2025-06-20 11:15:00+00:00,continuous,105884.9,105915.3,105753.0,105879.9,97929034.61939874
2025-06-20 11:44:59.965000+00:00,2025-06-20 11:30:00+00:00,continuous,105879.8,105957.5,105763.5,105941.6,97977410.58340009
2025-06-20 11:59:59.933000+00:00,2025-06-20 11:45:00+00:00,continuous,105941.6,106034.7,105916.4,105928.6,123514476.96070015
2025-06-20 12:14:59.972000+00:00,2025-06-20 12:00:00+00:00,continuous,105928.7,106006.6,105825.0,105914.6,81301154.95050003
2025-06-20 12:29:59.853000+00:00,2025-06-20 12:15:00+00:00,continuous,105914.5,105937.4,105861.0,105900.1,32356249.342500158
2025-06-20 12:44:59.956000+00:00,2025-06-20 12:30:00+00:00,continuous,105900.1,106068.7,105876.5,105940.0,94569011.00880055
2025-06-20 12:59:59.898000+00:00,2025-06-20 12:45:00+00:00,continuous,105940.1,106032.7,105901.9,105931.7,90903180.89349997
2025-06-20 13:14:59.712000+00:00,2025-06-20 13:00:00+00:00,continuous,105931.8,106111.9,105931.7,105994.9,90612117.54170038
2025-06-20 13:29:59.726000+00:00,2025-06-20 13:15:00+00:00,continuous,105995.0,106030.0,105894.2,106000.0,69594305.85139993
2025-06-20 13:44:59.597000+00:00,2025-06-20 13:30:00+00:00,continuous,106000.0,106076.0,105640.0,105833.0,332731884.3687989
2025-06-20 13:59:59.971000+00:00,2025-06-20 13:45:00+00:00,continuous,105833.1,105863.3,105268.8,105607.7,685205230.6364021
2025-06-20 14:14:59.983000+00:00,2025-06-20 14:00:00+00:00,continuous,105607.6,105736.9,105356.2,105448.7,294785100.8773003
2025-06-20 14:29:59.868000+00:00,2025-06-20 14:15:00+00:00,continuous,105448.6,105645.1,105010.0,105235.0,690469602.8798978
2025-06-20 14:44:59.925000+00:00,2025-06-20 14:30:00+00:00,continuous,105235.1,105424.7,104733.1,104823.8,761486846.7129947
2025-06-20 14:59:59.964000+00:00,2025-06-20 14:45:00+00:00,continuous,104823.9,104826.8,103805.9,103872.7,1229556326.2449038
2025-06-20 15:14:59.996000+00:00,2025-06-20 15:00:00+00:00,continuous,103872.6,104352.0,103834.1,104236.1,790037812.8752018
2025-06-20 15:29:59.871000+00:00,2025-06-20 15:15:00+00:00,continuous,104236.0,104341.6,104137.0,104213.9,276493241.2749996
2025-06-20 15:44:59.971000+00:00,2025-06-20 15:30:00+00:00,continuous,104213.9,104573.4,103943.6,104526.7,377528232.2485985
2025-06-20 15:59:59.753000+00:00,2025-06-20 15:45:00+00:00,continuous,104526.7,104539.5,104057.9,104168.5,204248984.72520173
2025-06-20 16:14:59.805000+00:00,2025-06-20 16:00:00+00:00,continuous,104168.5,104217.0,104016.0,104042.8,224836393.63420045
2025-06-20 16:29:59.960000+00:00,2025-06-20 16:15:00+00:00,continuous,104042.7,104221.0,103830.0,104036.6,318897355.88970214
2025-06-20 16:44:59.963000+00:00,2025-06-20 16:30:00+00:00,continuous,104036.5,104150.0,103730.0,103743.4,271448749.6139006
2025-06-20 16:59:59.936000+00:00,2025-06-20 16:45:00+00:00,continuous,103743.3,103845.0,103580.0,103630.3,405792822.8822036
2025-06-20 17:14:59.975000+00:00,2025-06-20 17:00:00+00:00,continuous,103630.4,103720.0,103403.8,103490.0,326850708.19810104
2025-06-20 17:29:59.894000+00:00,2025-06-20 17:15:00+00:00,continuous,103490.1,103498.9,102590.2,102890.9,1329779433.7035947
2025-06-20 17:44:59.968000+00:00,2025-06-20 17:30:00+00:00,continuous,102890.8,102890.9,102255.3,102830.5,941440866.0741102
2025-06-20 17:59:59.914000+00:00,2025-06-20 17:45:00+00:00,continuous,102830.5,103305.3,102610.7,103216.6,775079541.8709915
2025-06-20 18:14:59.924000+00:00,2025-06-20 18:00:00+00:00,continuous,103216.6,103312.0,102988.8,103183.3,419900934.3319977
2025-06-20 18:29:59.823000+00:00,2025-06-20 18:15:00+00:00,continuous,103183.2,103384.6,103000.0,103079.0,265074319.82580224
2025-06-20 18:44:59.904000+00:00,2025-06-20 18:30:00+00:00,continuous,103079.0,103310.9,103060.4,103166.6,123175725.23110032
2025-06-20 18:59:59.519000+00:00,2025-06-20 18:45:00+00:00,continuous,103166.5,103298.2,103044.5,103127.9,107122813.71839975
2025-06-20 19:14:59.713000+00:00,2025-06-20 19:00:00+00:00,continuous,103127.9,103198.6,102966.1,103022.0,134828919.88059956
2025-06-20 19:29:59.229000+00:00,2025-06-20 19:15:00+00:00,continuous,103021.9,103156.2,102952.5,103061.4,90471799.50729994
2025-06-20 19:44:59.980000+00:00,2025-06-20 19:30:00+00:00,continuous,103061.5,103285.1,103061.5,103252.6,87961336.90439987
2025-06-20 19:59:59.849000+00:00,2025-06-20 19:45:00+00:00,continuous,103252.7,103451.4,103196.8,103263.9,180316463.93139958
2025-06-20 20:14:59.979000+00:00,2025-06-20 20:00:00+00:00,continuous,103263.8,103605.8,103242.6,103555.5,215250089.53929844
2025-06-20 20:29:59.939000+00:00,2025-06-20 20:15:00+00:00,continuous,103555.5,103796.8,103369.0,103550.0,212680001.69530022
2025-06-20 20:44:59.494000+00:00,2025-06-20 20:30:00+00:00,continuous,103549.9,103682.9,103539.5,103608.7,80665140.56990014
2025-06-20 20:59:59.320000+00:00,2025-06-20 20:45:00+00:00,continuous,103608.7,103694.4,103583.6,103655.3,78823151.73860042
2025-06-20 21:14:59.365000+00:00,2025-06-20 21:00:00+00:00,continuous,103655.4,103680.4,103376.4,103488.0,87710054.79469985
2025-06-20 21:29:59.555000+00:00,2025-06-20 21:15:00+00:00,continuous,103487.9,103526.0,103300.4,103433.6,79804969.28050016
2025-06-20 21:44:59.921000+00:00,2025-06-20 21:30:00+00:00,continuous,103433.7,103590.8,103426.3,103563.4,71540896.6201004
2025-06-20 21:59:59.513000+00:00,2025-06-20 21:45:00+00:00,continuous,103563.4,103639.0,103414.2,103492.0,40452180.352300026
2025-06-20 22:14:59.959000+00:00,2025-06-20 22:00:00+00:00,continuous,103491.9,103492.0,103110.3,103264.0,201792921.8398997
2025-06-20 22:29:59.832000+00:00,2025-06-20 22:15:00+00:00,continuous,103264.0,103309.0,103030.2,103153.6,122645927.55670117
2025-06-20 22:44:59.856000+00:00,2025-06-20 22:30:00+00:00,continuous,103153.6,103271.7,102957.1,103101.4,134612480.62619972
2025-06-20 22:59:59.940000+00:00,2025-06-20 22:45:00+00:00,continuous,103101.5,103101.5,102923.9,103064.2,119939234.211
2025-06-20 23:14:59.894000+00:00,2025-06-20 23:00:00+00:00,continuous,103064.1,103182.8,102903.6,102979.3,119274560.75300008
2025-06-20 23:29:59.587000+00:00,2025-06-20 23:15:00+00:00,continuous,102979.3,103176.1,102979.2,103176.1,57903238.8682
2025-06-20 23:44:59.698000+00:00,2025-06-20 23:30:00+00:00,continuous,103176.1,103273.0,103164.3,103247.8,60544525.418100074
2025-06-20 23:59:59.679000+00:00,2025-06-20 23:45:00+00:00,continuous,103247.8,103293.7,103207.2,103246.1,34869725.22380005
2025-06-21 00:14:59.647000+00:00,2025-06-21 00:00:00+00:00,continuous,103246.1,103246.1,103093.3,103097.7,90393966.55450034
2025-06-21 00:29:59.780000+00:00,2025-06-21 00:15:00+00:00,continuous,103097.7,103294.2,103067.7,103286.4,68149167.57150014
2025-06-21 00:44:57.618000+00:00,2025-06-21 00:30:00+00:00,continuous,103286.4,103286.5,103166.0,103252.5,63807832.68880005
2025-06-21 00:59:59.053000+00:00,2025-06-21 00:45:00+00:00,continuous,103252.6,103252.6,103146.0,103196.9,26876766.69630009
2025-06-21 01:14:59.249000+00:00,2025-06-21 01:00:00+00:00,continuous,103196.8,103213.3,103134.4,103213.3,35614334.225400135
2025-06-21 01:29:59.919000+00:00,2025-06-21 01:15:00+00:00,continuous,103213.5,103312.5,103087.0,103276.0,66793094.57530015
2025-06-21 01:44:59.592000+00:00,2025-06-21 01:30:00+00:00,continuous,103276.0,103433.6,103255.0,103413.1,106668420.45129974
2025-06-21 01:59:59.958000+00:00,2025-06-21 01:45:00+00:00,continuous,103413.1,103465.5,103359.0,103464.6,48569414.149200104
2025-06-21 02:14:58.537000+00:00,2025-06-21 02:00:00+00:00,continuous,103464.7,103484.0,103357.4,103372.7,45366513.56359997
2025-06-21 02:29:59.491000+00:00,2025-06-21 02:15:00+00:00,continuous,103372.8,103393.4,103318.6,103329.9,30085598.671699893
2025-06-21 02:44:59.697000+00:00,2025-06-21 02:30:00+00:00,continuous,103329.9,103466.3,103325.5,103450.0,50498907.17949983
2025-06-21 02:59:59.252000+00:00,2025-06-21 02:45:00+00:00,continuous,103450.0,103460.0,103377.1,103448.8,36435187.03590008
2025-06-21 03:14:59.889000+00:00,2025-06-21 03:00:00+00:00,continuous,103448.8,103543.0,103448.7,103498.0,47531541.67150018
2025-06-21 03:29:59.788000+00:00,2025-06-21 03:15:00+00:00,continuous,103498.0,103616.3,103497.9,103616.0,71226058.72810027
2025-06-21 03:44:59.727000+00:00,2025-06-21 03:30:00+00:00,continuous,103616.0,103641.0,103536.0,103536.0,46457327.8886995
2025-06-21 03:59:59.955000+00:00,2025-06-21 03:45:00+00:00,continuous,103536.1,103566.8,103430.1,103434.5,60491380.93390003
2025-06-21 04:14:59.014000+00:00,2025-06-21 04:00:00+00:00,continuous,103434.6,103479.7,103330.0,103364.3,55673882.70810007
2025-06-21 04:29:59.998000+00:00,2025-06-21 04:15:00+00:00,continuous,103364.3,103413.3,103350.1,103353.1,31739539.993799914
2025-06-21 04:44:59.668000+00:00,2025-06-21 04:30:00+00:00,continuous,103353.2,103353.2,103315.0,103333.6,32077482.313399997
2025-06-21 04:59:59.763000+00:00,2025-06-21 04:45:00+00:00,continuous,103333.6,103352.6,103277.9,103339.4,53692164.31269993
2025-06-21 05:14:59.540000+00:00,2025-06-21 05:00:00+00:00,continuous,103339.4,103356.0,103300.1,103304.8,30173370.033299945
2025-06-21 05:29:59.980000+00:00,2025-06-21 05:15:00+00:00,continuous,103304.7,103425.6,103304.7,103412.4,47692085.13909989
2025-06-21 05:44:59.992000+00:00,2025-06-21 05:30:00+00:00,continuous,103412.4,103443.4,103332.8,103332.8,30241634.79750003
2025-06-21 05:59:59.826000+00:00,2025-06-21 05:45:00+00:00,continuous,103332.9,103385.8,103332.8,103371.4,29353819.416999973
2025-06-21 06:14:59.595000+00:00,2025-06-21 06:00:00+00:00,continuous,103371.4,103385.0,103338.4,103360.3,20359659.462000076
2025-06-21 06:29:59.693000+00:00,2025-06-21 06:15:00+00:00,continuous,103360.3,103483.7,103268.6,103443.6,64385884.3805996
2025-06-21 06:44:59.860000+00:00,2025-06-21 06:30:00+00:00,continuous,103443.6,103475.2,103422.8,103467.3,23305554.43250002
2025-06-21 06:59:59.659000+00:00,2025-06-21 06:45:00+00:00,continuous,103467.3,103550.0,103446.9,103519.3,38779808.84969977
2025-06-21 07:14:59.659000+00:00,2025-06-21 07:00:00+00:00,continuous,103519.2,103524.2,103307.9,103329.9,51949709.920099735
2025-06-21 07:29:59.639000+00:00,2025-06-21 07:15:00+00:00,continuous,103329.9,103450.0,103322.0,103450.0,36241191.78890006
2025-06-21 07:44:59.967000+00:00,2025-06-21 07:30:00+00:00,continuous,103449.9,103456.0,103391.8,103405.6,45690745.483399875
2025-06-21 07:59:59.398000+00:00,2025-06-21 07:45:00+00:00,continuous,103405.6,103429.9,103370.3,103402.2,43874644.44230011
2025-06-21 08:14:59.571000+00:00,2025-06-21 08:00:00+00:00,continuous,103402.1,103478.8,103402.1,103444.3,39205076.516299956
2025-06-21 08:29:59.558000+00:00,2025-06-21 08:15:00+00:00,continuous,103444.2,103474.3,103401.9,103474.3,20876288.812099982
2025-06-21 08:44:59.892000+00:00,2025-06-21 08:30:00+00:00,continuous,103474.3,103556.9,103461.3,103556.9,42294621.59869994
2025-06-21 08:59:59.987000+00:00,2025-06-21 08:45:00+00:00,continuous,103556.9,103793.7,103535.9,103767.3,200063044.84760043
2025-06-21 09:14:59.893000+00:00,2025-06-21 09:00:00+00:00,continuous,103767.2,103772.3,103630.0,103660.0,106382704.81189997
2025-06-21 09:29:59.817000+00:00,2025-06-21 09:15:00+00:00,continuous,103660.0,103726.4,103659.9,103705.3,57620102.336199775
2025-06-21 09:44:59.813000+00:00,2025-06-21 09:30:00+00:00,continuous,103705.3,103750.0,103622.4,103750.0,65867403.82299997
2025-06-21 09:59:58.747000+00:00,2025-06-21 09:45:00+00:00,continuous,103750.0,103899.9,103749.9,103797.9,189723731.11530083
2025-06-21 10:14:59.619000+00:00,2025-06-21 10:00:00+00:00,continuous,103797.9,103927.6,103782.0,103863.6,97904191.13229981
2025-06-21 10:29:59.916000+00:00,2025-06-21 10:15:00+00:00,continuous,103863.6,103925.7,103807.6,103921.1,55243987.21579978
2025-06-21 10:44:59.826000+00:00,2025-06-21 10:30:00+00:00,continuous,103921.2,103940.6,103829.6,103853.9,93905172.42539997
2025-06-21 10:59:59.656000+00:00,2025-06-21 10:45:00+00:00,continuous,103853.9,103859.2,103717.0,103787.1,103911005.78360012
2025-06-21 11:14:58.525000+00:00,2025-06-21 11:00:00+00:00,continuous,103787.2,103787.2,103672.9,103784.6,67194273.11489944
2025-06-21 11:29:59.793000+00:00,2025-06-21 11:15:00+00:00,continuous,103784.6,103849.0,103770.4,103797.7,37085557.55249999
2025-06-21 11:44:59.436000+00:00,2025-06-21 11:30:00+00:00,continuous,103797.7,103881.9,103797.7,103820.8,35531870.70879984
2025-06-21 11:59:59.967000+00:00,2025-06-21 11:45:00+00:00,continuous,103820.8,103887.1,103797.7,103827.5,37417799.34189992
2025-06-21 12:14:59.902000+00:00,2025-06-21 12:00:00+00:00,continuous,103827.5,103899.0,103827.5,103888.6,39263180.09959994
2025-06-21 12:29:59.130000+00:00,2025-06-21 12:15:00+00:00,continuous,103888.6,103888.6,103785.6,103840.1,47397895.4989997
2025-06-21 12:44:59.992000+00:00,2025-06-21 12:30:00+00:00,continuous,103840.0,103890.8,103769.1,103779.9,60154957.308700114
2025-06-21 12:59:59.778000+00:00,2025-06-21 12:45:00+00:00,continuous,103780.0,103790.2,103734.2,103752.6,72875351.49079989
2025-06-21 13:14:59.863000+00:00,2025-06-21 13:00:00+00:00,continuous,103752.6,103814.9,103752.5,103786.0,47684984.18239979
2025-06-21 13:29:59.803000+00:00,2025-06-21 13:15:00+00:00,continuous,103786.1,103830.5,103770.1,103827.6,50413671.196200036
2025-06-21 13:44:59.995000+00:00,2025-06-21 13:30:00+00:00,continuous,103827.6,103827.6,103661.1,103662.6,127157715.45629954
2025-06-21 13:59:59.971000+00:00,2025-06-21 13:45:00+00:00,continuous,103662.6,103683.4,103481.4,103528.4,374239954.60280186
2025-06-21 14:14:59.836000+00:00,2025-06-21 14:00:00+00:00,continuous,103528.5,103607.0,103433.1,103507.6,125548736.58040035
2025-06-21 14:29:59.982000+00:00,2025-06-21 14:15:00+00:00,continuous,103507.7,103569.8,103333.7,103355.7,174809019.12689933
2025-06-21 14:44:59.972000+00:00,2025-06-21 14:30:00+00:00,continuous,103355.7,103729.3,103355.6,103644.1,187917400.886101
2025-06-21 14:59:59.652000+00:00,2025-06-21 14:45:00+00:00,continuous,103644.1,103644.1,103389.8,103507.3,116208195.2413003
2025-06-21 15:14:59.513000+00:00,2025-06-21 15:00:00+00:00,continuous,103507.2,103644.1,103507.2,103555.3,89521277.75230038
2025-06-21 15:29:59.991000+00:00,2025-06-21 15:15:00+00:00,continuous,103555.2,103555.3,103343.2,103355.1,97223079.10390039
2025-06-21 15:44:59.878000+00:00,2025-06-21 15:30:00+00:00,continuous,103355.0,103512.1,103222.7,103480.2,172905227.27789888
2025-06-21 15:59:59.918000+00:00,2025-06-21 15:45:00+00:00,continuous,103480.3,103579.1,103357.6,103516.7,74598109.30380017
2025-06-21 16:14:59.146000+00:00,2025-06-21 16:00:00+00:00,continuous,103516.7,103600.0,103433.9,103524.1,68247923.63759948
2025-06-21 16:29:59.919000+00:00,2025-06-21 16:15:00+00:00,continuous,103524.1,103600.0,103524.0,103599.9,40438323.24330004
2025-06-21 16:44:59.497000+00:00,2025-06-21 16:30:00+00:00,continuous,103599.8,103599.9,103423.7,103428.9,44189478.2567001
2025-06-21 16:59:59.925000+00:00,2025-06-21 16:45:00+00:00,continuous,103429.0,103524.0,103407.4,103443.0,60152806.74730008
2025-06-21 17:14:59.133000+00:00,2025-06-21 17:00:00+00:00,continuous,103443.0,103512.8,103441.8,103498.1,33507416.10110006
2025-06-21 17:29:59.786000+00:00,2025-06-21 17:15:00+00:00,continuous,103498.2,103551.0,103327.7,103333.0,47189265.862899885
2025-06-21 17:44:59.984000+00:00,2025-06-21 17:30:00+00:00,continuous,103333.1,103333.1,103136.2,103248.6,191639709.66019967
2025-06-21 17:59:59.697000+00:00,2025-06-21 17:45:00+00:00,continuous,103248.6,103270.0,103135.0,103144.0,81804502.16919997
2025-06-21 18:14:58.882000+00:00,2025-06-21 18:00:00+00:00,continuous,103144.0,103398.3,103144.0,103315.3,109702627.56930022
2025-06-21 18:29:59.900000+00:00,2025-06-21 18:15:00+00:00,continuous,103315.3,103350.5,103155.6,103207.9,65496109.752300315
2025-06-21 18:44:59.932000+00:00,2025-06-21 18:30:00+00:00,continuous,103207.8,103346.6,103078.9,103100.5,90943334.99139987
2025-06-21 18:59:59.993000+00:00,2025-06-21 18:45:00+00:00,continuous,103100.6,103100.6,102600.5,102620.8,483976960.87020063
2025-06-21 19:14:59.904000+00:00,2025-06-21 19:00:00+00:00,continuous,102620.9,102723.3,102444.1,102572.9,320550135.30900055
2025-06-21 19:29:59.984000+00:00,2025-06-21 19:15:00+00:00,continuous,102572.9,102625.0,102438.5,102444.7,183256154.4001004
2025-06-21 19:44:59.973000+00:00,2025-06-21 19:30:00+00:00,continuous,102444.7,102510.0,102208.0,102372.2,286395389.6444
2025-06-21 19:59:59.932000+00:00,2025-06-21 19:45:00+00:00,continuous,102372.2,102465.0,102128.2,102207.5,232889907.6715015
2025-06-21 20:14:59.989000+00:00,2025-06-21 20:00:00+00:00,continuous,102207.5,102467.4,102141.1,102408.6,248079327.5223002
2025-06-21 20:29:59.993000+00:00,2025-06-21 20:15:00+00:00,continuous,102408.7,102447.5,102207.5,102382.2,123110217.05999982
2025-06-21 20:44:59.778000+00:00,2025-06-21 20:30:00+00:00,continuous,102382.3,102663.8,102375.7,102657.5,137493935.86739987
2025-06-21 20:59:59.152000+00:00,2025-06-21 20:45:00+00:00,continuous,102657.5,102849.2,102610.0,102724.5,158190288.4532014
2025-06-21 21:14:59.878000+00:00,2025-06-21 21:00:00+00:00,continuous,102724.6,102787.5,102446.2,102446.2,117452369.92309983
2025-06-21 21:29:59.972000+00:00,2025-06-21 21:15:00+00:00,continuous,102446.3,102541.0,101455.0,101771.5,745872474.846003
2025-06-21 21:44:59.867000+00:00,2025-06-21 21:30:00+00:00,continuous,101771.5,101789.9,101020.0,101770.6,977364901.195901
2025-06-21 21:59:59.537000+00:00,2025-06-21 21:45:00+00:00,continuous,101770.6,101770.6,101343.5,101392.7,231752304.26619938
2025-06-21 22:14:59.922000+00:00,2025-06-21 22:00:00+00:00,continuous,101392.7,101953.0,101386.3,101831.0,328270891.5025995
2025-06-21 22:29:59.403000+00:00,2025-06-21 22:15:00+00:00,continuous,101831.0,101938.8,101662.0,101842.1,158747699.4480992
2025-06-21 22:44:59.949000+00:00,2025-06-21 22:30:00+00:00,continuous,101842.0,101900.7,101555.3,101639.3,170067548.83120063
2025-06-21 22:59:59.705000+00:00,2025-06-21 22:45:00+00:00,continuous,101639.4,101857.1,101564.9,101732.4,132316335.43989995
2025-06-21 23:14:59.961000+00:00,2025-06-21 23:00:00+00:00,continuous,101732.4,101847.2,101525.4,101546.5,102395281.09340008
2025-06-21 23:29:59.983000+00:00,2025-06-21 23:15:00+00:00,continuous,101546.6,101638.4,101326.9,101374.8,175656010.05579948
2025-06-21 23:44:59.803000+00:00,2025-06-21 23:30:00+00:00,continuous,101374.7,101382.7,100800.0,101152.9,485419737.8401035
2025-06-21 23:59:59.877000+00:00,2025-06-21 23:45:00+00:00,continuous,101152.8,102262.6,100789.9,102079.8,1119242497.2280037
2025-06-22 00:14:59.979000+00:00,2025-06-22 00:00:00+00:00,continuous,102079.8,102577.0,101781.8,101936.2,779663880.5746927
2025-06-22 00:29:59.858000+00:00,2025-06-22 00:15:00+00:00,continuous,101936.1,102746.7,101926.6,102446.5,592954159.3779947
2025-06-22 00:44:59.987000+00:00,2025-06-22 00:30:00+00:00,continuous,102446.6,103362.6,102405.0,102878.0,709314577.3294948
2025-06-22 00:59:59.860000+00:00,2025-06-22 00:45:00+00:00,continuous,102877.9,103154.2,102701.3,102815.2,278561234.84330195
2025-06-22 01:14:59.999000+00:00,2025-06-22 01:00:00+00:00,continuous,102815.3,102967.2,102640.0,102753.2,164207555.29280004
2025-06-22 01:29:59.842000+00:00,2025-06-22 01:15:00+00:00,continuous,102753.6,102803.8,102436.4,102538.3,187823119.88070124
2025-06-22 01:44:59.898000+00:00,2025-06-22 01:30:00+00:00,continuous,102538.4,102602.9,102192.0,102567.9,315650295.3281006
2025-06-22 01:59:59.957000+00:00,2025-06-22 01:45:00+00:00,continuous,102567.8,102706.6,102313.6,102360.1,189950316.2443994
2025-06-22 02:14:59.874000+00:00,2025-06-22 02:00:00+00:00,continuous,102360.0,102860.0,101819.4,102378.4,589409284.120695
2025-06-22 02:29:59.919000+00:00,2025-06-22 02:15:00+00:00,continuous,102378.4,102418.2,101964.4,102158.8,257193590.7718989
2025-06-22 02:44:59.734000+00:00,2025-06-22 02:30:00+00:00,continuous,102158.9,102424.0,101880.0,102337.1,239852938.36359993
2025-06-22 02:59:59.912000+00:00,2025-06-22 02:45:00+00:00,continuous,102337.1,102500.0,102212.0,102310.1,138480435.48849952
2025-06-22 03:14:59.898000+00:00,2025-06-22 03:00:00+00:00,continuous,102310.0,102568.4,102310.0,102337.2,111995994.43739943
2025-06-22 03:29:59.988000+00:00,2025-06-22 03:15:00+00:00,continuous,102337.2,102440.0,102101.0,102126.9,119164160.60569997
2025-06-22 03:44:59.820000+00:00,2025-06-22 03:30:00+00:00,continuous,102127.0,102299.9,102086.0,102183.6,75267439.55270006
2025-06-22 03:59:59.972000+00:00,2025-06-22 03:45:00+00:00,continuous,102183.6,102345.5,102082.2,102340.0,56215047.282199904
2025-06-22 04:14:59.996000+00:00,2025-06-22 04:00:00+00:00,continuous,102340.0,102750.0,102220.9,102606.6,178666227.4709991
2025-06-22 04:29:59.969000+00:00,2025-06-22 04:15:00+00:00,continuous,102606.3,102628.1,102391.0,102477.2,82597835.31110035
2025-06-22 04:44:59.180000+00:00,2025-06-22 04:30:00+00:00,continuous,102477.1,102651.4,102371.8,102383.2,71239353.37830003
2025-06-22 04:59:59.176000+00:00,2025-06-22 04:45:00+00:00,continuous,102383.2,102638.8,102379.8,102508.5,64253470.3847999
2025-06-22 05:14:59.951000+00:00,2025-06-22 05:00:00+00:00,continuous,102508.5,102787.7,102502.9,102688.2,147824884.35920033
2025-06-22 05:29:59.898000+00:00,2025-06-22 05:15:00+00:00,continuous,102687.8,102889.9,102680.0,102793.0,115489985.51809984
2025-06-22 05:44:59.906000+00:00,2025-06-22 05:30:00+00:00,continuous,102793.0,102793.0,102583.9,102645.6,61291924.27200007
2025-06-22 05:59:59.976000+00:00,2025-06-22 05:45:00+00:00,continuous,102645.6,102866.3,102575.7,102812.9,83011927.24710034
2025-06-22 06:14:59.749000+00:00,2025-06-22 06:00:00+00:00,continuous,102813.0,102910.7,102706.7,102867.0,143611660.78879976
2025-06-22 06:29:59.905000+00:00,2025-06-22 06:15:00+00:00,continuous,102867.0,102903.0,102765.3,102778.1,56841652.23890013
2025-06-22 06:44:59.897000+00:00,2025-06-22 06:30:00+00:00,continuous,102778.0,102849.2,102690.0,102690.1,53680357.820799954
2025-06-22 06:59:59.780000+00:00,2025-06-22 06:45:00+00:00,continuous,102690.1,102727.2,102647.3,102711.1,52745616.42779978
2025-06-22 07:14:59.694000+00:00,2025-06-22 07:00:00+00:00,continuous,102711.0,102718.7,102603.8,102603.8,48330389.07479981
2025-06-22 07:29:59.141000+00:00,2025-06-22 07:15:00+00:00,continuous,102603.8,102690.3,102533.5,102596.2,87418483.22450016
2025-06-22 07:44:59.959000+00:00,2025-06-22 07:30:00+00:00,continuous,102596.2,102596.2,102230.0,102292.0,262627267.6748996
2025-06-22 07:59:59.645000+00:00,2025-06-22 07:45:00+00:00,continuous,102291.9,102436.2,102280.2,102399.0,149462584.31639966
2025-06-22 08:14:59.822000+00:00,2025-06-22 08:00:00+00:00,continuous,102399.1,102514.9,102272.4,102379.3,166139219.85210046
2025-06-22 08:29:59.988000+00:00,2025-06-22 08:15:00+00:00,continuous,102379.2,102553.3,102338.8,102549.9,59871871.23559988
2025-06-22 08:44:59.932000+00:00,2025-06-22 08:30:00+00:00,continuous,102550.0,102653.1,102442.7,102591.2,80843107.74100006
2025-06-22 08:59:59.800000+00:00,2025-06-22 08:45:00+00:00,continuous,102591.1,102673.1,102478.3,102673.0,52473331.59650017
2025-06-22 09:14:59.629000+00:00,2025-06-22 09:00:00+00:00,continuous,102673.1,102770.6,102500.2,102554.9,89124592.27950022
2025-06-22 09:29:59.892000+00:00,2025-06-22 09:15:00+00:00,continuous,102555.0,102603.7,102250.1,102312.3,169618468.12510103
2025-06-22 09:44:59.720000+00:00,2025-06-22 09:30:00+00:00,continuous,102312.3,102431.8,102236.4,102382.1,93253848.36560017
2025-06-22 09:59:59.838000+00:00,2025-06-22 09:45:00+00:00,continuous,102382.0,102432.8,102022.5,102158.0,186800651.1008013
2025-06-22 10:14:59.979000+00:00,2025-06-22 10:00:00+00:00,continuous,102158.1,102313.6,102100.0,102313.6,107826417.6998001
2025-06-22 10:29:59.800000+00:00,2025-06-22 10:15:00+00:00,continuous,102313.5,102426.6,102172.5,102377.2,74707791.68190031
2025-06-22 10:44:59.642000+00:00,2025-06-22 10:30:00+00:00,continuous,102377.2,102489.8,102367.4,102464.9,65424937.47799997
2025-06-22 10:59:59.632000+00:00,2025-06-22 10:45:00+00:00,continuous,102464.9,102497.4,102397.6,102449.9,59124817.89390014
2025-06-22 11:14:59.970000+00:00,2025-06-22 11:00:00+00:00,continuous,102450.0,102600.0,102384.3,102559.5,84060007.15050007
2025-06-22 11:29:59.619000+00:00,2025-06-22 11:15:00+00:00,continuous,102559.5,102692.3,102481.2,102595.1,117655806.42960063
2025-06-22 11:44:59.631000+00:00,2025-06-22 11:30:00+00:00,continuous,102595.1,102682.3,102568.8,102640.5,68229315.48680004
2025-06-22 11:59:59.893000+00:00,2025-06-22 11:45:00+00:00,continuous,102640.6,102724.8,102572.5,102693.7,57021474.55669991
2025-06-22 12:14:59.965000+00:00,2025-06-22 12:00:00+00:00,continuous,102693.7,102789.7,102596.1,102650.8,98659048.9286998
2025-06-22 12:29:59.949000+00:00,2025-06-22 12:15:00+00:00,continuous,102650.8,102730.0,102532.8,102601.9,100489058.48169994
2025-06-22 12:44:59.137000+00:00,2025-06-22 12:30:00+00:00,continuous,102601.9,102636.4,102540.1,102610.1,62768771.95850013
2025-06-22 12:59:59.968000+00:00,2025-06-22 12:45:00+00:00,continuous,102610.1,102731.1,102569.1,102709.0,51214095.52979994
2025-06-22 13:14:59.850000+00:00,2025-06-22 13:00:00+00:00,continuous,102709.0,102765.2,102187.0,102230.8,264975285.61799812
2025-06-22 13:29:59.954000+00:00,2025-06-22 13:15:00+00:00,continuous,102230.8,102230.8,100938.0,101014.0,1250808398.868193
2025-06-22 13:44:59.988000+00:00,2025-06-22 13:30:00+00:00,continuous,101013.9,101054.8,100218.4,100317.0,1776113680.1035314
2025-06-22 13:59:59.826000+00:00,2025-06-22 13:45:00+00:00,continuous,100316.9,100980.0,100267.9,100810.0,912515974.0479054
2025-06-22 14:14:59.947000+00:00,2025-06-22 14:00:00+00:00,continuous,100809.9,101199.9,100420.1,100420.2,698869865.4030082
2025-06-22 14:29:59.918000+00:00,2025-06-22 14:15:00+00:00,continuous,100420.1,100520.0,99350.0,99495.4,2070968156.0091982
2025-06-22 14:44:59.982000+00:00,2025-06-22 14:30:00+00:00,continuous,99495.3,100182.8,99024.9,99113.2,1609526431.1432233
2025-06-22 14:59:59.992000+00:00,2025-06-22 14:45:00+00:00,continuous,99113.3,99650.7,99036.7,99584.2,1112481042.5005107
2025-06-22 15:14:59.953000+00:00,2025-06-22 15:00:00+00:00,continuous,99584.1,99774.0,99250.2,99409.3,582186569.8973043
2025-06-22 15:29:59.957000+00:00,2025-06-22 15:15:00+00:00,continuous,99409.2,99755.0,99177.0,99189.0,583716751.3269023
2025-06-22 15:44:59.930000+00:00,2025-06-22 15:30:00+00:00,continuous,99188.9,99504.1,99171.9,99237.8,270712233.66350085
2025-06-22 15:59:59.993000+00:00,2025-06-22 15:45:00+00:00,continuous,99237.7,99378.6,98786.9,98849.9,527896405.93730104
2025-06-22 16:14:59.846000+00:00,2025-06-22 16:00:00+00:00,continuous,98849.7,99294.6,98777.3,98943.8,620853998.0566008
2025-06-22 16:29:59.929000+00:00,2025-06-22 16:15:00+00:00,continuous,98943.8,98996.3,98608.9,98755.4,478303932.2204997
2025-06-22 16:44:59.867000+00:00,2025-06-22 16:30:00+00:00,continuous,98755.8,99280.0,98690.9,99029.9,400669652.88979876
2025-06-22 16:59:59.982000+00:00,2025-06-22 16:45:00+00:00,continuous,99029.9,99641.4,99023.0,99607.6,456041121.5129022
2025-06-22 17:14:59.942000+00:00,2025-06-22 17:00:00+00:00,continuous,99607.6,100348.7,99550.8,99916.5,756151572.4492968
2025-06-22 17:29:59.994000+00:00,2025-06-22 17:15:00+00:00,continuous,99916.4,99941.0,99378.6,99469.9,381983551.77649814
2025-06-22 17:44:59.841000+00:00,2025-06-22 17:30:00+00:00,continuous,99470.0,99790.0,99452.2,99589.2,163634283.9758988
2025-06-22 17:59:59.732000+00:00,2025-06-22 17:45:00+00:00,continuous,99589.3,99702.8,99348.3,99428.0,157253976.86029994
2025-06-22 18:14:59.764000+00:00,2025-06-22 18:00:00+00:00,continuous,99428.0,99688.7,99331.8,99367.1,108206519.28990087
2025-06-22 18:29:59.717000+00:00,2025-06-22 18:15:00+00:00,continuous,99367.0,99560.0,99323.8,99489.9,90711009.73340032
2025-06-22 18:44:59.937000+00:00,2025-06-22 18:30:00+00:00,continuous,99489.9,99587.9,99295.0,99587.9,74647549.02310005
2025-06-22 18:59:59.428000+00:00,2025-06-22 18:45:00+00:00,continuous,99587.8,99733.0,99361.5,99384.9,73038555.14539997
2025-06-22 19:14:59.839000+00:00,2025-06-22 19:00:00+00:00,continuous,99384.9,99402.7,99015.1,99142.6,231050210.69839802
2025-06-22 19:29:59.614000+00:00,2025-06-22 19:15:00+00:00,continuous,99142.6,99217.5,99009.5,99034.2,108419869.70179948
2025-06-22 19:44:59.762000+00:00,2025-06-22 19:30:00+00:00,continuous,99034.2,99250.0,98910.0,99050.3,111668169.35469986
2025-06-22 19:59:59.860000+00:00,2025-06-22 19:45:00+00:00,continuous,99050.2,99067.3,98727.5,98829.7,223344572.15309927
2025-06-22 20:14:59.989000+00:00,2025-06-22 20:00:00+00:00,continuous,98829.7,98897.7,98219.3,98419.0,580359489.9011943
2025-06-22 20:29:59.437000+00:00,2025-06-22 20:15:00+00:00,continuous,98418.9,98699.8,98115.4,98466.0,457524965.0465986
2025-06-22 20:44:59.988000+00:00,2025-06-22 20:30:00+00:00,continuous,98466.1,99254.5,98362.4,99160.1,468781177.15950054
2025-06-22 20:59:59.416000+00:00,2025-06-22 20:45:00+00:00,continuous,99160.2,99722.0,98910.0,99493.3,331326900.7348957
2025-06-22 21:14:59.379000+00:00,2025-06-22 21:00:00+00:00,continuous,99493.3,99625.0,99144.8,99330.1,221747637.5880992
2025-06-22 21:29:59.929000+00:00,2025-06-22 21:15:00+00:00,continuous,99330.0,99477.2,99073.9,99080.0,142403568.86080047
2025-06-22 21:44:59.455000+00:00,2025-06-22 21:30:00+00:00,continuous,99079.6,99341.0,98952.4,99340.9,196046937.6151
2025-06-22 21:59:59.933000+00:00,2025-06-22 21:45:00+00:00,continuous,99340.9,99352.4,99005.0,99136.0,66018910.59190012
2025-06-22 22:14:59.796000+00:00,2025-06-22 22:00:00+00:00,continuous,99136.0,100499.9,99084.8,100296.0,947855957.7811028
2025-06-22 22:29:59.888000+00:00,2025-06-22 22:15:00+00:00,continuous,100295.9,100650.0,99932.9,100255.1,436284324.6316984
2025-06-22 22:44:59.922000+00:00,2025-06-22 22:30:00+00:00,continuous,100255.0,100883.4,100236.9,100849.7,310388456.92560005
2025-06-22 22:59:59.943000+00:00,2025-06-22 22:45:00+00:00,continuous,100849.6,100915.3,100543.6,100915.3,249959690.7156003
2025-06-22 23:14:59.433000+00:00,2025-06-22 23:00:00+00:00,continuous,100915.2,100988.1,100592.5,100690.4,259306649.27169964
2025-06-22 23:29:59.041000+00:00,2025-06-22 23:15:00+00:00,continuous,100690.1,100993.5,100678.0,100960.0,214588373.4151004
2025-06-22 23:44:59.997000+00:00,2025-06-22 23:30:00+00:00,continuous,100960.0,100960.0,100720.7,100776.1,112928120.6943996
2025-06-22 23:59:59.596000+00:00,2025-06-22 23:45:00+00:00,continuous,100776.0,100937.2,100672.6,100904.7,127144545.80969955
2025-06-23 00:14:59.813000+00:00,2025-06-23 00:00:00+00:00,continuous,100904.7,100904.8,100517.9,100573.6,287326647.90789974
2025-06-23 00:29:59.629000+00:00,2025-06-23 00:15:00+00:00,continuous,100573.5,100729.5,100520.5,100700.3,197507028.2303997
2025-06-23 00:44:59.976000+00:00,2025-06-23 00:30:00+00:00,continuous,100700.2,101196.9,100425.6,101136.5,299694828.55949855
2025-06-23 00:59:59.536000+00:00,2025-06-23 00:45:00+00:00,continuous,101136.6,101580.6,100785.0,100849.8,699453014.4693012
2025-06-23 01:14:59.927000+00:00,2025-06-23 01:00:00+00:00,continuous,100849.8,100867.3,100569.5,100800.0,196375444.86320046
2025-06-23 01:29:59.909000+00:00,2025-06-23 01:15:00+00:00,continuous,100800.1,100850.9,100524.3,100556.0,116912644.72519878
2025-06-23 01:44:59.621000+00:00,2025-06-23 01:30:00+00:00,continuous,100556.1,100811.0,100502.1,100805.0,74129772.40600012
2025-06-23 01:59:59.966000+00:00,2025-06-23 01:45:00+00:00,continuous,100805.0,101054.9,100767.2,101047.6,108096682.9907002
2025-06-23 02:14:59.927000+00:00,2025-06-23 02:00:00+00:00,continuous,101047.6,101109.1,100856.6,100979.8,106446716.30809994
2025-06-23 02:29:59.982000+00:00,2025-06-23 02:15:00+00:00,continuous,100979.8,101230.7,100957.1,101161.9,120817617.71519987
2025-06-23 02:44:59.905000+00:00,2025-06-23 02:30:00+00:00,continuous,101162.0,101333.0,101071.0,101143.0,213727971.59659973
2025-06-23 02:59:59.506000+00:00,2025-06-23 02:45:00+00:00,continuous,101143.0,101290.0,101060.7,101240.8,71595816.19640002
2025-06-23 03:14:59.880000+00:00,2025-06-23 03:00:00+00:00,continuous,101240.8,101323.0,101060.0,101207.1,96468528.66779941
2025-06-23 03:29:59.986000+00:00,2025-06-23 03:15:00+00:00,continuous,101207.1,101272.1,101014.5,101085.7,66633307.32720027
2025-06-23 03:44:59.829000+00:00,2025-06-23 03:30:00+00:00,continuous,101085.7,101180.0,101017.7,101046.5,73279855.94039968
2025-06-23 03:59:59.645000+00:00,2025-06-23 03:45:00+00:00,continuous,101046.6,101169.2,101031.0,101104.4,43843215.391999826
2025-06-23 04:14:59.967000+00:00,2025-06-23 04:00:00+00:00,continuous,101104.3,101156.7,100899.3,100985.0,104254215.6335012
2025-06-23 04:29:59.778000+00:00,2025-06-23 04:15:00+00:00,continuous,100985.0,101266.0,100984.9,101217.2,100967348.75630032
2025-06-23 04:44:59.732000+00:00,2025-06-23 04:30:00+00:00,continuous,101217.1,101246.4,101131.2,101139.4,61959982.67079978
2025-06-23 04:59:59.975000+00:00,2025-06-23 04:45:00+00:00,continuous,101139.4,101190.9,101086.5,101122.9,49034325.345399976
2025-06-23 05:14:59.938000+00:00,2025-06-23 05:00:00+00:00,continuous,101122.9,101449.0,101122.8,101377.7,113313717.38580039
2025-06-23 05:29:59.826000+00:00,2025-06-23 05:15:00+00:00,continuous,101377.7,101480.0,101377.0,101458.9,93202510.09670019
2025-06-23 05:44:58.935000+00:00,2025-06-23 05:30:00+00:00,continuous,101458.9,101478.5,101407.0,101416.4,57262790.09090008
2025-06-23 05:59:59.989000+00:00,2025-06-23 05:45:00+00:00,continuous,101416.4,101789.9,101397.8,101710.9,361503020.56390035
2025-06-23 06:14:59.975000+00:00,2025-06-23 06:00:00+00:00,continuous,101710.9,101933.3,101710.8,101909.5,275776762.2533013
2025-06-23 06:29:59.939000+00:00,2025-06-23 06:15:00+00:00,continuous,101909.4,102043.3,101766.9,101794.0,236137882.88390115
2025-06-23 06:44:59.956000+00:00,2025-06-23 06:30:00+00:00,continuous,101793.9,101888.0,101664.7,101692.5,238726511.40110037
2025-06-23 06:59:59.866000+00:00,2025-06-23 06:45:00+00:00,continuous,101692.4,101950.1,101586.1,101885.0,178827913.4437
2025-06-23 07:14:59.808000+00:00,2025-06-23 07:00:00+00:00,continuous,101885.0,102155.1,101826.5,101847.9,205537846.45969945
2025-06-23 07:29:59.765000+00:00,2025-06-23 07:15:00+00:00,continuous,101847.9,101865.5,101750.1,101799.9,83218612.33400029
2025-06-23 07:44:59.743000+00:00,2025-06-23 07:30:00+00:00,continuous,101799.9,101898.7,101699.8,101811.8,121348833.89669998
2025-06-23 07:59:59.867000+00:00,2025-06-23 07:45:00+00:00,continuous,101811.9,101923.9,101758.2,101874.5,71791067.78159969
2025-06-23 08:14:59.519000+00:00,2025-06-23 08:00:00+00:00,continuous,101874.4,102028.9,101784.3,101963.6,152183170.7771999
2025-06-23 08:29:59+00:00,2025-06-23 08:15:00+00:00,continuous,101963.5,101975.0,101808.1,101885.2,90945132.46830013
2025-06-23 08:44:59.856000+00:00,2025-06-23 08:30:00+00:00,continuous,101885.1,101888.0,101691.0,101752.8,106363636.10340019
2025-06-23 08:59:59.603000+00:00,2025-06-23 08:45:00+00:00,continuous,101752.7,101849.5,101740.3,101820.6,59174000.34459984
2025-06-23 09:14:59.892000+00:00,2025-06-23 09:00:00+00:00,continuous,101820.5,101830.9,101608.9,101642.9,150389828.90750134
2025-06-23 09:29:59.936000+00:00,2025-06-23 09:15:00+00:00,continuous,101642.9,101691.0,101349.8,101472.5,276604990.4502025
2025-06-23 09:44:59.684000+00:00,2025-06-23 09:30:00+00:00,continuous,101472.6,101547.6,101342.4,101434.3,125009589.46369903
2025-06-23 09:59:59.721000+00:00,2025-06-23 09:45:00+00:00,continuous,101434.2,101539.7,101434.2,101519.2,69422884.95170034
2025-06-23 10:14:59.896000+00:00,2025-06-23 10:00:00+00:00,continuous,101519.2,101547.6,101309.4,101444.1,131975552.73869976
2025-06-23 10:29:59.658000+00:00,2025-06-23 10:15:00+00:00,continuous,101444.0,101452.1,101320.0,101325.0,72988371.67539981
2025-06-23 10:44:59.939000+00:00,2025-06-23 10:30:00+00:00,continuous,101325.0,101408.1,101153.8,101163.1,136766398.07010007
2025-06-23 10:59:59.973000+00:00,2025-06-23 10:45:00+00:00,continuous,101163.1,101493.6,101163.1,101421.5,108355388.15230049
2025-06-23 11:14:59.938000+00:00,2025-06-23 11:00:00+00:00,continuous,101421.6,101533.1,101301.0,101332.0,104106951.57210049
2025-06-23 11:29:59.998000+00:00,2025-06-23 11:15:00+00:00,continuous,101332.0,101364.9,101084.9,101180.1,136749169.6595998
2025-06-23 11:44:59.695000+00:00,2025-06-23 11:30:00+00:00,continuous,101180.0,101247.8,101156.0,101228.0,57681917.225599766
2025-06-23 11:59:59.947000+00:00,2025-06-23 11:45:00+00:00,continuous,101228.0,101384.9,101071.1,101248.5,134213448.4528002
2025-06-23 12:14:59.996000+00:00,2025-06-23 12:00:00+00:00,continuous,101248.4,101274.9,101113.7,101155.4,70558965.84350029
2025-06-23 12:29:59.863000+00:00,2025-06-23 12:15:00+00:00,continuous,101155.3,101191.5,101068.9,101130.3,82825928.85240023
2025-06-23 12:44:59.903000+00:00,2025-06-23 12:30:00+00:00,continuous,101130.3,101436.1,101104.7,101347.3,150280501.51600045
2025-06-23 12:59:59.794000+00:00,2025-06-23 12:45:00+00:00,continuous,101347.3,101650.0,101344.2,101642.1,265720817.5225008
2025-06-23 13:14:59.879000+00:00,2025-06-23 13:00:00+00:00,continuous,101642.1,101642.1,101235.9,101260.6,226813042.8117009
2025-06-23 13:29:59.979000+00:00,2025-06-23 13:15:00+00:00,continuous,101260.5,101309.3,101045.6,101103.7,191362940.6293005
2025-06-23 13:44:59.964000+00:00,2025-06-23 13:30:00+00:00,continuous,101103.8,102376.9,100749.8,101948.7,1085115404.792409
2025-06-23 13:59:59.931000+00:00,2025-06-23 13:45:00+00:00,continuous,101948.6,102450.0,101760.0,102306.1,798091533.4014012
2025-06-23 14:14:59.941000+00:00,2025-06-23 14:00:00+00:00,continuous,102306.2,102596.5,102029.9,102197.6,709188579.3648044
2025-06-23 14:29:59.900000+00:00,2025-06-23 14:15:00+00:00,continuous,102197.7,102295.4,101766.8,101766.8,391438052.4936007
2025-06-23 14:44:59.818000+00:00,2025-06-23 14:30:00+00:00,continuous,101766.8,101934.9,101453.7,101743.0,469558430.7881978
2025-06-23 14:59:59.849000+00:00,2025-06-23 14:45:00+00:00,continuous,101743.0,101877.6,101486.1,101585.4,202980197.11200082
2025-06-23 15:14:59.854000+00:00,2025-06-23 15:00:00+00:00,continuous,101585.3,102014.6,101585.3,101961.3,237536997.84689713
2025-06-23 15:29:59.762000+00:00,2025-06-23 15:15:00+00:00,continuous,101961.3,101980.0,101447.5,101476.9,188341789.1691
2025-06-23 15:44:59.739000+00:00,2025-06-23 15:30:00+00:00,continuous,101476.9,101738.2,101372.7,101525.8,182489749.8868
2025-06-23 15:59:59.947000+00:00,2025-06-23 15:45:00+00:00,continuous,101525.8,101538.5,101238.0,101369.7,282880439.72860026
2025-06-23 16:14:59.945000+00:00,2025-06-23 16:00:00+00:00,continuous,101369.6,101412.1,101015.8,101022.8,331902357.7244997
2025-06-23 16:29:59.950000+00:00,2025-06-23 16:15:00+00:00,continuous,101022.9,101022.9,100133.5,100224.0,999262308.6303027
2025-06-23 16:44:59.957000+00:00,2025-06-23 16:30:00+00:00,continuous,100224.1,100670.0,99547.6,100522.1,1563119250.7237926
2025-06-23 16:59:59.826000+00:00,2025-06-23 16:45:00+00:00,continuous,100522.0,100877.7,100155.3,100642.9,829170251.0688962
2025-06-23 17:14:59.921000+00:00,2025-06-23 17:00:00+00:00,continuous,100643.0,101594.6,100443.7,101223.2,912123278.8782012
2025-06-23 17:29:59.992000+00:00,2025-06-23 17:15:00+00:00,continuous,101223.2,102311.4,101186.9,102014.9,794521569.901
2025-06-23 17:44:59.963000+00:00,2025-06-23 17:30:00+00:00,continuous,102024.0,102668.8,102004.2,102326.0,892025076.5086018
2025-06-23 17:59:59.993000+00:00,2025-06-23 17:45:00+00:00,continuous,102326.1,102497.6,101943.7,102435.6,510866348.10740244
2025-06-23 18:14:59.838000+00:00,2025-06-23 18:00:00+00:00,continuous,102435.5,102975.0,102331.4,102800.1,762481762.4714073
2025-06-23 18:29:59.973000+00:00,2025-06-23 18:15:00+00:00,continuous,102800.1,103143.8,102569.2,102569.3,591138746.9254982
2025-06-23 18:44:59.969000+00:00,2025-06-23 18:30:00+00:00,continuous,102569.2,103273.7,102546.3,103008.3,663544432.1714022
2025-06-23 18:59:59.952000+00:00,2025-06-23 18:45:00+00:00,continuous,103008.3,103095.1,102800.0,102879.3,191208629.17990085
2025-06-23 19:14:59.843000+00:00,2025-06-23 19:00:00+00:00,continuous,102879.2,103124.4,102850.1,102969.0,167632454.7111008
2025-06-23 19:29:59.892000+00:00,2025-06-23 19:15:00+00:00,continuous,102969.0,103006.5,102729.9,102800.0,172606843.0751001
2025-06-23 19:44:59.991000+00:00,2025-06-23 19:30:00+00:00,continuous,102800.1,103037.8,102615.0,102671.1,223734906.48690027
2025-06-23 19:59:59.931000+00:00,2025-06-23 19:45:00+00:00,continuous,102671.0,103194.0,102620.1,103114.2,233842283.84390047
2025-06-23 20:14:59.948000+00:00,2025-06-23 20:00:00+00:00,continuous,103114.2,103322.2,102818.4,103274.3,413922728.1147998
2025-06-23 20:29:59.971000+00:00,2025-06-23 20:15:00+00:00,continuous,103274.2,103778.5,103235.7,103690.0,785526106.9177941
2025-06-23 20:44:59.773000+00:00,2025-06-23 20:30:00+00:00,continuous,103690.0,103870.0,103546.0,103815.1,280166464.9174991
2025-06-23 20:59:59.584000+00:00,2025-06-23 20:45:00+00:00,continuous,103815.0,103858.9,103604.0,103687.1,179674548.1641001
2025-06-23 21:14:59.730000+00:00,2025-06-23 21:00:00+00:00,continuous,103687.2,103895.3,103656.5,103857.9,157038834.0395998
2025-06-23 21:29:59.903000+00:00,2025-06-23 21:15:00+00:00,continuous,103858.0,104171.4,103639.0,103650.2,533418598.39829946
2025-06-23 21:44:59.928000+00:00,2025-06-23 21:30:00+00:00,continuous,103650.1,103800.0,103600.0,103620.6,204278129.61810082
2025-06-23 21:59:59.958000+00:00,2025-06-23 21:45:00+00:00,continuous,103620.6,103793.0,103571.4,103640.2,93840889.40530048
2025-06-23 22:14:59.955000+00:00,2025-06-23 22:00:00+00:00,continuous,103640.3,105516.0,103640.2,105270.0,1566390743.4103992
2025-06-23 22:29:59.981000+00:00,2025-06-23 22:15:00+00:00,continuous,105269.9,106000.0,104900.1,105957.5,1206555092.2651913
2025-06-23 22:44:59.987000+00:00,2025-06-23 22:30:00+00:00,continuous,105957.4,106050.0,104800.0,105082.0,1136572168.1043985
2025-06-23 22:59:59.988000+00:00,2025-06-23 22:45:00+00:00,continuous,105082.1,105618.2,104833.0,105485.8,494398914.62739676
2025-06-23 23:14:59.820000+00:00,2025-06-23 23:00:00+00:00,continuous,105488.3,105627.2,105176.2,105215.5,377921751.65399605
2025-06-23 23:29:59.750000+00:00,2025-06-23 23:15:00+00:00,continuous,105215.6,105455.6,105059.1,105385.4,229242439.74850038
2025-06-23 23:44:59.636000+00:00,2025-06-23 23:30:00+00:00,continuous,105385.5,105581.6,105316.5,105344.0,192830503.09250042
2025-06-23 23:59:59.872000+00:00,2025-06-23 23:45:00+00:00,continuous,105343.9,105510.3,105237.0,105290.9,159671985.15999988
2025-06-24 00:14:59.989000+00:00,2025-06-24 00:00:00+00:00,continuous,105291.0,105454.1,105179.8,105179.8,183581510.9102996
2025-06-24 00:29:59.825000+00:00,2025-06-24 00:15:00+00:00,continuous,105179.8,105292.9,105088.5,105099.4,158537678.85150018
2025-06-24 00:44:59.894000+00:00,2025-06-24 00:30:00+00:00,continuous,105099.5,105155.3,104921.6,104997.0,177680995.17740005
2025-06-24 00:59:59.725000+00:00,2025-06-24 00:45:00+00:00,continuous,104997.0,105176.9,104850.8,105086.4,224252481.6164017
2025-06-24 01:14:58.503000+00:00,2025-06-24 01:00:00+00:00,continuous,105086.3,105165.3,104911.2,105063.0,103004907.7779997
2025-06-24 01:29:59.718000+00:00,2025-06-24 01:15:00+00:00,continuous,105063.1,105170.6,104920.3,105123.2,94304857.49210002
2025-06-24 01:44:59.547000+00:00,2025-06-24 01:30:00+00:00,continuous,105123.3,105128.4,104944.8,105020.0,60121135.77519986
2025-06-24 01:59:59.919000+00:00,2025-06-24 01:45:00+00:00,continuous,105019.9,105440.6,105000.0,105383.5,202362671.86910006
2025-06-24 02:14:59.987000+00:00,2025-06-24 02:00:00+00:00,continuous,105383.5,105384.1,104759.4,104876.7,300103223.1989985
2025-06-24 02:29:59.848000+00:00,2025-06-24 02:15:00+00:00,continuous,104876.8,104978.5,104658.0,104950.1,273154416.172301
2025-06-24 02:44:59.953000+00:00,2025-06-24 02:30:00+00:00,continuous,104950.1,104999.0,104800.0,104985.9,104076408.29749982
2025-06-24 02:59:59.964000+00:00,2025-06-24 02:45:00+00:00,continuous,104985.9,104986.0,104693.4,104721.9,116683783.9071996
2025-06-24 03:14:59.710000+00:00,2025-06-24 03:00:00+00:00,continuous,104721.9,104940.1,104685.4,104834.5,124350502.36349992
2025-06-24 03:29:59.873000+00:00,2025-06-24 03:15:00+00:00,continuous,104834.5,105085.7,104787.2,104938.5,163589556.58179972
2025-06-24 03:44:59.943000+00:00,2025-06-24 03:30:00+00:00,continuous,104938.6,105043.6,104833.6,104856.1,67034954.26370003
2025-06-24 03:59:59.503000+00:00,2025-06-24 03:45:00+00:00,continuous,104856.2,104935.6,104813.8,104870.0,47917072.140499905
2025-06-24 04:14:59.951000+00:00,2025-06-24 04:00:00+00:00,continuous,104870.0,104910.7,104713.2,104713.2,60428457.736200094
2025-06-24 04:29:59.703000+00:00,2025-06-24 04:15:00+00:00,continuous,104713.2,104904.6,104651.4,104840.6,80286133.36619943
2025-06-24 04:44:59.928000+00:00,2025-06-24 04:30:00+00:00,continuous,104840.6,104885.7,104734.1,104758.7,54832322.12699995
2025-06-24 04:59:59.403000+00:00,2025-06-24 04:45:00+00:00,continuous,104758.7,104888.0,104700.0,104776.9,61263815.40170012
2025-06-24 05:14:59.904000+00:00,2025-06-24 05:00:00+00:00,continuous,104776.9,105062.9,104776.8,105038.8,136372826.5247002
2025-06-24 05:29:59.662000+00:00,2025-06-24 05:15:00+00:00,continuous,105038.8,105178.2,104880.1,105092.4,182788114.1098005
2025-06-24 05:44:59.981000+00:00,2025-06-24 05:30:00+00:00,continuous,105092.4,105348.5,105078.2,105280.0,245477992.11949986
2025-06-24 05:59:59.890000+00:00,2025-06-24 05:45:00+00:00,continuous,105280.0,105379.3,105209.5,105343.8,145872258.27349985
2025-06-24 06:14:59.868000+00:00,2025-06-24 06:00:00+00:00,continuous,105343.7,105484.2,105180.5,105359.2,214763614.22969982
2025-06-24 06:29:59.749000+00:00,2025-06-24 06:15:00+00:00,continuous,105359.1,105483.7,105335.0,105440.0,94480148.44330022
2025-06-24 06:44:59.918000+00:00,2025-06-24 06:30:00+00:00,continuous,105439.9,105749.8,105427.2,105648.0,216121164.6410004
2025-06-24 06:59:59.958000+00:00,2025-06-24 06:45:00+00:00,continuous,105647.9,105775.9,105563.4,105607.0,154756092.52649993
2025-06-24 07:14:59.793000+00:00,2025-06-24 07:00:00+00:00,continuous,105606.9,105684.5,105404.3,105436.7,159988362.00520054
2025-06-24 07:29:59.958000+00:00,2025-06-24 07:15:00+00:00,continuous,105436.7,105732.0,105363.0,105550.0,201853969.46239915
2025-06-24 07:44:59.623000+00:00,2025-06-24 07:30:00+00:00,continuous,105550.1,105570.7,105025.0,105212.4,516093691.57239765
2025-06-24 07:59:59.926000+00:00,2025-06-24 07:45:00+00:00,continuous,105212.3,105231.8,104841.4,104891.8,370302148.44449925
2025-06-24 08:14:59.826000+00:00,2025-06-24 08:00:00+00:00,continuous,104891.8,105022.4,104644.4,104788.3,414334518.38470024
2025-06-24 08:29:59.917000+00:00,2025-06-24 08:15:00+00:00,continuous,104788.4,105039.8,104570.8,105027.6,321920362.97889984
2025-06-24 08:44:59.981000+00:00,2025-06-24 08:30:00+00:00,continuous,105027.6,105127.4,104817.4,105011.5,275014392.1857001
2025-06-24 08:59:59.226000+00:00,2025-06-24 08:45:00+00:00,continuous,105011.4,105080.3,104865.2,104958.7,102982915.04230037
2025-06-24 09:14:59.873000+00:00,2025-06-24 09:00:00+00:00,continuous,104958.7,105259.9,104913.4,105058.4,176521226.9254992
2025-06-24 09:29:59.891000+00:00,2025-06-24 09:15:00+00:00,continuous,105058.4,105525.0,105007.8,105348.0,191033959.11340165
2025-06-24 09:44:59.911000+00:00,2025-06-24 09:30:00+00:00,continuous,105348.0,105420.0,105161.2,105265.3,140914703.0063993
2025-06-24 09:59:59.614000+00:00,2025-06-24 09:45:00+00:00,continuous,105265.3,105272.9,105112.0,105152.0,72688311.39820008
2025-06-24 10:14:59.997000+00:00,2025-06-24 10:00:00+00:00,continuous,105152.0,105248.5,105059.1,105135.0,87747010.36410026
2025-06-24 10:29:59.514000+00:00,2025-06-24 10:15:00+00:00,continuous,105135.1,105277.1,105061.5,105108.8,75146954.13799989
2025-06-24 10:44:59.958000+00:00,2025-06-24 10:30:00+00:00,continuous,105108.7,105317.0,105024.8,105216.3,98136346.7251997
2025-06-24 10:59:59.324000+00:00,2025-06-24 10:45:00+00:00,continuous,105216.2,105262.6,105170.0,105224.8,39724128.60479989
2025-06-24 11:14:59.913000+00:00,2025-06-24 11:00:00+00:00,continuous,105224.8,105346.7,105085.9,105125.5,111939235.1788998
2025-06-24 11:29:59.963000+00:00,2025-06-24 11:15:00+00:00,continuous,105125.5,105325.9,104958.0,105316.1,178339518.5432994
2025-06-24 11:44:59.505000+00:00,2025-06-24 11:30:00+00:00,continuous,105316.0,105386.6,105043.0,105110.3,125427601.73050019
2025-06-24 11:59:59.918000+00:00,2025-06-24 11:45:00+00:00,continuous,105110.2,105223.4,105087.5,105134.6,76704404.68940002
2025-06-24 12:14:59.965000+00:00,2025-06-24 12:00:00+00:00,continuous,105134.5,105263.2,105120.7,105181.9,77038924.83889975
2025-06-24 12:29:59.090000+00:00,2025-06-24 12:15:00+00:00,continuous,105181.9,105200.0,104944.4,105015.3,108618202.64330035
2025-06-24 12:44:59.857000+00:00,2025-06-24 12:30:00+00:00,continuous,105015.4,105138.2,104915.5,105138.2,178471082.30549964
2025-06-24 12:59:59.044000+00:00,2025-06-24 12:45:00+00:00,continuous,105138.2,105264.6,104987.6,105146.7,109641002.06160009
2025-06-24 13:14:59.415000+00:00,2025-06-24 13:00:00+00:00,continuous,105146.3,105196.4,105023.6,105174.0,69391465.53899987
2025-06-24 13:29:59.093000+00:00,2025-06-24 13:15:00+00:00,continuous,105173.9,105347.2,104931.0,105055.1,217503016.92069948
2025-06-24 13:44:59.996000+00:00,2025-06-24 13:30:00+00:00,continuous,105055.2,105245.3,104750.0,105021.3,355684519.9318999
2025-06-24 13:59:59.366000+00:00,2025-06-24 13:45:00+00:00,continuous,105021.2,105250.0,104784.1,105030.0,252244067.3649003
2025-06-24 14:14:59.649000+00:00,2025-06-24 14:00:00+00:00,continuous,105029.9,105240.0,104890.0,105171.1,291082055.11690086
2025-06-24 14:29:59.909000+00:00,2025-06-24 14:15:00+00:00,continuous,105171.1,105496.2,105099.5,105330.0,357502873.9942998
2025-06-24 14:44:59.993000+00:00,2025-06-24 14:30:00+00:00,continuous,105330.0,105577.4,105200.1,105550.1,291863622.0949981
2025-06-24 14:59:59.959000+00:00,2025-06-24 14:45:00+00:00,continuous,105550.1,105621.3,105270.0,105455.5,229129212.50919873
2025-06-24 15:14:59.792000+00:00,2025-06-24 15:00:00+00:00,continuous,105455.6,105671.0,105455.6,105515.9,230668321.07190067
2025-06-24 15:29:59.428000+00:00,2025-06-24 15:15:00+00:00,continuous,105515.9,105675.0,105440.7,105594.1,166914305.46630058
2025-06-24 15:44:59.916000+00:00,2025-06-24 15:30:00+00:00,continuous,105594.1,105618.0,105132.9,105205.5,330962937.8668008
2025-06-24 15:59:59.807000+00:00,2025-06-24 15:45:00+00:00,continuous,105205.4,105400.0,105087.8,105184.4,156485331.6824002
2025-06-24 16:14:59.848000+00:00,2025-06-24 16:00:00+00:00,continuous,105184.3,105387.8,105125.3,105198.1,117590295.96979955
2025-06-24 16:29:59.717000+00:00,2025-06-24 16:15:00+00:00,continuous,105198.1,105437.8,105166.0,105350.3,94971906.00650029
2025-06-24 16:44:59.831000+00:00,2025-06-24 16:30:00+00:00,continuous,105350.3,105851.1,105323.8,105756.8,233304916.20390075
2025-06-24 16:59:59.993000+00:00,2025-06-24 16:45:00+00:00,continuous,105756.7,106222.0,105676.8,106160.1,550653462.2552994
2025-06-24 17:14:59.956000+00:00,2025-06-24 17:00:00+00:00,continuous,106160.0,106239.0,105817.2,105870.6,398695406.0630014
2025-06-24 17:29:59.802000+00:00,2025-06-24 17:15:00+00:00,continuous,105870.6,105964.1,105541.6,105607.1,232841052.9763007
2025-06-24 17:44:59.744000+00:00,2025-06-24 17:30:00+00:00,continuous,105607.0,106026.5,105572.2,106000.0,147880903.60259986
2025-06-24 17:59:59.937000+00:00,2025-06-24 17:45:00+00:00,continuous,106000.0,106107.3,105901.2,105991.6,117539227.97629929
2025-06-24 18:14:59.999000+00:00,2025-06-24 18:00:00+00:00,continuous,105991.7,106040.7,105806.4,105816.5,101242562.47259936
2025-06-24 18:29:59.967000+00:00,2025-06-24 18:15:00+00:00,continuous,105816.4,105851.3,105570.8,105784.5,182344795.71700007
2025-06-24 18:44:59.779000+00:00,2025-06-24 18:30:00+00:00,continuous,105784.6,105801.2,105620.4,105667.4,73699056.16660014
2025-06-24 18:59:59.598000+00:00,2025-06-24 18:45:00+00:00,continuous,105667.4,105772.1,105461.2,105471.2,122281862.6959
2025-06-24 19:14:59.870000+00:00,2025-06-24 19:00:00+00:00,continuous,105471.1,105500.0,105251.2,105311.6,176963080.73649976
2025-06-24 19:29:58.705000+00:00,2025-06-24 19:15:00+00:00,continuous,105311.5,105500.0,105311.0,105407.6,78815669.59559973
2025-06-24 19:44:59.425000+00:00,2025-06-24 19:30:00+00:00,continuous,105407.5,105598.7,105356.7,105399.9,96469800.39650007
2025-06-24 19:59:59.801000+00:00,2025-06-24 19:45:00+00:00,continuous,105399.9,105629.0,105214.0,105582.1,154992885.02840066
2025-06-24 20:14:59.972000+00:00,2025-06-24 20:00:00+00:00,continuous,105582.1,105582.2,105382.4,105417.2,63805764.26200004
2025-06-24 20:29:59.598000+00:00,2025-06-24 20:15:00+00:00,continuous,105417.2,105799.3,105412.9,105755.2,95965207.02530001
2025-06-24 20:44:59.852000+00:00,2025-06-24 20:30:00+00:00,continuous,105755.1,105898.4,105680.2,105841.4,77469762.36179982
2025-06-24 20:59:59.897000+00:00,2025-06-24 20:45:00+00:00,continuous,105841.4,106051.0,105841.3,106020.0,135841090.11710036
2025-06-24 21:14:59.412000+00:00,2025-06-24 21:00:00+00:00,continuous,106020.0,106020.1,105659.9,105777.0,105161883.78289993
2025-06-24 21:29:59.806000+00:00,2025-06-24 21:15:00+00:00,continuous,105777.0,106000.0,105768.3,105910.5,70219619.36319998
2025-06-24 21:44:59.389000+00:00,2025-06-24 21:30:00+00:00,continuous,105910.6,105982.7,105742.4,105850.1,86127116.26670003
2025-06-24 21:59:59.560000+00:00,2025-06-24 21:45:00+00:00,continuous,105850.1,106073.9,105850.1,105930.6,54413760.174999975
2025-06-24 22:14:59.798000+00:00,2025-06-24 22:00:00+00:00,continuous,105930.5,105930.6,105676.5,105817.4,88413056.55669963
2025-06-24 22:29:59.625000+00:00,2025-06-24 22:15:00+00:00,continuous,105817.4,105919.0,105740.5,105880.0,63175733.34340004
2025-06-24 22:44:58.411000+00:00,2025-06-24 22:30:00+00:00,continuous,105879.9,105900.0,105750.0,105865.0,40753732.54019993
2025-06-24 22:59:59.568000+00:00,2025-06-24 22:45:00+00:00,continuous,105865.0,105977.1,105832.0,105957.3,44231180.80679978
2025-06-24 23:14:59.636000+00:00,2025-06-24 23:00:00+00:00,continuous,105957.4,105977.4,105760.0,105804.9,56559939.91549989
2025-06-24 23:29:59.356000+00:00,2025-06-24 23:15:00+00:00,continuous,105804.9,105804.9,105712.7,105781.0,45202912.38480007
2025-06-24 23:44:59.797000+00:00,2025-06-24 23:30:00+00:00,continuous,105781.0,105886.6,105747.2,105852.8,36096637.81340005
2025-06-24 23:59:59.987000+00:00,2025-06-24 23:45:00+00:00,continuous,105852.7,106035.0,105806.5,106034.9,59205284.26879955
2025-06-25 00:14:59.818000+00:00,2025-06-25 00:00:00+00:00,continuous,106034.9,106408.7,105959.5,106396.8,352000441.6601015
2025-06-25 00:29:59.923000+00:00,2025-06-25 00:15:00+00:00,continuous,106396.7,106396.8,106030.0,106106.3,157056757.69720042
2025-06-25 00:44:59.835000+00:00,2025-06-25 00:30:00+00:00,continuous,106106.3,106107.0,105755.6,105897.9,173430645.62559974
2025-06-25 00:59:59.831000+00:00,2025-06-25 00:45:00+00:00,continuous,105897.9,106443.1,105872.2,106343.7,186728979.31600094
2025-06-25 01:14:59.586000+00:00,2025-06-25 01:00:00+00:00,continuous,106343.6,106419.3,106230.0,106345.6,126222356.99340028
2025-06-25 01:29:59.183000+00:00,2025-06-25 01:15:00+00:00,continuous,106345.5,106596.9,105974.4,106093.6,355257772.455598
2025-06-25 01:44:59.338000+00:00,2025-06-25 01:30:00+00:00,continuous,106093.5,106362.4,105948.0,106362.4,133899949.64570014
2025-06-25 01:59:59.930000+00:00,2025-06-25 01:45:00+00:00,continuous,106362.3,106371.0,106186.5,106327.2,60086764.57650011
2025-06-25 02:14:59.958000+00:00,2025-06-25 02:00:00+00:00,continuous,106327.2,106747.4,106235.8,106691.5,472600017.51660144
2025-06-25 02:29:59.887000+00:00,2025-06-25 02:15:00+00:00,continuous,106691.6,106750.9,106486.6,106486.6,183283480.85690007
2025-06-25 02:44:59.803000+00:00,2025-06-25 02:30:00+00:00,continuous,106486.7,106552.2,106419.7,106466.1,93902546.1324997
2025-06-25 02:59:59.991000+00:00,2025-06-25 02:45:00+00:00,continuous,106466.1,106653.0,106370.0,106420.0,106599058.46830045
2025-06-25 03:14:59.184000+00:00,2025-06-25 03:00:00+00:00,continuous,106419.9,106560.0,106253.7,106486.0,96726942.90970005
2025-06-25 03:29:59.696000+00:00,2025-06-25 03:15:00+00:00,continuous,106486.1,106542.0,106392.4,106425.1,57132943.44839986
2025-06-25 03:44:59.633000+00:00,2025-06-25 03:30:00+00:00,continuous,106425.1,106465.4,106238.0,106238.0,65621177.78130001
2025-06-25 03:59:59.794000+00:00,2025-06-25 03:45:00+00:00,continuous,106238.0,106307.9,106160.3,106177.0,126591866.17470023
2025-06-25 04:14:59.951000+00:00,2025-06-25 04:00:00+00:00,continuous,106176.9,106259.9,106108.0,106129.4,77299680.80069989
2025-06-25 04:29:59.745000+00:00,2025-06-25 04:15:00+00:00,continuous,106129.4,106242.6,106116.3,106216.4,55021419.75000023
2025-06-25 04:44:59.927000+00:00,2025-06-25 04:30:00+00:00,continuous,106216.5,106216.5,105980.4,106007.0,96627923.38430035
2025-06-25 04:59:59.946000+00:00,2025-06-25 04:45:00+00:00,continuous,106007.1,106176.1,105949.2,106138.8,124605108.69380003
2025-06-25 05:14:59.747000+00:00,2025-06-25 05:00:00+00:00,continuous,106138.9,106224.7,106071.2,106113.8,67843017.20939977
2025-06-25 05:29:59.964000+00:00,2025-06-25 05:15:00+00:00,continuous,106113.8,106121.2,105988.0,106097.2,49431270.11139995
2025-06-25 05:44:59.827000+00:00,2025-06-25 05:30:00+00:00,continuous,106097.1,106382.2,106050.8,106214.9,82550003.27309984
2025-06-25 05:59:59.609000+00:00,2025-06-25 05:45:00+00:00,continuous,106214.8,106309.7,106159.7,106159.7,67579532.79830024
2025-06-25 06:14:59.984000+00:00,2025-06-25 06:00:00+00:00,continuous,106159.7,106235.0,106074.8,106121.8,52919242.67009985
2025-06-25 06:29:59.997000+00:00,2025-06-25 06:15:00+00:00,continuous,106121.9,106388.0,106096.6,106344.8,73916681.88270019
2025-06-25 06:44:59.107000+00:00,2025-06-25 06:30:00+00:00,continuous,106344.8,106419.9,106256.3,106395.6,80747111.78039944
2025-06-25 06:59:59.798000+00:00,2025-06-25 06:45:00+00:00,continuous,106395.6,106398.6,106325.0,106352.6,40703522.40410001
2025-06-25 07:14:58.779000+00:00,2025-06-25 07:00:00+00:00,continuous,106352.6,106376.0,106267.5,106327.3,65577387.05589983
2025-06-25 07:29:59.852000+00:00,2025-06-25 07:15:00+00:00,continuous,106327.4,106591.7,106308.2,106569.3,126153501.3875002
2025-06-25 07:44:59.965000+00:00,2025-06-25 07:30:00+00:00,continuous,106569.3,106624.0,106473.5,106622.7,113092214.15360025
2025-06-25 07:59:59.893000+00:00,2025-06-25 07:45:00+00:00,continuous,106622.6,106664.2,106518.5,106547.5,86146935.27479981
2025-06-25 08:14:59.993000+00:00,2025-06-25 08:00:00+00:00,continuous,106547.5,106605.9,106465.0,106578.2,89837470.64969958
2025-06-25 08:29:59.999000+00:00,2025-06-25 08:15:00+00:00,continuous,106578.2,106620.0,106380.9,106411.4,96120543.60630025
2025-06-25 08:44:59.744000+00:00,2025-06-25 08:30:00+00:00,continuous,106411.4,106411.5,106300.0,106337.9,77117346.23620036
2025-06-25 08:59:59.880000+00:00,2025-06-25 08:45:00+00:00,continuous,106337.8,106600.0,106286.5,106599.9,100911516.48999976
2025-06-25 09:14:59.910000+00:00,2025-06-25 09:00:00+00:00,continuous,106600.0,106900.0,106540.1,106781.6,328970030.3807983
2025-06-25 09:29:59.886000+00:00,2025-06-25 09:15:00+00:00,continuous,106781.7,106877.0,106772.7,106806.4,160557834.57830083
2025-06-25 09:44:59.844000+00:00,2025-06-25 09:30:00+00:00,continuous,106806.4,106950.0,106400.0,106462.1,331711028.8234021
2025-06-25 09:59:59.893000+00:00,2025-06-25 09:45:00+00:00,continuous,106462.1,106593.6,106418.2,106589.8,136998589.78729963
2025-06-25 10:14:59.747000+00:00,2025-06-25 10:00:00+00:00,continuous,106589.7,106715.9,106507.4,106670.6,102485850.07440019
2025-06-25 10:29:59.835000+00:00,2025-06-25 10:15:00+00:00,continuous,106670.6,107166.3,106650.1,107066.8,444867620.5800009
2025-06-25 10:44:59.731000+00:00,2025-06-25 10:30:00+00:00,continuous,107066.8,107066.8,106850.0,106949.8,165021653.28259972
2025-06-25 10:59:59.929000+00:00,2025-06-25 10:45:00+00:00,continuous,106949.9,107080.0,106855.8,107068.6,132318470.41099955
2025-06-25 11:14:59.870000+00:00,2025-06-25 11:00:00+00:00,continuous,107068.6,107075.8,106889.6,106896.6,107028347.73999994
2025-06-25 11:29:59.703000+00:00,2025-06-25 11:15:00+00:00,continuous,106896.6,106947.0,106811.1,106916.8,104653846.30579978
2025-06-25 11:44:59.467000+00:00,2025-06-25 11:30:00+00:00,continuous,106916.8,107162.9,106910.1,107147.3,188326771.5130991
2025-06-25 11:59:59.510000+00:00,2025-06-25 11:45:00+00:00,continuous,107147.4,107187.6,107078.7,107136.3,131947288.17329928
2025-06-25 12:14:59.917000+00:00,2025-06-25 12:00:00+00:00,continuous,107136.3,107149.5,106942.4,106981.9,149791940.6262999
2025-06-25 12:29:59.670000+00:00,2025-06-25 12:15:00+00:00,continuous,106982.0,107040.0,106868.6,106949.9,124245812.79050024
2025-06-25 12:44:59.908000+00:00,2025-06-25 12:30:00+00:00,continuous,106950.0,107105.5,106881.6,107018.8,85677540.3431004
2025-06-25 12:59:59.906000+00:00,2025-06-25 12:45:00+00:00,continuous,107018.8,107257.6,106994.8,107177.9,139948150.0315001
2025-06-25 13:14:59.700000+00:00,2025-06-25 13:00:00+00:00,continuous,107177.9,107382.8,107101.3,107344.9,243292438.28830013
2025-06-25 13:29:59.997000+00:00,2025-06-25 13:15:00+00:00,continuous,107345.0,107859.6,107344.9,107820.1,995093623.2789874
2025-06-25 13:44:59.982000+00:00,2025-06-25 13:30:00+00:00,continuous,107820.0,108033.4,107476.6,107808.1,747593931.4537041
2025-06-25 13:59:59.783000+00:00,2025-06-25 13:45:00+00:00,continuous,107806.9,108095.7,107650.7,107870.2,635210291.8669964
2025-06-25 14:14:59.846000+00:00,2025-06-25 14:00:00+00:00,continuous,107870.2,108079.0,107766.0,107838.0,367381552.62710154
2025-06-25 14:29:59.794000+00:00,2025-06-25 14:15:00+00:00,continuous,107837.9,107840.0,107162.6,107494.5,989194375.812393
2025-06-25 14:44:59.758000+00:00,2025-06-25 14:30:00+00:00,continuous,107494.5,107737.8,107422.1,107696.9,383478639.9216984
2025-06-25 14:59:59.935000+00:00,2025-06-25 14:45:00+00:00,continuous,107696.8,107836.2,107544.3,107559.3,308053200.1989978
2025-06-25 15:14:59.655000+00:00,2025-06-25 15:00:00+00:00,continuous,107559.3,107572.0,107288.0,107439.3,338451281.6146022
2025-06-25 15:29:59.957000+00:00,2025-06-25 15:15:00+00:00,continuous,107439.3,107456.0,106953.9,107011.4,493420892.7712991
2025-06-25 15:44:59.925000+00:00,2025-06-25 15:30:00+00:00,continuous,107011.5,107100.0,106700.0,106869.2,497033570.74050105
2025-06-25 15:59:59.923000+00:00,2025-06-25 15:45:00+00:00,continuous,106869.2,107157.2,106817.0,106982.6,236790412.55160013
2025-06-25 16:14:59.966000+00:00,2025-06-25 16:00:00+00:00,continuous,106982.7,107314.2,106966.0,107314.2,217899915.8525006
2025-06-25 16:29:59.675000+00:00,2025-06-25 16:15:00+00:00,continuous,107314.1,107449.0,107240.0,107275.2,164200527.96140134
2025-06-25 16:44:59.994000+00:00,2025-06-25 16:30:00+00:00,continuous,107275.3,107320.5,107050.0,107121.9,146568920.11480024
2025-06-25 16:59:59.738000+00:00,2025-06-25 16:45:00+00:00,continuous,107121.8,107121.8,106917.8,107087.4,145199418.49859998
2025-06-25 17:14:59.977000+00:00,2025-06-25 17:00:00+00:00,continuous,107087.3,107380.0,107076.6,107336.0,100215921.46209939
2025-06-25 17:29:59.530000+00:00,2025-06-25 17:15:00+00:00,continuous,107336.1,107488.7,107289.4,107289.4,125464539.12380032
2025-06-25 17:44:59.499000+00:00,2025-06-25 17:30:00+00:00,continuous,107289.4,107328.9,106859.0,106946.8,155968857.3383004
2025-06-25 17:59:59.909000+00:00,2025-06-25 17:45:00+00:00,continuous,106946.8,107375.0,106923.9,107344.7,116262128.90950038
2025-06-25 18:14:59.559000+00:00,2025-06-25 18:00:00+00:00,continuous,107344.7,107450.4,107202.1,107410.3,98577985.45589961
2025-06-25 18:29:59.667000+00:00,2025-06-25 18:15:00+00:00,continuous,107410.3,107464.7,107274.8,107370.9,57183677.16649986
2025-06-25 18:44:59.768000+00:00,2025-06-25 18:30:00+00:00,continuous,107370.9,107449.9,107107.2,107381.1,90963089.6001001
2025-06-25 18:59:59.419000+00:00,2025-06-25 18:45:00+00:00,continuous,107381.2,107477.7,107264.1,107356.4,78074433.37890016
2025-06-25 19:14:58.871000+00:00,2025-06-25 19:00:00+00:00,continuous,107356.8,107698.7,107328.6,107633.9,195663406.58309996
2025-06-25 19:29:59.974000+00:00,2025-06-25 19:15:00+00:00,continuous,107633.9,107863.1,107565.3,107802.9,267293327.08099994
2025-06-25 19:44:59.666000+00:00,2025-06-25 19:30:00+00:00,continuous,107803.0,107803.0,107500.0,107608.3,178183021.88710007
2025-06-25 19:59:59.967000+00:00,2025-06-25 19:45:00+00:00,continuous,107608.4,107756.2,107551.5,107698.2,113877568.08040078
2025-06-25 20:14:59.646000+00:00,2025-06-25 20:00:00+00:00,continuous,107698.1,107698.2,107437.0,107556.1,114603943.42030057
2025-06-25 20:29:59.978000+00:00,2025-06-25 20:15:00+00:00,continuous,107556.1,107640.2,107513.3,107622.2,54271444.024000116
2025-06-25 20:44:59.622000+00:00,2025-06-25 20:30:00+00:00,continuous,107622.2,107781.0,107589.3,107602.2,71051829.92940049
2025-06-25 20:59:59.905000+00:00,2025-06-25 20:45:00+00:00,continuous,107602.2,107800.8,107571.0,107717.7,93437235.06839922
2025-06-25 21:14:59.889000+00:00,2025-06-25 21:00:00+00:00,continuous,107717.7,107965.9,107520.8,107520.9,161332837.64679924
2025-06-25 21:29:59.625000+00:00,2025-06-25 21:15:00+00:00,continuous,107520.9,107662.7,107461.5,107500.0,92029508.34260051
2025-06-25 21:44:59.594000+00:00,2025-06-25 21:30:00+00:00,continuous,107500.1,107581.8,107400.0,107421.2,111880502.54130077
2025-06-25 21:59:59.957000+00:00,2025-06-25 21:45:00+00:00,continuous,107421.1,107536.0,107404.4,107505.9,49913787.92689991
2025-06-25 22:14:59.861000+00:00,2025-06-25 22:00:00+00:00,continuous,107505.9,107517.7,107280.0,107393.8,135665715.7835997
2025-06-25 22:29:59.966000+00:00,2025-06-25 22:15:00+00:00,continuous,107393.9,107414.5,107287.4,107306.0,35265547.355400056
2025-06-25 22:44:59.333000+00:00,2025-06-25 22:30:00+00:00,continuous,107305.9,107330.3,107168.1,107252.2,78618281.16340019
2025-06-25 22:59:59.429000+00:00,2025-06-25 22:45:00+00:00,continuous,107252.2,107262.0,107162.8,107222.5,50880308.62670017
2025-06-25 23:14:59.938000+00:00,2025-06-25 23:00:00+00:00,continuous,107222.4,107262.7,107022.6,107254.8,105740324.9388001
2025-06-25 23:29:59.747000+00:00,2025-06-25 23:15:00+00:00,continuous,107254.7,107333.3,107096.7,107152.3,86433145.01330046
2025-06-25 23:44:59.608000+00:00,2025-06-25 23:30:00+00:00,continuous,107152.3,107194.0,107129.0,107144.9,35096141.54930023
2025-06-25 23:59:59.475000+00:00,2025-06-25 23:45:00+00:00,continuous,107144.9,107331.0,107079.0,107280.0,86863498.97950013
2025-06-26 00:14:59.901000+00:00,2025-06-26 00:00:00+00:00,continuous,107280.1,107477.2,107280.0,107459.4,106608147.8986
2025-06-26 00:29:59.866000+00:00,2025-06-26 00:15:00+00:00,continuous,107459.5,107575.3,107352.1,107377.0,91054114.12810056
2025-06-26 00:44:59.845000+00:00,2025-06-26 00:30:00+00:00,continuous,107377.1,107388.1,107259.0,107289.9,67969657.61840025
2025-06-26 00:59:59.974000+00:00,2025-06-26 00:45:00+00:00,continuous,107290.0,107416.7,107188.0,107269.0,56355702.6420003
2025-06-26 01:14:59.768000+00:00,2025-06-26 01:00:00+00:00,continuous,107269.0,107269.0,107135.6,107189.3,62120041.49470001
2025-06-26 01:29:59.931000+00:00,2025-06-26 01:15:00+00:00,continuous,107189.3,107413.6,107041.4,107392.2,87565292.97959991
2025-06-26 01:44:59.825000+00:00,2025-06-26 01:30:00+00:00,continuous,107392.2,107869.8,107262.1,107568.0,429320428.2373988
2025-06-26 01:59:59.661000+00:00,2025-06-26 01:45:00+00:00,continuous,107567.9,107656.5,107481.3,107570.8,88335525.34200028
2025-06-26 02:14:59.950000+00:00,2025-06-26 02:00:00+00:00,continuous,107570.7,107903.1,107570.7,107742.2,184217679.6866
2025-06-26 02:29:59.823000+00:00,2025-06-26 02:15:00+00:00,continuous,107742.2,107834.9,107700.0,107728.2,62199776.57549997
2025-06-26 02:44:59.610000+00:00,2025-06-26 02:30:00+00:00,continuous,107728.1,107759.2,107600.0,107674.2,72294614.10639973
2025-06-26 02:59:59.963000+00:00,2025-06-26 02:45:00+00:00,continuous,107674.3,108000.0,107496.7,107878.0,245181964.10470027
2025-06-26 03:14:59.572000+00:00,2025-06-26 03:00:00+00:00,continuous,107877.9,108249.9,107871.5,107920.9,430719744.73780054
2025-06-26 03:29:59.383000+00:00,2025-06-26 03:15:00+00:00,continuous,107921.0,108058.4,107747.0,107842.0,158867671.29130027
2025-06-26 03:44:59.562000+00:00,2025-06-26 03:30:00+00:00,continuous,107842.0,107888.4,107727.6,107802.3,103877945.60090004
2025-06-26 03:59:59.665000+00:00,2025-06-26 03:45:00+00:00,continuous,107802.2,107850.0,107720.9,107809.3,62731210.6419001
2025-06-26 04:14:59.945000+00:00,2025-06-26 04:00:00+00:00,continuous,107809.4,107916.9,107673.6,107785.7,79153841.88279979
2025-06-26 04:29:59.588000+00:00,2025-06-26 04:15:00+00:00,continuous,107785.7,107811.4,107692.4,107736.2,58408706.53350023
2025-06-26 04:44:59.714000+00:00,2025-06-26 04:30:00+00:00,continuous,107736.3,107888.0,107654.0,107715.6,69812264.62400006
2025-06-26 04:59:59.665000+00:00,2025-06-26 04:45:00+00:00,continuous,107715.6,107827.2,107635.4,107792.9,82210056.0252004
2025-06-26 05:14:59.928000+00:00,2025-06-26 05:00:00+00:00,continuous,107792.9,107792.9,107657.0,107741.0,43395150.17740013
2025-06-26 05:29:59.805000+00:00,2025-06-26 05:15:00+00:00,continuous,107740.9,107767.0,107620.4,107620.4,55178975.07300007
2025-06-26 05:44:59.818000+00:00,2025-06-26 05:30:00+00:00,continuous,107620.4,107637.1,107467.6,107495.0,85937416.02250044
2025-06-26 05:59:59.971000+00:00,2025-06-26 05:45:00+00:00,continuous,107495.0,107588.2,107467.6,107588.1,53767545.290999904
2025-06-26 06:14:59.117000+00:00,2025-06-26 06:00:00+00:00,continuous,107588.2,107718.7,107509.6,107698.8,61560272.69640028
2025-06-26 06:29:59.742000+00:00,2025-06-26 06:15:00+00:00,continuous,107698.8,107738.1,107615.3,107650.2,51148430.84189998
2025-06-26 06:44:58.472000+00:00,2025-06-26 06:30:00+00:00,continuous,107650.1,107762.0,107650.1,107692.9,41265935.87289994
2025-06-26 06:59:59.897000+00:00,2025-06-26 06:45:00+00:00,continuous,107692.8,107751.5,107634.8,107702.8,41498201.16620002
2025-06-26 07:14:59.957000+00:00,2025-06-26 07:00:00+00:00,continuous,107702.7,107840.0,107692.5,107783.6,92633545.29260017
2025-06-26 07:29:59.951000+00:00,2025-06-26 07:15:00+00:00,continuous,107783.6,108021.6,107738.2,107928.3,152195704.0405999
2025-06-26 07:44:59.609000+00:00,2025-06-26 07:30:00+00:00,continuous,107928.3,108000.0,107842.0,107932.4,83629667.8069
2025-06-26 07:59:59.479000+00:00,2025-06-26 07:45:00+00:00,continuous,107932.4,108044.9,107729.9,107768.5,118730624.78610013
2025-06-26 08:14:59.938000+00:00,2025-06-26 08:00:00+00:00,continuous,107768.6,108030.0,107764.7,108028.5,85805590.6221003
2025-06-26 08:29:59.853000+00:00,2025-06-26 08:15:00+00:00,continuous,108028.4,108135.0,107732.8,107806.1,197419040.42599997
2025-06-26 08:44:59.926000+00:00,2025-06-26 08:30:00+00:00,continuous,107806.1,107900.0,107643.2,107762.9,83513890.83909982
2025-06-26 08:59:59.946000+00:00,2025-06-26 08:45:00+00:00,continuous,107762.8,107791.5,107668.0,107699.9,68552764.58869994
2025-06-26 09:14:59.980000+00:00,2025-06-26 09:00:00+00:00,continuous,107700.0,107736.8,107202.0,107245.8,500339294.117402
2025-06-26 09:29:59.856000+00:00,2025-06-26 09:15:00+00:00,continuous,107245.7,107444.2,107241.7,107395.1,140293666.14909947
2025-06-26 09:44:59.872000+00:00,2025-06-26 09:30:00+00:00,continuous,107395.2,107423.2,107300.0,107369.1,85911828.23839976
2025-06-26 09:59:59.669000+00:00,2025-06-26 09:45:00+00:00,continuous,107369.0,107388.1,107240.0,107263.3,81644914.0816004
2025-06-26 10:14:59.339000+00:00,2025-06-26 10:00:00+00:00,continuous,107263.3,107413.3,107178.3,107322.4,107045854.26240002
2025-06-26 10:29:59.697000+00:00,2025-06-26 10:15:00+00:00,continuous,107322.4,107322.4,107202.0,107278.9,67737841.23739995
2025-06-26 10:44:58.975000+00:00,2025-06-26 10:30:00+00:00,continuous,107278.9,107342.4,107234.7,107290.6,49010185.69709983
2025-06-26 10:59:59.646000+00:00,2025-06-26 10:45:00+00:00,continuous,107290.6,107388.0,107239.1,107329.1,62048687.02070004
2025-06-26 11:14:59.725000+00:00,2025-06-26 11:00:00+00:00,continuous,107329.0,107350.0,107257.6,107293.1,70258121.27119984
2025-06-26 11:29:59.821000+00:00,2025-06-26 11:15:00+00:00,continuous,107293.1,107300.0,107120.5,107139.8,114152745.89449987
2025-06-26 11:44:59.928000+00:00,2025-06-26 11:30:00+00:00,continuous,107139.7,107190.0,107102.6,107102.6,72692510.3302002
2025-06-26 11:59:59.986000+00:00,2025-06-26 11:45:00+00:00,continuous,107102.6,107331.3,107050.0,107272.8,131800606.5186998
2025-06-26 12:14:59.856000+00:00,2025-06-26 12:00:00+00:00,continuous,107272.8,107379.9,107149.1,107178.5,89306302.93199977
2025-06-26 12:29:59.697000+00:00,2025-06-26 12:15:00+00:00,continuous,107178.5,107240.0,107035.1,107140.4,116470768.46379967
2025-06-26 12:44:59.956000+00:00,2025-06-26 12:30:00+00:00,continuous,107140.3,107272.4,106965.6,107250.1,210508807.15399963
2025-06-26 12:59:59.704000+00:00,2025-06-26 12:45:00+00:00,continuous,107250.0,107258.3,107054.0,107059.9,73776909.82189986
2025-06-26 13:14:59.831000+00:00,2025-06-26 13:00:00+00:00,continuous,107059.9,107156.9,106958.2,106993.3,144451513.60310003
2025-06-26 13:29:59.936000+00:00,2025-06-26 13:15:00+00:00,continuous,106993.2,107087.1,106962.7,107065.0,90692949.01560016
2025-06-26 13:44:59.885000+00:00,2025-06-26 13:30:00+00:00,continuous,107065.1,107316.3,106963.3,107188.0,347982402.6269995
2025-06-26 13:59:59.909000+00:00,2025-06-26 13:45:00+00:00,continuous,107187.9,107266.0,106741.2,106905.9,332181853.18779886
2025-06-26 14:14:59.271000+00:00,2025-06-26 14:00:00+00:00,continuous,106906.0,107107.3,106833.6,106992.2,211921984.9845007
2025-06-26 14:29:59.534000+00:00,2025-06-26 14:15:00+00:00,continuous,106992.1,107240.0,106902.7,107190.1,176420020.99759972
2025-06-26 14:44:59.900000+00:00,2025-06-26 14:30:00+00:00,continuous,107190.0,107683.0,107174.3,107592.9,421579520.92320156
2025-06-26 14:59:59.992000+00:00,2025-06-26 14:45:00+00:00,continuous,107593.0,107724.5,107331.3,107393.1,215262097.6008008
2025-06-26 15:14:59.999000+00:00,2025-06-26 15:00:00+00:00,continuous,107393.0,107480.0,107225.0,107226.1,140377916.12290028
2025-06-26 15:29:59.991000+00:00,2025-06-26 15:15:00+00:00,continuous,107226.2,107352.3,106834.2,106861.3,216587776.1192005
2025-06-26 15:44:59.936000+00:00,2025-06-26 15:30:00+00:00,continuous,106861.2,107000.0,106500.0,106868.0,590379128.7099048
2025-06-26 15:59:59.808000+00:00,2025-06-26 15:45:00+00:00,continuous,106868.1,107282.3,106860.4,107260.0,185956393.39579925
2025-06-26 16:14:59.817000+00:00,2025-06-26 16:00:00+00:00,continuous,107259.9,107362.5,107076.5,107170.9,171154016.14450088
2025-06-26 16:29:59.831000+00:00,2025-06-26 16:15:00+00:00,continuous,107170.8,107238.2,106968.6,107185.3,104702867.12260023
2025-06-26 16:44:59.999000+00:00,2025-06-26 16:30:00+00:00,continuous,107185.3,107238.4,107000.0,107113.9,93308625.92020045
2025-06-26 16:59:59.589000+00:00,2025-06-26 16:45:00+00:00,continuous,107113.8,107150.0,106952.0,107149.0,62683604.041299954
2025-06-26 17:14:59.709000+00:00,2025-06-26 17:00:00+00:00,continuous,107149.0,107388.8,107134.5,107169.5,111691369.75390019
2025-06-26 17:29:59.837000+00:00,2025-06-26 17:15:00+00:00,continuous,107169.5,107326.2,107160.8,107291.4,43055310.07570001
2025-06-26 17:44:59.867000+00:00,2025-06-26 17:30:00+00:00,continuous,107291.5,107322.0,107189.3,107231.2,44804956.832400165
2025-06-26 17:59:59.743000+00:00,2025-06-26 17:45:00+00:00,continuous,107231.2,107295.0,107073.2,107136.9,79780231.36539997
2025-06-26 18:14:59.977000+00:00,2025-06-26 18:00:00+00:00,continuous,107136.9,107543.1,107075.3,107500.6,147615519.10680068
2025-06-26 18:29:59.974000+00:00,2025-06-26 18:15:00+00:00,continuous,107500.7,107526.7,107223.2,107235.3,94060815.92459962
2025-06-26 18:44:59.526000+00:00,2025-06-26 18:30:00+00:00,continuous,107235.3,107309.7,107137.4,107301.6,101643311.99209972
2025-06-26 18:59:59.394000+00:00,2025-06-26 18:45:00+00:00,continuous,107301.5,107359.8,107188.1,107331.9,49759942.17080007
2025-06-26 19:14:59.842000+00:00,2025-06-26 19:00:00+00:00,continuous,107331.8,107456.0,107269.4,107307.2,65338062.87730024
2025-06-26 19:29:59.571000+00:00,2025-06-26 19:15:00+00:00,continuous,107307.3,107498.1,107300.0,107399.0,67892273.2642
2025-06-26 19:44:59.922000+00:00,2025-06-26 19:30:00+00:00,continuous,107399.1,107550.0,107389.8,107537.0,81077771.16419992
2025-06-26 19:59:59.891000+00:00,2025-06-26 19:45:00+00:00,continuous,107537.0,107630.8,107436.9,107476.1,108168317.40829998
2025-06-26 20:14:59.268000+00:00,2025-06-26 20:00:00+00:00,continuous,107476.0,107590.3,107400.0,107497.1,81986344.34530048
2025-06-26 20:29:59.268000+00:00,2025-06-26 20:15:00+00:00,continuous,107497.0,107588.4,107468.2,107562.8,62397639.60510009
2025-06-26 20:44:59.854000+00:00,2025-06-26 20:30:00+00:00,continuous,107562.8,107921.9,107562.7,107912.9,255210437.20299917
2025-06-26 20:59:58.938000+00:00,2025-06-26 20:45:00+00:00,continuous,107912.8,107971.3,107641.0,107727.7,146516597.6391991
2025-06-26 21:14:59.089000+00:00,2025-06-26 21:00:00+00:00,continuous,107727.7,107749.5,107325.0,107355.5,109774396.79380003
2025-06-26 21:29:59.919000+00:00,2025-06-26 21:15:00+00:00,continuous,107355.5,107390.0,107076.6,107193.2,212088028.1076989
2025-06-26 21:44:59.952000+00:00,2025-06-26 21:30:00+00:00,continuous,107193.1,107286.3,106789.9,106919.2,281645444.9671986
2025-06-26 21:59:59.897000+00:00,2025-06-26 21:45:00+00:00,continuous,106919.1,107047.0,106851.9,106969.6,90996033.54079984
2025-06-26 22:14:59.964000+00:00,2025-06-26 22:00:00+00:00,continuous,106969.5,107155.8,106900.0,106959.0,144745093.15020022
2025-06-26 22:29:59.551000+00:00,2025-06-26 22:15:00+00:00,continuous,106958.9,107178.9,106903.8,107116.3,79713208.83940034
2025-06-26 22:44:59.954000+00:00,2025-06-26 22:30:00+00:00,continuous,107116.2,107168.4,106899.9,106899.9,84333676.14120004
2025-06-26 22:59:59.986000+00:00,2025-06-26 22:45:00+00:00,continuous,106900.0,107051.4,106898.9,106941.0,78933551.25369993
2025-06-26 23:14:59.998000+00:00,2025-06-26 23:00:00+00:00,continuous,106941.0,106956.6,106822.3,106830.0,100561955.28430024
2025-06-26 23:29:58.727000+00:00,2025-06-26 23:15:00+00:00,continuous,106830.1,107021.0,106830.0,106960.4,60591384.47760007
2025-06-26 23:44:59.169000+00:00,2025-06-26 23:30:00+00:00,continuous,106960.4,107005.6,106870.2,106921.1,52395860.265799746
2025-06-26 23:59:59.587000+00:00,2025-06-26 23:45:00+00:00,continuous,106921.2,106921.2,106811.0,106913.7,56335158.672400124
2025-06-27 00:14:59.587000+00:00,2025-06-27 00:00:00+00:00,continuous,106913.8,107100.0,106870.8,106950.8,78967318.38210066
2025-06-27 00:29:59.619000+00:00,2025-06-27 00:15:00+00:00,continuous,106950.8,107135.0,106950.8,107114.0,63948461.93830037
2025-06-27 00:44:59.754000+00:00,2025-06-27 00:30:00+00:00,continuous,107114.0,107130.0,106850.0,106864.7,72414712.72739986
2025-06-27 00:59:59.416000+00:00,2025-06-27 00:45:00+00:00,continuous,106864.8,106865.5,106603.6,106623.9,176287049.49399957
2025-06-27 01:14:59.973000+00:00,2025-06-27 01:00:00+00:00,continuous,106623.9,106896.0,106345.2,106843.6,396016965.1135013
2025-06-27 01:29:59.909000+00:00,2025-06-27 01:15:00+00:00,continuous,106843.5,107024.1,106767.1,106947.9,163139500.4707988
2025-06-27 01:44:59.852000+00:00,2025-06-27 01:30:00+00:00,continuous,106947.9,107069.4,106922.4,107035.5,91679250.06090015
2025-06-27 01:59:59.939000+00:00,2025-06-27 01:45:00+00:00,continuous,107035.6,107171.5,106964.4,107069.5,97242979.10539977
2025-06-27 02:14:59.787000+00:00,2025-06-27 02:00:00+00:00,continuous,107069.6,107184.2,106990.9,107164.0,70683741.78089996
2025-06-27 02:29:59.698000+00:00,2025-06-27 02:15:00+00:00,continuous,107164.1,107235.5,107138.1,107150.1,98543625.84559974
2025-06-27 02:44:59.953000+00:00,2025-06-27 02:30:00+00:00,continuous,107150.5,107229.8,107140.4,107200.7,41192462.28160009
2025-06-27 02:59:59.919000+00:00,2025-06-27 02:45:00+00:00,continuous,107200.6,107246.3,107167.0,107194.4,48578441.17590016
2025-06-27 03:14:59.996000+00:00,2025-06-27 03:00:00+00:00,continuous,107194.5,107302.1,107117.1,107117.1,86335595.28190042
2025-06-27 03:29:59.793000+00:00,2025-06-27 03:15:00+00:00,continuous,107117.1,107299.9,107117.1,107281.0,46796567.94289999
2025-06-27 03:44:59.927000+00:00,2025-06-27 03:30:00+00:00,continuous,107281.0,107458.0,107281.0,107400.0,116913204.03430009
2025-06-27 03:59:59.739000+00:00,2025-06-27 03:45:00+00:00,continuous,107400.1,107462.5,107400.0,107428.0,52360675.031699985
2025-06-27 04:14:59.842000+00:00,2025-06-27 04:00:00+00:00,continuous,107428.1,107449.5,107342.2,107370.6,67470917.70899981
2025-06-27 04:29:59.750000+00:00,2025-06-27 04:15:00+00:00,continuous,107370.7,107390.0,107301.0,107367.0,61938914.99569982
2025-06-27 04:44:59.925000+00:00,2025-06-27 04:30:00+00:00,continuous,107367.1,107460.2,107333.6,107412.6,60337925.93850006
2025-06-27 04:59:59.735000+00:00,2025-06-27 04:45:00+00:00,continuous,107412.7,107528.0,107412.7,107453.3,84761415.15549958
2025-06-27 05:14:59.836000+00:00,2025-06-27 05:00:00+00:00,continuous,107453.3,107506.8,107432.6,107477.1,51115435.53889994
2025-06-27 05:29:59.783000+00:00,2025-06-27 05:15:00+00:00,continuous,107477.1,107485.1,107263.2,107278.9,72287438.98330027
2025-06-27 05:44:58.232000+00:00,2025-06-27 05:30:00+00:00,continuous,107278.9,107344.6,107246.1,107296.8,69478874.00029999
2025-06-27 05:59:59.574000+00:00,2025-06-27 05:45:00+00:00,continuous,107296.8,107315.9,107211.0,107211.0,34026204.41830011
2025-06-27 06:14:59.673000+00:00,2025-06-27 06:00:00+00:00,continuous,107211.0,107328.9,107153.0,107312.7,60564523.10820007
2025-06-27 06:29:59.577000+00:00,2025-06-27 06:15:00+00:00,continuous,107312.6,107340.5,107177.8,107219.4,31167111.251399875
2025-06-27 06:44:59.726000+00:00,2025-06-27 06:30:00+00:00,continuous,107219.5,107315.2,107183.4,107283.2,31980529.325700045
2025-06-27 06:59:59.926000+00:00,2025-06-27 06:45:00+00:00,continuous,107283.1,107333.0,107222.0,107229.1,61951532.27830019
2025-06-27 07:14:59.789000+00:00,2025-06-27 07:00:00+00:00,continuous,107229.1,107450.0,107228.9,107445.6,81726399.43070032
2025-06-27 07:29:59.946000+00:00,2025-06-27 07:15:00+00:00,continuous,107445.5,107686.0,107258.1,107294.8,206276043.70740044
2025-06-27 07:44:59.960000+00:00,2025-06-27 07:30:00+00:00,continuous,107294.8,107294.9,106903.0,106922.4,281114794.1217979
2025-06-27 07:59:59.924000+00:00,2025-06-27 07:45:00+00:00,continuous,106922.3,106967.2,106801.0,106816.9,244717591.80599985
2025-06-27 08:14:59.930000+00:00,2025-06-27 08:00:00+00:00,continuous,106816.9,106978.3,106763.3,106832.5,230358707.24950108
2025-06-27 08:29:59.954000+00:00,2025-06-27 08:15:00+00:00,continuous,106832.4,106832.4,106660.5,106666.0,150631625.83699918
2025-06-27 08:44:59.865000+00:00,2025-06-27 08:30:00+00:00,continuous,106666.0,106799.3,106616.8,106764.4,244556298.17889848
2025-06-27 08:59:59.786000+00:00,2025-06-27 08:45:00+00:00,continuous,106764.4,107043.5,106764.3,106951.0,224158717.62220004
2025-06-27 09:14:59.630000+00:00,2025-06-27 09:00:00+00:00,continuous,106951.0,106962.9,106741.1,106765.7,118927158.36329965
2025-06-27 09:29:59.801000+00:00,2025-06-27 09:15:00+00:00,continuous,106765.7,106896.3,106750.1,106779.8,83599713.4016997
2025-06-27 09:44:59.459000+00:00,2025-06-27 09:30:00+00:00,continuous,106779.8,107036.9,106779.8,107001.5,213410577.30949885
2025-06-27 09:59:59.897000+00:00,2025-06-27 09:45:00+00:00,continuous,107001.5,107094.3,106975.8,107042.6,114020215.81280047
2025-06-27 10:14:59.875000+00:00,2025-06-27 10:00:00+00:00,continuous,107042.6,107125.9,106890.1,106968.3,142921683.75770003
2025-06-27 10:29:59.402000+00:00,2025-06-27 10:15:00+00:00,continuous,106968.4,107096.6,106912.5,106952.8,90704611.18860024
2025-06-27 10:44:59.125000+00:00,2025-06-27 10:30:00+00:00,continuous,106952.9,107016.3,106933.3,106962.4,85308352.97300036
2025-06-27 10:59:59.534000+00:00,2025-06-27 10:45:00+00:00,continuous,106962.4,107031.9,106923.1,106953.5,99625976.66620035
2025-06-27 11:14:57.602000+00:00,2025-06-27 11:00:00+00:00,continuous,106953.5,107006.2,106944.1,106969.9,38103645.15749999
2025-06-27 11:29:59.646000+00:00,2025-06-27 11:15:00+00:00,continuous,106969.8,107112.1,106868.3,106870.1,71719913.40930012
2025-06-27 11:44:59.808000+00:00,2025-06-27 11:30:00+00:00,continuous,106870.1,106967.5,106870.1,106951.5,42813295.89779996
2025-06-27 11:59:59.854000+00:00,2025-06-27 11:45:00+00:00,continuous,106951.6,106998.4,106870.4,106943.7,54245298.21630023
2025-06-27 12:14:59.053000+00:00,2025-06-27 12:00:00+00:00,continuous,106943.7,106986.0,106882.2,106925.0,57539508.309500016
2025-06-27 12:29:59.539000+00:00,2025-06-27 12:15:00+00:00,continuous,106925.0,107168.4,106870.0,107125.0,111414911.00970064
2025-06-27 12:44:59.955000+00:00,2025-06-27 12:30:00+00:00,continuous,107125.0,107127.7,106675.5,106694.4,306095293.7553988
2025-06-27 12:59:59.436000+00:00,2025-06-27 12:45:00+00:00,continuous,106694.3,106794.5,106551.0,106631.7,169853461.03279904
2025-06-27 13:14:59.090000+00:00,2025-06-27 13:00:00+00:00,continuous,106631.8,106787.0,106558.8,106736.6,179617357.5136998
2025-06-27 13:29:59.831000+00:00,2025-06-27 13:15:00+00:00,continuous,106736.0,106781.3,106606.1,106648.3,99610320.47920026
2025-06-27 13:44:59.935000+00:00,2025-06-27 13:30:00+00:00,continuous,106648.2,106937.6,106596.8,106800.1,230737050.69819883
2025-06-27 13:59:59.885000+00:00,2025-06-27 13:45:00+00:00,continuous,106800.1,106800.1,106313.1,106775.5,377892489.5572981
2025-06-27 14:14:59.923000+00:00,2025-06-27 14:00:00+00:00,continuous,106775.6,107049.9,106662.7,106665.3,372691210.79910076
2025-06-27 14:29:59.834000+00:00,2025-06-27 14:15:00+00:00,continuous,106665.3,106720.0,106348.0,106455.9,384102008.77169895
2025-06-27 14:44:59.623000+00:00,2025-06-27 14:30:00+00:00,continuous,106456.0,106643.5,106313.6,106507.6,287831096.51719934
2025-06-27 14:59:59.698000+00:00,2025-06-27 14:45:00+00:00,continuous,106507.6,106599.8,106380.0,106508.7,130643437.3675995
2025-06-27 15:14:59.400000+00:00,2025-06-27 15:00:00+00:00,continuous,106508.8,106641.7,106424.9,106531.0,116213845.5658999
2025-06-27 15:29:59.771000+00:00,2025-06-27 15:15:00+00:00,continuous,106530.9,106745.0,106434.7,106740.2,123630690.11710002
2025-06-27 15:44:59.978000+00:00,2025-06-27 15:30:00+00:00,continuous,106740.2,107209.2,106693.8,107130.0,369218046.080801
2025-06-27 15:59:59.986000+00:00,2025-06-27 15:45:00+00:00,continuous,107130.1,107378.6,107003.2,107261.3,313694466.76039827
2025-06-27 16:14:59.909000+00:00,2025-06-27 16:00:00+00:00,continuous,107261.2,107338.1,107074.1,107126.8,202309334.85009915
2025-06-27 16:29:59.629000+00:00,2025-06-27 16:15:00+00:00,continuous,107126.9,107276.7,107021.9,107245.2,185442402.02560022
2025-06-27 16:44:59.748000+00:00,2025-06-27 16:30:00+00:00,continuous,107245.3,107659.9,107232.5,107396.1,443166265.0066988
2025-06-27 16:59:59.867000+00:00,2025-06-27 16:45:00+00:00,continuous,107396.1,107510.0,107340.3,107418.8,130953836.65170033
2025-06-27 17:14:59.694000+00:00,2025-06-27 17:00:00+00:00,continuous,107418.7,107445.6,107128.1,107153.2,147177864.55549988
2025-06-27 17:29:59.980000+00:00,2025-06-27 17:15:00+00:00,continuous,107153.3,107242.5,106903.3,106932.3,158178197.2947998
2025-06-27 17:44:59.927000+00:00,2025-06-27 17:30:00+00:00,continuous,106932.2,107007.7,106678.9,106702.3,184928656.7108999
2025-06-27 17:59:59.873000+00:00,2025-06-27 17:45:00+00:00,continuous,106702.3,106868.8,106405.0,106809.2,484513555.20449936
2025-06-27 18:14:59.567000+00:00,2025-06-27 18:00:00+00:00,continuous,106809.2,106949.4,106733.7,106752.9,142227470.40569964
2025-06-27 18:29:59.976000+00:00,2025-06-27 18:15:00+00:00,continuous,106752.9,106875.0,106535.6,106624.7,105476712.46500064
2025-06-27 18:44:59.991000+00:00,2025-06-27 18:30:00+00:00,continuous,106624.6,106648.3,106373.3,106500.6,220553942.732199
2025-06-27 18:59:59.912000+00:00,2025-06-27 18:45:00+00:00,continuous,106500.6,106660.3,106418.9,106649.5,117670083.26829933
2025-06-27 19:14:59.641000+00:00,2025-06-27 19:00:00+00:00,continuous,106649.5,106837.7,106531.1,106799.1,141666736.64649987
2025-06-27 19:29:59.400000+00:00,2025-06-27 19:15:00+00:00,continuous,106799.0,106803.9,106660.8,106728.6,47599534.797500044
2025-06-27 19:44:58.408000+00:00,2025-06-27 19:30:00+00:00,continuous,106728.6,106763.3,106635.7,106757.4,54909530.58990013
2025-06-27 19:59:59.940000+00:00,2025-06-27 19:45:00+00:00,continuous,106757.4,106971.5,106733.4,106748.1,156900409.61890092
2025-06-27 20:14:59.801000+00:00,2025-06-27 20:00:00+00:00,continuous,106748.2,107054.6,106736.7,106963.6,136263943.36079988
2025-06-27 20:29:59.581000+00:00,2025-06-27 20:15:00+00:00,continuous,106963.5,107044.5,106938.0,106973.5,49567550.751
2025-06-27 20:44:59.939000+00:00,2025-06-27 20:30:00+00:00,continuous,106973.5,107059.5,106941.0,107055.0,79825025.42609961
2025-06-27 20:59:59.791000+00:00,2025-06-27 20:45:00+00:00,continuous,107054.9,107087.4,106952.6,107066.7,63870665.54139981
2025-06-27 21:14:59.874000+00:00,2025-06-27 21:00:00+00:00,continuous,107066.6,107185.8,107049.0,107114.2,92232029.34870034
2025-06-27 21:29:59.890000+00:00,2025-06-27 21:15:00+00:00,continuous,107114.1,107146.4,106972.2,107119.9,66922162.68409992
2025-06-27 21:44:59.849000+00:00,2025-06-27 21:30:00+00:00,continuous,107119.9,107232.1,107027.1,107053.2,137134807.81949985
2025-06-27 21:59:59.774000+00:00,2025-06-27 21:45:00+00:00,continuous,107053.3,107131.2,106998.4,106998.4,23616001.01450003
2025-06-27 22:14:59.862000+00:00,2025-06-27 22:00:00+00:00,continuous,106998.5,107118.1,106991.7,107115.0,28430863.162000105
2025-06-27 22:29:59.543000+00:00,2025-06-27 22:15:00+00:00,continuous,107115.1,107145.4,107115.0,107129.2,17166924.368599914
2025-06-27 22:44:59.110000+00:00,2025-06-27 22:30:00+00:00,continuous,107129.2,107129.3,107054.0,107069.6,31642734.056799892
2025-06-27 22:59:59.569000+00:00,2025-06-27 22:45:00+00:00,continuous,107069.6,107082.6,107042.0,107047.7,22298702.131700076
2025-06-27 23:14:59.563000+00:00,2025-06-27 23:00:00+00:00,continuous,107047.8,107118.3,106990.6,107097.2,41349908.29329978
2025-06-27 23:29:59.862000+00:00,2025-06-27 23:15:00+00:00,continuous,107097.3,107097.3,106920.4,106959.1,68556423.63149998
2025-06-27 23:44:59.550000+00:00,2025-06-27 23:30:00+00:00,continuous,106959.1,106973.7,106908.2,106941.0,30731576.494799968
2025-06-27 23:59:59.980000+00:00,2025-06-27 23:45:00+00:00,continuous,106941.0,107014.4,106940.9,107010.7,33671724.58650006
2025-06-28 00:14:59.921000+00:00,2025-06-28 00:00:00+00:00,continuous,107010.6,107014.0,106801.6,106801.7,85090216.23639971
2025-06-28 00:29:59.783000+00:00,2025-06-28 00:15:00+00:00,continuous,106801.6,106930.7,106800.0,106913.1,65742117.11690055
2025-06-28 00:44:59.878000+00:00,2025-06-28 00:30:00+00:00,continuous,106913.0,107052.1,106887.9,107035.2,91325041.86719982
2025-06-28 00:59:59.659000+00:00,2025-06-28 00:45:00+00:00,continuous,107035.1,107139.4,107006.4,107006.4,69390743.08699991
2025-06-28 01:14:59.429000+00:00,2025-06-28 01:00:00+00:00,continuous,107006.4,107006.5,106863.9,106863.9,61796781.30499946
2025-06-28 01:29:59.948000+00:00,2025-06-28 01:15:00+00:00,continuous,106863.9,106889.0,106767.0,106790.0,54079165.18999982
2025-06-28 01:44:59.509000+00:00,2025-06-28 01:30:00+00:00,continuous,106789.9,106952.6,106780.0,106944.6,40638669.21190009
2025-06-28 01:59:59.031000+00:00,2025-06-28 01:45:00+00:00,continuous,106944.5,107085.8,106944.5,107022.1,59634825.95939998
2025-06-28 02:14:59.275000+00:00,2025-06-28 02:00:00+00:00,continuous,107022.2,107060.0,106957.4,107017.3,43483499.00600001
2025-06-28 02:29:59.112000+00:00,2025-06-28 02:15:00+00:00,continuous,107017.3,107139.4,107007.0,107135.0,60119876.88510001
2025-06-28 02:44:59.548000+00:00,2025-06-28 02:30:00+00:00,continuous,107135.0,107153.9,107100.0,107105.2,40655797.65710008
2025-06-28 02:59:59.928000+00:00,2025-06-28 02:45:00+00:00,continuous,107105.2,107105.2,107061.6,107061.8,28152114.679099824
2025-06-28 03:14:58.194000+00:00,2025-06-28 03:00:00+00:00,continuous,107061.9,107070.2,107031.8,107031.9,16425980.59339999
2025-06-28 03:29:59.969000+00:00,2025-06-28 03:15:00+00:00,continuous,107031.8,107140.1,107031.8,107128.9,38715472.50480004
2025-06-28 03:44:59.835000+00:00,2025-06-28 03:30:00+00:00,continuous,107128.9,107188.1,107128.9,107184.0,48220359.20210007
2025-06-28 03:59:59.358000+00:00,2025-06-28 03:45:00+00:00,continuous,107184.1,107313.4,107175.0,107248.0,114122952.5398005
2025-06-28 04:14:59.739000+00:00,2025-06-28 04:00:00+00:00,continuous,107248.0,107272.0,107190.1,107194.9,40700147.16659985
2025-06-28 04:29:58.987000+00:00,2025-06-28 04:15:00+00:00,continuous,107195.0,107195.0,107131.0,107186.8,23528952.552300148
2025-06-28 04:44:59.501000+00:00,2025-06-28 04:30:00+00:00,continuous,107186.9,107186.9,107136.6,107152.2,27181465.013000004
2025-06-28 04:59:59.702000+00:00,2025-06-28 04:45:00+00:00,continuous,107152.2,107152.2,107134.3,107143.1,13570347.980500018
2025-06-28 05:14:59.128000+00:00,2025-06-28 05:00:00+00:00,continuous,107143.2,107266.2,107127.2,107244.1,47003820.26609986
2025-06-28 05:29:59.883000+00:00,2025-06-28 05:15:00+00:00,continuous,107244.1,107257.9,107210.8,107215.3,20172449.256500114
2025-06-28 05:44:55.830000+00:00,2025-06-28 05:30:00+00:00,continuous,107215.2,107248.2,107206.8,107212.6,21223648.91799995
2025-06-28 05:59:59.719000+00:00,2025-06-28 05:45:00+00:00,continuous,107212.7,107245.4,107198.4,107242.2,16295773.816300077
2025-06-28 06:14:59.526000+00:00,2025-06-28 06:00:00+00:00,continuous,107242.2,107343.4,107242.1,107335.2,46648376.592199855
2025-06-28 06:29:59.241000+00:00,2025-06-28 06:15:00+00:00,continuous,107335.3,107397.4,107326.2,107397.3,51672275.92350006
2025-06-28 06:44:59.997000+00:00,2025-06-28 06:30:00+00:00,continuous,107397.4,107400.0,107333.6,107351.7,54405033.11520007
2025-06-28 06:59:58.891000+00:00,2025-06-28 06:45:00+00:00,continuous,107351.2,107369.0,107322.5,107364.2,31439212.59700003
2025-06-28 07:14:59.999000+00:00,2025-06-28 07:00:00+00:00,continuous,107364.2,107379.6,107338.1,107356.4,30391228.94200012
2025-06-28 07:29:59.928000+00:00,2025-06-28 07:15:00+00:00,continuous,107356.5,107400.0,107356.4,107396.1,32608017.125399947
2025-06-28 07:44:59.934000+00:00,2025-06-28 07:30:00+00:00,continuous,107396.1,107433.0,107396.1,107420.1,48907255.19290029
2025-06-28 07:59:59.954000+00:00,2025-06-28 07:45:00+00:00,continuous,107420.0,107458.4,107399.9,107433.0,59442269.84329988
2025-06-28 08:14:59.882000+00:00,2025-06-28 08:00:00+00:00,continuous,107433.1,107450.0,107331.6,107335.8,65159965.34990043
2025-06-28 08:29:59.166000+00:00,2025-06-28 08:15:00+00:00,continuous,107335.8,107435.4,107324.3,107374.0,44398085.512399994
2025-06-28 08:44:59.783000+00:00,2025-06-28 08:30:00+00:00,continuous,107374.1,107374.1,107323.2,107328.4,30880180.258600317
2025-06-28 08:59:59.546000+00:00,2025-06-28 08:45:00+00:00,continuous,107328.5,107344.6,107300.0,107329.8,43168297.35639991
2025-06-28 09:14:59.994000+00:00,2025-06-28 09:00:00+00:00,continuous,107329.7,107330.0,107243.9,107268.7,45272214.75600056
2025-06-28 09:29:58.131000+00:00,2025-06-28 09:15:00+00:00,continuous,107268.8,107285.7,107250.0,107278.7,25333525.563899968
2025-06-28 09:44:59.971000+00:00,2025-06-28 09:30:00+00:00,continuous,107278.7,107278.7,107213.9,107229.8,53239174.20460017
2025-06-28 09:59:59.857000+00:00,2025-06-28 09:45:00+00:00,continuous,107229.8,107264.8,107229.8,107251.8,35356154.88089993
2025-06-28 10:14:58.735000+00:00,2025-06-28 10:00:00+00:00,continuous,107251.9,107282.0,107249.9,107254.4,29029357.72229968
2025-06-28 10:29:59.241000+00:00,2025-06-28 10:15:00+00:00,continuous,107254.5,107324.1,107242.4,107281.7,35177342.22299991
2025-06-28 10:44:58.284000+00:00,2025-06-28 10:30:00+00:00,continuous,107281.7,107313.4,107210.3,107245.7,37782320.518999994
2025-06-28 10:59:59.592000+00:00,2025-06-28 10:45:00+00:00,continuous,107245.7,107245.8,107194.7,107214.0,24051928.94940004
2025-06-28 11:14:59.846000+00:00,2025-06-28 11:00:00+00:00,continuous,107214.0,107236.9,107213.6,107215.2,15714998.87090012
2025-06-28 11:29:59.382000+00:00,2025-06-28 11:15:00+00:00,continuous,107215.1,107245.1,107215.1,107245.0,17364273.64870002
2025-06-28 11:44:59.448000+00:00,2025-06-28 11:30:00+00:00,continuous,107245.1,107287.3,107233.3,107284.2,18211148.360600024
2025-06-28 11:59:59.535000+00:00,2025-06-28 11:45:00+00:00,continuous,107284.2,107329.5,107282.1,107320.3,24966375.632199753
2025-06-28 12:14:59.790000+00:00,2025-06-28 12:00:00+00:00,continuous,107320.2,107331.5,107287.6,107287.6,27241065.252299882
2025-06-28 12:29:58.656000+00:00,2025-06-28 12:15:00+00:00,continuous,107287.6,107287.7,107232.1,107232.2,21389910.69149987
2025-06-28 12:44:59.807000+00:00,2025-06-28 12:30:00+00:00,continuous,107232.1,107265.4,107232.1,107265.4,11972595.697200084
2025-06-28 12:59:59.570000+00:00,2025-06-28 12:45:00+00:00,continuous,107265.3,107304.4,107246.6,107281.1,20996994.469499856
2025-06-28 13:14:59.580000+00:00,2025-06-28 13:00:00+00:00,continuous,107281.1,107312.1,107270.9,107273.0,16814186.130799998
2025-06-28 13:29:59.980000+00:00,2025-06-28 13:15:00+00:00,continuous,107273.0,107273.0,107125.0,107131.1,41704258.332799956
2025-06-28 13:44:59.997000+00:00,2025-06-28 13:30:00+00:00,continuous,107131.1,107133.8,107039.8,107073.1,111886207.26980051
2025-06-28 13:59:59.998000+00:00,2025-06-28 13:45:00+00:00,continuous,107073.1,107080.2,107050.0,107066.5,34947625.023299955
2025-06-28 14:14:59.767000+00:00,2025-06-28 14:00:00+00:00,continuous,107066.5,107136.2,107059.1,107136.1,34113308.085400105
2025-06-28 14:29:59.748000+00:00,2025-06-28 14:15:00+00:00,continuous,107136.1,107222.7,107128.6,107181.4,73486499.77720003
2025-06-28 14:44:59.111000+00:00,2025-06-28 14:30:00+00:00,continuous,107181.4,107210.4,107138.1,107162.1,23507250.57279999
2025-06-28 14:59:59.916000+00:00,2025-06-28 14:45:00+00:00,continuous,107162.1,107162.1,107150.8,107150.8,13794816.84800009
2025-06-28 15:14:59.559000+00:00,2025-06-28 15:00:00+00:00,continuous,107150.9,107192.7,107150.8,107183.3,24520422.451499943
2025-06-28 15:29:59.773000+00:00,2025-06-28 15:15:00+00:00,continuous,107183.4,107188.0,107142.8,107142.9,23256961.342399903
2025-06-28 15:44:59.996000+00:00,2025-06-28 15:30:00+00:00,continuous,107142.9,107246.9,107142.8,107246.9,41183288.315799974
2025-06-28 15:59:59.685000+00:00,2025-06-28 15:45:00+00:00,continuous,107246.8,107538.0,107238.4,107407.6,228546434.96500096
2025-06-28 16:14:59.916000+00:00,2025-06-28 16:00:00+00:00,continuous,107407.7,107472.0,107319.8,107378.5,116061789.39789993
2025-06-28 16:29:59.810000+00:00,2025-06-28 16:15:00+00:00,continuous,107378.5,107378.6,107196.1,107273.8,75873765.54820026
2025-06-28 16:44:59.981000+00:00,2025-06-28 16:30:00+00:00,continuous,107273.8,107418.5,107215.1,107257.5,85779988.82910018
2025-06-28 16:59:58.261000+00:00,2025-06-28 16:45:00+00:00,continuous,107257.6,107257.6,107207.3,107250.2,27440080.257900067
2025-06-28 17:14:59.960000+00:00,2025-06-28 17:00:00+00:00,continuous,107250.2,107320.3,107235.6,107309.5,25784601.134899966
2025-06-28 17:29:59.487000+00:00,2025-06-28 17:15:00+00:00,continuous,107309.5,107309.5,107251.8,107276.2,18030471.972200055
2025-06-28 17:44:59.704000+00:00,2025-06-28 17:30:00+00:00,continuous,107276.2,107388.0,107267.3,107361.2,35107065.912200004
2025-06-28 17:59:59.556000+00:00,2025-06-28 17:45:00+00:00,continuous,107361.2,107494.0,107343.0,107424.5,92219282.17570056
2025-06-28 18:14:59.702000+00:00,2025-06-28 18:00:00+00:00,continuous,107424.6,107424.6,107335.5,107376.0,31517153.44620019
2025-06-28 18:29:59.882000+00:00,2025-06-28 18:15:00+00:00,continuous,107376.0,107392.2,107294.8,107296.0,53699993.23869999
2025-06-28 18:44:59.470000+00:00,2025-06-28 18:30:00+00:00,continuous,107296.0,107324.0,107230.3,107230.3,23300215.496500082
2025-06-28 18:59:57.471000+00:00,2025-06-28 18:45:00+00:00,continuous,107230.4,107281.9,107202.1,107277.7,27685823.418199882
2025-06-28 19:14:59.561000+00:00,2025-06-28 19:00:00+00:00,continuous,107277.8,107277.8,107245.2,107260.1,16683287.827600002
2025-06-28 19:29:59.994000+00:00,2025-06-28 19:15:00+00:00,continuous,107260.1,107289.9,107238.6,107247.4,23121915.35490006
2025-06-28 19:44:58.527000+00:00,2025-06-28 19:30:00+00:00,continuous,107247.4,107247.5,107192.0,107200.1,24955281.91299996
2025-06-28 19:59:59.868000+00:00,2025-06-28 19:45:00+00:00,continuous,107200.0,107202.1,107157.0,107162.5,27645126.92929998
2025-06-28 20:14:59.795000+00:00,2025-06-28 20:00:00+00:00,continuous,107162.5,107169.0,107118.0,107128.3,32956752.273900084
2025-06-28 20:29:59.499000+00:00,2025-06-28 20:15:00+00:00,continuous,107128.2,107185.8,107096.7,107185.6,39939683.028900065
2025-06-28 20:44:59.140000+00:00,2025-06-28 20:30:00+00:00,continuous,107185.6,107185.6,107125.0,107125.1,18787409.483600006
2025-06-28 20:59:59.621000+00:00,2025-06-28 20:45:00+00:00,continuous,107125.0,107151.4,107108.2,107108.2,18308824.64729987
2025-06-28 21:14:59.710000+00:00,2025-06-28 21:00:00+00:00,continuous,107108.3,107173.0,107108.2,107138.0,22556502.787500046
2025-06-28 21:29:59.349000+00:00,2025-06-28 21:15:00+00:00,continuous,107138.0,107216.1,107138.0,107203.5,22087285.771199927
2025-06-28 21:44:59.857000+00:00,2025-06-28 21:30:00+00:00,continuous,107203.5,107254.6,107203.5,107221.6,27013091.73869983
2025-06-28 21:59:59.866000+00:00,2025-06-28 21:45:00+00:00,continuous,107221.6,107305.4,107178.7,107270.1,19028833.70550004
2025-06-28 22:14:59.846000+00:00,2025-06-28 22:00:00+00:00,continuous,107270.0,107324.0,107210.7,107210.7,34142557.51539998
2025-06-28 22:29:59.491000+00:00,2025-06-28 22:15:00+00:00,continuous,107210.8,107262.7,107210.7,107247.2,12086615.10409998
2025-06-28 22:44:59.775000+00:00,2025-06-28 22:30:00+00:00,continuous,107247.2,107324.0,107242.3,107324.0,13167470.522599969
2025-06-28 22:59:59.771000+00:00,2025-06-28 22:45:00+00:00,continuous,107323.9,107324.8,107294.3,107309.0,24172416.194299925
2025-06-28 23:14:59.970000+00:00,2025-06-28 23:00:00+00:00,continuous,107309.1,107309.1,107274.3,107275.1,18108437.491699964
2025-06-28 23:29:59.654000+00:00,2025-06-28 23:15:00+00:00,continuous,107275.0,107275.1,107258.8,107258.9,11254123.005699985
2025-06-28 23:44:59.313000+00:00,2025-06-28 23:30:00+00:00,continuous,107258.8,107258.9,107226.3,107237.5,14798471.223299911
2025-06-28 23:59:59.496000+00:00,2025-06-28 23:45:00+00:00,continuous,107237.6,107254.4,107225.7,107241.0,14006504.312500061
2025-06-29 00:14:59.514000+00:00,2025-06-29 00:00:00+00:00,continuous,107240.9,107249.4,107192.4,107208.3,30794903.947000004
2025-06-29 00:29:59.946000+00:00,2025-06-29 00:15:00+00:00,continuous,107208.2,107443.8,107205.9,107379.6,129931904.10329986
2025-06-29 00:44:59.532000+00:00,2025-06-29 00:30:00+00:00,continuous,107379.7,107415.0,107310.2,107357.5,48400443.04629979
2025-06-29 00:59:59.963000+00:00,2025-06-29 00:45:00+00:00,continuous,107357.4,107464.0,107345.0,107421.4,129693266.00309968
2025-06-29 01:14:59.813000+00:00,2025-06-29 01:00:00+00:00,continuous,107421.4,107428.4,107349.9,107349.9,22193692.073899854
2025-06-29 01:29:59.232000+00:00,2025-06-29 01:15:00+00:00,continuous,107350.0,107393.5,107349.0,107374.5,28624522.6917
2025-06-29 01:44:59.646000+00:00,2025-06-29 01:30:00+00:00,continuous,107374.4,107378.3,107300.3,107300.3,14695109.406900037
2025-06-29 01:59:59.869000+00:00,2025-06-29 01:45:00+00:00,continuous,107300.3,107310.8,107258.8,107269.4,22540661.95049998
2025-06-29 02:14:59.611000+00:00,2025-06-29 02:00:00+00:00,continuous,107269.4,107276.6,107112.6,107171.1,86335369.27790017
2025-06-29 02:29:59.693000+00:00,2025-06-29 02:15:00+00:00,continuous,107171.1,107192.7,107125.0,107174.1,35064760.70429991
2025-06-29 02:44:59.852000+00:00,2025-06-29 02:30:00+00:00,continuous,107174.2,107319.6,107146.5,107260.0,44328622.0722001
2025-06-29 02:59:59.521000+00:00,2025-06-29 02:45:00+00:00,continuous,107260.0,107264.9,107244.8,107252.2,11995284.89979997
2025-06-29 03:14:59.949000+00:00,2025-06-29 03:00:00+00:00,continuous,107252.1,107252.2,107208.5,107219.8,15699413.115099965
2025-06-29 03:29:57.560000+00:00,2025-06-29 03:15:00+00:00,continuous,107219.9,107247.1,107218.4,107229.5,14347094.049600018
2025-06-29 03:44:59.601000+00:00,2025-06-29 03:30:00+00:00,continuous,107229.4,107229.5,107139.6,107139.6,26478837.724199936
2025-06-29 03:59:58.434000+00:00,2025-06-29 03:45:00+00:00,continuous,107139.6,107162.6,107137.9,107156.5,19301358.5528
2025-06-29 04:14:59.408000+00:00,2025-06-29 04:00:00+00:00,continuous,107156.5,107205.3,107156.4,107205.3,25483487.185000036
2025-06-29 04:29:59.607000+00:00,2025-06-29 04:15:00+00:00,continuous,107205.4,107205.4,107180.1,107180.1,15413715.596800081
2025-06-29 04:44:59.835000+00:00,2025-06-29 04:30:00+00:00,continuous,107180.2,107180.3,107180.1,107180.3,8812892.054899964
2025-06-29 04:59:58.611000+00:00,2025-06-29 04:45:00+00:00,continuous,107180.3,107223.2,107180.2,107220.2,12045456.526299963
2025-06-29 05:14:59.944000+00:00,2025-06-29 05:00:00+00:00,continuous,107220.2,107220.2,107183.5,107200.5,13653607.506900065
2025-06-29 05:29:58.966000+00:00,2025-06-29 05:15:00+00:00,continuous,107200.5,107200.6,107171.2,107171.2,19046332.322300043
2025-06-29 05:44:58.715000+00:00,2025-06-29 05:30:00+00:00,continuous,107171.2,107199.1,107156.5,107199.0,11177016.035199994
2025-06-29 05:59:59.863000+00:00,2025-06-29 05:45:00+00:00,continuous,107199.1,107268.7,107199.0,107260.0,22559649.376399904
2025-06-29 06:14:59.353000+00:00,2025-06-29 06:00:00+00:00,continuous,107260.0,107282.1,107260.0,107282.1,22145522.679699987
2025-06-29 06:29:59.900000+00:00,2025-06-29 06:15:00+00:00,continuous,107282.0,107299.7,107282.0,107282.0,22998389.315399934
2025-06-29 06:44:59.143000+00:00,2025-06-29 06:30:00+00:00,continuous,107282.1,107305.5,107282.0,107290.3,24275080.990600042
2025-06-29 06:59:59.871000+00:00,2025-06-29 06:45:00+00:00,continuous,107290.2,107340.1,107290.2,107328.8,25755857.07710005
2025-06-29 07:14:59.513000+00:00,2025-06-29 07:00:00+00:00,continuous,107328.7,107350.0,107297.9,107309.4,41806141.19760012
2025-06-29 07:29:59.303000+00:00,2025-06-29 07:15:00+00:00,continuous,107309.5,107309.5,107282.5,107300.5,27290415.6826999
2025-06-29 07:44:59.886000+00:00,2025-06-29 07:30:00+00:00,continuous,107300.5,107300.6,107269.9,107280.8,31872015.29140003
2025-06-29 07:59:59.826000+00:00,2025-06-29 07:45:00+00:00,continuous,107280.8,107372.6,107272.7,107367.2,36101008.873199955
2025-06-29 08:14:59.807000+00:00,2025-06-29 08:00:00+00:00,continuous,107367.3,107453.1,107351.6,107403.4,88751445.6952997
2025-06-29 08:29:59.543000+00:00,2025-06-29 08:15:00+00:00,continuous,107403.4,107414.2,107380.0,107407.0,24520858.478100054
2025-06-29 08:44:59.525000+00:00,2025-06-29 08:30:00+00:00,continuous,107407.0,107696.4,107406.9,107649.9,354981426.87070084
2025-06-29 08:59:59.713000+00:00,2025-06-29 08:45:00+00:00,continuous,107649.9,107683.8,107624.7,107658.0,88392651.51310036
2025-06-29 09:14:59.873000+00:00,2025-06-29 09:00:00+00:00,continuous,107658.0,107761.3,107586.6,107700.0,142149963.87210196
2025-06-29 09:29:59.946000+00:00,2025-06-29 09:15:00+00:00,continuous,107699.9,107771.0,107698.5,107754.9,104496526.8837002
2025-06-29 09:44:59.954000+00:00,2025-06-29 09:30:00+00:00,continuous,107755.0,107919.9,107754.9,107870.4,262941515.1277011
2025-06-29 09:59:59.889000+00:00,2025-06-29 09:45:00+00:00,continuous,107870.4,107936.0,107800.3,107852.1,129418060.54559985
2025-06-29 10:14:59.842000+00:00,2025-06-29 10:00:00+00:00,continuous,107852.1,108130.0,107852.1,108113.6,331458739.39729977
2025-06-29 10:29:59.979000+00:00,2025-06-29 10:15:00+00:00,continuous,108113.6,108268.8,108031.1,108097.7,291340840.61159956
2025-06-29 10:44:59.822000+00:00,2025-06-29 10:30:00+00:00,continuous,108097.7,108129.7,107947.9,107947.9,180565688.32089967
2025-06-29 10:59:59.919000+00:00,2025-06-29 10:45:00+00:00,continuous,107948.0,108195.2,107813.0,108121.5,245700034.66569972
2025-06-29 11:14:59.553000+00:00,2025-06-29 11:00:00+00:00,continuous,108121.5,108160.0,108067.2,108077.3,67677071.84719877
2025-06-29 11:29:59.845000+00:00,2025-06-29 11:15:00+00:00,continuous,108077.3,108150.0,108051.2,108104.3,53036987.740900226
2025-06-29 11:44:59.557000+00:00,2025-06-29 11:30:00+00:00,continuous,108104.4,108198.5,108104.3,108162.6,51207110.37170013
2025-06-29 11:59:59.830000+00:00,2025-06-29 11:45:00+00:00,continuous,108162.6,108460.0,108162.5,108448.3,305905460.2021992
2025-06-29 12:14:59.839000+00:00,2025-06-29 12:00:00+00:00,continuous,108448.3,108499.0,108100.0,108138.9,318881727.57670206
2025-06-29 12:29:59.753000+00:00,2025-06-29 12:15:00+00:00,continuous,108138.9,108274.6,108138.9,108163.8,85345966.4659
2025-06-29 12:44:59.973000+00:00,2025-06-29 12:30:00+00:00,continuous,108163.7,108195.0,107984.1,107992.7,84976684.50319983
2025-06-29 12:59:59.918000+00:00,2025-06-29 12:45:00+00:00,continuous,107992.8,108151.7,107992.7,108151.6,64892454.53039967
2025-06-29 13:14:59.895000+00:00,2025-06-29 13:00:00+00:00,continuous,108151.7,108188.8,108074.0,108107.0,51057335.66389982
2025-06-29 13:29:59.031000+00:00,2025-06-29 13:15:00+00:00,continuous,108107.0,108113.1,108035.0,108060.0,42275590.60049987
2025-06-29 13:44:59.851000+00:00,2025-06-29 13:30:00+00:00,continuous,108059.9,108138.3,107969.4,108109.7,85232694.67449993
2025-06-29 13:59:59.542000+00:00,2025-06-29 13:45:00+00:00,continuous,108109.6,108149.9,107988.6,108013.0,56373711.07689949
2025-06-29 14:14:59.522000+00:00,2025-06-29 14:00:00+00:00,continuous,108013.1,108164.2,108013.0,108164.2,46158495.539200194
2025-06-29 14:29:59.698000+00:00,2025-06-29 14:15:00+00:00,continuous,108164.1,108182.0,108020.0,108036.6,66356052.572900146
2025-06-29 14:44:59.946000+00:00,2025-06-29 14:30:00+00:00,continuous,108036.5,108045.5,107723.8,107814.3,198375552.1878011
2025-06-29 14:59:59.858000+00:00,2025-06-29 14:45:00+00:00,continuous,107814.3,107937.3,107744.5,107893.9,96307330.67860039
2025-06-29 15:14:59.644000+00:00,2025-06-29 15:00:00+00:00,continuous,107894.0,107977.5,107771.1,107946.6,75633693.0826
2025-06-29 15:29:59.043000+00:00,2025-06-29 15:15:00+00:00,continuous,107946.6,107946.6,107808.0,107865.5,45927208.24720005
2025-06-29 15:44:59.401000+00:00,2025-06-29 15:30:00+00:00,continuous,107865.4,107904.8,107822.0,107843.6,40061439.65600009
2025-06-29 15:59:59.919000+00:00,2025-06-29 15:45:00+00:00,continuous,107843.6,107843.6,107580.6,107686.9,229949036.2618008
2025-06-29 16:14:59.932000+00:00,2025-06-29 16:00:00+00:00,continuous,107686.9,107735.7,107567.7,107621.2,134680705.85790038
2025-06-29 16:29:59.897000+00:00,2025-06-29 16:15:00+00:00,continuous,107621.1,107707.2,107400.0,107467.1,201151594.73569956
2025-06-29 16:44:59.984000+00:00,2025-06-29 16:30:00+00:00,continuous,107467.1,107573.3,107404.5,107425.3,176606799.62129977
2025-06-29 16:59:59.787000+00:00,2025-06-29 16:45:00+00:00,continuous,107425.2,107549.2,107233.1,107494.4,218614623.30419907
2025-06-29 17:14:59.981000+00:00,2025-06-29 17:00:00+00:00,continuous,107494.5,107541.4,107450.0,107500.1,71555405.68199988
2025-06-29 17:29:59.894000+00:00,2025-06-29 17:15:00+00:00,continuous,107500.1,107514.0,107332.3,107347.3,68837955.27549987
2025-06-29 17:44:59.989000+00:00,2025-06-29 17:30:00+00:00,continuous,107347.3,107384.6,107250.0,107327.1,84090755.13999923
2025-06-29 17:59:59.998000+00:00,2025-06-29 17:45:00+00:00,continuous,107327.0,107485.5,107292.5,107485.4,80345012.05260012
2025-06-29 18:14:59.762000+00:00,2025-06-29 18:00:00+00:00,continuous,107485.5,107487.0,107387.6,107387.6,37955434.19690008
2025-06-29 18:29:59.996000+00:00,2025-06-29 18:15:00+00:00,continuous,107387.7,107578.8,107387.6,107561.6,64748648.428899996
2025-06-29 18:44:59.813000+00:00,2025-06-29 18:30:00+00:00,continuous,107561.6,107596.4,107511.1,107580.2,51252391.15960015
2025-06-29 18:59:59.749000+00:00,2025-06-29 18:45:00+00:00,continuous,107580.3,107662.1,107570.4,107570.5,78452659.42959991
2025-06-29 19:14:59.528000+00:00,2025-06-29 19:00:00+00:00,continuous,107570.5,107570.5,107467.4,107486.3,42454962.305199884
2025-06-29 19:29:59.277000+00:00,2025-06-29 19:15:00+00:00,continuous,107486.3,107513.2,107437.8,107503.2,19186984.504500043
2025-06-29 19:44:59.353000+00:00,2025-06-29 19:30:00+00:00,continuous,107503.2,107514.0,107322.7,107324.0,61979163.535100065
2025-06-29 19:59:59.410000+00:00,2025-06-29 19:45:00+00:00,continuous,107324.0,107390.0,107291.1,107346.5,40408301.717600204
2025-06-29 20:14:58.007000+00:00,2025-06-29 20:00:00+00:00,continuous,107346.5,107358.6,107320.0,107342.5,36375029.37759999
2025-06-29 20:29:59.938000+00:00,2025-06-29 20:15:00+00:00,continuous,107342.5,107431.8,107342.4,107419.6,37615488.40749992
2025-06-29 20:44:58.314000+00:00,2025-06-29 20:30:00+00:00,continuous,107419.6,107420.9,107379.3,107379.3,21459240.536399934
2025-06-29 20:59:59.422000+00:00,2025-06-29 20:45:00+00:00,continuous,107379.3,107420.0,107300.0,107300.1,44450060.451399975
2025-06-29 21:14:59.912000+00:00,2025-06-29 21:00:00+00:00,continuous,107300.1,107430.0,107203.8,107356.0,112532652.60540052
2025-06-29 21:29:59.521000+00:00,2025-06-29 21:15:00+00:00,continuous,107356.0,107517.0,107349.9,107480.6,64082176.5072999
2025-06-29 21:44:59.648000+00:00,2025-06-29 21:30:00+00:00,continuous,107480.6,107689.9,107480.6,107632.9,73055975.55930008
2025-06-29 21:59:59.331000+00:00,2025-06-29 21:45:00+00:00,continuous,107632.9,107640.0,107437.5,107499.6,40271726.81060002
2025-06-29 22:14:59.924000+00:00,2025-06-29 22:00:00+00:00,continuous,107499.6,107752.5,107499.6,107749.7,153139265.9365002
2025-06-29 22:29:59.906000+00:00,2025-06-29 22:15:00+00:00,continuous,107749.7,107987.1,107738.1,107971.8,209839765.98419914
2025-06-29 22:44:59.901000+00:00,2025-06-29 22:30:00+00:00,continuous,107971.8,108200.1,107773.9,108081.0,311498285.35699856
2025-06-29 22:59:59.929000+00:00,2025-06-29 22:45:00+00:00,continuous,108081.0,108225.8,108000.0,108041.5,127779690.8403004
2025-06-29 23:14:59.926000+00:00,2025-06-29 23:00:00+00:00,continuous,108041.5,108222.4,107963.5,108018.2,130184480.97360025
2025-06-29 23:29:59.883000+00:00,2025-06-29 23:15:00+00:00,continuous,108018.2,108400.0,107973.4,108339.8,216988912.89119923
2025-06-29 23:44:59.651000+00:00,2025-06-29 23:30:00+00:00,continuous,108339.9,108396.2,108236.7,108260.0,123086189.47919932
2025-06-29 23:59:59.882000+00:00,2025-06-29 23:45:00+00:00,continuous,108259.9,108379.0,108259.9,108309.8,77499080.06139979
2025-06-30 00:14:59.969000+00:00,2025-06-30 00:00:00+00:00,continuous,108309.8,108398.7,108193.5,108392.2,171506213.64879912
2025-06-30 00:29:59.912000+00:00,2025-06-30 00:15:00+00:00,continuous,108392.3,108650.0,108311.4,108611.7,354406246.0621014
2025-06-30 00:44:59.879000+00:00,2025-06-30 00:30:00+00:00,continuous,108611.7,108783.9,108528.2,108719.3,257455118.5956004
2025-06-30 00:59:59.600000+00:00,2025-06-30 00:45:00+00:00,continuous,108719.4,108749.7,108570.0,108665.5,103252353.61189942
2025-06-30 01:14:59.934000+00:00,2025-06-30 01:00:00+00:00,continuous,108665.6,108665.6,108349.3,108459.9,169887817.7482
2025-06-30 01:29:59.984000+00:00,2025-06-30 01:15:00+00:00,continuous,108460.0,108656.0,108456.3,108641.3,91460677.12189992
2025-06-30 01:44:59.885000+00:00,2025-06-30 01:30:00+00:00,continuous,108641.3,108725.3,108630.2,108708.9,78695710.12449986
2025-06-30 01:59:59.583000+00:00,2025-06-30 01:45:00+00:00,continuous,108708.9,108725.0,108432.2,108455.2,106010220.29659997
2025-06-30 02:14:59.399000+00:00,2025-06-30 02:00:00+00:00,continuous,108455.2,108528.0,108389.0,108528.0,74625184.9182003
2025-06-30 02:29:58.613000+00:00,2025-06-30 02:15:00+00:00,continuous,108528.0,108612.3,108456.0,108544.9,70177193.78710002
2025-06-30 02:44:59.554000+00:00,2025-06-30 02:30:00+00:00,continuous,108545.0,108600.0,108459.8,108575.6,64360779.16229987
2025-06-30 02:59:59.949000+00:00,2025-06-30 02:45:00+00:00,continuous,108575.7,108575.7,108393.4,108441.2,51865338.8542001
2025-06-30 03:14:59.686000+00:00,2025-06-30 03:00:00+00:00,continuous,108441.3,108547.4,108411.4,108424.7,63218839.71209991
2025-06-30 03:29:59.486000+00:00,2025-06-30 03:15:00+00:00,continuous,108424.6,108478.4,108376.1,108414.4,55624993.398599684
2025-06-30 03:44:59.745000+00:00,2025-06-30 03:30:00+00:00,continuous,108414.4,108502.2,108414.4,108486.6,31240074.045899946
2025-06-30 03:59:59.421000+00:00,2025-06-30 03:45:00+00:00,continuous,108486.5,108518.5,108444.9,108466.7,44267050.08730007
2025-06-30 04:14:59.776000+00:00,2025-06-30 04:00:00+00:00,continuous,108466.8,108500.0,108439.9,108463.2,44713723.26200023
2025-06-30 04:29:59.389000+00:00,2025-06-30 04:15:00+00:00,continuous,108463.1,108479.0,108376.6,108394.0,68271422.79700013
2025-06-30 04:44:59.743000+00:00,2025-06-30 04:30:00+00:00,continuous,108394.1,108400.7,108313.3,108319.8,61288480.50589993
2025-06-30 04:59:59.694000+00:00,2025-06-30 04:45:00+00:00,continuous,108319.9,108372.2,108249.2,108274.1,101202414.18270035
2025-06-30 05:14:59.787000+00:00,2025-06-30 05:00:00+00:00,continuous,108274.1,108341.9,108248.1,108330.8,68410328.22750026
2025-06-30 05:29:59.832000+00:00,2025-06-30 05:15:00+00:00,continuous,108330.8,108330.8,108251.6,108251.6,32404177.37290007
2025-06-30 05:44:59.720000+00:00,2025-06-30 05:30:00+00:00,continuous,108251.6,108253.3,108107.6,108175.2,159641947.45130026
2025-06-30 05:59:59.945000+00:00,2025-06-30 05:45:00+00:00,continuous,108175.2,108261.7,108142.8,108232.9,67761811.00369994
2025-06-30 06:14:59.434000+00:00,2025-06-30 06:00:00+00:00,continuous,108232.8,108254.9,108186.5,108186.6,49430409.15139987
2025-06-30 06:29:59.490000+00:00,2025-06-30 06:15:00+00:00,continuous,108186.6,108186.6,108088.7,108100.0,63547776.5873001
2025-06-30 06:44:59.864000+00:00,2025-06-30 06:30:00+00:00,continuous,108099.9,108139.1,107704.4,107732.0,472204888.35059893
2025-06-30 06:59:59.883000+00:00,2025-06-30 06:45:00+00:00,continuous,107732.1,107750.0,107456.8,107504.5,399422182.036603
2025-06-30 07:14:59.921000+00:00,2025-06-30 07:00:00+00:00,continuous,107504.5,107557.3,107427.5,107509.7,246093579.34359956
2025-06-30 07:29:59.862000+00:00,2025-06-30 07:15:00+00:00,continuous,107509.7,107694.1,107491.4,107656.4,191449710.2577002
2025-06-30 07:44:59.969000+00:00,2025-06-30 07:30:00+00:00,continuous,107656.3,107674.6,107560.2,107580.2,91540042.86519937
2025-06-30 07:59:59.924000+00:00,2025-06-30 07:45:00+00:00,continuous,107580.2,107616.9,107547.9,107562.6,65578535.0717007
2025-06-30 08:14:59.502000+00:00,2025-06-30 08:00:00+00:00,continuous,107562.6,107690.0,107500.0,107565.1,128681417.40369931
2025-06-30 08:29:59.728000+00:00,2025-06-30 08:15:00+00:00,continuous,107565.2,107589.7,107467.7,107561.7,87986789.22370067
2025-06-30 08:44:59.638000+00:00,2025-06-30 08:30:00+00:00,continuous,107561.7,107589.5,107459.3,107476.0,56077584.310100056
2025-06-30 08:59:59.990000+00:00,2025-06-30 08:45:00+00:00,continuous,107476.1,107532.2,107401.0,107454.9,86717580.53640018
2025-06-30 09:14:59.562000+00:00,2025-06-30 09:00:00+00:00,continuous,107454.9,107621.4,107410.1,107614.0,78107532.98180027
2025-06-30 09:29:59.967000+00:00,2025-06-30 09:15:00+00:00,continuous,107614.1,107657.9,107530.0,107597.8,71067830.71169916
2025-06-30 09:44:59.826000+00:00,2025-06-30 09:30:00+00:00,continuous,107597.8,107640.6,107437.0,107447.8,60929429.91680008
2025-06-30 09:59:59.893000+00:00,2025-06-30 09:45:00+00:00,continuous,107447.9,107491.1,107428.0,107428.0,65860323.41580017
2025-06-30 10:14:59.528000+00:00,2025-06-30 10:00:00+00:00,continuous,107428.0,107490.1,107404.6,107404.6,82718500.03070025
2025-06-30 10:29:59.776000+00:00,2025-06-30 10:15:00+00:00,continuous,107404.7,107480.2,107320.0,107465.9,131070115.65929909
2025-06-30 10:44:59.722000+00:00,2025-06-30 10:30:00+00:00,continuous,107465.9,107564.3,107416.8,107564.3,82486715.33249985
2025-06-30 10:59:59.566000+00:00,2025-06-30 10:45:00+00:00,continuous,107564.2,107600.0,107553.8,107586.8,54742458.245800294
2025-06-30 11:14:59.854000+00:00,2025-06-30 11:00:00+00:00,continuous,107586.9,107667.7,107567.1,107666.3,135674783.95610008
2025-06-30 11:29:59.998000+00:00,2025-06-30 11:15:00+00:00,continuous,107666.3,107893.3,107648.1,107798.5,173733799.73859975
2025-06-30 11:44:59.984000+00:00,2025-06-30 11:30:00+00:00,continuous,107798.5,107916.6,107724.6,107752.1,137380687.90419948
2025-06-30 11:59:59.334000+00:00,2025-06-30 11:45:00+00:00,continuous,107752.1,107828.3,107580.6,107608.1,111626554.95189972
2025-06-30 12:14:59.919000+00:00,2025-06-30 12:00:00+00:00,continuous,107608.1,107687.7,107601.2,107666.1,54818545.91130019
2025-06-30 12:29:59.874000+00:00,2025-06-30 12:15:00+00:00,continuous,107666.0,107781.0,107614.0,107682.3,95650439.4750008
2025-06-30 12:44:59.559000+00:00,2025-06-30 12:30:00+00:00,continuous,107682.3,107708.8,107539.0,107576.5,68924890.42129953
2025-06-30 12:59:59.537000+00:00,2025-06-30 12:45:00+00:00,continuous,107576.6,107576.6,107502.2,107526.9,72819043.3243001
2025-06-30 13:14:59.728000+00:00,2025-06-30 13:00:00+00:00,continuous,107526.9,107660.2,107526.9,107619.6,60136162.766100004
2025-06-30 13:29:59.642000+00:00,2025-06-30 13:15:00+00:00,continuous,107619.5,107821.0,107619.5,107783.5,121438254.95249985
2025-06-30 13:44:59.950000+00:00,2025-06-30 13:30:00+00:00,continuous,107783.5,107821.8,107500.4,107557.2,212430546.67779988
2025-06-30 13:59:59.616000+00:00,2025-06-30 13:45:00+00:00,continuous,107557.2,107682.0,107431.4,107481.9,280683400.1006997
2025-06-30 14:14:59.924000+00:00,2025-06-30 14:00:00+00:00,continuous,107481.8,107549.9,107088.0,107464.3,550361618.0202997
2025-06-30 14:29:59.827000+00:00,2025-06-30 14:15:00+00:00,continuous,107464.3,107600.0,107172.7,107288.1,244490280.12080035
2025-06-30 14:44:59.849000+00:00,2025-06-30 14:30:00+00:00,continuous,107288.0,107433.8,107160.9,107176.6,181260304.07509932
2025-06-30 14:59:59.936000+00:00,2025-06-30 14:45:00+00:00,continuous,107176.7,107228.5,106698.6,106764.5,720638355.547694
2025-06-30 15:14:59.924000+00:00,2025-06-30 15:00:00+00:00,continuous,106764.6,107037.6,106761.3,106789.3,368318653.593698
2025-06-30 15:29:59.991000+00:00,2025-06-30 15:15:00+00:00,continuous,106789.3,107161.0,106686.4,107128.6,326366866.24300104
2025-06-30 15:44:59.826000+00:00,2025-06-30 15:30:00+00:00,continuous,107128.5,107328.6,107041.3,107303.1,354614968.23740107
2025-06-30 15:59:59.880000+00:00,2025-06-30 15:45:00+00:00,continuous,107303.0,107749.9,107300.0,107525.6,466149475.7144023
2025-06-30 16:14:59.873000+00:00,2025-06-30 16:00:00+00:00,continuous,107525.7,107775.0,107438.0,107724.0,186339765.9594999
2025-06-30 16:29:59.717000+00:00,2025-06-30 16:15:00+00:00,continuous,107724.0,107749.2,107231.0,107246.1,213518035.99439976
2025-06-30 16:44:59.397000+00:00,2025-06-30 16:30:00+00:00,continuous,107246.1,107480.0,107228.5,107475.6,117969994.39920086
2025-06-30 16:59:59.671000+00:00,2025-06-30 16:45:00+00:00,continuous,107475.6,107644.9,107444.6,107551.7,78929564.42339996
2025-06-30 17:14:59.458000+00:00,2025-06-30 17:00:00+00:00,continuous,107551.8,107580.0,107485.0,107547.9,64433551.50780016
2025-06-30 17:29:59.982000+00:00,2025-06-30 17:15:00+00:00,continuous,107547.9,107703.9,107467.8,107687.1,105620057.86460008
2025-06-30 17:44:59.882000+00:00,2025-06-30 17:30:00+00:00,continuous,107687.0,107760.7,107562.1,107707.3,81254523.10519981
2025-06-30 17:59:59.933000+00:00,2025-06-30 17:45:00+00:00,continuous,107707.2,107717.2,107364.0,107422.8,100434026.8221995
2025-06-30 18:14:59.939000+00:00,2025-06-30 18:00:00+00:00,continuous,107422.7,107571.0,107300.0,107319.8,67590608.48730016
2025-06-30 18:29:59.422000+00:00,2025-06-30 18:15:00+00:00,continuous,107319.8,107394.2,107240.0,107240.1,87073267.00270036
2025-06-30 18:44:59.925000+00:00,2025-06-30 18:30:00+00:00,continuous,107240.1,107240.1,107057.9,107211.2,130398612.08399999
2025-06-30 18:59:59.872000+00:00,2025-06-30 18:45:00+00:00,continuous,107211.1,107280.0,107151.1,107191.0,48397545.8905998
2025-06-30 19:14:59.946000+00:00,2025-06-30 19:00:00+00:00,continuous,107191.0,107348.1,107156.3,107342.6,75299404.69200025
2025-06-30 19:29:59.702000+00:00,2025-06-30 19:15:00+00:00,continuous,107342.6,107539.5,107333.8,107469.9,74247346.3877999
2025-06-30 19:44:59.918000+00:00,2025-06-30 19:30:00+00:00,continuous,107470.0,107507.5,107375.8,107408.2,66632894.36350022
2025-06-30 19:59:59.886000+00:00,2025-06-30 19:45:00+00:00,continuous,107408.3,107748.7,107376.3,107689.6,167663163.62400007
2025-06-30 20:14:59.287000+00:00,2025-06-30 20:00:00+00:00,continuous,107689.6,107714.9,107426.0,107512.0,93556590.64730036
2025-06-30 20:29:59.784000+00:00,2025-06-30 20:15:00+00:00,continuous,107511.9,107584.8,107491.8,107534.1,43890595.87979989
2025-06-30 20:44:59.516000+00:00,2025-06-30 20:30:00+00:00,continuous,107534.2,107601.9,107491.3,107493.1,26715997.931200024
2025-06-30 20:59:59.339000+00:00,2025-06-30 20:45:00+00:00,continuous,107493.1,107571.1,107483.2,107534.3,44756310.96379998
2025-06-30 21:14:58.658000+00:00,2025-06-30 21:00:00+00:00,continuous,107534.3,107545.2,107381.7,107424.7,41024345.52210027
2025-06-30 21:29:59.923000+00:00,2025-06-30 21:15:00+00:00,continuous,107424.6,107424.7,107294.1,107299.8,31323897.176200006
2025-06-30 21:44:59.677000+00:00,2025-06-30 21:30:00+00:00,continuous,107299.7,107345.1,107282.9,107297.3,33670789.57369995
2025-06-30 21:59:59.865000+00:00,2025-06-30 21:45:00+00:00,continuous,107297.3,107297.3,106863.8,107066.1,200318698.6704997
2025-06-30 22:14:59.817000+00:00,2025-06-30 22:00:00+00:00,continuous,107066.1,107255.4,106952.6,107130.5,119917913.11270069
2025-06-30 22:29:59.981000+00:00,2025-06-30 22:15:00+00:00,continuous,107130.6,107226.9,107130.5,107215.8,48819110.61499997
2025-06-30 22:44:59.633000+00:00,2025-06-30 22:30:00+00:00,continuous,107215.7,107260.0,107200.8,107215.2,34376612.03760004
2025-06-30 22:59:59.164000+00:00,2025-06-30 22:45:00+00:00,continuous,107215.2,107215.2,107027.6,107051.1,69876408.21460015
2025-06-30 23:14:59.690000+00:00,2025-06-30 23:00:00+00:00,continuous,107051.1,107174.6,107010.8,107158.1,39001852.60139995
2025-06-30 23:29:59.374000+00:00,2025-06-30 23:15:00+00:00,continuous,107158.0,107181.3,107049.5,107105.3,32174857.518400077
2025-06-30 23:44:59.469000+00:00,2025-06-30 23:30:00+00:00,continuous,107105.3,107105.3,107009.4,107092.3,34260107.416999966
