timestamp,minute_start,session_id,open,high,low,close,volume
2025-10-01 00:14:59.926000+00:00,2025-10-01 00:00:00+00:00,continuous,113988.7,114246.0,113988.7,114098.1,186228493.5947996
2025-10-01 00:29:59.818000+00:00,2025-10-01 00:15:00+00:00,continuous,114098.0,114123.1,113899.4,113960.6,111646421.76539965
2025-10-01 00:44:59.865000+00:00,2025-10-01 00:30:00+00:00,continuous,113960.7,114178.1,113906.4,113913.2,67686927.09930003
2025-10-01 00:59:59.794000+00:00,2025-10-01 00:45:00+00:00,continuous,113913.2,114198.0,113913.2,114181.1,64869295.171900116
2025-10-01 01:14:59.425000+00:00,2025-10-01 01:00:00+00:00,continuous,114181.0,114347.1,114083.3,114283.3,97372578.81829983
2025-10-01 01:29:59.960000+00:00,2025-10-01 01:15:00+00:00,continuous,114283.3,114373.0,114138.5,114315.7,129616851.36410029
2025-10-01 01:44:59.513000+00:00,2025-10-01 01:30:00+00:00,continuous,114315.7,114440.0,114159.1,114345.4,103595446.69119968
2025-10-01 01:59:59.753000+00:00,2025-10-01 01:45:00+00:00,continuous,114345.4,114498.0,114293.7,114491.6,99694647.67889981
2025-10-01 02:14:59.459000+00:00,2025-10-01 02:00:00+00:00,continuous,114491.6,114494.0,114356.2,114418.2,73779636.44000015
2025-10-01 02:29:59.912000+00:00,2025-10-01 02:15:00+00:00,continuous,114418.2,114439.4,114354.8,114368.2,41764854.43729995
2025-10-01 02:44:59.894000+00:00,2025-10-01 02:30:00+00:00,continuous,114368.2,114387.1,114237.8,114275.3,67912054.23070031
2025-10-01 02:59:59.891000+00:00,2025-10-01 02:45:00+00:00,continuous,114275.4,114330.0,114218.9,114219.0,115947162.10680011
2025-10-01 03:14:59.893000+00:00,2025-10-01 03:00:00+00:00,continuous,114219.0,114387.8,114139.4,114387.8,133536160.13700032
2025-10-01 03:29:59.716000+00:00,2025-10-01 03:15:00+00:00,continuous,114387.8,114481.2,114283.5,114416.7,177718924.79779956
2025-10-01 03:44:59.830000+00:00,2025-10-01 03:30:00+00:00,continuous,114416.7,114480.0,114272.3,114272.4,141352061.08500034
2025-10-01 03:59:59.692000+00:00,2025-10-01 03:45:00+00:00,continuous,114272.4,114272.4,114038.7,114135.9,203619222.8262011
2025-10-01 04:14:59.749000+00:00,2025-10-01 04:00:00+00:00,continuous,114135.8,114398.4,114095.2,114284.8,120999066.27849986
2025-10-01 04:29:59.982000+00:00,2025-10-01 04:15:00+00:00,continuous,114284.8,114553.5,114284.8,114549.9,138806082.63740003
2025-10-01 04:44:59.563000+00:00,2025-10-01 04:30:00+00:00,continuous,114550.0,114669.0,114450.0,114503.3,217335401.76120004
2025-10-01 04:59:59.951000+00:00,2025-10-01 04:45:00+00:00,continuous,114503.3,114545.9,114184.4,114227.8,180322037.90129942
2025-10-01 05:14:59.363000+00:00,2025-10-01 05:00:00+00:00,continuous,114227.8,114700.0,114200.8,114552.5,252542232.25960076
2025-10-01 05:29:59.117000+00:00,2025-10-01 05:15:00+00:00,continuous,114552.5,114661.3,114471.7,114553.7,117010963.83240037
2025-10-01 05:44:59.808000+00:00,2025-10-01 05:30:00+00:00,continuous,114553.7,114580.0,114479.2,114511.9,71309165.89609976
2025-10-01 05:59:59.695000+00:00,2025-10-01 05:45:00+00:00,continuous,114512.0,114595.5,114453.7,114511.4,55362583.113199905
2025-10-01 06:14:59.698000+00:00,2025-10-01 06:00:00+00:00,continuous,114511.5,114529.9,114413.8,114503.1,79112691.54380022
2025-10-01 06:29:59.920000+00:00,2025-10-01 06:15:00+00:00,continuous,114503.1,114570.1,114250.0,114330.7,126272818.22840013
2025-10-01 06:44:59.778000+00:00,2025-10-01 06:30:00+00:00,continuous,114330.7,114491.8,114257.1,114457.3,100552036.06510009
2025-10-01 06:59:59.802000+00:00,2025-10-01 06:45:00+00:00,continuous,114457.3,114457.4,114170.0,114212.8,127505897.51289919
2025-10-01 07:14:59.524000+00:00,2025-10-01 07:00:00+00:00,continuous,114212.7,114380.4,114184.9,114312.2,57272269.7032002
2025-10-01 07:29:59.896000+00:00,2025-10-01 07:15:00+00:00,continuous,114312.1,114538.6,114306.0,114504.6,89717252.35470043
2025-10-01 07:44:59.894000+00:00,2025-10-01 07:30:00+00:00,continuous,114504.6,114534.3,114386.7,114470.4,62049827.94570011
2025-10-01 07:59:59.952000+00:00,2025-10-01 07:45:00+00:00,continuous,114470.4,114539.1,114432.4,114480.8,66436378.79020021
2025-10-01 08:14:59.970000+00:00,2025-10-01 08:00:00+00:00,continuous,114480.8,114550.0,114425.6,114534.9,93544782.14649974
2025-10-01 08:29:59.989000+00:00,2025-10-01 08:15:00+00:00,continuous,114534.8,115072.1,114500.2,115034.8,727441682.251194
2025-10-01 08:44:59.937000+00:00,2025-10-01 08:30:00+00:00,continuous,115034.9,115666.8,115034.8,115586.3,1049273809.6802921
2025-10-01 08:59:59.929000+00:00,2025-10-01 08:45:00+00:00,continuous,115586.4,116599.8,115426.0,116060.5,1687733822.5939858
2025-10-01 09:14:59.915000+00:00,2025-10-01 09:00:00+00:00,continuous,116060.4,116332.9,115890.7,116200.0,483771746.2857986
2025-10-01 09:29:59.710000+00:00,2025-10-01 09:15:00+00:00,continuous,116199.9,116280.0,116075.7,116193.8,179723242.0997001
2025-10-01 09:44:59.943000+00:00,2025-10-01 09:30:00+00:00,continuous,116193.7,116500.0,116109.6,116350.6,408654943.9611985
2025-10-01 09:59:59.799000+00:00,2025-10-01 09:45:00+00:00,continuous,116350.5,116423.6,116288.2,116372.4,139986591.0426995
2025-10-01 10:14:59.995000+00:00,2025-10-01 10:00:00+00:00,continuous,116372.3,116520.0,116214.4,116217.8,209476331.06969905
2025-10-01 10:29:59.997000+00:00,2025-10-01 10:15:00+00:00,continuous,116217.4,116365.1,116190.8,116190.8,96594802.06789964
2025-10-01 10:44:59.978000+00:00,2025-10-01 10:30:00+00:00,continuous,116190.3,116299.9,116154.5,116234.2,92473212.09800011
2025-10-01 10:59:59.859000+00:00,2025-10-01 10:45:00+00:00,continuous,116234.3,116328.3,116180.0,116233.6,92638165.38380034
2025-10-01 11:14:59.909000+00:00,2025-10-01 11:00:00+00:00,continuous,116233.5,116388.0,116228.1,116342.6,94165075.48449962
2025-10-01 11:29:59.939000+00:00,2025-10-01 11:15:00+00:00,continuous,116342.7,116375.7,116284.6,116284.7,76092519.65889974
2025-10-01 11:44:59.961000+00:00,2025-10-01 11:30:00+00:00,continuous,116284.7,116570.8,116238.2,116533.5,253070326.20849973
2025-10-01 11:59:59.893000+00:00,2025-10-01 11:45:00+00:00,continuous,116533.6,116750.0,116456.3,116736.8,328108134.3815004
2025-10-01 12:14:59.710000+00:00,2025-10-01 12:00:00+00:00,continuous,116736.8,116838.3,116562.5,116615.2,266617431.9765995
2025-10-01 12:29:59.918000+00:00,2025-10-01 12:15:00+00:00,continuous,116615.3,116850.0,116575.0,116587.3,185392586.24809903
2025-10-01 12:44:59.978000+00:00,2025-10-01 12:30:00+00:00,continuous,116587.3,116604.0,116408.5,116415.7,259335624.76680094
2025-10-01 12:59:59.818000+00:00,2025-10-01 12:45:00+00:00,continuous,116415.6,116512.0,116311.5,116373.7,132919635.55790034
2025-10-01 13:14:59.933000+00:00,2025-10-01 13:00:00+00:00,continuous,116373.8,116522.6,116373.7,116494.9,99067562.78449954
2025-10-01 13:29:59.770000+00:00,2025-10-01 13:15:00+00:00,continuous,116494.8,116617.2,116491.1,116595.1,91139032.78619932
2025-10-01 13:44:59.894000+00:00,2025-10-01 13:30:00+00:00,continuous,116595.1,116700.0,116370.4,116479.6,211027210.93060195
2025-10-01 13:59:59.982000+00:00,2025-10-01 13:45:00+00:00,continuous,116479.7,116802.0,116380.3,116762.5,228672764.96550012
2025-10-01 14:14:59.981000+00:00,2025-10-01 14:00:00+00:00,continuous,116761.9,117231.4,116655.2,117131.6,763871304.3251977
2025-10-01 14:29:59.659000+00:00,2025-10-01 14:15:00+00:00,continuous,117131.6,117400.0,117000.0,117085.0,414285337.6533012
2025-10-01 14:44:59.923000+00:00,2025-10-01 14:30:00+00:00,continuous,117085.0,117371.2,117000.0,117261.9,181480324.7681016
2025-10-01 14:59:59.601000+00:00,2025-10-01 14:45:00+00:00,continuous,117261.8,117276.3,117000.0,117245.3,177197177.26100013
2025-10-01 15:14:59.512000+00:00,2025-10-01 15:00:00+00:00,continuous,117245.4,117294.6,117031.0,117192.9,120800445.40380135
2025-10-01 15:29:59.930000+00:00,2025-10-01 15:15:00+00:00,continuous,117192.9,117647.8,117132.0,117457.3,323633367.70340014
2025-10-01 15:44:59.926000+00:00,2025-10-01 15:30:00+00:00,continuous,117457.2,117495.5,117236.5,117432.0,182702806.91409767
2025-10-01 15:59:59.964000+00:00,2025-10-01 15:45:00+00:00,continuous,117432.0,117500.0,117249.2,117366.4,117777553.93589966
2025-10-01 16:14:59.952000+00:00,2025-10-01 16:00:00+00:00,continuous,117366.5,117750.0,117259.3,117749.9,462833236.79479945
2025-10-01 16:29:59.995000+00:00,2025-10-01 16:15:00+00:00,continuous,117750.0,117850.0,117639.2,117821.5,462878809.8239024
2025-10-01 16:44:59.984000+00:00,2025-10-01 16:30:00+00:00,continuous,117821.4,118190.0,117748.7,117830.2,756503540.9284959
2025-10-01 16:59:59.709000+00:00,2025-10-01 16:45:00+00:00,continuous,117830.1,117929.9,117475.0,117480.1,392172016.5877996
2025-10-01 17:14:59.962000+00:00,2025-10-01 17:00:00+00:00,continuous,117480.0,117649.2,117213.9,117260.0,245630371.47329983
2025-10-01 17:29:59.971000+00:00,2025-10-01 17:15:00+00:00,continuous,117259.9,117524.3,117208.9,117352.5,220694698.96140066
2025-10-01 17:44:59.925000+00:00,2025-10-01 17:30:00+00:00,continuous,117352.5,117456.1,117106.6,117114.2,155643110.07530007
2025-10-01 17:59:59.890000+00:00,2025-10-01 17:45:00+00:00,continuous,117114.1,117137.5,116687.5,116734.2,470543447.0147015
2025-10-01 18:14:59.793000+00:00,2025-10-01 18:00:00+00:00,continuous,116734.3,117035.8,116731.4,117012.1,217370757.66319942
2025-10-01 18:29:59.726000+00:00,2025-10-01 18:15:00+00:00,continuous,117012.2,117012.2,116827.2,116984.9,94223227.15149988
2025-10-01 18:44:59.867000+00:00,2025-10-01 18:30:00+00:00,continuous,116984.9,117150.1,116984.9,117030.0,126256158.14390019
2025-10-01 18:59:59.908000+00:00,2025-10-01 18:45:00+00:00,continuous,117030.1,117312.7,117023.2,117192.3,161063521.12820047
2025-10-01 19:14:59.621000+00:00,2025-10-01 19:00:00+00:00,continuous,117192.3,117382.4,117167.6,117350.2,78506445.3422994
2025-10-01 19:29:59.629000+00:00,2025-10-01 19:15:00+00:00,continuous,117350.2,117458.6,117347.2,117419.8,99496626.79390009
2025-10-01 19:44:59.778000+00:00,2025-10-01 19:30:00+00:00,continuous,117419.8,117572.7,117268.4,117485.8,107790622.56320022
2025-10-01 19:59:59.772000+00:00,2025-10-01 19:45:00+00:00,continuous,117485.9,117550.0,117234.8,117374.1,124998432.9912004
2025-10-01 20:14:59.683000+00:00,2025-10-01 20:00:00+00:00,continuous,117374.0,117388.2,117104.1,117152.5,206315113.09529957
2025-10-01 20:29:59.885000+00:00,2025-10-01 20:15:00+00:00,continuous,117152.5,117344.2,117152.5,117344.2,50368012.3722
2025-10-01 20:44:59.914000+00:00,2025-10-01 20:30:00+00:00,continuous,117344.2,117344.2,117252.8,117316.5,56117402.292400055
2025-10-01 20:59:59.564000+00:00,2025-10-01 20:45:00+00:00,continuous,117316.5,117493.6,117243.0,117474.6,59639978.12579996
2025-10-01 21:14:59.809000+00:00,2025-10-01 21:00:00+00:00,continuous,117474.7,117524.3,117400.0,117524.2,49407426.83759995
2025-10-01 21:29:59.699000+00:00,2025-10-01 21:15:00+00:00,continuous,117524.3,117524.9,117356.5,117434.7,32905916.412000053
2025-10-01 21:44:59.835000+00:00,2025-10-01 21:30:00+00:00,continuous,117434.7,117434.8,117276.3,117314.9,39164412.50690022
2025-10-01 21:59:59.515000+00:00,2025-10-01 21:45:00+00:00,continuous,117314.9,117503.3,117314.8,117503.2,50560871.02520025
2025-10-01 22:14:59.599000+00:00,2025-10-01 22:00:00+00:00,continuous,117503.2,118041.9,117503.2,117778.8,331665456.06779915
2025-10-01 22:29:59.998000+00:00,2025-10-01 22:15:00+00:00,continuous,117778.8,117864.4,117718.0,117756.8,98611027.7718996
2025-10-01 22:44:59.105000+00:00,2025-10-01 22:30:00+00:00,continuous,117756.8,117756.9,117584.0,117603.0,48685514.97350015
2025-10-01 22:59:59.933000+00:00,2025-10-01 22:45:00+00:00,continuous,117603.0,117828.0,117602.9,117695.8,160621903.3778007
2025-10-01 23:14:59.927000+00:00,2025-10-01 23:00:00+00:00,continuous,117695.8,117928.1,117634.9,117905.1,126996223.52879979
2025-10-01 23:29:59.850000+00:00,2025-10-01 23:15:00+00:00,continuous,117905.0,118457.3,117905.0,118312.1,736031798.1563904
2025-10-01 23:44:59.459000+00:00,2025-10-01 23:30:00+00:00,continuous,118312.2,118321.0,118020.7,118263.6,152737522.9663005
2025-10-01 23:59:59.976000+00:00,2025-10-01 23:45:00+00:00,continuous,118263.6,118631.8,118229.9,118552.4,306374627.9545011
2025-10-02 00:14:59.971000+00:00,2025-10-02 00:00:00+00:00,continuous,118552.0,119457.0,118552.0,119119.5,1158777306.524098
2025-10-02 00:29:59.959000+00:00,2025-10-02 00:15:00+00:00,continuous,119119.4,119160.0,118814.6,118898.4,217088502.59399942
2025-10-02 00:44:59.924000+00:00,2025-10-02 00:30:00+00:00,continuous,118898.5,118900.6,118447.9,118550.4,257647299.5737994
2025-10-02 00:59:59.824000+00:00,2025-10-02 00:45:00+00:00,continuous,118550.3,118651.5,118367.0,118397.0,154953999.76809898
2025-10-02 01:14:59.838000+00:00,2025-10-02 01:00:00+00:00,continuous,118397.0,118666.6,118335.0,118651.9,147707002.8619995
2025-10-02 01:29:59.910000+00:00,2025-10-02 01:15:00+00:00,continuous,118652.0,118660.8,118396.1,118454.1,88562340.31070024
2025-10-02 01:44:59.468000+00:00,2025-10-02 01:30:00+00:00,continuous,118454.1,118700.0,118454.1,118675.3,93587594.3083
2025-10-02 01:59:59.999000+00:00,2025-10-02 01:45:00+00:00,continuous,118675.3,118862.0,118569.6,118577.4,176021555.73169938
2025-10-02 02:14:59.988000+00:00,2025-10-02 02:00:00+00:00,continuous,118577.5,118677.3,118465.1,118664.1,150812104.72190034
2025-10-02 02:29:59.777000+00:00,2025-10-02 02:15:00+00:00,continuous,118664.1,118748.8,118449.5,118491.2,139792451.1917993
2025-10-02 02:44:59.965000+00:00,2025-10-02 02:30:00+00:00,continuous,118491.2,118724.4,118433.4,118625.6,156241689.9541
2025-10-02 02:59:59.913000+00:00,2025-10-02 02:45:00+00:00,continuous,118625.5,118736.2,118609.2,118697.4,98369139.16290005
2025-10-02 03:14:59.598000+00:00,2025-10-02 03:00:00+00:00,continuous,118697.3,118966.0,118676.9,118825.0,312335263.64110196
2025-10-02 03:29:59.993000+00:00,2025-10-02 03:15:00+00:00,continuous,118825.0,119043.4,118744.1,118893.7,208964171.75699997
2025-10-02 03:44:59.621000+00:00,2025-10-02 03:30:00+00:00,continuous,118893.6,118988.2,118770.1,118929.5,150785916.73020083
2025-10-02 03:59:59.422000+00:00,2025-10-02 03:45:00+00:00,continuous,118929.4,118929.5,118652.5,118697.0,95434197.41659997
2025-10-02 04:14:59.953000+00:00,2025-10-02 04:00:00+00:00,continuous,118697.0,118893.8,118633.7,118860.0,120081075.29720022
2025-10-02 04:29:59.903000+00:00,2025-10-02 04:15:00+00:00,continuous,118859.9,118860.0,118508.4,118525.1,119898347.10919982
2025-10-02 04:44:59.404000+00:00,2025-10-02 04:30:00+00:00,continuous,118525.0,118574.1,118372.0,118552.0,121536300.85450159
2025-10-02 04:59:59.469000+00:00,2025-10-02 04:45:00+00:00,continuous,118552.0,118641.8,118448.1,118616.8,70751997.23259996
2025-10-02 05:14:59.970000+00:00,2025-10-02 05:00:00+00:00,continuous,118616.7,118641.8,118460.0,118476.6,56803614.750299916
2025-10-02 05:29:59.881000+00:00,2025-10-02 05:15:00+00:00,continuous,118476.6,118613.5,118358.3,118600.1,98702377.54579973
2025-10-02 05:44:59.671000+00:00,2025-10-02 05:30:00+00:00,continuous,118600.1,118600.1,118318.3,118418.8,106307965.0183005
2025-10-02 05:59:59.879000+00:00,2025-10-02 05:45:00+00:00,continuous,118418.7,118431.6,118226.4,118329.7,115109692.55809994
2025-10-02 06:14:59.982000+00:00,2025-10-02 06:00:00+00:00,continuous,118329.7,118484.3,118251.3,118382.3,100767392.41270012
2025-10-02 06:29:59.866000+00:00,2025-10-02 06:15:00+00:00,continuous,118382.3,118481.1,118362.4,118412.5,64283857.253099926
2025-10-02 06:44:59.855000+00:00,2025-10-02 06:30:00+00:00,continuous,118412.5,118644.8,118387.9,118600.0,135560044.41750026
2025-10-02 06:59:59.894000+00:00,2025-10-02 06:45:00+00:00,continuous,118599.9,118620.1,118469.8,118600.0,62461426.48319978
2025-10-02 07:14:59.945000+00:00,2025-10-02 07:00:00+00:00,continuous,118599.9,118629.8,118500.0,118611.1,71748352.11550076
2025-10-02 07:29:59.901000+00:00,2025-10-02 07:15:00+00:00,continuous,118611.0,118612.6,118437.7,118471.8,45433061.94749981
2025-10-02 07:44:59.996000+00:00,2025-10-02 07:30:00+00:00,continuous,118471.9,118471.9,118377.1,118422.0,55644095.689300336
2025-10-02 07:59:59.553000+00:00,2025-10-02 07:45:00+00:00,continuous,118422.0,118477.1,118378.0,118444.1,59024727.8812995
2025-10-02 08:14:59.901000+00:00,2025-10-02 08:00:00+00:00,continuous,118444.1,118524.4,118310.4,118310.4,85163670.4450997
2025-10-02 08:29:59.682000+00:00,2025-10-02 08:15:00+00:00,continuous,118310.4,118606.0,118307.3,118590.4,73159460.98380017
2025-10-02 08:44:59.804000+00:00,2025-10-02 08:30:00+00:00,continuous,118590.3,118625.4,118523.6,118579.6,55638433.191499695
2025-10-02 08:59:59.884000+00:00,2025-10-02 08:45:00+00:00,continuous,118579.6,118647.7,118568.2,118635.4,47392815.40169977
2025-10-02 09:14:59.629000+00:00,2025-10-02 09:00:00+00:00,continuous,118635.3,118635.4,118521.7,118563.1,49774376.41040023
2025-10-02 09:29:59.928000+00:00,2025-10-02 09:15:00+00:00,continuous,118563.2,118648.5,118553.9,118640.6,54488603.58749977
2025-10-02 09:44:59.861000+00:00,2025-10-02 09:30:00+00:00,continuous,118640.7,118724.8,118555.9,118690.8,101895913.12640001
2025-10-02 09:59:59.829000+00:00,2025-10-02 09:45:00+00:00,continuous,118690.9,118827.7,118647.5,118813.3,114802483.92459993
2025-10-02 10:14:59.919000+00:00,2025-10-02 10:00:00+00:00,continuous,118813.3,118885.8,118640.1,118699.9,99920323.20310056
2025-10-02 10:29:59.987000+00:00,2025-10-02 10:15:00+00:00,continuous,118700.0,118742.1,118563.0,118564.4,57178554.90139995
2025-10-02 10:44:59.894000+00:00,2025-10-02 10:30:00+00:00,continuous,118564.4,118724.6,118564.4,118711.2,72369140.43500088
2025-10-02 10:59:59.871000+00:00,2025-10-02 10:45:00+00:00,continuous,118711.3,118717.3,118530.8,118575.3,49653395.908600025
2025-10-02 11:14:59.843000+00:00,2025-10-02 11:00:00+00:00,continuous,118575.3,118628.6,118481.6,118530.4,69877105.87479997
2025-10-02 11:29:59.680000+00:00,2025-10-02 11:15:00+00:00,continuous,118530.4,118660.3,118503.2,118636.0,47884630.06949989
2025-10-02 11:44:59.902000+00:00,2025-10-02 11:30:00+00:00,continuous,118635.9,118707.6,118609.1,118707.6,39539154.22490002
2025-10-02 11:59:59.867000+00:00,2025-10-02 11:45:00+00:00,continuous,118707.6,118843.8,118655.4,118716.0,105735911.8636995
2025-10-02 12:14:59.798000+00:00,2025-10-02 12:00:00+00:00,continuous,118716.1,118844.9,118690.4,118805.8,73852631.00700015
2025-10-02 12:29:59.727000+00:00,2025-10-02 12:15:00+00:00,continuous,118805.7,119130.0,118805.7,119043.9,240970104.7438007
2025-10-02 12:44:59.967000+00:00,2025-10-02 12:30:00+00:00,continuous,119043.8,119309.2,118952.5,119157.2,257007740.17800024
2025-10-02 12:59:59.666000+00:00,2025-10-02 12:45:00+00:00,continuous,119157.1,119361.4,119106.0,119360.1,207923980.95350003
2025-10-02 13:14:59.986000+00:00,2025-10-02 13:00:00+00:00,continuous,119360.0,119360.1,119054.0,119060.5,182064148.94890013
2025-10-02 13:29:59.827000+00:00,2025-10-02 13:15:00+00:00,continuous,119060.6,119250.0,118868.2,119114.3,184215428.27720058
2025-10-02 13:44:59.979000+00:00,2025-10-02 13:30:00+00:00,continuous,119114.3,119523.5,119042.3,119503.7,384433715.97439784
2025-10-02 13:59:59.852000+00:00,2025-10-02 13:45:00+00:00,continuous,119503.8,119733.0,119441.3,119559.6,602382717.1708994
2025-10-02 14:14:59.909000+00:00,2025-10-02 14:00:00+00:00,continuous,119559.6,119607.6,119218.7,119381.6,294824242.31390023
2025-10-02 14:29:59.961000+00:00,2025-10-02 14:15:00+00:00,continuous,119381.7,119672.1,119350.0,119643.2,169106825.38330022
2025-10-02 14:44:59.921000+00:00,2025-10-02 14:30:00+00:00,continuous,119643.3,119747.2,118910.0,118950.5,395771564.45689553
2025-10-02 14:59:59.821000+00:00,2025-10-02 14:45:00+00:00,continuous,118950.4,119044.8,118606.2,118768.0,494151624.6513021
2025-10-02 15:14:59.931000+00:00,2025-10-02 15:00:00+00:00,continuous,118768.1,119205.3,118458.4,119128.2,503312598.2849992
2025-10-02 15:29:59.972000+00:00,2025-10-02 15:15:00+00:00,continuous,119128.1,119555.0,118966.0,119378.8,360175041.0594978
2025-10-02 15:44:59.991000+00:00,2025-10-02 15:30:00+00:00,continuous,119379.1,119600.0,119142.2,119586.0,295082472.7914986
2025-10-02 15:59:59.906000+00:00,2025-10-02 15:45:00+00:00,continuous,119585.9,119889.0,119500.0,119875.1,454152059.2384978
2025-10-02 16:14:59.973000+00:00,2025-10-02 16:00:00+00:00,continuous,119875.0,120291.0,119650.1,120083.4,803783660.3148941
2025-10-02 16:29:59.971000+00:00,2025-10-02 16:15:00+00:00,continuous,120083.5,120188.1,119880.0,119961.9,273186005.35029835
2025-10-02 16:44:59.915000+00:00,2025-10-02 16:30:00+00:00,continuous,119961.9,120066.7,119663.8,119732.5,227608864.3083001
2025-10-02 16:59:59.892000+00:00,2025-10-02 16:45:00+00:00,continuous,119732.5,119870.9,119564.9,119694.0,129692090.85389996
2025-10-02 17:14:59.973000+00:00,2025-10-02 17:00:00+00:00,continuous,119694.0,119775.3,119500.0,119766.9,147626266.76530117
2025-10-02 17:29:59.845000+00:00,2025-10-02 17:15:00+00:00,continuous,119766.9,119766.9,119317.0,119390.6,193212021.44629884
2025-10-02 17:44:59.838000+00:00,2025-10-02 17:30:00+00:00,continuous,119390.7,119619.4,119342.7,119542.6,110377349.94889955
2025-10-02 17:59:59.992000+00:00,2025-10-02 17:45:00+00:00,continuous,119542.5,119916.8,119507.9,119869.1,171222852.7790998
2025-10-02 18:14:59.960000+00:00,2025-10-02 18:00:00+00:00,continuous,119869.1,120181.5,119859.9,120080.8,263611376.5289002
2025-10-02 18:29:59.915000+00:00,2025-10-02 18:15:00+00:00,continuous,120080.9,120195.8,119920.8,120103.2,151910453.02400026
2025-10-02 18:44:59.997000+00:00,2025-10-02 18:30:00+00:00,continuous,120103.2,120148.8,119930.5,120032.3,134717399.6384001
2025-10-02 18:59:59.999000+00:00,2025-10-02 18:45:00+00:00,continuous,120032.3,120637.2,120032.3,120461.6,440660476.33479756
2025-10-02 19:14:59.992000+00:00,2025-10-02 19:00:00+00:00,continuous,120461.7,120999.0,120398.2,120988.0,679726491.6217997
2025-10-02 19:29:59.852000+00:00,2025-10-02 19:15:00+00:00,continuous,120988.1,120990.0,120632.2,120692.1,320800553.99939954
2025-10-02 19:44:59.809000+00:00,2025-10-02 19:30:00+00:00,continuous,120692.2,120921.3,120653.6,120665.5,159575158.8560991
2025-10-02 19:59:59.527000+00:00,2025-10-02 19:45:00+00:00,continuous,120665.5,120843.8,120516.4,120787.9,168470791.19000015
2025-10-02 20:14:59.729000+00:00,2025-10-02 20:00:00+00:00,continuous,120787.8,120880.9,120631.2,120631.2,185452386.2890002
2025-10-02 20:29:59.966000+00:00,2025-10-02 20:15:00+00:00,continuous,120631.2,120719.7,120403.7,120504.4,147594999.79339975
2025-10-02 20:44:59.819000+00:00,2025-10-02 20:30:00+00:00,continuous,120504.5,120524.4,120258.1,120441.9,161491022.4124998
2025-10-02 20:59:59.580000+00:00,2025-10-02 20:45:00+00:00,continuous,120442.0,120633.4,120365.8,120598.8,115932327.99169968
2025-10-02 21:14:59.348000+00:00,2025-10-02 21:00:00+00:00,continuous,120598.9,120700.0,120485.7,120700.0,70155110.8501001
2025-10-02 21:29:59.535000+00:00,2025-10-02 21:15:00+00:00,continuous,120700.0,120735.0,120386.3,120407.5,74313408.22380026
2025-10-02 21:44:59.989000+00:00,2025-10-02 21:30:00+00:00,continuous,120407.6,120407.6,120157.1,120211.2,123695357.17699975
2025-10-02 21:59:59.825000+00:00,2025-10-02 21:45:00+00:00,continuous,120211.1,120335.8,120105.1,120105.2,55734220.84889986
2025-10-02 22:14:59.547000+00:00,2025-10-02 22:00:00+00:00,continuous,120105.1,120372.1,120040.0,120372.0,93325821.74250013
2025-10-02 22:29:59.670000+00:00,2025-10-02 22:15:00+00:00,continuous,120372.0,120372.1,120177.0,120286.8,60921999.7044999
2025-10-02 22:44:59.687000+00:00,2025-10-02 22:30:00+00:00,continuous,120286.8,120348.5,120069.1,120121.8,89699838.62830016
2025-10-02 22:59:59.891000+00:00,2025-10-02 22:45:00+00:00,continuous,120121.9,120208.8,120018.0,120208.8,107835219.41330008
2025-10-02 23:14:59.691000+00:00,2025-10-02 23:00:00+00:00,continuous,120208.7,120432.0,120191.9,120431.9,102175147.99660054
2025-10-02 23:29:59.931000+00:00,2025-10-02 23:15:00+00:00,continuous,120432.0,120633.0,120306.0,120512.1,129985474.79589948
2025-10-02 23:44:59.988000+00:00,2025-10-02 23:30:00+00:00,continuous,120512.2,120569.6,120234.0,120296.0,111824503.94810046
2025-10-02 23:59:59.923000+00:00,2025-10-02 23:45:00+00:00,continuous,120296.0,120570.0,120215.6,120481.3,128472078.57359962
2025-10-03 00:14:59.985000+00:00,2025-10-03 00:00:00+00:00,continuous,120481.3,120505.5,120059.5,120112.0,139585124.77460054
2025-10-03 00:29:59.949000+00:00,2025-10-03 00:15:00+00:00,continuous,120112.1,120258.7,120033.0,120246.4,81292108.90799922
2025-10-03 00:44:59.730000+00:00,2025-10-03 00:30:00+00:00,continuous,120246.3,120246.3,120119.4,120159.3,62388077.98860023
2025-10-03 00:59:59.595000+00:00,2025-10-03 00:45:00+00:00,continuous,120159.2,120234.0,120044.3,120097.1,108326840.50109984
2025-10-03 01:14:59.780000+00:00,2025-10-03 01:00:00+00:00,continuous,120097.2,120255.1,120031.2,120185.1,148931445.1733003
2025-10-03 01:29:59.681000+00:00,2025-10-03 01:15:00+00:00,continuous,120185.0,120250.0,119958.5,120081.5,139943830.08659962
2025-10-03 01:44:59.837000+00:00,2025-10-03 01:30:00+00:00,continuous,120081.6,120129.6,119977.2,120050.1,66023135.96209985
2025-10-03 01:59:59.962000+00:00,2025-10-03 01:45:00+00:00,continuous,120050.1,120050.1,119766.0,119832.6,156384473.09350017
2025-10-03 02:14:59.893000+00:00,2025-10-03 02:00:00+00:00,continuous,119832.5,120093.7,119823.6,120093.7,106942210.58619991
2025-10-03 02:29:59.899000+00:00,2025-10-03 02:15:00+00:00,continuous,120093.7,120138.7,119923.4,119943.9,57050035.76200013
2025-10-03 02:44:59.482000+00:00,2025-10-03 02:30:00+00:00,continuous,119943.8,120062.0,119888.0,120028.2,66237435.91850027
2025-10-03 02:59:59.688000+00:00,2025-10-03 02:45:00+00:00,continuous,120028.2,120237.9,119990.5,120117.9,120499255.61519976
2025-10-03 03:14:59.621000+00:00,2025-10-03 03:00:00+00:00,continuous,120118.0,120447.2,120108.5,120250.0,183004677.2594013
2025-10-03 03:29:59.970000+00:00,2025-10-03 03:15:00+00:00,continuous,120250.0,120362.1,120146.0,120146.0,95215362.7855997
2025-10-03 03:44:59.893000+00:00,2025-10-03 03:30:00+00:00,continuous,120146.1,120374.6,120120.0,120300.8,126334617.86340016
2025-10-03 03:59:59.957000+00:00,2025-10-03 03:45:00+00:00,continuous,120300.8,120311.6,120163.1,120185.4,60181598.19540004
2025-10-03 04:14:59.668000+00:00,2025-10-03 04:00:00+00:00,continuous,120185.4,120281.6,120135.6,120209.7,44182119.44809983
2025-10-03 04:29:59.368000+00:00,2025-10-03 04:15:00+00:00,continuous,120209.8,120265.2,120122.1,120156.9,51542744.081900075
2025-10-03 04:44:59.632000+00:00,2025-10-03 04:30:00+00:00,continuous,120156.8,120156.9,119954.8,119990.1,72349757.9461998
2025-10-03 04:59:59.843000+00:00,2025-10-03 04:45:00+00:00,continuous,119990.2,120138.6,119990.1,120000.2,71437910.33290036
2025-10-03 05:14:59.998000+00:00,2025-10-03 05:00:00+00:00,continuous,120000.2,120033.0,119903.0,119994.7,54766328.538800165
2025-10-03 05:29:59.807000+00:00,2025-10-03 05:15:00+00:00,continuous,119994.6,120006.0,119931.4,119974.8,51657753.03359975
2025-10-03 05:44:59.881000+00:00,2025-10-03 05:30:00+00:00,continuous,119974.8,119974.9,119783.0,119798.2,86683243.48820026
2025-10-03 05:59:59.781000+00:00,2025-10-03 05:45:00+00:00,continuous,119798.3,119901.6,119700.0,119894.5,172207310.9175001
2025-10-03 06:14:59.948000+00:00,2025-10-03 06:00:00+00:00,continuous,119894.5,120040.0,119744.6,120009.5,97415198.12590005
2025-10-03 06:29:59.601000+00:00,2025-10-03 06:15:00+00:00,continuous,120009.4,120020.0,119935.3,119945.5,45106720.225099616
2025-10-03 06:44:59.972000+00:00,2025-10-03 06:30:00+00:00,continuous,119945.6,119988.1,119884.8,119890.2,44325424.714599736
2025-10-03 06:59:59.967000+00:00,2025-10-03 06:45:00+00:00,continuous,119890.1,119890.2,119725.2,119882.6,81784010.10379964
2025-10-03 07:14:59.944000+00:00,2025-10-03 07:00:00+00:00,continuous,119882.5,119985.5,119750.6,119830.4,95933275.74970043
2025-10-03 07:29:59.880000+00:00,2025-10-03 07:15:00+00:00,continuous,119830.3,119859.8,119737.1,119737.1,74250838.25420003
2025-10-03 07:44:59.717000+00:00,2025-10-03 07:30:00+00:00,continuous,119737.2,119793.0,119579.6,119619.8,247969060.0294018
2025-10-03 07:59:59.970000+00:00,2025-10-03 07:45:00+00:00,continuous,119619.8,119724.4,119603.6,119620.1,183827544.14030054
2025-10-03 08:14:59.936000+00:00,2025-10-03 08:00:00+00:00,continuous,119620.1,119707.7,119404.6,119473.2,197621601.1293996
2025-10-03 08:29:59.753000+00:00,2025-10-03 08:15:00+00:00,continuous,119473.2,119624.0,119200.0,119623.9,350248597.36720115
2025-10-03 08:44:59.949000+00:00,2025-10-03 08:30:00+00:00,continuous,119624.0,119884.6,119610.3,119828.8,234420324.16209972
2025-10-03 08:59:59.802000+00:00,2025-10-03 08:45:00+00:00,continuous,119828.7,120058.2,119811.6,120007.0,136214694.95579967
2025-10-03 09:14:59.969000+00:00,2025-10-03 09:00:00+00:00,continuous,120007.0,120173.0,120006.9,120038.4,152045549.40040118
2025-10-03 09:29:59.971000+00:00,2025-10-03 09:15:00+00:00,continuous,120038.3,120342.0,119968.6,120263.4,203246864.30729932
2025-10-03 09:44:59.892000+00:00,2025-10-03 09:30:00+00:00,continuous,120263.5,120304.9,120120.8,120163.7,120201394.40550025
2025-10-03 09:59:59.970000+00:00,2025-10-03 09:45:00+00:00,continuous,120163.8,120300.0,120163.7,120257.8,70662069.82469952
2025-10-03 10:14:59.874000+00:00,2025-10-03 10:00:00+00:00,continuous,120257.9,120336.0,120226.0,120304.9,56629146.4932998
2025-10-03 10:29:59.661000+00:00,2025-10-03 10:15:00+00:00,continuous,120305.0,120484.1,120295.3,120422.8,138186248.7474
2025-10-03 10:44:59.932000+00:00,2025-10-03 10:30:00+00:00,continuous,120422.9,120481.1,120317.3,120452.5,86705765.71470031
2025-10-03 10:59:59.823000+00:00,2025-10-03 10:45:00+00:00,continuous,120452.5,120474.0,120365.2,120392.8,46345879.38539959
2025-10-03 11:14:59.714000+00:00,2025-10-03 11:00:00+00:00,continuous,120392.9,120435.0,120242.7,120262.3,99848042.2267993
2025-10-03 11:29:59.830000+00:00,2025-10-03 11:15:00+00:00,continuous,120262.4,120339.0,120100.0,120250.0,126664791.43140087
2025-10-03 11:44:59.477000+00:00,2025-10-03 11:30:00+00:00,continuous,120250.0,120319.0,120160.0,120319.0,59286744.75820061
2025-10-03 11:59:59.898000+00:00,2025-10-03 11:45:00+00:00,continuous,120319.0,120444.2,120288.0,120307.2,66915927.968199685
2025-10-03 12:14:59.990000+00:00,2025-10-03 12:00:00+00:00,continuous,120307.2,120374.4,120220.7,120329.0,80403745.403
2025-10-03 12:29:59.971000+00:00,2025-10-03 12:15:00+00:00,continuous,120328.9,120377.9,120172.8,120175.6,57488735.97330004
2025-10-03 12:44:59.635000+00:00,2025-10-03 12:30:00+00:00,continuous,120175.7,120300.0,120061.3,120253.2,103751637.24609992
2025-10-03 12:59:59.993000+00:00,2025-10-03 12:45:00+00:00,continuous,120253.3,120352.5,120205.9,120320.7,83676375.74190034
2025-10-03 13:14:59.702000+00:00,2025-10-03 13:00:00+00:00,continuous,120320.6,120320.7,120104.1,120227.9,93153373.08900066
2025-10-03 13:29:59.933000+00:00,2025-10-03 13:15:00+00:00,continuous,120227.9,120540.0,120185.5,120501.9,167021872.36280024
2025-10-03 13:44:59.986000+00:00,2025-10-03 13:30:00+00:00,continuous,120501.8,120687.3,120058.0,120228.1,333087518.9756985
2025-10-03 13:59:59.699000+00:00,2025-10-03 13:45:00+00:00,continuous,120228.0,120519.4,120207.7,120325.0,161651145.18379974
2025-10-03 14:14:59.959000+00:00,2025-10-03 14:00:00+00:00,continuous,120325.1,120354.8,120050.0,120118.3,213651240.23070085
2025-10-03 14:29:59.834000+00:00,2025-10-03 14:15:00+00:00,continuous,120118.3,120435.7,119820.4,120399.7,294802291.9227006
2025-10-03 14:44:59.867000+00:00,2025-10-03 14:30:00+00:00,continuous,120399.7,120752.6,120253.5,120599.9,332767431.11730206
2025-10-03 14:59:59.977000+00:00,2025-10-03 14:45:00+00:00,continuous,120599.9,120935.0,120595.0,120861.4,330149059.1548001
2025-10-03 15:14:59.928000+00:00,2025-10-03 15:00:00+00:00,continuous,120861.3,120861.3,120579.1,120799.5,219301189.8462986
2025-10-03 15:29:59.996000+00:00,2025-10-03 15:15:00+00:00,continuous,120799.6,121470.0,120799.5,121247.4,797940194.8632026
2025-10-03 15:44:59.827000+00:00,2025-10-03 15:30:00+00:00,continuous,121247.5,121776.4,121235.3,121670.0,527852222.9423993
2025-10-03 15:59:59.944000+00:00,2025-10-03 15:45:00+00:00,continuous,121669.9,122399.9,121583.5,122238.5,875191462.3184944
2025-10-03 16:14:59.903000+00:00,2025-10-03 16:00:00+00:00,continuous,122238.5,123289.0,122238.5,123100.0,1587153248.9270852
2025-10-03 16:29:59.979000+00:00,2025-10-03 16:15:00+00:00,continuous,123099.9,123809.1,122884.3,123630.6,1101640677.6199996
2025-10-03 16:44:59.958000+00:00,2025-10-03 16:30:00+00:00,continuous,123630.7,123900.0,123500.0,123764.5,570273961.1734084
2025-10-03 16:59:59.992000+00:00,2025-10-03 16:45:00+00:00,continuous,123764.6,123801.8,122500.0,122527.1,954532891.5108
2025-10-03 17:14:59.835000+00:00,2025-10-03 17:00:00+00:00,continuous,122527.0,123092.5,121611.0,122952.8,1854341396.3995035
2025-10-03 17:29:59.830000+00:00,2025-10-03 17:15:00+00:00,continuous,122952.8,122960.0,122207.8,122481.0,514303964.33979607
2025-10-03 17:44:59.994000+00:00,2025-10-03 17:30:00+00:00,continuous,122481.0,122950.0,122300.0,122557.4,297023056.45189935
2025-10-03 17:59:59.903000+00:00,2025-10-03 17:45:00+00:00,continuous,122557.5,122583.0,121528.1,122035.5,739666743.3429958
2025-10-03 18:14:59.894000+00:00,2025-10-03 18:00:00+00:00,continuous,122035.6,122124.2,121425.5,121994.0,384488030.95299983
2025-10-03 18:29:59.730000+00:00,2025-10-03 18:15:00+00:00,continuous,121994.0,122578.8,121970.7,122449.5,258907421.13629958
2025-10-03 18:44:59.904000+00:00,2025-10-03 18:30:00+00:00,continuous,122449.7,122714.2,122154.4,122602.2,259883937.957601
2025-10-03 18:59:59.844000+00:00,2025-10-03 18:45:00+00:00,continuous,122602.1,122699.7,122286.8,122505.6,125464812.40129967
2025-10-03 19:14:59.860000+00:00,2025-10-03 19:00:00+00:00,continuous,122505.7,122598.1,122313.0,122417.9,126911051.45750062
2025-10-03 19:29:59.738000+00:00,2025-10-03 19:15:00+00:00,continuous,122418.0,122796.0,122417.9,122746.6,133436325.01289989
2025-10-03 19:44:59.987000+00:00,2025-10-03 19:30:00+00:00,continuous,122746.5,122930.3,122621.4,122720.0,158817790.95220017
2025-10-03 19:59:59.995000+00:00,2025-10-03 19:45:00+00:00,continuous,122719.9,122747.6,122524.3,122609.3,97730381.95309977
2025-10-03 20:14:59.902000+00:00,2025-10-03 20:00:00+00:00,continuous,122609.3,122659.1,121986.3,122050.8,207086026.3849992
2025-10-03 20:29:59.043000+00:00,2025-10-03 20:15:00+00:00,continuous,122050.8,122248.5,122043.3,122097.9,89572421.6446004
2025-10-03 20:44:59.536000+00:00,2025-10-03 20:30:00+00:00,continuous,122098.0,122638.4,122098.0,122627.3,85639296.89970008
2025-10-03 20:59:59.907000+00:00,2025-10-03 20:45:00+00:00,continuous,122627.4,122694.1,122388.7,122402.2,82629221.41270006
2025-10-03 21:14:59.907000+00:00,2025-10-03 21:00:00+00:00,continuous,122402.3,122406.2,122323.9,122402.9,86089730.95179947
2025-10-03 21:29:59.600000+00:00,2025-10-03 21:15:00+00:00,continuous,122402.8,122402.9,122229.9,122236.1,54001706.70740009
2025-10-03 21:44:59.257000+00:00,2025-10-03 21:30:00+00:00,continuous,122236.1,122313.6,122011.3,122111.3,94675494.16520005
2025-10-03 21:59:59.533000+00:00,2025-10-03 21:45:00+00:00,continuous,122111.2,122341.6,121944.7,122245.2,96415974.01410022
2025-10-03 22:14:59.374000+00:00,2025-10-03 22:00:00+00:00,continuous,122245.2,122414.7,122245.2,122414.2,52295271.31749979
2025-10-03 22:29:59.697000+00:00,2025-10-03 22:15:00+00:00,continuous,122414.1,122496.0,122383.6,122434.8,49051500.70439967
2025-10-03 22:44:59.533000+00:00,2025-10-03 22:30:00+00:00,continuous,122434.8,122622.7,122434.8,122528.4,66701028.33619978
2025-10-03 22:59:59.556000+00:00,2025-10-03 22:45:00+00:00,continuous,122528.5,122554.5,122400.0,122427.7,40800473.1209001
2025-10-03 23:14:59.873000+00:00,2025-10-03 23:00:00+00:00,continuous,122427.7,122427.7,122228.4,122252.2,52316233.92299983
2025-10-03 23:29:59.795000+00:00,2025-10-03 23:15:00+00:00,continuous,122252.2,122310.0,122227.9,122229.7,34922519.868799955
2025-10-03 23:44:59.940000+00:00,2025-10-03 23:30:00+00:00,continuous,122229.7,122287.0,122140.2,122248.5,41794565.60519966
2025-10-03 23:59:59.967000+00:00,2025-10-03 23:45:00+00:00,continuous,122248.6,122270.8,122125.1,122182.7,96820596.88689964
2025-10-04 00:14:59.993000+00:00,2025-10-04 00:00:00+00:00,continuous,122182.6,122219.8,121999.3,122122.8,194468888.36439878
2025-10-04 00:29:59.953000+00:00,2025-10-04 00:15:00+00:00,continuous,122122.9,122256.4,122115.1,122115.2,99549484.21660027
2025-10-04 00:44:59.934000+00:00,2025-10-04 00:30:00+00:00,continuous,122115.1,122138.6,121936.2,122016.9,105020721.94539998
2025-10-04 00:59:59.687000+00:00,2025-10-04 00:45:00+00:00,continuous,122016.9,122076.4,121946.7,122076.4,143837632.9698007
2025-10-04 01:14:59.852000+00:00,2025-10-04 01:00:00+00:00,continuous,122076.4,122076.4,121969.6,122062.3,98317593.16599977
2025-10-04 01:29:59.764000+00:00,2025-10-04 01:15:00+00:00,continuous,122062.2,122070.8,121900.0,121900.1,90760212.08799991
2025-10-04 01:44:59.281000+00:00,2025-10-04 01:30:00+00:00,continuous,121900.0,121990.8,121804.0,121834.9,181359115.84529972
2025-10-04 01:59:59.894000+00:00,2025-10-04 01:45:00+00:00,continuous,121834.9,121849.8,121650.8,121818.9,157047996.02059996
2025-10-04 02:14:59.840000+00:00,2025-10-04 02:00:00+00:00,continuous,121819.0,122000.0,121750.0,121833.5,137092381.2279998
2025-10-04 02:29:59.948000+00:00,2025-10-04 02:15:00+00:00,continuous,121833.5,121857.1,121636.5,121760.1,187169429.42510167
2025-10-04 02:44:59.814000+00:00,2025-10-04 02:30:00+00:00,continuous,121760.1,121801.0,121636.4,121718.4,133598302.02260026
2025-10-04 02:59:59.998000+00:00,2025-10-04 02:45:00+00:00,continuous,121718.3,121916.0,121687.1,121811.7,176969528.54410028
2025-10-04 03:14:59.902000+00:00,2025-10-04 03:00:00+00:00,continuous,121811.6,121861.0,121781.9,121854.9,55372556.202
2025-10-04 03:29:59.455000+00:00,2025-10-04 03:15:00+00:00,continuous,121854.9,122037.6,121854.9,122018.4,81591757.28969987
2025-10-04 03:44:59.853000+00:00,2025-10-04 03:30:00+00:00,continuous,122018.3,122053.0,121987.0,122053.0,58457659.241300024
2025-10-04 03:59:59.607000+00:00,2025-10-04 03:45:00+00:00,continuous,122052.9,122301.9,121989.5,122197.2,116030291.38980037
2025-10-04 04:14:59.872000+00:00,2025-10-04 04:00:00+00:00,continuous,122197.3,122262.8,122188.5,122234.9,58227481.76880032
2025-10-04 04:29:59.877000+00:00,2025-10-04 04:15:00+00:00,continuous,122235.0,122335.3,122168.4,122299.8,175065777.7899004
2025-10-04 04:44:59.779000+00:00,2025-10-04 04:30:00+00:00,continuous,122299.8,122474.2,122240.0,122441.8,148055291.75860006
2025-10-04 04:59:59.999000+00:00,2025-10-04 04:45:00+00:00,continuous,122441.8,122486.8,122404.0,122448.8,86462551.52280046
2025-10-04 05:14:59.503000+00:00,2025-10-04 05:00:00+00:00,continuous,122448.7,122641.1,122385.6,122601.9,157076873.681
2025-10-04 05:29:59.806000+00:00,2025-10-04 05:15:00+00:00,continuous,122602.0,122781.1,122569.1,122630.1,154594271.06180033
2025-10-04 05:44:59.940000+00:00,2025-10-04 05:30:00+00:00,continuous,122630.1,122674.5,122408.1,122430.4,117153425.55720028
2025-10-04 05:59:59.658000+00:00,2025-10-04 05:45:00+00:00,continuous,122430.4,122554.1,122353.8,122480.6,140730470.20650014
2025-10-04 06:14:59.419000+00:00,2025-10-04 06:00:00+00:00,continuous,122480.7,122510.6,122325.6,122359.1,131853425.40999989
2025-10-04 06:29:59.964000+00:00,2025-10-04 06:15:00+00:00,continuous,122359.1,122551.3,122359.0,122448.4,111684407.03889999
2025-10-04 06:44:59.857000+00:00,2025-10-04 06:30:00+00:00,continuous,122448.5,122511.0,122431.7,122464.3,58290920.17229992
2025-10-04 06:59:59.625000+00:00,2025-10-04 06:45:00+00:00,continuous,122464.3,122479.3,122382.8,122388.9,32625236.283400267
2025-10-04 07:14:59.939000+00:00,2025-10-04 07:00:00+00:00,continuous,122388.9,122414.8,122289.9,122378.4,57011604.03079969
2025-10-04 07:29:59.689000+00:00,2025-10-04 07:15:00+00:00,continuous,122378.4,122378.4,122260.7,122324.8,42618843.16999994
2025-10-04 07:44:59.911000+00:00,2025-10-04 07:30:00+00:00,continuous,122324.9,122350.0,122226.1,122270.9,82421406.42889963
2025-10-04 07:59:59.901000+00:00,2025-10-04 07:45:00+00:00,continuous,122270.9,122305.6,122209.7,122271.3,58034520.74390006
2025-10-04 08:14:59.604000+00:00,2025-10-04 08:00:00+00:00,continuous,122271.4,122497.4,122243.8,122425.5,117527954.29949927
2025-10-04 08:29:59.451000+00:00,2025-10-04 08:15:00+00:00,continuous,122425.5,122457.7,122319.5,122382.7,115327243.59459937
2025-10-04 08:44:59.830000+00:00,2025-10-04 08:30:00+00:00,continuous,122382.8,122382.8,122168.8,122190.1,52386971.06850007
2025-10-04 08:59:58.820000+00:00,2025-10-04 08:45:00+00:00,continuous,122190.1,122273.9,122141.5,122226.2,79747169.1213004
2025-10-04 09:14:59.862000+00:00,2025-10-04 09:00:00+00:00,continuous,122226.2,122379.0,122217.0,122372.2,56626264.94430008
2025-10-04 09:29:59.976000+00:00,2025-10-04 09:15:00+00:00,continuous,122372.2,122414.1,122311.7,122327.8,40274198.357399926
2025-10-04 09:44:59.508000+00:00,2025-10-04 09:30:00+00:00,continuous,122327.9,122327.9,122262.2,122279.7,27550755.06199988
2025-10-04 09:59:59.937000+00:00,2025-10-04 09:45:00+00:00,continuous,122279.8,122279.8,122133.0,122168.0,54206063.19249996
2025-10-04 10:14:59.940000+00:00,2025-10-04 10:00:00+00:00,continuous,122168.0,122224.8,122139.9,122180.1,38612702.92980039
2025-10-04 10:29:59.940000+00:00,2025-10-04 10:15:00+00:00,continuous,122180.1,122278.9,122165.7,122257.4,39821323.151200026
2025-10-04 10:44:59.481000+00:00,2025-10-04 10:30:00+00:00,continuous,122257.3,122293.2,122150.0,122184.9,33412424.158199817
2025-10-04 10:59:59.861000+00:00,2025-10-04 10:45:00+00:00,continuous,122184.9,122194.0,122062.1,122075.0,63515408.58159976
2025-10-04 11:14:59.886000+00:00,2025-10-04 11:00:00+00:00,continuous,122075.1,122177.3,121938.1,121980.9,85445149.43629947
2025-10-04 11:29:59.822000+00:00,2025-10-04 11:15:00+00:00,continuous,121980.8,122086.3,121908.3,122045.5,101988649.00959967
2025-10-04 11:44:59.910000+00:00,2025-10-04 11:30:00+00:00,continuous,122045.4,122090.1,121978.3,122019.7,51219225.68259998
2025-10-04 11:59:59.931000+00:00,2025-10-04 11:45:00+00:00,continuous,122019.6,122030.8,121924.6,121924.6,38044618.390599966
2025-10-04 12:14:59.828000+00:00,2025-10-04 12:00:00+00:00,continuous,121924.6,122060.4,121918.8,122060.4,55910272.33460013
2025-10-04 12:29:59.915000+00:00,2025-10-04 12:15:00+00:00,continuous,122060.4,122060.4,121982.3,122029.6,36816768.07880002
2025-10-04 12:44:59.244000+00:00,2025-10-04 12:30:00+00:00,continuous,122029.6,122039.9,121962.0,121986.3,40572569.50710016
2025-10-04 12:59:59.845000+00:00,2025-10-04 12:45:00+00:00,continuous,121986.3,121986.4,121891.2,121955.0,62212196.5035998
2025-10-04 13:14:59.926000+00:00,2025-10-04 13:00:00+00:00,continuous,121954.9,122480.9,121954.9,122341.3,234863391.04060054
2025-10-04 13:29:59.491000+00:00,2025-10-04 13:15:00+00:00,continuous,122341.2,122411.0,122237.9,122260.1,93735545.55060099
2025-10-04 13:44:59.985000+00:00,2025-10-04 13:30:00+00:00,continuous,122260.0,122412.2,122260.0,122351.4,61563212.771699555
2025-10-04 13:59:59.798000+00:00,2025-10-04 13:45:00+00:00,continuous,122351.4,122399.8,122301.6,122335.5,49964402.06180036
2025-10-04 14:14:59.788000+00:00,2025-10-04 14:00:00+00:00,continuous,122335.5,122380.3,122237.6,122380.3,52957466.291500226
2025-10-04 14:29:59.947000+00:00,2025-10-04 14:15:00+00:00,continuous,122380.2,122411.5,122245.7,122270.1,45638117.99139998
2025-10-04 14:44:59.739000+00:00,2025-10-04 14:30:00+00:00,continuous,122270.2,122270.2,122187.5,122190.0,49041308.75720026
2025-10-04 14:59:59.904000+00:00,2025-10-04 14:45:00+00:00,continuous,122190.0,122190.0,121944.3,121944.4,119010813.35609995
2025-10-04 15:14:59.969000+00:00,2025-10-04 15:00:00+00:00,continuous,121944.4,122085.1,121817.0,121843.1,188585297.37170023
2025-10-04 15:29:59.978000+00:00,2025-10-04 15:15:00+00:00,continuous,121843.0,121932.7,121638.5,121689.8,285778246.3335008
2025-10-04 15:44:59.693000+00:00,2025-10-04 15:30:00+00:00,continuous,121689.9,121865.7,121662.1,121854.0,165223480.31610057
2025-10-04 15:59:59.980000+00:00,2025-10-04 15:45:00+00:00,continuous,121853.9,121968.0,121700.0,121744.8,102033101.12889846
2025-10-04 16:14:59.814000+00:00,2025-10-04 16:00:00+00:00,continuous,121744.8,121920.0,121551.8,121647.1,222363491.3228998
2025-10-04 16:29:59.863000+00:00,2025-10-04 16:15:00+00:00,continuous,121647.1,121699.7,121533.3,121664.5,146681499.01479998
2025-10-04 16:44:59.370000+00:00,2025-10-04 16:30:00+00:00,continuous,121664.4,121850.0,121653.1,121780.8,116264813.39410053
2025-10-04 16:59:59.887000+00:00,2025-10-04 16:45:00+00:00,continuous,121780.9,121788.5,121542.0,121668.5,241119770.1702004
2025-10-04 17:14:59.787000+00:00,2025-10-04 17:00:00+00:00,continuous,121668.4,121799.0,121610.0,121728.5,70935072.29639976
2025-10-04 17:29:59.672000+00:00,2025-10-04 17:15:00+00:00,continuous,121728.5,121812.1,121682.4,121789.5,41364160.294200085
2025-10-04 17:44:59.329000+00:00,2025-10-04 17:30:00+00:00,continuous,121789.4,121869.6,121633.0,121666.4,96238263.45220073
2025-10-04 17:59:59.591000+00:00,2025-10-04 17:45:00+00:00,continuous,121666.4,121698.1,121622.5,121698.0,55869048.492500134
2025-10-04 18:14:59.890000+00:00,2025-10-04 18:00:00+00:00,continuous,121698.0,121784.3,121649.4,121649.4,78118427.1456002
2025-10-04 18:29:59.929000+00:00,2025-10-04 18:15:00+00:00,continuous,121649.4,121713.3,121649.4,121681.7,56946608.41439948
2025-10-04 18:44:59.958000+00:00,2025-10-04 18:30:00+00:00,continuous,121681.6,121681.7,121550.0,121621.6,91825683.50440013
2025-10-04 18:59:59.263000+00:00,2025-10-04 18:45:00+00:00,continuous,121621.7,121621.7,121432.0,121533.4,102261173.13169998
2025-10-04 19:14:59.801000+00:00,2025-10-04 19:00:00+00:00,continuous,121533.3,121765.6,121533.3,121756.4,68341552.37580016
2025-10-04 19:29:59.269000+00:00,2025-10-04 19:15:00+00:00,continuous,121756.5,121828.8,121700.9,121781.7,49234400.489900105
2025-10-04 19:44:59.850000+00:00,2025-10-04 19:30:00+00:00,continuous,121781.8,121906.2,121781.7,121829.5,43473871.410599954
2025-10-04 19:59:59.954000+00:00,2025-10-04 19:45:00+00:00,continuous,121829.5,121919.0,121819.6,121919.0,29048017.073700104
2025-10-04 20:14:59.943000+00:00,2025-10-04 20:00:00+00:00,continuous,121918.9,122055.4,121843.8,121906.2,93169305.33549994
2025-10-04 20:29:59.874000+00:00,2025-10-04 20:15:00+00:00,continuous,121906.2,122021.7,121906.2,122021.7,38665429.00690015
2025-10-04 20:44:59.247000+00:00,2025-10-04 20:30:00+00:00,continuous,122021.6,122021.6,121938.7,121980.0,22076757.41459976
2025-10-04 20:59:59.870000+00:00,2025-10-04 20:45:00+00:00,continuous,121980.1,122013.5,121832.8,121832.8,41702079.136999585
2025-10-04 21:14:59.949000+00:00,2025-10-04 21:00:00+00:00,continuous,121832.9,122092.5,121813.4,122092.5,49961575.16220002
2025-10-04 21:29:59.464000+00:00,2025-10-04 21:15:00+00:00,continuous,122092.5,122287.9,122040.0,122287.9,121351723.29489984
2025-10-04 21:44:59.217000+00:00,2025-10-04 21:30:00+00:00,continuous,122287.9,122310.7,122175.4,122277.7,94427678.71580037
2025-10-04 21:59:59.889000+00:00,2025-10-04 21:45:00+00:00,continuous,122277.6,122277.7,122128.4,122139.9,29396720.92429979
2025-10-04 22:14:59.650000+00:00,2025-10-04 22:00:00+00:00,continuous,122139.9,122178.9,122089.2,122145.2,41751879.00280013
2025-10-04 22:29:59.637000+00:00,2025-10-04 22:15:00+00:00,continuous,122145.2,122230.6,122131.8,122192.9,27321709.034199975
2025-10-04 22:44:59.866000+00:00,2025-10-04 22:30:00+00:00,continuous,122192.9,122322.2,122192.9,122245.3,44637994.0779999
2025-10-04 22:59:59.870000+00:00,2025-10-04 22:45:00+00:00,continuous,122245.3,122293.2,122156.6,122230.9,65130918.7451
2025-10-04 23:14:59.893000+00:00,2025-10-04 23:00:00+00:00,continuous,122231.0,122250.0,122191.5,122200.9,25131174.134200152
2025-10-04 23:29:59.784000+00:00,2025-10-04 23:15:00+00:00,continuous,122200.8,122200.9,122159.9,122160.0,30123167.793400183
2025-10-04 23:44:59.915000+00:00,2025-10-04 23:30:00+00:00,continuous,122160.0,122298.5,122159.9,122298.4,46888227.3938999
2025-10-04 23:59:59.996000+00:00,2025-10-04 23:45:00+00:00,continuous,122298.5,122374.8,122297.5,122343.2,51966499.995699644
2025-10-05 00:14:59.894000+00:00,2025-10-05 00:00:00+00:00,continuous,122343.2,122369.3,122204.7,122204.7,42047301.908500046
2025-10-05 00:29:59.465000+00:00,2025-10-05 00:15:00+00:00,continuous,122204.8,122365.4,122197.2,122359.2,43064275.45910022
2025-10-05 00:44:59.909000+00:00,2025-10-05 00:30:00+00:00,continuous,122359.2,122359.3,122220.1,122220.2,32559798.811199944
2025-10-05 00:59:59.904000+00:00,2025-10-05 00:45:00+00:00,continuous,122220.1,122226.1,122101.2,122112.5,82204519.5910003
2025-10-05 01:14:59.867000+00:00,2025-10-05 01:00:00+00:00,continuous,122112.6,122274.8,122112.5,122274.8,53620098.83609995
2025-10-05 01:29:59.432000+00:00,2025-10-05 01:15:00+00:00,continuous,122274.7,122274.8,122088.1,122201.0,65831203.12689991
2025-10-05 01:44:59.846000+00:00,2025-10-05 01:30:00+00:00,continuous,122201.0,122377.7,122201.0,122349.7,55823984.55959961
2025-10-05 01:59:59.964000+00:00,2025-10-05 01:45:00+00:00,continuous,122349.8,122350.0,122271.4,122326.9,43870543.000499725
2025-10-05 02:14:59.888000+00:00,2025-10-05 02:00:00+00:00,continuous,122326.8,122355.5,122290.5,122355.5,37308895.30890003
2025-10-05 02:29:59.947000+00:00,2025-10-05 02:15:00+00:00,continuous,122355.4,122847.0,122329.3,122821.7,487687478.70839876
2025-10-05 02:44:59.913000+00:00,2025-10-05 02:30:00+00:00,continuous,122821.8,124374.0,122787.0,123643.1,1865167840.2169862
2025-10-05 02:59:59.982000+00:00,2025-10-05 02:45:00+00:00,continuous,123643.0,124120.5,123500.4,124012.2,432735288.4071971
2025-10-05 03:14:59.736000+00:00,2025-10-05 03:00:00+00:00,continuous,124012.3,124110.0,123584.2,123633.4,307237014.6419989
2025-10-05 03:29:59.978000+00:00,2025-10-05 03:15:00+00:00,continuous,123633.4,123824.0,123303.6,123818.4,277969848.3261008
2025-10-05 03:44:59.892000+00:00,2025-10-05 03:30:00+00:00,continuous,123818.3,124153.3,123812.2,123990.0,269156439.94529986
2025-10-05 03:59:59.756000+00:00,2025-10-05 03:45:00+00:00,continuous,123990.0,124100.0,123695.1,123735.7,191909514.90139967
2025-10-05 04:14:59.894000+00:00,2025-10-05 04:00:00+00:00,continuous,123735.7,124046.2,123678.0,123872.9,217442821.31499898
2025-10-05 04:29:59.869000+00:00,2025-10-05 04:15:00+00:00,continuous,123872.9,124037.6,123810.0,123977.9,134634184.26059985
2025-10-05 04:44:59.849000+00:00,2025-10-05 04:30:00+00:00,continuous,123977.9,124453.3,123956.6,124269.5,305255237.7949016
2025-10-05 04:59:59.937000+00:00,2025-10-05 04:45:00+00:00,continuous,124269.4,125877.3,124269.4,125167.5,2035853868.659246
2025-10-05 05:14:59.951000+00:00,2025-10-05 05:00:00+00:00,continuous,125167.4,125420.1,124856.2,125177.2,433627541.59570223
2025-10-05 05:29:59.955000+00:00,2025-10-05 05:15:00+00:00,continuous,125177.2,125388.4,124888.0,125367.4,343453145.39740264
2025-10-05 05:44:59.963000+00:00,2025-10-05 05:30:00+00:00,continuous,125367.3,125380.0,125073.8,125210.3,268007843.56030104
2025-10-05 05:59:59.872000+00:00,2025-10-05 05:45:00+00:00,continuous,125210.2,125210.3,124930.0,125103.0,195027564.78169942
2025-10-05 06:14:59.804000+00:00,2025-10-05 06:00:00+00:00,continuous,125103.0,125215.6,124950.0,125050.4,182805507.04439932
2025-10-05 06:29:59.869000+00:00,2025-10-05 06:15:00+00:00,continuous,125050.4,125050.5,124784.4,124981.5,184374168.37539938
2025-10-05 06:44:59.864000+00:00,2025-10-05 06:30:00+00:00,continuous,124981.6,125058.4,124812.5,125055.0,117295026.74709992
2025-10-05 06:59:59.971000+00:00,2025-10-05 06:45:00+00:00,continuous,125055.0,125195.4,124946.8,124977.7,128265040.61519986
2025-10-05 07:14:59.783000+00:00,2025-10-05 07:00:00+00:00,continuous,124977.6,125065.3,124817.8,124985.3,139755609.73559985
2025-10-05 07:29:59.734000+00:00,2025-10-05 07:15:00+00:00,continuous,124985.4,125147.0,124741.5,124741.5,203508977.60519964
2025-10-05 07:44:59.919000+00:00,2025-10-05 07:30:00+00:00,continuous,124741.6,124848.4,124558.8,124683.1,316585869.7948998
2025-10-05 07:59:59.653000+00:00,2025-10-05 07:45:00+00:00,continuous,124683.2,124919.9,124657.9,124692.4,142038982.99429965
2025-10-05 08:14:59.896000+00:00,2025-10-05 08:00:00+00:00,continuous,124692.5,124796.9,124524.9,124616.3,207376259.87199962
2025-10-05 08:29:59.897000+00:00,2025-10-05 08:15:00+00:00,continuous,124616.4,124843.0,124616.3,124720.5,114042771.49950008
2025-10-05 08:44:59.909000+00:00,2025-10-05 08:30:00+00:00,continuous,124720.5,124756.6,124587.2,124670.8,91730984.86999933
2025-10-05 08:59:59.980000+00:00,2025-10-05 08:45:00+00:00,continuous,124670.8,124682.7,124561.5,124580.9,79490605.44949934
2025-10-05 09:14:59.929000+00:00,2025-10-05 09:00:00+00:00,continuous,124581.0,124644.9,124331.5,124371.3,154910201.50640023
2025-10-05 09:29:59.948000+00:00,2025-10-05 09:15:00+00:00,continuous,124371.3,124428.9,123900.0,123979.8,365927904.65520144
2025-10-05 09:44:59.999000+00:00,2025-10-05 09:30:00+00:00,continuous,123979.9,123996.2,122828.1,122954.9,1488507410.9319801
2025-10-05 09:59:59.863000+00:00,2025-10-05 09:45:00+00:00,continuous,122955.0,123250.1,122720.4,122998.0,592303368.7189032
2025-10-05 10:14:59.892000+00:00,2025-10-05 10:00:00+00:00,continuous,122998.0,123049.9,122472.0,122816.9,603604551.2916055
2025-10-05 10:29:59.931000+00:00,2025-10-05 10:15:00+00:00,continuous,122816.9,123102.6,122765.5,122970.6,258782803.1347993
2025-10-05 10:44:59.978000+00:00,2025-10-05 10:30:00+00:00,continuous,122970.6,122970.7,122622.0,122775.2,199675864.38690257
2025-10-05 10:59:59.808000+00:00,2025-10-05 10:45:00+00:00,continuous,122775.1,123074.2,122775.1,122980.9,177608956.16659996
2025-10-05 11:14:59.974000+00:00,2025-10-05 11:00:00+00:00,continuous,122981.0,123222.1,122788.0,122823.2,299990191.5332991
2025-10-05 11:29:59.691000+00:00,2025-10-05 11:15:00+00:00,continuous,122823.7,123414.6,122823.7,123301.3,237734737.5967004
2025-10-05 11:44:59.988000+00:00,2025-10-05 11:30:00+00:00,continuous,123301.2,123307.0,123111.0,123295.3,90334442.85759975
2025-10-05 11:59:59.850000+00:00,2025-10-05 11:45:00+00:00,continuous,123295.2,123500.0,123288.0,123413.2,164309732.32510018
2025-10-05 12:14:59.527000+00:00,2025-10-05 12:00:00+00:00,continuous,123413.3,123413.3,122875.4,123105.6,229053053.11170062
2025-10-05 12:29:59.964000+00:00,2025-10-05 12:15:00+00:00,continuous,123105.6,123210.5,123012.0,123081.4,84655482.45480067
2025-10-05 12:44:59.833000+00:00,2025-10-05 12:30:00+00:00,continuous,123081.5,123152.8,122914.3,123002.1,70233088.02580006
2025-10-05 12:59:59.948000+00:00,2025-10-05 12:45:00+00:00,continuous,123002.2,123188.0,123002.1,123035.8,68648068.91410036
2025-10-05 13:14:59.824000+00:00,2025-10-05 13:00:00+00:00,continuous,123035.9,123281.1,123012.3,123199.7,81068139.21979974
2025-10-05 13:29:59.779000+00:00,2025-10-05 13:15:00+00:00,continuous,123199.7,123275.5,123117.0,123242.5,68285096.82260028
2025-10-05 13:44:59.316000+00:00,2025-10-05 13:30:00+00:00,continuous,123242.5,123295.0,123160.7,123217.4,74866703.0013004
2025-10-05 13:59:59.911000+00:00,2025-10-05 13:45:00+00:00,continuous,123217.4,123230.0,123050.6,123120.0,55010272.84239997
2025-10-05 14:14:59.918000+00:00,2025-10-05 14:00:00+00:00,continuous,123119.9,123288.6,123119.9,123213.0,67387618.5906002
2025-10-05 14:29:59.699000+00:00,2025-10-05 14:15:00+00:00,continuous,123212.9,123239.3,123086.7,123152.9,43942794.62179998
2025-10-05 14:44:59.849000+00:00,2025-10-05 14:30:00+00:00,continuous,123152.8,123182.4,122684.9,122864.9,248715218.16260108
2025-10-05 14:59:59.973000+00:00,2025-10-05 14:45:00+00:00,continuous,122864.9,123020.9,122766.8,122983.4,106660867.711
2025-10-05 15:14:59.203000+00:00,2025-10-05 15:00:00+00:00,continuous,122983.2,122983.2,122773.8,122899.9,65476763.03139967
2025-10-05 15:29:59.403000+00:00,2025-10-05 15:15:00+00:00,continuous,122899.9,122968.7,122812.4,122842.5,53885428.56009993
2025-10-05 15:44:59.810000+00:00,2025-10-05 15:30:00+00:00,continuous,122842.5,122864.6,122600.0,122726.0,127783242.8634997
2025-10-05 15:59:59.796000+00:00,2025-10-05 15:45:00+00:00,continuous,122725.9,122818.0,122675.0,122753.0,80612026.00279994
2025-10-05 16:14:59.868000+00:00,2025-10-05 16:00:00+00:00,continuous,122752.9,123067.6,122722.2,123029.2,158434266.54519993
2025-10-05 16:29:59.787000+00:00,2025-10-05 16:15:00+00:00,continuous,123029.2,123048.0,122910.3,122912.3,64316602.53549979
2025-10-05 16:44:59.591000+00:00,2025-10-05 16:30:00+00:00,continuous,122912.3,123043.9,122867.0,122970.8,89391555.15470013
2025-10-05 16:59:59.993000+00:00,2025-10-05 16:45:00+00:00,continuous,122970.7,123295.0,122160.0,123210.1,798206363.6294947
2025-10-05 17:14:59.360000+00:00,2025-10-05 17:00:00+00:00,continuous,123210.0,123422.0,123125.1,123152.1,338851682.80369925
2025-10-05 17:29:59.895000+00:00,2025-10-05 17:15:00+00:00,continuous,123152.0,123342.2,123111.0,123138.7,74728763.49180017
2025-10-05 17:44:59.952000+00:00,2025-10-05 17:30:00+00:00,continuous,123138.6,123138.7,122840.9,123072.1,132927984.85870087
2025-10-05 17:59:59.202000+00:00,2025-10-05 17:45:00+00:00,continuous,123072.2,123092.6,122940.7,123013.9,44244141.12509992
2025-10-05 18:14:59.648000+00:00,2025-10-05 18:00:00+00:00,continuous,123013.8,123123.4,122814.7,122929.9,132133860.35689986
2025-10-05 18:29:59.705000+00:00,2025-10-05 18:15:00+00:00,continuous,122929.9,123029.2,122896.9,122997.9,48964477.23279995
2025-10-05 18:44:59.176000+00:00,2025-10-05 18:30:00+00:00,continuous,122997.9,123166.7,122909.4,122952.0,138934364.24730098
2025-10-05 18:59:59.893000+00:00,2025-10-05 18:45:00+00:00,continuous,122951.9,123053.0,122914.0,122963.5,30088386.125700038
2025-10-05 19:14:59.557000+00:00,2025-10-05 19:00:00+00:00,continuous,122963.5,122982.9,122568.0,122741.5,133469575.2806997
2025-10-05 19:29:59.994000+00:00,2025-10-05 19:15:00+00:00,continuous,122741.4,122917.5,122634.2,122795.9,87040809.7763995
2025-10-05 19:44:59.740000+00:00,2025-10-05 19:30:00+00:00,continuous,122796.0,122842.2,122650.4,122686.7,42940127.598299876
2025-10-05 19:59:59.430000+00:00,2025-10-05 19:45:00+00:00,continuous,122686.7,122686.7,122442.6,122550.4,143709965.45679978
2025-10-05 20:14:59.703000+00:00,2025-10-05 20:00:00+00:00,continuous,122550.5,122716.2,122425.7,122648.2,93708342.8580999
2025-10-05 20:29:59.984000+00:00,2025-10-05 20:15:00+00:00,continuous,122648.2,122754.0,122578.4,122696.6,41957018.929099925
2025-10-05 20:44:59.893000+00:00,2025-10-05 20:30:00+00:00,continuous,122696.7,123023.9,122696.7,122895.3,119334829.63789931
2025-10-05 20:59:59.735000+00:00,2025-10-05 20:45:00+00:00,continuous,122895.4,122956.2,122648.5,122648.5,45273343.394499734
2025-10-05 21:14:59.969000+00:00,2025-10-05 21:00:00+00:00,continuous,122648.1,122678.3,122474.3,122573.5,72931965.40419954
2025-10-05 21:29:59.034000+00:00,2025-10-05 21:15:00+00:00,continuous,122573.5,122751.6,122536.8,122629.5,36927489.35660007
2025-10-05 21:44:59.893000+00:00,2025-10-05 21:30:00+00:00,continuous,122629.5,122629.6,122440.1,122625.3,38149469.21159996
2025-10-05 21:59:59.883000+00:00,2025-10-05 21:45:00+00:00,continuous,122625.3,122732.0,122594.4,122682.3,28484328.411599986
2025-10-05 22:14:59.577000+00:00,2025-10-05 22:00:00+00:00,continuous,122682.3,123060.0,122682.2,122868.4,124974900.37939975
2025-10-05 22:29:59.445000+00:00,2025-10-05 22:15:00+00:00,continuous,122868.4,123228.0,122859.6,123073.2,135592313.3937001
2025-10-05 22:44:59.895000+00:00,2025-10-05 22:30:00+00:00,continuous,123073.3,123130.1,122987.2,123079.8,47303055.32579999
2025-10-05 22:59:59.895000+00:00,2025-10-05 22:45:00+00:00,continuous,123079.7,123222.0,123015.7,123188.5,44706292.237700306
2025-10-05 23:14:59.496000+00:00,2025-10-05 23:00:00+00:00,continuous,123188.5,123436.8,123166.0,123420.0,197626362.4346983
2025-10-05 23:29:59.620000+00:00,2025-10-05 23:15:00+00:00,continuous,123419.9,123450.0,123272.8,123420.0,85589827.50900002
2025-10-05 23:44:59.908000+00:00,2025-10-05 23:30:00+00:00,continuous,123420.0,123453.5,123400.1,123453.4,190060116.40839994
2025-10-05 23:59:59.661000+00:00,2025-10-05 23:45:00+00:00,continuous,123453.5,123453.5,123385.2,123426.7,60187595.113400385
2025-10-06 00:14:59.760000+00:00,2025-10-06 00:00:00+00:00,continuous,123426.7,123453.5,123206.1,123453.5,208541384.11030006
2025-10-06 00:29:59.907000+00:00,2025-10-06 00:15:00+00:00,continuous,123453.4,124336.3,123446.7,123625.4,832207736.8310868
2025-10-06 00:44:59.337000+00:00,2025-10-06 00:30:00+00:00,continuous,123625.4,123837.9,123401.7,123646.2,183365373.4239003
2025-10-06 00:59:59.701000+00:00,2025-10-06 00:45:00+00:00,continuous,123646.3,123696.7,123018.5,123295.8,281316994.84580076
2025-10-06 01:14:59.631000+00:00,2025-10-06 01:00:00+00:00,continuous,123295.9,123594.8,123140.3,123435.7,143260064.40830034
2025-10-06 01:29:59.833000+00:00,2025-10-06 01:15:00+00:00,continuous,123435.7,123959.7,123262.6,123799.9,174954889.1358988
2025-10-06 01:44:59.710000+00:00,2025-10-06 01:30:00+00:00,continuous,123800.0,124218.0,123663.9,123817.4,296420852.8177994
2025-10-06 01:59:59.930000+00:00,2025-10-06 01:45:00+00:00,continuous,123817.4,124010.5,123730.8,123980.8,80235609.29699971
2025-10-06 02:14:59.905000+00:00,2025-10-06 02:00:00+00:00,continuous,123980.8,124085.6,123752.1,123815.3,82761063.81549981
2025-10-06 02:29:59.509000+00:00,2025-10-06 02:15:00+00:00,continuous,123815.3,124045.0,123750.0,123824.6,108710066.9876003
2025-10-06 02:44:59.703000+00:00,2025-10-06 02:30:00+00:00,continuous,123824.6,123892.6,123385.2,123776.6,245634377.08330178
2025-10-06 02:59:59.993000+00:00,2025-10-06 02:45:00+00:00,continuous,123776.7,124200.0,123776.6,124066.9,194680223.114299
2025-10-06 03:14:59.449000+00:00,2025-10-06 03:00:00+00:00,continuous,124066.8,124086.6,123897.3,123965.3,84046357.71839976
2025-10-06 03:29:59.006000+00:00,2025-10-06 03:15:00+00:00,continuous,123965.3,124017.9,123819.3,123865.5,58852737.35450013
2025-10-06 03:44:59.830000+00:00,2025-10-06 03:30:00+00:00,continuous,123865.5,123950.0,123805.3,123845.1,43530818.70229996
2025-10-06 03:59:59.825000+00:00,2025-10-06 03:45:00+00:00,continuous,123845.1,123885.6,123689.3,123792.9,66957179.70240004
2025-10-06 04:14:59.744000+00:00,2025-10-06 04:00:00+00:00,continuous,123792.8,123875.0,123697.4,123875.0,73155767.62830001
2025-10-06 04:29:59.841000+00:00,2025-10-06 04:15:00+00:00,continuous,123875.0,123946.9,123835.3,123924.1,42478518.69389997
2025-10-06 04:44:59.713000+00:00,2025-10-06 04:30:00+00:00,continuous,123924.2,123955.0,123584.1,123673.8,84859178.61610006
2025-10-06 04:59:59.648000+00:00,2025-10-06 04:45:00+00:00,continuous,123673.7,123740.2,123525.1,123538.2,91486815.87859973
2025-10-06 05:14:59.772000+00:00,2025-10-06 05:00:00+00:00,continuous,123538.2,123538.3,123223.9,123267.2,287664874.7772019
2025-10-06 05:29:59.962000+00:00,2025-10-06 05:15:00+00:00,continuous,123267.3,123598.7,123246.9,123552.1,86743062.56569998
2025-10-06 05:44:59.624000+00:00,2025-10-06 05:30:00+00:00,continuous,123552.1,123568.2,123400.1,123469.2,41691765.17520001
2025-10-06 05:59:59.654000+00:00,2025-10-06 05:45:00+00:00,continuous,123469.1,123710.8,123444.0,123522.3,89612997.0427001
2025-10-06 06:14:59.987000+00:00,2025-10-06 06:00:00+00:00,continuous,123522.3,123794.9,123522.3,123776.8,113236208.07740001
2025-10-06 06:29:59.708000+00:00,2025-10-06 06:15:00+00:00,continuous,123776.8,123865.3,123611.4,123815.5,81797578.0843001
2025-10-06 06:44:59.833000+00:00,2025-10-06 06:30:00+00:00,continuous,123815.5,124137.7,123815.5,123940.9,170933841.98170003
2025-10-06 06:59:59.002000+00:00,2025-10-06 06:45:00+00:00,continuous,123941.0,124028.9,123750.5,123900.0,101384991.27920018
2025-10-06 07:14:59.835000+00:00,2025-10-06 07:00:00+00:00,continuous,123900.1,123974.0,123751.8,123950.4,84004879.79069993
2025-10-06 07:29:59.341000+00:00,2025-10-06 07:15:00+00:00,continuous,123950.3,123988.1,123770.2,123788.4,82851750.26650017
2025-10-06 07:44:59.852000+00:00,2025-10-06 07:30:00+00:00,continuous,123788.4,123790.1,123302.2,123363.2,207346818.7993003
2025-10-06 07:59:59.946000+00:00,2025-10-06 07:45:00+00:00,continuous,123363.9,123412.8,123217.9,123332.3,158131138.96629998
2025-10-06 08:14:59.758000+00:00,2025-10-06 08:00:00+00:00,continuous,123332.4,123649.5,123332.3,123594.1,123988643.17679958
2025-10-06 08:29:59.710000+00:00,2025-10-06 08:15:00+00:00,continuous,123594.0,123741.8,123523.3,123716.8,69138407.25900005
2025-10-06 08:44:59.948000+00:00,2025-10-06 08:30:00+00:00,continuous,123716.9,123830.7,123561.3,123621.8,128399686.03250031
2025-10-06 08:59:59.893000+00:00,2025-10-06 08:45:00+00:00,continuous,123621.8,123837.7,123588.4,123800.0,61720710.092199855
2025-10-06 09:14:59.981000+00:00,2025-10-06 09:00:00+00:00,continuous,123800.0,124020.8,123766.3,123894.9,117256227.75280085
2025-10-06 09:29:59.780000+00:00,2025-10-06 09:15:00+00:00,continuous,123894.8,123900.0,123777.1,123850.8,65241204.38179987
2025-10-06 09:44:59.770000+00:00,2025-10-06 09:30:00+00:00,continuous,123850.7,123872.2,123749.0,123754.6,57523370.35230021
2025-10-06 09:59:57.234000+00:00,2025-10-06 09:45:00+00:00,continuous,123754.5,123975.6,123725.5,123915.2,92279200.03330003
2025-10-06 10:14:59.184000+00:00,2025-10-06 10:00:00+00:00,continuous,123915.1,124067.1,123850.0,123910.6,127774947.61999916
2025-10-06 10:29:59.602000+00:00,2025-10-06 10:15:00+00:00,continuous,123910.5,124063.0,123865.3,124042.2,61154675.29930035
2025-10-06 10:44:59.869000+00:00,2025-10-06 10:30:00+00:00,continuous,124042.2,124068.0,123967.8,124030.0,48455327.34390015
2025-10-06 10:59:59.831000+00:00,2025-10-06 10:45:00+00:00,continuous,124029.9,124104.0,123920.0,123920.0,106449112.70679998
2025-10-06 11:14:59.710000+00:00,2025-10-06 11:00:00+00:00,continuous,123920.0,123953.4,123696.2,123696.2,101063966.26369944
2025-10-06 11:29:59.997000+00:00,2025-10-06 11:15:00+00:00,continuous,123696.3,124404.9,123682.1,124329.4,202614802.82670036
2025-10-06 11:44:59.894000+00:00,2025-10-06 11:30:00+00:00,continuous,124329.5,124500.0,124042.0,124242.0,303870124.8704032
2025-10-06 11:59:59.923000+00:00,2025-10-06 11:45:00+00:00,continuous,124242.0,124364.8,124127.0,124161.2,123262664.2819986
2025-10-06 12:14:59.885000+00:00,2025-10-06 12:00:00+00:00,continuous,124161.3,124485.7,124123.3,124361.3,212957242.57320085
2025-10-06 12:29:59.861000+00:00,2025-10-06 12:15:00+00:00,continuous,124361.3,124647.6,124300.0,124327.6,277549637.72700113
2025-10-06 12:44:59.498000+00:00,2025-10-06 12:30:00+00:00,continuous,124327.7,124421.0,124203.6,124276.9,112737309.53920026
2025-10-06 12:59:59.896000+00:00,2025-10-06 12:45:00+00:00,continuous,124276.8,124550.0,124261.8,124495.3,101038801.75290072
2025-10-06 13:14:59.998000+00:00,2025-10-06 13:00:00+00:00,continuous,124495.2,124773.8,124495.2,124635.5,186506182.31660077
2025-10-06 13:29:59.897000+00:00,2025-10-06 13:15:00+00:00,continuous,124635.6,124898.8,124481.1,124801.8,266907377.30299965
2025-10-06 13:44:59.998000+00:00,2025-10-06 13:30:00+00:00,continuous,124801.8,124943.3,124350.0,124504.1,525046182.70760024
2025-10-06 13:59:59.979000+00:00,2025-10-06 13:45:00+00:00,continuous,124504.4,125062.9,124320.0,124967.8,443667066.89229697
2025-10-06 14:14:59.961000+00:00,2025-10-06 14:00:00+00:00,continuous,124967.7,125281.0,124817.5,124916.8,668880206.7697917
2025-10-06 14:29:59.890000+00:00,2025-10-06 14:15:00+00:00,continuous,124916.7,125087.3,124468.0,124801.7,373341144.7718
2025-10-06 14:44:59.974000+00:00,2025-10-06 14:30:00+00:00,continuous,124801.8,125000.4,124543.1,124675.0,255038066.41779938
2025-10-06 14:59:59.849000+00:00,2025-10-06 14:45:00+00:00,continuous,124675.1,124843.7,124245.0,124475.9,304749760.2609975
2025-10-06 15:14:59.863000+00:00,2025-10-06 15:00:00+00:00,continuous,124475.9,124697.2,124452.1,124662.2,152392511.77360043
2025-10-06 15:29:59.975000+00:00,2025-10-06 15:15:00+00:00,continuous,124662.1,125375.0,124662.1,125115.8,396012086.9856996
2025-10-06 15:44:59.847000+00:00,2025-10-06 15:30:00+00:00,continuous,125115.9,125233.2,124913.7,125023.4,238121222.3920983
2025-10-06 15:59:59.966000+00:00,2025-10-06 15:45:00+00:00,continuous,125023.5,125200.0,124937.5,124946.2,158516500.34959966
2025-10-06 16:14:59.957000+00:00,2025-10-06 16:00:00+00:00,continuous,124946.1,125046.2,124742.5,124808.1,254201422.72100186
2025-10-06 16:29:59.965000+00:00,2025-10-06 16:15:00+00:00,continuous,124808.0,124963.3,124795.8,124828.2,108579926.8278998
2025-10-06 16:44:59.893000+00:00,2025-10-06 16:30:00+00:00,continuous,124828.2,125193.4,124818.8,125174.4,140843075.04410002
2025-10-06 16:59:59.920000+00:00,2025-10-06 16:45:00+00:00,continuous,125174.3,125480.0,125051.3,125417.8,248885800.26849875
2025-10-06 17:14:59.852000+00:00,2025-10-06 17:00:00+00:00,continuous,125417.7,125613.4,125247.0,125384.5,453375920.82690114
2025-10-06 17:29:59.994000+00:00,2025-10-06 17:15:00+00:00,continuous,125384.5,125789.7,125347.1,125590.2,330626672.4731022
2025-10-06 17:44:59.871000+00:00,2025-10-06 17:30:00+00:00,continuous,125590.2,125660.1,125068.7,125113.4,219011836.05410057
2025-10-06 17:59:59.782000+00:00,2025-10-06 17:45:00+00:00,continuous,125113.3,125448.4,125085.0,125235.2,169428360.70799986
2025-10-06 18:14:59.787000+00:00,2025-10-06 18:00:00+00:00,continuous,125235.3,125250.0,124979.0,125196.5,160357437.1605996
2025-10-06 18:29:59.926000+00:00,2025-10-06 18:15:00+00:00,continuous,125196.5,125330.0,125086.6,125170.7,130713934.84409991
2025-10-06 18:44:59.682000+00:00,2025-10-06 18:30:00+00:00,continuous,125170.8,125429.3,125160.2,125400.1,99676923.63439949
2025-10-06 18:59:59.925000+00:00,2025-10-06 18:45:00+00:00,continuous,125400.0,126208.5,125382.3,125986.0,878545407.579097
2025-10-06 19:14:59.827000+00:00,2025-10-06 19:00:00+00:00,continuous,125986.1,126093.7,125583.0,125599.9,362164047.76760274
2025-10-06 19:29:59.763000+00:00,2025-10-06 19:15:00+00:00,continuous,125599.9,125827.0,125372.7,125617.6,228262281.38570184
2025-10-06 19:44:59.993000+00:00,2025-10-06 19:30:00+00:00,continuous,125617.7,125733.9,125185.1,125330.4,192991305.91339958
2025-10-06 19:59:59.698000+00:00,2025-10-06 19:45:00+00:00,continuous,125330.4,125448.8,125221.8,125357.3,194214079.03100163
2025-10-06 20:14:59.827000+00:00,2025-10-06 20:00:00+00:00,continuous,125357.3,125500.0,125254.8,125313.3,108215081.49920008
2025-10-06 20:29:58.728000+00:00,2025-10-06 20:15:00+00:00,continuous,125313.3,125313.4,124986.0,125087.6,183305594.51529908
2025-10-06 20:44:59.777000+00:00,2025-10-06 20:30:00+00:00,continuous,125087.7,125291.2,125048.0,125160.9,90233360.73249948
2025-10-06 20:59:59.978000+00:00,2025-10-06 20:45:00+00:00,continuous,125160.9,125276.0,125135.1,125170.0,52128562.04600012
2025-10-06 21:14:59.278000+00:00,2025-10-06 21:00:00+00:00,continuous,125170.1,125248.1,125001.6,125012.1,100641781.8651004
2025-10-06 21:29:59.805000+00:00,2025-10-06 21:15:00+00:00,continuous,125012.1,125012.1,124463.0,124750.2,512086007.10429925
2025-10-06 21:44:59.436000+00:00,2025-10-06 21:30:00+00:00,continuous,124750.2,124969.3,124564.3,124969.3,229753343.60589978
2025-10-06 21:59:59.659000+00:00,2025-10-06 21:45:00+00:00,continuous,124969.3,125062.1,124850.0,125062.0,47502536.82609999
2025-10-06 22:14:59.656000+00:00,2025-10-06 22:00:00+00:00,continuous,125062.1,125245.4,124933.2,125111.7,145795845.32230002
2025-10-06 22:29:59.809000+00:00,2025-10-06 22:15:00+00:00,continuous,125111.8,125236.9,125090.0,125131.1,61131631.28499979
2025-10-06 22:44:59.765000+00:00,2025-10-06 22:30:00+00:00,continuous,125131.1,125136.9,124733.0,124856.3,111469833.99370016
2025-10-06 22:59:59.655000+00:00,2025-10-06 22:45:00+00:00,continuous,124856.3,125084.6,124856.3,124999.8,75040299.92140009
2025-10-06 23:14:59.625000+00:00,2025-10-06 23:00:00+00:00,continuous,124999.9,125060.0,124820.1,124820.1,64668499.86400008
2025-10-06 23:29:58.485000+00:00,2025-10-06 23:15:00+00:00,continuous,124820.1,124829.0,124640.0,124793.8,56663540.96119981
2025-10-06 23:44:59.997000+00:00,2025-10-06 23:30:00+00:00,continuous,124793.8,124831.6,124704.1,124728.9,45392878.0102999
2025-10-06 23:59:59.976000+00:00,2025-10-06 23:45:00+00:00,continuous,124728.9,124742.9,124592.0,124628.5,62796989.57839989
2025-10-07 00:14:59.772000+00:00,2025-10-07 00:00:00+00:00,continuous,124628.6,124803.6,124569.9,124712.2,112168980.02339968
2025-10-07 00:29:57.819000+00:00,2025-10-07 00:15:00+00:00,continuous,124712.3,124798.2,124600.7,124641.5,54822998.01390008
2025-10-07 00:44:59.931000+00:00,2025-10-07 00:30:00+00:00,continuous,124641.5,124830.0,124541.8,124830.0,77917428.97900017
2025-10-07 00:59:59.824000+00:00,2025-10-07 00:45:00+00:00,continuous,124829.9,124886.6,124721.5,124850.3,77256620.26070017
2025-10-07 01:14:59.403000+00:00,2025-10-07 01:00:00+00:00,continuous,124850.4,125047.0,124825.7,124850.0,84257453.8051
2025-10-07 01:29:59.679000+00:00,2025-10-07 01:15:00+00:00,continuous,124850.1,124850.1,124387.6,124662.1,212856655.85129997
2025-10-07 01:44:59.568000+00:00,2025-10-07 01:30:00+00:00,continuous,124662.0,124751.6,124488.0,124746.9,72541776.09420009
2025-10-07 01:59:59.118000+00:00,2025-10-07 01:45:00+00:00,continuous,124746.9,124746.9,124520.0,124658.0,57467557.215300135
2025-10-07 02:14:59.709000+00:00,2025-10-07 02:00:00+00:00,continuous,124657.9,124658.0,124528.2,124533.2,60087743.25399972
2025-10-07 02:29:59.927000+00:00,2025-10-07 02:15:00+00:00,continuous,124533.2,124564.2,124100.8,124515.7,267022530.88090125
2025-10-07 02:44:59.987000+00:00,2025-10-07 02:30:00+00:00,continuous,124515.7,124580.1,124334.5,124411.9,65027089.618700355
2025-10-07 02:59:59.934000+00:00,2025-10-07 02:45:00+00:00,continuous,124411.9,124500.0,124205.5,124205.5,99339215.23699957
2025-10-07 03:14:59.945000+00:00,2025-10-07 03:00:00+00:00,continuous,124205.6,124527.7,124205.5,124433.2,87446530.69390017
2025-10-07 03:29:59.892000+00:00,2025-10-07 03:15:00+00:00,continuous,124433.1,124433.2,124074.4,124112.0,170198483.43990037
2025-10-07 03:44:59.857000+00:00,2025-10-07 03:30:00+00:00,continuous,124111.9,124260.3,124055.0,124229.4,89916233.84869964
2025-10-07 03:59:59.836000+00:00,2025-10-07 03:45:00+00:00,continuous,124229.8,124289.5,124193.6,124277.7,36108181.04229994
2025-10-07 04:14:59.827000+00:00,2025-10-07 04:00:00+00:00,continuous,124277.8,124277.8,124085.3,124126.5,106236691.5702997
2025-10-07 04:29:59.784000+00:00,2025-10-07 04:15:00+00:00,continuous,124126.6,124380.1,124056.1,124379.9,111836147.59579988
2025-10-07 04:44:59.989000+00:00,2025-10-07 04:30:00+00:00,continuous,124380.0,124631.9,124345.1,124550.0,237841858.0821014
2025-10-07 04:59:59.502000+00:00,2025-10-07 04:45:00+00:00,continuous,124550.0,124550.0,124444.2,124449.8,98447262.89650053
2025-10-07 05:14:59.041000+00:00,2025-10-07 05:00:00+00:00,continuous,124449.8,124477.6,124176.1,124415.4,156047150.12529984
2025-10-07 05:29:59.854000+00:00,2025-10-07 05:15:00+00:00,continuous,124415.5,124523.3,124315.9,124430.0,70691651.27929999
2025-10-07 05:44:59.593000+00:00,2025-10-07 05:30:00+00:00,continuous,124430.0,124588.0,124383.4,124477.0,61975277.47549989
2025-10-07 05:59:59.768000+00:00,2025-10-07 05:45:00+00:00,continuous,124477.0,124503.4,124229.0,124349.0,108029085.39370018
2025-10-07 06:14:59.888000+00:00,2025-10-07 06:00:00+00:00,continuous,124349.0,124410.2,124240.0,124240.0,60799947.894899614
2025-10-07 06:29:59.992000+00:00,2025-10-07 06:15:00+00:00,continuous,124240.1,124261.1,123797.5,123837.9,269455032.8924002
2025-10-07 06:44:59.740000+00:00,2025-10-07 06:30:00+00:00,continuous,123838.0,123955.2,123720.3,123809.5,211058985.57619977
2025-10-07 06:59:59.430000+00:00,2025-10-07 06:45:00+00:00,continuous,123809.5,123950.4,123755.0,123852.6,134428401.46289974
2025-10-07 07:14:59.894000+00:00,2025-10-07 07:00:00+00:00,continuous,123852.6,124009.9,123760.0,123773.2,104637824.21140012
2025-10-07 07:29:59.786000+00:00,2025-10-07 07:15:00+00:00,continuous,123773.1,123820.0,123562.9,123820.0,196808048.77099833
2025-10-07 07:44:59.627000+00:00,2025-10-07 07:30:00+00:00,continuous,123819.9,123819.9,123503.9,123642.7,171041931.53199953
2025-10-07 07:59:59.958000+00:00,2025-10-07 07:45:00+00:00,continuous,123642.6,123656.2,123525.6,123627.1,153033250.68610007
2025-10-07 08:14:59.988000+00:00,2025-10-07 08:00:00+00:00,continuous,123627.1,123668.3,123459.0,123508.0,245384713.6755002
2025-10-07 08:29:59.847000+00:00,2025-10-07 08:15:00+00:00,continuous,123507.9,123685.4,123261.6,123600.0,326308542.9897972
2025-10-07 08:44:59.891000+00:00,2025-10-07 08:30:00+00:00,continuous,123599.9,123772.4,123372.7,123771.8,215595410.39210021
2025-10-07 08:59:59.935000+00:00,2025-10-07 08:45:00+00:00,continuous,123771.9,123948.7,123707.7,123813.1,247075282.90150064
2025-10-07 09:14:59.974000+00:00,2025-10-07 09:00:00+00:00,continuous,123813.1,124153.5,123799.5,124064.2,167196960.66950053
2025-10-07 09:29:59.672000+00:00,2025-10-07 09:15:00+00:00,continuous,124064.1,124117.2,123946.3,124044.6,106446440.39210048
2025-10-07 09:44:59.196000+00:00,2025-10-07 09:30:00+00:00,continuous,124044.6,124199.2,124026.5,124026.5,79465031.64140035
2025-10-07 09:59:59.873000+00:00,2025-10-07 09:45:00+00:00,continuous,124026.5,124150.0,124018.4,124049.2,61907140.74290001
2025-10-07 10:14:59.362000+00:00,2025-10-07 10:00:00+00:00,continuous,124049.2,124317.6,123951.6,124282.6,118067411.91620016
2025-10-07 10:29:59.437000+00:00,2025-10-07 10:15:00+00:00,continuous,124282.5,124372.0,124183.2,124224.1,118804187.55670004
2025-10-07 10:44:59.847000+00:00,2025-10-07 10:30:00+00:00,continuous,124224.1,124330.0,124171.5,124241.1,95547349.73130018
2025-10-07 10:59:59.691000+00:00,2025-10-07 10:45:00+00:00,continuous,124241.1,124300.0,124185.0,124229.9,49914505.93679975
2025-10-07 11:14:59.650000+00:00,2025-10-07 11:00:00+00:00,continuous,124229.9,124263.1,124110.7,124132.3,92040729.03820021
2025-10-07 11:29:59.644000+00:00,2025-10-07 11:15:00+00:00,continuous,124132.2,124338.4,124132.2,124318.9,68679863.13290016
2025-10-07 11:44:59.551000+00:00,2025-10-07 11:30:00+00:00,continuous,124318.8,124436.4,124204.4,124315.2,101050404.00480041
2025-10-07 11:59:59.892000+00:00,2025-10-07 11:45:00+00:00,continuous,124315.2,124471.4,124300.0,124397.2,192088612.13129917
2025-10-07 12:14:59.808000+00:00,2025-10-07 12:00:00+00:00,continuous,124397.1,124467.2,124349.9,124374.1,100110608.98909931
2025-10-07 12:29:59.919000+00:00,2025-10-07 12:15:00+00:00,continuous,124374.0,124422.4,124300.0,124380.0,68491170.10429975
2025-10-07 12:44:59.346000+00:00,2025-10-07 12:30:00+00:00,continuous,124380.0,124538.4,124271.8,124538.3,116532940.22020018
2025-10-07 12:59:59.969000+00:00,2025-10-07 12:45:00+00:00,continuous,124538.2,125098.0,124538.2,124869.5,495572440.7423963
2025-10-07 13:14:59.783000+00:00,2025-10-07 13:00:00+00:00,continuous,124869.4,125012.9,124672.1,124681.1,178109584.02229935
2025-10-07 13:29:59.965000+00:00,2025-10-07 13:15:00+00:00,continuous,124681.0,124769.3,124562.7,124753.6,145181975.62310052
2025-10-07 13:44:59.983000+00:00,2025-10-07 13:30:00+00:00,continuous,124753.6,124756.3,123500.1,123734.1,747081827.1323915
2025-10-07 13:59:59.852000+00:00,2025-10-07 13:45:00+00:00,continuous,123734.2,123898.9,123300.1,123825.4,798482587.4172024
2025-10-07 14:14:59.872000+00:00,2025-10-07 14:00:00+00:00,continuous,123825.4,123943.1,122705.5,122795.5,1081511163.3706908
2025-10-07 14:29:59.894000+00:00,2025-10-07 14:15:00+00:00,continuous,122795.6,123289.2,122728.3,122845.1,463679688.2581002
2025-10-07 14:44:59.874000+00:00,2025-10-07 14:30:00+00:00,continuous,122845.1,122985.3,122526.0,122766.6,504970587.4831006
2025-10-07 14:59:59.893000+00:00,2025-10-07 14:45:00+00:00,continuous,122766.6,122959.2,122500.1,122684.0,423788190.21340054
2025-10-07 15:14:59.914000+00:00,2025-10-07 15:00:00+00:00,continuous,122684.1,122819.4,121656.7,121906.9,1326870411.7025886
2025-10-07 15:29:59.915000+00:00,2025-10-07 15:15:00+00:00,continuous,121906.8,122340.0,121803.8,122029.1,490550422.43190306
2025-10-07 15:44:59.870000+00:00,2025-10-07 15:30:00+00:00,continuous,122029.1,122090.0,121102.0,121652.6,1057557594.1449002
2025-10-07 15:59:59.964000+00:00,2025-10-07 15:45:00+00:00,continuous,121652.5,121853.6,121281.0,121788.3,720627574.5427015
2025-10-07 16:14:59.896000+00:00,2025-10-07 16:00:00+00:00,continuous,121788.2,121827.7,121294.9,121498.0,436872341.6010983
2025-10-07 16:29:59.929000+00:00,2025-10-07 16:15:00+00:00,continuous,121498.0,121605.4,120720.2,121090.1,982706842.8252089
2025-10-07 16:44:59.955000+00:00,2025-10-07 16:30:00+00:00,continuous,121090.2,121775.0,121081.4,121703.6,456554122.21270275
2025-10-07 16:59:59.890000+00:00,2025-10-07 16:45:00+00:00,continuous,121703.5,122049.7,121557.7,121621.5,441734671.9085977
2025-10-07 17:14:59.862000+00:00,2025-10-07 17:00:00+00:00,continuous,121621.6,121763.6,121249.9,121414.9,378660881.4468998
2025-10-07 17:29:59.852000+00:00,2025-10-07 17:15:00+00:00,continuous,121414.9,121506.7,121162.5,121246.4,217075596.53170076
2025-10-07 17:44:59.412000+00:00,2025-10-07 17:30:00+00:00,continuous,121246.3,121387.9,121100.0,121353.1,142419610.72269988
2025-10-07 17:59:59.950000+00:00,2025-10-07 17:45:00+00:00,continuous,121353.2,121537.2,121016.6,121073.1,248183646.18860057
2025-10-07 18:14:59.930000+00:00,2025-10-07 18:00:00+00:00,continuous,121073.2,121270.1,120810.0,121129.0,381125183.5354
2025-10-07 18:29:59.940000+00:00,2025-10-07 18:15:00+00:00,continuous,121129.0,121174.3,120516.0,120687.2,686274385.8386036
2025-10-07 18:44:59.513000+00:00,2025-10-07 18:30:00+00:00,continuous,120687.2,120873.2,120545.5,120738.4,215037985.79340065
2025-10-07 18:59:59.998000+00:00,2025-10-07 18:45:00+00:00,continuous,120738.5,120945.1,120712.7,120838.0,200752957.0271995
2025-10-07 19:14:59.632000+00:00,2025-10-07 19:00:00+00:00,continuous,120838.0,121512.0,120801.6,121374.0,418680203.55659723
2025-10-07 19:29:59.167000+00:00,2025-10-07 19:15:00+00:00,continuous,121374.0,121533.0,121150.5,121206.5,141657798.40120047
2025-10-07 19:44:59.746000+00:00,2025-10-07 19:30:00+00:00,continuous,121206.5,121488.2,121199.4,121322.8,100939837.47709921
2025-10-07 19:59:59.964000+00:00,2025-10-07 19:45:00+00:00,continuous,121322.8,122000.0,121280.0,121593.6,395532565.2994999
2025-10-07 20:14:59.916000+00:00,2025-10-07 20:00:00+00:00,continuous,121593.5,122100.0,121593.5,121981.4,208914801.95789894
2025-10-07 20:29:59.835000+00:00,2025-10-07 20:15:00+00:00,continuous,121981.4,122134.7,121885.9,122131.9,99308369.66569994
2025-10-07 20:44:58.511000+00:00,2025-10-07 20:30:00+00:00,continuous,122132.0,122132.0,121960.5,122008.2,58096800.660500474
2025-10-07 20:59:59.946000+00:00,2025-10-07 20:45:00+00:00,continuous,122008.3,122142.6,121854.0,121885.4,75846637.83240011
2025-10-07 21:14:59.252000+00:00,2025-10-07 21:00:00+00:00,continuous,121885.5,122136.9,121710.9,121934.9,122447228.21600017
2025-10-07 21:29:59.988000+00:00,2025-10-07 21:15:00+00:00,continuous,121934.9,122255.4,121903.5,122184.0,89804208.4634999
2025-10-07 21:44:59.958000+00:00,2025-10-07 21:30:00+00:00,continuous,122183.9,122184.0,121751.0,121973.2,93302741.93819997
2025-10-07 21:59:59.935000+00:00,2025-10-07 21:45:00+00:00,continuous,121973.3,121973.3,121730.3,121954.1,67453210.77749996
2025-10-07 22:14:59.888000+00:00,2025-10-07 22:00:00+00:00,continuous,121954.0,122000.0,121735.2,121965.0,65510232.8366
2025-10-07 22:29:59.894000+00:00,2025-10-07 22:15:00+00:00,continuous,121965.0,122134.8,121817.6,121859.4,75929349.70519991
2025-10-07 22:44:59.527000+00:00,2025-10-07 22:30:00+00:00,continuous,121859.3,122000.0,121762.9,121877.5,61731563.350100085
2025-10-07 22:59:59.858000+00:00,2025-10-07 22:45:00+00:00,continuous,121877.6,121960.0,121855.8,121956.8,39064837.29179998
2025-10-07 23:14:59.329000+00:00,2025-10-07 23:00:00+00:00,continuous,121956.8,121961.1,121711.2,121737.4,65451932.515200004
2025-10-07 23:29:59.904000+00:00,2025-10-07 23:15:00+00:00,continuous,121737.5,121800.0,121520.9,121614.3,173708492.41750073
2025-10-07 23:44:59.892000+00:00,2025-10-07 23:30:00+00:00,continuous,121614.3,121614.4,121306.0,121424.0,177660318.98659965
2025-10-07 23:59:59.986000+00:00,2025-10-07 23:45:00+00:00,continuous,121423.9,121483.8,121218.0,121286.5,119453953.03899993
2025-10-08 00:14:59.981000+00:00,2025-10-08 00:00:00+00:00,continuous,121286.6,121564.3,121286.6,121500.0,113168058.89160077
2025-10-08 00:29:59.885000+00:00,2025-10-08 00:15:00+00:00,continuous,121500.0,121750.0,121499.9,121538.0,106636215.53809993
2025-10-08 00:44:59.909000+00:00,2025-10-08 00:30:00+00:00,continuous,121538.0,121912.0,121219.0,121844.5,207875213.0932013
2025-10-08 00:59:59.644000+00:00,2025-10-08 00:45:00+00:00,continuous,121844.4,122042.0,121741.5,121868.9,350391422.88669795
2025-10-08 01:14:59.915000+00:00,2025-10-08 01:00:00+00:00,continuous,121868.9,121994.1,121622.6,121661.6,283351124.4881001
2025-10-08 01:29:59.452000+00:00,2025-10-08 01:15:00+00:00,continuous,121661.6,122011.8,121550.1,121779.8,126402860.16620007
2025-10-08 01:44:59.869000+00:00,2025-10-08 01:30:00+00:00,continuous,121779.8,121923.4,121696.7,121746.5,72612294.52490005
2025-10-08 01:59:59.906000+00:00,2025-10-08 01:45:00+00:00,continuous,121746.5,121915.8,121726.0,121911.3,40619619.63489998
2025-10-08 02:14:59.974000+00:00,2025-10-08 02:00:00+00:00,continuous,121911.3,121939.8,121761.3,121894.3,68930779.9726001
2025-10-08 02:29:59.870000+00:00,2025-10-08 02:15:00+00:00,continuous,121894.3,122196.9,121894.3,122132.0,122604473.20979974
2025-10-08 02:44:59.434000+00:00,2025-10-08 02:30:00+00:00,continuous,122132.1,122141.8,121811.2,121854.5,146095124.22849968
2025-10-08 02:59:59.905000+00:00,2025-10-08 02:45:00+00:00,continuous,121854.5,122050.0,121806.4,121995.0,87513319.63829997
2025-10-08 03:14:59.832000+00:00,2025-10-08 03:00:00+00:00,continuous,121995.1,121995.1,121662.5,121670.9,131678878.89389999
2025-10-08 03:29:59.859000+00:00,2025-10-08 03:15:00+00:00,continuous,121671.0,121777.1,121323.9,121402.1,231277833.6545001
2025-10-08 03:44:59.856000+00:00,2025-10-08 03:30:00+00:00,continuous,121402.0,121473.1,121258.0,121275.6,164220264.17790052
2025-10-08 03:59:59.664000+00:00,2025-10-08 03:45:00+00:00,continuous,121275.7,121399.5,121137.0,121333.1,143289642.2886998
2025-10-08 04:14:59.894000+00:00,2025-10-08 04:00:00+00:00,continuous,121333.1,121443.3,121005.3,121339.1,174678668.3371016
2025-10-08 04:29:59.956000+00:00,2025-10-08 04:15:00+00:00,continuous,121339.2,121564.4,121298.6,121433.0,134627165.92320016
2025-10-08 04:44:59.566000+00:00,2025-10-08 04:30:00+00:00,continuous,121433.1,121749.1,121433.0,121551.2,137918479.45200083
2025-10-08 04:59:59.756000+00:00,2025-10-08 04:45:00+00:00,continuous,121551.3,121880.0,121551.3,121865.4,88493715.58900008
2025-10-08 05:14:59.230000+00:00,2025-10-08 05:00:00+00:00,continuous,121865.4,121868.3,121607.5,121727.9,115617726.94460024
2025-10-08 05:29:59.874000+00:00,2025-10-08 05:15:00+00:00,continuous,121727.9,121744.3,121207.2,121337.7,270747132.92159915
2025-10-08 05:44:59.796000+00:00,2025-10-08 05:30:00+00:00,continuous,121337.7,121489.4,121233.6,121233.6,122382124.97109926
2025-10-08 05:59:59.671000+00:00,2025-10-08 05:45:00+00:00,continuous,121233.6,121338.1,121124.2,121338.0,115718928.79220009
2025-10-08 06:14:59.921000+00:00,2025-10-08 06:00:00+00:00,continuous,121338.1,121378.8,121020.0,121261.4,144969039.14469987
2025-10-08 06:29:59.400000+00:00,2025-10-08 06:15:00+00:00,continuous,121261.5,121460.2,121111.0,121360.8,115473745.09699924
2025-10-08 06:44:59.809000+00:00,2025-10-08 06:30:00+00:00,continuous,121360.9,121545.2,121350.8,121537.2,71876125.99109976
2025-10-08 06:59:59.908000+00:00,2025-10-08 06:45:00+00:00,continuous,121537.1,121814.0,121537.1,121749.0,94244234.40689924
2025-10-08 07:14:59.715000+00:00,2025-10-08 07:00:00+00:00,continuous,121749.1,121836.6,121573.9,121623.5,121408221.91360006
2025-10-08 07:29:59.982000+00:00,2025-10-08 07:15:00+00:00,continuous,121623.6,121657.6,121447.4,121513.6,91147515.95060036
2025-10-08 07:44:59.224000+00:00,2025-10-08 07:30:00+00:00,continuous,121513.7,121536.3,121272.7,121444.4,75847300.89959992
2025-10-08 07:59:59.811000+00:00,2025-10-08 07:45:00+00:00,continuous,121444.5,121559.7,121283.1,121550.4,85353892.5265002
2025-10-08 08:14:59.893000+00:00,2025-10-08 08:00:00+00:00,continuous,121550.5,121793.5,121493.8,121510.7,108392628.84139943
2025-10-08 08:29:59.680000+00:00,2025-10-08 08:15:00+00:00,continuous,121510.6,121965.8,121468.5,121873.2,146196237.81539935
2025-10-08 08:44:59.975000+00:00,2025-10-08 08:30:00+00:00,continuous,121873.2,122800.0,121873.1,122795.7,713044561.1095991
2025-10-08 08:59:59.837000+00:00,2025-10-08 08:45:00+00:00,continuous,122795.8,122820.0,122292.1,122332.6,247400864.06659895
2025-10-08 09:14:59.599000+00:00,2025-10-08 09:00:00+00:00,continuous,122332.7,122600.0,122332.5,122514.0,189731097.06840146
2025-10-08 09:29:59.547000+00:00,2025-10-08 09:15:00+00:00,continuous,122514.1,122588.0,122400.6,122484.8,103810793.13740027
2025-10-08 09:44:59.930000+00:00,2025-10-08 09:30:00+00:00,continuous,122484.8,122538.7,122343.7,122412.4,84002491.10550065
2025-10-08 09:59:59.728000+00:00,2025-10-08 09:45:00+00:00,continuous,122412.5,122485.0,122324.5,122485.0,85777235.70140015
2025-10-08 10:14:59.896000+00:00,2025-10-08 10:00:00+00:00,continuous,122485.0,122779.7,122449.9,122513.8,112861218.54530028
2025-10-08 10:29:59.995000+00:00,2025-10-08 10:15:00+00:00,continuous,122513.8,122662.7,122469.2,122550.1,76767926.3550999
2025-10-08 10:44:59.882000+00:00,2025-10-08 10:30:00+00:00,continuous,122550.2,123074.8,122516.3,122926.1,322450173.0717025
2025-10-08 10:59:59.985000+00:00,2025-10-08 10:45:00+00:00,continuous,122926.1,122967.8,122825.3,122885.7,103555928.1343001
2025-10-08 11:14:59.948000+00:00,2025-10-08 11:00:00+00:00,continuous,122885.8,123150.0,122754.4,123065.3,217869383.46070063
2025-10-08 11:29:59.697000+00:00,2025-10-08 11:15:00+00:00,continuous,123065.3,123065.4,122779.9,122959.1,131105793.73689932
2025-10-08 11:44:59.816000+00:00,2025-10-08 11:30:00+00:00,continuous,122959.2,122987.2,122734.1,122743.4,67029896.91699986
2025-10-08 11:59:59.963000+00:00,2025-10-08 11:45:00+00:00,continuous,122743.4,122851.0,122672.8,122825.7,70576385.70799987
2025-10-08 12:14:59.922000+00:00,2025-10-08 12:00:00+00:00,continuous,122825.8,123009.6,122655.8,122918.8,167935383.70130047
2025-10-08 12:29:59.992000+00:00,2025-10-08 12:15:00+00:00,continuous,122918.9,122976.4,122571.1,122701.8,125129526.0778001
2025-10-08 12:44:59.904000+00:00,2025-10-08 12:30:00+00:00,continuous,122701.9,122701.9,122550.0,122609.1,105944031.08560017
2025-10-08 12:59:59.063000+00:00,2025-10-08 12:45:00+00:00,continuous,122609.1,122680.0,122478.9,122580.3,84326301.98239988
2025-10-08 13:14:59.955000+00:00,2025-10-08 13:00:00+00:00,continuous,122580.2,122729.8,122340.0,122597.8,140920307.55400038
2025-10-08 13:29:59.780000+00:00,2025-10-08 13:15:00+00:00,continuous,122597.7,122664.5,122431.9,122431.9,55931692.959699936
2025-10-08 13:44:59.897000+00:00,2025-10-08 13:30:00+00:00,continuous,122431.9,122637.5,121626.4,121845.0,582671140.7022004
2025-10-08 13:59:59.947000+00:00,2025-10-08 13:45:00+00:00,continuous,121845.0,122616.2,121607.8,122540.4,369968870.9304015
2025-10-08 14:14:59.786000+00:00,2025-10-08 14:00:00+00:00,continuous,122540.4,123312.9,122540.3,122761.4,771387424.6308864
2025-10-08 14:29:59.839000+00:00,2025-10-08 14:15:00+00:00,continuous,122761.3,123035.5,122366.3,122543.5,320668094.5327007
2025-10-08 14:44:59.662000+00:00,2025-10-08 14:30:00+00:00,continuous,122543.5,122807.5,122188.1,122416.0,284399051.90570074
2025-10-08 14:59:59.863000+00:00,2025-10-08 14:45:00+00:00,continuous,122416.0,122566.0,122043.1,122268.4,203435800.64380023
2025-10-08 15:14:59.948000+00:00,2025-10-08 15:00:00+00:00,continuous,122268.3,122577.9,122171.1,122438.3,134052069.18300022
2025-10-08 15:29:59.424000+00:00,2025-10-08 15:15:00+00:00,continuous,122438.4,122494.0,122136.7,122399.9,120427665.02239943
2025-10-08 15:44:59.922000+00:00,2025-10-08 15:30:00+00:00,continuous,122400.0,122403.1,122178.0,122305.5,72571605.01460007
2025-10-08 15:59:59.985000+00:00,2025-10-08 15:45:00+00:00,continuous,122305.5,122305.6,121888.0,122140.1,186572603.48099956
2025-10-08 16:14:59.970000+00:00,2025-10-08 16:00:00+00:00,continuous,122140.2,122682.0,122055.8,122681.9,254864552.49199906
2025-10-08 16:29:59.655000+00:00,2025-10-08 16:15:00+00:00,continuous,122682.0,122877.2,122555.1,122624.3,185898042.16929966
2025-10-08 16:44:59.739000+00:00,2025-10-08 16:30:00+00:00,continuous,122624.2,122692.8,122500.5,122659.4,62045610.295100026
2025-10-08 16:59:59.810000+00:00,2025-10-08 16:45:00+00:00,continuous,122659.3,123088.0,122655.3,122999.9,181214851.54160002
2025-10-08 17:14:59.857000+00:00,2025-10-08 17:00:00+00:00,continuous,122999.9,123645.0,122903.8,123614.6,486902847.6345978
2025-10-08 17:29:59.970000+00:00,2025-10-08 17:15:00+00:00,continuous,123614.6,123923.0,123435.4,123747.5,560007417.6387972
2025-10-08 17:44:59.922000+00:00,2025-10-08 17:30:00+00:00,continuous,123747.4,123996.0,123579.9,123718.0,234999531.35599956
2025-10-08 17:59:59.993000+00:00,2025-10-08 17:45:00+00:00,continuous,123718.0,124170.6,123628.0,123985.5,274650217.1757001
2025-10-08 18:14:59.449000+00:00,2025-10-08 18:00:00+00:00,continuous,123985.6,124169.2,123753.8,123809.5,239755598.3469988
2025-10-08 18:29:59.974000+00:00,2025-10-08 18:15:00+00:00,continuous,123809.6,123827.7,123520.0,123561.3,212890483.9806019
2025-10-08 18:44:59.136000+00:00,2025-10-08 18:30:00+00:00,continuous,123561.4,123747.7,123359.7,123505.7,184060366.11010003
2025-10-08 18:59:59.812000+00:00,2025-10-08 18:45:00+00:00,continuous,123505.9,123771.3,123381.9,123389.8,166242270.04079968
2025-10-08 19:14:59.894000+00:00,2025-10-08 19:00:00+00:00,continuous,123389.8,123469.0,123150.0,123192.6,136117511.24670005
2025-10-08 19:29:59.893000+00:00,2025-10-08 19:15:00+00:00,continuous,123192.6,123604.4,123095.0,123577.9,180112143.1388014
2025-10-08 19:44:59.552000+00:00,2025-10-08 19:30:00+00:00,continuous,123577.8,123690.0,123321.0,123372.6,139666627.6008994
2025-10-08 19:59:59.977000+00:00,2025-10-08 19:45:00+00:00,continuous,123372.7,123524.0,123340.5,123381.8,159976894.2672
2025-10-08 20:14:59.975000+00:00,2025-10-08 20:00:00+00:00,continuous,123381.8,123471.6,123235.6,123434.3,107676143.92979984
2025-10-08 20:29:59.947000+00:00,2025-10-08 20:15:00+00:00,continuous,123434.4,123671.5,123423.0,123491.2,84741210.0371993
2025-10-08 20:44:59.914000+00:00,2025-10-08 20:30:00+00:00,continuous,123491.2,123515.0,123284.9,123299.1,58275045.56080003
2025-10-08 20:59:59.959000+00:00,2025-10-08 20:45:00+00:00,continuous,123299.0,123329.0,122757.5,122784.6,187351130.27700058
2025-10-08 21:14:59.553000+00:00,2025-10-08 21:00:00+00:00,continuous,122784.5,123112.6,122739.7,123033.9,146644180.51059985
2025-10-08 21:29:58.444000+00:00,2025-10-08 21:15:00+00:00,continuous,123034.0,123257.4,123033.9,123215.9,61946409.415399976
2025-10-08 21:44:59.538000+00:00,2025-10-08 21:30:00+00:00,continuous,123216.0,123272.2,123206.8,123272.1,24914784.72590008
2025-10-08 21:59:59.567000+00:00,2025-10-08 21:45:00+00:00,continuous,123272.1,123272.2,123104.0,123231.4,36422302.25419992
2025-10-08 22:14:59.993000+00:00,2025-10-08 22:00:00+00:00,continuous,123231.5,123362.9,123230.1,123295.3,63144418.07909982
2025-10-08 22:29:59.310000+00:00,2025-10-08 22:15:00+00:00,continuous,123295.3,123347.2,123209.3,123228.8,25679039.14069996
2025-10-08 22:44:59.251000+00:00,2025-10-08 22:30:00+00:00,continuous,123228.8,123300.0,123228.7,123255.3,20981021.443800114
2025-10-08 22:59:59.583000+00:00,2025-10-08 22:45:00+00:00,continuous,123255.3,123272.9,123126.1,123126.1,24020993.591600068
2025-10-08 23:14:59.928000+00:00,2025-10-08 23:00:00+00:00,continuous,123126.0,123136.6,122981.2,123070.8,49624411.20729985
2025-10-08 23:29:59.750000+00:00,2025-10-08 23:15:00+00:00,continuous,123070.8,123420.9,123070.7,123420.9,64421060.56000014
2025-10-08 23:44:59.892000+00:00,2025-10-08 23:30:00+00:00,continuous,123421.0,123475.3,123270.6,123290.8,54427345.71009982
2025-10-08 23:59:59.945000+00:00,2025-10-08 23:45:00+00:00,continuous,123290.8,123300.0,123235.2,123237.5,38332936.9646
2025-10-09 00:14:59.964000+00:00,2025-10-09 00:00:00+00:00,continuous,123237.4,123279.7,122959.7,123051.7,92893774.01619981
2025-10-09 00:29:59.907000+00:00,2025-10-09 00:15:00+00:00,continuous,123051.8,123206.1,122989.6,123000.0,49284501.78599987
2025-10-09 00:44:59.926000+00:00,2025-10-09 00:30:00+00:00,continuous,122999.9,123048.7,122801.1,122906.3,78910989.66689967
2025-10-09 00:59:59.836000+00:00,2025-10-09 00:45:00+00:00,continuous,122906.4,123062.3,122782.0,122782.0,56861761.24169978
2025-10-09 01:14:59.870000+00:00,2025-10-09 01:00:00+00:00,continuous,122782.0,122806.0,122535.0,122576.3,170040740.75850135
2025-10-09 01:29:59.433000+00:00,2025-10-09 01:15:00+00:00,continuous,122576.3,122710.9,122424.2,122471.9,131447022.92300087
2025-10-09 01:44:59.703000+00:00,2025-10-09 01:30:00+00:00,continuous,122471.9,122472.0,122272.7,122284.3,137685272.8842996
2025-10-09 01:59:59.975000+00:00,2025-10-09 01:45:00+00:00,continuous,122284.4,122520.2,122284.4,122496.6,83101780.15940008
2025-10-09 02:14:59.919000+00:00,2025-10-09 02:00:00+00:00,continuous,122496.5,122496.6,122004.0,122214.2,213765312.9915998
2025-10-09 02:29:59.744000+00:00,2025-10-09 02:15:00+00:00,continuous,122214.2,122276.7,121907.0,121956.3,151420556.13380045
2025-10-09 02:44:59.943000+00:00,2025-10-09 02:30:00+00:00,continuous,121956.3,122070.0,121535.1,121636.5,258008652.58850053
2025-10-09 02:59:59.915000+00:00,2025-10-09 02:45:00+00:00,continuous,121636.5,121768.9,121411.8,121573.2,242014585.5233017
2025-10-09 03:14:59.514000+00:00,2025-10-09 03:00:00+00:00,continuous,121573.2,121920.0,121558.8,121766.7,213021352.58419895
2025-10-09 03:29:59.841000+00:00,2025-10-09 03:15:00+00:00,continuous,121766.8,122080.7,121766.7,121927.3,129056844.46750064
2025-10-09 03:44:59.842000+00:00,2025-10-09 03:30:00+00:00,continuous,121927.4,122033.3,121841.9,121852.4,66996326.099899895
2025-10-09 03:59:59.881000+00:00,2025-10-09 03:45:00+00:00,continuous,121852.3,122000.0,121843.4,121988.4,60211535.89249987
2025-10-09 04:14:59.591000+00:00,2025-10-09 04:00:00+00:00,continuous,121988.4,122050.0,121845.2,121850.1,117212456.19370055
2025-10-09 04:29:59.947000+00:00,2025-10-09 04:15:00+00:00,continuous,121850.1,122221.0,121850.1,122193.1,111896675.45000045
2025-10-09 04:44:59.860000+00:00,2025-10-09 04:30:00+00:00,continuous,122193.1,122193.1,121947.0,121974.3,76082258.25830004
2025-10-09 04:59:59.962000+00:00,2025-10-09 04:45:00+00:00,continuous,121974.3,122126.0,121964.3,122087.6,58870243.91750039
2025-10-09 05:14:59.522000+00:00,2025-10-09 05:00:00+00:00,continuous,122087.6,122150.4,121863.3,121863.4,76786123.98150012
2025-10-09 05:29:59.907000+00:00,2025-10-09 05:15:00+00:00,continuous,121863.3,121980.7,121816.3,121951.2,105750011.32839996
2025-10-09 05:44:59.956000+00:00,2025-10-09 05:30:00+00:00,continuous,121951.2,122078.1,121762.2,121908.4,125340823.46050015
2025-10-09 05:59:59.932000+00:00,2025-10-09 05:45:00+00:00,continuous,121908.3,122088.6,121850.0,122052.6,61070879.24139968
2025-10-09 06:14:59.668000+00:00,2025-10-09 06:00:00+00:00,continuous,122052.7,122066.4,121850.0,121895.0,71546459.58649917
2025-10-09 06:29:59.720000+00:00,2025-10-09 06:15:00+00:00,continuous,121894.9,122093.1,121824.7,122041.3,85197007.70469946
2025-10-09 06:44:59.216000+00:00,2025-10-09 06:30:00+00:00,continuous,122041.3,122139.1,121988.0,122060.2,39881082.027699836
2025-10-09 06:59:59.671000+00:00,2025-10-09 06:45:00+00:00,continuous,122060.2,122110.9,121810.4,121900.4,83968073.52479956
2025-10-09 07:14:59.987000+00:00,2025-10-09 07:00:00+00:00,continuous,121900.3,122006.0,121879.1,121915.2,47841677.98910016
2025-10-09 07:29:59.865000+00:00,2025-10-09 07:15:00+00:00,continuous,121915.1,122006.7,121741.1,121812.9,70968616.98250015
2025-10-09 07:44:59.851000+00:00,2025-10-09 07:30:00+00:00,continuous,121812.8,121829.1,121657.3,121677.0,93143127.23300031
2025-10-09 07:59:59.973000+00:00,2025-10-09 07:45:00+00:00,continuous,121676.9,121946.2,121664.2,121847.9,78214969.15470019
2025-10-09 08:14:59.990000+00:00,2025-10-09 08:00:00+00:00,continuous,121847.8,121909.7,121622.5,121675.0,118566717.42029904
2025-10-09 08:29:59.967000+00:00,2025-10-09 08:15:00+00:00,continuous,121675.1,121675.1,121136.0,121136.0,412048443.6748998
2025-10-09 08:44:59.832000+00:00,2025-10-09 08:30:00+00:00,continuous,121136.1,121570.9,121102.0,121275.6,285641549.3487971
2025-10-09 08:59:59.884000+00:00,2025-10-09 08:45:00+00:00,continuous,121275.6,121463.3,121081.5,121202.4,182785329.1696021
2025-10-09 09:14:59.905000+00:00,2025-10-09 09:00:00+00:00,continuous,121202.4,121638.0,121202.4,121552.4,196600605.5361996
2025-10-09 09:29:59.838000+00:00,2025-10-09 09:15:00+00:00,continuous,121552.4,121719.5,121463.5,121643.6,111083281.5654996
2025-10-09 09:44:59.868000+00:00,2025-10-09 09:30:00+00:00,continuous,121643.7,121768.1,121609.6,121619.6,88987425.25909933
2025-10-09 09:59:59.319000+00:00,2025-10-09 09:45:00+00:00,continuous,121619.7,121790.0,121555.0,121753.3,85869203.13920026
2025-10-09 10:14:59.993000+00:00,2025-10-09 10:00:00+00:00,continuous,121753.4,121850.0,121695.0,121812.6,69488067.01830025
2025-10-09 10:29:59.977000+00:00,2025-10-09 10:15:00+00:00,continuous,121812.6,121829.4,121591.4,121671.3,74144836.70560005
2025-10-09 10:44:59.648000+00:00,2025-10-09 10:30:00+00:00,continuous,121671.3,122286.7,121671.2,122168.5,260040421.56580096
2025-10-09 10:59:59.893000+00:00,2025-10-09 10:45:00+00:00,continuous,122168.4,122287.2,122034.0,122106.2,97312784.94700007
2025-10-09 11:14:59.649000+00:00,2025-10-09 11:00:00+00:00,continuous,122106.1,122297.0,122106.1,122173.2,97299051.49399926
2025-10-09 11:29:59.753000+00:00,2025-10-09 11:15:00+00:00,continuous,122173.1,122721.5,122173.1,122610.0,267981886.01910082
2025-10-09 11:44:59.892000+00:00,2025-10-09 11:30:00+00:00,continuous,122610.1,122777.0,122521.4,122768.5,142790853.2738999
2025-10-09 11:59:59.887000+00:00,2025-10-09 11:45:00+00:00,continuous,122768.4,122768.5,122627.2,122672.9,98987086.21049966
2025-10-09 12:14:59.973000+00:00,2025-10-09 12:00:00+00:00,continuous,122673.0,123091.6,122640.3,122967.5,323708496.0227998
2025-10-09 12:29:59.854000+00:00,2025-10-09 12:15:00+00:00,continuous,122967.5,123088.0,122920.3,122961.0,229503391.08849952
2025-10-09 12:44:59.979000+00:00,2025-10-09 12:30:00+00:00,continuous,122961.0,123740.1,122885.2,123481.2,500846721.18950135
2025-10-09 12:59:59.852000+00:00,2025-10-09 12:45:00+00:00,continuous,123481.1,123603.7,123266.3,123500.0,308632408.5790981
2025-10-09 13:14:59.970000+00:00,2025-10-09 13:00:00+00:00,continuous,123500.0,123598.8,123098.7,123190.6,350759244.3981006
2025-10-09 13:29:59.759000+00:00,2025-10-09 13:15:00+00:00,continuous,123190.6,123450.1,123156.1,123408.8,169558560.4651995
2025-10-09 13:44:59.852000+00:00,2025-10-09 13:30:00+00:00,continuous,123408.8,123408.8,122520.0,122707.1,454595410.5732046
2025-10-09 13:59:59.900000+00:00,2025-10-09 13:45:00+00:00,continuous,122707.1,123039.5,122227.7,122357.0,605342664.2326002
2025-10-09 14:14:59.969000+00:00,2025-10-09 14:00:00+00:00,continuous,122357.0,122533.4,121700.1,122377.6,1060169550.5161953
2025-10-09 14:29:59.987000+00:00,2025-10-09 14:15:00+00:00,continuous,122377.6,122457.5,121450.0,121621.6,641304538.7336969
2025-10-09 14:44:59.988000+00:00,2025-10-09 14:30:00+00:00,continuous,121621.6,121769.7,121177.3,121206.7,700593140.4915063
2025-10-09 14:59:59.980000+00:00,2025-10-09 14:45:00+00:00,continuous,121206.8,121412.3,120666.9,121235.1,1052812988.6154177
2025-10-09 15:14:59.975000+00:00,2025-10-09 15:00:00+00:00,continuous,121235.2,121663.0,121231.2,121278.3,385088212.3860976
2025-10-09 15:29:59.931000+00:00,2025-10-09 15:15:00+00:00,continuous,121278.2,121345.6,120955.0,120981.5,261059471.31660014
2025-10-09 15:44:59.762000+00:00,2025-10-09 15:30:00+00:00,continuous,120981.4,121000.0,120699.9,120739.2,283721537.22219837
2025-10-09 15:59:59.836000+00:00,2025-10-09 15:45:00+00:00,continuous,120739.4,121218.0,120595.5,121079.4,304086670.2270008
2025-10-09 16:14:59.906000+00:00,2025-10-09 16:00:00+00:00,continuous,121079.4,121339.8,121067.2,121177.3,174664546.27419907
2025-10-09 16:29:59.848000+00:00,2025-10-09 16:15:00+00:00,continuous,121177.2,121426.7,120987.8,121189.9,259117246.34600085
2025-10-09 16:44:59.951000+00:00,2025-10-09 16:30:00+00:00,continuous,121189.8,121242.6,120528.0,120743.5,449058668.9380001
2025-10-09 16:59:59.980000+00:00,2025-10-09 16:45:00+00:00,continuous,120743.6,120816.0,119619.0,119752.1,1318349661.9878967
2025-10-09 17:14:59.895000+00:00,2025-10-09 17:00:00+00:00,continuous,119752.1,120317.5,119572.8,120201.7,803267324.0967898
2025-10-09 17:29:59.807000+00:00,2025-10-09 17:15:00+00:00,continuous,120201.7,120472.7,120071.4,120205.6,256845005.2569995
2025-10-09 17:44:59.867000+00:00,2025-10-09 17:30:00+00:00,continuous,120205.7,120562.3,120192.0,120400.0,259140506.23410094
2025-10-09 17:59:59.865000+00:00,2025-10-09 17:45:00+00:00,continuous,120399.9,121000.3,120350.0,120915.6,343568084.7247986
2025-10-09 18:14:59.975000+00:00,2025-10-09 18:00:00+00:00,continuous,120915.5,121051.2,120608.2,120702.3,272862922.9828996
2025-10-09 18:29:59.738000+00:00,2025-10-09 18:15:00+00:00,continuous,120702.2,120879.4,120482.3,120635.8,291164790.2017029
2025-10-09 18:44:59.784000+00:00,2025-10-09 18:30:00+00:00,continuous,120635.8,120644.1,120319.0,120548.0,154181913.77769867
2025-10-09 18:59:59.658000+00:00,2025-10-09 18:45:00+00:00,continuous,120548.1,120671.4,120435.5,120600.0,96682276.11870083
2025-10-09 19:14:59.872000+00:00,2025-10-09 19:00:00+00:00,continuous,120600.0,120911.4,120600.0,120887.3,118757309.74499974
2025-10-09 19:29:59.968000+00:00,2025-10-09 19:15:00+00:00,continuous,120887.3,121060.1,120770.4,121041.4,106781723.05909951
2025-10-09 19:44:59.803000+00:00,2025-10-09 19:30:00+00:00,continuous,121041.3,121057.8,120751.2,120785.8,74574412.05750047
2025-10-09 19:59:59.879000+00:00,2025-10-09 19:45:00+00:00,continuous,120785.9,121000.0,120782.1,120897.6,80684994.8808001
2025-10-09 20:14:59.838000+00:00,2025-10-09 20:00:00+00:00,continuous,120897.6,121104.9,120787.9,120794.6,97308073.1769997
2025-10-09 20:29:59.978000+00:00,2025-10-09 20:15:00+00:00,continuous,120794.6,120925.1,120788.7,120830.5,39862329.71720006
2025-10-09 20:44:59.073000+00:00,2025-10-09 20:30:00+00:00,continuous,120830.5,120952.1,120830.5,120952.1,25652689.008100025
2025-10-09 20:59:59.412000+00:00,2025-10-09 20:45:00+00:00,continuous,120952.1,121147.2,120862.7,121045.4,127868383.28639907
2025-10-09 21:14:59.995000+00:00,2025-10-09 21:00:00+00:00,continuous,121045.3,121345.0,120998.3,121312.4,92109842.81010014
2025-10-09 21:29:59.633000+00:00,2025-10-09 21:15:00+00:00,continuous,121312.3,121442.6,121241.8,121268.7,101066251.00580096
2025-10-09 21:44:59.994000+00:00,2025-10-09 21:30:00+00:00,continuous,121268.8,121457.2,121178.7,121385.3,68852696.67989954
2025-10-09 21:59:59.668000+00:00,2025-10-09 21:45:00+00:00,continuous,121385.3,121435.8,121259.2,121407.8,54179670.29620006
2025-10-09 22:14:59.527000+00:00,2025-10-09 22:00:00+00:00,continuous,121407.9,121473.0,121342.0,121411.1,61534707.487700455
2025-10-09 22:29:59.830000+00:00,2025-10-09 22:15:00+00:00,continuous,121411.2,121544.5,121388.8,121486.0,81980600.37000018
2025-10-09 22:44:59.945000+00:00,2025-10-09 22:30:00+00:00,continuous,121486.1,121636.5,121413.1,121602.4,53485476.941699944
2025-10-09 22:59:59.522000+00:00,2025-10-09 22:45:00+00:00,continuous,121602.5,121712.4,121588.2,121619.5,76045815.02489996
2025-10-09 23:14:58.799000+00:00,2025-10-09 23:00:00+00:00,continuous,121619.6,121619.6,121370.1,121409.1,95235358.70859995
2025-10-09 23:29:59.881000+00:00,2025-10-09 23:15:00+00:00,continuous,121409.0,121488.2,121271.3,121455.1,70761607.03480016
2025-10-09 23:44:59.893000+00:00,2025-10-09 23:30:00+00:00,continuous,121455.1,121475.5,121366.0,121475.5,32735132.1571001
2025-10-09 23:59:59.064000+00:00,2025-10-09 23:45:00+00:00,continuous,121475.5,121671.1,121448.4,121579.3,91991909.44940001
2025-10-10 00:14:58.800000+00:00,2025-10-10 00:00:00+00:00,continuous,121579.4,121690.0,121523.7,121583.8,78957855.71220045
2025-10-10 00:29:59.647000+00:00,2025-10-10 00:15:00+00:00,continuous,121583.7,121808.0,121583.7,121808.0,80867019.65979968
2025-10-10 00:44:59.888000+00:00,2025-10-10 00:30:00+00:00,continuous,121807.9,121807.9,121634.6,121646.5,56138884.35929998
2025-10-10 00:59:59.677000+00:00,2025-10-10 00:45:00+00:00,continuous,121646.5,121738.0,121548.2,121682.2,50790335.97779981
2025-10-10 01:14:59.521000+00:00,2025-10-10 01:00:00+00:00,continuous,121682.2,121835.5,121671.9,121758.9,57649247.79870026
2025-10-10 01:29:59.378000+00:00,2025-10-10 01:15:00+00:00,continuous,121758.9,121759.0,121589.4,121755.9,54503463.70130015
2025-10-10 01:44:59.883000+00:00,2025-10-10 01:30:00+00:00,continuous,121755.9,121769.7,121425.3,121515.0,67799773.41050005
2025-10-10 01:59:59.889000+00:00,2025-10-10 01:45:00+00:00,continuous,121514.9,121657.9,121484.6,121575.3,68609151.3120999
2025-10-10 02:14:59.770000+00:00,2025-10-10 02:00:00+00:00,continuous,121575.2,121595.4,121155.7,121215.2,404138988.38059944
2025-10-10 02:29:59.746000+00:00,2025-10-10 02:15:00+00:00,continuous,121215.1,121348.1,121184.5,121292.3,98413602.41970043
2025-10-10 02:44:59.841000+00:00,2025-10-10 02:30:00+00:00,continuous,121292.3,121303.0,121010.8,121171.0,184670819.66620004
2025-10-10 02:59:59.566000+00:00,2025-10-10 02:45:00+00:00,continuous,121171.1,121229.0,120850.0,121007.2,195665151.36249924
2025-10-10 03:14:59.804000+00:00,2025-10-10 03:00:00+00:00,continuous,121007.1,121061.3,120852.4,121042.3,105641438.70519932
2025-10-10 03:29:59.928000+00:00,2025-10-10 03:15:00+00:00,continuous,121042.3,121412.7,121042.3,121389.0,136699666.0765992
2025-10-10 03:44:59.154000+00:00,2025-10-10 03:30:00+00:00,continuous,121389.0,121485.4,121366.3,121454.9,140807868.95400038
2025-10-10 03:59:59.930000+00:00,2025-10-10 03:45:00+00:00,continuous,121455.0,121535.3,120960.4,120960.8,173768035.13889903
2025-10-10 04:14:59.280000+00:00,2025-10-10 04:00:00+00:00,continuous,120960.8,121342.5,120956.8,121310.1,158208304.43759984
2025-10-10 04:29:59.929000+00:00,2025-10-10 04:15:00+00:00,continuous,121310.1,121311.3,121122.1,121240.5,75759943.2929001
2025-10-10 04:44:59.900000+00:00,2025-10-10 04:30:00+00:00,continuous,121240.5,121308.5,120989.6,121097.6,99218603.41649948
2025-10-10 04:59:59.970000+00:00,2025-10-10 04:45:00+00:00,continuous,121097.6,121235.1,121080.0,121192.7,55091122.05440026
2025-10-10 05:14:59.924000+00:00,2025-10-10 05:00:00+00:00,continuous,121192.6,121200.0,120933.7,121050.1,89606231.74669959
2025-10-10 05:29:59.913000+00:00,2025-10-10 05:15:00+00:00,continuous,121050.1,121452.5,121038.1,121314.0,95566314.78959975
2025-10-10 05:44:59.747000+00:00,2025-10-10 05:30:00+00:00,continuous,121314.1,121388.0,121155.2,121388.0,77612153.47689956
2025-10-10 05:59:59.842000+00:00,2025-10-10 05:45:00+00:00,continuous,121388.0,121559.1,121387.9,121529.6,127539657.2090995
2025-10-10 06:14:59.691000+00:00,2025-10-10 06:00:00+00:00,continuous,121529.6,121712.2,121490.2,121524.9,160503616.2328002
2025-10-10 06:29:59.414000+00:00,2025-10-10 06:15:00+00:00,continuous,121524.9,121628.0,121446.1,121466.9,67071528.52200012
2025-10-10 06:44:59.891000+00:00,2025-10-10 06:30:00+00:00,continuous,121466.9,121671.2,121417.4,121604.8,77573774.40599954
2025-10-10 06:59:59.969000+00:00,2025-10-10 06:45:00+00:00,continuous,121604.8,121678.0,121194.3,121315.0,132771314.53789967
2025-10-10 07:14:58.890000+00:00,2025-10-10 07:00:00+00:00,continuous,121315.1,121315.1,121135.4,121214.2,80977493.9120994
2025-10-10 07:29:59.925000+00:00,2025-10-10 07:15:00+00:00,continuous,121214.1,121336.5,121145.4,121261.2,82584958.43379964
2025-10-10 07:44:59.903000+00:00,2025-10-10 07:30:00+00:00,continuous,121261.1,121291.1,121050.0,121076.7,97204830.41899966
2025-10-10 07:59:59.856000+00:00,2025-10-10 07:45:00+00:00,continuous,121076.6,121085.3,120814.0,120886.1,176413293.8890002
2025-10-10 08:14:58.934000+00:00,2025-10-10 08:00:00+00:00,continuous,120886.1,121149.6,120869.2,121108.5,132894677.18779959
2025-10-10 08:29:59.958000+00:00,2025-10-10 08:15:00+00:00,continuous,121108.5,121275.2,121108.5,121229.4,68642848.69540018
2025-10-10 08:44:58.681000+00:00,2025-10-10 08:30:00+00:00,continuous,121229.4,121308.4,121160.3,121220.0,63008832.24709983
2025-10-10 08:59:59.939000+00:00,2025-10-10 08:45:00+00:00,continuous,121220.1,121624.4,121220.1,121570.5,95354834.05569986
2025-10-10 09:14:59.880000+00:00,2025-10-10 09:00:00+00:00,continuous,121570.5,121602.6,121446.0,121452.4,105938744.6883997
2025-10-10 09:29:59.610000+00:00,2025-10-10 09:15:00+00:00,continuous,121452.5,121728.3,121408.1,121679.6,88022524.86880015
2025-10-10 09:44:58.939000+00:00,2025-10-10 09:30:00+00:00,continuous,121679.6,121698.6,121591.3,121623.4,67379134.61000007
2025-10-10 09:59:59.467000+00:00,2025-10-10 09:45:00+00:00,continuous,121623.5,121682.3,121209.3,121249.9,161952038.02740017
2025-10-10 10:14:59.622000+00:00,2025-10-10 10:00:00+00:00,continuous,121250.0,121350.0,121237.5,121279.5,46426453.18099975
2025-10-10 10:29:59.432000+00:00,2025-10-10 10:15:00+00:00,continuous,121279.4,121428.9,121254.2,121270.0,46348828.89479971
2025-10-10 10:44:59.090000+00:00,2025-10-10 10:30:00+00:00,continuous,121270.0,121337.1,121163.2,121263.2,77663714.62819996
2025-10-10 10:59:59.298000+00:00,2025-10-10 10:45:00+00:00,continuous,121263.1,121489.2,121231.2,121443.4,63746780.98350046
2025-10-10 11:14:59.704000+00:00,2025-10-10 11:00:00+00:00,continuous,121443.4,121608.0,121443.3,121470.8,63610866.45940012
2025-10-10 11:29:57.842000+00:00,2025-10-10 11:15:00+00:00,continuous,121470.7,121514.4,121361.8,121394.0,45912989.933700025
2025-10-10 11:44:59.591000+00:00,2025-10-10 11:30:00+00:00,continuous,121394.0,121518.4,121383.8,121463.0,40757363.17979986
2025-10-10 11:59:59.895000+00:00,2025-10-10 11:45:00+00:00,continuous,121463.0,121586.3,121399.7,121493.2,51972024.495899804
2025-10-10 12:14:59.526000+00:00,2025-10-10 12:00:00+00:00,continuous,121493.2,121638.7,121400.8,121422.2,88246845.31960016
2025-10-10 12:29:59.924000+00:00,2025-10-10 12:15:00+00:00,continuous,121422.2,121519.2,121396.0,121480.9,44422857.4380999
2025-10-10 12:44:59.919000+00:00,2025-10-10 12:30:00+00:00,continuous,121480.9,121533.0,121353.7,121403.7,61078087.90980003
2025-10-10 12:59:59.777000+00:00,2025-10-10 12:45:00+00:00,continuous,121403.6,121562.3,121403.6,121534.8,48902535.66459993
2025-10-10 13:14:59.938000+00:00,2025-10-10 13:00:00+00:00,continuous,121534.8,121870.1,121534.7,121765.5,192746250.64310023
2025-10-10 13:29:59.863000+00:00,2025-10-10 13:15:00+00:00,continuous,121765.5,121999.0,121630.8,121909.9,198852320.13690045
2025-10-10 13:44:59.998000+00:00,2025-10-10 13:30:00+00:00,continuous,121909.9,122497.0,121718.7,122187.1,511162615.5870021
2025-10-10 13:59:59.825000+00:00,2025-10-10 13:45:00+00:00,continuous,122187.2,122253.4,121313.6,121609.1,515523043.19580144
2025-10-10 14:14:59.546000+00:00,2025-10-10 14:00:00+00:00,continuous,121609.1,122000.0,121404.0,121601.5,305022648.42560035
2025-10-10 14:29:59.686000+00:00,2025-10-10 14:15:00+00:00,continuous,121601.4,121630.0,121074.0,121165.1,329135158.2543974
2025-10-10 14:44:59.581000+00:00,2025-10-10 14:30:00+00:00,continuous,121165.1,121400.0,121124.8,121294.8,134665688.56730038
2025-10-10 14:59:59.961000+00:00,2025-10-10 14:45:00+00:00,continuous,121294.8,121360.8,120408.1,120436.4,581979046.8584063
2025-10-10 15:14:59.863000+00:00,2025-10-10 15:00:00+00:00,continuous,120436.3,120583.7,119837.1,120375.1,1257946735.930408
2025-10-10 15:29:59.971000+00:00,2025-10-10 15:15:00+00:00,continuous,120375.0,120454.1,119188.0,119188.0,1491060097.1367052
2025-10-10 15:44:59.898000+00:00,2025-10-10 15:30:00+00:00,continuous,119188.1,119544.0,118424.4,119520.1,1711059680.837477
2025-10-10 15:59:59.980000+00:00,2025-10-10 15:45:00+00:00,continuous,119520.0,119560.9,118800.0,118965.3,595812531.0207996
2025-10-10 16:14:59.907000+00:00,2025-10-10 16:00:00+00:00,continuous,118965.2,119185.1,118611.5,118885.6,476507086.92319775
2025-10-10 16:29:59.834000+00:00,2025-10-10 16:15:00+00:00,continuous,118885.5,119199.0,118520.7,119015.0,432840011.1487971
2025-10-10 16:44:59.941000+00:00,2025-10-10 16:30:00+00:00,continuous,119015.0,119403.4,118769.6,118833.6,344897210.237101
2025-10-10 16:59:59.940000+00:00,2025-10-10 16:45:00+00:00,continuous,118833.5,118842.8,118150.0,118150.0,898008278.1216124
2025-10-10 17:14:59.920000+00:00,2025-10-10 17:00:00+00:00,continuous,118150.0,118379.7,117600.0,117857.1,944551167.2395036
2025-10-10 17:29:59.860000+00:00,2025-10-10 17:15:00+00:00,continuous,117857.0,118201.1,117681.2,118108.6,396475064.4265037
2025-10-10 17:44:59.813000+00:00,2025-10-10 17:30:00+00:00,continuous,118108.6,118142.0,117732.9,117791.2,198245279.91470045
2025-10-10 17:59:59.954000+00:00,2025-10-10 17:45:00+00:00,continuous,117791.1,117883.7,117517.6,117590.8,405388802.0219985
2025-10-10 18:14:59.939000+00:00,2025-10-10 18:00:00+00:00,continuous,117590.9,117771.1,117460.0,117609.8,338217334.8722004
2025-10-10 18:29:59.705000+00:00,2025-10-10 18:15:00+00:00,continuous,117609.8,117825.2,117480.4,117560.1,188336436.0493003
2025-10-10 18:44:59.960000+00:00,2025-10-10 18:30:00+00:00,continuous,117560.0,117658.8,117360.4,117411.2,183596966.1489004
2025-10-10 18:59:59.983000+00:00,2025-10-10 18:45:00+00:00,continuous,117411.2,117599.0,117161.8,117178.5,282948491.25699806
2025-10-10 19:14:59.975000+00:00,2025-10-10 19:00:00+00:00,continuous,117178.4,117300.0,116635.7,116784.7,661257968.3115987
2025-10-10 19:29:59.996000+00:00,2025-10-10 19:15:00+00:00,continuous,116784.6,116887.2,115845.0,116001.3,1288324389.8925803
2025-10-10 19:44:59.866000+00:00,2025-10-10 19:30:00+00:00,continuous,116007.8,116944.0,115935.8,116877.7,566004205.3829968
2025-10-10 19:59:59.974000+00:00,2025-10-10 19:45:00+00:00,continuous,116877.7,117051.7,116511.0,116605.3,370930944.6133011
2025-10-10 20:14:59.951000+00:00,2025-10-10 20:00:00+00:00,continuous,116605.2,116850.0,116514.0,116720.3,185273396.51639977
2025-10-10 20:29:59.972000+00:00,2025-10-10 20:15:00+00:00,continuous,116720.3,117122.2,116626.9,117014.0,225627054.25819927
2025-10-10 20:44:59.746000+00:00,2025-10-10 20:30:00+00:00,continuous,117014.0,117145.3,116712.9,116970.0,165279663.0132001
2025-10-10 20:59:59.982000+00:00,2025-10-10 20:45:00+00:00,continuous,116970.1,117040.3,112786.6,114198.0,3050316827.6434393
2025-10-10 21:14:59.991000+00:00,2025-10-10 21:00:00+00:00,continuous,114200.4,115075.6,109069.0,112137.6,3137402901.592123
2025-10-10 21:29:59.991000+00:00,2025-10-10 21:15:00+00:00,continuous,112129.9,112539.5,101516.5,109183.0,7502319654.396806
2025-10-10 21:44:59.999000+00:00,2025-10-10 21:30:00+00:00,continuous,109180.3,112387.3,108668.3,111243.1,2019482273.3547416
2025-10-10 21:59:59.985000+00:00,2025-10-10 21:45:00+00:00,continuous,111243.0,113757.0,111233.6,113253.6,1821681488.4898582
2025-10-10 22:14:59.898000+00:00,2025-10-10 22:00:00+00:00,continuous,113253.7,113700.0,111020.4,113639.5,1477754201.6425004
2025-10-10 22:29:59.928000+00:00,2025-10-10 22:15:00+00:00,continuous,113639.6,113750.0,112037.9,112329.3,950269589.7858084
2025-10-10 22:44:59.987000+00:00,2025-10-10 22:30:00+00:00,continuous,112329.3,113215.2,112044.0,113143.8,734630148.9768001
2025-10-10 22:59:59.982000+00:00,2025-10-10 22:45:00+00:00,continuous,113143.7,114071.0,113143.7,113606.3,781037020.6375045
2025-10-10 23:14:59.851000+00:00,2025-10-10 23:00:00+00:00,continuous,113606.2,113778.9,112700.0,112995.3,403892122.233102
2025-10-10 23:29:59.897000+00:00,2025-10-10 23:15:00+00:00,continuous,112995.3,113798.0,112752.1,113704.2,451801530.15120167
2025-10-10 23:44:59.982000+00:00,2025-10-10 23:30:00+00:00,continuous,113704.2,114829.7,113517.2,114552.2,592167141.3195096
2025-10-10 23:59:59.985000+00:00,2025-10-10 23:45:00+00:00,continuous,114552.2,114567.0,112688.0,112714.9,705284372.585705
2025-10-11 00:14:59.953000+00:00,2025-10-11 00:00:00+00:00,continuous,112715.0,112986.8,112200.0,112314.1,532922910.80919766
2025-10-11 00:29:59.772000+00:00,2025-10-11 00:15:00+00:00,continuous,112314.1,112435.1,111580.0,112416.0,528536152.7472016
2025-10-11 00:44:59.724000+00:00,2025-10-11 00:30:00+00:00,continuous,112416.0,112640.0,112021.0,112582.1,326272793.45750004
2025-10-11 00:59:59.973000+00:00,2025-10-11 00:45:00+00:00,continuous,112582.0,113142.7,112462.0,112463.3,250331983.10610157
2025-10-11 01:14:59.965000+00:00,2025-10-11 01:00:00+00:00,continuous,112463.3,112489.9,111897.8,111903.3,186881813.07829776
2025-10-11 01:29:59.992000+00:00,2025-10-11 01:15:00+00:00,continuous,111903.3,111986.4,111147.7,111233.2,367448422.42060024
2025-10-11 01:44:59.885000+00:00,2025-10-11 01:30:00+00:00,continuous,111233.3,111940.0,111129.0,111207.8,298495293.90539926
2025-10-11 01:59:59.967000+00:00,2025-10-11 01:45:00+00:00,continuous,111207.9,111591.4,110987.0,111060.0,288851044.6748018
2025-10-11 02:14:59.995000+00:00,2025-10-11 02:00:00+00:00,continuous,111060.0,111995.8,111045.5,111910.3,325780653.713203
2025-10-11 02:29:59.823000+00:00,2025-10-11 02:15:00+00:00,continuous,111910.2,112409.0,111834.5,112154.9,302104899.6277001
2025-10-11 02:44:59.947000+00:00,2025-10-11 02:30:00+00:00,continuous,112154.9,113206.0,112128.7,113152.3,314029731.0553035
2025-10-11 02:59:59.968000+00:00,2025-10-11 02:45:00+00:00,continuous,113152.2,113273.3,112950.0,113175.4,355563683.9535004
2025-10-11 03:14:59.994000+00:00,2025-10-11 03:00:00+00:00,continuous,113175.3,113300.1,112071.1,112333.2,359239930.1385993
2025-10-11 03:29:59.943000+00:00,2025-10-11 03:15:00+00:00,continuous,112333.3,112387.7,111808.3,111826.1,245776948.8533994
2025-10-11 03:44:59.873000+00:00,2025-10-11 03:30:00+00:00,continuous,111826.0,112151.6,111750.0,111843.9,226458463.36060026
2025-10-11 03:59:59.693000+00:00,2025-10-11 03:45:00+00:00,continuous,111843.9,112375.2,111790.7,112261.9,140804453.74680007
2025-10-11 04:14:59.831000+00:00,2025-10-11 04:00:00+00:00,continuous,112261.6,112483.4,112024.4,112388.1,119543831.17560022
2025-10-11 04:29:59.920000+00:00,2025-10-11 04:15:00+00:00,continuous,112388.2,112560.5,112023.1,112233.6,156464247.98499936
2025-10-11 04:44:59.830000+00:00,2025-10-11 04:30:00+00:00,continuous,112233.6,112261.6,111633.2,112076.5,168325326.47159904
2025-10-11 04:59:59.861000+00:00,2025-10-11 04:45:00+00:00,continuous,112076.6,112931.9,111890.4,112905.3,232021710.3994011
2025-10-11 05:14:59.565000+00:00,2025-10-11 05:00:00+00:00,continuous,112905.3,112908.8,112511.6,112612.9,168473537.8302002
2025-10-11 05:29:59.993000+00:00,2025-10-11 05:15:00+00:00,continuous,112613.0,112630.0,111982.5,111982.6,302470299.5797994
2025-10-11 05:44:59.985000+00:00,2025-10-11 05:30:00+00:00,continuous,111982.5,112228.4,111982.5,111993.7,139975352.35889947
2025-10-11 05:59:59.491000+00:00,2025-10-11 05:45:00+00:00,continuous,111993.6,112498.7,111986.8,112338.3,111300476.53580055
2025-10-11 06:14:59.918000+00:00,2025-10-11 06:00:00+00:00,continuous,112338.2,112579.5,112056.0,112327.6,110835115.47600034
2025-10-11 06:29:59.891000+00:00,2025-10-11 06:15:00+00:00,continuous,112327.5,112718.9,112260.2,112638.3,98473665.86379942
2025-10-11 06:44:59.917000+00:00,2025-10-11 06:30:00+00:00,continuous,112638.3,112641.1,112029.5,112093.3,119755620.73179972
2025-10-11 06:59:59.740000+00:00,2025-10-11 06:45:00+00:00,continuous,112094.1,112265.7,111982.5,112000.0,146873776.5216997
2025-10-11 07:14:59.970000+00:00,2025-10-11 07:00:00+00:00,continuous,112000.1,112050.0,110894.2,111344.6,876826835.6295927
2025-10-11 07:29:59.985000+00:00,2025-10-11 07:15:00+00:00,continuous,111344.7,111344.7,110604.0,110693.2,618384731.6357998
2025-10-11 07:44:59.992000+00:00,2025-10-11 07:30:00+00:00,continuous,110693.1,110949.2,110450.0,110573.6,383684912.0682998
2025-10-11 07:59:59.831000+00:00,2025-10-11 07:45:00+00:00,continuous,110573.6,110635.4,110022.0,110338.7,487378835.630699
2025-10-11 08:14:59.752000+00:00,2025-10-11 08:00:00+00:00,continuous,110338.7,110471.8,110100.5,110220.0,226084396.7471009
2025-10-11 08:29:59.931000+00:00,2025-10-11 08:15:00+00:00,continuous,110219.9,111080.0,110207.8,110909.9,337006794.6095003
2025-10-11 08:44:59.749000+00:00,2025-10-11 08:30:00+00:00,continuous,110909.9,111276.0,110666.8,111201.2,160493776.26180086
2025-10-11 08:59:59.878000+00:00,2025-10-11 08:45:00+00:00,continuous,111201.2,111497.2,111201.1,111273.7,173364471.41269994
2025-10-11 09:14:59.942000+00:00,2025-10-11 09:00:00+00:00,continuous,111273.7,111633.3,111212.6,111495.0,204653119.9160994
2025-10-11 09:29:59.519000+00:00,2025-10-11 09:15:00+00:00,continuous,111495.0,111748.4,111389.7,111713.2,147871690.807401
2025-10-11 09:44:59.608000+00:00,2025-10-11 09:30:00+00:00,continuous,111713.3,111855.5,111417.9,111776.5,151832521.77440026
2025-10-11 09:59:59.832000+00:00,2025-10-11 09:45:00+00:00,continuous,111776.6,111789.7,111528.6,111576.8,123673993.47849996
2025-10-11 10:14:59.973000+00:00,2025-10-11 10:00:00+00:00,continuous,111576.9,111930.2,111571.3,111840.5,124322573.09550004
2025-10-11 10:29:59.831000+00:00,2025-10-11 10:15:00+00:00,continuous,111840.4,112142.0,111683.3,112141.9,242037373.11809978
2025-10-11 10:44:59.817000+00:00,2025-10-11 10:30:00+00:00,continuous,112141.9,112214.8,111893.4,111962.6,141855825.69460005
2025-10-11 10:59:59.819000+00:00,2025-10-11 10:45:00+00:00,continuous,111962.6,112133.6,111934.9,112063.2,74823604.82689977
2025-10-11 11:14:59.924000+00:00,2025-10-11 11:00:00+00:00,continuous,112063.1,112095.3,111837.3,111974.5,96409832.87060006
2025-10-11 11:29:59.921000+00:00,2025-10-11 11:15:00+00:00,continuous,111974.4,112307.6,111632.0,112290.1,224091887.20689884
2025-10-11 11:44:59.889000+00:00,2025-10-11 11:30:00+00:00,continuous,112290.1,112300.0,112103.9,112269.0,101469611.10879971
2025-10-11 11:59:59.940000+00:00,2025-10-11 11:45:00+00:00,continuous,112269.0,112300.0,112043.8,112224.6,89432905.86230005
2025-10-11 12:14:59.966000+00:00,2025-10-11 12:00:00+00:00,continuous,112224.6,112266.2,111976.3,112039.2,107045189.55589941
2025-10-11 12:29:59.972000+00:00,2025-10-11 12:15:00+00:00,continuous,112039.3,112423.0,112017.7,112423.0,108189806.08580048
2025-10-11 12:44:59.994000+00:00,2025-10-11 12:30:00+00:00,continuous,112422.9,112423.0,112142.0,112242.9,102141970.1006
2025-10-11 12:59:59.894000+00:00,2025-10-11 12:45:00+00:00,continuous,112243.5,112339.8,112100.5,112319.6,84205290.79580025
2025-10-11 13:14:59.775000+00:00,2025-10-11 13:00:00+00:00,continuous,112319.6,112464.5,112109.5,112450.1,88507389.3260006
2025-10-11 13:29:59.661000+00:00,2025-10-11 13:15:00+00:00,continuous,112450.1,112466.2,112226.0,112282.5,95348774.02550007
2025-10-11 13:44:59.991000+00:00,2025-10-11 13:30:00+00:00,continuous,112282.6,112326.1,111810.6,112111.6,271005090.9953985
2025-10-11 13:59:59.510000+00:00,2025-10-11 13:45:00+00:00,continuous,112111.5,112299.9,112017.7,112208.6,103134957.99120028
2025-10-11 14:14:59.857000+00:00,2025-10-11 14:00:00+00:00,continuous,112208.7,112297.1,112090.1,112153.8,95388717.9533999
2025-10-11 14:29:59.949000+00:00,2025-10-11 14:15:00+00:00,continuous,112153.7,112253.6,111911.0,111989.8,133346338.65660006
2025-10-11 14:44:59.602000+00:00,2025-10-11 14:30:00+00:00,continuous,111989.8,112142.0,111879.9,112013.4,121183253.77009983
2025-10-11 14:59:59.762000+00:00,2025-10-11 14:45:00+00:00,continuous,112013.4,112036.6,111823.8,111934.5,104002803.92939979
2025-10-11 15:14:59.938000+00:00,2025-10-11 15:00:00+00:00,continuous,111934.5,112342.2,111911.0,112230.9,139534985.46750066
2025-10-11 15:29:59.943000+00:00,2025-10-11 15:15:00+00:00,continuous,112230.9,112315.8,112142.0,112150.0,102814903.66750006
2025-10-11 15:44:59.894000+00:00,2025-10-11 15:30:00+00:00,continuous,112150.1,112181.1,111884.8,111885.4,99655579.51470007
2025-10-11 15:59:59.786000+00:00,2025-10-11 15:45:00+00:00,continuous,111885.3,112017.7,111740.8,111744.4,116301056.05369984
2025-10-11 16:14:59.910000+00:00,2025-10-11 16:00:00+00:00,continuous,111744.4,112046.4,111744.4,112000.1,92519765.03699988
2025-10-11 16:29:59.849000+00:00,2025-10-11 16:15:00+00:00,continuous,112000.0,112013.1,111729.0,111757.7,94479599.53890009
2025-10-11 16:44:59.779000+00:00,2025-10-11 16:30:00+00:00,continuous,111757.6,111792.4,111353.1,111471.8,226354466.01150087
2025-10-11 16:59:59.751000+00:00,2025-10-11 16:45:00+00:00,continuous,111471.6,111852.0,111400.6,111803.8,119805082.07430044
2025-10-11 17:14:59.967000+00:00,2025-10-11 17:00:00+00:00,continuous,111803.8,112015.4,111666.0,112004.1,89149981.68009987
2025-10-11 17:29:59.967000+00:00,2025-10-11 17:15:00+00:00,continuous,112004.2,112142.0,111976.3,112071.5,99459038.56070007
2025-10-11 17:44:59.834000+00:00,2025-10-11 17:30:00+00:00,continuous,112071.4,112129.5,111908.3,111997.2,98738158.54729983
2025-10-11 17:59:59.638000+00:00,2025-10-11 17:45:00+00:00,continuous,111997.2,112042.0,111799.6,111944.5,78800985.8404001
2025-10-11 18:14:59.717000+00:00,2025-10-11 18:00:00+00:00,continuous,111944.5,111976.0,111776.7,111844.0,62428160.85570019
2025-10-11 18:29:59.656000+00:00,2025-10-11 18:15:00+00:00,continuous,111843.9,111923.4,111787.3,111835.1,46137513.76010006
2025-10-11 18:44:59.987000+00:00,2025-10-11 18:30:00+00:00,continuous,111835.1,111919.2,111800.0,111876.9,35372043.399400055
2025-10-11 18:59:59.691000+00:00,2025-10-11 18:45:00+00:00,continuous,111876.8,111915.6,111811.4,111907.2,31583456.510499846
2025-10-11 19:14:59.663000+00:00,2025-10-11 19:00:00+00:00,continuous,111907.2,111980.0,111205.9,111518.2,198436700.62720144
2025-10-11 19:29:59.883000+00:00,2025-10-11 19:15:00+00:00,continuous,111518.3,111577.1,110934.9,111334.3,331156094.30470246
2025-10-11 19:44:59.563000+00:00,2025-10-11 19:30:00+00:00,continuous,111334.3,111370.5,110978.1,111004.1,132015286.51950026
2025-10-11 19:59:59.681000+00:00,2025-10-11 19:45:00+00:00,continuous,111004.1,111160.3,110800.1,111126.7,172245013.14790112
2025-10-11 20:14:59.985000+00:00,2025-10-11 20:00:00+00:00,continuous,111126.6,111333.5,110693.1,110824.4,206876851.3949987
2025-10-11 20:29:59.639000+00:00,2025-10-11 20:15:00+00:00,continuous,110824.5,110900.0,110430.0,110569.2,196629409.05450016
2025-10-11 20:44:59.810000+00:00,2025-10-11 20:30:00+00:00,continuous,110569.2,110580.8,110249.4,110290.0,222651203.80930078
2025-10-11 20:59:59.961000+00:00,2025-10-11 20:45:00+00:00,continuous,110289.6,110800.0,109600.0,110184.8,472636727.8205013
2025-10-11 21:14:59.916000+00:00,2025-10-11 21:00:00+00:00,continuous,110184.8,110307.3,109501.0,109994.9,285983355.89039516
2025-10-11 21:29:59.866000+00:00,2025-10-11 21:15:00+00:00,continuous,109995.0,110823.4,109876.7,110731.1,269688123.08709854
2025-10-11 21:44:59.726000+00:00,2025-10-11 21:30:00+00:00,continuous,110731.2,110920.0,110513.6,110634.9,102942990.98429966
2025-10-11 21:59:59.789000+00:00,2025-10-11 21:45:00+00:00,continuous,110634.9,110953.8,110634.9,110832.7,52271765.43749989
2025-10-11 22:14:59.886000+00:00,2025-10-11 22:00:00+00:00,continuous,110832.6,110990.0,110687.4,110883.7,118840059.94480008
2025-10-11 22:29:59.798000+00:00,2025-10-11 22:15:00+00:00,continuous,110883.7,110925.0,110584.3,110871.7,93390304.28169952
2025-10-11 22:44:59.744000+00:00,2025-10-11 22:30:00+00:00,continuous,110871.8,111247.6,110839.0,111033.2,136552667.3922997
2025-10-11 22:59:59.884000+00:00,2025-10-11 22:45:00+00:00,continuous,111033.1,111140.7,110937.5,110978.8,74245151.27120017
2025-10-11 23:14:59.778000+00:00,2025-10-11 23:00:00+00:00,continuous,110978.8,111060.8,110750.1,110836.9,96314210.24560018
2025-10-11 23:29:59.989000+00:00,2025-10-11 23:15:00+00:00,continuous,110836.9,110956.3,110761.3,110894.8,74037006.56549963
2025-10-11 23:44:59.676000+00:00,2025-10-11 23:30:00+00:00,continuous,110894.8,110938.5,110723.3,110788.5,82750298.73770024
2025-10-11 23:59:59.982000+00:00,2025-10-11 23:45:00+00:00,continuous,110788.5,110833.7,110576.8,110579.1,92133367.79060043
2025-10-12 00:14:59.826000+00:00,2025-10-12 00:00:00+00:00,continuous,110579.2,110613.7,110226.9,110259.9,181525480.77659914
2025-10-12 00:29:59.892000+00:00,2025-10-12 00:15:00+00:00,continuous,110259.9,110443.2,109844.6,109870.9,199144867.57730082
2025-10-12 00:44:59.915000+00:00,2025-10-12 00:30:00+00:00,continuous,109870.9,110422.8,109625.0,109682.0,236468288.16620168
2025-10-12 00:59:59.729000+00:00,2025-10-12 00:45:00+00:00,continuous,109682.1,109862.9,109509.3,109600.7,169711613.87520078
2025-10-12 01:14:59.870000+00:00,2025-10-12 01:00:00+00:00,continuous,109600.7,109983.6,109589.5,109972.4,167691288.36860144
2025-10-12 01:29:59.943000+00:00,2025-10-12 01:15:00+00:00,continuous,109972.3,110084.0,109630.0,109911.9,163154751.91219893
2025-10-12 01:44:59.848000+00:00,2025-10-12 01:30:00+00:00,continuous,109912.0,110190.4,109758.9,109950.0,203377024.14479887
2025-10-12 01:59:59.916000+00:00,2025-10-12 01:45:00+00:00,continuous,109950.0,110275.0,109800.0,109928.6,194595638.04729947
2025-10-12 02:14:59.968000+00:00,2025-10-12 02:00:00+00:00,continuous,109928.6,110244.1,109803.0,110089.8,253769052.59860155
2025-10-12 02:29:59.672000+00:00,2025-10-12 02:15:00+00:00,continuous,110089.8,110493.3,110086.2,110402.5,197680329.0801002
2025-10-12 02:44:59.937000+00:00,2025-10-12 02:30:00+00:00,continuous,110402.6,110670.5,109900.0,110206.0,268832222.2652966
2025-10-12 02:59:59.989000+00:00,2025-10-12 02:45:00+00:00,continuous,110206.0,110210.7,109544.2,110072.2,297924938.28189576
2025-10-12 03:14:59.925000+00:00,2025-10-12 03:00:00+00:00,continuous,110072.1,111424.0,109950.0,110670.0,486319179.99380046
2025-10-12 03:29:59.909000+00:00,2025-10-12 03:15:00+00:00,continuous,110669.9,111050.8,110472.2,110924.7,235183153.16460016
2025-10-12 03:44:59.892000+00:00,2025-10-12 03:30:00+00:00,continuous,110924.8,111186.6,110800.0,110903.9,166599894.4662003
2025-10-12 03:59:59.964000+00:00,2025-10-12 03:45:00+00:00,continuous,110903.8,110903.8,110556.7,110643.3,108234172.32240099
2025-10-12 04:14:59.916000+00:00,2025-10-12 04:00:00+00:00,continuous,110643.3,111030.0,110561.8,111028.5,92181566.40509987
2025-10-12 04:29:59.715000+00:00,2025-10-12 04:15:00+00:00,continuous,111028.6,111180.6,110968.0,111075.6,97018812.58080009
2025-10-12 04:44:59.654000+00:00,2025-10-12 04:30:00+00:00,continuous,111075.6,111494.5,111075.6,111450.2,165349765.25839925
2025-10-12 04:59:59.369000+00:00,2025-10-12 04:45:00+00:00,continuous,111450.2,111909.5,111326.4,111486.1,322700551.8187995
2025-10-12 05:14:59.352000+00:00,2025-10-12 05:00:00+00:00,continuous,111486.1,111486.2,111142.8,111250.0,139591398.6221006
2025-10-12 05:29:59.888000+00:00,2025-10-12 05:15:00+00:00,continuous,111250.0,111537.5,111250.0,111533.9,85841202.88710031
2025-10-12 05:44:59.717000+00:00,2025-10-12 05:30:00+00:00,continuous,111533.9,111577.8,111372.1,111477.7,80749679.30130002
2025-10-12 05:59:59.893000+00:00,2025-10-12 05:45:00+00:00,continuous,111477.6,111755.7,111475.8,111642.4,110094118.22560005
2025-10-12 06:14:59.398000+00:00,2025-10-12 06:00:00+00:00,continuous,111642.4,111800.1,111546.0,111766.1,95470421.98330005
2025-10-12 06:29:59.602000+00:00,2025-10-12 06:15:00+00:00,continuous,111766.2,112110.0,111644.9,111866.8,181865275.9258994
2025-10-12 06:44:59.401000+00:00,2025-10-12 06:30:00+00:00,continuous,111866.8,111866.8,111568.1,111668.4,113756061.80039991
2025-10-12 06:59:59.539000+00:00,2025-10-12 06:45:00+00:00,continuous,111668.4,111850.0,111604.9,111634.8,112808805.79049984
2025-10-12 07:14:59.818000+00:00,2025-10-12 07:00:00+00:00,continuous,111634.9,111739.4,111525.4,111525.4,110325714.53260037
2025-10-12 07:29:59.627000+00:00,2025-10-12 07:15:00+00:00,continuous,111525.5,111884.8,111490.7,111555.7,164663839.88160053
2025-10-12 07:44:59.922000+00:00,2025-10-12 07:30:00+00:00,continuous,111555.7,111683.2,111445.0,111521.5,136022348.783201
2025-10-12 07:59:59.974000+00:00,2025-10-12 07:45:00+00:00,continuous,111521.5,111626.6,111433.7,111464.0,82173124.18790042
2025-10-12 08:14:59.618000+00:00,2025-10-12 08:00:00+00:00,continuous,111463.9,111650.0,111418.8,111465.3,134973296.19569963
2025-10-12 08:29:59.859000+00:00,2025-10-12 08:15:00+00:00,continuous,111465.4,111746.2,111465.3,111712.2,114587138.97340056
2025-10-12 08:44:59.906000+00:00,2025-10-12 08:30:00+00:00,continuous,111712.2,111712.2,111533.4,111546.0,144072541.97409934
2025-10-12 08:59:59.942000+00:00,2025-10-12 08:45:00+00:00,continuous,111546.0,111564.4,111233.0,111244.1,251417700.68100005
2025-10-12 09:14:59.953000+00:00,2025-10-12 09:00:00+00:00,continuous,111244.0,111244.1,111070.4,111136.3,161412474.15530136
2025-10-12 09:29:59.720000+00:00,2025-10-12 09:15:00+00:00,continuous,111136.4,111370.9,111136.3,111331.9,87411216.90109988
2025-10-12 09:44:59.738000+00:00,2025-10-12 09:30:00+00:00,continuous,111331.8,111553.6,111280.3,111553.6,63192232.59919969
2025-10-12 09:59:59.902000+00:00,2025-10-12 09:45:00+00:00,continuous,111553.6,111854.0,111455.2,111772.1,161095387.5181002
2025-10-12 10:14:59.858000+00:00,2025-10-12 10:00:00+00:00,continuous,111772.2,111963.9,111664.1,111778.3,200396312.34809974
2025-10-12 10:29:59.959000+00:00,2025-10-12 10:15:00+00:00,continuous,111778.2,111793.0,111479.5,111541.3,96812065.68730004
2025-10-12 10:44:59.941000+00:00,2025-10-12 10:30:00+00:00,continuous,111541.2,111576.3,111377.5,111517.3,79233514.70949984
2025-10-12 10:59:59.885000+00:00,2025-10-12 10:45:00+00:00,continuous,111517.3,111658.6,111445.1,111589.7,76599497.61460018
2025-10-12 11:14:59.374000+00:00,2025-10-12 11:00:00+00:00,continuous,111589.7,111850.1,111407.1,111797.9,120838707.3370009
2025-10-12 11:29:59.798000+00:00,2025-10-12 11:15:00+00:00,continuous,111797.9,111800.8,111492.9,111669.4,90702074.9224005
2025-10-12 11:44:59.939000+00:00,2025-10-12 11:30:00+00:00,continuous,111669.4,112084.3,111602.2,111901.9,241858427.52339983
2025-10-12 11:59:59.880000+00:00,2025-10-12 11:45:00+00:00,continuous,111902.0,111950.0,111699.0,111783.8,115651165.85269946
2025-10-12 12:14:59.786000+00:00,2025-10-12 12:00:00+00:00,continuous,111783.8,112191.5,111767.6,112050.5,232354508.89639863
2025-10-12 12:29:59.974000+00:00,2025-10-12 12:15:00+00:00,continuous,112050.6,112066.8,111853.8,111930.6,168238200.65019962
2025-10-12 12:44:59.727000+00:00,2025-10-12 12:30:00+00:00,continuous,111930.7,111955.2,111620.3,111764.0,144940905.15309963
2025-10-12 12:59:59.867000+00:00,2025-10-12 12:45:00+00:00,continuous,111764.1,111764.1,111470.9,111711.3,144426817.11920092
2025-10-12 13:14:59.826000+00:00,2025-10-12 13:00:00+00:00,continuous,111711.3,111877.7,111543.2,111856.0,127889893.76059982
2025-10-12 13:29:59.854000+00:00,2025-10-12 13:15:00+00:00,continuous,111856.0,111875.0,111493.7,111611.6,134204727.2800998
2025-10-12 13:44:59.524000+00:00,2025-10-12 13:30:00+00:00,continuous,111611.5,111747.8,111342.7,111743.6,284282434.9279995
2025-10-12 13:59:59.981000+00:00,2025-10-12 13:45:00+00:00,continuous,111743.6,111767.7,111191.1,111238.1,277271529.65229875
2025-10-12 14:14:59.959000+00:00,2025-10-12 14:00:00+00:00,continuous,111238.2,111443.5,111150.7,111357.6,179723858.33500066
2025-10-12 14:29:59.969000+00:00,2025-10-12 14:15:00+00:00,continuous,111357.7,111485.8,111260.1,111405.4,142805204.241
2025-10-12 14:44:59.766000+00:00,2025-10-12 14:30:00+00:00,continuous,111405.5,111430.0,111111.0,111339.2,168128927.78299898
2025-10-12 14:59:59.998000+00:00,2025-10-12 14:45:00+00:00,continuous,111339.2,112929.0,111300.4,112260.0,1892251454.4107957
2025-10-12 15:14:59.745000+00:00,2025-10-12 15:00:00+00:00,continuous,112260.1,113371.6,111996.9,113140.6,1170287186.84939
2025-10-12 15:29:59.919000+00:00,2025-10-12 15:15:00+00:00,continuous,113140.6,113687.6,112803.8,113100.0,745122486.8034017
2025-10-12 15:44:59.802000+00:00,2025-10-12 15:30:00+00:00,continuous,113100.1,113107.6,112331.2,112600.1,662776085.7933929
2025-10-12 15:59:59.888000+00:00,2025-10-12 15:45:00+00:00,continuous,112600.0,113225.0,112600.0,113119.0,329455493.62429714
2025-10-12 16:14:59.995000+00:00,2025-10-12 16:00:00+00:00,continuous,113119.0,114243.8,113119.0,113822.6,795128888.265907
2025-10-12 16:29:59.892000+00:00,2025-10-12 16:15:00+00:00,continuous,113823.0,113857.3,113400.0,113568.1,375774082.5292978
2025-10-12 16:44:59.945000+00:00,2025-10-12 16:30:00+00:00,continuous,113568.1,114222.5,113290.0,114171.5,444238377.298
2025-10-12 16:59:59.781000+00:00,2025-10-12 16:45:00+00:00,continuous,114171.6,114654.5,113785.2,113993.4,813364516.0179952
2025-10-12 17:14:59.903000+00:00,2025-10-12 17:00:00+00:00,continuous,113993.4,114396.5,113789.5,114223.7,421883822.79340327
2025-10-12 17:29:59.701000+00:00,2025-10-12 17:15:00+00:00,continuous,114223.7,114380.0,114167.5,114262.7,235244341.43590066
2025-10-12 17:44:59.894000+00:00,2025-10-12 17:30:00+00:00,continuous,114262.7,114332.9,113925.5,114264.4,277973775.97769886
2025-10-12 17:59:59.151000+00:00,2025-10-12 17:45:00+00:00,continuous,114264.4,114300.0,113400.0,113729.4,421346376.02760065
2025-10-12 18:14:59.945000+00:00,2025-10-12 18:00:00+00:00,continuous,113729.4,114183.1,113700.1,113964.2,205671513.4264997
2025-10-12 18:29:59.736000+00:00,2025-10-12 18:15:00+00:00,continuous,113964.1,114110.0,113764.1,113823.8,177042670.05470005
2025-10-12 18:44:59.837000+00:00,2025-10-12 18:30:00+00:00,continuous,113823.7,113944.1,113463.2,113554.5,194920061.79970008
2025-10-12 18:59:59.537000+00:00,2025-10-12 18:45:00+00:00,continuous,113554.4,113846.2,113484.5,113815.9,130602484.78389966
2025-10-12 19:14:59.884000+00:00,2025-10-12 19:00:00+00:00,continuous,113816.0,114320.0,113754.8,114300.1,177735649.22700024
2025-10-12 19:29:59.909000+00:00,2025-10-12 19:15:00+00:00,continuous,114300.1,114346.2,114135.6,114236.4,142002158.16279995
2025-10-12 19:44:59.684000+00:00,2025-10-12 19:30:00+00:00,continuous,114236.4,114338.5,114028.8,114125.3,102894501.17199996
2025-10-12 19:59:59.689000+00:00,2025-10-12 19:45:00+00:00,continuous,114125.3,114300.0,114059.0,114288.7,102628087.77149959
2025-10-12 20:14:59.902000+00:00,2025-10-12 20:00:00+00:00,continuous,114288.8,114762.9,114288.7,114547.4,259132571.2337997
2025-10-12 20:29:59.870000+00:00,2025-10-12 20:15:00+00:00,continuous,114547.4,115305.8,114496.0,115175.0,388258746.27050036
2025-10-12 20:44:59.420000+00:00,2025-10-12 20:30:00+00:00,continuous,115175.0,115400.0,114889.5,115043.8,408221587.9701941
2025-10-12 20:59:59.498000+00:00,2025-10-12 20:45:00+00:00,continuous,115043.8,115222.2,114839.4,114864.5,253303899.3259006
2025-10-12 21:14:59.952000+00:00,2025-10-12 21:00:00+00:00,continuous,114864.4,115594.6,114578.0,115326.5,418084965.6940972
2025-10-12 21:29:59.925000+00:00,2025-10-12 21:15:00+00:00,continuous,115326.5,115350.0,114632.7,114904.7,320990753.5831981
2025-10-12 21:44:59.707000+00:00,2025-10-12 21:30:00+00:00,continuous,114904.7,114916.5,114200.0,114570.9,375084842.1692999
2025-10-12 21:59:59.901000+00:00,2025-10-12 21:45:00+00:00,continuous,114570.9,114910.7,114450.0,114822.0,104499717.4904001
2025-10-12 22:14:59.991000+00:00,2025-10-12 22:00:00+00:00,continuous,114822.0,115730.3,114822.0,115311.6,883658574.1994979
2025-10-12 22:29:59.810000+00:00,2025-10-12 22:15:00+00:00,continuous,115311.6,115550.0,115100.4,115169.6,325445445.7521971
2025-10-12 22:44:59.975000+00:00,2025-10-12 22:30:00+00:00,continuous,115169.5,115349.8,115037.9,115327.2,222954575.04799935
2025-10-12 22:59:59.954000+00:00,2025-10-12 22:45:00+00:00,continuous,115327.3,115486.0,115133.8,115160.7,185486391.88890037
2025-10-12 23:14:59.995000+00:00,2025-10-12 23:00:00+00:00,continuous,115160.7,115200.0,114679.0,114833.0,331955103.35819876
2025-10-12 23:29:59.900000+00:00,2025-10-12 23:15:00+00:00,continuous,114833.1,115273.7,114676.1,115177.0,186426788.65420023
2025-10-12 23:44:59.970000+00:00,2025-10-12 23:30:00+00:00,continuous,115177.0,115298.3,114777.0,114908.7,167124414.8291996
2025-10-12 23:59:59.449000+00:00,2025-10-12 23:45:00+00:00,continuous,114908.7,115092.8,114830.3,114894.4,157426324.65849957
2025-10-13 00:14:59.941000+00:00,2025-10-13 00:00:00+00:00,continuous,114894.5,115155.0,114703.9,115155.0,251843675.07479882
2025-10-13 00:29:59.924000+00:00,2025-10-13 00:15:00+00:00,continuous,115155.0,115844.8,115131.1,115131.1,490215766.8613003
2025-10-13 00:44:59.959000+00:00,2025-10-13 00:30:00+00:00,continuous,115131.1,115160.0,114888.0,115063.0,287881025.1238022
2025-10-13 00:59:59.204000+00:00,2025-10-13 00:45:00+00:00,continuous,115063.0,115424.4,114903.5,115220.0,277479745.7794012
2025-10-13 01:14:59.050000+00:00,2025-10-13 01:00:00+00:00,continuous,115220.0,115329.5,115021.6,115111.4,304798564.23279834
2025-10-13 01:29:59.894000+00:00,2025-10-13 01:15:00+00:00,continuous,115111.5,115600.0,115010.2,115538.8,264480700.70779938
2025-10-13 01:44:59.929000+00:00,2025-10-13 01:30:00+00:00,continuous,115538.8,115700.0,115432.0,115603.7,218438452.52960032
2025-10-13 01:59:59.719000+00:00,2025-10-13 01:45:00+00:00,continuous,115603.8,115680.0,115490.0,115638.0,137803560.40689996
2025-10-13 02:14:59.825000+00:00,2025-10-13 02:00:00+00:00,continuous,115638.0,115912.0,115186.0,115264.1,332069581.05690134
2025-10-13 02:29:59.928000+00:00,2025-10-13 02:15:00+00:00,continuous,115264.0,115302.9,114941.0,115155.5,282004559.08100086
2025-10-13 02:44:59.999000+00:00,2025-10-13 02:30:00+00:00,continuous,115155.6,115377.2,115123.0,115263.2,145257188.8658011
2025-10-13 02:59:59.879000+00:00,2025-10-13 02:45:00+00:00,continuous,115263.1,115428.4,115214.4,115275.0,134597988.74890026
2025-10-13 03:14:59.938000+00:00,2025-10-13 03:00:00+00:00,continuous,115275.0,115573.7,115219.4,115413.6,150372131.0209993
2025-10-13 03:29:59.930000+00:00,2025-10-13 03:15:00+00:00,continuous,115413.5,115413.5,115053.4,115101.8,151607020.01069954
2025-10-13 03:44:59.737000+00:00,2025-10-13 03:30:00+00:00,continuous,115101.9,115158.9,114722.2,114811.3,238335420.7097002
2025-10-13 03:59:59.979000+00:00,2025-10-13 03:45:00+00:00,continuous,114811.4,114845.5,114566.1,114773.6,234579287.3761989
2025-10-13 04:14:59.822000+00:00,2025-10-13 04:00:00+00:00,continuous,114773.5,114958.0,114610.2,114682.4,167948252.73269975
2025-10-13 04:29:59.520000+00:00,2025-10-13 04:15:00+00:00,continuous,114682.5,114800.0,114560.0,114605.7,177298884.13049933
2025-10-13 04:44:59.793000+00:00,2025-10-13 04:30:00+00:00,continuous,114605.7,114953.4,114542.8,114571.4,291731722.7368982
2025-10-13 04:59:59.973000+00:00,2025-10-13 04:45:00+00:00,continuous,114571.5,114681.2,114357.2,114656.6,364147663.4529997
2025-10-13 05:14:59.758000+00:00,2025-10-13 05:00:00+00:00,continuous,114656.5,114719.8,114458.1,114690.1,142451994.19890052
2025-10-13 05:29:59.897000+00:00,2025-10-13 05:15:00+00:00,continuous,114690.0,114785.8,114500.0,114661.3,123758650.28290005
2025-10-13 05:44:59.824000+00:00,2025-10-13 05:30:00+00:00,continuous,114661.3,114693.2,114482.9,114527.5,144089256.90660024
2025-10-13 05:59:59.749000+00:00,2025-10-13 05:45:00+00:00,continuous,114527.5,114633.8,114492.4,114570.2,91220224.48060054
2025-10-13 06:14:59.907000+00:00,2025-10-13 06:00:00+00:00,continuous,114570.1,114796.9,114369.2,114734.3,142264942.13660058
2025-10-13 06:29:59.976000+00:00,2025-10-13 06:15:00+00:00,continuous,114734.4,115077.3,114712.9,115048.6,257190210.60500002
2025-10-13 06:44:59.989000+00:00,2025-10-13 06:30:00+00:00,continuous,115048.0,115333.2,114931.1,114958.8,196909617.94560036
2025-10-13 06:59:59.397000+00:00,2025-10-13 06:45:00+00:00,continuous,114958.7,115251.6,114852.8,115168.4,185325889.3675993
2025-10-13 07:14:59.857000+00:00,2025-10-13 07:00:00+00:00,continuous,115168.4,115450.4,114970.8,115349.5,263208219.87290058
2025-10-13 07:29:59.878000+00:00,2025-10-13 07:15:00+00:00,continuous,115349.5,115500.0,115268.5,115440.9,185261091.70820063
2025-10-13 07:44:59.366000+00:00,2025-10-13 07:30:00+00:00,continuous,115440.9,115494.7,115287.0,115376.1,175429550.79369968
2025-10-13 07:59:59.845000+00:00,2025-10-13 07:45:00+00:00,continuous,115376.0,115376.0,115025.0,115341.7,195666487.35119972
2025-10-13 08:14:59.932000+00:00,2025-10-13 08:00:00+00:00,continuous,115341.7,115350.0,115112.0,115250.9,174771903.34990004
2025-10-13 08:29:59.897000+00:00,2025-10-13 08:15:00+00:00,continuous,115251.0,115339.8,115070.1,115217.6,165648906.27340007
2025-10-13 08:44:59.671000+00:00,2025-10-13 08:30:00+00:00,continuous,115217.6,115366.6,115109.3,115144.8,109588176.96540014
2025-10-13 08:59:59.671000+00:00,2025-10-13 08:45:00+00:00,continuous,115144.8,115376.3,115100.0,115193.8,93753093.87370007
2025-10-13 09:14:59.809000+00:00,2025-10-13 09:00:00+00:00,continuous,115193.7,115193.8,114682.8,114749.3,271038381.2625999
2025-10-13 09:29:59.976000+00:00,2025-10-13 09:15:00+00:00,continuous,114749.3,114944.9,114731.0,114888.0,137210927.55930057
2025-10-13 09:44:59.895000+00:00,2025-10-13 09:30:00+00:00,continuous,114887.9,115107.2,114858.8,115051.4,131378585.52390082
2025-10-13 09:59:59.707000+00:00,2025-10-13 09:45:00+00:00,continuous,115051.3,115130.4,115021.6,115057.2,89112358.96300013
2025-10-13 10:14:59.907000+00:00,2025-10-13 10:00:00+00:00,continuous,115057.2,115098.9,114876.4,114926.4,122410314.52839983
2025-10-13 10:29:59.975000+00:00,2025-10-13 10:15:00+00:00,continuous,114926.5,115000.0,114760.0,114834.4,123761531.8512004
2025-10-13 10:44:59.662000+00:00,2025-10-13 10:30:00+00:00,continuous,114834.4,114882.3,114670.1,114724.0,159719352.7182997
2025-10-13 10:59:59.622000+00:00,2025-10-13 10:45:00+00:00,continuous,114723.9,114919.5,114700.0,114754.8,103621508.0416
2025-10-13 11:14:59.937000+00:00,2025-10-13 11:00:00+00:00,continuous,114754.7,114754.7,114105.0,114498.0,590195454.7180067
2025-10-13 11:29:59.996000+00:00,2025-10-13 11:15:00+00:00,continuous,114498.0,114561.6,113600.5,113618.3,579043390.4976999
2025-10-13 11:44:59.793000+00:00,2025-10-13 11:30:00+00:00,continuous,113612.3,114167.7,113612.3,114040.7,392346336.7378018
2025-10-13 11:59:59.641000+00:00,2025-10-13 11:45:00+00:00,continuous,114040.7,114338.0,113928.3,114129.3,185318275.38010007
2025-10-13 12:14:59.925000+00:00,2025-10-13 12:00:00+00:00,continuous,114129.2,114440.2,113871.8,114320.6,275652473.6975002
2025-10-13 12:29:59.838000+00:00,2025-10-13 12:15:00+00:00,continuous,114320.6,114331.4,114134.9,114293.2,170292773.55329973
2025-10-13 12:44:59.989000+00:00,2025-10-13 12:30:00+00:00,continuous,114293.3,114615.7,114202.5,114472.6,234750327.17930022
2025-10-13 12:59:59.711000+00:00,2025-10-13 12:45:00+00:00,continuous,114472.6,114707.0,114270.0,114360.0,241268040.70319957
2025-10-13 13:14:59.716000+00:00,2025-10-13 13:00:00+00:00,continuous,114359.9,114653.0,114185.7,114316.5,346404096.379302
2025-10-13 13:29:59.980000+00:00,2025-10-13 13:15:00+00:00,continuous,114316.5,114516.6,114160.5,114285.5,202483339.7133985
2025-10-13 13:44:59.997000+00:00,2025-10-13 13:30:00+00:00,continuous,114285.6,115488.9,114261.4,114902.3,1110709577.268996
2025-10-13 13:59:59.945000+00:00,2025-10-13 13:45:00+00:00,continuous,114902.2,115348.0,114376.5,115291.5,528856022.94730437
2025-10-13 14:14:59.695000+00:00,2025-10-13 14:00:00+00:00,continuous,115291.4,115420.1,114806.1,114898.2,428710973.26740116
2025-10-13 14:29:59.861000+00:00,2025-10-13 14:15:00+00:00,continuous,114898.1,115012.0,114100.0,114254.9,530607257.20709914
2025-10-13 14:44:59.979000+00:00,2025-10-13 14:30:00+00:00,continuous,114254.8,114744.2,113899.0,114484.4,494052970.0122015
2025-10-13 14:59:59.668000+00:00,2025-10-13 14:45:00+00:00,continuous,114484.4,114552.8,113721.2,113973.6,387800569.21430045
2025-10-13 15:14:59.891000+00:00,2025-10-13 15:00:00+00:00,continuous,113973.5,114545.0,113917.4,114356.8,298366849.0266014
2025-10-13 15:29:59.915000+00:00,2025-10-13 15:15:00+00:00,continuous,114356.7,114526.8,114134.1,114192.3,265075849.43089923
2025-10-13 15:44:59.987000+00:00,2025-10-13 15:30:00+00:00,continuous,114192.4,114497.8,114057.4,114127.0,213433431.12030035
2025-10-13 15:59:59.651000+00:00,2025-10-13 15:45:00+00:00,continuous,114127.1,114683.5,114127.0,114260.7,256119600.73119962
2025-10-13 16:14:59.810000+00:00,2025-10-13 16:00:00+00:00,continuous,114260.8,115139.0,114200.1,114842.2,535639452.664601
2025-10-13 16:29:59.861000+00:00,2025-10-13 16:15:00+00:00,continuous,114842.2,114903.1,114323.7,114378.6,356462349.4570006
2025-10-13 16:44:59.751000+00:00,2025-10-13 16:30:00+00:00,continuous,114378.6,114530.8,114280.4,114329.1,211076885.09289914
2025-10-13 16:59:59.941000+00:00,2025-10-13 16:45:00+00:00,continuous,114329.1,114745.1,114300.0,114596.6,202609254.97629935
2025-10-13 17:14:59.843000+00:00,2025-10-13 17:00:00+00:00,continuous,114596.6,114941.5,114392.7,114519.7,281497645.4519004
2025-10-13 17:29:59.549000+00:00,2025-10-13 17:15:00+00:00,continuous,114519.7,114629.3,114390.0,114499.8,151475203.8208995
2025-10-13 17:44:59.908000+00:00,2025-10-13 17:30:00+00:00,continuous,114499.9,114661.9,114367.6,114401.7,194139968.4890997
2025-10-13 17:59:59.892000+00:00,2025-10-13 17:45:00+00:00,continuous,114401.7,115025.0,114151.0,114990.1,302434042.4705998
2025-10-13 18:14:59.703000+00:00,2025-10-13 18:00:00+00:00,continuous,114990.1,115050.7,114653.2,114699.9,420175212.0544005
2025-10-13 18:29:59.872000+00:00,2025-10-13 18:15:00+00:00,continuous,114699.9,115268.0,114695.3,115208.6,297350570.4146029
2025-10-13 18:44:59.688000+00:00,2025-10-13 18:30:00+00:00,continuous,115208.7,115332.7,114908.8,115146.1,210210355.08260193
2025-10-13 18:59:59.902000+00:00,2025-10-13 18:45:00+00:00,continuous,115146.1,115227.2,114952.8,115107.7,220557663.83349952
2025-10-13 19:14:59.882000+00:00,2025-10-13 19:00:00+00:00,continuous,115107.7,115230.0,115011.6,115230.0,165110199.96609998
2025-10-13 19:29:59.923000+00:00,2025-10-13 19:15:00+00:00,continuous,115230.0,115694.9,115159.9,115544.5,411488287.10739803
2025-10-13 19:44:59.943000+00:00,2025-10-13 19:30:00+00:00,continuous,115544.5,115660.0,115421.2,115644.7,180902265.31920016
2025-10-13 19:59:59.932000+00:00,2025-10-13 19:45:00+00:00,continuous,115644.7,115827.6,115541.6,115726.6,312068154.23310155
2025-10-13 20:14:59.237000+00:00,2025-10-13 20:00:00+00:00,continuous,115726.6,115817.4,115467.3,115583.1,137469347.50130016
2025-10-13 20:29:59.461000+00:00,2025-10-13 20:15:00+00:00,continuous,115583.0,115604.0,115420.0,115426.2,114268717.04299992
2025-10-13 20:44:59.598000+00:00,2025-10-13 20:30:00+00:00,continuous,115426.1,115493.2,115323.9,115395.4,103973121.6817002
2025-10-13 20:59:59.860000+00:00,2025-10-13 20:45:00+00:00,continuous,115395.4,115684.4,115388.3,115656.9,121300831.54949966
2025-10-13 21:14:59.876000+00:00,2025-10-13 21:00:00+00:00,continuous,115656.9,115741.3,115491.8,115570.8,100402702.7440998
2025-10-13 21:29:59.529000+00:00,2025-10-13 21:15:00+00:00,continuous,115570.8,115722.3,115493.1,115569.6,72776040.95779997
2025-10-13 21:44:59.979000+00:00,2025-10-13 21:30:00+00:00,continuous,115569.6,115632.9,115549.0,115554.8,43215408.33990017
2025-10-13 21:59:59.653000+00:00,2025-10-13 21:45:00+00:00,continuous,115554.9,115651.1,115536.4,115651.0,25689034.84180002
2025-10-13 22:14:59.797000+00:00,2025-10-13 22:00:00+00:00,continuous,115651.1,115777.2,115613.1,115684.5,107575799.58150063
2025-10-13 22:29:59.813000+00:00,2025-10-13 22:15:00+00:00,continuous,115684.6,115720.0,115506.2,115517.4,69883459.34149997
2025-10-13 22:44:59.501000+00:00,2025-10-13 22:30:00+00:00,continuous,115517.4,115545.8,115371.3,115505.5,77978764.31639981
2025-10-13 22:59:59.768000+00:00,2025-10-13 22:45:00+00:00,continuous,115505.5,115525.2,115404.2,115443.3,65582544.75100002
2025-10-13 23:14:59.730000+00:00,2025-10-13 23:00:00+00:00,continuous,115443.2,115443.3,115230.4,115286.8,130760905.6010002
2025-10-13 23:29:59.658000+00:00,2025-10-13 23:15:00+00:00,continuous,115286.8,115368.5,115256.2,115326.4,75428528.80599985
2025-10-13 23:44:59.616000+00:00,2025-10-13 23:30:00+00:00,continuous,115326.5,115368.0,115000.0,115135.2,196802646.65679988
2025-10-13 23:59:59.555000+00:00,2025-10-13 23:45:00+00:00,continuous,115135.2,115154.6,114930.1,115111.9,193306858.28270075
2025-10-14 00:14:59.876000+00:00,2025-10-14 00:00:00+00:00,continuous,115112.0,115177.3,114992.6,115170.1,138611773.25039977
2025-10-14 00:29:59.963000+00:00,2025-10-14 00:15:00+00:00,continuous,115170.0,115327.8,115077.4,115150.3,172095887.72589988
2025-10-14 00:44:59.942000+00:00,2025-10-14 00:30:00+00:00,continuous,115150.2,115360.2,115033.1,115107.7,157396605.5535999
2025-10-14 00:59:59.349000+00:00,2025-10-14 00:45:00+00:00,continuous,115107.8,115107.8,114800.1,114904.1,189212990.37979892
2025-10-14 01:14:59.317000+00:00,2025-10-14 01:00:00+00:00,continuous,114904.0,114937.8,114463.5,114626.4,268570537.1004993
2025-10-14 01:29:59.945000+00:00,2025-10-14 01:15:00+00:00,continuous,114626.4,114722.1,114461.3,114512.7,161389876.48290056
2025-10-14 01:44:58.747000+00:00,2025-10-14 01:30:00+00:00,continuous,114512.6,114539.4,114401.0,114461.6,97809213.03469974
2025-10-14 01:59:59.951000+00:00,2025-10-14 01:45:00+00:00,continuous,114461.6,114463.8,114073.4,114216.2,190227677.4770015
2025-10-14 02:14:59.507000+00:00,2025-10-14 02:00:00+00:00,continuous,114216.1,114237.5,114035.2,114036.8,169567626.8776994
2025-10-14 02:29:59.748000+00:00,2025-10-14 02:15:00+00:00,continuous,114036.8,114085.7,113832.0,113958.3,247944447.53629938
2025-10-14 02:44:59.971000+00:00,2025-10-14 02:30:00+00:00,continuous,113958.3,114055.0,113703.6,113796.8,169428269.23700005
2025-10-14 02:59:59.693000+00:00,2025-10-14 02:45:00+00:00,continuous,113796.9,113915.6,113566.1,113566.2,371798164.60639906
2025-10-14 03:14:59.933000+00:00,2025-10-14 03:00:00+00:00,continuous,113566.1,113581.7,113210.6,113440.5,512746756.42870146
2025-10-14 03:29:59.942000+00:00,2025-10-14 03:15:00+00:00,continuous,113440.6,113633.9,113250.0,113267.6,382115243.60439986
2025-10-14 03:44:59.822000+00:00,2025-10-14 03:30:00+00:00,continuous,113267.6,113479.0,113260.6,113435.9,196401410.01760003
2025-10-14 03:59:59.863000+00:00,2025-10-14 03:45:00+00:00,continuous,113436.0,113639.0,113368.0,113441.0,209139548.20410025
2025-10-14 04:14:59.996000+00:00,2025-10-14 04:00:00+00:00,continuous,113440.9,113534.3,113160.7,113375.4,303077028.93790096
2025-10-14 04:29:59.676000+00:00,2025-10-14 04:15:00+00:00,continuous,113375.5,113494.7,113211.0,113434.1,233086611.66279948
2025-10-14 04:44:59.886000+00:00,2025-10-14 04:30:00+00:00,continuous,113434.2,113434.2,113031.0,113129.4,359226635.12790155
2025-10-14 04:59:59.674000+00:00,2025-10-14 04:45:00+00:00,continuous,113129.4,113149.7,112718.0,113012.9,655822176.1692014
2025-10-14 05:14:59.993000+00:00,2025-10-14 05:00:00+00:00,continuous,113012.9,113677.9,112950.0,113463.9,702400115.9834015
2025-10-14 05:29:59.895000+00:00,2025-10-14 05:15:00+00:00,continuous,113464.0,113499.8,112926.4,112975.7,519893499.37780017
2025-10-14 05:44:59.848000+00:00,2025-10-14 05:30:00+00:00,continuous,112975.7,113061.4,112300.1,112445.4,932653262.8591945
2025-10-14 05:59:59.969000+00:00,2025-10-14 05:45:00+00:00,continuous,112445.4,112647.5,112325.2,112438.3,339197839.5049987
2025-10-14 06:14:59.989000+00:00,2025-10-14 06:00:00+00:00,continuous,112438.3,112650.0,112419.0,112505.9,226912442.80300152
2025-10-14 06:29:59.850000+00:00,2025-10-14 06:15:00+00:00,continuous,112501.7,112501.7,112200.7,112237.3,341805983.5324011
2025-10-14 06:44:59.976000+00:00,2025-10-14 06:30:00+00:00,continuous,112237.3,112391.1,111750.0,111786.2,574109649.2440966
2025-10-14 06:59:59.898000+00:00,2025-10-14 06:45:00+00:00,continuous,111786.1,112113.6,111302.0,111933.5,794235097.1708978
2025-10-14 07:14:59.892000+00:00,2025-10-14 07:00:00+00:00,continuous,111933.4,112111.0,111605.2,111906.4,369482850.68839955
2025-10-14 07:29:59.887000+00:00,2025-10-14 07:15:00+00:00,continuous,111906.3,112147.3,111750.0,112030.0,296070819.42500025
2025-10-14 07:44:59.958000+00:00,2025-10-14 07:30:00+00:00,continuous,112030.0,112035.3,111450.6,111611.6,482767977.9712025
2025-10-14 07:59:59.904000+00:00,2025-10-14 07:45:00+00:00,continuous,111611.5,111720.0,111412.5,111665.2,318692754.82289857
2025-10-14 08:14:59.896000+00:00,2025-10-14 08:00:00+00:00,continuous,111665.2,111870.6,111456.0,111826.5,370075219.0492004
2025-10-14 08:29:59.869000+00:00,2025-10-14 08:15:00+00:00,continuous,111826.6,111947.2,111600.0,111917.0,227891650.84719896
2025-10-14 08:44:59.895000+00:00,2025-10-14 08:30:00+00:00,continuous,111917.1,112100.1,111850.1,112021.7,270994676.6101008
2025-10-14 08:59:59.925000+00:00,2025-10-14 08:45:00+00:00,continuous,112021.6,112057.7,111677.0,111748.1,140044633.74230072
2025-10-14 09:14:59.776000+00:00,2025-10-14 09:00:00+00:00,continuous,111748.1,111950.0,111692.3,111714.1,149690606.2323999
2025-10-14 09:29:59.973000+00:00,2025-10-14 09:15:00+00:00,continuous,111714.1,111838.3,111561.7,111703.1,208309023.45109951
2025-10-14 09:44:59.879000+00:00,2025-10-14 09:30:00+00:00,continuous,111703.0,111838.4,111350.0,111463.1,184944146.56589884
2025-10-14 09:59:59.913000+00:00,2025-10-14 09:45:00+00:00,continuous,111463.2,111496.0,111002.8,111237.4,537158547.5085026
2025-10-14 10:14:59.884000+00:00,2025-10-14 10:00:00+00:00,continuous,111237.4,111286.2,110794.3,110892.7,300572427.4765001
2025-10-14 10:29:59.905000+00:00,2025-10-14 10:15:00+00:00,continuous,110892.6,110911.3,110270.3,110315.5,575651315.3499935
2025-10-14 10:44:59.925000+00:00,2025-10-14 10:30:00+00:00,continuous,110315.6,110625.8,109969.2,110321.1,632527015.2280911
2025-10-14 10:59:59.956000+00:00,2025-10-14 10:45:00+00:00,continuous,110321.1,110654.5,110126.7,110573.9,195121546.1270006
2025-10-14 11:14:59.969000+00:00,2025-10-14 11:00:00+00:00,continuous,110573.9,111292.4,110552.3,111280.0,452483207.22360146
2025-10-14 11:29:59.646000+00:00,2025-10-14 11:15:00+00:00,continuous,111280.0,111560.7,111155.0,111407.5,328543643.7399006
2025-10-14 11:44:59.596000+00:00,2025-10-14 11:30:00+00:00,continuous,111407.4,111561.2,111209.7,111261.4,268601191.18620056
2025-10-14 11:59:59.997000+00:00,2025-10-14 11:45:00+00:00,continuous,111261.4,111465.0,111185.6,111241.4,135508231.64190012
2025-10-14 12:14:59.712000+00:00,2025-10-14 12:00:00+00:00,continuous,111241.4,111291.9,110875.2,111194.7,238733777.16730028
2025-10-14 12:29:59.987000+00:00,2025-10-14 12:15:00+00:00,continuous,111194.8,111216.4,110900.0,111192.5,130722115.99899891
2025-10-14 12:44:59.894000+00:00,2025-10-14 12:30:00+00:00,continuous,111192.4,111228.4,110715.8,110824.2,167270459.4120004
2025-10-14 12:59:59.860000+00:00,2025-10-14 12:45:00+00:00,continuous,110824.3,111075.3,110675.0,110741.1,138056907.88450018
2025-10-14 13:14:59.991000+00:00,2025-10-14 13:00:00+00:00,continuous,110741.2,110907.9,110400.0,110655.7,183238267.56510022
2025-10-14 13:29:59.843000+00:00,2025-10-14 13:15:00+00:00,continuous,110656.0,110750.0,110285.7,110716.8,307299398.1688993
2025-10-14 13:44:59.992000+00:00,2025-10-14 13:30:00+00:00,continuous,110716.7,110876.8,109802.0,110654.4,926225715.198094
2025-10-14 13:59:59.954000+00:00,2025-10-14 13:45:00+00:00,continuous,110654.5,111313.5,110473.4,110961.4,629724846.7370076
2025-10-14 14:14:59.925000+00:00,2025-10-14 14:00:00+00:00,continuous,110961.3,111646.2,110860.8,111613.6,404507708.1666998
2025-10-14 14:29:59.860000+00:00,2025-10-14 14:15:00+00:00,continuous,111613.5,112163.8,111534.0,111749.9,729206452.1005023
2025-10-14 14:44:59.819000+00:00,2025-10-14 14:30:00+00:00,continuous,111749.9,111865.6,111284.2,111759.4,283114344.6347008
2025-10-14 14:59:59.819000+00:00,2025-10-14 14:45:00+00:00,continuous,111759.4,112047.8,111315.0,111369.2,243187197.2582039
2025-10-14 15:14:59.918000+00:00,2025-10-14 15:00:00+00:00,continuous,111369.2,111719.0,111085.9,111132.8,193725597.32639974
2025-10-14 15:29:59.924000+00:00,2025-10-14 15:15:00+00:00,continuous,111132.8,111470.0,110998.7,111448.5,187157522.94099984
2025-10-14 15:44:59.957000+00:00,2025-10-14 15:30:00+00:00,continuous,111448.5,112246.1,111319.4,112075.8,399232445.998199
2025-10-14 15:59:59.924000+00:00,2025-10-14 15:45:00+00:00,continuous,112075.9,112839.9,112050.0,112823.0,710736628.8933982
2025-10-14 16:14:59.558000+00:00,2025-10-14 16:00:00+00:00,continuous,112822.9,112848.8,112203.0,112439.1,437890190.5708001
2025-10-14 16:29:59.771000+00:00,2025-10-14 16:15:00+00:00,continuous,112439.2,113233.2,112323.0,112648.3,673598308.7011987
2025-10-14 16:44:59.971000+00:00,2025-10-14 16:30:00+00:00,continuous,112648.2,112811.5,112200.0,112694.5,451119334.5321019
2025-10-14 16:59:59.978000+00:00,2025-10-14 16:45:00+00:00,continuous,112694.5,112799.8,112101.9,112253.1,364305686.9843008
2025-10-14 17:14:59.897000+00:00,2025-10-14 17:00:00+00:00,continuous,112253.2,112781.9,111615.1,112669.5,644801396.8401966
2025-10-14 17:29:59.945000+00:00,2025-10-14 17:15:00+00:00,continuous,112669.5,112842.7,112518.5,112702.6,418498582.98119974
2025-10-14 17:44:59.825000+00:00,2025-10-14 17:30:00+00:00,continuous,112702.7,112833.0,112260.0,112608.7,275137390.5738016
2025-10-14 17:59:59.469000+00:00,2025-10-14 17:45:00+00:00,continuous,112608.7,112868.0,112552.8,112690.5,264779812.17599818
2025-10-14 18:14:59.843000+00:00,2025-10-14 18:00:00+00:00,continuous,112690.6,113316.2,112638.4,113192.2,350828788.84839886
2025-10-14 18:29:59.977000+00:00,2025-10-14 18:15:00+00:00,continuous,113192.1,113391.4,113050.0,113073.5,228522352.91140026
2025-10-14 18:44:59.887000+00:00,2025-10-14 18:30:00+00:00,continuous,113073.6,113277.9,112703.9,112774.3,184839173.0881013
2025-10-14 18:59:59.917000+00:00,2025-10-14 18:45:00+00:00,continuous,112774.3,113061.3,112576.5,112784.2,164554308.04830077
2025-10-14 19:14:59.884000+00:00,2025-10-14 19:00:00+00:00,continuous,112784.1,113130.9,112784.1,113095.0,120185670.85690026
2025-10-14 19:29:59.741000+00:00,2025-10-14 19:15:00+00:00,continuous,113095.1,113480.0,113095.1,113287.1,156557214.67959967
2025-10-14 19:44:59.851000+00:00,2025-10-14 19:30:00+00:00,continuous,113287.1,113360.8,111952.0,112063.8,721480532.1753969
2025-10-14 19:59:59.982000+00:00,2025-10-14 19:45:00+00:00,continuous,112063.9,112766.2,111980.0,112543.9,291540015.5457
2025-10-14 20:14:59.895000+00:00,2025-10-14 20:00:00+00:00,continuous,112544.0,112723.3,112164.6,112497.7,174785464.9569005
2025-10-14 20:29:59.794000+00:00,2025-10-14 20:15:00+00:00,continuous,112497.7,112859.9,112443.4,112741.4,86290169.93299982
2025-10-14 20:44:59.235000+00:00,2025-10-14 20:30:00+00:00,continuous,112741.3,112845.3,112626.9,112810.6,72252962.7374999
2025-10-14 20:59:59.983000+00:00,2025-10-14 20:45:00+00:00,continuous,112810.6,112950.0,112746.6,112939.0,58768113.3148999
2025-10-14 21:14:59.833000+00:00,2025-10-14 21:00:00+00:00,continuous,112939.0,112944.2,112634.8,112687.9,71661164.33770026
2025-10-14 21:29:59.562000+00:00,2025-10-14 21:15:00+00:00,continuous,112687.9,112946.0,112654.3,112917.2,62067812.43369979
2025-10-14 21:44:59.968000+00:00,2025-10-14 21:30:00+00:00,continuous,112917.2,113121.2,112800.9,113035.8,68797805.64350004
2025-10-14 21:59:59.968000+00:00,2025-10-14 21:45:00+00:00,continuous,113035.8,113142.8,112909.5,113060.1,39529325.47060011
2025-10-14 22:14:59.945000+00:00,2025-10-14 22:00:00+00:00,continuous,113060.1,113557.9,113060.1,113372.6,258363033.39649874
2025-10-14 22:29:59.989000+00:00,2025-10-14 22:15:00+00:00,continuous,113372.7,113385.4,113087.5,113123.8,62860592.23859984
2025-10-14 22:44:59.948000+00:00,2025-10-14 22:30:00+00:00,continuous,113123.8,113136.1,112854.1,112894.9,77114390.2751002
2025-10-14 22:59:59.414000+00:00,2025-10-14 22:45:00+00:00,continuous,112894.9,113185.0,112762.6,113150.1,82413460.70759949
2025-10-14 23:14:59.553000+00:00,2025-10-14 23:00:00+00:00,continuous,113150.2,113443.4,113060.6,113379.1,103275837.06649956
2025-10-14 23:29:59.892000+00:00,2025-10-14 23:15:00+00:00,continuous,113379.1,113465.0,113276.1,113380.4,50307644.78240014
2025-10-14 23:44:59.927000+00:00,2025-10-14 23:30:00+00:00,continuous,113380.4,113429.4,113196.0,113218.1,58277502.26129988
2025-10-14 23:59:59.627000+00:00,2025-10-14 23:45:00+00:00,continuous,113218.1,113257.1,112960.5,112983.8,90153429.40050043
2025-10-15 00:14:59.916000+00:00,2025-10-15 00:00:00+00:00,continuous,112983.9,112999.7,112718.5,112740.0,134818325.28260022
2025-10-15 00:29:59.972000+00:00,2025-10-15 00:15:00+00:00,continuous,112740.1,112971.4,112587.2,112780.0,174085712.31140018
2025-10-15 00:44:59.853000+00:00,2025-10-15 00:30:00+00:00,continuous,112779.9,112956.3,112543.1,112886.6,158134259.78499958
2025-10-15 00:59:59.688000+00:00,2025-10-15 00:45:00+00:00,continuous,112886.6,113069.7,112751.6,112939.4,96409284.6801003
2025-10-15 01:14:59.938000+00:00,2025-10-15 01:00:00+00:00,continuous,112939.5,112964.4,112341.7,112676.7,196071970.10760033
2025-10-15 01:29:59.966000+00:00,2025-10-15 01:15:00+00:00,continuous,112676.8,112824.0,112422.9,112426.7,110081468.4272002
2025-10-15 01:44:59.810000+00:00,2025-10-15 01:30:00+00:00,continuous,112426.7,112472.3,112270.4,112465.5,132849215.25650035
2025-10-15 01:59:59.961000+00:00,2025-10-15 01:45:00+00:00,continuous,112465.4,112730.8,112382.1,112677.6,76499021.63190004
2025-10-15 02:14:59.937000+00:00,2025-10-15 02:00:00+00:00,continuous,112677.5,112938.0,112612.4,112900.6,93029467.97699971
2025-10-15 02:29:59.967000+00:00,2025-10-15 02:15:00+00:00,continuous,112900.6,113510.9,112805.7,113510.9,245411004.36509997
2025-10-15 02:44:59.909000+00:00,2025-10-15 02:30:00+00:00,continuous,113510.8,113576.1,112932.9,112980.6,169964611.84760013
2025-10-15 02:59:59.736000+00:00,2025-10-15 02:45:00+00:00,continuous,112980.6,113050.0,112752.0,112763.2,81241589.13569976
2025-10-15 03:14:59.395000+00:00,2025-10-15 03:00:00+00:00,continuous,112763.2,112820.0,112271.7,112432.9,191436126.12980086
2025-10-15 03:29:59.840000+00:00,2025-10-15 03:15:00+00:00,continuous,112432.9,112450.0,111889.0,112213.1,213353347.3141004
2025-10-15 03:44:59.901000+00:00,2025-10-15 03:30:00+00:00,continuous,112213.2,112213.2,111815.8,111967.0,116591896.52399987
2025-10-15 03:59:59.925000+00:00,2025-10-15 03:45:00+00:00,continuous,111966.9,112094.7,111758.5,111978.7,104379217.8254996
2025-10-15 04:14:59.808000+00:00,2025-10-15 04:00:00+00:00,continuous,111978.7,112067.1,111692.8,111978.2,144381443.67529926
2025-10-15 04:29:59.894000+00:00,2025-10-15 04:15:00+00:00,continuous,111978.2,112287.1,111909.4,112137.9,104267716.39770004
2025-10-15 04:44:59.747000+00:00,2025-10-15 04:30:00+00:00,continuous,112137.9,112213.1,112023.4,112154.4,53360199.87209978
2025-10-15 04:59:59.976000+00:00,2025-10-15 04:45:00+00:00,continuous,112154.3,112435.4,112104.7,112292.4,108549755.6799009
2025-10-15 05:14:59.970000+00:00,2025-10-15 05:00:00+00:00,continuous,112292.3,112489.7,112259.3,112443.6,122402902.84109943
2025-10-15 05:29:59.973000+00:00,2025-10-15 05:15:00+00:00,continuous,112443.5,112523.0,112162.6,112269.2,87439422.7636008
2025-10-15 05:44:59.959000+00:00,2025-10-15 05:30:00+00:00,continuous,112269.3,112616.7,112131.3,112501.3,101489524.80809973
2025-10-15 05:59:59.544000+00:00,2025-10-15 05:45:00+00:00,continuous,112501.4,112501.4,112307.1,112378.0,41205887.28349992
2025-10-15 06:14:59.936000+00:00,2025-10-15 06:00:00+00:00,continuous,112378.0,112440.1,112125.0,112183.7,64551478.81080019
2025-10-15 06:29:59.671000+00:00,2025-10-15 06:15:00+00:00,continuous,112183.7,112205.9,111834.0,111887.4,144238494.83740008
2025-10-15 06:44:59.821000+00:00,2025-10-15 06:30:00+00:00,continuous,111887.5,112528.3,111841.8,112270.4,106951775.74079931
2025-10-15 06:59:59.957000+00:00,2025-10-15 06:45:00+00:00,continuous,112270.4,112447.0,112243.9,112399.9,89006860.84640038
2025-10-15 07:14:59.844000+00:00,2025-10-15 07:00:00+00:00,continuous,112400.0,112551.8,112170.3,112441.4,87102174.94630012
2025-10-15 07:29:59.646000+00:00,2025-10-15 07:15:00+00:00,continuous,112441.4,112637.0,112300.0,112300.0,81671940.87039989
2025-10-15 07:44:59.593000+00:00,2025-10-15 07:30:00+00:00,continuous,112300.1,112437.4,112262.2,112382.2,57821221.79459983
2025-10-15 07:59:59.862000+00:00,2025-10-15 07:45:00+00:00,continuous,112382.1,112533.1,112329.6,112524.3,57254958.15870023
2025-10-15 08:14:59.991000+00:00,2025-10-15 08:00:00+00:00,continuous,112524.4,112875.7,112476.3,112860.6,144655956.48880002
2025-10-15 08:29:59.951000+00:00,2025-10-15 08:15:00+00:00,continuous,112860.5,113113.0,112800.0,113068.1,228438701.69939917
2025-10-15 08:44:59.997000+00:00,2025-10-15 08:30:00+00:00,continuous,113068.1,113477.9,113050.6,113168.9,296665867.51859814
2025-10-15 08:59:59.892000+00:00,2025-10-15 08:45:00+00:00,continuous,113169.0,113169.0,112839.0,112899.9,190071229.18510002
2025-10-15 09:14:59.990000+00:00,2025-10-15 09:00:00+00:00,continuous,112899.9,113072.2,112751.6,112903.2,119863000.44529991
2025-10-15 09:29:58.313000+00:00,2025-10-15 09:15:00+00:00,continuous,112903.1,112915.2,112424.4,112548.7,184362463.84109956
2025-10-15 09:44:59.892000+00:00,2025-10-15 09:30:00+00:00,continuous,112548.7,112613.6,112317.2,112500.8,153033020.0175004
2025-10-15 09:59:59.679000+00:00,2025-10-15 09:45:00+00:00,continuous,112500.8,112670.1,112343.7,112506.2,88161591.15710045
2025-10-15 10:14:59.674000+00:00,2025-10-15 10:00:00+00:00,continuous,112506.1,112603.1,112259.4,112530.1,151704844.69790003
2025-10-15 10:29:59.721000+00:00,2025-10-15 10:15:00+00:00,continuous,112530.0,112553.1,112261.8,112360.5,92486934.68789952
2025-10-15 10:44:59.748000+00:00,2025-10-15 10:30:00+00:00,continuous,112360.6,112429.1,111995.5,112280.2,294882642.40499985
2025-10-15 10:59:59.659000+00:00,2025-10-15 10:45:00+00:00,continuous,112280.2,112354.7,112094.9,112214.2,82522993.64840041
2025-10-15 11:14:59.997000+00:00,2025-10-15 11:00:00+00:00,continuous,112214.1,112557.0,112189.3,112200.0,203002130.51619992
2025-10-15 11:29:59.974000+00:00,2025-10-15 11:15:00+00:00,continuous,112200.0,112230.6,111606.1,111990.5,511970898.68999946
2025-10-15 11:44:59.883000+00:00,2025-10-15 11:30:00+00:00,continuous,111990.5,112054.5,111809.2,112054.4,85833057.36940017
2025-10-15 11:59:59.845000+00:00,2025-10-15 11:45:00+00:00,continuous,112054.4,112054.5,111800.0,111841.0,81203457.60749984
2025-10-15 12:14:59.960000+00:00,2025-10-15 12:00:00+00:00,continuous,111840.9,112039.5,111714.6,111932.5,161827279.05150095
2025-10-15 12:29:59.919000+00:00,2025-10-15 12:15:00+00:00,continuous,111932.6,111955.7,111312.6,111414.6,287069745.80409867
2025-10-15 12:44:59.918000+00:00,2025-10-15 12:30:00+00:00,continuous,111414.6,111639.0,111343.6,111556.7,159148073.54150024
2025-10-15 12:59:59.649000+00:00,2025-10-15 12:45:00+00:00,continuous,111556.8,111756.9,111500.0,111656.8,101163172.69240102
2025-10-15 13:14:59.994000+00:00,2025-10-15 13:00:00+00:00,continuous,111656.7,111656.8,111289.7,111422.4,101833186.85079926
2025-10-15 13:29:59.872000+00:00,2025-10-15 13:15:00+00:00,continuous,111422.5,111580.7,111350.0,111379.5,71683797.3108997
2025-10-15 13:44:59.899000+00:00,2025-10-15 13:30:00+00:00,continuous,111379.5,111961.5,111100.0,111275.7,446159159.9937999
2025-10-15 13:59:59.608000+00:00,2025-10-15 13:45:00+00:00,continuous,111275.7,111445.9,110666.0,111339.0,556939845.0239053
2025-10-15 14:14:59.797000+00:00,2025-10-15 14:00:00+00:00,continuous,111338.9,112183.4,111329.8,111973.1,462076099.45930284
2025-10-15 14:29:59.956000+00:00,2025-10-15 14:15:00+00:00,continuous,111973.0,112140.0,111760.8,111867.1,178052633.16120073
2025-10-15 14:44:59.897000+00:00,2025-10-15 14:30:00+00:00,continuous,111867.0,111892.7,111131.1,111247.9,220291071.08370072
2025-10-15 14:59:59.902000+00:00,2025-10-15 14:45:00+00:00,continuous,111247.9,111284.9,110736.1,111000.4,396793610.7038986
2025-10-15 15:14:59.900000+00:00,2025-10-15 15:00:00+00:00,continuous,111000.4,111226.7,110666.0,110786.9,264136957.21320114
2025-10-15 15:29:59.892000+00:00,2025-10-15 15:15:00+00:00,continuous,110786.8,111572.7,110500.0,111128.5,509958203.04780275
2025-10-15 15:44:59.756000+00:00,2025-10-15 15:30:00+00:00,continuous,111128.4,111344.1,110530.0,110685.4,204066926.93949848
2025-10-15 15:59:59.920000+00:00,2025-10-15 15:45:00+00:00,continuous,110685.4,110765.1,110320.4,110757.5,350610554.6939975
2025-10-15 16:14:59.887000+00:00,2025-10-15 16:00:00+00:00,continuous,110757.4,111089.7,110560.4,110870.8,201192911.2732991
2025-10-15 16:29:59.980000+00:00,2025-10-15 16:15:00+00:00,continuous,110870.8,111022.6,110639.1,110921.0,116774951.5455002
2025-10-15 16:44:59.929000+00:00,2025-10-15 16:30:00+00:00,continuous,110920.9,110986.0,110588.1,110639.7,166640420.3939999
2025-10-15 16:59:59.617000+00:00,2025-10-15 16:45:00+00:00,continuous,110639.8,110805.1,110546.8,110693.4,105261437.5090001
2025-10-15 17:14:59.958000+00:00,2025-10-15 17:00:00+00:00,continuous,110693.4,110707.7,110181.0,110216.2,253375195.66779965
2025-10-15 17:29:59.522000+00:00,2025-10-15 17:15:00+00:00,continuous,110216.2,110615.8,110096.9,110351.5,222957349.5982962
2025-10-15 17:44:59.899000+00:00,2025-10-15 17:30:00+00:00,continuous,110351.5,110690.4,110185.0,110664.5,124562611.00409968
2025-10-15 17:59:59.983000+00:00,2025-10-15 17:45:00+00:00,continuous,110664.5,111137.5,110664.5,111133.9,171115950.86010015
2025-10-15 18:14:59.812000+00:00,2025-10-15 18:00:00+00:00,continuous,111133.8,111153.5,110770.0,110924.8,117043103.23979965
2025-10-15 18:29:59.843000+00:00,2025-10-15 18:15:00+00:00,continuous,110924.7,111327.0,110915.3,111154.2,112470909.45269975
2025-10-15 18:44:59.828000+00:00,2025-10-15 18:30:00+00:00,continuous,111154.1,111257.9,110932.8,111105.9,84772013.23470014
2025-10-15 18:59:59.554000+00:00,2025-10-15 18:45:00+00:00,continuous,111105.8,111441.0,111012.7,111372.9,83691257.45069982
2025-10-15 19:14:59.842000+00:00,2025-10-15 19:00:00+00:00,continuous,111372.9,111391.4,111030.2,111159.4,84137790.65259996
2025-10-15 19:29:59.904000+00:00,2025-10-15 19:15:00+00:00,continuous,111159.4,111500.0,111127.4,111426.1,97155656.0146999
2025-10-15 19:44:59.259000+00:00,2025-10-15 19:30:00+00:00,continuous,111426.1,111473.4,111073.4,111247.8,81517923.40640022
2025-10-15 19:59:59.938000+00:00,2025-10-15 19:45:00+00:00,continuous,111247.7,111254.9,111014.0,111202.7,76671004.43269995
2025-10-15 20:14:59.946000+00:00,2025-10-15 20:00:00+00:00,continuous,111202.7,111441.6,111202.7,111350.9,57016390.39909966
2025-10-15 20:29:59.895000+00:00,2025-10-15 20:15:00+00:00,continuous,111350.8,111499.7,110957.9,110987.8,90031459.11709997
2025-10-15 20:44:59.529000+00:00,2025-10-15 20:30:00+00:00,continuous,110987.8,111293.7,110441.7,111217.7,272790714.5302002
2025-10-15 20:59:59.889000+00:00,2025-10-15 20:45:00+00:00,continuous,111217.7,111387.8,110973.0,111049.8,73024364.42360012
2025-10-15 21:14:59.893000+00:00,2025-10-15 21:00:00+00:00,continuous,111049.7,111105.6,110429.8,110749.9,144588709.8987009
2025-10-15 21:29:59.572000+00:00,2025-10-15 21:15:00+00:00,continuous,110750.0,111038.4,110528.8,110911.3,83136970.6405995
2025-10-15 21:44:59.754000+00:00,2025-10-15 21:30:00+00:00,continuous,110911.3,111368.5,110716.8,111049.8,156233685.51649958
2025-10-15 21:59:59.989000+00:00,2025-10-15 21:45:00+00:00,continuous,111049.8,111142.7,110626.2,110795.9,81554607.54420032
2025-10-15 22:14:59.892000+00:00,2025-10-15 22:00:00+00:00,continuous,110796.0,111016.3,110744.4,111008.4,69671907.25159967
2025-10-15 22:29:59.334000+00:00,2025-10-15 22:15:00+00:00,continuous,111008.3,111333.3,110974.7,111113.5,105365277.06500022
2025-10-15 22:44:59.926000+00:00,2025-10-15 22:30:00+00:00,continuous,111113.4,111257.0,111098.4,111148.6,34074518.40489992
2025-10-15 22:59:59.915000+00:00,2025-10-15 22:45:00+00:00,continuous,111148.6,111148.7,110597.9,110602.2,106455303.5905997
2025-10-15 23:14:59.972000+00:00,2025-10-15 23:00:00+00:00,continuous,110602.2,110886.5,110526.3,110796.2,74793202.87840027
2025-10-15 23:29:59.494000+00:00,2025-10-15 23:15:00+00:00,continuous,110796.2,110879.0,110700.0,110826.7,42424283.95800011
2025-10-15 23:44:59.770000+00:00,2025-10-15 23:30:00+00:00,continuous,110826.7,110958.4,110748.0,110886.0,47395106.10059993
2025-10-15 23:59:59.848000+00:00,2025-10-15 23:45:00+00:00,continuous,110886.0,110900.0,110588.5,110699.0,57252070.39560031
2025-10-16 00:14:59.161000+00:00,2025-10-16 00:00:00+00:00,continuous,110699.1,110800.0,110474.0,110482.9,92895821.01770036
2025-10-16 00:29:59.825000+00:00,2025-10-16 00:15:00+00:00,continuous,110482.8,110797.0,110437.8,110737.0,79635943.10909975
2025-10-16 00:44:59.583000+00:00,2025-10-16 00:30:00+00:00,continuous,110737.0,110737.0,110304.7,110321.2,117561183.30840032
2025-10-16 00:59:59.840000+00:00,2025-10-16 00:45:00+00:00,continuous,110321.1,110507.5,110300.0,110387.2,62651593.61959998
2025-10-16 01:14:59.725000+00:00,2025-10-16 01:00:00+00:00,continuous,110387.1,111069.4,110373.8,110955.4,148481716.7536005
2025-10-16 01:29:59.916000+00:00,2025-10-16 01:15:00+00:00,continuous,110955.4,111000.0,110655.3,110843.2,92950312.85220021
2025-10-16 01:44:59.520000+00:00,2025-10-16 01:30:00+00:00,continuous,110843.3,111083.7,110755.2,110973.0,83410600.42570029
2025-10-16 01:59:59.999000+00:00,2025-10-16 01:45:00+00:00,continuous,110972.9,111290.0,110867.2,111256.8,108459816.78759941
2025-10-16 02:14:59.682000+00:00,2025-10-16 02:00:00+00:00,continuous,111256.9,111524.1,110959.0,111283.7,243857633.2395997
2025-10-16 02:29:59.909000+00:00,2025-10-16 02:15:00+00:00,continuous,111283.7,111421.6,111237.1,111357.7,57689250.09049966
2025-10-16 02:44:59.756000+00:00,2025-10-16 02:30:00+00:00,continuous,111357.7,111379.4,111221.7,111287.1,57417132.40919965
2025-10-16 02:59:59.928000+00:00,2025-10-16 02:45:00+00:00,continuous,111287.1,111509.6,111250.1,111464.2,78195370.09939948
2025-10-16 03:14:59.599000+00:00,2025-10-16 03:00:00+00:00,continuous,111464.2,111566.0,111359.1,111450.0,98347169.74129985
2025-10-16 03:29:59.593000+00:00,2025-10-16 03:15:00+00:00,continuous,111450.0,111827.5,111384.0,111674.7,142736861.26000032
2025-10-16 03:44:59.895000+00:00,2025-10-16 03:30:00+00:00,continuous,111674.6,111674.7,111344.2,111521.5,114096357.46409965
2025-10-16 03:59:59.903000+00:00,2025-10-16 03:45:00+00:00,continuous,111521.4,111576.7,111200.0,111277.4,109517783.02609995
2025-10-16 04:14:59.983000+00:00,2025-10-16 04:00:00+00:00,continuous,111277.5,111599.6,111257.4,111541.2,92491059.52659999
2025-10-16 04:29:59.906000+00:00,2025-10-16 04:15:00+00:00,continuous,111541.2,111626.0,111471.1,111493.2,53139579.23160016
2025-10-16 04:44:59.824000+00:00,2025-10-16 04:30:00+00:00,continuous,111493.2,111533.0,110860.0,110935.7,149342006.64519975
2025-10-16 04:59:59.906000+00:00,2025-10-16 04:45:00+00:00,continuous,110935.6,111067.4,110737.0,110918.4,145893792.69059935
2025-10-16 05:14:59.350000+00:00,2025-10-16 05:00:00+00:00,continuous,110918.4,111113.7,110845.7,111060.6,77826600.42599954
2025-10-16 05:29:59.970000+00:00,2025-10-16 05:15:00+00:00,continuous,111060.6,111107.2,110895.5,110998.7,83352208.96540008
2025-10-16 05:44:59.958000+00:00,2025-10-16 05:30:00+00:00,continuous,110998.7,111436.0,110998.6,111293.9,146946508.78660092
2025-10-16 05:59:59.598000+00:00,2025-10-16 05:45:00+00:00,continuous,111294.0,111307.9,110666.0,110881.8,124024727.51789927
2025-10-16 06:14:59.999000+00:00,2025-10-16 06:00:00+00:00,continuous,110881.8,111139.4,110874.0,110874.0,107876054.83890031
2025-10-16 06:29:59.491000+00:00,2025-10-16 06:15:00+00:00,continuous,110874.0,111259.3,110845.0,111253.4,80298656.21869989
2025-10-16 06:44:59.733000+00:00,2025-10-16 06:30:00+00:00,continuous,111253.4,111483.2,111245.1,111287.7,131984907.33080055
2025-10-16 06:59:59.969000+00:00,2025-10-16 06:45:00+00:00,continuous,111287.6,111693.4,111287.6,111603.9,149491559.69070014
2025-10-16 07:14:59.825000+00:00,2025-10-16 07:00:00+00:00,continuous,111604.0,111711.4,111249.2,111337.5,160810197.14210027
2025-10-16 07:29:59.652000+00:00,2025-10-16 07:15:00+00:00,continuous,111337.5,111337.5,110650.0,110700.0,290270611.3707002
2025-10-16 07:44:59.853000+00:00,2025-10-16 07:30:00+00:00,continuous,110700.1,110875.4,110654.0,110845.7,163861877.83239982
2025-10-16 07:59:59.567000+00:00,2025-10-16 07:45:00+00:00,continuous,110845.7,110845.7,110488.0,110518.2,255593076.38000098
2025-10-16 08:14:59.850000+00:00,2025-10-16 08:00:00+00:00,continuous,110518.2,110610.1,110330.4,110599.9,186476960.7714992
2025-10-16 08:29:59.975000+00:00,2025-10-16 08:15:00+00:00,continuous,110600.0,110688.1,110432.4,110488.7,74658418.54200022
2025-10-16 08:44:59.682000+00:00,2025-10-16 08:30:00+00:00,continuous,110488.6,110826.5,110435.9,110660.3,131510877.67119978
2025-10-16 08:59:59.904000+00:00,2025-10-16 08:45:00+00:00,continuous,110660.3,110849.9,110625.0,110760.8,106160396.60330038
2025-10-16 09:14:59.895000+00:00,2025-10-16 09:00:00+00:00,continuous,110760.7,110918.6,110681.4,110788.0,89807509.23539898
2025-10-16 09:29:59.969000+00:00,2025-10-16 09:15:00+00:00,continuous,110787.9,110884.9,110615.0,110615.1,66127166.072300315
2025-10-16 09:44:59.948000+00:00,2025-10-16 09:30:00+00:00,continuous,110615.0,111457.4,109403.5,111191.9,1323808487.2285914
2025-10-16 09:59:59.912000+00:00,2025-10-16 09:45:00+00:00,continuous,111192.0,111623.0,110937.3,111099.9,765117815.1406013
2025-10-16 10:14:59.911000+00:00,2025-10-16 10:00:00+00:00,continuous,111099.9,111471.8,110963.1,111336.3,278790434.7788981
2025-10-16 10:29:59.717000+00:00,2025-10-16 10:15:00+00:00,continuous,111336.4,111677.1,111261.0,111312.0,231466624.9803002
2025-10-16 10:44:59.860000+00:00,2025-10-16 10:30:00+00:00,continuous,111311.9,111460.0,111200.0,111396.4,88700469.39270051
2025-10-16 10:59:59.894000+00:00,2025-10-16 10:45:00+00:00,continuous,111396.4,111600.0,111391.9,111422.3,105875458.47040014
2025-10-16 11:14:59.631000+00:00,2025-10-16 11:00:00+00:00,continuous,111422.3,111521.8,111185.7,111374.3,118061963.50850032
2025-10-16 11:29:59.648000+00:00,2025-10-16 11:15:00+00:00,continuous,111374.3,111424.8,111017.9,111068.4,137376005.03989935
2025-10-16 11:44:59.917000+00:00,2025-10-16 11:30:00+00:00,continuous,111068.4,111238.5,110955.0,111112.9,170567805.01330057
2025-10-16 11:59:59.936000+00:00,2025-10-16 11:45:00+00:00,continuous,111112.8,111398.8,111036.0,111363.9,95317610.79840016
2025-10-16 12:14:59.867000+00:00,2025-10-16 12:00:00+00:00,continuous,111364.0,111960.0,111360.2,111487.0,410198472.4524966
2025-10-16 12:29:59.915000+00:00,2025-10-16 12:15:00+00:00,continuous,111487.0,111619.3,111276.8,111366.5,143330987.0641004
2025-10-16 12:44:59.913000+00:00,2025-10-16 12:30:00+00:00,continuous,111366.5,111640.9,111279.4,111479.2,183842520.6408995
2025-10-16 12:59:59.803000+00:00,2025-10-16 12:45:00+00:00,continuous,111479.2,111590.1,111350.0,111470.9,102991733.51370002
2025-10-16 13:14:59.870000+00:00,2025-10-16 13:00:00+00:00,continuous,111470.8,111507.9,111098.8,111254.9,105266652.48969972
2025-10-16 13:29:59.891000+00:00,2025-10-16 13:15:00+00:00,continuous,111254.9,111258.2,110756.4,111092.6,208150996.57369974
2025-10-16 13:44:59.820000+00:00,2025-10-16 13:30:00+00:00,continuous,111092.6,111452.7,111014.2,111269.8,220882323.62240046
2025-10-16 13:59:59.880000+00:00,2025-10-16 13:45:00+00:00,continuous,111269.8,111400.0,110611.0,110794.7,272629262.01909864
2025-10-16 14:14:59.964000+00:00,2025-10-16 14:00:00+00:00,continuous,110794.7,110891.3,110136.0,110153.5,428057461.0793021
2025-10-16 14:29:59.746000+00:00,2025-10-16 14:15:00+00:00,continuous,110153.4,110406.1,109637.8,110275.4,553324868.9241999
2025-10-16 14:44:59.963000+00:00,2025-10-16 14:30:00+00:00,continuous,110275.1,111377.7,110275.1,111289.0,566660186.6087974
2025-10-16 14:59:59.806000+00:00,2025-10-16 14:45:00+00:00,continuous,111289.1,111355.5,110408.2,110466.9,366475385.80869985
2025-10-16 15:14:59.736000+00:00,2025-10-16 15:00:00+00:00,continuous,110466.9,110666.6,110077.9,110534.8,274675159.6241003
2025-10-16 15:29:59.981000+00:00,2025-10-16 15:15:00+00:00,continuous,110534.7,110577.7,109801.0,109989.9,253049201.11839905
2025-10-16 15:44:59.915000+00:00,2025-10-16 15:30:00+00:00,continuous,109989.8,110134.5,108805.8,109149.4,1109826696.9496808
2025-10-16 15:59:59.926000+00:00,2025-10-16 15:45:00+00:00,continuous,109149.3,109182.1,108250.0,108474.0,997298536.7106946
2025-10-16 16:14:59.984000+00:00,2025-10-16 16:00:00+00:00,continuous,108473.9,108761.6,108115.5,108510.0,603570648.8752041
2025-10-16 16:29:59.852000+00:00,2025-10-16 16:15:00+00:00,continuous,108510.1,108761.6,107850.5,108083.5,698681511.9317926
2025-10-16 16:44:59.943000+00:00,2025-10-16 16:30:00+00:00,continuous,108083.5,108398.6,107503.3,108031.9,700958177.2191066
2025-10-16 16:59:59.968000+00:00,2025-10-16 16:45:00+00:00,continuous,108031.8,109212.6,107868.0,109182.9,536940192.279401
2025-10-16 17:14:59.913000+00:00,2025-10-16 17:00:00+00:00,continuous,109182.9,109192.7,108259.8,108432.0,580306815.6973996
2025-10-16 17:29:59.953000+00:00,2025-10-16 17:15:00+00:00,continuous,108432.0,109108.0,108400.0,108748.2,265838960.90539902
2025-10-16 17:44:59.944000+00:00,2025-10-16 17:30:00+00:00,continuous,108748.3,108890.9,108402.1,108466.3,144641906.70560044
2025-10-16 17:59:59.988000+00:00,2025-10-16 17:45:00+00:00,continuous,108466.4,108548.2,108156.0,108220.5,202282527.45649952
2025-10-16 18:14:59.776000+00:00,2025-10-16 18:00:00+00:00,continuous,108220.5,108245.9,107659.9,107849.9,339240925.2753004
2025-10-16 18:29:59.825000+00:00,2025-10-16 18:15:00+00:00,continuous,107849.8,108073.7,107625.3,107822.9,253325059.01910016
2025-10-16 18:44:59.890000+00:00,2025-10-16 18:30:00+00:00,continuous,107822.6,108584.4,107779.8,108419.5,266211835.70900074
2025-10-16 18:59:59.949000+00:00,2025-10-16 18:45:00+00:00,continuous,108419.4,108608.9,108164.5,108600.0,151537944.4928002
2025-10-16 19:14:58.999000+00:00,2025-10-16 19:00:00+00:00,continuous,108600.1,108700.0,107980.5,108001.8,236767205.19800052
2025-10-16 19:29:59.824000+00:00,2025-10-16 19:15:00+00:00,continuous,108001.8,108144.5,107650.0,107875.9,190287062.44659996
2025-10-16 19:44:59.996000+00:00,2025-10-16 19:30:00+00:00,continuous,107875.9,108024.0,107626.5,107949.3,139466634.98189887
2025-10-16 19:59:59.943000+00:00,2025-10-16 19:45:00+00:00,continuous,107949.4,108500.0,107765.9,108151.3,198009686.91509852
2025-10-16 20:14:59.968000+00:00,2025-10-16 20:00:00+00:00,continuous,108151.2,108391.5,107959.0,108032.2,138949016.53580058
2025-10-16 20:29:59.892000+00:00,2025-10-16 20:15:00+00:00,continuous,108032.2,108195.2,107733.8,107934.0,114938678.80130027
2025-10-16 20:44:59.892000+00:00,2025-10-16 20:30:00+00:00,continuous,107934.0,108004.1,107350.0,107741.9,315263856.3781019
2025-10-16 20:59:59.780000+00:00,2025-10-16 20:45:00+00:00,continuous,107741.8,107955.7,107486.3,107796.4,122506956.7043005
2025-10-16 21:14:59.988000+00:00,2025-10-16 21:00:00+00:00,continuous,107796.4,108090.9,107520.6,108073.3,153761710.40449974
2025-10-16 21:29:59.837000+00:00,2025-10-16 21:15:00+00:00,continuous,108073.4,108171.2,107869.9,108059.3,85627918.18460028
2025-10-16 21:44:59.735000+00:00,2025-10-16 21:30:00+00:00,continuous,108059.2,108312.5,108039.5,108239.3,91994195.94389923
2025-10-16 21:59:59.738000+00:00,2025-10-16 21:45:00+00:00,continuous,108239.3,108404.6,108147.2,108374.5,52524916.13739982
2025-10-16 22:14:59.272000+00:00,2025-10-16 22:00:00+00:00,continuous,108374.6,108450.4,108032.4,108032.5,71340798.31409998
2025-10-16 22:29:58.809000+00:00,2025-10-16 22:15:00+00:00,continuous,108032.5,108107.7,107910.1,107925.9,64593046.546100095
2025-10-16 22:44:59.878000+00:00,2025-10-16 22:30:00+00:00,continuous,107926.0,108017.7,107829.6,107870.4,61898551.954700164
2025-10-16 22:59:59.835000+00:00,2025-10-16 22:45:00+00:00,continuous,107870.4,107951.9,107712.2,107738.5,73549429.60899962
2025-10-16 23:14:59.926000+00:00,2025-10-16 23:00:00+00:00,continuous,107738.5,107960.6,107666.0,107916.5,73145790.30240022
2025-10-16 23:29:59.805000+00:00,2025-10-16 23:15:00+00:00,continuous,107916.6,108376.2,107916.5,108250.1,139859580.3508
2025-10-16 23:44:59.328000+00:00,2025-10-16 23:30:00+00:00,continuous,108250.1,108250.1,107910.2,107965.5,68042624.85880017
2025-10-16 23:59:59.669000+00:00,2025-10-16 23:45:00+00:00,continuous,107965.5,108143.6,107956.2,108129.4,41757164.917800106
2025-10-17 00:14:59.949000+00:00,2025-10-17 00:00:00+00:00,continuous,108129.4,108221.4,107885.6,108189.3,100340258.39250006
2025-10-17 00:29:59.769000+00:00,2025-10-17 00:15:00+00:00,continuous,108189.3,108458.6,108150.0,108451.7,103934520.82749964
2025-10-17 00:44:59.916000+00:00,2025-10-17 00:30:00+00:00,continuous,108451.6,108795.0,108254.5,108605.7,175541200.4906989
2025-10-17 00:59:59.987000+00:00,2025-10-17 00:45:00+00:00,continuous,108605.8,108738.1,108500.0,108738.1,82941656.04540007
2025-10-17 01:14:59.972000+00:00,2025-10-17 01:00:00+00:00,continuous,108737.3,109050.0,108698.3,108923.0,188298442.9455987
2025-10-17 01:29:59.807000+00:00,2025-10-17 01:15:00+00:00,continuous,108923.1,108998.0,108670.5,108750.2,107356131.37509976
2025-10-17 01:44:59.937000+00:00,2025-10-17 01:30:00+00:00,continuous,108750.2,108851.6,108566.6,108624.0,85919771.91050005
2025-10-17 01:59:59.856000+00:00,2025-10-17 01:45:00+00:00,continuous,108624.1,108800.0,108437.6,108774.2,94112142.2292995
2025-10-17 02:14:59.949000+00:00,2025-10-17 02:00:00+00:00,continuous,108774.3,108776.4,108355.8,108441.8,110508757.17250077
2025-10-17 02:29:59.988000+00:00,2025-10-17 02:15:00+00:00,continuous,108441.8,108527.6,108322.1,108369.9,66921867.18459994
2025-10-17 02:44:59.633000+00:00,2025-10-17 02:30:00+00:00,continuous,108369.8,108762.2,108337.5,108682.6,77146418.20900005
2025-10-17 02:59:59.817000+00:00,2025-10-17 02:45:00+00:00,continuous,108682.7,109046.2,108663.5,108916.6,145721143.7463995
2025-10-17 03:14:59.929000+00:00,2025-10-17 03:00:00+00:00,continuous,108916.6,109040.1,108850.0,108990.1,80467932.48830019
2025-10-17 03:29:59.216000+00:00,2025-10-17 03:15:00+00:00,continuous,108990.0,109034.9,108876.2,108981.2,57459294.71179999
2025-10-17 03:44:59.957000+00:00,2025-10-17 03:30:00+00:00,continuous,108981.3,109050.0,108832.4,108843.8,69063558.94270025
2025-10-17 03:59:59.895000+00:00,2025-10-17 03:45:00+00:00,continuous,108843.8,109199.8,108843.8,109121.8,84435843.84729956
2025-10-17 04:14:59.925000+00:00,2025-10-17 04:00:00+00:00,continuous,109121.9,109182.9,108948.4,109029.9,79103855.51329955
2025-10-17 04:29:59.105000+00:00,2025-10-17 04:15:00+00:00,continuous,109029.8,109077.0,108857.7,108913.3,57980071.7212001
2025-10-17 04:44:59.954000+00:00,2025-10-17 04:30:00+00:00,continuous,108913.4,109013.7,108802.0,108848.8,108831269.48739961
2025-10-17 04:59:59.705000+00:00,2025-10-17 04:45:00+00:00,continuous,108848.9,108953.5,108715.6,108729.7,95930280.01429947
2025-10-17 05:14:59.328000+00:00,2025-10-17 05:00:00+00:00,continuous,108729.7,108863.5,108656.2,108750.0,76073215.43830024
2025-10-17 05:29:59.855000+00:00,2025-10-17 05:15:00+00:00,continuous,108750.0,108828.5,108657.5,108770.4,51554229.54629996
2025-10-17 05:44:59.686000+00:00,2025-10-17 05:30:00+00:00,continuous,108770.4,108804.8,108458.0,108498.2,111400321.60669994
2025-10-17 05:59:59.887000+00:00,2025-10-17 05:45:00+00:00,continuous,108498.2,108518.8,108250.0,108327.9,173778793.4425996
2025-10-17 06:14:59.798000+00:00,2025-10-17 06:00:00+00:00,continuous,108328.0,108471.4,108214.8,108272.9,143175105.96169952
2025-10-17 06:29:59.892000+00:00,2025-10-17 06:15:00+00:00,continuous,108272.8,108298.7,107706.8,107768.3,316715581.05789864
2025-10-17 06:44:59.877000+00:00,2025-10-17 06:30:00+00:00,continuous,107768.2,107838.7,106810.7,106960.1,908724399.5380013
2025-10-17 06:59:59.936000+00:00,2025-10-17 06:45:00+00:00,continuous,106960.1,107146.1,106600.0,106699.1,613397399.3225076
2025-10-17 07:14:59.997000+00:00,2025-10-17 07:00:00+00:00,continuous,106699.2,106864.9,106105.3,106198.4,754110367.354298
2025-10-17 07:29:59.995000+00:00,2025-10-17 07:15:00+00:00,continuous,106198.3,106535.3,106100.0,106256.8,365879911.3999001
2025-10-17 07:44:59.928000+00:00,2025-10-17 07:30:00+00:00,continuous,106256.9,106280.8,105640.0,105709.7,686770499.5455066
2025-10-17 07:59:59.961000+00:00,2025-10-17 07:45:00+00:00,continuous,105709.7,105948.5,105457.4,105578.3,475100970.4796023
2025-10-17 08:14:59.894000+00:00,2025-10-17 08:00:00+00:00,continuous,105578.2,105616.7,105000.0,105094.4,848580673.5406002
2025-10-17 08:29:59.917000+00:00,2025-10-17 08:15:00+00:00,continuous,105094.4,105399.4,104383.3,105132.1,1061205082.8506198
2025-10-17 08:44:59.804000+00:00,2025-10-17 08:30:00+00:00,continuous,105132.1,105660.0,104831.0,105024.3,575864688.4334027
2025-10-17 08:59:59.811000+00:00,2025-10-17 08:45:00+00:00,continuous,105024.2,105194.3,104688.4,104845.1,238479894.24429908
2025-10-17 09:14:59.928000+00:00,2025-10-17 09:00:00+00:00,continuous,104845.2,105299.9,104764.4,105190.0,310315648.08229935
2025-10-17 09:29:59.947000+00:00,2025-10-17 09:15:00+00:00,continuous,105190.0,105274.5,104842.2,105060.9,158288441.55330083
2025-10-17 09:44:59.942000+00:00,2025-10-17 09:30:00+00:00,continuous,105060.9,105581.3,105024.3,105024.4,288627725.8256989
2025-10-17 09:59:59.911000+00:00,2025-10-17 09:45:00+00:00,continuous,105024.3,105142.4,104480.4,104487.5,293110416.4189001
2025-10-17 10:14:59.995000+00:00,2025-10-17 10:00:00+00:00,continuous,104487.5,104795.0,104217.6,104594.0,377304986.73540086
2025-10-17 10:29:59.932000+00:00,2025-10-17 10:15:00+00:00,continuous,104594.1,104635.9,103470.0,103971.4,983521626.9706985
2025-10-17 10:44:59.888000+00:00,2025-10-17 10:30:00+00:00,continuous,103971.5,104488.0,103921.9,104382.0,472463296.54899764
2025-10-17 10:59:59.972000+00:00,2025-10-17 10:45:00+00:00,continuous,104382.0,104885.3,104307.1,104728.5,312613338.1971022
2025-10-17 11:14:59.964000+00:00,2025-10-17 11:00:00+00:00,continuous,104728.4,105880.7,104617.4,105767.9,894338423.6013037
2025-10-17 11:29:59.802000+00:00,2025-10-17 11:15:00+00:00,continuous,105767.8,106666.6,105720.4,106183.9,1175769284.1838946
2025-10-17 11:44:59.983000+00:00,2025-10-17 11:30:00+00:00,continuous,106183.9,106256.9,105610.9,105805.2,648780087.2944008
2025-10-17 11:59:59.754000+00:00,2025-10-17 11:45:00+00:00,continuous,105805.1,105953.9,105355.4,105610.5,375179227.7905957
2025-10-17 12:14:59.844000+00:00,2025-10-17 12:00:00+00:00,continuous,105610.5,105998.0,105489.3,105676.2,360159332.6118978
2025-10-17 12:29:59.877000+00:00,2025-10-17 12:15:00+00:00,continuous,105676.2,105933.5,105434.4,105536.7,297474455.4150003
2025-10-17 12:44:59.617000+00:00,2025-10-17 12:30:00+00:00,continuous,105536.8,105739.8,105155.7,105565.9,260129884.87800187
2025-10-17 12:59:59.682000+00:00,2025-10-17 12:45:00+00:00,continuous,105565.8,105589.7,105154.6,105283.8,221204417.81959927
2025-10-17 13:14:59.879000+00:00,2025-10-17 13:00:00+00:00,continuous,105283.8,105469.4,104850.0,104850.1,336522368.30519897
2025-10-17 13:29:59.864000+00:00,2025-10-17 13:15:00+00:00,continuous,104850.1,105571.9,104795.0,105443.4,281958868.8693001
2025-10-17 13:44:59.963000+00:00,2025-10-17 13:30:00+00:00,continuous,105443.4,106040.0,105089.9,105279.9,506891019.18499625
2025-10-17 13:59:59.915000+00:00,2025-10-17 13:45:00+00:00,continuous,105279.8,106126.2,104895.0,105769.9,411222960.2186037
2025-10-17 14:14:59.999000+00:00,2025-10-17 14:00:00+00:00,continuous,105770.0,105934.4,105077.2,105355.8,466034273.2780015
2025-10-17 14:29:59.884000+00:00,2025-10-17 14:15:00+00:00,continuous,105356.0,105529.5,104900.0,105004.5,234857380.31970102
2025-10-17 14:44:59.936000+00:00,2025-10-17 14:30:00+00:00,continuous,105004.4,105378.4,104489.5,105168.1,646111166.9061956
2025-10-17 14:59:59.935000+00:00,2025-10-17 14:45:00+00:00,continuous,105168.1,105729.5,105025.8,105110.9,457372493.57359505
2025-10-17 15:14:59.903000+00:00,2025-10-17 15:00:00+00:00,continuous,105110.9,105715.5,105044.8,105445.2,468900889.1117988
2025-10-17 15:29:59.982000+00:00,2025-10-17 15:15:00+00:00,continuous,105445.2,106196.8,105406.4,106049.0,422413015.51420176
2025-10-17 15:44:59.990000+00:00,2025-10-17 15:30:00+00:00,continuous,106049.1,106168.0,105603.6,106078.8,325227558.1940959
2025-10-17 15:59:59.935000+00:00,2025-10-17 15:45:00+00:00,continuous,106078.7,106800.0,106030.3,106750.1,396928845.21189815
2025-10-17 16:14:59.878000+00:00,2025-10-17 16:00:00+00:00,continuous,106750.0,107505.0,106708.4,106929.9,719634290.5983044
2025-10-17 16:29:59.929000+00:00,2025-10-17 16:15:00+00:00,continuous,106929.9,107202.4,106609.5,106738.2,271082763.65120053
2025-10-17 16:44:59.980000+00:00,2025-10-17 16:30:00+00:00,continuous,106738.2,106830.1,106379.0,106564.7,238617872.32779822
2025-10-17 16:59:59.928000+00:00,2025-10-17 16:45:00+00:00,continuous,106564.8,106867.5,106200.0,106331.2,205574932.08739877
2025-10-17 17:14:59.791000+00:00,2025-10-17 17:00:00+00:00,continuous,106331.1,106666.6,106242.6,106603.8,108876458.72819914
2025-10-17 17:29:59.855000+00:00,2025-10-17 17:15:00+00:00,continuous,106603.8,106688.7,106129.0,106171.6,116307502.14270037
2025-10-17 17:44:59.954000+00:00,2025-10-17 17:30:00+00:00,continuous,106171.5,106533.4,106094.6,106303.9,111753956.09790105
2025-10-17 17:59:59.747000+00:00,2025-10-17 17:45:00+00:00,continuous,106303.9,106538.2,106016.6,106405.3,140084638.17189997
2025-10-17 18:14:59.406000+00:00,2025-10-17 18:00:00+00:00,continuous,106405.2,106850.0,106405.2,106531.1,197631755.26909906
2025-10-17 18:29:59.817000+00:00,2025-10-17 18:15:00+00:00,continuous,106531.1,106916.6,106468.0,106830.1,96487819.7092004
2025-10-17 18:44:59.873000+00:00,2025-10-17 18:30:00+00:00,continuous,106830.1,107058.8,106677.4,106677.4,110305431.48880017
2025-10-17 18:59:59.323000+00:00,2025-10-17 18:45:00+00:00,continuous,106677.4,106776.2,106454.5,106600.1,85134308.19340011
2025-10-17 19:14:59.518000+00:00,2025-10-17 19:00:00+00:00,continuous,106600.1,106849.9,106597.6,106718.0,76965265.61909965
2025-10-17 19:29:59.952000+00:00,2025-10-17 19:15:00+00:00,continuous,106718.6,106781.0,106428.0,106546.7,78455950.35470001
2025-10-17 19:44:59.996000+00:00,2025-10-17 19:30:00+00:00,continuous,106546.7,106546.7,106183.3,106404.8,127620838.71120052
2025-10-17 19:59:59.791000+00:00,2025-10-17 19:45:00+00:00,continuous,106404.9,106593.8,106331.4,106416.4,64206588.888900094
2025-10-17 20:14:59.838000+00:00,2025-10-17 20:00:00+00:00,continuous,106416.5,106564.6,106296.3,106564.5,60900246.92730016
2025-10-17 20:29:59.952000+00:00,2025-10-17 20:15:00+00:00,continuous,106564.6,107019.4,106557.6,106976.3,101725798.29499982
2025-10-17 20:44:59.951000+00:00,2025-10-17 20:30:00+00:00,continuous,106976.3,107084.2,106843.0,106938.8,119692399.10969967
2025-10-17 20:59:59.919000+00:00,2025-10-17 20:45:00+00:00,continuous,106938.9,107134.8,106912.2,106970.0,53173635.23049997
2025-10-17 21:14:59.863000+00:00,2025-10-17 21:00:00+00:00,continuous,106968.6,107346.6,106952.0,107335.0,135158479.0331002
2025-10-17 21:29:59.868000+00:00,2025-10-17 21:15:00+00:00,continuous,107335.0,107370.0,107234.8,107364.2,88066013.30899982
2025-10-17 21:44:59.944000+00:00,2025-10-17 21:30:00+00:00,continuous,107364.3,107364.3,107141.7,107213.2,81214896.82570024
2025-10-17 21:59:59.515000+00:00,2025-10-17 21:45:00+00:00,continuous,107213.1,107370.0,107146.3,107232.6,83761247.97259985
2025-10-17 22:14:59.685000+00:00,2025-10-17 22:00:00+00:00,continuous,107232.6,107355.3,107084.0,107100.3,59949387.094700366
2025-10-17 22:29:59.899000+00:00,2025-10-17 22:15:00+00:00,continuous,107100.2,107170.0,106921.3,107070.6,73460886.85289997
2025-10-17 22:44:59.964000+00:00,2025-10-17 22:30:00+00:00,continuous,107070.6,107087.4,106737.3,106846.8,119112413.17100076
2025-10-17 22:59:59.831000+00:00,2025-10-17 22:45:00+00:00,continuous,106846.8,106969.5,106846.8,106929.7,32879977.196499933
2025-10-17 23:14:59.754000+00:00,2025-10-17 23:00:00+00:00,continuous,106929.6,106929.8,106731.3,106771.3,43102831.54929998
2025-10-17 23:29:59.889000+00:00,2025-10-17 23:15:00+00:00,continuous,106771.2,106825.0,106524.2,106534.3,51993775.73170007
2025-10-17 23:44:59.035000+00:00,2025-10-17 23:30:00+00:00,continuous,106534.3,106630.6,106408.2,106515.3,73372535.51369987
2025-10-17 23:59:59.672000+00:00,2025-10-17 23:45:00+00:00,continuous,106515.3,106585.6,106325.0,106378.6,61562258.8521999
2025-10-18 00:14:59.930000+00:00,2025-10-18 00:00:00+00:00,continuous,106378.5,106408.7,106296.4,106304.2,73779382.29710011
2025-10-18 00:29:59.975000+00:00,2025-10-18 00:15:00+00:00,continuous,106304.2,106786.7,106270.0,106688.7,155599890.83810058
2025-10-18 00:44:59.820000+00:00,2025-10-18 00:30:00+00:00,continuous,106688.8,106759.1,106515.3,106731.1,73800700.19399981
2025-10-18 00:59:59.880000+00:00,2025-10-18 00:45:00+00:00,continuous,106731.0,106785.6,106701.1,106783.0,41769503.45080009
2025-10-18 01:14:59.387000+00:00,2025-10-18 01:00:00+00:00,continuous,106783.0,106940.0,106757.4,106926.9,86798180.71089989
2025-10-18 01:29:59.354000+00:00,2025-10-18 01:15:00+00:00,continuous,106926.9,107233.8,106881.9,107233.8,82822977.79489936
2025-10-18 01:44:59.299000+00:00,2025-10-18 01:30:00+00:00,continuous,107233.7,107248.0,107010.1,107051.2,96040656.07159945
2025-10-18 01:59:59.809000+00:00,2025-10-18 01:45:00+00:00,continuous,107051.2,107135.7,106966.4,107095.8,48609704.56829992
2025-10-18 02:14:59.990000+00:00,2025-10-18 02:00:00+00:00,continuous,107095.8,107250.0,106819.0,106854.3,156742535.24789906
2025-10-18 02:29:59.622000+00:00,2025-10-18 02:15:00+00:00,continuous,106854.4,106966.5,106778.8,106938.6,63800155.61620012
2025-10-18 02:44:59.850000+00:00,2025-10-18 02:30:00+00:00,continuous,106938.6,107042.7,106502.6,106557.5,303778591.5826004
2025-10-18 02:59:59.829000+00:00,2025-10-18 02:45:00+00:00,continuous,106557.5,106660.3,106435.0,106540.5,125757438.26129949
2025-10-18 03:14:59.902000+00:00,2025-10-18 03:00:00+00:00,continuous,106540.5,106775.1,106517.8,106733.6,78940525.68710022
2025-10-18 03:29:59.892000+00:00,2025-10-18 03:15:00+00:00,continuous,106733.5,106934.7,106731.3,106892.4,95324770.17549951
2025-10-18 03:44:59.890000+00:00,2025-10-18 03:30:00+00:00,continuous,106892.5,107084.9,106875.0,106906.2,66481648.82200041
2025-10-18 03:59:59.785000+00:00,2025-10-18 03:45:00+00:00,continuous,106906.2,107066.0,106869.0,107025.0,117424551.1485998
2025-10-18 04:14:59.838000+00:00,2025-10-18 04:00:00+00:00,continuous,107024.9,107025.0,106390.5,106551.2,503438227.48579997
2025-10-18 04:29:59.568000+00:00,2025-10-18 04:15:00+00:00,continuous,106551.2,106659.1,106515.9,106614.1,65246495.61399988
2025-10-18 04:44:59.769000+00:00,2025-10-18 04:30:00+00:00,continuous,106614.1,106651.1,106376.9,106384.1,101359682.19180031
2025-10-18 04:59:59.789000+00:00,2025-10-18 04:45:00+00:00,continuous,106384.1,106482.1,106374.2,106405.5,62430827.72789966
2025-10-18 05:14:59.649000+00:00,2025-10-18 05:00:00+00:00,continuous,106405.5,106587.0,106405.5,106525.0,77699943.84829967
2025-10-18 05:29:59.894000+00:00,2025-10-18 05:15:00+00:00,continuous,106525.1,106614.0,106525.0,106527.0,63470627.431200214
2025-10-18 05:44:59.892000+00:00,2025-10-18 05:30:00+00:00,continuous,106527.1,106678.4,106447.3,106630.6,67852578.2581999
2025-10-18 05:59:59.536000+00:00,2025-10-18 05:45:00+00:00,continuous,106630.7,106790.1,106630.6,106755.4,70999421.47829965
2025-10-18 06:14:59.979000+00:00,2025-10-18 06:00:00+00:00,continuous,106755.4,106896.0,106653.8,106838.3,122135425.11640081
2025-10-18 06:29:59.901000+00:00,2025-10-18 06:15:00+00:00,continuous,106838.2,106880.0,106735.2,106804.4,73316746.99509957
2025-10-18 06:44:59.854000+00:00,2025-10-18 06:30:00+00:00,continuous,106804.3,106847.8,106687.6,106706.0,37171722.57140027
2025-10-18 06:59:59.944000+00:00,2025-10-18 06:45:00+00:00,continuous,106705.9,106866.0,106686.5,106801.3,45546935.75769999
2025-10-18 07:14:59.545000+00:00,2025-10-18 07:00:00+00:00,continuous,106801.3,107452.6,106801.3,107240.2,327651342.3684013
2025-10-18 07:29:59.882000+00:00,2025-10-18 07:15:00+00:00,continuous,107240.1,107243.6,106931.7,107027.7,109853607.23110002
2025-10-18 07:44:59.551000+00:00,2025-10-18 07:30:00+00:00,continuous,107027.7,107199.0,106964.1,107137.6,95501409.21690024
2025-10-18 07:59:59.898000+00:00,2025-10-18 07:45:00+00:00,continuous,107137.6,107309.0,106570.6,106648.3,263114505.00689888
2025-10-18 08:14:59.900000+00:00,2025-10-18 08:00:00+00:00,continuous,106648.2,106925.8,106570.6,106910.0,195023462.2952011
2025-10-18 08:29:59.770000+00:00,2025-10-18 08:15:00+00:00,continuous,106910.0,106910.1,106660.0,106660.1,120475496.98040019
2025-10-18 08:44:59.682000+00:00,2025-10-18 08:30:00+00:00,continuous,106660.0,106748.9,106550.0,106658.8,94882550.81399976
2025-10-18 08:59:59.950000+00:00,2025-10-18 08:45:00+00:00,continuous,106658.8,106779.9,106650.4,106663.2,72328531.19909997
2025-10-18 09:14:59.822000+00:00,2025-10-18 09:00:00+00:00,continuous,106663.3,106730.2,106568.0,106669.2,71489684.28669974
2025-10-18 09:29:59.892000+00:00,2025-10-18 09:15:00+00:00,continuous,106669.2,106817.1,106570.9,106788.0,46324143.52910044
2025-10-18 09:44:58.774000+00:00,2025-10-18 09:30:00+00:00,continuous,106788.0,106819.2,106693.8,106771.0,29562878.348000016
2025-10-18 09:59:59.933000+00:00,2025-10-18 09:45:00+00:00,continuous,106771.0,106887.4,106671.9,106834.5,38738006.766900115
2025-10-18 10:14:59.373000+00:00,2025-10-18 10:00:00+00:00,continuous,106834.6,106852.1,106791.0,106843.4,24847249.53389996
2025-10-18 10:29:59.999000+00:00,2025-10-18 10:15:00+00:00,continuous,106843.3,106921.1,106760.0,106912.7,40886862.27119997
2025-10-18 10:44:59.918000+00:00,2025-10-18 10:30:00+00:00,continuous,106912.8,107089.9,106911.5,107014.4,80670462.38990024
2025-10-18 10:59:59.392000+00:00,2025-10-18 10:45:00+00:00,continuous,107014.5,107014.5,106721.7,106859.7,72612519.52509987
2025-10-18 11:14:59.783000+00:00,2025-10-18 11:00:00+00:00,continuous,106859.6,106859.7,106708.6,106817.0,40963345.49059989
2025-10-18 11:29:59.187000+00:00,2025-10-18 11:15:00+00:00,continuous,106817.0,106898.8,106808.8,106836.7,33148501.692299835
2025-10-18 11:44:59.863000+00:00,2025-10-18 11:30:00+00:00,continuous,106836.7,106973.2,106800.0,106968.0,34497072.60369995
2025-10-18 11:59:59.759000+00:00,2025-10-18 11:45:00+00:00,continuous,106967.9,107187.9,106870.0,107151.0,116000823.60180037
2025-10-18 12:14:59.904000+00:00,2025-10-18 12:00:00+00:00,continuous,107151.0,107188.0,107022.7,107134.5,84238639.7670001
2025-10-18 12:29:59.965000+00:00,2025-10-18 12:15:00+00:00,continuous,107134.4,107248.0,107008.8,107050.2,98957385.22720042
2025-10-18 12:44:59.911000+00:00,2025-10-18 12:30:00+00:00,continuous,107050.2,107050.2,106901.7,106967.7,45931655.15150007
2025-10-18 12:59:59.673000+00:00,2025-10-18 12:45:00+00:00,continuous,106967.7,107048.6,106940.5,107001.1,29853522.6856001
2025-10-18 13:14:59.755000+00:00,2025-10-18 13:00:00+00:00,continuous,107001.0,107011.7,106850.0,106983.5,52943639.41040026
2025-10-18 13:29:59.828000+00:00,2025-10-18 13:15:00+00:00,continuous,106983.6,107043.5,106850.0,106943.1,52049743.00480004
2025-10-18 13:44:59.568000+00:00,2025-10-18 13:30:00+00:00,continuous,106943.1,106943.1,106750.1,106825.0,76325334.62470022
2025-10-18 13:59:59.941000+00:00,2025-10-18 13:45:00+00:00,continuous,106825.1,106933.4,106754.4,106836.7,65530974.78549959
2025-10-18 14:14:59.414000+00:00,2025-10-18 14:00:00+00:00,continuous,106836.6,106916.0,106669.0,106787.0,90739914.57279989
2025-10-18 14:29:59.702000+00:00,2025-10-18 14:15:00+00:00,continuous,106787.0,106932.1,106720.6,106853.4,57240742.22500004
2025-10-18 14:44:59.589000+00:00,2025-10-18 14:30:00+00:00,continuous,106853.3,107074.3,106845.9,106891.5,62301502.06939993
2025-10-18 14:59:59.971000+00:00,2025-10-18 14:45:00+00:00,continuous,106891.5,107024.9,106850.0,106978.4,63270864.16650019
2025-10-18 15:14:59.896000+00:00,2025-10-18 15:00:00+00:00,continuous,106978.5,107099.9,106970.9,107007.1,54354740.01299966
2025-10-18 15:29:59.981000+00:00,2025-10-18 15:15:00+00:00,continuous,107007.1,107078.1,106920.0,106920.0,48936101.3704001
2025-10-18 15:44:59.911000+00:00,2025-10-18 15:30:00+00:00,continuous,106919.9,106919.9,106763.6,106845.5,75531556.85600004
2025-10-18 15:59:59.766000+00:00,2025-10-18 15:45:00+00:00,continuous,106845.5,106931.4,106845.5,106893.2,42054664.37690012
2025-10-18 16:14:59.910000+00:00,2025-10-18 16:00:00+00:00,continuous,106893.3,107007.9,106838.5,106871.9,51246233.91500027
2025-10-18 16:29:59.959000+00:00,2025-10-18 16:15:00+00:00,continuous,106871.9,106891.9,106650.1,106762.7,90125889.16449936
2025-10-18 16:44:59.872000+00:00,2025-10-18 16:30:00+00:00,continuous,106762.7,106762.7,106410.8,106522.4,235592227.8267987
2025-10-18 16:59:59.886000+00:00,2025-10-18 16:45:00+00:00,continuous,106522.3,106672.2,106491.2,106601.3,60364894.74069993
2025-10-18 17:14:59.896000+00:00,2025-10-18 17:00:00+00:00,continuous,106601.4,106667.0,106510.3,106666.9,51361656.9734999
2025-10-18 17:29:59.259000+00:00,2025-10-18 17:15:00+00:00,continuous,106666.9,106900.0,106666.9,106879.1,64206039.72299982
2025-10-18 17:44:59.403000+00:00,2025-10-18 17:30:00+00:00,continuous,106879.1,106900.0,106705.4,106750.0,42762343.99529988
2025-10-18 17:59:59.910000+00:00,2025-10-18 17:45:00+00:00,continuous,106750.1,106863.9,106723.4,106822.8,24433947.050000004
2025-10-18 18:14:59.540000+00:00,2025-10-18 18:00:00+00:00,continuous,106822.9,106876.0,106670.9,106680.1,33005959.611899965
2025-10-18 18:29:59.970000+00:00,2025-10-18 18:15:00+00:00,continuous,106680.1,106752.0,106669.2,106751.9,21230955.280800056
2025-10-18 18:44:59.602000+00:00,2025-10-18 18:30:00+00:00,continuous,106752.0,106820.6,106750.3,106798.2,13226301.8729
2025-10-18 18:59:59.745000+00:00,2025-10-18 18:45:00+00:00,continuous,106798.3,106818.5,106755.0,106792.4,13160007.337599903
2025-10-18 19:14:59.894000+00:00,2025-10-18 19:00:00+00:00,continuous,106792.3,106820.0,106712.6,106815.0,15356379.630499939
2025-10-18 19:29:59.865000+00:00,2025-10-18 19:15:00+00:00,continuous,106814.9,106940.9,106814.9,106921.0,38434081.59520014
2025-10-18 19:44:59.082000+00:00,2025-10-18 19:30:00+00:00,continuous,106921.0,106991.6,106853.3,106939.9,48371315.84060004
2025-10-18 19:59:58.674000+00:00,2025-10-18 19:45:00+00:00,continuous,106939.9,107047.5,106939.9,107023.0,32907566.60670002
2025-10-18 20:14:59.826000+00:00,2025-10-18 20:00:00+00:00,continuous,107023.0,107220.7,106978.1,106986.9,125434949.40609935
2025-10-18 20:29:59.718000+00:00,2025-10-18 20:15:00+00:00,continuous,106987.1,107196.0,106927.2,107182.8,73232245.08579975
2025-10-18 20:44:59.666000+00:00,2025-10-18 20:30:00+00:00,continuous,107182.9,107298.7,107063.9,107107.1,63657888.678799935
2025-10-18 20:59:59.694000+00:00,2025-10-18 20:45:00+00:00,continuous,107107.2,107188.2,106957.5,106957.5,32357403.675099988
2025-10-18 21:14:59.582000+00:00,2025-10-18 21:00:00+00:00,continuous,106957.6,106996.8,106788.4,106882.2,50424530.49290009
2025-10-18 21:29:59.669000+00:00,2025-10-18 21:15:00+00:00,continuous,106882.2,107047.8,106795.9,107047.8,32066559.069799937
2025-10-18 21:44:59.288000+00:00,2025-10-18 21:30:00+00:00,continuous,107047.8,107128.2,107000.0,107025.6,35037722.553899996
2025-10-18 21:59:59.911000+00:00,2025-10-18 21:45:00+00:00,continuous,107025.5,107185.0,107010.0,107116.4,16870685.613999985
2025-10-18 22:14:59.529000+00:00,2025-10-18 22:00:00+00:00,continuous,107116.5,107151.5,107044.7,107065.2,22259811.1678
2025-10-18 22:29:58.289000+00:00,2025-10-18 22:15:00+00:00,continuous,107065.2,107229.6,107050.0,107178.2,27143161.06900015
2025-10-18 22:44:59.260000+00:00,2025-10-18 22:30:00+00:00,continuous,107178.1,107200.0,107082.3,107103.4,24663633.74580006
2025-10-18 22:59:59.629000+00:00,2025-10-18 22:45:00+00:00,continuous,107103.4,107103.4,107005.6,107061.9,23157465.088999912
2025-10-18 23:14:59.741000+00:00,2025-10-18 23:00:00+00:00,continuous,107061.8,107122.7,107000.4,107041.5,31243768.583700016
2025-10-18 23:29:59.320000+00:00,2025-10-18 23:15:00+00:00,continuous,107041.4,107075.7,106952.6,106997.9,23241734.216899913
2025-10-18 23:44:59.598000+00:00,2025-10-18 23:30:00+00:00,continuous,106998.0,107071.7,106997.9,107020.1,12792370.629500033
2025-10-18 23:59:59.855000+00:00,2025-10-18 23:45:00+00:00,continuous,107020.1,107140.3,107011.8,107117.5,22911614.758999947
2025-10-19 00:14:59.755000+00:00,2025-10-19 00:00:00+00:00,continuous,107117.5,107217.0,106936.6,107016.9,100769014.46939985
2025-10-19 00:29:59.266000+00:00,2025-10-19 00:15:00+00:00,continuous,107016.9,107113.5,106988.2,107024.8,64928089.1038999
2025-10-19 00:44:59.865000+00:00,2025-10-19 00:30:00+00:00,continuous,107024.8,107034.0,106697.8,106772.0,161540170.7468993
2025-10-19 00:59:59.295000+00:00,2025-10-19 00:45:00+00:00,continuous,106772.0,106852.2,106692.2,106833.4,66916341.23009977
2025-10-19 01:14:59.989000+00:00,2025-10-19 01:00:00+00:00,continuous,106833.4,106841.8,106666.9,106756.8,39097108.17500002
2025-10-19 01:29:59.010000+00:00,2025-10-19 01:15:00+00:00,continuous,106756.7,106924.8,106756.7,106894.1,56073393.24159981
2025-10-19 01:44:59.967000+00:00,2025-10-19 01:30:00+00:00,continuous,106894.1,106906.8,106818.0,106849.3,13814205.323100029
2025-10-19 01:59:59.887000+00:00,2025-10-19 01:45:00+00:00,continuous,106849.4,106933.0,106849.4,106910.7,23111304.31020004
2025-10-19 02:14:58.960000+00:00,2025-10-19 02:00:00+00:00,continuous,106910.8,106944.0,106833.2,106878.5,45655219.26289998
2025-10-19 02:29:59.734000+00:00,2025-10-19 02:15:00+00:00,continuous,106878.5,106947.0,106827.9,106832.3,23876907.613399982
2025-10-19 02:44:59.527000+00:00,2025-10-19 02:30:00+00:00,continuous,106832.4,106877.1,106783.8,106800.0,26127553.470600024
2025-10-19 02:59:59.177000+00:00,2025-10-19 02:45:00+00:00,continuous,106800.1,106825.4,106750.0,106796.7,26479828.44859985
2025-10-19 03:14:59.468000+00:00,2025-10-19 03:00:00+00:00,continuous,106796.7,106796.8,106750.0,106791.8,31558934.218100052
2025-10-19 03:29:59.870000+00:00,2025-10-19 03:15:00+00:00,continuous,106791.8,107119.7,106791.7,107084.2,121799327.76969984
2025-10-19 03:44:59.326000+00:00,2025-10-19 03:30:00+00:00,continuous,107084.2,107236.0,107079.1,107195.4,150874034.0270997
2025-10-19 03:59:59.684000+00:00,2025-10-19 03:45:00+00:00,continuous,107195.4,107333.0,107167.4,107221.9,80902716.73760001
2025-10-19 04:14:59.661000+00:00,2025-10-19 04:00:00+00:00,continuous,107221.9,107241.5,106911.4,106994.7,89963227.9316997
2025-10-19 04:29:59.992000+00:00,2025-10-19 04:15:00+00:00,continuous,106994.7,107019.0,106947.4,107015.5,32101015.620399944
2025-10-19 04:44:59.617000+00:00,2025-10-19 04:30:00+00:00,continuous,107015.5,107129.3,107015.4,107062.6,39149727.64000007
2025-10-19 04:59:59.559000+00:00,2025-10-19 04:45:00+00:00,continuous,107062.6,107108.9,106966.7,106989.6,20799450.612999953
2025-10-19 05:14:59.834000+00:00,2025-10-19 05:00:00+00:00,continuous,106989.5,107040.0,106985.7,106998.4,20507773.36380008
2025-10-19 05:29:59.957000+00:00,2025-10-19 05:15:00+00:00,continuous,106998.4,107130.1,106868.0,106923.1,47454647.87840007
2025-10-19 05:44:59.999000+00:00,2025-10-19 05:30:00+00:00,continuous,106923.1,107000.0,106895.5,106931.7,26127796.022600178
2025-10-19 05:59:59.832000+00:00,2025-10-19 05:45:00+00:00,continuous,106931.6,106931.6,106753.7,106846.1,129737062.54039994
2025-10-19 06:14:59.969000+00:00,2025-10-19 06:00:00+00:00,continuous,106846.0,106865.7,106755.1,106765.1,56341068.33430014
2025-10-19 06:29:59.892000+00:00,2025-10-19 06:15:00+00:00,continuous,106765.0,106794.1,106715.6,106750.1,59109280.537499875
2025-10-19 06:44:59.631000+00:00,2025-10-19 06:30:00+00:00,continuous,106750.1,106769.9,106503.3,106653.8,139253006.6994006
2025-10-19 06:59:59.855000+00:00,2025-10-19 06:45:00+00:00,continuous,106653.8,106737.0,106604.1,106726.7,48055714.15149996
2025-10-19 07:14:59.809000+00:00,2025-10-19 07:00:00+00:00,continuous,106726.8,106838.0,106680.0,106816.2,42130544.23619976
2025-10-19 07:29:59.442000+00:00,2025-10-19 07:15:00+00:00,continuous,106816.2,106876.2,106766.6,106788.2,40809324.25799978
2025-10-19 07:44:59.800000+00:00,2025-10-19 07:30:00+00:00,continuous,106788.2,106841.1,106653.3,106699.4,48511075.62109972
2025-10-19 07:59:59.774000+00:00,2025-10-19 07:45:00+00:00,continuous,106699.3,106756.0,106650.0,106733.3,23130219.64300002
2025-10-19 08:14:59.406000+00:00,2025-10-19 08:00:00+00:00,continuous,106733.3,106853.6,106724.5,106784.7,49211687.81650002
2025-10-19 08:29:59.811000+00:00,2025-10-19 08:15:00+00:00,continuous,106784.6,107180.0,106200.0,106655.3,548669930.6922027
2025-10-19 08:44:59.894000+00:00,2025-10-19 08:30:00+00:00,continuous,106655.3,106676.9,106400.0,106451.3,150530679.2890002
2025-10-19 08:59:59.568000+00:00,2025-10-19 08:45:00+00:00,continuous,106451.3,106529.8,106239.9,106401.2,181027271.49260005
2025-10-19 09:14:59.844000+00:00,2025-10-19 09:00:00+00:00,continuous,106401.2,106423.9,106150.0,106275.0,181505615.3824997
2025-10-19 09:29:59.825000+00:00,2025-10-19 09:15:00+00:00,continuous,106275.1,106400.0,106055.8,106115.9,205937437.1316998
2025-10-19 09:44:59.950000+00:00,2025-10-19 09:30:00+00:00,continuous,106115.8,107200.9,106115.8,106923.6,521970826.6825018
2025-10-19 09:59:59.959000+00:00,2025-10-19 09:45:00+00:00,continuous,106923.5,108214.8,106724.6,107348.8,1559549838.78101
2025-10-19 10:14:59.714000+00:00,2025-10-19 10:00:00+00:00,continuous,107348.9,107600.0,106912.0,107376.6,259466570.90310004
2025-10-19 10:29:59.893000+00:00,2025-10-19 10:15:00+00:00,continuous,107376.6,107814.9,107257.4,107742.4,206683475.22910008
2025-10-19 10:44:59.989000+00:00,2025-10-19 10:30:00+00:00,continuous,107742.3,107825.0,107520.4,107678.9,145085632.32320118
2025-10-19 10:59:59.860000+00:00,2025-10-19 10:45:00+00:00,continuous,107678.8,107825.0,107451.4,107824.9,93280734.2023004
2025-10-19 11:14:59.667000+00:00,2025-10-19 11:00:00+00:00,continuous,107824.9,108200.0,107822.0,108042.7,454955568.23440194
2025-10-19 11:29:59.970000+00:00,2025-10-19 11:15:00+00:00,continuous,108042.8,108104.4,107700.0,107767.5,165188455.49749988
2025-10-19 11:44:59.895000+00:00,2025-10-19 11:30:00+00:00,continuous,107767.4,107920.0,107765.2,107767.2,74895963.15090038
2025-10-19 11:59:59.606000+00:00,2025-10-19 11:45:00+00:00,continuous,107767.2,107780.0,107577.7,107730.6,110268822.96199985
2025-10-19 12:14:59.711000+00:00,2025-10-19 12:00:00+00:00,continuous,107730.6,107796.2,107456.4,107519.6,129745984.95650102
2025-10-19 12:29:59.543000+00:00,2025-10-19 12:15:00+00:00,continuous,107519.6,107582.3,107410.7,107454.0,108278017.89220014
2025-10-19 12:44:59.938000+00:00,2025-10-19 12:30:00+00:00,continuous,107453.9,107662.0,107381.1,107469.0,95051755.34709974
2025-10-19 12:59:59.987000+00:00,2025-10-19 12:45:00+00:00,continuous,107469.0,107605.3,107388.9,107605.3,71788714.4943001
2025-10-19 13:14:59.964000+00:00,2025-10-19 13:00:00+00:00,continuous,107605.4,107612.2,107312.2,107395.5,99942542.51310033
2025-10-19 13:29:58.409000+00:00,2025-10-19 13:15:00+00:00,continuous,107395.4,107472.0,107342.2,107453.5,101370251.55769977
2025-10-19 13:44:59.702000+00:00,2025-10-19 13:30:00+00:00,continuous,107453.5,107842.0,107439.0,107772.9,104020543.56320056
2025-10-19 13:59:59.762000+00:00,2025-10-19 13:45:00+00:00,continuous,107772.9,108176.8,107700.0,108035.3,225970646.8820012
2025-10-19 14:14:59.646000+00:00,2025-10-19 14:00:00+00:00,continuous,108035.3,108105.4,107827.5,107929.7,172781162.31259975
2025-10-19 14:29:59.934000+00:00,2025-10-19 14:15:00+00:00,continuous,107929.6,108483.0,107882.9,108352.1,326395131.7767007
2025-10-19 14:44:59.943000+00:00,2025-10-19 14:30:00+00:00,continuous,108352.1,108403.2,108102.2,108218.0,180978790.64269957
2025-10-19 14:59:59.643000+00:00,2025-10-19 14:45:00+00:00,continuous,108218.1,108460.0,108154.1,108360.9,120102682.57939999
2025-10-19 15:14:59.628000+00:00,2025-10-19 15:00:00+00:00,continuous,108360.9,108550.2,108331.3,108446.2,183118781.88210115
2025-10-19 15:29:58.544000+00:00,2025-10-19 15:15:00+00:00,continuous,108446.3,108575.6,108339.9,108424.3,147984500.30330017
2025-10-19 15:44:59.932000+00:00,2025-10-19 15:30:00+00:00,continuous,108424.4,108459.2,108270.1,108309.8,78034398.99100019
2025-10-19 15:59:57.806000+00:00,2025-10-19 15:45:00+00:00,continuous,108309.8,108435.4,108309.8,108429.5,50549772.672099985
2025-10-19 16:14:58.781000+00:00,2025-10-19 16:00:00+00:00,continuous,108429.6,108471.0,108245.1,108288.8,58346226.898999825
2025-10-19 16:29:59.598000+00:00,2025-10-19 16:15:00+00:00,continuous,108288.9,108317.4,108175.6,108292.2,52925730.83790028
2025-10-19 16:44:59.977000+00:00,2025-10-19 16:30:00+00:00,continuous,108292.2,108900.0,108208.6,108844.4,231437158.2420008
2025-10-19 16:59:58.769000+00:00,2025-10-19 16:45:00+00:00,continuous,108844.3,108891.0,108523.7,108561.9,247058182.6112029
2025-10-19 17:14:59.695000+00:00,2025-10-19 17:00:00+00:00,continuous,108561.8,109120.0,108551.1,109069.9,233025861.20689952
2025-10-19 17:29:59.853000+00:00,2025-10-19 17:15:00+00:00,continuous,109069.9,109399.9,108938.0,108989.4,470760833.551998
2025-10-19 17:44:59.825000+00:00,2025-10-19 17:30:00+00:00,continuous,108989.3,109188.7,108944.3,109093.4,81414220.69959994
2025-10-19 17:59:59.960000+00:00,2025-10-19 17:45:00+00:00,continuous,109093.5,109134.2,108947.1,109036.3,57656648.760300055
2025-10-19 18:14:59.992000+00:00,2025-10-19 18:00:00+00:00,continuous,109036.3,109170.6,108969.7,109147.1,72756954.65820028
2025-10-19 18:29:59.830000+00:00,2025-10-19 18:15:00+00:00,continuous,109147.2,109313.0,109070.7,109150.0,68751399.60850032
2025-10-19 18:44:59.782000+00:00,2025-10-19 18:30:00+00:00,continuous,109150.0,109333.0,109089.0,109263.2,79678224.03620017
2025-10-19 18:59:59.853000+00:00,2025-10-19 18:45:00+00:00,continuous,109263.2,109382.1,109234.0,109315.4,76668657.21649982
2025-10-19 19:14:59.620000+00:00,2025-10-19 19:00:00+00:00,continuous,109315.3,109315.4,108803.5,109015.3,138613625.1036011
2025-10-19 19:29:59.716000+00:00,2025-10-19 19:15:00+00:00,continuous,109015.3,109130.0,108983.5,109079.7,54175357.2939
2025-10-19 19:44:59.966000+00:00,2025-10-19 19:30:00+00:00,continuous,109079.7,109079.7,108713.0,108865.6,110679952.52800001
2025-10-19 19:59:59.752000+00:00,2025-10-19 19:45:00+00:00,continuous,108865.7,108909.4,108739.5,108850.0,63872425.60999963
2025-10-19 20:14:59.746000+00:00,2025-10-19 20:00:00+00:00,continuous,108850.1,108932.2,108751.8,108821.8,59114335.7682999
2025-10-19 20:29:58.861000+00:00,2025-10-19 20:15:00+00:00,continuous,108821.9,108891.3,108773.3,108889.6,59404581.286900125
2025-10-19 20:44:59.848000+00:00,2025-10-19 20:30:00+00:00,continuous,108889.7,108918.7,108766.1,108845.8,40742124.73129985
2025-10-19 20:59:59.873000+00:00,2025-10-19 20:45:00+00:00,continuous,108845.9,108939.0,108781.1,108790.6,53952110.05649983
2025-10-19 21:14:59.983000+00:00,2025-10-19 21:00:00+00:00,continuous,108790.6,108817.6,108662.0,108720.4,60771968.78669998
2025-10-19 21:29:58.721000+00:00,2025-10-19 21:15:00+00:00,continuous,108720.3,108729.4,108556.4,108567.7,73659846.61099997
2025-10-19 21:44:59.058000+00:00,2025-10-19 21:30:00+00:00,continuous,108567.8,108729.5,108567.7,108701.0,35487202.25220006
2025-10-19 21:59:59.900000+00:00,2025-10-19 21:45:00+00:00,continuous,108701.0,108726.8,108579.2,108691.2,29288634.225600086
2025-10-19 22:14:59.969000+00:00,2025-10-19 22:00:00+00:00,continuous,108691.3,109046.6,108691.3,109004.2,121040727.12800054
2025-10-19 22:29:58.975000+00:00,2025-10-19 22:15:00+00:00,continuous,109004.1,109198.3,108973.0,109130.8,75054182.4878996
2025-10-19 22:44:59.406000+00:00,2025-10-19 22:30:00+00:00,continuous,109130.9,109340.7,109128.3,109224.8,84097952.58090048
2025-10-19 22:59:59.959000+00:00,2025-10-19 22:45:00+00:00,continuous,109224.9,109280.0,109041.5,109088.9,52405926.75239983
2025-10-19 23:14:59.917000+00:00,2025-10-19 23:00:00+00:00,continuous,109088.8,109088.9,108770.6,108790.8,71694940.93900017
2025-10-19 23:29:59.805000+00:00,2025-10-19 23:15:00+00:00,continuous,108790.7,108859.2,108625.0,108719.8,83037994.02380009
2025-10-19 23:44:59.993000+00:00,2025-10-19 23:30:00+00:00,continuous,108719.9,108766.8,108366.4,108490.4,125888903.57040004
2025-10-19 23:59:59.865000+00:00,2025-10-19 23:45:00+00:00,continuous,108490.4,108600.2,108391.2,108586.2,102904516.53859982
2025-10-20 00:14:59.949000+00:00,2025-10-20 00:00:00+00:00,continuous,108586.2,108586.2,107980.8,108030.0,254142737.11570132
2025-10-20 00:29:59.987000+00:00,2025-10-20 00:15:00+00:00,continuous,108030.0,108075.8,107430.5,107614.1,410454212.4935018
2025-10-20 00:44:59.205000+00:00,2025-10-20 00:30:00+00:00,continuous,107614.2,108068.1,107377.2,107791.6,270133904.95369935
2025-10-20 00:59:59.552000+00:00,2025-10-20 00:45:00+00:00,continuous,107791.6,108075.1,107750.0,108011.1,132387729.52210023
2025-10-20 01:14:59.110000+00:00,2025-10-20 01:00:00+00:00,continuous,108011.1,108257.3,107841.7,108064.9,157439355.9393008
2025-10-20 01:29:58.945000+00:00,2025-10-20 01:15:00+00:00,continuous,108064.9,108167.8,107849.5,108072.8,85389146.90400036
2025-10-20 01:44:59.935000+00:00,2025-10-20 01:30:00+00:00,continuous,108072.8,108180.0,107912.5,108039.4,82106747.18149997
2025-10-20 01:59:59.656000+00:00,2025-10-20 01:45:00+00:00,continuous,108039.5,108193.6,107960.0,108011.8,130186201.68919967
2025-10-20 02:14:59.524000+00:00,2025-10-20 02:00:00+00:00,continuous,108011.9,108071.7,107801.9,107962.4,119553706.58260003
2025-10-20 02:29:59.935000+00:00,2025-10-20 02:15:00+00:00,continuous,107962.3,108476.9,107943.5,108405.9,144623262.51149955
2025-10-20 02:44:59.991000+00:00,2025-10-20 02:30:00+00:00,continuous,108405.9,108752.4,108260.0,108703.2,171553756.5911013
2025-10-20 02:59:59.935000+00:00,2025-10-20 02:45:00+00:00,continuous,108703.2,108935.8,108606.3,108714.3,132911699.17390023
2025-10-20 03:14:59.897000+00:00,2025-10-20 03:00:00+00:00,continuous,108714.4,108730.0,108511.9,108663.9,69095345.11349991
2025-10-20 03:29:59.964000+00:00,2025-10-20 03:15:00+00:00,continuous,108663.9,108920.1,108614.7,108728.6,93112989.45200029
2025-10-20 03:44:59.900000+00:00,2025-10-20 03:30:00+00:00,continuous,108728.7,109200.0,108607.6,109080.0,160096946.96190032
2025-10-20 03:59:59.810000+00:00,2025-10-20 03:45:00+00:00,continuous,109080.0,110404.3,109020.3,110100.4,947378815.3651801
2025-10-20 04:14:59.650000+00:00,2025-10-20 04:00:00+00:00,continuous,110100.3,110490.4,110030.4,110344.8,384129743.5333043
2025-10-20 04:29:59.892000+00:00,2025-10-20 04:15:00+00:00,continuous,110344.7,110430.5,109875.0,110001.0,390358300.6591982
2025-10-20 04:44:59.414000+00:00,2025-10-20 04:30:00+00:00,continuous,110001.0,110258.3,110001.0,110190.0,144738788.73160025
2025-10-20 04:59:59.748000+00:00,2025-10-20 04:45:00+00:00,continuous,110190.0,110405.3,110135.6,110369.3,160909664.9556001
2025-10-20 05:14:59.988000+00:00,2025-10-20 05:00:00+00:00,continuous,110369.2,110555.0,110232.1,110475.4,156656515.73190087
2025-10-20 05:29:59.954000+00:00,2025-10-20 05:15:00+00:00,continuous,110475.3,110677.2,110384.2,110510.4,204471713.7331994
2025-10-20 05:44:59.782000+00:00,2025-10-20 05:30:00+00:00,continuous,110510.5,110753.5,110486.2,110733.8,186687451.4806987
2025-10-20 05:59:59.999000+00:00,2025-10-20 05:45:00+00:00,continuous,110733.9,111074.2,110642.5,110973.6,302620025.85900354
2025-10-20 06:14:59.598000+00:00,2025-10-20 06:00:00+00:00,continuous,110973.7,111180.0,110933.5,111088.9,240727545.21450186
2025-10-20 06:29:59.813000+00:00,2025-10-20 06:15:00+00:00,continuous,111089.0,111238.2,110943.1,110992.0,205804049.85139927
2025-10-20 06:44:59.814000+00:00,2025-10-20 06:30:00+00:00,continuous,110992.0,111321.5,110989.4,111251.1,156606788.7589999
2025-10-20 06:59:59.926000+00:00,2025-10-20 06:45:00+00:00,continuous,111251.1,111311.0,111103.3,111232.1,103944361.92270018
2025-10-20 07:14:59.937000+00:00,2025-10-20 07:00:00+00:00,continuous,111232.1,111257.2,111048.4,111204.0,155233374.57309893
2025-10-20 07:29:59.752000+00:00,2025-10-20 07:15:00+00:00,continuous,111204.0,111350.0,111165.0,111296.4,120609541.84470008
2025-10-20 07:44:59.656000+00:00,2025-10-20 07:30:00+00:00,continuous,111296.5,111296.5,111076.1,111184.4,147448905.42950004
2025-10-20 07:59:59.907000+00:00,2025-10-20 07:45:00+00:00,continuous,111184.4,111211.6,111000.0,111126.2,129030312.56539987
2025-10-20 08:14:59.991000+00:00,2025-10-20 08:00:00+00:00,continuous,111126.2,111159.4,110982.8,111117.9,130307631.92119941
2025-10-20 08:29:59.924000+00:00,2025-10-20 08:15:00+00:00,continuous,111117.9,111212.7,110888.0,111212.6,154487986.83929977
2025-10-20 08:44:59.925000+00:00,2025-10-20 08:30:00+00:00,continuous,111212.7,111650.0,111100.0,111256.3,363716498.30260414
2025-10-20 08:59:59.792000+00:00,2025-10-20 08:45:00+00:00,continuous,111256.2,111349.6,111001.5,111031.4,103608328.29670042
2025-10-20 09:14:59.806000+00:00,2025-10-20 09:00:00+00:00,continuous,111031.4,111151.4,110902.0,111072.8,109043377.31040068
2025-10-20 09:29:59.628000+00:00,2025-10-20 09:15:00+00:00,continuous,111072.8,111102.5,110650.0,110759.7,244720738.49900073
2025-10-20 09:44:59.799000+00:00,2025-10-20 09:30:00+00:00,continuous,110759.8,110820.0,110650.0,110800.1,106754420.67199938
2025-10-20 09:59:59.862000+00:00,2025-10-20 09:45:00+00:00,continuous,110800.0,110983.7,110692.3,110921.0,100494956.53170054
2025-10-20 10:14:59.873000+00:00,2025-10-20 10:00:00+00:00,continuous,110920.9,111012.5,110795.9,110921.1,88914766.4455006
2025-10-20 10:29:59.780000+00:00,2025-10-20 10:15:00+00:00,continuous,110921.2,110994.7,110818.1,110975.4,62528084.03450011
2025-10-20 10:44:59.176000+00:00,2025-10-20 10:30:00+00:00,continuous,110975.4,111061.3,110856.9,110879.5,66771476.86949973
2025-10-20 10:59:59.349000+00:00,2025-10-20 10:45:00+00:00,continuous,110879.5,110907.8,110595.1,110692.1,143800201.2684003
2025-10-20 11:14:59.780000+00:00,2025-10-20 11:00:00+00:00,continuous,110692.0,110724.6,110552.3,110654.6,146197598.98179758
2025-10-20 11:29:59.892000+00:00,2025-10-20 11:15:00+00:00,continuous,110654.5,110858.6,110644.6,110765.2,107433441.95340028
2025-10-20 11:44:59.714000+00:00,2025-10-20 11:30:00+00:00,continuous,110765.2,110792.7,110665.1,110700.1,49954061.16570005
2025-10-20 11:59:59.574000+00:00,2025-10-20 11:45:00+00:00,continuous,110700.0,110988.0,110680.1,110969.5,158496453.2538997
2025-10-20 12:14:59.772000+00:00,2025-10-20 12:00:00+00:00,continuous,110969.5,110977.5,110810.0,110852.1,79321575.72030038
2025-10-20 12:29:59.692000+00:00,2025-10-20 12:15:00+00:00,continuous,110852.0,111062.8,110811.1,111009.5,88659369.12029964
2025-10-20 12:44:59.813000+00:00,2025-10-20 12:30:00+00:00,continuous,111009.5,111191.2,110836.9,110876.8,124255714.73099948
2025-10-20 12:59:59.831000+00:00,2025-10-20 12:45:00+00:00,continuous,110876.8,110948.7,110728.6,110796.4,87979022.90429997
2025-10-20 13:14:59.937000+00:00,2025-10-20 13:00:00+00:00,continuous,110796.3,110835.8,110522.9,110563.8,150995444.60440028
2025-10-20 13:29:59.837000+00:00,2025-10-20 13:15:00+00:00,continuous,110563.9,110728.9,110535.2,110697.6,118442552.06079952
2025-10-20 13:44:59.981000+00:00,2025-10-20 13:30:00+00:00,continuous,110697.6,110933.4,110583.4,110864.9,202021752.8143023
2025-10-20 13:59:59.779000+00:00,2025-10-20 13:45:00+00:00,continuous,110865.0,111173.3,110851.2,111098.3,160746662.85279936
2025-10-20 14:14:59.843000+00:00,2025-10-20 14:00:00+00:00,continuous,111098.4,111253.8,110911.0,110932.8,179438377.2458002
2025-10-20 14:29:59.998000+00:00,2025-10-20 14:15:00+00:00,continuous,110932.7,111257.6,110657.9,111220.9,177437250.9848011
2025-10-20 14:44:59.811000+00:00,2025-10-20 14:30:00+00:00,continuous,111220.8,111249.7,110928.0,111041.2,131792686.01780027
2025-10-20 14:59:59.861000+00:00,2025-10-20 14:45:00+00:00,continuous,111041.2,111350.0,111041.2,111153.4,133636262.59589931
2025-10-20 15:14:59.985000+00:00,2025-10-20 15:00:00+00:00,continuous,111153.3,111552.3,110949.5,110969.1,340386390.7918988
2025-10-20 15:29:59.781000+00:00,2025-10-20 15:15:00+00:00,continuous,110969.8,111256.0,110936.0,111231.4,137106212.7861007
2025-10-20 15:44:59.420000+00:00,2025-10-20 15:30:00+00:00,continuous,111231.3,111324.7,111117.8,111316.0,74877472.11040008
2025-10-20 15:59:59.833000+00:00,2025-10-20 15:45:00+00:00,continuous,111316.1,111649.0,111052.4,111079.1,256247307.9903987
2025-10-20 16:14:59.755000+00:00,2025-10-20 16:00:00+00:00,continuous,111079.2,111255.0,110500.0,111000.1,487550475.74230236
2025-10-20 16:29:59.853000+00:00,2025-10-20 16:15:00+00:00,continuous,111000.2,111225.8,110816.4,110928.8,187009565.55110025
2025-10-20 16:44:59.997000+00:00,2025-10-20 16:30:00+00:00,continuous,110928.8,110928.8,110326.2,110429.0,524870686.88049865
2025-10-20 16:59:59.801000+00:00,2025-10-20 16:45:00+00:00,continuous,110429.1,110660.0,110050.0,110634.3,414144181.7394047
2025-10-20 17:14:59.859000+00:00,2025-10-20 17:00:00+00:00,continuous,110634.3,111042.5,110435.0,110516.6,275932552.6149008
2025-10-20 17:29:59.757000+00:00,2025-10-20 17:15:00+00:00,continuous,110516.7,110614.8,110250.0,110322.5,119767996.78239985
2025-10-20 17:44:59.996000+00:00,2025-10-20 17:30:00+00:00,continuous,110322.6,110345.1,109800.0,109890.1,245959105.83439973
2025-10-20 17:59:59.723000+00:00,2025-10-20 17:45:00+00:00,continuous,109890.0,110452.0,109872.2,110244.1,239908075.46810034
2025-10-20 18:14:59.887000+00:00,2025-10-20 18:00:00+00:00,continuous,110244.2,110504.5,110211.6,110281.0,86965840.51059978
2025-10-20 18:29:59.982000+00:00,2025-10-20 18:15:00+00:00,continuous,110281.0,110646.3,110160.0,110612.4,97052614.07110023
2025-10-20 18:44:59.507000+00:00,2025-10-20 18:30:00+00:00,continuous,110612.3,110772.0,110522.4,110729.9,102273438.0463994
2025-10-20 18:59:59.658000+00:00,2025-10-20 18:45:00+00:00,continuous,110729.9,110927.3,110672.6,110877.7,82961060.15710028
2025-10-20 19:14:59.878000+00:00,2025-10-20 19:00:00+00:00,continuous,110877.7,111047.5,110659.2,110747.0,119531227.50679925
2025-10-20 19:29:59.620000+00:00,2025-10-20 19:15:00+00:00,continuous,110747.0,110785.0,110466.0,110750.1,94327069.81509987
2025-10-20 19:44:59.811000+00:00,2025-10-20 19:30:00+00:00,continuous,110750.1,110892.4,110660.4,110795.0,74808734.43530078
2025-10-20 19:59:59.911000+00:00,2025-10-20 19:45:00+00:00,continuous,110795.0,110900.0,110709.3,110735.0,95585499.50300054
2025-10-20 20:14:59.597000+00:00,2025-10-20 20:00:00+00:00,continuous,110735.1,111215.3,110585.3,110944.1,157191596.19129947
2025-10-20 20:29:59.769000+00:00,2025-10-20 20:15:00+00:00,continuous,110944.2,111040.5,110837.3,110973.7,86988157.09090021
2025-10-20 20:44:59.955000+00:00,2025-10-20 20:30:00+00:00,continuous,110973.7,111038.9,110863.9,111038.9,34338240.421099894
2025-10-20 20:59:59.810000+00:00,2025-10-20 20:45:00+00:00,continuous,111039.0,111084.9,110883.3,111037.2,53915013.87529978
2025-10-20 21:14:59.870000+00:00,2025-10-20 21:00:00+00:00,continuous,111037.2,111197.0,110966.7,110966.7,67838731.99590002
2025-10-20 21:29:59.753000+00:00,2025-10-20 21:15:00+00:00,continuous,110966.7,110966.8,110722.7,110823.9,56890724.546500355
2025-10-20 21:44:59.257000+00:00,2025-10-20 21:30:00+00:00,continuous,110823.8,110825.3,110588.8,110622.8,76355361.64229956
2025-10-20 21:59:59.681000+00:00,2025-10-20 21:45:00+00:00,continuous,110622.9,110624.1,110385.0,110506.9,102727033.47539996
2025-10-20 22:14:59.808000+00:00,2025-10-20 22:00:00+00:00,continuous,110506.8,110627.3,110355.0,110607.3,62590622.91719996
2025-10-20 22:29:59.792000+00:00,2025-10-20 22:15:00+00:00,continuous,110607.2,110731.9,110607.2,110608.2,46737541.626999795
2025-10-20 22:44:59.645000+00:00,2025-10-20 22:30:00+00:00,continuous,110608.1,110808.8,110604.8,110779.7,34167098.82150013
2025-10-20 22:59:58.995000+00:00,2025-10-20 22:45:00+00:00,continuous,110779.7,110792.4,110662.3,110731.5,29266320.13479987
2025-10-20 23:14:59.758000+00:00,2025-10-20 23:00:00+00:00,continuous,110731.5,110765.8,110499.9,110524.5,41448706.94239987
2025-10-20 23:29:59.323000+00:00,2025-10-20 23:15:00+00:00,continuous,110524.5,110729.0,110465.6,110706.2,56656841.45120002
2025-10-20 23:44:59.647000+00:00,2025-10-20 23:30:00+00:00,continuous,110706.2,110706.2,110507.0,110507.1,61780516.15389972
2025-10-20 23:59:57.555000+00:00,2025-10-20 23:45:00+00:00,continuous,110507.1,110612.7,110458.1,110469.9,55200997.61900017
2025-10-21 00:14:59.739000+00:00,2025-10-21 00:00:00+00:00,continuous,110469.9,110470.0,110097.4,110110.0,158625037.7979011
2025-10-21 00:29:59.076000+00:00,2025-10-21 00:15:00+00:00,continuous,110110.0,110368.7,110110.0,110270.1,59976502.18929981
2025-10-21 00:44:59.408000+00:00,2025-10-21 00:30:00+00:00,continuous,110270.1,110453.8,110207.4,110440.5,51750550.822199956
2025-10-21 00:59:59.790000+00:00,2025-10-21 00:45:00+00:00,continuous,110440.4,110486.3,110346.3,110399.0,60825037.33919996
2025-10-21 01:14:59.398000+00:00,2025-10-21 01:00:00+00:00,continuous,110399.1,110438.9,110058.0,110072.1,120034483.10070013
2025-10-21 01:29:59.372000+00:00,2025-10-21 01:15:00+00:00,continuous,110072.1,110251.2,110064.0,110224.5,38169599.66850011
2025-10-21 01:44:59.870000+00:00,2025-10-21 01:30:00+00:00,continuous,110224.5,110255.3,110035.0,110050.1,56594452.52170017
2025-10-21 01:59:59.928000+00:00,2025-10-21 01:45:00+00:00,continuous,110050.0,110160.6,109345.0,109804.2,383212375.468899
2025-10-21 02:14:59.683000+00:00,2025-10-21 02:00:00+00:00,continuous,109804.2,109866.0,109370.8,109579.5,186521212.64180082
2025-10-21 02:29:59.832000+00:00,2025-10-21 02:15:00+00:00,continuous,109579.6,109624.2,109250.0,109429.9,136988576.90380085
2025-10-21 02:44:59.941000+00:00,2025-10-21 02:30:00+00:00,continuous,109429.9,109700.0,109318.2,109550.1,176605898.88579845
2025-10-21 02:59:59.987000+00:00,2025-10-21 02:45:00+00:00,continuous,109550.1,109619.0,109371.1,109459.3,72877701.33450001
2025-10-21 03:14:59.445000+00:00,2025-10-21 03:00:00+00:00,continuous,109459.4,109572.3,109350.0,109384.9,111615684.77709964
2025-10-21 03:29:59.852000+00:00,2025-10-21 03:15:00+00:00,continuous,109384.9,109513.9,109200.0,109393.1,134588752.02460063
2025-10-21 03:44:59.531000+00:00,2025-10-21 03:30:00+00:00,continuous,109393.1,109527.0,109360.0,109422.2,60827945.0429
2025-10-21 03:59:59.853000+00:00,2025-10-21 03:45:00+00:00,continuous,109422.2,109422.2,109005.0,109005.0,163202723.97769916
2025-10-21 04:14:59.929000+00:00,2025-10-21 04:00:00+00:00,continuous,109005.1,109005.1,107918.4,108247.1,818826590.8834994
2025-10-21 04:29:59.865000+00:00,2025-10-21 04:15:00+00:00,continuous,108247.2,108293.9,107971.7,108181.9,250960486.6032015
2025-10-21 04:44:59.835000+00:00,2025-10-21 04:30:00+00:00,continuous,108181.9,108181.9,107755.1,107845.2,333873207.36560225
2025-10-21 04:59:59.754000+00:00,2025-10-21 04:45:00+00:00,continuous,107845.2,107964.5,107592.0,107743.4,245743736.50209936
2025-10-21 05:14:59.850000+00:00,2025-10-21 05:00:00+00:00,continuous,107743.5,107937.1,107489.0,107672.1,289929101.76369977
2025-10-21 05:29:59.979000+00:00,2025-10-21 05:15:00+00:00,continuous,107672.1,107887.8,107504.7,107842.2,309433555.4625013
2025-10-21 05:44:59.951000+00:00,2025-10-21 05:30:00+00:00,continuous,107842.1,107943.5,107400.0,107651.6,348036731.8159015
2025-10-21 05:59:59.898000+00:00,2025-10-21 05:45:00+00:00,continuous,107651.5,107780.6,107418.1,107498.0,155604396.17049965
2025-10-21 06:14:59.767000+00:00,2025-10-21 06:00:00+00:00,continuous,107498.0,107694.1,107450.2,107595.8,112048219.23670006
2025-10-21 06:29:59.812000+00:00,2025-10-21 06:15:00+00:00,continuous,107595.9,108183.3,107583.9,107930.4,262602888.9417016
2025-10-21 06:44:59.944000+00:00,2025-10-21 06:30:00+00:00,continuous,107930.5,108032.7,107781.8,107872.2,103883524.67209981
2025-10-21 06:59:59.677000+00:00,2025-10-21 06:45:00+00:00,continuous,107872.1,108076.2,107813.8,107868.4,98690510.92779946
2025-10-21 07:14:59.920000+00:00,2025-10-21 07:00:00+00:00,continuous,107868.2,107891.6,107585.6,107602.4,106043675.42720015
2025-10-21 07:29:59.960000+00:00,2025-10-21 07:15:00+00:00,continuous,107602.4,108000.0,107593.6,107996.7,75802118.67040057
2025-10-21 07:44:59.894000+00:00,2025-10-21 07:30:00+00:00,continuous,107996.6,108112.8,107905.2,107987.8,117674968.70830016
2025-10-21 07:59:59.765000+00:00,2025-10-21 07:45:00+00:00,continuous,107987.8,108154.0,107947.0,108020.0,99848727.02360031
2025-10-21 08:14:59.894000+00:00,2025-10-21 08:00:00+00:00,continuous,108019.9,108044.2,107695.7,107752.0,135412618.69779992
2025-10-21 08:29:59.780000+00:00,2025-10-21 08:15:00+00:00,continuous,107752.0,107898.2,107652.0,107793.6,76230677.28770027
2025-10-21 08:44:59.792000+00:00,2025-10-21 08:30:00+00:00,continuous,107793.5,107796.0,107467.5,107546.9,128652230.59089944
2025-10-21 08:59:59.207000+00:00,2025-10-21 08:45:00+00:00,continuous,107547.0,107799.9,107432.8,107649.7,156227101.08799997
2025-10-21 09:14:59.944000+00:00,2025-10-21 09:00:00+00:00,continuous,107649.7,107807.0,107496.0,107740.0,90022427.31729968
2025-10-21 09:29:59.504000+00:00,2025-10-21 09:15:00+00:00,continuous,107740.0,107810.0,107615.3,107735.6,62493567.052400194
2025-10-21 09:44:59.487000+00:00,2025-10-21 09:30:00+00:00,continuous,107735.6,107820.0,107613.6,107653.3,56682072.885099955
2025-10-21 09:59:59.892000+00:00,2025-10-21 09:45:00+00:00,continuous,107653.4,107753.2,107653.3,107708.7,28340280.396699958
2025-10-21 10:14:59.987000+00:00,2025-10-21 10:00:00+00:00,continuous,107708.6,107870.0,107642.5,107717.0,64757798.648400545
2025-10-21 10:29:59.964000+00:00,2025-10-21 10:15:00+00:00,continuous,107717.0,107719.2,107524.3,107594.9,55622561.41919979
2025-10-21 10:44:59.885000+00:00,2025-10-21 10:30:00+00:00,continuous,107594.9,108074.9,107572.3,107953.6,374340674.25270057
2025-10-21 10:59:59.997000+00:00,2025-10-21 10:45:00+00:00,continuous,107953.6,108772.4,107953.6,108445.4,507526677.8387018
2025-10-21 11:14:59.973000+00:00,2025-10-21 11:00:00+00:00,continuous,108445.3,108468.9,108102.3,108277.2,200803972.38149908
2025-10-21 11:29:59.758000+00:00,2025-10-21 11:15:00+00:00,continuous,108277.2,108433.4,108215.0,108283.5,81194917.20779973
2025-10-21 11:44:59.511000+00:00,2025-10-21 11:30:00+00:00,continuous,108283.5,108462.0,108182.7,108359.4,112010970.00840046
2025-10-21 11:59:59.720000+00:00,2025-10-21 11:45:00+00:00,continuous,108359.3,108600.0,108358.6,108519.4,73891238.54049976
2025-10-21 12:14:59.423000+00:00,2025-10-21 12:00:00+00:00,continuous,108519.4,108583.9,108417.0,108417.0,79181802.70210041
2025-10-21 12:29:59.907000+00:00,2025-10-21 12:15:00+00:00,continuous,108417.0,109439.8,108414.0,109079.9,572138881.0637987
2025-10-21 12:44:59.897000+00:00,2025-10-21 12:30:00+00:00,continuous,109079.9,109329.3,108815.5,109281.7,260631319.79679805
2025-10-21 12:59:59.924000+00:00,2025-10-21 12:45:00+00:00,continuous,109281.6,109439.4,108706.2,108733.8,269523173.6880027
2025-10-21 13:14:59.897000+00:00,2025-10-21 13:00:00+00:00,continuous,108733.7,108852.8,107677.0,108529.1,490766105.52689785
2025-10-21 13:29:59.966000+00:00,2025-10-21 13:15:00+00:00,continuous,108529.2,108758.5,108387.7,108657.0,152309884.25220054
2025-10-21 13:44:59.937000+00:00,2025-10-21 13:30:00+00:00,continuous,108656.9,108834.5,108253.7,108570.3,238813016.80609873
2025-10-21 13:59:59.955000+00:00,2025-10-21 13:45:00+00:00,continuous,108570.2,108570.2,108100.0,108384.4,205266241.98060107
2025-10-21 14:14:59.809000+00:00,2025-10-21 14:00:00+00:00,continuous,108384.4,109763.8,108352.5,109696.2,620623521.6609981
2025-10-21 14:29:59.986000+00:00,2025-10-21 14:15:00+00:00,continuous,109696.2,110555.1,109444.8,109618.6,997433780.360805
2025-10-21 14:44:59.973000+00:00,2025-10-21 14:30:00+00:00,continuous,109618.7,110070.7,109600.0,109882.4,327469152.6182029
2025-10-21 14:59:59.920000+00:00,2025-10-21 14:45:00+00:00,continuous,109882.3,112292.1,109701.0,112127.5,1304020373.5020154
2025-10-21 15:14:59.997000+00:00,2025-10-21 15:00:00+00:00,continuous,112127.6,112877.9,111643.1,112325.4,1253492993.0920022
2025-10-21 15:29:59.909000+00:00,2025-10-21 15:15:00+00:00,continuous,112325.3,113100.0,112176.0,112900.0,586357970.8168964
2025-10-21 15:44:59.999000+00:00,2025-10-21 15:30:00+00:00,continuous,112899.9,113288.2,112655.0,113267.1,673334389.923288
2025-10-21 15:59:59.999000+00:00,2025-10-21 15:45:00+00:00,continuous,113267.0,113480.0,113013.5,113355.2,488762275.8680021
2025-10-21 16:14:59.908000+00:00,2025-10-21 16:00:00+00:00,continuous,113355.3,113500.0,113030.2,113458.2,394109432.20630026
2025-10-21 16:29:59.917000+00:00,2025-10-21 16:15:00+00:00,continuous,113458.2,113800.0,113442.7,113599.9,453551535.55049926
2025-10-21 16:44:59.936000+00:00,2025-10-21 16:30:00+00:00,continuous,113599.8,113940.0,113300.0,113361.1,577866933.3056937
2025-10-21 16:59:59.948000+00:00,2025-10-21 16:45:00+00:00,continuous,113361.2,113540.3,112400.0,112507.2,799887638.7159115
2025-10-21 17:14:59.866000+00:00,2025-10-21 17:00:00+00:00,continuous,112507.5,112947.8,112301.0,112657.5,590597301.3715022
2025-10-21 17:29:59.896000+00:00,2025-10-21 17:15:00+00:00,continuous,112657.5,112726.7,111730.5,112320.0,833473641.3966087
2025-10-21 17:44:59.906000+00:00,2025-10-21 17:30:00+00:00,continuous,112319.9,112540.0,112140.0,112428.8,436708867.4476967
2025-10-21 17:59:59.859000+00:00,2025-10-21 17:45:00+00:00,continuous,112428.7,112485.1,111928.6,111960.1,401324637.83189756
2025-10-21 18:14:59.959000+00:00,2025-10-21 18:00:00+00:00,continuous,111960.2,112261.2,111728.7,111838.1,308744005.5111005
2025-10-21 18:29:59.810000+00:00,2025-10-21 18:15:00+00:00,continuous,111838.1,112108.5,111762.3,111790.5,132830977.26519917
2025-10-21 18:44:59.707000+00:00,2025-10-21 18:30:00+00:00,continuous,111790.4,111902.1,111255.9,111602.3,354657710.50310034
2025-10-21 18:59:59.721000+00:00,2025-10-21 18:45:00+00:00,continuous,111602.2,111994.5,111586.1,111934.5,137423540.5527004
2025-10-21 19:14:59.936000+00:00,2025-10-21 19:00:00+00:00,continuous,111934.5,112110.4,111888.0,112110.4,84038209.34979941
2025-10-21 19:29:59.825000+00:00,2025-10-21 19:15:00+00:00,continuous,112110.3,112147.4,111567.7,111667.1,119395698.87570058
2025-10-21 19:44:59.800000+00:00,2025-10-21 19:30:00+00:00,continuous,111667.0,111773.6,111501.7,111761.8,110872006.13140006
2025-10-21 19:59:59.573000+00:00,2025-10-21 19:45:00+00:00,continuous,111761.7,111974.3,111695.2,111720.7,89158336.72399981
2025-10-21 20:14:59.911000+00:00,2025-10-21 20:00:00+00:00,continuous,111720.7,111747.7,111124.9,111253.0,241225412.78999856
2025-10-21 20:29:59.486000+00:00,2025-10-21 20:15:00+00:00,continuous,111253.1,111307.0,110468.0,110783.3,439616724.89600295
2025-10-21 20:44:59.947000+00:00,2025-10-21 20:30:00+00:00,continuous,110783.3,111046.3,110640.0,110874.5,109051406.49739964
2025-10-21 20:59:59.500000+00:00,2025-10-21 20:45:00+00:00,continuous,110874.5,111052.7,110727.7,110733.0,86251978.11659963
2025-10-21 21:14:59.794000+00:00,2025-10-21 21:00:00+00:00,continuous,110733.0,111058.1,110611.9,111045.0,106896209.08009985
2025-10-21 21:29:59.907000+00:00,2025-10-21 21:15:00+00:00,continuous,111045.0,111068.7,110016.3,110444.4,385544820.74669796
2025-10-21 21:44:59.678000+00:00,2025-10-21 21:30:00+00:00,continuous,110444.4,110849.0,110335.3,110842.3,99165249.24340004
2025-10-21 21:59:59.093000+00:00,2025-10-21 21:45:00+00:00,continuous,110842.2,110915.2,110646.4,110772.6,69841890.35800046
2025-10-21 22:14:59.823000+00:00,2025-10-21 22:00:00+00:00,continuous,110772.5,110772.5,109950.0,110372.8,304270871.59170014
2025-10-21 22:29:59.878000+00:00,2025-10-21 22:15:00+00:00,continuous,110372.7,110463.2,109503.6,109553.5,401716702.25330216
2025-10-21 22:44:59.917000+00:00,2025-10-21 22:30:00+00:00,continuous,109553.5,109748.6,108005.0,109102.6,888832367.5405014
2025-10-21 22:59:59.274000+00:00,2025-10-21 22:45:00+00:00,continuous,109102.6,109366.8,108869.0,109008.0,232639920.06749785
2025-10-21 23:14:59.600000+00:00,2025-10-21 23:00:00+00:00,continuous,109008.0,109262.0,108888.3,109154.5,152855373.00010097
2025-10-21 23:29:59.946000+00:00,2025-10-21 23:15:00+00:00,continuous,109154.5,109367.0,109000.0,109059.4,171933671.45029926
2025-10-21 23:44:59.878000+00:00,2025-10-21 23:30:00+00:00,continuous,109059.3,109059.4,108000.0,108449.6,463236385.4568944
2025-10-21 23:59:59.714000+00:00,2025-10-21 23:45:00+00:00,continuous,108449.7,108560.5,108240.4,108253.7,184621603.52140027
2025-10-22 00:14:59.846000+00:00,2025-10-22 00:00:00+00:00,continuous,108253.8,108600.0,108122.2,108500.0,251787297.69309875
2025-10-22 00:29:59.959000+00:00,2025-10-22 00:15:00+00:00,continuous,108500.0,108506.4,107800.0,107950.0,250290224.010701
2025-10-22 00:44:59.885000+00:00,2025-10-22 00:30:00+00:00,continuous,107950.0,108280.0,107777.1,108022.0,278861919.07919985
2025-10-22 00:59:59.931000+00:00,2025-10-22 00:45:00+00:00,continuous,108022.2,108160.4,107930.0,107930.1,119710555.30010097
2025-10-22 01:14:59.933000+00:00,2025-10-22 01:00:00+00:00,continuous,107930.1,108410.8,107930.0,108353.3,262382848.9381992
2025-10-22 01:29:59.418000+00:00,2025-10-22 01:15:00+00:00,continuous,108353.2,108353.2,107964.1,108110.5,174015414.13700005
2025-10-22 01:44:59.936000+00:00,2025-10-22 01:30:00+00:00,continuous,108110.4,108236.1,107980.5,108207.0,95632989.72820015
2025-10-22 01:59:59.899000+00:00,2025-10-22 01:45:00+00:00,continuous,108207.1,108417.6,108073.2,108313.6,150840872.61379984
2025-10-22 02:14:59.802000+00:00,2025-10-22 02:00:00+00:00,continuous,108313.6,108649.4,108278.2,108615.5,156457358.684201
2025-10-22 02:29:59.346000+00:00,2025-10-22 02:15:00+00:00,continuous,108615.4,108627.2,108408.0,108532.5,89152280.44590026
2025-10-22 02:44:59.885000+00:00,2025-10-22 02:30:00+00:00,continuous,108532.5,108532.5,108213.1,108249.4,97493047.86170045
2025-10-22 02:59:59.893000+00:00,2025-10-22 02:45:00+00:00,continuous,108249.3,108310.1,108159.3,108159.3,80962383.57390028
2025-10-22 03:14:59.794000+00:00,2025-10-22 03:00:00+00:00,continuous,108159.3,108184.0,107935.2,107975.7,120016221.40330033
2025-10-22 03:29:59.908000+00:00,2025-10-22 03:15:00+00:00,continuous,107975.7,108170.0,107802.3,108110.1,167464967.46749997
2025-10-22 03:44:59.940000+00:00,2025-10-22 03:30:00+00:00,continuous,108110.0,108149.4,107909.1,107994.6,74332649.8333996
2025-10-22 03:59:59.898000+00:00,2025-10-22 03:45:00+00:00,continuous,107994.7,108179.2,107946.2,108174.1,87026928.44250016
2025-10-22 04:14:59.973000+00:00,2025-10-22 04:00:00+00:00,continuous,108174.0,108449.0,108106.8,108398.3,145821348.30290076
2025-10-22 04:29:59.840000+00:00,2025-10-22 04:15:00+00:00,continuous,108398.2,108498.6,108316.4,108321.6,85536342.83039998
2025-10-22 04:44:59.687000+00:00,2025-10-22 04:30:00+00:00,continuous,108321.5,108500.0,108303.2,108436.3,84692495.66390012
2025-10-22 04:59:59.967000+00:00,2025-10-22 04:45:00+00:00,continuous,108436.2,108570.7,108406.8,108554.4,103022441.7891996
2025-10-22 05:14:59.790000+00:00,2025-10-22 05:00:00+00:00,continuous,108554.5,108581.9,108279.8,108294.5,120327694.70079926
2025-10-22 05:29:59.861000+00:00,2025-10-22 05:15:00+00:00,continuous,108294.5,108325.7,107886.2,107997.2,185412820.0457999
2025-10-22 05:44:59.842000+00:00,2025-10-22 05:30:00+00:00,continuous,107997.2,108071.7,107821.6,107913.9,131606165.40380017
2025-10-22 05:59:59.422000+00:00,2025-10-22 05:45:00+00:00,continuous,107913.9,108150.1,107874.5,108118.7,97715956.04999936
2025-10-22 06:14:59.965000+00:00,2025-10-22 06:00:00+00:00,continuous,108118.7,108118.8,107984.4,108086.1,57655113.56909977
2025-10-22 06:29:59.766000+00:00,2025-10-22 06:15:00+00:00,continuous,108086.1,108300.0,108003.3,108199.3,78417716.93379998
2025-10-22 06:44:59.865000+00:00,2025-10-22 06:30:00+00:00,continuous,108199.2,108238.0,107889.5,107978.1,171405831.79069984
2025-10-22 06:59:59.891000+00:00,2025-10-22 06:45:00+00:00,continuous,107978.0,108035.0,107897.8,107936.7,67059110.220600106
2025-10-22 07:14:59.953000+00:00,2025-10-22 07:00:00+00:00,continuous,107936.7,107968.1,107558.1,107569.4,286729150.14070195
2025-10-22 07:29:59.780000+00:00,2025-10-22 07:15:00+00:00,continuous,107569.3,107968.1,107560.2,107948.8,192284518.81199974
2025-10-22 07:44:59.892000+00:00,2025-10-22 07:30:00+00:00,continuous,107948.7,108257.4,107916.7,108121.1,164771140.58379984
2025-10-22 07:59:59.862000+00:00,2025-10-22 07:45:00+00:00,continuous,108121.0,108284.2,108035.6,108284.1,164537497.7952998
2025-10-22 08:14:59.963000+00:00,2025-10-22 08:00:00+00:00,continuous,108284.1,108284.2,108035.6,108052.1,77743833.62169988
2025-10-22 08:29:59.663000+00:00,2025-10-22 08:15:00+00:00,continuous,108052.1,108313.8,108037.2,108209.0,69681062.86720006
2025-10-22 08:44:59.982000+00:00,2025-10-22 08:30:00+00:00,continuous,108208.9,108268.4,108079.7,108258.2,60233230.38589996
2025-10-22 08:59:59.661000+00:00,2025-10-22 08:45:00+00:00,continuous,108258.1,108313.3,108136.7,108171.2,90632996.73950008
2025-10-22 09:14:59.663000+00:00,2025-10-22 09:00:00+00:00,continuous,108171.2,108219.0,107926.2,107945.9,107899102.31820026
2025-10-22 09:29:59.606000+00:00,2025-10-22 09:15:00+00:00,continuous,107945.8,108164.6,107799.8,108160.3,125301206.22719973
2025-10-22 09:44:59.889000+00:00,2025-10-22 09:30:00+00:00,continuous,108160.2,108235.4,107801.2,107810.4,97181967.2789999
2025-10-22 09:59:59.871000+00:00,2025-10-22 09:45:00+00:00,continuous,107810.4,108060.9,107708.2,107907.9,119377133.15079968
2025-10-22 10:14:59.666000+00:00,2025-10-22 10:00:00+00:00,continuous,107907.9,108055.5,107791.8,107909.2,94380242.85519977
2025-10-22 10:29:59.664000+00:00,2025-10-22 10:15:00+00:00,continuous,107909.2,108079.0,107781.0,107884.8,92689848.26920044
2025-10-22 10:44:59.318000+00:00,2025-10-22 10:30:00+00:00,continuous,107884.8,107939.0,107760.0,107787.4,49002532.541100115
2025-10-22 10:59:59.966000+00:00,2025-10-22 10:45:00+00:00,continuous,107787.3,107787.4,107588.0,107613.5,110195559.36210059
2025-10-22 11:14:59.929000+00:00,2025-10-22 11:00:00+00:00,continuous,107613.5,107967.1,106360.3,107929.4,1223201526.2480106
2025-10-22 11:29:59.982000+00:00,2025-10-22 11:15:00+00:00,continuous,107929.5,108188.9,107731.3,107768.9,422536313.64810294
2025-10-22 11:44:59.796000+00:00,2025-10-22 11:30:00+00:00,continuous,107768.8,107945.6,107633.0,107669.9,140304700.3918005
2025-10-22 11:59:59.662000+00:00,2025-10-22 11:45:00+00:00,continuous,107669.9,107686.7,107282.5,107501.7,236630725.05810195
2025-10-22 12:14:59.738000+00:00,2025-10-22 12:00:00+00:00,continuous,107501.7,107700.0,107389.4,107647.9,174281345.6695006
2025-10-22 12:29:59.981000+00:00,2025-10-22 12:15:00+00:00,continuous,107648.0,108081.6,107648.0,107934.1,330351160.9578991
2025-10-22 12:44:59.946000+00:00,2025-10-22 12:30:00+00:00,continuous,107934.2,108349.1,107863.9,108130.1,192462908.6844004
2025-10-22 12:59:58.551000+00:00,2025-10-22 12:45:00+00:00,continuous,108130.1,108130.2,107893.3,107976.9,119078244.95309988
2025-10-22 13:14:59.909000+00:00,2025-10-22 13:00:00+00:00,continuous,107976.9,108350.5,107864.4,108267.8,146741770.12029928
2025-10-22 13:29:59.619000+00:00,2025-10-22 13:15:00+00:00,continuous,108267.8,108271.1,108013.3,108052.5,121637245.34090027
2025-10-22 13:44:59.989000+00:00,2025-10-22 13:30:00+00:00,continuous,108052.5,108439.8,107550.4,108019.2,503482827.4356975
2025-10-22 13:59:59.995000+00:00,2025-10-22 13:45:00+00:00,continuous,108019.9,109000.0,107726.0,108728.0,804763570.6620986
2025-10-22 14:14:59.951000+00:00,2025-10-22 14:00:00+00:00,continuous,108728.1,108780.4,107945.9,108132.1,676382459.6153018
2025-10-22 14:29:59.990000+00:00,2025-10-22 14:15:00+00:00,continuous,108132.2,108324.6,107415.1,107905.8,861056187.6254071
2025-10-22 14:44:59.994000+00:00,2025-10-22 14:30:00+00:00,continuous,107905.7,108132.9,107650.0,107775.7,492989160.9850004
2025-10-22 14:59:59.982000+00:00,2025-10-22 14:45:00+00:00,continuous,107775.7,108990.0,107619.6,108912.7,789039699.5676982
2025-10-22 15:14:59.824000+00:00,2025-10-22 15:00:00+00:00,continuous,108913.2,109160.0,108311.0,108369.1,560364483.8172001
2025-10-22 15:29:59.970000+00:00,2025-10-22 15:15:00+00:00,continuous,108369.2,108380.0,107710.0,107853.4,376875993.17849886
2025-10-22 15:44:59.922000+00:00,2025-10-22 15:30:00+00:00,continuous,107853.5,108577.3,107706.0,108430.7,322174469.93280107
2025-10-22 15:59:59.886000+00:00,2025-10-22 15:45:00+00:00,continuous,108430.6,108625.8,108169.3,108369.9,135049856.74870068
2025-10-22 16:14:59.850000+00:00,2025-10-22 16:00:00+00:00,continuous,108369.8,108619.4,108209.5,108387.8,142054113.96419984
2025-10-22 16:29:59.706000+00:00,2025-10-22 16:15:00+00:00,continuous,108387.9,108631.9,108024.0,108497.8,183453376.55399978
2025-10-22 16:44:59.554000+00:00,2025-10-22 16:30:00+00:00,continuous,108497.7,108780.0,107805.0,108375.2,583107478.0090048
2025-10-22 16:59:59.976000+00:00,2025-10-22 16:45:00+00:00,continuous,108375.2,108654.4,108145.9,108177.4,128715113.6938004
2025-10-22 17:14:59.281000+00:00,2025-10-22 17:00:00+00:00,continuous,108177.5,108310.9,108008.2,108145.8,99913061.97719987
2025-10-22 17:29:59.751000+00:00,2025-10-22 17:15:00+00:00,continuous,108145.8,108153.0,107825.9,107911.2,178196076.8910008
2025-10-22 17:44:59.322000+00:00,2025-10-22 17:30:00+00:00,continuous,107911.1,108210.3,107706.1,107824.5,152594188.15820074
2025-10-22 17:59:59.935000+00:00,2025-10-22 17:45:00+00:00,continuous,107824.5,107948.2,107526.3,107743.4,169737826.56049812
2025-10-22 18:14:59.941000+00:00,2025-10-22 18:00:00+00:00,continuous,107743.3,107961.0,107664.1,107686.0,106637239.29970014
2025-10-22 18:29:59.659000+00:00,2025-10-22 18:15:00+00:00,continuous,107685.9,108026.3,107416.1,107976.4,186081533.36419773
2025-10-22 18:44:59.944000+00:00,2025-10-22 18:30:00+00:00,continuous,107976.4,108181.4,107830.8,107907.1,127155682.81420021
2025-10-22 18:59:59.654000+00:00,2025-10-22 18:45:00+00:00,continuous,107907.2,108023.5,107816.4,107987.8,93578435.10709956
2025-10-22 19:14:59.814000+00:00,2025-10-22 19:00:00+00:00,continuous,107987.7,108346.7,107865.7,108115.8,150292832.0164011
2025-10-22 19:29:59.921000+00:00,2025-10-22 19:15:00+00:00,continuous,108115.8,108379.3,108056.2,108066.0,88540403.25749996
2025-10-22 19:44:59.801000+00:00,2025-10-22 19:30:00+00:00,continuous,108066.0,108206.1,107966.5,107967.4,98257841.71600036
2025-10-22 19:59:59.973000+00:00,2025-10-22 19:45:00+00:00,continuous,107967.3,108062.4,107491.8,107829.0,193477897.62059978
2025-10-22 20:14:59.611000+00:00,2025-10-22 20:00:00+00:00,continuous,107829.1,108032.0,107821.0,107836.8,80494543.7540003
2025-10-22 20:29:59.930000+00:00,2025-10-22 20:15:00+00:00,continuous,107836.9,107836.9,107577.0,107584.1,68635032.73229961
2025-10-22 20:44:59.651000+00:00,2025-10-22 20:30:00+00:00,continuous,107584.0,107881.7,107480.0,107831.7,123657414.3661001
2025-10-22 20:59:59.961000+00:00,2025-10-22 20:45:00+00:00,continuous,107831.7,107831.8,107453.9,107644.4,203720062.3685999
2025-10-22 21:14:59.784000+00:00,2025-10-22 21:00:00+00:00,continuous,107644.4,107694.6,106588.0,107088.2,572228186.1799
2025-10-22 21:29:59.944000+00:00,2025-10-22 21:15:00+00:00,continuous,107088.3,107262.0,106675.1,106729.6,191251600.1913994
2025-10-22 21:44:59.723000+00:00,2025-10-22 21:30:00+00:00,continuous,106729.5,107080.3,106694.5,106894.1,133301080.18239906
2025-10-22 21:59:59.711000+00:00,2025-10-22 21:45:00+00:00,continuous,106894.1,107289.2,106894.1,107159.8,118533821.96899995
2025-10-22 22:14:59.336000+00:00,2025-10-22 22:00:00+00:00,continuous,107159.7,107650.2,107101.5,107377.1,212452844.6842006
2025-10-22 22:29:59.608000+00:00,2025-10-22 22:15:00+00:00,continuous,107377.2,107396.2,106849.8,107008.0,128958925.94030009
2025-10-22 22:44:59.816000+00:00,2025-10-22 22:30:00+00:00,continuous,107007.9,107279.9,106933.3,107258.6,104940600.39989981
2025-10-22 22:59:59.261000+00:00,2025-10-22 22:45:00+00:00,continuous,107258.5,107290.1,106937.9,107142.6,87671482.24050021
2025-10-22 23:14:59.881000+00:00,2025-10-22 23:00:00+00:00,continuous,107142.6,107542.2,107110.4,107351.6,135192829.1382005
2025-10-22 23:29:59.865000+00:00,2025-10-22 23:15:00+00:00,continuous,107351.6,107862.3,107343.5,107741.1,183068935.4715
2025-10-22 23:44:59.521000+00:00,2025-10-22 23:30:00+00:00,continuous,107741.2,107898.9,107592.1,107592.1,120648556.57330059
2025-10-22 23:59:59.943000+00:00,2025-10-22 23:45:00+00:00,continuous,107592.1,107691.6,107523.4,107532.0,64541591.14330014
2025-10-23 00:14:59.951000+00:00,2025-10-23 00:00:00+00:00,continuous,107532.1,107672.5,107462.9,107647.8,75120701.08000048
2025-10-23 00:29:59.862000+00:00,2025-10-23 00:15:00+00:00,continuous,107647.8,107797.3,107463.2,107555.0,80675133.11049998
2025-10-23 00:44:59.666000+00:00,2025-10-23 00:30:00+00:00,continuous,107555.0,107779.7,107524.5,107673.1,96137428.29729965
2025-10-23 00:59:59.654000+00:00,2025-10-23 00:45:00+00:00,continuous,107673.2,107954.5,107630.3,107815.7,83733432.3002999
2025-10-23 01:14:59.893000+00:00,2025-10-23 01:00:00+00:00,continuous,107815.6,108392.6,107769.1,108270.6,303235656.7256997
2025-10-23 01:29:59.575000+00:00,2025-10-23 01:15:00+00:00,continuous,108270.6,108500.0,107982.3,108156.0,411875684.25090045
2025-10-23 01:44:59.105000+00:00,2025-10-23 01:30:00+00:00,continuous,108155.9,108300.0,108084.3,108194.0,83617914.44229995
2025-10-23 01:59:59.376000+00:00,2025-10-23 01:45:00+00:00,continuous,108194.1,108209.1,108090.7,108107.7,39088923.27529996
2025-10-23 02:14:59.967000+00:00,2025-10-23 02:00:00+00:00,continuous,108107.6,108128.0,108010.8,108099.9,55629145.662499934
2025-10-23 02:29:59.710000+00:00,2025-10-23 02:15:00+00:00,continuous,108100.0,108348.8,108099.9,108159.0,85975352.0560004
2025-10-23 02:44:59.993000+00:00,2025-10-23 02:30:00+00:00,continuous,108159.0,108285.6,108136.9,108238.5,72389955.0176997
2025-10-23 02:59:59.853000+00:00,2025-10-23 02:45:00+00:00,continuous,108238.4,108370.0,108155.9,108370.0,65944701.43809998
2025-10-23 03:14:59.670000+00:00,2025-10-23 03:00:00+00:00,continuous,108370.0,108547.5,108290.5,108435.6,111331662.7625001
2025-10-23 03:29:59.966000+00:00,2025-10-23 03:15:00+00:00,continuous,108435.6,108655.0,108435.3,108642.2,125369551.48110013
2025-10-23 03:44:59.927000+00:00,2025-10-23 03:30:00+00:00,continuous,108642.3,108660.0,108343.1,108374.4,106509120.43040049
2025-10-23 03:59:59.870000+00:00,2025-10-23 03:45:00+00:00,continuous,108374.4,108374.4,108276.7,108322.2,59446342.39799993
2025-10-23 04:14:59.861000+00:00,2025-10-23 04:00:00+00:00,continuous,108322.2,108450.0,108290.3,108324.9,61419112.35199987
2025-10-23 04:29:59.894000+00:00,2025-10-23 04:15:00+00:00,continuous,108325.0,108566.2,108316.0,108506.3,48891032.93180008
2025-10-23 04:44:59.983000+00:00,2025-10-23 04:30:00+00:00,continuous,108506.3,108887.9,108405.0,108831.4,123775968.55389915
2025-10-23 04:59:59.715000+00:00,2025-10-23 04:45:00+00:00,continuous,108831.4,108843.7,108581.8,108581.9,84065191.08909993
2025-10-23 05:14:59.701000+00:00,2025-10-23 05:00:00+00:00,continuous,108581.9,108776.8,108557.6,108765.9,80432696.78719991
2025-10-23 05:29:59.038000+00:00,2025-10-23 05:15:00+00:00,continuous,108765.9,108775.6,108681.2,108711.9,60825798.15019999
2025-10-23 05:44:59.795000+00:00,2025-10-23 05:30:00+00:00,continuous,108712.0,108742.1,108600.0,108600.8,62660479.67550025
2025-10-23 05:59:59.704000+00:00,2025-10-23 05:45:00+00:00,continuous,108600.9,108939.7,108591.7,108894.1,98624277.08760019
2025-10-23 06:14:59.919000+00:00,2025-10-23 06:00:00+00:00,continuous,108894.1,109063.6,108791.9,109022.8,155617027.43580055
2025-10-23 06:29:59.855000+00:00,2025-10-23 06:15:00+00:00,continuous,109022.7,110152.9,109022.3,109823.6,918551428.5851119
2025-10-23 06:44:59.797000+00:00,2025-10-23 06:30:00+00:00,continuous,109823.6,110049.9,109723.7,109967.9,169007793.15479884
2025-10-23 06:59:59.925000+00:00,2025-10-23 06:45:00+00:00,continuous,109967.9,110275.9,109961.1,110180.2,222892562.68129998
2025-10-23 07:14:59.873000+00:00,2025-10-23 07:00:00+00:00,continuous,110180.2,110214.7,109716.9,109753.1,229828550.4057004
2025-10-23 07:29:59.818000+00:00,2025-10-23 07:15:00+00:00,continuous,109753.1,109833.1,109325.7,109500.1,306686759.9919005
2025-10-23 07:44:59.926000+00:00,2025-10-23 07:30:00+00:00,continuous,109500.0,109568.7,109151.8,109383.3,155626191.1082995
2025-10-23 07:59:59.464000+00:00,2025-10-23 07:45:00+00:00,continuous,109383.4,109515.4,109182.5,109228.6,116565740.97080028
2025-10-23 08:14:59.642000+00:00,2025-10-23 08:00:00+00:00,continuous,109228.6,109721.0,109204.7,109667.1,193053055.14829972
2025-10-23 08:29:59.932000+00:00,2025-10-23 08:15:00+00:00,continuous,109667.1,109867.7,109595.6,109735.4,127305705.32090011
2025-10-23 08:44:59.713000+00:00,2025-10-23 08:30:00+00:00,continuous,109735.4,109758.7,109383.7,109532.8,135801407.6998002
2025-10-23 08:59:59.573000+00:00,2025-10-23 08:45:00+00:00,continuous,109532.7,109652.4,109342.5,109459.3,59887646.28150033
2025-10-23 09:14:59.894000+00:00,2025-10-23 09:00:00+00:00,continuous,109459.2,109492.4,109064.6,109093.4,158761468.48889947
2025-10-23 09:29:59.946000+00:00,2025-10-23 09:15:00+00:00,continuous,109093.4,109377.3,109076.9,109377.3,94751001.54869975
2025-10-23 09:44:59.491000+00:00,2025-10-23 09:30:00+00:00,continuous,109377.2,109390.8,109293.7,109326.7,36383728.78519981
2025-10-23 09:59:59.659000+00:00,2025-10-23 09:45:00+00:00,continuous,109326.8,109447.1,109246.6,109388.2,63491568.097900376
2025-10-23 10:14:59.945000+00:00,2025-10-23 10:00:00+00:00,continuous,109388.1,109544.0,109344.7,109542.6,88278677.16689998
2025-10-23 10:29:59.815000+00:00,2025-10-23 10:15:00+00:00,continuous,109542.5,109664.7,109469.4,109469.5,71281564.69930027
2025-10-23 10:44:59.978000+00:00,2025-10-23 10:30:00+00:00,continuous,109469.4,109521.7,109316.0,109396.9,79125813.51169987
2025-10-23 10:59:59.921000+00:00,2025-10-23 10:45:00+00:00,continuous,109396.9,109554.9,109367.8,109383.7,56431494.20350059
2025-10-23 11:14:59.822000+00:00,2025-10-23 11:00:00+00:00,continuous,109383.7,109451.2,109310.0,109348.6,43898586.83479992
2025-10-23 11:29:59.415000+00:00,2025-10-23 11:15:00+00:00,continuous,109348.6,109609.4,109217.0,109480.0,105514021.72560044
2025-10-23 11:44:59.718000+00:00,2025-10-23 11:30:00+00:00,continuous,109480.1,109506.4,109021.3,109169.7,145115208.4480997
2025-10-23 11:59:59.980000+00:00,2025-10-23 11:45:00+00:00,continuous,109169.8,109300.8,109093.2,109218.5,81981620.58650015
2025-10-23 12:14:59.971000+00:00,2025-10-23 12:00:00+00:00,continuous,109218.4,109218.4,108639.4,108891.2,449046183.0304004
2025-10-23 12:29:59.981000+00:00,2025-10-23 12:15:00+00:00,continuous,108891.1,109188.0,108808.8,109083.6,122359876.77780065
2025-10-23 12:44:58.976000+00:00,2025-10-23 12:30:00+00:00,continuous,109083.5,109083.5,108750.0,109035.3,98339576.12080002
2025-10-23 12:59:59.958000+00:00,2025-10-23 12:45:00+00:00,continuous,109035.3,109159.5,108971.7,109135.0,97447286.04570082
2025-10-23 13:14:59.844000+00:00,2025-10-23 13:00:00+00:00,continuous,109134.9,109195.2,108750.3,109043.2,137049247.9064995
2025-10-23 13:29:59.722000+00:00,2025-10-23 13:15:00+00:00,continuous,109043.2,109127.1,108897.8,109106.0,94506310.03990008
2025-10-23 13:44:59.692000+00:00,2025-10-23 13:30:00+00:00,continuous,109106.1,109577.3,108970.0,109330.0,337129109.13410014
2025-10-23 13:59:59.962000+00:00,2025-10-23 13:45:00+00:00,continuous,109330.0,109584.8,109178.6,109450.0,186683064.68229994
2025-10-23 14:14:59.929000+00:00,2025-10-23 14:00:00+00:00,continuous,109450.1,109513.8,108800.0,108858.8,289823768.4649008
2025-10-23 14:29:59.973000+00:00,2025-10-23 14:15:00+00:00,continuous,108858.9,109430.0,108647.4,109255.6,311111370.18810093
2025-10-23 14:44:59.994000+00:00,2025-10-23 14:30:00+00:00,continuous,109255.7,109851.6,109206.6,109503.9,269598420.4522036
2025-10-23 14:59:59.983000+00:00,2025-10-23 14:45:00+00:00,continuous,109504.0,109676.0,109313.6,109544.2,123335511.17440102
2025-10-23 15:14:59.941000+00:00,2025-10-23 15:00:00+00:00,continuous,109544.3,110088.0,109428.3,109818.2,308159272.15779954
2025-10-23 15:29:59.962000+00:00,2025-10-23 15:15:00+00:00,continuous,109818.1,109867.7,109444.4,109724.7,159101723.1177995
2025-10-23 15:44:59.885000+00:00,2025-10-23 15:30:00+00:00,continuous,109724.6,110056.0,109553.4,109653.2,237718325.8206984
2025-10-23 15:59:59.768000+00:00,2025-10-23 15:45:00+00:00,continuous,109653.1,109999.0,109604.4,109849.0,90010342.22409995
2025-10-23 16:14:59.988000+00:00,2025-10-23 16:00:00+00:00,continuous,109849.0,110000.0,109707.2,109947.1,109852067.8901995
2025-10-23 16:29:59.819000+00:00,2025-10-23 16:15:00+00:00,continuous,109947.1,110050.0,109716.6,109765.1,83434106.23100014
2025-10-23 16:44:59.521000+00:00,2025-10-23 16:30:00+00:00,continuous,109765.2,109858.2,109581.7,109775.8,100939027.13040075
2025-10-23 16:59:59.837000+00:00,2025-10-23 16:45:00+00:00,continuous,109775.9,110551.2,109766.0,110197.8,351824702.17700124
2025-10-23 17:14:59.927000+00:00,2025-10-23 17:00:00+00:00,continuous,110197.8,110219.5,109575.9,109880.7,297177230.22489965
2025-10-23 17:29:59.946000+00:00,2025-10-23 17:15:00+00:00,continuous,109880.7,110150.0,109840.0,110148.4,102211881.33329965
2025-10-23 17:44:59.936000+00:00,2025-10-23 17:30:00+00:00,continuous,110148.5,110983.1,110046.5,110673.0,465983996.8963
2025-10-23 17:59:59.861000+00:00,2025-10-23 17:45:00+00:00,continuous,110673.1,111240.0,110673.0,111175.2,386789254.3501962
2025-10-23 18:14:59.979000+00:00,2025-10-23 18:00:00+00:00,continuous,111175.6,111235.6,110692.1,110719.5,271374384.4206018
2025-10-23 18:29:59.886000+00:00,2025-10-23 18:15:00+00:00,continuous,110719.4,110856.6,110431.5,110475.0,229450098.9319015
2025-10-23 18:44:59.961000+00:00,2025-10-23 18:30:00+00:00,continuous,110475.0,110529.2,110334.9,110472.3,135208794.02490008
2025-10-23 18:59:59.876000+00:00,2025-10-23 18:45:00+00:00,continuous,110472.4,110566.7,110199.3,110518.1,119398437.04659973
2025-10-23 19:14:59.986000+00:00,2025-10-23 19:00:00+00:00,continuous,110518.2,110579.7,110041.6,110310.0,133473801.32200056
2025-10-23 19:29:59.578000+00:00,2025-10-23 19:15:00+00:00,continuous,110310.1,110512.0,110147.5,110482.7,67523676.58360013
2025-10-23 19:44:59.553000+00:00,2025-10-23 19:30:00+00:00,continuous,110482.9,110485.8,110242.3,110285.4,41205623.84700026
2025-10-23 19:59:59.840000+00:00,2025-10-23 19:45:00+00:00,continuous,110285.5,110485.6,110137.8,110137.8,73785988.68819961
2025-10-23 20:14:59.918000+00:00,2025-10-23 20:00:00+00:00,continuous,110137.9,110145.8,109727.9,109852.1,279770127.75000167
2025-10-23 20:29:59.970000+00:00,2025-10-23 20:15:00+00:00,continuous,109852.0,109979.6,109800.0,109905.8,61241943.62029965
2025-10-23 20:44:59.778000+00:00,2025-10-23 20:30:00+00:00,continuous,109905.9,110008.6,109740.1,109836.2,77566984.27650009
2025-10-23 20:59:59.998000+00:00,2025-10-23 20:45:00+00:00,continuous,109836.2,109850.0,109260.0,109469.9,308578946.966902
2025-10-23 21:14:59.987000+00:00,2025-10-23 21:00:00+00:00,continuous,109470.0,109668.4,109350.3,109668.4,124247189.9045002
2025-10-23 21:29:59.273000+00:00,2025-10-23 21:15:00+00:00,continuous,109668.4,109677.9,109535.4,109604.1,52620969.56519976
2025-10-23 21:44:59.276000+00:00,2025-10-23 21:30:00+00:00,continuous,109604.1,109660.2,109313.6,109414.6,109656811.48670053
2025-10-23 21:59:59.283000+00:00,2025-10-23 21:45:00+00:00,continuous,109414.5,109562.5,109414.5,109493.3,43086955.0306
2025-10-23 22:14:59.880000+00:00,2025-10-23 22:00:00+00:00,continuous,109493.2,109956.8,109467.5,109814.8,148673933.3921997
2025-10-23 22:29:59.977000+00:00,2025-10-23 22:15:00+00:00,continuous,109814.8,109944.9,109732.8,109932.8,48137163.04080016
2025-10-23 22:44:59.413000+00:00,2025-10-23 22:30:00+00:00,continuous,109932.9,110143.9,109925.8,109954.7,99689306.79300007
2025-10-23 22:59:59.526000+00:00,2025-10-23 22:45:00+00:00,continuous,109954.7,110011.1,109809.0,109890.0,61824322.4263999
2025-10-23 23:14:59.952000+00:00,2025-10-23 23:00:00+00:00,continuous,109890.0,109980.0,109782.7,109972.5,50123967.56550014
2025-10-23 23:29:59.786000+00:00,2025-10-23 23:15:00+00:00,continuous,109972.4,110050.2,109926.3,110018.8,53914022.270500295
2025-10-23 23:44:59.882000+00:00,2025-10-23 23:30:00+00:00,continuous,110018.7,110034.4,109914.9,110020.0,39825756.02149987
2025-10-23 23:59:59.978000+00:00,2025-10-23 23:45:00+00:00,continuous,110019.9,110034.0,109913.1,110025.9,61765526.875600174
2025-10-24 00:14:59.756000+00:00,2025-10-24 00:00:00+00:00,continuous,110026.0,110269.2,109927.8,110170.6,160010127.10840067
2025-10-24 00:29:59.506000+00:00,2025-10-24 00:15:00+00:00,continuous,110170.5,110400.0,110082.0,110109.1,153075618.87090018
2025-10-24 00:44:59.583000+00:00,2025-10-24 00:30:00+00:00,continuous,110109.1,110485.0,110068.4,110329.7,116772905.09820017
2025-10-24 00:59:59.973000+00:00,2025-10-24 00:45:00+00:00,continuous,110329.6,110698.4,110329.6,110443.1,144414411.92629933
2025-10-24 01:14:59.695000+00:00,2025-10-24 01:00:00+00:00,continuous,110443.2,110621.8,110426.4,110449.4,62673565.045700036
2025-10-24 01:29:59.721000+00:00,2025-10-24 01:15:00+00:00,continuous,110449.4,110452.1,110075.1,110184.9,146317874.2190004
2025-10-24 01:44:58.850000+00:00,2025-10-24 01:30:00+00:00,continuous,110185.0,110359.0,110150.2,110358.9,67489885.75940005
2025-10-24 01:59:59.979000+00:00,2025-10-24 01:45:00+00:00,continuous,110359.0,110621.0,110358.9,110534.9,89694813.99999969
2025-10-24 02:14:59.816000+00:00,2025-10-24 02:00:00+00:00,continuous,110534.9,110545.0,110342.2,110400.0,49367902.144499935
2025-10-24 02:29:59.957000+00:00,2025-10-24 02:15:00+00:00,continuous,110400.0,110514.4,110284.8,110367.5,53771277.63230003
2025-10-24 02:44:59.851000+00:00,2025-10-24 02:30:00+00:00,continuous,110367.6,110645.9,110330.0,110641.7,82526352.3192999
2025-10-24 02:59:59.906000+00:00,2025-10-24 02:45:00+00:00,continuous,110641.7,110839.9,110507.4,110514.9,103653250.46520014
2025-10-24 03:14:59.008000+00:00,2025-10-24 03:00:00+00:00,continuous,110515.0,110587.9,110382.5,110446.3,61184968.08840021
2025-10-24 03:29:59.609000+00:00,2025-10-24 03:15:00+00:00,continuous,110446.2,110507.4,110397.3,110409.1,36804906.85050009
2025-10-24 03:44:59.631000+00:00,2025-10-24 03:30:00+00:00,continuous,110409.1,110444.5,110220.0,110371.8,80537377.89710028
2025-10-24 03:59:59.977000+00:00,2025-10-24 03:45:00+00:00,continuous,110371.7,110413.4,110243.8,110399.9,52049433.5632999
2025-10-24 04:14:59.916000+00:00,2025-10-24 04:00:00+00:00,continuous,110399.9,110584.1,110274.4,110570.2,56194189.48410003
2025-10-24 04:29:59.785000+00:00,2025-10-24 04:15:00+00:00,continuous,110570.1,110980.0,110483.3,110904.5,186464882.6640999
2025-10-24 04:44:59.833000+00:00,2025-10-24 04:30:00+00:00,continuous,110904.4,111488.0,110890.5,111075.3,409654185.03640646
2025-10-24 04:59:59.973000+00:00,2025-10-24 04:45:00+00:00,continuous,111075.3,111272.0,111029.8,111117.7,110842488.39619921
2025-10-24 05:14:59.920000+00:00,2025-10-24 05:00:00+00:00,continuous,111117.7,111178.0,110902.1,111087.8,152099450.52250078
2025-10-24 05:29:58.720000+00:00,2025-10-24 05:15:00+00:00,continuous,111087.9,111128.9,110880.5,110946.1,90718147.95340039
2025-10-24 05:44:59.605000+00:00,2025-10-24 05:30:00+00:00,continuous,110946.1,111234.6,110916.6,111108.2,134806633.62660006
2025-10-24 05:59:59.976000+00:00,2025-10-24 05:45:00+00:00,continuous,111108.2,111267.6,111090.9,111193.0,107424855.66469954
2025-10-24 06:14:59.940000+00:00,2025-10-24 06:00:00+00:00,continuous,111193.1,111200.0,111063.4,111167.3,63896448.38889991
2025-10-24 06:29:59.933000+00:00,2025-10-24 06:15:00+00:00,continuous,111167.2,111290.8,111075.0,111274.4,68808990.79339969
2025-10-24 06:44:59.364000+00:00,2025-10-24 06:30:00+00:00,continuous,111274.3,111450.0,111248.1,111373.9,101134714.73480019
2025-10-24 06:59:59.974000+00:00,2025-10-24 06:45:00+00:00,continuous,111373.9,111450.0,111289.3,111413.2,73008275.95279993
2025-10-24 07:14:59.888000+00:00,2025-10-24 07:00:00+00:00,continuous,111413.2,111498.8,111070.1,111088.0,152169432.11750028
2025-10-24 07:29:59.823000+00:00,2025-10-24 07:15:00+00:00,continuous,111087.9,111184.9,111035.8,111173.7,70658707.24509972
2025-10-24 07:44:59.849000+00:00,2025-10-24 07:30:00+00:00,continuous,111173.7,111221.7,110843.0,110893.1,146534788.6873001
2025-10-24 07:59:59.973000+00:00,2025-10-24 07:45:00+00:00,continuous,110893.1,111100.1,110723.9,111013.7,243749257.0786
2025-10-24 08:14:59.857000+00:00,2025-10-24 08:00:00+00:00,continuous,111013.7,111193.8,110759.0,111052.4,181323934.11240023
2025-10-24 08:29:59.717000+00:00,2025-10-24 08:15:00+00:00,continuous,111052.3,111052.4,110758.9,110771.1,82371048.40400009
2025-10-24 08:44:59.614000+00:00,2025-10-24 08:30:00+00:00,continuous,110771.1,111072.9,110648.4,111056.3,123690293.45410018
2025-10-24 08:59:59.977000+00:00,2025-10-24 08:45:00+00:00,continuous,111056.2,111188.5,111004.3,111045.8,113998002.32609995
2025-10-24 09:14:59.883000+00:00,2025-10-24 09:00:00+00:00,continuous,111045.9,111340.9,110946.1,111294.0,139480679.86140034
2025-10-24 09:29:59.944000+00:00,2025-10-24 09:15:00+00:00,continuous,111294.3,111400.0,111234.9,111389.1,66241315.06800007
2025-10-24 09:44:59.815000+00:00,2025-10-24 09:30:00+00:00,continuous,111389.1,111400.0,111160.7,111343.6,75887263.27449943
2025-10-24 09:59:59.977000+00:00,2025-10-24 09:45:00+00:00,continuous,111343.7,111438.3,111200.0,111280.0,73277250.2291
2025-10-24 10:14:59.893000+00:00,2025-10-24 10:00:00+00:00,continuous,111280.1,111280.1,111134.3,111225.0,51019487.35350017
2025-10-24 10:29:59.998000+00:00,2025-10-24 10:15:00+00:00,continuous,111225.1,111230.9,111000.0,111034.7,82818197.34829995
2025-10-24 10:44:59.462000+00:00,2025-10-24 10:30:00+00:00,continuous,111034.9,111220.4,111034.9,111126.1,138475320.6918999
2025-10-24 10:59:59.979000+00:00,2025-10-24 10:45:00+00:00,continuous,111126.1,111163.8,111033.2,111063.4,38586624.816700004
2025-10-24 11:14:58.765000+00:00,2025-10-24 11:00:00+00:00,continuous,111063.5,111229.9,111007.0,111190.2,56168146.80770008
2025-10-24 11:29:59.548000+00:00,2025-10-24 11:15:00+00:00,continuous,111190.2,111222.6,111030.4,111072.6,37510254.12199975
2025-10-24 11:44:59.891000+00:00,2025-10-24 11:30:00+00:00,continuous,111072.5,111072.6,110496.5,110940.7,314530087.06330013
2025-10-24 11:59:59.208000+00:00,2025-10-24 11:45:00+00:00,continuous,110940.7,111078.4,110834.1,111006.7,109560519.40889998
2025-10-24 12:14:59.322000+00:00,2025-10-24 12:00:00+00:00,continuous,111006.7,111245.2,111006.7,111126.8,109318272.67100072
2025-10-24 12:29:59.855000+00:00,2025-10-24 12:15:00+00:00,continuous,111126.7,111133.5,110808.4,110947.2,209771101.29349986
2025-10-24 12:44:59.996000+00:00,2025-10-24 12:30:00+00:00,continuous,110947.2,112086.0,110836.3,111501.3,1068054532.3000847
2025-10-24 12:59:59.981000+00:00,2025-10-24 12:45:00+00:00,continuous,111501.4,111524.9,111101.2,111247.5,195295994.79000068
2025-10-24 13:14:59.921000+00:00,2025-10-24 13:00:00+00:00,continuous,111247.5,111386.4,111097.2,111135.2,127792254.98329937
2025-10-24 13:29:59.777000+00:00,2025-10-24 13:15:00+00:00,continuous,111135.2,111343.7,111079.6,111175.2,103431096.24039985
2025-10-24 13:44:59.913000+00:00,2025-10-24 13:30:00+00:00,continuous,111175.2,111254.0,110600.0,110617.0,407501670.8382001
2025-10-24 13:59:59.976000+00:00,2025-10-24 13:45:00+00:00,continuous,110617.1,110917.3,110316.0,110884.6,387852412.1753958
2025-10-24 14:14:59.865000+00:00,2025-10-24 14:00:00+00:00,continuous,110884.5,110884.5,110127.9,110532.4,307947829.03920156
2025-10-24 14:29:59.706000+00:00,2025-10-24 14:15:00+00:00,continuous,110532.4,110532.4,109650.0,109967.4,611910643.5903012
2025-10-24 14:44:59.961000+00:00,2025-10-24 14:30:00+00:00,continuous,109967.3,110159.5,109703.1,110018.4,287359737.4372986
2025-10-24 14:59:59.897000+00:00,2025-10-24 14:45:00+00:00,continuous,110018.3,110185.4,109833.6,110177.7,388462194.7058032
2025-10-24 15:14:59.903000+00:00,2025-10-24 15:00:00+00:00,continuous,110177.8,110616.9,109978.6,110404.4,219221956.12759915
2025-10-24 15:29:59.893000+00:00,2025-10-24 15:15:00+00:00,continuous,110404.4,110589.9,110262.6,110541.0,137714973.32900026
2025-10-24 15:44:59.917000+00:00,2025-10-24 15:30:00+00:00,continuous,110541.0,110579.5,110029.3,110099.6,141531485.8265996
2025-10-24 15:59:59.934000+00:00,2025-10-24 15:45:00+00:00,continuous,110099.7,110180.0,109832.1,110009.8,154622825.41330048
2025-10-24 16:14:59.974000+00:00,2025-10-24 16:00:00+00:00,continuous,110009.9,110092.1,109752.8,109985.1,132943243.88019963
2025-10-24 16:29:59.943000+00:00,2025-10-24 16:15:00+00:00,continuous,109985.2,110346.4,109985.1,110312.3,108422995.15460016
2025-10-24 16:44:59.948000+00:00,2025-10-24 16:30:00+00:00,continuous,110312.2,110319.2,109866.6,109954.8,85142056.63480002
2025-10-24 16:59:59.742000+00:00,2025-10-24 16:45:00+00:00,continuous,109954.9,110268.7,109906.8,110222.3,56458766.30289987
2025-10-24 17:14:59.422000+00:00,2025-10-24 17:00:00+00:00,continuous,110222.3,110418.6,110138.6,110193.2,76463370.1947003
2025-10-24 17:29:59.863000+00:00,2025-10-24 17:15:00+00:00,continuous,110193.1,110538.0,110143.0,110449.9,88443385.8211999
2025-10-24 17:44:59.865000+00:00,2025-10-24 17:30:00+00:00,continuous,110450.0,110458.6,110271.5,110308.1,40077788.92770011
2025-10-24 17:59:59.945000+00:00,2025-10-24 17:45:00+00:00,continuous,110308.2,110400.0,110170.6,110173.7,51049688.3106999
2025-10-24 18:14:59.361000+00:00,2025-10-24 18:00:00+00:00,continuous,110173.7,110463.0,110104.5,110443.4,67402299.99410024
2025-10-24 18:29:59.846000+00:00,2025-10-24 18:15:00+00:00,continuous,110443.4,110600.0,110425.0,110467.6,58022487.790600084
2025-10-24 18:44:59.971000+00:00,2025-10-24 18:30:00+00:00,continuous,110467.7,110550.0,110362.8,110550.0,37261134.07939996
2025-10-24 18:59:59.574000+00:00,2025-10-24 18:45:00+00:00,continuous,110550.0,110592.1,110441.4,110557.4,42416021.87600009
2025-10-24 19:14:59.826000+00:00,2025-10-24 19:00:00+00:00,continuous,110557.5,110841.0,110556.4,110670.7,121035052.94400007
2025-10-24 19:29:59.686000+00:00,2025-10-24 19:15:00+00:00,continuous,110670.6,110907.1,110670.6,110897.9,99621036.49799995
2025-10-24 19:44:59.031000+00:00,2025-10-24 19:30:00+00:00,continuous,110898.0,110898.0,110582.5,110695.8,67610075.49699974
2025-10-24 19:59:59.977000+00:00,2025-10-24 19:45:00+00:00,continuous,110695.9,110709.3,110473.3,110571.3,70173030.09810017
2025-10-24 20:14:59.170000+00:00,2025-10-24 20:00:00+00:00,continuous,110571.4,110625.7,110431.0,110612.0,60341588.56650015
2025-10-24 20:29:59.828000+00:00,2025-10-24 20:15:00+00:00,continuous,110612.1,110746.6,110600.0,110687.5,31898561.31769994
2025-10-24 20:44:59.735000+00:00,2025-10-24 20:30:00+00:00,continuous,110687.5,110745.0,110612.1,110745.0,29094137.991699982
2025-10-24 20:59:58.868000+00:00,2025-10-24 20:45:00+00:00,continuous,110745.0,110989.3,110709.0,110853.0,77254537.39349996
2025-10-24 21:14:58.934000+00:00,2025-10-24 21:00:00+00:00,continuous,110853.0,110985.1,110530.0,110590.9,172086515.35280028
2025-10-24 21:29:59.423000+00:00,2025-10-24 21:15:00+00:00,continuous,110590.9,111068.8,110590.8,110832.2,156268481.1660999
2025-10-24 21:44:59.695000+00:00,2025-10-24 21:30:00+00:00,continuous,110832.2,110964.0,110787.6,110963.9,36196216.194199994
2025-10-24 21:59:59.848000+00:00,2025-10-24 21:45:00+00:00,continuous,110963.9,111063.9,110901.0,111029.1,66862909.12359987
2025-10-24 22:14:59.956000+00:00,2025-10-24 22:00:00+00:00,continuous,111029.1,111038.8,110869.6,110899.6,48216661.87849993
2025-10-24 22:29:59.961000+00:00,2025-10-24 22:15:00+00:00,continuous,110899.7,111013.5,110899.6,111012.4,29106714.21180011
2025-10-24 22:44:59.956000+00:00,2025-10-24 22:30:00+00:00,continuous,111012.5,111088.0,110935.7,110976.3,38474989.86160021
2025-10-24 22:59:59.903000+00:00,2025-10-24 22:45:00+00:00,continuous,110976.3,111004.7,110902.6,110964.3,41204088.622400135
2025-10-24 23:14:59.957000+00:00,2025-10-24 23:00:00+00:00,continuous,110964.3,110964.3,110840.3,110842.1,26724809.32819992
2025-10-24 23:29:59.642000+00:00,2025-10-24 23:15:00+00:00,continuous,110842.0,111028.3,110823.9,110988.8,32709770.964499928
2025-10-24 23:44:59.792000+00:00,2025-10-24 23:30:00+00:00,continuous,110988.8,111084.6,110895.1,110915.1,29983232.148300033
2025-10-24 23:59:59.608000+00:00,2025-10-24 23:45:00+00:00,continuous,110915.0,110965.4,110894.3,110965.4,16769430.340999963
2025-10-25 00:14:59.844000+00:00,2025-10-25 00:00:00+00:00,continuous,110965.4,111000.0,110812.0,110815.5,49733580.40709962
2025-10-25 00:29:59.385000+00:00,2025-10-25 00:15:00+00:00,continuous,110815.4,110842.3,110751.0,110804.1,36307710.84149985
2025-10-25 00:44:59.127000+00:00,2025-10-25 00:30:00+00:00,continuous,110804.1,110804.2,110655.0,110750.1,57187627.54630011
2025-10-25 00:59:59.332000+00:00,2025-10-25 00:45:00+00:00,continuous,110750.0,110915.5,110600.5,110720.7,79065528.65049957
2025-10-25 01:14:59.843000+00:00,2025-10-25 01:00:00+00:00,continuous,110720.7,110852.2,110700.0,110851.8,32391009.053300045
2025-10-25 01:29:59.760000+00:00,2025-10-25 01:15:00+00:00,continuous,110851.8,111107.1,110813.1,111059.3,63158486.206799984
2025-10-25 01:44:59.904000+00:00,2025-10-25 01:30:00+00:00,continuous,111059.4,111187.5,110883.0,110903.3,86724900.24749984
2025-10-25 01:59:59.550000+00:00,2025-10-25 01:45:00+00:00,continuous,110903.2,111033.2,110903.2,111026.7,22351316.43910013
2025-10-25 02:14:59.872000+00:00,2025-10-25 02:00:00+00:00,continuous,111026.7,111055.0,110902.0,110930.0,26852768.681800038
2025-10-25 02:29:59.634000+00:00,2025-10-25 02:15:00+00:00,continuous,110929.9,110969.5,110917.8,110955.0,16173293.244799973
2025-10-25 02:44:59.124000+00:00,2025-10-25 02:30:00+00:00,continuous,110955.1,110983.3,110923.2,110949.2,16711486.924500007
2025-10-25 02:59:59.083000+00:00,2025-10-25 02:45:00+00:00,continuous,110949.2,111081.4,110929.4,110976.4,38550275.05829985
2025-10-25 03:14:59.110000+00:00,2025-10-25 03:00:00+00:00,continuous,110976.5,111067.1,110958.2,111002.5,37480580.39030006
2025-10-25 03:29:59.476000+00:00,2025-10-25 03:15:00+00:00,continuous,111002.5,111083.1,110990.0,111028.7,39978723.431099825
2025-10-25 03:44:59.896000+00:00,2025-10-25 03:30:00+00:00,continuous,111028.7,111060.6,110983.1,111034.4,31895185.579999954
2025-10-25 03:59:59.961000+00:00,2025-10-25 03:45:00+00:00,continuous,111034.3,111034.4,110935.8,110962.3,26530268.67829999
2025-10-25 04:14:59.938000+00:00,2025-10-25 04:00:00+00:00,continuous,110962.3,111153.4,110962.3,111140.6,51310828.363700114
2025-10-25 04:29:59.982000+00:00,2025-10-25 04:15:00+00:00,continuous,111140.6,111487.6,111122.6,111241.6,173071175.33919865
2025-10-25 04:44:59.801000+00:00,2025-10-25 04:30:00+00:00,continuous,111241.7,111318.6,111179.2,111226.3,49466604.45420014
2025-10-25 04:59:59.715000+00:00,2025-10-25 04:45:00+00:00,continuous,111226.4,111260.0,111160.7,111163.3,35057100.78579995
2025-10-25 05:14:58.677000+00:00,2025-10-25 05:00:00+00:00,continuous,111163.3,111193.4,111041.0,111089.1,50168313.24250009
2025-10-25 05:29:59.653000+00:00,2025-10-25 05:15:00+00:00,continuous,111089.1,111172.6,111030.4,111123.3,30254026.037700087
2025-10-25 05:44:59.797000+00:00,2025-10-25 05:30:00+00:00,continuous,111123.3,111237.9,111123.2,111229.1,26424311.589099992
2025-10-25 05:59:59.061000+00:00,2025-10-25 05:45:00+00:00,continuous,111229.2,111397.3,111227.0,111334.7,65024146.21970024
2025-10-25 06:14:59.904000+00:00,2025-10-25 06:00:00+00:00,continuous,111334.8,111447.6,111272.2,111358.7,64498565.49280005
2025-10-25 06:29:59.653000+00:00,2025-10-25 06:15:00+00:00,continuous,111358.6,111363.6,111246.8,111263.8,31443648.51179985
2025-10-25 06:44:58.902000+00:00,2025-10-25 06:30:00+00:00,continuous,111263.7,111312.3,111200.0,111312.3,41588341.224699974
2025-10-25 06:59:59.823000+00:00,2025-10-25 06:45:00+00:00,continuous,111312.3,111386.0,111308.7,111308.7,26878971.554200012
2025-10-25 07:14:59.762000+00:00,2025-10-25 07:00:00+00:00,continuous,111308.8,111428.2,111308.7,111399.9,31824418.985399865
2025-10-25 07:29:59.817000+00:00,2025-10-25 07:15:00+00:00,continuous,111400.0,111671.5,111400.0,111588.0,167884179.42009884
2025-10-25 07:44:59.259000+00:00,2025-10-25 07:30:00+00:00,continuous,111587.9,111775.1,111423.8,111481.5,120615653.85319978
2025-10-25 07:59:59.021000+00:00,2025-10-25 07:45:00+00:00,continuous,111481.5,111494.3,111386.2,111445.4,65803940.10789984
2025-10-25 08:14:59.806000+00:00,2025-10-25 08:00:00+00:00,continuous,111445.5,111545.9,111430.0,111544.1,42587014.21299998
2025-10-25 08:29:59.893000+00:00,2025-10-25 08:15:00+00:00,continuous,111544.2,111663.6,111494.8,111607.1,70560398.40109996
2025-10-25 08:44:59.495000+00:00,2025-10-25 08:30:00+00:00,continuous,111607.1,111615.1,111484.1,111559.2,64507655.05290013
2025-10-25 08:59:59.888000+00:00,2025-10-25 08:45:00+00:00,continuous,111559.2,111767.0,111559.2,111716.0,76420546.14329962
2025-10-25 09:14:59.782000+00:00,2025-10-25 09:00:00+00:00,continuous,111716.0,111789.4,111637.5,111735.0,82162951.21289942
2025-10-25 09:29:59.867000+00:00,2025-10-25 09:15:00+00:00,continuous,111734.9,111734.9,111539.1,111625.6,65611856.73659986
2025-10-25 09:44:58.482000+00:00,2025-10-25 09:30:00+00:00,continuous,111625.6,111707.6,111566.1,111676.6,47043571.553000145
2025-10-25 09:59:59.241000+00:00,2025-10-25 09:45:00+00:00,continuous,111676.5,111682.8,111432.0,111471.0,103625776.39019993
2025-10-25 10:14:59.338000+00:00,2025-10-25 10:00:00+00:00,continuous,111470.9,111542.5,111328.0,111368.1,107654929.97479945
2025-10-25 10:29:59.770000+00:00,2025-10-25 10:15:00+00:00,continuous,111368.1,111550.0,111368.1,111454.8,49766773.76510008
2025-10-25 10:44:59.835000+00:00,2025-10-25 10:30:00+00:00,continuous,111454.8,111671.9,111408.8,111621.6,62251925.0644998
2025-10-25 10:59:59.952000+00:00,2025-10-25 10:45:00+00:00,continuous,111621.6,111680.0,111510.9,111515.4,41482644.83310014
2025-10-25 11:14:59.986000+00:00,2025-10-25 11:00:00+00:00,continuous,111515.3,111560.8,111432.0,111485.4,29623671.95320014
2025-10-25 11:29:59.588000+00:00,2025-10-25 11:15:00+00:00,continuous,111485.5,111590.0,111485.4,111589.9,21116549.015999846
2025-10-25 11:44:59.469000+00:00,2025-10-25 11:30:00+00:00,continuous,111590.0,111615.2,111516.6,111534.3,36199018.1743004
2025-10-25 11:59:59.901000+00:00,2025-10-25 11:45:00+00:00,continuous,111534.3,111626.5,111505.4,111522.7,28752421.104699943
2025-10-25 12:14:59.887000+00:00,2025-10-25 12:00:00+00:00,continuous,111522.6,111618.6,111478.3,111618.5,46464171.984900266
2025-10-25 12:29:59.797000+00:00,2025-10-25 12:15:00+00:00,continuous,111618.5,111668.0,111600.0,111664.6,49706982.21569987
2025-10-25 12:44:59.335000+00:00,2025-10-25 12:30:00+00:00,continuous,111664.6,111664.6,111600.0,111664.6,27316680.874900036
2025-10-25 12:59:59.994000+00:00,2025-10-25 12:45:00+00:00,continuous,111664.6,111903.9,111650.0,111871.5,189975679.6280997
2025-10-25 13:14:59.925000+00:00,2025-10-25 13:00:00+00:00,continuous,111871.4,111880.3,111682.0,111731.9,96284995.37040009
2025-10-25 13:29:59.919000+00:00,2025-10-25 13:15:00+00:00,continuous,111731.8,111816.5,111625.0,111727.2,63554943.557800315
2025-10-25 13:44:59.730000+00:00,2025-10-25 13:30:00+00:00,continuous,111727.3,111748.6,111512.3,111518.8,103468069.89319995
2025-10-25 13:59:59.668000+00:00,2025-10-25 13:45:00+00:00,continuous,111518.9,111638.0,111466.0,111626.9,45909209.072899915
2025-10-25 14:14:59.442000+00:00,2025-10-25 14:00:00+00:00,continuous,111626.8,111725.0,111626.8,111683.3,32404033.00749997
2025-10-25 14:29:59.990000+00:00,2025-10-25 14:15:00+00:00,continuous,111683.2,111686.5,111572.1,111572.1,54551368.054000005
2025-10-25 14:44:59.302000+00:00,2025-10-25 14:30:00+00:00,continuous,111572.1,111593.0,111450.0,111580.4,69756491.0669003
2025-10-25 14:59:59.692000+00:00,2025-10-25 14:45:00+00:00,continuous,111580.4,111580.5,111505.2,111546.6,31172020.0823
2025-10-25 15:14:59.996000+00:00,2025-10-25 15:00:00+00:00,continuous,111546.5,111546.6,111349.4,111374.0,112780254.18169996
2025-10-25 15:29:59.428000+00:00,2025-10-25 15:15:00+00:00,continuous,111374.1,111455.6,111374.1,111427.0,42101150.53239985
2025-10-25 15:44:59.361000+00:00,2025-10-25 15:30:00+00:00,continuous,111426.9,111496.0,111354.0,111454.3,48211249.263399854
2025-10-25 15:59:59.938000+00:00,2025-10-25 15:45:00+00:00,continuous,111454.2,111469.3,111255.2,111340.9,141340524.04940003
2025-10-25 16:14:59.999000+00:00,2025-10-25 16:00:00+00:00,continuous,111341.0,111395.4,111094.4,111195.8,318234082.25460243
2025-10-25 16:29:59.724000+00:00,2025-10-25 16:15:00+00:00,continuous,111195.9,111250.0,111170.4,111170.4,51467453.96150019
2025-10-25 16:44:59.942000+00:00,2025-10-25 16:30:00+00:00,continuous,111170.4,111240.0,111170.4,111225.9,23990432.84430013
2025-10-25 16:59:59.825000+00:00,2025-10-25 16:45:00+00:00,continuous,111225.9,111445.2,111225.8,111323.4,64579199.22749996
2025-10-25 17:14:59.788000+00:00,2025-10-25 17:00:00+00:00,continuous,111323.4,111420.0,111285.8,111372.7,25185894.885199886
2025-10-25 17:29:58.960000+00:00,2025-10-25 17:15:00+00:00,continuous,111372.7,111372.7,111275.1,111303.2,21509088.659299962
2025-10-25 17:44:59.066000+00:00,2025-10-25 17:30:00+00:00,continuous,111303.2,111311.5,111250.6,111278.7,19104156.95239983
2025-10-25 17:59:59.772000+00:00,2025-10-25 17:45:00+00:00,continuous,111278.7,111322.0,111230.6,111322.0,22833891.61830016
2025-10-25 18:14:59.402000+00:00,2025-10-25 18:00:00+00:00,continuous,111322.0,111396.3,111263.0,111387.4,26523262.500800055
2025-10-25 18:29:59.870000+00:00,2025-10-25 18:15:00+00:00,continuous,111387.4,111562.2,111354.4,111558.5,35541650.3151002
2025-10-25 18:44:59.999000+00:00,2025-10-25 18:30:00+00:00,continuous,111558.6,111682.2,111537.8,111619.9,66160668.218300246
2025-10-25 18:59:59.813000+00:00,2025-10-25 18:45:00+00:00,continuous,111619.9,111686.0,111540.0,111668.2,52841607.66190006
2025-10-25 19:14:58.989000+00:00,2025-10-25 19:00:00+00:00,continuous,111668.1,111668.1,111544.6,111547.5,38867699.99039982
2025-10-25 19:29:59.874000+00:00,2025-10-25 19:15:00+00:00,continuous,111547.5,111616.0,111547.5,111586.6,17944871.09480009
2025-10-25 19:44:59.947000+00:00,2025-10-25 19:30:00+00:00,continuous,111586.5,111684.3,111551.0,111587.3,34751802.73869988
2025-10-25 19:59:59.424000+00:00,2025-10-25 19:45:00+00:00,continuous,111587.3,111591.1,111519.9,111574.9,19382065.759299994
2025-10-25 20:14:59.937000+00:00,2025-10-25 20:00:00+00:00,continuous,111574.9,111607.9,111539.7,111539.7,17664928.07220004
2025-10-25 20:29:59.989000+00:00,2025-10-25 20:15:00+00:00,continuous,111539.7,111539.8,111475.0,111491.5,18350191.54590007
2025-10-25 20:44:59.682000+00:00,2025-10-25 20:30:00+00:00,continuous,111491.6,111491.6,111315.4,111424.8,54080496.72379975
2025-10-25 20:59:59.988000+00:00,2025-10-25 20:45:00+00:00,continuous,111424.9,111472.9,111315.2,111385.2,32164075.82850001
2025-10-25 21:14:59.843000+00:00,2025-10-25 21:00:00+00:00,continuous,111385.1,111416.5,111336.8,111413.5,24596261.403700016
2025-10-25 21:29:59.849000+00:00,2025-10-25 21:15:00+00:00,continuous,111413.4,111413.5,111316.3,111357.8,20044437.059800066
2025-10-25 21:44:58.937000+00:00,2025-10-25 21:30:00+00:00,continuous,111357.7,111364.4,111292.5,111309.5,25287494.637799926
2025-10-25 21:59:59.890000+00:00,2025-10-25 21:45:00+00:00,continuous,111309.6,111433.4,111291.0,111430.0,16347418.158399964
2025-10-25 22:14:59.633000+00:00,2025-10-25 22:00:00+00:00,continuous,111430.0,111430.0,111364.6,111368.4,21317690.111600004
2025-10-25 22:29:59.282000+00:00,2025-10-25 22:15:00+00:00,continuous,111368.4,111466.1,111360.0,111454.1,23913309.149299942
2025-10-25 22:44:59.975000+00:00,2025-10-25 22:30:00+00:00,continuous,111454.1,111572.6,111454.0,111555.6,28874106.925600108
2025-10-25 22:59:59.423000+00:00,2025-10-25 22:45:00+00:00,continuous,111555.6,111640.1,111544.0,111567.2,28649539.471499965
2025-10-25 23:14:59.463000+00:00,2025-10-25 23:00:00+00:00,continuous,111567.3,111623.6,111485.0,111596.2,34951464.013599984
2025-10-25 23:29:59.950000+00:00,2025-10-25 23:15:00+00:00,continuous,111596.2,111606.1,111509.0,111581.7,26693024.118800234
2025-10-25 23:44:59.089000+00:00,2025-10-25 23:30:00+00:00,continuous,111581.6,111581.6,111471.6,111503.8,19024224.634799913
2025-10-25 23:59:59.511000+00:00,2025-10-25 23:45:00+00:00,continuous,111503.9,111619.0,111475.2,111589.4,35257628.358600035
2025-10-26 00:14:59.695000+00:00,2025-10-26 00:00:00+00:00,continuous,111589.4,111589.5,111479.3,111526.4,35255172.85080003
2025-10-26 00:29:59.802000+00:00,2025-10-26 00:15:00+00:00,continuous,111526.4,111737.1,111523.3,111695.3,59472687.152599856
2025-10-26 00:44:59.707000+00:00,2025-10-26 00:30:00+00:00,continuous,111695.3,111838.5,111685.5,111794.3,80896353.08019993
2025-10-26 00:59:59.930000+00:00,2025-10-26 00:45:00+00:00,continuous,111794.2,111866.7,111625.0,111654.4,79964174.51649967
2025-10-26 01:14:59.061000+00:00,2025-10-26 01:00:00+00:00,continuous,111654.4,111799.0,111627.2,111747.6,48207111.09889971
2025-10-26 01:29:59.707000+00:00,2025-10-26 01:15:00+00:00,continuous,111747.6,111760.1,111635.8,111660.0,29702653.494500324
2025-10-26 01:44:59.838000+00:00,2025-10-26 01:30:00+00:00,continuous,111659.9,111733.2,111632.1,111693.7,24379219.072799847
2025-10-26 01:59:59.873000+00:00,2025-10-26 01:45:00+00:00,continuous,111693.7,111743.2,111455.9,111589.6,53869721.88680023
2025-10-26 02:14:59.358000+00:00,2025-10-26 02:00:00+00:00,continuous,111589.5,111589.6,111405.5,111504.7,47053953.7798003
2025-10-26 02:29:59.616000+00:00,2025-10-26 02:15:00+00:00,continuous,111504.7,111615.0,111488.8,111615.0,21628213.992999867
2025-10-26 02:44:59.607000+00:00,2025-10-26 02:30:00+00:00,continuous,111614.9,111636.3,111501.0,111538.8,42744851.32139993
2025-10-26 02:59:59.357000+00:00,2025-10-26 02:45:00+00:00,continuous,111538.8,111568.1,111353.2,111404.6,50813306.690899715
2025-10-26 03:14:59.710000+00:00,2025-10-26 03:00:00+00:00,continuous,111404.6,111417.3,111316.0,111410.1,41896066.32419981
2025-10-26 03:29:58.187000+00:00,2025-10-26 03:15:00+00:00,continuous,111410.1,111454.5,111385.0,111447.8,34062910.16640005
2025-10-26 03:44:59.781000+00:00,2025-10-26 03:30:00+00:00,continuous,111447.7,111448.0,111215.6,111222.6,56251716.516400166
2025-10-26 03:59:59.616000+00:00,2025-10-26 03:45:00+00:00,continuous,111222.7,111275.8,111200.0,111210.1,56260795.36580004
2025-10-26 04:14:59.527000+00:00,2025-10-26 04:00:00+00:00,continuous,111210.1,111319.2,111200.2,111319.2,32558075.920100003
2025-10-26 04:29:58.738000+00:00,2025-10-26 04:15:00+00:00,continuous,111319.1,111358.2,111250.0,111349.0,21383344.77960001
2025-10-26 04:44:59.923000+00:00,2025-10-26 04:30:00+00:00,continuous,111349.0,111407.2,111346.6,111372.5,18321980.659799922
2025-10-26 04:59:59.697000+00:00,2025-10-26 04:45:00+00:00,continuous,111372.5,111434.8,111372.4,111378.4,23383872.142699968
2025-10-26 05:14:59.836000+00:00,2025-10-26 05:00:00+00:00,continuous,111378.4,111437.5,111300.0,111437.5,33963487.70509995
2025-10-26 05:29:59.780000+00:00,2025-10-26 05:15:00+00:00,continuous,111437.5,111465.0,111414.9,111446.6,21694603.252599947
2025-10-26 05:44:59.866000+00:00,2025-10-26 05:30:00+00:00,continuous,111446.6,111584.7,111433.0,111578.4,48869278.18450009
2025-10-26 05:59:59.755000+00:00,2025-10-26 05:45:00+00:00,continuous,111578.5,111600.0,111542.2,111554.3,22071188.36920007
2025-10-26 06:14:59.786000+00:00,2025-10-26 06:00:00+00:00,continuous,111554.4,111554.4,111499.5,111518.7,20139805.040199783
2025-10-26 06:29:56.778000+00:00,2025-10-26 06:15:00+00:00,continuous,111518.7,111575.2,111485.0,111575.1,14077254.112799766
2025-10-26 06:44:59.549000+00:00,2025-10-26 06:30:00+00:00,continuous,111575.1,111630.6,111513.0,111562.4,24478000.375100337
2025-10-26 06:59:59.241000+00:00,2025-10-26 06:45:00+00:00,continuous,111562.3,111597.5,111527.6,111574.3,16022916.88720009
2025-10-26 07:14:59.390000+00:00,2025-10-26 07:00:00+00:00,continuous,111574.4,111655.0,111557.7,111621.1,27196069.499699898
2025-10-26 07:29:59.584000+00:00,2025-10-26 07:15:00+00:00,continuous,111621.0,111645.0,111587.1,111594.0,16072935.387399921
2025-10-26 07:44:58.870000+00:00,2025-10-26 07:30:00+00:00,continuous,111594.0,111651.4,111594.0,111614.7,22453429.61440014
2025-10-26 07:59:59.846000+00:00,2025-10-26 07:45:00+00:00,continuous,111614.7,111677.9,111614.7,111672.8,28596125.80789983
2025-10-26 08:14:59.313000+00:00,2025-10-26 08:00:00+00:00,continuous,111672.9,111792.9,111672.8,111752.9,49452499.22839983
2025-10-26 08:29:59.322000+00:00,2025-10-26 08:15:00+00:00,continuous,111752.9,111753.0,111683.0,111747.7,34847563.52879989
2025-10-26 08:44:59.845000+00:00,2025-10-26 08:30:00+00:00,continuous,111747.6,111795.9,111706.8,111788.9,41781919.441499986
2025-10-26 08:59:59.929000+00:00,2025-10-26 08:45:00+00:00,continuous,111788.9,111797.0,111712.8,111716.2,37905416.52020019
2025-10-26 09:14:59.909000+00:00,2025-10-26 09:00:00+00:00,continuous,111716.2,111729.8,111650.3,111650.5,47795291.97100006
2025-10-26 09:29:59.972000+00:00,2025-10-26 09:15:00+00:00,continuous,111650.4,112762.8,111650.4,112630.8,724728861.7405937
2025-10-26 09:44:59.747000+00:00,2025-10-26 09:30:00+00:00,continuous,112630.7,112765.3,112150.1,112277.8,391529876.4213046
2025-10-26 09:59:59.920000+00:00,2025-10-26 09:45:00+00:00,continuous,112277.7,112532.3,112170.0,112477.9,182736747.62960124
2025-10-26 10:14:59.971000+00:00,2025-10-26 10:00:00+00:00,continuous,112478.0,112523.7,112256.2,112335.1,92506487.5664002
2025-10-26 10:29:59.894000+00:00,2025-10-26 10:15:00+00:00,continuous,112335.0,112362.7,112244.4,112280.0,68797840.46409978
2025-10-26 10:44:59.918000+00:00,2025-10-26 10:30:00+00:00,continuous,112280.1,112398.0,112130.0,112365.3,101839528.91209982
2025-10-26 10:59:59.630000+00:00,2025-10-26 10:45:00+00:00,continuous,112365.4,112456.1,112345.0,112425.2,66353478.254099675
2025-10-26 11:14:59.885000+00:00,2025-10-26 11:00:00+00:00,continuous,112425.2,112524.3,112368.8,112439.5,86723645.04550005
2025-10-26 11:29:59.917000+00:00,2025-10-26 11:15:00+00:00,continuous,112439.5,112697.9,112439.4,112649.5,131426294.74079981
2025-10-26 11:44:59.967000+00:00,2025-10-26 11:30:00+00:00,continuous,112649.6,113355.6,112622.5,113273.5,478931534.49310154
2025-10-26 11:59:59.946000+00:00,2025-10-26 11:45:00+00:00,continuous,113273.5,113442.5,112973.8,113235.2,356727360.5856012
2025-10-26 12:14:59.920000+00:00,2025-10-26 12:00:00+00:00,continuous,113235.1,113800.0,113221.5,113695.6,541979383.1419977
2025-10-26 12:29:59.902000+00:00,2025-10-26 12:15:00+00:00,continuous,113695.7,113786.9,113468.3,113596.9,224584379.62689817
2025-10-26 12:44:59.979000+00:00,2025-10-26 12:30:00+00:00,continuous,113596.8,113697.9,113430.7,113451.2,184161212.18709865
2025-10-26 12:59:59.909000+00:00,2025-10-26 12:45:00+00:00,continuous,113451.2,113726.7,113451.2,113530.7,161833474.70990083
2025-10-26 13:14:59.989000+00:00,2025-10-26 13:00:00+00:00,continuous,113530.7,113620.9,113320.7,113352.3,267752728.85840237
2025-10-26 13:29:59.974000+00:00,2025-10-26 13:15:00+00:00,continuous,113352.2,113650.0,113224.4,113586.5,152610275.97690108
2025-10-26 13:44:59.989000+00:00,2025-10-26 13:30:00+00:00,continuous,113586.6,114000.0,113480.6,113796.2,243147732.55920067
2025-10-26 13:59:59.863000+00:00,2025-10-26 13:45:00+00:00,continuous,113796.3,113961.7,113540.0,113669.4,337191799.95879954
2025-10-26 14:14:59.717000+00:00,2025-10-26 14:00:00+00:00,continuous,113669.4,113773.3,113570.1,113753.0,111865176.75930026
2025-10-26 14:29:59.866000+00:00,2025-10-26 14:15:00+00:00,continuous,113753.0,113850.0,113594.3,113643.9,193707868.71070114
2025-10-26 14:44:59.892000+00:00,2025-10-26 14:30:00+00:00,continuous,113644.0,113848.0,113574.7,113812.9,149137731.68409976
2025-10-26 14:59:59.577000+00:00,2025-10-26 14:45:00+00:00,continuous,113812.8,113812.9,113450.7,113515.2,160917302.23049942
2025-10-26 15:14:59.926000+00:00,2025-10-26 15:00:00+00:00,continuous,113515.3,113563.3,113400.0,113484.8,102503691.10850023
2025-10-26 15:29:59.775000+00:00,2025-10-26 15:15:00+00:00,continuous,113484.8,113560.0,113378.3,113470.8,78522008.03150013
2025-10-26 15:44:59.946000+00:00,2025-10-26 15:30:00+00:00,continuous,113470.8,113536.4,113406.1,113445.1,64269759.96339982
2025-10-26 15:59:59.944000+00:00,2025-10-26 15:45:00+00:00,continuous,113445.2,113700.0,113426.6,113648.1,84918655.32370022
2025-10-26 16:14:59.713000+00:00,2025-10-26 16:00:00+00:00,continuous,113648.0,113699.9,113390.7,113407.3,121574920.30809937
2025-10-26 16:29:59.762000+00:00,2025-10-26 16:15:00+00:00,continuous,113407.2,113420.0,113231.2,113362.2,139996807.2838003
2025-10-26 16:44:59.499000+00:00,2025-10-26 16:30:00+00:00,continuous,113362.2,113599.9,113273.6,113596.3,76898216.11320026
2025-10-26 16:59:59.899000+00:00,2025-10-26 16:45:00+00:00,continuous,113596.3,113730.7,113455.1,113463.3,119868205.50479983
2025-10-26 17:14:59.921000+00:00,2025-10-26 17:00:00+00:00,continuous,113463.3,113720.7,113410.0,113634.3,79515089.66459997
2025-10-26 17:29:59.378000+00:00,2025-10-26 17:15:00+00:00,continuous,113634.3,113671.1,113571.2,113599.2,35007789.08989999
2025-10-26 17:44:59.974000+00:00,2025-10-26 17:30:00+00:00,continuous,113599.1,113621.2,113500.0,113506.0,21327111.604600165
2025-10-26 17:59:59.915000+00:00,2025-10-26 17:45:00+00:00,continuous,113506.1,113577.8,113389.5,113397.1,58633344.91229963
2025-10-26 18:14:59.892000+00:00,2025-10-26 18:00:00+00:00,continuous,113397.1,113537.0,113397.1,113528.7,32872106.075600117
2025-10-26 18:29:59.913000+00:00,2025-10-26 18:15:00+00:00,continuous,113528.6,113564.2,113424.1,113456.4,38623727.81639994
2025-10-26 18:44:59.631000+00:00,2025-10-26 18:30:00+00:00,continuous,113456.4,113774.5,113456.4,113645.2,97646140.65860093
2025-10-26 18:59:59.897000+00:00,2025-10-26 18:45:00+00:00,continuous,113645.1,113707.0,113524.8,113540.8,41062286.37260023
2025-10-26 19:14:59.740000+00:00,2025-10-26 19:00:00+00:00,continuous,113540.8,113556.0,113456.6,113507.0,30428666.282899972
2025-10-26 19:29:59.757000+00:00,2025-10-26 19:15:00+00:00,continuous,113507.0,113681.3,113456.8,113650.0,44380244.195799865
2025-10-26 19:44:59.430000+00:00,2025-10-26 19:30:00+00:00,continuous,113650.0,113660.0,113555.0,113562.9,35116887.67079992
2025-10-26 19:59:59.767000+00:00,2025-10-26 19:45:00+00:00,continuous,113562.9,113574.5,113508.7,113546.3,28571287.292399768
2025-10-26 20:14:59.720000+00:00,2025-10-26 20:00:00+00:00,continuous,113546.2,113546.2,113464.2,113495.3,21711715.993499972
2025-10-26 20:29:59.984000+00:00,2025-10-26 20:15:00+00:00,continuous,113495.4,113509.4,113316.9,113316.9,46308062.287600175
2025-10-26 20:44:59.922000+00:00,2025-10-26 20:30:00+00:00,continuous,113316.9,113445.5,113316.9,113441.3,28655771.79259997
2025-10-26 20:59:59.612000+00:00,2025-10-26 20:45:00+00:00,continuous,113441.3,113441.3,113244.2,113267.8,35561716.153800055
2025-10-26 21:14:59.502000+00:00,2025-10-26 21:00:00+00:00,continuous,113267.9,113425.0,113267.9,113362.2,34682464.60780004
2025-10-26 21:29:59.719000+00:00,2025-10-26 21:15:00+00:00,continuous,113362.2,113362.2,112800.0,113023.5,184968320.23850083
2025-10-26 21:44:59.954000+00:00,2025-10-26 21:30:00+00:00,continuous,113023.6,113473.8,112928.6,113410.7,158268248.4382997
2025-10-26 21:59:59.645000+00:00,2025-10-26 21:45:00+00:00,continuous,113410.7,113550.0,113326.0,113457.5,60781708.53190026
2025-10-26 22:14:59.919000+00:00,2025-10-26 22:00:00+00:00,continuous,113457.5,115521.7,113457.5,114576.3,1340924375.7036955
2025-10-26 22:29:59.964000+00:00,2025-10-26 22:15:00+00:00,continuous,114576.4,114651.4,114191.0,114344.1,199235229.00019884
2025-10-26 22:44:59.832000+00:00,2025-10-26 22:30:00+00:00,continuous,114344.1,114534.7,114258.3,114492.7,124313079.24830012
2025-10-26 22:59:59.923000+00:00,2025-10-26 22:45:00+00:00,continuous,114492.6,114749.4,114492.6,114631.8,132457500.72880043
2025-10-26 23:14:59.892000+00:00,2025-10-26 23:00:00+00:00,continuous,114631.7,114923.3,114347.9,114423.0,256357156.92980048
2025-10-26 23:29:59.822000+00:00,2025-10-26 23:15:00+00:00,continuous,114422.9,114532.1,114321.0,114334.4,88913295.6618999
2025-10-26 23:44:59.899000+00:00,2025-10-26 23:30:00+00:00,continuous,114334.4,114666.9,114325.2,114578.7,115383402.9243998
2025-10-26 23:59:59.990000+00:00,2025-10-26 23:45:00+00:00,continuous,114578.6,114676.8,114351.0,114497.8,88858480.31370035
2025-10-27 00:14:59.865000+00:00,2025-10-27 00:00:00+00:00,continuous,114497.9,114859.4,114300.0,114820.0,209566330.9265997
2025-10-27 00:29:59.636000+00:00,2025-10-27 00:15:00+00:00,continuous,114820.0,114925.4,114698.0,114817.6,171788537.8494005
2025-10-27 00:44:59.695000+00:00,2025-10-27 00:30:00+00:00,continuous,114817.5,115129.1,114727.2,114836.7,201010075.81160003
2025-10-27 00:59:59.569000+00:00,2025-10-27 00:45:00+00:00,continuous,114836.8,114849.9,114600.0,114705.0,95296701.47900003
2025-10-27 01:14:59.794000+00:00,2025-10-27 01:00:00+00:00,continuous,114705.0,114966.5,114650.0,114947.0,78456310.0483
2025-10-27 01:29:59.974000+00:00,2025-10-27 01:15:00+00:00,continuous,114947.0,115200.0,114827.9,115097.0,144112995.45310003
2025-10-27 01:44:59.866000+00:00,2025-10-27 01:30:00+00:00,continuous,115097.0,115340.1,115000.0,115164.4,139626457.33499953
2025-10-27 01:59:59.934000+00:00,2025-10-27 01:45:00+00:00,continuous,115164.4,115343.1,115154.1,115217.8,89166194.61960024
2025-10-27 02:14:59.724000+00:00,2025-10-27 02:00:00+00:00,continuous,115217.7,115407.7,115209.0,115225.3,152559731.33669955
2025-10-27 02:29:59.943000+00:00,2025-10-27 02:15:00+00:00,continuous,115225.4,115239.3,114907.1,114917.2,183841880.06450057
2025-10-27 02:44:59.657000+00:00,2025-10-27 02:30:00+00:00,continuous,114917.2,115018.0,114770.1,114984.9,190471757.90909958
2025-10-27 02:59:59.990000+00:00,2025-10-27 02:45:00+00:00,continuous,114984.9,115019.7,114769.3,114831.1,108673507.73600039
2025-10-27 03:14:59.717000+00:00,2025-10-27 03:00:00+00:00,continuous,114831.0,115097.3,114781.1,115043.8,87127823.68009987
2025-10-27 03:29:59.982000+00:00,2025-10-27 03:15:00+00:00,continuous,115043.8,115222.6,114880.0,114880.0,98295661.77549952
2025-10-27 03:44:59.764000+00:00,2025-10-27 03:30:00+00:00,continuous,114880.1,114976.6,114829.4,114856.1,52668577.500199705
2025-10-27 03:59:59.920000+00:00,2025-10-27 03:45:00+00:00,continuous,114856.1,115013.5,114825.0,114927.7,72645020.45710002
2025-10-27 04:14:59.934000+00:00,2025-10-27 04:00:00+00:00,continuous,114927.8,115185.0,114925.6,115168.1,126794888.5416002
2025-10-27 04:29:59.733000+00:00,2025-10-27 04:15:00+00:00,continuous,115168.2,115218.1,115141.0,115166.5,93832275.50610001
2025-10-27 04:44:59.746000+00:00,2025-10-27 04:30:00+00:00,continuous,115166.5,115254.0,115156.8,115225.0,79869770.15710029
2025-10-27 04:59:59.994000+00:00,2025-10-27 04:45:00+00:00,continuous,115224.9,115251.2,115162.4,115215.5,66294615.301799916
2025-10-27 05:14:59.993000+00:00,2025-10-27 05:00:00+00:00,continuous,115215.5,115499.9,115215.4,115446.8,153233861.9678997
2025-10-27 05:29:59.945000+00:00,2025-10-27 05:15:00+00:00,continuous,115446.9,115565.6,115337.5,115517.9,247815345.50480103
2025-10-27 05:44:59.864000+00:00,2025-10-27 05:30:00+00:00,continuous,115517.9,115629.4,115407.7,115590.2,160124171.40190136
2025-10-27 05:59:59.624000+00:00,2025-10-27 05:45:00+00:00,continuous,115590.2,115601.0,115460.0,115511.1,147452160.38949934
2025-10-27 06:14:59.266000+00:00,2025-10-27 06:00:00+00:00,continuous,115511.1,115517.5,115309.0,115444.6,220535756.28380078
2025-10-27 06:29:59.909000+00:00,2025-10-27 06:15:00+00:00,continuous,115444.6,115720.0,115442.8,115707.6,227189729.48289984
2025-10-27 06:44:59.695000+00:00,2025-10-27 06:30:00+00:00,continuous,115707.7,115835.2,115511.1,115645.9,209307859.3396999
2025-10-27 06:59:59.788000+00:00,2025-10-27 06:45:00+00:00,continuous,115645.9,116098.9,115645.9,116008.8,581385605.3604054
2025-10-27 07:14:59.984000+00:00,2025-10-27 07:00:00+00:00,continuous,116008.9,116380.2,115811.0,115832.5,599946272.8923999
2025-10-27 07:29:59.962000+00:00,2025-10-27 07:15:00+00:00,continuous,115832.4,116014.5,115815.0,115824.0,160781052.40629962
2025-10-27 07:44:59.531000+00:00,2025-10-27 07:30:00+00:00,continuous,115823.9,115869.2,115459.4,115622.6,313463237.2904978
2025-10-27 07:59:59.715000+00:00,2025-10-27 07:45:00+00:00,continuous,115622.7,115750.0,115500.3,115522.5,176095957.9779007
2025-10-27 08:14:59.888000+00:00,2025-10-27 08:00:00+00:00,continuous,115522.4,115575.1,115400.7,115419.2,129925185.60460004
2025-10-27 08:29:59.932000+00:00,2025-10-27 08:15:00+00:00,continuous,115419.2,115556.6,115058.3,115100.0,200531763.16749945
2025-10-27 08:44:59.996000+00:00,2025-10-27 08:30:00+00:00,continuous,115099.9,115399.7,115099.9,115185.4,150094732.03159937
2025-10-27 08:59:59.893000+00:00,2025-10-27 08:45:00+00:00,continuous,115185.3,115191.2,114860.0,114990.2,282949791.59890175
2025-10-27 09:14:59.949000+00:00,2025-10-27 09:00:00+00:00,continuous,114990.1,115100.0,114780.2,115099.0,227811001.8682991
2025-10-27 09:29:59.874000+00:00,2025-10-27 09:15:00+00:00,continuous,115099.0,115270.0,114905.3,115134.5,210640801.64429876
2025-10-27 09:44:59.696000+00:00,2025-10-27 09:30:00+00:00,continuous,115134.6,115334.6,115056.3,115318.5,164777930.41860044
2025-10-27 09:59:59.880000+00:00,2025-10-27 09:45:00+00:00,continuous,115318.5,115318.5,115138.7,115204.7,60199699.046300426
2025-10-27 10:14:59.830000+00:00,2025-10-27 10:00:00+00:00,continuous,115204.8,115357.7,115068.0,115307.5,88902461.93700062
2025-10-27 10:29:59.948000+00:00,2025-10-27 10:15:00+00:00,continuous,115307.6,115526.3,115307.5,115424.8,91034936.74249999
2025-10-27 10:44:59.997000+00:00,2025-10-27 10:30:00+00:00,continuous,115424.8,115492.0,115354.1,115354.2,69465995.56720005
2025-10-27 10:59:59.848000+00:00,2025-10-27 10:45:00+00:00,continuous,115354.1,115493.5,115340.0,115411.8,52965003.23599978
2025-10-27 11:14:59.887000+00:00,2025-10-27 11:00:00+00:00,continuous,115411.9,115478.5,115353.0,115362.3,66685384.24439969
2025-10-27 11:29:59.951000+00:00,2025-10-27 11:15:00+00:00,continuous,115362.2,115455.6,115063.3,115243.1,101433741.58070008
2025-10-27 11:44:59.988000+00:00,2025-10-27 11:30:00+00:00,continuous,115243.2,115497.0,115243.1,115396.4,76236135.01910019
2025-10-27 11:59:59.511000+00:00,2025-10-27 11:45:00+00:00,continuous,115396.5,115421.4,115282.0,115302.3,74815138.29480001
2025-10-27 12:14:59.717000+00:00,2025-10-27 12:00:00+00:00,continuous,115302.3,115385.7,115141.2,115220.0,73403604.26089965
2025-10-27 12:29:59.856000+00:00,2025-10-27 12:15:00+00:00,continuous,115220.0,115263.0,115127.1,115226.4,128888150.83120066
2025-10-27 12:44:59.737000+00:00,2025-10-27 12:30:00+00:00,continuous,115226.5,115249.2,114920.2,115040.4,138291274.86729968
2025-10-27 12:59:59.734000+00:00,2025-10-27 12:45:00+00:00,continuous,115040.4,115066.0,114981.5,115016.4,57916768.58359991
2025-10-27 13:14:59.789000+00:00,2025-10-27 13:00:00+00:00,continuous,115016.3,115200.1,114961.8,115083.1,77859950.8231
2025-10-27 13:29:59.990000+00:00,2025-10-27 13:15:00+00:00,continuous,115083.0,115225.1,115047.2,115089.6,47518253.546199895
2025-10-27 13:44:59.968000+00:00,2025-10-27 13:30:00+00:00,continuous,115089.6,115251.6,114530.7,114838.4,442433526.7046996
2025-10-27 13:59:59.906000+00:00,2025-10-27 13:45:00+00:00,continuous,114838.5,115370.8,114758.1,115210.4,355996498.0750983
2025-10-27 14:14:59.947000+00:00,2025-10-27 14:00:00+00:00,continuous,115210.3,115311.3,114589.1,114773.6,267857841.0199996
2025-10-27 14:29:59.898000+00:00,2025-10-27 14:15:00+00:00,continuous,114773.7,115004.8,114433.0,114939.9,296781945.8549994
2025-10-27 14:44:59.986000+00:00,2025-10-27 14:30:00+00:00,continuous,114939.9,115009.9,114724.2,114832.0,123015392.55799942
2025-10-27 14:59:59.872000+00:00,2025-10-27 14:45:00+00:00,continuous,114831.9,114888.7,114642.4,114751.0,95894632.8218005
2025-10-27 15:14:59.998000+00:00,2025-10-27 15:00:00+00:00,continuous,114750.8,115029.5,114717.5,114996.0,121637287.98669954
2025-10-27 15:29:59.675000+00:00,2025-10-27 15:15:00+00:00,continuous,114996.0,115050.0,114843.1,115019.0,163769135.22350028
2025-10-27 15:44:59.789000+00:00,2025-10-27 15:30:00+00:00,continuous,115019.0,115195.5,114855.1,114911.6,132763426.19699953
2025-10-27 15:59:59.975000+00:00,2025-10-27 15:45:00+00:00,continuous,114911.5,115016.0,114814.3,114914.4,70015161.26619998
2025-10-27 16:14:59.819000+00:00,2025-10-27 16:00:00+00:00,continuous,114914.5,115324.8,114818.1,115209.6,177633819.39349967
2025-10-27 16:29:59.492000+00:00,2025-10-27 16:15:00+00:00,continuous,115209.7,115364.1,115117.9,115291.6,124752057.2017007
2025-10-27 16:44:59.920000+00:00,2025-10-27 16:30:00+00:00,continuous,115291.5,115487.5,115218.3,115405.3,129953568.88550021
2025-10-27 16:59:59.518000+00:00,2025-10-27 16:45:00+00:00,continuous,115405.4,115599.9,115295.2,115438.1,122961798.95379968
2025-10-27 17:14:59.929000+00:00,2025-10-27 17:00:00+00:00,continuous,115438.1,115578.0,115400.0,115500.8,77916312.95030034
2025-10-27 17:29:59.931000+00:00,2025-10-27 17:15:00+00:00,continuous,115500.8,115545.2,115259.9,115272.8,105265559.69760026
2025-10-27 17:44:59.856000+00:00,2025-10-27 17:30:00+00:00,continuous,115272.9,115700.0,115251.6,115580.0,110192355.85019939
2025-10-27 17:59:59.743000+00:00,2025-10-27 17:45:00+00:00,continuous,115579.9,115661.6,115463.2,115647.4,77604960.03679997
2025-10-27 18:14:58.573000+00:00,2025-10-27 18:00:00+00:00,continuous,115647.3,115744.8,115492.6,115690.6,77441689.64330027
2025-10-27 18:29:59.987000+00:00,2025-10-27 18:15:00+00:00,continuous,115690.7,115690.7,115284.4,115345.4,100139188.51079996
2025-10-27 18:44:59.826000+00:00,2025-10-27 18:30:00+00:00,continuous,115345.4,115447.4,115251.9,115420.0,81670028.03640036
2025-10-27 18:59:59.951000+00:00,2025-10-27 18:45:00+00:00,continuous,115419.9,115466.1,115263.0,115277.9,52122868.18309994
2025-10-27 19:14:59.649000+00:00,2025-10-27 19:00:00+00:00,continuous,115277.9,115278.1,114870.0,115260.7,172726591.39509863
2025-10-27 19:29:59.872000+00:00,2025-10-27 19:15:00+00:00,continuous,115260.7,115260.7,114863.0,114942.3,70902222.44009994
2025-10-27 19:44:59.698000+00:00,2025-10-27 19:30:00+00:00,continuous,114942.4,114972.7,114712.4,114884.8,145152591.00450048
2025-10-27 19:59:59.930000+00:00,2025-10-27 19:45:00+00:00,continuous,114884.8,114990.8,114761.0,114894.9,55344880.64299993
2025-10-27 20:14:59.666000+00:00,2025-10-27 20:00:00+00:00,continuous,114894.8,114894.8,114662.1,114725.9,95146925.08089943
2025-10-27 20:29:59.950000+00:00,2025-10-27 20:15:00+00:00,continuous,114726.0,114815.8,114664.3,114665.8,51554080.328499615
2025-10-27 20:44:59.756000+00:00,2025-10-27 20:30:00+00:00,continuous,114665.7,114720.0,114559.9,114599.9,82543104.44750057
2025-10-27 20:59:59.932000+00:00,2025-10-27 20:45:00+00:00,continuous,114599.9,114736.2,114349.9,114405.4,137321179.92850006
2025-10-27 21:14:59.482000+00:00,2025-10-27 21:00:00+00:00,continuous,114405.4,114553.2,114336.0,114356.3,112876790.43980022
2025-10-27 21:29:59.843000+00:00,2025-10-27 21:15:00+00:00,continuous,114356.3,114426.1,114067.5,114120.7,172172691.94139978
2025-10-27 21:44:59.362000+00:00,2025-10-27 21:30:00+00:00,continuous,114120.7,114325.0,114100.8,114255.2,77404931.04549992
2025-10-27 21:59:59.814000+00:00,2025-10-27 21:45:00+00:00,continuous,114255.1,114602.6,114254.3,114258.1,117235874.17169984
2025-10-27 22:14:59.868000+00:00,2025-10-27 22:00:00+00:00,continuous,114258.0,114450.0,114077.7,114410.6,113605064.86169942
2025-10-27 22:29:59.892000+00:00,2025-10-27 22:15:00+00:00,continuous,114410.6,114555.1,114340.0,114374.3,80064320.0801003
2025-10-27 22:44:59.618000+00:00,2025-10-27 22:30:00+00:00,continuous,114374.2,114379.3,114137.5,114149.9,64092978.02319998
2025-10-27 22:59:59.712000+00:00,2025-10-27 22:45:00+00:00,continuous,114149.9,114282.9,114012.0,114078.9,92464564.68039979
2025-10-27 23:14:59.587000+00:00,2025-10-27 23:00:00+00:00,continuous,114078.9,114088.4,113904.1,113978.0,186534924.00349915
2025-10-27 23:29:59.304000+00:00,2025-10-27 23:15:00+00:00,continuous,113978.0,114026.7,113792.4,113988.6,153639204.46090057
2025-10-27 23:44:59.955000+00:00,2025-10-27 23:30:00+00:00,continuous,113988.6,114140.0,113982.3,114093.4,86254866.49130028
2025-10-27 23:59:59.125000+00:00,2025-10-27 23:45:00+00:00,continuous,114093.3,114180.2,114036.8,114064.1,68488793.63609986
2025-10-28 00:14:59.920000+00:00,2025-10-28 00:00:00+00:00,continuous,114064.2,114094.0,113857.8,114034.1,130068835.17579907
2025-10-28 00:29:59.850000+00:00,2025-10-28 00:15:00+00:00,continuous,114034.2,114331.3,114006.2,114190.1,118322762.36479922
2025-10-28 00:44:59.907000+00:00,2025-10-28 00:30:00+00:00,continuous,114190.1,114190.1,113866.5,113941.3,97613730.12159933
2025-10-28 00:59:59.270000+00:00,2025-10-28 00:45:00+00:00,continuous,113941.3,113964.0,113710.0,113921.6,122665893.95260002
2025-10-28 01:14:59.708000+00:00,2025-10-28 01:00:00+00:00,continuous,113921.5,114184.6,113921.5,114134.2,88327418.71450001
2025-10-28 01:29:59.721000+00:00,2025-10-28 01:15:00+00:00,continuous,114134.2,114258.0,114112.2,114157.8,70925468.24360001
2025-10-28 01:44:59.893000+00:00,2025-10-28 01:30:00+00:00,continuous,114157.7,114500.1,114052.4,114421.7,138961843.3130999
2025-10-28 01:59:59.799000+00:00,2025-10-28 01:45:00+00:00,continuous,114421.7,114480.6,114350.0,114377.6,84143615.6882996
2025-10-28 02:14:59.966000+00:00,2025-10-28 02:00:00+00:00,continuous,114377.5,114428.3,114067.9,114119.1,70446746.10290001
2025-10-28 02:29:59.999000+00:00,2025-10-28 02:15:00+00:00,continuous,114119.2,114147.2,113841.6,114054.9,117914038.44760017
2025-10-28 02:44:59.761000+00:00,2025-10-28 02:30:00+00:00,continuous,114054.9,114085.4,113880.0,113880.0,53008410.619999945
2025-10-28 02:59:59.942000+00:00,2025-10-28 02:45:00+00:00,continuous,113880.0,113940.0,113477.5,113878.4,272418361.64909947
2025-10-28 03:14:59.948000+00:00,2025-10-28 03:00:00+00:00,continuous,113878.4,114066.0,113661.9,113678.2,135304522.46690002
2025-10-28 03:29:58.765000+00:00,2025-10-28 03:15:00+00:00,continuous,113678.2,113955.0,113678.2,113914.6,94741732.5014001
2025-10-28 03:44:59.804000+00:00,2025-10-28 03:30:00+00:00,continuous,113914.7,113949.2,113722.7,113793.5,85059098.49860047
2025-10-28 03:59:59.861000+00:00,2025-10-28 03:45:00+00:00,continuous,113793.5,113923.9,113720.0,113863.9,75985583.1383003
2025-10-28 04:14:59.637000+00:00,2025-10-28 04:00:00+00:00,continuous,113864.0,113896.6,113706.8,113874.1,74276428.00740011
2025-10-28 04:29:59.912000+00:00,2025-10-28 04:15:00+00:00,continuous,113874.0,113917.1,113788.7,113820.2,73969271.70440012
2025-10-28 04:44:59.487000+00:00,2025-10-28 04:30:00+00:00,continuous,113820.3,113947.9,113760.4,113833.4,72961510.0056002
2025-10-28 04:59:59.948000+00:00,2025-10-28 04:45:00+00:00,continuous,113833.3,114034.0,113833.3,113914.2,57235779.05209998
2025-10-28 05:14:59.933000+00:00,2025-10-28 05:00:00+00:00,continuous,113914.1,113919.7,113781.3,113781.3,46330387.974199906
2025-10-28 05:29:59.901000+00:00,2025-10-28 05:15:00+00:00,continuous,113781.3,113949.0,113739.6,113914.7,52822850.40170003
2025-10-28 05:44:59.896000+00:00,2025-10-28 05:30:00+00:00,continuous,113914.6,113914.6,113650.0,113650.0,56429131.27540012
2025-10-28 05:59:59.918000+00:00,2025-10-28 05:45:00+00:00,continuous,113650.0,113735.1,113422.0,113561.9,251303048.9831988
2025-10-28 06:14:59.624000+00:00,2025-10-28 06:00:00+00:00,continuous,113561.8,113796.9,113561.8,113754.7,86184492.77969968
2025-10-28 06:29:59.454000+00:00,2025-10-28 06:15:00+00:00,continuous,113754.6,113855.2,113695.7,113790.6,48948212.948299915
2025-10-28 06:44:59.806000+00:00,2025-10-28 06:30:00+00:00,continuous,113790.5,114000.1,113735.3,113950.3,84394732.54709972
2025-10-28 06:59:59.531000+00:00,2025-10-28 06:45:00+00:00,continuous,113950.3,114140.7,113942.5,114060.1,128526517.9680995
2025-10-28 07:14:59.902000+00:00,2025-10-28 07:00:00+00:00,continuous,114060.1,114269.4,114039.2,114068.5,117647032.83499917
2025-10-28 07:29:59.905000+00:00,2025-10-28 07:15:00+00:00,continuous,114068.6,114272.7,114039.0,114207.3,101371582.58509988
2025-10-28 07:44:59.964000+00:00,2025-10-28 07:30:00+00:00,continuous,114207.3,114232.8,114063.0,114205.3,53853205.50679975
2025-10-28 07:59:59.854000+00:00,2025-10-28 07:45:00+00:00,continuous,114205.2,114320.6,114115.7,114128.7,54459379.59979985
2025-10-28 08:14:59.978000+00:00,2025-10-28 08:00:00+00:00,continuous,114128.8,114182.2,114058.0,114072.2,48226693.959099896
2025-10-28 08:29:59.540000+00:00,2025-10-28 08:15:00+00:00,continuous,114072.2,114388.6,114061.1,114319.9,72206911.48409988
2025-10-28 08:44:59.607000+00:00,2025-10-28 08:30:00+00:00,continuous,114319.9,114424.0,114294.6,114362.6,107121759.18710068
2025-10-28 08:59:59.211000+00:00,2025-10-28 08:45:00+00:00,continuous,114362.5,114430.3,114312.8,114370.5,72393337.48980002
2025-10-28 09:14:59.831000+00:00,2025-10-28 09:00:00+00:00,continuous,114370.5,114588.0,114259.6,114318.0,137196689.1983999
2025-10-28 09:29:59.545000+00:00,2025-10-28 09:15:00+00:00,continuous,114318.0,114372.9,114138.0,114188.8,74632635.36249997
2025-10-28 09:44:59.852000+00:00,2025-10-28 09:30:00+00:00,continuous,114188.9,114489.3,114185.0,114417.7,52748925.5811996
2025-10-28 09:59:59.979000+00:00,2025-10-28 09:45:00+00:00,continuous,114417.7,114499.9,114372.5,114470.0,46362560.35770011
2025-10-28 10:14:59.949000+00:00,2025-10-28 10:00:00+00:00,continuous,114470.0,114489.3,114388.0,114438.9,41504965.916900024
2025-10-28 10:29:59.771000+00:00,2025-10-28 10:15:00+00:00,continuous,114438.9,114500.0,114396.8,114490.0,69563293.32550015
2025-10-28 10:44:59.976000+00:00,2025-10-28 10:30:00+00:00,continuous,114490.0,114490.1,114364.7,114480.9,39079646.51319988
2025-10-28 10:59:59.889000+00:00,2025-10-28 10:45:00+00:00,continuous,114480.9,114555.0,114445.3,114543.5,54596589.2175004
2025-10-28 11:14:59.895000+00:00,2025-10-28 11:00:00+00:00,continuous,114543.4,114554.3,114412.2,114458.6,52124131.86689952
2025-10-28 11:29:59.653000+00:00,2025-10-28 11:15:00+00:00,continuous,114458.6,114546.5,114422.8,114500.0,47333303.089199975
2025-10-28 11:44:59.661000+00:00,2025-10-28 11:30:00+00:00,continuous,114499.9,114619.2,114397.6,114453.0,76233956.3749997
2025-10-28 11:59:59.157000+00:00,2025-10-28 11:45:00+00:00,continuous,114453.0,114453.0,114217.2,114290.7,104190954.98320049
2025-10-28 12:14:59.940000+00:00,2025-10-28 12:00:00+00:00,continuous,114290.6,114332.9,114200.0,114268.0,75033822.16460004
2025-10-28 12:29:59.724000+00:00,2025-10-28 12:15:00+00:00,continuous,114268.0,114268.1,114080.8,114145.7,87831844.23839992
2025-10-28 12:44:59.648000+00:00,2025-10-28 12:30:00+00:00,continuous,114145.7,114329.7,114118.9,114320.3,61470830.61000012
2025-10-28 12:59:59.685000+00:00,2025-10-28 12:45:00+00:00,continuous,114320.4,114467.6,114315.6,114402.2,77738207.4134994
2025-10-28 13:14:59.828000+00:00,2025-10-28 13:00:00+00:00,continuous,114402.1,114827.8,114402.1,114707.0,252362250.78270045
2025-10-28 13:29:59.994000+00:00,2025-10-28 13:15:00+00:00,continuous,114707.0,115140.3,114707.0,115011.5,372213721.5217002
2025-10-28 13:44:59.866000+00:00,2025-10-28 13:30:00+00:00,continuous,115011.4,115171.3,114808.4,115080.0,252400492.31660026
2025-10-28 13:59:59.896000+00:00,2025-10-28 13:45:00+00:00,continuous,115079.9,115470.0,115060.8,115469.9,374367584.90899795
2025-10-28 14:14:59.964000+00:00,2025-10-28 14:00:00+00:00,continuous,115470.0,115797.4,115267.9,115739.0,363408099.67710185
2025-10-28 14:29:59.688000+00:00,2025-10-28 14:15:00+00:00,continuous,115738.9,116074.3,115646.2,115873.0,480528801.9635025
2025-10-28 14:44:59.999000+00:00,2025-10-28 14:30:00+00:00,continuous,115873.0,115919.1,114491.3,114720.1,769349508.3334045
2025-10-28 14:59:59.819000+00:00,2025-10-28 14:45:00+00:00,continuous,114720.0,115234.4,114130.7,115021.8,690075941.4762981
2025-10-28 15:14:59.983000+00:00,2025-10-28 15:00:00+00:00,continuous,115021.8,115354.2,115021.8,115279.7,186547106.6673
2025-10-28 15:29:59.970000+00:00,2025-10-28 15:15:00+00:00,continuous,115279.7,115279.8,114966.0,114980.0,175365941.42910042
2025-10-28 15:44:59.682000+00:00,2025-10-28 15:30:00+00:00,continuous,114980.0,115017.3,114444.0,114486.1,279565467.11270064
2025-10-28 15:59:59.990000+00:00,2025-10-28 15:45:00+00:00,continuous,114486.2,114867.4,114486.1,114571.9,195812790.48100013
2025-10-28 16:14:59.959000+00:00,2025-10-28 16:00:00+00:00,continuous,114571.7,114844.7,114468.0,114804.5,210336843.74759933
2025-10-28 16:29:59.924000+00:00,2025-10-28 16:15:00+00:00,continuous,114804.4,115107.0,114603.1,115019.9,147935493.6013003
2025-10-28 16:44:59.896000+00:00,2025-10-28 16:30:00+00:00,continuous,115020.0,115325.0,114888.0,115033.4,243913929.0312987
2025-10-28 16:59:59.961000+00:00,2025-10-28 16:45:00+00:00,continuous,115033.5,115450.1,115033.4,115296.1,145211165.42579994
2025-10-28 17:14:59.870000+00:00,2025-10-28 17:00:00+00:00,continuous,115296.1,115530.0,115221.9,115431.9,117933924.35080032
2025-10-28 17:29:59.922000+00:00,2025-10-28 17:15:00+00:00,continuous,115431.9,115554.5,115350.0,115412.0,103397363.00069946
2025-10-28 17:44:59.537000+00:00,2025-10-28 17:30:00+00:00,continuous,115412.1,115541.1,115170.2,115468.6,113539582.06120022
2025-10-28 17:59:59.854000+00:00,2025-10-28 17:45:00+00:00,continuous,115468.6,115487.3,115232.4,115246.7,61257532.21920027
2025-10-28 18:14:59.807000+00:00,2025-10-28 18:00:00+00:00,continuous,115246.6,115316.2,115068.5,115271.8,95495298.83289915
2025-10-28 18:29:59.963000+00:00,2025-10-28 18:15:00+00:00,continuous,115271.9,115324.5,114800.0,114849.9,95025327.28290023
2025-10-28 18:44:59.971000+00:00,2025-10-28 18:30:00+00:00,continuous,114849.9,114968.8,114589.1,114699.9,138511416.59839895
2025-10-28 18:59:59.998000+00:00,2025-10-28 18:45:00+00:00,continuous,114699.9,114987.5,114602.0,114971.1,89074057.56550038
2025-10-28 19:14:59.955000+00:00,2025-10-28 19:00:00+00:00,continuous,114971.2,115040.9,114773.6,114786.6,88177073.73509994
2025-10-28 19:29:59.989000+00:00,2025-10-28 19:15:00+00:00,continuous,114786.7,114786.7,113656.3,113656.3,604884828.2744967
2025-10-28 19:44:59.893000+00:00,2025-10-28 19:30:00+00:00,continuous,113656.4,114107.0,113517.1,113955.2,315863977.1054996
2025-10-28 19:59:59.990000+00:00,2025-10-28 19:45:00+00:00,continuous,113955.2,113977.2,113500.0,113629.0,196566536.46639913
2025-10-28 20:14:59.902000+00:00,2025-10-28 20:00:00+00:00,continuous,113629.0,113647.4,112677.9,112879.0,849759272.8130025
2025-10-28 20:29:59.912000+00:00,2025-10-28 20:15:00+00:00,continuous,112879.1,112899.6,112350.0,112492.4,639579224.9759032
2025-10-28 20:44:59.928000+00:00,2025-10-28 20:30:00+00:00,continuous,112492.5,112999.0,112268.1,112686.5,379857943.15399903
2025-10-28 20:59:59.973000+00:00,2025-10-28 20:45:00+00:00,continuous,112686.5,112862.4,112564.1,112744.6,132208552.30940068
2025-10-28 21:14:59.958000+00:00,2025-10-28 21:00:00+00:00,continuous,112744.5,112744.5,112121.4,112632.6,318010432.783499
2025-10-28 21:29:59.892000+00:00,2025-10-28 21:15:00+00:00,continuous,112632.5,112733.9,112507.2,112670.1,101180506.65289998
2025-10-28 21:44:59.747000+00:00,2025-10-28 21:30:00+00:00,continuous,112670.0,113066.4,112583.6,113066.4,177009675.56569934
2025-10-28 21:59:59.847000+00:00,2025-10-28 21:45:00+00:00,continuous,113066.4,113166.0,112914.0,112935.5,112494742.35429962
2025-10-28 22:14:59.853000+00:00,2025-10-28 22:00:00+00:00,continuous,112935.4,113092.3,112773.5,112786.4,90776785.72620018
2025-10-28 22:29:59.390000+00:00,2025-10-28 22:15:00+00:00,continuous,112786.4,113086.4,112768.0,113080.0,72414899.74499986
2025-10-28 22:44:59.589000+00:00,2025-10-28 22:30:00+00:00,continuous,113079.9,113233.0,113056.2,113192.5,80769622.99679989
2025-10-28 22:59:59.938000+00:00,2025-10-28 22:45:00+00:00,continuous,113192.6,113200.0,113110.4,113164.2,66818706.4525998
2025-10-28 23:14:59.661000+00:00,2025-10-28 23:00:00+00:00,continuous,113164.1,113164.2,112919.3,112968.7,80357123.30910008
2025-10-28 23:29:59.596000+00:00,2025-10-28 23:15:00+00:00,continuous,112968.8,113085.8,112716.7,112842.3,73496541.97129998
2025-10-28 23:44:59.858000+00:00,2025-10-28 23:30:00+00:00,continuous,112842.1,113032.8,112807.6,112904.0,71487423.31969988
2025-10-28 23:59:59.938000+00:00,2025-10-28 23:45:00+00:00,continuous,112903.9,113000.0,112829.4,112833.5,48795112.17619994
2025-10-29 00:14:59.622000+00:00,2025-10-29 00:00:00+00:00,continuous,112833.5,112871.3,112630.0,112693.3,159610435.70720065
2025-10-29 00:29:59.758000+00:00,2025-10-29 00:15:00+00:00,continuous,112693.3,112779.1,112574.0,112641.2,78176586.71680015
2025-10-29 00:44:59.721000+00:00,2025-10-29 00:30:00+00:00,continuous,112641.3,112709.9,112552.2,112552.2,73962967.88340002
2025-10-29 00:59:59.859000+00:00,2025-10-29 00:45:00+00:00,continuous,112552.3,112584.9,112371.1,112382.5,151096451.43399978
2025-10-29 01:14:59.970000+00:00,2025-10-29 01:00:00+00:00,continuous,112382.5,112549.3,112200.0,112256.8,189470744.26350117
2025-10-29 01:29:59.927000+00:00,2025-10-29 01:15:00+00:00,continuous,112256.9,112324.9,112036.1,112162.7,195389548.25630033
2025-10-29 01:44:59.902000+00:00,2025-10-29 01:30:00+00:00,continuous,112162.6,112927.5,112162.6,112640.0,288521958.1126991
2025-10-29 01:59:59.960000+00:00,2025-10-29 01:45:00+00:00,continuous,112640.0,112651.5,112201.5,112435.4,185921656.37469885
2025-10-29 02:14:59.961000+00:00,2025-10-29 02:00:00+00:00,continuous,112435.4,112492.9,112380.0,112440.2,74149775.27009958
2025-10-29 02:29:59.346000+00:00,2025-10-29 02:15:00+00:00,continuous,112440.1,112743.3,112352.2,112637.9,95179822.60369968
2025-10-29 02:44:59.784000+00:00,2025-10-29 02:30:00+00:00,continuous,112638.0,112638.0,112481.4,112518.1,49521734.957200125
2025-10-29 02:59:59.386000+00:00,2025-10-29 02:45:00+00:00,continuous,112518.1,112686.6,112488.0,112617.9,66858904.65749998
2025-10-29 03:14:59.559000+00:00,2025-10-29 03:00:00+00:00,continuous,112617.9,112617.9,112276.0,112397.8,102479659.80859962
2025-10-29 03:29:59.903000+00:00,2025-10-29 03:15:00+00:00,continuous,112397.8,112520.0,112313.4,112429.6,56028808.80549975
2025-10-29 03:44:59.943000+00:00,2025-10-29 03:30:00+00:00,continuous,112429.6,112550.1,112429.5,112489.1,52642180.728799924
2025-10-29 03:59:59.798000+00:00,2025-10-29 03:45:00+00:00,continuous,112489.0,112535.0,112440.0,112459.6,28806461.214499813
2025-10-29 04:14:59.989000+00:00,2025-10-29 04:00:00+00:00,continuous,112459.6,112617.2,112443.5,112617.2,46330227.626200125
2025-10-29 04:29:59.836000+00:00,2025-10-29 04:15:00+00:00,continuous,112617.2,112739.5,112600.0,112652.0,67338853.23860021
2025-10-29 04:44:59.943000+00:00,2025-10-29 04:30:00+00:00,continuous,112652.0,112843.0,112619.8,112668.3,88358204.47959986
2025-10-29 04:59:59.981000+00:00,2025-10-29 04:45:00+00:00,continuous,112668.2,112806.3,112668.2,112755.6,36815721.79600025
2025-10-29 05:14:59.456000+00:00,2025-10-29 05:00:00+00:00,continuous,112755.5,112920.0,112750.0,112825.8,95494839.69339962
2025-10-29 05:29:59.914000+00:00,2025-10-29 05:15:00+00:00,continuous,112825.8,113045.6,112825.7,112915.8,193832316.97099972
2025-10-29 05:44:59.919000+00:00,2025-10-29 05:30:00+00:00,continuous,112915.7,113320.0,112870.1,113150.1,289863206.6893005
2025-10-29 05:59:59.901000+00:00,2025-10-29 05:45:00+00:00,continuous,113150.0,113150.0,112975.9,112987.0,106383857.26060006
2025-10-29 06:14:59.540000+00:00,2025-10-29 06:00:00+00:00,continuous,112987.0,113213.6,112914.5,113033.1,102111362.5827997
2025-10-29 06:29:59.909000+00:00,2025-10-29 06:15:00+00:00,continuous,113033.0,113050.0,112939.3,112996.8,52704999.7596999
2025-10-29 06:44:59.910000+00:00,2025-10-29 06:30:00+00:00,continuous,112996.8,113073.0,112909.5,112995.0,42160415.22399982
2025-10-29 06:59:59.805000+00:00,2025-10-29 06:45:00+00:00,continuous,112995.0,113309.0,112995.0,113232.1,95268860.89690034
2025-10-29 07:14:59.627000+00:00,2025-10-29 07:00:00+00:00,continuous,113232.1,113250.0,113168.6,113213.6,56545321.25610002
2025-10-29 07:29:59.865000+00:00,2025-10-29 07:15:00+00:00,continuous,113213.7,113428.4,113193.0,113381.6,123927339.52680016
2025-10-29 07:44:59.898000+00:00,2025-10-29 07:30:00+00:00,continuous,113381.6,113389.8,113178.4,113239.5,95688853.64109975
2025-10-29 07:59:59.927000+00:00,2025-10-29 07:45:00+00:00,continuous,113239.5,113525.0,113191.4,113511.9,119208011.20289937
2025-10-29 08:14:59.806000+00:00,2025-10-29 08:00:00+00:00,continuous,113512.0,113581.7,113270.1,113272.9,202133042.91149896
2025-10-29 08:29:59.919000+00:00,2025-10-29 08:15:00+00:00,continuous,113272.9,113386.4,113216.6,113255.0,117129123.97289991
2025-10-29 08:44:59.934000+00:00,2025-10-29 08:30:00+00:00,continuous,113255.0,113266.6,112938.2,113060.1,145281126.97560006
2025-10-29 08:59:59.962000+00:00,2025-10-29 08:45:00+00:00,continuous,113060.0,113132.8,112888.0,113005.4,126486061.92880024
2025-10-29 09:14:59.933000+00:00,2025-10-29 09:00:00+00:00,continuous,113005.3,113043.6,112800.5,112813.7,119211646.23480035
2025-10-29 09:29:59.837000+00:00,2025-10-29 09:15:00+00:00,continuous,112813.8,113030.0,112813.7,112887.1,84008175.13860002
2025-10-29 09:44:59.741000+00:00,2025-10-29 09:30:00+00:00,continuous,112887.1,112910.3,112700.0,112893.7,104759192.78900021
2025-10-29 09:59:59.992000+00:00,2025-10-29 09:45:00+00:00,continuous,112893.8,113036.1,112824.1,112935.2,56105602.74119999
2025-10-29 10:14:59.770000+00:00,2025-10-29 10:00:00+00:00,continuous,112935.2,113052.7,112850.0,112865.7,74836540.2946001
2025-10-29 10:29:59.917000+00:00,2025-10-29 10:15:00+00:00,continuous,112865.7,113083.5,112822.2,113000.0,58770887.784700155
2025-10-29 10:44:59.956000+00:00,2025-10-29 10:30:00+00:00,continuous,112999.9,113154.4,112947.2,112990.1,58313489.64779996
2025-10-29 10:59:59.907000+00:00,2025-10-29 10:45:00+00:00,continuous,112990.0,113057.5,112666.0,112810.3,90056544.06050023
2025-10-29 11:14:59.984000+00:00,2025-10-29 11:00:00+00:00,continuous,112810.4,113055.0,112692.4,112990.2,80102649.50539953
2025-10-29 11:29:59.413000+00:00,2025-10-29 11:15:00+00:00,continuous,112990.1,113134.0,112954.2,113083.7,59552047.32580008
2025-10-29 11:44:59.909000+00:00,2025-10-29 11:30:00+00:00,continuous,113083.6,113210.0,112969.7,112979.6,70236896.73640004
2025-10-29 11:59:59.833000+00:00,2025-10-29 11:45:00+00:00,continuous,112979.7,113134.6,112979.7,113084.5,40646918.78100014
2025-10-29 12:14:59.358000+00:00,2025-10-29 12:00:00+00:00,continuous,113084.6,113281.6,113084.5,113215.9,66778671.2083003
2025-10-29 12:29:59.878000+00:00,2025-10-29 12:15:00+00:00,continuous,113216.0,113242.0,113024.7,113024.8,35853662.68539977
2025-10-29 12:44:59.599000+00:00,2025-10-29 12:30:00+00:00,continuous,113024.7,113139.6,113001.2,113099.2,48936860.938599885
2025-10-29 12:59:59.683000+00:00,2025-10-29 12:45:00+00:00,continuous,113099.2,113231.1,113033.0,113102.5,44175775.071500205
2025-10-29 13:14:59.875000+00:00,2025-10-29 13:00:00+00:00,continuous,113102.4,113345.0,113048.7,113304.3,68619366.56449965
2025-10-29 13:29:59.703000+00:00,2025-10-29 13:15:00+00:00,continuous,113304.2,113593.0,113280.0,113484.1,148488304.18490055
2025-10-29 13:44:59.959000+00:00,2025-10-29 13:30:00+00:00,continuous,113484.1,113555.0,112858.1,112963.6,315631201.9643987
2025-10-29 13:59:59.972000+00:00,2025-10-29 13:45:00+00:00,continuous,112964.1,113020.1,112647.2,112824.7,265172630.43649873
2025-10-29 14:14:59.984000+00:00,2025-10-29 14:00:00+00:00,continuous,112824.6,112874.2,112418.7,112654.5,268694765.47639996
2025-10-29 14:29:59.893000+00:00,2025-10-29 14:15:00+00:00,continuous,112654.6,112660.3,112190.8,112263.0,306383442.3816989
2025-10-29 14:44:59.948000+00:00,2025-10-29 14:30:00+00:00,continuous,112263.0,112660.3,112200.2,112514.8,205722032.35070235
2025-10-29 14:59:59.974000+00:00,2025-10-29 14:45:00+00:00,continuous,112514.9,112696.3,112251.9,112438.9,155136924.19509986
2025-10-29 15:14:59.794000+00:00,2025-10-29 15:00:00+00:00,continuous,112439.0,112517.0,112109.8,112206.7,344453034.0755018
2025-10-29 15:29:59.903000+00:00,2025-10-29 15:15:00+00:00,continuous,112206.7,112435.4,111900.0,111970.0,436012111.10569775
2025-10-29 15:44:59.797000+00:00,2025-10-29 15:30:00+00:00,continuous,111970.0,112100.0,111600.0,111695.0,650973288.5649947
2025-10-29 15:59:59.851000+00:00,2025-10-29 15:45:00+00:00,continuous,111694.9,111829.6,111326.5,111460.6,444209846.0946014
2025-10-29 16:14:59.739000+00:00,2025-10-29 16:00:00+00:00,continuous,111460.7,111480.3,110888.0,110987.7,729261340.857196
2025-10-29 16:29:59.992000+00:00,2025-10-29 16:15:00+00:00,continuous,110987.6,111340.2,110904.6,111088.8,459884940.9242997
2025-10-29 16:44:59.446000+00:00,2025-10-29 16:30:00+00:00,continuous,111088.9,111371.0,111030.0,111259.8,193099038.81920084
2025-10-29 16:59:59.969000+00:00,2025-10-29 16:45:00+00:00,continuous,111259.5,111267.8,111032.9,111060.0,106160904.08629975
2025-10-29 17:14:59.841000+00:00,2025-10-29 17:00:00+00:00,continuous,111060.0,111306.0,111019.3,111071.1,135876814.28030047
2025-10-29 17:29:59.404000+00:00,2025-10-29 17:15:00+00:00,continuous,111071.2,111184.7,110941.6,111152.3,103526817.00499995
2025-10-29 17:44:59.809000+00:00,2025-10-29 17:30:00+00:00,continuous,111152.2,111788.3,111109.5,111633.8,300223915.5176024
2025-10-29 17:59:59.880000+00:00,2025-10-29 17:45:00+00:00,continuous,111633.7,111872.7,111570.0,111819.3,191658689.51470003
2025-10-29 18:14:59.961000+00:00,2025-10-29 18:00:00+00:00,continuous,111819.3,111963.0,111035.1,111149.2,651821758.6009052
2025-10-29 18:29:59.593000+00:00,2025-10-29 18:15:00+00:00,continuous,111149.1,111528.5,111111.0,111385.2,131848286.58960025
2025-10-29 18:44:59.898000+00:00,2025-10-29 18:30:00+00:00,continuous,111385.3,111725.1,109026.4,109689.1,2269089458.2126646
2025-10-29 18:59:59.976000+00:00,2025-10-29 18:45:00+00:00,continuous,109689.1,111250.0,109577.0,110743.0,855679033.1813996
2025-10-29 19:14:59.992000+00:00,2025-10-29 19:00:00+00:00,continuous,110743.1,111398.3,110658.2,111244.0,418188325.35749465
2025-10-29 19:29:59.969000+00:00,2025-10-29 19:15:00+00:00,continuous,111244.1,111345.1,110808.3,110899.9,260700108.53910187
2025-10-29 19:44:59.783000+00:00,2025-10-29 19:30:00+00:00,continuous,110899.9,110912.6,110100.0,110335.3,332014587.6265048
2025-10-29 19:59:59.984000+00:00,2025-10-29 19:45:00+00:00,continuous,110335.3,110796.0,110335.3,110605.6,225662796.02979982
2025-10-29 20:14:59.905000+00:00,2025-10-29 20:00:00+00:00,continuous,110605.9,110806.9,110342.1,110533.6,224479126.02749845
2025-10-29 20:29:59.709000+00:00,2025-10-29 20:15:00+00:00,continuous,110533.6,111297.3,110451.6,111285.6,211167636.08640045
2025-10-29 20:44:59.708000+00:00,2025-10-29 20:30:00+00:00,continuous,111285.5,111300.0,111078.8,111201.5,113848776.65240002
2025-10-29 20:59:59.691000+00:00,2025-10-29 20:45:00+00:00,continuous,111201.5,111494.1,111154.3,111372.0,184637885.51249856
2025-10-29 21:14:59.942000+00:00,2025-10-29 21:00:00+00:00,continuous,111371.9,111489.6,111318.3,111326.9,131147825.72060014
2025-10-29 21:29:59.533000+00:00,2025-10-29 21:15:00+00:00,continuous,111326.9,111508.5,111324.3,111480.1,54301953.93660013
2025-10-29 21:44:59.925000+00:00,2025-10-29 21:30:00+00:00,continuous,111480.1,111744.0,111480.0,111555.0,70676541.64590034
2025-10-29 21:59:59.917000+00:00,2025-10-29 21:45:00+00:00,continuous,111555.0,111630.0,111405.5,111558.3,63748718.90770003
2025-10-29 22:14:59.307000+00:00,2025-10-29 22:00:00+00:00,continuous,111558.2,111562.8,111160.7,111381.5,106784486.0939992
2025-10-29 22:29:59.617000+00:00,2025-10-29 22:15:00+00:00,continuous,111381.5,111450.7,111113.8,111167.4,58973450.60020004
2025-10-29 22:44:59.904000+00:00,2025-10-29 22:30:00+00:00,continuous,111167.4,111201.7,111056.0,111071.4,66224785.33660011
2025-10-29 22:59:59.642000+00:00,2025-10-29 22:45:00+00:00,continuous,111071.4,111211.8,110900.2,110974.9,76107062.77809991
2025-10-29 23:14:59.983000+00:00,2025-10-29 23:00:00+00:00,continuous,110974.9,111023.3,110548.6,110550.1,150551611.33910027
2025-10-29 23:29:59.723000+00:00,2025-10-29 23:15:00+00:00,continuous,110550.1,110696.6,110380.3,110420.2,155749030.5771993
2025-10-29 23:44:59.946000+00:00,2025-10-29 23:30:00+00:00,continuous,110420.3,110420.3,109686.4,109961.6,338746293.0490016
2025-10-29 23:59:59.668000+00:00,2025-10-29 23:45:00+00:00,continuous,109961.6,110120.0,109867.7,109985.6,178107226.29069927
2025-10-30 00:14:59.928000+00:00,2025-10-30 00:00:00+00:00,continuous,109985.6,110120.2,109670.6,110104.6,205837676.76359954
2025-10-30 00:29:59.948000+00:00,2025-10-30 00:15:00+00:00,continuous,110104.5,110351.7,110055.9,110342.9,173948327.80259925
2025-10-30 00:44:59.708000+00:00,2025-10-30 00:30:00+00:00,continuous,110343.0,110475.7,110198.2,110385.1,124603017.68630008
2025-10-30 00:59:59.823000+00:00,2025-10-30 00:45:00+00:00,continuous,110385.1,110524.6,110312.5,110496.3,92832345.37270007
2025-10-30 01:14:58.730000+00:00,2025-10-30 01:00:00+00:00,continuous,110496.3,110574.6,110189.0,110446.1,139312590.6322001
2025-10-30 01:29:59.486000+00:00,2025-10-30 01:15:00+00:00,continuous,110446.1,110544.2,110234.3,110336.1,73026516.96530032
2025-10-30 01:44:59.732000+00:00,2025-10-30 01:30:00+00:00,continuous,110336.1,110567.1,110318.0,110567.1,68085612.90280007
2025-10-30 01:59:59.996000+00:00,2025-10-30 01:45:00+00:00,continuous,110567.1,110675.0,110341.0,110405.5,123824733.21160054
2025-10-30 02:14:59.999000+00:00,2025-10-30 02:00:00+00:00,continuous,110405.6,110543.4,110251.4,110543.4,122392375.3053003
2025-10-30 02:29:59.763000+00:00,2025-10-30 02:15:00+00:00,continuous,110543.3,110935.3,110543.3,110861.3,153929190.17520025
2025-10-30 02:44:59.682000+00:00,2025-10-30 02:30:00+00:00,continuous,110861.2,110949.1,110851.7,110919.6,95037433.08560053
2025-10-30 02:59:59.818000+00:00,2025-10-30 02:45:00+00:00,continuous,110919.5,110957.9,110764.6,110925.8,66389796.05510004
2025-10-30 03:14:59.824000+00:00,2025-10-30 03:00:00+00:00,continuous,110925.9,110940.7,110606.1,110721.6,162600498.95439985
2025-10-30 03:29:59.875000+00:00,2025-10-30 03:15:00+00:00,continuous,110721.7,110815.6,110670.7,110731.7,56240533.50510015
2025-10-30 03:44:58.777000+00:00,2025-10-30 03:30:00+00:00,continuous,110731.8,110869.4,110650.0,110673.2,96039912.8998992
2025-10-30 03:59:59.758000+00:00,2025-10-30 03:45:00+00:00,continuous,110673.2,110804.8,110460.7,110694.5,129499433.53669997
2025-10-30 04:14:59.972000+00:00,2025-10-30 04:00:00+00:00,continuous,110694.4,110694.5,109832.8,109954.3,370764573.70340145
2025-10-30 04:29:59.974000+00:00,2025-10-30 04:15:00+00:00,continuous,109954.2,110111.8,107817.3,108328.9,1198767029.3000984
2025-10-30 04:44:59.928000+00:00,2025-10-30 04:30:00+00:00,continuous,108329.0,109414.1,107846.7,108915.8,1050689512.4574027
2025-10-30 04:59:59.967000+00:00,2025-10-30 04:45:00+00:00,continuous,108915.7,109188.6,108462.6,108503.7,341415486.92699975
2025-10-30 05:14:59.887000+00:00,2025-10-30 05:00:00+00:00,continuous,108503.6,108974.6,108366.0,108956.1,306692152.2946014
2025-10-30 05:29:59.923000+00:00,2025-10-30 05:15:00+00:00,continuous,108956.0,109161.8,108735.2,109097.6,184160321.51859963
2025-10-30 05:44:59.960000+00:00,2025-10-30 05:30:00+00:00,continuous,109097.5,109885.4,109053.2,109868.8,339738493.8390016
2025-10-30 05:59:59.861000+00:00,2025-10-30 05:45:00+00:00,continuous,109868.9,110385.0,109787.9,110199.7,365280204.11879915
2025-10-30 06:14:59.853000+00:00,2025-10-30 06:00:00+00:00,continuous,110199.7,110250.0,110027.5,110136.3,162833794.5755007
2025-10-30 06:29:59.808000+00:00,2025-10-30 06:15:00+00:00,continuous,110136.3,110199.9,109917.2,110124.2,160931936.45719936
2025-10-30 06:44:59.958000+00:00,2025-10-30 06:30:00+00:00,continuous,110124.2,110881.3,110099.7,110844.9,264712498.52709928
2025-10-30 06:59:59.728000+00:00,2025-10-30 06:45:00+00:00,continuous,110845.0,110933.0,110708.3,110720.0,225481607.76040018
2025-10-30 07:14:59.885000+00:00,2025-10-30 07:00:00+00:00,continuous,110720.1,111282.6,110601.7,111171.0,303427913.5617991
2025-10-30 07:29:59.880000+00:00,2025-10-30 07:15:00+00:00,continuous,111171.0,111565.1,111150.0,111236.1,389544134.1809024
2025-10-30 07:44:59.834000+00:00,2025-10-30 07:30:00+00:00,continuous,111236.0,111340.2,111160.0,111340.2,150666047.62549943
2025-10-30 07:59:59.917000+00:00,2025-10-30 07:45:00+00:00,continuous,111340.2,111396.0,111215.7,111313.5,92474329.94489998
2025-10-30 08:14:59.776000+00:00,2025-10-30 08:00:00+00:00,continuous,111313.6,111400.0,110764.1,110790.8,483299215.7728024
2025-10-30 08:29:59.894000+00:00,2025-10-30 08:15:00+00:00,continuous,110790.8,110910.0,110594.6,110622.0,261831227.50509962
2025-10-30 08:44:59.672000+00:00,2025-10-30 08:30:00+00:00,continuous,110622.1,110855.3,110622.0,110804.6,112432372.80729936
2025-10-30 08:59:59.454000+00:00,2025-10-30 08:45:00+00:00,continuous,110804.6,110832.7,110625.1,110649.6,86952879.76860008
2025-10-30 09:14:59.798000+00:00,2025-10-30 09:00:00+00:00,continuous,110649.6,110749.8,110316.4,110362.8,189960450.05689806
2025-10-30 09:29:59.870000+00:00,2025-10-30 09:15:00+00:00,continuous,110362.7,110423.5,110058.5,110368.5,195299374.29939857
2025-10-30 09:44:59.930000+00:00,2025-10-30 09:30:00+00:00,continuous,110368.4,110482.5,110063.8,110144.3,101920930.03730044
2025-10-30 09:59:59.995000+00:00,2025-10-30 09:45:00+00:00,continuous,110144.3,110338.1,110110.0,110129.5,65360076.16220013
2025-10-30 10:14:59.847000+00:00,2025-10-30 10:00:00+00:00,continuous,110129.6,110193.4,109752.4,109815.1,236600854.863901
2025-10-30 10:29:59.686000+00:00,2025-10-30 10:15:00+00:00,continuous,109815.2,110123.2,109815.1,110019.8,139919812.25660017
2025-10-30 10:44:59.946000+00:00,2025-10-30 10:30:00+00:00,continuous,110019.8,110148.3,109856.1,109856.1,78205800.37559977
2025-10-30 10:59:59.894000+00:00,2025-10-30 10:45:00+00:00,continuous,109856.2,110151.5,109850.1,110055.2,76400181.3980001
2025-10-30 11:14:59.960000+00:00,2025-10-30 11:00:00+00:00,continuous,110055.2,110103.0,109881.2,109955.2,68194621.97229986
2025-10-30 11:29:59.896000+00:00,2025-10-30 11:15:00+00:00,continuous,109955.1,110018.7,109645.8,109878.6,135882476.29460007
2025-10-30 11:44:59.983000+00:00,2025-10-30 11:30:00+00:00,continuous,109878.6,110026.4,109801.7,109898.3,66627558.12159998
2025-10-30 11:59:59.865000+00:00,2025-10-30 11:45:00+00:00,continuous,109898.4,110034.2,109638.6,109666.0,104860521.89809985
2025-10-30 12:14:59.724000+00:00,2025-10-30 12:00:00+00:00,continuous,109665.9,109736.3,109300.0,109365.4,252309745.82309845
2025-10-30 12:29:59.936000+00:00,2025-10-30 12:15:00+00:00,continuous,109365.5,109461.8,108602.7,108720.6,517356723.2808965
2025-10-30 12:44:59.995000+00:00,2025-10-30 12:30:00+00:00,continuous,108720.7,109063.5,108438.0,108441.1,444291714.8354034
2025-10-30 12:59:59.960000+00:00,2025-10-30 12:45:00+00:00,continuous,108438.1,108622.6,108216.5,108337.8,359234015.91300386
2025-10-30 13:14:59.965000+00:00,2025-10-30 13:00:00+00:00,continuous,108337.9,108682.0,108261.0,108483.4,438235956.42199576
2025-10-30 13:29:59.949000+00:00,2025-10-30 13:15:00+00:00,continuous,108483.3,108510.5,108112.0,108421.6,314823826.93190074
2025-10-30 13:44:59.920000+00:00,2025-10-30 13:30:00+00:00,continuous,108421.6,108500.0,107350.0,107435.6,1111630128.1845083
2025-10-30 13:59:59.930000+00:00,2025-10-30 13:45:00+00:00,continuous,107435.6,108128.0,107372.5,107582.2,525873894.2284038
2025-10-30 14:14:59.939000+00:00,2025-10-30 14:00:00+00:00,continuous,107582.3,108228.6,107564.8,108043.2,353766603.6391997
2025-10-30 14:29:59.834000+00:00,2025-10-30 14:15:00+00:00,continuous,108043.1,108050.3,107715.2,107910.4,150006218.6624992
2025-10-30 14:44:59.955000+00:00,2025-10-30 14:30:00+00:00,continuous,107910.4,108300.0,107777.0,108263.9,223908905.45770016
2025-10-30 14:59:59.726000+00:00,2025-10-30 14:45:00+00:00,continuous,108263.8,108320.9,107850.1,108212.1,240976674.7033987
2025-10-30 15:14:59.957000+00:00,2025-10-30 15:00:00+00:00,continuous,108212.1,108292.2,107831.0,107913.7,188687189.6899984
2025-10-30 15:29:59.978000+00:00,2025-10-30 15:15:00+00:00,continuous,107913.7,107934.9,107698.1,107814.8,180247650.5721992
2025-10-30 15:44:59.880000+00:00,2025-10-30 15:30:00+00:00,continuous,107814.9,107830.0,107423.1,107633.7,248822387.8052993
2025-10-30 15:59:59.704000+00:00,2025-10-30 15:45:00+00:00,continuous,107633.6,107760.0,107254.1,107670.6,272912174.38809896
2025-10-30 16:14:59.858000+00:00,2025-10-30 16:00:00+00:00,continuous,107670.5,108146.5,107516.1,108039.8,256147011.2523998
2025-10-30 16:29:59.992000+00:00,2025-10-30 16:15:00+00:00,continuous,108039.7,108184.0,107854.5,108101.2,124993537.14280017
2025-10-30 16:44:59.834000+00:00,2025-10-30 16:30:00+00:00,continuous,108101.3,108150.0,107897.8,107975.4,123079090.75439867
2025-10-30 16:59:59.898000+00:00,2025-10-30 16:45:00+00:00,continuous,107975.4,108100.0,107894.7,108100.0,61814038.95169978
2025-10-30 17:14:59.829000+00:00,2025-10-30 17:00:00+00:00,continuous,108100.0,108113.5,107417.0,107461.2,210358924.64050096
2025-10-30 17:29:59.913000+00:00,2025-10-30 17:15:00+00:00,continuous,107461.1,107461.2,106745.3,107107.1,757680593.7391963
2025-10-30 17:44:59.915000+00:00,2025-10-30 17:30:00+00:00,continuous,107107.0,107216.7,106808.9,107144.4,338832122.27510154
2025-10-30 17:59:59.893000+00:00,2025-10-30 17:45:00+00:00,continuous,107144.3,107670.0,107144.2,107446.3,277420470.71850044
2025-10-30 18:14:59.623000+00:00,2025-10-30 18:00:00+00:00,continuous,107446.2,107469.0,107178.7,107267.8,145278517.47739983
2025-10-30 18:29:59.828000+00:00,2025-10-30 18:15:00+00:00,continuous,107267.7,107357.3,107150.7,107308.3,127158171.39119959
2025-10-30 18:44:59.875000+00:00,2025-10-30 18:30:00+00:00,continuous,107308.3,107521.5,106887.2,106943.7,184994203.86769992
2025-10-30 18:59:59.924000+00:00,2025-10-30 18:45:00+00:00,continuous,106943.7,107195.7,106736.8,106793.7,182947700.47729903
2025-10-30 19:14:59.343000+00:00,2025-10-30 19:00:00+00:00,continuous,106793.7,107122.1,106666.0,106854.2,248700582.66540086
2025-10-30 19:29:59.561000+00:00,2025-10-30 19:15:00+00:00,continuous,106854.2,107081.9,106605.7,106968.4,171972356.88070032
2025-10-30 19:44:59.633000+00:00,2025-10-30 19:30:00+00:00,continuous,106968.4,107117.3,106200.0,106699.9,444733537.9126979
2025-10-30 19:59:59.967000+00:00,2025-10-30 19:45:00+00:00,continuous,106700.0,107000.0,106284.7,106495.1,297783718.77119994
2025-10-30 20:14:59.762000+00:00,2025-10-30 20:00:00+00:00,continuous,106494.3,107049.0,106257.0,106823.7,334744367.3914984
2025-10-30 20:29:59.858000+00:00,2025-10-30 20:15:00+00:00,continuous,106823.7,107168.6,106800.3,107131.6,129611842.30139992
2025-10-30 20:44:59.672000+00:00,2025-10-30 20:30:00+00:00,continuous,107131.6,107415.3,106772.8,107236.0,289991113.81010234
2025-10-30 20:59:59.920000+00:00,2025-10-30 20:45:00+00:00,continuous,107236.0,107600.0,107172.5,107441.2,173297654.2607007
2025-10-30 21:14:59.716000+00:00,2025-10-30 21:00:00+00:00,continuous,107441.2,107616.0,107334.7,107484.0,89699299.43290067
2025-10-30 21:29:59.800000+00:00,2025-10-30 21:15:00+00:00,continuous,107484.0,107716.1,107333.7,107573.9,77886991.52430037
2025-10-30 21:44:59.358000+00:00,2025-10-30 21:30:00+00:00,continuous,107574.0,107820.0,107373.2,107591.8,147513971.96080023
2025-10-30 21:59:59.772000+00:00,2025-10-30 21:45:00+00:00,continuous,107591.8,107886.6,107529.9,107847.7,136633632.07450008
2025-10-30 22:14:58.903000+00:00,2025-10-30 22:00:00+00:00,continuous,107847.7,107865.6,107575.8,107606.7,105999538.67760053
2025-10-30 22:29:59.907000+00:00,2025-10-30 22:15:00+00:00,continuous,107606.7,107722.0,107524.3,107533.0,66580833.320400044
2025-10-30 22:44:59.656000+00:00,2025-10-30 22:30:00+00:00,continuous,107533.1,107634.8,107396.7,107603.6,83228513.97480035
2025-10-30 22:59:59.923000+00:00,2025-10-30 22:45:00+00:00,continuous,107603.5,107860.4,107515.3,107858.7,67022914.5735001
2025-10-30 23:14:59.601000+00:00,2025-10-30 23:00:00+00:00,continuous,107858.6,107880.0,107530.3,107594.4,73717256.49390016
2025-10-30 23:29:59.846000+00:00,2025-10-30 23:15:00+00:00,continuous,107594.4,107700.0,107538.1,107660.0,68049619.22099967
2025-10-30 23:44:59.783000+00:00,2025-10-30 23:30:00+00:00,continuous,107660.0,108296.3,107646.3,107888.5,419780775.68300116
2025-10-30 23:59:59.978000+00:00,2025-10-30 23:45:00+00:00,continuous,107888.5,108300.0,107868.2,108263.5,133055570.02470015
2025-10-31 00:14:59.963000+00:00,2025-10-31 00:00:00+00:00,continuous,108263.6,108620.0,108226.6,108618.2,230412069.73720035
2025-10-31 00:29:59.737000+00:00,2025-10-31 00:15:00+00:00,continuous,108618.3,108632.9,108362.8,108460.1,115615989.17970112
2025-10-31 00:44:59.878000+00:00,2025-10-31 00:30:00+00:00,continuous,108460.1,108660.7,108417.9,108660.6,64505260.39909994
2025-10-31 00:59:59.911000+00:00,2025-10-31 00:45:00+00:00,continuous,108660.7,109583.4,108660.6,109276.3,576301912.9226946
2025-10-31 01:14:59.873000+00:00,2025-10-31 01:00:00+00:00,continuous,109276.3,110014.4,109122.9,109727.7,578127948.2906008
2025-10-31 01:29:59.861000+00:00,2025-10-31 01:15:00+00:00,continuous,109727.6,109960.3,109650.0,109799.3,236170570.20789927
2025-10-31 01:44:59.899000+00:00,2025-10-31 01:30:00+00:00,continuous,109799.2,109801.8,109400.0,109503.8,220984150.98569882
2025-10-31 01:59:59.388000+00:00,2025-10-31 01:45:00+00:00,continuous,109503.7,109767.6,109466.0,109585.3,112220610.75519985
2025-10-31 02:14:59.803000+00:00,2025-10-31 02:00:00+00:00,continuous,109585.3,109644.1,108962.4,109025.0,267517347.1574999
2025-10-31 02:29:59.751000+00:00,2025-10-31 02:15:00+00:00,continuous,109025.0,109440.0,109025.0,109323.8,148386227.83170033
2025-10-31 02:44:59.839000+00:00,2025-10-31 02:30:00+00:00,continuous,109323.8,109370.0,108700.1,108752.4,162797842.8236989
2025-10-31 02:59:59.980000+00:00,2025-10-31 02:45:00+00:00,continuous,108752.4,108939.5,108511.7,108816.3,213208237.4800001
2025-10-31 03:14:59.970000+00:00,2025-10-31 03:00:00+00:00,continuous,108816.3,109200.0,108568.7,109000.8,182753713.34869906
2025-10-31 03:29:59.926000+00:00,2025-10-31 03:15:00+00:00,continuous,109000.8,109131.3,108916.2,109045.4,91621045.45480034
2025-10-31 03:44:59.856000+00:00,2025-10-31 03:30:00+00:00,continuous,109045.5,109287.0,108778.6,108838.1,133538550.2015003
2025-10-31 03:59:59.574000+00:00,2025-10-31 03:45:00+00:00,continuous,108838.1,109286.0,108838.0,109186.2,196800022.34140122
2025-10-31 04:14:59.991000+00:00,2025-10-31 04:00:00+00:00,continuous,109186.3,109490.7,109062.7,109345.2,163879072.17020035
2025-10-31 04:29:59.959000+00:00,2025-10-31 04:15:00+00:00,continuous,109345.2,109860.0,109189.9,109760.0,381522124.4729965
2025-10-31 04:44:59.810000+00:00,2025-10-31 04:30:00+00:00,continuous,109759.9,110200.0,109631.1,110050.1,388217310.9775984
2025-10-31 04:59:59.981000+00:00,2025-10-31 04:45:00+00:00,continuous,110050.0,110165.0,109881.2,110052.5,210451402.96989858
2025-10-31 05:14:59.896000+00:00,2025-10-31 05:00:00+00:00,continuous,110052.4,110052.4,109742.6,109771.9,159529408.0221993
2025-10-31 05:29:59.852000+00:00,2025-10-31 05:15:00+00:00,continuous,109772.0,109920.1,109645.3,109850.1,115009589.06539974
2025-10-31 05:44:59.816000+00:00,2025-10-31 05:30:00+00:00,continuous,109850.0,109988.0,109794.5,109852.0,109463057.30330051
2025-10-31 05:59:59.823000+00:00,2025-10-31 05:45:00+00:00,continuous,109852.1,109962.0,109795.9,109856.6,102685506.2885999
2025-10-31 06:14:59.382000+00:00,2025-10-31 06:00:00+00:00,continuous,109856.6,109930.4,109555.0,109658.9,159393919.07630002
2025-10-31 06:29:58.150000+00:00,2025-10-31 06:15:00+00:00,continuous,109658.9,109718.0,109517.5,109654.7,91581021.76849954
2025-10-31 06:44:59.879000+00:00,2025-10-31 06:30:00+00:00,continuous,109654.7,109678.5,109470.9,109474.7,75761393.24519987
2025-10-31 06:59:59.636000+00:00,2025-10-31 06:45:00+00:00,continuous,109474.8,109610.4,109474.7,109604.2,74989000.86890009
2025-10-31 07:14:59.966000+00:00,2025-10-31 07:00:00+00:00,continuous,109604.2,109714.0,109377.0,109706.5,138089653.609
2025-10-31 07:29:59.257000+00:00,2025-10-31 07:15:00+00:00,continuous,109706.6,109785.6,109560.7,109630.7,105059061.0444999
2025-10-31 07:44:59.885000+00:00,2025-10-31 07:30:00+00:00,continuous,109630.7,109708.3,109446.2,109461.7,142202163.3095005
2025-10-31 07:59:59.835000+00:00,2025-10-31 07:45:00+00:00,continuous,109461.8,109519.3,109209.3,109400.1,206863617.52090055
2025-10-31 08:14:59.834000+00:00,2025-10-31 08:00:00+00:00,continuous,109400.0,109697.8,109159.0,109173.0,172585376.80230176
2025-10-31 08:29:59.995000+00:00,2025-10-31 08:15:00+00:00,continuous,109173.1,109838.7,109173.0,109784.8,135184200.76460046
2025-10-31 08:44:59.640000+00:00,2025-10-31 08:30:00+00:00,continuous,109784.8,109848.9,109624.2,109758.8,95668764.14359955
2025-10-31 08:59:59.978000+00:00,2025-10-31 08:45:00+00:00,continuous,109758.9,110064.1,109717.2,110013.0,172278213.9613998
2025-10-31 09:14:59.952000+00:00,2025-10-31 09:00:00+00:00,continuous,110013.0,110318.0,109957.6,110104.5,275559779.9984987
2025-10-31 09:29:59.880000+00:00,2025-10-31 09:15:00+00:00,continuous,110104.6,110410.0,109933.8,109953.2,145045633.13240027
2025-10-31 09:44:59.950000+00:00,2025-10-31 09:30:00+00:00,continuous,109953.3,110037.4,109851.0,109920.0,87750440.49130023
2025-10-31 09:59:59.956000+00:00,2025-10-31 09:45:00+00:00,continuous,109919.9,110022.7,109761.0,109813.3,90030141.71630041
2025-10-31 10:14:59.366000+00:00,2025-10-31 10:00:00+00:00,continuous,109813.3,109917.1,109705.6,109730.7,73212868.79829988
2025-10-31 10:29:59.149000+00:00,2025-10-31 10:15:00+00:00,continuous,109730.7,109895.8,109722.0,109807.4,49860674.69049983
2025-10-31 10:44:59.966000+00:00,2025-10-31 10:30:00+00:00,continuous,109807.4,110083.9,109665.4,110038.5,107456172.9743998
2025-10-31 10:59:59.727000+00:00,2025-10-31 10:45:00+00:00,continuous,110038.5,110038.6,109757.1,109780.1,62102138.96670036
2025-10-31 11:14:59.758000+00:00,2025-10-31 11:00:00+00:00,continuous,109780.2,109830.6,109520.0,109520.1,104771455.38069947
2025-10-31 11:29:59.888000+00:00,2025-10-31 11:15:00+00:00,continuous,109520.0,109636.9,109430.0,109468.5,127231517.28659989
2025-10-31 11:44:59.911000+00:00,2025-10-31 11:30:00+00:00,continuous,109468.6,109616.6,109408.6,109556.3,60892689.485399984
2025-10-31 11:59:59.953000+00:00,2025-10-31 11:45:00+00:00,continuous,109556.2,110500.0,109556.2,110375.7,343130302.44430244
2025-10-31 12:14:59.894000+00:00,2025-10-31 12:00:00+00:00,continuous,110375.6,110666.0,110083.9,110115.2,272205484.57649875
2025-10-31 12:29:59.986000+00:00,2025-10-31 12:15:00+00:00,continuous,110115.2,110467.0,110100.0,110122.9,142321710.9578006
2025-10-31 12:44:59.811000+00:00,2025-10-31 12:30:00+00:00,continuous,110122.9,110290.5,109600.0,109719.5,229501758.09279782
2025-10-31 12:59:59.650000+00:00,2025-10-31 12:45:00+00:00,continuous,109719.5,109803.9,109566.7,109610.7,120104373.65540011
2025-10-31 13:14:59.944000+00:00,2025-10-31 13:00:00+00:00,continuous,109610.7,110023.6,109599.5,109985.8,108990457.21849981
2025-10-31 13:29:59.780000+00:00,2025-10-31 13:15:00+00:00,continuous,109985.8,110200.0,109836.3,109879.9,130368205.16000001
2025-10-31 13:44:59.718000+00:00,2025-10-31 13:30:00+00:00,continuous,109879.9,109879.9,109308.1,109580.3,569529846.8856982
2025-10-31 13:59:59.654000+00:00,2025-10-31 13:45:00+00:00,continuous,109580.3,110199.6,109554.8,110120.9,223607976.75180092
2025-10-31 14:14:59.819000+00:00,2025-10-31 14:00:00+00:00,continuous,110120.8,110597.3,109893.6,109933.4,377317571.69889903
2025-10-31 14:29:59.637000+00:00,2025-10-31 14:15:00+00:00,continuous,109933.5,110055.1,109650.0,109770.2,232848509.3611984
2025-10-31 14:44:59.947000+00:00,2025-10-31 14:30:00+00:00,continuous,109770.1,110077.1,109541.0,110000.0,489521997.25510156
2025-10-31 14:59:59.941000+00:00,2025-10-31 14:45:00+00:00,continuous,110000.0,111100.0,109945.0,110750.5,908845163.845797
2025-10-31 15:14:59.805000+00:00,2025-10-31 15:00:00+00:00,continuous,110750.4,111233.0,110356.3,110741.6,553454723.380196
2025-10-31 15:29:59.826000+00:00,2025-10-31 15:15:00+00:00,continuous,110741.7,110829.9,110337.0,110436.9,187769504.3773007
2025-10-31 15:44:59.958000+00:00,2025-10-31 15:30:00+00:00,continuous,110437.0,110582.8,110190.0,110443.9,208611216.20720038
2025-10-31 15:59:59.904000+00:00,2025-10-31 15:45:00+00:00,continuous,110444.0,110589.0,110081.9,110160.1,149442026.75550073
2025-10-31 16:14:59.863000+00:00,2025-10-31 16:00:00+00:00,continuous,110160.1,110273.2,109944.4,110070.0,182053836.47159988
2025-10-31 16:29:59.875000+00:00,2025-10-31 16:15:00+00:00,continuous,110069.9,110125.0,109750.3,110068.8,174190264.33150002
2025-10-31 16:44:59.791000+00:00,2025-10-31 16:30:00+00:00,continuous,110068.9,110113.1,109570.0,109675.6,118859749.4352005
2025-10-31 16:59:59.918000+00:00,2025-10-31 16:45:00+00:00,continuous,109675.6,109675.6,108627.2,108812.9,488327304.70829576
2025-10-31 17:14:59.773000+00:00,2025-10-31 17:00:00+00:00,continuous,108812.8,109218.7,108600.0,108900.0,273141763.7999996
2025-10-31 17:29:59.957000+00:00,2025-10-31 17:15:00+00:00,continuous,108900.0,109196.5,108600.0,109007.1,170096010.5647001
2025-10-31 17:44:59.910000+00:00,2025-10-31 17:30:00+00:00,continuous,109007.0,109298.8,108976.4,109244.6,139740134.47720066
2025-10-31 17:59:59.768000+00:00,2025-10-31 17:45:00+00:00,continuous,109244.6,109387.2,109210.5,109269.5,100067727.6397003
2025-10-31 18:14:59.714000+00:00,2025-10-31 18:00:00+00:00,continuous,109269.5,109515.7,109260.0,109386.1,89388089.37009972
2025-10-31 18:29:59.710000+00:00,2025-10-31 18:15:00+00:00,continuous,109386.1,109406.7,109164.8,109201.2,74088460.61149997
2025-10-31 18:44:59.966000+00:00,2025-10-31 18:30:00+00:00,continuous,109201.3,109837.4,108919.5,109725.1,327869536.552601
2025-10-31 18:59:59.896000+00:00,2025-10-31 18:45:00+00:00,continuous,109725.0,109725.1,109275.4,109415.8,96877245.32909998
2025-10-31 19:14:59.774000+00:00,2025-10-31 19:00:00+00:00,continuous,109415.7,109415.7,109076.5,109324.2,74369459.97940049
2025-10-31 19:29:59.883000+00:00,2025-10-31 19:15:00+00:00,continuous,109324.1,109941.2,109318.0,109750.0,154453065.1728002
2025-10-31 19:44:59.964000+00:00,2025-10-31 19:30:00+00:00,continuous,109750.0,110170.4,109750.0,109910.3,130604514.54369988
2025-10-31 19:59:59.400000+00:00,2025-10-31 19:45:00+00:00,continuous,109910.2,110231.0,109754.5,109802.8,176925793.50649834
2025-10-31 20:14:59.897000+00:00,2025-10-31 20:00:00+00:00,continuous,109802.7,109802.7,109515.5,109759.1,120581119.33020051
2025-10-31 20:29:59.676000+00:00,2025-10-31 20:15:00+00:00,continuous,109759.0,109800.4,109606.9,109660.9,50789374.03390013
2025-10-31 20:44:59.854000+00:00,2025-10-31 20:30:00+00:00,continuous,109660.9,109676.5,109460.3,109500.0,45515429.52699995
2025-10-31 20:59:59.989000+00:00,2025-10-31 20:45:00+00:00,continuous,109500.1,109776.8,109405.2,109455.4,90914938.05290096
2025-10-31 21:14:59.840000+00:00,2025-10-31 21:00:00+00:00,continuous,109455.4,109563.4,109277.7,109307.8,60853923.68929979
2025-10-31 21:29:59.531000+00:00,2025-10-31 21:15:00+00:00,continuous,109307.8,109656.7,109307.8,109510.0,41637378.97419985
2025-10-31 21:44:59.633000+00:00,2025-10-31 21:30:00+00:00,continuous,109509.9,109718.7,109410.1,109523.7,68247744.2265
2025-10-31 21:59:59.121000+00:00,2025-10-31 21:45:00+00:00,continuous,109523.7,109650.1,109505.9,109530.1,28072795.35700018
2025-10-31 22:14:59.357000+00:00,2025-10-31 22:00:00+00:00,continuous,109530.2,109719.3,109436.1,109669.4,53513775.34949951
2025-10-31 22:29:59.801000+00:00,2025-10-31 22:15:00+00:00,continuous,109669.4,109770.3,109546.8,109614.7,43077053.82450013
2025-10-31 22:44:59.933000+00:00,2025-10-31 22:30:00+00:00,continuous,109614.6,109695.0,109587.8,109590.0,30673990.059599977
2025-10-31 22:59:59.919000+00:00,2025-10-31 22:45:00+00:00,continuous,109590.0,109597.1,109516.9,109543.0,28531520.35219998
2025-10-31 23:14:59.894000+00:00,2025-10-31 23:00:00+00:00,continuous,109543.0,109575.6,109500.2,109500.2,26110957.633000065
2025-10-31 23:29:59.274000+00:00,2025-10-31 23:15:00+00:00,continuous,109500.2,109587.9,109500.2,109578.7,14003133.07519996
2025-10-31 23:44:59.088000+00:00,2025-10-31 23:30:00+00:00,continuous,109578.6,109622.9,109475.6,109620.1,31425238.63830004
